AUPE,0,0,0,0,0,0
WAC,0,0,0,0,0,0
G07,0,0,0,0,0,0
740,0,0,0,0,0,0
15,0,0,0,0,0,0
nm,0,0,0,0,0,0
Angular Dependence,0,0,0,0,0,0
Wavelengths,0,8,16,24,32,40
360.1499939,0.00461,0.01894,0.010140001,0.00273,-0.01925,-0.02279
360.519989,-0.00715,0.00945,-0.00592,-0.01049,-0.036660001,-0.030510001
360.8999939,-0.00582,-0.00464,-0.01956,-0.01206,-0.041329999,-0.022950001
361.269989,0.00634,-0.01134,-0.02273,-0.01396,-0.026380001,-0.01646
361.6499939,-0.00174,-0.016319999,-0.022669999,-0.01644,-0.025409998,-0.016139999
362.019989,-0.00838,-0.01856,-0.027609998,-0.011059999,-0.030620001,-0.01709
362.3999939,-0.022299999,-0.02389,-0.028139999,-0.026550001,-0.032279998,-0.02799
362.769989,-0.01684,-0.027660001,-0.030739998,-0.021570001,-0.038729999,-0.026589999
363.1499939,-0.00508,-0.01041,-0.01209,-0.00032,-0.01914,-0.01406
363.519989,0.00345,-0.01407,-0.010679999,-0.00887,-0.02685,-0.015240001
363.8999939,-0.00057,-0.01337,-0.00683,-0.01008,-0.032120001,-0.01397
364.269989,0.00651,-0.00746,-0.00321,-0.00164,-0.02063,-0.00108
364.6400146,0.00258,-0.00686,-0.01877,-0.01609,-0.03156,-0.0086
365.019989,0.01398,-0.00142,-0.018239999,0.00132,-0.029449999,-0.00694
365.3900146,0.015219999,0.00438,-0.01265,-0.0004,-0.020780001,0.00442
365.769989,0.00739,-0.00739,-0.020819999,-0.00663,-0.024900001,-0.00027
366.1400146,-0.00055,-0.01082,-0.01939,0.00372,-0.0137,-0.00155
366.519989,0.01302,-0.00686,-0.01467,0.00825,-0.01726,0.00101
366.8900146,0.007850001,-0.00887,-0.025629999,-0.00044,-0.02675,-0.00753
367.2600098,0.00283,-0.01465,-0.02565,0.0055,-0.02079,-0.0058
367.6400146,-0.00222,-0.0188,-0.01401,0.009459999,-0.01605,0.00071
368.0100098,-0.00354,-0.0165,-0.01001,0.00563,-0.0174,-0.00856
368.3900146,0.00048,-0.020739999,-0.008169999,-0.00262,-0.016419999,-0.01556
368.7600098,0.00673,-0.01195,-0.00078,-0.00494,-0.014830001,-0.01918
369.1300049,-0.00641,-0.01432,-0.00196,-0.00755,-0.01413,-0.023829998
369.5100098,-0.00079,-0.011369999,0.00887,-5.00E-05,-0.00551,-0.019239999
369.8800049,0.00945,-0.00652,0.021710001,0.00184,0.00478,-0.010980001
370.25,0.013780001,-0.00048,0.01588,0.00387,0.00326,-0.011080001
370.6300049,0.019239999,-0.00421,0.014359999,0.00418,0.00732,-0.00532
371,0.018580001,0.0014,0.017209999,0.00925,0.011030001,-0.00094
371.3800049,0.0061,-0.00716,-0.00013,0.00701,0.00206,-0.00326
371.75,0.01567,-0.00117,0.00484,0.011360001,0.00637,0.00448
372.1199951,0.010679999,0.00259,0.00107,0.00438,0.00461,0.00264
372.5,-0.00229,-0.0007,-0.00874,-0.00114,-0.00639,-0.00469
372.8699951,-0.005,-0.00258,-0.01392,-0.00852,-0.00834,-0.00791
373.2399902,-0.00936,0.00319,-0.01681,-0.00761,-0.00565,-0.00652
373.6199951,-0.00856,0.00352,-0.02486,-0.01012,-0.00733,-0.00453
373.9899902,-0.00435,0.0096,-0.01545,-0.01275,-0.00201,0.00062
374.3599854,-0.01588,-0.00148,-0.022160001,-0.018760001,-0.00774,-0.010679999
374.7399902,-0.021329999,-0.0072,-0.02789,-0.019170001,-0.01039,-0.016319999
375.1099854,-0.01196,-0.00975,-0.02341,-0.01753,-0.00735,-0.01592
375.480011,-0.013049999,-0.01363,-0.023729999,-0.019230001,-0.01022,-0.016380001
375.8599854,-0.01529,-0.02025,-0.02468,-0.02483,-0.01688,-0.017719999
376.230011,-0.01388,-0.02252,-0.016790001,-0.01963,-0.01317,-0.01626
376.6000061,-0.016659999,-0.024700001,-0.019440001,-0.01884,-0.01584,-0.01565
376.980011,-0.01149,-0.020099999,-0.018270001,-0.014199999,-0.01113,-0.01058
377.3500061,-0.00462,-0.01454,-0.01657,-0.01372,-0.00999,-0.00548
377.7200012,-0.00212,-0.00877,-0.01342,-0.01086,-0.00762,-0.00031
378.1000061,-0.0024,-0.00953,-0.01156,-0.0075,-0.00464,0.00515
378.4700012,-0.00038,-0.00564,-0.01113,-0.00098,-0.00225,0.00143
378.8399963,-0.00075,5.00E-05,-0.01153,0.00102,-0.00364,0.00148
379.2200012,0.00207,-0.0026,-0.013250001,0.00146,-0.00304,-0.00175
379.5899963,0.00253,-0.00459,-0.01272,-0.00104,-0.00653,-0.00212
379.9599915,0.00228,-0.0058,-0.00568,0.00301,-0.00497,-0.00195
380.3299866,-0.00116,-0.0032,-0.00618,0.00538,-0.00683,-0.00237
380.7099915,0.00465,0.00234,-0.00411,0.00527,-0.00339,-0.00209
381.0799866,0.00426,-0.00125,-0.00354,0.00409,-0.00586,-0.00112
381.4500122,0.00183,-0.00615,-0.0072,0.0002,-0.0089,-0.00537
381.8299866,0.00356,-0.00147,-0.00355,0.00398,-0.00557,-0.00406
382.2000122,0.00462,0.00404,0.001,0.0076,0.0041,-0.00164
382.5700073,0.00614,0.00408,0.00115,0.00624,0.00469,0.00094
382.9400024,0.00613,0.00036,0.00225,0.00071,0.00582,0.00109
383.3200073,0.00016,-0.00631,0.00056,-0.00328,0.0027,-0.00189
383.6900024,-0.00158,-0.00529,0.00225,-0.00285,0.00362,-0.0026
384.0599976,-0.00063,-0.00474,0.00401,-0.00167,0.00279,-5.00E-05
384.4299927,0.00052,-0.00399,0.00357,-0.00305,-0.00018,0.00113
384.8099976,-0.00016,-0.00675,0.00053,-0.004,-0.00627,-0.00359
385.1799927,0.00011,-0.0065,-0.00205,-0.00313,-0.00514,-0.00458
385.5499878,-0.00032,-0.00736,-0.00566,-0.00154,-0.00459,-0.00887
385.9200134,-0.00047,-0.00689,-0.00722,0.00249,-0.00366,-0.00679
386.2999878,-0.00155,-0.00702,-0.00838,-0.00014,-0.00415,-0.00601
386.6700134,-0.00262,-0.00569,-0.00882,-0.00397,-0.00404,-0.00751
387.0400085,-0.00166,-0.00453,-0.0058,-0.00208,0.00174,-0.00392
387.4100037,-0.00364,-0.00609,-0.00843,-0.00502,-0.00061,-0.00441
387.7799988,-0.00642,-0.00677,-0.00879,-0.00542,-0.0055,-0.00657
388.1600037,-0.00649,-0.00713,-0.00655,-0.00481,-0.00662,-0.00553
388.5299988,-0.0055,-0.00404,-0.00317,-0.00523,-0.00769,-0.00798
388.8999939,0.00098,-0.00229,-0.00081,-0.00054,-0.00413,-0.00577
389.269989,0.00228,-0.00284,-0.00387,0.00159,-0.00494,-0.00376
389.6499939,-6.00E-05,-0.00423,-0.00441,0.00141,-0.007879999,-0.00676
390.019989,0.00339,-0.00254,-0.00096,0.00381,-0.00499,-0.00045
390.3900146,0.00475,-0.00173,-0.00137,0.00291,-0.00386,0.00307
390.7600098,0.0051,0.00071,-0.0022,0.00371,-0.0021,0.00293
391.1300049,0.00667,0.00119,-0.00142,0.00408,0.00082,0.0039
391.5,0.00244,0.00137,-0.00407,0.00016,-0.00126,0.00202
391.8800049,0.00221,-0.00054,-0.00131,-0.00013,-0.00124,0.00066
392.25,0.00119,-0.00252,-0.00231,-0.00019,-0.00313,-6.00E-05
392.6199951,0.00064,-0.00222,-0.00397,-0.00238,-0.00508,-0.00294
392.9899902,-0.00139,-0.00391,-0.0053,-0.00256,-0.00598,-0.00396
393.3599854,-0.00379,-0.00783,-0.0061,-0.00409,-0.00746,-0.00461
393.730011,-0.00081,-0.00523,-0.00411,-0.0012,-0.00574,-0.00298
394.1099854,0.00024,-0.00745,-0.0054,-0.00067,-0.00663,-0.00463
394.480011,0.00151,-0.00321,-0.00297,0.00109,-0.00491,-0.00305
394.8500061,0.00105,-0.00136,-0.00438,-0.0015,-0.00388,-0.00299
395.2200012,0.00214,0.00022,-0.00401,0.00039,-0.0029,-0.00086
395.5899963,0.00275,-0.00069,-0.0024,-6.00E-05,-0.00125,-0.00437
395.9599915,0.00302,0.00038,-0.00392,-0.00083,-0.00261,-0.00435
396.3299866,-0.00157,-0.00302,-0.00781,-0.00469,-0.00603,-0.00629
396.7099915,-0.00244,-0.00306,-0.00624,-0.00383,-0.00492,-0.00368
397.0799866,-0.00289,-0.00152,-0.00717,-0.00365,-0.00325,-0.00298
397.4500122,-0.00143,0.00053,-0.00373,1.00E-04,-0.00117,-0.00139
397.8200073,-0.0023,0.00025,-0.00234,-0.00177,-0.00128,-0.00218
398.1900024,-0.00158,0.00172,-0.00375,-0.00192,-0.00075,-0.00049
398.5599976,-0.00049,0.00391,-0.00143,0.00022,0.00199,0.00096
398.9299927,0.00166,0.00442,-0.00081,0.00195,0.00318,0.00249
399.2999878,0.00226,0.00549,-0.0015,0.00118,0.00138,-0.00087
399.6799927,0.00106,0.00102,-0.00148,0.00103,-0.00098,-0.0026
400.0499878,0.00147,-0.00122,-0.0029,-0.0019,-0.00165,-0.00331
400.4200134,0.00024,-0.00281,-0.00428,-7.00E-05,-0.00151,-0.00376
400.7900085,0.0006,-0.00247,-0.00235,0.00186,-0.00134,-0.00222
401.1600037,0.00121,-0.0036,-0.00089,0.00052,-0.00267,-0.00112
401.5299988,0.00127,-0.00407,0.00021,-0.00064,-0.00213,-0.00201
401.8999939,9.00E-05,-0.00499,0.00046,-0.0004,-0.00166,0.0002
402.269989,8.00E-05,-0.00485,-0.00124,-0.00093,-0.00062,-1.00E-05
402.6400146,-0.00042,-0.0049,-0.00262,-0.00116,-0.00172,-0.00133
403.0100098,0,-0.00281,-0.00138,-0.00024,-0.00069,-0.00048
403.3800049,-0.00028,-0.00239,-0.00106,-0.00156,-0.00015,-0.00222
403.75,-0.00101,-0.00359,-0.00278,-0.00217,-0.00099,-0.00432
404.1199951,-0.00226,-0.00391,-0.00389,-0.00322,-0.00352,-0.00509
404.5,-0.00099,-0.00108,-0.00234,-0.00164,-0.00235,-0.00404
404.8699951,0.00092,0.0017,0.00019,-0.00085,-0.00218,-0.00245
405.2399902,0.00211,0.00326,0.00184,0.00064,-2.00E-05,0.00044
405.6099854,0.00113,0.00156,0.00037,-0.00087,-0.0019,-0.00049
405.980011,0.00039,0.0007,-0.00047,0.00021,-0.00378,0.00024
406.3500061,0.00063,0.00152,0.00051,0.00109,-0.00255,0.00036
406.7200012,0.00195,0.00121,0.00177,0.00287,-0.00072,0.00258
407.0899963,0.00113,-0.00065,0.00092,0.00059,-0.0017,0.00203
407.4599915,0.00043,-0.00155,-0.00064,-0.0003,-0.00225,0.00072
407.8299866,-9.00E-05,-0.00224,-0.00128,-0.00137,-0.00412,-0.00138
408.2000122,0.00066,-0.00191,-0.00043,-0.00048,-0.00249,-0.0009
408.5700073,0.00086,-0.00124,2.00E-05,-0.0002,-0.00084,-3.00E-05
408.9400024,-0.00035,-0.00159,-0.00089,-0.0012,-0.00188,0.00105
409.3099976,-0.00143,-0.00086,-0.00107,-0.00283,-0.00219,-0.00069
409.6799927,0.00011,-0.00047,-0.00037,-0.00203,-0.00177,-0.00033
410.0499878,-0.00126,-0.00151,-0.00108,-0.00208,-0.00201,-0.00024
410.4200134,-0.00225,-0.00239,-0.00103,-0.0017,-0.00174,-1.00E-04
410.7900085,-0.00148,-0.00195,-0.00112,-0.00165,-0.00266,-0.0005
411.1600037,-0.00161,-0.00239,-0.00132,-0.00181,-0.0037,-0.00107
411.5299988,-0.00167,-0.00283,-0.00209,-0.00125,-0.00295,-0.0021
411.8999939,-0.00019,-0.00301,-0.00217,0.00028,-0.00254,-0.00159
412.269989,-0.00179,-0.0032,-0.00296,0.00084,-0.00236,-0.00253
412.6400146,-0.00157,-0.00345,-0.00299,0.00021,-0.00224,-0.00284
413.0100098,-0.00153,-0.00371,-0.00391,-0.00022,-0.00227,-0.00244
413.3800049,-0.00283,-0.00473,-0.00441,-0.00123,-0.00242,-0.00286
413.75,-0.00272,-0.00509,-0.00468,-0.0019,-0.0014,-0.00312
414.1199951,-0.00089,-0.00373,-0.00315,-0.00214,-0.0011,-0.00279
414.4899902,-0.00158,-0.00291,-0.00275,-0.0017,-0.00042,-0.00234
414.8599854,-0.00088,-0.00297,-0.00219,-0.00256,0.00047,-0.00219
415.230011,-0.00086,-0.0022,-0.00185,-0.0024,0.00054,-0.00227
415.6000061,3.00E-05,-0.00161,-0.00027,-0.0018,0.00105,-0.00282
415.9599915,0.00047,-0.00086,0.00097,-0.00143,0.0009,-0.00271
416.3299866,-0.00051,-0.00095,0.00045,-0.00174,-0.00052,-0.00329
416.7000122,-0.00106,-0.00116,0.00057,-0.00055,-0.00045,-0.00289
417.0700073,-0.00125,-0.00128,-0.00034,-0.00171,-0.00249,-0.0029
417.4400024,-0.00202,-0.00172,-0.00076,-0.00149,-0.00414,-0.00344
417.8099976,-0.00127,-0.00167,7.00E-05,-0.00077,-0.00334,-0.00253
418.1799927,-0.00091,-0.001,-9.00E-05,-2.00E-05,-0.00282,-0.00143
418.5499878,-0.00088,-0.00133,-0.00132,-6.00E-05,-0.00247,-0.00179
418.9200134,0.00041,-0.00057,-0.00041,1.00E-05,-0.0017,-0.00039
419.2900085,0.00081,-0.00091,-0.00045,-6.00E-05,-0.00184,5.00E-05
419.6600037,0.00061,-0.00139,-0.00016,-3.00E-05,-0.00101,0.00027
420.0299988,0.0009,-0.0004,8.00E-05,-8.00E-05,-0.00016,0.00117
420.3900146,0.00072,-0.00066,0.00014,-0.00025,-0.00049,0.00104
420.7600098,0.00022,-0.00089,-8.00E-05,-0.00138,-0.00169,0.00042
421.1300049,0.00036,-0.00113,0.00062,-0.00169,-0.00192,0.00055
421.5,0.00014,-0.00151,0.00056,-0.00093,-0.00223,0.00028
421.8699951,-2.00E-05,-0.00127,0.00036,-0.00123,-0.00176,-0.00024
422.2399902,-8.00E-05,-0.00175,0.00011,-0.00112,-0.00194,-0.00048
422.6099854,0.00053,-0.00251,1.00E-05,-0.0012,-0.00217,-0.00111
422.980011,0.00021,-0.00288,-0.00083,-0.00077,-0.0021,-0.00131
423.3500061,-0.00021,-0.00266,-0.00102,-0.00036,-0.00172,-0.00103
423.7099915,-0.00095,-0.00271,-0.00194,-0.00076,-0.00225,-0.00091
424.0799866,-0.00089,-0.00245,-0.00176,-0.00101,-0.00204,-0.00127
424.4500122,-0.00085,-0.00217,-0.00127,-0.00071,-0.00282,-0.0014
424.8200073,-0.00078,-0.00166,-0.00076,1.00E-04,-0.00236,-0.00137
425.1900024,-0.00127,-0.00123,-0.00052,0.00047,-0.00203,-0.00064
425.5599976,-0.0002,-0.00031,0.00019,0.00046,-0.00181,-0.00034
425.9299927,-0.00012,-0.00076,0.00017,0.00023,-0.00223,-0.00081
426.2900085,0.00113,0.00011,0.00071,0.00135,-0.0009,-0.00032
426.6600037,0.00112,0.00043,0.00045,0.00155,-7.00E-05,0.0003
427.0299988,0.00035,-0.00033,-0.00039,0.00079,0.00027,2.00E-05
427.3999939,0.00063,-0.00041,-8.00E-05,0.00093,0.0008,0.00014
427.769989,0.00092,-0.00049,-0.00067,0.00054,0.00083,-0.00018
428.1400146,0.00055,-0.00028,-0.00058,0.00025,0.0007,0.0004
428.5,0.00108,-1.00E-05,-0.00031,0.00092,0.00174,0.00074
428.8699951,0.00051,-6.00E-05,3.00E-05,0.00068,0.00149,0.00056
429.2399902,0.0005,-1.00E-04,0.00013,0.00044,0.00104,0.00053
429.6099854,0.00073,0.00042,0.00035,0.00057,0.00092,0.00109
429.980011,0.00066,0.00077,-7.00E-05,6.00E-05,0.00062,0.00071
430.3399963,0.00019,0.00048,0.00026,0.00032,0.00068,0.00047
430.7099915,-0.00043,-8.00E-05,-0.00012,-0.00021,0.00046,-0.0007
431.0799866,-0.00072,-0.00023,-5.00E-05,-0.00123,-0.0006,-0.00084
431.4500122,-0.00096,-0.00099,-0.00068,-0.00171,-0.00137,-0.00147
431.8200073,-0.00099,-0.00134,-0.00043,-0.00129,-0.00156,-0.00163
432.1799927,-0.0012,-0.00168,-0.00078,-0.00169,-0.00171,-0.00181
432.5499878,-0.00157,-0.00199,-0.00093,-0.00223,-0.00191,-0.00205
432.9200134,-0.00137,-0.00154,-0.00107,-0.00261,-0.00218,-0.00212
433.2900085,-0.00106,-0.00108,-0.0008,-0.00153,-0.00194,-0.00146
433.6499939,-0.00152,-0.00146,-0.00151,-0.00131,-0.00193,-0.00187
434.019989,-0.00112,-0.0008,-0.00108,-0.00094,-0.00132,-0.00098
434.3900146,-0.00104,-0.00042,-0.00087,-0.00072,-0.00095,-0.00091
434.7600098,-0.00093,-0.00016,-0.00057,-0.00023,-0.00104,-0.00097
435.1199951,-0.00043,-0.00011,-0.00015,0.00021,-0.00087,-0.00068
435.4899902,-0.00021,-0.00031,4.00E-05,0.00043,-0.00059,-0.00031
435.8599854,-0.00039,-0.00054,-0.0002,-7.00E-05,-0.00049,-0.00075
436.230011,1.00E-04,-0.00014,0.00014,0.00025,-0.00019,-0.00055
436.5899963,1.00E-05,-0.00039,0.00014,0.00057,-0.00032,-0.00074
436.9599915,-0.00011,-0.00082,-0.00034,0.00024,-0.00066,-0.00099
437.3299866,0.00014,-0.00075,-0.00028,0.00028,-0.00035,-0.00075
437.7000122,-0.00024,-0.00039,-0.00065,0.00049,-0.00053,-0.00073
438.0599976,-0.00027,-0.00032,-0.00055,0.00036,-0.00063,-0.00081
438.4299927,-0.00015,-0.00029,-0.00054,0.00032,-0.00089,-0.00071
438.7999878,-7.00E-05,-0.00011,-0.00018,5.00E-05,-0.00036,-0.00044
439.1600037,1.00E-05,0,-0.00018,-0.00034,-0.00033,-0.00052
439.5299988,0.00021,0.00029,0.00022,-0.00027,0.00026,-0.00033
439.8999939,0.00042,0.00056,0.00057,-0.0003,0.00084,-0.00014
440.269989,0.00108,0.0004,0.00083,-0.00044,0.00145,-9.00E-05
440.6300049,0.00094,0.00038,0.00102,-0.00018,0.00194,-1.00E-05
441,0.0009,0.00015,0.00098,-0.00036,0.0023,-0.00012
441.3699951,0.00056,-0.00013,0.00059,-0.00042,0.00215,-0.00043
441.730011,0.00087,-7.00E-05,0.00088,-0.00035,0.00289,-0.00033
442.1000061,0.00091,-0.00013,0.00054,-0.00085,0.0027,-0.0005
442.4700012,0.0005,-0.00037,0.00022,-0.0008,0.00217,-0.0008
442.8299866,0.00036,-0.00044,0.00018,-0.00089,0.002,-0.00081
443.2000122,0.00058,-0.00042,5.00E-05,-0.001,0.00172,-0.00093
443.5700073,0.00056,-0.00041,0.0003,-0.00079,0.00159,-0.00058
443.9299927,0.00103,0.00019,0.00086,-0.00021,0.00173,3.00E-05
444.2999878,0.00059,-2.00E-05,0.0003,-0.00018,0.00107,-0.00023
444.6700134,0.00052,-6.00E-05,0.00043,0.00032,0.00093,-1.00E-05
445.0299988,0.00066,-7.00E-05,0.00053,0.00045,0.00108,-0.00012
445.3999939,0.00064,0.00021,0.00074,0.00099,0.00108,-5.00E-05
445.769989,0.00061,1.00E-04,0.00066,0.00099,0.00084,0.00025
446.1300049,0.00104,0.00044,0.00062,0.00123,0.00072,0.0003
446.5,0.00066,0.00016,0.00031,0.00094,0.00045,-8.00E-05
446.8699951,0.00067,0.00024,0.00028,0.00112,0.00059,0.00039
447.230011,0.00081,0.00029,0.00029,0.00089,0.00063,0.00039
447.6000061,0.00077,0.0002,0.00023,0.00077,0.00068,0.0006
447.9599915,0.00037,-0.00019,-5.00E-05,0.00011,0.00039,0.0004
448.3299866,0.00055,1.00E-05,7.00E-05,0.00028,0.0006,0.00029
448.7000122,0.00047,2.00E-05,6.00E-05,0.00025,0.0008,0.0003
449.0599976,0.0004,-0.00023,-0.00028,0.00015,0.00068,0.00053
449.4299927,0.00019,-0.00013,-0.00023,4.00E-05,0.00064,0.00027
449.7900085,-4.00E-05,0,-0.00019,0.0002,0.00057,0.00016
450.1600037,-1.00E-05,9.00E-05,-0.00057,0.00026,0.00033,1.00E-04
450.5299988,-1.00E-05,0.00037,-0.0003,0.00078,0.00037,0.0003
450.8900146,-0.00037,0.0003,-0.00044,0.0008,0.00023,0.00011
451.2600098,-0.00054,0.0002,-0.00028,0.00073,1.00E-05,0.00014
451.6199951,-0.0004,0.00025,8.00E-05,0.00075,-2.00E-05,1.00E-05
451.9899902,-0.00016,0.00023,0.00061,0.00063,-0.00027,1.00E-05
452.3599854,-0.00011,8.00E-05,0.00073,0.00066,-0.00023,6.00E-05
452.7200012,-6.00E-05,0.00012,0.00109,0.00058,-0.00021,0
453.0899963,-0.00016,5.00E-05,0.00062,0.00026,-0.00014,-9.00E-05
453.4500122,-5.00E-05,0.00017,0.00095,0.00023,-1.00E-05,0.00014
453.8200073,3.00E-05,0.00018,0.00091,0.00037,-4.00E-05,0.00021
454.1799927,-3.00E-05,0.00035,0.00083,0.00049,-6.00E-05,0.00025
454.5499878,-4.00E-05,0.0002,0.00052,0.0006,1.00E-05,0.00024
454.9200134,5.00E-05,0.00012,0.00033,0.00041,-1.00E-05,0.00027
455.2799988,6.00E-05,0.00016,0.00025,0.00063,-3.00E-05,0.00045
455.6499939,0.00028,5.00E-05,0.00052,0.00062,-0.00012,0.00057
456.0100098,0.00024,-0.0002,0.00019,0.00055,-0.00032,0.00014
456.3800049,8.00E-05,-0.00047,3.00E-05,0.00022,-0.0004,-1.00E-05
456.7399902,0.00029,-0.00047,0.00019,0.00035,-0.00023,-0.00013
457.1099854,0.00033,-0.00024,0.00019,0.00029,-0.00012,-3.00E-05
457.4700012,0.00023,-0.0002,2.00E-05,0.00035,-0.00039,-0.00029
457.8399963,0.00026,-0.00025,2.00E-05,0.00015,-0.00024,-0.00041
458.2000122,0.00025,-0.00017,0.00018,7.00E-05,-0.00028,-0.00031
458.5700073,0.00027,8.00E-05,0.00025,0.00018,-0.00027,-4.00E-05
458.9299927,0.00034,0.00026,0.00032,0.00024,-0.0002,0
459.2999878,0.00016,0.00011,0.00019,0.00012,-0.00029,-5.00E-05
459.6600037,8.00E-05,8.00E-05,0.00017,0.00019,-0.00023,-2.00E-05
460.0299988,7.00E-05,1.00E-04,0.00048,0.00017,-6.00E-05,0.00033
460.3900146,0.00032,0.0004,0.00072,0.00033,-1.00E-05,0.00048
460.7600098,0.00017,0.00045,0.00039,0.00052,0,0.00018
461.1199951,0.0002,0.00042,0.00041,0.00048,0.00013,0.00014
461.4899902,0.00026,0.00048,0.00046,0.00046,0.00022,0.00019
461.8500061,0.00042,0.00075,0.00078,0.00057,0.00036,0.00034
462.2200012,0.00046,0.00065,0.00092,0.00055,0.00042,0.0004
462.5799866,0.00051,0.00072,0.00078,0.00048,0.00039,0.00015
462.9500122,0.00037,0.0006,0.00081,0.00046,0.00036,0.00013
463.3099976,0.00068,0.00054,0.001,0.00039,0.00048,0.00025
463.6799927,0.00076,0.00056,0.00086,0.00044,0.00053,0.00016
464.0400085,0.00059,0.00031,0.00063,0.00032,0.00056,-8.00E-05
464.4100037,0.00032,9.00E-05,0.0002,9.00E-05,0.0004,-9.00E-05
464.769989,0.0002,4.00E-05,-1.00E-05,2.00E-05,0.00027,-0.00025
465.1300049,9.00E-05,3.00E-05,-9.00E-05,-8.00E-05,0.00015,-0.00026
465.5,1.00E-05,-7.00E-05,-0.00025,2.00E-05,8.00E-05,-0.00034
465.8599854,-0.00025,-0.00025,-0.00038,-4.00E-05,-4.00E-05,-0.00034
466.230011,-0.00039,-0.00041,-0.00038,-0.00011,-0.00011,-0.0002
466.5899963,-0.00021,-0.00018,-0.00015,0.00011,-5.00E-05,1.00E-05
466.9599915,-2.00E-05,-0.00021,-0.00011,0.00013,-0.00011,-3.00E-05
467.3200073,0.00017,-8.00E-05,0.00012,0.00024,2.00E-05,8.00E-05
467.6799927,0.0003,-7.00E-05,0.00013,0.00033,0.00027,0.00038
468.0499878,0.00013,-0.00022,9.00E-05,-1.00E-05,0.00022,0.00027
468.4100037,0,-0.00017,-8.00E-05,-8.00E-05,0.00014,0.00018
468.7799988,6.00E-05,-8.00E-05,5.00E-05,-5.00E-05,0.00017,0.00014
469.1400146,-0.00021,-0.00027,-6.00E-05,-0.00028,2.00E-05,-0.00013
469.5,-0.00025,-9.00E-05,0.00013,0,0.00012,2.00E-05
469.8699951,-0.00036,-0.00013,8.00E-05,-5.00E-05,7.00E-05,-5.00E-05
470.230011,-0.0004,-0.00022,5.00E-05,1.00E-05,-2.00E-05,-0.00029
470.6000061,-0.00032,-0.00012,0.00014,0.00025,-1.00E-05,-0.00017
470.9599915,-9.00E-05,1.00E-05,0.00039,0.00044,0.00011,-4.00E-05
471.3200073,-0.00015,2.00E-05,0.00041,0.00039,0.00016,9.00E-05
471.6900024,6.00E-05,0.00015,0.0006,0.00064,0.0003,0.00038
472.0499878,0.00019,4.00E-05,0.00055,0.00053,0.00039,0.00037
472.4200134,9.00E-05,-8.00E-05,0.00043,0.00057,0.00031,0.00036
472.7799988,7.00E-05,-1.00E-04,0.00049,0.00059,0.0003,0.0003
473.1400146,0.00023,-2.00E-05,0.00054,0.00059,0.0004,0.00027
473.5100098,0.00027,2.00E-05,0.0006,0.00055,0.00042,0.00035
473.8699951,0.00029,4.00E-05,0.00046,0.00067,0.00042,0.00032
474.230011,0.00017,1.00E-05,0.00027,0.00042,0.00026,0.00011
474.6000061,0.00013,-7.00E-05,0.00015,0.00034,0.0002,3.00E-05
474.9599915,0.00018,0,0.00017,0.00028,0.00034,2.00E-05
475.3200073,0.00023,0.00014,0.0002,0.00031,0.00043,8.00E-05
475.6900024,0.00024,0.00023,0.00015,0.00024,0.0004,0.00016
476.0499878,0.00026,0.00021,8.00E-05,0.0003,0.00045,6.00E-05
476.4100037,0.00026,0.00026,0.00014,0.00014,0.00029,5.00E-05
476.7799988,0.00031,0.00018,0.00015,0.00026,0.00048,1.00E-04
477.1400146,0.00029,0.0002,0.00033,0.0003,0.00048,4.00E-05
477.5,0.00021,0.00022,0.00034,0.00032,0.00033,4.00E-05
477.8699951,1.00E-04,8.00E-05,0.00027,0.00027,0.00019,-3.00E-05
478.230011,4.00E-05,-5.00E-05,0.00021,0.00028,0.0002,-0.00012
478.5899963,-7.00E-05,-0.00012,0.0002,0.00022,0.00018,-0.00022
478.9599915,-5.00E-05,-0.00016,0.00021,0.00029,0.00028,-0.00026
479.3200073,-1.00E-04,-0.00016,0.00019,0.00022,0.00014,-0.0003
479.6799927,-0.00012,-0.00012,1.00E-04,0.00024,1.00E-04,-0.00023
480.0400085,4.00E-05,-0.00012,9.00E-05,0.00021,0.00016,-0.00021
480.4100037,5.00E-05,-1.00E-04,9.00E-05,0.0002,0.00014,-0.00024
480.769989,-6.00E-05,-0.00019,6.00E-05,0.00016,8.00E-05,-0.00028
481.1300049,1.00E-05,-0.00013,0.00011,0.00018,4.00E-05,-0.00021
481.5,2.00E-05,-0.00012,0.00019,0.0002,-2.00E-05,-0.00023
481.8599854,1.00E-04,1.00E-05,0.00022,0.00027,-5.00E-05,-0.00019
482.2200012,0.00011,3.00E-05,0.00026,0.00028,-1.00E-05,-0.00018
482.5799866,9.00E-05,7.00E-05,0.00034,0.00039,-5.00E-05,-0.00015
482.9500122,0.00015,0.00014,0.00037,0.00038,3.00E-05,-0.00013
483.3099976,0.00018,0.00015,0.00039,0.00034,0,-0.00014
483.6700134,0.00013,7.00E-05,0.00034,0.00026,-6.00E-05,-0.00014
484.0299988,9.00E-05,-3.00E-05,0.00026,0.00022,-7.00E-05,-0.00014
484.3999939,9.00E-05,-5.00E-05,0.00021,0.00019,3.00E-05,-0.00012
484.7600098,8.00E-05,-5.00E-05,0.0002,0.00021,6.00E-05,-0.00015
485.1199951,1.00E-05,-8.00E-05,0.00011,1.00E-04,5.00E-05,-0.0002
485.480011,-5.00E-05,-0.00016,5.00E-05,0.00013,3.00E-05,-0.00016
485.8500061,-7.00E-05,-0.00012,8.00E-05,0.00021,0.00011,-0.00016
486.2099915,-4.00E-05,-3.00E-05,8.00E-05,0.00029,0.00016,-1.00E-04
486.5700073,-4.00E-05,5.00E-05,1.00E-04,0.00031,0.00024,-0.00014
486.9299927,-6.00E-05,-2.00E-05,7.00E-05,0.00029,0.00016,-0.00017
487.2900085,-5.00E-05,-4.00E-05,7.00E-05,0.00024,0.00015,-0.00021
487.6600037,5.00E-05,3.00E-05,1.00E-04,0.00035,0.00024,-0.00011
488.019989,0.00016,0.00014,0.00021,0.00048,0.00035,0
488.3800049,0.00026,0.00018,0.00019,0.00053,0.00037,0.00012
488.7399902,0.00033,0.00022,0.00024,0.00057,0.00046,1.00E-04
489.1000061,0.00043,0.00024,0.00026,0.00062,0.00052,0.00025
489.4700012,0.0004,0.00028,0.00031,0.00067,0.00053,0.00027
489.8299866,0.00033,0.00025,0.00018,0.00058,0.00048,0.00024
490.1900024,0.00025,0.00013,0.00012,0.00046,0.00037,0.00012
490.5499878,0.00027,0.00012,0.00014,0.00035,0.00032,6.00E-05
490.9100037,0.00022,5.00E-05,0.00017,0.00032,0.00031,-2.00E-05
491.269989,9.00E-05,-4.00E-05,0.00013,0.00025,0.00024,-6.00E-05
491.6400146,6.00E-05,-6.00E-05,0.00016,0.00023,0.00022,-0.00012
492,1.00E-04,-6.00E-05,0.00022,0.00022,0.00022,-5.00E-05
492.3599854,9.00E-05,-6.00E-05,0.00027,0.00026,0.00024,-4.00E-05
492.7200012,0.00012,3.00E-05,0.00036,0.00038,0.00034,-1.00E-05
493.0799866,1.00E-05,1.00E-05,0.00027,0.00042,0.00035,-6.00E-05
493.4400024,2.00E-05,6.00E-05,0.00023,0.00039,0.00034,-5.00E-05
493.8099976,9.00E-05,0.00011,0.00029,0.00043,0.00034,4.00E-05
494.1700134,0.00012,0.00014,0.00028,0.00047,0.00033,5.00E-05
494.5299988,1.00E-04,0.00016,0.00023,0.00046,0.00035,1.00E-05
494.8900146,0.00019,0.00019,0.00028,0.00048,0.00039,5.00E-05
495.25,0.00024,0.0002,0.00031,0.00047,0.00036,0.00015
495.6099854,0.00026,0.00013,0.00032,0.00042,0.00028,0.00014
495.9700012,0.00019,0.00014,0.00034,0.00043,0.00026,0.00015
496.3299866,0.00021,0.00013,0.00028,0.00045,0.00027,0.00011
496.7000122,0.00018,1.00E-04,0.0002,0.00037,0.00026,0.00011
497.0599976,0.00016,8.00E-05,0.00019,0.00036,0.00026,1.00E-04
497.4200134,7.00E-05,1.00E-04,0.00016,0.00038,0.00024,0.00012
497.7799988,-3.00E-05,1.00E-05,7.00E-05,0.00027,0.00016,0
498.1400146,1.00E-05,7.00E-05,9.00E-05,0.00028,0.0002,4.00E-05
498.5,0,6.00E-05,8.00E-05,0.00025,0.0002,0
498.8599854,0,1.00E-05,5.00E-05,0.0002,0.00016,-3.00E-05
499.2200012,-6.00E-05,-4.00E-05,7.00E-05,0.0002,0.00016,-5.00E-05
499.5799866,2.00E-05,-1.00E-05,8.00E-05,0.00024,0.00016,-8.00E-05
499.9400024,1.00E-04,-8.00E-05,0.00015,0.00022,0.00016,-1.00E-04
500.2999878,0.00018,5.00E-05,0.00026,0.0003,0.00027,2.00E-05
500.6700134,0.00019,6.00E-05,0.00028,0.00035,0.00033,5.00E-05
501.0299988,0.00027,3.00E-05,0.00027,0.00036,0.00034,4.00E-05
501.3900146,0.00026,6.00E-05,0.00033,0.00042,0.00042,8.00E-05
501.75,0.00031,1.00E-04,0.00038,0.0005,0.00042,0.00015
502.1099854,0.00025,5.00E-05,0.00038,0.0005,0.00042,0.00014
502.4700012,0.00023,9.00E-05,0.00031,0.00051,0.00046,0.00015
502.8299866,0.00019,-1.00E-05,0.00023,0.00051,0.00039,8.00E-05
503.1900024,0.00015,-1.00E-05,0.00021,0.00046,0.00037,8.00E-05
503.5499878,0.00012,4.00E-05,0.00026,0.0005,0.00038,0.00019
503.9100037,9.00E-05,2.00E-05,0.00024,0.00046,0.00031,0.00014
504.269989,5.00E-05,-2.00E-05,0.00023,0.00041,0.00029,4.00E-05
504.6300049,4.00E-05,3.00E-05,0.00025,0.00043,0.00032,8.00E-05
504.9899902,6.00E-05,4.00E-05,0.00029,0.00043,0.00031,0.00012
505.3500061,7.00E-05,9.00E-05,0.00034,0.00041,0.00037,0.00014
505.7099915,7.00E-05,5.00E-05,0.00033,0.00046,0.00037,0.00012
506.0700073,7.00E-05,7.00E-05,0.00035,0.00047,0.00038,9.00E-05
506.4299927,5.00E-05,0.00012,0.0004,0.00046,0.00037,0.00012
506.7900085,0.00011,0.0002,0.00044,0.00047,0.00037,0.00018
507.1499939,0.00012,0.00022,0.00045,0.00045,0.00037,0.00017
507.5100098,1.00E-04,0.00025,0.00043,0.00048,0.0004,0.00014
507.8699951,1.00E-04,0.00024,0.00046,0.00045,0.00039,0.00014
508.230011,0.00015,0.00024,0.00045,0.0004,0.00037,9.00E-05
508.5899963,0.00013,0.00025,0.0004,0.00038,0.00035,4.00E-05
508.9500122,0.00017,0.00023,0.00034,0.00043,0.00036,7.00E-05
509.3099976,0.00016,0.00019,0.00033,0.00044,0.00034,6.00E-05
509.6700134,0.00017,0.00013,0.00029,0.00044,0.00028,3.00E-05
510.0299988,0.0002,9.00E-05,0.00028,0.00042,0.00017,5.00E-05
510.3900146,0.00019,0.00011,0.00021,0.00047,0.00015,4.00E-05
510.75,0.00014,9.00E-05,0.00023,0.00046,0.00014,5.00E-05
511.1099854,0.00012,9.00E-05,0.00025,0.00048,0.00017,8.00E-05
511.4700012,0.00012,7.00E-05,0.00023,0.00043,0.0002,6.00E-05
511.8299866,0.00013,0.00011,0.00026,0.00043,0.00026,9.00E-05
512.1900024,0.00012,9.00E-05,0.00028,0.0004,0.00029,0.00012
512.5499878,0.00014,0.00013,0.00038,0.00043,0.00036,0.00015
512.9099731,0.00012,0.00014,0.00043,0.00045,0.00037,0.00017
513.2700195,0.00016,0.00015,0.00044,0.00046,0.00042,0.00024
513.6199951,0.00022,1.00E-04,0.00043,0.00044,0.00038,0.00022
513.9799805,0.00024,0.00011,0.00046,0.00045,0.00036,0.00024
514.3400269,0.00027,1.00E-04,0.00043,0.00046,0.00033,0.00025
514.7000122,0.00026,0.00014,0.00042,0.00047,0.00034,0.00025
515.0599976,0.00021,0.00011,0.00036,0.00046,0.00034,0.00021
515.4199829,0.00026,1.00E-04,0.00032,0.00046,0.00035,0.00018
515.7800293,0.00026,0.00012,0.0003,0.00044,0.00031,0.00013
516.1400146,0.00022,7.00E-05,0.00029,0.00041,0.00032,0.00012
516.5,0.00021,6.00E-05,0.00026,0.00041,0.00034,5.00E-05
516.8599854,0.00016,7.00E-05,0.0003,0.0004,0.00036,5.00E-05
517.2199707,0.00017,7.00E-05,0.00029,0.00042,0.00037,6.00E-05
517.5700073,0.0002,9.00E-05,0.00031,0.00047,0.00041,6.00E-05
517.9299927,0.0002,8.00E-05,0.00036,0.00048,0.00039,1.00E-04
518.289978,0.00016,8.00E-05,0.00038,0.00051,0.00041,0.00014
518.6500244,0.00018,0.00011,0.00041,0.00056,0.00039,0.00016
519.0100098,0.00021,0.00014,0.00046,0.0006,0.00039,0.00023
519.3699951,0.00021,1.00E-04,0.00042,0.00058,0.00034,0.00022
519.7299805,0.00016,7.00E-05,0.00037,0.00053,0.00034,0.00013
520.0800171,0.00013,5.00E-05,0.00034,0.00047,0.00029,1.00E-04
520.4400024,1.00E-04,4.00E-05,0.00029,0.00041,0.0003,7.00E-05
520.7999878,0.00016,7.00E-05,0.00025,0.00039,0.00029,6.00E-05
521.1599731,0.00016,8.00E-05,0.00025,0.00038,0.00032,8.00E-05
521.5200195,0.00011,7.00E-05,0.00023,0.00035,0.0003,6.00E-05
521.8800049,0.00011,8.00E-05,0.00025,0.00037,0.00032,6.00E-05
522.2399902,0.00011,8.00E-05,0.00026,0.00039,0.00026,9.00E-05
522.5900269,0.00012,7.00E-05,0.00024,0.00035,0.00025,1.00E-04
522.9500122,8.00E-05,3.00E-05,0.00025,0.00037,0.00023,1.00E-04
523.3099976,6.00E-05,0,0.00029,0.00037,0.00021,8.00E-05
523.6699829,9.00E-05,4.00E-05,0.00032,0.0004,0.00027,9.00E-05
524.0300293,0.00013,7.00E-05,0.00033,0.00042,0.00029,8.00E-05
524.3800049,8.00E-05,6.00E-05,0.00031,0.00038,0.00023,6.00E-05
524.7399902,0.00013,8.00E-05,0.00034,0.00038,0.0003,1.00E-04
525.0999756,0.00015,8.00E-05,0.00035,0.00038,0.00027,0.00011
525.460022,0.0002,0.00014,0.00036,0.0004,0.00028,0.00013
525.8200073,0.00019,0.00017,0.00033,0.00037,0.00028,0.00016
526.1699829,0.00016,0.00014,0.00032,0.00036,0.00021,0.00015
526.5300293,0.00013,0.00012,0.0003,0.00031,0.00019,0.00015
526.8900146,0.00016,0.00016,0.00028,0.00033,0.00021,0.00018
527.25,0.00013,0.00015,0.00028,0.00034,0.00021,0.0002
527.6099854,7.00E-05,0.00016,0.0003,0.00038,0.00025,0.00019
527.960022,5.00E-05,0.00015,0.00029,0.00038,0.00027,0.00021
528.3200073,7.00E-05,0.00017,0.00031,0.00043,0.00033,0.00017
528.6799927,0.00011,0.00018,0.00032,0.00042,0.00033,0.00017
529.039978,0.00014,0.00021,0.00033,0.00048,0.00035,0.00014
529.3900146,0.00016,0.00019,0.00036,0.00043,0.00038,0.00012
529.75,0.00018,0.0002,0.00039,0.00047,0.00036,0.00012
530.1099854,0.00024,0.0002,0.00036,0.00046,0.00038,0.00014
530.4699707,0.00028,0.00023,0.00039,0.00048,0.0004,0.00018
530.8200073,0.00025,0.0002,0.00036,0.00046,0.00036,0.00018
531.1799927,0.00025,0.00022,0.00036,0.00046,0.00041,0.0002
531.539978,0.00023,0.00022,0.00037,0.00042,0.00043,0.00024
531.9000244,0.00021,0.00023,0.00038,0.00045,0.00043,0.00025
532.25,0.00023,0.00025,0.00037,0.00046,0.00043,0.00026
532.6099854,0.00023,0.00026,0.0004,0.00045,0.00042,0.00025
532.9699707,0.0002,0.00021,0.0004,0.00042,0.00038,0.00018
533.3200073,0.0002,0.00024,0.00043,0.00038,0.00038,0.00023
533.6799927,0.00019,0.00023,0.00039,0.00039,0.00035,0.00021
534.039978,0.00021,0.00021,0.00038,0.00041,0.00035,0.00026
534.4000244,0.00024,0.00023,0.0004,0.00043,0.0004,0.00031
534.75,0.00022,0.00024,0.00036,0.00037,0.00041,0.00028
535.1099854,0.00024,0.00024,0.00038,0.0004,0.00044,0.00031
535.4699707,0.00025,0.00022,0.00033,0.0004,0.00043,0.00033
535.8200073,0.00026,0.0002,0.00031,0.00042,0.00042,0.00029
536.1799927,0.00028,0.0002,0.00033,0.0004,0.00042,0.0003
536.539978,0.00025,0.00018,0.00032,0.00036,0.00039,0.00022
536.8900146,0.00026,0.00014,0.0003,0.00032,0.00035,0.00019
537.25,0.00023,8.00E-05,0.00031,0.00029,0.00032,0.00015
537.6099854,0.00024,7.00E-05,0.00032,0.00027,0.00031,0.00014
537.960022,0.00026,1.00E-04,0.00037,0.00029,0.00033,0.00011
538.3200073,0.00024,9.00E-05,0.00033,0.00026,0.00032,1.00E-04
538.6799927,0.00022,0.00013,0.00036,0.00029,0.00032,1.00E-04
539.0300293,0.00024,0.00017,0.00037,0.00031,0.00032,0.00014
539.3900146,0.00026,0.00019,0.00036,0.00033,0.00033,0.00014
539.75,0.00028,0.00023,0.00036,0.00038,0.00032,0.00019
540.0999756,0.00024,0.00025,0.00029,0.00035,0.00028,0.00016
540.460022,0.00021,0.00027,0.00027,0.00034,0.00026,0.00018
540.8099976,0.0002,0.00027,0.0003,0.00035,0.00027,0.00019
541.1699829,0.00019,0.0002,0.00024,0.00033,0.00028,0.00018
541.5300293,0.00015,0.00019,0.0002,0.00032,0.00026,0.00018
541.8800049,0.00013,0.00018,0.00022,0.00036,0.00024,0.00015
542.2399902,0.00015,0.00017,0.00021,0.00036,0.00024,0.00014
542.5900269,0.00017,0.00018,0.00028,0.00038,0.00022,0.00014
542.9500122,0.0002,0.00019,0.00032,0.0004,0.00024,0.00015
543.3099976,0.00022,0.00022,0.00035,0.00042,0.00024,0.00014
543.6599731,0.00024,0.00024,0.00041,0.00044,0.00024,0.00014
544.0200195,0.00027,0.00022,0.00041,0.00041,0.00024,1.00E-04
544.3699951,0.00023,0.00018,0.00036,0.00036,0.00021,0.00012
544.7299805,0.0002,0.00017,0.00034,0.00034,0.0002,0.00011
545.0900269,0.00022,0.00016,0.00029,0.00034,0.0002,0.00016
545.4400024,0.00021,0.00012,0.00024,0.00034,0.0002,0.00016
545.7999878,0.00019,1.00E-04,0.00024,0.00032,0.00022,0.00017
546.1500244,0.00014,7.00E-05,0.00019,0.00028,0.00021,0.00016
546.5100098,1.00E-04,3.00E-05,0.00018,0.00028,0.00019,0.00015
546.8599854,0.00012,3.00E-05,0.0002,0.00029,0.00024,0.00014
547.2199707,0.00014,4.00E-05,0.00019,0.00028,0.00024,0.00013
547.5800171,0.00013,6.00E-05,0.00021,0.00028,0.00026,1.00E-04
547.9299927,0.00016,7.00E-05,0.00021,0.00028,0.00026,1.00E-04
548.289978,0.0002,9.00E-05,0.00022,0.0003,0.00026,0.00015
548.6400146,0.00021,1.00E-04,0.00021,0.00033,0.00023,0.00014
549,0.00023,0.00018,0.00025,0.00036,0.00027,0.0002
549.3499756,0.0002,0.00019,0.00025,0.00034,0.00025,0.00019
549.710022,0.0002,0.00017,0.00027,0.00037,0.00028,0.00021
550.0599976,0.00018,0.00016,0.00027,0.00036,0.00028,0.00021
550.4199829,0.00012,0.00012,0.00025,0.00031,0.00027,0.00021
550.7700195,6.00E-05,0.00011,0.00022,0.00028,0.00023,0.00017
551.1300049,6.00E-05,0.00011,0.00024,0.00026,0.00024,0.00017
551.4799805,5.00E-05,6.00E-05,0.00023,0.00024,0.00024,0.00017
551.8400269,5.00E-05,3.00E-05,0.0002,0.00023,0.00025,0.00016
552.1900024,4.00E-05,2.00E-05,0.00018,0.00019,0.0002,0.00011
552.5499878,3.00E-05,1.00E-05,0.00018,0.00021,0.00019,0.00014
552.9000244,7.00E-05,2.00E-05,0.00017,0.0002,0.00019,9.00E-05
553.2600098,9.00E-05,4.00E-05,0.00018,0.00024,0.00018,6.00E-05
553.6099854,0.00011,7.00E-05,0.0002,0.00023,0.0002,6.00E-05
553.9699707,0.00016,1.00E-04,0.00021,0.00025,0.00022,7.00E-05
554.3200073,0.00019,0.00014,0.00022,0.0003,0.00021,9.00E-05
554.6799927,0.00021,0.00016,0.00022,0.00031,0.00024,1.00E-04
555.0300293,0.00022,0.00014,0.00021,0.0003,0.00024,8.00E-05
555.3900146,0.0002,0.00012,0.00022,0.0003,0.00025,1.00E-04
555.7399902,0.0002,0.00015,0.00022,0.00028,0.00028,0.00011
556.0999756,0.00017,1.00E-04,0.00022,0.00029,0.00027,9.00E-05
556.4500122,0.00018,1.00E-04,0.00024,0.0003,0.00027,8.00E-05
556.7999878,0.00019,8.00E-05,0.00027,0.00027,0.00028,9.00E-05
557.1599731,0.00017,8.00E-05,0.00029,0.00028,0.00028,9.00E-05
557.5100098,0.00016,0.00012,0.00031,0.0003,0.00029,0.00012
557.8699951,0.00019,0.00016,0.00034,0.00029,0.00031,0.00014
558.2199707,0.00019,0.00011,0.00035,0.00033,0.00033,0.00017
558.5800171,0.00022,0.00015,0.00033,0.00034,0.00034,0.00018
558.9299927,0.00019,0.00015,0.00031,0.00035,0.00033,0.00019
559.2800293,0.00018,0.00016,0.00029,0.00038,0.00034,0.00021
559.6400146,0.00021,0.00017,0.0003,0.00039,0.00033,0.00024
559.9899902,0.00018,0.00012,0.00028,0.00037,0.00031,0.0002
560.3499756,0.00017,9.00E-05,0.00026,0.00038,0.00029,0.0002
560.7000122,0.00021,9.00E-05,0.00026,0.00034,0.00027,0.0002
561.0499878,0.00018,3.00E-05,0.00025,0.00032,0.00026,0.00019
561.4099731,0.0002,3.00E-05,0.00026,0.0003,0.00026,0.00022
561.7600098,0.00018,2.00E-05,0.00026,0.00028,0.00025,0.00019
562.1199951,0.00015,1.00E-05,0.00023,0.00025,0.00029,0.00016
562.4699707,0.00017,4.00E-05,0.00023,0.00026,0.00033,0.00017
562.8200073,0.00018,8.00E-05,0.00025,0.00028,0.00034,0.00018
563.1799927,0.00015,0.00011,0.00021,0.00033,0.0003,0.00014
563.5300293,0.00017,0.00015,0.00024,0.00031,0.00031,0.00014
563.8800049,0.00014,0.00014,0.00022,0.00031,0.00028,9.00E-05
564.2399902,0.00015,0.00016,0.00023,0.00034,0.00029,1.00E-04
564.5900269,0.00018,0.00018,0.00025,0.00037,0.00027,0.00011
564.9500122,0.00019,0.00019,0.00028,0.00038,0.00029,9.00E-05
565.2999878,0.00017,0.00013,0.00026,0.00036,0.00025,3.00E-05
565.6500244,0.00019,0.00013,0.00028,0.00034,0.00032,4.00E-05
566.0100098,0.0002,0.00012,0.00027,0.00035,0.00032,6.00E-05
566.3599854,0.00026,0.00013,0.00028,0.00036,0.00032,5.00E-05
566.710022,0.00024,8.00E-05,0.00025,0.00036,0.0003,5.00E-05
567.0700073,0.00023,5.00E-05,0.00023,0.00035,0.0003,6.00E-05
567.4199829,0.0002,7.00E-05,0.00021,0.00031,0.00025,8.00E-05
567.7700195,0.00022,0.00011,0.00022,0.00029,0.00025,9.00E-05
568.1300049,0.00022,0.00011,0.00022,0.00029,0.00026,0.00012
568.4799805,0.0002,0.00011,0.0002,0.00033,0.00028,1.00E-04
568.8300171,0.00015,1.00E-04,0.00017,0.00031,0.00032,0.00011
569.1799927,0.00017,0.00018,0.00021,0.00033,0.00034,0.00012
569.539978,0.00019,0.00019,0.00022,0.00035,0.00033,0.00013
569.8900146,0.00022,0.00018,0.00022,0.00039,0.00038,0.00013
570.2399902,0.00024,0.00017,0.00025,0.00046,0.00043,0.00018
570.5999756,0.00022,0.00015,0.00025,0.00045,0.00037,0.00018
570.9500122,0.0002,0.00017,0.00027,0.00045,0.00036,0.0002
571.2999878,0.0002,0.00019,0.00032,0.00048,0.00034,0.0002
571.6500244,0.00021,0.00017,0.0003,0.00046,0.00033,0.00021
572.0100098,0.00018,0.00013,0.00028,0.00045,0.00035,0.00019
572.3599854,0.00017,0.00012,0.00028,0.00045,0.00034,0.00018
572.710022,0.00016,1.00E-04,0.00026,0.00044,0.00033,0.00015
573.0599976,0.00013,1.00E-04,0.00024,0.00044,0.00035,9.00E-05
573.4199829,0.00015,9.00E-05,0.00024,0.00043,0.00036,8.00E-05
573.7700195,0.00013,9.00E-05,0.00019,0.00038,0.00032,4.00E-05
574.1199951,0.00013,9.00E-05,0.00019,0.00038,0.00035,3.00E-05
574.4699707,0.00013,1.00E-04,0.00018,0.00036,0.00031,-2.00E-05
574.8300171,0.00012,8.00E-05,0.00016,0.00031,0.0003,-4.00E-05
575.1799927,0.00012,9.00E-05,0.00014,0.0003,0.0003,-4.00E-05
575.5300293,0.00012,9.00E-05,0.00014,0.00029,0.00029,1.00E-05
575.8800049,0.00016,9.00E-05,0.00018,0.00033,0.00032,5.00E-05
576.2399902,0.00017,6.00E-05,0.00019,0.00037,0.00034,6.00E-05
576.5900269,0.00019,7.00E-05,0.0002,0.00038,0.00037,1.00E-04
576.9400024,0.00018,8.00E-05,0.00022,0.00037,0.00038,0.00014
577.289978,0.00021,0.00012,0.00027,0.00042,0.00041,0.00019
577.6400146,0.0002,1.00E-04,0.00026,0.00041,0.00039,0.00017
578,0.00026,1.00E-04,0.00031,0.00046,0.00039,0.00021
578.3499756,0.00023,0.00012,0.0003,0.00046,0.00037,0.00017
578.7000122,0.00025,9.00E-05,0.00029,0.00043,0.00036,0.00019
579.0499878,0.00022,8.00E-05,0.00028,0.00041,0.00033,0.00017
579.4000244,0.00023,0.00011,0.0003,0.00045,0.00036,0.00018
579.7600098,0.00019,1.00E-04,0.0003,0.00043,0.00033,0.00016
580.1099854,0.0002,8.00E-05,0.00033,0.00042,0.00034,0.00017
580.460022,0.00014,1.00E-04,0.00033,0.00039,0.00035,1.00E-04
580.8099976,0.00013,8.00E-05,0.00031,0.00036,0.00033,0.00011
581.1599731,0.00012,7.00E-05,0.00032,0.00037,0.00034,7.00E-05
581.5100098,0.00013,6.00E-05,0.00034,0.00036,0.00034,6.00E-05
581.8699951,0.00012,1.00E-05,0.00029,0.0003,0.0003,4.00E-05
582.2199707,0.00011,0,0.00027,0.00029,0.0003,5.00E-05
582.5700073,9.00E-05,0,0.00025,0.00029,0.00027,3.00E-05
582.9199829,1.00E-04,-3.00E-05,0.00021,0.00028,0.00023,6.00E-05
583.2700195,0.00013,-1.00E-05,0.00024,0.00031,0.00023,5.00E-05
583.6199951,0.00013,3.00E-05,0.00025,0.00029,0.00024,7.00E-05
583.9699707,0.00012,5.00E-05,0.00022,0.00027,0.00023,5.00E-05
584.3300171,0.00013,9.00E-05,0.00026,0.00032,0.00027,8.00E-05
584.6799927,0.00013,8.00E-05,0.00021,0.00028,0.00027,6.00E-05
585.0300293,0.00016,1.00E-04,0.00021,0.00026,0.0003,8.00E-05
585.3800049,0.00017,0.00011,0.00022,0.00029,0.0003,4.00E-05
585.7299805,0.00016,8.00E-05,0.00018,0.00025,0.00029,5.00E-05
586.0800171,0.00017,8.00E-05,0.00016,0.00025,0.0003,7.00E-05
586.4299927,0.00019,9.00E-05,0.00018,0.00027,0.0003,0.00011
586.7800293,0.00019,9.00E-05,0.00019,0.00028,0.0003,9.00E-05
587.1300049,0.0002,0.00011,0.00024,0.00033,0.0003,8.00E-05
587.4799805,0.0002,0.00011,0.00025,0.00035,0.00029,9.00E-05
587.8400269,0.00021,0.00012,0.00027,0.00036,0.00032,0.00015
588.1900024,0.00018,0.00013,0.00025,0.00035,0.00032,0.00016
588.539978,0.00014,0.00011,0.00024,0.00036,0.0003,0.00014
588.8900146,0.00015,0.00011,0.00024,0.00037,0.00031,0.00012
589.2399902,0.00017,1.00E-04,0.00022,0.00035,0.00031,0.00012
589.5900269,0.00015,6.00E-05,0.0002,0.00034,0.0003,0.00014
589.9400024,0.00015,6.00E-05,0.00021,0.00031,0.00033,0.00014
590.289978,8.00E-05,4.00E-05,0.0002,0.00027,0.0003,8.00E-05
590.6400146,0.00013,7.00E-05,0.00022,0.00031,0.00033,9.00E-05
590.9899902,0.00015,9.00E-05,0.00024,0.00031,0.00037,0.00011
591.3400269,0.00013,0.00012,0.00026,0.00032,0.00037,9.00E-05
591.6900024,0.00013,0.00015,0.00027,0.00035,0.00038,9.00E-05
592.039978,0.00011,0.00018,0.00029,0.00035,0.00038,1.00E-04
592.3900146,0.00014,0.0002,0.00027,0.00038,0.0004,0.00012
592.7399902,0.00018,0.00019,0.00028,0.0004,0.00044,0.00014
593.0900269,0.00016,0.00018,0.00027,0.00039,0.0004,0.00014
593.4400024,0.00013,0.00016,0.00026,0.00036,0.00037,0.00012
593.789978,0.00013,0.00013,0.00027,0.00036,0.00039,0.00015
594.1400146,0.00011,8.00E-05,0.00026,0.00034,0.00037,0.00014
594.4899902,9.00E-05,4.00E-05,0.00024,0.00033,0.00035,0.00013
594.8400269,7.00E-05,5.00E-05,0.00026,0.00033,0.00036,0.00013
595.1900024,9.00E-05,7.00E-05,0.00028,0.00034,0.00037,0.00015
595.539978,9.00E-05,4.00E-05,0.00027,0.00035,0.00041,0.00014
595.8900146,0.00014,7.00E-05,0.0003,0.00038,0.00042,0.00016
596.2399902,8.00E-05,6.00E-05,0.00027,0.00037,0.00041,0.00014
596.5900269,1.00E-04,7.00E-05,0.00027,0.00037,0.00042,0.0002
596.9400024,0.00013,0.00011,0.00026,0.00038,0.00045,0.00021
597.289978,0.00017,0.00011,0.00025,0.0004,0.00044,0.00019
597.6400146,0.00017,1.00E-04,0.00027,0.00042,0.00045,0.0002
597.9899902,0.00015,9.00E-05,0.00027,0.00041,0.00043,0.00018
598.3400269,0.00015,0.00011,0.00027,0.00042,0.00046,0.00017
598.6900024,0.0002,0.00011,0.00026,0.00042,0.00043,0.00017
599.039978,0.0002,7.00E-05,0.00024,0.00043,0.00042,0.00012
599.3900146,0.00018,5.00E-05,0.00025,0.00044,0.0004,1.00E-04
599.7399902,0.00015,6.00E-05,0.00027,0.00045,0.00039,0.00011
600.0900269,0.00014,5.00E-05,0.00025,0.00041,0.00037,6.00E-05
600.4400024,0.00011,8.00E-05,0.00024,0.00042,0.00036,9.00E-05
600.789978,1.00E-04,3.00E-05,0.00023,0.00045,0.00034,8.00E-05
601.1400146,8.00E-05,4.00E-05,0.00026,0.00047,0.00035,9.00E-05
601.4899902,8.00E-05,7.00E-05,0.00027,0.00047,0.00035,9.00E-05
601.8300171,1.00E-04,9.00E-05,0.00029,0.00046,0.00036,0.00012
602.1799927,7.00E-05,5.00E-05,0.00028,0.00043,0.00035,1.00E-04
602.5300293,8.00E-05,5.00E-05,0.00027,0.0004,0.00035,0.00011
602.8800049,0.00013,2.00E-05,0.00028,0.00039,0.00035,0.00012
603.2299805,0.00012,4.00E-05,0.00027,0.00035,0.00032,0.00012
603.5800171,0.00015,5.00E-05,0.00026,0.00037,0.00034,0.00013
603.9299927,0.00013,2.00E-05,0.00026,0.00036,0.00033,0.00013
604.2800293,0.00015,2.00E-05,0.00025,0.00037,0.0003,0.00011
604.6300049,0.00016,3.00E-05,0.00024,0.00036,0.00029,0.00011
604.9699707,0.00017,3.00E-05,0.00025,0.00039,0.00031,1.00E-04
605.3200073,0.00014,6.00E-05,0.00025,0.00038,0.00032,9.00E-05
605.6699829,0.00017,8.00E-05,0.00027,0.00039,0.00035,1.00E-04
606.0200195,0.00019,1.00E-04,0.00027,0.00037,0.00034,1.00E-04
606.3699951,0.00019,0.00014,0.00027,0.00037,0.00037,0.00013
606.7199707,0.00018,0.00016,0.0003,0.00037,0.0004,0.00014
607.0700073,0.00018,0.00016,0.00029,0.0004,0.0004,0.00015
607.4199829,0.00017,0.00015,0.00029,0.00039,0.00038,0.00016
607.7600098,0.00017,0.00016,0.00029,0.00038,0.00039,0.00016
608.1099854,0.00017,0.00018,0.0003,0.00038,0.0004,0.00014
608.460022,0.00016,0.00015,0.00029,0.00038,0.00039,9.00E-05
608.8099976,0.00019,0.00016,0.00031,0.00038,0.00039,9.00E-05
609.1599731,0.00017,0.00015,0.00029,0.00037,0.00038,5.00E-05
609.5100098,0.00015,0.00013,0.00028,0.00034,0.00037,6.00E-05
609.8499756,0.00016,0.00014,0.00028,0.00037,0.00039,6.00E-05
610.2000122,0.00018,1.00E-04,0.0003,0.00036,0.00039,8.00E-05
610.5499878,0.00014,7.00E-05,0.00029,0.00034,0.00034,1.00E-04
610.9000244,9.00E-05,5.00E-05,0.00027,0.00035,0.00032,0.00012
611.25,9.00E-05,1.00E-05,0.00023,0.00036,0.00032,0.00011
611.5900269,0.00013,3.00E-05,0.00024,0.00041,0.00037,0.00016
611.9400024,0.00018,7.00E-05,0.00022,0.00042,0.00036,0.00015
612.289978,0.00017,5.00E-05,0.00024,0.00039,0.00035,0.00016
612.6400146,0.00015,6.00E-05,0.00018,0.00042,0.00034,0.00015
612.9899902,0.00018,6.00E-05,0.00017,0.00042,0.0004,0.00015
613.3300171,0.0002,6.00E-05,0.00018,0.00041,0.00042,0.00016
613.6799927,0.00019,9.00E-05,0.00021,0.00043,0.00042,0.0002
614.0300293,0.00017,7.00E-05,0.00021,0.00039,0.0004,0.00016
614.3800049,0.00015,3.00E-05,0.00022,0.00035,0.00038,0.00015
614.7199707,0.00014,4.00E-05,0.00019,0.00031,0.00037,0.00014
615.0700073,0.00015,6.00E-05,0.00021,0.0003,0.00034,9.00E-05
615.4199829,0.00015,9.00E-05,0.00023,0.00033,0.00031,0.00011
615.7700195,0.00013,1.00E-04,0.00017,0.0003,0.00027,6.00E-05
616.1099854,0.00011,9.00E-05,0.00015,0.00024,0.00024,1.00E-05
616.460022,8.00E-05,5.00E-05,0.00012,0.00021,0.00021,-1.00E-05
616.8099976,8.00E-05,7.00E-05,0.00013,0.00027,0.00025,-1.00E-05
617.1599731,1.00E-04,0.00011,0.00015,0.00032,0.0003,-1.00E-05
617.5,7.00E-05,1.00E-04,0.00017,0.00036,0.00032,1.00E-05
617.8499756,1.00E-04,9.00E-05,0.00019,0.00038,0.00035,1.00E-05
618.2000122,0.00012,8.00E-05,0.00025,0.00042,0.0004,4.00E-05
618.539978,0.00012,0.00011,0.00028,0.00047,0.00042,6.00E-05
618.8900146,0.00014,0.00014,0.00031,0.00048,0.00043,1.00E-04
619.2399902,0.00014,0.00014,0.00033,0.00044,0.00043,0.00013
619.5900269,0.00013,1.00E-04,0.00031,0.00041,0.00039,0.00012
619.9299927,0.00017,8.00E-05,0.00031,0.00038,0.00042,0.00014
620.2800293,0.00012,8.00E-05,0.00028,0.00034,0.00039,0.00011
620.6300049,0.00011,8.00E-05,0.00026,0.00031,0.00037,0.00012
620.9699707,0.00012,8.00E-05,0.00025,0.00031,0.00036,1.00E-04
621.3200073,0.00012,7.00E-05,0.00023,0.00032,0.00035,8.00E-05
621.6699829,0.00012,5.00E-05,0.00023,0.00036,0.00038,0.00011
622.0100098,0.00012,7.00E-05,0.00022,0.00038,0.00038,0.00015
622.3599854,9.00E-05,6.00E-05,0.00017,0.00036,0.00036,0.00012
622.710022,9.00E-05,3.00E-05,0.00016,0.00034,0.00034,0.00013
623.0499878,9.00E-05,5.00E-05,0.00019,0.00037,0.00035,0.00011
623.4000244,8.00E-05,3.00E-05,0.00021,0.00034,0.00034,0.00013
623.75,0.00011,5.00E-05,0.00023,0.00038,0.00035,0.00014
624.0900269,1.00E-04,7.00E-05,0.00023,0.0004,0.00034,0.00011
624.4400024,9.00E-05,8.00E-05,0.00026,0.00038,0.00033,8.00E-05
624.789978,9.00E-05,1.00E-04,0.00031,0.0004,0.00032,1.00E-04
625.1300049,0.00012,0.00013,0.00035,0.00048,0.00037,0.00012
625.4799805,0.00011,0.00011,0.00031,0.00045,0.00037,0.00013
625.8200073,0.00013,1.00E-04,0.00027,0.00044,0.00035,0.00012
626.1699829,0.00016,8.00E-05,0.00024,0.0004,0.00037,0.00012
626.5200195,0.00018,1.00E-04,0.00024,0.00038,0.00036,0.00011
626.8599854,0.00017,9.00E-05,0.00024,0.00037,0.00036,1.00E-04
627.210022,0.0002,0.00011,0.00024,0.00038,0.0004,0.00012
627.5499878,0.00018,8.00E-05,0.00024,0.00032,0.00037,0.00012
627.9000244,0.0002,0.00011,0.00026,0.00037,0.00036,0.00013
628.25,0.00018,0.00013,0.00027,0.00037,0.00038,0.00011
628.5900269,0.00015,0.00013,0.00028,0.0004,0.00036,0.00014
628.9400024,0.00012,0.00012,0.00027,0.0004,0.00034,0.00014
629.2800293,0.00019,0.00016,0.00028,0.00044,0.00037,0.00014
629.6300049,0.00016,0.00013,0.00023,0.00042,0.00034,1.00E-04
629.9799805,0.00018,0.00014,0.00024,0.00046,0.00036,9.00E-05
630.3200073,0.0002,0.00013,0.00025,0.00044,0.00039,8.00E-05
630.6699829,0.00021,0.00012,0.00027,0.00045,0.0004,1.00E-04
631.0100098,0.00024,0.00017,0.00032,0.00049,0.00046,0.00013
631.3599854,0.00023,0.00017,0.00029,0.00048,0.00047,0.00013
631.7000122,0.00018,0.00014,0.00026,0.00044,0.00045,0.00011
632.0499878,0.0002,0.00013,0.00027,0.00045,0.00046,0.00011
632.3900146,0.00016,1.00E-04,0.00027,0.0004,0.0004,7.00E-05
632.7399902,0.00013,1.00E-04,0.00028,0.00039,0.0004,4.00E-05
633.0900269,0.00016,0.00011,0.00029,0.00043,0.00045,7.00E-05
633.4299927,1.00E-04,7.00E-05,0.00023,0.0004,0.00041,3.00E-05
633.7800293,9.00E-05,3.00E-05,0.00025,0.00037,0.00041,1.00E-05
634.1199951,0.00012,2.00E-05,0.00028,0.00039,0.00043,3.00E-05
634.4699707,0.00014,4.00E-05,0.00028,0.0004,0.00043,6.00E-05
634.8099976,0.00017,6.00E-05,0.00029,0.00041,0.00046,0.00013
635.1599731,0.0002,9.00E-05,0.00029,0.00046,0.00048,0.00015
635.5,0.0002,7.00E-05,0.00026,0.00043,0.00043,0.00011
635.8499756,0.00025,1.00E-04,0.00029,0.00042,0.00043,0.00015
636.1900024,0.00025,0.00013,0.00029,0.00045,0.00043,0.00019
636.539978,0.00026,0.00012,0.00026,0.00046,0.00041,0.00019
636.8800049,0.00027,0.00016,0.00032,0.00049,0.00048,0.00022
637.2299805,0.00028,0.00014,0.0003,0.00047,0.00049,0.0002
637.5700073,0.00025,1.00E-04,0.00029,0.00042,0.00045,0.00018
637.9199829,0.00024,1.00E-04,0.00033,0.0004,0.00044,0.0002
638.2600098,0.0002,8.00E-05,0.00032,0.00037,0.00043,0.00014
638.5999756,0.00023,1.00E-04,0.00032,0.00038,0.00045,0.00012
638.9500122,0.00024,0.00013,0.00033,0.00037,0.00049,0.00015
639.289978,0.0002,7.00E-05,0.00029,0.00034,0.00042,7.00E-05
639.6400146,0.0002,9.00E-05,0.00029,0.00036,0.00042,4.00E-05
639.9799805,0.00024,0.00015,0.00033,0.00039,0.00044,9.00E-05
640.3300171,0.00024,0.00014,0.00028,0.00041,0.00045,7.00E-05
640.6699829,0.00024,0.00012,0.00028,0.0004,0.00043,8.00E-05
641.0200195,0.00021,9.00E-05,0.00029,0.00038,0.00044,8.00E-05
641.3599854,0.0002,1.00E-04,0.00032,0.0004,0.00043,8.00E-05
641.7000122,0.00019,0.00012,0.00029,0.0004,0.00044,0.00012
642.0499878,0.00017,0.00012,0.00032,0.00043,0.00047,0.00016
642.3900146,0.00015,9.00E-05,0.00027,0.00043,0.00049,0.00013
642.7399902,0.00018,0.00011,0.00031,0.00045,0.00052,0.00016
643.0800171,0.00015,7.00E-05,0.00027,0.00046,0.00048,0.00011
643.4299927,0.00018,8.00E-05,0.00025,0.00051,0.00044,0.00012
643.7700195,0.0002,9.00E-05,0.00027,0.0005,0.00044,9.00E-05
644.1099854,0.00025,0.00013,0.00032,0.00053,0.00046,1.00E-04
644.460022,0.00029,0.00014,0.00031,0.00054,0.00045,0.00011
644.7999878,0.0003,0.00014,0.00035,0.00051,0.00044,0.00014
645.1400146,0.00027,0.00013,0.0003,0.00048,0.0004,0.00013
645.4899902,0.00031,0.00018,0.00038,0.00052,0.00048,0.00022
645.8300171,0.00027,0.00018,0.00038,0.00048,0.00048,0.0002
646.1799927,0.00029,0.00015,0.00039,0.00053,0.00049,0.00026
646.5200195,0.00023,0.00011,0.00035,0.00048,0.00048,0.00024
646.8599854,0.00021,0.00011,0.00034,0.00044,0.00046,0.0002
647.210022,0.0002,0.00013,0.00035,0.00045,0.00046,0.00019
647.5499878,0.00021,0.00012,0.00036,0.00048,0.00049,0.00017
647.8900146,0.0002,9.00E-05,0.00031,0.00046,0.00044,0.00013
648.2399902,0.00025,0.00012,0.00032,0.00046,0.00045,0.00016
648.5800171,0.00021,0.00013,0.00027,0.00045,0.00043,0.00012
648.9199829,0.0002,0.00012,0.00028,0.00044,0.00042,0.00013
649.2700195,0.00022,0.00014,0.00028,0.00048,0.00045,0.00015
649.6099854,0.00019,0.00011,0.00023,0.00044,0.0004,9.00E-05
649.9500122,0.00016,0.00011,0.00023,0.00045,0.00038,1.00E-04
650.2999878,0.00014,0.00014,0.00026,0.00045,0.00041,9.00E-05
650.6400146,0.00012,0.00011,0.00026,0.00046,0.00042,4.00E-05
650.9799805,0.00015,0.00011,0.00027,0.00045,0.00044,6.00E-05
651.3300171,0.00018,0.00011,0.00029,0.00047,0.00046,4.00E-05
651.6699829,0.00017,5.00E-05,0.00024,0.00042,0.00041,3.00E-05
652.0100098,0.00018,7.00E-05,0.00027,0.00045,0.00045,7.00E-05
652.3599854,0.00023,1.00E-04,0.0003,0.00046,0.00046,6.00E-05
652.7000122,0.00026,0.00011,0.0003,0.00047,0.00047,8.00E-05
653.039978,0.00023,0.00012,0.00033,0.00046,0.00046,0.00012
653.3800049,0.0002,0.00012,0.00034,0.00047,0.00046,0.00013
653.7299805,0.00021,0.00014,0.00036,0.0005,0.00046,0.00014
654.0700073,0.00024,0.0002,0.00043,0.00056,0.00053,0.00016
654.4099731,0.00027,0.00019,0.00039,0.00056,0.00054,0.00016
654.75,0.00024,0.00016,0.00036,0.00052,0.00054,0.00014
655.0999756,0.00024,0.00015,0.00038,0.00052,0.00058,0.00016
655.4400024,0.00022,1.00E-04,0.0003,0.00047,0.00054,0.00012
655.7800293,0.00023,0.00013,0.00029,0.00046,0.00057,0.00011
656.1199951,0.00022,0.00015,0.00031,0.00046,0.00061,0.00013
656.4699707,0.00019,0.00013,0.00028,0.00042,0.00057,0.00013
656.8099976,0.00015,0.00013,0.0003,0.00042,0.00054,0.00013
657.1500244,0.00019,0.0002,0.00038,0.00049,0.0006,0.0002
657.4899902,0.00023,0.00022,0.00037,0.00051,0.00058,0.00021
657.8400269,0.00026,0.00029,0.00043,0.00058,0.00063,0.00024
658.1799927,0.00024,0.00026,0.00041,0.00057,0.00062,0.00022
658.5200195,0.00026,0.00024,0.00039,0.00056,0.00058,0.0002
658.8599854,0.00024,0.00025,0.00036,0.00059,0.00056,0.00019
659.2000122,0.00026,0.00025,0.0004,0.00061,0.00061,0.00019
659.5499878,0.00023,0.00018,0.00032,0.00057,0.00058,0.00012
659.8900146,0.00015,0.00014,0.00028,0.00055,0.00057,7.00E-05
660.2299805,0.00012,0.00011,0.0003,0.00056,0.00058,7.00E-05
660.5700073,0.00013,6.00E-05,0.00031,0.00056,0.00057,8.00E-05
660.9099731,0.00011,5.00E-05,0.00033,0.00059,0.00061,9.00E-05
661.2600098,0.00011,3.00E-05,0.00038,0.00054,0.00062,6.00E-05
661.5999756,0.00015,3.00E-05,0.00036,0.00054,0.00062,5.00E-05
661.9400024,0.00016,6.00E-05,0.0004,0.00054,0.00066,0.00013
662.2800293,0.00022,8.00E-05,0.00045,0.00055,0.00066,0.00015
662.6199951,0.00026,1.00E-04,0.00046,0.00056,0.00069,0.00017
662.960022,0.00029,0.00017,0.00047,0.00058,0.00072,0.00019
663.3099976,0.00029,0.00023,0.00045,0.00059,0.00073,0.00021
663.6500244,0.00029,0.00026,0.00043,0.00066,0.00081,0.00022
663.9899902,0.00025,0.00024,0.00043,0.00066,0.00083,0.00021
664.3300171,0.00023,0.00023,0.00041,0.00065,0.00082,0.00018
664.6699829,0.0002,0.00022,0.00038,0.0006,0.00083,0.00018
665.0100098,0.00021,0.00024,0.00039,0.00062,0.00086,0.00018
665.3499756,0.00017,0.00021,0.00039,0.00059,0.00088,0.00016
665.6900024,0.00016,0.00016,0.0004,0.00057,0.00087,0.00015
666.039978,0.00018,0.00014,0.00042,0.00054,0.00084,0.00015
666.3800049,0.0002,0.00017,0.00045,0.00057,0.00086,0.00017
666.7199707,0.00023,0.00018,0.00047,0.00062,0.00092,0.00014
667.0599976,0.00024,0.00021,0.00051,0.00067,0.00098,0.00013
667.4000244,0.00022,0.0002,0.0005,0.00066,0.00099,0.00011
667.7399902,0.00021,0.00022,0.00051,0.00067,0.00098,0.00013
668.0800171,0.00023,0.00022,0.00053,0.00067,0.00103,0.00015
668.4199829,0.00024,0.00025,0.00055,0.0007,0.00111,0.00017
668.7600098,0.00022,0.00021,0.00051,0.00067,0.00114,0.00016
669.0999756,0.00019,0.00022,0.00053,0.00067,0.00118,0.00021
669.4400024,0.00018,0.00018,0.00049,0.00067,0.00121,0.0002
669.789978,0.00015,0.00012,0.00043,0.00065,0.00119,0.00018
670.1300049,0.00019,1.00E-04,0.00044,0.00068,0.00127,0.00017
670.4699707,0.00024,0.00011,0.00047,0.00075,0.00131,0.00016
670.8099976,0.00025,0.00011,0.00046,0.00077,0.00133,0.00017
671.1500244,0.0003,0.00012,0.00047,0.0008,0.00137,0.00017
671.4899902,0.0003,7.00E-05,0.00048,0.00077,0.0014,0.00015
671.8300171,0.0003,0.00012,0.00052,0.00079,0.0014,0.00015
672.1699829,0.00032,0.00015,0.00057,0.00081,0.00148,0.00018
672.5100098,0.00031,0.00017,0.00059,0.00078,0.0015,0.00015
672.8499756,0.00025,0.00018,0.00057,0.00074,0.00152,0.00012
673.1900024,0.00027,0.00018,0.00058,0.00077,0.00158,0.00012
673.5300293,0.00023,0.00019,0.00059,0.00079,0.00162,0.00011
673.8699951,0.00027,0.00023,0.00062,0.00086,0.00169,0.00017
674.210022,0.00027,0.00022,0.00059,0.00087,0.00173,0.00017
674.5499878,0.00032,0.00027,0.00061,0.00092,0.0018,0.00017
674.8900146,0.00032,0.00026,0.00058,0.00098,0.00186,0.0002
675.2299805,0.00031,0.00023,0.00059,0.001,0.00193,0.00022
675.5700073,0.00027,0.00018,0.00058,0.00096,0.00193,0.00018
675.9099731,0.00027,0.00017,0.00056,0.00099,0.00196,0.00019
676.25,0.00024,0.00019,0.00053,0.00101,0.00195,0.00017
676.5900269,0.00026,0.0002,0.00055,0.00102,0.00198,0.00017
676.9299927,0.00024,0.00018,0.00055,0.00101,0.00199,0.00017
677.2700195,0.00026,0.0002,0.00055,0.00101,0.00201,0.00017
677.6099854,0.00028,0.00023,0.00055,0.00106,0.00205,0.00017
677.9500122,0.00028,0.00028,0.00055,0.00107,0.0021,0.00018
678.289978,0.00029,0.00033,0.00059,0.00112,0.00214,0.00017
678.6300049,0.00028,0.0003,0.00059,0.0011,0.00218,0.00013
678.9699707,0.00029,0.00032,0.0006,0.00114,0.00223,0.00014
679.3099976,0.00028,0.00032,0.0006,0.00119,0.00229,9.00E-05
679.6500244,0.00029,0.00034,0.00063,0.00128,0.00238,0.00011
679.9799805,0.0003,0.00035,0.00067,0.00132,0.00244,0.00014
680.3200073,0.0003,0.00032,0.00069,0.00138,0.00251,0.00016
680.6599731,0.0003,0.00031,0.00073,0.00141,0.0026,0.0002
681,0.00035,0.00034,0.00073,0.00149,0.00269,0.00026
681.3400269,0.00033,0.0003,0.00075,0.00154,0.0028,0.00026
681.6799927,0.00031,0.00032,0.00078,0.00159,0.00286,0.0003
682.0200195,0.0003,0.00034,0.00081,0.00163,0.00291,0.00031
682.3599854,0.00026,0.00031,0.00077,0.00165,0.00293,0.00028
682.7000122,0.00026,0.00031,0.00075,0.00168,0.00296,0.00027
683.039978,0.00024,0.00029,0.00073,0.00171,0.00301,0.00026
683.3800049,0.00021,0.00026,0.00077,0.00174,0.00307,0.00023
683.710022,0.00023,0.00027,0.00078,0.00181,0.00317,0.00026
684.0499878,0.00028,0.00026,0.00075,0.00186,0.00328,0.00028
684.3900146,0.00026,0.00022,0.00076,0.00189,0.00335,0.00026
684.7299805,0.00028,0.00026,0.00081,0.00197,0.00347,0.00028
685.0700073,0.0003,0.00027,0.00084,0.00204,0.00363,0.00031
685.4099731,0.0003,0.00027,0.00085,0.0021,0.00378,0.00029
685.75,0.00027,0.00028,0.00086,0.00216,0.00395,0.00027
686.0900269,0.00026,0.0003,0.00086,0.00219,0.00411,0.00027
686.4199829,0.00026,0.00031,0.00095,0.00225,0.00434,0.00024
686.7600098,0.00025,0.00033,0.00098,0.00233,0.00464,0.00026
687.0999756,0.00026,0.00033,0.00098,0.00238,0.00503,0.00026
687.4400024,0.00023,0.00034,0.00101,0.00244,0.0055,0.00022
687.7800293,0.00026,0.00038,0.00103,0.00255,0.0062,0.00024
688.1199951,0.00032,0.00038,0.00107,0.00261,0.00725,0.00028
688.4500122,0.00028,0.00035,0.00114,0.00264,0.00882,0.00025
688.789978,0.00029,0.00037,0.00115,0.00271,0.01126,0.00028
689.1300049,0.00032,0.00039,0.00115,0.00274,0.01508,0.00029
689.4699707,0.00033,0.00044,0.00121,0.00279,0.020850001,0.00029
689.8099976,0.00032,0.00044,0.00127,0.00284,0.029289998,0.00031
690.1400146,0.00029,0.00042,0.00132,0.00289,0.041129999,0.00028
690.4799805,0.00027,0.00042,0.00131,0.00293,0.056820001,0.00026
690.8200073,0.00031,0.00046,0.00135,0.00299,0.076839998,0.00029
691.1599731,0.00028,0.00046,0.0014,0.00301,0.101199999,0.00029
691.5,0.00028,0.00047,0.00144,0.00309,0.12929,0.00026
691.8300171,0.0003,0.00045,0.0015,0.00317,0.160249993,0.00027
692.1699829,0.00033,0.00048,0.00154,0.00328,0.19253999,0.00032
692.5100098,0.00033,0.00049,0.00159,0.00327,0.224849999,0.00031
692.8499756,0.00034,0.00053,0.00169,0.00336,0.25534001,0.00034
693.1799927,0.00033,0.00053,0.00172,0.00345,0.282649994,0.00035
693.5200195,0.00038,0.00055,0.00177,0.00356,0.305590004,0.00036
693.8599854,0.0004,0.00052,0.00183,0.00361,0.323979974,0.0004
694.2000122,0.00042,0.00054,0.00189,0.00368,0.337770015,0.00039
694.5300293,0.00043,0.00052,0.00191,0.00373,0.348089993,0.00035
694.8699951,0.00046,0.00055,0.00198,0.00385,0.356290013,0.0004
695.210022,0.00043,0.00053,0.002,0.00392,0.364080012,0.00037
695.5499878,0.00046,0.00056,0.00206,0.00399,0.373390019,0.00037
695.8800049,0.00038,0.00055,0.00212,0.00405,0.386059999,0.00034
696.2199707,0.0004,0.00063,0.0022,0.00417,0.402729988,0.00037
696.5599976,0.00038,0.00069,0.00225,0.00428,0.42425999,0.00042
696.9000244,0.00039,0.00074,0.00234,0.00441,0.449580014,0.00045
697.2299805,0.00041,0.00072,0.00241,0.00461,0.477649987,0.00044
697.5700073,0.00043,0.00077,0.0025,0.00473,0.506699979,0.00047
697.9099731,0.00044,0.00081,0.0026,0.00487,0.534839988,0.00048
698.2399902,0.00054,0.00086,0.00268,0.00511,0.560270011,0.00048
698.5800171,0.00051,0.00085,0.00272,0.00525,0.582000017,0.00042
698.9199829,0.00052,0.00083,0.0028,0.00543,0.599709988,0.0004
699.25,0.00052,0.00093,0.00288,0.00565,0.614059985,0.00045
699.5900269,0.00054,0.00107,0.00297,0.00591,0.625670016,0.00046
699.9299927,0.00063,0.00114,0.00302,0.00629,0.635460019,0.0005
700.2600098,0.00061,0.0012,0.00305,0.00675,0.643480003,0.00051
700.5999756,0.00057,0.00122,0.00308,0.00736,0.649280012,0.00057
700.9400024,0.00065,0.00131,0.00321,0.0083,0.652499974,0.00061
701.2700195,0.00066,0.00138,0.00332,0.00971,0.651380002,0.00064
701.6099854,0.00069,0.0014,0.00341,0.01184,0.645120025,0.00064
701.9500122,0.00068,0.00142,0.00351,0.015190001,0.632679999,0.00065
702.2800293,0.00064,0.00147,0.00356,0.020450002,0.614459991,0.0007
702.6199951,0.00067,0.00149,0.00365,0.02833,0.591580033,0.00073
702.960022,0.00064,0.00154,0.0037,0.039809998,0.566100001,0.00074
703.289978,0.00057,0.00155,0.00372,0.055560004,0.54005003,0.00076
703.6300049,0.00054,0.00156,0.00376,0.076250002,0.516529977,0.0008
703.960022,0.00058,0.00162,0.00379,0.102200001,0.497669995,0.00085
704.2999878,0.00059,0.00166,0.0038,0.132890001,0.485250026,0.00091
704.6400146,0.00062,0.00168,0.00389,0.167490005,0.480849981,0.00092
704.9699707,0.00065,0.00175,0.00394,0.204899997,0.485320002,0.00099
705.3099976,0.00078,0.00181,0.00405,0.243469998,0.498479992,0.00104
705.6400146,0.00091,0.00192,0.00419,0.282099992,0.520020008,0.00115
705.9799805,0.00103,0.002,0.00425,0.319669992,0.548380017,0.00118
706.3200073,0.00102,0.00203,0.00433,0.355830014,0.581959963,0.00121
706.6500244,0.00111,0.00209,0.00442,0.39113,0.618860006,0.00127
706.9899902,0.00118,0.00216,0.00451,0.426050007,0.656399965,0.00129
707.3200073,0.0013,0.00224,0.00467,0.461220026,0.69144994,0.00138
707.6599731,0.00133,0.00231,0.00476,0.497309983,0.722530007,0.00143
707.9899902,0.00131,0.00231,0.00478,0.534139991,0.747210026,0.00143
708.3300171,0.0013,0.00234,0.00487,0.571609974,0.765599966,0.00151
708.6699829,0.00144,0.00243,0.00503,0.608500004,0.777350008,0.00158
709,0.00152,0.00251,0.0052,0.643820047,0.783820033,0.00166
709.3400269,0.00161,0.0026,0.00541,0.67633003,0.785279989,0.0018
709.6699829,0.00162,0.0027,0.00558,0.706029952,0.783039987,0.00183
710.0100098,0.00168,0.00272,0.00577,0.732519984,0.777139962,0.00188
710.3400269,0.00177,0.00284,0.00605,0.75571996,0.767860055,0.00198
710.6799927,0.00185,0.00297,0.00637,0.776330054,0.754310012,0.00205
711.0100098,0.00186,0.00302,0.00667,0.794619977,0.736070037,0.00209
711.3499756,0.00185,0.00306,0.00713,0.810479939,0.712109983,0.00208
711.6799927,0.00184,0.00308,0.00765,0.82348001,0.683229983,0.00213
712.0200195,0.00191,0.00311,0.0085,0.83276999,0.649699986,0.00222
712.3499756,0.00199,0.00321,0.00975,0.837760031,0.613539994,0.00235
712.6900024,0.00208,0.00328,0.011569999,0.837590039,0.576539993,0.00238
713.0200195,0.00214,0.0033,0.01441,0.831449986,0.53997004,0.00241
713.3599854,0.0022,0.00337,0.01895,0.819970012,0.504970014,0.00244
713.6900024,0.00228,0.00345,0.026070001,0.804280043,0.472050011,0.00253
714.0300293,0.00235,0.00351,0.036880001,0.785230041,0.440420002,0.00253
714.3599854,0.00237,0.00355,0.052529998,0.76492995,0.409970015,0.00257
714.7000122,0.00242,0.00366,0.074359998,0.745179951,0.378699988,0.00264
715.0300293,0.00243,0.00363,0.102990001,0.728399992,0.346049994,0.00264
715.3699951,0.00246,0.0037,0.139310002,0.716060042,0.311690003,0.00268
715.7000122,0.00255,0.00376,0.183040008,0.709100008,0.275750011,0.00278
716.039978,0.00264,0.00382,0.234239995,0.707809985,0.238910004,0.00288
716.3699951,0.00276,0.00393,0.292299986,0.713590026,0.202830017,0.00298
716.7000122,0.00284,0.00402,0.355749995,0.725120008,0.168269992,0.00303
717.039978,0.0029,0.00406,0.422239989,0.741840005,0.136840001,0.00308
717.3699951,0.00301,0.00421,0.490270019,0.762129962,0.109300002,0.00321
717.710022,0.00314,0.00434,0.557420015,0.784830034,0.085839994,0.00335
718.039978,0.00323,0.00445,0.621330023,0.808710039,0.066639997,0.00337
718.3800049,0.00328,0.00467,0.680100024,0.832259953,0.051469997,0.00348
718.710022,0.00329,0.00482,0.731449962,0.853369951,0.039619997,0.00355
719.039978,0.00336,0.00504,0.775169969,0.871500015,0.03063,0.00363
719.3800049,0.00339,0.00524,0.811029971,0.885399997,0.024,0.00365
719.710022,0.00344,0.00554,0.839649975,0.895179987,0.01914,0.00365
720.0499878,0.00342,0.00584,0.862070024,0.901279986,0.015579999,0.00363
720.3800049,0.00344,0.00632,0.879989982,0.904169977,0.013049999,0.00373
720.710022,0.00347,0.0069,0.894309998,0.903909981,0.01119,0.00371
721.0499878,0.00351,0.00778,0.90674001,0.901740015,0.009959999,0.00374
721.3800049,0.00355,0.00899,0.917079985,0.898030043,0.00903,0.00376
721.7199707,0.00365,0.011030001,0.92524004,0.8926,0.00834,0.00387
722.0499878,0.00372,0.01421,0.931249976,0.885029972,0.00787,0.00394
722.3800049,0.0039,0.019440001,0.934989989,0.874140024,0.00759,0.0041
722.7199707,0.004,0.028010001,0.935660005,0.858170033,0.00733,0.00413
723.0499878,0.00412,0.041960001,0.93355006,0.836809993,0.00714,0.00428
723.3800049,0.00419,0.06346,0.928280056,0.809110045,0.00693,0.00438
723.7199707,0.00426,0.095310003,0.920970023,0.774890006,0.0068,0.00453
724.0499878,0.00427,0.139519989,0.912369967,0.734849989,0.00665,0.00463
724.3800049,0.00442,0.197859988,0.903150022,0.690429986,0.00655,0.0049
724.7199707,0.00455,0.269519985,0.894410014,0.642890036,0.00643,0.00509
725.0499878,0.00471,0.352070004,0.887289941,0.593620002,0.00634,0.00543
725.3800049,0.00495,0.441740006,0.882129967,0.543160021,0.00628,0.00578
725.7199707,0.00541,0.533230007,0.879830003,0.492760003,0.00628,0.00629
726.0499878,0.00592,0.621169984,0.880070031,0.442929983,0.00629,0.00687
726.3800049,0.00661,0.701250017,0.883140028,0.393539995,0.00632,0.00775
726.7199707,0.00736,0.769599974,0.888750017,0.344500005,0.00627,0.008909999
727.0499878,0.0082,0.824829996,0.896529973,0.296690017,0.00627,0.01069
727.3800049,0.00931,0.866670012,0.90526998,0.251049995,0.00626,0.013409999
727.710022,0.0108,0.897269964,0.914820015,0.208440006,0.00627,0.018070001
728.0499878,0.01282,0.918799996,0.924189985,0.169729993,0.00623,0.02599
728.3800049,0.015729999,0.933379948,0.933329999,0.135570005,0.00614,0.039530002
728.710022,0.02014,0.943210006,0.941620052,0.106470004,0.00611,0.061750002
729.0499878,0.027039999,0.949999988,0.948320031,0.08264,0.0061,0.096649997
729.3800049,0.038290001,0.954469979,0.953310013,0.063699998,0.00607,0.147040009
729.710022,0.056230001,0.95806998,0.95697999,0.049000002,0.0061,0.214400008
730.039978,0.084030002,0.960669994,0.95927,0.037839998,0.00609,0.296869993
730.3800049,0.124680005,0.962170005,0.960090041,0.029590001,0.00611,0.389919996
730.710022,0.180650011,0.963490009,0.960280001,0.023499999,0.00618,0.488750011
731.039978,0.252359986,0.963990033,0.959710002,0.019270001,0.0062,0.586740017
731.3699951,0.337009996,0.963760018,0.958790004,0.01615,0.00619,0.677320004
731.710022,0.430299997,0.963090003,0.95776999,0.01398,0.00622,0.756039977
732.039978,0.527330041,0.962009966,0.956439972,0.012469999,0.00627,0.819729984
732.3699951,0.621089995,0.960759938,0.954069972,0.01143,0.00627,0.867850065
732.7000122,0.70638001,0.959609985,0.950309992,0.01055,0.00619,0.902920008
733.039978,0.77947998,0.958599985,0.943050027,0.00995,0.00616,0.927320004
733.3699951,0.83762002,0.958050013,0.931679964,0.00955,0.00617,0.943960011
733.7000122,0.882139981,0.957730055,0.914359987,0.00923,0.00622,0.955039978
734.0300293,0.913909972,0.957910001,0.889180005,0.00897,0.00618,0.961569965
734.3599854,0.936449945,0.95875001,0.855989993,0.008719999,0.00613,0.965579987
734.7000122,0.95194,0.959609985,0.813870013,0.00849,0.00606,0.967559993
735.0300293,0.962490022,0.960690022,0.76323998,0.00839,0.00611,0.968879998
735.3599854,0.968879998,0.961409986,0.70472002,0.00824,0.00612,0.969609976
735.6900024,0.973060012,0.962139964,0.639869988,0.00806,0.00615,0.970049977
736.0200195,0.975279987,0.963349998,0.570609987,0.007929999,0.00607,0.970220029
736.3499756,0.976539969,0.96419996,0.499760032,0.00784,0.00613,0.970459998
736.6900024,0.976939976,0.964400053,0.428779989,0.00779,0.00612,0.970409989
737.0200195,0.976930022,0.964720011,0.360689998,0.00775,0.00614,0.970849991
737.3499756,0.97683996,0.965160012,0.296880007,0.00766,0.00616,0.970969975
737.6799927,0.976930022,0.965810001,0.239599988,0.00767,0.00619,0.971520007
738.0100098,0.976930022,0.966360033,0.189659998,0.00765,0.0062,0.972030044
738.3400269,0.976960003,0.966530025,0.147279993,0.0077,0.00633,0.97262001
738.6799927,0.977349997,0.966920018,0.112609997,0.00769,0.0063,0.973259985
739.0100098,0.977419972,0.967090011,0.085150003,0.00765,0.00633,0.973450005
739.3400269,0.977500021,0.966960013,0.063940004,0.00761,0.0064,0.972959995
739.6699829,0.977800012,0.967350006,0.048149999,0.00764,0.00644,0.972479999
740,0.977969944,0.966999948,0.03638,0.00757,0.00643,0.97082001
740.3300171,0.977819979,0.966610014,0.027869999,0.00755,0.00641,0.968850017
740.6599731,0.977450013,0.965979993,0.02177,0.00745,0.00633,0.966509998
740.9899902,0.976909995,0.964709997,0.01753,0.00743,0.00637,0.964130044
741.3200073,0.97615999,0.962679982,0.01451,0.00753,0.00644,0.962119997
741.6599731,0.974830031,0.958779991,0.0124,0.0076,0.00646,0.960260034
741.9899902,0.973360002,0.95073998,0.010930001,0.00761,0.00647,0.958529949
742.3200073,0.971509993,0.938140035,0.00991,0.00766,0.00644,0.957559943
742.6500244,0.970019996,0.917959988,0.009190001,0.00768,0.00651,0.957229972
742.9799805,0.968739986,0.888089955,0.0086,0.00772,0.00655,0.957139969
743.3099976,0.967320025,0.846480012,0.00811,0.00769,0.00652,0.957229972
743.6400146,0.966399968,0.79200995,0.00776,0.00758,0.00646,0.957539976
743.9699707,0.966230035,0.726019979,0.00744,0.00751,0.00639,0.958079994
744.2999878,0.966069996,0.650279999,0.00714,0.00746,0.00643,0.95818001
744.6300049,0.966369987,0.567879975,0.00695,0.00742,0.00649,0.958320022
744.960022,0.967069983,0.483009994,0.00677,0.00738,0.00648,0.95825994
745.289978,0.967260003,0.399690032,0.00672,0.00741,0.00648,0.957890034
745.6199951,0.96746999,0.322179973,0.00667,0.0074,0.00652,0.957679987
745.9500122,0.967799962,0.253479987,0.00656,0.00746,0.00653,0.957669973
746.2800293,0.96766001,0.194940001,0.00654,0.00751,0.0066,0.957329988
746.6099854,0.967409968,0.147019997,0.00652,0.00753,0.00659,0.956539989
746.9400024,0.966930032,0.109209992,0.00648,0.00759,0.00665,0.954629958
747.2800293,0.965860009,0.080090001,0.00641,0.0076,0.00669,0.950299978
747.6099854,0.965500057,0.05827,0.00637,0.00757,0.00673,0.942259967
747.9400024,0.965449989,0.042329997,0.00637,0.00769,0.00679,0.928010046
748.2700195,0.96449995,0.031029999,0.00635,0.00767,0.00686,0.90406996
748.5999756,0.96303004,0.022850001,0.00635,0.00762,0.0069,0.868200004
748.9299927,0.958890021,0.01726,0.00624,0.00758,0.00685,0.818599999
749.2600098,0.951559961,0.01337,0.0062,0.00753,0.00679,0.754530013
749.5800171,0.938199997,0.010729999,0.00618,0.00758,0.0068,0.678219974
749.9099731,0.915759981,0.0089,0.00608,0.00757,0.00677,0.593490005
750.2399902,0.879950047,0.00761,0.00601,0.00746,0.00673,0.503849983
750.5700073,0.83002001,0.00666,0.00596,0.00743,0.00664,0.414929986
750.9000244,0.764990032,0.00601,0.0059,0.00748,0.00661,0.331660002
751.2299805,0.687229991,0.00547,0.00594,0.0075,0.00662,0.257919997
751.5599976,0.599819958,0.00513,0.00595,0.00756,0.00672,0.195909992
751.8900146,0.507799983,0.00482,0.00592,0.00755,0.0067,0.145769998
752.2199707,0.416209996,0.00474,0.00597,0.00761,0.00677,0.10689
752.5499878,0.331059992,0.00455,0.00594,0.00762,0.00672,0.077239998
752.8800049,0.256209999,0.00444,0.00596,0.00765,0.00682,0.055509999
753.210022,0.193490013,0.00432,0.00589,0.00759,0.00679,0.03968
753.539978,0.143580005,0.00423,0.00589,0.00763,0.00685,0.028510001
753.8699951,0.104960002,0.00412,0.00585,0.0076,0.0068,0.020819999
754.2000122,0.075659998,0.00409,0.0058,0.00755,0.00681,0.015579999
754.5300293,0.054180004,0.00391,0.00574,0.00748,0.00677,0.01193
754.8599854,0.038729999,0.00397,0.00581,0.00755,0.00691,0.009670001
755.1900024,0.0277,0.00391,0.0058,0.00757,0.00699,0.00802
755.5100098,0.02014,0.00393,0.00586,0.00764,0.00715,0.00703
755.8400269,0.01501,0.0039,0.00582,0.00765,0.00714,0.00633
756.1699829,0.0115,0.0038,0.00581,0.00758,0.00713,0.00564
756.5,0.00906,0.00364,0.00574,0.00752,0.00706,0.00519
756.8300171,0.00753,0.00354,0.00572,0.0076,0.00713,0.00496
757.1599731,0.00645,0.00346,0.00567,0.00755,0.00708,0.0047
757.4899902,0.00571,0.00347,0.00561,0.00754,0.00704,0.00449
757.8200073,0.00523,0.00336,0.00556,0.00754,0.00702,0.00431
758.1400146,0.00479,0.00332,0.0055,0.0075,0.00701,0.0041
758.4699707,0.00454,0.00332,0.00554,0.00762,0.00712,0.00412
758.7999878,0.00435,0.00337,0.0056,0.00764,0.00718,0.00405
759.1300049,0.00413,0.0034,0.00556,0.00759,0.00719,0.00398
759.460022,0.00401,0.00338,0.0056,0.00761,0.00727,0.00389
759.789978,0.00392,0.00332,0.00556,0.00767,0.00725,0.00385
760.1199951,0.00366,0.00321,0.00548,0.00757,0.00722,0.00381
760.4400024,0.00357,0.00315,0.00549,0.00757,0.00729,0.00376
760.7700195,0.00336,0.00315,0.00538,0.00747,0.0073,0.00361
761.0999756,0.00334,0.00312,0.00533,0.00757,0.00739,0.00354
761.4299927,0.00335,0.0031,0.00537,0.0076,0.00749,0.00354
761.7600098,0.00325,0.00299,0.00532,0.00765,0.00741,0.00353
762.0800171,0.00317,0.00292,0.00535,0.0076,0.00747,0.00348
762.4099731,0.0032,0.00296,0.00538,0.00769,0.00753,0.00344
762.7399902,0.00321,0.0029,0.00539,0.00773,0.00756,0.00334
763.0700073,0.00324,0.00287,0.00539,0.007850001,0.00757,0.00334
763.4000244,0.00319,0.00279,0.00545,0.00787,0.0075,0.00333
763.7199707,0.00315,0.00274,0.0054,0.00789,0.00747,0.00324
764.0499878,0.00311,0.00269,0.00539,0.00787,0.00756,0.00321
764.3800049,0.00305,0.00262,0.00531,0.00786,0.00754,0.00314
764.710022,0.00301,0.00264,0.0053,0.007850001,0.00756,0.00311
765.039978,0.00296,0.00276,0.00526,0.007879999,0.00761,0.00318
765.3599854,0.00293,0.00269,0.00527,0.00787,0.00761,0.00313
765.6900024,0.00289,0.00268,0.00522,0.00795,0.0077,0.00309
766.0200195,0.00282,0.0027,0.00521,0.00798,0.00776,0.00302
766.3499756,0.00278,0.00266,0.00522,0.00808,0.00775,0.00293
766.6699829,0.0028,0.0027,0.00526,0.00813,0.00777,0.00302
767,0.00277,0.00266,0.00529,0.00816,0.00782,0.00305
767.3300171,0.00271,0.00254,0.0053,0.00811,0.00784,0.00299
767.6500244,0.00264,0.00254,0.00525,0.00815,0.007929999,0.00302
767.9799805,0.0025,0.00238,0.00519,0.00798,0.00782,0.0029
768.3099976,0.00241,0.00227,0.00518,0.007879999,0.00777,0.00287
768.6400146,0.00239,0.00229,0.00515,0.007850001,0.00786,0.00288
768.960022,0.00229,0.00212,0.00511,0.00782,0.00783,0.00274
769.289978,0.00221,0.00204,0.00501,0.0078,0.00782,0.00258
769.6199951,0.00216,0.00196,0.00495,0.007850001,0.00784,0.00253
769.9400024,0.00212,0.00192,0.005,0.00783,0.00781,0.00242
770.2700195,0.00218,0.00204,0.00504,0.00797,0.008,0.00241
770.5999756,0.00222,0.002,0.00504,0.00811,0.008090001,0.00241
770.9199829,0.00214,0.00187,0.00499,0.00805,0.00807,0.00232
771.25,0.00216,0.00201,0.00503,0.008119999,0.00818,0.00231
771.5800171,0.00211,0.00205,0.00513,0.008140001,0.00816,0.00232
771.9000244,0.00203,0.00203,0.00519,0.00815,0.008140001,0.00227
772.2299805,0.00197,0.00198,0.00511,0.00818,0.00813,0.00219
772.5599976,0.00191,0.00193,0.00501,0.00813,0.00805,0.00215
772.8800049,0.00185,0.00199,0.00499,0.00821,0.00807,0.0021
773.210022,0.00184,0.00205,0.00496,0.00828,0.008090001,0.00208
773.539978,0.00174,0.00198,0.00489,0.00826,0.0081,0.002
773.8599854,0.00174,0.00191,0.00486,0.008309999,0.00816,0.00203
774.1900024,0.00175,0.00196,0.00491,0.00838,0.00826,0.00204
774.5200195,0.00167,0.00193,0.00488,0.00827,0.00824,0.00201
774.8400269,0.00171,0.00187,0.00495,0.008309999,0.0082,0.00199
775.1699829,0.00166,0.0017,0.00496,0.008169999,0.00818,0.00197
775.5,0.00158,0.00159,0.00496,0.00813,0.008140001,0.00194
775.8200073,0.00162,0.0016,0.00505,0.0083,0.00824,0.00197
776.1500244,0.00153,0.00152,0.005,0.00829,0.00819,0.00185
776.4699707,0.00151,0.00138,0.00494,0.00818,0.00808,0.00172
776.7999878,0.00159,0.00143,0.005,0.008309999,0.00818,0.00184
777.1199951,0.00144,0.00135,0.00499,0.00834,0.00824,0.00182
777.4500122,0.00139,0.00139,0.00499,0.00838,0.00821,0.00179
777.7800293,0.00135,0.00142,0.00502,0.00842,0.00823,0.00178
778.0999756,0.00134,0.00145,0.00504,0.00825,0.00816,0.00175
778.4299927,0.00136,0.0015,0.0051,0.00828,0.00822,0.00174
778.75,0.00133,0.00161,0.00516,0.00843,0.00834,0.00179
779.0800171,0.00128,0.00154,0.00525,0.00848,0.0085,0.00172
779.4000244,0.00132,0.00156,0.00529,0.00856,0.00856,0.00176
779.7299805,0.00134,0.00158,0.00541,0.00861,0.00861,0.00169
780.0599976,0.00137,0.00158,0.00549,0.00865,0.00861,0.00163
780.3800049,0.00132,0.00146,0.00541,0.008669999,0.00854,0.00162
780.710022,0.00125,0.00138,0.00544,0.00876,0.00851,0.00164
781.0300293,0.00122,0.00134,0.00535,0.008690001,0.00852,0.00167
781.3599854,0.00119,0.00141,0.00537,0.008669999,0.00837,0.00166
781.6799927,0.00127,0.00147,0.0055,0.00862,0.00854,0.00166
782.0100098,0.00123,0.00147,0.00545,0.00857,0.00857,0.00171
782.3300171,0.00116,0.00146,0.00532,0.00856,0.008640001,0.00165
782.6599731,0.00106,0.00148,0.00537,0.0086,0.00878,0.00156
782.9799805,0.00105,0.00154,0.00544,0.00858,0.00877,0.00154
783.3099976,0.00105,0.00146,0.00554,0.00862,0.0087,0.00149
783.6300049,0.00106,0.00142,0.00556,0.00861,0.00868,0.00148
783.960022,0.00094,0.0014,0.00546,0.0086,0.00855,0.0014
784.2800293,0.00094,0.00143,0.00551,0.00871,0.00857,0.00136
784.6099854,0.00095,0.00149,0.00559,0.00878,0.00856,0.00146
784.9299927,0.00099,0.00144,0.00556,0.00882,0.00847,0.00152
785.2600098,0.00104,0.00139,0.00546,0.00876,0.00852,0.00152
785.5800171,0.00096,0.00137,0.00539,0.00878,0.00851,0.00145
785.9099731,0.00097,0.00131,0.00533,0.00884,0.00861,0.00143
786.2299805,0.00091,0.0013,0.00532,0.008859999,0.008590001,0.00142
786.5599976,0.00086,0.00131,0.00531,0.00883,0.00857,0.00143
786.8800049,0.0009,0.00124,0.00532,0.00878,0.00862,0.00127
787.2000122,0.00082,0.00129,0.00526,0.00875,0.008590001,0.00122
787.5300293,0.00073,0.00131,0.00536,0.00877,0.00863,0.00118
787.8499756,0.00083,0.00141,0.00538,0.00881,0.00866,0.00122
788.1799927,0.00085,0.00152,0.00539,0.00885,0.00862,0.00125
788.5,0.00086,0.00145,0.00534,0.00877,0.00862,0.00119
788.8300171,0.00086,0.00138,0.0053,0.00874,0.0086,0.00107
789.1500244,0.00083,0.00142,0.00532,0.0088,0.008669999,0.00119
789.4699707,0.00082,0.00145,0.00544,0.00892,0.00881,0.00118
789.7999878,0.00091,0.00144,0.00539,0.0089,0.00882,0.00119
790.1199951,0.00086,0.0013,0.00535,0.00879,0.00884,0.00112
790.4500122,0.00074,0.00122,0.00538,0.00871,0.00887,0.00107
790.7700195,0.00079,0.00128,0.00554,0.0089,0.00895,0.00118
791.0900269,0.00083,0.00131,0.00551,0.00892,0.009,0.00125
791.4199829,0.00084,0.00132,0.00547,0.00892,0.008859999,0.00121
791.7399902,0.00086,0.0013,0.00547,0.008859999,0.00878,0.00121
792.0599976,0.00076,0.00133,0.00545,0.00894,0.00874,0.00113
792.3900146,0.00078,0.00155,0.00561,0.00912,0.00882,0.00123
792.710022,0.00083,0.00155,0.00552,0.00915,0.00883,0.00124
793.039978,0.00085,0.00156,0.00536,0.00909,0.0088,0.00124
793.3599854,0.00079,0.00157,0.00539,0.00914,0.00874,0.00122
793.6799927,0.00088,0.00155,0.00544,0.0092,0.00885,0.00125
794.0100098,0.00084,0.00142,0.0054,0.00915,0.00885,0.0012
794.3300171,0.00102,0.00153,0.00552,0.00931,0.00904,0.00141
794.6500244,0.00093,0.00136,0.00539,0.00921,0.009,0.00129
794.9799805,0.00092,0.0014,0.00544,0.00926,0.00898,0.0013
795.2999878,0.00089,0.00145,0.00563,0.00932,0.009,0.0014
795.6199951,0.0009,0.0015,0.00569,0.00931,0.00902,0.00144
795.9400024,0.00078,0.00148,0.00568,0.00927,0.009,0.00145
796.2700195,0.00075,0.00159,0.00571,0.0093,0.00909,0.00148
796.5900269,0.00061,0.0015,0.00566,0.00911,0.00897,0.00129
796.9099731,0.00073,0.00155,0.00577,0.00916,0.00903,0.00135
797.2399902,0.00067,0.0015,0.00576,0.009190001,0.00904,0.00128
797.5599976,0.00069,0.00152,0.00572,0.009240001,0.00907,0.00117
797.8800049,0.00074,0.00151,0.00568,0.00929,0.00918,0.00119
798.210022,0.0007,0.00153,0.00561,0.00928,0.009190001,0.00114
798.5300293,0.00073,0.00151,0.00555,0.00934,0.00916,0.00107
798.8499756,0.0005,0.00145,0.00552,0.009380001,0.00914,0.00114
799.1699829,0.00047,0.00148,0.00556,0.009459999,0.00918,0.00129
799.5,0.00053,0.00164,0.00564,0.00936,0.00914,0.00134
799.8200073,0.0005,0.00159,0.00561,0.00926,0.00907,0.00129
800.1400146,0.00046,0.00156,0.00561,0.00926,0.00895,0.00129
800.460022,0.00046,0.0015,0.00553,0.00926,0.0089,0.00128
800.789978,0.0005,0.00147,0.0056,0.00922,0.00897,0.0014
801.1099854,0.00075,0.00153,0.00565,0.00925,0.00904,0.00142
801.4299927,0.00069,0.0014,0.00557,0.00911,0.008909999,0.00128
801.75,0.00051,0.00118,0.00546,0.00906,0.00885,0.00115
802.0700073,0.0005,0.00121,0.00559,0.0092,0.00892,0.00121
802.4000244,0.00049,0.00124,0.00557,0.00914,0.00898,0.00121
802.7199707,0.00063,0.00142,0.00581,0.00927,0.00902,0.00132
803.039978,0.00066,0.00155,0.00589,0.00935,0.008880001,0.00141
803.3599854,0.00054,0.00161,0.00594,0.009380001,0.00883,0.00138
803.6799927,0.00057,0.00163,0.00592,0.00947,0.00883,0.00146
804.0100098,0.00071,0.00172,0.00602,0.00957,0.008909999,0.00148
804.3300171,0.00068,0.0017,0.00594,0.0095,0.00889,0.0014
804.6500244,0.00065,0.00175,0.00603,0.00961,0.00883,0.00142
804.9699707,0.00049,0.00153,0.00594,0.00942,0.00879,0.00131
805.289978,0.00051,0.00145,0.00589,0.00937,0.00884,0.00114
805.6199951,0.00056,0.00142,0.00579,0.00931,0.0088,0.0011
805.9400024,0.00055,0.00141,0.00575,0.00927,0.00885,0.00101
806.2600098,0.00053,0.00138,0.0057,0.009240001,0.00877,0.00105
806.5800171,0.00053,0.00126,0.00564,0.00912,0.0087,0.00101
806.9000244,0.00066,0.00123,0.00563,0.00908,0.00873,0.001
807.2199707,0.00069,0.0012,0.00558,0.00915,0.00877,0.00108
807.539978,0.00056,0.00125,0.00551,0.00915,0.008719999,0.00113
807.8699951,0.00062,0.00123,0.00553,0.00915,0.00874,0.00109
808.1900024,0.00062,0.00126,0.00552,0.00921,0.00871,0.00122
808.5100098,0.00066,0.00123,0.00551,0.00929,0.00875,0.00122
808.8300171,0.00066,0.00126,0.00541,0.00934,0.008719999,0.0012
809.1500244,0.00048,0.00119,0.00539,0.00936,0.00878,0.00123
809.4699707,0.00052,0.00125,0.00553,0.00939,0.0088,0.00126
809.789978,0.00055,0.0012,0.0056,0.00936,0.00874,0.00121
810.1099854,0.00042,0.00115,0.00558,0.009330001,0.00866,0.00123
810.4299927,0.00039,0.00119,0.00558,0.009380001,0.0086,0.00105
810.7600098,0.00039,0.00126,0.00564,0.00944,0.00853,0.00106
811.0800171,0.00045,0.00137,0.00578,0.00956,0.00854,0.00124
811.4000244,0.00056,0.00142,0.00587,0.00961,0.00858,0.00116
811.7199707,0.00061,0.00154,0.00596,0.00973,0.0086,0.00114
812.039978,0.00074,0.00161,0.00606,0.00995,0.008719999,0.00124
812.3599854,0.00089,0.0016,0.00602,0.01002,0.00879,0.00127
812.6799927,0.00089,0.00146,0.00598,0.0099,0.00874,0.00134
813,0.00088,0.00147,0.00601,0.00984,0.0088,0.00137
813.3200073,0.00069,0.00143,0.00592,0.00982,0.00885,0.00123
813.6400146,0.00061,0.0014,0.00576,0.0097,0.008690001,0.00126
813.960022,0.0006,0.00136,0.00575,0.00977,0.00873,0.0013
814.2800293,0.00054,0.00131,0.00578,0.00964,0.008719999,0.00129
814.5999756,0.00055,0.00139,0.00584,0.00975,0.00873,0.00141
814.9199829,0.00049,0.00156,0.00598,0.00993,0.0089,0.00145
815.2399902,0.00058,0.00152,0.00598,0.00993,0.00896,0.00136
815.5599976,0.00075,0.00129,0.00598,0.00986,0.008859999,0.00137
815.8800049,0.00086,0.00135,0.00613,0.01002,0.00907,0.00141
816.2000122,0.00075,0.00137,0.00593,0.0099,0.00903,0.00131
816.5200195,0.00058,0.0012,0.00575,0.00989,0.00895,0.00128
816.8400269,0.00053,0.00119,0.00575,0.00986,0.009,0.00108
817.1599731,0.00051,0.00115,0.00576,0.00981,0.00896,0.00105
817.4799805,0.00057,0.00125,0.00586,0.00997,0.0091,0.00127
817.7999878,0.00069,0.00151,0.00599,0.01016,0.00918,0.00148
818.1199951,0.00053,0.00136,0.00581,0.009959999,0.009,0.00138
818.4400024,0.00053,0.00134,0.00587,0.0099,0.00901,0.00128
818.7600098,0.00086,0.00164,0.00605,0.01011,0.00926,0.00141
819.0800171,0.00085,0.00171,0.00607,0.01013,0.00927,0.00153
819.4000244,0.00094,0.00175,0.0061,0.01013,0.00925,0.00151
819.7199707,0.00077,0.00156,0.00584,0.00991,0.00906,0.00126
820.039978,0.0007,0.00154,0.00584,0.00968,0.00905,0.00121
820.3599854,0.00072,0.00154,0.00596,0.00977,0.00909,0.00117
820.6799927,0.0008,0.00155,0.00604,0.00976,0.0091,0.00128
821,0.00063,0.00149,0.00603,0.00958,0.008909999,0.00115
821.3200073,0.00068,0.00151,0.00603,0.00957,0.00897,0.00114
821.6400146,0.00068,0.00148,0.00591,0.00945,0.00896,0.00117
821.960022,0.00069,0.00163,0.00608,0.00957,0.00898,0.00136
822.2700195,0.0007,0.00168,0.0061,0.00971,0.00903,0.00129
822.5900269,0.00071,0.00184,0.00605,0.0097,0.00898,0.00144
822.9099731,0.00062,0.00172,0.00594,0.00969,0.00889,0.0014
823.2299805,0.00065,0.00174,0.00599,0.00984,0.00894,0.00152
823.5499878,0.00055,0.0016,0.00605,0.00984,0.0088,0.00152
823.8699951,0.00042,0.00159,0.00603,0.0098,0.00874,0.00142
824.1900024,0.00046,0.00151,0.00598,0.00969,0.00878,0.00124
824.5100098,0.00036,0.00138,0.00594,0.00963,0.00883,0.00128
824.8300171,0.00031,0.00124,0.00605,0.00963,0.00894,0.00127
825.1400146,0.00039,0.00112,0.00613,0.00972,0.00896,0.00122
825.460022,0.0004,0.0011,0.00611,0.00949,0.00902,0.00117
825.7800293,0.00042,0.00115,0.00603,0.00936,0.00908,0.00123
826.0999756,0.00063,0.00122,0.0062,0.00942,0.00916,0.00135
826.4199829,0.00065,0.00123,0.00635,0.0097,0.00912,0.00141
826.7399902,0.00064,0.00125,0.00634,0.00982,0.00892,0.0013
827.0599976,0.00085,0.00138,0.0064,0.01001,0.00887,0.00136
827.3699951,0.0009,0.00161,0.00631,0.00988,0.00897,0.00152
827.6900024,0.00099,0.00178,0.00627,0.01006,0.00897,0.00165
828.0100098,0.00101,0.00176,0.00628,0.01017,0.00895,0.0014
828.3300171,0.00097,0.00169,0.00631,0.01039,0.00905,0.00152
828.6500244,0.001,0.00172,0.00626,0.01015,0.00912,0.00152
828.960022,0.00089,0.00173,0.00621,0.00999,0.00911,0.00158
829.2800293,0.00089,0.00174,0.00612,0.00995,0.00911,0.00149
829.5999756,0.00084,0.0018,0.00632,0.01013,0.0091,0.00148
829.9199829,0.00067,0.00161,0.00634,0.010089999,0.00909,0.0013
830.2399902,0.00059,0.00156,0.00633,0.01012,0.009,0.00156
830.5499878,0.0007,0.00157,0.00628,0.01007,0.00902,0.00152
830.8699951,0.00058,0.00158,0.00617,0.01023,0.00878,0.00156
831.1900024,0.00072,0.00167,0.00631,0.01046,0.00901,0.00172
831.5100098,0.00073,0.0017,0.00636,0.01059,0.00915,0.00186
831.8300171,0.00057,0.00159,0.00631,0.01052,0.00903,0.0018
832.1400146,0.0007,0.00147,0.00643,0.01052,0.00893,0.00192
832.460022,0.00077,0.0015,0.00649,0.01058,0.00889,0.0018
832.7800293,0.00068,0.00155,0.00645,0.01042,0.00875,0.0017
833.0999756,0.00073,0.0017,0.00648,0.01049,0.00915,0.00187
833.4099731,0.00082,0.00158,0.00645,0.0104,0.00917,0.00173
833.7299805,0.00083,0.00155,0.0064,0.01021,0.0092,0.00163
834.0499878,0.00091,0.00156,0.00626,0.01018,0.00926,0.00156
834.3599854,0.00083,0.00165,0.0062,0.01028,0.00934,0.0015
834.6799927,0.00074,0.00162,0.00614,0.01015,0.009409999,0.00138
835,0.00078,0.00166,0.00622,0.010319999,0.00945,0.00135
835.3200073,0.00081,0.00156,0.0063,0.01021,0.0094,0.00124
835.6300049,0.0007,0.00158,0.00636,0.01016,0.009459999,0.0012
835.9500122,0.00046,0.00136,0.00632,0.010039999,0.00927,0.0011
836.2700195,0.00045,0.00135,0.00639,0.01007,0.00915,0.00119
836.5800171,0.00035,0.00134,0.00626,0.00988,0.00902,0.00103
836.9000244,0.00054,0.00144,0.00635,0.0099,0.00917,0.0012
837.2199707,0.00047,0.00128,0.00616,0.0097,0.00914,0.00117
837.5300293,0.00056,0.00133,0.00611,0.0098,0.00902,0.00109
837.8499756,0.00061,0.0015,0.0062,0.01005,0.00893,0.00114
838.1699829,0.00065,0.00167,0.00619,0.010089999,0.00894,0.00108
838.4799805,0.00073,0.00174,0.00624,0.01008,0.00909,0.0011
838.7999878,0.00075,0.00165,0.00617,0.0101,0.00913,0.00107
839.1199951,0.00071,0.00153,0.00615,0.01007,0.00915,0.00093
839.4299927,0.00076,0.00168,0.00636,0.01008,0.00909,0.00104
839.75,0.00071,0.00157,0.00642,0.01007,0.00909,0.00105
840.0700073,0.00054,0.0013,0.00611,0.009670001,0.00902,0.00092
840.3800049,0.00064,0.00133,0.00621,0.0098,0.00906,0.00096
840.7000122,0.00066,0.00124,0.00619,0.00972,0.00904,0.00104
841.0100098,0.00073,0.00122,0.00627,0.00973,0.00907,0.00121
841.3300171,0.00065,0.00114,0.00613,0.009670001,0.00892,0.00125
841.6500244,0.00063,0.00096,0.00614,0.00992,0.00894,0.00112
841.960022,0.00045,0.00109,0.00611,0.00983,0.00902,0.00121
842.2800293,0.00053,0.00128,0.00626,0.01013,0.00896,0.00134
842.5999756,0.00063,0.0012,0.00624,0.010190001,0.00916,0.00144
842.9099731,0.00069,0.00137,0.00621,0.01036,0.00926,0.00128
843.2299805,0.00072,0.0015,0.00613,0.01043,0.00928,0.00111
843.539978,0.00062,0.00155,0.00619,0.01058,0.00923,0.00123
843.8599854,0.00064,0.00158,0.00619,0.01051,0.00944,0.00133
844.1699829,0.00077,0.00134,0.00609,0.010290001,0.00942,0.00112
844.4899902,0.00082,0.00125,0.00603,0.010190001,0.00945,0.00096
844.8099976,0.00069,0.00123,0.00597,0.00999,0.0093,0.00091
845.1199951,0.00054,0.00104,0.00577,0.00992,0.00922,0.00096
845.4400024,0.00057,0.0011,0.00589,0.009959999,0.00931,0.00108
845.75,0.00082,0.00121,0.00601,0.009959999,0.00952,0.00105
846.0700073,0.00078,0.00109,0.00598,0.00979,0.00939,0.00109
846.3800049,0.00053,0.00116,0.00596,0.00986,0.00923,0.00112
846.7000122,0.00045,0.00136,0.00616,0.00986,0.00945,0.00124
847.0100098,0.00035,0.00124,0.00618,0.00984,0.00939,0.00118
847.3300171,0.00056,0.00144,0.00656,0.0101,0.009459999,0.00123
847.6400146,0.00047,0.00147,0.00661,0.01012,0.00962,0.00128
847.960022,0.00043,0.00151,0.00667,0.01011,0.00968,0.00135
848.2700195,0.00049,0.00162,0.0067,0.01035,0.00976,0.00131
848.5900269,0.0006,0.00163,0.00677,0.0106,0.00988,0.00132
848.9000244,0.00076,0.00158,0.00665,0.0105,0.00988,0.00138
849.2199707,0.00105,0.00191,0.00695,0.01071,0.009959999,0.00144
849.5300293,0.00088,0.00193,0.00708,0.010620001,0.01015,0.00151
849.8499756,0.00084,0.00178,0.00707,0.01052,0.00989,0.0014
850.1599731,0.00088,0.00168,0.00711,0.0105,0.00982,0.00131
850.4799805,0.00074,0.00185,0.00688,0.010340001,0.00973,0.00132
850.789978,0.00088,0.00191,0.00701,0.01023,0.00981,0.00148
851.1099854,0.00064,0.00171,0.00704,0.01042,0.00974,0.00158
851.4199829,0.00051,0.00159,0.00678,0.01041,0.00981,0.00154
851.7399902,0.00035,0.00134,0.00642,0.01026,0.00958,0.00139
852.0499878,0.00044,0.0014,0.0063,0.0104,0.00966,0.00141
852.3599854,0.00027,0.00149,0.00616,0.010319999,0.00955,0.00141
852.6799927,0.0004,0.0014,0.00631,0.01035,0.00968,0.00128
852.9899902,0.00044,0.00142,0.0063,0.0105,0.00993,0.00129
853.3099976,0.00052,0.00154,0.00604,0.010369999,0.00971,0.001
853.6199951,0.00046,0.00151,0.00596,0.010369999,0.00966,0.001
853.9400024,0.00081,0.00168,0.00615,0.01044,0.00991,0.00112
854.25,0.00081,0.00184,0.00626,0.010369999,0.00989,0.00113
854.5599976,0.00089,0.00186,0.00634,0.010720001,0.01002,0.0011
854.8800049,0.00091,0.00196,0.00645,0.01101,0.01011,0.00131
855.1900024,0.00107,0.00202,0.00638,0.0109,0.010039999,0.00135
855.5100098,0.00103,0.00195,0.00646,0.010980001,0.01027,0.00153
855.8200073,0.00092,0.00186,0.00647,0.010939999,0.010190001,0.00154
856.1300049,0.00074,0.00197,0.00646,0.011059999,0.00997,0.00162
856.4500122,0.00061,0.00162,0.00619,0.0109,0.00982,0.00147
856.7600098,0.00059,0.00145,0.00605,0.01074,0.009959999,0.00128
857.0700073,0.0006,0.00137,0.00603,0.01039,0.00976,0.00107
857.3900146,0.00021,0.00115,0.00607,0.01035,0.00952,0.00093
857.7000122,0.00016,0.00115,0.00629,0.010299999,0.009430001,0.00084
858.0200195,0.00043,0.00125,0.0064,0.010340001,0.009380001,0.00076
858.3300171,0.0004,0.0011,0.00634,0.010299999,0.00926,0.00075
858.6400146,0.00048,0.00123,0.00656,0.01045,0.00931,0.0009
858.960022,0.00036,0.00116,0.00642,0.01046,0.00898,0.00111
859.2700195,8.00E-05,0.00083,0.00626,0.01048,0.00889,0.00097
859.5800171,0.00035,0.00112,0.00627,0.01071,0.008880001,0.001
859.9000244,0.00053,0.00113,0.00617,0.010829999,0.0088,0.00093
860.210022,0.00056,0.001,0.00626,0.01082,0.00912,0.00114
860.5200195,0.00093,0.00098,0.00641,0.011030001,0.0094,0.00122
860.8300171,0.00095,0.00098,0.00646,0.01125,0.00955,0.00127
861.1500244,0.00118,0.00139,0.00687,0.01145,0.00977,0.00144
861.460022,0.00124,0.00168,0.00699,0.01155,0.00979,0.00173
861.7700195,0.00107,0.0014,0.00684,0.011460001,0.00984,0.00177
862.0900269,0.00104,0.00154,0.0069,0.01166,0.01006,0.00213
862.4000244,0.00083,0.00157,0.00687,0.01164,0.00981,0.00216
862.710022,0.00048,0.00177,0.00691,0.01149,0.00972,0.00201
863.0200195,0.00024,0.00164,0.00671,0.01126,0.00955,0.00203
863.3400269,-2.00E-05,0.00136,0.00653,0.010989999,0.00944,0.00166
863.6500244,3.00E-05,0.00133,0.00657,0.01107,0.00949,0.00145
863.960022,0.00023,0.00169,0.00699,0.01107,0.00964,0.00161
864.2700195,0.00031,0.00163,0.00698,0.01074,0.00944,0.00151
864.5900269,0.00047,0.00174,0.00709,0.010939999,0.00961,0.00145
864.9000244,0.00053,0.00172,0.00689,0.01095,0.009670001,0.0014
865.210022,0.00101,0.00195,0.00708,0.01102,0.00986,0.00151
865.5200195,0.00123,0.00208,0.00686,0.011,0.00987,0.0017
865.8400269,0.00148,0.00222,0.00693,0.011059999,0.01001,0.0019
866.1500244,0.00166,0.00217,0.00694,0.01115,0.010140001,0.00179
866.460022,0.00171,0.0022,0.00702,0.01145,0.0104,0.00185
866.7700195,0.00163,0.002,0.00676,0.01119,0.010340001,0.00166
867.0800171,0.0015,0.00156,0.00667,0.01107,0.01012,0.00156
867.4000244,0.00122,0.0015,0.00677,0.010989999,0.01002,0.0014
867.710022,0.00142,0.00143,0.00715,0.0111,0.01016,0.00142
868.0200195,0.00143,0.00148,0.00684,0.01096,0.0101,0.00149
868.3300171,0.00115,0.00132,0.00649,0.01074,0.00994,0.00154
868.6400146,0.00097,0.00137,0.00648,0.010570001,0.00994,0.00151
868.960022,0.0007,0.00129,0.0066,0.010650001,0.0098,0.00156
869.2700195,0.00069,0.0017,0.00677,0.01056,0.00989,0.00168
869.5800171,0.00093,0.00195,0.00693,0.010729999,0.01021,0.00182
869.8900146,0.00067,0.0018,0.00683,0.010629999,0.0101,0.00178
870.2000122,0.00059,0.00177,0.00715,0.01081,0.01012,0.00172
870.5100098,0.00042,0.00151,0.00717,0.01075,0.00992,0.00159
870.8200073,0.00024,0.00119,0.00699,0.010670001,0.00961,0.00142
871.1400146,0.00051,0.00153,0.00705,0.0106,0.0097,0.00162
871.4500122,0.00062,0.00137,0.00714,0.01074,0.00985,0.00146
871.7600098,0.00042,0.00119,0.00686,0.010650001,0.00956,0.00121
872.0700073,0.00027,0.00127,0.0067,0.01058,0.00957,0.00111
872.3800049,-1.00E-04,0.0011,0.0066,0.01045,0.009509999,0.00111
872.6900024,-7.00E-05,0.00142,0.00683,0.01056,0.00958,0.00112
873,6.00E-05,0.00163,0.00686,0.01047,0.00953,0.00125
873.3099976,-5.00E-05,0.0015,0.00677,0.0106,0.00939,0.00115
873.6300049,8.00E-05,0.0016,0.00674,0.010779999,0.00929,0.00133
873.9400024,-4.00E-05,0.00136,0.00647,0.010570001,0.0092,0.00115
874.25,4.00E-05,0.00141,0.00636,0.01076,0.00929,0.00142
874.5599976,0.00034,0.00139,0.00622,0.01084,0.0093,0.00139
874.8699951,0.0005,0.00131,0.00591,0.010720001,0.00928,0.00132
875.1799927,0.00057,0.00128,0.00577,0.01076,0.009380001,0.00108
875.4899902,0.00067,0.00105,0.00583,0.01091,0.009670001,0.00101
875.7999878,0.00041,0.00077,0.00567,0.0106,0.00949,0.00114
876.1099854,0.00054,0.00089,0.00574,0.01084,0.00932,0.00128
876.4199829,0.00074,0.00102,0.00617,0.01082,0.009190001,0.00134
876.7299805,0.00072,0.00113,0.00628,0.01079,0.00912,0.00129
877.039978,0.00078,0.00128,0.00648,0.01113,0.00949,0.00117
877.3499756,0.00085,0.00124,0.00654,0.01118,0.00954,0.00135
877.6599731,0.00096,0.00159,0.00662,0.01113,0.00958,0.00162
877.9699707,0.00098,0.00169,0.00662,0.011039999,0.009670001,0.00125
878.2800293,0.00114,0.00169,0.00695,0.011080001,0.00999,0.00152
878.5900269,0.00106,0.00155,0.0067,0.010989999,0.01016,0.00114
878.9000244,0.00098,0.00152,0.00679,0.010930001,0.010299999,0.00119
879.210022,0.00069,0.00122,0.00677,0.01076,0.009980001,0.00159
879.5200195,0.0004,0.0011,0.00667,0.01069,0.00993,0.00148
879.8300171,0,0.00074,0.00643,0.010199999,0.00932,0.00111
880.1400146,0.00018,0.00086,0.00656,0.010299999,0.00921,0.00148
880.4500122,-6.00E-05,0.00076,0.00648,0.01027,0.00903,0.00131
880.7600098,-0.00018,0.00084,0.00639,0.01033,0.00894,0.00142
881.0700073,7.00E-05,0.00092,0.00639,0.01038,0.00893,0.00154
881.3800049,0.00036,0.00098,0.00617,0.01042,0.00896,0.00134
881.6900024,0.00052,0.00118,0.00638,0.01054,0.00916,0.00138
882,0.0009,0.00165,0.00647,0.01102,0.00956,0.0015
882.3099976,0.00085,0.00156,0.00617,0.01113,0.00948,0.00126
882.6199951,0.00102,0.00157,0.0062,0.01118,0.00932,0.00162
882.9299927,0.00124,0.00151,0.00623,0.0114,0.009330001,0.00171
883.2399902,0.00133,0.00146,0.00626,0.0115,0.009330001,0.00168
883.5499878,0.00113,0.00128,0.00633,0.01164,0.00929,0.00141
883.8599854,0.00128,0.0012,0.00632,0.01153,0.00903,0.00135
884.1699829,0.00117,0.00083,0.00633,0.0114,0.008909999,0.00125
884.4799805,0.00098,0.00083,0.00638,0.011410001,0.00905,0.00129
884.789978,0.00091,0.00112,0.00621,0.01129,0.00908,0.00088
885.0900269,0.00079,0.00117,0.0063,0.01097,0.00897,0.00091
885.4000244,0.00061,0.00102,0.00596,0.0108,0.00871,0.0007
885.710022,0.00082,0.0014,0.00617,0.010779999,0.00875,0.00082
886.0200195,0.00078,0.00147,0.00642,0.010939999,0.00903,0.00109
886.3300171,0.00088,0.00148,0.00681,0.011080001,0.00903,0.00127
886.6400146,0.00122,0.00141,0.00714,0.011089999,0.0091,0.00132
886.9500122,0.00122,0.00115,0.00723,0.01113,0.00909,0.00133
887.2600098,0.00104,0.00097,0.00707,0.01114,0.00896,0.00127
887.5700073,0.00086,0.00108,0.00716,0.01115,0.00907,0.00126
887.8699951,0.00081,0.00118,0.00711,0.01124,0.00928,0.00163
888.1799927,0.00081,0.00146,0.00704,0.01135,0.00927,0.0017
888.4899902,0.00063,0.00136,0.00645,0.01126,0.00937,0.00168
888.7999878,0.00044,0.00149,0.00621,0.01122,0.00923,0.00162
889.1099854,0.00024,0.00153,0.00607,0.01107,0.009240001,0.00163
889.4199829,0.0005,0.00162,0.00624,0.011059999,0.00956,0.00164
889.7199707,0.00043,0.00143,0.00614,0.010770001,0.009330001,0.00156
890.0300293,0.00046,0.0011,0.00618,0.010650001,0.0093,0.0013
890.3400269,0.00053,0.00078,0.0061,0.01055,0.00909,0.00117
890.6500244,0.00069,0.00084,0.0065,0.01071,0.00899,0.001
890.960022,0.00059,0.00071,0.00665,0.010770001,0.00892,0.00077
891.2700195,0.00074,0.00074,0.00682,0.01107,0.00923,0.00092
891.5700073,0.0008,0.00085,0.00687,0.01122,0.00905,0.00073
891.8800049,0.00115,0.00132,0.00714,0.01153,0.0096,0.001
892.1900024,0.00104,0.00135,0.00708,0.01132,0.00947,0.00095
892.5,0.00097,0.00139,0.00718,0.01131,0.00954,0.00069
892.7999878,0.00064,0.00139,0.00693,0.011030001,0.009649999,0.00085
893.1099854,0.00077,0.00159,0.00683,0.01145,0.01007,0.00133
893.4199829,0.00091,0.00161,0.0068,0.0115,0.01002,0.00129
893.7299805,0.00084,0.00154,0.00678,0.01159,0.010190001,0.00151
894.039978,0.0007,0.00145,0.00693,0.011670001,0.00988,0.00141
894.3400269,0.00088,0.00163,0.00713,0.0119,0.01,0.00146
894.6500244,0.00074,0.00147,0.00676,0.01202,0.00992,0.0017
894.960022,0.00099,0.0016,0.00663,0.01197,0.00986,0.00163
895.2600098,0.00104,0.00153,0.00678,0.01168,0.00991,0.00149
895.5700073,0.00074,0.00151,0.00665,0.011410001,0.00987,0.00137
895.8800049,0.00049,0.00129,0.00644,0.011039999,0.00968,0.00101
896.1900024,0.00071,0.00108,0.00636,0.011039999,0.00969,0.00093
896.4899902,0.00048,0.00095,0.00603,0.010930001,0.009509999,0.00069
896.7999878,0.00078,0.00129,0.00638,0.011089999,0.00978,0.00071
897.1099854,0.00095,0.00145,0.00676,0.011390001,0.0098,0.00092
897.4199829,0.00114,0.0015,0.00681,0.01134,0.00973,0.00091
897.7199707,0.00107,0.00131,0.00704,0.01138,0.00995,0.00096
898.0300293,0.0011,0.00151,0.00743,0.011770001,0.01002,0.0013
898.3400269,0.00098,0.00176,0.00757,0.011849999,0.010249999,0.00165
898.6400146,0.00068,0.00145,0.00736,0.01149,0.0099,0.00171
898.9500122,0.00033,0.00104,0.00704,0.01118,0.00962,0.00135
899.2600098,0.00012,0.0011,0.00675,0.01096,0.00971,0.00114
899.5599976,0.00013,0.00147,0.00663,0.01122,0.00975,0.00114
899.8699951,0.00072,0.00189,0.00678,0.01163,0.00977,0.00123
900.1799927,0.00082,0.00188,0.00655,0.01169,0.00986,0.00105
900.4799805,0.00094,0.002,0.00645,0.01181,0.00991,0.00091
900.789978,0.00142,0.00238,0.00674,0.012209999,0.01036,0.00124
901.0999756,0.00201,0.00283,0.00728,0.01275,0.011039999,0.00192
901.4000244,0.0025,0.00296,0.00751,0.01349,0.01156,0.00221
901.710022,0.00229,0.00248,0.00752,0.013200001,0.01144,0.00213
902.0100098,0.00179,0.00231,0.00733,0.012990001,0.0114,0.00217
902.3200073,0.00169,0.00214,0.00736,0.01285,0.01118,0.00215
902.6300049,0.00147,0.00202,0.00745,0.01233,0.010989999,0.00179
902.9299927,0.00118,0.00212,0.00733,0.01201,0.010629999,0.00147
903.2399902,0.00085,0.00191,0.00698,0.011519999,0.01023,0.00116
903.539978,0.00018,0.0016,0.00672,0.01092,0.01,0.00082
903.8499756,0.00011,0.00157,0.00684,0.010720001,0.01012,0.00067
904.1599731,0.00027,0.00139,0.00685,0.01049,0.01,0.00056
904.460022,0.00064,0.00187,0.00688,0.01069,0.01038,0.00086
904.7700195,0.00068,0.00181,0.00665,0.01118,0.01047,0.00142
905.0700073,0.00081,0.00173,0.0069,0.011770001,0.010930001,0.00175
905.3800049,0.00069,0.00166,0.00686,0.0116,0.01076,0.00152
905.6799927,0.00064,0.00187,0.00727,0.0116,0.01045,0.00159
905.9899902,0.00079,0.00217,0.00708,0.011770001,0.01026,0.00162
906.2999878,0.00096,0.00224,0.00708,0.012209999,0.0104,0.00189
906.5999756,0.00076,0.00198,0.00703,0.01217,0.01016,0.00164
906.9099731,0.00062,0.00185,0.00728,0.01191,0.0101,0.00115
907.210022,0.0008,0.00192,0.00726,0.01156,0.00994,0.00107
907.5200195,0.00081,0.00188,0.00722,0.0115,0.00988,0.00101
907.8200073,0.00109,0.00192,0.0071,0.011369999,0.00993,0.00102
908.1300049,0.00111,0.0017,0.00726,0.01149,0.01026,0.00128
908.4299927,0.00109,0.00205,0.0077,0.011390001,0.01042,0.00138
908.7399902,0.0008,0.00196,0.00774,0.010930001,0.01051,0.00162
909.039978,0.00081,0.00194,0.00752,0.010930001,0.01055,0.00178
909.3499756,0.00048,0.00175,0.00768,0.01117,0.01076,0.00183
909.6500244,0.00102,0.00196,0.0081,0.011870001,0.01097,0.00211
909.960022,0.00097,0.00149,0.00803,0.01228,0.011,0.00178
910.2600098,0.00101,0.00168,0.00808,0.012309999,0.01116,0.00159
910.5700073,0.0008,0.0013,0.00775,0.012159999,0.010930001,0.00112
910.8699951,0.00107,0.0013,0.00799,0.0124,0.011109999,0.00126
911.1799927,0.00124,0.00151,0.00819,0.0126,0.0114,0.0015
911.4799805,0.00121,0.00172,0.008,0.01254,0.01119,0.00136
911.789978,0.001,0.00163,0.00768,0.011829999,0.01126,0.00128
912.0900269,0.00074,0.00158,0.00724,0.01121,0.01087,0.00143
912.3900146,0.00036,0.00114,0.00705,0.011030001,0.01033,0.00147
912.7000122,0.00014,0.00124,0.00703,0.01058,0.01017,0.00154
913,0.00039,0.00144,0.00715,0.01082,0.010240001,0.00149
913.3099976,0.00042,0.00129,0.00711,0.01082,0.00999,0.00155
913.6099854,0.00075,0.00153,0.00733,0.010770001,0.01023,0.00186
913.9199829,0.00035,0.00145,0.00738,0.010880001,0.00993,0.00183
914.2199707,0.00059,0.00177,0.0081,0.01096,0.0101,0.00193
914.5200195,0.00041,0.00184,0.0082,0.0107,0.01015,0.00176
914.8300171,0.00058,0.0018,0.00818,0.01113,0.01002,0.0019
915.1300049,0.00037,0.00181,0.00803,0.010980001,0.00964,0.00186
915.4400024,3.00E-05,0.00154,0.008119999,0.01079,0.0094,0.00157
915.7399902,8.00E-05,0.00096,0.00798,0.0104,0.00899,0.00094
916.039978,-0.00011,0.00063,0.007879999,0.010299999,0.00881,0.00061
916.3499756,-4.00E-05,0.00097,0.00799,0.010629999,0.00913,0.00104
916.6500244,0.00073,0.00121,0.00829,0.01124,0.0094,0.00142
916.960022,0.00097,0.00137,0.00842,0.01154,0.00977,0.00131
917.2600098,0.00103,0.00108,0.00802,0.011519999,0.00988,0.00106
917.5599976,0.00119,0.00144,0.00799,0.01158,0.009980001,0.00105
917.8699951,0.00098,0.00149,0.00779,0.01181,0.0101,0.00125
918.1699829,0.00151,0.00185,0.00802,0.01208,0.010319999,0.0017
918.4699707,0.00184,0.00151,0.007850001,0.01201,0.009980001,0.00142
918.7800293,0.00151,0.00179,0.00781,0.01197,0.00986,0.00142
919.0800171,0.00142,0.00182,0.00754,0.01174,0.0095,0.00161
919.3800049,0.00141,0.00202,0.00795,0.011619999,0.009380001,0.00192
919.6900024,0.00143,0.00149,0.00798,0.0119,0.00925,0.00184
919.9899902,0.00114,0.00149,0.00832,0.01204,0.00937,0.00206
920.289978,0.00078,0.00133,0.00813,0.01192,0.00948,0.00203
920.5900269,4.00E-05,0.00138,0.00792,0.01234,0.00976,0.00192
920.9000244,-0.00047,0.00124,0.00754,0.01199,0.00944,0.00171
921.2000122,-0.00024,0.00086,0.00764,0.012159999,0.00971,0.00175
921.5,-3.00E-05,0.00067,0.0078,0.012669999,0.00999,0.0017
921.8099976,0.00011,0.00101,0.0074,0.01266,0.010369999,0.00178
922.1099854,0.00085,0.00137,0.00731,0.01301,0.01079,0.00201
922.4099731,0.00096,0.00175,0.00749,0.013250001,0.01081,0.00201
922.710022,0.00124,0.00184,0.00719,0.01289,0.0106,0.00194
923.0200195,0.00163,0.00139,0.00722,0.01288,0.01033,0.00171
923.3200073,0.00141,0.00174,0.00706,0.01255,0.01023,0.00139
923.6199951,0.00121,0.00227,0.00702,0.012150001,0.010089999,0.00146
923.9199829,0.00141,0.00221,0.00694,0.01212,0.00978,0.00164
924.2299805,0.00118,0.00193,0.007,0.011770001,0.00958,0.00139
924.5300293,0.00136,0.00221,0.00675,0.01208,0.00971,0.00151
924.8300171,0.00125,0.00185,0.00685,0.011820001,0.00966,0.00129
925.1300049,0.00106,0.00191,0.00648,0.01179,0.010319999,0.00129
925.4400024,0.00088,0.00209,0.00638,0.01222,0.01043,0.00125
925.7399902,0.00082,0.00193,0.00581,0.012300001,0.01013,0.00106
926.039978,0.00045,0.00177,0.00588,0.01232,0.01006,0.00071
926.3400269,0.00073,0.00221,0.00604,0.012410001,0.01003,0.00076
926.6400146,0.00064,0.00168,0.0062,0.01176,0.009380001,0.00059
926.9500122,0.00089,0.00181,0.00594,0.01208,0.00934,0.00092
927.25,0.00143,0.00214,0.00649,0.01237,0.00922,0.00099
927.5499878,0.00167,0.00194,0.00658,0.01254,0.00954,0.00137
927.8499756,0.00168,0.00195,0.00689,0.01287,0.00972,0.00116
928.1500244,0.0017,0.00234,0.00691,0.01264,0.00979,0.00154
928.460022,0.00167,0.00213,0.00688,0.01275,0.00976,0.00131
928.7600098,0.00148,0.00246,0.00644,0.01314,0.00991,0.00111
929.0599976,0.00157,0.00241,0.00652,0.01282,0.01012,0.00142
929.3599854,0.00107,0.00238,0.00672,0.012610001,0.010039999,0.00184
929.6599731,0.00118,0.00215,0.00637,0.01207,0.00944,0.00168
929.960022,0.00053,0.00193,0.00616,0.01107,0.00922,0.0018
930.2600098,0.00064,0.00235,0.00625,0.01102,0.00932,0.00153
930.5700073,0.00049,0.00214,0.00644,0.0112,0.00911,0.00171
930.8699951,0.00073,0.00187,0.00724,0.0111,0.00949,0.00199
931.1699829,0.00041,0.00145,0.00716,0.010939999,0.00901,0.00121
931.4699707,0.00059,0.00131,0.00671,0.01055,0.00917,0.00086
931.7700195,0.00022,0.00151,0.00719,0.0109,0.0095,0.00098
932.0700073,0.00044,0.00121,0.00683,0.01128,0.00944,0.00069
932.3699951,0.00011,0.00036,0.00717,0.011059999,0.0091,0.00086
932.6699829,-0.00047,0.00031,0.00672,0.01084,0.00936,0.00074
932.9699707,-0.00067,0.00032,0.00594,0.0107,0.00958,0.00069
933.2700195,-0.00056,0.00071,0.00627,0.011059999,0.00988,0.00093
933.5800171,-0.00035,0.00095,0.00655,0.01194,0.00961,0.00142
933.8800049,0.00021,0.0009,0.00646,0.01143,0.009459999,0.00129
934.1799927,0.00073,0.00159,0.00725,0.01202,0.00968,0.00188
934.4799805,0.0009,0.00189,0.0069,0.012300001,0.00972,0.00191
934.7800293,0.00104,0.00163,0.00622,0.011870001,0.0088,0.0017
935.0800171,0.00095,0.00193,0.00633,0.01179,0.00824,0.00201
935.3800049,0.00135,0.0027,0.00675,0.012,0.0087,0.00248
935.6799927,0.00111,0.00257,0.00699,0.01161,0.009190001,0.00223
935.9799805,0.0012,0.00295,0.00708,0.01203,0.00939,0.00266
936.2800293,0.00081,0.00265,0.00644,0.01163,0.00981,0.00218
936.5800171,0.00104,0.00276,0.00682,0.012130001,0.0105,0.00255
936.8800049,0.00106,0.00275,0.00695,0.01223,0.010620001,0.00286
937.1799927,0.00165,0.00261,0.0073,0.012510001,0.01144,0.00269
937.4799805,0.00151,0.00259,0.00741,0.01284,0.011390001,0.00275
937.7800293,0.00158,0.00271,0.00712,0.012999999,0.01114,0.00331
938.0800171,0.00069,0.00227,0.00657,0.012460001,0.010629999,0.0031
938.3800049,0.00088,0.00197,0.00705,0.01282,0.01013,0.00318
938.6799927,0.00087,0.00232,0.00717,0.01245,0.00964,0.00241
938.9799805,0.00112,0.00237,0.00772,0.01254,0.01021,0.00247
939.2800293,0.00123,0.00262,0.00774,0.01237,0.010290001,0.00229
939.5800171,0.00133,0.00237,0.00772,0.012,0.010249999,0.0022
939.8800049,0.00113,0.00258,0.00801,0.01211,0.01064,0.00172
940.1799927,0.00129,0.00236,0.008309999,0.011820001,0.01097,0.0013
940.4799805,0.00123,0.00243,0.00868,0.01138,0.0111,0.00092
940.7800293,0.00206,0.00266,0.00862,0.01161,0.011360001,0.00146
941.0800171,0.00208,0.00306,0.00904,0.01163,0.01105,0.00125
941.3800049,0.00109,0.00235,0.008669999,0.0119,0.01033,0.00083
941.6799927,0.00126,0.00228,0.008309999,0.011849999,0.01018,0.00045
941.9799805,0.00133,0.00165,0.007710001,0.010930001,0.00944,-7.00E-05
942.2700195,0.00163,0.00174,0.0078,0.011419999,0.00909,-0.00032
942.5700073,0.00168,0.00183,0.00776,0.01148,0.0086,0.00016
942.8699951,0.00122,0.00136,0.00787,0.01125,0.00892,-0.00015
943.1699829,0.00151,0.00095,0.0069,0.01112,0.00889,-0.00051
943.4699707,0.00235,0.0015,0.00755,0.01112,0.00901,0.00016
943.7700195,0.00205,0.00128,0.0074,0.010620001,0.00852,6.00E-05
944.0700073,0.0013,0.00049,0.00622,0.01022,0.00721,-0.00036
944.3699951,0.0013,0.0008,0.00674,0.01069,0.00758,-4.00E-05
944.6699829,0.00116,0.0007,0.00554,0.01058,0.0076,-0.0003
944.9699707,0.001,0.00107,0.00566,0.010720001,0.00732,-0.00018
945.2600098,0.00099,0.00151,0.006,0.01123,0.00791,0.00069
945.5599976,0.00116,0.00142,0.00571,0.01107,0.0083,0.00038
945.8599854,0.00174,0.00204,0.00607,0.01131,0.0087,0.00108
946.1599731,0.00263,0.00256,0.00692,0.01202,0.00958,0.00103
946.460022,0.00245,0.00149,0.0064,0.01079,0.00902,0.00026
946.7600098,0.002,0.00069,0.00634,0.01058,0.00892,0.00028
947.0499878,0.00198,0.00045,0.0054,0.0097,0.00857,0.00011
947.3499756,0.00122,4.00E-05,0.00499,0.0088,0.00794,-0.00017
947.6500244,-4.00E-05,-0.00102,0.0037,0.00767,0.00639,-0.00101
947.9500122,-0.00042,-0.00126,0.00415,0.00764,0.00697,-0.00056
948.25,-0.00038,-0.00052,0.00415,0.008309999,0.00719,0.00041
948.5499878,-0.00014,0.00084,0.00475,0.00979,0.00753,0.00157
948.8400269,0.00029,0.00167,0.00537,0.00988,0.00796,0.00182
949.1400146,-0.00031,0.00105,0.00554,0.00966,0.00727,0.00159
949.4400024,-5.00E-05,0.00186,0.00569,0.0101,0.00734,0.00128
949.7399902,0.00115,0.00141,0.00474,0.0085,0.00618,0.00022
950.039978,0.00149,0.00073,0.00434,0.00913,0.00578,-0.00018
950.3300171,0.0022,0.00103,0.00506,0.00962,0.00639,0.0003
950.6300049,0.00171,0.00036,0.00423,0.00926,0.00627,5.00E-05
950.9299927,0.00165,4.00E-05,0.0043,0.009330001,0.00632,3.00E-05
951.2299805,0.00199,0.00017,0.00441,0.00999,0.0068,0.00041
951.5200195,0.00238,-1.00E-05,0.00537,0.010199999,0.00719,0.00113
951.8200073,0.00271,0.0018,0.007879999,0.01334,0.00955,0.00346
952.1199951,0.0022,0.0018,0.00756,0.01321,0.00953,0.00315
952.4199829,0.00111,0.00052,0.00649,0.01155,0.0089,0.00173
952.710022,0.00128,0.0004,0.00691,0.010880001,0.00911,0.00202
953.0100098,0.00108,-0.00016,0.00643,0.01035,0.00879,0.00193
953.3099976,0.00053,-0.00095,0.00553,0.01008,0.00925,0.00156
953.6099854,0.00069,-0.0008,0.00533,0.010620001,0.00925,0.00196
953.9000244,0.0007,-0.00035,0.00531,0.01089,0.00935,0.00195
954.2000122,-0.00026,-0.001,0.00516,0.010570001,0.008590001,0.00174
954.5,0.00014,8.00E-05,0.00618,0.0112,0.0089,0.00266
954.789978,0.00037,0.00046,0.00622,0.01126,0.00885,0.00184
955.0900269,0.0005,0.00172,0.00686,0.012180001,0.00964,0.00252
955.3900146,0.00118,0.00262,0.00734,0.012999999,0.00901,0.00214
955.6799927,0.00148,0.00207,0.00667,0.01269,0.00847,0.00127
955.9799805,0.00038,0.00075,0.00636,0.01189,0.00797,0.00091
956.2800293,0.00122,0.00111,0.00667,0.01203,0.00829,0.0008
956.5700073,0.00099,-1.00E-04,0.00562,0.01242,0.0077,-0.00099
956.8699951,0.00065,-0.00094,0.00525,0.01306,0.00747,-0.00089
957.1699829,0.0011,-0.00067,0.00554,0.01323,0.0071,-0.00097
957.460022,0.00037,-0.00034,0.00631,0.0135,0.00819,-6.00E-05
957.7600098,-0.00092,-0.00047,0.00656,0.01278,0.00825,0.00049
958.0599976,-0.00115,-4.00E-05,0.00657,0.0126,0.00827,-1.00E-05
958.3499756,0.00019,0.00128,0.0073,0.0136,0.0092,0.00052
958.6500244,0.00095,0.00198,0.00909,0.014149999,0.01064,0.00269
958.9500122,0.00109,0.00236,0.00928,0.01368,0.010670001,0.00322
959.2399902,0.0011,0.00143,0.0089,0.013309999,0.010340001,0.00256
959.539978,0.00132,0.00115,0.00773,0.011870001,0.00936,0.0021
959.8300171,0.00186,0.0016,0.00786,0.012259999,0.010629999,0.00168
960.1300049,0.00185,0.00155,0.00762,0.01308,0.01126,0.00263
960.4299927,0.00146,0.00161,0.00729,0.012970001,0.01087,0.00288
960.7199707,0.00106,0.00172,0.00667,0.01201,0.00988,0.00195
961.0200195,0.00194,0.00241,0.0066,0.012569999,0.011,0.00213
961.3099976,0.0025,0.00331,0.00663,0.01307,0.01174,0.00258
961.6099854,0.0027,0.00343,0.00736,0.01377,0.012359999,0.00248
961.9000244,0.00243,0.00222,0.00689,0.013940001,0.011419999,0.00155
962.2000122,0.00375,0.00292,0.00773,0.01391,0.01171,0.00165
962.5,0.0026,0.0018,0.00689,0.012300001,0.01186,0.00128
962.789978,0.00245,0.0012,0.00601,0.01164,0.012300001,0.00156
963.0900269,0.00216,0.00037,0.0061,0.01132,0.01164,0.00099
963.3800049,0.00194,-0.00018,0.00636,0.01036,0.011410001,0.00124
963.6799927,0.00176,-5.00E-05,0.00739,0.01044,0.01165,0.00169
963.9699707,0.00201,0.00088,0.00822,0.01056,0.01124,0.00205
964.2700195,0.00083,0.00015,0.00745,0.01035,0.01046,0.00167
964.5599976,0.0006,-0.00117,0.00797,0.01012,0.00947,0.00061
964.8599854,0.00149,-0.0008,0.00834,0.01128,0.00926,-0.00015
965.1500244,0.00144,0.00094,0.00887,0.01143,0.00877,0.00082
965.4500122,0.00062,0.00069,0.008690001,0.01189,0.00878,0.00015
965.7399902,0.00063,0.00034,0.00769,0.01186,0.00853,0.00089
966.039978,-0.00018,-0.00064,0.00682,0.01033,0.008169999,-0.00011
966.3300171,-0.00042,-0.00236,0.00573,0.00954,0.00832,-0.00073
966.6300049,-0.00054,-0.00081,0.00473,0.01016,0.00917,1.00E-05
966.9199829,-0.00173,-0.00055,0.00452,0.00939,0.008309999,0.00027
967.2199707,-0.00198,-0.00246,0.00383,0.00876,0.008669999,-0.00096
967.5100098,-0.00177,-0.0027,0.00335,0.00881,0.00786,-0.00157
967.8099976,-0.00083,-0.00279,0.00278,0.0088,0.00748,-0.00338
968.0999756,0.00016,-0.00297,0.00226,0.00974,0.00782,-0.00258
968.4000244,0.00158,-0.00195,0.00386,0.01049,0.00779,-0.00216
968.6900024,0.00189,-0.00292,0.0047,0.01003,0.00734,-0.00292
968.9799805,0.00266,-0.00237,0.00501,0.011039999,0.00857,-0.00218
969.2800293,0.00394,-0.00142,0.00628,0.01163,0.00893,-0.0011
969.5700073,0.00486,-0.00088,0.00753,0.012250001,0.01044,0.00047
969.8699951,0.00546,-0.00067,0.00958,0.01333,0.01107,0.00228
970.1599731,0.00452,-0.00074,0.01017,0.013569999,0.01079,0.00259
970.460022,0.00301,-0.00049,0.00871,0.01237,0.01021,0.00191
970.75,0.00434,0.0011,0.0087,0.014249999,0.01079,0.0031
971.039978,0.00294,0.0007,0.009190001,0.01355,0.010039999,0.00306
971.3400269,0.00167,5.00E-05,0.0078,0.01401,0.00876,0.00266
971.6300049,0.00037,-0.00104,0.00611,0.01229,0.00703,0.00083
971.9299927,-0.00056,-0.00172,0.00354,0.010190001,0.00652,-0.00071
972.2199707,-3.00E-05,-1.00E-05,0.0036,0.00948,0.00614,-0.00103
972.5100098,-9.00E-05,0.00056,0.00426,0.010039999,0.00683,-0.00119
972.8099976,-0.00181,-0.00095,0.00271,0.008169999,0.00613,-0.00187
973.0999756,-0.00029,-0.001,0.0021,0.008640001,0.00653,-0.00269
973.3900146,0.00066,-0.00068,0.0022,0.00799,0.00825,-0.00276
973.6900024,-0.00021,-0.00033,0.00174,0.00704,0.00775,-0.00341
973.9799805,-0.00045,0.00067,0.00342,0.00901,0.00761,-0.00205
974.2700195,0.00042,0.00209,0.00481,0.010190001,0.00981,-0.002
974.5700073,0.00125,0.00265,0.00559,0.01046,0.00978,-0.00037
974.8599854,0.0024,0.00418,0.008450001,0.01036,0.01054,3.00E-05
975.1500244,0.00128,0.0021,0.0082,0.0085,0.01023,0.0007
975.4500122,0.00124,0.00268,0.009409999,0.00905,0.00925,0.00121
975.7399902,0.00376,0.00364,0.01237,0.01101,0.01242,0.0044
976.0300293,0.00331,0.00298,0.011770001,0.00902,0.01164,0.00305
976.3300171,0.00266,0.00133,0.01138,0.008669999,0.01016,0.00452
976.6199951,0.00317,0.00038,0.011870001,0.00901,0.010140001,0.00317
976.9099731,0.00412,-0.00071,0.01054,0.00855,0.00995,0.00295
977.210022,0.00473,0.00191,0.01075,0.00978,0.00988,0.0031
977.5,0.00382,0.00211,0.00952,0.0094,0.010720001,0.00277
977.789978,0.00193,0.00181,0.00704,0.008140001,0.00868,2.00E-05
978.0800171,0.00208,0.00237,0.00734,0.00835,0.01005,0.00069
978.3800049,0.00162,0.00133,0.00628,0.007710001,0.00916,-0.00047
978.6699829,0.00048,-0.00039,0.00401,0.0071,0.00826,-0.00188
978.960022,-0.00024,-0.00058,0.00338,0.00808,0.0065,-0.00267
979.25,-0.00126,-0.00318,0.00308,0.00764,0.00553,-0.00391
979.5499878,-0.00068,-0.00462,0.00485,0.00776,0.00479,-0.00293
979.8400269,0.00074,-0.00451,0.00676,0.00966,0.0057,-0.00275
980.1300049,0.0027,-0.00442,0.00729,0.012300001,0.00585,-0.0022
980.4199829,0.00244,-0.00431,0.00697,0.0124,0.0058,-0.00347
980.710022,0.00175,-0.00426,0.008450001,0.01159,0.00677,-0.00212
981.0100098,0.001,-0.00454,0.00777,0.010039999,0.00734,-0.0023
981.2999878,0.00276,-0.00126,0.0095,0.011080001,0.0081,-0.00133
981.5900269,0.00138,-0.00206,0.00567,0.00868,0.00672,-0.0042
981.8800049,-0.00055,-0.00348,0.00386,0.008169999,0.00536,-0.00446
982.1799927,-0.00289,-0.00481,0.004,0.00719,0.00518,-0.00484
982.4699707,-0.00291,-0.00495,0.00273,0.00776,0.00856,-0.00447
982.7600098,-0.00372,-0.00331,0.00204,0.00631,0.00781,-0.0042
983.0499878,-0.00414,-0.00125,0.00496,0.00968,0.00954,-0.00159
983.3400269,-0.00557,-0.00234,0.00356,0.00957,0.00975,-0.0011
983.6300049,-0.00437,-0.0005,0.00677,0.01085,0.01181,0.00172
983.9299927,-0.0037,0.00033,0.00673,0.010340001,0.01159,0.00293
984.2199707,-0.00448,0.00089,0.00656,0.00907,0.011510001,0.0033
984.5100098,-0.00295,0.00067,0.00768,0.00862,0.00874,0.0034
984.7999878,-0.00061,-0.00051,0.00917,0.01016,0.00862,0.00168
985.0900269,-0.00197,-0.00384,0.00588,0.00707,0.0063,-0.00041
985.3800049,-0.00308,-0.00533,0.00563,0.00767,0.00665,-0.00105
985.6699829,-0.0039,-0.00496,0.00548,0.00759,0.00757,-0.00198
985.960022,-0.00286,-0.0038,0.00647,0.00741,0.00877,-0.00174
986.2600098,-0.00298,-0.00401,0.00366,0.00637,0.00811,-0.00398
986.5499878,-0.0044,-0.00312,0.0032,0.00464,0.00772,-0.00273
986.8400269,-0.00542,-0.00158,0.0023,0.00603,0.00843,-0.00029
987.1300049,-0.00331,-0.00162,0.00194,0.00539,0.00982,-0.0011
987.4199829,-0.00221,-0.00055,0.00262,0.00354,0.01001,-0.00124
987.710022,-0.00102,-0.00074,0.00205,0.00286,0.01033,-0.00113
988,0.00042,-0.00015,0.00398,0.00462,0.01156,0.00018
988.289978,0.00341,0.00038,0.00536,0.00533,0.01189,0.00147
988.5800171,0.00418,0.00123,0.00614,0.008090001,0.01396,0.00205
988.8699951,0.00338,0.00163,0.00599,0.00722,0.01564,0.00104
989.1599731,0.00445,0.00519,0.00934,0.010629999,0.01863,0.00229
989.460022,0.00635,0.00705,0.01149,0.014199999,0.021129999,0.0039
989.75,0.00442,0.00635,0.00884,0.01437,0.02052,0.00088
990.039978,0.00225,0.00487,0.0058,0.01456,0.020409999,-0.00098
990.3300171,-0.00121,0.00336,0.00469,0.01382,0.02375,-0.00129
990.6199951,-0.00118,0.0023,0.00501,0.01423,0.024400001,-0.00226
990.9099731,0.00148,0.0023,0.00532,0.01657,0.024600001,-0.00151
991.2000122,-0.00041,-0.00029,0.00288,0.014099999,0.022430001,-0.00301
991.4899902,-0.0024,-0.00254,0.00089,0.011569999,0.021440001,-0.00357
991.7800293,-0.00068,-0.00249,0.00579,0.012949999,0.024920002,0.00018
992.0700073,0.00143,-0.00486,0.00663,0.00926,0.024800001,-0.00101
992.3599854,0.00535,-0.00281,0.01003,0.0112,0.02612,0.00081
992.6500244,0.00491,-0.00396,0.00982,0.0107,0.02885,0.00127
992.9400024,0.00338,-0.00508,0.01054,0.00889,0.03246,0.00055
993.2299805,0.00464,-0.00653,0.01189,0.01144,0.03695,0.0029
993.5200195,0.00778,-0.00351,0.013040001,0.01227,0.04403,0.0033
993.8099976,0.00665,-0.00442,0.01048,0.01189,0.042849999,-3.00E-05
994.0999756,0.00498,-0.00265,0.01134,0.014040001,0.04744,0.00133
994.3900146,0.00273,-0.00291,0.009380001,0.01351,0.050040003,0.00145
994.6799927,0.00054,-0.00409,0.00732,0.01124,0.051880002,-0.00082
994.960022,0.00249,-0.00391,0.00713,0.01355,0.054719999,0.00135
995.25,0.00218,-0.0005,0.00769,0.014199999,0.058540002,0.00245
995.539978,-0.00196,-0.00401,0.00533,0.01255,0.057069998,-9.00E-05
995.8300171,-0.00455,-0.00593,0.00397,0.011460001,0.058280002,-0.00094
996.1199951,-0.0059,-0.00431,0.00557,0.01263,0.0616,-0.00082
996.4099731,-0.00576,-0.00223,0.008169999,0.01348,0.065099999,-0.00187
996.7000122,-0.00418,-0.00302,0.00833,0.014930001,0.064770006,-0.00209
996.9899902,-0.00563,-0.00328,0.00562,0.01193,0.065799996,-0.00398
997.2800293,-0.00633,-0.00199,0.00318,0.01118,0.065619998,-0.00539
997.5700073,-0.00479,-0.00215,0.00296,0.011619999,0.066310003,-0.00386
997.8599854,-0.0026,0.00171,0.00309,0.01555,0.072350003,0.00084
998.1500244,-0.0006,0.00135,-0.00184,0.014119999,0.07542,0.00258
998.4299927,-0.00102,-0.00228,-0.00352,0.012309999,0.075470001,0.00148
998.7199707,-0.00139,0.00082,-0.00011,0.012619999,0.08326,0.00263
999.0100098,-0.00369,0.00091,0.00058,0.01314,0.085969999,0.00303
999.2999878,-0.00426,-0.00055,-0.00026,0.008,0.089949995,0.00016
999.5900269,-0.00413,0.00237,0.00312,0.00912,0.096249998,-0.00199
999.8800049,-0.00282,0.00215,0.00589,0.00588,0.099519998,-0.00528
1000.169983,-0.00516,0.0003,0.00648,0.00632,0.103079997,-0.00741
1000.450012,-0.00399,0.00084,0.00295,0.00567,0.109569997,-0.01003
1000.73999,-0.00302,0.00247,-0.00022,0.0042,0.114300005,-0.008909999
1001.030029,0.00047,0.00339,0.00177,0.0036,0.120179996,-0.00884
1001.320007,0.00024,0.00061,0.00104,0.00587,0.12628001,-0.00773
1001.609985,-0.00303,-0.00297,-0.00539,0.00162,0.130520001,-0.0097
1001.900024,-0.00475,-0.00735,-0.008140001,0.0026,0.135000005,-0.00721
1002.179993,-0.00505,-0.00724,-0.00686,-7.00E-05,0.13888,-0.0095
1002.469971,-0.00744,-0.00854,-0.00629,0.00037,0.140220001,-0.00894
1002.76001,-0.00583,-0.00893,-0.003,0.00386,0.143769994,-0.00918
1003.049988,-0.00675,-0.00945,-0.0035,0.00437,0.145989999,-0.011360001
1003.340027,-0.00957,-0.01234,-0.00094,0.00503,0.145469993,-0.01385
1003.619995,-0.00861,-0.01107,0.00403,0.00779,0.148929998,-0.01228
1003.909973,-0.00664,-0.00691,0.00749,0.01033,0.154379994,-0.01402
1004.200012,-0.00377,-0.00783,0.00632,0.012300001,0.158059999,-0.014049999
1004.48999,-0.00264,-0.00607,0.00586,0.01227,0.162320003,-0.01164
1004.77002,-0.00498,-0.01059,0.00249,0.00606,0.163509995,-0.01342
1005.059998,-0.00554,-0.01375,0.00137,0.00205,0.165049985,-0.01397
1005.349976,-0.00218,-0.00954,-0.0007,0.00252,0.166600004,-0.01061
1005.640015,0.00044,-0.0099,-0.0016,0.00276,0.168899998,-0.00906
1005.919983,0.00179,-0.00995,-0.00202,0.00057,0.168919995,-0.008669999
1006.210022,-0.00151,-0.00773,1.00E-04,0.00102,0.169229999,-0.00516
1006.5,-0.00099,-0.01074,0.00165,0.00239,0.168309987,-0.00466
1006.789978,0.00123,-0.00937,0.0018,0.00642,0.16539,-0.00477
1007.070007,-0.00128,-0.00518,0.00127,0.00875,0.168460011,-0.00208
1007.359985,-0.00087,-0.00643,0.00541,0.01276,0.176469997,-9.00E-05
1007.650024,-0.0009,-0.007879999,0.00555,0.011089999,0.178849995,0.00102
1007.929993,-0.00286,-0.00907,0.00159,0.00728,0.181779996,-0.00054
1008.219971,-0.00255,-0.00984,0.00017,0.00836,0.184760004,-0.00297
1008.51001,-0.00273,-0.009190001,0.00038,0.00597,0.189710006,-0.00439
1008.799988,-0.00043,-0.0071,0.00083,0.00477,0.200029999,-0.00305
1009.080017,0.00024,-0.00734,0.00414,0.00839,0.205139995,-0.00531
1009.369995,-0.00056,-0.00658,0.00153,0.00473,0.208059996,-0.00767
1009.659973,-0.00283,-0.007879999,-0.00275,0.00479,0.211959988,-0.0108
1009.940002,-0.00295,-0.00595,-0.00058,0.009409999,0.218519986,-0.00681
1010.22998,0.00215,-0.00237,0.00227,0.00952,0.226669997,-0.00435
1010.52002,0.0061,0.00494,0.00489,0.014040001,0.238659993,-0.00068
1010.799988,0.00201,0.00435,0.00667,0.01496,0.244190007,-0.00067
1011.090027,0.00548,0.00541,0.006,0.01487,0.251359999,0.00193
1011.369995,0.00767,0.00531,0.00632,0.015800001,0.256300002,-0.00064
1011.659973,0.012560001,0.00818,0.01051,0.01627,0.264620006,0.00274
1011.950012,0.011829999,0.00889,0.01344,0.0177,0.270909995,0.00405
1012.22998,0.01091,0.00661,0.011080001,0.01375,0.278569996,0.00273
1012.52002,0.01265,0.00521,0.01201,0.01497,0.281080008,0.00449
1012.799988,0.01376,0.00934,0.01285,0.015859999,0.287200004,0.00679
1013.090027,0.01329,0.00716,0.010989999,0.01248,0.291799992,0.00492
1013.380005,0.012920001,0.0139,0.01386,0.01396,0.299970001,0.01134
1013.659973,0.01432,0.01688,0.01511,0.01561,0.302859992,0.011849999
1013.950012,0.01596,0.01421,0.010779999,0.00956,0.308270007,0.00806
1014.22998,0.00927,0.011510001,0.00774,0.01061,0.308349997,0.0064
1014.52002,-0.00075,0.00633,0.00406,0.00681,0.312150002,0.00133
1014.809998,0.00145,0.00514,0.00346,0.00675,0.317829996,0.00072
1015.090027,-0.003,0.008859999,0.00329,0.00509,0.32426998,1.00E-04
1015.380005,-0.00268,0.004,0.00367,0.00043,0.325950027,-0.00023
1015.659973,-0.00574,0.00062,-0.00247,-0.00122,0.326930016,-0.00062
1015.950012,-0.00813,3.00E-05,-0.0049,0.0026,0.32863,-0.00115
1016.22998,-0.00252,0.00032,-0.00615,0.0045,0.326549977,-0.00061
1016.52002,0.00354,0.00132,-0.00347,0.00239,0.327230006,0.00249
1016.799988,-1.00E-04,0.00054,-0.0041,0.00024,0.327309996,-0.00488
1017.090027,0.0012,-0.00427,-0.00246,0.00235,0.320769995,-0.00437
1017.369995,-0.00203,-0.00731,-0.0095,0.00161,0.320519984,-0.013259999
1017.659973,-0.00646,-0.00739,-0.00852,0.00243,0.321479976,-0.01128
1017.940002,-0.00549,-0.00824,-0.00758,0.00072,0.317299992,-0.01174
1018.22998,-0.008309999,-0.0018,-0.00215,0.00299,0.324510008,-0.01066
1018.51001,-0.01317,-0.00024,-0.00416,0.00556,0.318320006,-0.016239999
1018.799988,-0.015969999,-0.00186,-0.00208,0.00957,0.312020004,-0.00918
1019.080017,-0.012200001,0.00111,0.00062,0.01272,0.315140009,-0.00594
1019.369995,-0.00968,0.00261,0.00491,0.017860001,0.30599001,-0.00178
1019.650024,-0.01053,-0.00502,0.00667,0.02104,0.298180014,-0.00692
1019.940002,-0.011770001,-0.00257,0.00961,0.022330001,0.294550002,-0.00555
1020.219971,-0.01238,-0.008119999,0.00244,0.02318,0.281240016,-0.00547
1020.51001,-0.0128,-0.01124,0.00035,0.02155,0.271580011,-0.00639
1020.789978,-0.01319,-0.01877,-0.00983,0.00691,0.258439988,-0.00969
1021.080017,-0.012569999,-0.01771,-0.007850001,0.00618,0.246529996,-0.008590001
1021.359985,-0.01564,-0.01599,-0.00876,0.0075,0.242800012,-0.00462
1021.640015,-0.007929999,-0.00851,-0.00465,0.01193,0.240199998,-2.00E-05
1021.929993,-0.0126,-0.01095,-0.00884,0.010340001,0.233659998,-0.00464
1022.210022,-0.01592,-0.01204,-0.00492,0.00667,0.232919991,-0.00742
1022.5,-0.01867,-0.0129,-0.00637,0.00721,0.23567,-0.00751
1022.780029,-0.047059998,-0.016100001,-0.020169999,0.00281,0.238430008,-0.02908
1023.070007,-0.047059998,-0.016100001,-0.020169999,0.00281,0.238430008,-0.02908
1023.349976,-0.047059998,-0.016100001,-0.020169999,0.00281,0.238430008,-0.02908