AUPE,0,0,0,0,0,0
WAC,0,0,0,0,0,0
G09,0,0,0,0,0,0
840,0,0,0,0,0,0
25,0,0,0,0,0,0
nm,0,0,0,0,0,0
Angular Dependence,0,0,0,0,0,0
Wavelengths,0,8,16,24,32,40
360.1499939,0.02328,-0.037320003,-0.00687,-0.02447,-0.00165,-0.02197
360.519989,0.03314,-0.036199998,0.00151,-0.021500001,0.00733,-0.01626
360.8999939,0.028789999,-0.026600001,0.0052,-0.01518,0.00755,-0.00392
361.269989,0.021300001,-0.025829999,0.01273,-0.00194,0.01491,0.00137
361.6499939,0.03088,-0.01055,0.01266,-0.00228,0.022330001,0.003
362.019989,0.025339998,-0.01787,0.01567,-0.00528,0.025179999,-0.00692
362.3999939,0.01884,-0.00649,0.02789,0.00431,0.0197,0.00583
362.769989,0.00915,0.00165,0.02895,0.00907,0.013459999,0.00138
363.1499939,-0.00341,0.00039,0.026939999,0.01097,-0.00349,-0.00492
363.519989,0.00462,0.00735,0.02785,0.0162,0.01385,-0.00377
363.8999939,-0.00327,0.00158,0.01323,0.00735,-0.00642,-0.01166
364.269989,-0.00323,0.00258,0.02389,0.019750001,0.00072,-0.00319
364.6400146,-0.00319,0.00518,0.016000001,0.02149,-0.00267,0.00684
365.019989,-0.00175,0.00597,0.00799,0.02654,0.00467,-0.0019
365.3900146,0.00579,0.00843,0.0085,0.031959999,0.016239999,0.008169999
365.769989,0.0139,0.01657,0.01209,0.02592,0.024530001,0.01529
366.1400146,0.022820001,0.024619998,0.029979998,0.027760001,0.033539999,0.027420001
366.519989,0.031649999,0.033059999,0.034460001,0.030950001,0.044020001,0.039280001
366.8900146,0.01609,0.01606,0.015729999,0.016619999,0.03176,0.01761
367.2600098,0.00094,0.00553,0.00569,-0.00088,0.023150001,-0.00026
367.6400146,0.00386,0.010140001,0.01454,-0.00301,0.02506,0.00174
368.0100098,0,0.0039,0.01324,-0.004,0.01402,0.00456
368.3900146,-0.011080001,-0.01243,-0.00285,-0.01046,-0.00022,-0.010650001
368.7600098,-0.01898,-0.019170001,-0.01757,-0.010989999,-0.017760001,-0.021189999
369.1300049,-0.02165,-0.032170001,-0.0198,-0.023239998,-0.024719998,-0.03734
369.5100098,-0.01761,-0.023640001,-0.01877,-0.024330001,-0.023800001,-0.031509999
369.8800049,-0.00318,-0.019809999,-0.00728,-0.01263,-0.021089999,-0.024300002
370.25,-0.014119999,-0.01508,-0.01361,-0.011770001,-0.031600002,-0.02715
370.6300049,-0.00902,-0.012519999,-0.0198,-0.022130001,-0.029790001,-0.035739999
371,-0.01274,-0.00459,-0.011089999,-0.021,-0.02451,-0.02451
371.3800049,-0.014149999,-0.00438,-0.014090001,-0.026819998,-0.02863,-0.02232
371.75,-0.0135,0.01095,-0.00614,-0.015579999,-0.018660001,-0.00625
372.1199951,-0.00813,0.01055,-0.00905,-0.017410001,-0.020680001,0.00037
372.5,-0.010039999,0.01382,-0.00568,-0.015800001,-0.01443,0.00252
372.8699951,-0.01211,0.00432,-0.00554,-0.01929,-0.018609999,-0.00043
373.2399902,-0.00604,0.00337,-0.00302,-0.01398,-0.01663,0.00666
373.6199951,-0.00444,-0.00612,-0.008590001,-0.014520001,-0.01969,0.00205
373.9899902,-0.00272,-0.00893,-0.01321,-0.01316,-0.02138,0.00096
374.3599854,-0.0052,-0.01736,-0.01456,-0.020719999,-0.034309998,-0.00461
374.7399902,-0.00929,-0.018999999,-0.013099999,-0.013789999,-0.034010001,-0.01377
375.1099854,-0.00757,-0.01564,-0.015729999,-0.017819999,-0.034290001,-0.010980001
375.480011,0.00033,-0.015869999,-0.011109999,-0.014520001,-0.024049999,-0.0047
375.8599854,-0.00554,-0.019780001,-0.011419999,-0.019199999,-0.02892,-0.009409999
376.230011,0.00278,-0.01555,-0.00659,-0.01092,-0.026180001,-0.00324
376.6000061,0.00719,-0.012180001,0.00244,-0.00515,-0.01328,0.00433
376.980011,0.00527,-0.011519999,-0.00224,-0.00216,-0.00312,0.00491
377.3500061,0.00524,-0.01203,-0.00259,-0.00342,0.00518,0.00803
377.7200012,0.00614,-0.01908,-0.00476,-0.00126,-0.00159,0.00631
378.1000061,0.00293,-0.01503,-0.00879,-0.00316,0.00144,0.00494
378.4700012,0.00017,-0.00999,-0.00979,0.00324,0.00232,0.00889
378.8399963,-0.00606,-0.0135,-0.015269999,-0.00409,0.00071,0.00447
379.2200012,-0.01013,-0.01355,-0.016649999,-0.0059,-0.00409,-0.00013
379.5899963,-0.00687,-0.013990001,-0.01739,-0.00453,-0.00744,-0.00173
379.9599915,-0.00292,-0.01518,-0.014479999,-0.00419,-0.00959,0.0019
380.3299866,-0.00311,-0.010930001,-0.01551,-0.00329,-0.00206,0.00038
380.7099915,-0.00355,-0.016690001,-0.020580001,-0.00765,-0.00801,-0.00458
381.0799866,-0.00599,-0.01812,-0.01545,-0.00977,-0.00263,-0.00575
381.4500122,-0.00453,-0.01045,-0.009649999,-0.00481,0.00255,-0.00423
381.8299866,-0.00254,-0.00796,-0.00945,-0.00232,0.00018,0.00074
382.2000122,-0.00698,-0.00759,-0.01612,-0.00768,-0.00036,-0.00377
382.5700073,-0.00664,-0.00421,-0.012560001,-0.00311,0.00174,-9.00E-05
382.9400024,-0.00345,0.00033,-0.00412,0.00423,0.00147,0.00358
383.3200073,-0.00247,0.00346,0.00106,0.00953,0.00529,0.00645
383.6900024,-0.00339,0.0023,-0.00099,0.00784,0.00211,0.00426
384.0599976,-0.00218,0.00024,-0.00403,0.00962,0.00173,0.0073
384.4299927,-0.00322,-0.00088,-0.00386,0.00811,0.00317,0.00401
384.8099976,-0.00149,-0.0012,0.00348,0.00988,0.00377,0.00414
385.1799927,0.0008,-0.0007,0.00441,0.00723,0.00201,0.00135
385.5499878,-0.00302,-0.00327,0.00012,6.00E-05,0.0032,0.0012
385.9200134,-0.0018,-0.00388,0.00456,0.00044,0.00174,0.00415
386.2999878,0.00242,0.0014,0.00687,0.00558,0.00445,0.00789
386.6700134,0.00383,0.00096,0.009430001,0.00182,0.00253,0.0039
387.0400085,0.00271,-0.00156,0.007,-0.00271,-0.00186,-0.00045
387.4100037,0.00446,-0.00157,0.00746,1.00E-04,-0.00053,0.00193
387.7799988,-0.0009,-0.00301,0.00241,-0.00277,-0.00451,-0.0022
388.1600037,-0.00344,-0.0076,-0.00026,-0.00487,-0.01116,-0.00617
388.5299988,-0.0057,-0.00693,-0.00565,-0.00709,-0.01426,-0.00846
388.8999939,-0.00428,-0.00648,-0.00644,-0.00971,-0.01421,-0.00904
389.269989,-0.00139,-0.00434,-0.00618,-0.00602,-0.01074,-0.00326
389.6499939,-0.00031,-0.00258,-0.00524,-0.00427,-0.0068,-0.00213
390.019989,-0.00025,-0.00086,-0.00531,-0.00517,-0.00601,0.00061
390.3900146,0.00286,0.00091,-0.00333,-0.00407,-0.00141,0.00441
390.7600098,0.00833,0.00328,0.00036,-0.0026,0.00245,0.00708
391.1300049,0.00706,0.00359,0.0006,-0.00402,0.00446,0.0058
391.5,0.00533,0.00306,0.00035,-0.00324,0.00402,0.00446
391.8800049,0.00157,0.003,-0.0017,-0.00541,0.00274,0.00073
392.25,0.00276,0.00479,-0.00074,-0.00434,0.0017,-4.00E-05
392.6199951,0.0037,0.00426,0.00253,-0.00315,0.00056,0.00014
392.9899902,0.00307,0.00368,0.00135,-0.00116,0,-0.00057
393.3599854,0.00072,0.00297,-0.00213,-0.00144,-6.00E-05,-0.00126
393.730011,0.00183,0.00248,5.00E-05,-0.00054,0.00117,7.00E-05
394.1099854,0.00253,0.00156,0.00099,-0.00139,0.00102,-0.00065
394.480011,0.00119,0.00063,0.00063,-0.00375,0.00091,-0.00157
394.8500061,0.00067,0.00028,0.00176,-0.0018,0.00298,0.00117
395.2200012,-6.00E-05,-7.00E-05,0.00061,-0.00189,0.00494,0.00019
395.5899963,-0.00177,-0.002,0.0006,-0.00202,0.00203,-0.00208
395.9599915,-0.00069,0.00055,0.00246,-0.00034,0.00304,-0.00383
396.3299866,-0.00012,-0.00013,0.00191,0.00079,0.00247,-0.00416
396.7099915,-0.00046,-0.00157,0.00145,0.00065,0.00248,-0.00206
397.0799866,0.00237,0.00071,0.00343,0.00307,0.00447,-0.00041
397.4500122,0.00162,-0.00082,0.00281,0.00178,0.00328,0.00055
397.8200073,0.00241,-0.00083,0.00124,0.00035,0.00206,-0.00077
398.1900024,0.0023,-0.00054,0.00137,-0.00166,0.0022,0.00054
398.5599976,0.00184,-0.00129,0.00039,-0.00254,0.00161,0.00133
398.9299927,0.00276,0.00181,-0.00031,-0.00152,0.00115,0.00186
399.2999878,0.00369,0.00271,0.001,-0.00129,0.00267,0.00226
399.6799927,0.00128,0.0005,-0.00107,-0.00202,0.00042,0.00226
400.0499878,0.00217,0.00084,-0.00221,-0.00094,0.0029,0.00085
400.4200134,0.0021,0.00143,-0.00255,0.00172,0.00423,0.00127
400.7900085,0.00369,0.00345,-0.00192,0.0037,0.0058,0.0017
401.1600037,0.00374,0.00317,-0.00084,0.00418,0.00616,0.00366
401.5299988,0.00375,0.00083,6.00E-05,0.00398,0.00574,0.00311
401.8999939,0.0022,-0.00043,-0.00067,0.00373,0.00384,0.00185
402.269989,0.0033,-3.00E-05,0.00032,0.00369,0.00344,0.00228
402.6400146,0.0022,0.00037,0.00049,0.00279,0.00188,0.00214
403.0100098,0.00194,0.00184,0.00076,0.00276,0.00171,0.00269
403.3800049,0.00031,0.00016,0.00044,0.00151,0.00171,0.00271
403.75,0.00196,9.00E-05,0.00046,0.00299,0.00284,0.00377
404.1199951,0.00161,0.00262,0.00094,0.00377,0.00381,0.00599
404.5,0.00163,0.00331,-0.0003,0.00263,0.00322,0.00552
404.8699951,0.00032,0.00252,-5.00E-05,0.00296,0.00299,0.00385
405.2399902,0.00171,0.00407,0.00095,0.00444,0.00356,0.00376
405.6099854,-0.00077,0.00295,0.00165,0.00293,0.00098,0.00271
405.980011,0.00183,0.00312,0.00323,0.00384,0.00113,0.00303
406.3500061,-0.00035,0.00265,0.00017,0.00319,-0.00112,0.00063
406.7200012,-0.00066,0.00055,0.00025,0.00151,-0.00157,-0.00093
407.0899963,0.00043,0.00217,0.00212,0.00369,-0.00026,-7.00E-05
407.4599915,0.00145,0.00128,0.00277,0.00197,-0.00084,0.00024
407.8299866,-0.00026,-0.00189,-0.0002,-0.00017,-0.00276,-0.00072
408.2000122,0.00175,-0.00179,-0.00079,-2.00E-05,-0.0014,0.00018
408.5700073,0.00131,-0.00058,-0.00214,-6.00E-05,-0.00258,-0.00052
408.9400024,0.00097,-0.00033,-0.00163,-0.00165,-0.00221,-0.00068
409.3099976,0.00031,-0.0008,-0.00279,-0.0029,-0.00349,-0.00236
409.6799927,0.00038,-0.00227,-0.00425,-0.00329,-0.00334,-0.00289
410.0499878,-0.00108,-0.00147,-0.00471,-0.00256,-0.00446,-0.00345
410.4200134,-0.00224,-0.00115,-0.00428,-0.00282,-0.00375,-0.00354
410.7900085,-0.00187,-0.00055,-0.00305,-0.00252,-0.00193,-0.00226
411.1600037,-0.00223,-0.00087,-0.00218,-0.00216,-0.00111,-0.00044
411.5299988,-0.00141,-0.00067,-0.00131,-0.0011,-0.00143,6.00E-05
411.8999939,-0.00194,-0.00115,-0.00161,-0.00121,-0.00124,0.00074
412.269989,-0.002,-0.00195,-0.00067,-0.00198,-0.00188,0.00072
412.6400146,-0.00108,-0.00172,-0.00055,-0.00203,0.00084,0.00257
413.0100098,1.00E-05,-0.0012,0.00108,-0.00189,0.00067,0.00306
413.3800049,0.0011,-0.00213,0.00125,-0.00125,-8.00E-05,0.00257
413.75,0.00095,-0.0025,0.00014,-0.00246,-0.00031,0.00114
414.1199951,-9.00E-05,-0.00326,0.00012,-0.00325,0.00051,0.0003
414.4899902,0.00143,-0.00244,0.0018,-0.00171,0.00137,0.00158
414.8599854,0.00039,-0.00209,0.0008,-0.00172,0.00124,0.00131
415.230011,0.00058,-0.00216,0.00015,-0.00182,6.00E-05,-0.00038
415.6000061,0.00105,-0.00214,0.00082,-0.00132,-1.00E-05,8.00E-05
415.9599915,-0.00046,-0.00211,-0.00092,-0.00188,-0.00062,-0.00062
416.3299866,-0.00064,-0.00142,0.00057,-0.00116,0.00011,-0.00041
416.7000122,0.00044,-0.0007,0.0015,-0.00028,-1.00E-04,0.00014
417.0700073,-0.00015,-0.00054,0.00046,-0.00039,-0.00035,-0.00092
417.4400024,0.00033,0.00031,0.00133,-0.0008,0.00015,-0.00054
417.8099976,-0.00049,-0.00062,7.00E-05,-0.00162,-0.00049,0.0002
418.1799927,-0.00023,-0.0011,-0.00065,-0.00169,-2.00E-05,-0.00089
418.5499878,0.00097,-3.00E-05,0.00022,-0.00098,0.00099,-0.00021
418.9200134,0.00124,-0.00055,-0.00055,-0.00091,0.00121,-0.00023
419.2900085,0.00078,-0.00017,-0.00139,-0.0009,0.00082,-0.00021
419.6600037,0.00145,-0.00098,-0.00147,-0.00139,0.00063,-0.00022
420.0299988,0.00159,-0.00096,-0.00069,0.00023,0.00078,3.00E-05
420.3900146,0.00231,-3.00E-05,0.00083,0.00131,0.0018,-0.00011
420.7600098,0.00219,0.00056,0.00077,0.00168,0.00206,0.00053
421.1300049,0.00056,-0.00094,5.00E-05,0.00074,0.00077,0.00082
421.5,0.00034,-0.00089,-0.00019,0.00039,0.00018,0.00113
421.8699951,0.00054,-0.00074,9.00E-05,-0.00022,8.00E-05,0.00138
422.2399902,0.00024,5.00E-05,0.00051,0.0005,0.00062,0.0015
422.6099854,-1.00E-05,7.00E-05,-0.00045,0.00017,-1.00E-04,0.00116
422.980011,-0.00028,-0.00044,-0.00065,-9.00E-05,-0.00054,0.00098
423.3500061,-0.00065,-0.00049,-0.00037,2.00E-05,-0.00111,0.00148
423.7099915,-0.00053,-0.00023,2.00E-05,0.00021,-0.00135,0.0003
424.0799866,-0.0013,-0.00086,-0.0003,-0.0003,-0.00232,-0.00041
424.4500122,-0.00185,-0.00189,-0.00083,-0.00037,-0.00198,-0.00095
424.8200073,-0.00318,-0.0026,-0.0016,-0.00111,-0.00267,-0.00134
425.1900024,-0.0029,-0.00304,-0.00188,-0.00163,-0.00278,-0.00105
425.5599976,-0.00297,-0.00297,-0.00189,-0.00115,-0.00294,-0.00095
425.9299927,-0.00223,-0.00302,-0.00207,-0.00144,-0.00245,-0.00149
426.2900085,-0.0018,-0.00264,-0.00183,-0.00104,-0.00123,-0.00076
426.6600037,-0.00068,-0.00193,-0.0014,-0.00025,-0.00047,-0.00036
427.0299988,-0.00093,-0.00184,-0.00065,-0.00016,-0.00069,0
427.3999939,-9.00E-05,-0.0015,-0.00066,9.00E-05,6.00E-05,0.00021
427.769989,-0.00065,-0.0018,-0.00095,0.00016,-3.00E-05,-0.00056
428.1400146,-0.00057,-0.0016,-0.00101,-0.00049,4.00E-05,-0.0009
428.5,-0.00093,-0.00138,-0.0007,-0.00059,0.00015,-0.00068
428.8699951,-0.00124,-0.00185,-0.00065,-0.00083,-0.00086,-0.00108
429.2399902,-0.00172,-0.00202,-0.00118,-0.00116,-0.00076,-0.00113
429.6099854,-0.00108,-0.00181,-0.00163,-0.00078,-1.00E-05,-0.00107
429.980011,-0.00051,-0.00158,-0.00065,-0.00038,1.00E-05,-0.00085
430.3399963,-0.00042,-0.00104,-0.00042,-0.00025,0.00049,-0.0007
430.7099915,-0.00014,-0.00119,-0.0002,4.00E-05,0.00055,-0.00037
431.0799866,-9.00E-05,-0.00118,-0.00042,0.00018,0.00045,-0.00026
431.4500122,0.00035,-0.00074,-0.00084,1.00E-05,0.00081,-0.00018
431.8200073,0.00061,-0.00043,-6.00E-05,0.00051,0.00148,-0.00023
432.1799927,0.00064,-0.00055,0.00056,0.00054,0.00187,0.00014
432.5499878,0.00073,-0.00019,0.00018,0.00031,0.00211,0.00031
432.9200134,0.00101,-0.0002,0.0006,6.00E-05,0.00242,0.0008
433.2900085,0.00121,0.0003,0.00091,0.00025,0.00345,0.00098
433.6499939,0.00117,0.00072,0.00037,0.00041,0.00347,0.00085
434.019989,0.001,0.00061,0.00057,0.00017,0.00387,0.00056
434.3900146,0.00104,0.00036,0.00026,-0.00021,0.00329,0.00045
434.7600098,0.00123,0.00084,-6.00E-05,-0.00027,0.00239,-0.0002
435.1199951,0.0007,0.00079,-2.00E-05,-0.00025,0.0021,-0.00012
435.4899902,0.00106,0.0006,0.00026,3.00E-05,0.00219,-2.00E-05
435.8599854,0.00085,0.00051,3.00E-05,1.00E-05,0.00109,3.00E-05
436.230011,0.00053,0.00024,0.0006,4.00E-05,0.00108,0.00014
436.5899963,0.00086,0.00047,0.00091,0.00065,0.00111,0.00057
436.9599915,0.00106,0.0009,0.00132,0.00077,0.00107,0.00091
437.3299866,0.00068,0.0004,0.00113,0.00041,0.00108,0.00105
437.7000122,0.00074,0.00036,0.00111,0.00074,0.00122,0.00105
438.0599976,0.00018,6.00E-05,0.00049,0.00034,0.00079,0.00048
438.4299927,0.00024,0.00018,0.00077,0.00075,0.0012,0.00062
438.7999878,0.0004,-0.00015,0.00061,0.00071,0.00092,0.00057
439.1600037,-8.00E-05,1.00E-05,0.00077,0.00058,0.00036,0.00074
439.5299988,-0.00055,-0.00032,0.00055,0.00058,0.00023,0.00049
439.8999939,-0.00017,1.00E-05,0.00059,0.00102,0.00019,0.00042
440.269989,-0.00037,-0.00037,0.00011,0.00066,-0.00017,0.00019
440.6300049,-0.00025,0.0003,0.00052,0.0013,-2.00E-05,0.00026
441,-0.00035,-5.00E-05,0.00025,0.00089,-0.00019,-0.00047
441.3699951,-0.00039,0.00024,0.00024,0.00093,-9.00E-05,-0.00063
441.730011,-0.00022,0.00041,-7.00E-05,0.0009,0.00037,-0.00106
442.1000061,-0.00017,0.00048,-0.00026,0.00083,0.0005,-0.00102
442.4700012,-0.00047,0.00032,-0.00012,0.0009,0.00056,-0.00108
442.8299866,-0.00028,0.0005,0.00025,0.00088,0.00052,-0.00128
443.2000122,-0.00016,0.00018,0.00016,0.00058,0.00075,-0.00101
443.5700073,-6.00E-05,0.00037,0.00012,0.00063,0.00102,-0.00056
443.9299927,0.00014,0.00036,0.00032,0.00053,0.00071,-0.00038
444.2999878,-5.00E-05,-0.00018,0.00019,0.00029,0.00011,-0.00058
444.6700134,-3.00E-05,-0.00046,-1.00E-04,-4.00E-05,0.00011,-0.00066
445.0299988,0.00011,-0.00014,1.00E-04,-0.00037,0.00028,-0.00052
445.3999939,-6.00E-05,-0.00052,-7.00E-05,-0.0005,-3.00E-05,-0.00077
445.769989,0.00012,-0.00056,4.00E-05,-0.00047,-0.00024,-0.00062
446.1300049,-0.00032,-0.00084,-0.00014,-0.00076,-0.0008,-0.0007
446.5,-0.00057,-0.00117,-0.00036,-0.00073,-0.00074,-0.00097
446.8699951,-0.00066,-0.00098,-0.00011,-0.00086,-0.00052,-0.00071
447.230011,-0.00042,-0.00065,0.00049,-0.0004,-0.00014,-0.00039
447.6000061,-0.00069,-0.00103,0.00014,-0.00049,-0.00035,-0.00048
447.9599915,-0.00052,-0.00072,0.00038,-0.00035,0.00033,-4.00E-05
448.3299866,-0.00063,-0.00044,0.00054,-0.00032,0.00027,-0.00014
448.7000122,-0.00031,-0.00035,0.00068,-0.00029,0.00064,-8.00E-05
449.0599976,-2.00E-05,-0.00013,0.00083,-0.00041,0.00112,0.00013
449.4299927,0.0003,-0.00016,0.0007,-1.00E-05,0.00152,0.00031
449.7900085,-5.00E-05,-0.00046,0.00048,-0.00042,0.00138,-4.00E-05
450.1600037,-4.00E-05,-0.00028,0.00061,-0.00039,0.00178,9.00E-05
450.5299988,-5.00E-05,3.00E-05,0.00068,-0.00016,0.00192,0.00022
450.8900146,3.00E-05,-0.00014,0.00045,-0.00026,0.00201,9.00E-05
451.2600098,0.00023,0.00023,0.00056,0.00021,0.00232,0.00022
451.6199951,0.00024,0.00022,0.00063,0.00051,0.00206,0.00016
451.9899902,0.00034,0.00024,0.00053,0.0005,0.00202,0.00022
452.3599854,0.00029,0.00042,0.00048,0.00071,0.00186,0.00021
452.7200012,0.0006,0.00049,0.00054,0.00093,0.00176,0.00022
453.0899963,0.00088,0.00065,0.00068,0.00103,0.00169,0.00018
453.4500122,0.0008,0.00095,0.00084,0.00117,0.00186,0.00036
453.8200073,0.00069,0.00088,0.00088,0.00082,0.00185,0.0002
454.1799927,0.00072,0.00118,0.00085,0.00076,0.0022,0.00043
454.5499878,0.00071,0.00137,0.00099,0.00085,0.00211,0.00024
454.9200134,0.00103,0.00143,0.00117,0.00092,0.00229,0.00039
455.2799988,0.0009,0.00131,0.00121,0.00103,0.00209,0.00041
455.6499939,0.00106,0.00111,0.00101,0.00083,0.00221,0.0003
456.0100098,0.00094,0.00063,0.00055,0.00056,0.0019,4.00E-05
456.3800049,0.00069,0.00031,0.00013,0.00044,0.00162,-9.00E-05
456.7399902,0.00075,0.00012,7.00E-05,0.00042,0.00131,-0.00018
457.1099854,0.00062,-0.00021,-0.00018,0.00034,0.00129,2.00E-05
457.4700012,0.00055,-0.00047,-0.00027,0.00063,0.00137,0.00011
457.8399963,0.00051,-0.00049,-0.00034,0.00072,0.0018,0.00024
458.2000122,0.00034,-0.00056,-0.00042,0.00089,0.00189,0.00035
458.5700073,0.00082,-0.0002,-8.00E-05,0.00138,0.00282,0.00098
458.9299927,0.00124,0.00015,0.00031,0.00179,0.00392,0.00152
459.2999878,0.00127,0.00039,0.00048,0.00186,0.00532,0.00171
459.6600037,0.0013,0.00075,0.00074,0.00197,0.00682,0.00157
460.0299988,0.00136,0.00087,0.00061,0.00177,0.00856,0.0015
460.3900146,0.00151,0.00096,0.00062,0.00158,0.01082,0.00152
460.7600098,0.00158,0.00111,0.00069,0.00158,0.01375,0.00145
461.1199951,0.00122,0.00088,0.0006,0.00124,0.0166,0.00087
461.4899902,0.00088,0.0007,0.0004,0.00107,0.019330001,0.00031
461.8500061,0.00081,0.0006,0.00054,0.00106,0.022090001,0.00037
462.2200012,0.00071,0.00047,0.00047,0.0009,0.024189999,0.00054
462.5799866,0.00057,0.0006,0.00057,0.00088,0.025690001,0.00041
462.9500122,0.00056,0.00047,0.00062,0.00086,0.026210001,0.00015
463.3099976,0.00022,0.00036,0.00059,0.0007,0.025729999,0.00012
463.6799927,0.00014,0.00035,0.00067,0.00091,0.024569999,0.00018
464.0400085,0.0002,0.00036,0.00079,0.00098,0.02299,0.00014
464.4100037,0.0002,0.00039,0.00078,0.00084,0.020810001,0
464.769989,0.00046,0.0005,0.00099,0.00106,0.018750001,-5.00E-05
465.1300049,0.00059,0.00053,0.00112,0.00102,0.01626,9.00E-05
465.5,0.00049,0.0006,0.00114,0.00104,0.01386,0.00034
465.8599854,0.00066,0.00051,0.00119,0.00114,0.011469999,0.00032
466.230011,0.00078,0.00069,0.00157,0.00117,0.00945,0.00048
466.5899963,0.00092,0.00075,0.00176,0.00125,0.00753,0.00089
466.9599915,0.00079,0.00052,0.00163,0.00126,0.00577,0.00084
467.3200073,0.00053,0.00028,0.00147,0.00109,0.00421,0.00058
467.6799927,0.00034,0.00016,0.00133,0.00128,0.00318,0.00039
468.0499878,0.00037,0.00021,0.00147,0.00151,0.00262,0.00045
468.4100037,0.00036,0.00021,0.00158,0.00172,0.00218,0.00047
468.7799988,0.00027,0.00012,0.00132,0.0021,0.00189,0.00048
469.1400146,0.00027,0.0002,0.00117,0.00256,0.00161,0.00041
469.5,0.00037,0.00029,0.00097,0.00302,0.00142,0.0002
469.8699951,0.00041,0.00054,0.00103,0.00367,0.00141,0.00044
470.230011,0.0006,0.00062,0.00098,0.00419,0.0014,0.00065
470.6000061,0.00055,0.00075,0.00074,0.00454,0.00128,0.00063
470.9599915,0.00051,0.0009,0.00061,0.00487,0.00131,0.00075
471.3200073,0.00054,0.00107,0.00046,0.00487,0.00113,0.00075
471.6900024,0.00045,0.00095,0.00034,0.00477,0.001,0.0006
472.0499878,0.00045,0.0011,0.00043,0.00475,0.00107,0.00075
472.4200134,0.00065,0.00109,0.00034,0.00443,0.00108,0.00066
472.7799988,0.00055,0.00096,0.00025,0.00396,0.00098,0.00047
473.1400146,0.00056,0.00083,0.00023,0.00375,0.00079,0.0003
473.5100098,0.00063,0.00075,0.00019,0.00343,0.00074,0.00016
473.8699951,0.00066,0.00058,0.00025,0.0032,0.00086,-1.00E-05
474.230011,0.00078,0.00061,0.0003,0.00294,0.00112,0.00011
474.6000061,0.00064,0.00032,0.00023,0.00258,0.00124,4.00E-05
474.9599915,0.00051,0.00014,0.00024,0.00242,0.00143,9.00E-05
475.3200073,0.00045,0.00022,0.00037,0.00228,0.00176,0.00029
475.6900024,0.00049,0.00016,0.00043,0.00193,0.00218,0.00038
476.0499878,0.00044,0.00017,0.0004,0.0016,0.00269,0.00049
476.4100037,0.00049,0.00012,0.00034,0.00129,0.00317,0.00069
476.7799988,0.00043,0,0.00029,0.00102,0.00351,0.00072
477.1400146,0.00062,0.00014,0.00041,0.00086,0.00399,0.00091
477.5,0.00078,0.00012,0.00055,0.00065,0.00439,0.00107
477.8699951,0.0011,6.00E-05,0.00075,0.00059,0.00475,0.00115
478.230011,0.00128,0.00013,0.00084,0.00054,0.00495,0.0011
478.5899963,0.0014,1.00E-04,0.00102,0.00055,0.00481,0.0011
478.9599915,0.00137,5.00E-05,0.00112,0.00059,0.00446,0.001
479.3200073,0.0014,0,0.0012,0.00059,0.004,0.00082
479.6799927,0.00132,1.00E-05,0.00132,0.00074,0.00349,0.0007
480.0400085,0.00116,4.00E-05,0.00122,0.0007,0.00293,0.00043
480.4100037,0.00089,3.00E-05,0.00105,0.00065,0.00227,0.00032
480.769989,0.00079,0.00011,0.00109,0.00071,0.00169,0.00031
481.1300049,0.00067,0.00014,0.00103,0.00073,0.00128,0.00028
481.5,0.00063,0.00028,0.00103,0.00082,0.00106,0.00032
481.8599854,0.00055,0.00046,0.00105,0.00094,0.00096,0.00042
482.2200012,0.00045,0.00043,0.0009,0.00083,0.00082,0.00035
482.5799866,0.00046,0.00045,0.00089,0.00086,0.00076,0.00042
482.9500122,0.00049,0.00059,0.00093,0.00097,0.00083,0.00041
483.3099976,0.00052,0.00062,0.00093,0.00098,0.00099,0.00054
483.6700134,0.00052,0.00063,0.00089,0.00096,0.00103,0.00045
484.0299988,0.0005,0.00061,0.00089,0.00088,0.00098,0.00035
484.3999939,0.00039,0.00045,0.00071,0.00078,0.00081,0.00017
484.7600098,0.00049,0.00052,0.00071,0.00092,0.00077,0.00025
485.1199951,0.00049,0.00065,0.00075,0.00109,0.00084,0.00032
485.480011,0.00047,0.00062,0.00068,0.00125,0.00079,0.00031
485.8500061,0.00036,0.00058,0.00053,0.00157,0.0006,0.00022
486.2099915,0.00031,0.00048,0.00045,0.00201,0.00054,0.00019
486.5700073,0.00032,0.0005,0.00039,0.00252,0.00053,0.00025
486.9299927,0.00048,0.00057,0.00047,0.0031,0.00066,0.00038
487.2900085,0.00041,0.00049,0.00042,0.00346,0.00055,0.00034
487.6600037,0.00029,0.00039,0.00027,0.00373,0.00044,0.00029
488.019989,0.0003,0.00034,0.00026,0.00386,0.00036,0.00031
488.3800049,0.00028,0.00021,0.00028,0.00381,0.00043,0.00034
488.7399902,0.00034,0.00029,0.00032,0.00355,0.00046,0.00042
489.1000061,0.0004,0.00034,0.00033,0.00321,0.0005,0.00049
489.4700012,0.00046,0.00038,0.00032,0.00276,0.00048,0.00055
489.8299866,0.00056,0.00048,0.00035,0.00242,0.00065,0.00065
490.1900024,0.0006,0.00048,0.00042,0.00192,0.00061,0.00059
490.5499878,0.00063,0.00045,0.00051,0.00156,0.00061,0.00054
490.9100037,0.00063,0.00043,0.00042,0.00119,0.00052,0.00043
491.269989,0.00072,0.00042,0.00045,0.00101,0.00055,0.00046
491.6400146,0.0007,0.00033,0.00041,0.00091,0.00058,0.00045
492,0.00062,0.00032,0.00038,0.00077,0.00062,0.00044
492.3599854,0.00048,0.00017,0.00024,0.00059,0.0005,0.00029
492.7200012,0.00058,0.00017,0.00025,0.00066,0.00059,0.00035
493.0799866,0.00058,0.00024,0.00016,0.00065,0.00064,0.00035
493.4400024,0.0006,0.00027,0.00024,0.00069,0.00072,0.0004
493.8099976,0.00049,0.0003,0.00027,0.00074,0.00073,0.00042
494.1700134,0.00043,0.00026,0.00024,0.00062,0.00064,0.00035
494.5299988,0.00047,0.00024,0.00035,0.00066,0.00064,0.0003
494.8900146,0.00049,0.00027,0.00047,0.00065,0.00066,0.00035
495.25,0.00048,0.00024,0.00047,0.00065,0.00066,0.00032
495.6099854,0.00045,0.00014,0.00054,0.0006,0.00067,0.0003
495.9700012,0.0005,0.00018,0.00059,0.0006,0.00066,0.00031
496.3299866,0.00057,0.00014,0.00064,0.00054,0.00062,0.00034
496.7000122,0.00055,0.00011,0.00072,0.00054,0.00063,0.0003
497.0599976,0.00054,0.00011,0.00078,0.00053,0.00066,0.00028
497.4200134,0.00059,0.00015,0.00097,0.00054,0.00073,0.00029
497.7799988,0.00057,0.00017,0.00109,0.00055,0.00074,0.00024
498.1400146,0.00057,0.00019,0.0011,0.00054,0.00072,0.00028
498.5,0.00057,0.00018,0.00117,0.00057,0.00074,0.00032
498.8599854,0.00051,0.00018,0.00114,0.0005,0.00072,0.00024
499.2200012,0.00061,0.00023,0.00118,0.0006,0.00072,0.00033
499.5799866,0.00047,0.00014,0.00099,0.00055,0.00057,0.0003
499.9400024,0.00041,0.00011,0.00085,0.00055,0.0005,0.00028
500.2999878,0.00039,0.00012,0.00072,0.00052,0.00045,0.00032
500.6700134,0.00034,0.00018,0.00069,0.00055,0.00043,0.00034
501.0299988,0.00026,0.00017,0.00059,0.00048,0.00036,0.00029
501.3900146,0.00024,0.00012,0.00047,0.00051,0.00031,0.00025
501.75,0.00015,9.00E-05,0.00042,0.00047,0.00032,0.00016
502.1099854,0.00018,1.00E-04,0.00045,0.00048,0.00033,0.00019
502.4700012,0.0002,9.00E-05,0.0004,0.00046,0.00035,0.00024
502.8299866,0.00017,3.00E-05,0.00035,0.0004,0.00035,0.00019
503.1900024,0.00014,-6.00E-05,0.00028,0.00032,0.00033,0.00014
503.5499878,0.00016,-6.00E-05,0.00026,0.00035,0.00035,0.00013
503.9100037,0.00018,1.00E-05,0.00032,0.00039,0.0004,0.00018
504.269989,0.00021,8.00E-05,0.00032,0.00041,0.00042,0.00024
504.6300049,0.00027,0.00018,0.00035,0.00045,0.00053,0.0002
504.9899902,0.0003,0.00023,0.00038,0.00049,0.00056,0.00016
505.3500061,0.00033,0.00031,0.00043,0.00055,0.00059,0.00025
505.7099915,0.00044,0.00035,0.00047,0.00064,0.00059,0.0003
506.0700073,0.00045,0.00031,0.00043,0.00061,0.00059,0.00031
506.4299927,0.00046,0.00026,0.00036,0.0006,0.00058,0.00029
506.7900085,0.00045,0.00021,0.00031,0.00057,0.00056,0.00028
507.1499939,0.00045,0.0002,0.0003,0.00055,0.00054,0.00034
507.5100098,0.00043,0.00013,0.00029,0.00059,0.00052,0.00035
507.8699951,0.0004,7.00E-05,0.00022,0.00054,0.00049,0.00029
508.230011,0.00035,9.00E-05,0.00025,0.00051,0.00053,0.00025
508.5899963,0.00035,0.00019,0.00026,0.00056,0.00055,0.0003
508.9500122,0.00035,0.00028,0.00035,0.00056,0.00059,0.00037
509.3099976,0.00039,0.00029,0.00039,0.00056,0.00059,0.00037
509.6700134,0.00042,0.00031,0.00039,0.00057,0.00054,0.00037
510.0299988,0.00035,0.00028,0.00036,0.0005,0.00052,0.00033
510.3900146,0.00043,0.00037,0.00043,0.00056,0.00055,0.00042
510.75,0.00044,0.00032,0.00038,0.00055,0.00052,0.00039
511.1099854,0.00045,0.0002,0.00043,0.00053,0.00052,0.00032
511.4700012,0.0004,0.00013,0.00033,0.00049,0.00046,0.00027
511.8299866,0.00036,0.00015,0.00027,0.00046,0.00046,0.00025
512.1900024,0.00037,0.00011,0.00031,0.00052,0.00057,0.00028
512.5499878,0.00041,0.00014,0.00032,0.00051,0.00062,0.00031
512.9099731,0.00034,9.00E-05,0.00026,0.00044,0.00055,0.00023
513.2700195,0.00032,0.00011,0.0003,0.00047,0.00057,0.00028
513.6199951,0.00034,0.00021,0.00031,0.00051,0.00061,0.00036
513.9799805,0.00039,0.00019,0.00035,0.0005,0.00061,0.00035
514.3400269,0.00039,0.00014,0.00039,0.00051,0.00062,0.00037
514.7000122,0.00038,0.00011,0.00035,0.00044,0.00053,0.00033
515.0599976,0.00043,6.00E-05,0.00032,0.00043,0.00046,0.00033
515.4199829,0.00046,4.00E-05,0.0003,0.00045,0.00048,0.00033
515.7800293,0.00049,5.00E-05,0.00032,0.00044,0.00043,0.00034
516.1400146,0.00045,4.00E-05,0.0003,0.00042,0.00038,0.00029
516.5,0.00051,0.00013,0.00036,0.00049,0.00046,0.00032
516.8599854,0.00051,0.00016,0.00032,0.00046,0.00045,0.00027
517.2199707,0.00044,0.00017,0.00031,0.00041,0.00044,0.00028
517.5700073,0.00043,0.00025,0.00036,0.00046,0.0005,0.00033
517.9299927,0.0004,0.00028,0.00038,0.00047,0.00051,0.00029
518.289978,0.00034,0.00024,0.00033,0.00041,0.0005,0.00025
518.6500244,0.00033,0.0002,0.00031,0.0004,0.0005,0.00019
519.0100098,0.00024,9.00E-05,0.00024,0.00032,0.00042,0.00014
519.3699951,0.00023,9.00E-05,0.00024,0.0004,0.00041,0.00019
519.7299805,0.00025,0.00017,0.00029,0.00044,0.00045,0.0002
520.0800171,0.00027,0.00019,0.00029,0.00041,0.00045,0.00022
520.4400024,0.00032,0.00018,0.00031,0.00043,0.00048,0.00023
520.7999878,0.0003,0.0002,0.00034,0.00047,0.00048,0.00022
521.1599731,0.00032,0.0002,0.00036,0.00049,0.00045,0.00028
521.5200195,0.00034,0.00023,0.00034,0.00051,0.00047,0.00028
521.8800049,0.00034,0.00023,0.00038,0.00051,0.00049,0.00024
522.2399902,0.00031,0.00014,0.00031,0.00051,0.00046,0.00021
522.5900269,0.00031,0.00011,0.00032,0.00052,0.00044,0.00018
522.9500122,0.00025,0.00011,0.00032,0.00055,0.00044,0.00021
523.3099976,0.00028,0.00014,0.00031,0.00057,0.00046,0.00022
523.6699829,0.00029,0.00013,0.00031,0.00053,0.00052,0.00023
524.0300293,0.00025,0.00012,0.00026,0.0005,0.00051,0.00025
524.3800049,0.00025,0.00018,0.00025,0.00048,0.0005,0.00024
524.7399902,0.00032,0.00025,0.00029,0.0005,0.00056,0.00032
525.0999756,0.00029,0.00022,0.00025,0.00048,0.00052,0.00029
525.460022,0.00029,0.00019,0.00026,0.00049,0.00054,0.00029
525.8200073,0.00033,0.00019,0.00028,0.00049,0.00056,0.00033
526.1699829,0.00032,0.00019,0.00024,0.0005,0.00053,0.00028
526.5300293,0.00035,0.00018,0.00028,0.00052,0.0005,0.00025
526.8900146,0.00035,9.00E-05,0.00031,0.00051,0.0005,0.00026
527.25,0.00029,2.00E-05,0.00024,0.00046,0.00044,0.0002
527.6099854,0.00027,-2.00E-05,0.00027,0.00046,0.00047,0.0002
527.960022,0.00031,1.00E-05,0.00026,0.00045,0.00044,0.00023
528.3200073,0.00028,0,0.00023,0.00046,0.00043,0.0002
528.6799927,0.00033,3.00E-05,0.00026,0.0005,0.00048,0.00026
529.039978,0.0003,4.00E-05,0.00024,0.00044,0.00046,0.00026
529.3900146,0.00034,9.00E-05,0.00019,0.00046,0.00049,0.00028
529.75,0.00036,0.00014,0.00024,0.00054,0.00051,0.0003
530.1099854,0.00037,0.00017,0.0002,0.00056,0.00047,0.00028
530.4699707,0.0004,0.00018,0.00024,0.00058,0.00051,0.00029
530.8200073,0.00037,0.0002,0.00024,0.00056,0.00049,0.00028
531.1799927,0.00033,0.00015,0.00021,0.00055,0.0005,0.00026
531.539978,0.00039,0.00015,0.00023,0.00061,0.00058,0.0003
531.9000244,0.00036,0.00011,0.00025,0.00057,0.00054,0.00028
532.25,0.00037,1.00E-04,0.00024,0.00055,0.00058,0.00025
532.6099854,0.00036,7.00E-05,0.00024,0.00051,0.0006,0.00026
532.9699707,0.00036,1.00E-04,0.00022,0.00047,0.00058,0.00022
533.3200073,0.00037,6.00E-05,0.00023,0.00046,0.00064,0.00024
533.6799927,0.00035,6.00E-05,0.00027,0.00045,0.0006,0.00021
534.039978,0.00032,9.00E-05,0.00033,0.00046,0.0006,0.00021
534.4000244,0.00031,9.00E-05,0.00033,0.00044,0.00059,0.00019
534.75,0.0003,9.00E-05,0.00034,0.00043,0.00056,0.0002
535.1099854,0.00032,0.00012,0.00034,0.00046,0.00058,0.00024
535.4699707,0.00031,1.00E-04,0.00035,0.00048,0.00059,0.00025
535.8200073,0.00033,0.00014,0.00037,0.00049,0.00057,0.00024
536.1799927,0.00035,0.00017,0.00035,0.00047,0.00058,0.00025
536.539978,0.00034,0.00017,0.00036,0.00047,0.00056,0.00023
536.8900146,0.00037,0.00019,0.00037,0.00051,0.0006,0.00024
537.25,0.00036,0.00018,0.00032,0.00049,0.00056,0.00028
537.6099854,0.00038,0.00019,0.00037,0.00052,0.00053,0.00028
537.960022,0.00037,0.00019,0.00037,0.00052,0.00053,0.00026
538.3200073,0.00034,0.00012,0.00032,0.00048,0.00051,0.00024
538.6799927,0.00034,0.00011,0.00031,0.00051,0.00052,0.00027
539.0300293,0.00035,6.00E-05,0.00024,0.00046,0.00049,0.00025
539.3900146,0.00036,4.00E-05,0.00023,0.00048,0.0005,0.00024
539.75,0.0004,8.00E-05,0.00025,0.00051,0.00055,0.00019
540.0999756,0.00037,4.00E-05,0.00024,0.0005,0.00057,0.00015
540.460022,0.0004,6.00E-05,0.00028,0.0005,0.00056,0.00017
540.8099976,0.00042,0.00011,0.00033,0.00052,0.00058,0.00025
541.1699829,0.00042,0.00011,0.00038,0.00053,0.00057,0.00026
541.5300293,0.00042,0.00016,0.0004,0.00057,0.00057,0.00024
541.8800049,0.00039,0.00018,0.00043,0.00054,0.00053,0.00027
542.2399902,0.00039,0.00018,0.00045,0.00051,0.00054,0.0003
542.5900269,0.00039,0.00017,0.00043,0.0005,0.00057,0.0003
542.9500122,0.00034,0.00015,0.00037,0.00048,0.00053,0.00026
543.3099976,0.00035,0.00015,0.00035,0.00047,0.00053,0.00022
543.6599731,0.00037,0.00017,0.00034,0.00046,0.00051,0.0002
544.0200195,0.00039,0.00017,0.00035,0.00049,0.00055,0.00025
544.3699951,0.0004,0.0002,0.00034,0.0005,0.00054,0.00026
544.7299805,0.00038,0.0002,0.00033,0.0005,0.00055,0.00026
545.0900269,0.00039,0.00022,0.00035,0.00053,0.00053,0.00028
545.4400024,0.0004,0.00021,0.00033,0.00053,0.00055,0.00028
545.7999878,0.00036,0.00019,0.00031,0.00051,0.00053,0.00025
546.1500244,0.00036,0.00015,0.00029,0.0005,0.00054,0.00024
546.5100098,0.00034,0.00014,0.00027,0.00049,0.00054,0.00022
546.8599854,0.00035,0.00012,0.00026,0.00051,0.00054,0.0002
547.2199707,0.00033,9.00E-05,0.00025,0.00047,0.0005,0.00019
547.5800171,0.00032,5.00E-05,0.00021,0.00044,0.00047,0.00016
547.9299927,0.00036,8.00E-05,0.00027,0.00048,0.00052,0.00019
548.289978,0.00037,8.00E-05,0.00026,0.00049,0.00052,0.00022
548.6400146,0.00036,0.00014,0.00028,0.00051,0.00052,0.00022
549,0.0004,0.00017,0.00032,0.00052,0.00052,0.00023
549.3499756,0.00039,0.0002,0.00032,0.00051,0.00055,0.00026
549.710022,0.00044,0.00021,0.00033,0.00054,0.00057,0.00029
550.0599976,0.00047,0.00025,0.0004,0.0006,0.00063,0.00036
550.4199829,0.00043,0.00023,0.00036,0.00056,0.00056,0.00033
550.7700195,0.00043,0.0002,0.00038,0.00055,0.00055,0.00032
551.1300049,0.00046,0.00017,0.00039,0.00054,0.00055,0.00035
551.4799805,0.00044,0.00013,0.00037,0.00049,0.00055,0.00034
551.8400269,0.00042,1.00E-04,0.00039,0.00046,0.00052,0.0003
552.1900024,0.00038,0.00012,0.00036,0.00046,0.00052,0.00028
552.5499878,0.00035,0.00013,0.00034,0.00043,0.00048,0.00026
552.9000244,0.00032,0.00013,0.00032,0.0004,0.00051,0.00025
553.2600098,0.00031,0.00011,0.00032,0.00041,0.00052,0.00027
553.6099854,0.0003,0.00014,0.00032,0.00045,0.00055,0.00025
553.9699707,0.00028,0.00011,0.00029,0.00045,0.00053,0.00025
554.3200073,0.0003,0.00012,0.00029,0.00048,0.00054,0.00028
554.6799927,0.00032,9.00E-05,0.00032,0.00048,0.00057,0.00026
555.0300293,0.00033,9.00E-05,0.00033,0.00046,0.00057,0.00028
555.3900146,0.00039,0.00012,0.00037,0.00051,0.00057,0.00029
555.7399902,0.00043,0.00016,0.00038,0.00058,0.00062,0.00028
556.0999756,0.00042,0.00017,0.00038,0.00058,0.00062,0.0003
556.4500122,0.00044,0.00025,0.00041,0.0006,0.00067,0.00034
556.7999878,0.00042,0.00025,0.0004,0.00061,0.00069,0.00034
557.1599731,0.00039,0.00025,0.00038,0.00058,0.00065,0.00033
557.5100098,0.0004,0.00026,0.00039,0.00062,0.00067,0.00031
557.8699951,0.00038,0.00024,0.00037,0.00061,0.00066,0.00028
558.2199707,0.00034,0.00018,0.00032,0.00054,0.00061,0.00024
558.5800171,0.00032,0.00013,0.0003,0.00047,0.00057,0.0002
558.9299927,0.00028,1.00E-04,0.00026,0.00047,0.00055,0.00017
559.2800293,0.00026,9.00E-05,0.00024,0.00046,0.0005,0.00015
559.6400146,0.00027,0.00011,0.00025,0.00049,0.00056,0.00016
559.9899902,0.00021,7.00E-05,0.0002,0.00045,0.00055,0.00017
560.3499756,0.00023,0.00012,0.00024,0.00046,0.0006,0.00019
560.7000122,0.00026,0.00021,0.00033,0.0005,0.00065,0.00024
561.0499878,0.00027,0.00021,0.00036,0.00051,0.00067,0.00027
561.4099731,0.00031,0.00024,0.00043,0.00054,0.00068,0.00025
561.7600098,0.00035,0.0002,0.00048,0.00053,0.0007,0.00026
562.1199951,0.00034,0.00019,0.00049,0.00052,0.00069,0.00025
562.4699707,0.00037,0.00021,0.0005,0.00054,0.00067,0.00025
562.8200073,0.00035,0.00019,0.00047,0.00053,0.00067,0.00026
563.1799927,0.00032,0.00014,0.0004,0.0005,0.00063,0.00026
563.5300293,0.00033,0.00012,0.00034,0.00052,0.00062,0.00023
563.8800049,0.00032,0.00011,0.00031,0.0005,0.00062,0.00026
564.2399902,0.00032,0.00018,0.00028,0.00054,0.00065,0.00024
564.5900269,0.00038,0.0002,0.00031,0.00057,0.00065,0.00028
564.9500122,0.00039,0.00018,0.0003,0.00057,0.00065,0.00024
565.2999878,0.00038,0.00014,0.00027,0.00054,0.0006,0.00022
565.6500244,0.00038,0.00015,0.00027,0.00058,0.00061,0.00018
566.0100098,0.00036,0.00015,0.00029,0.00056,0.00061,0.00017
566.3599854,0.00037,0.00013,0.0003,0.00056,0.00062,0.00017
566.710022,0.0004,1.00E-04,0.00032,0.00054,0.0006,0.0002
567.0700073,0.00035,7.00E-05,0.00029,0.00053,0.00059,0.00016
567.4199829,0.00035,8.00E-05,0.00031,0.00055,0.00063,0.0002
567.7700195,0.00034,0.00012,0.00031,0.00055,0.00063,0.0002
568.1300049,0.00036,0.00016,0.00032,0.00054,0.00065,0.00023
568.4799805,0.0004,0.0002,0.00033,0.00058,0.00067,0.00029
568.8300171,0.00039,0.00019,0.00032,0.00058,0.00068,0.00027
569.1799927,0.00039,0.00023,0.00029,0.00058,0.00071,0.00031
569.539978,0.0004,0.00024,0.0003,0.00059,0.00072,0.00033
569.8900146,0.0004,0.00024,0.00027,0.00056,0.00069,0.00031
570.2399902,0.00044,0.00024,0.00029,0.00061,0.00073,0.00031
570.5999756,0.00042,0.00022,0.0003,0.00059,0.00073,0.00032
570.9500122,0.00044,0.00023,0.00031,0.00059,0.00074,0.00029
571.2999878,0.00045,0.00022,0.0003,0.00062,0.00075,0.0003
571.6500244,0.00045,0.00018,0.00031,0.00063,0.00073,0.00028
572.0100098,0.00046,0.00018,0.00029,0.00062,0.00076,0.00027
572.3599854,0.00043,0.00018,0.00034,0.00061,0.00082,0.00027
572.710022,0.00043,0.00017,0.00033,0.00057,0.00089,0.00026
573.0599976,0.00046,0.00014,0.00033,0.0006,0.00099,0.00026
573.4199829,0.00041,0.00012,0.00031,0.00058,0.00112,0.00027
573.7700195,0.00037,0.00011,0.00029,0.00052,0.00125,0.00024
574.1199951,0.00035,0.00012,0.00029,0.00052,0.00149,0.00024
574.4699707,0.00038,0.00011,0.0003,0.00056,0.00177,0.00024
574.8300171,0.0004,9.00E-05,0.00031,0.00058,0.0021,0.00023
575.1799927,0.00039,9.00E-05,0.00031,0.00058,0.00249,0.00025
575.5300293,0.00039,7.00E-05,0.00028,0.00055,0.00285,0.00023
575.8800049,0.00041,7.00E-05,0.00028,0.00055,0.00323,0.00022
576.2399902,0.00046,0.00015,0.00033,0.00061,0.00364,0.00026
576.5900269,0.00051,0.00015,0.00036,0.00062,0.00396,0.00024
576.9400024,0.00049,0.00018,0.00037,0.00059,0.0042,0.00024
577.289978,0.00051,0.00022,0.00035,0.00058,0.00431,0.00026
577.6400146,0.00049,0.00021,0.00038,0.0006,0.00426,0.00026
578,0.00047,0.00026,0.00041,0.00061,0.00415,0.00029
578.3499756,0.00047,0.00027,0.00044,0.00062,0.00396,0.00029
578.7000122,0.00045,0.00021,0.00044,0.00059,0.00367,0.00025
579.0499878,0.00041,0.00021,0.00042,0.00057,0.00328,0.00026
579.4000244,0.00039,0.00018,0.0004,0.00052,0.00285,0.00022
579.7600098,0.00034,0.00013,0.0004,0.00051,0.00246,0.0002
580.1099854,0.00035,0.00014,0.00037,0.0005,0.00214,0.00018
580.460022,0.00036,0.00014,0.00035,0.00053,0.00179,0.00016
580.8099976,0.00039,0.00016,0.00035,0.00057,0.00154,0.00019
581.1599731,0.00039,0.00018,0.00032,0.00059,0.00129,0.00022
581.5100098,0.00044,0.00018,0.00032,0.00062,0.00114,0.00022
581.8699951,0.00046,0.00019,0.00031,0.00064,0.00099,0.00026
582.2199707,0.00048,0.00023,0.0003,0.00066,0.00091,0.00028
582.5700073,0.00052,0.00027,0.00033,0.00067,0.00085,0.00032
582.9199829,0.00054,0.00024,0.00035,0.00064,0.00082,0.00032
583.2700195,0.00052,0.00021,0.00035,0.00062,0.00077,0.00029
583.6199951,0.00051,0.00018,0.00036,0.00062,0.00072,0.0003
583.9699707,0.00048,0.00018,0.00034,0.00062,0.00068,0.00028
584.3300171,0.00048,0.00016,0.00038,0.0007,0.00071,0.00029
584.6799927,0.00047,0.00012,0.00037,0.00078,0.00066,0.00026
585.0300293,0.00045,1.00E-04,0.00038,0.00097,0.00065,0.00025
585.3800049,0.00039,7.00E-05,0.00034,0.00114,0.00061,0.00025
585.7299805,0.00035,8.00E-05,0.00032,0.00135,0.0006,0.00025
586.0800171,0.00033,8.00E-05,0.00031,0.00159,0.00058,0.00023
586.4299927,0.00032,8.00E-05,0.00031,0.00182,0.00059,0.00022
586.7800293,0.00035,0.00012,0.00032,0.00202,0.00062,0.00022
587.1300049,0.00038,0.00017,0.00037,0.00216,0.00066,0.00027
587.4799805,0.00038,0.00017,0.00032,0.00215,0.00064,0.00023
587.8400269,0.00046,0.00025,0.00038,0.00214,0.00071,0.00027
588.1900024,0.00047,0.00023,0.00035,0.00201,0.0007,0.00026
588.539978,0.00053,0.00027,0.00041,0.00187,0.00076,0.0003
588.8900146,0.00053,0.00028,0.00043,0.00166,0.00077,0.00033
589.2399902,0.00048,0.00023,0.00041,0.00144,0.00072,0.00032
589.5900269,0.00042,0.0002,0.00035,0.00121,0.00069,0.00027
589.9400024,0.00036,0.00019,0.00035,0.00103,0.00068,0.00025
590.289978,0.00036,0.00019,0.00032,0.0009,0.00068,0.00024
590.6400146,0.00037,0.00023,0.00036,0.00082,0.00069,0.00027
590.9899902,0.00034,0.00018,0.00031,0.00075,0.00066,0.00021
591.3400269,0.00035,0.0002,0.00033,0.0007,0.00069,0.00023
591.6900024,0.00036,0.00024,0.00034,0.00068,0.0007,0.00023
592.039978,0.00042,0.00027,0.00039,0.00071,0.00073,0.00028
592.3900146,0.00041,0.00025,0.00039,0.00067,0.00074,0.00031
592.7399902,0.00041,0.00024,0.00044,0.00066,0.00073,0.00034
593.0900269,0.00039,0.00021,0.00046,0.00063,0.00069,0.00029
593.4400024,0.00039,0.0002,0.00047,0.00059,0.00068,0.00028
593.789978,0.00041,0.00022,0.00047,0.00061,0.00066,0.00027
594.1400146,0.0004,0.00019,0.00048,0.0006,0.00063,0.00029
594.4899902,0.00039,0.00019,0.00045,0.00057,0.00058,0.00029
594.8400269,0.00045,0.00024,0.00046,0.0006,0.0006,0.00029
595.1900024,0.00044,0.0002,0.00045,0.00055,0.00056,0.00023
595.539978,0.00045,0.00021,0.00043,0.00054,0.00055,0.00025
595.8900146,0.00045,0.00022,0.0004,0.00056,0.00055,0.00028
596.2399902,0.00039,0.00019,0.00041,0.00055,0.00051,0.00023
596.5900269,0.00041,0.00022,0.00042,0.00055,0.00054,0.00023
596.9400024,0.00041,0.00021,0.00044,0.00055,0.00058,0.00022
597.289978,0.00044,0.00017,0.00047,0.00055,0.00059,0.00022
597.6400146,0.00046,0.00021,0.00046,0.00061,0.00064,0.00023
597.9899902,0.00045,0.00019,0.00047,0.00063,0.00066,0.00025
598.3400269,0.00046,0.00018,0.00048,0.00061,0.00066,0.00025
598.6900024,0.00048,0.00019,0.00047,0.00061,0.00068,0.00027
599.039978,0.00046,0.00018,0.00045,0.00061,0.00068,0.00025
599.3900146,0.00045,0.00017,0.00044,0.0006,0.00063,0.00024
599.7399902,0.00043,0.00018,0.00041,0.00061,0.00066,0.00023
600.0900269,0.0004,0.00016,0.00042,0.00056,0.00063,0.00024
600.4400024,0.0004,0.00016,0.00038,0.00055,0.00063,0.0002
600.789978,0.00042,0.00022,0.00041,0.00059,0.00066,0.00021
601.1400146,0.00043,0.00025,0.00042,0.00059,0.00067,0.00022
601.4899902,0.00042,0.00026,0.00043,0.0006,0.00067,0.00021
601.8300171,0.00042,0.00023,0.00041,0.0006,0.0007,0.00018
602.1799927,0.00043,0.00024,0.00043,0.0006,0.00067,0.00019
602.5300293,0.00044,0.00023,0.00042,0.00065,0.00068,0.0002
602.8800049,0.00046,0.00024,0.00047,0.00068,0.00068,0.00023
603.2299805,0.00043,0.00018,0.00044,0.00067,0.00065,0.0002
603.5800171,0.00044,0.00016,0.00041,0.00064,0.00066,0.00018
603.9299927,0.00047,0.00016,0.00043,0.00063,0.00067,0.00021
604.2800293,0.0005,0.00023,0.00045,0.00064,0.00069,0.00025
604.6300049,0.0005,0.00023,0.00043,0.00066,0.00069,0.00026
604.9699707,0.00047,0.00021,0.00041,0.00057,0.00065,0.00021
605.3200073,0.00045,0.0002,0.00037,0.00053,0.00061,0.0002
605.6699829,0.00043,0.00022,0.00037,0.00051,0.00062,0.00022
606.0200195,0.00039,0.00021,0.00037,0.00049,0.00059,0.0002
606.3699951,0.00039,0.0002,0.00039,0.00053,0.00058,0.00021
606.7199707,0.00035,0.00013,0.00036,0.00053,0.00054,0.00019
607.0700073,0.00033,1.00E-04,0.00034,0.00047,0.00049,0.00015
607.4199829,0.00032,0.00011,0.00032,0.00048,0.00049,0.00015
607.7600098,0.00032,0.00012,0.00035,0.00049,0.00054,0.00018
608.1099854,0.00034,1.00E-04,0.00034,0.00049,0.00051,0.00015
608.460022,0.00037,0.00011,0.00034,0.00053,0.00051,0.00021
608.8099976,0.00035,0.00011,0.00033,0.00052,0.00049,0.00018
609.1599731,0.00034,0.00012,0.00031,0.00048,0.00049,0.00018
609.5100098,0.00034,0.00015,0.00035,0.00052,0.00052,0.00025
609.8499756,0.00038,0.00019,0.00037,0.00055,0.00054,0.00027
610.2000122,0.00044,0.00027,0.00044,0.0006,0.00059,0.00029
610.5499878,0.00044,0.00027,0.00046,0.00059,0.00058,0.0003
610.9000244,0.00049,0.00028,0.0005,0.00061,0.00062,0.0003
611.25,0.00052,0.00028,0.00051,0.0006,0.00064,0.00032
611.5900269,0.00055,0.0003,0.00054,0.00065,0.00063,0.00033
611.9400024,0.00057,0.00029,0.00054,0.00067,0.00062,0.0003
612.289978,0.00054,0.00026,0.00051,0.00068,0.00061,0.00027
612.6400146,0.00047,0.00019,0.00042,0.00064,0.00054,0.00022
612.9899902,0.0005,0.00024,0.00043,0.00067,0.00058,0.00026
613.3300171,0.00049,0.00024,0.00043,0.00069,0.00058,0.00027
613.6799927,0.00046,0.00024,0.0004,0.00073,0.0006,0.0003
614.0300293,0.0005,0.00024,0.00043,0.00074,0.00063,0.00032
614.3800049,0.00046,0.00026,0.00042,0.00072,0.00067,0.00033
614.7199707,0.00049,0.00026,0.00044,0.00072,0.00067,0.00036
615.0700073,0.0005,0.00023,0.00043,0.00069,0.00065,0.00037
615.4199829,0.00046,0.00016,0.00042,0.00066,0.00066,0.00035
615.7700195,0.00042,0.00014,0.00038,0.00063,0.00064,0.00031
616.1099854,0.00041,0.00016,0.00036,0.00058,0.00059,0.00027
616.460022,0.00035,0.00012,0.00026,0.0005,0.00054,0.00024
616.8099976,0.00037,0.00011,0.00028,0.0005,0.00054,0.00025
617.1599731,0.00038,0.00013,0.00028,0.00052,0.00055,0.00028
617.5,0.00039,0.00015,0.00031,0.00053,0.00056,0.00029
617.8499756,0.00041,0.00015,0.00033,0.00053,0.00055,0.0003
618.2000122,0.00043,0.00015,0.00035,0.00051,0.00053,0.00031
618.539978,0.00045,0.00013,0.00035,0.0005,0.00055,0.00029
618.8900146,0.00046,0.00019,0.00043,0.00058,0.00059,0.00029
619.2399902,0.00047,0.00021,0.00045,0.00061,0.0006,0.00031
619.5900269,0.00044,0.00019,0.00045,0.0006,0.00059,0.0003
619.9299927,0.00046,0.0002,0.00047,0.00063,0.0006,0.00033
620.2800293,0.00046,0.00025,0.00047,0.00065,0.00059,0.00031
620.6300049,0.00041,0.00023,0.00048,0.00068,0.00062,0.00031
620.9699707,0.00041,0.00026,0.00049,0.00073,0.00064,0.00039
621.3200073,0.00043,0.00024,0.00048,0.00068,0.00063,0.00036
621.6699829,0.00041,0.00021,0.00048,0.00066,0.00061,0.00037
622.0100098,0.00044,0.00024,0.00049,0.00071,0.00062,0.00038
622.3599854,0.00042,0.00023,0.00045,0.00067,0.00061,0.00034
622.710022,0.00043,0.00021,0.00041,0.00064,0.00059,0.00035
623.0499878,0.00044,0.0002,0.00038,0.0006,0.00056,0.00032
623.4000244,0.00043,0.00018,0.00037,0.00055,0.00054,0.00031
623.75,0.00041,0.00013,0.0003,0.00056,0.00052,0.0003
624.0900269,0.00038,0.00013,0.00027,0.00053,0.00048,0.00027
624.4400024,0.00034,9.00E-05,0.00026,0.00047,0.00045,0.00022
624.789978,0.00037,9.00E-05,0.00028,0.00049,0.00047,0.00024
625.1300049,0.00036,0.00011,0.0003,0.0005,0.00049,0.00028
625.4799805,0.00038,0.00013,0.00031,0.00053,0.0005,0.00029
625.8200073,0.00036,0.00014,0.00028,0.00053,0.0005,0.00025
626.1699829,0.00041,0.00021,0.00039,0.00058,0.00055,0.00033
626.5200195,0.00046,0.00023,0.00038,0.00056,0.00056,0.00031
626.8599854,0.00045,0.00025,0.00039,0.00056,0.00053,0.0003
627.210022,0.00045,0.00026,0.00038,0.00053,0.00053,0.00029
627.5499878,0.00044,0.00025,0.00035,0.00054,0.00053,0.00025
627.9000244,0.00042,0.00024,0.00036,0.00054,0.00053,0.00027
628.25,0.00047,0.00028,0.00042,0.00055,0.00052,0.00029
628.5900269,0.00047,0.00024,0.00038,0.00053,0.00053,0.00025
628.9400024,0.00045,0.00023,0.00041,0.00055,0.00054,0.00026
629.2800293,0.00046,0.00023,0.00039,0.00054,0.00058,0.00028
629.6300049,0.00046,0.00022,0.00038,0.00057,0.00057,0.0003
629.9799805,0.00048,0.00021,0.00036,0.00055,0.00058,0.00032
630.3200073,0.00049,0.00021,0.00034,0.00051,0.00057,0.00027
630.6699829,0.00047,0.00017,0.00033,0.0005,0.00055,0.00025
631.0100098,0.00042,0.00017,0.00029,0.0005,0.0005,0.00024
631.3599854,0.00041,0.00016,0.00028,0.00052,0.00051,0.00026
631.7000122,0.0004,0.00013,0.00026,0.00052,0.00051,0.00027
632.0499878,0.0004,0.00013,0.00026,0.00051,0.00049,0.00024
632.3900146,0.0004,0.00013,0.00027,0.00053,0.00046,0.00023
632.7399902,0.00044,0.00014,0.0003,0.00055,0.00047,0.00024
633.0900269,0.00045,0.00012,0.00032,0.00055,0.00049,0.00025
633.4299927,0.00044,0.00015,0.00037,0.00054,0.00053,0.00027
633.7800293,0.00044,0.00016,0.00034,0.00051,0.00053,0.00025
634.1199951,0.00048,0.0002,0.00038,0.00055,0.00057,0.00026
634.4699707,0.00049,0.00021,0.00036,0.00055,0.0006,0.00027
634.8099976,0.00048,0.00022,0.00039,0.00055,0.00062,0.0003
635.1599731,0.00046,0.0002,0.00035,0.00054,0.00059,0.00028
635.5,0.00044,0.00021,0.0003,0.00053,0.00061,0.00027
635.8499756,0.00046,0.00021,0.00026,0.00055,0.0006,0.00026
636.1900024,0.00048,0.00023,0.00029,0.00058,0.00063,0.00027
636.539978,0.00045,0.00024,0.00029,0.00059,0.00062,0.00029
636.8800049,0.00048,0.00027,0.00035,0.0006,0.00066,0.00031
637.2299805,0.00049,0.00029,0.00035,0.00059,0.00067,0.00032
637.5700073,0.00047,0.00029,0.00036,0.00056,0.0007,0.00033
637.9199829,0.00046,0.00029,0.00036,0.00058,0.00068,0.00033
638.2600098,0.00046,0.0003,0.00037,0.00055,0.00068,0.0003
638.5999756,0.00049,0.00029,0.00038,0.00055,0.00067,0.00033
638.9500122,0.00049,0.00024,0.00036,0.00051,0.00067,0.00033
639.289978,0.00046,0.00025,0.00034,0.00052,0.00067,0.00033
639.6400146,0.00045,0.00024,0.00034,0.00054,0.00067,0.00032
639.9799805,0.00048,0.00027,0.00037,0.00059,0.00067,0.00036
640.3300171,0.0005,0.0003,0.00041,0.00059,0.00068,0.00036
640.6699829,0.0005,0.0003,0.00042,0.00061,0.00069,0.0004
641.0200195,0.00046,0.00025,0.00037,0.00059,0.00062,0.00037
641.3599854,0.00045,0.00029,0.00038,0.00061,0.00061,0.00034
641.7000122,0.00042,0.00021,0.00034,0.00058,0.00055,0.00029
642.0499878,0.00043,0.00019,0.00034,0.00059,0.00053,0.00027
642.3900146,0.00044,0.00017,0.00034,0.00061,0.00052,0.00027
642.7399902,0.00042,0.00015,0.00037,0.00063,0.00052,0.00032
643.0800171,0.00042,0.00016,0.00037,0.00062,0.00053,0.00028
643.4299927,0.00045,0.00021,0.00044,0.00066,0.00061,0.00034
643.7700195,0.00048,0.00021,0.00046,0.00066,0.00063,0.00035
644.1099854,0.00051,0.00026,0.00047,0.00066,0.00065,0.0004
644.460022,0.00053,0.00027,0.00047,0.00065,0.00066,0.00041
644.7999878,0.00051,0.00024,0.00043,0.00063,0.00067,0.00038
645.1400146,0.00054,0.00026,0.00042,0.00063,0.00069,0.00033
645.4899902,0.00057,0.00023,0.00042,0.00063,0.00069,0.00036
645.8300171,0.00056,0.00022,0.00039,0.00062,0.00066,0.00031
646.1799927,0.00054,0.00023,0.0004,0.00061,0.00065,0.00034
646.5200195,0.00053,0.00019,0.00041,0.00063,0.00065,0.00032
646.8599854,0.00049,0.00018,0.00039,0.00061,0.00065,0.00029
647.210022,0.00052,0.00021,0.0004,0.00062,0.00067,0.00028
647.5499878,0.0005,0.00021,0.0004,0.00061,0.00065,0.00029
647.8900146,0.00046,0.0002,0.00042,0.00061,0.00064,0.00031
648.2399902,0.00043,0.0002,0.0004,0.00061,0.00064,0.00033
648.5800171,0.00043,0.00016,0.0004,0.00063,0.00066,0.00032
648.9199829,0.00044,0.00017,0.00039,0.0006,0.00063,0.00032
649.2700195,0.00045,0.00018,0.00039,0.0006,0.00064,0.00032
649.6099854,0.00042,0.00017,0.00039,0.00061,0.00066,0.00033
649.9500122,0.00043,0.00015,0.00036,0.00063,0.00067,0.00035
650.2999878,0.00047,0.0002,0.00037,0.00064,0.0007,0.00034
650.6400146,0.00048,0.00019,0.00035,0.00062,0.00069,0.00032
650.9799805,0.00046,0.00021,0.0003,0.00061,0.00068,0.00031
651.3300171,0.00044,0.00021,0.0003,0.00063,0.00073,0.0003
651.6699829,0.00046,0.00022,0.00032,0.00064,0.00072,0.00032
652.0100098,0.00047,0.00023,0.00032,0.00065,0.00069,0.00033
652.3599854,0.00047,0.00023,0.00034,0.00065,0.0007,0.00031
652.7000122,0.00044,0.00019,0.00032,0.0006,0.00065,0.00028
653.039978,0.00046,0.00018,0.00035,0.00065,0.00067,0.00028
653.3800049,0.00048,0.00016,0.00038,0.00064,0.00066,0.00024
653.7299805,0.00048,0.00015,0.00037,0.00061,0.00063,0.00023
654.0700073,0.00048,0.00014,0.00037,0.00063,0.00063,0.00022
654.4099731,0.00052,0.00015,0.00038,0.00062,0.00064,0.0002
654.75,0.0005,0.00016,0.00038,0.00058,0.00064,0.00018
655.0999756,0.00052,0.00017,0.00036,0.0006,0.00066,0.00017
655.4400024,0.00048,0.00018,0.00033,0.00055,0.00064,0.00018
655.7800293,0.00047,0.00021,0.00034,0.00054,0.00064,0.0002
656.1199951,0.00048,0.00022,0.00036,0.00058,0.00066,0.00023
656.4699707,0.00048,0.00021,0.0004,0.00057,0.00067,0.00025
656.8099976,0.00044,0.00019,0.00038,0.00056,0.00066,0.00025
657.1500244,0.00045,0.0002,0.00037,0.00057,0.00065,0.00027
657.4899902,0.00045,0.00023,0.00039,0.00063,0.00066,0.00029
657.8400269,0.0005,0.00028,0.00044,0.00069,0.00069,0.00032
658.1799927,0.00048,0.00028,0.00044,0.0007,0.00072,0.00034
658.5200195,0.00048,0.0003,0.00045,0.00066,0.00072,0.00033
658.8599854,0.00047,0.00033,0.00042,0.00067,0.00073,0.00031
659.2000122,0.00048,0.00034,0.00043,0.00071,0.00074,0.00035
659.5499878,0.00046,0.00033,0.00043,0.0007,0.00074,0.00035
659.8900146,0.0004,0.00024,0.00039,0.00062,0.0007,0.00029
660.2299805,0.00038,0.0002,0.00036,0.00061,0.00069,0.00024
660.5700073,0.00037,0.00019,0.00035,0.00062,0.00069,0.0002
660.9099731,0.00038,0.00017,0.00035,0.00062,0.00066,0.00019
661.2600098,0.00035,0.00017,0.00031,0.0006,0.00063,0.0002
661.5999756,0.00033,0.00013,0.00031,0.00056,0.00061,0.00014
661.9400024,0.00033,0.00013,0.00035,0.00058,0.0006,0.00014
662.2800293,0.00036,0.00016,0.00037,0.0006,0.0006,0.00017
662.6199951,0.00041,0.00017,0.00042,0.00064,0.00062,0.00022
662.960022,0.00042,0.00016,0.00041,0.00067,0.00062,0.00025
663.3099976,0.0004,0.00012,0.00037,0.00066,0.00058,0.00023
663.6500244,0.00044,0.00013,0.00043,0.00068,0.00062,0.00024
663.9899902,0.00047,0.00018,0.00045,0.00072,0.00068,0.00027
664.3300171,0.00047,0.00017,0.00044,0.00073,0.00069,0.00029
664.6699829,0.00048,0.0002,0.00046,0.00079,0.00072,0.00032
665.0100098,0.00046,0.00019,0.00045,0.00077,0.00071,0.00028
665.3499756,0.00046,0.00021,0.00044,0.00077,0.00074,0.00028
665.6900024,0.00049,0.00025,0.0005,0.0008,0.00083,0.00031
666.039978,0.00048,0.00023,0.00049,0.00081,0.00083,0.00029
666.3800049,0.00045,0.00021,0.00048,0.00079,0.00081,0.00029
666.7199707,0.00045,0.00022,0.00047,0.00078,0.00081,0.00026
667.0599976,0.00041,0.00019,0.00046,0.00073,0.00082,0.00023
667.4000244,0.00043,0.0002,0.00051,0.00073,0.00087,0.00027
667.7399902,0.00039,0.00016,0.00051,0.00067,0.00081,0.00022
668.0800171,0.00038,0.00017,0.00048,0.0007,0.00083,0.00022
668.4199829,0.00041,0.0002,0.00052,0.00071,0.00087,0.00024
668.7600098,0.00042,0.00019,0.00052,0.00074,0.00088,0.00026
669.0999756,0.00042,0.0002,0.00051,0.00073,0.00089,0.00025
669.4400024,0.00047,0.00024,0.00055,0.00077,0.00091,0.00028
669.789978,0.00043,0.00025,0.00051,0.00076,0.00088,0.00029
670.1300049,0.00046,0.00026,0.00052,0.00078,0.00091,0.00034
670.4699707,0.00043,0.00025,0.00051,0.00075,0.00084,0.00033
670.8099976,0.00041,0.00022,0.00048,0.00073,0.00083,0.00031
671.1500244,0.00039,0.0002,0.00046,0.00069,0.00082,0.00025
671.4899902,0.00041,0.0002,0.0005,0.00072,0.00084,0.0003
671.8300171,0.00041,0.00019,0.00048,0.00071,0.00084,0.0003
672.1699829,0.00045,0.00018,0.00047,0.00072,0.00087,0.00028
672.5100098,0.00045,0.00017,0.00049,0.00077,0.00088,0.00029
672.8499756,0.00048,0.00018,0.0005,0.0008,0.0009,0.00029
673.1900024,0.00044,0.00018,0.00051,0.00082,0.0009,0.0003
673.5300293,0.00041,0.00021,0.00053,0.00084,0.00093,0.00034
673.8699951,0.00042,0.00019,0.00052,0.00086,0.00089,0.0003
674.210022,0.00038,0.00017,0.00052,0.00084,0.00084,0.00027
674.5499878,0.00037,0.00017,0.00052,0.00082,0.00082,0.00025
674.8900146,0.00039,0.00021,0.00056,0.0008,0.00081,0.00024
675.2299805,0.0004,0.00024,0.00059,0.00081,0.00084,0.00027
675.5700073,0.00041,0.00022,0.00061,0.00082,0.00085,0.00025
675.9099731,0.00044,0.00021,0.0006,0.00083,0.00086,0.00023
676.25,0.00043,0.00023,0.00065,0.00085,0.00092,0.00031
676.5900269,0.00043,0.00024,0.00063,0.00091,0.001,0.00034
676.9299927,0.00043,0.00024,0.00065,0.00093,0.00103,0.00034
677.2700195,0.00042,0.00024,0.00062,0.00095,0.00103,0.00034
677.6099854,0.00042,0.0002,0.00061,0.00097,0.00104,0.00035
677.9500122,0.00043,0.0002,0.0006,0.001,0.00105,0.00038
678.289978,0.00042,0.00026,0.00061,0.00101,0.00107,0.00043
678.6300049,0.00046,0.00027,0.00062,0.00102,0.0011,0.0004
678.9699707,0.00046,0.00025,0.00063,0.00101,0.00106,0.00038
679.3099976,0.00047,0.00026,0.0006,0.00102,0.00105,0.0004
679.6500244,0.0005,0.00025,0.00063,0.00108,0.0011,0.00043
679.9799805,0.00051,0.0003,0.00065,0.0011,0.00113,0.00042
680.3200073,0.00051,0.00031,0.00066,0.00112,0.0011,0.0004
680.6599731,0.0005,0.00026,0.00066,0.00113,0.00109,0.00034
681,0.00051,0.0003,0.00065,0.00119,0.00107,0.00037
681.3400269,0.00055,0.00036,0.00073,0.00126,0.00112,0.00041
681.6799927,0.00056,0.00037,0.00077,0.00132,0.00116,0.00042
682.0200195,0.00055,0.00037,0.00077,0.00129,0.00116,0.00042
682.3599854,0.00053,0.00035,0.00079,0.00129,0.00117,0.00042
682.7000122,0.00054,0.00038,0.00081,0.00129,0.0012,0.00043
683.039978,0.00055,0.0004,0.00083,0.00134,0.00123,0.00045
683.3800049,0.00054,0.00035,0.00084,0.00132,0.00124,0.00043
683.710022,0.00049,0.00029,0.00077,0.00128,0.00119,0.00037
684.0499878,0.00046,0.00027,0.00076,0.00124,0.00118,0.00033
684.3900146,0.00046,0.00025,0.00073,0.00128,0.00118,0.0003
684.7299805,0.00045,0.00026,0.00075,0.00128,0.00122,0.00033
685.0700073,0.00048,0.00023,0.0007,0.00129,0.00124,0.00033
685.4099731,0.00055,0.00027,0.00074,0.00129,0.00124,0.00036
685.75,0.00054,0.00028,0.00074,0.00131,0.00126,0.00039
686.0900269,0.00056,0.00029,0.00078,0.00131,0.0013,0.00042
686.4199829,0.00055,0.00028,0.00075,0.00133,0.0013,0.00048
686.7600098,0.00051,0.00029,0.00077,0.00133,0.00129,0.00049
687.0999756,0.00052,0.00027,0.00075,0.00133,0.00127,0.00044
687.4400024,0.00049,0.00026,0.00077,0.00129,0.00125,0.00045
687.7800293,0.00046,0.0002,0.00072,0.00133,0.00129,0.00041
688.1199951,0.00043,0.00021,0.00069,0.00129,0.00125,0.00037
688.4500122,0.00041,0.0002,0.00066,0.0013,0.00123,0.00035
688.789978,0.00045,0.00022,0.00073,0.00132,0.00127,0.00035
689.1300049,0.00046,0.00021,0.00072,0.00125,0.0013,0.00033
689.4699707,0.00046,0.00025,0.00071,0.0013,0.00132,0.00038
689.8099976,0.00047,0.00031,0.00072,0.00135,0.00137,0.0004
690.1400146,0.00045,0.00033,0.00072,0.00132,0.00138,0.00044
690.4799805,0.00047,0.00036,0.00073,0.00135,0.00143,0.00046
690.8200073,0.00048,0.00043,0.00074,0.00139,0.00149,0.00051
691.1599731,0.00044,0.00039,0.00072,0.00139,0.00146,0.00049
691.5,0.00044,0.00041,0.00077,0.00149,0.0015,0.00049
691.8300171,0.00044,0.00035,0.00076,0.00152,0.00153,0.00048
692.1699829,0.00048,0.00031,0.00085,0.00155,0.00155,0.00051
692.5100098,0.00047,0.00028,0.00088,0.00155,0.00148,0.00049
692.8499756,0.00047,0.00026,0.0009,0.00157,0.00153,0.00053
693.1799927,0.00049,0.00022,0.00096,0.00159,0.00157,0.00054
693.5200195,0.0005,0.00023,0.00099,0.00162,0.00162,0.00055
693.8599854,0.00053,0.00022,0.00102,0.00165,0.00161,0.00058
694.2000122,0.00049,0.00026,0.00106,0.00164,0.00163,0.0006
694.5300293,0.00049,0.00027,0.00103,0.0017,0.00167,0.00059
694.8699951,0.0005,0.00032,0.00107,0.00178,0.00177,0.00058
695.210022,0.00052,0.00035,0.00111,0.00177,0.0018,0.00055
695.5499878,0.00052,0.00035,0.00105,0.00174,0.00179,0.00052
695.8800049,0.00052,0.00037,0.00107,0.00178,0.00183,0.00056
696.2199707,0.00052,0.00041,0.00107,0.00179,0.00185,0.00057
696.5599976,0.00055,0.00044,0.00109,0.00187,0.00187,0.00058
696.9000244,0.00053,0.00045,0.00112,0.00184,0.00185,0.00059
697.2299805,0.00053,0.00045,0.00109,0.00181,0.00186,0.00063
697.5700073,0.00049,0.00041,0.00108,0.00186,0.00183,0.00062
697.9099731,0.00052,0.00044,0.00118,0.00194,0.00187,0.00067
698.2399902,0.00053,0.00042,0.00121,0.00199,0.00191,0.00068
698.5800171,0.00055,0.00042,0.00126,0.00205,0.00198,0.00069
698.9199829,0.00052,0.00039,0.00124,0.00202,0.00198,0.00066
699.25,0.00056,0.00041,0.00125,0.00208,0.00202,0.00064
699.5900269,0.00056,0.00042,0.00132,0.00212,0.00206,0.00069
699.9299927,0.00058,0.00045,0.00136,0.00218,0.00212,0.00073
700.2600098,0.00052,0.00044,0.00135,0.00217,0.0021,0.00066
700.5999756,0.00053,0.00047,0.00137,0.00223,0.00213,0.00067
700.9400024,0.00055,0.00046,0.00139,0.00224,0.00216,0.00067
701.2700195,0.00053,0.00043,0.00141,0.00224,0.00216,0.00066
701.6099854,0.0005,0.00038,0.00139,0.00224,0.00215,0.00062
701.9500122,0.00052,0.0004,0.00141,0.00227,0.00218,0.00055
702.2800293,0.00054,0.00041,0.00143,0.00228,0.00225,0.00057
702.6199951,0.00058,0.00045,0.00142,0.00235,0.00233,0.00063
702.960022,0.00056,0.00045,0.00137,0.00233,0.00231,0.00061
703.289978,0.00056,0.00049,0.00133,0.00232,0.00229,0.00059
703.6300049,0.0006,0.00053,0.00138,0.00236,0.00233,0.00062
703.960022,0.00064,0.00056,0.00145,0.00243,0.00239,0.00069
704.2999878,0.00062,0.00053,0.00146,0.00252,0.00247,0.00073
704.6400146,0.0006,0.00055,0.00148,0.00254,0.00248,0.0007
704.9699707,0.00058,0.00055,0.0015,0.00257,0.00252,0.00064
705.3099976,0.00058,0.00056,0.00154,0.00263,0.00259,0.00063
705.6400146,0.00059,0.00056,0.00159,0.00274,0.00268,0.00068
705.9799805,0.00064,0.00063,0.00164,0.00283,0.0028,0.00075
706.3200073,0.00062,0.00066,0.00166,0.00288,0.00287,0.00076
706.6500244,0.00064,0.00069,0.00171,0.00295,0.00284,0.00077
706.9899902,0.00058,0.00068,0.00171,0.00297,0.00281,0.00077
707.3200073,0.00062,0.00072,0.00178,0.00302,0.00284,0.00087
707.6599731,0.00065,0.00072,0.00184,0.00305,0.00285,0.00089
707.9899902,0.00057,0.00068,0.00187,0.00302,0.00286,0.00088
708.3300171,0.00057,0.00066,0.00188,0.003,0.00289,0.00085
708.6699829,0.00061,0.00068,0.00191,0.00301,0.00293,0.00091
709,0.00064,0.00069,0.00192,0.00301,0.00298,0.00095
709.3400269,0.00074,0.00074,0.00199,0.00315,0.0031,0.00103
709.6699829,0.00071,0.00067,0.00198,0.00316,0.00313,0.00101
710.0100098,0.00074,0.00071,0.00199,0.00319,0.00319,0.00104
710.3400269,0.00077,0.0007,0.00199,0.00323,0.00321,0.00106
710.6799927,0.00074,0.00073,0.00203,0.0033,0.00323,0.00108
711.0100098,0.00072,0.00073,0.00204,0.00335,0.00325,0.00103
711.3499756,0.00068,0.00071,0.00202,0.00339,0.00328,0.00099
711.6799927,0.00069,0.00068,0.00201,0.00338,0.00326,0.00094
712.0200195,0.00073,0.00068,0.00203,0.00341,0.0033,0.00095
712.3499756,0.00065,0.00061,0.002,0.00344,0.00329,0.00093
712.6900024,0.00069,0.00068,0.00208,0.00352,0.00332,0.00093
713.0200195,0.00069,0.00064,0.00207,0.00353,0.0033,0.0009
713.3599854,0.00063,0.00059,0.00205,0.00354,0.0033,0.00087
713.6900024,0.00061,0.00059,0.00206,0.0035,0.00329,0.00086
714.0300293,0.00053,0.00058,0.00209,0.00352,0.00331,0.00089
714.3599854,0.00046,0.00058,0.00207,0.00352,0.00326,0.00083
714.7000122,0.00052,0.00066,0.00213,0.00358,0.00336,0.00087
715.0300293,0.00051,0.00064,0.00211,0.0036,0.00337,0.00085
715.3699951,0.00049,0.00067,0.00217,0.00367,0.00348,0.00088
715.7000122,0.0006,0.00072,0.00226,0.00381,0.00357,0.00092
716.039978,0.00069,0.00077,0.00231,0.00397,0.0037,0.00098
716.3699951,0.00077,0.00081,0.00235,0.00408,0.00376,0.00097
716.7000122,0.00081,0.00085,0.00241,0.00416,0.00393,0.00103
717.039978,0.00074,0.00078,0.00241,0.00416,0.00394,0.00101
717.3699951,0.00075,0.00075,0.00244,0.00419,0.00401,0.00102
717.710022,0.00075,0.00075,0.00243,0.00424,0.00398,0.00101
718.039978,0.00067,0.00076,0.00239,0.00423,0.004,0.00098
718.3800049,0.00068,0.00077,0.00242,0.00423,0.00403,0.00097
718.710022,0.00068,0.00072,0.00243,0.00423,0.00409,0.00097
719.039978,0.0007,0.00074,0.00246,0.00431,0.00405,0.00097
719.3800049,0.00077,0.0008,0.00251,0.00443,0.00413,0.001
719.710022,0.00082,0.00085,0.00253,0.0045,0.00419,0.00106
720.0499878,0.00086,0.00085,0.00256,0.00453,0.00425,0.00104
720.3800049,0.00087,0.00083,0.00258,0.00457,0.00429,0.00107
720.710022,0.00081,0.00079,0.0026,0.00455,0.00431,0.00108
721.0499878,0.00074,0.0008,0.00258,0.00458,0.00432,0.00104
721.3800049,0.00069,0.00078,0.00257,0.0046,0.00437,0.00103
721.7199707,0.00068,0.0008,0.00256,0.00456,0.00437,0.00106
722.0499878,0.00061,0.0008,0.0026,0.0046,0.00434,0.001
722.3800049,0.0006,0.00082,0.00264,0.00466,0.00439,0.00105
722.7199707,0.00064,0.00089,0.00273,0.00474,0.00446,0.00108
723.0499878,0.00063,0.00095,0.00279,0.00482,0.00452,0.00111
723.3800049,0.0007,0.00099,0.00289,0.00488,0.00459,0.0012
723.7199707,0.00073,0.00102,0.00293,0.00493,0.00467,0.00129
724.0499878,0.00066,0.00097,0.00298,0.00496,0.00458,0.00126
724.3800049,0.0007,0.001,0.00301,0.00495,0.00466,0.0013
724.7199707,0.0007,0.00103,0.00305,0.005,0.00473,0.00131
725.0499878,0.00074,0.00103,0.00311,0.00509,0.0048,0.00136
725.3800049,0.00077,0.00101,0.00313,0.00515,0.00486,0.00135
725.7199707,0.0007,0.00102,0.00307,0.00516,0.00485,0.00132
726.0499878,0.00075,0.00106,0.00308,0.00523,0.00491,0.00128
726.3800049,0.00083,0.00112,0.0031,0.00538,0.00505,0.00131
726.7199707,0.00082,0.00112,0.00304,0.00538,0.00514,0.00131
727.0499878,0.0008,0.00108,0.00308,0.00542,0.00515,0.00133
727.3800049,0.00077,0.00107,0.00309,0.00539,0.00518,0.00127
727.710022,0.00074,0.00108,0.00308,0.00538,0.00519,0.0013
728.0499878,0.00076,0.00108,0.00314,0.00544,0.00524,0.0013
728.3800049,0.00083,0.00114,0.00328,0.00552,0.00535,0.00141
728.710022,0.00081,0.0011,0.00333,0.00548,0.00549,0.00134
729.0499878,0.00082,0.0011,0.00342,0.00559,0.00549,0.00136
729.3800049,0.00087,0.00114,0.00344,0.00558,0.00551,0.00135
729.710022,0.00091,0.0012,0.00345,0.00569,0.00559,0.0014
730.039978,0.00095,0.00117,0.00347,0.00581,0.00561,0.00142
730.3800049,0.00098,0.00119,0.00353,0.00588,0.0057,0.00143
730.710022,0.00091,0.00112,0.0035,0.00584,0.00567,0.00132
731.039978,0.00096,0.00115,0.00348,0.0059,0.00565,0.00139
731.3699951,0.00101,0.00124,0.00357,0.00598,0.00581,0.00146
731.710022,0.00096,0.00118,0.00354,0.00604,0.0059,0.00142
732.039978,0.00087,0.00107,0.00351,0.00606,0.00591,0.00134
732.3699951,0.00091,0.00113,0.00361,0.00608,0.00605,0.00133
732.7000122,0.0009,0.00115,0.00362,0.00611,0.00616,0.00139
733.039978,0.00086,0.00104,0.00359,0.00613,0.00619,0.00137
733.3699951,0.00085,0.00109,0.00363,0.00625,0.00633,0.00138
733.7000122,0.00075,0.001,0.00357,0.0063,0.00631,0.00128
734.0300293,0.00074,0.001,0.00357,0.0063,0.00635,0.00134
734.3599854,0.00078,0.00108,0.00361,0.00637,0.00638,0.00138
734.7000122,0.00065,0.00103,0.00354,0.00634,0.00636,0.00131
735.0300293,0.00068,0.00103,0.00352,0.0064,0.0064,0.00132
735.3599854,0.00077,0.00115,0.00358,0.00654,0.00647,0.00138
735.6900024,0.00072,0.00112,0.00357,0.00656,0.00649,0.0014
736.0200195,0.00074,0.00111,0.00362,0.00657,0.00654,0.00143
736.3499756,0.00079,0.00122,0.00372,0.00667,0.00663,0.00142
736.6900024,0.00076,0.0012,0.00371,0.00663,0.0067,0.00142
737.0200195,0.0008,0.00124,0.00376,0.00672,0.00674,0.0015
737.3499756,0.00081,0.00123,0.00384,0.00675,0.00682,0.00149
737.6799927,0.00075,0.00118,0.00385,0.00668,0.00698,0.00151
738.0100098,0.00077,0.00117,0.00391,0.00668,0.00701,0.0015
738.3400269,0.00079,0.00119,0.00389,0.00675,0.00711,0.00155
738.6799927,0.00083,0.00117,0.00391,0.00682,0.00719,0.00156
739.0100098,0.00084,0.00114,0.004,0.00692,0.00735,0.00156
739.3400269,0.00087,0.00122,0.00407,0.00695,0.0075,0.00156
739.6699829,0.00081,0.00125,0.00407,0.00694,0.00749,0.00154
740,0.00084,0.00134,0.0041,0.00707,0.00746,0.00156
740.3300171,0.00095,0.00144,0.00413,0.00719,0.00763,0.00163
740.6599731,0.00099,0.00147,0.00417,0.00722,0.00767,0.00159
740.9899902,0.00095,0.0014,0.00416,0.00727,0.00769,0.0016
741.3200073,0.00102,0.00144,0.00416,0.00729,0.007710001,0.00165
741.6599731,0.00109,0.00144,0.0042,0.00731,0.0078,0.00165
741.9899902,0.00105,0.00138,0.00421,0.00739,0.007900001,0.00164
742.3200073,0.00102,0.0013,0.00416,0.00738,0.00803,0.00156
742.6500244,0.00098,0.00122,0.00413,0.00734,0.00806,0.00148
742.9799805,0.00088,0.00116,0.00408,0.00732,0.008119999,0.00141
743.3099976,0.00087,0.00129,0.00411,0.0073,0.00825,0.00145
743.6400146,0.0008,0.00128,0.0041,0.0073,0.008309999,0.00145
743.9699707,0.00074,0.00123,0.0041,0.00741,0.0084,0.00142
744.2999878,0.00081,0.0013,0.00411,0.00752,0.00851,0.00141
744.6300049,0.00083,0.00135,0.00418,0.00759,0.00868,0.0015
744.960022,0.00078,0.00139,0.00417,0.00772,0.00877,0.00154
745.289978,0.00086,0.00145,0.00428,0.00782,0.0089,0.00163
745.6199951,0.00089,0.00142,0.00436,0.007900001,0.00903,0.00165
745.9500122,0.00095,0.00147,0.00443,0.00806,0.00917,0.00166
746.2800293,0.00099,0.00154,0.00443,0.00818,0.00928,0.00175
746.6099854,0.00103,0.00155,0.00446,0.00819,0.00932,0.00177
746.9400024,0.00103,0.0016,0.00458,0.00822,0.00937,0.0018
747.2800293,0.00099,0.00158,0.00464,0.008169999,0.00944,0.00176
747.6099854,0.00097,0.00162,0.00469,0.0082,0.0096,0.00181
747.9400024,0.00097,0.00164,0.00466,0.0083,0.00973,0.00185
748.2700195,0.00097,0.00167,0.00469,0.00835,0.00984,0.00189
748.5999756,0.00095,0.00161,0.00468,0.00825,0.00986,0.0019
748.9299927,0.00089,0.00161,0.00471,0.00827,0.01002,0.00193
749.2600098,0.00093,0.00166,0.00474,0.0084,0.01022,0.00198
749.5800171,0.00095,0.00168,0.00479,0.00846,0.01036,0.00199
749.9099731,0.00101,0.00166,0.00479,0.00857,0.01047,0.00201
750.2399902,0.00102,0.00161,0.0048,0.00861,0.01061,0.00195
750.5700073,0.00105,0.00156,0.00483,0.00861,0.010720001,0.00194
750.9000244,0.00104,0.00165,0.00486,0.00879,0.01101,0.00196
751.2299805,0.00107,0.00164,0.00492,0.00887,0.01123,0.00201
751.5599976,0.00099,0.00155,0.00484,0.00885,0.011390001,0.00193
751.8900146,0.00097,0.00156,0.00482,0.00896,0.01169,0.00189
752.2199707,0.001,0.00159,0.00488,0.00905,0.01209,0.00186
752.5499878,0.00094,0.00155,0.00485,0.00904,0.012469999,0.00182
752.8800049,0.00092,0.00162,0.00485,0.0091,0.01322,0.00182
753.210022,0.00088,0.00156,0.00483,0.00911,0.01419,0.00177
753.539978,0.00092,0.00158,0.00481,0.009240001,0.01585,0.00173
753.8699951,0.00099,0.00162,0.00486,0.00935,0.018370001,0.00175
754.2000122,0.00098,0.00165,0.00493,0.00942,0.022369999,0.0018
754.5300293,0.00087,0.00161,0.00485,0.00937,0.02822,0.00174
754.8599854,0.00089,0.00166,0.00491,0.0095,0.03686,0.00178
755.1900024,0.0008,0.00163,0.0049,0.009509999,0.048470002,0.00168
755.5100098,0.00086,0.00163,0.00493,0.0095,0.063560002,0.00162
755.8400269,0.00083,0.00165,0.005,0.00957,0.082570001,0.00164
756.1699829,0.00079,0.00157,0.005,0.00961,0.105279997,0.00163
756.5,0.0008,0.00155,0.00499,0.0097,0.131219998,0.00161
756.8300171,0.00089,0.00163,0.00513,0.00985,0.15997,0.00167
757.1599731,0.00091,0.00163,0.00515,0.00992,0.190599993,0.00168
757.4899902,0.00101,0.00163,0.0052,0.01013,0.22254999,0.00177
757.8200073,0.00097,0.00164,0.00525,0.01027,0.25424999,0.0018
758.1400146,0.00102,0.00166,0.00527,0.01033,0.284779996,0.00182
758.4699707,0.00096,0.00168,0.0052,0.01036,0.31329,0.00186
758.7999878,0.00093,0.00166,0.00521,0.01039,0.338950008,0.00187
759.1300049,0.00089,0.00165,0.00525,0.01042,0.361570001,0.00187
759.460022,0.00082,0.00162,0.00519,0.01045,0.380429983,0.00186
759.789978,0.00077,0.00169,0.00526,0.01051,0.395779997,0.00195
760.1199951,0.00076,0.00163,0.00525,0.01058,0.407990009,0.00196
760.4400024,0.00066,0.00158,0.00524,0.010629999,0.417480022,0.00183
760.7700195,0.0008,0.00169,0.00535,0.01081,0.424620032,0.00185
761.0999756,0.00089,0.00175,0.00536,0.01096,0.430420011,0.00189
761.4299927,0.00087,0.00177,0.00538,0.01105,0.434970021,0.00188
761.7600098,0.00099,0.00186,0.00556,0.01125,0.439010024,0.00192
762.0800171,0.001,0.00183,0.00553,0.0113,0.442420006,0.00183
762.4099731,0.0011,0.00196,0.00569,0.011469999,0.445649981,0.00196
762.7399902,0.00116,0.00201,0.0057,0.01161,0.448949993,0.00204
763.0700073,0.00113,0.00191,0.00574,0.01171,0.452109993,0.00195
763.4000244,0.00119,0.00195,0.00584,0.011879999,0.455500007,0.00201
763.7199707,0.0012,0.0019,0.00581,0.01196,0.459410012,0.00203
764.0499878,0.00122,0.00192,0.00575,0.01198,0.464480013,0.00203
764.3800049,0.00125,0.00197,0.00581,0.01214,0.471599996,0.00215
764.710022,0.00117,0.00201,0.0058,0.01224,0.481249988,0.00218
765.039978,0.00115,0.00201,0.00585,0.01232,0.494370013,0.00221
765.3599854,0.00123,0.00215,0.00599,0.012469999,0.51165998,0.00241
765.6900024,0.00121,0.00208,0.00598,0.0125,0.533609986,0.00235
766.0200195,0.00127,0.00216,0.00607,0.0127,0.56042999,0.00243
766.3499756,0.00125,0.00213,0.00612,0.01293,0.591360033,0.00245
766.6699829,0.00124,0.00207,0.00612,0.01307,0.625540018,0.00239
767,0.00123,0.00203,0.00611,0.013150001,0.662039995,0.0023
767.3300171,0.0013,0.0021,0.00623,0.01339,0.698700011,0.00228
767.6500244,0.00126,0.00204,0.00622,0.01355,0.734719992,0.00221
767.9799805,0.00125,0.00212,0.00633,0.01376,0.767990053,0.00224
768.3099976,0.00117,0.00212,0.00633,0.014,0.797850013,0.00223
768.6400146,0.00111,0.00207,0.00637,0.014099999,0.823320031,0.00217
768.960022,0.00097,0.00205,0.00637,0.01429,0.843899965,0.00206
769.289978,0.00102,0.00205,0.00645,0.01471,0.859800041,0.00206
769.6199951,0.00098,0.002,0.00648,0.015039999,0.871449947,0.00213
769.9400024,0.00094,0.00198,0.00644,0.01556,0.879779994,0.00202
770.2700195,0.00086,0.00191,0.00641,0.01646,0.885370016,0.00196
770.5999756,0.00089,0.00188,0.00649,0.01777,0.888740003,0.00183
770.9199829,0.00092,0.0019,0.00654,0.02001,0.890850008,0.00187
771.25,0.00113,0.0019,0.00671,0.02358,0.892329991,0.00195
771.5800171,0.00116,0.00181,0.00674,0.029040001,0.893320024,0.00194
771.9000244,0.00114,0.00187,0.00679,0.03717,0.894199967,0.00191
772.2299805,0.00117,0.00194,0.00687,0.048689999,0.895520031,0.00195
772.5599976,0.00122,0.00199,0.00704,0.06397,0.897060037,0.00203
772.8800049,0.00127,0.00208,0.00715,0.083629996,0.898259938,0.00217
773.210022,0.00139,0.00213,0.00726,0.107559994,0.899280012,0.00228
773.539978,0.00138,0.00228,0.00728,0.135550007,0.900099993,0.00231
773.8599854,0.00126,0.00243,0.00733,0.166959986,0.900590003,0.00229
774.1900024,0.0014,0.00249,0.00738,0.200939998,0.900490046,0.0023
774.5200195,0.0014,0.00246,0.00754,0.235990003,0.899250031,0.0024
774.8400269,0.00142,0.00245,0.00755,0.270729989,0.896829963,0.00236
775.1699829,0.00147,0.00242,0.00763,0.304100007,0.894380033,0.00239
775.5,0.00135,0.00251,0.00775,0.334900022,0.891380012,0.00229
775.8200073,0.00133,0.00247,0.007850001,0.36214,0.887269974,0.00227
776.1500244,0.00143,0.0024,0.00791,0.385159999,0.883069992,0.0023
776.4699707,0.00134,0.00238,0.00801,0.403899997,0.879289985,0.00231
776.7999878,0.00129,0.00238,0.00805,0.419350028,0.875810027,0.00223
777.1199951,0.00124,0.00241,0.00813,0.431920022,0.873000026,0.00224
777.4500122,0.00116,0.00241,0.00818,0.442229986,0.870689988,0.00215
777.7800293,0.00123,0.00249,0.00834,0.452010006,0.868440032,0.00219
778.0999756,0.00134,0.00258,0.00842,0.462579995,0.866999984,0.00224
778.4299927,0.00141,0.0027,0.00857,0.475919992,0.866600037,0.00233
778.75,0.00137,0.0028,0.00857,0.49240002,0.865999997,0.0023
779.0800171,0.00139,0.00288,0.00862,0.513240039,0.865319967,0.00238
779.4000244,0.00147,0.00299,0.0087,0.538940012,0.864950001,0.00246
779.7299805,0.00152,0.00313,0.0088,0.56911999,0.864279985,0.00256
780.0599976,0.00144,0.00307,0.008719999,0.603900015,0.864499986,0.00248
780.3800049,0.0013,0.00299,0.00874,0.641659975,0.865170002,0.00243
780.710022,0.00127,0.00308,0.00887,0.68057996,0.86491996,0.00239
781.0300293,0.00124,0.00308,0.00904,0.719300032,0.866219997,0.00243
781.3599854,0.00133,0.00322,0.00925,0.756220043,0.867810011,0.00249
781.6799927,0.0013,0.00335,0.00942,0.790490031,0.870059967,0.00239
782.0100098,0.00123,0.00326,0.009430001,0.820360005,0.87274003,0.0023
782.3300171,0.00126,0.00343,0.00955,0.845269978,0.875500023,0.00236
782.6599731,0.0013,0.00353,0.009649999,0.86571002,0.878580034,0.00229
782.9799805,0.00127,0.00362,0.009670001,0.882610023,0.882889986,0.00223
783.3099976,0.00139,0.00364,0.00975,0.895709991,0.886240005,0.00225
783.6300049,0.0014,0.00363,0.00982,0.905690014,0.88944,0.00222
783.960022,0.00141,0.00357,0.00973,0.912660003,0.892099977,0.00221
784.2800293,0.00152,0.00381,0.00997,0.917730033,0.894520044,0.00239
784.6099854,0.00151,0.00376,0.01012,0.921600044,0.896019995,0.00242
784.9299927,0.00146,0.00377,0.010299999,0.924329996,0.896829963,0.00245
785.2600098,0.00151,0.00377,0.01052,0.925390005,0.896669984,0.00259
785.5800171,0.00157,0.00383,0.01075,0.92554003,0.895199955,0.00259
785.9099731,0.00156,0.00381,0.01096,0.924719989,0.893779993,0.00261
786.2299805,0.0016,0.00397,0.011419999,0.923979998,0.891880035,0.00278
786.5599976,0.00155,0.00405,0.011849999,0.922890007,0.890360057,0.00281
786.8800049,0.00158,0.00416,0.01228,0.921429992,0.888700008,0.00283
787.2000122,0.00161,0.00419,0.01287,0.919390023,0.887610018,0.00296
787.5300293,0.00149,0.0041,0.01367,0.917519987,0.886490047,0.0029
787.8499756,0.00148,0.00411,0.01486,0.915459991,0.886610031,0.00295
788.1799927,0.00137,0.0042,0.01682,0.913949966,0.88725996,0.00287
788.5,0.00145,0.00422,0.02,0.912440062,0.888960063,0.00289
788.8300171,0.0014,0.00422,0.025190001,0.91158998,0.890780032,0.00275
789.1500244,0.00158,0.00429,0.033500001,0.911449969,0.893869996,0.00292
789.4699707,0.00185,0.00448,0.045630001,0.912160039,0.89696002,0.00307
789.7999878,0.00197,0.00461,0.06236,0.912919998,0.900070012,0.00313
790.1199951,0.00195,0.00475,0.084550001,0.914690018,0.903430045,0.0032
790.4500122,0.00216,0.00492,0.112410001,0.916620016,0.905279994,0.00337
790.7700195,0.00219,0.00499,0.145050004,0.918160021,0.90602994,0.00335
791.0900269,0.00239,0.0051,0.182059988,0.920149982,0.906009972,0.00346
791.4199829,0.00236,0.00512,0.221980006,0.92227,0.905439973,0.00338
791.7399902,0.00227,0.00519,0.263530016,0.92355001,0.904060006,0.00335
792.0599976,0.00237,0.00535,0.305510014,0.92494005,0.901820004,0.0034
792.3900146,0.00251,0.00547,0.347000003,0.925770044,0.89873004,0.00354
792.710022,0.00255,0.00554,0.388779998,0.926530004,0.89625001,0.00362
793.039978,0.00261,0.00565,0.430639982,0.92670995,0.893329978,0.0038
793.3599854,0.00258,0.00562,0.473320007,0.926060021,0.890309989,0.00385
793.6799927,0.00259,0.00563,0.5176,0.924660027,0.88647002,0.00391
794.0100098,0.00259,0.00563,0.563899994,0.923609972,0.882470012,0.00394
794.3300171,0.00266,0.0057,0.61164999,0.921679974,0.878389955,0.004
794.6500244,0.00272,0.00581,0.659660041,0.919349968,0.874029994,0.00392
794.9799805,0.00283,0.0059,0.706149995,0.916600049,0.86947,0.00402
795.2999878,0.0029,0.00601,0.750339985,0.914680004,0.865090013,0.00406
795.6199951,0.00289,0.00615,0.789600015,0.912239969,0.860110044,0.00417
795.9400024,0.00299,0.00643,0.823750019,0.909940004,0.854369938,0.00435
796.2700195,0.00309,0.00668,0.851100028,0.907609999,0.847200036,0.00446
796.5900269,0.00316,0.00684,0.87285006,0.90647006,0.838399947,0.00456
796.9099731,0.00317,0.00698,0.88944,0.906399965,0.827380002,0.00473
797.2399902,0.00315,0.00716,0.902509987,0.906939983,0.813109994,0.00472
797.5599976,0.00315,0.00741,0.911989987,0.907799959,0.79550004,0.0048
797.8800049,0.00339,0.007879999,0.919319987,0.909769952,0.774629951,0.00492
798.210022,0.00352,0.00844,0.924870014,0.912470043,0.750419974,0.00507
798.5300293,0.00351,0.00904,0.929359972,0.915679991,0.723049998,0.00512
798.8499756,0.00356,0.00994,0.933420002,0.919120014,0.693040013,0.00527
799.1699829,0.00376,0.01127,0.937149942,0.922249973,0.660839975,0.0054
799.5,0.00387,0.013300001,0.93987,0.925210059,0.627489984,0.00559
799.8200073,0.00397,0.01671,0.942070007,0.92768997,0.593230009,0.00559
800.1400146,0.00395,0.022079999,0.943889976,0.929830015,0.559539974,0.00554
800.460022,0.00383,0.030650001,0.94483,0.930830002,0.527140021,0.00531
800.789978,0.00396,0.044310004,0.946060002,0.931500018,0.497150004,0.00536
801.1099854,0.00401,0.064369999,0.946659982,0.931140006,0.470400006,0.00542
801.4299927,0.00391,0.091899998,0.946280003,0.93009001,0.447439998,0.00531
801.75,0.00386,0.128219992,0.945959985,0.928449988,0.428200006,0.00529
802.0700073,0.00396,0.173789993,0.94569999,0.926679969,0.412310004,0.00531
802.4000244,0.00409,0.228819996,0.944859982,0.92377001,0.398530006,0.00551
802.7199707,0.00436,0.292270005,0.943759978,0.921540022,0.38666001,0.00581
803.039978,0.00451,0.36255002,0.941699982,0.918909967,0.374799997,0.00591
803.3599854,0.00463,0.437209994,0.939589977,0.916729987,0.36195001,0.00595
803.6799927,0.00469,0.513069987,0.937600017,0.914879978,0.347550005,0.00611
804.0100098,0.00493,0.587529957,0.935179949,0.913730025,0.33040002,0.00637
804.3300171,0.00505,0.656890035,0.932780027,0.912880003,0.310119987,0.00668
804.6500244,0.00513,0.719060004,0.930500031,0.913320005,0.286989987,0.00686
804.9699707,0.0052,0.77252996,0.92918998,0.913860023,0.261030018,0.00709
805.289978,0.00529,0.816060007,0.928130031,0.914579988,0.233169988,0.0074
805.6199951,0.00538,0.849860013,0.927990019,0.916019976,0.204270005,0.00769
805.9400024,0.00557,0.875059962,0.928649962,0.91782999,0.175530002,0.008
806.2600098,0.00569,0.893369973,0.930040002,0.919940054,0.148120001,0.00827
806.5800171,0.00584,0.905960023,0.931869984,0.921750009,0.12286,0.0087
806.9000244,0.00613,0.914319992,0.934430003,0.923779964,0.100489996,0.00931
807.2199707,0.00615,0.920140028,0.937300026,0.925670028,0.081270002,0.01016
807.539978,0.00639,0.924400032,0.940329969,0.927340031,0.065530002,0.0116
807.8699951,0.0067,0.92809999,0.942680001,0.928509951,0.053029999,0.01417
808.1900024,0.00719,0.931029975,0.944140017,0.929049969,0.04329,0.018919999
808.5100098,0.00779,0.933589995,0.945659995,0.929170012,0.035669997,0.02713
808.8300171,0.008309999,0.936240017,0.946510017,0.928629994,0.02977,0.040910002
809.1500244,0.00901,0.939859986,0.947440028,0.927479982,0.02538,0.063790001
809.4699707,0.010089999,0.942689955,0.947020054,0.925930023,0.02221,0.099009998
809.789978,0.011820001,0.945930004,0.947440028,0.924459994,0.019889999,0.148829997
810.1099854,0.01454,0.947799981,0.947059989,0.922330022,0.01808,0.213579997
810.4299927,0.019199999,0.949929953,0.947480023,0.920479953,0.01698,0.290610015
810.7600098,0.02703,0.950699985,0.94588995,0.917440057,0.016039999,0.375919998
811.0800171,0.041030001,0.951920033,0.944820046,0.915000021,0.01544,0.46401
811.4000244,0.063859999,0.952340007,0.943310022,0.912460029,0.01495,0.548909962
811.7199707,0.099779993,0.952669978,0.942110002,0.909789979,0.01471,0.625810027
812.039978,0.150059998,0.953040004,0.94095999,0.906930029,0.01438,0.690829992
812.3599854,0.215289995,0.953079998,0.939749956,0.903150022,0.014199999,0.742880046
812.6799927,0.293379992,0.95235002,0.93809998,0.898659945,0.01388,0.782930017
813,0.379860014,0.952720046,0.93870002,0.893679976,0.013789999,0.812600017
813.3200073,0.468490005,0.951950014,0.938519955,0.885879993,0.013789999,0.834320009
813.6400146,0.554220021,0.951330006,0.93908,0.875859976,0.013710001,0.84987998
813.960022,0.631630003,0.950029969,0.940080047,0.861559987,0.01368,0.860170007
814.2800293,0.696539998,0.947950006,0.94066,0.843309999,0.01361,0.866179943
814.5999756,0.748519957,0.946169972,0.942099988,0.820529997,0.0137,0.869310021
814.9199829,0.788550019,0.944789946,0.943539977,0.79302001,0.01368,0.87055999
815.2399902,0.81783998,0.942710042,0.944670022,0.761510015,0.01362,0.870689988
815.5599976,0.839479983,0.941399992,0.946340024,0.726709962,0.01352,0.870889962
815.8800049,0.855530024,0.940289974,0.947409987,0.688470006,0.01352,0.871890008
816.2000122,0.866659999,0.939329982,0.948000014,0.649720013,0.013350001,0.873820066
816.5200195,0.874029994,0.939260006,0.948960066,0.611409962,0.01327,0.877160013
816.8400269,0.878420055,0.940210044,0.94968003,0.575150013,0.01313,0.880930007
817.1599731,0.879639983,0.940749943,0.949880004,0.54095,0.01316,0.884390056
817.4799805,0.880029976,0.942519963,0.949280024,0.509720027,0.01308,0.887499988
817.7999878,0.880680025,0.944489956,0.949089944,0.482050031,0.013099999,0.890500009
818.1199951,0.881210029,0.946449995,0.948799968,0.456889987,0.012970001,0.892190039
818.4400024,0.883340001,0.948750019,0.948440015,0.432680011,0.013150001,0.894260049
818.7600098,0.885800004,0.95073998,0.947549999,0.408609986,0.01312,0.894960046
819.0800171,0.888480008,0.952139974,0.946340024,0.383190006,0.01289,0.895579994
819.4000244,0.892120004,0.953499973,0.945370018,0.356069982,0.012619999,0.896229982
819.7199707,0.895579994,0.954129994,0.944710016,0.326619983,0.012569999,0.896950006
820.039978,0.897610009,0.954509974,0.942519963,0.294519991,0.01244,0.897210002
820.3599854,0.89952004,0.954859972,0.941460013,0.261289984,0.012359999,0.897799969
820.6799927,0.900780022,0.955299973,0.939800024,0.227740005,0.01214,0.897909999
821,0.902060032,0.955739975,0.938830018,0.194750011,0.01208,0.898620009
821.3200073,0.902850032,0.955269992,0.937789977,0.163859993,0.01219,0.898939967
821.6400146,0.903939962,0.955529988,0.937259972,0.135839999,0.0124,0.899339974
821.960022,0.904060006,0.955559969,0.936910033,0.111149997,0.01233,0.899089992
822.2700195,0.904800057,0.955220044,0.937269986,0.090190001,0.01228,0.898339987
822.5900269,0.904869974,0.954320014,0.936650038,0.072839998,0.012259999,0.897539973
822.9099731,0.90565002,0.953970015,0.937399983,0.059169997,0.01229,0.896939993
823.2299805,0.905809999,0.953040004,0.936890006,0.048309997,0.01227,0.895619988
823.5499878,0.906069994,0.952580035,0.937240005,0.040139999,0.012250001,0.894759953
823.8699951,0.905809999,0.952099979,0.937759995,0.0337,0.01208,0.893710017
824.1900024,0.905869961,0.952190042,0.938069999,0.02881,0.01201,0.892910004
824.5100098,0.906009972,0.952450037,0.938440025,0.025309999,0.01207,0.892860055
824.8300171,0.905930042,0.952899992,0.938970029,0.02276,0.012209999,0.89309001
825.1400146,0.904839993,0.952809989,0.938539982,0.0207,0.01198,0.893490016
825.460022,0.904420018,0.953249991,0.939250052,0.01946,0.01194,0.894240022
825.7800293,0.904390037,0.954590023,0.939599991,0.018300001,0.01179,0.895520031
826.0999756,0.903750002,0.954459965,0.938949943,0.01767,0.01193,0.896309972
826.4199829,0.903259993,0.954699993,0.938639998,0.017109999,0.01194,0.897440016
826.7399902,0.903109968,0.954750001,0.938319981,0.016799999,0.011770001,0.898389995
827.0599976,0.903249979,0.95521003,0.937240005,0.016410001,0.0116,0.899039984
827.3699951,0.903830051,0.955370009,0.936589956,0.01633,0.01175,0.89921999
827.6900024,0.904299974,0.95551002,0.934929967,0.016000001,0.011770001,0.899850011
828.0100098,0.904709995,0.955709994,0.932829976,0.01606,0.01207,0.899680018
828.3300171,0.905680001,0.956660032,0.931439996,0.01582,0.01192,0.900210023
828.6500244,0.906239986,0.957129955,0.929140031,0.01584,0.01197,0.900669992
828.960022,0.907190025,0.958160043,0.927060008,0.01571,0.012,0.901250005
829.2800293,0.90775001,0.957949996,0.924549997,0.015829999,0.01204,0.901390016
829.5999756,0.908259988,0.958020031,0.921679974,0.01567,0.01203,0.901950002
829.9199829,0.908909976,0.957799971,0.91850996,0.01572,0.01208,0.902529955
830.2399902,0.908990026,0.957369983,0.913860023,0.01551,0.011779999,0.902799964
830.5499878,0.909229994,0.957149982,0.906939983,0.015470001,0.01163,0.902939975
830.8699951,0.909209967,0.955749989,0.896690011,0.015369999,0.01158,0.902710021
831.1900024,0.909069955,0.954359949,0.882440031,0.01534,0.01174,0.902639985
831.5100098,0.909199953,0.953369975,0.863240004,0.015039999,0.01171,0.902710021
831.8300171,0.90952003,0.952759981,0.839219987,0.0152,0.011729999,0.902620018
832.1400146,0.909609973,0.951740026,0.809810042,0.01528,0.01186,0.902320027
832.460022,0.909869969,0.95025003,0.776230037,0.0152,0.01181,0.902269959
832.7800293,0.910139978,0.948750019,0.738189995,0.015190001,0.01189,0.902069986
833.0999756,0.910939991,0.94799006,0.697669983,0.01517,0.011870001,0.90237999
833.4099731,0.911000013,0.946709991,0.654349983,0.015140001,0.01184,0.902009964
833.7299805,0.911239982,0.94611001,0.610409975,0.01526,0.01181,0.902109981
834.0499878,0.911600053,0.945479989,0.565150023,0.01502,0.011729999,0.902480006
834.3599854,0.911070049,0.944899976,0.518580019,0.014839999,0.01163,0.902480006
834.6799927,0.911070049,0.944940031,0.470509976,0.01487,0.011720001,0.902390003
835,0.911119998,0.945159972,0.421920002,0.01487,0.011729999,0.902610004
835.3200073,0.910960019,0.945450008,0.372449994,0.01476,0.011670001,0.902020037
835.6300049,0.911139965,0.946669996,0.32377997,0.014579999,0.01154,0.902580023
835.9500122,0.91117996,0.947369993,0.276569992,0.014359999,0.01161,0.902960002
836.2700195,0.910809994,0.947780013,0.232160002,0.01442,0.01168,0.903310001
836.5800171,0.911330044,0.948539972,0.191690013,0.01439,0.01155,0.903799951
836.9000244,0.910979986,0.948170006,0.155939996,0.01427,0.01163,0.903799951
837.2199707,0.910549998,0.947730005,0.124969997,0.01403,0.01154,0.903479993
837.5300293,0.910650015,0.947699964,0.09962,0.01397,0.01159,0.903919995
837.8499756,0.910230041,0.946579993,0.079190001,0.013990001,0.01154,0.903020024
838.1699829,0.909769952,0.945790052,0.062679999,0.01419,0.011510001,0.902539968
838.4799805,0.909860015,0.944489956,0.050069999,0.01413,0.01154,0.902099967
838.7999878,0.909800053,0.943889976,0.04008,0.013940001,0.01156,0.901690006
839.1199951,0.910059988,0.942969978,0.032439999,0.01395,0.011390001,0.901350021
839.4299927,0.910269976,0.941890001,0.02691,0.014149999,0.011619999,0.901330054
839.75,0.910080016,0.939710021,0.022639999,0.01411,0.01163,0.901139975
840.0700073,0.91012001,0.937409997,0.019450001,0.01392,0.01169,0.901080012
840.3800049,0.909990013,0.934970021,0.01725,0.013830001,0.01166,0.900520027
840.7000122,0.909489989,0.932389975,0.0154,0.013569999,0.011510001,0.899540007
841.0100098,0.90952003,0.928849995,0.01428,0.013710001,0.01143,0.898320019
841.3300171,0.909649968,0.92535001,0.01359,0.013689999,0.01153,0.897620022
841.6500244,0.909449995,0.921029985,0.01322,0.01356,0.01149,0.896650016
841.960022,0.908769965,0.91527003,0.012619999,0.01338,0.01132,0.895110011
842.2800293,0.908939958,0.90733999,0.012359999,0.01355,0.01144,0.894329965
842.5999756,0.908769965,0.894999981,0.01209,0.01342,0.01145,0.893999994
842.9099731,0.908649981,0.878369987,0.01198,0.01361,0.011519999,0.893999994
843.2299805,0.907509983,0.85540998,0.011779999,0.01353,0.01156,0.893820047
843.539978,0.906930029,0.824599981,0.0115,0.01354,0.0116,0.894299984
843.8599854,0.905910015,0.784810007,0.01132,0.01368,0.01161,0.894629955
844.1699829,0.90516001,0.736500025,0.011419999,0.014,0.011849999,0.895339966
844.4899902,0.90338999,0.680000007,0.01119,0.01372,0.01166,0.895420015
844.8099976,0.902899981,0.617169976,0.01114,0.01391,0.01176,0.895260036
845.1199951,0.902469993,0.549600005,0.010980001,0.01393,0.01195,0.895599961
845.4400024,0.90230006,0.479280025,0.01095,0.013940001,0.01199,0.895539999
845.75,0.901750028,0.410250008,0.01086,0.0138,0.01202,0.895139992
846.0700073,0.902239978,0.344390005,0.01075,0.01388,0.01189,0.894840002
846.3800049,0.902809978,0.283719987,0.01048,0.01368,0.011779999,0.894469976
846.7000122,0.903219998,0.229900002,0.01043,0.01376,0.01184,0.894059956
847.0100098,0.903830051,0.183530003,0.010240001,0.01343,0.01169,0.89369005
847.3300171,0.903840005,0.144380003,0.01003,0.013309999,0.01143,0.891869962
847.6400146,0.904339969,0.112959996,0.00997,0.01333,0.01159,0.891520023
847.960022,0.90429002,0.087449998,0.00991,0.013300001,0.01156,0.889899969
848.2700195,0.903890014,0.067469999,0.00979,0.01327,0.011670001,0.888310015
848.5900269,0.903789997,0.052210003,0.01002,0.01355,0.011770001,0.886759996
848.9000244,0.903620005,0.040209997,0.010039999,0.013689999,0.01195,0.884599984
849.2199707,0.902720034,0.031229999,0.01001,0.013780001,0.01222,0.882419944
849.5300293,0.901939988,0.024530001,0.01015,0.0139,0.01245,0.880049944
849.8499756,0.900759935,0.01912,0.00984,0.01381,0.01209,0.876789987
850.1599731,0.900299966,0.01548,0.00974,0.013839999,0.0121,0.874570012
850.4799805,0.899100065,0.01269,0.00984,0.01356,0.01193,0.870510042
850.789978,0.89786005,0.01064,0.009670001,0.01334,0.01195,0.863809943
851.1099854,0.89636004,0.009380001,0.00955,0.01324,0.011879999,0.851569951
851.4199829,0.894459963,0.00832,0.00957,0.013250001,0.01158,0.830799997
851.7399902,0.892799973,0.00739,0.00935,0.01311,0.01144,0.799130023
852.0499878,0.891080022,0.00695,0.00932,0.01296,0.0115,0.754520059
852.3599854,0.889100015,0.00656,0.00928,0.01303,0.01148,0.696759999
852.6799927,0.886740029,0.00637,0.00911,0.01307,0.01154,0.627879977
852.9899902,0.882969975,0.00627,0.00896,0.013250001,0.0117,0.551249981
853.3099976,0.876699984,0.00616,0.00893,0.01345,0.011670001,0.472039998
853.6199951,0.863290012,0.00606,0.00884,0.013569999,0.011849999,0.39398998
853.9400024,0.840279996,0.00622,0.00901,0.0137,0.01191,0.322630018
854.25,0.804810047,0.00619,0.00885,0.01393,0.012,0.26007998
854.5599976,0.755120039,0.00615,0.00884,0.013830001,0.01219,0.206860006
854.8800049,0.69321996,0.00607,0.00907,0.01403,0.01237,0.163440004
855.1900024,0.620209992,0.00592,0.00899,0.01387,0.01224,0.128219992
855.5100098,0.540199995,0.00578,0.00893,0.0137,0.01228,0.099739999
855.8200073,0.458959997,0.00576,0.009,0.013689999,0.01229,0.076839998
856.1300049,0.380699992,0.00567,0.00895,0.01353,0.0121,0.058680002
856.4500122,0.30983001,0.00562,0.00922,0.0135,0.01192,0.044670001
856.7600098,0.248560011,0.00562,0.00934,0.01362,0.011820001,0.033859998
857.0700073,0.197050005,0.00538,0.00892,0.013259999,0.01169,0.02548
857.3900146,0.155319989,0.00528,0.00902,0.01318,0.011619999,0.0196
857.7000122,0.121660002,0.00522,0.00932,0.01352,0.0118,0.01556
858.0200195,0.0942,0.00494,0.0091,0.01338,0.011770001,0.01281
858.3300171,0.072180003,0.00466,0.00878,0.01318,0.01205,0.01081
858.6400146,0.054880001,0.00442,0.0087,0.01312,0.012250001,0.00961
858.960022,0.041189998,0.00426,0.0084,0.01312,0.01212,0.00879
859.2700195,0.03091,0.00444,0.00854,0.013300001,0.012300001,0.00821
859.5800171,0.02342,0.00461,0.00847,0.01342,0.01238,0.00801
859.9000244,0.01774,0.00469,0.00825,0.01308,0.012130001,0.00765
860.210022,0.01402,0.00484,0.00841,0.01319,0.01222,0.00749
860.5200195,0.01145,0.00513,0.008640001,0.01338,0.012150001,0.00734
860.8300171,0.009670001,0.00515,0.00839,0.01323,0.01224,0.00702
861.1500244,0.00832,0.00501,0.00821,0.01312,0.01214,0.00649
861.460022,0.00751,0.00492,0.00821,0.01329,0.01204,0.00641
861.7700195,0.00686,0.00461,0.0082,0.013250001,0.01202,0.00607
862.0900269,0.00624,0.00456,0.00818,0.013200001,0.01208,0.00587
862.4000244,0.0059,0.00461,0.00821,0.01337,0.01203,0.00569
862.710022,0.00575,0.00435,0.0081,0.01349,0.01198,0.0054
863.0200195,0.00561,0.00446,0.00832,0.01358,0.01184,0.00524
863.3400269,0.00569,0.00455,0.00855,0.01362,0.01204,0.00544
863.6500244,0.00567,0.00448,0.00857,0.01368,0.0121,0.00535
863.960022,0.00542,0.00454,0.00842,0.01367,0.01208,0.00512
864.2700195,0.00539,0.00452,0.008309999,0.01365,0.01203,0.00536
864.5900269,0.00515,0.00426,0.00803,0.01338,0.01181,0.00534
864.9000244,0.00504,0.00421,0.0081,0.01342,0.01202,0.00542
865.210022,0.00476,0.00404,0.00805,0.0135,0.01209,0.00539
865.5200195,0.00454,0.00396,0.008,0.0136,0.01212,0.00533
865.8400269,0.00428,0.00375,0.0081,0.01347,0.01205,0.00515
866.1500244,0.00414,0.00359,0.00815,0.01329,0.0121,0.00503
866.460022,0.00412,0.00356,0.008309999,0.01359,0.012159999,0.00467
866.7700195,0.00415,0.00359,0.00853,0.013730001,0.01229,0.00471
867.0800171,0.00388,0.00353,0.00858,0.01367,0.01209,0.00464
867.4000244,0.00387,0.00337,0.00855,0.013660001,0.01196,0.00462
867.710022,0.00362,0.00343,0.00865,0.013710001,0.01191,0.00436
868.0200195,0.00359,0.00344,0.00856,0.01365,0.01179,0.00445
868.3300171,0.0035,0.00346,0.008719999,0.01402,0.011779999,0.00462
868.6400146,0.00332,0.00323,0.00879,0.013839999,0.01166,0.00455
868.960022,0.0032,0.00323,0.008719999,0.01375,0.011770001,0.00443
869.2700195,0.00305,0.0032,0.0084,0.013739999,0.01165,0.00427
869.5800171,0.0028,0.00321,0.00847,0.01358,0.011770001,0.00401
869.8900146,0.00317,0.00312,0.00863,0.01354,0.01181,0.00427
870.2000122,0.0029,0.00294,0.00842,0.013400001,0.01186,0.00412
870.5100098,0.00298,0.00302,0.0082,0.01333,0.01186,0.00407
870.8200073,0.00294,0.00301,0.00803,0.013200001,0.011820001,0.00391
871.1400146,0.00284,0.00279,0.00807,0.01327,0.0117,0.00373
871.4500122,0.00292,0.0029,0.00837,0.01324,0.011849999,0.00361
871.7600098,0.00318,0.00319,0.00854,0.01354,0.012259999,0.00387
872.0700073,0.00288,0.00305,0.00834,0.013569999,0.012250001,0.00366
872.3800049,0.00286,0.00305,0.00829,0.01367,0.01217,0.00361
872.6900024,0.00286,0.00313,0.00835,0.0136,0.012159999,0.00357
873,0.00262,0.0031,0.00807,0.01361,0.012209999,0.00354
873.3099976,0.00253,0.0032,0.00791,0.01372,0.01239,0.00365
873.6300049,0.00256,0.00304,0.007879999,0.013689999,0.012309999,0.00375
873.9400024,0.00242,0.00276,0.00801,0.01342,0.01214,0.0036
874.25,0.00226,0.00271,0.008,0.01343,0.01205,0.00363
874.5599976,0.00238,0.00291,0.0081,0.01355,0.01205,0.00375
874.8699951,0.00205,0.00249,0.00776,0.01337,0.01186,0.00354
875.1799927,0.00227,0.00252,0.00792,0.01333,0.01205,0.0037
875.4899902,0.00224,0.00241,0.00801,0.013300001,0.01176,0.00363
875.7999878,0.00237,0.00241,0.00779,0.0135,0.01189,0.00363
876.1099854,0.00234,0.00242,0.00765,0.01361,0.011670001,0.00348
876.4199829,0.00242,0.0027,0.0078,0.013739999,0.011720001,0.00339
876.7299805,0.00237,0.0029,0.00799,0.013660001,0.01212,0.00322
877.039978,0.00223,0.00269,0.00837,0.01338,0.01227,0.00296
877.3499756,0.00179,0.00223,0.00833,0.013300001,0.01203,0.0026
877.6599731,0.00183,0.00232,0.00832,0.013350001,0.012309999,0.00266
877.9699707,0.0016,0.00242,0.00848,0.01327,0.01243,0.00279
878.2800293,0.00142,0.0023,0.00822,0.01321,0.012460001,0.00285
878.5900269,0.00124,0.00199,0.00806,0.01298,0.01249,0.00289
878.9000244,0.00121,0.00189,0.00801,0.01317,0.012359999,0.00287
879.210022,0.00124,0.00212,0.008119999,0.01361,0.01244,0.00289
879.5200195,0.00148,0.00268,0.00799,0.013839999,0.01276,0.0031
879.8300171,0.00137,0.00233,0.0078,0.01363,0.0124,0.00271
880.1400146,0.00105,0.00203,0.00765,0.0135,0.01219,0.00229
880.4500122,0.00119,0.00222,0.00796,0.01393,0.01237,0.00246
880.7600098,0.00137,0.00239,0.008119999,0.014099999,0.01242,0.00244
881.0700073,0.00104,0.00231,0.007900001,0.01382,0.012309999,0.00248
881.3800049,0.00126,0.00246,0.00755,0.01385,0.012250001,0.00281
881.6900024,0.00134,0.00242,0.00761,0.01402,0.012150001,0.00292
882,0.00151,0.003,0.00784,0.01444,0.01242,0.00342
882.3099976,0.00161,0.00289,0.00783,0.014400001,0.01228,0.00364
882.6199951,0.00139,0.00277,0.00752,0.01395,0.012130001,0.00328
882.9299927,0.00107,0.00261,0.00742,0.01401,0.0118,0.003
883.2399902,0.00138,0.00259,0.00779,0.01422,0.01195,0.00315
883.5499878,0.00143,0.0028,0.00789,0.01432,0.01214,0.00302
883.8599854,0.00153,0.00297,0.00827,0.01423,0.01243,0.00317
884.1699829,0.00119,0.0027,0.00801,0.01381,0.01239,0.00282
884.4799805,0.00134,0.00291,0.00841,0.01395,0.012510001,0.00286
884.789978,0.00163,0.00306,0.00844,0.014249999,0.0127,0.00327
885.0900269,0.00184,0.00301,0.0083,0.01403,0.012940001,0.00368
885.4000244,0.00157,0.00303,0.00795,0.014149999,0.01258,0.00355
885.710022,0.00159,0.00271,0.008119999,0.01411,0.012510001,0.00341
886.0200195,0.00162,0.00226,0.007900001,0.014090001,0.01239,0.0031
886.3300171,0.00205,0.00228,0.00833,0.01447,0.01269,0.0033
886.6400146,0.00214,0.00273,0.00821,0.014359999,0.01306,0.00302
886.9500122,0.00221,0.00275,0.00851,0.014400001,0.01302,0.00306
887.2600098,0.00207,0.00265,0.00861,0.014359999,0.01298,0.00286
887.5700073,0.00203,0.00242,0.0086,0.01416,0.01321,0.00236
887.8699951,0.00162,0.00244,0.00841,0.01402,0.012990001,0.00221
888.1799927,0.00136,0.00274,0.00841,0.013940001,0.01285,0.00213
888.4899902,0.00082,0.00251,0.008119999,0.013309999,0.01238,0.00169
888.7999878,0.00061,0.00224,0.00829,0.0136,0.012200001,0.00177
889.1099854,0.00027,0.00226,0.00803,0.013689999,0.01201,0.00149
889.4199829,0.00029,0.00264,0.00805,0.01363,0.01228,0.00138
889.7199707,7.00E-05,0.00266,0.00829,0.01367,0.01235,0.00168
890.0300293,9.00E-05,0.00266,0.00819,0.01339,0.012309999,0.00187
890.3400269,0.00026,0.00259,0.008450001,0.01348,0.01233,0.00204
890.6500244,0.00044,0.00294,0.00875,0.0137,0.01249,0.00222
890.960022,0.00014,0.00281,0.00824,0.013200001,0.01237,0.00199
891.2700195,0.00019,0.00268,0.00821,0.012970001,0.0125,0.00191
891.5700073,0.00045,0.00249,0.00827,0.01296,0.01249,0.00216
891.8800049,0.00048,0.00243,0.008,0.01275,0.012359999,0.00202
892.1900024,0.00054,0.00247,0.0082,0.01298,0.01237,0.00206
892.5,0.0006,0.00278,0.00806,0.01301,0.01227,0.00209
892.7999878,0.00082,0.00289,0.007850001,0.01323,0.01269,0.00242
893.1099854,0.00109,0.00284,0.008,0.0136,0.01245,0.00273
893.4199829,0.00123,0.00303,0.00786,0.01382,0.0125,0.00294
893.7299805,0.00137,0.00327,0.00816,0.01432,0.01286,0.00285
894.039978,0.00183,0.00369,0.00843,0.014570001,0.01302,0.00329
894.3400269,0.00207,0.00395,0.008640001,0.015,0.013200001,0.00363
894.6500244,0.00181,0.00384,0.00857,0.01497,0.01339,0.00355
894.960022,0.00188,0.00375,0.008669999,0.01505,0.01328,0.00319
895.2600098,0.00215,0.00391,0.00857,0.014889999,0.01348,0.00315
895.5700073,0.00199,0.00346,0.00849,0.01462,0.012990001,0.00301
895.8800049,0.00159,0.00318,0.00806,0.01392,0.01244,0.00301
896.1900024,0.0013,0.00306,0.00784,0.01381,0.012150001,0.00244
896.4899902,0.00105,0.0027,0.00749,0.01332,0.01202,0.00222
896.7999878,0.00117,0.00248,0.00748,0.01328,0.012150001,0.00234
897.1099854,0.00082,0.00218,0.00755,0.01318,0.01204,0.00216
897.4199829,0.00055,0.00223,0.00759,0.01312,0.012200001,0.00215
897.7199707,0.00054,0.0027,0.007900001,0.01309,0.012560001,0.00217
898.0300293,0.00049,0.00271,0.00764,0.01318,0.012410001,0.00188
898.3400269,0.00105,0.00284,0.00777,0.013409999,0.01308,0.00278
898.6400146,0.00109,0.00292,0.007900001,0.01355,0.01307,0.00246
898.9500122,0.00102,0.00295,0.00794,0.013660001,0.012990001,0.00239
899.2600098,0.00118,0.00304,0.00769,0.013409999,0.01312,0.00276
899.5599976,0.00131,0.00301,0.00776,0.0137,0.01307,0.00269
899.8699951,0.00118,0.00266,0.00776,0.01343,0.01279,0.00255
900.1799927,0.00104,0.00259,0.00795,0.01358,0.01279,0.00293
900.4799805,0.00052,0.00217,0.00783,0.01332,0.01228,0.00226
900.789978,0.00029,0.00174,0.00756,0.01313,0.01211,0.00243
901.0999756,0.00016,0.00164,0.00743,0.01282,0.01204,0.00213
901.4000244,8.00E-05,0.00188,0.00744,0.01318,0.01192,0.0021
901.710022,-0.00032,0.00161,0.00736,0.012949999,0.011770001,0.00211
902.0100098,-3.00E-05,0.00201,0.00759,0.01313,0.01237,0.00252
902.3200073,0.00053,0.0021,0.008,0.013359999,0.01266,0.00233
902.6300049,0.00061,0.00216,0.00832,0.01339,0.012619999,0.00249
902.9299927,0.00084,0.00235,0.0085,0.01328,0.01286,0.00229
903.2399902,0.001,0.00241,0.00857,0.01342,0.01277,0.00243
903.539978,0.00124,0.00266,0.00889,0.01338,0.012940001,0.00226
903.8499756,0.00178,0.00299,0.00916,0.01344,0.013359999,0.00272
904.1599731,0.00135,0.00267,0.00896,0.013660001,0.01307,0.00249
904.460022,0.00154,0.00304,0.00895,0.01402,0.01328,0.00288
904.7700195,0.00163,0.00316,0.00879,0.01418,0.01314,0.00261
905.0700073,0.00179,0.00331,0.00895,0.014520001,0.013359999,0.00315
905.3800049,0.00185,0.00343,0.00901,0.014500001,0.01353,0.00327
905.6799927,0.00137,0.0027,0.00868,0.014400001,0.01314,0.00325
905.9899902,0.00151,0.00283,0.00877,0.014930001,0.01322,0.00337
906.2999878,0.00189,0.00284,0.00879,0.01482,0.013200001,0.00333
906.5999756,0.0014,0.00251,0.00832,0.01443,0.01274,0.00302
906.9099731,0.00091,0.00229,0.0082,0.01439,0.01276,0.00302
907.210022,0.00069,0.00234,0.00801,0.01442,0.012309999,0.00284
907.5200195,0.00071,0.0022,0.008140001,0.01446,0.012209999,0.00318
907.8200073,0.00094,0.00267,0.00838,0.01459,0.01244,0.00343
908.1300049,0.00081,0.00233,0.00799,0.01438,0.01199,0.00318
908.4299927,0.00069,0.00225,0.008,0.01455,0.012150001,0.00316
908.7399902,0.00013,0.00218,0.00803,0.014199999,0.012259999,0.0027
909.039978,0.0004,0.00232,0.00774,0.0137,0.01245,0.00285
909.3499756,0.00073,0.00207,0.00791,0.0138,0.01309,0.00256
909.6500244,0.00068,0.00219,0.00757,0.0137,0.01308,0.00197
909.960022,0.0006,0.00185,0.00732,0.01337,0.0128,0.00177
910.2600098,0.0005,0.00226,0.00753,0.01318,0.013200001,0.00185
910.5700073,0.00062,0.00258,0.00745,0.013350001,0.012940001,0.00182
910.8699951,0.00117,0.00257,0.00757,0.01333,0.01303,0.00197
911.1799927,0.00111,0.00253,0.00772,0.01388,0.01308,0.00184
911.4799805,0.00137,0.00306,0.008,0.014140001,0.012970001,0.00204
911.789978,0.00126,0.00276,0.007929999,0.01419,0.0129,0.00216
912.0900269,0.00173,0.00302,0.00828,0.01454,0.0136,0.0023
912.3900146,0.00148,0.00244,0.007879999,0.01471,0.01313,0.0019
912.7000122,0.00159,0.00251,0.00829,0.01465,0.013569999,0.00199
913,0.00134,0.00268,0.008,0.015039999,0.01332,0.00201
913.3099976,0.00131,0.00276,0.00811,0.01498,0.01332,0.00218
913.6099854,0.00085,0.00237,0.00791,0.01449,0.012990001,0.00214
913.9199829,0.00065,0.00242,0.00808,0.01456,0.012949999,0.00225
914.2199707,0.00059,0.00215,0.00777,0.01431,0.012359999,0.00205
914.5200195,0.00085,0.00271,0.00802,0.01441,0.01244,0.00242
914.8300171,0.00065,0.00212,0.0074,0.01408,0.012209999,0.00213
915.1300049,0.00095,0.0021,0.00789,0.013789999,0.01237,0.00226
915.4400024,0.00138,0.0025,0.0081,0.014,0.01258,0.00245
915.7399902,0.00152,0.00244,0.007850001,0.014149999,0.01275,0.00252
916.039978,0.00183,0.00257,0.008,0.01421,0.012990001,0.00244
916.3499756,0.00181,0.0031,0.00861,0.01466,0.01333,0.00289
916.6500244,0.00171,0.00269,0.00899,0.01442,0.01316,0.00261
916.960022,0.00187,0.00307,0.0094,0.014680001,0.012999999,0.00283
917.2600098,0.00177,0.00279,0.00916,0.01501,0.013300001,0.00334
917.5599976,0.00168,0.00267,0.00918,0.0148,0.012970001,0.00318
917.8699951,0.00168,0.003,0.00947,0.01503,0.013150001,0.00339
918.1699829,0.00183,0.00295,0.00942,0.01517,0.013099999,0.0036
918.4699707,0.00151,0.00242,0.00895,0.014939999,0.01298,0.00375
918.7800293,0.00147,0.0024,0.0089,0.01491,0.013250001,0.00369
919.0800171,0.00134,0.00215,0.0086,0.01471,0.01323,0.0039
919.3800049,0.00155,0.00236,0.00908,0.01497,0.01342,0.0041
919.6900024,0.00158,0.00222,0.00911,0.01548,0.01347,0.00445
919.9899902,0.00124,0.00183,0.00862,0.015039999,0.013099999,0.00391
920.289978,0.00151,0.00226,0.008690001,0.015219999,0.013409999,0.004
920.5900269,0.00194,0.00235,0.00885,0.01528,0.013259999,0.0037
920.9000244,0.0021,0.00248,0.00871,0.01534,0.01312,0.00378
921.2000122,0.00215,0.00279,0.00899,0.015829999,0.01344,0.00389
921.5,0.00216,0.00305,0.0089,0.015769999,0.01312,0.0031
921.8099976,0.0026,0.00337,0.00897,0.0156,0.013660001,0.00346
922.1099854,0.00286,0.00376,0.00907,0.016009999,0.0137,0.00373
922.4099731,0.00249,0.00373,0.00917,0.01575,0.01342,0.00369
922.710022,0.00208,0.00366,0.0087,0.0153,0.01342,0.00352
923.0200195,0.00211,0.00386,0.008590001,0.01541,0.01398,0.00376
923.3200073,0.00213,0.004,0.0086,0.015240001,0.01334,0.00363
923.6199951,0.00221,0.00423,0.00853,0.01529,0.01363,0.00428
923.9199829,0.00148,0.00341,0.00798,0.014830001,0.01293,0.00353
924.2299805,0.00117,0.0033,0.0081,0.01451,0.01324,0.00368
924.5300293,0.00101,0.00272,0.00776,0.01407,0.013049999,0.0034
924.8300171,0.00081,0.00286,0.007879999,0.014579999,0.013200001,0.0034
925.1300049,0.0005,0.00234,0.00789,0.014140001,0.0127,0.00321
925.4400024,0.00018,0.0016,0.00747,0.01354,0.012970001,0.00305
925.7399902,0.00016,0.00106,0.00693,0.01318,0.012999999,0.00247
926.039978,0.00044,0.00158,0.00734,0.01312,0.013259999,0.00273
926.3400269,0.00105,0.00189,0.00753,0.01352,0.01334,0.00318
926.6400146,0.00134,0.00212,0.00744,0.01438,0.01307,0.00325
926.9500122,0.00156,0.00219,0.00756,0.01433,0.01286,0.00373
927.25,0.00212,0.00292,0.00774,0.014880001,0.01308,0.00387
927.5499878,0.00218,0.00342,0.00791,0.015219999,0.01306,0.00406
927.8499756,0.00162,0.00352,0.0081,0.01511,0.01239,0.00396
928.1500244,0.00123,0.00266,0.00768,0.01525,0.01232,0.00366
928.460022,0.00066,0.00254,0.00783,0.01525,0.012259999,0.00317
928.7600098,0.00037,0.0025,0.00795,0.01486,0.012610001,0.00322
929.0599976,0.00114,0.00316,0.00858,0.01539,0.012999999,0.00325
929.3599854,0.00112,0.00311,0.00835,0.0156,0.01328,0.00368
929.6599731,0.00117,0.00313,0.00811,0.015759999,0.01348,0.00323
929.960022,0.00166,0.00318,0.00837,0.016139999,0.01416,0.0035
930.2600098,0.00142,0.00343,0.00838,0.01578,0.01398,0.00328
930.5700073,0.00142,0.00309,0.00805,0.015140001,0.01386,0.00337
930.8699951,0.00171,0.0034,0.00803,0.0152,0.014040001,0.00308
931.1699829,0.00055,0.00186,0.00675,0.01396,0.013359999,0.00191
931.4699707,0.00055,0.00192,0.00676,0.01372,0.01277,0.00133
931.7700195,0.00132,0.00222,0.00718,0.013830001,0.01282,0.00195
932.0700073,0.00133,0.00196,0.00703,0.01356,0.0125,0.00209
932.3699951,0.00201,0.00265,0.00748,0.01392,0.01266,0.00263
932.6699829,0.00227,0.00301,0.00781,0.0146,0.01254,0.00282
932.9699707,0.00197,0.0026,0.00818,0.01398,0.01214,0.00296
933.2700195,0.00272,0.00395,0.00905,0.01461,0.012510001,0.00378
933.5800171,0.00289,0.00373,0.00934,0.015149999,0.013099999,0.00407
933.8800049,0.0023,0.00353,0.009190001,0.01491,0.01263,0.00368
934.1799927,0.00219,0.00359,0.00912,0.01528,0.012469999,0.00313
934.4799805,0.00143,0.00281,0.00877,0.01497,0.012159999,0.00219
934.7800293,0.00197,0.0028,0.00893,0.01502,0.01234,0.00239
935.0800171,0.00254,0.00287,0.009330001,0.015769999,0.01291,0.00293
935.3800049,0.00223,0.0024,0.00873,0.015930001,0.012940001,0.00313
935.6799927,0.00201,0.00216,0.008880001,0.01533,0.01269,0.00295
935.9799805,0.00207,0.00214,0.0093,0.01572,0.01356,0.00341
936.2800293,0.00154,0.00212,0.00939,0.01523,0.013689999,0.0037
936.5800171,0.00232,0.00273,0.00983,0.015969999,0.014119999,0.0048
936.8800049,0.00133,0.00229,0.0092,0.01554,0.01401,0.0043
937.1799927,0.00071,0.00242,0.00871,0.014989999,0.01352,0.00365
937.4799805,0.00055,0.00219,0.0087,0.01437,0.01323,0.00306
937.7800293,6.00E-05,0.00232,0.00858,0.0138,0.01306,0.00244
938.0800171,0.00026,0.00243,0.00789,0.01359,0.012569999,0.00225
938.3800049,0.00062,0.00245,0.00825,0.013789999,0.01279,0.00244
938.6799927,0.00048,0.00219,0.00786,0.01324,0.012619999,0.00226
938.9799805,0.00077,0.00234,0.00847,0.01358,0.01239,0.00263
939.2800293,0.00089,0.00219,0.00854,0.01386,0.0127,0.00278
939.5800171,0.00068,0.0024,0.00849,0.01401,0.01264,0.00311
939.8800049,0.00087,0.00223,0.0083,0.01454,0.012940001,0.0035
940.1799927,0.00056,0.00178,0.00887,0.014889999,0.01311,0.00329
940.4799805,0.00113,0.00138,0.008450001,0.01541,0.01312,0.00305
940.7800293,0.00104,0.00181,0.0088,0.01581,0.012970001,0.00319
941.0800171,0.00087,0.00225,0.0085,0.01567,0.012990001,0.00288
941.3800049,0.0005,0.0019,0.00767,0.01567,0.01217,0.00255
941.6799927,0.00053,0.00155,0.00807,0.01538,0.01223,0.00213
941.9799805,0.0012,0.0019,0.008590001,0.015310001,0.012589999,0.00258
942.2700195,0.00159,0.0027,0.00882,0.01529,0.01285,0.00308
942.5700073,0.00106,0.00299,0.00843,0.01474,0.01233,0.00349
942.8699951,0.00081,0.00282,0.00836,0.01459,0.012300001,0.00289
943.1699829,0.00116,0.00213,0.00823,0.014090001,0.01196,0.00294
943.4699707,0.00177,0.00274,0.00899,0.013940001,0.01282,0.0034
943.7700195,0.00214,0.00282,0.00807,0.01442,0.01324,0.00332
944.0700073,0.00136,0.00257,0.00774,0.01475,0.01281,0.00349
944.3699951,0.00101,0.00233,0.00734,0.01439,0.012209999,0.00325
944.6699829,0.00067,0.00167,0.00688,0.01332,0.01165,0.00184
944.9699707,0.00115,0.00198,0.00649,0.01382,0.01217,0.00228
945.2600098,0.00151,0.00265,0.00692,0.01413,0.01275,0.00284
945.5599976,0.00183,0.00235,0.00697,0.014579999,0.012560001,0.00249
945.8599854,0.00196,0.00288,0.00801,0.014880001,0.01283,0.00292
946.1599731,0.00222,0.00273,0.00773,0.01403,0.012,0.00269
946.460022,0.00142,0.00216,0.00703,0.012940001,0.01116,0.00146
946.7600098,0.00209,0.00328,0.00783,0.01385,0.01224,0.00239
947.0499878,0.00181,0.00259,0.007850001,0.01306,0.01244,0.00138
947.3499756,0.00137,0.00181,0.00717,0.01275,0.0114,0.00035
947.6500244,0.00081,0.00186,0.00668,0.01229,0.01155,0.00071
947.9500122,0.00077,0.00207,0.00693,0.01199,0.011390001,0.00104
948.25,0.0009,0.00177,0.00676,0.01271,0.01205,0.00083
948.5499878,0.00168,0.00161,0.00734,0.01329,0.013660001,0.00166
948.8400269,0.00157,0.00143,0.00664,0.01362,0.01354,0.0014
949.1400146,0.00184,0.00183,0.00711,0.013459999,0.01313,0.00234
949.4400024,0.0016,0.00222,0.0076,0.01342,0.01426,0.00223
949.7399902,0.00091,0.00186,0.00766,0.013689999,0.013739999,0.00213
950.039978,0.00056,0.00111,0.00743,0.01403,0.01317,0.00209
950.3300171,0.00057,0.00168,0.00797,0.01505,0.013739999,0.00253
950.6300049,0.00059,0.00128,0.008140001,0.01545,0.01322,0.00232
950.9299927,0.0008,0.00094,0.009330001,0.01534,0.01302,0.00334
951.2299805,0.00176,0.00164,0.00976,0.01582,0.01293,0.00364
951.5200195,0.00189,0.00104,0.009649999,0.016890001,0.01234,0.00431
951.8200073,0.00254,0.0017,0.00977,0.01623,0.012209999,0.00486
952.1199951,0.00394,0.00232,0.01059,0.01715,0.013150001,0.00549
952.4199829,0.00294,0.00104,0.00889,0.01517,0.01186,0.00445
952.710022,0.00363,0.00187,0.008690001,0.015240001,0.011779999,0.00554
953.0100098,0.00304,0.00162,0.00808,0.01513,0.011820001,0.00511
953.3099976,0.00194,0.00062,0.00744,0.015319999,0.012300001,0.00512
953.6099854,0.00203,0.00147,0.00715,0.01472,0.01288,0.0049
953.9000244,0.00265,0.00173,0.0073,0.0153,0.01386,0.00481
954.2000122,0.00143,0.00117,0.00653,0.01344,0.012940001,0.00415
954.5,0.00175,0.00253,0.00784,0.014789999,0.01343,0.00442
954.789978,0.0009,0.00248,0.00826,0.01511,0.01398,0.00419
955.0900269,0.00017,0.0034,0.00894,0.015520001,0.013940001,0.00396
955.3900146,0.00037,0.00354,0.0087,0.01554,0.01358,0.00364
955.6799927,0.00023,0.00402,0.00972,0.0162,0.01312,0.00428
955.9799805,-0.00082,0.00292,0.009459999,0.015859999,0.01291,0.00336
956.2800293,-0.00118,0.00261,0.00911,0.01615,0.01328,0.00293
956.5700073,-0.00172,0.00094,0.00803,0.014630001,0.01296,0.00171
956.8699951,-0.00116,0.00157,0.0087,0.01507,0.01302,0.00193
957.1699829,0.00019,0.00104,0.00918,0.014529999,0.013780001,0.00274
957.460022,0.00061,0.00205,0.00958,0.01516,0.014520001,0.00232
957.7600098,0.00144,0.0011,0.0091,0.01503,0.014400001,0.0017
958.0599976,0.00268,0.00283,0.00982,0.01616,0.015,0.00343
958.3499756,0.00335,0.00303,0.0093,0.0167,0.014359999,0.00392
958.6500244,0.0043,0.00422,0.00966,0.01833,0.01502,0.00652
958.9500122,0.00371,0.00304,0.00799,0.01787,0.014040001,0.00562
959.2399902,0.0037,0.0036,0.00734,0.01867,0.01275,0.00436
959.539978,0.00326,0.00265,0.00745,0.01754,0.01191,0.00487
959.8300171,0.00279,0.00274,0.00712,0.016690001,0.01245,0.00471
960.1300049,0.00179,0.00127,0.00675,0.016109999,0.011569999,0.00262
960.4299927,0.00156,0.0015,0.00718,0.01574,0.01249,0.00208
960.7199707,0.0016,0.00169,0.00765,0.01513,0.01206,0.00057
961.0200195,0.00102,0.00218,0.00825,0.01437,0.01211,-0.00012
961.3099976,0.00113,0.00191,0.00856,0.01354,0.013400001,0.0014
961.6099854,0.00164,0.00241,0.00903,0.014400001,0.01435,0.00216
961.9000244,0.00105,0.00276,0.008669999,0.014090001,0.013710001,0.00174
962.2000122,0.00149,0.00292,0.00856,0.013990001,0.01302,0.00258
962.5,0.00162,0.0031,0.00899,0.01411,0.012259999,0.00306
962.789978,0.00188,0.00399,0.0101,0.01372,0.012359999,0.00362
963.0900269,0.00281,0.0048,0.01061,0.01447,0.01288,0.00558
963.3800049,0.00183,0.00394,0.0096,0.013990001,0.01197,0.00478
963.6799927,0.00081,0.00336,0.00935,0.01417,0.01174,0.00393
963.9699707,0.0016,0.00444,0.0091,0.01517,0.01264,0.00538
964.2700195,0.00181,0.00496,0.01018,0.01469,0.01348,0.0067
964.5599976,0.00215,0.00525,0.00992,0.014989999,0.0139,0.00666
964.8599854,0.00015,0.00271,0.00801,0.01416,0.012200001,0.00527
965.1500244,-0.00125,0.00069,0.00629,0.01312,0.01133,0.00384
965.4500122,-0.00048,0.00271,0.00716,0.01421,0.01156,0.00365
965.7399902,-0.00082,0.00275,0.00654,0.01266,0.01119,0.00408
966.039978,-0.00276,0.00075,0.00687,0.01131,0.010140001,0.00229
966.3300171,-0.0037,-0.00047,0.00565,0.01118,0.00948,1.00E-04
966.6300049,-0.00376,-0.0009,0.00545,0.01092,0.009409999,0.00041
966.9199829,-0.00166,9.00E-05,0.00658,0.01189,0.01127,0.00108
967.2199707,-0.00103,0.00046,0.00853,0.012309999,0.01195,0.00207
967.5100098,-0.00169,0,0.00762,0.011369999,0.010729999,0.00246
967.8099976,-0.00124,3.00E-05,0.00819,0.01148,0.01023,0.00143
968.0999756,-5.00E-05,0.0002,0.008,0.012469999,0.01076,0.00183
968.4000244,-0.00016,0.00057,0.00769,0.01239,0.01042,0.00167
968.6900024,-0.0005,0.00061,0.00781,0.012569999,0.01075,0.00197
968.9799805,-0.0008,0.00287,0.00811,0.01349,0.01096,0.00331
969.2800293,-0.00071,0.00405,0.0069,0.01318,0.011080001,0.00299
969.5700073,0.00028,0.00371,0.00717,0.01417,0.013569999,0.00352
969.8699951,0.00052,0.00361,0.00596,0.0146,0.01348,0.00421
970.1599731,0.00089,0.00363,0.006,0.01454,0.01352,0.00417
970.460022,0.00191,0.00327,0.00655,0.01523,0.01327,0.00504
970.75,0.00146,0.00311,0.00587,0.01507,0.012510001,0.00417
971.039978,0.00206,0.0016,0.00541,0.01472,0.012309999,0.00325
971.3400269,0.00336,0.00163,0.0062,0.01516,0.01293,0.00273
971.6300049,0.00404,0.00208,0.00736,0.01556,0.01258,0.00245
971.9299927,0.0036,0.00254,0.00828,0.01528,0.01395,0.002
972.2199707,0.00369,0.00273,0.00833,0.014529999,0.01338,0.00152
972.5100098,0.00358,0.00291,0.00806,0.0129,0.01381,0.00123
972.8099976,0.00604,0.00363,0.010249999,0.01376,0.015570001,0.00246
973.0999756,0.00536,0.00417,0.01021,0.01265,0.01556,0.00296
973.3900146,0.00478,0.00376,0.01011,0.013309999,0.014630001,0.00408
973.6900024,0.00348,0.00309,0.00895,0.01169,0.013350001,0.00355
973.9799805,0.00388,0.0021,0.0091,0.010290001,0.01145,0.00468
974.2700195,0.00331,0.00206,0.00916,0.0109,0.01179,0.00568
974.5700073,0.00284,0.00255,0.009430001,0.01275,0.012519999,0.00586
974.8599854,0.00042,0.00128,0.00796,0.012469999,0.00995,0.00404
975.1500244,0.00124,0.00057,0.00685,0.01235,0.00982,0.00358
975.4500122,0.00017,-0.00017,0.00502,0.01193,0.00883,0.00209
975.7399902,0.00082,0.00049,0.00622,0.0127,0.01071,0.00348
976.0300293,0.00155,0.00176,0.00644,0.01574,0.01135,0.0035
976.3300171,0.0012,0.00227,0.00683,0.01561,0.01175,0.00231
976.6199951,0.00101,0.00274,0.00704,0.015800001,0.011419999,0.00309
976.9099731,0.00225,0.00421,0.00723,0.014989999,0.013040001,0.00461
977.210022,0.00101,0.00525,0.00826,0.01495,0.013049999,0.00409
977.5,0.00196,0.00556,0.00916,0.013739999,0.01403,0.00366
977.789978,-0.00023,0.00329,0.00792,0.01153,0.01035,0.00078
978.0800171,-0.00144,0.00269,0.0078,0.01035,0.01023,0.00053
978.3800049,-0.00178,0.00136,0.00555,0.00918,0.0078,-0.00076
978.6699829,-0.00251,0.00156,0.00332,0.00753,0.00873,-0.00059
978.960022,-0.0057,-0.0005,0.00116,0.00576,0.00645,-0.00251
979.25,-0.00649,-0.00186,0.00043,0.00514,0.00609,-0.00313
979.5499878,-0.0061,-0.00204,0.00168,0.00533,0.00718,-0.00219
979.8400269,-0.00347,-0.00043,0.00303,0.00866,0.01003,0.00026
980.1300049,-0.0035,-0.00071,0.00286,0.00852,0.00878,-0.00081
980.4199829,-0.00298,0.00057,0.00437,0.01013,0.00991,0.00235
980.710022,-0.00336,-0.00118,0.0045,0.010679999,0.00725,0.00176
981.0100098,-0.00065,0.00169,0.00787,0.01212,0.0095,0.00381
981.2999878,-0.00015,0.00088,0.00871,0.013400001,0.00876,0.00401
981.5900269,-0.0028,-8.00E-05,0.00438,0.01301,0.00564,0.00236
981.8800049,-0.00352,0.0008,0.00366,0.01176,0.00622,0.00236
982.1799927,-0.00507,-0.00047,0.00262,0.01105,0.00634,0.00119
982.4699707,-0.00561,-0.00144,0.00259,0.00865,0.00803,-0.00139
982.7600098,-0.00309,-0.00011,0.00242,0.00603,0.00931,-0.00215
983.0499878,-0.00298,-0.00194,0.00182,0.00789,0.010190001,-0.00231
983.3400269,-0.00056,-0.00105,0.00112,0.008909999,0.01166,-0.00046
983.6300049,0.00073,-0.00195,0.00436,0.00903,0.011619999,0.00098
983.9299927,0.00205,-0.00271,0.00386,0.008690001,0.00916,-0.00161
984.2199707,0.00451,-0.00162,0.00517,0.00913,0.0119,0.00099
984.5100098,0.00646,-0.00262,0.0069,0.01132,0.01233,0.00357
984.7999878,0.00363,-0.00356,0.00882,0.01381,0.01131,0.00439
985.0900269,0.0025,-0.00398,0.00855,0.01209,0.009649999,0.00264
985.3800049,1.00E-05,-0.00411,0.00807,0.00989,0.00779,0.00137
985.6699829,0.00069,-0.00152,0.00911,0.00937,0.00912,0.00173
985.960022,-0.00076,-0.00128,0.00989,0.009670001,0.010880001,0.00374
986.2600098,-7.00E-05,0.00043,0.010939999,0.0105,0.01056,0.00382
986.5499878,-0.00062,0.00363,0.0115,0.0108,0.01026,0.00389
986.8400269,1.00E-04,0.00311,0.010140001,0.011849999,0.0107,0.00342
987.1300049,-0.00157,0.00131,0.00734,0.01097,0.007900001,0.00241
987.4199829,-0.00149,0.0039,0.01002,0.012259999,0.00897,0.00426
987.710022,0.00022,0.00181,0.00974,0.01417,0.00989,0.00419
988,-0.00048,0.00021,0.00903,0.014989999,0.00832,0.00364
988.289978,-0.0047,-0.00369,0.00509,0.01359,0.00593,-0.00031
988.5800171,-0.00549,-0.00446,0.00466,0.01347,0.0072,0.00109
988.8699951,-0.00423,-0.00508,0.00602,0.01258,0.00791,0.00163
989.1599731,-0.00203,-0.00298,0.00668,0.01428,0.011030001,0.00164
989.460022,-0.00089,-0.00454,0.00457,0.01466,0.01097,0.00034
989.75,-0.00374,-0.00326,0.00466,0.01314,0.011080001,-0.00125
990.039978,-0.00263,-0.00141,0.00436,0.01424,0.011410001,-0.00059
990.3300171,0.0008,0.00125,0.00818,0.01571,0.00934,0.00297
990.6199951,0.00152,0.00032,0.00684,0.01429,0.0052,0.00129
990.9099731,0.00192,0.00425,0.00819,0.01694,0.0069,0.00391
991.2000122,0.00082,0.00421,0.010939999,0.0146,0.00653,0.00388
991.4899902,0.00168,0.00591,0.01196,0.014119999,0.00819,0.00444
991.7800293,0.00262,0.00926,0.01161,0.01451,0.010089999,0.00629
992.0700073,0.00071,0.00663,0.01061,0.01303,0.0086,0.00317
992.3599854,0.00107,0.00635,0.00876,0.010770001,0.01207,0.00294
992.6500244,0.0027,0.00818,0.009670001,0.012610001,0.0163,0.00202
992.9400024,0.00487,0.00755,0.00849,0.01214,0.01554,0.00069
993.2299805,0.00604,0.00813,0.00856,0.014579999,0.01716,0.00269
993.5200195,0.0028,0.00627,0.00807,0.01375,0.01408,0.00229
993.8099976,0.00529,0.00332,0.0086,0.01506,0.01421,0.00424
994.0999756,0.00833,0.00526,0.00851,0.01646,0.015659999,0.00659
994.3900146,0.00789,0.00498,0.00899,0.019170001,0.015360001,0.0057
994.6799927,0.00673,0.00104,0.00961,0.019370001,0.0139,0.008119999
994.960022,0.00682,0.00252,0.01116,0.02066,0.01439,0.00827
995.25,0.00541,0.00182,0.00915,0.018550001,0.012619999,0.00679
995.539978,0.00491,-0.00193,0.00565,0.017349999,0.01293,0.00459
995.8300171,0.00488,-0.00046,0.00629,0.017449999,0.01112,0.00328
996.1199951,0.00246,-0.00259,0.00492,0.01507,0.01199,0.00209
996.4099731,0.00228,-0.00385,0.00312,0.01306,0.01165,0.00206
996.7000122,0.00373,-0.00298,0.00027,0.01166,0.01186,-0.00083
996.9899902,0.00094,-0.00637,-0.00091,0.01048,0.01174,-0.00162
997.2800293,0.00191,-0.008,-0.00112,0.01282,0.01049,-0.00202
997.5700073,0.00397,-0.0069,0.00163,0.01424,0.01121,-0.00116
997.8599854,0.00144,-0.01041,-0.00091,0.01301,0.00979,-0.00396
998.1500244,0.0026,-0.00759,0.00222,0.015310001,0.00779,-0.00211
998.4299927,0.00273,-0.00603,0.00316,0.016380001,0.00744,-0.00275
998.7199707,0.00166,-0.0017,0.00674,0.019129999,0.00958,0.00165
999.0100098,0.00191,8.00E-05,0.00488,0.0175,0.0074,2.00E-05
999.2999878,-0.00011,-0.00108,0.00434,0.01574,0.00848,-0.00011
999.5900269,-5.00E-05,0.00074,0.00608,0.01417,0.01028,0.00064
999.8800049,0.00176,0.00305,0.00838,0.01432,0.01002,0.00219
1000.169983,1.00E-04,0.00011,0.00772,0.01242,0.00993,0.00273
1000.450012,0.00195,0.00166,0.0119,0.014930001,0.014140001,0.00461
1000.73999,0.00084,-0.00131,0.00953,0.010779999,0.01058,-0.00163
1001.030029,-4.00E-05,-0.00171,0.00847,0.01263,0.01101,-0.00203
1001.320007,0.0004,0.00053,0.0066,0.01271,0.01112,-0.00506
1001.609985,0.00313,0.00191,0.010930001,0.01602,0.00982,-0.00502
1001.900024,0.00124,0.0008,0.00892,0.01433,0.00963,-0.00425
1002.179993,0.00507,0.00201,0.00735,0.014450001,0.01058,-0.00579
1002.469971,0.00229,0.00077,0.00342,0.01066,0.0074,-0.00825
1002.76001,0.00216,0.00126,0.00404,0.0143,0.00796,-0.00586
1003.049988,0.00161,0.0005,0.00724,0.01224,0.011670001,-0.00751
1003.340027,0.00509,0.00097,0.010340001,0.012669999,0.0124,-0.00185
1003.619995,0.00481,-0.00029,0.00679,0.01105,0.013040001,0.00295
1003.909973,0.008719999,0.00675,0.01043,0.016720001,0.01853,0.0058
1004.200012,0.00568,0.00787,0.00914,0.01798,0.01911,0.00501
1004.48999,0.00531,0.00414,0.00825,0.01805,0.018480001,0.0075
1004.77002,0.00383,0.0019,0.00712,0.0148,0.015930001,0.00546
1005.059998,0.0051,0.00082,0.00377,0.01311,0.01199,0.0066
1005.349976,0.00356,-0.00027,0.0043,0.012589999,0.00754,0.00401
1005.640015,-0.00017,-0.00162,-0.00147,0.013409999,0.00438,-0.00456
1005.919983,-0.00238,-0.00692,-0.00603,0.01124,-0.00149,-0.00621
1006.210022,-0.00377,-0.00716,-0.00385,0.01293,-0.00065,-0.00152
1006.5,-0.00331,-0.00457,-0.00503,0.012410001,-0.0022,-0.00662
1006.789978,-0.00442,-0.00428,-0.00488,0.014149999,-0.00185,-0.00587
1007.070007,-0.00227,-0.00158,0.00162,0.01497,-0.00261,-0.00169
1007.359985,-0.00428,-0.00366,-0.00274,0.012259999,-0.00413,-0.00379
1007.650024,-0.00278,-0.00555,0.00045,0.00821,-0.00242,0.00087
1007.929993,-0.00269,-0.00529,0.00012,0.00378,-0.00121,-0.00249
1008.219971,-0.00358,-0.00883,-0.00088,-0.00212,-0.00725,-0.00837
1008.51001,-0.00351,-0.0094,-0.00071,-0.00307,-0.00638,-0.00524
1008.799988,-0.00167,-0.00606,-0.00157,-0.00263,-0.00802,-0.00518
1009.080017,-0.00311,-0.00631,-0.00747,-0.00039,-0.00683,-0.00637
1009.369995,7.00E-05,-0.00218,-0.00369,0.00415,-0.00076,-0.00325
1009.659973,0.00057,0.00229,-0.00192,0.00848,0.00048,-0.00545
1009.940002,-0.00568,-0.00344,-0.00727,0.00657,-0.00655,-0.01118
1010.22998,-0.00244,0.00355,-0.00474,0.0118,0.00245,-0.00579
1010.52002,-0.00391,0.0035,-0.00623,0.00972,0.00193,-0.00318
1010.799988,-0.00096,0.00285,-0.00628,0.006,0.0073,-0.00299
1011.090027,-0.00283,0.00238,-0.00301,0.00291,0.00662,-0.0028
1011.369995,-0.0031,0.0023,-0.00131,0.00189,0.010720001,-0.00041
1011.659973,-0.003,-0.00259,-0.00218,0.0012,0.0107,0.00149
1011.950012,0.00135,0.00428,0.00687,0.01054,0.021170001,0.01081
1012.22998,0.00317,0.0013,0.00878,0.011569999,0.018070001,0.006
1012.52002,0.00393,0.00032,0.012259999,0.01355,0.015859999,-0.00032
1012.799988,0.00116,0.00141,0.01334,0.016000001,0.0155,0.00203
1013.090027,0.00215,-0.00069,0.01149,0.01492,0.014,-0.00022
1013.380005,0.00243,0.00206,0.00942,0.01385,0.00726,-0.00092
1013.659973,0.00265,0.01056,0.00813,0.015420001,0.00527,-0.00085
1013.950012,0.00178,0.00968,0.0063,0.01485,0.00301,-0.00117
1014.22998,-0.00195,0.00525,0.0043,0.01113,0.00208,0.00343
1014.52002,-0.00132,0.008690001,0.00745,0.01358,0.00608,0.01087
1014.809998,-0.00153,0.00319,0.00678,0.014789999,0.00627,0.00931
1015.090027,-0.00285,0.00321,0.00611,0.0222,0.0108,0.01145
1015.380005,-0.00636,-0.00141,0.00496,0.02252,0.01398,0.00741
1015.659973,-0.01224,-0.00474,0.00723,0.02073,0.01179,0.00569
1015.950012,-0.01143,-0.00432,0.00952,0.018380001,0.01444,0.00137
1016.22998,-0.01301,-0.00656,0.00385,0.01306,0.013200001,-0.0045
1016.52002,-0.010720001,-0.01127,-0.00059,0.01293,0.011829999,-0.00722
1016.799988,-0.00955,-0.01107,-0.00485,0.01075,0.00407,-0.00682
1017.090027,-0.00729,-0.01081,-0.00296,0.00429,0.00561,-0.00212
1017.369995,0.00029,-0.00778,0.00504,0.01011,0.00605,0.00237
1017.659973,0.00539,-0.00916,0.00751,0.013049999,0.00877,0.0047
1017.940002,-0.00039,-0.016249999,-0.00058,0.00628,0.0051,0.00474
1018.22998,0.00828,-0.009330001,0.00768,0.01424,0.00986,0.00633
1018.51001,0.0098,0.00255,0.008309999,0.02043,0.01535,0.01588
1018.799988,0.00745,0.00479,0.015369999,0.020330001,0.018229999,0.01836
1019.080017,0.00683,0.00816,0.018829999,0.023399999,0.01492,0.018580001
1019.369995,0.00085,0.00324,0.00959,0.018449999,0.014040001,0.019650001
1019.650024,0.00087,0.00134,0.0086,0.018650001,0.0118,0.01894
1019.940002,0.00775,0.00993,0.014830001,0.026659999,0.012999999,0.02846
1020.219971,0.00103,0.00263,0.012200001,0.01739,0.00519,0.023020001
1020.51001,-0.00085,-0.00426,0.0101,0.01039,0.00295,0.009980001
1020.789978,0.00284,-0.00236,0.00383,0.01232,0.00715,0.01071
1021.080017,0.01036,-0.0035,0.00121,0.010729999,0.013940001,0.00611
1021.359985,0.00917,0.00072,0.00427,0.0082,0.012309999,0.00269
1021.640015,0.016390001,0.00829,0.00984,0.012150001,0.018449999,0.00766
1021.929993,0.009330001,0.00618,0.00675,0.00871,0.01118,-0.00377
1022.210022,0.00236,0.013150001,0.00152,0.01362,0.008640001,-0.00064
1022.5,-0.00529,0.01268,0.00039,0.01365,-0.00054,-0.00143
1022.780029,-0.04961,0.00808,-0.020450002,0.00555,-0.035500001,-0.02599
1023.070007,-0.04961,0.00808,-0.020450002,0.00555,-0.035500001,-0.02599
1023.349976,-0.04961,0.00808,-0.020450002,0.00555,-0.035500001,-0.02599