AUPE,0,0,0,0,0,0
WAC,0,0,0,0,0,0
G10,0,0,0,0,0,0
900,0,0,0,0,0,0
30,0,0,0,0,0,0
nm,0,0,0,0,0,0
Angular Dependence,0,0,0,0,0,0
Wavelengths,0,8,16,24,32,40
360.519989,0.01363,-0.01001,-0.01397,-0.02816,-0.0119,0.022469999
360.8999939,0.01286,-0.02313,-0.02342,-0.036789998,-0.0185,0.01337
361.269989,0.03118,-0.016380001,-0.0218,-0.022130001,-0.01705,0.017130001
361.6499939,0.043130003,-0.00655,-0.01451,-0.01132,-0.01192,0.023039998
362.019989,0.023779999,-0.00882,-0.030439999,-0.020199999,-0.025529999,0.015
362.3999939,0.02169,-0.00608,-0.026550001,-0.018139999,-0.036429998,0.00711
362.769989,0.01159,-0.00667,-0.037839998,-0.01671,-0.037110001,0.00458
363.1499939,0.00196,0.00042,-0.044330001,-0.016070001,-0.03153,-0.00619
363.519989,0.01347,0.01013,-0.038290001,-0.00759,-0.018370001,-0.00395
363.8999939,0.00509,0.015039999,-0.035439998,-0.013789999,-0.02241,-0.00593
364.269989,-0.0049,0.00087,-0.047109999,-0.017130001,-0.026249999,-0.01416
364.6400146,-0.00097,0,-0.0416,-0.023,-0.01265,-0.01392
365.019989,-0.0003,0.0003,-0.048930001,-0.02461,-0.0138,-0.01794
365.3900146,0.00643,0.0034,-0.03373,-0.02289,-0.00673,-0.015269999
365.769989,0.01208,0.00207,-0.033920001,-0.02503,-0.01633,-0.009509999
366.1400146,-0.00047,-0.0063,-0.042090002,-0.0229,-0.02617,-0.00716
366.519989,0.002,-0.00608,-0.04335,-0.01275,-0.012259999,0.00126
366.8900146,0.00245,-0.00863,-0.02932,-0.01323,-0.01423,0.00076
367.2600098,-0.00366,-0.01461,-0.02888,-0.00824,-0.027249999,-0.0082
367.6400146,-0.00801,-0.020439999,-0.0305,-0.01239,-0.021760002,-0.01266
368.0100098,-0.01368,-0.0294,-0.045389999,-0.02479,-0.031479999,-0.01082
368.3900146,-0.021840001,-0.037659999,-0.043680001,-0.027279999,-0.038249999,-0.01932
368.7600098,-0.0162,-0.03283,-0.03551,-0.02537,-0.040359996,-0.024700001
369.1300049,-0.01485,-0.035390001,-0.030720001,-0.027729999,-0.04397,-0.02702
369.5100098,-0.0113,-0.028269999,-0.02912,-0.02586,-0.03655,-0.02489
369.8800049,-0.01148,-0.02678,-0.027590001,-0.027170001,-0.03633,-0.0166
370.25,-0.01128,-0.01959,-0.020409999,-0.027780002,-0.037939999,-0.008690001
370.6300049,-0.00878,-0.026149999,-0.019019999,-0.025880001,-0.03765,-0.01255
371,-0.00188,-0.017719999,-0.013660001,-0.024669999,-0.03105,-0.00703
371.3800049,0.00237,-0.00861,-0.00952,-0.025799999,-0.025690001,-0.00248
371.75,0.00065,-0.00709,-0.01064,-0.03112,-0.033950001,-0.00369
372.1199951,0.00598,-0.00614,-0.018309999,-0.02789,-0.037100002,-0.00519
372.5,0.00479,-0.00257,-0.021300001,-0.034150001,-0.040630002,-0.00915
372.8699951,0.01066,0.0002,-0.01033,-0.02489,-0.02885,-0.0032
373.2399902,0.01554,0.010629999,-0.0043,-0.01395,-0.02575,0.00231
373.6199951,0.01518,0.00439,-0.00228,-0.012259999,-0.023459999,0.00401
373.9899902,0.013569999,-0.00744,-0.00351,-0.01091,-0.024149999,0.00985
374.3599854,0.013040001,-0.00728,-0.0108,-0.01061,-0.01956,0.00745
374.7399902,0.00646,-0.00522,-0.00773,-0.012359999,-0.019090001,0.01421
375.1099854,0.00223,-0.00647,-0.01277,-0.0063,-0.01712,0.0087
375.480011,-0.00821,-0.01343,-0.025050001,-0.01754,-0.029240001,0.00203
375.8599854,-0.0111,-0.013569999,-0.022369999,-0.023510002,-0.02437,-0.00077
376.230011,-0.00606,-0.002,-0.01421,-0.01636,-0.017790001,0.00743
376.6000061,-0.00932,0.00206,-0.016280001,-0.0184,-0.017729999,-0.0016
376.980011,-0.00288,0.00887,-0.00407,-0.00979,-0.00905,0.00232
377.3500061,-0.00554,0.00609,-0.00433,-0.00987,-0.01116,-0.00287
377.7200012,0.00248,0.0073,0.00522,-0.00484,-0.00242,0.00757
378.1000061,0.00642,0.014570001,0.01211,0.00582,0.00571,0.0114
378.4700012,0.00613,0.01438,0.00978,0.0094,0.00535,0.01069
378.8399963,0.00195,0.00758,0.00154,0.00507,0.00057,0.00292
379.2200012,-1.00E-04,0.00898,0.00196,0.00278,0.00322,0.00376
379.5899963,-0.00725,0.00109,-0.00312,-0.00302,-0.00148,0.00359
379.9599915,-0.00388,0.003,-0.00117,-0.00495,0.0009,0.00302
380.3299866,-0.00516,0.00248,-0.0037,-0.00945,-0.00409,-0.00521
380.7099915,-0.007850001,-0.00216,-0.0069,-0.0147,-0.0108,-0.011030001
381.0799866,-0.00711,-0.00541,-0.00703,-0.01719,-0.01449,-0.01159
381.4500122,-0.01079,-0.012,-0.00503,-0.02251,-0.01438,-0.010240001
381.8299866,-0.00443,-0.0126,-0.00216,-0.017519999,-0.01613,-0.00412
382.2000122,-0.00416,-0.01204,0.00065,-0.01509,-0.015690001,-0.00379
382.5700073,-0.00408,-0.014,-1.00E-04,-0.01712,-0.017180001,-0.00098
382.9400024,-0.00288,-0.01491,-0.00039,-0.01427,-0.01365,0.00448
383.3200073,0.00014,-0.01338,0.00365,-0.01206,-0.008590001,0.00749
383.6900024,-0.00057,-0.01323,-6.00E-05,-0.01355,-0.00747,0.00487
384.0599976,0.00103,-0.009509999,-0.00384,-0.00601,-0.00625,0.00541
384.4299927,-0.00405,-0.01115,-0.00823,-0.009380001,-0.00808,-0.00473
384.8099976,-0.00132,-0.007900001,-0.00838,-0.00829,-0.00794,-0.00527
385.1799927,-0.00294,-0.00482,-0.00671,-0.00554,-0.00582,-0.00853
385.5499878,-0.00332,-0.00312,-0.00934,-0.00805,-0.00992,-0.00953
385.9200134,-0.00303,-0.00381,-0.01235,-0.00646,-0.010779999,-0.00847
386.2999878,-0.00681,-0.00191,-0.00822,-0.00633,-0.012510001,-0.00786
386.6700134,-0.00398,-0.00076,-0.00408,-0.00668,-0.011720001,-0.009190001
387.0400085,-0.00074,0.00211,-0.00381,-0.00671,-0.00983,-0.00471
387.4100037,-0.0017,0.00115,-0.00399,-0.00815,-0.008880001,-0.00433
387.7799988,-0.00217,-0.00041,-0.00619,-0.00737,-0.00881,0.00028
388.1600037,-0.00249,-0.00101,-0.00298,-0.00338,-0.00533,0.001
388.5299988,-0.0002,0.00109,-0.00076,-0.00371,-0.00273,0.00229
388.8999939,-0.00033,-0.00135,-0.00289,-0.00602,-0.00079,0.001
389.269989,-0.00614,-0.00369,-0.0085,-0.00801,-0.00191,-1.00E-05
389.6499939,-0.00605,-0.00311,-0.00575,-0.00553,0.00048,0.00256
390.019989,-0.00696,-0.00469,-0.00572,-0.00307,-0.00125,0.00049
390.3900146,-0.00642,-0.00466,-0.00395,-0.00408,-0.003,-0.00228
390.7600098,-0.00798,-0.00487,-0.00696,-0.00571,-0.00418,-0.00546
391.1300049,-0.01001,-0.00461,-0.008309999,-0.00551,-0.00552,-0.00684
391.5,-0.00697,-0.00183,-0.00696,-0.00188,-0.00625,-0.00289
391.8800049,-0.00338,0.00038,-0.00112,-0.0004,-0.00531,-0.00052
392.25,-0.00478,-0.00228,-0.00232,0.00032,-0.00654,-0.00314
392.6199951,-0.00453,-0.00236,-0.00462,-0.00276,-0.00594,-0.00284
392.9899902,-0.00478,-0.00187,-0.00516,-0.00092,-0.00326,-0.00269
393.3599854,-0.00428,-0.00393,-0.00343,-0.00089,-0.00446,-0.00051
393.730011,-0.0031,-0.00418,-0.00343,-0.00073,-0.00524,-0.00058
394.1099854,-0.00117,-0.0029,-0.00165,0.0004,-0.00319,-0.00167
394.480011,0.00129,-0.0029,-0.0037,0.00077,-0.00338,-0.00443
394.8500061,0.00539,-0.00051,-0.00165,0.00061,-0.00273,-0.00136
395.2200012,0.0066,0.0011,0.00181,0.00383,0.00089,0.00063
395.5899963,0.00751,-0.00094,0.00184,0.0032,0.00014,0.00102
395.9599915,0.00878,0.00122,0.0025,0.00406,0.0027,0.00151
396.3299866,0.00855,-0.00046,0.00329,0.00419,0.00288,0.00199
396.7099915,0.009409999,-0.00116,0.00465,0.00357,0.00437,0.00348
397.0799866,0.00834,-0.00197,0.00454,0.00068,0.00418,0.00447
397.4500122,0.00599,-0.00198,0.00279,-0.00135,0.00309,0.00157
397.8200073,0.00671,-0.00287,0.00028,-0.0034,-0.00094,0.00066
398.1900024,0.00628,-0.00298,0.00023,-0.00374,-0.0016,-0.00042
398.5599976,0.00499,-0.00331,-0.00152,-0.00599,-0.00244,-0.00166
398.9299927,0.00322,-0.00376,-0.00332,-0.00673,-0.0029,-0.00082
399.2999878,0.00081,-0.00428,-0.00483,-0.00838,-0.00396,-0.00229
399.6799927,0.00236,-0.00198,-0.00262,-0.0042,-0.00185,0.00038
400.0499878,0.00101,-0.00266,-0.00218,-0.00216,-0.00127,0.00172
400.4200134,-0.00017,-1.00E-05,-0.00154,-0.0015,0.00029,0.00069
400.7900085,0.00119,0.00096,-0.00201,-0.00179,0.00042,0.00028
401.1600037,0.00122,0.00032,-0.00201,-0.00181,-0.0014,0.00071
401.5299988,0.00243,1.00E-05,-0.00206,-0.00224,-0.00037,-0.00062
401.8999939,0.00278,0.00076,-0.00116,0.00037,-0.00085,-0.0003
402.269989,-0.00023,-0.00065,-0.00301,-0.00135,-0.00408,-0.00293
402.6400146,-0.00131,-0.00159,-0.0047,-0.00339,-0.00464,-0.00372
403.0100098,-0.00138,-0.00298,-0.00418,-0.00375,-0.00501,-0.00292
403.3800049,-0.00253,-0.00253,-0.00367,-0.00361,-0.00487,-0.00162
403.75,-0.0021,-0.00224,-0.00256,-0.00264,-0.00439,-0.00211
404.1199951,-0.00104,0.00098,2.00E-05,-3.00E-05,-0.00361,-0.00012
404.5,-0.00131,-0.00052,-0.00187,-0.00074,-0.00427,-0.0018
404.8699951,0.00014,-0.00029,-0.00117,-0.00039,-0.002,-4.00E-05
405.2399902,0.00144,0.00068,-0.00046,0.00167,-0.00122,0.00057
405.6099854,0.0002,-0.00032,-0.00148,3.00E-05,-0.00233,-0.00056
405.980011,-0.00091,-0.00107,-0.00206,4.00E-05,-0.00402,-0.00186
406.3500061,-0.00086,-0.00102,-0.00211,0.00031,-0.00318,-0.0021
406.7200012,-0.00209,-0.00385,-0.00291,-0.0019,-0.0055,-0.00367
407.0899963,-0.00312,-0.00377,-0.00203,-0.00241,-0.00526,-0.0029
407.4599915,-0.00272,-0.00377,-0.00167,-0.00287,-0.00528,-0.00349
407.8299866,-0.00154,-0.00338,-0.00059,-0.00196,-0.00415,-0.00281
408.2000122,-0.00113,-0.00297,-0.00114,-0.00138,-0.00366,-0.00331
408.5700073,-0.00048,-0.00305,-0.00123,-0.00225,-0.00282,-0.00313
408.9400024,-0.00037,-0.00243,-0.00112,-0.00159,-0.00206,-0.00209
409.3099976,0.00078,-0.00124,-0.00063,4.00E-05,-0.00068,-0.0017
409.6799927,-0.00021,-0.00183,-0.002,-0.00063,-0.00117,-0.00213
410.0499878,-0.00079,-0.00126,-0.00223,-0.00089,-0.00097,-0.00253
410.4200134,-0.00204,-0.00119,-0.00227,-0.00218,-0.00129,-0.00271
410.7900085,-0.00193,-0.00037,-0.00188,-0.00014,-0.00023,-0.00169
411.1600037,-0.00096,0.00058,-0.00168,0.00098,0.00069,-4.00E-05
411.5299988,-0.00118,0.00025,-0.00286,-0.00056,0.00017,-8.00E-05
411.8999939,-0.00222,-0.00059,-0.00441,-0.00239,-0.00084,-0.00078
412.269989,1.00E-04,0.00124,-0.00278,-0.00114,-1.00E-05,0.00029
412.6400146,0.00019,0.00053,-0.0034,-0.00047,-0.00067,0.00049
413.0100098,0.00087,0.00082,-0.00359,-4.00E-05,-0.00074,0.00052
413.3800049,0.00016,0.00063,-0.00364,-0.00182,-0.00119,0.00054
413.75,-0.0011,-0.00042,-0.00439,-0.00296,-0.00212,-0.00102
414.1199951,-0.00173,-0.00084,-0.00397,-0.00312,-0.00243,-0.0026
414.4899902,-0.00144,-0.00012,-0.00382,-0.00306,-0.00203,-0.00292
414.8599854,-0.00177,-0.0008,-0.00436,-0.00282,-0.00213,-0.00346
415.230011,-0.00169,-0.00019,-0.00326,-0.00236,-0.00191,-0.004
415.6000061,-0.00199,-0.00117,-0.00285,-0.00297,-0.00255,-0.00432
415.9599915,-0.00168,-0.00162,-0.00307,-0.00301,-0.00296,-0.00463
416.3299866,-0.00063,-0.00061,-0.00212,-0.00202,-0.00231,-0.00388
416.7000122,0.00014,0.00049,-0.00191,-0.00097,-0.00186,-0.00311
417.0700073,-0.00014,0.00018,-0.00137,-0.00077,-0.00143,-0.00219
417.4400024,-0.00056,0.00032,-0.00058,-0.0008,-0.0016,-0.00138
417.8099976,-0.00069,-0.00041,-0.00182,-0.00067,-0.00122,-0.0006
418.1799927,-0.00064,-0.00076,-0.00282,-0.00062,-0.00117,-0.00116
418.5499878,-0.00071,-0.00145,-0.00211,-0.0003,-0.00136,-0.00149
418.9200134,-0.00119,-0.00215,-0.00244,-0.00126,-0.00122,-0.00173
419.2900085,-0.001,-0.00244,-0.00161,-0.00113,-0.00072,-0.00108
419.6600037,-0.00087,-0.00218,-0.0014,-0.00107,-0.00092,-0.00049
420.0299988,-0.00028,-0.00223,-0.00128,-0.00183,-0.00084,-0.00101
420.3900146,-0.00018,-0.00228,-0.00084,-0.00272,-0.00146,-0.00058
420.7600098,-0.00028,-0.00137,1.00E-05,-0.00227,-0.00098,0.00019
421.1300049,0.00076,-0.00069,-9.00E-05,-0.00166,-0.00059,0.00038
421.5,0.0009,-8.00E-05,0.00048,-0.00066,-0.00066,0.00038
421.8699951,0.00078,-0.00011,-0.00021,-0.00117,-0.00115,0.00037
422.2399902,0.00097,-0.00033,-0.00117,-0.00098,-0.00116,-0.00032
422.6099854,0.00113,1.00E-05,-0.00148,0.00046,-0.00053,0.00072
422.980011,0.00124,0.00081,-0.00088,0.00098,-0.0003,0.00066
423.3500061,0.00159,0.00111,-0.00094,0.00101,-0.00064,0.00149
423.7099915,0.00094,0.00125,-0.00088,0.00066,-0.00048,0.00184
424.0799866,0.00109,0.00092,-0.00103,0.00026,-0.00066,0.00235
424.4500122,0.00069,0.00134,-0.00081,0.00095,-0.00052,0.00253
424.8200073,0.00037,0.0015,3.00E-05,0.00082,-0.00048,0.00324
425.1900024,-0.00011,0.00057,-0.00052,-9.00E-05,-0.00112,0.00228
425.5599976,-0.00016,0.00024,-0.00083,-0.00059,-0.00142,0.00187
425.9299927,-0.00055,-5.00E-05,-0.0009,-0.00045,-0.00159,0.00065
426.2900085,-0.00059,-0.00047,-0.00111,-0.00041,-0.0017,0.00056
426.6600037,-0.00087,-0.00051,-0.0008,-0.00053,-0.00116,0.00038
427.0299988,-0.00087,-0.00059,-0.00068,-0.00092,-0.00118,0.00033
427.3999939,-0.00047,-0.00043,-0.00093,-0.00032,-0.0012,-0.00031
427.769989,-0.0008,-7.00E-05,-0.00105,-0.00046,-0.00118,-0.00049
428.1400146,-0.00096,-0.00034,-0.00094,-0.00025,-0.00129,-0.0009
428.5,-0.00067,-0.00042,-0.0011,-0.00068,-0.00106,-0.00027
428.8699951,-0.00097,-0.00052,-0.00124,-0.00113,-0.00159,-0.00085
429.2399902,-0.00121,-0.00052,-0.00184,-0.00125,-0.00205,-0.00087
429.6099854,-0.00083,-0.00102,-0.00239,-0.00112,-0.00225,-0.00085
429.980011,-0.00116,-0.00103,-0.00214,-0.0016,-0.00211,-0.0013
430.3399963,-0.00086,-0.00101,-0.00202,-0.00144,-0.00228,-0.00096
430.7099915,-0.00097,-0.00116,-0.00246,-0.00172,-0.00221,-0.00102
431.0799866,-0.00176,-0.00147,-0.00268,-0.0019,-0.00204,-0.00131
431.4500122,-0.00165,-0.00143,-0.0025,-0.00176,-0.00217,-0.00067
431.8200073,-0.00102,-0.00115,-0.00193,-0.00083,-0.00198,-0.00035
432.1799927,-0.00112,-0.00122,-0.00127,-0.00098,-0.00145,-0.00072
432.5499878,-0.00088,-0.00146,-0.00088,-0.00089,-0.00101,-0.00019
432.9200134,-0.00154,-0.00145,-0.00111,-0.00151,-0.00091,-0.00048
433.2900085,-0.00111,-0.00119,-0.00126,-0.00124,-0.00103,-0.00032
433.6499939,-0.00108,-0.00116,-0.001,-0.00121,-0.00134,-0.00052
434.019989,-0.00067,-0.00056,-0.0007,-0.00025,-0.00023,-0.00024
434.3900146,-0.00114,-0.00101,-0.00102,-0.00084,-0.0003,-0.00079
434.7600098,-0.0012,-0.00067,-0.00131,-0.00069,-0.0003,-0.00068
435.1199951,-0.00105,-0.00029,-0.00163,-0.00059,-0.00035,-0.00047
435.4899902,3.00E-05,-0.00015,-0.00097,0.00033,-1.00E-05,0.00018
435.8599854,-0.00026,-8.00E-05,-0.00094,0.00014,0.00034,0.00014
436.230011,0.00034,8.00E-05,-0.00024,0.00066,0.00076,0.00077
436.5899963,0.00021,-4.00E-05,0.00011,-1.00E-05,0.00067,0.00052
436.9599915,0.00052,0.0002,0.00058,-2.00E-05,0.00112,0.00086
437.3299866,0.00073,0.00036,0.00091,-2.00E-05,0.00148,0.00128
437.7000122,0.00097,0.00038,0.00125,0.00035,0.00155,0.00132
438.0599976,0.00086,0.00065,0.00114,-1.00E-05,0.00178,0.00132
438.4299927,0.00064,0.00033,0.00122,-0.00011,0.00148,0.00129
438.7999878,0.00043,0.00054,0.00074,-0.00054,0.0012,0.00101
439.1600037,0.00031,0.00042,0.00024,-0.00094,0.00094,0.00082
439.5299988,0.00011,0.00025,-0.00026,-0.0009,0.0006,0.00017
439.8999939,-0.00012,-0.00035,-0.00071,-0.00096,-2.00E-05,-9.00E-05
440.269989,-0.00041,-0.00055,-0.00084,-0.0011,-0.00043,-0.00029
440.6300049,-0.0004,-0.00064,-0.00075,-0.00083,-0.00047,-0.0003
441,-0.00036,-0.00045,-0.00053,-0.00088,-0.00037,-0.0005
441.3699951,-0.00017,-0.00054,-0.00043,-0.00073,-0.00027,-0.00089
441.730011,-0.00029,-0.00082,-0.00049,-0.0004,-0.00036,-0.00114
442.1000061,-3.00E-05,-0.00054,-0.00036,-0.00018,-6.00E-05,-0.00057
442.4700012,-1.00E-05,-0.00018,0.00022,4.00E-05,0.00047,-0.00054
442.8299866,-0.00033,-0.00017,7.00E-05,-0.00027,0.00015,-0.00079
443.2000122,-0.00015,-0.00015,0.00044,-0.00016,0.00023,-0.00071
443.5700073,7.00E-05,-3.00E-05,0.00067,0.00019,0.00041,-9.00E-05
443.9299927,0.00037,0.00014,0.00075,0.00067,0.00046,0.00034
444.2999878,0.00069,0.00012,0.00067,0.00083,0.00075,0.00054
444.6700134,0.00037,-0.0002,0.00092,0.00075,0.00029,0.00038
445.0299988,0.00044,-2.00E-05,0.00064,0.00071,-3.00E-05,0.00024
445.3999939,0.00087,5.00E-05,0.00072,0.00101,0.00056,0.00044
445.769989,0.00068,-8.00E-05,0.00043,0.00121,0.00016,7.00E-05
446.1300049,0.00057,-0.00019,0.00013,0.0011,0.00027,-0.00031
446.5,1.00E-05,-0.00041,-0.00023,0.00048,7.00E-05,-0.00068
446.8699951,-0.00023,-0.00037,-1.00E-04,0.00018,-0.00025,-0.00075
447.230011,-0.00028,-0.00039,-0.00031,-9.00E-05,-0.00033,-0.00098
447.6000061,-0.00032,-0.00077,-0.00032,-8.00E-05,-0.00035,-0.00081
447.9599915,-0.00049,-0.00106,-0.00016,-7.00E-05,-0.00046,-0.00092
448.3299866,-0.00071,-0.00107,-0.00044,-0.00038,-0.00044,-0.00081
448.7000122,-0.00079,-0.00102,-0.00033,-0.00031,-0.00062,-0.0004
449.0599976,-0.00081,-0.00115,-0.00029,-0.00026,-0.00086,-0.00042
449.4299927,-0.0005,-0.00118,-0.00027,-0.0002,-0.00104,-0.00021
449.7900085,-0.0003,-0.00076,-0.00023,4.00E-05,-0.00099,-9.00E-05
450.1600037,-0.00028,-0.00057,-0.00042,-0.00028,-0.00127,-0.00023
450.5299988,-0.00043,-0.00015,-0.00094,-0.00023,-0.0012,-6.00E-05
450.8900146,-0.00028,-0.00022,-0.00066,-0.00024,-0.00105,-2.00E-05
451.2600098,-0.00057,-0.00045,-0.001,-0.00068,-0.00118,-0.00036
451.6199951,-0.00037,-0.00023,-0.00119,-0.00059,-0.00093,-0.00028
451.9899902,-0.00026,1.00E-05,-0.00101,-0.00036,-0.00067,-0.00015
452.3599854,-0.00025,2.00E-05,-0.00103,-0.00023,-0.00037,1.00E-05
452.7200012,-3.00E-05,8.00E-05,-0.00049,0.00025,0.00026,0.00031
453.0899963,0.00029,-3.00E-05,-5.00E-05,0.00025,0.0002,0.00019
453.4500122,0.00034,0.00022,-7.00E-05,0.00026,0.00031,0.00024
453.8200073,0.00087,0.00056,0.00029,0.0007,0.00057,0.0003
454.1799927,0.00085,0.00042,0.00057,0.00084,0.0007,0.00028
454.5499878,0.0005,0.00023,0.00037,0.00072,0.00054,5.00E-05
454.9200134,0.00034,5.00E-05,0.00039,0.00048,0.00036,0.00012
455.2799988,0.00011,-0.00014,0.00016,0.00016,-7.00E-05,-0.0002
455.6499939,3.00E-05,-8.00E-05,-1.00E-04,-0.00012,-0.00016,-0.00013
456.0100098,-0.00011,-0.00022,-0.00028,-0.00042,-0.00046,-0.00031
456.3800049,-0.00027,-0.0003,-0.00028,-0.00056,-0.00037,-0.00033
456.7399902,-0.00024,-0.00034,-0.00015,-0.00065,-0.00051,-0.0003
457.1099854,-0.00035,-0.00019,-0.0002,-0.00066,-0.00054,-0.00033
457.4700012,-0.00019,-7.00E-05,-1.00E-04,-0.00063,-0.00056,-0.00043
457.8399963,-6.00E-05,0.00015,-0.00018,-0.0006,-0.00042,-0.00036
458.2000122,8.00E-05,0.00039,0.00026,-0.00037,-0.00042,-0.00017
458.5700073,0.00013,0.00058,0.00034,-0.00022,-0.00016,5.00E-05
458.9299927,0.00018,0.00032,0.00011,-0.00035,-0.00042,-8.00E-05
459.2999878,7.00E-05,0.00039,-2.00E-05,-0.00028,-0.00037,1.00E-05
459.6600037,0.00046,0.00048,0.00029,-0.00011,3.00E-05,7.00E-05
460.0299988,0.0004,0.0004,0.00024,-6.00E-05,7.00E-05,-9.00E-05
460.3900146,0.00011,0.00014,0.00028,-0.00013,-8.00E-05,-0.00021
460.7600098,2.00E-05,-0.00031,-0.00019,-0.00018,-0.00018,-0.00055
461.1199951,0,-0.00055,-0.00032,-0.00014,-0.00029,-0.00082
461.4899902,4.00E-05,-0.00028,-0.00015,0.00022,-0.00013,-0.00072
461.8500061,0.00026,-0.00019,-0.00013,0.00018,-5.00E-05,-0.00059
462.2200012,0.00016,3.00E-05,-0.00026,0.00014,-0.00015,-0.00054
462.5799866,0.00012,0,-0.00038,0.00023,-0.00012,-0.00037
462.9500122,0.0003,0.00031,-0.00016,0.00045,0.00013,-0.00012
463.3099976,0.00028,0.00048,-1.00E-05,0.00046,0.00029,5.00E-05
463.6799927,0.00035,0.00065,5.00E-05,0.0004,0.00037,0.00014
464.0400085,0.0003,0.00075,0.00012,0.00038,0.0005,0.00033
464.4100037,0.00019,0.00073,0.0002,0.00037,0.00062,0.00015
464.769989,-2.00E-05,0.00042,1.00E-04,0.0002,0.00034,1.00E-04
465.1300049,-3.00E-05,0.0003,2.00E-05,-7.00E-05,0.00028,-5.00E-05
465.5,-0.00028,-7.00E-05,-0.0003,-0.00032,-2.00E-05,-0.00013
465.8599854,-0.00036,-0.0003,-0.00027,-0.00036,-0.00012,-0.00022
466.230011,-0.00039,-0.00032,-0.00015,-0.00023,-9.00E-05,-4.00E-05
466.5899963,-0.00028,-0.00027,-1.00E-05,-0.00012,-5.00E-05,-0.00015
466.9599915,-0.00034,-0.00022,-7.00E-05,-4.00E-05,-0.00011,-0.0002
467.3200073,2.00E-05,-5.00E-05,0.00021,0.00022,0.00015,5.00E-05
467.6799927,0.00021,0.00017,0.00037,0.00055,0.0003,0.00039
468.0499878,0.00048,0.00032,0.00059,0.00086,0.0006,0.0004
468.4100037,0.00049,0.00039,0.00049,0.0008,0.00065,0.00029
468.7799988,0.00041,0.00014,0.00033,0.00072,0.00057,6.00E-05
469.1400146,0.00024,-3.00E-05,0.00017,0.00045,0.00043,6.00E-05
469.5,0.00035,9.00E-05,0.00013,0.00038,0.00037,0.00016
469.8699951,0.0003,1.00E-04,-1.00E-05,0.00043,0.0005,0.00012
470.230011,0.00023,8.00E-05,-6.00E-05,0.00043,0.00043,0.00017
470.6000061,9.00E-05,0,-0.0002,0.0002,0.00024,4.00E-05
470.9599915,0.00023,0.0002,0,0.00038,0.00045,0.00027
471.3200073,0.00029,0.00037,0.00011,0.00043,0.0005,0.00048
471.6900024,0.00028,0.00033,-4.00E-05,0.00048,0.00043,0.0005
472.0499878,0.00019,1.00E-04,4.00E-05,0.00058,0.00042,0.00048
472.4200134,6.00E-05,-0.00013,3.00E-05,0.00044,0.00042,0.00041
472.7799988,4.00E-05,-0.00012,3.00E-05,0.00052,0.00044,0.00031
473.1400146,0.00014,-6.00E-05,9.00E-05,0.00071,0.00061,0.00052
473.5100098,7.00E-05,-0.00025,-0.00015,0.00051,0.00049,0.00035
473.8699951,5.00E-05,-0.00025,-0.00012,0.00055,0.00051,0.00029
474.230011,5.00E-05,-0.0002,9.00E-05,0.00054,0.00061,0.00022
474.6000061,0.00026,-0.0002,0.00021,0.00062,0.00069,0.00034
474.9599915,0.00026,1.00E-05,0.0003,0.00057,0.00055,0.0004
475.3200073,0.00024,-5.00E-05,0.00029,0.00041,0.00052,0.0003
475.6900024,8.00E-05,-4.00E-05,0.00012,0.00032,0.00053,6.00E-05
476.0499878,3.00E-05,1.00E-05,0.00025,0.0005,0.00051,0.00015
476.4100037,1.00E-05,-1.00E-05,0.00025,0.00034,0.00053,6.00E-05
476.7799988,9.00E-05,-5.00E-05,0.00023,0.00045,0.00062,6.00E-05
477.1400146,-4.00E-05,-9.00E-05,-1.00E-05,0.00026,0.00051,-3.00E-05
477.5,-6.00E-05,-0.00012,-0.00017,0.00021,0.00043,-0.0002
477.8699951,-1.00E-04,-0.0002,-8.00E-05,0.00029,0.0005,-0.00021
478.230011,-4.00E-05,-0.00022,-2.00E-05,0.00015,0.00035,-0.00022
478.5899963,-3.00E-05,-0.00015,-2.00E-05,2.00E-05,0.00039,-0.0002
478.9599915,-0.00011,-0.00018,-0.00019,0.00014,0.00035,-0.00018
479.3200073,-0.00011,-0.00012,-0.00016,0.00016,0.00034,-0.00016
479.6799927,-0.00011,-1.00E-04,-9.00E-05,0.00018,0.00029,-0.00016
480.0400085,-0.00012,-0.00018,-3.00E-05,0.00026,0.00033,-8.00E-05
480.4100037,-7.00E-05,-0.00015,-3.00E-05,0.00019,0.00033,-1.00E-04
480.769989,-9.00E-05,-0.00012,-2.00E-05,0.00021,0.00038,-9.00E-05
481.1300049,7.00E-05,-8.00E-05,8.00E-05,0.00038,0.00051,-6.00E-05
481.5,0.00014,-5.00E-05,0.00025,0.00036,0.00053,-8.00E-05
481.8599854,1.00E-04,-0.00016,0.00025,0.00023,0.00043,-0.00012
482.2200012,0.00011,-0.00015,0.0003,0.00029,0.00062,-9.00E-05
482.5799866,0.00026,-9.00E-05,0.00034,0.00035,0.00079,1.00E-05
482.9500122,0.00034,3.00E-05,0.00036,0.00047,0.00082,0.00016
483.3099976,0.00042,3.00E-05,0.00036,0.0006,0.00085,0.00022
483.6700134,0.00027,-4.00E-05,0.0003,0.00051,0.00069,0.00021
484.0299988,0.00027,-5.00E-05,0.00022,0.0005,0.00063,0.00019
484.3999939,0.00024,0.00012,0.00017,0.00062,0.00065,0.00021
484.7600098,0.00019,0.00018,1.00E-04,0.00058,0.0005,0.00016
485.1199951,1.00E-04,0.00022,0.00013,0.0005,0.00045,1.00E-04
485.480011,-3.00E-05,0.00018,8.00E-05,0.00038,0.00037,0
485.8500061,-3.00E-05,0.00022,0.00013,0.00036,0.00036,7.00E-05
486.2099915,4.00E-05,0.0002,0.0002,0.00036,0.00045,8.00E-05
486.5700073,6.00E-05,0.00022,0.00018,0.00031,0.00048,0.00018
486.9299927,0.00014,0.00017,0.00017,0.00031,0.00052,0.0002
487.2900085,0.00024,0.00014,0.00021,0.00036,0.00064,0.00031
487.6600037,0.00018,7.00E-05,0.00012,0.00036,0.00053,0.00026
488.019989,0.00022,3.00E-05,0.00012,0.00033,0.00059,0.00023
488.3800049,0.00025,2.00E-05,0.00014,0.0003,0.00062,0.00029
488.7399902,0.00016,2.00E-05,5.00E-05,0.00027,0.00054,0.00018
489.1000061,0.00012,5.00E-05,0.00014,0.00032,0.00053,7.00E-05
489.4700012,7.00E-05,-2.00E-05,0.00013,0.00025,0.00046,2.00E-05
489.8299866,-1.00E-05,1.00E-05,0.00014,0.00026,0.0004,-5.00E-05
490.1900024,2.00E-05,6.00E-05,1.00E-04,0.00026,0.00046,-6.00E-05
490.5499878,-8.00E-05,1.00E-05,3.00E-05,0.00023,0.00035,-0.00014
490.9100037,-7.00E-05,-2.00E-05,0,0.0002,0.00037,-0.00025
491.269989,-7.00E-05,-5.00E-05,-1.00E-05,0.00013,0.00034,-0.00025
491.6400146,0,-9.00E-05,-8.00E-05,0.00012,0.00031,-0.0002
492,0,-9.00E-05,-1.00E-04,8.00E-05,0.0003,-0.00023
492.3599854,7.00E-05,-0.00011,-9.00E-05,2.00E-05,0.00034,-0.00025
492.7200012,0.00013,-0.00017,-3.00E-05,6.00E-05,0.00036,-0.00022
493.0799866,0.00025,-1.00E-04,0,0.00015,0.0004,-1.00E-04
493.4400024,0.00018,-0.00011,3.00E-05,0.00017,0.00037,-0.00011
493.8099976,0.00018,-0.00011,6.00E-05,0.00027,0.00041,-3.00E-05
494.1700134,0.00018,-1.00E-04,0.00011,0.00035,0.0005,1.00E-05
494.5299988,0.00022,-4.00E-05,0.00014,0.0004,0.00055,9.00E-05
494.8900146,0.00026,6.00E-05,0.0002,0.00048,0.00059,0.00021
495.25,0.0002,9.00E-05,0.00019,0.00043,0.00055,0.00017
495.6099854,0.00013,6.00E-05,0.0002,0.00037,0.00057,6.00E-05
495.9700012,0.00015,4.00E-05,0.00016,0.00036,0.00054,9.00E-05
496.3299866,0.00011,3.00E-05,0.00015,0.00029,0.00046,4.00E-05
496.7000122,7.00E-05,3.00E-05,6.00E-05,0.00019,0.00043,3.00E-05
497.0599976,5.00E-05,2.00E-05,4.00E-05,0.00022,0.00042,8.00E-05
497.4200134,-6.00E-05,-1.00E-04,-2.00E-05,0.00013,0.00032,-8.00E-05
497.7799988,-6.00E-05,-0.00012,-1.00E-05,0.00018,0.00033,-1.00E-05
498.1400146,1.00E-05,-1.00E-04,2.00E-05,0.00022,0.00035,6.00E-05
498.5,6.00E-05,-1.00E-05,5.00E-05,0.00031,0.00043,7.00E-05
498.8599854,0.00015,-4.00E-05,3.00E-05,0.00036,0.00044,7.00E-05
499.2200012,0.00022,-3.00E-05,7.00E-05,0.00038,0.00042,4.00E-05
499.5799866,0.00024,-6.00E-05,8.00E-05,0.00035,0.00044,-4.00E-05
499.9400024,0.00024,1.00E-05,8.00E-05,0.00039,0.00044,3.00E-05
500.2999878,0.00028,0.00012,9.00E-05,0.00043,0.00047,-1.00E-05
500.6700134,0.00025,0.00013,0.00011,0.00045,0.00048,1.00E-05
501.0299988,0.00019,6.00E-05,9.00E-05,0.0004,0.00042,-6.00E-05
501.3900146,0.00018,0.00014,1.00E-04,0.00047,0.0005,3.00E-05
501.75,0.00016,0.00012,0.00013,0.00055,0.00057,4.00E-05
502.1099854,0.00016,0.00012,0.00015,0.00056,0.00059,3.00E-05
502.4700012,0.00022,8.00E-05,0.00016,0.00055,0.00069,4.00E-05
502.8299866,0.00023,1.00E-05,0.00016,0.00051,0.00072,9.00E-05
503.1900024,0.00022,0,0.00014,0.00051,0.00072,0.00012
503.5499878,0.00022,2.00E-05,7.00E-05,0.00046,0.00074,0.00014
503.9100037,0.00023,-3.00E-05,5.00E-05,0.00037,0.00072,1.00E-05
504.269989,0.00014,-8.00E-05,-2.00E-05,0.00029,0.00072,2.00E-05
504.6300049,6.00E-05,-8.00E-05,0,0.0003,0.00079,8.00E-05
504.9899902,2.00E-05,-6.00E-05,-2.00E-05,0.00028,0.00078,8.00E-05
505.3500061,0,-5.00E-05,-3.00E-05,0.00029,0.00077,4.00E-05
505.7099915,-2.00E-05,-8.00E-05,-5.00E-05,0.00029,0.00079,-2.00E-05
506.0700073,0,-9.00E-05,1.00E-05,0.00034,0.0008,1.00E-05
506.4299927,-1.00E-05,-3.00E-05,5.00E-05,0.00037,0.00084,9.00E-05
506.7900085,5.00E-05,4.00E-05,0.00013,0.00036,0.00085,0.00015
507.1499939,0.00012,5.00E-05,0.00012,0.00034,0.00077,0.00015
507.5100098,0.00012,6.00E-05,0.00015,0.00035,0.00078,1.00E-04
507.8699951,0.00012,4.00E-05,0.0002,0.00037,0.00077,0.00014
508.230011,0.00013,7.00E-05,0.00025,0.00039,0.00075,0.00017
508.5899963,0.00013,7.00E-05,0.00027,0.0004,0.00076,0.00017
508.9500122,0.00013,3.00E-05,0.00025,0.00042,0.00073,0.00012
509.3099976,0.00011,-3.00E-05,0.00021,0.00038,0.00066,3.00E-05
509.6700134,0.00011,-2.00E-05,0.0002,0.00038,0.00069,-1.00E-05
510.0299988,0.00015,-7.00E-05,0.00019,0.00043,0.00061,1.00E-05
510.3900146,0.00015,-9.00E-05,0.00016,0.00041,0.00059,-2.00E-05
510.75,0.00016,-7.00E-05,0.00011,0.00038,0.00058,0
511.1099854,0.00012,-8.00E-05,0.00012,0.00034,0.00052,-4.00E-05
511.4700012,0.00015,-1.00E-05,0.00018,0.00035,0.00054,0
511.8299866,0.00019,7.00E-05,0.00019,0.00046,0.00061,5.00E-05
512.1900024,0.00015,5.00E-05,0.00019,0.00049,0.00059,5.00E-05
512.5499878,0.00012,1.00E-04,0.00021,0.00047,0.00061,6.00E-05
512.9099731,0.00011,1.00E-04,0.00019,0.00046,0.00061,5.00E-05
513.2700195,1.00E-04,7.00E-05,0.00019,0.00045,0.00057,-2.00E-05
513.6199951,0.00011,7.00E-05,0.00015,0.00048,0.0006,-2.00E-05
513.9799805,8.00E-05,9.00E-05,0.00016,0.0005,0.00062,2.00E-05
514.3400269,9.00E-05,9.00E-05,0.0002,0.0005,0.00058,0
514.7000122,0.00014,0.00011,0.0002,0.0005,0.00063,-1.00E-05
515.0599976,0.00014,9.00E-05,0.0002,0.0005,0.00063,-5.00E-05
515.4199829,0.00012,1.00E-04,0.00017,0.00047,0.00063,-6.00E-05
515.7800293,0.00013,6.00E-05,0.00012,0.00046,0.00068,-3.00E-05
516.1400146,0.00014,7.00E-05,0.00015,0.00044,0.00066,1.00E-05
516.5,0.00015,0,0.00013,0.00037,0.00061,-2.00E-05
516.8599854,0.00012,-5.00E-05,9.00E-05,0.00034,0.00061,-5.00E-05
517.2199707,7.00E-05,-6.00E-05,6.00E-05,0.00031,0.00051,1.00E-05
517.5700073,0.00011,-5.00E-05,5.00E-05,0.00036,0.0005,8.00E-05
517.9299927,0.00014,-3.00E-05,3.00E-05,0.00036,0.0005,8.00E-05
518.289978,0.00019,3.00E-05,0.00014,0.00043,0.00052,0.00014
518.6500244,0.0002,7.00E-05,0.00016,0.00047,0.00055,0.0002
519.0100098,0.00016,2.00E-05,1.00E-04,0.00046,0.00053,0.0002
519.3699951,0.00016,3.00E-05,7.00E-05,0.00041,0.0005,0.00021
519.7299805,0.0002,1.00E-05,1.00E-04,0.00043,0.00051,0.00021
520.0800171,0.00015,1.00E-05,8.00E-05,0.00039,0.00047,0.00014
520.4400024,0.00014,5.00E-05,0.00016,0.00041,0.00049,0.00019
520.7999878,0.00011,5.00E-05,1.00E-04,0.00036,0.00045,0.00015
521.1599731,0.00013,2.00E-05,5.00E-05,0.00028,0.00042,1.00E-04
521.5200195,0.00018,1.00E-04,0.00013,0.00033,0.00048,0.00011
521.8800049,0.00021,1.00E-04,0.00019,0.00036,0.00051,0.00011
522.2399902,0.00015,1.00E-04,0.00013,0.00036,0.00052,7.00E-05
522.5900269,0.00018,0.00011,0.00015,0.00039,0.00057,1.00E-04
522.9500122,0.00017,2.00E-05,9.00E-05,0.00038,0.00056,4.00E-05
523.3099976,0.00014,-2.00E-05,8.00E-05,0.00035,0.00059,5.00E-05
523.6699829,0.00014,-1.00E-05,9.00E-05,0.00045,0.00067,1.00E-04
524.0300293,0.00013,-6.00E-05,6.00E-05,0.00042,0.00065,5.00E-05
524.3800049,0.00014,-4.00E-05,4.00E-05,0.00038,0.00068,5.00E-05
524.7399902,0.00018,-5.00E-05,9.00E-05,0.00035,0.00071,6.00E-05
525.0999756,0.00015,-1.00E-04,7.00E-05,0.00027,0.00072,5.00E-05
525.460022,0.00015,-6.00E-05,0.00012,0.00027,0.00077,4.00E-05
525.8200073,0.00019,-6.00E-05,0.00012,0.00032,0.00079,5.00E-05
526.1699829,0.00018,-3.00E-05,0.00015,0.00031,0.00079,0
526.5300293,0.00017,-3.00E-05,0.00016,0.00031,0.00085,1.00E-05
526.8900146,0.00013,-4.00E-05,0.00016,0.00034,0.00083,0
527.25,0.00012,-5.00E-05,0.00017,0.00036,0.00085,1.00E-05
527.6099854,0.00011,-3.00E-05,0.00018,0.00039,0.00081,0
527.960022,0.00012,0,0.00015,0.00041,0.00085,-1.00E-05
528.3200073,8.00E-05,1.00E-05,0.00013,0.00039,0.00082,-1.00E-05
528.6799927,6.00E-05,-1.00E-05,9.00E-05,0.00037,0.00085,-3.00E-05
529.039978,8.00E-05,1.00E-05,8.00E-05,0.00038,0.00085,2.00E-05
529.3900146,6.00E-05,2.00E-05,6.00E-05,0.00039,0.00092,2.00E-05
529.75,9.00E-05,6.00E-05,7.00E-05,0.00039,0.001,5.00E-05
530.1099854,9.00E-05,5.00E-05,5.00E-05,0.00037,0.00109,5.00E-05
530.4699707,0.00016,7.00E-05,0.00011,0.0004,0.00115,0.00011
530.8200073,0.00018,5.00E-05,0.00014,0.00037,0.00126,7.00E-05
531.1799927,0.00026,1.00E-04,0.00017,0.00041,0.00138,0.00014
531.539978,0.00026,0.00012,0.00019,0.00043,0.0015,0.00015
531.9000244,0.00029,0.00011,0.0002,0.00039,0.00161,0.00018
532.25,0.00032,0.00014,0.00019,0.00041,0.00175,0.00016
532.6099854,0.00029,0.00012,0.00017,0.0004,0.00195,0.00017
532.9699707,0.00021,1.00E-04,1.00E-04,0.00038,0.00214,0.00015
533.3200073,0.00025,0.00011,0.00011,0.00044,0.00241,0.00017
533.6799927,0.00018,6.00E-05,0.00011,0.00042,0.00267,0.00014
534.039978,0.00018,8.00E-05,9.00E-05,0.00044,0.00295,0.00014
534.4000244,0.00019,8.00E-05,0.00012,0.00047,0.0033,0.00013
534.75,0.00015,3.00E-05,0.00011,0.00044,0.00359,0.00014
535.1099854,0.00017,4.00E-05,0.00015,0.00049,0.00391,0.00012
535.4699707,0.00021,2.00E-05,0.00019,0.00049,0.00424,0.00013
535.8200073,0.00019,2.00E-05,0.00017,0.00046,0.00447,0.00019
536.1799927,0.00019,2.00E-05,0.00017,0.00046,0.0046,0.00019
536.539978,0.00022,0,0.00016,0.00046,0.00474,0.00017
536.8900146,0.00022,2.00E-05,0.00014,0.00047,0.00475,0.00018
537.25,0.00024,7.00E-05,0.00019,0.00049,0.00474,0.00023
537.6099854,0.00026,9.00E-05,0.00016,0.00049,0.0046,0.00023
537.960022,0.00024,1.00E-04,0.00014,0.00047,0.00433,0.00017
538.3200073,0.00022,6.00E-05,0.00014,0.00044,0.00402,0.00012
538.6799927,0.00019,1.00E-05,6.00E-05,0.00041,0.0037,6.00E-05
539.0300293,0.00016,-1.00E-05,0.00011,0.00041,0.00336,5.00E-05
539.3900146,0.00018,1.00E-05,0.00014,0.00043,0.00306,8.00E-05
539.75,0.00014,-4.00E-05,0.00011,0.00042,0.00274,-1.00E-05
540.0999756,0.00013,-7.00E-05,1.00E-04,0.00038,0.00244,-6.00E-05
540.460022,0.00014,-2.00E-05,0.00014,0.00043,0.00223,2.00E-05
540.8099976,0.00014,2.00E-05,0.00017,0.00044,0.00205,6.00E-05
541.1699829,0.00018,3.00E-05,0.00022,0.00045,0.0019,0.00011
541.5300293,0.00017,3.00E-05,0.0002,0.00043,0.00171,0.00012
541.8800049,0.00012,0,0.00017,0.0004,0.00153,9.00E-05
542.2399902,0.00016,1.00E-05,0.00014,0.0004,0.00141,0.00014
542.5900269,0.00019,3.00E-05,0.00017,0.00045,0.00131,0.0002
542.9500122,0.00019,1.00E-05,0.00012,0.00042,0.00123,0.00015
543.3099976,0.0002,1.00E-05,0.00011,0.00045,0.00115,9.00E-05
543.6599731,0.00019,3.00E-05,0.00012,0.00047,0.0011,1.00E-04
544.0200195,0.00021,3.00E-05,1.00E-04,0.00047,0.00108,8.00E-05
544.3699951,0.00023,3.00E-05,1.00E-04,0.00044,0.00108,1.00E-04
544.7299805,0.00023,6.00E-05,0.00012,0.00047,0.00108,1.00E-04
545.0900269,0.00023,8.00E-05,0.00014,0.00048,0.00109,0.00013
545.4400024,0.00023,0.00011,0.00018,0.00053,0.00108,0.00017
545.7999878,0.00022,0.00011,0.00017,0.00059,0.00106,0.00018
546.1500244,0.00022,0.00012,0.00016,0.00068,0.00104,0.00019
546.5100098,0.00021,0.00013,0.00019,0.00076,0.00104,0.00019
546.8599854,0.00021,0.00016,0.00019,0.00087,0.00101,0.00014
547.2199707,0.00021,0.00016,0.0002,0.00098,0.00098,0.00011
547.5800171,0.00019,0.00014,0.00018,0.00106,0.00093,0.00012
547.9299927,0.00019,0.00013,0.00017,0.00114,0.00087,1.00E-04
548.289978,0.00018,0.00015,0.00017,0.00118,0.00083,9.00E-05
548.6400146,0.00019,0.00014,0.00018,0.00115,0.00078,5.00E-05
549,0.00017,0.00013,0.00018,0.00117,0.00074,7.00E-05
549.3499756,0.00017,0.00014,0.00015,0.00113,0.00068,9.00E-05
549.710022,0.00017,0.00013,0.00018,0.0011,0.00064,1.00E-04
550.0599976,0.00018,0.00014,0.00016,0.00109,0.00058,7.00E-05
550.4199829,0.00015,0.00011,0.00013,0.001,0.00054,5.00E-05
550.7700195,0.00016,5.00E-05,0.00012,0.0009,0.00049,6.00E-05
551.1300049,0.00016,4.00E-05,0.00011,0.00087,0.00046,8.00E-05
551.4799805,0.00016,2.00E-05,9.00E-05,0.0008,0.0004,3.00E-05
551.8400269,0.00019,-2.00E-05,0.00013,0.00075,0.00042,4.00E-05
552.1900024,0.00024,3.00E-05,0.00013,0.0007,0.00043,5.00E-05
552.5499878,0.00026,2.00E-05,0.00015,0.00062,0.00044,8.00E-05
552.9000244,0.00025,2.00E-05,0.00016,0.00055,0.00046,7.00E-05
553.2600098,0.00027,4.00E-05,0.00019,0.00053,0.0005,8.00E-05
553.6099854,0.00027,6.00E-05,0.00018,0.00051,0.0005,1.00E-04
553.9699707,0.00027,8.00E-05,0.00019,0.00048,0.00052,0.00013
554.3200073,0.00027,1.00E-04,0.0002,0.00044,0.00051,0.00012
554.6799927,0.00021,6.00E-05,0.00017,0.00039,0.00047,8.00E-05
555.0300293,0.00021,4.00E-05,0.00018,0.00036,0.00047,5.00E-05
555.3900146,0.00026,6.00E-05,0.00021,0.00037,0.00047,7.00E-05
555.7399902,0.00026,5.00E-05,0.00018,0.00037,0.00044,8.00E-05
556.0999756,0.00022,4.00E-05,0.00018,0.00034,0.00045,6.00E-05
556.4500122,0.00024,4.00E-05,0.0002,0.00033,0.00047,7.00E-05
556.7999878,0.00024,3.00E-05,0.00021,0.00035,0.00045,8.00E-05
557.1599731,0.00027,3.00E-05,0.00024,0.00038,0.00045,0.00011
557.5100098,0.0003,5.00E-05,0.00026,0.0004,0.00047,0.00015
557.8699951,0.00028,3.00E-05,0.00021,0.0004,0.00046,0.00017
558.2199707,0.00027,4.00E-05,0.00022,0.0004,0.00046,0.00015
558.5800171,0.00033,4.00E-05,0.00025,0.00043,0.00051,0.00017
558.9299927,0.00032,6.00E-05,0.00024,0.00044,0.00052,0.00017
559.2800293,0.0003,8.00E-05,0.00022,0.00043,0.00054,0.00017
559.6400146,0.00027,7.00E-05,0.0002,0.00042,0.00055,0.00015
559.9899902,0.00025,5.00E-05,0.00018,0.00041,0.00058,0.00013
560.3499756,0.00027,7.00E-05,0.00016,0.00041,0.00059,0.00014
560.7000122,0.00027,7.00E-05,0.00018,0.00042,0.0006,0.00018
561.0499878,0.00023,8.00E-05,0.00014,0.00038,0.00058,0.00015
561.4099731,0.00022,5.00E-05,0.00014,0.00037,0.00056,0.00014
561.7600098,0.00019,3.00E-05,0.00013,0.00035,0.00053,0.00014
562.1199951,0.0002,7.00E-05,0.00011,0.00034,0.00055,0.00014
562.4699707,0.00016,5.00E-05,9.00E-05,0.00033,0.00051,0.00012
562.8200073,0.00018,5.00E-05,0.00013,0.00037,0.00055,0.00011
563.1799927,0.00019,8.00E-05,0.00014,0.00038,0.0006,0.00012
563.5300293,0.00021,9.00E-05,0.00016,0.00041,0.00059,0.00014
563.8800049,0.0002,1.00E-04,0.00017,0.00042,0.0006,0.00013
564.2399902,0.00024,8.00E-05,0.00017,0.00043,0.00062,0.00014
564.5900269,0.00019,2.00E-05,0.00016,0.00042,0.00058,0.00012
564.9500122,0.00022,3.00E-05,0.00018,0.00042,0.0006,9.00E-05
565.2999878,0.00015,1.00E-05,0.00017,0.00035,0.00057,7.00E-05
565.6500244,0.00017,0,0.00022,0.00032,0.00057,9.00E-05
566.0100098,0.00021,0,0.00022,0.00035,0.00056,1.00E-04
566.3599854,0.00019,-4.00E-05,0.0002,0.0003,0.00053,9.00E-05
566.710022,0.00021,-4.00E-05,0.00016,0.00027,0.00053,7.00E-05
567.0700073,0.00023,-1.00E-05,0.00018,0.00029,0.00052,8.00E-05
567.4199829,0.0002,3.00E-05,0.00016,0.00029,0.00052,1.00E-04
567.7700195,0.00025,8.00E-05,0.00016,0.00034,0.00053,0.00012
568.1300049,0.00026,0.00012,0.00013,0.00035,0.00051,8.00E-05
568.4799805,0.00023,0.00013,0.00012,0.0003,0.00053,7.00E-05
568.8300171,0.00025,0.00018,0.00013,0.00037,0.00057,0.00012
569.1799927,0.00022,0.0002,0.00017,0.0004,0.00059,0.00013
569.539978,0.00024,0.00021,0.00015,0.00039,0.00063,0.00016
569.8900146,0.00026,0.0002,0.00015,0.00039,0.00062,0.00017
570.2399902,0.00023,0.00014,0.00014,0.00037,0.00058,0.00017
570.5999756,0.00021,0.00011,0.00011,0.00036,0.00056,0.00015
570.9500122,0.00021,1.00E-04,9.00E-05,0.00035,0.00055,0.00013
571.2999878,0.00017,1.00E-04,7.00E-05,0.0003,0.00051,9.00E-05
571.6500244,0.00018,6.00E-05,6.00E-05,0.00029,0.00049,9.00E-05
572.0100098,0.0002,8.00E-05,9.00E-05,0.0003,0.0005,1.00E-04
572.3599854,0.00022,8.00E-05,1.00E-04,0.00031,0.00053,9.00E-05
572.710022,0.00021,8.00E-05,9.00E-05,0.00029,0.00053,6.00E-05
573.0599976,0.00021,9.00E-05,0.00011,0.00033,0.00055,0.00011
573.4199829,0.0002,7.00E-05,0.00011,0.00035,0.00056,0.00011
573.7700195,0.00019,2.00E-05,1.00E-04,0.00036,0.00054,0.00012
574.1199951,0.00022,7.00E-05,0.00014,0.00037,0.00056,0.00013
574.4699707,0.00022,6.00E-05,0.00012,0.00038,0.00054,0.00011
574.8300171,0.0002,6.00E-05,0.00013,0.00037,0.00052,1.00E-04
575.1799927,0.00023,7.00E-05,0.00015,0.0004,0.0006,0.00015
575.5300293,0.00025,6.00E-05,0.00014,0.00035,0.00058,0.00015
575.8800049,0.00028,6.00E-05,0.00019,0.00037,0.00059,0.00017
576.2399902,0.00032,9.00E-05,0.00022,0.00037,0.00062,0.00017
576.5900269,0.00031,4.00E-05,0.00021,0.00036,0.00062,0.00017
576.9400024,0.00028,-3.00E-05,0.00021,0.00034,0.00059,0.00015
577.289978,0.00026,-4.00E-05,0.00019,0.00034,0.0006,0.00014
577.6400146,0.00021,-7.00E-05,0.00015,0.00032,0.00051,8.00E-05
578,0.00016,-8.00E-05,0.00013,0.00032,0.00052,5.00E-05
578.3499756,0.00013,-7.00E-05,8.00E-05,0.0003,0.00048,1.00E-05
578.7000122,1.00E-04,-6.00E-05,5.00E-05,0.00033,0.00046,2.00E-05
579.0499878,0.00012,-2.00E-05,4.00E-05,0.00033,0.00046,2.00E-05
579.4000244,0.00013,1.00E-05,4.00E-05,0.00035,0.00048,5.00E-05
579.7600098,0.00016,4.00E-05,9.00E-05,0.00037,0.00048,6.00E-05
580.1099854,0.00018,5.00E-05,0.00012,0.00037,0.00048,8.00E-05
580.460022,0.00026,7.00E-05,0.00019,0.00041,0.00051,0.00014
580.8099976,0.00027,6.00E-05,0.00019,0.00041,0.00052,0.00014
581.1599731,0.00029,5.00E-05,0.0002,0.00039,0.00053,0.00011
581.5100098,0.00026,3.00E-05,0.00021,0.00042,0.00053,0.00011
581.8699951,0.00026,3.00E-05,0.00022,0.00042,0.00052,8.00E-05
582.2199707,0.00025,2.00E-05,0.00021,0.00039,0.00051,8.00E-05
582.5700073,0.00024,1.00E-05,0.00021,0.0004,0.00051,6.00E-05
582.9199829,0.00019,-3.00E-05,0.00017,0.00038,0.00047,2.00E-05
583.2700195,0.00017,-3.00E-05,0.00015,0.00038,0.00047,3.00E-05
583.6199951,0.00015,-3.00E-05,0.00013,0.00039,0.00047,4.00E-05
583.9699707,0.00015,-3.00E-05,0.00012,0.00038,0.00048,2.00E-05
584.3300171,0.00016,-2.00E-05,9.00E-05,0.00037,0.0005,4.00E-05
584.6799927,0.00016,-2.00E-05,7.00E-05,0.00036,0.00051,2.00E-05
585.0300293,0.00019,0,0.00011,0.00039,0.00053,7.00E-05
585.3800049,0.00019,0,0.00012,0.00037,0.00055,9.00E-05
585.7299805,0.0002,-1.00E-05,0.00013,0.00037,0.00055,9.00E-05
586.0800171,0.00019,-4.00E-05,0.00011,0.00033,0.00054,8.00E-05
586.4299927,0.00021,-1.00E-05,0.00013,0.00035,0.00057,0.00012
586.7800293,0.00017,-3.00E-05,1.00E-04,0.00035,0.00053,0.00011
587.1300049,0.00017,-2.00E-05,1.00E-04,0.00038,0.00051,0.00011
587.4799805,0.00015,-3.00E-05,7.00E-05,0.00037,0.00049,9.00E-05
587.8400269,0.0002,1.00E-05,8.00E-05,0.0004,0.00049,0.00012
588.1900024,0.00025,5.00E-05,9.00E-05,0.0004,0.00049,0.00014
588.539978,0.00026,8.00E-05,1.00E-04,0.00045,0.00046,0.00018
588.8900146,0.00024,5.00E-05,7.00E-05,0.00041,0.00042,0.00013
589.2399902,0.00028,8.00E-05,9.00E-05,0.0004,0.00046,0.00013
589.5900269,0.00033,9.00E-05,0.00011,0.00041,0.00049,0.00018
589.9400024,0.00036,0.00011,0.00013,0.00043,0.00052,0.00016
590.289978,0.00033,8.00E-05,9.00E-05,0.00041,0.00052,0.00011
590.6400146,0.00028,7.00E-05,8.00E-05,0.00041,0.00051,8.00E-05
590.9899902,0.00023,3.00E-05,6.00E-05,0.00037,0.00052,1.00E-05
591.3400269,0.00026,5.00E-05,1.00E-04,0.00038,0.00056,7.00E-05
591.6900024,0.00025,4.00E-05,0.00012,0.00038,0.00057,1.00E-04
592.039978,0.0002,-2.00E-05,8.00E-05,0.00033,0.00055,7.00E-05
592.3900146,0.0002,-2.00E-05,8.00E-05,0.00031,0.00058,7.00E-05
592.7399902,0.00019,-2.00E-05,1.00E-04,0.00033,0.00058,8.00E-05
593.0900269,0.00023,-1.00E-05,0.00011,0.00034,0.00059,9.00E-05
593.4400024,0.00026,2.00E-05,0.00014,0.00037,0.00063,0.00015
593.789978,0.00023,0,0.00012,0.00037,0.00058,0.00012
594.1400146,0.00022,0,0.00011,0.00039,0.00056,0.00011
594.4899902,0.00024,4.00E-05,0.00011,0.00041,0.00056,9.00E-05
594.8400269,0.00018,3.00E-05,9.00E-05,0.0004,0.00052,0.00011
595.1900024,0.00019,2.00E-05,9.00E-05,0.00039,0.00051,0.00011
595.539978,0.00017,0,1.00E-04,0.00039,0.00054,0.00011
595.8900146,0.00019,2.00E-05,0.00013,0.00039,0.00056,8.00E-05
596.2399902,0.00021,2.00E-05,0.00017,0.00042,0.0006,6.00E-05
596.5900269,0.00018,1.00E-05,0.00016,0.00038,0.00058,1.00E-05
596.9400024,0.00019,-1.00E-05,0.00019,0.00038,0.00063,4.00E-05
597.289978,0.00023,0,0.0002,0.00038,0.00065,5.00E-05
597.6400146,0.00021,1.00E-05,0.00021,0.00038,0.00065,3.00E-05
597.9899902,0.00023,5.00E-05,0.00024,0.00039,0.00064,5.00E-05
598.3400269,0.00024,3.00E-05,0.00019,0.00039,0.00061,5.00E-05
598.6900024,0.00022,3.00E-05,0.00013,0.00035,0.00057,5.00E-05
599.039978,0.00022,4.00E-05,0.00013,0.00038,0.0006,0.00011
599.3900146,0.00021,5.00E-05,1.00E-04,0.00036,0.00057,8.00E-05
599.7399902,0.0002,6.00E-05,0.00014,0.00036,0.00057,8.00E-05
600.0900269,0.00021,6.00E-05,0.00012,0.00032,0.00055,9.00E-05
600.4400024,0.0002,1.00E-05,8.00E-05,0.0003,0.00051,6.00E-05
600.789978,0.0002,3.00E-05,9.00E-05,0.00031,0.00053,6.00E-05
601.1400146,0.00021,5.00E-05,0.00012,0.00034,0.00056,1.00E-04
601.4899902,0.00023,4.00E-05,0.00013,0.00033,0.00054,8.00E-05
601.8300171,0.00023,5.00E-05,0.00017,0.00032,0.00056,9.00E-05
602.1799927,0.00021,5.00E-05,0.00014,0.0003,0.00054,5.00E-05
602.5300293,0.00022,7.00E-05,0.00017,0.00037,0.00058,8.00E-05
602.8800049,0.00021,0.00011,0.00017,0.00037,0.00061,0.00012
603.2299805,0.00022,0.00012,0.0002,0.00039,0.00061,0.00015
603.5800171,0.0002,0.00011,0.00018,0.00039,0.00057,0.00014
603.9299927,0.00022,0.00013,0.00018,0.0004,0.00057,0.00011
604.2800293,0.00021,0.00011,0.00013,0.00042,0.00052,8.00E-05
604.6300049,0.00021,7.00E-05,0.00013,0.00042,0.0005,1.00E-04
604.9699707,0.00019,7.00E-05,0.00011,0.00042,0.00048,8.00E-05
605.3200073,0.0002,8.00E-05,0.00013,0.00039,0.00046,7.00E-05
605.6699829,0.00017,5.00E-05,0.00011,0.00036,0.00047,5.00E-05
606.0200195,0.00016,4.00E-05,0.00012,0.00037,0.00049,3.00E-05
606.3699951,0.00016,3.00E-05,0.00014,0.00038,0.00051,6.00E-05
606.7199707,0.00019,5.00E-05,0.00017,0.00038,0.00054,0.00013
607.0700073,0.00021,9.00E-05,0.00017,0.0004,0.00059,0.00015
607.4199829,0.00018,8.00E-05,0.00015,0.00037,0.0006,0.00014
607.7600098,0.00021,5.00E-05,0.00017,0.00041,0.00063,0.00015
608.1099854,0.00022,6.00E-05,0.00021,0.00045,0.00062,0.00018
608.460022,0.00025,8.00E-05,0.0002,0.00045,0.00064,0.00022
608.8099976,0.00023,8.00E-05,0.0002,0.00044,0.00062,0.00023
609.1599731,0.00022,8.00E-05,0.00019,0.00043,0.00064,0.00019
609.5100098,0.00019,7.00E-05,0.00017,0.00041,0.0006,0.00017
609.8499756,0.00019,5.00E-05,0.00014,0.00039,0.0006,0.00013
610.2000122,0.00016,3.00E-05,0.00011,0.00035,0.00057,0.00011
610.5499878,0.00019,7.00E-05,1.00E-04,0.00035,0.00058,0.00012
610.9000244,0.00018,5.00E-05,1.00E-04,0.00032,0.00058,1.00E-04
611.25,0.00022,7.00E-05,0.00011,0.00035,0.0006,8.00E-05
611.5900269,0.0002,3.00E-05,9.00E-05,0.00035,0.00056,9.00E-05
611.9400024,0.00023,2.00E-05,0.00011,0.00036,0.00058,1.00E-04
612.289978,0.00026,5.00E-05,0.00016,0.00038,0.0006,0.00012
612.6400146,0.00025,3.00E-05,0.00016,0.00039,0.00058,1.00E-04
612.9899902,0.00023,-1.00E-05,0.00016,0.00036,0.00058,7.00E-05
613.3300171,0.00022,3.00E-05,0.00019,0.00039,0.00061,0.00011
613.6799927,0.00021,4.00E-05,0.00014,0.00035,0.0006,0.00011
614.0300293,0.00021,7.00E-05,0.00015,0.00035,0.00061,9.00E-05
614.3800049,0.00022,8.00E-05,0.00015,0.00035,0.00061,7.00E-05
614.7199707,0.00022,0.00011,0.00017,0.00036,0.0006,8.00E-05
615.0700073,0.00023,0.00015,0.00019,0.00039,0.00067,0.00012
615.4199829,0.00018,0.00014,0.00014,0.00038,0.00065,0.00011
615.7700195,0.0002,0.00014,0.00013,0.0004,0.00066,9.00E-05
616.1099854,0.00016,1.00E-04,0.00013,0.0004,0.00064,6.00E-05
616.460022,0.00015,9.00E-05,0.00013,0.00041,0.00066,8.00E-05
616.8099976,0.00015,8.00E-05,0.00015,0.00043,0.00064,0.00011
617.1599731,0.00012,3.00E-05,1.00E-04,0.00042,0.00062,9.00E-05
617.5,0.00011,4.00E-05,0.00011,0.0004,0.00058,9.00E-05
617.8499756,0.00012,3.00E-05,0.00013,0.00039,0.0006,1.00E-04
618.2000122,0.00012,1.00E-05,0.00014,0.00037,0.00057,7.00E-05
618.539978,0.00013,-2.00E-05,0.00014,0.00033,0.00055,7.00E-05
618.8900146,0.00014,-2.00E-05,0.00016,0.00031,0.00053,7.00E-05
619.2399902,0.00014,0,0.00014,0.00031,0.00054,7.00E-05
619.5900269,0.00017,-2.00E-05,0.00016,0.00028,0.00053,8.00E-05
619.9299927,0.00022,-1.00E-05,0.00019,0.00032,0.00056,9.00E-05
620.2800293,0.00027,2.00E-05,0.00023,0.00038,0.00058,1.00E-04
620.6300049,0.0003,1.00E-05,0.00024,0.0004,0.00061,0.00015
620.9699707,0.00031,8.00E-05,0.00025,0.00045,0.00063,0.00019
621.3200073,0.00031,8.00E-05,0.00021,0.00043,0.00063,0.00015
621.6699829,0.0003,8.00E-05,0.00019,0.00043,0.00061,0.00012
622.0100098,0.00029,9.00E-05,0.00014,0.0004,0.00061,1.00E-04
622.3599854,0.00026,8.00E-05,0.00012,0.00036,0.00055,1.00E-04
622.710022,0.00023,9.00E-05,8.00E-05,0.00035,0.00056,9.00E-05
623.0499878,0.0002,1.00E-04,4.00E-05,0.00031,0.00053,7.00E-05
623.4000244,0.0002,9.00E-05,5.00E-05,0.00031,0.00054,6.00E-05
623.75,0.00019,9.00E-05,9.00E-05,0.00033,0.00053,0.00011
624.0900269,0.00019,7.00E-05,0.00011,0.00035,0.00052,0.00013
624.4400024,0.00019,9.00E-05,0.00013,0.00039,0.00054,0.00015
624.789978,0.00017,8.00E-05,0.00013,0.00038,0.00057,0.00014
625.1300049,0.00018,5.00E-05,0.00013,0.00037,0.00056,0.00014
625.4799805,0.00016,3.00E-05,0.00015,0.00037,0.00056,0.00013
625.8200073,0.00015,1.00E-05,0.00015,0.00036,0.00058,0.00012
626.1699829,0.00018,-3.00E-05,0.00016,0.00038,0.00057,9.00E-05
626.5200195,0.00022,-1.00E-05,0.00016,0.00039,0.00064,1.00E-04
626.8599854,0.00024,0,0.00018,0.00042,0.00065,0.00012
627.210022,0.00026,-2.00E-05,0.00018,0.00045,0.00064,0.00011
627.5499878,0.00022,-3.00E-05,0.00014,0.00039,0.00057,9.00E-05
627.9000244,0.00027,0,0.00017,0.00042,0.00058,0.00012
628.25,0.00026,0,0.00016,0.00041,0.00057,8.00E-05
628.5900269,0.00026,3.00E-05,0.00012,0.0004,0.00059,8.00E-05
628.9400024,0.00022,2.00E-05,1.00E-04,0.00035,0.00054,4.00E-05
629.2800293,0.00021,2.00E-05,9.00E-05,0.00034,0.00054,3.00E-05
629.6300049,0.0002,6.00E-05,0.00012,0.00034,0.00053,3.00E-05
629.9799805,0.00027,8.00E-05,0.00016,0.0004,0.00062,6.00E-05
630.3200073,0.00027,8.00E-05,0.00012,0.0004,0.00062,6.00E-05
630.6699829,0.00031,1.00E-04,0.00011,0.00044,0.00064,1.00E-04
631.0100098,0.0003,0.00013,0.00013,0.00047,0.00065,0.00013
631.3599854,0.0003,0.00015,0.00015,0.0005,0.00066,0.00014
631.7000122,0.0003,8.00E-05,0.00013,0.0005,0.00062,0.00013
632.0499878,0.0003,5.00E-05,0.00012,0.00051,0.00066,0.00015
632.3900146,0.00025,3.00E-05,1.00E-04,0.00047,0.00062,0.00014
632.7399902,0.00022,0,1.00E-04,0.00047,0.00059,0.00011
633.0900269,0.00019,0,0.00012,0.00044,0.00056,0.00011
633.4299927,0.00019,-4.00E-05,0.00013,0.00041,0.00055,9.00E-05
633.7800293,0.00021,-5.00E-05,0.00013,0.0004,0.00057,9.00E-05
634.1199951,0.00021,0,0.00016,0.0004,0.00061,9.00E-05
634.4699707,0.0002,1.00E-05,0.00013,0.00038,0.00062,5.00E-05
634.8099976,0.00024,3.00E-05,0.00017,0.00044,0.00066,6.00E-05
635.1599731,0.00023,3.00E-05,0.00019,0.00041,0.00068,6.00E-05
635.5,0.00026,4.00E-05,0.0002,0.00044,0.00075,5.00E-05
635.8499756,0.00026,3.00E-05,0.00019,0.00046,0.00076,6.00E-05
636.1900024,0.00025,6.00E-05,0.00021,0.00046,0.00078,9.00E-05
636.539978,0.00025,8.00E-05,0.00019,0.00047,0.0008,1.00E-04
636.8800049,0.00028,1.00E-04,0.00023,0.00047,0.0008,0.00012
637.2299805,0.00026,7.00E-05,0.00021,0.00046,0.00079,9.00E-05
637.5700073,0.0003,9.00E-05,0.00025,0.00051,0.00081,1.00E-04
637.9199829,0.00025,3.00E-05,0.00022,0.00046,0.00074,9.00E-05
638.2600098,0.00025,7.00E-05,0.00023,0.00043,0.00074,1.00E-04
638.5999756,0.00023,4.00E-05,0.0002,0.00042,0.00074,9.00E-05
638.9500122,0.00022,2.00E-05,0.00022,0.00042,0.00071,1.00E-04
639.289978,0.00019,0,0.00022,0.00041,0.0007,1.00E-04
639.6400146,0.0002,2.00E-05,0.00021,0.00039,0.0007,0.00011
639.9799805,0.00013,2.00E-05,0.00014,0.00033,0.00065,1.00E-04
640.3300171,0.00016,6.00E-05,0.00015,0.00035,0.00065,9.00E-05
640.6699829,0.00015,6.00E-05,0.00013,0.00039,0.00067,9.00E-05
641.0200195,0.00016,8.00E-05,0.00012,0.00039,0.00065,1.00E-04
641.3599854,0.00015,6.00E-05,7.00E-05,0.00037,0.00064,7.00E-05
641.7000122,0.00019,0.00011,8.00E-05,0.0004,0.00064,9.00E-05
642.0499878,0.00015,9.00E-05,8.00E-05,0.00042,0.00063,9.00E-05
642.3900146,0.00016,9.00E-05,0.00011,0.00042,0.00064,9.00E-05
642.7399902,0.00017,9.00E-05,0.00012,0.00042,0.00068,0.00011
643.0800171,0.00018,8.00E-05,0.00012,0.00042,0.00063,1.00E-04
643.4299927,0.00015,3.00E-05,0.00011,0.00043,0.00061,4.00E-05
643.7700195,0.00017,6.00E-05,0.00012,0.00044,0.00063,6.00E-05
644.1099854,0.00017,5.00E-05,0.00012,0.00041,0.00063,5.00E-05
644.460022,0.00023,8.00E-05,0.00011,0.0004,0.00064,5.00E-05
644.7999878,0.00026,7.00E-05,0.00012,0.00044,0.00063,5.00E-05
645.1400146,0.00025,5.00E-05,0.00012,0.00044,0.00064,6.00E-05
645.4899902,0.00024,4.00E-05,0.00013,0.00043,0.00066,1.00E-04
645.8300171,0.00023,7.00E-05,0.00017,0.00044,0.00064,0.00013
646.1799927,0.00024,4.00E-05,0.00017,0.00044,0.00062,0.00011
646.5200195,0.00024,2.00E-05,0.00016,0.00045,0.00063,9.00E-05
646.8599854,0.00019,0,0.00016,0.00045,0.00064,8.00E-05
647.210022,0.00017,0,0.00014,0.00043,0.00064,6.00E-05
647.5499878,0.00018,-2.00E-05,0.00015,0.00045,0.00064,4.00E-05
647.8900146,0.00017,2.00E-05,0.00016,0.00048,0.00066,4.00E-05
648.2399902,0.0002,3.00E-05,0.00017,0.0005,0.00072,7.00E-05
648.5800171,0.00021,4.00E-05,0.00018,0.0005,0.00073,9.00E-05
648.9199829,0.0002,5.00E-05,0.00019,0.00049,0.0007,0.00012
649.2700195,0.00019,4.00E-05,0.00016,0.00049,0.0007,1.00E-04
649.6099854,0.00018,5.00E-05,0.00018,0.00051,0.00071,0.00013
649.9500122,0.0002,6.00E-05,0.00016,0.00053,0.00072,0.00015
650.2999878,0.00023,3.00E-05,0.00015,0.00051,0.00073,0.00014
650.6400146,0.00025,4.00E-05,0.00018,0.00053,0.00075,0.00015
650.9799805,0.00022,4.00E-05,0.00018,0.00051,0.00074,0.00013
651.3300171,0.00022,2.00E-05,0.00017,0.00055,0.00079,0.00012
651.6699829,0.00023,1.00E-05,0.00019,0.00057,0.00082,0.00012
652.0100098,0.00028,8.00E-05,0.00021,0.0006,0.00089,0.00016
652.3599854,0.00028,7.00E-05,0.00022,0.00054,0.00091,0.00016
652.7000122,0.00027,9.00E-05,0.00024,0.00052,0.00091,0.00013
653.039978,0.00024,5.00E-05,0.00022,0.00046,0.00087,6.00E-05
653.3800049,0.00026,6.00E-05,0.00022,0.00047,0.00092,8.00E-05
653.7299805,0.00024,8.00E-05,0.00022,0.00046,0.00089,6.00E-05
654.0700073,0.00027,1.00E-04,0.0002,0.00045,0.00088,1.00E-04
654.4099731,0.00026,4.00E-05,0.0002,0.00043,0.00085,8.00E-05
654.75,0.00029,8.00E-05,0.00022,0.00048,0.00088,6.00E-05
655.0999756,0.00028,6.00E-05,0.0002,0.00048,0.00086,7.00E-05
655.4400024,0.00031,1.00E-04,0.0002,0.00053,0.00087,0.00012
655.7800293,0.00029,8.00E-05,0.00019,0.00052,0.00081,9.00E-05
656.1199951,0.0003,6.00E-05,0.00014,0.0005,0.00079,9.00E-05
656.4699707,0.0003,8.00E-05,0.00017,0.00052,0.00082,9.00E-05
656.8099976,0.00029,0.00011,0.00019,0.00054,0.00083,0.00012
657.1500244,0.00023,8.00E-05,0.00015,0.00052,0.00077,0.00012
657.4899902,0.00022,1.00E-04,0.00015,0.00054,0.00076,9.00E-05
657.8400269,0.00018,8.00E-05,0.00012,0.00052,0.00074,9.00E-05
658.1799927,0.00016,7.00E-05,0.00012,0.00051,0.00073,0.00011
658.5200195,0.00021,0.00011,0.0002,0.00054,0.00076,0.00015
658.8599854,0.00021,0.00011,0.00019,0.00054,0.00073,0.00015
659.2000122,0.00016,6.00E-05,0.00016,0.0005,0.00068,8.00E-05
659.5499878,0.0002,1.00E-04,0.00021,0.00054,0.00072,0.00011
659.8900146,0.00024,9.00E-05,0.0002,0.00053,0.00075,0.00015
660.2299805,0.00029,0.00011,0.00023,0.00057,0.00077,0.00014
660.5700073,0.00029,1.00E-04,0.00022,0.00058,0.00079,0.00013
660.9099731,0.00022,4.00E-05,0.00017,0.00053,0.00073,7.00E-05
661.2600098,0.0002,3.00E-05,0.00017,0.00053,0.00074,8.00E-05
661.5999756,0.00026,4.00E-05,0.00019,0.00054,0.00077,1.00E-04
661.9400024,0.00022,2.00E-05,0.00019,0.00051,0.00075,8.00E-05
662.2800293,0.0002,2.00E-05,0.00021,0.00051,0.00075,9.00E-05
662.6199951,0.00022,5.00E-05,0.00026,0.00052,0.00079,0.00012
662.960022,0.00023,8.00E-05,0.00028,0.00056,0.00082,0.00014
663.3099976,0.00023,7.00E-05,0.00027,0.00054,0.00084,0.00015
663.6500244,0.00025,7.00E-05,0.00026,0.00059,0.00089,0.00016
663.9899902,0.00026,7.00E-05,0.00027,0.00058,0.00092,0.00015
664.3300171,0.00026,6.00E-05,0.00022,0.00059,0.00089,0.00014
664.6699829,0.00025,5.00E-05,0.0002,0.00061,0.00091,0.00014
665.0100098,0.00023,4.00E-05,0.00016,0.00059,0.00091,0.00011
665.3499756,0.00026,3.00E-05,0.00018,0.00055,0.00094,0.00012
665.6900024,0.00033,8.00E-05,0.00017,0.00062,0.00097,0.00015
666.039978,0.00033,9.00E-05,0.00019,0.00058,0.00097,0.00013
666.3800049,0.00028,8.00E-05,0.00015,0.00059,0.00092,1.00E-04
666.7199707,0.00031,0.00011,0.0002,0.00061,0.00099,0.00011
667.0599976,0.0003,1.00E-04,0.0002,0.00057,0.00097,7.00E-05
667.4000244,0.00032,8.00E-05,0.0002,0.00057,0.00094,5.00E-05
667.7399902,0.00028,6.00E-05,0.00019,0.00057,0.0009,3.00E-05
668.0800171,0.00027,9.00E-05,0.00022,0.00054,0.00089,1.00E-05
668.4199829,0.00026,8.00E-05,0.00023,0.00055,0.0009,0
668.7600098,0.00025,9.00E-05,0.00024,0.00057,0.0009,1.00E-05
669.0999756,0.00025,7.00E-05,0.00023,0.00055,0.00087,2.00E-05
669.4400024,0.0003,0.00012,0.00025,0.0006,0.00087,6.00E-05
669.789978,0.00025,8.00E-05,0.00021,0.00057,0.00085,5.00E-05
670.1300049,0.00025,8.00E-05,0.00022,0.00057,0.00086,7.00E-05
670.4699707,0.00023,5.00E-05,0.00023,0.0006,0.00088,9.00E-05
670.8099976,0.00024,6.00E-05,0.00019,0.00058,0.00088,0.00014
671.1500244,0.00028,6.00E-05,0.0002,0.00058,0.00091,0.00017
671.4899902,0.00024,3.00E-05,0.00018,0.00055,0.00089,0.00015
671.8300171,0.00024,3.00E-05,0.00019,0.00057,0.00095,0.00015
672.1699829,0.00028,9.00E-05,0.0002,0.00059,0.00096,0.0002
672.5100098,0.00032,0.00012,0.00019,0.00062,0.00098,0.0002
672.8499756,0.00032,0.00013,0.00021,0.00062,0.00098,0.00018
673.1900024,0.00032,0.00015,0.00025,0.00065,0.00098,0.00013
673.5300293,0.00028,0.00015,0.00019,0.00062,0.00094,9.00E-05
673.8699951,0.00034,0.0002,0.00022,0.00069,0.00102,0.00014
674.210022,0.00032,0.00018,0.00021,0.00066,0.00096,0.00013
674.5499878,0.00031,0.00017,0.00027,0.0007,0.00098,9.00E-05
674.8900146,0.00024,0.00012,0.00024,0.00069,0.00097,7.00E-05
675.2299805,0.00024,1.00E-04,0.00022,0.00069,0.00097,9.00E-05
675.5700073,0.00029,0.00013,0.00024,0.00075,0.00095,0.00011
675.9099731,0.00033,0.00012,0.0003,0.0008,0.00101,0.00013
676.25,0.00027,6.00E-05,0.00027,0.00075,0.00095,9.00E-05
676.5900269,0.00027,5.00E-05,0.0003,0.00078,0.00098,1.00E-04
676.9299927,0.00028,4.00E-05,0.00027,0.00076,0.001,0.00014
677.2700195,0.00032,7.00E-05,0.00032,0.00077,0.00103,0.00014
677.6099854,0.0003,7.00E-05,0.00035,0.00077,0.00106,0.00012
677.9500122,0.00023,7.00E-05,0.00033,0.00072,0.00109,0.00011
678.289978,0.00022,7.00E-05,0.00033,0.0007,0.00108,0.00013
678.6300049,0.00024,0.00011,0.00035,0.00073,0.00113,0.00014
678.9699707,0.00025,9.00E-05,0.00032,0.00073,0.00115,0.00012
679.3099976,0.00023,7.00E-05,0.00029,0.0007,0.00115,7.00E-05
679.6500244,0.00024,0.00011,0.0003,0.00072,0.00116,1.00E-04
679.9799805,0.00029,0.00014,0.00031,0.00076,0.00116,0.00018
680.3200073,0.00035,0.00011,0.00032,0.0008,0.00116,0.00017
680.6599731,0.00037,0.00013,0.00031,0.00083,0.00119,0.00017
681,0.00036,0.00011,0.00031,0.00081,0.00117,0.00017
681.3400269,0.00037,0.00011,0.0003,0.00079,0.00115,0.00016
681.6799927,0.0004,0.00014,0.00038,0.00084,0.0012,0.00021
682.0200195,0.00039,0.00011,0.00038,0.00083,0.0012,0.00021
682.3599854,0.00037,0.00011,0.00037,0.00085,0.00125,0.00017
682.7000122,0.00037,0.00012,0.00037,0.00084,0.00127,0.00019
683.039978,0.00033,9.00E-05,0.00034,0.0008,0.00122,0.00018
683.3800049,0.0003,0.00012,0.00033,0.00083,0.00125,0.00018
683.710022,0.00029,0.00015,0.00036,0.00087,0.00131,0.00023
684.0499878,0.00029,0.00016,0.00034,0.00091,0.00131,0.00021
684.3900146,0.00032,0.00014,0.00035,0.00091,0.0013,0.00018
684.7299805,0.00031,0.00015,0.00034,0.00088,0.00131,0.00016
685.0700073,0.00026,0.00012,0.0003,0.00087,0.00131,0.00013
685.4099731,0.00026,0.00013,0.00034,0.00093,0.00136,0.00014
685.75,0.00035,0.00012,0.00038,0.001,0.00139,0.00018
686.0900269,0.00035,0.00012,0.00041,0.00107,0.00142,0.00019
686.4199829,0.00034,1.00E-04,0.00041,0.00105,0.00145,0.00022
686.7600098,0.00033,0.00012,0.00042,0.0011,0.00148,0.00027
687.0999756,0.00027,6.00E-05,0.00037,0.00108,0.00148,0.00023
687.4400024,0.0003,1.00E-04,0.0004,0.00116,0.00154,0.00026
687.7800293,0.00029,6.00E-05,0.00039,0.00117,0.00156,0.00024
688.1199951,0.00022,5.00E-05,0.00039,0.00116,0.00159,0.00021
688.4500122,0.00025,6.00E-05,0.00036,0.00116,0.0016,0.00021
688.789978,0.00025,6.00E-05,0.00034,0.00117,0.00159,0.00017
689.1300049,0.00026,8.00E-05,0.00036,0.00119,0.00165,0.00017
689.4699707,0.00031,0.00011,0.00041,0.00125,0.00171,0.00019
689.8099976,0.00029,8.00E-05,0.00042,0.00122,0.00172,0.00019
690.1400146,0.00038,0.00015,0.00047,0.00125,0.00178,0.00024
690.4799805,0.00042,0.00016,0.0005,0.00126,0.00178,0.00025
690.8200073,0.00037,0.00013,0.00054,0.00124,0.00178,0.00025
691.1599731,0.00037,0.00012,0.00058,0.00126,0.0018,0.00024
691.5,0.00039,0.00013,0.00058,0.00131,0.00182,0.00025
691.8300171,0.00039,0.00013,0.00056,0.0013,0.00177,0.00027
692.1699829,0.00042,0.00016,0.00057,0.00133,0.00176,0.00022
692.5100098,0.00036,0.00014,0.00052,0.00128,0.00172,0.00017
692.8499756,0.00034,0.00015,0.00053,0.00128,0.00177,0.00016
693.1799927,0.00033,0.00014,0.00048,0.00131,0.00177,0.00013
693.5200195,0.00033,0.00015,0.00046,0.00133,0.00183,0.00018
693.8599854,0.00025,9.00E-05,0.00041,0.0013,0.00177,1.00E-04
694.2000122,0.00025,8.00E-05,0.00043,0.00132,0.0018,9.00E-05
694.5300293,0.00021,6.00E-05,0.00044,0.00133,0.00183,0.00011
694.8699951,0.00023,6.00E-05,0.00044,0.0014,0.00188,0.00014
695.210022,0.00026,6.00E-05,0.00044,0.00143,0.00188,0.00018
695.5499878,0.00031,9.00E-05,0.00048,0.00146,0.00188,0.00021
695.8800049,0.00033,0.00016,0.00051,0.00153,0.00188,0.00021
696.2199707,0.00041,0.0002,0.00055,0.00162,0.00195,0.0003
696.5599976,0.00042,0.00025,0.00057,0.00167,0.002,0.00031
696.9000244,0.00046,0.00026,0.0006,0.00172,0.00205,0.00037
697.2299805,0.00042,0.00021,0.00064,0.00168,0.00203,0.00033
697.5700073,0.0004,0.0002,0.00063,0.00165,0.00206,0.0003
697.9099731,0.00039,0.00023,0.00066,0.0017,0.00219,0.0003
698.2399902,0.00035,0.00016,0.00064,0.00169,0.0022,0.00029
698.5800171,0.00032,0.00014,0.00066,0.00168,0.00222,0.00028
698.9199829,0.00038,0.00015,0.00072,0.00173,0.00227,0.00036
699.25,0.00033,0.00017,0.00074,0.00173,0.00229,0.00037
699.5900269,0.00029,0.00024,0.00076,0.0018,0.00233,0.00039
699.9299927,0.00028,0.00023,0.00079,0.00185,0.00238,0.00041
700.2600098,0.00032,0.00024,0.00079,0.00185,0.00237,0.00045
700.5999756,0.00029,0.00023,0.00081,0.00184,0.0024,0.00041
700.9400024,0.00032,0.00028,0.00082,0.00186,0.0025,0.00042
701.2700195,0.00031,0.00029,0.00083,0.00187,0.00252,0.00036
701.6099854,0.00033,0.00026,0.00084,0.0019,0.00254,0.00033
701.9500122,0.00041,0.00022,0.00083,0.00192,0.00256,0.00036
702.2800293,0.00043,0.00026,0.00083,0.002,0.00259,0.00034
702.6199951,0.00041,0.00022,0.00087,0.00201,0.00262,0.00031
702.960022,0.00045,0.00023,0.00088,0.00205,0.00267,0.00033
703.289978,0.00042,0.00019,0.00086,0.00204,0.0027,0.0003
703.6300049,0.00044,0.00014,0.00085,0.00206,0.00277,0.00029
703.960022,0.00043,0.00015,0.00083,0.00207,0.00282,0.00029
704.2999878,0.00043,0.00014,0.00085,0.00211,0.00291,0.00024
704.6400146,0.00046,1.00E-04,0.00085,0.00216,0.00299,0.00024
704.9699707,0.00046,1.00E-04,0.00082,0.00221,0.00307,0.00024
705.3099976,0.00047,0.00016,0.00085,0.00228,0.00317,0.00029
705.6400146,0.00049,0.00017,0.00088,0.00234,0.00324,0.00035
705.9799805,0.00042,0.00014,0.00087,0.00235,0.00327,0.00038
706.3200073,0.00044,0.00013,0.00086,0.00246,0.00337,0.0004
706.6500244,0.00047,0.00018,0.00084,0.00254,0.00347,0.00046
706.9899902,0.00045,0.00022,0.00086,0.00255,0.00351,0.0005
707.3200073,0.00043,0.00023,0.00088,0.00261,0.00357,0.00047
707.6599731,0.00043,0.00022,0.00088,0.00262,0.00361,0.00042
707.9899902,0.00039,0.00023,0.00087,0.00271,0.00364,0.00037
708.3300171,0.00043,0.00033,0.00092,0.00278,0.00371,0.00041
708.6699829,0.00048,0.0004,0.00096,0.00281,0.00374,0.00046
709,0.00047,0.00041,0.00101,0.00285,0.00376,0.00045
709.3400269,0.00041,0.00041,0.00102,0.00286,0.00377,0.00039
709.6699829,0.00042,0.00041,0.0011,0.00288,0.00377,0.00045
710.0100098,0.00044,0.0004,0.00116,0.00296,0.0038,0.00045
710.3400269,0.00044,0.00035,0.00118,0.00292,0.00379,0.00046
710.6799927,0.00046,0.00035,0.0012,0.00297,0.00385,0.0005
711.0100098,0.00046,0.00034,0.00124,0.003,0.00393,0.00049
711.3499756,0.00047,0.00029,0.00122,0.00301,0.00397,0.00044
711.6799927,0.00053,0.00032,0.00126,0.00309,0.00409,0.00052
712.0200195,0.0006,0.00037,0.0013,0.00311,0.00419,0.00055
712.3499756,0.00061,0.00042,0.00132,0.00318,0.00427,0.00065
712.6900024,0.00063,0.00053,0.00138,0.00327,0.00439,0.00069
713.0200195,0.0006,0.00049,0.00134,0.00325,0.00439,0.00059
713.3599854,0.00058,0.00045,0.00136,0.00324,0.00438,0.00057
713.6900024,0.00052,0.00048,0.00138,0.00325,0.0044,0.00063
714.0300293,0.00048,0.00047,0.00139,0.00324,0.00439,0.00056
714.3599854,0.00039,0.00047,0.00131,0.00325,0.0044,0.00051
714.7000122,0.00037,0.00047,0.00129,0.00319,0.00443,0.00042
715.0300293,0.0004,0.00039,0.00128,0.0032,0.00444,0.00041
715.3699951,0.00044,0.00046,0.00135,0.00327,0.00455,0.00045
715.7000122,0.00042,0.00048,0.00137,0.00328,0.00463,0.00043
716.039978,0.00049,0.00049,0.00145,0.00334,0.00471,0.0004
716.3699951,0.00056,0.00046,0.00143,0.00341,0.00479,0.00045
716.7000122,0.00065,0.00046,0.00149,0.0035,0.00485,0.00048
717.039978,0.00057,0.00039,0.00148,0.0035,0.00484,0.00047
717.3699951,0.00055,0.00043,0.0015,0.00357,0.00491,0.00048
717.710022,0.00052,0.00038,0.00149,0.0036,0.00493,0.00044
718.039978,0.00051,0.00038,0.00149,0.00368,0.00495,0.00045
718.3800049,0.0005,0.00044,0.0015,0.00374,0.00501,0.00048
718.710022,0.00044,0.00047,0.00148,0.00378,0.00504,0.00046
719.039978,0.00044,0.00051,0.00151,0.00382,0.00512,0.00047
719.3800049,0.00054,0.00059,0.0016,0.00396,0.00526,0.00052
719.710022,0.00051,0.00057,0.0016,0.00398,0.00531,0.0005
720.0499878,0.00051,0.00059,0.00162,0.00402,0.00533,0.00051
720.3800049,0.00051,0.00061,0.00164,0.00406,0.00543,0.00052
720.710022,0.00045,0.00057,0.00163,0.00407,0.00549,0.00052
721.0499878,0.00044,0.00054,0.0017,0.00414,0.00558,0.00054
721.3800049,0.00041,0.0005,0.0017,0.00419,0.00564,0.00051
721.7199707,0.00042,0.0005,0.00171,0.0042,0.0057,0.00051
722.0499878,0.00041,0.00051,0.00176,0.00427,0.00576,0.00055
722.3800049,0.00046,0.00054,0.0018,0.00436,0.00588,0.0006
722.7199707,0.00046,0.00054,0.00181,0.00437,0.00596,0.00062
723.0499878,0.00052,0.00059,0.00187,0.00444,0.00601,0.00061
723.3800049,0.00056,0.00064,0.00189,0.00445,0.00608,0.00057
723.7199707,0.00054,0.00067,0.00192,0.00447,0.0061,0.00059
724.0499878,0.00056,0.00068,0.00197,0.00447,0.00613,0.00055
724.3800049,0.00064,0.00073,0.00195,0.00454,0.0062,0.00059
724.7199707,0.00063,0.00075,0.00195,0.00458,0.00626,0.00055
725.0499878,0.00066,0.00076,0.002,0.00469,0.00631,0.00055
725.3800049,0.00071,0.00078,0.00198,0.00473,0.00638,0.0006
725.7199707,0.00072,0.00076,0.002,0.0048,0.00644,0.00061
726.0499878,0.00076,0.00077,0.00206,0.00492,0.00651,0.00065
726.3800049,0.00073,0.00079,0.00203,0.00498,0.00657,0.00069
726.7199707,0.0007,0.00077,0.00208,0.00501,0.0066,0.00067
727.0499878,0.00071,0.00082,0.00218,0.00508,0.00668,0.00073
727.3800049,0.00071,0.00082,0.0022,0.00515,0.00671,0.00079
727.710022,0.00067,0.00073,0.00222,0.00517,0.00678,0.00076
728.0499878,0.00067,0.00081,0.00227,0.00521,0.00685,0.00079
728.3800049,0.00068,0.00084,0.00223,0.00522,0.00691,0.0008
728.710022,0.00066,0.00078,0.00226,0.00531,0.00701,0.00082
729.0499878,0.00063,0.00078,0.00227,0.0053,0.00709,0.00079
729.3800049,0.00058,0.00068,0.00221,0.00526,0.00714,0.00075
729.710022,0.00053,0.00065,0.00217,0.00529,0.00723,0.00067
730.039978,0.00056,0.00073,0.00225,0.00535,0.00731,0.00069
730.3800049,0.0005,0.00063,0.00219,0.00537,0.00733,0.00068
730.710022,0.00049,0.00064,0.00222,0.00542,0.00739,0.00067
731.039978,0.00049,0.00063,0.00225,0.0054,0.00744,0.00065
731.3699951,0.00052,0.0007,0.00232,0.00553,0.00754,0.0007
731.710022,0.00052,0.00076,0.0023,0.00561,0.00758,0.00072
732.039978,0.00061,0.00087,0.00238,0.00566,0.007710001,0.00078
732.3699951,0.00066,0.00091,0.00239,0.00571,0.00776,0.00076
732.7000122,0.00068,0.00095,0.00242,0.0058,0.00781,0.00081
733.039978,0.00066,0.00093,0.00246,0.00586,0.00789,0.00077
733.3699951,0.00064,0.00094,0.00237,0.00587,0.00791,0.00075
733.7000122,0.00065,0.00086,0.00232,0.00587,0.00796,0.00073
734.0300293,0.00061,0.0008,0.00238,0.00589,0.00795,0.00072
734.3599854,0.00053,0.00072,0.00236,0.00592,0.00789,0.0007
734.7000122,0.00045,0.00067,0.00234,0.006,0.00797,0.0007
735.0300293,0.00049,0.00067,0.00242,0.00606,0.00804,0.00067
735.3599854,0.00052,0.00066,0.00243,0.00616,0.008090001,0.00073
735.6900024,0.00059,0.00076,0.00252,0.00633,0.0082,0.00078
736.0200195,0.0006,0.00083,0.00259,0.00638,0.00828,0.00079
736.3499756,0.00067,0.00094,0.00259,0.00648,0.00843,0.00085
736.6900024,0.00067,0.00099,0.00263,0.00653,0.00849,0.00087
737.0200195,0.00069,0.00101,0.00264,0.00658,0.00854,0.0009
737.3499756,0.00069,0.00102,0.00264,0.00661,0.008590001,0.00093
737.6799927,0.00062,0.00099,0.00263,0.00655,0.00858,0.00088
738.0100098,0.00061,0.001,0.00272,0.00661,0.0087,0.00087
738.3400269,0.00061,0.00095,0.00271,0.00668,0.008690001,0.00085
738.6799927,0.00057,0.00092,0.00278,0.00672,0.0087,0.0008
739.0100098,0.00063,0.00092,0.0028,0.00679,0.00882,0.00077
739.3400269,0.00065,0.00098,0.0028,0.00682,0.00885,0.00074
739.6699829,0.00067,0.00104,0.00282,0.00685,0.00893,0.00076
740,0.00069,0.00104,0.00281,0.00689,0.009,0.00073
740.3300171,0.0007,0.00096,0.0027,0.00689,0.00898,0.00074
740.6599731,0.00069,0.00101,0.00273,0.00693,0.00911,0.00076
740.9899902,0.00067,0.00099,0.00268,0.00694,0.00913,0.00074
741.3200073,0.00056,0.00092,0.00264,0.0069,0.00908,0.00077
741.6599731,0.00056,0.00089,0.00266,0.00693,0.00915,0.00078
741.9899902,0.00052,0.00088,0.00267,0.00696,0.00914,0.00076
742.3200073,0.0006,0.00094,0.00278,0.00707,0.00926,0.00081
742.6500244,0.00061,0.00103,0.00289,0.00711,0.009330001,0.00082
742.9799805,0.00057,0.00102,0.0029,0.00713,0.00936,0.00085
743.3099976,0.00057,0.00105,0.00296,0.00718,0.00942,0.00089
743.6400146,0.00064,0.00114,0.00308,0.00729,0.00953,0.0009
743.9699707,0.00069,0.00118,0.00319,0.00734,0.00963,0.00098
744.2999878,0.00072,0.00111,0.00323,0.00737,0.00978,0.00099
744.6300049,0.00069,0.00119,0.00328,0.00747,0.00987,0.0011
744.960022,0.00067,0.00117,0.00323,0.00751,0.00986,0.00108
745.289978,0.00071,0.00115,0.0032,0.00757,0.00985,0.00101
745.6199951,0.0008,0.00122,0.00332,0.00769,0.00992,0.00106
745.9500122,0.00078,0.00117,0.00324,0.00775,0.009980001,0.0011
746.2800293,0.00082,0.00121,0.00327,0.00783,0.010039999,0.00109
746.6099854,0.00084,0.00125,0.00331,0.00789,0.010089999,0.00106
746.9400024,0.00083,0.00116,0.00331,0.007879999,0.0101,0.00097
747.2800293,0.00084,0.00112,0.00332,0.00792,0.010240001,0.00093
747.6099854,0.00077,0.00106,0.00337,0.007929999,0.01027,0.00094
747.9400024,0.00069,0.00099,0.00328,0.007900001,0.010240001,0.00089
748.2700195,0.0007,0.00101,0.00331,0.007879999,0.01022,0.00079
748.5999756,0.00059,0.00093,0.00329,0.00784,0.01018,0.00067
748.9299927,0.00061,0.00093,0.00327,0.00789,0.01016,0.00076
749.2600098,0.00061,0.00096,0.00325,0.007929999,0.01021,0.00076
749.5800171,0.00063,0.00101,0.00331,0.00794,0.01027,0.00084
749.9099731,0.00064,0.00109,0.00327,0.00797,0.01033,0.00086
750.2399902,0.00069,0.00112,0.00335,0.00796,0.01047,0.00085
750.5700073,0.0007,0.00113,0.00346,0.00805,0.0106,0.0009
750.9000244,0.00077,0.00117,0.00351,0.00816,0.010670001,0.00102
751.2299805,0.00076,0.00122,0.00356,0.00819,0.010779999,0.00104
751.5599976,0.00071,0.00121,0.00349,0.008119999,0.010720001,0.00107
751.8900146,0.0007,0.00123,0.00349,0.0082,0.010729999,0.00103
752.2199707,0.00072,0.00128,0.0036,0.00826,0.01084,0.00107
752.5499878,0.00075,0.00126,0.00356,0.00835,0.010880001,0.00111
752.8800049,0.00072,0.00133,0.00358,0.00832,0.010880001,0.00112
753.210022,0.00069,0.00135,0.00361,0.008309999,0.010930001,0.00112
753.539978,0.00066,0.0014,0.00361,0.00837,0.010989999,0.00115
753.8699951,0.00069,0.00141,0.00371,0.00844,0.011059999,0.00115
754.2000122,0.00067,0.00141,0.00372,0.0084,0.011030001,0.00111
754.5300293,0.00067,0.0014,0.00373,0.00844,0.01105,0.0011
754.8599854,0.00063,0.00143,0.00375,0.008450001,0.0111,0.0011
755.1900024,0.00063,0.0014,0.0037,0.00851,0.01112,0.00108
755.5100098,0.00063,0.00137,0.00365,0.00854,0.01112,0.001
755.8400269,0.00066,0.0013,0.0037,0.00856,0.011109999,0.00088
756.1699829,0.00067,0.00133,0.0037,0.00865,0.01127,0.00089
756.5,0.00067,0.00135,0.00376,0.008719999,0.01132,0.00096
756.8300171,0.00064,0.00131,0.00365,0.00871,0.01129,0.00093
757.1599731,0.00065,0.00127,0.00365,0.00878,0.01122,0.00091
757.4899902,0.00068,0.00127,0.00367,0.008859999,0.01131,0.00093
757.8200073,0.00063,0.00122,0.0036,0.008880001,0.011360001,0.00097
758.1400146,0.00065,0.00129,0.00357,0.008909999,0.011460001,0.00104
758.4699707,0.00061,0.00129,0.00358,0.00894,0.01144,0.00102
758.7999878,0.0007,0.00131,0.00363,0.00894,0.011469999,0.00106
759.1300049,0.00078,0.00136,0.00378,0.00901,0.01161,0.00113
759.460022,0.00077,0.00138,0.00382,0.00905,0.011670001,0.00115
759.789978,0.0008,0.00144,0.00384,0.0091,0.01175,0.00121
760.1199951,0.00087,0.00162,0.00402,0.00917,0.011849999,0.00129
760.4400024,0.00088,0.00151,0.00397,0.00922,0.011820001,0.00128
760.7700195,0.00089,0.00147,0.00404,0.009190001,0.0118,0.00122
761.0999756,0.00079,0.00147,0.00397,0.00927,0.01179,0.00119
761.4299927,0.00078,0.0014,0.00389,0.00926,0.0117,0.00116
761.7600098,0.00086,0.00141,0.00394,0.00926,0.011829999,0.00123
762.0800171,0.00088,0.00136,0.0039,0.00922,0.01179,0.00122
762.4099731,0.00085,0.00122,0.00384,0.00926,0.01174,0.00118
762.7399902,0.00083,0.00121,0.00394,0.00928,0.01176,0.0012
763.0700073,0.0009,0.00125,0.00393,0.00935,0.01184,0.00127
763.4000244,0.00099,0.00122,0.00395,0.00942,0.01191,0.00127
763.7199707,0.00098,0.0013,0.00407,0.00945,0.01204,0.00123
764.0499878,0.00095,0.00135,0.00409,0.00949,0.01204,0.00119
764.3800049,0.00088,0.00135,0.00416,0.009509999,0.01205,0.00112
764.710022,0.00091,0.00138,0.00412,0.00948,0.01204,0.0011
765.039978,0.00091,0.00143,0.00407,0.00942,0.01205,0.0011
765.3599854,0.0009,0.00153,0.00411,0.0095,0.01209,0.00123
765.6900024,0.00085,0.00156,0.00414,0.0095,0.01212,0.00123
766.0200195,0.00082,0.0016,0.00412,0.00952,0.012159999,0.00127
766.3499756,0.00082,0.00158,0.00417,0.00956,0.012150001,0.00123
766.6699829,0.0008,0.00151,0.00406,0.00955,0.012180001,0.00126
767,0.00078,0.0015,0.00413,0.00959,0.01224,0.00121
767.3300171,0.00075,0.0015,0.00416,0.00971,0.012300001,0.00114
767.6500244,0.00066,0.00132,0.0041,0.00964,0.012250001,0.00101
767.9799805,0.00062,0.0012,0.00408,0.009649999,0.01217,0.00093
768.3099976,0.00067,0.0012,0.00409,0.00971,0.012250001,0.00095
768.6400146,0.00066,0.00123,0.00404,0.00968,0.012250001,0.00097
768.960022,0.0008,0.00136,0.00415,0.00979,0.01232,0.00102
769.289978,0.00079,0.00144,0.00414,0.00975,0.012359999,0.00105
769.6199951,0.00076,0.00143,0.00411,0.00969,0.012300001,0.00104
769.9400024,0.00077,0.00157,0.00424,0.0098,0.01238,0.00108
770.2700195,0.0008,0.0016,0.00424,0.00977,0.0125,0.00107
770.5999756,0.00073,0.00154,0.0042,0.00974,0.01249,0.00104
770.9199829,0.00076,0.00148,0.00416,0.00979,0.012569999,0.00106
771.25,0.00072,0.00145,0.00424,0.00984,0.012610001,0.00111
771.5800171,0.00071,0.00131,0.00411,0.00992,0.01255,0.001
771.9000244,0.00067,0.00133,0.00409,0.00997,0.0126,0.00101
772.2299805,0.00071,0.00129,0.00404,0.00994,0.01269,0.00099
772.5599976,0.00076,0.00136,0.00408,0.00999,0.01279,0.00112
772.8800049,0.00081,0.00139,0.00414,0.01003,0.01273,0.0011
773.210022,0.00086,0.0015,0.0042,0.01018,0.0128,0.00119
773.539978,0.00082,0.00144,0.0041,0.01006,0.01275,0.00108
773.8599854,0.00088,0.00153,0.00422,0.010089999,0.01287,0.00121
774.1900024,0.00096,0.00155,0.00431,0.01018,0.012990001,0.00126
774.5200195,0.00095,0.00147,0.00433,0.01022,0.012990001,0.00128
774.8400269,0.00093,0.00146,0.00429,0.01028,0.01296,0.0013
775.1699829,0.00092,0.00144,0.00433,0.010369999,0.01308,0.00134
775.5,0.00086,0.00145,0.00433,0.01026,0.013099999,0.00128
775.8200073,0.00078,0.00149,0.00442,0.01027,0.01313,0.00124
776.1500244,0.00072,0.00143,0.00439,0.010240001,0.01308,0.00127
776.4699707,0.00077,0.00141,0.00437,0.01021,0.01303,0.00127
776.7999878,0.00081,0.00146,0.00434,0.0101,0.012999999,0.00132
777.1199951,0.00083,0.00148,0.00447,0.01012,0.01303,0.00128
777.4500122,0.00083,0.00153,0.00444,0.01008,0.013040001,0.00128
777.7800293,0.00089,0.00162,0.00454,0.010249999,0.01312,0.00141
778.0999756,0.00101,0.00164,0.00458,0.01036,0.01311,0.0014
778.4299927,0.00099,0.00169,0.00463,0.01035,0.01317,0.00124
778.75,0.001,0.00172,0.00473,0.01043,0.013250001,0.00122
779.0800171,0.00095,0.00174,0.0047,0.01053,0.01322,0.00108
779.4000244,0.0009,0.00185,0.00469,0.0106,0.013250001,0.00114
779.7299805,0.00098,0.0019,0.00473,0.010650001,0.013200001,0.00121
780.0599976,0.00093,0.00174,0.00464,0.01053,0.013150001,0.00107
780.3800049,0.0009,0.00176,0.00456,0.01047,0.01319,0.00107
780.710022,0.00093,0.00173,0.00463,0.01052,0.01329,0.00129
781.0300293,0.00096,0.0018,0.00464,0.01053,0.013350001,0.00137
781.3599854,0.00102,0.00191,0.00468,0.010620001,0.0135,0.00141
781.6799927,0.00096,0.00184,0.00474,0.010670001,0.01364,0.00139
782.0100098,0.00102,0.00185,0.00474,0.010670001,0.01376,0.00134
782.3300171,0.00103,0.0019,0.00483,0.0108,0.01385,0.00142
782.6599731,0.00103,0.00185,0.00488,0.0109,0.01397,0.00152
782.9799805,0.00102,0.00197,0.0049,0.01092,0.014,0.00149
783.3099976,0.00097,0.00187,0.0048,0.010880001,0.01402,0.00144
783.6300049,0.00088,0.00172,0.00474,0.01081,0.013990001,0.00141
783.960022,0.00105,0.00168,0.00467,0.0108,0.013940001,0.00129
784.2800293,0.00102,0.00167,0.00473,0.01089,0.01403,0.00141
784.6099854,0.00102,0.00167,0.00469,0.01082,0.01401,0.0013
784.9299927,0.00101,0.00169,0.00475,0.010779999,0.01393,0.00129
785.2600098,0.001,0.00158,0.00464,0.010880001,0.01388,0.00118
785.5800171,0.0009,0.0016,0.0046,0.0109,0.01391,0.00112
785.9099731,0.00093,0.00169,0.00476,0.01102,0.014090001,0.00121
786.2299805,0.00086,0.00178,0.00476,0.01096,0.01411,0.00129
786.5599976,0.00074,0.00166,0.00464,0.01079,0.01402,0.00107
786.8800049,0.00068,0.00177,0.00463,0.010729999,0.014040001,0.00104
787.2000122,0.00068,0.00178,0.0045,0.0107,0.01422,0.00097
787.5300293,0.00076,0.00185,0.00458,0.01074,0.01431,0.00105
787.8499756,0.0008,0.00186,0.00467,0.010720001,0.01435,0.00107
788.1799927,0.00072,0.00185,0.00458,0.01064,0.01432,0.00104
788.5,0.00065,0.00185,0.00463,0.01058,0.01438,0.00099
788.8300171,0.00067,0.00199,0.0048,0.010770001,0.014479999,0.00121
789.1500244,0.00068,0.00193,0.00479,0.0108,0.01455,0.00129
789.4699707,0.00068,0.00196,0.00482,0.01087,0.01454,0.00135
789.7999878,0.0006,0.00199,0.00488,0.01082,0.01464,0.00135
790.1199951,0.00068,0.00202,0.00499,0.0108,0.01465,0.0014
790.4500122,0.00073,0.00206,0.00505,0.01086,0.01461,0.00141
790.7700195,0.00072,0.00196,0.00501,0.01096,0.01465,0.00146
791.0900269,0.00064,0.00194,0.0049,0.01092,0.01459,0.00133
791.4199829,0.00067,0.00186,0.0049,0.010989999,0.014520001,0.00134
791.7399902,0.00068,0.00179,0.00491,0.010989999,0.014570001,0.00136
792.0599976,0.00078,0.00187,0.0049,0.010989999,0.01464,0.0013
792.3900146,0.0007,0.00181,0.00482,0.011,0.01466,0.0013
792.710022,0.00072,0.0018,0.0048,0.01097,0.01472,0.00136
793.039978,0.00079,0.00178,0.00478,0.01087,0.01477,0.00125
793.3599854,0.00087,0.00186,0.00479,0.01082,0.01501,0.00136
793.6799927,0.00092,0.00191,0.00481,0.010880001,0.01528,0.00131
794.0100098,0.001,0.00206,0.00497,0.011059999,0.01548,0.00138
794.3300171,0.00095,0.00191,0.00487,0.011039999,0.01544,0.00131
794.6500244,0.00101,0.00198,0.0049,0.01101,0.0155,0.00126
794.9799805,0.00105,0.00203,0.00492,0.011109999,0.015729999,0.00125
795.2999878,0.00111,0.00207,0.00494,0.0112,0.01578,0.00134
795.6199951,0.00103,0.00193,0.00498,0.01117,0.01571,0.00118
795.9400024,0.00086,0.0018,0.00496,0.01102,0.0156,0.00115
796.2700195,0.00068,0.00162,0.00485,0.01087,0.0154,0.00102
796.5900269,0.00061,0.00167,0.00491,0.01089,0.01559,0.00106
796.9099731,0.00058,0.00174,0.00487,0.010989999,0.01575,0.00105
797.2399902,0.00061,0.00163,0.0048,0.01097,0.015729999,0.00096
797.5599976,0.0006,0.00168,0.00486,0.011080001,0.01592,0.00104
797.8800049,0.00062,0.00185,0.00484,0.01119,0.016070001,0.00106
798.210022,0.00075,0.00187,0.00477,0.01119,0.01622,0.00107
798.5300293,0.00089,0.00196,0.00476,0.01125,0.01644,0.00114
798.8499756,0.00088,0.00193,0.0047,0.0113,0.01646,0.00129
799.1699829,0.00076,0.00169,0.00458,0.01129,0.01654,0.00128
799.5,0.00071,0.00165,0.00444,0.0112,0.01657,0.00133
799.8200073,0.00067,0.00167,0.00445,0.01116,0.01668,0.00133
800.1400146,0.00061,0.00147,0.00445,0.011089999,0.016829999,0.00139
800.460022,0.00058,0.0015,0.00456,0.01127,0.01708,0.00144
800.789978,0.00052,0.00151,0.00466,0.01132,0.01732,0.00145
801.1099854,0.00064,0.00152,0.00467,0.01133,0.0175,0.00129
801.4299927,0.00087,0.00167,0.00484,0.01135,0.01777,0.00135
801.75,0.00088,0.00163,0.00497,0.0114,0.018060001,0.0013
802.0700073,0.0009,0.00153,0.00503,0.01148,0.01822,0.00117
802.4000244,0.00102,0.00164,0.0051,0.011569999,0.0185,0.0013
802.7199707,0.00107,0.00183,0.00513,0.01165,0.01873,0.00133
803.039978,0.00108,0.00183,0.0051,0.011519999,0.01905,0.00131
803.3599854,0.00108,0.00193,0.00533,0.011670001,0.01953,0.00151
803.6799927,0.00096,0.00183,0.00535,0.01163,0.01983,0.00153
804.0100098,0.00092,0.00195,0.00542,0.01171,0.020130001,0.00157
804.3300171,0.0009,0.00191,0.00531,0.011720001,0.020580001,0.00158
804.6500244,0.00078,0.00188,0.00529,0.01168,0.020969998,0.00139
804.9699707,0.00075,0.00171,0.0054,0.01166,0.02149,0.00136
805.289978,0.00072,0.00169,0.00534,0.011779999,0.02201,0.00129
805.6199951,0.00066,0.00161,0.00514,0.01166,0.02251,0.00123
805.9400024,0.00065,0.00158,0.00511,0.01165,0.0232,0.00118
806.2600098,0.00067,0.0016,0.0052,0.01164,0.024130002,0.00114
806.5800171,0.00068,0.00168,0.00524,0.011619999,0.025009999,0.00126
806.9000244,0.00081,0.00162,0.00523,0.01169,0.025969999,0.00126
807.2199707,0.00086,0.0017,0.00515,0.01171,0.02703,0.0013
807.539978,0.00085,0.00166,0.00523,0.01165,0.027969999,0.00139
807.8699951,0.00096,0.0018,0.00537,0.01175,0.029200001,0.00139
808.1900024,0.00105,0.00207,0.00546,0.01197,0.03063,0.00149
808.5100098,0.00095,0.002,0.00533,0.01194,0.031989999,0.00152
808.8300171,0.00088,0.00202,0.00534,0.01195,0.033410002,0.00147
809.1500244,0.00096,0.00207,0.00545,0.012,0.035050001,0.00165
809.4699707,0.00097,0.00208,0.00549,0.01203,0.036730003,0.00167
809.789978,0.00093,0.00205,0.00546,0.01214,0.038680002,0.00161
810.1099854,0.00091,0.00202,0.00541,0.0121,0.040570002,0.00165
810.4299927,0.00087,0.00191,0.00528,0.01209,0.042519998,0.00154
810.7600098,0.00095,0.00202,0.00533,0.01219,0.044640001,0.00151
811.0800171,0.001,0.00212,0.00528,0.01228,0.046869997,0.00146
811.4000244,0.00107,0.00224,0.00519,0.01232,0.049289998,0.0014
811.7199707,0.00106,0.00228,0.00521,0.01233,0.051739998,0.00137
812.039978,0.00118,0.00247,0.00528,0.012460001,0.05449,0.00151
812.3599854,0.00117,0.00236,0.00518,0.012610001,0.057389997,0.00131
812.6799927,0.00111,0.00234,0.00532,0.01265,0.060349997,0.00139
813,0.00132,0.00247,0.00557,0.0128,0.063670002,0.00157
813.3200073,0.0014,0.00238,0.00564,0.01287,0.067129999,0.00172
813.6400146,0.00119,0.00223,0.00552,0.01285,0.070560001,0.00163
813.960022,0.00113,0.0022,0.00561,0.01286,0.074499995,0.00162
814.2800293,0.00108,0.00213,0.00563,0.01287,0.078249998,0.00155
814.5999756,0.00093,0.00215,0.00567,0.01278,0.082180001,0.00162
814.9199829,0.00105,0.00222,0.00566,0.01281,0.086439997,0.0016
815.2399902,0.00092,0.0021,0.00552,0.01276,0.090829998,0.00156
815.5599976,0.00092,0.00222,0.00549,0.01265,0.095559999,0.00142
815.8800049,0.00098,0.00236,0.00568,0.01269,0.100609995,0.00149
816.2000122,0.00111,0.00252,0.00566,0.01284,0.105649993,0.00162
816.5200195,0.00105,0.00248,0.00564,0.0127,0.111120008,0.00156
816.8400269,0.00116,0.00246,0.00566,0.012920001,0.116759993,0.00155
817.1599731,0.00104,0.00239,0.00549,0.01285,0.122729994,0.00155
817.4799805,0.00103,0.00241,0.00551,0.01284,0.128769994,0.00148
817.7999878,0.00092,0.00232,0.00555,0.01306,0.135159999,0.00145
818.1199951,0.00096,0.00225,0.00543,0.013040001,0.141900003,0.00142
818.4400024,0.00092,0.00201,0.00533,0.013049999,0.148870006,0.00126
818.7600098,0.00097,0.00208,0.00524,0.013200001,0.156279996,0.00128
819.0800171,0.00105,0.0023,0.00531,0.01329,0.164120004,0.00143
819.4000244,0.0012,0.00241,0.00547,0.01347,0.171889991,0.00152
819.7199707,0.0011,0.00236,0.00532,0.01349,0.180079997,0.00155
820.039978,0.00114,0.0022,0.00515,0.013259999,0.188390002,0.00164
820.3599854,0.00126,0.00228,0.00529,0.01342,0.19709,0.00172
820.6799927,0.00123,0.00219,0.0052,0.01342,0.205870003,0.00173
821,0.00139,0.00228,0.00544,0.0136,0.21503,0.00201
821.3200073,0.00131,0.00198,0.00552,0.01358,0.224330008,0.00191
821.6400146,0.00132,0.00195,0.00552,0.01362,0.234029993,0.00197
821.960022,0.0015,0.00189,0.00558,0.01376,0.244000003,0.00198
822.2700195,0.00153,0.00214,0.00571,0.01391,0.254090011,0.00193
822.5900269,0.00135,0.00203,0.00557,0.01392,0.264270008,0.0019
822.9099731,0.00133,0.0021,0.00553,0.01397,0.275059998,0.00196
823.2299805,0.0014,0.00203,0.00533,0.01401,0.285540015,0.00171
823.5499878,0.00131,0.00209,0.00527,0.01403,0.296159983,0.00163
823.8699951,0.00139,0.00203,0.00525,0.01411,0.307190001,0.00149
824.1900024,0.0012,0.00208,0.00521,0.01421,0.318210006,0.00144
824.5100098,0.00114,0.00196,0.00529,0.01431,0.32919997,0.00147
824.8300171,0.00127,0.00212,0.00547,0.01441,0.339939982,0.00144
825.1400146,0.0012,0.00218,0.00556,0.01446,0.350190014,0.00132
825.460022,0.00095,0.00201,0.00547,0.01442,0.360999972,0.00122
825.7800293,0.00105,0.00205,0.00549,0.014500001,0.371749997,0.00125
826.0999756,0.00113,0.00233,0.00574,0.01476,0.38202998,0.00148
826.4199829,0.00129,0.00233,0.00583,0.014930001,0.392050028,0.00157
826.7399902,0.00124,0.00231,0.0059,0.01521,0.402130008,0.00161
827.0599976,0.0013,0.00216,0.00589,0.015420001,0.411929995,0.00163
827.3699951,0.00132,0.00221,0.00596,0.015759999,0.421860009,0.00179
827.6900024,0.0015,0.00237,0.00614,0.01605,0.430800021,0.00207
828.0100098,0.00151,0.00246,0.00623,0.0164,0.439659983,0.00214
828.3300171,0.00139,0.0022,0.0062,0.016690001,0.448410004,0.00206
828.6500244,0.00141,0.0023,0.00632,0.01699,0.457179993,0.00207
828.960022,0.00158,0.00247,0.00637,0.01743,0.465439975,0.00205
829.2800293,0.00149,0.00252,0.00641,0.018029999,0.473989993,0.00211
829.5999756,0.00153,0.00246,0.00638,0.018409999,0.482459992,0.00187
829.9199829,0.00149,0.00238,0.00634,0.0189,0.49082002,0.00162
830.2399902,0.0014,0.0023,0.00617,0.01946,0.49950999,0.00161
830.5499878,0.00132,0.00228,0.0061,0.02014,0.508530021,0.00152
830.8699951,0.00127,0.00234,0.00604,0.0211,0.517529964,0.0015
831.1900024,0.00117,0.00212,0.00606,0.021810001,0.526980042,0.00148
831.5100098,0.00131,0.00214,0.00603,0.022839999,0.536599994,0.00147
831.8300171,0.00122,0.00217,0.0061,0.024249999,0.547010005,0.00168
832.1400146,0.00112,0.00207,0.00601,0.025610002,0.557709992,0.00168
832.460022,0.00125,0.00211,0.00612,0.027279999,0.569109976,0.00169
832.7800293,0.00122,0.00203,0.00615,0.02902,0.581070006,0.0016
833.0999756,0.00124,0.00194,0.00623,0.031129999,0.593720019,0.00154
833.4099731,0.00126,0.00209,0.00618,0.033689998,0.60729003,0.00166
833.7299805,0.00108,0.00195,0.00618,0.036370002,0.621100008,0.00173
834.0499878,0.00115,0.00195,0.0061,0.039219998,0.634959996,0.00185
834.3599854,0.00114,0.00218,0.00644,0.042690001,0.650469959,0.00206
834.6799927,0.00105,0.00225,0.00655,0.046279997,0.665309966,0.00206
835,0.00116,0.00254,0.00669,0.050519999,0.680299997,0.00222
835.3200073,0.00111,0.00249,0.00668,0.054790001,0.695129991,0.00219
835.6300049,0.00113,0.00247,0.00667,0.059770003,0.709199965,0.00213
835.9500122,0.00117,0.00255,0.00676,0.065030001,0.723739982,0.00209
836.2700195,0.0011,0.00243,0.0069,0.070650004,0.737730026,0.00191
836.5800171,0.00123,0.00235,0.00692,0.077080004,0.750500023,0.00206
836.9000244,0.00123,0.00233,0.00691,0.083979994,0.762679994,0.00215
837.2199707,0.0012,0.00214,0.0069,0.09127,0.773310006,0.00208
837.5300293,0.00125,0.00222,0.00689,0.099259995,0.784100056,0.00206
837.8499756,0.00145,0.00218,0.00699,0.107679993,0.793730021,0.00205
838.1699829,0.00139,0.00225,0.00707,0.116680004,0.802079976,0.00207
838.4799805,0.00129,0.00231,0.00711,0.126369998,0.80941999,0.002
838.7999878,0.00115,0.00236,0.00714,0.136370003,0.816129982,0.00193
839.1199951,0.00128,0.00241,0.00726,0.147139996,0.822229981,0.00194
839.4299927,0.0012,0.00232,0.00724,0.15851,0.828229964,0.00195
839.75,0.0011,0.00214,0.00738,0.170189992,0.832669973,0.00196
840.0700073,0.00098,0.00223,0.0075,0.182569996,0.836439967,0.00204
840.3800049,0.00106,0.00224,0.00756,0.195240006,0.840090036,0.00199
840.7000122,0.00125,0.00223,0.00765,0.208069995,0.842220008,0.00206
841.0100098,0.00146,0.00218,0.0077,0.221589997,0.844550014,0.00196
841.3300171,0.00123,0.00207,0.00772,0.235349998,0.846669972,0.0019
841.6500244,0.00143,0.00223,0.007850001,0.249300003,0.848720014,0.00185
841.960022,0.00151,0.00243,0.00801,0.263570011,0.849860013,0.00194
842.2800293,0.00163,0.00247,0.00815,0.277909994,0.851620018,0.00202
842.5999756,0.00162,0.00258,0.00821,0.292999983,0.853270054,0.00198
842.9099731,0.00159,0.00261,0.008309999,0.30825001,0.855619967,0.00196
843.2299805,0.00138,0.00263,0.00848,0.32306999,0.857009947,0.00193
843.539978,0.00154,0.00275,0.00865,0.338230014,0.858570039,0.00195
843.8599854,0.00137,0.00269,0.008690001,0.353049994,0.859400034,0.00187
844.1699829,0.00144,0.00258,0.008719999,0.368339986,0.860949993,0.00173
844.4899902,0.00131,0.00248,0.008719999,0.383320004,0.862259984,0.00135
844.8099976,0.00128,0.00223,0.00899,0.39813,0.863049984,0.0013
845.1199951,0.0015,0.00248,0.00947,0.413199991,0.864160001,0.00154
845.4400024,0.00167,0.00259,0.00958,0.428389996,0.86511004,0.00157
845.75,0.00175,0.00258,0.0099,0.443190008,0.865830004,0.0016
846.0700073,0.00192,0.00282,0.010340001,0.458429992,0.866370022,0.00189
846.3800049,0.00193,0.00288,0.010939999,0.473260015,0.866819978,0.00194
846.7000122,0.00207,0.00311,0.01145,0.488389999,0.866979957,0.00233
847.0100098,0.00212,0.00323,0.01199,0.503539979,0.867219985,0.00252
847.3300171,0.00185,0.00312,0.012300001,0.51868999,0.866819978,0.00228
847.6400146,0.00173,0.00319,0.012990001,0.534460008,0.866480052,0.00235
847.960022,0.00172,0.00337,0.013830001,0.550490022,0.865230024,0.00241
848.2700195,0.00162,0.00333,0.014570001,0.566730022,0.863770008,0.00208
848.5900269,0.00167,0.00363,0.015579999,0.583899975,0.862409949,0.00212
848.9000244,0.00155,0.00367,0.01692,0.601109982,0.859929979,0.00213
849.2199707,0.00163,0.00368,0.01832,0.618470013,0.857109964,0.00209
849.5300293,0.00196,0.00383,0.02,0.636399984,0.853239954,0.00222
849.8499756,0.00198,0.00382,0.021879999,0.653980017,0.848069966,0.00215
850.1599731,0.00202,0.00375,0.02397,0.671849966,0.842090011,0.00197
850.4799805,0.00185,0.00369,0.026559999,0.68945998,0.835290015,0.00204
850.789978,0.00172,0.00353,0.02963,0.707099974,0.826859951,0.00209
851.1099854,0.00166,0.00343,0.033350002,0.72446996,0.818020046,0.00195
851.4199829,0.00145,0.00351,0.037670001,0.741360009,0.806569993,0.00186
851.7399902,0.00106,0.00337,0.042729996,0.757809997,0.794330001,0.00184
852.0499878,0.00117,0.00339,0.048760001,0.774489999,0.780930042,0.00186
852.3599854,0.00091,0.00336,0.055960003,0.790300012,0.766269982,0.00184
852.6799927,0.0011,0.00349,0.064309999,0.805640042,0.74921,0.00208
852.9899902,0.00118,0.00371,0.073430002,0.819589972,0.731240034,0.00207
853.3099976,0.00121,0.00375,0.083590001,0.832860053,0.711290002,0.00192
853.6199951,0.00145,0.00392,0.095240004,0.845770061,0.691080034,0.00213
853.9400024,0.00161,0.00412,0.10825,0.857909977,0.669660032,0.00212
854.25,0.00164,0.00432,0.122639999,0.868519962,0.648039997,0.00217
854.5599976,0.00163,0.00427,0.137779996,0.879000008,0.625859976,0.00213
854.8800049,0.00169,0.00424,0.154709995,0.889039993,0.604179978,0.00212
855.1900024,0.00185,0.00421,0.172830015,0.897740006,0.582459986,0.0023
855.5100098,0.0018,0.00434,0.192129999,0.905930042,0.561749995,0.00241
855.8200073,0.00192,0.0044,0.212439999,0.913249969,0.54132998,0.00234
856.1300049,0.00212,0.00454,0.233360007,0.919860005,0.522199988,0.00227
856.4500122,0.0022,0.00483,0.254999995,0.925899982,0.503880024,0.00237
856.7600098,0.00254,0.00533,0.277740002,0.931179941,0.486780018,0.00263
857.0700073,0.00271,0.0057,0.301050007,0.936559975,0.471459985,0.00271
857.3900146,0.00275,0.00594,0.324220002,0.941089988,0.456969976,0.00273
857.7000122,0.00299,0.00592,0.347939998,0.945780039,0.444129974,0.00306
858.0200195,0.00285,0.00621,0.37173,0.949290037,0.432779998,0.00305
858.3300171,0.0026,0.00623,0.395950019,0.952300012,0.422580004,0.00314
858.6400146,0.00258,0.00614,0.420260012,0.95619005,0.413989991,0.00305
858.960022,0.00272,0.00638,0.444710016,0.959609985,0.406980008,0.0033
859.2700195,0.00241,0.00616,0.468759984,0.961750031,0.400929987,0.00322
859.5800171,0.00244,0.00629,0.492879987,0.963799953,0.39636001,0.00319
859.9000244,0.00256,0.00683,0.517359972,0.965220034,0.392719984,0.00327
860.210022,0.00284,0.00709,0.541299999,0.967399955,0.390069991,0.00335
860.5200195,0.00314,0.00731,0.564710021,0.969649971,0.388740003,0.00344
860.8300171,0.00334,0.007710001,0.588249981,0.970660031,0.388549984,0.00371
861.1500244,0.00324,0.00786,0.611259997,0.971210003,0.388849974,0.00366
861.460022,0.00363,0.00853,0.633949995,0.972139955,0.390029997,0.00377
861.7700195,0.00376,0.00906,0.656790018,0.973939955,0.391950011,0.00371
862.0900269,0.00357,0.00954,0.677969992,0.975090027,0.394070029,0.00357
862.4000244,0.00349,0.01011,0.699169993,0.976330042,0.397270024,0.00362
862.710022,0.00371,0.01113,0.719850004,0.977040052,0.400330007,0.00404
863.0200195,0.00377,0.011870001,0.739049971,0.97754997,0.402559996,0.004
863.3400269,0.00394,0.01303,0.757580042,0.978209972,0.405190021,0.00404
863.6500244,0.00419,0.01431,0.774760008,0.978200018,0.406980008,0.00434
863.960022,0.00406,0.01567,0.790780008,0.97815001,0.407920003,0.00466
864.2700195,0.00455,0.01761,0.805910051,0.977919996,0.407929987,0.00499
864.5900269,0.00473,0.019789999,0.820650041,0.977909982,0.406980008,0.00529
864.9000244,0.00464,0.02249,0.834190011,0.977620006,0.404490024,0.00511
865.210022,0.0048,0.025999999,0.847490013,0.978570044,0.401559979,0.00537
865.5200195,0.00495,0.030380001,0.859740019,0.978630006,0.396479994,0.00562
865.8400269,0.0052,0.035769999,0.870989978,0.979809999,0.390839994,0.00591
866.1500244,0.00534,0.042340003,0.880729973,0.979870021,0.38369,0.00593
866.460022,0.00527,0.050069999,0.890479982,0.980879962,0.376040012,0.00595
866.7700195,0.00564,0.059710003,0.897799969,0.981389999,0.366650015,0.00626
867.0800171,0.00588,0.071010001,0.904190004,0.982490003,0.357039988,0.00658
867.4000244,0.00614,0.084770001,0.910000026,0.981700003,0.346780002,0.00681
867.710022,0.0063,0.10097,0.914660037,0.982379973,0.336430013,0.00688
868.0200195,0.00633,0.120049998,0.91900003,0.982549965,0.32596001,0.00712
868.3300171,0.00652,0.142130002,0.922819972,0.983539939,0.315620005,0.0073
868.6400146,0.00696,0.167769998,0.925469995,0.983939946,0.305689991,0.00776
868.960022,0.00721,0.197029993,0.929130018,0.984719992,0.296909988,0.00823
869.2700195,0.00781,0.229719996,0.932300031,0.985889971,0.28915,0.00876
869.5800171,0.00838,0.265480012,0.934520006,0.987200022,0.282250017,0.00931
869.8900146,0.00899,0.303779989,0.937300026,0.988610029,0.2773,0.01026
870.2000122,0.00966,0.344309986,0.939059973,0.98924005,0.273670018,0.01096
870.5100098,0.0107,0.387130022,0.940880001,0.99022001,0.272500008,0.01238
870.8200073,0.01154,0.430889994,0.94224,0.991270006,0.272709996,0.0136
871.1400146,0.012510001,0.474799991,0.942759991,0.991009951,0.27482,0.01503
871.4500122,0.01364,0.518359959,0.944079995,0.990429997,0.278780013,0.017130001
871.7600098,0.014680001,0.561129987,0.944480002,0.989710033,0.283479989,0.01957
872.0700073,0.01633,0.60206002,0.944999993,0.98883003,0.289279997,0.022679999
872.3800049,0.0184,0.641680002,0.946099997,0.988270044,0.295289993,0.026219999
872.6900024,0.020850001,0.67847997,0.947289944,0.986179948,0.30072999,0.030840002
873,0.02421,0.712119997,0.948339999,0.984079957,0.305559993,0.036800001
873.3099976,0.02767,0.742549956,0.949059963,0.982330024,0.30776,0.043670002
873.6300049,0.032269999,0.77056998,0.95005995,0.979900002,0.308090001,0.052270003
873.9400024,0.037599999,0.795719981,0.951370001,0.977590024,0.306189984,0.062849998
874.25,0.043749999,0.818239987,0.951989949,0.975030005,0.300550014,0.075440004
874.5599976,0.051320001,0.837679982,0.952750027,0.971249998,0.292070001,0.091370001
874.8699951,0.060560003,0.854600012,0.953320026,0.967730045,0.280530006,0.110469997
875.1799927,0.071279995,0.868779957,0.953599989,0.963529944,0.265839994,0.133400008
875.4899902,0.085019998,0.881529987,0.954329967,0.959280014,0.249329999,0.161089987
875.7999878,0.10114,0.891760051,0.954789937,0.95408994,0.230300009,0.193149999
876.1099854,0.120900005,0.900469959,0.95551002,0.948420048,0.210709989,0.229819998
876.4199829,0.144429997,0.907890022,0.955910027,0.941110015,0.190650001,0.270799994
876.7299805,0.171420008,0.914059997,0.955739975,0.933990002,0.170410007,0.31566
877.039978,0.202859998,0.918830037,0.956259966,0.925800025,0.150680006,0.364239991
877.3499756,0.238939986,0.924100041,0.956409991,0.916239977,0.132880002,0.415010005
877.6599731,0.279469997,0.929010034,0.95739001,0.905889988,0.116280004,0.467009991
877.9699707,0.323899984,0.933349967,0.957060039,0.893590033,0.101429999,0.518769979
878.2800293,0.371920019,0.937269986,0.957460046,0.880360007,0.087969996,0.569509983
878.5900269,0.422089994,0.939440012,0.956969976,0.865070045,0.076250002,0.618099988
878.9000244,0.47389999,0.941620052,0.957409978,0.848079979,0.066689998,0.663349986
879.210022,0.526030004,0.943780005,0.957069993,0.829660058,0.058790002,0.704209983
879.5200195,0.57694,0.945619941,0.957920015,0.810759962,0.05164,0.741410017
879.8300171,0.625890017,0.946650028,0.957870007,0.790400028,0.04614,0.77421999
880.1400146,0.671709955,0.94795996,0.958130062,0.769209981,0.041500002,0.803119957
880.4500122,0.714400053,0.949010015,0.957949996,0.747070014,0.037639998,0.828180015
880.7600098,0.75308001,0.950650036,0.958329976,0.724499941,0.034510002,0.849400043
881.0700073,0.787200034,0.952199996,0.958150029,0.70242995,0.031830002,0.867409945
881.3800049,0.817929983,0.95408994,0.958079994,0.681360006,0.029790001,0.883210003
881.6900024,0.844190001,0.954820037,0.957269967,0.660469949,0.028199999,0.895590007
882,0.866419971,0.95581001,0.956820011,0.640370011,0.02691,0.906299949
882.3099976,0.885049999,0.956699967,0.956770003,0.621860027,0.02592,0.914929986
882.6199951,0.900099993,0.956910014,0.955680013,0.604589999,0.024669999,0.920970023
882.9299927,0.914570034,0.957480013,0.956060052,0.589460015,0.02475,0.927590013
883.2399902,0.92554003,0.95788002,0.955960035,0.575649977,0.024149999,0.931900024
883.5499878,0.934210002,0.958389997,0.955950022,0.562539995,0.023529999,0.935869992
883.8599854,0.941299975,0.958960056,0.955690026,0.550199986,0.022739999,0.939219952
884.1699829,0.947099984,0.959339976,0.955329955,0.539119959,0.0221,0.940840006
884.4799805,0.95216006,0.960009992,0.954840004,0.52967,0.021749999,0.942559958
884.789978,0.956959963,0.961029947,0.955630064,0.520240009,0.021989999,0.944700003
885.0900269,0.959120035,0.961610019,0.955739975,0.51056999,0.021500001,0.944619954
885.4000244,0.962369978,0.962040007,0.955559969,0.500909984,0.02094,0.945800006
885.710022,0.964179993,0.961890042,0.95559001,0.491400003,0.020599999,0.946129978
886.0200195,0.965790033,0.962009966,0.955790043,0.481769979,0.020299999,0.946050048
886.3300171,0.96717,0.96250999,0.956880033,0.471500009,0.020260001,0.947050035
886.6400146,0.96856004,0.962490022,0.958140016,0.460870028,0.02011,0.948000014
886.9500122,0.968050003,0.962160051,0.95825994,0.449919999,0.02005,0.948089957
887.2600098,0.968010008,0.961539984,0.957220018,0.43908,0.019640001,0.949280024
887.5700073,0.967139959,0.961309969,0.957720041,0.427970022,0.019819999,0.949950039
887.8699951,0.967330039,0.961399972,0.958329976,0.416530013,0.01983,0.950680017
888.1799927,0.967490017,0.961589992,0.958659947,0.405229986,0.020029999,0.95182997
888.4899902,0.967739999,0.961610019,0.957850039,0.394879997,0.01998,0.951920033
888.7999878,0.967649996,0.961380005,0.95649004,0.384230018,0.0197,0.952139974
889.1099854,0.96875,0.961129963,0.955839992,0.375359982,0.01929,0.952969968
889.4199829,0.969179988,0.961439967,0.955429971,0.368019968,0.019640001,0.953130007
889.7199707,0.970800042,0.961610019,0.954520047,0.362309992,0.01935,0.954280019
890.0300293,0.971890032,0.962269962,0.95302999,0.359059989,0.01926,0.955720007
890.3400269,0.972779989,0.962539971,0.951770008,0.357580006,0.01891,0.956829965
890.6500244,0.972330034,0.962060034,0.949020028,0.357249975,0.01864,0.957499981
890.960022,0.972969949,0.963249981,0.947109997,0.359500021,0.019170001,0.95806998
891.2700195,0.973439991,0.963929951,0.944280028,0.36243999,0.01942,0.958609998
891.5700073,0.973609984,0.964079976,0.940940022,0.365589976,0.018850001,0.959250033
891.8800049,0.973799944,0.964869976,0.937510014,0.36875999,0.01918,0.959089994
892.1900024,0.973930001,0.964509964,0.934059978,0.370600015,0.01942,0.958469987
892.5,0.97487998,0.964890003,0.930070043,0.370859981,0.019889999,0.95799005
892.7999878,0.976119995,0.965360045,0.927279949,0.368530005,0.02015,0.958389997
893.1099854,0.977020025,0.964960039,0.923759997,0.362489998,0.019550001,0.95893997
893.4199829,0.976770043,0.964329958,0.919779956,0.352449983,0.01939,0.95905
893.7299805,0.977779984,0.964329958,0.916620016,0.339339972,0.01943,0.959429979
894.039978,0.978320003,0.963379979,0.913980007,0.322519988,0.019370001,0.959769964
894.3400269,0.978440046,0.962769985,0.911009967,0.302029997,0.019090001,0.959530056
894.6500244,0.977949977,0.962339997,0.909630001,0.279549986,0.01894,0.960230052
894.960022,0.977450013,0.961650014,0.907519996,0.255569994,0.018619999,0.959990025
895.2600098,0.977289975,0.961320043,0.905390024,0.230960011,0.019029999,0.959599972
895.5700073,0.977819979,0.961569965,0.904649973,0.206630006,0.01919,0.959919989
895.8800049,0.977649987,0.961380005,0.903450012,0.182730004,0.01918,0.959530056
896.1900024,0.976830006,0.961279988,0.900920033,0.159999996,0.018819999,0.959120035
896.4899902,0.976999998,0.961169958,0.897629976,0.139840007,0.018850001,0.959140003
896.7999878,0.977259994,0.960420012,0.893209994,0.121720001,0.018760001,0.959240019
897.1099854,0.977699995,0.960290015,0.887699962,0.105550006,0.01915,0.959410012
897.4199829,0.977609992,0.959629953,0.880879998,0.091739997,0.01897,0.959380031
897.7199707,0.977009952,0.95875001,0.871789992,0.079360001,0.01853,0.959520042
898.0300293,0.977279961,0.958460033,0.861620009,0.068920001,0.0186,0.959749997
898.3400269,0.977509975,0.958280027,0.848639965,0.06027,0.018760001,0.960099995
898.6400146,0.97694999,0.95747,0.833820045,0.052600004,0.018829999,0.960269988
898.9500122,0.976890028,0.957679987,0.816579998,0.045869999,0.0189,0.959240019
899.2600098,0.97706002,0.957860053,0.797829986,0.040520001,0.018680001,0.959339976
899.5599976,0.976740062,0.957360029,0.776709974,0.035730001,0.018619999,0.959530056
899.8699951,0.976800025,0.957559943,0.754769981,0.03241,0.01864,0.959219992
900.1799927,0.977129996,0.957249999,0.730000019,0.0294,0.01863,0.959179997
900.4799805,0.977009952,0.957549989,0.705540001,0.0274,0.018789999,0.959339976
900.789978,0.97754997,0.958190024,0.681140006,0.025350001,0.018999999,0.959830046
901.0999756,0.977129996,0.958629966,0.655479968,0.02386,0.018919999,0.95995003
901.4000244,0.976890028,0.958809972,0.63015002,0.02269,0.0187,0.959720016
901.710022,0.976920009,0.959219992,0.605800033,0.021740001,0.018789999,0.959390044
902.0100098,0.977829993,0.959860027,0.581589997,0.02111,0.019299999,0.958909988
902.3200073,0.977379978,0.960619986,0.55904001,0.020739999,0.019239999,0.958590031
902.6300049,0.97747004,0.961080015,0.537599981,0.019960001,0.019239999,0.95825994
902.9299927,0.977030039,0.961859941,0.516849995,0.019450001,0.018540001,0.957360029
903.2399902,0.977370024,0.962360024,0.499559999,0.01921,0.01856,0.957120001
903.539978,0.977530003,0.962960005,0.48446998,0.01911,0.0186,0.956669986
903.8499756,0.977689981,0.963649988,0.471049994,0.0189,0.018339999,0.956039965
904.1599731,0.977570057,0.963999987,0.460280001,0.01846,0.01784,0.956330061
904.460022,0.977460027,0.963499963,0.45205003,0.01774,0.01798,0.956099987
904.7700195,0.977409959,0.96250999,0.445410013,0.0173,0.01785,0.955080032
905.0700073,0.978020012,0.962170005,0.44125998,0.017480001,0.018300001,0.955110013
905.3800049,0.977400005,0.960380018,0.436829984,0.01716,0.01802,0.9551
905.6799927,0.976909995,0.95856005,0.432639986,0.016829999,0.01809,0.955120027
905.9899902,0.976309955,0.95660001,0.427659988,0.016249999,0.01819,0.955029964
906.2999878,0.975239992,0.954180002,0.420919985,0.01623,0.018550001,0.954260051
906.5999756,0.97476995,0.952069998,0.41139999,0.01653,0.018449999,0.95419997
906.9099731,0.974499941,0.949889958,0.399059981,0.01674,0.018279999,0.95480001
907.210022,0.973460019,0.946330011,0.382560015,0.016490001,0.01836,0.953809977
907.5200195,0.97378999,0.944459975,0.363209993,0.01674,0.0188,0.954520047
907.8200073,0.973669946,0.942699969,0.340369999,0.016549999,0.018990001,0.954349995
908.1300049,0.974369943,0.940819979,0.315789998,0.017139999,0.019270001,0.95551002
908.4299927,0.974120021,0.939029992,0.289110005,0.017000001,0.01922,0.956139982
908.7399902,0.974349976,0.938199997,0.261949986,0.01681,0.01908,0.95709002
909.039978,0.974570036,0.937059999,0.234579995,0.01636,0.019090001,0.957790017
909.3499756,0.974779963,0.936579943,0.208509997,0.016390001,0.018999999,0.958539963
909.6500244,0.974629998,0.935490012,0.183770001,0.016039999,0.018609999,0.958430052
909.960022,0.975339949,0.934369981,0.161200002,0.015939999,0.01897,0.959120035
910.2600098,0.975160003,0.934740007,0.140479997,0.015690001,0.018440001,0.95927
910.5700073,0.975790024,0.936060011,0.121859998,0.015859999,0.018170001,0.960009992
910.8699951,0.975920022,0.936829984,0.105579995,0.01595,0.018229999,0.959639966
911.1799927,0.976320028,0.939209998,0.091190003,0.016390001,0.018270001,0.959990025
911.4799805,0.977339983,0.941269994,0.078390002,0.01636,0.0184,0.960889995
911.789978,0.978070021,0.942870021,0.067100003,0.01664,0.01849,0.960990012
912.0900269,0.978820026,0.944450021,0.057160001,0.016960001,0.01781,0.961309969
912.3900146,0.979189992,0.944570005,0.049060002,0.01682,0.01811,0.960090041
912.7000122,0.980019987,0.943720043,0.042010002,0.0166,0.01825,0.958890021
913,0.981209993,0.941009998,0.03624,0.016720001,0.01871,0.958809972
913.3099976,0.98180002,0.936039984,0.031679999,0.016310001,0.019099999,0.956929982
913.6099854,0.981750011,0.930670023,0.027860001,0.01605,0.01939,0.955910027
913.9199829,0.981589973,0.92287004,0.02496,0.016070001,0.02001,0.95480001
914.2199707,0.979719996,0.913669944,0.022179998,0.01575,0.020060001,0.953160048
914.5200195,0.979709983,0.901650012,0.01974,0.01564,0.020029999,0.951669991
914.8300171,0.979380012,0.887419939,0.01826,0.01568,0.02001,0.950350046
915.1300049,0.977829993,0.871910036,0.016449999,0.015360001,0.019619999,0.948089957
915.4400024,0.975449979,0.85363996,0.015099999,0.01554,0.019330001,0.946399987
915.7399902,0.974409997,0.833329976,0.014249999,0.01567,0.018789999,0.944670022
916.039978,0.97300005,0.812059999,0.01316,0.015319999,0.01819,0.943000019
916.3499756,0.973039985,0.788890004,0.01244,0.01507,0.018239999,0.941829979
916.6500244,0.971400023,0.765390038,0.011829999,0.01495,0.018309999,0.941699982
916.960022,0.969430029,0.740500033,0.011080001,0.01486,0.018129999,0.941009998
917.2600098,0.967979968,0.715260029,0.01096,0.01475,0.017970001,0.941309988
917.5599976,0.967790008,0.688840032,0.010679999,0.01462,0.0178,0.941890001
917.8699951,0.966039956,0.660449982,0.009959999,0.01428,0.017690001,0.942229986
918.1699829,0.965469956,0.631160021,0.00978,0.01455,0.01784,0.942939997
918.4699707,0.964349985,0.599560022,0.00972,0.01498,0.017970001,0.943539977
918.7800293,0.96419996,0.565779984,0.009509999,0.01505,0.01756,0.945220053
919.0800171,0.964229941,0.529700041,0.00915,0.01485,0.01733,0.946359992
919.3800049,0.965800047,0.490839988,0.00884,0.01516,0.017419999,0.947799981
919.6900024,0.966340005,0.451549977,0.00855,0.01561,0.017410001,0.948809981
919.9899902,0.967220008,0.411129981,0.00876,0.01599,0.017510001,0.948249996
920.289978,0.967369974,0.370759994,0.00855,0.015690001,0.017309999,0.947480023
920.5900269,0.96886003,0.332069993,0.00834,0.015869999,0.0173,0.946709991
920.9000244,0.968820035,0.294430017,0.00824,0.01606,0.017239999,0.944450021
921.2000122,0.969860017,0.2588,0.00833,0.01619,0.01747,0.94273001
921.5,0.969619989,0.226830006,0.00791,0.016170001,0.017659999,0.938939989
921.8099976,0.970169961,0.196659997,0.00755,0.01561,0.01764,0.934950054
922.1099854,0.969830036,0.171110004,0.00781,0.01609,0.01811,0.931129992
922.4099731,0.970400035,0.147709996,0.00779,0.01651,0.0185,0.926240027
922.710022,0.968990028,0.126520008,0.00798,0.016559999,0.019019999,0.919459999
923.0200195,0.968730032,0.108170003,0.00829,0.01646,0.01935,0.909769952
923.3200073,0.966930032,0.093009993,0.00877,0.01664,0.019880001,0.897060037
923.6199951,0.964540005,0.079520002,0.009649999,0.01702,0.020330001,0.881630003
923.9199829,0.961129963,0.067890003,0.01002,0.016890001,0.02062,0.861169994
924.2299805,0.957969964,0.056799997,0.00961,0.016390001,0.02043,0.835780025
924.5300293,0.952860057,0.047959998,0.00932,0.01608,0.020099999,0.805010021
924.8300171,0.946740031,0.040920001,0.00958,0.01627,0.019960001,0.768450022
925.1300049,0.937539995,0.03492,0.00932,0.016449999,0.02029,0.726830006
925.4400024,0.924710035,0.029560002,0.00915,0.01663,0.020350002,0.679919958
925.7399902,0.909430027,0.025320001,0.00852,0.016239999,0.020280002,0.630100012
926.039978,0.88932997,0.02159,0.0082,0.01651,0.02049,0.578620017
926.3400269,0.862179995,0.01867,0.00746,0.015969999,0.02,0.525439978
926.6400146,0.828629971,0.016349999,0.00737,0.0164,0.020130001,0.472640008
926.9500122,0.789189994,0.01403,0.0069,0.01571,0.019929999,0.422019988
927.25,0.743290007,0.01289,0.00717,0.01592,0.020079998,0.374199986
927.5499878,0.692889988,0.0118,0.00708,0.01564,0.019809999,0.330430001
927.8499756,0.637059987,0.01069,0.00679,0.01518,0.01969,0.288390011
928.1500244,0.579599977,0.00994,0.0066,0.015240001,0.019230001,0.249449998
928.460022,0.523620009,0.00959,0.00721,0.01555,0.0195,0.215839997
928.7600098,0.468849987,0.0091,0.00731,0.015140001,0.019309999,0.185210004
929.0599976,0.416669995,0.00852,0.00722,0.01529,0.019330001,0.158179998
929.3599854,0.367920011,0.00821,0.00709,0.01541,0.01915,0.13432999
929.6599731,0.323549986,0.007710001,0.00693,0.01555,0.019060001,0.113620006
929.960022,0.283250004,0.00704,0.00724,0.01565,0.01891,0.095729999
930.2600098,0.24665001,0.00716,0.00778,0.015729999,0.01926,0.080909997
930.5700073,0.21315001,0.00645,0.00773,0.016000001,0.01922,0.06752
930.8699951,0.182080001,0.0062,0.00747,0.015869999,0.019230001,0.056009997
931.1699829,0.154200003,0.00593,0.00728,0.01551,0.01856,0.046269998
931.4699707,0.130600005,0.00488,0.00694,0.0154,0.019309999,0.038419999
931.7700195,0.109739996,0.00486,0.00686,0.01534,0.019379999,0.031440001
932.0700073,0.091930002,0.00465,0.00654,0.01548,0.01926,0.026210001
932.3699951,0.076269999,0.00408,0.00649,0.014789999,0.01904,0.02201
932.6699829,0.062660001,0.0042,0.00599,0.014359999,0.01877,0.01847
932.9699707,0.05266,0.00439,0.00671,0.01438,0.019090001,0.016559999
933.2700195,0.043899998,0.00421,0.00648,0.01419,0.019789999,0.01441
933.5800171,0.035969999,0.00433,0.00627,0.01387,0.019029999,0.01271
933.8800049,0.029830001,0.0044,0.00609,0.014,0.01877,0.01144
934.1799927,0.02478,0.00445,0.00621,0.01402,0.018440001,0.01031
934.4799805,0.02049,0.00434,0.00588,0.01444,0.018200001,0.00905
934.7800293,0.017680001,0.00389,0.00615,0.01423,0.018209999,0.0082
935.0800171,0.01507,0.00337,0.00563,0.01441,0.01791,0.00747
935.3800049,0.01316,0.00352,0.00578,0.0149,0.017790001,0.00728
935.6799927,0.012159999,0.00387,0.0063,0.01503,0.018060001,0.00682
935.9799805,0.01129,0.00385,0.00648,0.01513,0.018689999,0.00674
936.2800293,0.01045,0.00405,0.00669,0.01477,0.018990001,0.00636
936.5800171,0.00983,0.00367,0.00664,0.01398,0.01919,0.00596
936.8800049,0.008640001,0.00395,0.00686,0.014,0.01936,0.00594
937.1799927,0.00755,0.00408,0.00678,0.01349,0.02004,0.00553
937.4799805,0.00719,0.00366,0.00633,0.01317,0.02,0.00437
937.7800293,0.00631,0.00317,0.00614,0.01282,0.01956,0.00381
938.0800171,0.00602,0.0035,0.00682,0.01337,0.01959,0.00334
938.3800049,0.00608,0.00364,0.00775,0.01416,0.01997,0.00367
938.6799927,0.00619,0.00443,0.00818,0.01492,0.020230001,0.00437
938.9799805,0.00648,0.0042,0.00832,0.01526,0.02049,0.00455
939.2800293,0.00694,0.00397,0.00807,0.01545,0.019470001,0.0044
939.5800171,0.0068,0.00471,0.00856,0.0156,0.019540001,0.0051
939.8800049,0.00642,0.00472,0.00861,0.015800001,0.019550001,0.00502
940.1799927,0.00591,0.00384,0.007710001,0.01503,0.019450001,0.00492
940.4799805,0.00479,0.0026,0.00666,0.01435,0.018660001,0.0044
940.7800293,0.00437,0.00242,0.00623,0.014500001,0.018139999,0.00367
941.0800171,0.00424,0.00252,0.00625,0.014500001,0.01794,0.00353
941.3800049,0.00317,0.00187,0.00607,0.014049999,0.01833,0.00291
941.6799927,0.00353,0.00157,0.00676,0.01461,0.01877,0.0041
941.9799805,0.00341,0.0009,0.0063,0.013940001,0.01816,0.00397
942.2700195,0.00274,0.00014,0.00576,0.01308,0.017029999,0.00324
942.5700073,0.00267,0.0008,0.00605,0.01338,0.01736,0.00263
942.8699951,0.00232,0.00053,0.00642,0.01319,0.01757,0.00251
943.1699829,0.00255,0.00123,0.00671,0.014140001,0.018380001,0.00313
943.4699707,0.00274,0.00123,0.00701,0.01446,0.01747,0.00333
943.7700195,0.00208,0.00165,0.0065,0.013990001,0.01698,0.00215
944.0700073,0.0021,0.00187,0.00662,0.01431,0.01699,0.00187
944.3699951,0.00308,0.00318,0.00761,0.015140001,0.017790001,0.0028
944.6699829,0.00374,0.00316,0.00732,0.01469,0.017410001,0.0036
944.9699707,0.00372,0.00326,0.00694,0.015319999,0.01764,0.00388
945.2600098,0.00258,0.00203,0.00606,0.01337,0.015659999,0.00252
945.5599976,0.00265,0.00298,0.00604,0.014040001,0.016419999,0.00241
945.8599854,0.00261,0.002,0.00555,0.01363,0.015939999,0.00168
946.1599731,0.00274,0.00271,0.00589,0.01396,0.01647,0.0023
946.460022,0.00207,0.00216,0.00569,0.014119999,0.01702,0.00209
946.7600098,0.0011,0.00191,0.00521,0.013040001,0.01646,0.00138
947.0499878,0.00131,0.00228,0.00541,0.0126,0.016180001,0.00196
947.3499756,0.0018,0.0025,0.00539,0.01327,0.01716,0.0027
947.6500244,0.00159,0.00178,0.00521,0.012250001,0.0164,0.0025
947.9500122,0.00196,0.00188,0.00477,0.01239,0.01605,0.00319
948.25,0.00121,0.00085,0.00361,0.01243,0.015319999,0.00248
948.5499878,0.00075,0.0004,0.00319,0.01254,0.01432,0.00213
948.8400269,0.00181,0.00062,0.0032,0.01391,0.015319999,0.00218
949.1400146,0.0023,0.00032,0.00342,0.01333,0.016180001,0.00113
949.4400024,0.00227,0.00023,0.00335,0.01351,0.016480001,6.00E-05
949.7399902,0.00255,0.00068,0.0039,0.01427,0.01743,0.00059
950.039978,0.00264,0.00122,0.00498,0.014930001,0.018760001,0.00051
950.3300171,0.00281,0.00175,0.00574,0.014780001,0.018550001,0.00045
950.6300049,0.00327,0.00203,0.00583,0.01437,0.01901,0.00064
950.9299927,0.00218,0.00116,0.00613,0.014579999,0.018680001,0.00051
951.2299805,0.00135,0.00026,0.0049,0.015269999,0.01732,0.00015
951.5200195,0.00091,-5.00E-05,0.00474,0.014500001,0.01716,0.00065
951.8200073,0.001,-0.0002,0.00455,0.01432,0.017339999,0.00098
952.1199951,0.00033,-0.00049,0.00383,0.013259999,0.01637,0.00073
952.4199829,0.00081,-9.00E-05,0.00401,0.012999999,0.01788,0.00135
952.710022,0.00091,1.00E-04,0.00503,0.01362,0.017729999,0.00143
953.0100098,0.0007,0.00047,0.00471,0.01316,0.01675,0.00154
953.3099976,0.00084,0.00138,0.0061,0.01303,0.01729,0.00244
953.6099854,0.00131,0.00207,0.00668,0.01416,0.01708,0.00285
953.9000244,0.00181,0.00301,0.00732,0.014780001,0.01749,0.0029
954.2000122,0.00137,0.00246,0.00714,0.01513,0.01791,0.00294
954.5,0.00119,0.00234,0.00745,0.0146,0.017209999,0.00274
954.789978,0.00107,0.00286,0.00634,0.01387,0.016929999,0.00253
955.0900269,0.0011,0.0031,0.00643,0.01431,0.017790001,0.0028
955.3900146,0.00161,0.0036,0.00598,0.014989999,0.01764,0.00323
955.6799927,0.00186,0.00381,0.00614,0.015420001,0.018550001,0.00333
955.9799805,0.00208,0.00322,0.00637,0.01541,0.018239999,0.00349
956.2800293,0.00205,0.00315,0.00634,0.01606,0.017549999,0.00288
956.5700073,0.00252,0.00284,0.00629,0.017309999,0.017690001,0.00402
956.8699951,0.00251,0.00195,0.00622,0.01723,0.01732,0.00374
957.1699829,0.00259,0.00191,0.00697,0.017750001,0.01699,0.00435
957.460022,0.00213,0.00115,0.00711,0.01708,0.01695,0.00398
957.7600098,0.00096,0.00061,0.00645,0.01551,0.016009999,0.00335
958.0599976,-0.00064,0.00022,0.00495,0.014400001,0.015149999,0.00199
958.3499756,0.0012,0.00246,0.00696,0.01466,0.0165,0.00423
958.6500244,0.00203,0.00375,0.00728,0.014199999,0.016900001,0.00305
958.9500122,0.00117,0.00344,0.00733,0.01403,0.01692,0.00265
959.2399902,0.00153,0.00446,0.007,0.01348,0.01842,0.00227
959.539978,0.00055,0.00425,0.00635,0.01456,0.01881,0.00169
959.8300171,0.00057,0.0038,0.00627,0.015310001,0.0185,0.00188
960.1300049,0.00108,0.00275,0.00641,0.0155,0.01832,0.00228
960.4299927,0.00096,0.00137,0.00551,0.01553,0.017719999,0.00106
960.7199707,0.00071,0.00053,0.00491,0.01598,0.018279999,0.00296
961.0200195,0.0009,0.00042,0.00449,0.01585,0.0189,0.00332
961.3099976,0.00157,-0.00021,0.00498,0.01526,0.01747,0.00373
961.6099854,0.00383,0.00096,0.00581,0.0146,0.01777,0.0048
961.9000244,0.00474,0.00251,0.0074,0.01466,0.01881,0.00501
962.2000122,0.00566,0.00401,0.007900001,0.01517,0.01959,0.00488
962.5,0.00485,0.00383,0.00719,0.01419,0.019880001,0.00452
962.789978,0.00389,0.00348,0.00659,0.01353,0.017619999,0.00279
963.0900269,0.0041,0.00385,0.00689,0.01447,0.017349999,0.00246
963.3800049,0.00389,0.00372,0.00682,0.01571,0.019099999,0.00251
963.6799927,0.00229,0.00299,0.00656,0.014939999,0.017510001,0.00163
963.9699707,0.00223,0.00167,0.00633,0.015149999,0.01808,0.00183
964.2700195,0.00165,0.00062,0.00543,0.01441,0.016759999,0.00151
964.5599976,0.00136,0.00063,0.00473,0.01419,0.015360001,0.00041
964.8599854,0.00038,0.00067,0.00417,0.0146,0.016170001,0.00082
965.1500244,0.00076,0.0008,0.00463,0.014049999,0.01682,0.00034
965.4500122,1.00E-05,0.00071,0.0045,0.013730001,0.01568,0.00041
965.7399902,0.00062,0.00063,0.00405,0.014780001,0.017209999,0.0007
966.039978,0.00048,0.00072,0.0028,0.01485,0.015629999,0.0006
966.3300171,0.00068,0.00248,0.00374,0.016449999,0.016349999,0.00188
966.6300049,0.00013,0.00098,0.00391,0.015520001,0.017029999,0.002
966.9199829,0.00024,0.00049,0.00346,0.014630001,0.017200001,0.00131
967.2199707,-0.00016,0.00132,0.00333,0.015659999,0.016580001,0.00316
967.5100098,-0.00066,-2.00E-05,0.00135,0.014400001,0.01591,0.00123
967.8099976,-0.00143,-0.00028,0.00192,0.01293,0.01545,0.00062
968.0999756,-0.00066,0.00017,0.00335,0.01306,0.01523,-0.00012
968.4000244,-0.00065,-0.00019,0.00377,0.01195,0.01605,-0.00046
968.6900024,-0.00105,0,0.00319,0.01338,0.01502,-0.00103
968.9799805,0.00073,0.00099,0.00516,0.013730001,0.015219999,0.00035
969.2800293,0.00181,0.00062,0.00552,0.01283,0.01472,-0.00065
969.5700073,0.00265,0.00194,0.00792,0.013890001,0.01589,0.00046
969.8699951,0.00281,0.00275,0.0075,0.01421,0.01605,0.00054
970.1599731,0.00337,0.00315,0.00632,0.014529999,0.01622,0.00238
970.460022,0.0025,0.00159,0.00618,0.01449,0.01651,0.00208
970.75,0.00345,0.00414,0.00811,0.01466,0.01801,0.00294
971.039978,0.00203,0.00393,0.00703,0.01441,0.018960001,0.00054
971.3400269,0.00083,0.00422,0.00558,0.014,0.018070001,0.0008
971.6300049,0.00067,0.00399,0.00325,0.01362,0.01622,0.0003
971.9299927,0.00124,0.00293,0.00246,0.01359,0.016339999,0.00037
972.2199707,-0.00016,0.00229,0.00239,0.01286,0.014579999,-0.00195
972.5100098,0.00086,0.00339,0.00271,0.013689999,0.01363,-0.00086
972.8099976,0.00098,0.00261,0.00199,0.01396,0.01279,0.00039
973.0999756,0.00033,0.00146,0.00249,0.014090001,0.01089,0.00042
973.3900146,6.00E-05,1.00E-05,0.00385,0.01461,0.01154,-0.00069
973.6900024,0.00086,0.00126,0.00468,0.014939999,0.012940001,-0.00038
973.9799805,-0.00029,9.00E-05,0.00418,0.015319999,0.01209,-0.00043
974.2700195,0.00011,0.00028,0.00395,0.01454,0.01469,0.0004
974.5700073,-0.00091,-0.0003,0.00419,0.01301,0.01472,-0.00143
974.8599854,-0.00045,-0.00077,0.00506,0.01176,0.01564,-0.0011
975.1500244,0.00028,0.00027,0.00582,0.012259999,0.016759999,0.00021
975.4500122,0.00013,0.00182,0.00551,0.01105,0.017339999,0
975.7399902,-0.00117,0.00041,0.00553,0.010679999,0.016380001,0.00017
976.0300293,-7.00E-05,0.00211,0.00634,0.01118,0.016929999,0.00095
976.3300171,-0.00117,0.00105,0.00651,0.010779999,0.0152,0.00093
976.6199951,-0.00165,0.00146,0.00412,0.01244,0.015319999,0.00126
976.9099731,-0.00291,0.00147,0.00279,0.01306,0.014520001,0.00044
977.210022,-0.00384,0.00175,0.0014,0.012610001,0.01401,-0.00118
977.5,-0.00304,0.00107,0.00273,0.01474,0.01476,0.00025
977.789978,-0.0022,-3.00E-05,0.00228,0.0138,0.01439,0.00037
978.0800171,-0.00183,3.00E-05,0.00368,0.01376,0.015099999,0.0008
978.3800049,-0.00145,0.00086,0.0035,0.01396,0.01732,0.00034
978.6699829,-0.00204,-0.00072,0.00283,0.01277,0.01701,-0.00048
978.960022,-0.00228,-0.00177,0.0025,0.0147,0.01811,-0.00179
979.25,-0.00277,-0.00505,0.00112,0.014119999,0.01653,-0.00284
979.5499878,-0.00375,-0.00663,-0.00025,0.012180001,0.01551,-0.00373
979.8400269,-0.00395,-0.00566,-0.0002,0.01351,0.01523,-0.00312
980.1300049,-0.00404,-0.00488,-0.00049,0.0139,0.01509,-0.00429
980.4199829,-0.00439,-0.00479,0.00089,0.01466,0.013689999,-0.00378
980.710022,-0.00334,-0.00293,0.00283,0.01462,0.01323,-0.00207
981.0100098,-0.00293,-0.00128,0.00301,0.01092,0.012359999,-0.00188
981.2999878,-0.00205,0.00162,0.00433,0.01087,0.01296,-5.00E-05
981.5900269,-0.0012,0.00246,0.00384,0.012940001,0.01253,0.00098
981.8800049,-0.00015,0.00262,0.00475,0.013049999,0.01508,0.00037
982.1799927,-0.00085,0.00173,0.00217,0.010679999,0.014939999,0.0008
982.4699707,-0.00233,0.00044,0.0004,0.010779999,0.01492,-0.00083
982.7600098,-0.00169,0.00196,0.00219,0.01085,0.01549,-0.00157
983.0499878,-0.00223,0.00034,0.00283,0.0128,0.01533,-0.00024
983.3400269,-0.00218,-0.00118,0.00307,0.01411,0.01575,0.00135
983.6300049,-0.00274,-0.00038,0.00501,0.011770001,0.016759999,0.0011
983.9299927,-0.00209,-0.00017,0.00689,0.01197,0.01663,0.00222
984.2199707,-0.00184,-0.0006,0.00852,0.01329,0.01746,0.0029
984.5100098,0.00189,-0.00015,0.00948,0.01555,0.017790001,0.0042
984.7999878,0.00167,-0.00258,0.00646,0.016580001,0.018099999,0.00354
985.0900269,0.00271,-0.00236,0.00691,0.0153,0.017180001,0.00396
985.3800049,0.00351,-0.00256,0.00628,0.014570001,0.018339999,0.00312
985.6699829,0.00441,-0.00389,0.00517,0.014839999,0.0175,0.00317
985.960022,0.00361,-0.00329,0.0033,0.01543,0.018619999,0.00153
986.2600098,0.00493,-0.002,0.0043,0.01467,0.01733,0.00086
986.5499878,0.00053,-0.00428,0.00265,0.010989999,0.01546,-0.0002
986.8400269,8.00E-05,-0.00359,0.00385,0.010729999,0.015039999,0.00183
987.1300049,0.00102,-0.00315,0.00471,0.011729999,0.01808,0.00303
987.4199829,0.00125,-0.00158,0.00508,0.01274,0.017100001,0.00159
987.710022,0.00028,-0.00227,0.00178,0.011089999,0.01535,0.00045
988,0.00031,-0.00193,0.00117,0.0089,0.01232,0.00034
988.289978,0.00143,-0.00076,0.0007,0.00889,0.01462,0.00122
988.5800171,0.00514,0.00517,0.00257,0.012259999,0.016970001,0.00355
988.8699951,0.00588,0.00562,0.00343,0.01309,0.017180001,0.00422
989.1599731,0.00507,0.00562,0.00244,0.01293,0.01513,0.00335
989.460022,0.00587,0.00605,0.00275,0.011670001,0.01571,0.00558
989.75,0.00798,0.00987,0.00658,0.01608,0.019199999,0.00806
990.039978,0.0068,0.010199999,0.00808,0.020330001,0.02069,0.0088
990.3300171,0.00484,0.00874,0.00905,0.022430001,0.01777,0.00957
990.6199951,0.00401,0.00434,0.00834,0.02005,0.01608,0.007900001
990.9099731,0.00507,0.00544,0.00749,0.019479999,0.017000001,0.00627
991.2000122,0.00497,0.00697,0.00794,0.020769998,0.015829999,0.00509
991.4899902,0.00326,0.00619,0.00512,0.01857,0.014149999,0.00323
991.7800293,0.00085,0.00386,0.0032,0.01449,0.01138,-0.00095
992.0700073,-0.00056,0.00151,0.00099,0.00727,0.0091,-0.00207
992.3599854,-0.00224,-0.0022,-0.0021,0.00428,0.00732,-0.00627
992.6500244,-0.00197,-1.00E-04,-0.001,0.00509,0.010089999,-0.0028
992.9400024,-0.00483,-0.00493,-0.00265,0.00067,0.00738,-0.00524
993.2299805,-0.00529,-0.00733,-0.00416,-0.0015,0.008640001,-0.00766
993.5200195,-0.00027,-0.00511,0.00362,0.00499,0.01154,-0.00265
993.8099976,-0.00081,-0.00704,0.00289,0.00459,0.01181,-0.00088
994.0999756,-0.00048,-0.00573,0.00362,0.00838,0.01469,-9.00E-05
994.3900146,0.00122,-0.00391,0.00443,0.00791,0.015859999,0.00018
994.6799927,-0.00011,-0.00381,0.00158,0.00698,0.014880001,-0.00194
994.960022,0.00184,-0.00075,0.00333,0.01129,0.01481,0.00012
995.25,0.00032,-0.00016,0.00263,0.01176,0.01454,0.00331
995.539978,-0.00321,-0.00195,-0.00215,0.00825,0.01308,-0.00154
995.8300171,-0.00161,-0.00047,-0.00197,0.01082,0.01338,0.00026
996.1199951,-0.00139,-0.00146,-0.00079,0.01061,0.01219,0.00229
996.4099731,-0.0005,-0.00165,0.00215,0.0137,0.01387,0.00587
996.7000122,0.00047,-0.00382,0.0026,0.010729999,0.011390001,0.0053
996.9899902,-0.00219,-0.00614,0.00277,0.01076,0.012619999,0.00597
997.2800293,-0.00164,-0.0062,0.00371,0.01253,0.013099999,0.00647
997.5700073,-0.00324,-0.00608,0.00335,0.012669999,0.01253,0.00987
997.8599854,-0.00445,-0.00588,0.00336,0.0094,0.01129,0.00901
998.1500244,-0.00325,-0.00234,0.00396,0.00839,0.009190001,0.00856
998.4299927,-0.00559,-0.00088,-0.00045,0.00581,0.00593,0.00846
998.7199707,-0.00693,-0.00107,0.00017,0.0061,0.00695,0.00894
999.0100098,-0.00689,-0.00088,-0.00075,0.00636,0.00666,0.0064
999.2999878,-0.00529,-0.00074,0.00088,0.00474,0.00467,0.0049
999.5900269,-0.00327,-0.00065,0.00156,0.00546,0.00372,0.00463
999.8800049,-0.00331,0.00183,0.00208,0.00685,0.00507,0.00596
1000.169983,-0.00262,0.00237,0.00222,0.00906,0.00908,0.0069
1000.450012,-0.00213,-0.0004,0.00638,0.01079,0.01217,0.004
1000.73999,0.00173,0.00386,0.009670001,0.01424,0.01176,0.0052
1001.030029,0.00406,0.00639,0.010650001,0.01279,0.01317,0.00839
1001.320007,0.00319,0.00387,0.0071,0.01235,0.01408,0.008859999
1001.609985,0.00314,0.00372,0.00799,0.010039999,0.01418,0.00573
1001.900024,0.00537,0.00395,0.00824,0.013990001,0.01554,0.00454
1002.179993,0.00656,0.00189,0.00795,0.01424,0.01433,0.00465
1002.469971,0.00655,0.00712,0.00627,0.01585,0.01363,0.00688
1002.76001,0.005,0.00454,0.00521,0.01846,0.015520001,0.00671
1003.049988,0.00714,0.00717,0.0063,0.018650001,0.01694,0.00823
1003.340027,0.01011,0.01153,0.00934,0.01928,0.01565,0.00718
1003.619995,0.00973,0.01413,0.00892,0.0188,0.016690001,0.00657
1003.909973,0.00842,0.011619999,0.00671,0.013689999,0.01406,0.00388
1004.200012,0.00738,0.01291,0.00681,0.01427,0.014040001,0.00277
1004.48999,0.00702,0.00992,0.00659,0.01016,0.01107,0.00113
1004.77002,0.00684,0.01125,0.00627,0.008,0.01266,0.00022
1005.059998,0.0046,0.01102,0.0056,0.00952,0.01318,-0.00091
1005.349976,0.00613,0.01203,0.00619,0.01023,0.01311,0.0022
1005.640015,0.010089999,0.01202,0.00754,0.01441,0.0156,0.00829
1005.919983,0.01273,0.014989999,0.00974,0.01575,0.017180001,0.01291
1006.210022,0.01119,0.01538,0.00373,0.01119,0.013830001,0.01293
1006.5,0.015240001,0.01534,0.0021,0.01283,0.015869999,0.016860001
1006.789978,0.015620001,0.017719999,0.00108,0.01272,0.01223,0.01699
1007.070007,0.01729,0.01605,-0.00149,0.010650001,0.00934,0.01836
1007.359985,0.016649999,0.01455,-0.00498,0.011360001,0.00865,0.01589
1007.650024,0.01175,0.0105,-0.00826,0.00533,0.00647,0.012460001
1007.929993,0.01033,0.01153,-0.0084,0.00606,0.00412,0.011879999
1008.219971,0.00991,0.00983,-0.00603,0.00469,0.00322,0.010340001
1008.51001,0.00799,0.01005,-0.00401,0.00077,-0.00089,0.00477
1008.799988,0.00865,0.00761,-0.00418,0.0008,-0.00152,0.00513
1009.080017,0.011670001,0.01258,-0.00039,0.00356,0.00035,0.00575
1009.369995,0.00767,0.00875,-0.00262,-0.00089,-0.00241,0.00409
1009.659973,0.0118,0.01365,0.00082,0.00245,-0.00194,0.00735
1009.940002,0.01528,0.01481,0.00453,0.00226,0.00266,0.01013
1010.22998,0.018719999,0.015570001,0.00743,0.00506,0.00141,0.01196
1010.52002,0.021240002,0.018540001,0.00647,0.0092,0.00335,0.017109999
1010.799988,0.022230001,0.01905,0.00414,0.00733,0.0014,0.018890001
1011.090027,0.023710001,0.017790001,0.00469,0.00263,0.00037,0.020850001
1011.369995,0.026530001,0.02421,0.007929999,0.00607,0.00276,0.023599999
1011.659973,0.021429999,0.02386,0.007929999,0.00841,0.00316,0.021930002
1011.950012,0.01808,0.017790001,0.00727,0.00649,-0.00317,0.01904
1012.22998,0.019239999,0.019859999,0.011519999,0.00745,-0.00054,0.021509999
1012.52002,0.019819999,0.01517,0.01163,0.00556,0.00026,0.01959
1012.799988,0.02854,0.019299999,0.020179998,0.00638,0.008309999,0.026210001
1013.090027,0.026419999,0.02024,0.01929,0.00688,0.00828,0.025629999
1013.380005,0.026839999,0.019450001,0.01613,0.00327,0.01138,0.02727
1013.659973,0.03145,0.021140002,0.011030001,0.00119,0.00689,0.029340001
1013.950012,0.03311,0.0287,0.01195,0.00099,0.01091,0.032049999
1014.22998,0.031509999,0.027780002,0.00901,-0.00012,0.012510001,0.033299997
1014.52002,0.0337,0.036630001,0.01474,0.00564,0.01387,0.044580001
1014.809998,0.028310001,0.032899998,0.00893,0.00613,0.00523,0.035560001
1015.090027,0.02843,0.029760001,0.00631,0.00708,0.00393,0.033800002
1015.380005,0.035569999,0.03396,0.014989999,0.015829999,0.00993,0.038259998
1015.659973,0.044199999,0.039140001,0.02214,0.020369999,0.01699,0.04335
1015.950012,0.047909997,0.035720002,0.02131,0.02493,0.01874,0.04724
1016.22998,0.052259997,0.03723,0.02014,0.026870001,0.014880001,0.04583
1016.52002,0.051899999,0.034949999,0.0176,0.020350002,0.011569999,0.03861
1016.799988,0.052989997,0.034699999,0.02141,0.020399999,0.01541,0.042550001
1017.090027,0.04882,0.03263,0.02201,0.016210001,0.01496,0.040409997
1017.369995,0.046459999,0.028929999,0.022609999,0.00713,0.00881,0.039130002
1017.659973,0.040339999,0.024330001,0.019809999,0.0015,0.00612,0.036899999
1017.940002,0.036459997,0.026589999,0.02108,0.00046,0.00135,0.034809999
1018.22998,0.033050001,0.021640001,0.01818,-0.00282,-0.00075,0.034979999
1018.51001,0.037239999,0.026040001,0.022119999,0.00223,0.007900001,0.036520001
1018.799988,0.03737,0.03139,0.021989999,0.00581,0.00773,0.037019998
1019.080017,0.0482,0.033519998,0.028670002,0.00828,0.00022,0.043680001
1019.369995,0.050009999,0.0372,0.025929999,0.014529999,-0.00036,0.041450001
1019.650024,0.05133,0.035459999,0.0295,0.01023,-0.0063,0.037149999
1019.940002,0.054850001,0.035089999,0.023,0.00587,-0.00799,0.038029999
1020.219971,0.057229999,0.045329999,0.026700001,0.00833,-0.00271,0.03954
1020.51001,0.048950002,0.040489998,0.021670001,0.00295,-0.00987,0.0394
1020.789978,0.044210002,0.03647,0.014880001,-0.00953,-0.008640001,0.037149999
1021.080017,0.03695,0.038479999,0.0117,-0.00907,-0.00196,0.03782
1021.359985,0.035020001,0.041199997,0.018070001,-0.00957,0.0038,0.046830002
1021.640015,0.035879999,0.044970002,0.01555,-0.0026,0.010039999,0.052299999
1021.929993,0.042830002,0.050640002,0.027929999,0.00857,0.017130001,0.059670001
1022.210022,0.050659999,0.051479999,0.035980001,0.01612,0.01908,0.068769999
1022.5,0.060700003,0.059039999,0.043620002,0.02602,0.02258,0.076169997
1022.780029,0.089720003,0.077199996,0.069239996,0.059220001,0.022539999,0.100909993
1023.070007,0.089720003,0.077199996,0.069239996,0.059220001,0.022539999,0.100909993
1023.349976,0.089720003,0.077199996,0.069239996,0.059220001,0.022539999,0.100909993