AUPE,0,0,0,0,0,0
WAC,0,0,0,0,0,0
G11,0,0,0,0,0,0
950,0,0,0,0,0,0
50,0,0,0,0,0,0
nm,0,0,0,0,0,0
Angular Dependence,0,0,0,0,0,0
Wavelengths,0,8,16,24,32,40
360.1499939,-0.050859999,-0.05686,-0.058680002,-0.075089999,-0.069569997,-0.062820002
360.519989,-0.070409998,-0.059,-0.061869998,-0.082159996,-0.078160003,-0.064199999
360.8999939,-0.065880001,-0.064999998,-0.063919999,-0.091420002,-0.093269996,-0.063529998
361.269989,-0.050809998,-0.052049998,-0.058179997,-0.084069997,-0.088420004,-0.048950002
361.6499939,-0.062199999,-0.056260001,-0.062760003,-0.087130003,-0.086789995,-0.053690001
362.019989,-0.055229999,-0.042059999,-0.052919999,-0.07446,-0.078129999,-0.049289998
362.3999939,-0.05263,-0.048379999,-0.045100003,-0.07959,-0.065870002,-0.050340001
362.769989,-0.054770004,-0.060479999,-0.050279997,-0.06323,-0.061969999,-0.05404
363.1499939,-0.03802,-0.042470001,-0.043430001,-0.04583,-0.037920002,-0.048130002
363.519989,-0.04631,-0.041279998,-0.036770001,-0.039549999,-0.034869999,-0.051100001
363.8999939,-0.046700001,-0.038010001,-0.02705,-0.030199999,-0.03576,-0.043749999
364.269989,-0.031429999,-0.031020001,-0.024590001,-0.020179998,-0.033629999,-0.036340002
364.6400146,-0.020260001,-0.03272,-0.02249,-0.01387,-0.024939999,-0.02562
365.019989,-0.016860001,-0.02317,-0.022669999,-0.010770001,-0.025020001,-0.01725
365.3900146,-0.009430001,-0.00979,-0.01819,-0.015520001,-0.021860002,-0.016319999
365.769989,-0.01553,-0.014570001,-0.01095,-0.01835,-0.0307,-0.017339999
366.1400146,-0.01426,-0.014889999,-0.01492,-0.025869999,-0.033829998,-0.01919
366.519989,-0.01265,-0.018509999,-0.020769998,-0.026040001,-0.02691,-0.01546
366.8900146,-0.023,-0.02177,-0.026489999,-0.032219999,-0.026550001,-0.02076
367.2600098,-0.032129999,-0.023359999,-0.03173,-0.039530002,-0.035429999,-0.034279998
367.6400146,-0.036049999,-0.015700001,-0.039110001,-0.033720002,-0.03396,-0.03757
368.0100098,-0.042290002,-0.02495,-0.048360001,-0.038419999,-0.038120002,-0.03963
368.3900146,-0.043740001,-0.037349999,-0.051720001,-0.03858,-0.034979999,-0.039110001
368.7600098,-0.03748,-0.036189999,-0.040430002,-0.02695,-0.020850001,-0.03458
369.1300049,-0.03424,-0.042800002,-0.03607,-0.026129998,-0.02661,-0.03545
369.5100098,-0.02256,-0.03469,-0.022149999,-0.016210001,-0.02478,-0.01977
369.8800049,-0.01368,-0.032740001,-0.019809999,-0.01154,-0.01737,-0.008669999
370.25,-0.00875,-0.040409997,-0.01546,-0.016100001,-0.0217,-0.01026
370.6300049,-0.0112,-0.040370002,-0.013259999,-0.022369999,-0.02949,-0.01501
371,-0.00772,-0.034619998,-0.014839999,-0.015900001,-0.02747,-0.01278
371.3800049,-0.01482,-0.04425,-0.02564,-0.025459999,-0.036809999,-0.021340001
371.75,-0.01657,-0.03098,-0.02733,-0.027039999,-0.031339999,-0.02227
372.1199951,-0.02252,-0.034849998,-0.026550001,-0.032279998,-0.03379,-0.031950001
372.5,-0.031649999,-0.031719998,-0.031429999,-0.03816,-0.036849998,-0.035569999
372.8699951,-0.038520001,-0.03435,-0.037049998,-0.045110002,-0.040799998,-0.041700002
373.2399902,-0.033319999,-0.033410002,-0.036120001,-0.041220002,-0.036730003,-0.037629999
373.6199951,-0.029509999,-0.02575,-0.030199999,-0.039719999,-0.035350002,-0.031410001
373.9899902,-0.02606,-0.014520001,-0.02335,-0.029130001,-0.03098,-0.0255
374.3599854,-0.027660001,-0.02389,-0.02908,-0.031300001,-0.036490001,-0.020650001
374.7399902,-0.03032,-0.024489999,-0.037689999,-0.042020001,-0.039100002,-0.028280001
375.1099854,-0.02832,-0.024809999,-0.036049999,-0.035569999,-0.037870001,-0.02774
375.480011,-0.01671,-0.01863,-0.025899999,-0.0211,-0.030160001,-0.02029
375.8599854,-0.01426,-0.014570001,-0.01675,-0.012,-0.02084,-0.012999999
376.230011,-0.01042,-0.01307,-0.021710001,-0.01153,-0.0197,-0.01942
376.6000061,-0.00637,-0.014049999,-0.021910001,-0.00956,-0.012150001,-0.014939999
376.980011,-0.00751,-0.01376,-0.024419999,-0.00579,-0.0088,-0.021659998
377.3500061,-0.01224,-0.02036,-0.024489999,-0.00272,-0.0058,-0.019509999
377.7200012,-0.01087,-0.01983,-0.02022,-0.00076,-0.00573,-0.012999999
378.1000061,-0.01026,-0.01702,-0.02007,-0.00277,-0.0052,-0.01069
378.4700012,-0.01287,-0.01888,-0.024149999,-0.00342,-0.00518,-0.01239
378.8399963,-0.01908,-0.020079998,-0.024089999,-0.00971,-0.0074,-0.012460001
379.2200012,-0.02165,-0.02076,-0.026300002,-0.01382,-0.01426,-0.0156
379.5899963,-0.017760001,-0.01319,-0.01516,-0.01365,-0.01382,-0.0106
379.9599915,-0.00934,-0.00674,-0.01517,-0.00889,-0.01291,-0.00753
380.3299866,-0.011390001,-0.00796,-0.019199999,-0.01397,-0.01678,-0.01767
380.7099915,-0.017410001,-0.010980001,-0.02005,-0.01709,-0.0166,-0.01994
381.0799866,-0.01465,-0.00976,-0.018919999,-0.021500001,-0.01939,-0.021579999
381.4500122,-0.01191,-0.0105,-0.01509,-0.021849999,-0.01726,-0.020439999
381.8299866,-0.0071,-0.01053,-0.011569999,-0.020160001,-0.01538,-0.017519999
382.2000122,-0.00754,-0.01134,-0.012460001,-0.01915,-0.01467,-0.018139999
382.5700073,-0.01046,-0.01307,-0.01266,-0.021609999,-0.01692,-0.016009999
382.9400024,-0.00657,-0.01283,-0.0137,-0.020230001,-0.01432,-0.01096
383.3200073,-0.00523,-0.01391,-0.01543,-0.021289999,-0.0178,-0.01237
383.6900024,-0.00527,-0.01,-0.01268,-0.0167,-0.015420001,-0.00913
384.0599976,-0.01076,-0.00984,-0.01429,-0.012250001,-0.01591,-0.00628
384.4299927,-0.01363,-0.00823,-0.0164,-0.0124,-0.01685,-0.00769
384.8099976,-0.011820001,-0.01184,-0.016349999,-0.01529,-0.017270001,-0.00762
385.1799927,-0.008669999,-0.01269,-0.013350001,-0.0128,-0.015140001,-0.00863
385.5499878,-0.010319999,-0.013890001,-0.01013,-0.00955,-0.015470001,-0.008859999
385.9200134,-0.00752,-0.01205,-0.0071,-0.00738,-0.011469999,-0.00719
386.2999878,-0.00705,-0.01174,-0.007879999,-0.00787,-0.01283,-0.00534
386.6700134,-0.0017,-0.0129,-0.00605,-0.00989,-0.0125,-0.00556
387.0400085,-0.0049,-0.01541,-0.00466,-0.0116,-0.01249,-0.0058
387.4100037,-0.0053,-0.015039999,-0.00713,-0.01112,-0.01052,-0.00657
387.7799988,-0.00527,-0.01116,-0.00499,-0.01028,-0.00914,-0.00583
388.1600037,-0.00479,-0.008090001,-0.00317,-0.01271,-0.00871,-0.00604
388.5299988,-0.00607,-0.00937,-0.00537,-0.01277,-0.00882,-0.00717
388.8999939,-0.00655,-0.011039999,-0.00457,-0.013890001,-0.00775,-0.00958
389.269989,-0.00798,-0.01352,-0.00875,-0.01421,-0.01071,-0.010880001
389.6499939,-0.0031,-0.010939999,-0.007929999,-0.01124,-0.00754,-0.010290001
390.019989,-0.00242,-0.01017,-0.0069,-0.010299999,-0.01011,-0.01085
390.3900146,-0.00106,-0.010240001,-0.0067,-0.00689,-0.00947,-0.0098
390.7600098,-0.00124,-0.010720001,-0.00862,-0.00669,-0.008309999,-0.010319999
391.1300049,-0.00118,-0.00839,-0.00857,-0.00572,-0.008909999,-0.00955
391.5,-0.00229,-0.00847,-0.00977,-0.00615,-0.00991,-0.01113
391.8800049,-0.00191,-0.00326,-0.00586,-0.00492,-0.00797,-0.01181
392.25,-0.00224,-0.00319,-0.00728,-0.00511,-0.00758,-0.011080001
392.6199951,-0.00458,-0.00236,-0.00787,-0.00473,-0.00717,-0.01015
392.9899902,-0.00576,-0.00429,-0.00802,-0.006,-0.00708,-0.011469999
393.3599854,-0.00536,-0.00372,-0.00722,-0.00434,-0.00759,-0.010679999
393.730011,-0.00488,-0.00263,-0.0063,-0.00297,-0.00736,-0.00925
394.1099854,-0.00472,-0.00513,-0.00791,-0.00497,-0.00709,-0.00889
394.480011,-0.00367,-0.00708,-0.00807,-0.0062,-0.0067,-0.00683
394.8500061,-0.00506,-0.00751,-0.00761,-0.00811,-0.00955,-0.00783
395.2200012,-0.00406,-0.00705,-0.0054,-0.00715,-0.00839,-0.00631
395.5899963,-0.00433,-0.00628,-0.00722,-0.00875,-0.00874,-0.0065
395.9599915,-0.00485,-0.00782,-0.00642,-0.011419999,-0.0085,-0.0063
396.3299866,-0.00571,-0.00901,-0.00678,-0.01207,-0.00857,-0.007
396.7099915,-0.00668,-0.0084,-0.00467,-0.01119,-0.00926,-0.00754
397.0799866,-0.00857,-0.01082,-0.00646,-0.01207,-0.01017,-0.00959
397.4500122,-0.00877,-0.01234,-0.0074,-0.011390001,-0.01053,-0.00846
397.8200073,-0.00733,-0.01128,-0.007929999,-0.011569999,-0.00993,-0.00874
398.1900024,-0.00804,-0.01086,-0.00818,-0.01145,-0.010670001,-0.00905
398.5599976,-0.007710001,-0.00995,-0.00928,-0.00956,-0.010340001,-0.00841
398.9299927,-0.00705,-0.0109,-0.00883,-0.0107,-0.01052,-0.00796
399.2999878,-0.00492,-0.00944,-0.00887,-0.009509999,-0.00953,-0.00521
399.6799927,-0.00548,-0.00807,-0.00906,-0.00876,-0.009240001,-0.00644
400.0499878,-0.0055,-0.00732,-0.00738,-0.00818,-0.00789,-0.00723
400.4200134,-0.00522,-0.00789,-0.00741,-0.00685,-0.00676,-0.00649
400.7900085,-0.00559,-0.00795,-0.00714,-0.00687,-0.007,-0.00528
401.1600037,-0.00423,-0.00773,-0.00682,-0.00602,-0.00671,-0.00442
401.5299988,-0.00446,-0.00738,-0.00623,-0.00494,-0.00589,-0.00557
401.8999939,-0.00329,-0.00621,-0.00623,-0.00293,-0.00491,-0.00513
402.269989,-0.00066,-0.00511,-0.00362,-0.00198,-0.00379,-0.0016
402.6400146,-0.00096,-0.00505,-0.00416,-0.00281,-0.00393,-0.00075
403.0100098,-0.00091,-0.00396,-0.00379,-0.00315,-0.0045,8.00E-05
403.3800049,-0.00056,-0.00424,-0.00365,-0.00486,-0.00421,-6.00E-05
403.75,-0.00056,-0.00413,-0.00146,-0.00489,-0.00356,-0.00033
404.1199951,0.00015,-0.00223,-0.0013,-0.00349,-0.00245,0.0026
404.5,-0.00055,-0.00168,-0.0014,-0.00422,-0.00255,0.00186
404.8699951,-0.00212,-0.00102,-0.00301,-0.00434,-0.00193,0.00158
405.2399902,-0.00199,-0.00011,-0.00389,-0.00356,-0.00233,0.00092
405.6099854,-0.00269,-0.00169,-0.00465,-0.00451,-0.00267,-0.00124
405.980011,-0.00141,-0.00057,-0.00314,-0.00163,-0.00159,-0.0004
406.3500061,-0.00191,0.0003,-0.00392,-0.00225,-0.00134,-0.00135
406.7200012,-0.00217,-0.00171,-0.00451,-0.00382,-0.00201,-0.00369
407.0899963,-0.00257,-0.00225,-0.00346,-0.00331,-0.0019,-0.00323
407.4599915,-0.00257,-0.00221,-0.00294,-0.00216,-0.00163,-0.0029
407.8299866,-0.00193,-0.00278,-0.00205,-0.0029,-0.00118,-0.0033
408.2000122,-0.00381,-0.00393,-0.00303,-0.00409,-0.00271,-0.00358
408.5700073,-0.0045,-0.00592,-0.00404,-0.0043,-0.00343,-0.00364
408.9400024,-0.00436,-0.00591,-0.0045,-0.00334,-0.00319,-0.00346
409.3099976,-0.0045,-0.0057,-0.00521,-0.00312,-0.00375,-0.00337
409.6799927,-0.00469,-0.00592,-0.00586,-0.00382,-0.00453,-0.00452
410.0499878,-0.0032,-0.00553,-0.00606,-0.00423,-0.00531,-0.00507
410.4200134,-0.00226,-0.00374,-0.00509,-0.00231,-0.00471,-0.00354
410.7900085,-0.00105,-0.00327,-0.0045,-0.00147,-0.00483,-0.00368
411.1600037,-0.00176,-0.00257,-0.00424,-0.00223,-0.00477,-0.00437
411.5299988,-0.00172,-0.00362,-0.00472,-0.00212,-0.00603,-0.0041
411.8999939,-0.00214,-0.00431,-0.00393,-0.00245,-0.00541,-0.00433
412.269989,-0.00137,-0.00414,-0.00363,-0.00191,-0.00479,-0.00405
412.6400146,-0.00195,-0.00367,-0.00335,-0.00224,-0.00415,-0.00436
413.0100098,-0.00335,-0.00462,-0.00348,-0.00227,-0.00421,-0.00454
413.3800049,-0.00268,-0.00333,-0.00274,-0.00174,-0.00305,-0.00336
413.75,-0.00146,-0.00196,-0.00289,-0.00112,-0.00212,-0.00262
414.1199951,-0.00154,-0.00099,-0.0027,-0.00206,-0.00188,-0.00182
414.4899902,-0.00114,0.00038,-0.00246,-0.00141,-0.00136,-0.00086
414.8599854,-0.00233,-0.00012,-0.00367,-0.00257,-0.00194,-0.00215
415.230011,-0.00239,-0.00158,-0.00407,-0.00279,-0.00251,-0.00237
415.6000061,-0.00149,-0.00169,-0.00469,-0.00363,-0.00237,-0.00278
415.9599915,-0.00217,-0.00241,-0.00469,-0.00399,-0.00262,-0.0035
416.3299866,-0.00274,-0.0031,-0.00525,-0.00403,-0.00386,-0.00377
416.7000122,-0.00248,-0.00325,-0.00424,-0.00353,-0.00331,-0.00479
417.0700073,-0.00218,-0.00396,-0.0041,-0.00355,-0.00415,-0.00519
417.4400024,-0.00135,-0.00386,-0.00232,-0.00252,-0.0032,-0.00377
417.8099976,-0.00141,-0.00371,-0.00114,-0.00203,-0.00266,-0.00332
418.1799927,-0.00204,-0.00347,-0.00144,-0.00181,-0.00276,-0.00312
418.5499878,-0.00118,-0.00257,-0.00153,-0.00141,-0.00216,-0.00258
418.9200134,-0.00056,-0.00224,-0.00087,-0.00112,-0.00103,-0.00263
419.2900085,-0.0009,-0.00281,-0.00109,-0.00128,-0.00073,-0.00153
419.6600037,-0.00063,-0.00255,-0.00168,-0.00136,-0.00028,-0.00169
420.0299988,-0.0004,-0.00226,-0.00199,-0.00115,-0.00014,-0.00166
420.3900146,-0.00062,-0.00159,-0.00312,-0.00153,-0.00059,-0.00204
420.7600098,-0.0002,-0.0012,-0.00258,-0.00153,-0.00081,-0.00211
421.1300049,-0.00098,-0.00136,-0.00224,-0.00116,-0.00075,-0.00239
421.5,-0.00108,-0.00128,-0.00191,-0.00119,-0.00084,-0.00257
421.8699951,-0.00128,-0.00071,-0.00248,-0.00118,-0.00136,-0.00342
422.2399902,-0.00122,-0.00096,-0.00275,-0.00127,-0.0023,-0.00336
422.6099854,-0.00243,-0.00133,-0.0036,-0.0021,-0.00345,-0.00397
422.980011,-0.00249,-0.0013,-0.00246,-0.00119,-0.00303,-0.003
423.3500061,-0.00245,-0.00202,-0.0027,-0.00115,-0.00272,-0.00298
423.7099915,-0.00227,-0.00308,-0.00325,-0.0019,-0.00291,-0.00299
424.0799866,-0.00281,-0.00356,-0.00358,-0.00217,-0.00336,-0.00258
424.4500122,-0.00247,-0.00358,-0.00327,-0.00232,-0.00316,-0.00244
424.8200073,-0.00313,-0.00347,-0.00239,-0.00276,-0.00251,-0.00234
425.1900024,-0.00194,-0.00232,-0.00113,-0.00195,-0.00097,-0.00083
425.5599976,-0.00172,-0.00231,-0.00174,-0.00249,-0.00097,-0.00112
425.9299927,-0.00203,-0.00226,-0.00145,-0.00252,-0.00069,-0.00102
426.2900085,-0.00193,-0.00185,-0.00122,-0.00245,-0.00072,-0.00108
426.6600037,-0.00167,-0.00199,-0.00132,-0.0025,-0.00068,-0.00124
427.0299988,-0.00129,-0.00203,-0.00136,-0.00217,-0.00094,-0.00088
427.3999939,-0.0013,-0.0017,-0.00159,-0.00198,-0.00101,-0.00048
427.769989,-0.00194,-0.00251,-0.00214,-0.00218,-0.00177,-0.00097
428.1400146,-0.00218,-0.00303,-0.00192,-0.00217,-0.00217,-0.00159
428.5,-0.00184,-0.00255,-0.00144,-0.00188,-0.00219,-0.00151
428.8699951,-0.00175,-0.00269,-0.00152,-0.00135,-0.00219,-0.0012
429.2399902,-0.00156,-0.00228,-0.00129,-0.00122,-0.00222,-0.00109
429.6099854,-0.00144,-0.00222,-0.00156,-0.00115,-0.00182,-0.00122
429.980011,-0.00099,-0.0017,-0.00138,-0.00069,-0.00157,-0.00115
430.3399963,-0.0008,-0.00143,-0.00123,-0.00083,-0.00162,-0.0016
430.7099915,-0.0006,-0.0012,-0.00134,-0.00072,-0.00154,-0.00125
431.0799866,-0.00041,-0.00115,-0.00166,-0.00094,-0.00129,-0.00111
431.4500122,-0.0002,-0.00037,-0.00137,-0.00127,-0.00082,-0.00108
431.8200073,0.00027,-1.00E-05,-0.00131,-0.00081,6.00E-05,-0.00059
432.1799927,1.00E-05,0.00025,-0.00085,-0.00022,0.00024,-0.00041
432.5499878,-0.00024,-0.00013,-0.00106,-0.00033,0.00059,-0.00084
432.9200134,0.00014,-1.00E-04,-0.00098,-9.00E-05,0.00083,-0.0006
433.2900085,9.00E-05,-0.00047,-0.00141,-0.00023,0.00076,-0.00089
433.6499939,0,-0.00092,-0.00162,-0.00051,0.0004,-0.00142
434.019989,-3.00E-05,-0.00128,-0.00179,-0.00017,0.00014,-0.00167
434.3900146,-0.00046,-0.00165,-0.00172,-0.00051,-0.00029,-0.00216
434.7600098,-0.00064,-0.00195,-0.00186,-0.00136,-0.0007,-0.00245
435.1199951,-0.00048,-0.00234,-0.00159,-0.00137,-0.00088,-0.00253
435.4899902,-0.00049,-0.00237,-0.0016,-0.00124,-0.00064,-0.00256
435.8599854,-0.0002,-0.00201,-0.00074,-0.0008,-0.00041,-0.00196
436.230011,-0.00031,-0.00162,-0.00071,-0.00037,-0.00027,-0.00151
436.5899963,-0.00032,-0.0016,-0.00065,-0.00072,-0.00032,-0.00105
436.9599915,-0.00018,-0.0013,-0.00029,-0.00038,-0.00024,-0.00085
437.3299866,3.00E-05,-0.00076,9.00E-05,0.00046,0.00032,-0.00037
437.7000122,-0.00013,-0.00054,-2.00E-05,0.00012,9.00E-05,-0.00039
438.0599976,-0.00021,-0.00046,-0.00012,4.00E-05,0.00012,-0.00032
438.4299927,-0.00046,-0.00046,-0.00071,-0.00032,0.00025,-0.00056
438.7999878,-0.0005,-0.00085,-0.00072,-0.0004,0.00014,-0.00075
439.1600037,-0.00048,-0.00063,-0.00041,-0.00011,0.00063,-0.00079
439.5299988,-0.00067,-0.00071,-0.00055,-0.00032,0.00062,-0.0008
439.8999939,-0.00095,-0.00104,-0.00083,-0.00075,0.00027,-0.00111
440.269989,-0.00075,-0.00077,-0.00067,-0.0003,0.00068,-0.00081
440.6300049,-0.00064,-0.00096,-0.00048,-0.0004,0.00059,-0.00089
441,-0.0003,-0.00091,-0.00042,-0.00027,0.00074,-0.0007
441.3699951,-0.00035,-0.00065,-0.00014,-0.00014,0.00089,-0.00072
441.730011,-0.0006,-0.00097,-0.00074,-0.00044,0.00052,-0.00095
442.1000061,-0.00044,-0.00104,-0.00068,-0.00045,0.00083,-0.0009
442.4700012,-2.00E-05,-0.00078,-0.00046,-0.00018,0.00157,-0.00046
442.8299866,0,-0.00089,-0.00056,-0.00025,0.00161,-0.00043
443.2000122,-2.00E-05,-0.00073,-0.00076,-0.0003,0.00173,-0.00053
443.5700073,-0.00026,-0.00122,-0.00064,-0.00029,0.00171,-0.0008
443.9299927,-0.00039,-0.00152,-0.00085,-0.00055,0.00186,-0.0009
444.2999878,-0.00017,-0.00131,-0.00047,-0.00022,0.00231,-0.0006
444.6700134,-0.00023,-0.00119,-0.00048,-0.00026,0.00246,-0.00075
445.0299988,-0.0006,-0.00159,-0.00083,-0.00046,0.00214,-0.0012
445.3999939,-0.00054,-0.00149,-0.00102,-0.00058,0.0024,-0.00126
445.769989,-0.00054,-0.00138,-0.00083,-0.00044,0.00262,-0.00102
446.1300049,-0.00047,-0.00087,-0.00075,-0.0002,0.00273,-0.00094
446.5,-0.00014,-0.00046,-0.00066,-4.00E-05,0.00282,-0.0005
446.8699951,-0.00016,-0.00041,-0.00061,-0.00021,0.0023,-0.0006
447.230011,-0.00035,-0.00055,-0.00091,-0.00029,0.00195,-0.00082
447.6000061,-0.00026,-0.0003,-0.0008,-0.00036,0.00182,-0.00062
447.9599915,-9.00E-05,-7.00E-05,-0.00042,-0.00026,0.00151,-0.00061
448.3299866,-0.00039,-0.00018,-0.00042,-0.00025,0.00117,-0.0005
448.7000122,-0.00051,-0.00027,-0.00042,-0.00053,0.00098,-0.00028
449.0599976,-0.00049,-0.00023,-0.00046,-0.00069,0.00098,-0.00047
449.4299927,-0.00066,-0.00038,-0.00047,-0.00061,0.0009,-0.0007
449.7900085,-0.00044,-0.00032,-0.00021,-0.0004,0.00093,-0.00048
450.1600037,-0.0003,-0.00028,-7.00E-05,-0.00027,0.0011,-0.00059
450.5299988,-0.00035,-0.00054,-6.00E-05,4.00E-05,0.00106,-0.00039
450.8900146,8.00E-05,-0.00057,-0.00023,6.00E-05,0.00117,-0.00042
451.2600098,5.00E-05,-0.00056,-0.00038,5.00E-05,0.00137,-0.0004
451.6199951,-1.00E-05,-0.00071,-0.00014,0.00019,0.00131,-0.00038
451.9899902,0.00025,-0.00061,-0.00014,0.00016,0.0016,-1.00E-05
452.3599854,0.00027,-0.00054,-0.00012,9.00E-05,0.00171,1.00E-05
452.7200012,0.00012,-0.00057,-0.00019,2.00E-05,0.00146,-8.00E-05
453.0899963,0.00011,-0.00037,-0.00018,-7.00E-05,0.00169,-1.00E-04
453.4500122,-0.00028,-0.00059,-0.00022,-0.00016,0.00143,-0.00036
453.8200073,-0.00027,-0.00067,-0.00032,4.00E-05,0.00096,-0.00064
454.1799927,-0.00022,-0.00061,-0.00037,0.00018,0.00083,-0.00045
454.5499878,-0.00044,-0.00085,-0.00074,5.00E-05,0.00043,-0.00078
454.9200134,-0.00049,-0.00109,-0.00109,0.00015,-5.00E-05,-0.00103
455.2799988,-0.00036,-0.00122,-0.0011,0.00026,-0.00029,-0.00085
455.6499939,-0.00054,-0.0015,-0.00137,0.00019,-0.00076,-0.00101
456.0100098,-0.00021,-0.0013,-0.00127,0.00026,-0.00072,-0.00079
456.3800049,2.00E-05,-0.00108,-0.0009,0.00057,-0.0003,-0.00063
456.7399902,-0.0003,-0.00144,-0.00139,0.00029,-0.0006,-0.00113
457.1099854,-0.00018,-0.00128,-0.00118,0.00068,-0.00042,-0.00108
457.4700012,2.00E-05,-0.00102,-0.00072,0.00087,-0.00014,-0.00077
457.8399963,0.00028,-0.00077,-0.00052,0.00122,0.00025,-0.00068
458.2000122,0.00054,-0.00035,-0.00021,0.0015,0.00058,-0.00052
458.5700073,0.00031,-0.00024,-0.00016,0.0018,0.00063,-0.00067
458.9299927,0.0004,-0.00038,-0.00012,0.00151,0.00047,-0.0006
459.2999878,0.00058,-9.00E-05,0.00021,0.0018,0.00064,-0.00036
459.6600037,0.00056,-4.00E-05,0.00034,0.00182,0.00061,-0.00036
460.0299988,0.00034,-1.00E-04,0.00017,0.00189,0.0005,-0.00045
460.3900146,0.00011,-0.00021,5.00E-05,0.00174,0.00037,-0.00052
460.7600098,-0.00042,-0.00077,-0.00019,0.00121,-0.00015,-0.00085
461.1199951,-0.00055,-0.00105,-0.0002,0.0008,-0.00029,-0.00089
461.4899902,-0.00061,-0.0011,-0.00019,0.00063,-0.00048,-0.00099
461.8500061,-0.00052,-0.00112,-0.00014,0.0005,-0.00041,-0.00087
462.2200012,-0.00062,-0.00116,-0.00019,0.00013,-0.00061,-0.00097
462.5799866,-0.0004,-0.00101,-5.00E-05,-3.00E-05,-0.00035,-0.00094
462.9500122,-0.00054,-0.00094,-7.00E-05,-0.00031,-0.00046,-0.00094
463.3099976,-0.00019,-0.00071,1.00E-05,-8.00E-05,-0.00025,-0.00064
463.6799927,2.00E-05,-0.00046,9.00E-05,2.00E-05,-0.00023,-0.00051
464.0400085,-0.00011,-0.00023,0.00025,3.00E-05,-2.00E-05,-0.00035
464.4100037,-6.00E-05,-4.00E-05,0.00042,4.00E-05,-5.00E-05,-0.00032
464.769989,0.00011,3.00E-05,0.00079,0.00011,0.0002,-7.00E-05
465.1300049,-0.00011,-6.00E-05,0.00099,-7.00E-05,4.00E-05,1.00E-05
465.5,0.00011,1.00E-05,0.00143,5.00E-05,0.0003,0.00018
465.8599854,0.00018,-4.00E-05,0.002,2.00E-05,0.0005,0.00022
466.230011,5.00E-05,-0.00019,0.00225,-0.00016,0.00055,0
466.5899963,-3.00E-05,-0.00041,0.00244,-0.00016,0.0003,-0.00021
466.9599915,-0.00013,-0.00053,0.00248,-0.00025,0.00025,-0.00031
467.3200073,-0.0002,-0.00058,0.00249,-0.00013,0.00012,-0.0004
467.6799927,-0.00013,-0.00077,0.00242,1.00E-05,0.00012,-0.00037
468.0499878,-0.00014,-0.00077,0.00217,2.00E-05,5.00E-05,-0.00052
468.4100037,-0.0002,-0.00062,0.00176,9.00E-05,-4.00E-05,-0.00058
468.7799988,-3.00E-05,-0.00044,0.00158,0.00023,-3.00E-05,-0.00032
469.1400146,0.00026,-1.00E-04,0.00129,0.00039,0.00028,-0.0002
469.5,0.00022,-0.00011,0.00101,0.00031,0.00028,-0.00025
469.8699951,0.0003,8.00E-05,0.00081,0.00034,0.00047,-1.00E-04
470.230011,0.00025,0.00028,0.00048,0.00019,0.00047,-0.0002
470.6000061,0.00029,0.00022,0.00035,0.00016,0.00047,-0.00012
470.9599915,0.0003,0.00013,0.00018,1.00E-04,0.0005,-0.00011
471.3200073,0.00031,0.00023,-1.00E-05,0.00014,0.00055,-0.00014
471.6900024,0.00014,0.00013,-0.00022,-1.00E-05,0.00044,-0.00019
472.0499878,0.00013,0.00024,-0.00027,0.00011,0.00045,-0.00013
472.4200134,0,0.00031,-0.00043,0,0.00036,-0.00022
472.7799988,3.00E-05,0.00039,-0.00028,-5.00E-05,0.00042,-0.00012
473.1400146,-5.00E-05,0.00044,-0.00025,-0.00016,0.0004,-0.00016
473.5100098,-6.00E-05,0.00039,-0.00024,-0.0002,0.00034,-0.00021
473.8699951,-0.00024,0.00033,-0.00014,-0.00027,0.00032,-0.00019
474.230011,-0.00013,0.00028,0,-0.00022,0.00034,-5.00E-05
474.6000061,-6.00E-05,0.00023,0,-0.00021,0.00036,2.00E-05
474.9599915,1.00E-04,0.00013,0.00011,-0.00012,0.00044,1.00E-04
475.3200073,0.00017,1.00E-05,6.00E-05,-1.00E-05,0.00038,8.00E-05
475.6900024,0.00016,2.00E-05,-4.00E-05,0.00014,0.00036,1.00E-04
476.0499878,0.00025,0.00017,5.00E-05,0.00021,0.00046,0.00025
476.4100037,0.00038,6.00E-05,-4.00E-05,0.00018,0.0004,0.00025
476.7799988,0.00035,5.00E-05,-0.00012,0.00018,0.00034,0.00012
477.1400146,0.00045,5.00E-05,-4.00E-05,0.00021,0.00038,0.00022
477.5,0.00047,-6.00E-05,-6.00E-05,0.00018,0.00031,0.00021
477.8699951,0.00052,-3.00E-05,-6.00E-05,0.00018,0.00034,0.00022
478.230011,0.0006,-1.00E-05,-3.00E-05,0.00013,0.00034,0.00028
478.5899963,0.00057,-8.00E-05,-8.00E-05,0.00013,0.00028,0.00016
478.9599915,0.00057,-5.00E-05,-4.00E-05,0.00019,0.00027,0.00021
479.3200073,0.00058,-0.00012,-4.00E-05,0.00022,0.00028,0.00025
479.6799927,0.00054,-0.00014,-5.00E-05,0.00019,0.00025,8.00E-05
480.0400085,0.00041,-0.00014,-0.00012,0.00014,0.00022,2.00E-05
480.4100037,0.00041,-0.00016,-5.00E-05,0.00017,0.00027,9.00E-05
480.769989,0.00035,-0.00021,0,0.0002,0.00035,4.00E-05
481.1300049,0.00031,-0.00027,1.00E-05,0.00011,0.00032,6.00E-05
481.5,0.0003,-0.00028,-2.00E-05,8.00E-05,0.0004,-4.00E-05
481.8599854,0.00021,-0.00017,-4.00E-05,7.00E-05,0.00038,-8.00E-05
482.2200012,0.00014,-0.00019,-8.00E-05,0.00011,0.00037,-4.00E-05
482.5799866,0.00023,-0.00011,-3.00E-05,0.00013,0.00038,-6.00E-05
482.9500122,5.00E-05,-0.00021,-0.0002,5.00E-05,0.00031,-0.00019
483.3099976,7.00E-05,-0.00023,-0.00023,4.00E-05,0.0002,-0.00026
483.6700134,0.00012,-0.00014,-0.00021,7.00E-05,0.00023,-0.00028
484.0299988,6.00E-05,-8.00E-05,-0.00018,0.00012,0.00022,-0.00026
484.3999939,0.00016,-0.00013,-0.00013,0.00012,0.00028,-0.00022
484.7600098,0.00017,-0.00017,-1.00E-04,8.00E-05,0.00022,-0.0003
485.1199951,1.00E-04,-0.00021,-0.00014,0.00015,0.00023,-0.0003
485.480011,0.00014,-0.00016,-5.00E-05,0.00016,0.00024,-0.00032
485.8500061,7.00E-05,-0.00019,-1.00E-04,0.00013,0.00027,-0.00023
486.2099915,7.00E-05,-0.00015,-9.00E-05,0.00015,0.0003,-0.00022
486.5700073,1.00E-04,-0.00017,-1.00E-04,0.00017,0.00029,-0.00019
486.9299927,2.00E-05,-0.00022,-0.00016,0.00012,0.00024,-0.00029
487.2900085,-2.00E-05,-0.00022,-0.00015,0.00012,0.0003,-0.00027
487.6600037,-5.00E-05,-0.00022,-0.00013,9.00E-05,0.00037,-0.00023
488.019989,-2.00E-05,-0.00019,-0.00015,0.00013,0.00039,-0.00014
488.3800049,2.00E-05,-0.00015,-8.00E-05,0.00013,0.00043,-0.00016
488.7399902,-6.00E-05,-0.00028,-0.00011,0.00019,0.00039,-0.00022
489.1000061,-6.00E-05,-0.0003,-5.00E-05,0.00015,0.00038,-0.00022
489.4700012,1.00E-05,-0.00018,5.00E-05,0.00026,0.00044,-8.00E-05
489.8299866,7.00E-05,-9.00E-05,7.00E-05,0.00031,0.0005,-1.00E-05
490.1900024,1.00E-04,-8.00E-05,0.00013,0.00034,0.00049,-2.00E-05
490.5499878,0.00015,-5.00E-05,0.0002,0.0004,0.00056,-3.00E-05
490.9100037,0.00015,-2.00E-05,0.00017,0.0004,0.00049,-4.00E-05
491.269989,0.00019,-2.00E-05,8.00E-05,0.00035,0.00048,-5.00E-05
491.6400146,0.00021,2.00E-05,4.00E-05,0.00041,0.00048,-7.00E-05
492,0.00018,-4.00E-05,-1.00E-05,0.00038,0.00043,-0.00012
492.3599854,0.0002,-4.00E-05,1.00E-05,0.00038,0.00042,-0.00013
492.7200012,0.00027,-3.00E-05,-3.00E-05,0.00035,0.00039,-0.00012
493.0799866,0.00025,-6.00E-05,-1.00E-04,0.00024,0.00027,-0.00011
493.4400024,0.00025,-8.00E-05,-0.00011,0.00021,0.00029,-0.00014
493.8099976,0.00022,-4.00E-05,-3.00E-05,0.00026,0.00035,-1.00E-04
494.1700134,0.00018,-1.00E-04,-3.00E-05,0.00023,0.00035,-0.00011
494.5299988,0.00021,-4.00E-05,3.00E-05,0.00023,0.00042,-7.00E-05
494.8900146,0.00023,-3.00E-05,2.00E-05,0.00022,0.00045,-6.00E-05
495.25,0.00018,0,4.00E-05,0.0002,0.0005,-8.00E-05
495.6099854,0.00018,1.00E-05,5.00E-05,0.00027,0.00057,-5.00E-05
495.9700012,0.00013,-3.00E-05,5.00E-05,0.00028,0.00054,-6.00E-05
496.3299866,0.00017,1.00E-05,4.00E-05,0.00028,0.00055,-3.00E-05
496.7000122,0.00017,0,4.00E-05,0.00025,0.00053,-1.00E-05
497.0599976,0.00021,-2.00E-05,5.00E-05,0.00032,0.00055,6.00E-05
497.4200134,0.00019,-5.00E-05,6.00E-05,0.00031,0.00052,6.00E-05
497.7799988,8.00E-05,-0.0002,-3.00E-05,0.00024,0.00038,3.00E-05
498.1400146,8.00E-05,-0.00013,4.00E-05,0.00025,0.00042,1.00E-05
498.5,0.00013,-9.00E-05,7.00E-05,0.00026,0.00043,0
498.8599854,6.00E-05,-0.00014,0.00012,0.00021,0.00041,-5.00E-05
499.2200012,8.00E-05,-0.00011,7.00E-05,0.00023,0.00046,-3.00E-05
499.5799866,-1.00E-05,-0.00014,4.00E-05,0.00019,0.00042,-0.00012
499.9400024,-3.00E-05,-0.00015,1.00E-05,0.0002,0.0004,-0.00014
500.2999878,9.00E-05,-6.00E-05,1.00E-04,0.00028,0.00048,-0.00011
500.6700134,5.00E-05,-0.00018,1.00E-05,0.0002,0.00038,-0.00014
501.0299988,6.00E-05,-0.00014,2.00E-05,0.00023,0.00041,-1.00E-04
501.3900146,0.00012,-0.00015,1.00E-05,0.00029,0.00042,-1.00E-04
501.75,0.00013,-0.00011,9.00E-05,0.00028,0.00043,-0.00011
502.1099854,0.00016,-7.00E-05,9.00E-05,0.00024,0.00044,-9.00E-05
502.4700012,0.00018,-0.00013,9.00E-05,0.0002,0.00044,-9.00E-05
502.8299866,0.00023,-8.00E-05,9.00E-05,0.00023,0.00047,-3.00E-05
503.1900024,0.00026,-6.00E-05,8.00E-05,0.00027,0.00045,-3.00E-05
503.5499878,0.00026,-7.00E-05,0.00011,0.00034,0.00049,1.00E-05
503.9100037,0.00025,-2.00E-05,0.00014,0.00034,0.00051,4.00E-05
504.269989,0.00025,-8.00E-05,0.00013,0.00036,0.00049,4.00E-05
504.6300049,0.00021,-0.00012,1.00E-04,0.00037,0.00046,-1.00E-05
504.9899902,0.00024,-7.00E-05,0.00018,0.00043,0.0005,4.00E-05
505.3500061,0.00015,-0.00014,0.00013,0.00036,0.00044,-1.00E-05
505.7099915,0.00023,-0.00014,0.00017,0.00032,0.00047,2.00E-05
506.0700073,0.00021,-0.00019,0.00012,0.00025,0.00042,-1.00E-05
506.4299927,0.00021,-0.00019,9.00E-05,0.0002,0.0004,-1.00E-05
506.7900085,0.0002,-0.00018,2.00E-05,0.00018,0.00035,-7.00E-05
507.1499939,0.00025,-0.00014,5.00E-05,0.00021,0.0004,-3.00E-05
507.5100098,0.0002,-0.00013,1.00E-05,0.00015,0.00037,-5.00E-05
507.8699951,0.0002,-8.00E-05,2.00E-05,0.00015,0.00042,-3.00E-05
508.230011,0.00014,-4.00E-05,3.00E-05,0.00022,0.00043,-2.00E-05
508.5899963,0.00015,-4.00E-05,6.00E-05,0.00025,0.00041,-1.00E-05
508.9500122,0.00013,-4.00E-05,9.00E-05,0.00027,0.00043,-1.00E-05
509.3099976,0.00011,-8.00E-05,1.00E-04,0.00024,0.00043,-1.00E-05
509.6700134,8.00E-05,-0.00012,8.00E-05,0.0002,0.00038,-4.00E-05
510.0299988,9.00E-05,-0.00017,5.00E-05,0.00021,0.00035,-9.00E-05
510.3900146,1.00E-04,-0.00018,3.00E-05,0.00022,0.00034,-0.00015
510.75,8.00E-05,-0.00018,4.00E-05,0.00018,0.00039,-0.0002
511.1099854,0.00014,-0.00015,3.00E-05,0.00015,0.00045,-0.00024
511.4700012,0.00013,-0.00016,-2.00E-05,1.00E-04,0.00048,-0.00027
511.8299866,0.00015,-0.00014,-2.00E-05,0.00014,0.00052,-0.00021
512.1900024,0.00021,-0.00011,0,0.00021,0.00056,-0.00016
512.5499878,0.00023,-5.00E-05,1.00E-05,0.00022,0.0006,-0.00011
512.9099731,0.00023,-5.00E-05,5.00E-05,0.00023,0.00061,-8.00E-05
513.2700195,0.00027,-4.00E-05,1.00E-05,0.00023,0.0006,-7.00E-05
513.6199951,0.00024,-4.00E-05,-4.00E-05,0.00018,0.00055,-7.00E-05
513.9799805,0.00031,1.00E-05,3.00E-05,0.00029,0.00053,-1.00E-05
514.3400269,0.00033,3.00E-05,7.00E-05,0.00038,0.0005,-1.00E-05
514.7000122,0.00028,-1.00E-05,5.00E-05,0.00033,0.00048,-4.00E-05
515.0599976,0.00029,-5.00E-05,7.00E-05,0.0003,0.00047,-6.00E-05
515.4199829,0.00032,-2.00E-05,1.00E-04,0.00032,0.00047,-3.00E-05
515.7800293,0.00027,-3.00E-05,7.00E-05,0.00032,0.00043,-1.00E-05
516.1400146,0.00027,0,0.00017,0.00034,0.00044,3.00E-05
516.5,0.00024,-3.00E-05,0.00013,0.00031,0.00045,0
516.8599854,0.00022,-1.00E-05,0.00012,0.00023,0.00047,-2.00E-05
517.2199707,0.00025,2.00E-05,0.00012,0.00027,0.00048,1.00E-05
517.5700073,0.0002,1.00E-05,0.00013,0.00028,0.00051,1.00E-05
517.9299927,0.00013,-6.00E-05,9.00E-05,0.00024,0.00047,-2.00E-05
518.289978,0.00012,-0.00011,1.00E-04,0.00026,0.00049,-3.00E-05
518.6500244,0.00013,-0.00011,3.00E-05,0.00029,0.0005,-3.00E-05
519.0100098,0.00015,-9.00E-05,5.00E-05,0.00031,0.0005,2.00E-05
519.3699951,0.00013,-0.00013,3.00E-05,0.00033,0.00047,0
519.7299805,0.00011,-0.00012,6.00E-05,0.00033,0.00046,2.00E-05
520.0800171,0.00015,-9.00E-05,5.00E-05,0.00034,0.00043,2.00E-05
520.4400024,0.00019,-6.00E-05,7.00E-05,0.00037,0.00043,1.00E-05
520.7999878,0.00019,-7.00E-05,6.00E-05,0.00033,0.0004,-1.00E-05
521.1599731,0.00023,-7.00E-05,0.00016,0.00037,0.00044,-1.00E-05
521.5200195,0.00025,-7.00E-05,0.00018,0.00036,0.00047,-1.00E-05
521.8800049,0.00028,-2.00E-05,0.00019,0.00033,0.00046,3.00E-05
522.2399902,0.0003,2.00E-05,0.0002,0.00036,0.0005,1.00E-05
522.5900269,0.00027,4.00E-05,0.00017,0.00038,0.00047,0
522.9500122,0.00026,6.00E-05,0.00015,0.00033,0.00046,1.00E-05
523.3099976,0.00029,1.00E-04,0.00021,0.00035,0.00049,3.00E-05
523.6699829,0.00024,6.00E-05,0.00014,0.00033,0.00042,2.00E-05
524.0300293,0.0002,5.00E-05,0.00014,0.00032,0.00043,1.00E-05
524.3800049,0.00023,8.00E-05,0.00017,0.00034,0.00047,2.00E-05
524.7399902,0.00019,2.00E-05,0.00013,0.0003,0.00043,0
525.0999756,0.00021,3.00E-05,0.00015,0.00025,0.00048,1.00E-05
525.460022,0.00024,1.00E-05,0.00015,0.00029,0.00052,2.00E-05
525.8200073,0.00022,2.00E-05,0.00011,0.00029,0.00052,5.00E-05
526.1699829,0.00021,6.00E-05,0.00013,0.00026,0.00056,7.00E-05
526.5300293,0.00022,2.00E-05,0.00011,0.00026,0.00051,4.00E-05
526.8900146,0.00021,0,0.00013,0.00024,0.00052,4.00E-05
527.25,0.00024,0,0.00018,0.00025,0.00054,4.00E-05
527.6099854,0.00025,-1.00E-05,0.00016,0.00029,0.00055,3.00E-05
527.960022,0.00029,4.00E-05,0.00017,0.00033,0.0006,3.00E-05
528.3200073,0.00027,2.00E-05,0.00017,0.00032,0.00057,2.00E-05
528.6799927,0.00027,0,0.00014,0.00034,0.00058,2.00E-05
529.039978,0.00025,1.00E-05,1.00E-04,0.0003,0.00059,0
529.3900146,0.00023,-3.00E-05,6.00E-05,0.00029,0.00058,-5.00E-05
529.75,0.00023,-3.00E-05,4.00E-05,0.00029,0.00057,-6.00E-05
530.1099854,0.00021,-4.00E-05,7.00E-05,0.00027,0.00056,-6.00E-05
530.4699707,0.0002,-5.00E-05,9.00E-05,0.00027,0.00055,-6.00E-05
530.8200073,0.00025,-2.00E-05,0.00011,0.00032,0.00061,-6.00E-05
531.1799927,0.00029,0,0.00013,0.00034,0.00064,-4.00E-05
531.539978,0.00028,-1.00E-05,0.00016,0.00037,0.00064,-1.00E-05
531.9000244,0.00026,-1.00E-05,0.00015,0.00034,0.00063,2.00E-05
532.25,0.00023,-5.00E-05,0.00014,0.00032,0.00063,2.00E-05
532.6099854,0.00026,-2.00E-05,0.00011,0.00034,0.00065,4.00E-05
532.9699707,0.00022,-3.00E-05,7.00E-05,0.00031,0.00061,5.00E-05
533.3200073,0.00017,-6.00E-05,5.00E-05,0.00025,0.0006,2.00E-05
533.6799927,0.00014,-8.00E-05,2.00E-05,0.00021,0.00057,-2.00E-05
534.039978,0.00016,-6.00E-05,1.00E-05,0.00023,0.00056,-3.00E-05
534.4000244,0.0002,-2.00E-05,5.00E-05,0.00028,0.00059,-1.00E-05
534.75,0.00025,6.00E-05,9.00E-05,0.00032,0.00059,1.00E-05
535.1099854,0.00024,7.00E-05,1.00E-04,0.00032,0.00053,-3.00E-05
535.4699707,0.00025,5.00E-05,0.00013,0.00033,0.00055,-5.00E-05
535.8200073,0.00025,8.00E-05,0.00012,0.00037,0.00051,-5.00E-05
536.1799927,0.00024,0.00011,0.00015,0.00039,0.00049,-1.00E-05
536.539978,0.00022,0.00012,0.00017,0.00037,0.0005,-1.00E-05
536.8900146,0.00019,1.00E-04,0.00016,0.00037,0.00048,-1.00E-05
537.25,0.00015,8.00E-05,9.00E-05,0.00035,0.0005,1.00E-05
537.6099854,0.00017,9.00E-05,0.00014,0.00039,0.00055,0.00011
537.960022,0.00016,9.00E-05,0.00014,0.00036,0.00053,0.00012
538.3200073,0.00021,9.00E-05,0.00018,0.00035,0.00055,0.00015
538.6799927,0.00027,8.00E-05,0.0002,0.0004,0.0006,0.00014
539.0300293,0.00033,7.00E-05,0.0002,0.00043,0.00062,0.00018
539.3900146,0.00034,3.00E-05,0.00018,0.00044,0.0006,0.00017
539.75,0.00038,4.00E-05,0.00022,0.00044,0.0006,0.00015
540.0999756,0.00032,-2.00E-05,0.00014,0.00038,0.00058,6.00E-05
540.460022,0.00031,-1.00E-05,0.00013,0.00041,0.0006,7.00E-05
540.8099976,0.00028,-2.00E-05,0.00011,0.00043,0.00059,3.00E-05
541.1699829,0.00021,-3.00E-05,8.00E-05,0.00036,0.00054,2.00E-05
541.5300293,0.00017,-3.00E-05,5.00E-05,0.00035,0.00054,-3.00E-05
541.8800049,0.00017,1.00E-05,6.00E-05,0.00033,0.00058,-2.00E-05
542.2399902,0.00018,1.00E-05,7.00E-05,0.00034,0.00061,1.00E-05
542.5900269,0.00021,3.00E-05,9.00E-05,0.00036,0.00061,4.00E-05
542.9500122,0.00023,4.00E-05,0.00013,0.00039,0.00065,3.00E-05
543.3099976,0.00025,7.00E-05,0.00014,0.0004,0.00071,4.00E-05
543.6599731,0.00027,8.00E-05,0.00021,0.00043,0.00076,3.00E-05
544.0200195,0.0003,9.00E-05,0.00024,0.00043,0.00078,8.00E-05
544.3699951,0.00031,1.00E-04,0.00027,0.00043,0.00079,1.00E-04
544.7299805,0.00026,7.00E-05,0.00024,0.00041,0.00078,5.00E-05
545.0900269,0.00028,7.00E-05,0.00026,0.0004,0.00083,8.00E-05
545.4400024,0.00026,7.00E-05,0.00025,0.00036,0.00088,7.00E-05
545.7999878,0.00024,2.00E-05,0.00024,0.00031,0.00091,9.00E-05
546.1500244,0.00022,-1.00E-05,0.00017,0.00029,0.00096,0.00011
546.5100098,0.00019,1.00E-05,0.00018,0.00029,0.00104,8.00E-05
546.8599854,0.0002,1.00E-05,0.00016,0.00028,0.00114,4.00E-05
547.2199707,0.00023,1.00E-05,0.00019,0.0003,0.00126,4.00E-05
547.5800171,0.0002,-1.00E-05,0.00015,0.00027,0.00137,1.00E-05
547.9299927,0.00023,-3.00E-05,0.00014,0.00028,0.00146,2.00E-05
548.289978,0.00022,-3.00E-05,1.00E-04,0.00028,0.00155,1.00E-05
548.6400146,0.00023,3.00E-05,0.00014,0.00032,0.0017,0
549,0.00021,1.00E-05,9.00E-05,0.00029,0.0018,-2.00E-05
549.3499756,0.0002,-1.00E-05,7.00E-05,0.00032,0.00193,-1.00E-05
549.710022,0.00017,3.00E-05,1.00E-04,0.00033,0.0021,-1.00E-05
550.0599976,0.0002,5.00E-05,0.00012,0.00037,0.00226,2.00E-05
550.4199829,0.00018,2.00E-05,9.00E-05,0.00036,0.00239,-1.00E-05
550.7700195,0.00018,-1.00E-05,0.00011,0.00033,0.00257,-3.00E-05
551.1300049,0.00018,-1.00E-05,0.00012,0.00029,0.00273,-3.00E-05
551.4799805,0.0002,0,0.00013,0.00031,0.00301,-2.00E-05
551.8400269,0.0002,0,0.00016,0.00029,0.00327,2.00E-05
552.1900024,0.00017,-1.00E-04,7.00E-05,0.00024,0.00356,-2.00E-05
552.5499878,0.00016,-9.00E-05,1.00E-04,0.00024,0.00395,-3.00E-05
552.9000244,0.00017,-3.00E-05,0.00014,0.00027,0.00452,1.00E-05
553.2600098,0.00022,1.00E-05,0.00018,0.00031,0.00515,3.00E-05
553.6099854,0.00021,-5.00E-05,0.00015,0.00034,0.00581,1.00E-05
553.9699707,0.00018,-7.00E-05,0.00014,0.00035,0.00655,1.00E-05
554.3200073,0.00022,-5.00E-05,0.00011,0.00036,0.00743,-2.00E-05
554.6799927,0.00024,1.00E-05,0.00013,0.00038,0.00836,1.00E-05
555.0300293,0.00024,0,0.00011,0.00039,0.00939,1.00E-05
555.3900146,0.00022,-5.00E-05,8.00E-05,0.00038,0.01046,1.00E-05
555.7399902,0.00019,-4.00E-05,6.00E-05,0.00039,0.01161,2.00E-05
556.0999756,0.00022,1.00E-05,9.00E-05,0.00043,0.01287,6.00E-05
556.4500122,0.00025,0,1.00E-04,0.00043,0.01417,5.00E-05
556.7999878,0.00023,0,0.00013,0.00044,0.015520001,5.00E-05
557.1599731,0.00023,-2.00E-05,0.00015,0.00046,0.01702,7.00E-05
557.5100098,0.0002,-3.00E-05,0.00013,0.00047,0.01859,5.00E-05
557.8699951,0.00025,1.00E-05,0.0002,0.00052,0.02036,6.00E-05
558.2199707,0.0003,5.00E-05,0.00024,0.00057,0.022299999,8.00E-05
558.5800171,0.00027,3.00E-05,0.00024,0.00055,0.02437,7.00E-05
558.9299927,0.00026,1.00E-05,0.00028,0.00054,0.02664,8.00E-05
559.2800293,0.00024,2.00E-05,0.00026,0.00053,0.028929999,9.00E-05
559.6400146,0.00028,6.00E-05,0.00029,0.00056,0.031259999,1.00E-04
559.9899902,0.00032,8.00E-05,0.00028,0.00058,0.033360001,0.00011
560.3499756,0.00029,6.00E-05,0.00026,0.00056,0.03514,0.00011
560.7000122,0.00024,2.00E-05,0.00021,0.00052,0.03647,8.00E-05
561.0499878,0.00025,1.00E-05,0.00017,0.00053,0.037219997,6.00E-05
561.4099731,0.00027,2.00E-05,0.00015,0.00054,0.037310001,8.00E-05
561.7600098,0.00029,-1.00E-05,0.00017,0.00056,0.036809999,6.00E-05
562.1199951,0.00026,-2.00E-05,0.00015,0.00055,0.035580002,4.00E-05
562.4699707,0.00022,-7.00E-05,0.00013,0.00052,0.033859998,1.00E-05
562.8200073,0.00023,-5.00E-05,0.00013,0.00055,0.031709999,1.00E-05
563.1799927,0.00024,-2.00E-05,0.00014,0.0006,0.029260002,3.00E-05
563.5300293,0.00029,-2.00E-05,0.00017,0.0006,0.02665,1.00E-05
563.8800049,0.00026,-5.00E-05,0.00012,0.00061,0.02396,-2.00E-05
564.2399902,0.00028,0,0.00015,0.00068,0.021329999,3.00E-05
564.5900269,0.00028,2.00E-05,0.00016,0.00074,0.0188,3.00E-05
564.9500122,0.00035,6.00E-05,0.00022,0.00085,0.0165,7.00E-05
565.2999878,0.00038,5.00E-05,0.00024,0.00091,0.01431,4.00E-05
565.6500244,0.00033,0,0.0002,0.00095,0.01227,0
566.0100098,0.0003,1.00E-05,0.00019,0.0011,0.0105,3.00E-05
566.3599854,0.00033,4.00E-05,0.00023,0.00127,0.008909999,5.00E-05
566.710022,0.00031,-2.00E-05,0.0002,0.00148,0.00751,-1.00E-05
567.0700073,0.00032,-5.00E-05,0.0002,0.00177,0.00633,-1.00E-05
567.4199829,0.0003,-3.00E-05,0.00022,0.00215,0.00526,-2.00E-05
567.7700195,0.00026,-1.00E-05,0.00023,0.00267,0.00441,1.00E-05
568.1300049,0.00031,2.00E-05,0.00031,0.00334,0.00372,5.00E-05
568.4799805,0.00032,1.00E-05,0.00033,0.00416,0.00313,5.00E-05
568.8300171,0.0003,3.00E-05,0.00035,0.00517,0.00273,7.00E-05
569.1799927,0.00031,6.00E-05,0.00034,0.00633,0.00233,0.00011
569.539978,0.00032,7.00E-05,0.00036,0.00762,0.00201,0.00012
569.8900146,0.00031,5.00E-05,0.00033,0.00895,0.00178,1.00E-04
570.2399902,0.00031,-1.00E-05,0.0003,0.01021,0.00158,8.00E-05
570.5999756,0.00027,-2.00E-05,0.00024,0.01134,0.00143,5.00E-05
570.9500122,0.00024,-1.00E-05,0.00025,0.01222,0.00128,1.00E-05
571.2999878,0.00026,1.00E-05,0.00026,0.01283,0.00113,3.00E-05
571.6500244,0.00025,-2.00E-05,0.00025,0.01303,0.00102,0
572.0100098,0.00023,-2.00E-05,0.00024,0.01284,0.001,0
572.3599854,0.00023,3.00E-05,0.00028,0.01233,0.00095,4.00E-05
572.710022,0.00023,6.00E-05,0.00028,0.0115,0.00091,8.00E-05
573.0599976,0.00027,6.00E-05,0.00029,0.01047,0.0009,1.00E-04
573.4199829,0.00027,6.00E-05,0.00025,0.00935,0.0009,0.00013
573.7700195,0.00025,6.00E-05,0.00025,0.008169999,0.00091,0.00011
574.1199951,0.00027,9.00E-05,0.00027,0.00705,0.00095,0.00015
574.4699707,0.00027,0.00011,0.00027,0.00603,0.00095,0.00017
574.8300171,0.00029,8.00E-05,0.00026,0.00512,0.00097,0.00017
575.1799927,0.00033,8.00E-05,0.00026,0.00438,0.00097,0.00012
575.5300293,0.00031,8.00E-05,0.00025,0.00377,0.00092,0.00012
575.8800049,0.00035,9.00E-05,0.00028,0.00331,0.0009,0.00012
576.2399902,0.00035,5.00E-05,0.00029,0.00291,0.00089,0.00011
576.5900269,0.00034,5.00E-05,0.00034,0.00263,0.00088,9.00E-05
576.9400024,0.00034,3.00E-05,0.00037,0.00239,0.00084,6.00E-05
577.289978,0.00033,1.00E-05,0.00046,0.00223,0.00083,5.00E-05
577.6400146,0.00029,-1.00E-05,0.00056,0.00212,0.0008,1.00E-04
578,0.00032,0,0.00069,0.00203,0.00079,0.00014
578.3499756,0.0003,0,0.00081,0.00194,0.00077,0.00013
578.7000122,0.00034,2.00E-05,0.001,0.0019,0.00078,0.00018
579.0499878,0.00038,2.00E-05,0.00113,0.0018,0.00074,0.00019
579.4000244,0.0004,1.00E-05,0.0013,0.00173,0.00071,0.00019
579.7600098,0.0004,2.00E-05,0.00143,0.00166,0.00068,0.0002
580.1099854,0.00041,1.00E-05,0.00156,0.00155,0.00069,0.00018
580.460022,0.00039,2.00E-05,0.00172,0.00147,0.00068,0.00015
580.8099976,0.00042,1.00E-05,0.00185,0.00136,0.00066,0.00017
581.1599731,0.00037,-2.00E-05,0.00188,0.00122,0.00058,0.00014
581.5100098,0.00034,-2.00E-05,0.00194,0.00112,0.00055,0.00011
581.8699951,0.00034,1.00E-05,0.00194,0.00102,0.00052,0.00011
582.2199707,0.00034,3.00E-05,0.0019,0.00092,0.00051,8.00E-05
582.5700073,0.00033,6.00E-05,0.00183,0.00082,0.00045,4.00E-05
582.9199829,0.00034,1.00E-05,0.00176,0.00076,0.00047,5.00E-05
583.2700195,0.00034,0,0.00162,0.00067,0.00045,2.00E-05
583.6199951,0.00033,3.00E-05,0.00152,0.00062,0.00046,-1.00E-05
583.9699707,0.00031,5.00E-05,0.00137,0.00058,0.00044,0
584.3300171,0.00029,4.00E-05,0.00122,0.0005,0.00043,0
584.6799927,0.0003,4.00E-05,0.00109,0.00046,0.00041,-1.00E-05
585.0300293,0.00028,2.00E-05,0.00098,0.00041,0.00042,0
585.3800049,0.00028,8.00E-05,0.00086,0.00037,0.00043,-2.00E-05
585.7299805,0.00022,9.00E-05,0.00074,0.00033,0.00039,-2.00E-05
586.0800171,0.00026,0.00014,0.00064,0.00034,0.00043,0
586.4299927,0.00029,0.00012,0.00061,0.00033,0.00047,0
586.7800293,0.00028,0.00015,0.00055,0.00033,0.00051,-1.00E-05
587.1300049,0.00027,0.00018,0.00052,0.00032,0.00054,5.00E-05
587.4799805,0.00033,0.00023,0.00052,0.00037,0.00053,6.00E-05
587.8400269,0.00031,0.00024,0.00045,0.00037,0.00051,8.00E-05
588.1900024,0.00035,0.00029,0.00045,0.00042,0.00058,0.00012
588.539978,0.00034,0.00026,0.00045,0.00039,0.00054,0.00013
588.8900146,0.00034,0.00029,0.00042,0.00039,0.00053,0.00013
589.2399902,0.00038,0.00028,0.00043,0.0004,0.00054,0.00018
589.5900269,0.00037,0.00025,0.00042,0.00041,0.00054,0.00017
589.9400024,0.00032,0.00022,0.00039,0.00038,0.00052,0.00017
590.289978,0.00033,0.00019,0.00037,0.00038,0.00054,0.00018
590.6400146,0.00033,0.00014,0.00038,0.00035,0.00053,0.00014
590.9899902,0.00032,0.00012,0.00039,0.00035,0.00053,0.00013
591.3400269,0.00032,9.00E-05,0.00036,0.00032,0.0005,9.00E-05
591.6900024,0.00032,0.00011,0.00032,0.00031,0.00048,6.00E-05
592.039978,0.00034,6.00E-05,0.0003,0.00026,0.00045,2.00E-05
592.3900146,0.00037,9.00E-05,0.00033,0.00027,0.00046,1.00E-05
592.7399902,0.0004,0.00013,0.00036,0.00025,0.00043,-1.00E-05
593.0900269,0.00044,0.00017,0.00035,0.00028,0.00044,2.00E-05
593.4400024,0.00046,0.00016,0.00031,0.00031,0.00044,1.00E-05
593.789978,0.0004,0.00014,0.00026,0.00033,0.00045,2.00E-05
594.1400146,0.00041,0.00012,0.00027,0.00032,0.00047,0
594.4899902,0.00039,0.00015,0.00027,0.00034,0.00051,3.00E-05
594.8400269,0.00037,0.00011,0.00021,0.00033,0.00048,-1.00E-05
595.1900024,0.00036,7.00E-05,0.00017,0.00032,0.0005,-1.00E-05
595.539978,0.00031,1.00E-05,0.00013,0.00026,0.00047,-3.00E-05
595.8900146,0.00032,1.00E-05,0.00015,0.00024,0.0005,-1.00E-05
596.2399902,0.00039,1.00E-04,0.00023,0.00031,0.00056,6.00E-05
596.5900269,0.00035,6.00E-05,0.00018,0.00029,0.00051,6.00E-05
596.9400024,0.00034,5.00E-05,0.00017,0.00029,0.00051,7.00E-05
597.289978,0.00034,7.00E-05,0.00016,0.0003,0.00054,0.00013
597.6400146,0.00031,8.00E-05,0.00018,0.00035,0.00053,0.00017
597.9899902,0.00031,6.00E-05,0.00019,0.00037,0.00053,0.00019
598.3400269,0.00025,6.00E-05,0.00014,0.00036,0.0005,0.00016
598.6900024,0.00023,-1.00E-05,8.00E-05,0.00028,0.00046,0.00013
599.039978,0.00028,1.00E-05,9.00E-05,0.00028,0.00049,0.00015
599.3900146,0.00028,0,6.00E-05,0.00025,0.00045,0.00015
599.7399902,0.00031,-2.00E-05,8.00E-05,0.00025,0.00044,0.00016
600.0900269,0.00034,-4.00E-05,4.00E-05,0.0002,0.00039,0.00012
600.4400024,0.00037,0,6.00E-05,0.00021,0.00038,0.00011
600.789978,0.00042,1.00E-05,7.00E-05,0.00021,0.0004,9.00E-05
601.1400146,0.00044,1.00E-05,8.00E-05,0.00025,0.00039,9.00E-05
601.4899902,0.00044,3.00E-05,9.00E-05,0.00028,0.0004,1.00E-04
601.8300171,0.00043,2.00E-05,0.00011,0.0003,0.00041,7.00E-05
602.1799927,0.00041,4.00E-05,9.00E-05,0.00031,0.00041,6.00E-05
602.5300293,0.00038,6.00E-05,1.00E-04,0.00034,0.00044,5.00E-05
602.8800049,0.00037,2.00E-05,1.00E-04,0.00035,0.00045,4.00E-05
603.2299805,0.0003,3.00E-05,0.00011,0.00032,0.00043,5.00E-05
603.5800171,0.00028,4.00E-05,0.00011,0.00031,0.00041,3.00E-05
603.9299927,0.00025,2.00E-05,0.00012,0.00029,0.0004,0
604.2800293,0.00025,3.00E-05,0.00012,0.00031,0.00038,0
604.6300049,0.00024,2.00E-05,0.00011,0.0003,0.00037,-1.00E-05
604.9699707,0.00023,0,0.00012,0.00031,0.0004,0
605.3200073,0.00024,3.00E-05,0.00011,0.00033,0.0004,2.00E-05
605.6699829,0.00028,0,8.00E-05,0.00035,0.00039,5.00E-05
606.0200195,0.00028,0,6.00E-05,0.00034,0.00039,3.00E-05
606.3699951,0.0003,-1.00E-05,7.00E-05,0.00038,0.00041,4.00E-05
606.7199707,0.0003,-2.00E-05,8.00E-05,0.00039,0.00046,5.00E-05
607.0700073,0.00034,-5.00E-05,0.00011,0.00038,0.00049,6.00E-05
607.4199829,0.00035,-3.00E-05,8.00E-05,0.00038,0.00048,7.00E-05
607.7600098,0.00035,-2.00E-05,1.00E-04,0.00036,0.00046,7.00E-05
608.1099854,0.00039,-1.00E-05,1.00E-04,0.00037,0.00049,7.00E-05
608.460022,0.00037,-2.00E-05,1.00E-04,0.00037,0.00051,0.00012
608.8099976,0.00037,-1.00E-05,9.00E-05,0.00034,0.00049,0.00012
609.1599731,0.00038,2.00E-05,8.00E-05,0.00035,0.00047,0.00014
609.5100098,0.00037,3.00E-05,4.00E-05,0.00033,0.00047,0.00013
609.8499756,0.00038,1.00E-05,5.00E-05,0.00032,0.00045,1.00E-04
610.2000122,0.00037,-2.00E-05,3.00E-05,0.00029,0.00047,6.00E-05
610.5499878,0.00036,0,5.00E-05,0.0003,0.00047,6.00E-05
610.9000244,0.00037,0,6.00E-05,0.00028,0.00044,2.00E-05
611.25,0.00037,0,9.00E-05,0.00029,0.00045,4.00E-05
611.5900269,0.00035,-3.00E-05,6.00E-05,0.00025,0.00044,0
611.9400024,0.00031,-6.00E-05,7.00E-05,0.00023,0.00043,-4.00E-05
612.289978,0.0003,-5.00E-05,0.00011,0.00025,0.00044,0
612.6400146,0.00037,2.00E-05,0.00015,0.00029,0.00049,8.00E-05
612.9899902,0.00034,-1.00E-05,0.00015,0.00026,0.00047,8.00E-05
613.3300171,0.00034,-2.00E-05,0.00018,0.00028,0.00054,1.00E-04
613.6799927,0.00037,1.00E-05,0.00017,0.00031,0.00055,1.00E-04
614.0300293,0.00033,-2.00E-05,0.0002,0.0003,0.00054,1.00E-04
614.3800049,0.00036,2.00E-05,0.00023,0.00034,0.00057,0.00013
614.7199707,0.00036,3.00E-05,0.00022,0.00035,0.00058,0.00013
615.0700073,0.00028,1.00E-05,0.00018,0.00032,0.00055,7.00E-05
615.4199829,0.0003,3.00E-05,0.00017,0.00034,0.00058,1.00E-04
615.7700195,0.00028,3.00E-05,0.00015,0.00032,0.00055,8.00E-05
616.1099854,0.00022,-1.00E-05,0.00014,0.00029,0.00053,4.00E-05
616.460022,0.00028,2.00E-05,0.00017,0.00032,0.00056,5.00E-05
616.8099976,0.00029,3.00E-05,0.00018,0.00033,0.00055,6.00E-05
617.1599731,0.00029,1.00E-05,0.00019,0.00031,0.00055,5.00E-05
617.5,0.00028,-4.00E-05,0.00017,0.00033,0.00055,3.00E-05
617.8499756,0.00027,-6.00E-05,0.00017,0.00032,0.00053,1.00E-05
618.2000122,0.00028,-7.00E-05,0.00017,0.00033,0.00053,1.00E-05
618.539978,0.00032,-5.00E-05,0.00018,0.00035,0.00053,4.00E-05
618.8900146,0.00032,-1.00E-05,0.00016,0.00037,0.00052,7.00E-05
619.2399902,0.00033,0,0.00014,0.00037,0.00052,7.00E-05
619.5900269,0.00031,0,0.00013,0.00033,0.00052,6.00E-05
619.9299927,0.00035,4.00E-05,0.00018,0.00034,0.00053,9.00E-05
620.2800293,0.0003,5.00E-05,0.00017,0.00034,0.00049,8.00E-05
620.6300049,0.00031,5.00E-05,0.00018,0.00032,0.0005,8.00E-05
620.9699707,0.00029,3.00E-05,0.00018,0.00031,0.0005,8.00E-05
621.3200073,0.00031,-1.00E-05,0.00019,0.00031,0.00054,5.00E-05
621.6699829,0.00028,-2.00E-05,0.0002,0.0003,0.0005,4.00E-05
622.0100098,0.00025,-4.00E-05,0.00021,0.00033,0.00051,3.00E-05
622.3599854,0.00024,-6.00E-05,0.00018,0.00034,0.00051,4.00E-05
622.710022,0.0003,-8.00E-05,0.0002,0.00037,0.00055,4.00E-05
623.0499878,0.00028,-8.00E-05,0.00018,0.00036,0.00053,4.00E-05
623.4000244,0.00029,-7.00E-05,0.0002,0.00039,0.00055,3.00E-05
623.75,0.00027,-6.00E-05,0.0002,0.00041,0.00055,5.00E-05
624.0900269,0.0003,-7.00E-05,0.00017,0.00042,0.00056,2.00E-05
624.4400024,0.00036,-2.00E-05,0.0002,0.00042,0.00057,8.00E-05
624.789978,0.00033,-3.00E-05,0.00018,0.00039,0.00056,5.00E-05
625.1300049,0.0003,0,0.00014,0.00037,0.00053,4.00E-05
625.4799805,0.00035,5.00E-05,0.00016,0.00038,0.00054,7.00E-05
625.8200073,0.00031,4.00E-05,0.00012,0.00032,0.00051,5.00E-05
626.1699829,0.0003,1.00E-05,1.00E-04,0.00028,0.00048,0
626.5200195,0.0003,-1.00E-05,0.00014,0.00028,0.0005,3.00E-05
626.8599854,0.00026,-5.00E-05,6.00E-05,0.00024,0.00046,-1.00E-05
627.210022,0.00029,-3.00E-05,3.00E-05,0.00025,0.00047,-2.00E-05
627.5499878,0.0003,-6.00E-05,7.00E-05,0.00026,0.00048,-2.00E-05
627.9000244,0.00031,-5.00E-05,7.00E-05,0.0003,0.00051,-4.00E-05
628.25,0.00033,-6.00E-05,7.00E-05,0.0003,0.00049,-4.00E-05
628.5900269,0.00029,-6.00E-05,5.00E-05,0.00026,0.00049,-3.00E-05
628.9400024,0.00029,-2.00E-05,2.00E-05,0.00028,0.00049,-2.00E-05
629.2800293,0.00032,-1.00E-05,8.00E-05,0.0003,0.00052,-3.00E-05
629.6300049,0.00031,-4.00E-05,9.00E-05,0.00029,0.00051,-4.00E-05
629.9799805,0.00028,-2.00E-05,6.00E-05,0.00027,0.00051,-3.00E-05
630.3200073,0.00023,-6.00E-05,4.00E-05,0.00023,0.00048,-4.00E-05
630.6699829,0.00022,-5.00E-05,7.00E-05,0.00025,0.00049,-4.00E-05
631.0100098,0.00023,-1.00E-05,1.00E-04,0.00031,0.00048,-3.00E-05
631.3599854,0.0002,-3.00E-05,8.00E-05,0.00028,0.00043,-6.00E-05
631.7000122,0.00023,0,7.00E-05,0.00027,0.00043,-2.00E-05
632.0499878,0.00024,2.00E-05,0.00011,0.00029,0.00046,-1.00E-05
632.3900146,0.00026,2.00E-05,0.00014,0.00031,0.00045,-2.00E-05
632.7399902,0.0003,3.00E-05,0.00018,0.00038,0.00047,0
633.0900269,0.00031,7.00E-05,0.00019,0.0004,0.00046,2.00E-05
633.4299927,0.00032,1.00E-05,0.00015,0.00037,0.00045,-1.00E-05
633.7800293,0.00032,-3.00E-05,0.00015,0.00035,0.00047,-3.00E-05
634.1199951,0.00023,-9.00E-05,0.00013,0.00033,0.00042,-7.00E-05
634.4699707,0.00023,-0.00011,1.00E-04,0.00034,0.0004,-9.00E-05
634.8099976,0.00022,-0.00011,8.00E-05,0.00034,0.00038,-6.00E-05
635.1599731,0.00022,-0.00011,7.00E-05,0.0003,0.00037,-9.00E-05
635.5,0.00021,-0.00015,4.00E-05,0.00026,0.00038,-0.00011
635.8499756,0.0002,-0.00012,7.00E-05,0.00026,0.00043,-6.00E-05
636.1900024,0.00022,-8.00E-05,0.00011,0.00029,0.00045,-3.00E-05
636.539978,0.00025,-5.00E-05,0.00013,0.00034,0.00051,0
636.8800049,0.00027,-5.00E-05,0.00013,0.00031,0.00047,-2.00E-05
637.2299805,0.00028,0,0.00015,0.00033,0.0005,0
637.5700073,0.00024,-1.00E-05,0.00016,0.00034,0.00052,3.00E-05
637.9199829,0.00025,-2.00E-05,0.00015,0.00037,0.00052,4.00E-05
638.2600098,0.00023,-2.00E-05,0.00015,0.00039,0.0005,1.00E-05
638.5999756,0.00023,-1.00E-05,0.00015,0.00037,0.00049,1.00E-05
638.9500122,0.00023,-1.00E-05,0.00016,0.00036,0.00048,3.00E-05
639.289978,0.00022,0,0.00017,0.00039,0.0005,7.00E-05
639.6400146,0.0002,-1.00E-04,0.00014,0.00036,0.00048,3.00E-05
639.9799805,0.00024,-0.00011,0.00013,0.00035,0.00048,4.00E-05
640.3300171,0.00023,-0.00011,0.00014,0.00033,0.00044,1.00E-05
640.6699829,0.00024,-0.00011,0.00014,0.0003,0.00042,1.00E-05
641.0200195,0.00022,-1.00E-04,0.00014,0.00029,0.00039,0
641.3599854,0.00022,-9.00E-05,0.00015,0.0003,0.00037,-1.00E-05
641.7000122,0.00022,-9.00E-05,0.00016,0.00029,0.00037,-3.00E-05
642.0499878,0.00027,-2.00E-05,0.0002,0.00032,0.00042,1.00E-05
642.3900146,0.00022,-2.00E-05,0.00018,0.00029,0.0004,-6.00E-05
642.7399902,0.00023,2.00E-05,0.00019,0.00033,0.00043,-4.00E-05
643.0800171,0.00025,0,0.00019,0.00031,0.00045,-1.00E-05
643.4299927,0.00025,-2.00E-05,0.00018,0.00032,0.00047,-3.00E-05
643.7700195,0.00021,-2.00E-05,0.00015,0.00034,0.00048,-4.00E-05
644.1099854,0.0002,-2.00E-05,0.00012,0.00034,0.00051,-1.00E-05
644.460022,0.00015,-3.00E-05,8.00E-05,0.00035,0.00052,-5.00E-05
644.7999878,0.00016,-4.00E-05,0.00011,0.00039,0.00055,0
645.1400146,0.00014,-8.00E-05,8.00E-05,0.00033,0.00053,1.00E-05
645.4899902,0.00013,-8.00E-05,1.00E-04,0.00035,0.00055,0
645.8300171,0.00016,-5.00E-05,0.00012,0.00036,0.00058,6.00E-05
646.1799927,0.00018,-9.00E-05,0.00013,0.00032,0.00059,4.00E-05
646.5200195,0.00019,-9.00E-05,0.00016,0.00031,0.00058,3.00E-05
646.8599854,0.00023,-7.00E-05,0.00016,0.00028,0.00058,4.00E-05
647.210022,0.00024,-5.00E-05,0.00016,0.00028,0.00056,4.00E-05
647.5499878,0.00025,-5.00E-05,0.00014,0.0003,0.00055,4.00E-05
647.8900146,0.00026,-4.00E-05,0.00014,0.00032,0.00055,5.00E-05
648.2399902,0.00025,-7.00E-05,0.00015,0.00028,0.00053,1.00E-05
648.5800171,0.00026,-3.00E-05,0.00017,0.00029,0.00055,3.00E-05
648.9199829,0.00026,-1.00E-05,0.00015,0.00031,0.00055,3.00E-05
649.2700195,0.00023,-4.00E-05,0.00013,0.00027,0.00053,0
649.6099854,0.00026,-3.00E-05,0.00015,0.00028,0.00052,1.00E-05
649.9500122,0.00027,-1.00E-05,0.00018,0.0003,0.00053,-1.00E-05
650.2999878,0.00029,1.00E-05,0.00019,0.0003,0.00054,1.00E-05
650.6400146,0.00024,2.00E-05,0.00015,0.00031,0.00051,-1.00E-05
650.9799805,0.00027,0,0.00014,0.00031,0.00053,-1.00E-05
651.3300171,0.00028,2.00E-05,0.00015,0.0003,0.00053,-2.00E-05
651.6699829,0.00029,3.00E-05,0.00019,0.00032,0.00053,0
652.0100098,0.00028,1.00E-05,0.00016,0.00032,0.00056,0
652.3599854,0.00028,2.00E-05,0.00015,0.00031,0.00053,1.00E-05
652.7000122,0.00028,2.00E-05,0.00017,0.00032,0.00052,4.00E-05
653.039978,0.00033,6.00E-05,0.0002,0.00038,0.00058,9.00E-05
653.3800049,0.0003,9.00E-05,0.00019,0.00039,0.00056,9.00E-05
653.7299805,0.00028,5.00E-05,0.00017,0.0004,0.00056,9.00E-05
654.0700073,0.00027,3.00E-05,0.00016,0.00042,0.00058,9.00E-05
654.4099731,0.00024,1.00E-05,0.00018,0.0004,0.00053,8.00E-05
654.75,0.00022,2.00E-05,0.00015,0.0004,0.00057,6.00E-05
655.0999756,0.0002,-1.00E-05,0.00011,0.00038,0.00056,2.00E-05
655.4400024,0.00018,-7.00E-05,9.00E-05,0.00035,0.00051,-2.00E-05
655.7800293,0.00018,-7.00E-05,0.00011,0.00037,0.00052,-3.00E-05
656.1199951,0.00016,-5.00E-05,1.00E-04,0.00037,0.00054,-4.00E-05
656.4699707,0.00016,-6.00E-05,0.00011,0.00037,0.00054,-2.00E-05
656.8099976,0.00016,-5.00E-05,0.00011,0.00038,0.00056,-3.00E-05
657.1500244,0.00018,-8.00E-05,0.00015,0.00039,0.00056,-3.00E-05
657.4899902,0.00018,-7.00E-05,0.00015,0.0004,0.00055,-5.00E-05
657.8400269,0.00019,-5.00E-05,0.00013,0.00041,0.0006,-3.00E-05
658.1799927,0.00017,-6.00E-05,0.00014,0.0004,0.00062,-6.00E-05
658.5200195,0.00018,-5.00E-05,0.00018,0.00039,0.00062,-4.00E-05
658.8599854,0.0002,-5.00E-05,0.00017,0.00038,0.00061,-8.00E-05
659.2000122,0.00019,-7.00E-05,0.00017,0.00039,0.0006,-8.00E-05
659.5499878,0.0002,-4.00E-05,0.00017,0.0004,0.00061,-9.00E-05
659.8900146,0.00022,-3.00E-05,0.00017,0.00039,0.00063,-6.00E-05
660.2299805,0.0002,0,0.00018,0.00039,0.00062,-7.00E-05
660.5700073,0.00023,-1.00E-05,0.00018,0.00041,0.00061,-5.00E-05
660.9099731,0.00023,-3.00E-05,0.00014,0.0004,0.00058,-7.00E-05
661.2600098,0.00022,-4.00E-05,0.00014,0.00041,0.00059,-2.00E-05
661.5999756,0.00021,-7.00E-05,0.00012,0.00039,0.00059,-1.00E-05
661.9400024,0.0002,-1.00E-04,0.00011,0.0004,0.00058,0
662.2800293,0.00019,-1.00E-04,1.00E-04,0.00042,0.00058,-2.00E-05
662.6199951,0.00017,-0.00016,9.00E-05,0.00038,0.00056,-3.00E-05
662.960022,0.00016,-0.00015,8.00E-05,0.00038,0.00055,-3.00E-05
663.3099976,0.00014,-0.00014,8.00E-05,0.00036,0.00058,-6.00E-05
663.6500244,0.00013,-1.00E-04,0.00012,0.00039,0.00056,-6.00E-05
663.9899902,0.00017,-4.00E-05,0.00015,0.00041,0.00059,-4.00E-05
664.3300171,0.0002,-1.00E-05,0.00016,0.0004,0.00065,-4.00E-05
664.6699829,0.00018,2.00E-05,0.00022,0.0004,0.00068,-1.00E-05
665.0100098,0.0002,5.00E-05,0.00027,0.00044,0.00072,-1.00E-05
665.3499756,0.00024,5.00E-05,0.00031,0.00043,0.00073,-1.00E-05
665.6900024,0.00024,2.00E-05,0.00033,0.00044,0.00071,2.00E-05
666.039978,0.00026,1.00E-05,0.0003,0.00042,0.00075,1.00E-05
666.3800049,0.00025,2.00E-05,0.00032,0.00042,0.00078,1.00E-05
666.7199707,0.00024,2.00E-05,0.00031,0.00041,0.00075,2.00E-05
667.0599976,0.00024,-4.00E-05,0.00026,0.00038,0.00074,0
667.4000244,0.00024,-6.00E-05,0.00023,0.00038,0.00074,0
667.7399902,0.00023,-5.00E-05,0.00019,0.0004,0.00075,2.00E-05
668.0800171,0.00022,-3.00E-05,0.0002,0.00041,0.00079,1.00E-05
668.4199829,0.0002,-5.00E-05,0.0002,0.00039,0.00078,-3.00E-05
668.7600098,0.00018,-8.00E-05,0.00019,0.00038,0.0008,-8.00E-05
669.0999756,0.00018,-1.00E-04,0.0002,0.00042,0.00085,-4.00E-05
669.4400024,0.00024,-3.00E-05,0.00024,0.00046,0.00088,-4.00E-05
669.789978,0.00026,0,0.00023,0.00048,0.00092,-4.00E-05
670.1300049,0.00027,-1.00E-05,0.00025,0.00047,0.00092,-7.00E-05
670.4699707,0.00029,-1.00E-05,0.00025,0.00049,0.00093,-8.00E-05
670.8099976,0.00029,-4.00E-05,0.00024,0.00051,0.00097,-6.00E-05
671.1500244,0.00033,1.00E-05,0.00027,0.00054,0.00101,1.00E-05
671.4899902,0.00035,6.00E-05,0.00029,0.00055,0.00101,0
671.8300171,0.00034,2.00E-05,0.00028,0.00056,0.00105,4.00E-05
672.1699829,0.00031,2.00E-05,0.00025,0.00054,0.00106,4.00E-05
672.5100098,0.00028,-1.00E-05,0.00024,0.00053,0.00111,5.00E-05
672.8499756,0.00028,-3.00E-05,0.00022,0.00051,0.00112,7.00E-05
673.1900024,0.00029,5.00E-05,0.00027,0.00058,0.00118,0.00011
673.5300293,0.00026,4.00E-05,0.00023,0.00057,0.00119,9.00E-05
673.8699951,0.00025,4.00E-05,0.00024,0.00057,0.00119,7.00E-05
674.210022,0.00026,8.00E-05,0.00026,0.00058,0.00123,8.00E-05
674.5499878,0.00029,8.00E-05,0.00031,0.00058,0.00123,8.00E-05
674.8900146,0.0003,0.00012,0.00034,0.00063,0.00125,1.00E-04
675.2299805,0.00031,0.00015,0.00034,0.00063,0.00127,1.00E-04
675.5700073,0.00028,1.00E-04,0.0003,0.00058,0.00124,6.00E-05
675.9099731,0.00026,7.00E-05,0.00032,0.00058,0.00123,5.00E-05
676.25,0.00026,4.00E-05,0.00028,0.00055,0.00122,5.00E-05
676.5900269,0.00021,-3.00E-05,0.00026,0.0005,0.00117,-2.00E-05
676.9299927,0.00021,-5.00E-05,0.00025,0.00054,0.00118,0
677.2700195,0.00019,-4.00E-05,0.00023,0.00053,0.00116,3.00E-05
677.6099854,0.0002,-1.00E-05,0.00026,0.00057,0.00116,5.00E-05
677.9500122,0.00023,2.00E-05,0.00026,0.00061,0.00116,8.00E-05
678.289978,0.00027,6.00E-05,0.00027,0.00064,0.00117,8.00E-05
678.6300049,0.00028,8.00E-05,0.0003,0.00067,0.00118,1.00E-04
678.9699707,0.00032,0.00014,0.00033,0.00072,0.00118,0.00013
679.3099976,0.00031,0.00012,0.00033,0.00074,0.00113,0.00014
679.6500244,0.00034,8.00E-05,0.00035,0.00074,0.00113,0.00012
679.9799805,0.00032,4.00E-05,0.00029,0.00073,0.00112,8.00E-05
680.3200073,0.0003,-1.00E-05,0.00026,0.00071,0.00112,9.00E-05
680.6599731,0.00034,1.00E-05,0.00028,0.00069,0.00113,1.00E-04
681,0.00032,0,0.00027,0.00069,0.00112,9.00E-05
681.3400269,0.00026,-3.00E-05,0.00027,0.00068,0.00112,7.00E-05
681.6799927,0.00031,2.00E-05,0.00028,0.00074,0.00123,1.00E-04
682.0200195,0.00027,2.00E-05,0.00026,0.00074,0.00122,9.00E-05
682.3599854,0.00032,9.00E-05,0.00032,0.0008,0.0013,0.00011
682.7000122,0.00035,0.00012,0.00035,0.00082,0.00131,0.00011
683.039978,0.00035,7.00E-05,0.00034,0.00086,0.00132,1.00E-04
683.3800049,0.00037,7.00E-05,0.00037,0.0009,0.00134,1.00E-04
683.710022,0.0004,6.00E-05,0.00035,0.00091,0.00136,9.00E-05
684.0499878,0.00038,6.00E-05,0.00035,0.00089,0.00134,9.00E-05
684.3900146,0.00038,6.00E-05,0.00037,0.00094,0.00137,0.00011
684.7299805,0.00034,1.00E-05,0.00037,0.00095,0.00133,9.00E-05
685.0700073,0.00031,2.00E-05,0.00038,0.001,0.00139,1.00E-04
685.4099731,0.00026,4.00E-05,0.00038,0.001,0.00143,6.00E-05
685.75,0.00023,2.00E-05,0.00037,0.00103,0.00147,5.00E-05
686.0900269,0.00025,5.00E-05,0.00044,0.00109,0.00155,8.00E-05
686.4199829,0.00021,0,0.00038,0.00107,0.00154,2.00E-05
686.7600098,0.0002,1.00E-05,0.00039,0.00108,0.00162,3.00E-05
687.0999756,0.00021,7.00E-05,0.00041,0.00111,0.00176,4.00E-05
687.4400024,0.00024,6.00E-05,0.00043,0.00112,0.00187,6.00E-05
687.7800293,0.00025,5.00E-05,0.00045,0.00117,0.00201,0.00011
688.1199951,0.00028,8.00E-05,0.00048,0.00119,0.00219,0.00013
688.4500122,0.00027,6.00E-05,0.00044,0.00118,0.00232,0.00011
688.789978,0.00031,9.00E-05,0.00049,0.00123,0.0025,0.00014
689.1300049,0.00033,1.00E-04,0.00056,0.00124,0.00266,0.00013
689.4699707,0.00031,7.00E-05,0.00058,0.00121,0.00278,0.00017
689.8099976,0.00029,4.00E-05,0.00057,0.00122,0.00287,0.00013
690.1400146,0.00028,4.00E-05,0.00057,0.00116,0.0029,9.00E-05
690.4799805,0.00028,4.00E-05,0.00057,0.00115,0.00292,7.00E-05
690.8200073,0.00026,7.00E-05,0.00059,0.00114,0.00292,1.00E-04
691.1599731,0.00021,7.00E-05,0.00058,0.0011,0.00291,0.00012
691.5,0.00026,7.00E-05,0.00056,0.00111,0.00283,1.00E-04
691.8300171,0.00023,5.00E-05,0.00052,0.00112,0.00267,4.00E-05
692.1699829,0.00023,0.00011,0.00055,0.00114,0.00257,6.00E-05
692.5100098,0.00023,8.00E-05,0.00055,0.00117,0.00248,9.00E-05
692.8499756,0.0002,7.00E-05,0.00052,0.00118,0.00238,1.00E-04
693.1799927,0.00022,7.00E-05,0.00055,0.00117,0.0023,8.00E-05
693.5200195,0.00031,8.00E-05,0.0006,0.00126,0.00228,8.00E-05
693.8599854,0.00025,6.00E-05,0.0006,0.00125,0.00226,8.00E-05
694.2000122,0.00031,1.00E-04,0.00065,0.00129,0.00232,7.00E-05
694.5300293,0.0003,7.00E-05,0.00066,0.0013,0.0023,9.00E-05
694.8699951,0.00035,0.00014,0.00072,0.00136,0.00236,0.00012
695.210022,0.00037,0.00015,0.00076,0.00139,0.00238,0.00013
695.5499878,0.00035,0.00017,0.00075,0.00146,0.00242,0.00014
695.8800049,0.0003,0.00016,0.00074,0.00147,0.00244,0.00012
696.2199707,0.00034,0.00019,0.00074,0.00152,0.00247,0.00015
696.5599976,0.00033,0.0002,0.00079,0.00159,0.0025,0.00021
696.9000244,0.00034,0.00024,0.00083,0.00159,0.00256,0.00021
697.2299805,0.00027,0.00024,0.00082,0.00159,0.00253,0.00013
697.5700073,0.00024,0.00023,0.00079,0.00162,0.00256,0.00011
697.9099731,0.00031,0.00024,0.00081,0.00163,0.00257,0.00014
698.2399902,0.00035,0.00028,0.00086,0.00168,0.00262,0.00017
698.5800171,0.00036,0.00033,0.00092,0.00171,0.0027,0.00014
698.9199829,0.00039,0.00032,0.0009,0.00171,0.00271,0.00011
699.25,0.00041,0.0003,0.00088,0.00177,0.00275,0.00012
699.5900269,0.00045,0.00026,0.00092,0.00181,0.00283,0.00016
699.9299927,0.0005,0.00026,0.001,0.00185,0.00285,0.00021
700.2600098,0.00045,0.00026,0.00103,0.0019,0.00293,0.0002
700.5999756,0.00043,0.00026,0.00105,0.0019,0.00297,0.00023
700.9400024,0.00041,0.00019,0.00101,0.0019,0.00296,0.00026
701.2700195,0.00039,0.0002,0.00104,0.00194,0.00298,0.00026
701.6099854,0.00038,0.00021,0.00106,0.00196,0.00298,0.00023
701.9500122,0.00037,0.00021,0.00106,0.002,0.00297,0.00025
702.2800293,0.00039,0.00022,0.00106,0.00207,0.00303,0.00024
702.6199951,0.00038,0.00022,0.00103,0.00211,0.00304,0.00023
702.960022,0.00038,0.00017,0.00104,0.00216,0.00304,0.00017
703.289978,0.00037,0.0002,0.00107,0.00224,0.00306,0.00019
703.6300049,0.00038,0.00018,0.00106,0.00229,0.00308,0.00021
703.960022,0.00036,0.00019,0.00109,0.00234,0.00313,0.00023
704.2999878,0.0004,0.00024,0.00109,0.00238,0.00316,0.00026
704.6400146,0.00038,0.0003,0.00112,0.00243,0.00321,0.00032
704.9699707,0.00039,0.00029,0.00115,0.00241,0.00323,0.00029
705.3099976,0.00038,0.00032,0.00113,0.0024,0.00324,0.0003
705.6400146,0.00036,0.00031,0.00115,0.00237,0.00324,0.00028
705.9799805,0.00038,0.00036,0.00122,0.00242,0.00334,0.00029
706.3200073,0.00041,0.00033,0.00122,0.00243,0.00337,0.0003
706.6500244,0.00036,0.0003,0.00122,0.00244,0.00344,0.00027
706.9899902,0.00033,0.00021,0.00119,0.00238,0.00343,0.00021
707.3200073,0.00032,0.00021,0.0012,0.00242,0.00349,0.00021
707.6599731,0.00035,0.00022,0.00123,0.00248,0.00358,0.00024
707.9899902,0.0004,0.00029,0.00124,0.00257,0.00367,0.00026
708.3300171,0.00039,0.00026,0.0012,0.00255,0.00372,0.00025
708.6699829,0.00039,0.00027,0.00122,0.00264,0.0038,0.00026
709,0.00044,0.00031,0.00127,0.00267,0.00387,0.0003
709.3400269,0.00043,0.00033,0.00129,0.00274,0.00393,0.00032
709.6699829,0.00046,0.00035,0.00135,0.00284,0.00397,0.00036
710.0100098,0.00043,0.00033,0.00136,0.00284,0.00397,0.00036
710.3400269,0.00039,0.0003,0.00139,0.00286,0.004,0.00034
710.6799927,0.00035,0.00031,0.0014,0.00291,0.00397,0.00031
711.0100098,0.0004,0.00036,0.00143,0.00291,0.004,0.00031
711.3499756,0.0004,0.00036,0.00146,0.00298,0.00407,0.00034
711.6799927,0.00042,0.00038,0.0015,0.003,0.0041,0.00033
712.0200195,0.00043,0.00042,0.00148,0.00304,0.00416,0.00032
712.3499756,0.00041,0.00045,0.00152,0.00307,0.00421,0.00033
712.6900024,0.00048,0.00051,0.00155,0.0031,0.00427,0.00036
713.0200195,0.00053,0.00054,0.00159,0.00315,0.00436,0.00042
713.3599854,0.00043,0.00048,0.00156,0.00316,0.00437,0.00037
713.6900024,0.00048,0.00055,0.00159,0.00318,0.0044,0.00036
714.0300293,0.00057,0.00066,0.00171,0.00329,0.00455,0.00042
714.3599854,0.00054,0.00062,0.00175,0.0033,0.0046,0.00045
714.7000122,0.00059,0.00061,0.00179,0.00337,0.0047,0.00046
715.0300293,0.00061,0.00058,0.00182,0.00345,0.00476,0.00044
715.3699951,0.00062,0.00055,0.00188,0.00346,0.00482,0.00044
715.7000122,0.00064,0.00054,0.00188,0.00349,0.00485,0.00044
716.039978,0.00062,0.00051,0.00184,0.00352,0.00485,0.00042
716.3699951,0.00052,0.00036,0.00175,0.0035,0.00485,0.00039
716.7000122,0.00055,0.00033,0.00172,0.00355,0.00491,0.00038
717.039978,0.00057,0.00037,0.00175,0.00357,0.00496,0.0004
717.3699951,0.00053,0.00041,0.00176,0.00357,0.00502,0.00042
717.710022,0.00049,0.00043,0.00171,0.00361,0.00508,0.00043
718.039978,0.00051,0.00049,0.00177,0.00366,0.00518,0.00043
718.3800049,0.00048,0.00045,0.0018,0.00368,0.00519,0.00044
718.710022,0.00053,0.00054,0.00187,0.00374,0.00524,0.0005
719.039978,0.00054,0.00061,0.00192,0.00381,0.00525,0.00051
719.3800049,0.00056,0.00061,0.00192,0.00384,0.0053,0.00051
719.710022,0.00058,0.00059,0.00194,0.00391,0.00535,0.00054
720.0499878,0.00061,0.00056,0.00197,0.00395,0.00535,0.00046
720.3800049,0.00068,0.0006,0.00198,0.00403,0.00544,0.00049
720.710022,0.00071,0.00066,0.00204,0.00416,0.00555,0.00052
721.0499878,0.00069,0.00067,0.00201,0.0042,0.00554,0.00043
721.3800049,0.00069,0.00062,0.00202,0.00422,0.00561,0.00041
721.7199707,0.00066,0.00064,0.00203,0.00427,0.00567,0.00042
722.0499878,0.00063,0.00069,0.00204,0.00428,0.00574,0.00039
722.3800049,0.00059,0.00073,0.00207,0.00435,0.00586,0.00043
722.7199707,0.00057,0.00072,0.0021,0.00441,0.0059,0.00044
723.0499878,0.00057,0.00074,0.00212,0.00439,0.00598,0.00044
723.3800049,0.00058,0.00075,0.00218,0.00442,0.00609,0.00049
723.7199707,0.00062,0.00081,0.00225,0.00448,0.0062,0.00054
724.0499878,0.00062,0.00079,0.00223,0.00453,0.00621,0.00049
724.3800049,0.00063,0.00074,0.00224,0.00457,0.00625,0.00051
724.7199707,0.00065,0.00076,0.00228,0.00462,0.00629,0.00057
725.0499878,0.00063,0.00074,0.0023,0.00461,0.00635,0.0006
725.3800049,0.00062,0.00076,0.00232,0.00467,0.00639,0.00062
725.7199707,0.00066,0.00077,0.00232,0.00475,0.00646,0.00065
726.0499878,0.0007,0.00082,0.00234,0.00479,0.00649,0.00066
726.3800049,0.0007,0.00083,0.00241,0.00482,0.0066,0.00067
726.7199707,0.00074,0.00089,0.00249,0.00486,0.00665,0.00068
727.0499878,0.00077,0.00091,0.0025,0.0049,0.00673,0.00071
727.3800049,0.0008,0.00092,0.00257,0.00497,0.00676,0.0007
727.710022,0.00083,0.00092,0.00265,0.00502,0.00682,0.00069
728.0499878,0.00083,0.00095,0.00271,0.00506,0.0069,0.00069
728.3800049,0.00079,0.0009,0.00274,0.0051,0.00699,0.0007
728.710022,0.00078,0.00091,0.00275,0.00513,0.007,0.0007
729.0499878,0.00076,0.00094,0.0028,0.00526,0.0071,0.00074
729.3800049,0.00077,0.00094,0.00283,0.00532,0.00715,0.00073
729.710022,0.00071,0.00093,0.00284,0.00534,0.00722,0.00072
730.039978,0.00066,0.0009,0.00278,0.00538,0.00724,0.00069
730.3800049,0.00063,0.00081,0.00274,0.0054,0.00727,0.00066
730.710022,0.00063,0.0008,0.00273,0.00538,0.0073,0.00063
731.039978,0.00069,0.00088,0.0028,0.00555,0.00742,0.00069
731.3699951,0.00075,0.00084,0.0028,0.00556,0.00748,0.00072
731.710022,0.00072,0.00081,0.00279,0.00557,0.00754,0.00067
732.039978,0.00079,0.00084,0.00284,0.00568,0.00763,0.00068
732.3699951,0.00083,0.00082,0.00288,0.00569,0.007710001,0.00069
732.7000122,0.0008,0.00088,0.00291,0.00568,0.00772,0.0007
733.039978,0.00075,0.00085,0.00291,0.00576,0.00776,0.00073
733.3699951,0.00069,0.00076,0.00286,0.0057,0.00776,0.00064
733.7000122,0.00061,0.00077,0.00285,0.00572,0.00777,0.00057
734.0300293,0.00062,0.00082,0.00286,0.00574,0.0078,0.00056
734.3599854,0.00061,0.00085,0.00292,0.00575,0.00781,0.00056
734.7000122,0.00059,0.00086,0.0029,0.00577,0.007850001,0.00053
735.0300293,0.00064,0.00087,0.00292,0.00583,0.008,0.00052
735.3599854,0.00066,0.00095,0.00298,0.00582,0.00802,0.00051
735.6900024,0.00065,0.00099,0.003,0.00587,0.00806,0.00056
736.0200195,0.00065,0.00098,0.00299,0.00586,0.00811,0.00057
736.3499756,0.00064,0.00095,0.00304,0.00589,0.00818,0.00063
736.6900024,0.00059,0.00097,0.00299,0.00592,0.00826,0.00062
737.0200195,0.00061,0.00095,0.00302,0.00597,0.00832,0.00065
737.3499756,0.00061,0.00094,0.00311,0.00607,0.00827,0.00064
737.6799927,0.00057,0.00093,0.00313,0.00614,0.00833,0.00065
738.0100098,0.00063,0.0009,0.00321,0.0062,0.00844,0.00069
738.3400269,0.00062,0.00094,0.00318,0.00631,0.00847,0.00068
738.6799927,0.00061,0.00098,0.00313,0.00634,0.00849,0.00063
739.0100098,0.00072,0.00103,0.0032,0.00643,0.00861,0.00068
739.3400269,0.00075,0.00107,0.00322,0.00645,0.008690001,0.00071
739.6699829,0.00073,0.00106,0.00319,0.0065,0.00881,0.00072
740,0.00073,0.0011,0.00316,0.00657,0.008880001,0.00068
740.3300171,0.00072,0.00111,0.00316,0.00657,0.00892,0.00067
740.6599731,0.00073,0.00107,0.00326,0.00657,0.00897,0.00076
740.9899902,0.00075,0.00103,0.00334,0.0066,0.00908,0.00076
741.3200073,0.00072,0.00105,0.00338,0.00665,0.00905,0.00076
741.6599731,0.0007,0.00108,0.0034,0.00673,0.0091,0.00073
741.9899902,0.00074,0.00109,0.00346,0.00674,0.00918,0.00078
742.3200073,0.00074,0.00111,0.00351,0.00675,0.00923,0.0008
742.6500244,0.00075,0.00116,0.00354,0.0068,0.00926,0.00075
742.9799805,0.0008,0.00121,0.00353,0.00686,0.0093,0.00072
743.3099976,0.00082,0.0013,0.00361,0.00697,0.00936,0.00079
743.6400146,0.00087,0.00128,0.00358,0.00697,0.00948,0.00083
743.9699707,0.00083,0.00124,0.00359,0.007,0.0095,0.00086
744.2999878,0.00081,0.00131,0.00357,0.00703,0.0095,0.00087
744.6300049,0.00089,0.00133,0.00364,0.00716,0.00963,0.00095
744.960022,0.00085,0.00135,0.00361,0.00719,0.00966,0.00092
745.289978,0.00084,0.00134,0.00363,0.00715,0.0097,0.0009
745.6199951,0.0008,0.00126,0.00354,0.00712,0.00966,0.00088
745.9500122,0.00084,0.00123,0.00365,0.00721,0.00966,0.00087
746.2800293,0.0009,0.00128,0.00373,0.00729,0.00979,0.0009
746.6099854,0.00087,0.00122,0.00376,0.00731,0.00982,0.00088
746.9400024,0.0008,0.00114,0.00369,0.00724,0.00978,0.00078
747.2800293,0.00075,0.00107,0.00372,0.00723,0.00978,0.00079
747.6099854,0.00073,0.00112,0.00379,0.00738,0.00988,0.00083
747.9400024,0.00073,0.00112,0.0038,0.00739,0.00995,0.00074
748.2700195,0.00058,0.00107,0.00369,0.00733,0.00992,0.00065
748.5999756,0.00053,0.00109,0.00372,0.00735,0.00993,0.00061
748.9299927,0.0006,0.00117,0.00373,0.00745,0.01003,0.00064
749.2600098,0.0006,0.00123,0.0038,0.00756,0.01005,0.00071
749.5800171,0.00065,0.00127,0.00386,0.00761,0.010140001,0.00072
749.9099731,0.00066,0.00126,0.00385,0.00761,0.010190001,0.00067
750.2399902,0.00067,0.00127,0.00389,0.00766,0.01021,0.00074
750.5700073,0.00071,0.00131,0.00391,0.00772,0.010290001,0.00073
750.9000244,0.0007,0.00127,0.00388,0.00774,0.01027,0.00072
751.2299805,0.00066,0.00123,0.00388,0.00773,0.010240001,0.00069
751.5599976,0.00069,0.00117,0.00384,0.00772,0.010299999,0.00069
751.8900146,0.00065,0.00118,0.00381,0.00774,0.010299999,0.00073
752.2199707,0.0007,0.00128,0.00393,0.0078,0.01041,0.0008
752.5499878,0.00066,0.00129,0.00399,0.00781,0.01046,0.00081
752.8800049,0.00066,0.00137,0.004,0.00782,0.01048,0.00087
753.210022,0.00072,0.00142,0.00404,0.00786,0.010650001,0.0009
753.539978,0.00076,0.00139,0.00405,0.007900001,0.010720001,0.0009
753.8699951,0.00073,0.00137,0.00407,0.00796,0.010729999,0.00086
754.2000122,0.0008,0.00139,0.00416,0.00803,0.010829999,0.00086
754.5300293,0.00075,0.00125,0.00405,0.00805,0.010770001,0.00078
754.8599854,0.00076,0.00128,0.00405,0.0081,0.010829999,0.00078
755.1900024,0.00083,0.00128,0.00412,0.00818,0.01101,0.00084
755.5100098,0.00078,0.00136,0.00418,0.00822,0.011059999,0.00092
755.8400269,0.00079,0.00146,0.00423,0.00826,0.011109999,0.00095
756.1699829,0.00075,0.00145,0.00423,0.00826,0.01114,0.00094
756.5,0.00083,0.00156,0.00425,0.00828,0.01122,0.00104
756.8300171,0.00082,0.00162,0.00435,0.008309999,0.01129,0.00108
757.1599731,0.00092,0.00162,0.00436,0.00844,0.011390001,0.00113
757.4899902,0.00092,0.00159,0.00432,0.00847,0.01128,0.00111
757.8200073,0.00097,0.00152,0.00429,0.00854,0.0113,0.00108
758.1400146,0.00095,0.00153,0.0043,0.00862,0.011360001,0.00112
758.4699707,0.00099,0.00166,0.00435,0.008690001,0.011410001,0.00116
758.7999878,0.00087,0.00153,0.00425,0.00865,0.01133,0.00103
759.1300049,0.0009,0.00153,0.00426,0.0087,0.011419999,0.00106
759.460022,0.00082,0.00157,0.00429,0.00861,0.011369999,0.00101
759.789978,0.00079,0.00159,0.00434,0.00861,0.011460001,0.00101
760.1199951,0.00074,0.00152,0.00434,0.00856,0.0114,0.00096
760.4400024,0.00074,0.00145,0.00435,0.00854,0.01143,0.00087
760.7700195,0.00076,0.00145,0.00439,0.00857,0.01148,0.00087
761.0999756,0.00078,0.00149,0.00448,0.00866,0.011510001,0.00096
761.4299927,0.00076,0.00148,0.00439,0.008690001,0.01144,0.0009
761.7600098,0.00079,0.00147,0.00441,0.0088,0.01154,0.0009
762.0800171,0.00074,0.00143,0.0044,0.00885,0.011569999,0.00086
762.4099731,0.00079,0.00153,0.00446,0.00895,0.01164,0.00092
762.7399902,0.00076,0.00155,0.00446,0.00901,0.01163,0.00093
763.0700073,0.00078,0.00154,0.00448,0.00903,0.01169,0.00097
763.4000244,0.00085,0.00158,0.00451,0.00908,0.011820001,0.00098
763.7199707,0.00081,0.00156,0.00448,0.00903,0.01184,0.00093
764.0499878,0.00082,0.00155,0.00448,0.00901,0.011849999,0.00097
764.3800049,0.00086,0.00157,0.00455,0.00905,0.011879999,0.001
764.710022,0.00082,0.00151,0.00452,0.00907,0.01186,0.00098
765.039978,0.00087,0.00154,0.00452,0.00909,0.01192,0.001
765.3599854,0.00089,0.00152,0.00453,0.009,0.01197,0.00097
765.6900024,0.0009,0.00153,0.00455,0.00906,0.012,0.00096
766.0200195,0.00093,0.00151,0.00465,0.0091,0.01206,0.00107
766.3499756,0.00092,0.00158,0.00472,0.00918,0.01211,0.00111
766.6699829,0.00084,0.0015,0.00461,0.00914,0.01208,0.00103
767,0.00085,0.00153,0.00461,0.00914,0.01212,0.00105
767.3300171,0.0008,0.0015,0.0046,0.00911,0.01212,0.00098
767.6500244,0.00071,0.00153,0.00454,0.00929,0.0121,0.00101
767.9799805,0.00074,0.00155,0.00457,0.009240001,0.01214,0.00103
768.3099976,0.00078,0.00164,0.00459,0.00931,0.012200001,0.00105
768.6400146,0.00074,0.00158,0.00448,0.00928,0.012209999,0.00097
768.960022,0.00083,0.00168,0.00453,0.0093,0.01228,0.00104
769.289978,0.0008,0.00164,0.00461,0.009240001,0.01235,0.001
769.6199951,0.00075,0.00164,0.00459,0.009240001,0.012309999,0.00109
769.9400024,0.00078,0.0016,0.00464,0.00921,0.012300001,0.00105
770.2700195,0.00072,0.00153,0.00456,0.00928,0.01224,0.00096
770.5999756,0.00068,0.00148,0.0046,0.0093,0.01224,0.00096
770.9199829,0.00072,0.00145,0.00464,0.00935,0.012250001,0.00097
771.25,0.00075,0.00152,0.00478,0.009430001,0.012300001,0.00098
771.5800171,0.0008,0.00163,0.00482,0.0096,0.01237,0.00101
771.9000244,0.0009,0.00165,0.00493,0.00968,0.01248,0.00099
772.2299805,0.00088,0.0016,0.00494,0.00964,0.012560001,0.00101
772.5599976,0.00089,0.00163,0.00497,0.009649999,0.01266,0.00111
772.8800049,0.00092,0.00168,0.00497,0.00971,0.01276,0.00108
773.210022,0.001,0.00175,0.00505,0.009670001,0.01284,0.0011
773.539978,0.00095,0.00171,0.005,0.00971,0.01283,0.00105
773.8599854,0.00092,0.00162,0.00489,0.00966,0.01282,0.00102
774.1900024,0.00078,0.00155,0.00474,0.00961,0.01283,0.00097
774.5200195,0.00078,0.00169,0.00488,0.00968,0.01288,0.00094
774.8400269,0.00079,0.00174,0.00493,0.00976,0.01293,0.00096
775.1699829,0.00089,0.00176,0.00495,0.00984,0.012999999,0.00102
775.5,0.0009,0.00174,0.00496,0.00995,0.01303,0.00111
775.8200073,0.00087,0.00173,0.00492,0.00993,0.01312,0.00118
776.1500244,0.00086,0.00171,0.00491,0.0099,0.01306,0.00118
776.4699707,0.00094,0.00177,0.00508,0.009980001,0.013049999,0.00118
776.7999878,0.00097,0.00174,0.00492,0.01,0.01303,0.00116
777.1199951,0.00096,0.00178,0.00494,0.00995,0.01298,0.00109
777.4500122,0.00086,0.00172,0.00493,0.0099,0.01293,0.00102
777.7800293,0.00079,0.0017,0.00494,0.00992,0.012940001,0.00089
778.0999756,0.00078,0.00167,0.00496,0.0099,0.01293,0.00084
778.4299927,0.0008,0.00176,0.00508,0.00985,0.01307,0.00085
778.75,0.00083,0.0018,0.0051,0.0099,0.013150001,0.00086
779.0800171,0.00085,0.00172,0.00519,0.00997,0.01322,0.00098
779.4000244,0.00092,0.00169,0.0052,0.01003,0.01332,0.00108
779.7299805,0.00088,0.00165,0.00515,0.01002,0.01334,0.00109
780.0599976,0.00079,0.0016,0.00507,0.00997,0.013309999,0.00104
780.3800049,0.0008,0.00158,0.00505,0.01001,0.01337,0.00107
780.710022,0.00079,0.00159,0.00499,0.010199999,0.013300001,0.00105
781.0300293,0.00082,0.00161,0.00494,0.01018,0.013300001,0.00106
781.3599854,0.00086,0.00168,0.00494,0.01015,0.01328,0.00101
781.6799927,0.00082,0.00167,0.00502,0.01015,0.013350001,0.001
782.0100098,0.00087,0.00175,0.00507,0.01016,0.013400001,0.00105
782.3300171,0.00087,0.0018,0.00513,0.01015,0.013359999,0.00103
782.6599731,0.00087,0.00178,0.00508,0.01007,0.013300001,0.00096
782.9799805,0.00097,0.00176,0.00512,0.00999,0.013459999,0.00109
783.3099976,0.00098,0.00178,0.00524,0.00999,0.01352,0.00119
783.6300049,0.00097,0.00185,0.00527,0.010089999,0.01367,0.00123
783.960022,0.00095,0.00182,0.00522,0.01011,0.01361,0.00124
784.2800293,0.00095,0.00186,0.00532,0.010240001,0.013660001,0.00121
784.6099854,0.00108,0.00196,0.00537,0.01039,0.013839999,0.00134
784.9299927,0.00104,0.00207,0.00553,0.01058,0.01393,0.00148
785.2600098,0.00105,0.00219,0.00563,0.01074,0.013839999,0.0014
785.5800171,0.00103,0.00224,0.00561,0.01081,0.01386,0.00132
785.9099731,0.00098,0.00221,0.00565,0.01071,0.013780001,0.00133
786.2299805,0.00095,0.0022,0.00567,0.01075,0.013710001,0.00125
786.5599976,0.00096,0.00212,0.00557,0.0107,0.01372,0.00129
786.8800049,0.00086,0.00202,0.00549,0.01055,0.01365,0.00121
787.2000122,0.00096,0.00205,0.00553,0.01049,0.01361,0.00116
787.5300293,0.00084,0.00194,0.00545,0.01039,0.01363,0.00117
787.8499756,0.0008,0.00187,0.00545,0.010369999,0.013710001,0.00122
788.1799927,0.00082,0.00184,0.00538,0.01045,0.013739999,0.00118
788.5,0.00085,0.00182,0.00539,0.01038,0.013940001,0.00117
788.8300171,0.00088,0.00182,0.00542,0.010369999,0.01393,0.00108
789.1500244,0.00093,0.00191,0.00548,0.01048,0.01395,0.00115
789.4699707,0.00084,0.00183,0.00537,0.01049,0.01401,0.00117
789.7999878,0.00096,0.0019,0.00546,0.01052,0.014099999,0.00116
790.1199951,0.00097,0.00187,0.00536,0.01052,0.01397,0.00109
790.4500122,0.00094,0.00188,0.00544,0.01056,0.01392,0.00104
790.7700195,0.00097,0.00188,0.0054,0.0106,0.01388,0.00107
791.0900269,0.00089,0.00194,0.0054,0.01058,0.01388,0.0012
791.4199829,0.0009,0.00188,0.0054,0.01053,0.01391,0.00119
791.7399902,0.00098,0.00182,0.00544,0.01055,0.01385,0.00116
792.0599976,0.00095,0.00177,0.0054,0.01059,0.01385,0.00124
792.3900146,0.00086,0.00167,0.0054,0.01053,0.01386,0.00134
792.710022,0.00088,0.00165,0.00542,0.01049,0.01397,0.00145
793.039978,0.00088,0.0017,0.00543,0.01048,0.01397,0.00146
793.3599854,0.00088,0.00172,0.00542,0.0105,0.01396,0.00141
793.6799927,0.00082,0.00174,0.00543,0.01054,0.014,0.0014
794.0100098,0.00078,0.0018,0.00547,0.01058,0.01411,0.00139
794.3300171,0.00071,0.00177,0.00549,0.01061,0.01418,0.0013
794.6500244,0.00073,0.00182,0.00554,0.01061,0.014199999,0.00107
794.9799805,0.00071,0.00179,0.00543,0.010729999,0.014140001,0.00101
795.2999878,0.0008,0.0019,0.00552,0.0108,0.01422,0.00107
795.6199951,0.00092,0.00192,0.00562,0.01096,0.01434,0.00112
795.9400024,0.00095,0.00189,0.00562,0.011,0.01435,0.00117
796.2700195,0.00104,0.00189,0.00559,0.011,0.014359999,0.00118
796.5900269,0.00107,0.00192,0.00566,0.01102,0.01434,0.0013
796.9099731,0.00119,0.00197,0.00571,0.01117,0.01447,0.00146
797.2399902,0.00117,0.00198,0.00576,0.01105,0.014520001,0.00145
797.5599976,0.00105,0.00184,0.00568,0.011,0.01443,0.00127
797.8800049,0.00094,0.00179,0.00559,0.010930001,0.014479999,0.00122
798.210022,0.00103,0.00193,0.00562,0.010989999,0.014529999,0.00115
798.5300293,0.00106,0.00192,0.00559,0.010980001,0.01441,0.00113
798.8499756,0.00099,0.00192,0.00541,0.01092,0.01441,0.00094
799.1699829,0.00099,0.00196,0.0054,0.01096,0.01438,0.00096
799.5,0.00103,0.00201,0.00553,0.011059999,0.01447,0.00096
799.8200073,0.00108,0.00208,0.0055,0.011080001,0.01456,0.00104
800.1400146,0.00109,0.00201,0.00547,0.011030001,0.01444,0.0009
800.460022,0.00091,0.00186,0.00546,0.01089,0.01435,0.00079
800.789978,0.0009,0.00197,0.00553,0.010989999,0.01459,0.00084
801.1099854,0.00095,0.00196,0.00556,0.01107,0.01466,0.00085
801.4299927,0.00096,0.00194,0.00557,0.01095,0.01465,0.00074
801.75,0.00092,0.00185,0.00546,0.01091,0.014570001,0.0006
802.0700073,0.00086,0.0018,0.00548,0.01092,0.01454,0.0006
802.4000244,0.00081,0.00177,0.00548,0.0109,0.01446,0.00072
802.7199707,0.00084,0.00177,0.00554,0.01095,0.014570001,0.00074
803.039978,0.00085,0.00172,0.00561,0.01089,0.014479999,0.00072
803.3599854,0.00089,0.00176,0.00565,0.01092,0.01442,0.00077
803.6799927,0.00084,0.00177,0.00566,0.0109,0.014400001,0.00081
804.0100098,0.00081,0.00178,0.00563,0.0108,0.01431,0.00094
804.3300171,0.00087,0.0018,0.00568,0.01084,0.01434,0.00092
804.6500244,0.00102,0.00194,0.00581,0.011,0.014520001,0.00092
804.9699707,0.00103,0.00187,0.00568,0.011059999,0.01456,0.00105
805.289978,0.00093,0.00185,0.00561,0.01112,0.01454,0.00106
805.6199951,0.00082,0.00171,0.00561,0.011059999,0.01451,0.00107
805.9400024,0.00084,0.00176,0.00565,0.01124,0.01456,0.00115
806.2600098,0.00091,0.00187,0.00571,0.011410001,0.01467,0.00116
806.5800171,0.0009,0.00194,0.0058,0.01155,0.014830001,0.00122
806.9000244,0.00085,0.00195,0.00571,0.011519999,0.01482,0.00117
807.2199707,0.00084,0.0021,0.0058,0.01159,0.0148,0.00115
807.539978,0.0009,0.00212,0.0059,0.0117,0.014830001,0.00116
807.8699951,0.00085,0.00212,0.00587,0.011729999,0.01481,0.00112
808.1900024,0.00084,0.00208,0.00589,0.01169,0.01492,0.00116
808.5100098,0.00078,0.00201,0.00591,0.01166,0.014989999,0.00121
808.8300171,0.00075,0.00204,0.00583,0.01153,0.014930001,0.00125
809.1500244,0.0007,0.00185,0.00588,0.011369999,0.01491,0.00124
809.4699707,0.00085,0.00179,0.00595,0.011369999,0.01491,0.00124
809.789978,0.00066,0.00171,0.00575,0.01112,0.01492,0.00115
810.1099854,0.00084,0.0017,0.00579,0.01115,0.015140001,0.00117
810.4299927,0.00099,0.00175,0.0058,0.01116,0.015219999,0.00118
810.7600098,0.00108,0.00183,0.00586,0.01121,0.01529,0.00115
811.0800171,0.00107,0.00179,0.00585,0.01124,0.01525,0.00101
811.4000244,0.00114,0.00198,0.00581,0.011360001,0.01535,0.00103
811.7199707,0.00106,0.00203,0.00575,0.01143,0.01539,0.00102
812.039978,0.00115,0.00201,0.00587,0.011729999,0.0155,0.00108
812.3599854,0.00112,0.00221,0.00592,0.01179,0.01539,0.00111
812.6799927,0.00112,0.00228,0.00593,0.011849999,0.015360001,0.00115
813,0.00108,0.00222,0.00585,0.011849999,0.015269999,0.0011
813.3200073,0.00113,0.00218,0.00586,0.01192,0.01533,0.00119
813.6400146,0.0011,0.00218,0.00585,0.01191,0.015149999,0.00129
813.960022,0.00108,0.00224,0.00594,0.011879999,0.015240001,0.00133
814.2800293,0.00118,0.00231,0.00599,0.01175,0.01516,0.00135
814.5999756,0.00119,0.00223,0.00595,0.01171,0.01521,0.00133
814.9199829,0.00115,0.0023,0.00609,0.011849999,0.015310001,0.00125
815.2399902,0.00119,0.00239,0.0062,0.01202,0.01543,0.00136
815.5599976,0.00117,0.00234,0.0063,0.01194,0.01541,0.00134
815.8800049,0.0012,0.00228,0.00646,0.01193,0.015629999,0.00135
816.2000122,0.0012,0.00217,0.00639,0.01192,0.015470001,0.00136
816.5200195,0.00106,0.00214,0.0063,0.0119,0.01548,0.00128
816.8400269,0.00103,0.00202,0.00627,0.01191,0.01543,0.00119
817.1599731,0.001,0.00187,0.00613,0.0117,0.0153,0.00112
817.4799805,0.00086,0.00179,0.006,0.0115,0.015310001,0.00099
817.7999878,0.00084,0.00177,0.00591,0.01154,0.015360001,0.001
818.1199951,0.00073,0.00183,0.00578,0.01149,0.015319999,0.00102
818.4400024,0.0007,0.00188,0.00584,0.01166,0.0155,0.00109
818.7600098,0.00078,0.00191,0.00589,0.01164,0.01549,0.00118
819.0800171,0.00079,0.00202,0.00596,0.0118,0.0156,0.00131
819.4000244,0.00074,0.00186,0.00597,0.011720001,0.015620001,0.00136
819.7199707,0.00088,0.00188,0.00602,0.01181,0.01559,0.00142
820.039978,0.00084,0.00194,0.00598,0.011849999,0.01555,0.0014
820.3599854,0.00098,0.00192,0.00593,0.01206,0.01568,0.00143
820.6799927,0.00095,0.00185,0.00586,0.01196,0.015520001,0.00118
821,0.00095,0.00192,0.00583,0.0119,0.01554,0.00119
821.3200073,0.00093,0.00195,0.00577,0.01186,0.01556,0.00113
821.6400146,0.00088,0.00198,0.00585,0.01197,0.01554,0.00109
821.960022,0.00088,0.00203,0.00593,0.01211,0.015759999,0.00119
822.2700195,0.00099,0.00219,0.00616,0.012200001,0.01595,0.00133
822.5900269,0.00092,0.00209,0.00629,0.01222,0.01592,0.00131
822.9099731,0.00098,0.00211,0.00627,0.012150001,0.01602,0.00145
823.2299805,0.00106,0.00212,0.0063,0.012209999,0.01615,0.00144
823.5499878,0.00112,0.00215,0.00645,0.01224,0.01612,0.00146
823.8699951,0.00107,0.00212,0.00633,0.01223,0.01615,0.00149
824.1900024,0.00113,0.00215,0.00623,0.012150001,0.016000001,0.00148
824.5100098,0.00101,0.00187,0.00601,0.01207,0.01589,0.0013
824.8300171,0.00103,0.00194,0.00601,0.01192,0.01589,0.00127
825.1400146,0.00104,0.00193,0.00608,0.01202,0.01602,0.00127
825.460022,0.00102,0.00212,0.00612,0.012209999,0.016170001,0.00133
825.7800293,0.00093,0.00206,0.00606,0.01211,0.01629,0.00133
826.0999756,0.00088,0.00217,0.00603,0.01211,0.0164,0.00137
826.4199829,0.00068,0.00217,0.00595,0.01207,0.016449999,0.00129
826.7399902,0.00066,0.00228,0.006,0.012180001,0.01661,0.0013
827.0599976,0.00064,0.00233,0.00596,0.012309999,0.016649999,0.00127
827.3699951,0.00073,0.00248,0.00602,0.0124,0.01681,0.0013
827.6900024,0.0007,0.00237,0.00597,0.012309999,0.01664,0.00123
828.0100098,0.00078,0.00241,0.00594,0.012469999,0.01668,0.0013
828.3300171,0.00105,0.00249,0.00605,0.01271,0.01677,0.0012
828.6500244,0.00118,0.00252,0.00627,0.0129,0.01688,0.00128
828.960022,0.00117,0.00251,0.00639,0.01284,0.01698,0.00132
829.2800293,0.00109,0.00258,0.00655,0.01288,0.017000001,0.00131
829.5999756,0.00096,0.0025,0.00647,0.01278,0.016929999,0.00133
829.9199829,0.00105,0.00251,0.00678,0.01272,0.01729,0.00139
830.2399902,0.00095,0.00244,0.00672,0.012510001,0.01719,0.00133
830.5499878,0.00068,0.00229,0.00668,0.01227,0.017239999,0.00135
830.8699951,0.00053,0.00209,0.00649,0.01194,0.017130001,0.00121
831.1900024,0.00056,0.00208,0.00648,0.01198,0.01701,0.00118
831.5100098,0.00071,0.00212,0.00638,0.01204,0.01715,0.0013
831.8300171,0.00057,0.00203,0.0064,0.01204,0.01716,0.00121
832.1400146,0.00041,0.00201,0.00612,0.01207,0.01709,0.00126
832.460022,0.00048,0.00214,0.00626,0.012209999,0.017209999,0.00134
832.7800293,0.00061,0.00221,0.0063,0.01234,0.01726,0.00146
833.0999756,0.00061,0.00228,0.00635,0.01255,0.017309999,0.00162
833.4099731,0.00068,0.00235,0.0063,0.01242,0.01746,0.00175
833.7299805,0.00065,0.00234,0.0063,0.01222,0.01743,0.00173
834.0499878,0.00079,0.00243,0.00627,0.01232,0.017519999,0.00181
834.3599854,0.00082,0.00236,0.00647,0.012460001,0.01754,0.00184
834.6799927,0.00087,0.00219,0.00643,0.012460001,0.01761,0.00168
835,0.00093,0.00229,0.00649,0.01242,0.017690001,0.00167
835.3200073,0.00123,0.00239,0.00678,0.01249,0.01778,0.00156
835.6300049,0.00101,0.00223,0.00669,0.01263,0.017659999,0.00138
835.9500122,0.00108,0.0022,0.00684,0.01286,0.01778,0.00128
836.2700195,0.00107,0.00218,0.0069,0.01287,0.01784,0.00122
836.5800171,0.00106,0.00228,0.00669,0.01282,0.017790001,0.00102
836.9000244,0.00089,0.00225,0.00661,0.01265,0.01767,0.00099
837.2199707,0.00081,0.00224,0.00652,0.0127,0.01763,0.00099
837.5300293,0.00065,0.00204,0.00625,0.0127,0.017829999,0.00108
837.8499756,0.00084,0.00207,0.0063,0.01285,0.01808,0.00111
838.1699829,0.00084,0.00194,0.00618,0.01275,0.01812,0.00126
838.4799805,0.00094,0.00187,0.00627,0.01272,0.01833,0.00135
838.7999878,0.00106,0.00181,0.00643,0.01273,0.018509999,0.00154
839.1199951,0.00116,0.00195,0.00659,0.01285,0.01881,0.00165
839.4299927,0.00119,0.00183,0.00676,0.01287,0.01894,0.0017
839.75,0.00123,0.00207,0.0069,0.01278,0.01911,0.00181
840.0700073,0.00115,0.00219,0.00712,0.01288,0.01918,0.00196
840.3800049,0.00126,0.00222,0.00729,0.01298,0.01936,0.00188
840.7000122,0.00121,0.00227,0.00713,0.012999999,0.019309999,0.00174
841.0100098,0.00085,0.00211,0.00695,0.01283,0.019400001,0.00149
841.3300171,0.00079,0.002,0.00677,0.01291,0.01952,0.00132
841.6500244,0.00078,0.00204,0.00668,0.013099999,0.019750001,0.00117
841.960022,0.0007,0.00192,0.00657,0.013049999,0.01957,0.00086
842.2800293,0.00072,0.00192,0.00646,0.01278,0.019819999,0.00078
842.5999756,0.00049,0.00201,0.00634,0.01284,0.020160001,0.00073
842.9099731,0.0006,0.00206,0.00641,0.01274,0.020450002,0.00087
843.2299805,0.00107,0.00235,0.00657,0.01306,0.02083,0.00133
843.539978,0.00104,0.00247,0.00667,0.01318,0.02121,0.00155
843.8599854,0.00097,0.00242,0.00648,0.012970001,0.021429999,0.00145
844.1699829,0.00101,0.00235,0.00652,0.01306,0.022079999,0.00159
844.4899902,0.0012,0.00233,0.00643,0.013040001,0.022539999,0.00167
844.8099976,0.00122,0.00228,0.00627,0.01288,0.022939999,0.00164
845.1199951,0.0012,0.00236,0.00638,0.013049999,0.023490001,0.00151
845.4400024,0.00103,0.00207,0.00648,0.01282,0.02427,0.00123
845.75,0.00105,0.00217,0.00657,0.01269,0.025009999,0.00122
846.0700073,0.00106,0.00207,0.00661,0.01275,0.02579,0.00125
846.3800049,0.00105,0.0022,0.00655,0.01282,0.026760001,0.00121
846.7000122,0.00095,0.00217,0.00669,0.0129,0.02791,0.00105
847.0100098,0.00104,0.00217,0.00683,0.01302,0.029300001,0.00111
847.3300171,0.00078,0.00196,0.00676,0.01296,0.030789999,0.00113
847.6400146,0.00082,0.00218,0.00667,0.01311,0.032479998,0.00115
847.960022,0.00101,0.00215,0.00664,0.01311,0.03458,0.00112
848.2700195,0.00101,0.00241,0.00658,0.01307,0.037,0.0011
848.5900269,0.00108,0.00244,0.00664,0.01308,0.039560001,0.0013
848.9000244,0.00122,0.00261,0.00658,0.01327,0.04259,0.00152
849.2199707,0.00132,0.0026,0.00661,0.01327,0.04586,0.00157
849.5300293,0.00134,0.00252,0.00653,0.01314,0.049479999,0.00139
849.8499756,0.00132,0.00237,0.00661,0.01314,0.053410001,0.00136
850.1599731,0.0011,0.00226,0.00658,0.01329,0.057640001,0.00133
850.4799805,0.00121,0.00227,0.00693,0.01354,0.06256,0.00148
850.789978,0.00133,0.00252,0.00716,0.01356,0.067910001,0.0013
851.1099854,0.0011,0.00238,0.00706,0.013359999,0.073309995,0.00111
851.4199829,0.00089,0.00241,0.00697,0.01344,0.079109997,0.00108
851.7399902,0.00105,0.00244,0.00705,0.01367,0.085080005,0.00123
852.0499878,0.0011,0.0025,0.00689,0.0137,0.091459997,0.00123
852.3599854,0.00118,0.00245,0.00692,0.01364,0.098030001,0.00126
852.6799927,0.00117,0.00226,0.00683,0.0135,0.104620002,0.0012
852.9899902,0.00103,0.00201,0.00664,0.0136,0.111099996,0.00105
853.3099976,0.00111,0.00207,0.00677,0.013689999,0.117449999,0.00107
853.6199951,0.00114,0.00213,0.00698,0.01367,0.123989999,0.0012
853.9400024,0.00092,0.00208,0.00685,0.0136,0.1303,0.00119
854.25,0.00086,0.00196,0.00691,0.0137,0.136309996,0.00128
854.5599976,0.00081,0.00195,0.00682,0.013710001,0.141829997,0.00127
854.8800049,0.00071,0.00197,0.00695,0.0137,0.147229999,0.00135
855.1900024,0.00064,0.00187,0.00697,0.01363,0.152600005,0.00161
855.5100098,0.0005,0.00194,0.0069,0.01359,0.157519996,0.00161
855.8200073,0.00062,0.00196,0.00676,0.01372,0.161899999,0.00149
856.1300049,0.00091,0.0023,0.00693,0.013789999,0.16655001,0.00155
856.4500122,0.00086,0.00255,0.00702,0.01387,0.170479998,0.00154
856.7600098,0.00097,0.00263,0.0072,0.01386,0.174549997,0.00167
857.0700073,0.00096,0.00263,0.0069,0.014049999,0.178149998,0.00168
857.3900146,0.00097,0.00253,0.00692,0.01401,0.181509987,0.00159
857.7000122,0.00098,0.0024,0.00681,0.01406,0.18497999,0.00144
858.0200195,0.00101,0.0022,0.0068,0.01396,0.188439995,0.0015
858.3300171,0.00104,0.00218,0.00687,0.01406,0.191760004,0.00158
858.6400146,0.00098,0.00198,0.00677,0.014,0.19517,0.00136
858.960022,0.00085,0.00196,0.00658,0.01431,0.198740005,0.00107
859.2700195,0.00087,0.00203,0.00674,0.01426,0.202529997,0.00092
859.5800171,0.00083,0.00209,0.00663,0.01426,0.206410006,0.00086
859.9000244,0.00105,0.00203,0.00679,0.01438,0.210940003,0.00105
860.210022,0.00096,0.0023,0.00689,0.01447,0.215529993,0.00102
860.5200195,0.00086,0.0021,0.00686,0.01456,0.220420003,0.00105
860.8300171,0.00081,0.00202,0.00682,0.014450001,0.22563,0.00094
861.1500244,0.00095,0.00193,0.00686,0.01428,0.231550008,0.00106
861.460022,0.00073,0.00172,0.00675,0.014090001,0.237560004,0.00104
861.7700195,0.00074,0.0018,0.00668,0.01398,0.243939996,0.00102
862.0900269,0.00065,0.00175,0.00657,0.01392,0.250389993,0.00101
862.4000244,0.0005,0.00152,0.00666,0.01395,0.257160008,0.00096
862.710022,0.00035,0.00161,0.00666,0.01395,0.264169991,0.00088
863.0200195,0.00075,0.00188,0.00693,0.01434,0.271499991,0.00125
863.3400269,0.00095,0.00211,0.0072,0.01471,0.278740019,0.00155
863.6500244,0.00114,0.00237,0.00717,0.01508,0.286069989,0.00151
863.960022,0.00094,0.00231,0.00714,0.015360001,0.293540001,0.00145
864.2700195,0.00101,0.00242,0.00731,0.01555,0.301310003,0.00154
864.5900269,0.00103,0.0023,0.00692,0.01551,0.308809996,0.00135
864.9000244,0.00126,0.00239,0.00699,0.01571,0.316469997,0.00143
865.210022,0.00105,0.00245,0.00675,0.01565,0.323940009,0.00135
865.5200195,0.00107,0.00248,0.00666,0.01578,0.331209987,0.00138
865.8400269,0.00112,0.00247,0.00671,0.015769999,0.338779986,0.00134
866.1500244,0.00132,0.00259,0.00688,0.016000001,0.346139997,0.00158
866.460022,0.00112,0.00239,0.00688,0.01606,0.352939993,0.00141
866.7700195,0.00117,0.00257,0.00706,0.016180001,0.360339999,0.00152
867.0800171,0.00111,0.0023,0.00696,0.016249999,0.367529988,0.00138
867.4000244,0.00096,0.00205,0.00671,0.016280001,0.374449998,0.00118
867.710022,0.00065,0.00194,0.00657,0.01612,0.381269991,0.00095
868.0200195,0.00082,0.00204,0.00675,0.016410001,0.387949973,0.00124
868.3300171,0.001,0.00199,0.0066,0.01668,0.394160002,0.00106
868.6400146,0.00097,0.00227,0.00668,0.01725,0.40022999,0.00114
868.960022,0.00082,0.00209,0.00669,0.01774,0.405589968,0.00115
869.2700195,0.00075,0.00204,0.00681,0.018139999,0.410579979,0.00123
869.5800171,0.00075,0.00183,0.00697,0.01867,0.415749997,0.00125
869.8900146,0.00082,0.00183,0.00703,0.01932,0.420610011,0.00138
870.2000122,0.00082,0.00173,0.00698,0.019889999,0.424879998,0.00141
870.5100098,0.00078,0.00194,0.00707,0.02046,0.429109991,0.00159
870.8200073,0.00099,0.00197,0.00702,0.02115,0.433200002,0.00172
871.1400146,0.00105,0.00215,0.0071,0.02197,0.437540025,0.00174
871.4500122,0.00067,0.00211,0.00685,0.02251,0.441660017,0.0016
871.7600098,0.00068,0.00233,0.00706,0.02362,0.44562,0.0017
872.0700073,0.00077,0.00248,0.00718,0.02469,0.449189991,0.00162
872.3800049,0.0006,0.00231,0.00719,0.025940001,0.452789992,0.00154
872.6900024,0.00038,0.00214,0.0073,0.02767,0.456500024,0.00141
873,0.00028,0.0021,0.00743,0.02943,0.460379988,0.00121
873.3099976,0.00038,0.0022,0.00757,0.031819999,0.463400006,0.00135
873.6300049,0.00082,0.00253,0.00775,0.034930002,0.466600001,0.00148
873.9400024,0.00103,0.00267,0.00778,0.038259998,0.469760031,0.00164
874.25,0.00075,0.00239,0.0075,0.042160001,0.473199993,0.00139
874.5599976,0.00069,0.00241,0.00745,0.046690002,0.47646001,0.00147
874.8699951,0.00093,0.0026,0.00767,0.051890001,0.479790002,0.00154
875.1799927,0.00114,0.00291,0.00781,0.057769999,0.483049989,0.00154
875.4899902,0.00102,0.00254,0.00761,0.064300001,0.48675999,0.00133
875.7999878,0.00112,0.00256,0.007710001,0.072020002,0.49060002,0.00141
876.1099854,0.00078,0.00235,0.00758,0.080059998,0.495099992,0.00117
876.4199829,0.00076,0.00223,0.00801,0.089350007,0.499709994,0.00138
876.7299805,0.00067,0.00212,0.00791,0.099329993,0.504819989,0.00115
877.039978,0.00062,0.00189,0.00765,0.110169999,0.509939969,0.00104
877.3499756,0.00052,0.00146,0.0074,0.122029997,0.515670002,0.00119
877.6599731,0.00061,0.00152,0.00756,0.134049997,0.522090018,0.00122
877.9699707,0.0004,0.0015,0.0074,0.146449998,0.529410005,0.00091
878.2800293,0.00066,0.00131,0.00756,0.159350008,0.537129998,0.00097
878.5900269,0.00064,0.00139,0.00726,0.171709999,0.545620024,0.00078
878.9000244,0.00061,0.00168,0.00753,0.184839994,0.554820001,0.00091
879.210022,0.0004,0.00167,0.00767,0.197219998,0.564889967,0.001
879.5200195,-7.00E-05,0.00165,0.00737,0.209209993,0.575760007,0.00063
879.8300171,9.00E-05,0.00185,0.0077,0.221180007,0.588010013,0.00083
880.1400146,0.00044,0.00208,0.00801,0.232560009,0.600099981,0.00122
880.4500122,0.00052,0.00239,0.008169999,0.242959991,0.612869978,0.00135
880.7600098,0.00071,0.00261,0.0083,0.253289998,0.626450002,0.00142
881.0700073,0.00098,0.00258,0.00843,0.262409985,0.640729964,0.00145
881.3800049,0.00128,0.00285,0.008640001,0.271109998,0.655479968,0.00161
881.6900024,0.00157,0.00287,0.009,0.278869987,0.67039001,0.00175
882,0.00158,0.003,0.00881,0.286110014,0.683990002,0.00185
882.3099976,0.00135,0.00244,0.008640001,0.292959988,0.698830009,0.0018
882.6199951,0.00122,0.00213,0.00834,0.299419999,0.713430047,0.00156
882.9299927,0.0011,0.00206,0.00828,0.305930018,0.728239954,0.00145
883.2399902,0.00109,0.00214,0.00828,0.311910003,0.742370009,0.0013
883.5499878,0.00089,0.00175,0.00811,0.318460017,0.756039977,0.00107
883.8599854,0.00133,0.00223,0.00858,0.325019985,0.769260049,0.00117
884.1699829,0.00135,0.00224,0.00873,0.331339985,0.782409966,0.00102
884.4799805,0.00104,0.00247,0.00884,0.337870002,0.793639958,0.00097
884.789978,0.00121,0.00306,0.00923,0.344799995,0.803849995,0.00124
885.0900269,0.0013,0.00295,0.0095,0.35157001,0.813550055,0.00144
885.4000244,0.00139,0.00282,0.00955,0.358549982,0.822099984,0.00169
885.710022,0.00157,0.00276,0.00976,0.365559995,0.830550015,0.00169
886.0200195,0.00118,0.00229,0.00962,0.373059988,0.837639987,0.0016
886.3300171,0.00089,0.0021,0.00966,0.380820006,0.844179988,0.00148
886.6400146,0.00115,0.00222,0.00978,0.388280004,0.850039959,0.00158
886.9500122,0.00076,0.00194,0.00977,0.396409988,0.855430007,0.00116
887.2600098,0.00086,0.00211,0.01002,0.40478,0.859319985,0.00135
887.5700073,0.00081,0.00216,0.01035,0.412770003,0.862580061,0.00146
887.8699951,0.00073,0.0024,0.01058,0.420740008,0.865119994,0.00137
888.1799927,0.0008,0.00241,0.010829999,0.428250015,0.865879953,0.00128
888.4899902,0.00125,0.00236,0.01096,0.435800016,0.865059972,0.00154
888.7999878,0.00137,0.00252,0.01143,0.443190008,0.863359988,0.00122
889.1099854,0.00154,0.00219,0.011619999,0.450630009,0.859919965,0.00144
889.4199829,0.00153,0.00233,0.011510001,0.457249999,0.854749978,0.00104
889.7199707,0.00134,0.00216,0.011410001,0.464179993,0.848519981,0.00071
890.0300293,0.00134,0.00224,0.01159,0.471139997,0.839899957,0.00071
890.3400269,0.00141,0.00265,0.012159999,0.478580028,0.829789937,0.00122
890.6500244,0.00126,0.00302,0.01287,0.486199975,0.819499969,0.00109
890.960022,0.00118,0.0028,0.01338,0.49346,0.80704999,0.00141
891.2700195,0.0013,0.00313,0.014140001,0.500429988,0.793789983,0.00167
891.5700073,0.00129,0.003,0.01533,0.508480012,0.778509974,0.0019
891.8800049,0.00157,0.00316,0.016649999,0.516759992,0.762359977,0.00209
892.1900024,0.0018,0.00317,0.018070001,0.524339974,0.744219959,0.00225
892.5,0.00144,0.00299,0.019029999,0.531980038,0.725700021,0.00186
892.7999878,0.00138,0.00299,0.02052,0.540149987,0.706299961,0.0021
893.1099854,0.00144,0.0029,0.022179998,0.549399972,0.687440038,0.00231
893.4199829,0.00153,0.00296,0.0241,0.558409989,0.667539954,0.00209
893.7299805,0.00131,0.00308,0.026110001,0.567669988,0.648440003,0.00218
894.039978,0.00141,0.00317,0.02898,0.577120006,0.629420042,0.0021
894.3400269,0.00133,0.00339,0.03215,0.587899983,0.61135,0.00219
894.6500244,0.00156,0.00348,0.036340002,0.599370003,0.594410002,0.00232
894.960022,0.00128,0.00333,0.041220002,0.611440003,0.577790022,0.00186
895.2600098,0.00126,0.00347,0.047169998,0.623860002,0.561659992,0.00156
895.5700073,0.00104,0.00324,0.054380003,0.636780024,0.546660006,0.0013
895.8800049,0.00131,0.0031,0.063150004,0.649680018,0.532330036,0.0012
896.1900024,0.00101,0.00291,0.073229998,0.663980007,0.518709958,0.0011
896.4899902,0.00076,0.00249,0.084960006,0.678449988,0.506669998,0.00077
896.7999878,0.00107,0.00247,0.09877,0.693280041,0.495400012,0.00084
897.1099854,0.00135,0.00245,0.114420004,0.707870007,0.48536998,0.00105
897.4199829,0.0014,0.00284,0.131610006,0.722339988,0.476249993,0.00102
897.7199707,0.00155,0.00306,0.150900006,0.737219989,0.468300015,0.00124
898.0300293,0.00197,0.00339,0.17148,0.753150046,0.461600006,0.00153
898.3400269,0.00215,0.00369,0.19309999,0.769029975,0.455870032,0.00189
898.6400146,0.00231,0.00402,0.216060013,0.784439981,0.450919986,0.00216
898.9500122,0.00197,0.00392,0.239109993,0.79904002,0.446449995,0.00218
899.2600098,0.00203,0.00422,0.262010008,0.81358999,0.442890018,0.00227
899.5599976,0.002,0.00406,0.284759998,0.827090025,0.440099984,0.00243
899.8699951,0.00201,0.00442,0.306600004,0.840539992,0.437179983,0.00269
900.1799927,0.00168,0.00437,0.327769995,0.852740049,0.434709996,0.00254
900.4799805,0.00154,0.00437,0.347299993,0.863150001,0.432850003,0.00229
900.789978,0.0013,0.00449,0.365099996,0.872489989,0.430789977,0.00248
901.0999756,0.00155,0.00452,0.381199986,0.882320046,0.429329991,0.00236
901.4000244,0.00144,0.00444,0.395530015,0.890049994,0.427760005,0.0022
901.710022,0.00159,0.00451,0.408460021,0.89722997,0.426459998,0.00212
902.0100098,0.00174,0.00462,0.420369983,0.904590011,0.426600009,0.00228
902.3200073,0.00176,0.00483,0.430539995,0.910700023,0.426119983,0.00243
902.6300049,0.00201,0.00492,0.440120012,0.916409969,0.425250024,0.00277
902.9299927,0.00237,0.00472,0.448760003,0.920849979,0.424710006,0.00281
903.2399902,0.00207,0.00514,0.456860006,0.923830032,0.424010009,0.00307
903.539978,0.00211,0.00539,0.464729995,0.928030014,0.423200011,0.00306
903.8499756,0.00181,0.00546,0.472440004,0.931309938,0.421990007,0.00309
904.1599731,0.00179,0.00548,0.479990005,0.933430016,0.419760019,0.00289
904.460022,0.00158,0.00522,0.48706001,0.934929967,0.417369992,0.00255
904.7700195,0.00144,0.00543,0.494879991,0.936680019,0.414830029,0.00221
905.0700073,0.0014,0.00568,0.502939999,0.938960016,0.412310004,0.00222
905.3800049,0.00175,0.00575,0.511609972,0.940350056,0.408720016,0.00223
905.6799927,0.00186,0.00594,0.521390021,0.94058001,0.405029982,0.00256
905.9899902,0.00217,0.00629,0.531619966,0.941510022,0.401309997,0.00281
906.2999878,0.00235,0.00679,0.541759968,0.941670001,0.396880001,0.00313
906.5999756,0.00272,0.00769,0.553619981,0.942340016,0.392739981,0.00336
906.9099731,0.00305,0.0085,0.567099988,0.942340016,0.388080001,0.00357
907.210022,0.00322,0.00922,0.581499994,0.942070007,0.382490009,0.00364
907.5200195,0.00327,0.00978,0.596139967,0.941289961,0.377200007,0.00355
907.8200073,0.00303,0.01027,0.611769974,0.941340029,0.371380001,0.00338
908.1300049,0.00288,0.010670001,0.628359973,0.941709995,0.364939988,0.00317
908.4299927,0.0029,0.01112,0.645820022,0.940110028,0.359189987,0.00304
908.7399902,0.0029,0.01198,0.663820028,0.938340008,0.353139997,0.00325
909.039978,0.00257,0.012990001,0.681230009,0.936309993,0.346879989,0.00338
909.3499756,0.0025,0.01417,0.699110031,0.935220003,0.341500014,0.0033
909.6500244,0.00247,0.015759999,0.717860043,0.934520006,0.336809993,0.00339
909.960022,0.00279,0.01788,0.73672998,0.93344003,0.332300007,0.00339
910.2600098,0.00308,0.020480001,0.755869985,0.931770027,0.328429997,0.00366
910.5700073,0.0028,0.023290001,0.774269998,0.931460023,0.32464999,0.0039
910.8699951,0.00282,0.02641,0.792740047,0.931910038,0.32148999,0.00361
911.1799927,0.00304,0.030139999,0.81061995,0.932789981,0.319550008,0.00365
911.4799805,0.00322,0.035220001,0.827969968,0.934069991,0.318529993,0.00383
911.789978,0.0033,0.041160002,0.844550014,0.935090005,0.317299992,0.00416
912.0900269,0.00331,0.04809,0.859459996,0.935329974,0.316919982,0.00434
912.3900146,0.00347,0.056739997,0.872099996,0.936039984,0.317770004,0.00439
912.7000122,0.00363,0.067129999,0.885989964,0.937510014,0.319249988,0.00419
913,0.00373,0.079569995,0.897259951,0.937419951,0.321559995,0.00465
913.3099976,0.00402,0.094269998,0.90704,0.937900007,0.324059993,0.00484
913.6099854,0.00447,0.111249998,0.915759981,0.936859965,0.325839996,0.00486
913.9199829,0.00459,0.130879998,0.923749983,0.936750054,0.328590006,0.00506
914.2199707,0.00504,0.153009996,0.93046999,0.936070025,0.331160009,0.0055
914.5200195,0.00514,0.177640006,0.936800003,0.93441999,0.33258,0.00546
914.8300171,0.00574,0.204520002,0.941510022,0.932200015,0.333089978,0.00611
915.1300049,0.00634,0.23308,0.946009994,0.930540025,0.332709998,0.00709
915.4400024,0.0068,0.263530016,0.94938004,0.926670015,0.330540001,0.00769
915.7399902,0.00658,0.294530004,0.951989949,0.922219992,0.32735002,0.00804
916.039978,0.00661,0.326139987,0.953830004,0.915279984,0.321930021,0.00792
916.3499756,0.00689,0.35856998,0.955709994,0.90850997,0.314920008,0.00848
916.6500244,0.00737,0.39041999,0.95709002,0.900360048,0.30599001,0.0095
916.960022,0.00802,0.422340006,0.957850039,0.890850008,0.296020001,0.01045
917.2600098,0.008640001,0.453280002,0.958570004,0.879260004,0.283659995,0.01117
917.5599976,0.00894,0.482840002,0.958850026,0.86668998,0.270520002,0.01229
917.8699951,0.01016,0.511870027,0.958929956,0.853130043,0.25624001,0.01435
918.1699829,0.01128,0.53944999,0.95806998,0.83908999,0.241170004,0.016410001
918.4699707,0.012300001,0.566879988,0.957529962,0.822789967,0.225820005,0.018929999
918.7800293,0.01321,0.593760014,0.957809985,0.805989981,0.210130006,0.021429999
919.0800171,0.014049999,0.618960023,0.957229972,0.788760006,0.194169998,0.02406
919.3800049,0.01535,0.643410027,0.95697999,0.770799994,0.178729996,0.027690001
919.6900024,0.01715,0.667360008,0.956929982,0.75266999,0.16410999,0.032400001
919.9899902,0.01929,0.691119969,0.956559956,0.734270036,0.149870008,0.037760001
920.289978,0.022060001,0.713860035,0.956920028,0.716250002,0.13707,0.044510003
920.5900269,0.02506,0.734530032,0.95668,0.698150039,0.124669999,0.052439999
920.9000244,0.02922,0.75553,0.955899954,0.680500031,0.113050006,0.062399998
921.2000122,0.033859998,0.77579999,0.955250025,0.663730025,0.102840006,0.074029997
921.5,0.039110001,0.79519999,0.955299973,0.647650003,0.09375,0.087360002
921.8099976,0.045159999,0.813899994,0.955449998,0.631359994,0.084980004,0.103170007
922.1099854,0.052099999,0.831129968,0.956900001,0.6153,0.077360004,0.121149994
922.4099731,0.060300004,0.847829998,0.958079994,0.600660026,0.070009999,0.142889991
922.710022,0.07017,0.863600016,0.959029973,0.587390006,0.06397,0.167029992
923.0200195,0.081289999,0.87714994,0.960429966,0.574500024,0.058819998,0.194340006
923.3200073,0.094689995,0.890540004,0.963720024,0.562569976,0.05404,0.22533001
923.6199951,0.110769995,0.90249002,0.965260029,0.550279975,0.049970001,0.259279996
923.9199829,0.129669994,0.913840055,0.968050003,0.540409982,0.046519998,0.295780003
924.2299805,0.150729999,0.923939943,0.96825999,0.531069994,0.04329,0.334869981
924.5300293,0.17513001,0.932110012,0.969079971,0.521160007,0.040489998,0.374500006
924.8300171,0.202889994,0.93964994,0.970730007,0.512659967,0.03768,0.415880024
925.1300049,0.233229995,0.946399987,0.971340001,0.504109979,0.03531,0.457820028
925.4400024,0.266229987,0.951989949,0.971179962,0.494630009,0.033160001,0.498730004
925.7399902,0.301560014,0.956750035,0.971360028,0.486180007,0.03105,0.539839983
926.039978,0.339700013,0.959550023,0.970860004,0.477589995,0.028689999,0.580179989
926.3400269,0.380379975,0.962289989,0.972279966,0.470059991,0.027980002,0.619000018
926.6400146,0.422509998,0.964909971,0.972239971,0.462459981,0.027479999,0.656800032
926.9500122,0.464020014,0.966709971,0.972790003,0.454049975,0.027070001,0.692310035
927.25,0.506259978,0.968479991,0.973570049,0.445849985,0.026380001,0.725630045
927.5499878,0.547980011,0.968909979,0.973179996,0.438549995,0.026149999,0.756610036
927.8499756,0.589030027,0.970319986,0.973349988,0.431759983,0.025450001,0.785179973
928.1500244,0.627910018,0.971080005,0.973039985,0.424080014,0.025690001,0.810950041
928.460022,0.664779961,0.970049977,0.971520007,0.416209996,0.024769999,0.834280014
928.7600098,0.699010015,0.969339967,0.970210016,0.409429997,0.024619998,0.855059981
929.0599976,0.731880009,0.969100058,0.969079971,0.403919995,0.02424,0.873550057
929.3599854,0.762229979,0.969469965,0.969330013,0.399339974,0.02428,0.890080035
929.6599731,0.788860023,0.969190001,0.967920005,0.394659996,0.02372,0.904720008
929.960022,0.814989984,0.969690025,0.96776998,0.391310006,0.023979999,0.917450011
930.2600098,0.837949991,0.96924001,0.967200041,0.38865003,0.023910001,0.927850008
930.5700073,0.859700024,0.970950007,0.968020022,0.386590004,0.02345,0.937129974
930.8699951,0.878450036,0.971660018,0.968569994,0.385760009,0.022460001,0.944959998
931.1699829,0.894629955,0.971780002,0.968000054,0.385299981,0.022360001,0.950780034
931.4699707,0.908570051,0.971080005,0.966399968,0.385369986,0.022369999,0.955299973
931.7700195,0.922779977,0.970640004,0.966439962,0.386139989,0.022079999,0.958999991
932.0700073,0.93283999,0.968909979,0.965269983,0.386749983,0.022079999,0.960950017
932.3699951,0.942119956,0.969079971,0.964890003,0.389059991,0.02201,0.964339972
932.6699829,0.948980033,0.967920005,0.963760018,0.390269995,0.02244,0.965619981
932.9699707,0.955500007,0.967339993,0.964110017,0.390839994,0.022739999,0.967590034
933.2700195,0.961109996,0.96656996,0.963399947,0.389990002,0.02204,0.969250023
933.5800171,0.965139985,0.965810001,0.963440001,0.388779998,0.021860002,0.970999956
933.8800049,0.966660023,0.965409994,0.962909997,0.385699987,0.02194,0.97063005
934.1799927,0.968079984,0.964699984,0.962119997,0.380460024,0.021500001,0.971019983
934.4799805,0.970420003,0.964969993,0.961849988,0.372949988,0.02128,0.971100032
934.7800293,0.971740007,0.964359999,0.961859941,0.36401999,0.020580001,0.971350014
935.0800171,0.972570062,0.963960052,0.96134001,0.352219999,0.020190001,0.970599949
935.3800049,0.973119974,0.965059996,0.960590005,0.33882001,0.02032,0.970160007
935.6799927,0.973349988,0.964639962,0.95964998,0.323660016,0.019750001,0.969449997
935.9799805,0.974720001,0.964929938,0.959710002,0.307129979,0.019719999,0.970589995
936.2800293,0.974810004,0.965630054,0.959150016,0.289339989,0.020260001,0.970770061
936.5800171,0.975309968,0.965020001,0.958160043,0.270289987,0.020029999,0.970339954
936.8800049,0.975709975,0.965869963,0.957069993,0.251509994,0.020380002,0.971969962
937.1799927,0.976279974,0.966880023,0.954620004,0.233050004,0.020060001,0.97337997
937.4799805,0.975910008,0.966289997,0.952699959,0.214230001,0.01953,0.974229991
937.7800293,0.976449966,0.966989994,0.949240029,0.195680007,0.01915,0.973619998
938.0800171,0.976390004,0.967779994,0.94551003,0.177310005,0.01887,0.972979963
938.3800049,0.976999998,0.968479991,0.940619946,0.160960004,0.018060001,0.97319001
938.6799927,0.976719975,0.970360041,0.935280025,0.145340011,0.01809,0.974609971
938.9799805,0.977219999,0.971080005,0.927529991,0.130240008,0.017960001,0.973439991
939.2800293,0.976419985,0.971760035,0.919209957,0.116269998,0.018070001,0.972779989
939.5800171,0.975960016,0.971800029,0.909000039,0.103940003,0.018550001,0.971849978
939.8800049,0.976880014,0.972559988,0.897190034,0.092510007,0.0188,0.972679973
940.1799927,0.978349984,0.974150002,0.883580029,0.082729995,0.01915,0.973570049
940.4799805,0.97852999,0.975030005,0.868610024,0.073530003,0.01918,0.97337997
940.7800293,0.978100002,0.974670053,0.851579964,0.065749995,0.019330001,0.97220999
941.0800171,0.976630032,0.975059986,0.834110022,0.05934,0.019509999,0.971190035
941.3800049,0.977500021,0.976109982,0.815400004,0.053369999,0.0189,0.971239984
941.6799927,0.977479994,0.976979971,0.796060026,0.048309997,0.019019999,0.970459998
941.9799805,0.975080013,0.975759983,0.776029944,0.043820001,0.01911,0.96796
942.2700195,0.972429991,0.974439979,0.754869998,0.039450001,0.01791,0.966060042
942.5700073,0.972500026,0.973870039,0.734509945,0.03607,0.01839,0.966309965
942.8699951,0.97191,0.974209964,0.71371001,0.032479998,0.017480001,0.965510011
943.1699829,0.972539961,0.97390002,0.692860007,0.030169999,0.017619999,0.965619981
943.4699707,0.972600043,0.973630011,0.672809958,0.028069999,0.017960001,0.964810014
943.7700195,0.972409964,0.972880006,0.652930021,0.026280001,0.017589999,0.964299977
944.0700073,0.973239958,0.973909974,0.633459985,0.024809999,0.01763,0.966299951
944.3699951,0.973730028,0.974590003,0.615840018,0.02421,0.01847,0.967419982
944.6699829,0.972490013,0.974219978,0.597630024,0.023139998,0.017580001,0.966399968
944.9699707,0.973320007,0.973769963,0.581849992,0.023050001,0.017589999,0.967890024
945.2600098,0.973399937,0.973619998,0.566510022,0.022219999,0.01763,0.96904999
945.5599976,0.972450018,0.972730041,0.553380013,0.021640001,0.017860001,0.96973002
945.8599854,0.972460032,0.972519994,0.540589988,0.020889999,0.0176,0.971190035
946.1599731,0.971999943,0.972570062,0.530480027,0.02073,0.01767,0.97191
946.460022,0.972389996,0.971409976,0.520370007,0.02,0.017070001,0.972860038
946.7600098,0.973399937,0.970879972,0.512650013,0.019550001,0.017029999,0.973479986
947.0499878,0.973439991,0.971449971,0.50541997,0.018929999,0.018380001,0.973239958
947.3499756,0.974709988,0.971379995,0.499590009,0.017819999,0.01781,0.974509954
947.6500244,0.975270033,0.969929934,0.493370026,0.017209999,0.017680001,0.974639952
947.9500122,0.97608,0.969449997,0.489679992,0.01722,0.017650001,0.975189984
948.25,0.976770043,0.968620002,0.48477,0.016519999,0.01756,0.97517997
948.5499878,0.976660013,0.966839969,0.480639994,0.016690001,0.01794,0.974219978
948.8400269,0.976019979,0.966350019,0.476449996,0.01646,0.018200001,0.975400031
949.1400146,0.976090014,0.96449995,0.470530003,0.01651,0.017589999,0.975439966
949.4400024,0.975790024,0.964839995,0.464760005,0.01643,0.01757,0.97499001
949.7399902,0.974810004,0.964709997,0.456669986,0.017449999,0.01757,0.974160016
950.039978,0.975839972,0.965759993,0.447060019,0.017339999,0.01804,0.973630011
950.3300171,0.97717005,0.965350032,0.435649991,0.017419999,0.0188,0.973630011
950.6300049,0.97874999,0.966090024,0.421829998,0.017130001,0.018960001,0.973619998
950.9299927,0.980080009,0.966130018,0.406040013,0.01785,0.01928,0.974229991
951.2299805,0.979879975,0.964530051,0.387380004,0.01767,0.019370001,0.973140001
951.5200195,0.980070055,0.96469003,0.366769969,0.017729999,0.01963,0.973519981
951.8200073,0.981340051,0.964110017,0.345359981,0.01667,0.01956,0.973030031
952.1199951,0.98093003,0.963999987,0.320899993,0.01602,0.018660001,0.974079967
952.4199829,0.980549991,0.963379979,0.297540009,0.01595,0.01767,0.974260032
952.710022,0.979409993,0.963629961,0.27342999,0.01539,0.01667,0.974680007
953.0100098,0.979110003,0.963949978,0.249829993,0.01495,0.016659999,0.973870039
953.3099976,0.979779959,0.965619981,0.227520004,0.01364,0.0153,0.975149989
953.6099854,0.978919983,0.963259935,0.205420002,0.01317,0.01525,0.973460019
953.9000244,0.978600025,0.963130057,0.183860004,0.012920001,0.014730001,0.973479986
954.2000122,0.978009999,0.961139977,0.165429994,0.012940001,0.01503,0.972090006
954.5,0.977119982,0.961999953,0.14729999,0.01238,0.015759999,0.971539974
954.789978,0.978119969,0.960539997,0.132040009,0.013359999,0.01684,0.971839964
955.0900269,0.977020025,0.956820011,0.115780003,0.01269,0.01651,0.971279979
955.3900146,0.976709962,0.95460999,0.102410004,0.01358,0.016860001,0.969769955
955.6799927,0.976260006,0.953629971,0.089670002,0.013780001,0.01646,0.970869958
955.9799805,0.976429999,0.951289952,0.078919999,0.01355,0.016480001,0.970839977
956.2800293,0.976330042,0.948040009,0.068709999,0.01271,0.01581,0.971269965
956.5700073,0.977300048,0.942559958,0.05968,0.01323,0.01465,0.970960021
956.8699951,0.976549983,0.937750041,0.051440001,0.01237,0.014400001,0.970869958
957.1699829,0.977559984,0.932529986,0.045440003,0.01222,0.014049999,0.971130013
957.460022,0.976969957,0.92404002,0.039039999,0.01179,0.01372,0.972630024
957.7600098,0.977969944,0.914680004,0.033739999,0.01155,0.013830001,0.972350001
958.0599976,0.977090001,0.905030012,0.03029,0.01207,0.014119999,0.973339975
958.3499756,0.976539969,0.893020034,0.027679998,0.01301,0.014680001,0.971560001
958.6500244,0.975430012,0.879209995,0.024809999,0.011519999,0.01456,0.970469952
958.9500122,0.975400031,0.86431998,0.023490001,0.012669999,0.01564,0.969509959
959.2399902,0.973450005,0.849150002,0.020280002,0.01235,0.01627,0.967620015
959.539978,0.972519994,0.832910001,0.019409999,0.01343,0.01733,0.965009987
959.8300171,0.970360041,0.81536001,0.018829999,0.01333,0.01729,0.963639975
960.1300049,0.971600056,0.797500014,0.01825,0.01332,0.01825,0.96221
960.4299927,0.971200049,0.779999971,0.01646,0.013780001,0.01812,0.962409973
960.7199707,0.970579982,0.761829972,0.01492,0.01398,0.018650001,0.962170005
961.0200195,0.969639957,0.742839992,0.01193,0.012990001,0.01733,0.961729944
961.3099976,0.970889986,0.723809958,0.012150001,0.01382,0.017750001,0.961950004
961.6099854,0.969269991,0.70302999,0.01175,0.01302,0.01812,0.962119997
961.9000244,0.969420016,0.682489991,0.00997,0.01429,0.01784,0.961760044
962.2000122,0.968000054,0.659860015,0.00847,0.01407,0.01722,0.961499989
962.5,0.968490005,0.636650026,0.00862,0.013730001,0.017929999,0.961350024
962.789978,0.96766001,0.612330019,0.00804,0.01411,0.01682,0.960749984
963.0900269,0.96893996,0.587179959,0.009430001,0.01439,0.01795,0.960879982
963.3800049,0.969110012,0.560549974,0.00966,0.01403,0.017619999,0.961279988
963.6799927,0.970609963,0.533469975,0.01028,0.01472,0.01788,0.961709976
963.9699707,0.970380008,0.503889978,0.0113,0.01301,0.017339999,0.96123004
964.2700195,0.971470058,0.474370003,0.0112,0.013459999,0.01688,0.962040007
964.5599976,0.972730041,0.443240017,0.00932,0.01278,0.01651,0.962559938
964.8599854,0.973820031,0.411949992,0.00955,0.0128,0.016729999,0.961890042
965.1500244,0.972450018,0.380299985,0.0083,0.01288,0.015570001,0.959250033
965.4500122,0.972190022,0.34750998,0.0074,0.01301,0.01496,0.957229972
965.7399902,0.973039985,0.315930009,0.00416,0.01118,0.01306,0.954369962
966.039978,0.974909961,0.286599994,0.00301,0.01211,0.01337,0.952020049
966.3300171,0.973700047,0.257619977,0.00279,0.01212,0.01347,0.947099984
966.6300049,0.973020017,0.231690004,0.00439,0.01318,0.014780001,0.942610025
966.9199829,0.972790003,0.207870007,0.00441,0.01407,0.016249999,0.936959982
967.2199707,0.972050011,0.185249999,0.00522,0.012920001,0.01715,0.930999994
967.5100098,0.970579982,0.166079998,0.00492,0.01319,0.01732,0.92197001
967.8099976,0.969410002,0.147929996,0.0075,0.01462,0.019509999,0.912009954
968.0999756,0.966159999,0.130270004,0.00837,0.01491,0.02004,0.899130046
968.4000244,0.965269983,0.114399999,0.00743,0.01391,0.019650001,0.884710014
968.6900024,0.961790025,0.100500003,0.00898,0.01439,0.02005,0.86767
968.9799805,0.958850026,0.087489992,0.00823,0.01431,0.019889999,0.849189997
969.2800293,0.953939974,0.074239999,0.00646,0.01355,0.0174,0.826390028
969.5700073,0.948020041,0.063079998,0.00699,0.01314,0.01667,0.801090002
969.8699951,0.939550042,0.053629998,0.00488,0.01308,0.01422,0.77252996
970.1599731,0.930289984,0.046580002,0.00551,0.013940001,0.0148,0.741400003
970.460022,0.920319974,0.040789999,0.00617,0.01451,0.01646,0.710199952
970.75,0.908550024,0.03514,0.00338,0.01391,0.0153,0.673990011
971.039978,0.893350005,0.030689999,0.00414,0.01287,0.01467,0.635320008
971.3400269,0.876950026,0.028469998,0.00712,0.01441,0.015900001,0.597800016
971.6300049,0.856620014,0.025760001,0.00677,0.0138,0.0163,0.558030009
971.9299927,0.834369957,0.02207,0.0074,0.01314,0.017139999,0.519410014
972.2199707,0.810680032,0.01918,0.00579,0.01197,0.0165,0.482200027
972.5100098,0.781210005,0.01691,0.00497,0.011729999,0.014199999,0.442510009
972.8099976,0.74861002,0.01359,0.00569,0.010880001,0.01253,0.403809994
973.0999756,0.715520024,0.01189,0.00615,0.0137,0.01421,0.36807999
973.3900146,0.678770006,0.00884,0.00337,0.01274,0.01474,0.332919985
973.6900024,0.640559971,0.00805,0.00347,0.01332,0.016070001,0.300669998
973.9799805,0.60048002,0.00777,0.00305,0.01358,0.016009999,0.268900007
974.2700195,0.557560027,0.0074,0.00491,0.01286,0.015869999,0.23763001
974.5700073,0.514959991,0.00686,0.00619,0.01318,0.01753,0.209409997
974.8599854,0.472550005,0.0055,0.00484,0.01228,0.018029999,0.184519991
975.1500244,0.430559993,0.00523,0.00445,0.01131,0.01619,0.161539987
975.4500122,0.391380012,0.00503,0.00493,0.01171,0.01539,0.140029997
975.7399902,0.352589995,0.00243,0.00401,0.01082,0.01311,0.120420001
976.0300293,0.317819983,0.00234,0.00277,0.00893,0.0125,0.103440002
976.3300171,0.284069985,0.00164,0.00103,0.00912,0.012200001,0.090190001
976.6199951,0.253439993,9.00E-05,-0.00012,0.009,0.01192,0.077659994
976.9099731,0.226290002,-0.00011,0.0005,0.0088,0.0119,0.068769999
977.210022,0.200090006,-0.00204,-7.00E-05,0.00637,0.012460001,0.058430001
977.5,0.176469997,-0.00203,-0.00165,0.00706,0.01204,0.050930001
977.789978,0.155070007,-0.00176,-0.00169,0.00663,0.011820001,0.043439999
978.0800171,0.134599999,-0.00335,-0.0004,0.00852,0.0121,0.037320003
978.3800049,0.118999995,-0.00309,5.00E-05,0.009509999,0.01235,0.032079998
978.6699829,0.10328,-0.00167,7.00E-05,0.010039999,0.012589999,0.0294
978.960022,0.088719994,-0.0005,0.00084,0.010199999,0.01313,0.02444
979.25,0.074510001,-0.00019,0.00061,0.01161,0.01308,0.02173
979.5499878,0.065329999,0.00075,0.00401,0.013040001,0.01602,0.02022
979.8400269,0.056919999,0.00124,0.00508,0.015039999,0.01891,0.019819999
980.1300049,0.052789997,0.00372,0.00725,0.016860001,0.021710001,0.019550001
980.4199829,0.046259999,0.00284,0.008309999,0.016659999,0.021570001,0.017580001
980.710022,0.039340001,0.0025,0.00834,0.015700001,0.021470001,0.01393
981.0100098,0.035659999,0.0036,0.00918,0.0173,0.021960001,0.01307
981.2999878,0.033889998,0.00544,0.01018,0.01602,0.023010001,0.01201
981.5900269,0.028970001,0.0063,0.0096,0.01647,0.023159999,0.011089999
981.8800049,0.02444,0.00487,0.00756,0.01401,0.02142,0.00955
982.1799927,0.01856,0.00362,0.00514,0.01274,0.019019999,0.00822
982.4699707,0.01358,0.0018,0.00234,0.01154,0.019609999,0.00629
982.7600098,0.01184,0.0009,0.0024,0.0105,0.018300001,0.00541
983.0499878,0.010290001,-0.00058,0.00233,0.01,0.01897,0.00436
983.3400269,0.01097,-0.00245,0.00222,0.01159,0.019509999,0.00497
983.6300049,0.0106,-0.00372,0.00165,0.00818,0.01781,0.0031
983.9299927,0.012309999,-0.00171,0.00614,0.010089999,0.018850001,0.00174
984.2199707,0.01214,-0.00129,0.00803,0.008719999,0.018929999,0.00125
984.5100098,0.01038,-0.00104,0.008169999,0.00846,0.017070001,-0.00055
984.7999878,0.00896,-0.0009,0.00798,0.00818,0.01681,0.00045
985.0900269,0.00714,-0.00056,0.00713,0.00863,0.017339999,0.00095
985.3800049,0.00331,-0.0013,0.00629,0.00822,0.01539,0.00035
985.6699829,0.00173,-0.00101,0.00599,0.00844,0.01674,0.0013
985.960022,-0.00055,-0.00202,0.00367,0.00777,0.01434,0.00213
986.2600098,-0.00196,-0.00309,0.00261,0.00808,0.01526,0.00107
986.5499878,0.00094,-0.00199,0.00341,0.00836,0.01702,0.00368
986.8400269,0.00127,-0.0021,0.00378,0.0107,0.01794,0.00362
987.1300049,-0.00118,-0.0042,0.00291,0.009240001,0.013689999,0.00034
987.4199829,0.00055,-0.0022,0.00236,0.00969,0.01344,0.00042
987.710022,0.00131,-0.00251,0.00271,0.009980001,0.01168,0.00037
988,0.00132,-0.0019,0.00264,0.01021,0.01277,0.00072
988.289978,0.00126,-0.00175,0.002,0.01107,0.01301,0.00199
988.5800171,0.00086,-0.00285,0.00273,0.00992,0.011820001,0.00046
988.8699951,0.00232,-0.00149,0.00294,0.00957,0.01293,-0.00075
989.1599731,0.00579,0.00183,0.0042,0.012200001,0.0167,0.00176
989.460022,0.0032,0.00018,0.00315,0.01017,0.017139999,-0.0008
989.75,0.00419,0.0014,0.00279,0.01286,0.017690001,-0.00034
990.039978,0.00331,0.00039,0.00208,0.01266,0.01811,-0.00172
990.3300171,0.00362,0.00121,0.00249,0.01232,0.01561,-0.00252
990.6199951,0.00175,0.00148,0.00097,0.01199,0.01424,-0.00315
990.9099731,0.00145,0.00137,0.00234,0.0126,0.01361,-0.00353
991.2000122,-0.00029,-0.00141,0.00118,0.0107,0.01105,-0.0047
991.4899902,0.00074,-0.00073,0.00276,0.01127,0.009980001,-0.00393
991.7800293,-0.00161,-0.00142,0.00357,0.01069,0.01076,-0.00487
992.0700073,0.00111,-0.00012,0.00586,0.01272,0.012519999,-0.00348
992.3599854,0.00171,-0.00138,0.00563,0.011820001,0.01459,-0.00354
992.6500244,0.00232,-0.00086,0.00763,0.01578,0.017729999,-0.00399
992.9400024,0.00053,-0.00263,0.00731,0.01332,0.01636,-0.00486
993.2299805,0.00235,-0.0016,0.00907,0.01431,0.017449999,-0.00198
993.5200195,0.00183,-0.0019,0.011030001,0.015369999,0.01785,-0.00175
993.8099976,0.00227,-0.00335,0.0114,0.01397,0.0174,-0.00208
994.0999756,0.00267,-0.00629,0.01153,0.01426,0.0166,-0.00307
994.3900146,0.00147,-0.00637,0.01115,0.01451,0.01578,-0.00352
994.6799927,0.00096,-0.00547,0.00758,0.01235,0.011510001,-0.00377
994.960022,0.00011,-0.00608,0.00478,0.01113,0.01309,-0.00362
995.25,-0.00369,-0.0099,0.00172,0.00753,0.01,-0.00911
995.539978,-0.00287,-0.01028,0.00099,0.00757,0.00948,-0.0097
995.8300171,-0.00527,-0.01312,-0.0021,0.00575,0.00578,-0.013459999
996.1199951,-0.00784,-0.01206,-0.00574,0.0023,0.00478,-0.011619999
996.4099731,-0.00704,-0.01227,-0.00493,0.00206,0.00359,-0.01114
996.7000122,-0.00684,-0.01475,-0.00295,0.00166,0.00795,-0.00929
996.9899902,-0.0061,-0.014570001,-0.00459,0.00341,0.00436,-0.010290001
997.2800293,-0.00285,-0.01207,-0.00198,0.00708,0.00719,-0.00622
997.5700073,-0.0037,-0.01264,-0.00021,0.00679,0.00662,-0.0047
997.8599854,-0.00279,-0.00883,0.00149,0.00763,0.008,-0.00189
998.1500244,-0.00272,-0.00871,0.00159,0.00613,0.00516,-0.00636
998.4299927,-0.00318,-0.01096,0.00022,0.00583,0.00522,-0.00735
998.7199707,-0.00383,-0.01028,-0.00073,0.00485,0.00225,-0.00686
999.0100098,-0.00209,-0.008909999,0.00302,0.0065,0.00337,-0.00315
999.2999878,-0.00197,-0.00607,0.00139,0.00566,0.00432,-0.00297
999.5900269,-0.00086,-0.00777,-0.00193,0.00433,0.00457,-0.00588
999.8800049,-0.00046,-0.00917,-0.00467,0.00389,0.00423,-0.00707
1000.169983,-0.00251,-0.0089,-0.00263,0.00954,0.00921,-0.00661
1000.450012,-0.00121,-0.00506,-0.00157,0.012,0.00969,-0.00599
1000.73999,2.00E-05,-0.00438,0.00333,0.013569999,0.01327,-0.00636
1001.030029,0.00042,-0.00469,0.00276,0.010980001,0.01622,-0.00634
1001.320007,0.00285,-0.00375,0.00454,0.012259999,0.0155,-0.00549
1001.609985,0.00071,-0.00296,0.00689,0.01306,0.016070001,-0.00551
1001.900024,-0.00226,-0.00518,0.00979,0.01022,0.01565,-0.00517
1002.179993,0.00103,-0.00258,0.010299999,0.00895,0.01286,-0.00175
1002.469971,-0.00363,-0.00656,0.00822,0.00533,0.00991,-0.00517
1002.76001,-0.00331,-0.00509,0.00553,0.00486,0.00795,-0.00629
1003.049988,-0.00679,-0.00385,0.00539,0.009430001,0.00705,-0.00823
1003.340027,-0.00667,-0.00393,0.00766,0.00955,0.009459999,-0.00775
1003.619995,-0.010369999,-0.00626,0.00333,0.00716,0.00449,-0.00784
1003.909973,-0.01028,-0.00508,0.00246,0.008309999,0.00362,-0.0099
1004.200012,-0.01475,-0.008859999,0.00067,0.00707,0.00189,-0.011870001
1004.48999,-0.0121,-0.00454,9.00E-05,0.011059999,0.00612,-0.00715
1004.77002,-0.012970001,-0.00704,-0.00029,0.01417,0.0061,-0.00666
1005.059998,-0.01319,-0.01001,-0.00222,0.01008,0.00503,-0.00815
1005.349976,-0.01671,-0.01212,-0.00704,0.00936,0.00184,-0.01328
1005.640015,-0.009409999,-0.00673,-0.0015,0.01363,0.00882,-0.0069
1005.919983,-0.00548,-0.00833,-0.00089,0.019099999,0.014049999,-0.00489
1006.210022,-0.00314,-0.00729,0.00051,0.019989999,0.01506,-0.00386
1006.5,-0.00281,-0.00868,0.00315,0.019709999,0.01486,-0.00424
1006.789978,-0.00259,-0.00666,0.00196,0.01784,0.01393,-0.00134
1007.070007,0.00306,-0.00248,0.00641,0.022190001,0.01518,0.00322
1007.359985,0.00465,-0.00168,0.0115,0.0253,0.019370001,0.008
1007.650024,0.0058,0.0008,0.00957,0.025760001,0.0189,0.0073
1007.929993,0.00829,0.00623,0.0111,0.02592,0.01912,0.01163
1008.219971,0.00862,0.0042,0.008669999,0.02486,0.01897,0.00821
1008.51001,0.00797,0.0046,0.01313,0.023250001,0.016829999,0.00725
1008.799988,0.00822,-0.00016,0.01653,0.023220001,0.018449999,0.00248
1009.080017,0.00284,-0.00405,0.01362,0.01833,0.017549999,0.00015
1009.369995,0.00183,-0.00479,0.00939,0.017000001,0.01286,-0.00257
1009.659973,-0.00012,-0.00865,0.00992,0.01935,0.014099999,-0.00645
1009.940002,-0.00664,-0.01317,0.00529,0.0156,0.00954,-0.01303
1010.22998,-0.00532,-0.01087,0.00721,0.01269,0.007,-0.00895
1010.52002,-0.00467,-0.01176,0.0021,0.01407,0.00855,-0.01113
1010.799988,-0.00734,-0.00797,-0.0017,0.010779999,0.00256,-0.01126
1011.090027,-0.00577,-0.0107,-7.00E-05,0.014,0.00539,-0.01176
1011.369995,-0.009980001,-0.01288,0.00457,0.01392,0.00644,-0.01205
1011.659973,-0.0098,-0.010629999,0.00776,0.014400001,0.00744,-0.00915
1011.950012,-0.00911,-0.00698,0.00782,0.01867,0.01086,-0.00714
1012.22998,-0.009380001,-0.00954,0.00842,0.021960001,0.01582,-0.00852
1012.52002,-0.01117,-0.00631,0.01509,0.024219999,0.01984,-0.00411
1012.799988,-0.00392,-0.00457,0.020959999,0.0309,0.026830001,0.00382
1013.090027,0.0023,0.0011,0.023139998,0.034979999,0.028480001,0.00835
1013.380005,0.00534,0.00336,0.01952,0.036770001,0.028199999,0.00979
1013.659973,0.00271,0.00043,0.01616,0.033160001,0.023910001,0.00421
1013.950012,0.00362,-0.00073,0.018370001,0.0328,0.021500001,0.00629
1014.22998,0.00345,0.00075,0.020510001,0.034189999,0.021029999,0.00997
1014.52002,0.00521,-0.00298,0.015690001,0.026689999,0.019619999,0.00775
1014.809998,0.00351,-0.00401,0.014140001,0.032760002,0.021579999,0.00607
1015.090027,-0.00317,-0.00476,0.015240001,0.031849999,0.01749,0.00067
1015.380005,-0.00243,-0.00338,0.01736,0.02984,0.019680001,-0.00137
1015.659973,-0.00324,-0.00638,0.015240001,0.030780001,0.01897,0.00176
1015.950012,0.0006,-0.00267,0.0189,0.032430001,0.023359999,-0.0004
1016.22998,-0.00222,-0.0023,0.020650001,0.03255,0.02447,-0.00544
1016.52002,-0.00333,-0.00284,0.021259999,0.043420002,0.02416,-0.00555
1016.799988,-0.010880001,-0.00517,0.019619999,0.034740001,0.01427,-0.01559
1017.090027,-0.00837,-0.00597,0.01804,0.033010002,0.01238,-0.017589999
1017.369995,-0.00805,-0.011369999,0.01939,0.02911,0.00952,-0.018919999
1017.659973,-0.00136,-0.00717,0.023050001,0.032200001,0.01538,-0.015859999
1017.940002,-0.00085,-0.007879999,0.02079,0.032790001,0.011729999,-0.01387
1018.22998,-0.00042,-0.00502,0.01712,0.035319999,0.01176,-0.01274
1018.51001,-0.00207,-0.00481,0.01525,0.02949,0.0095,-0.01364
1018.799988,0.00574,0.0019,0.020510001,0.03444,0.01997,-0.00873
1019.080017,-0.00256,-9.00E-05,0.017929999,0.033679999,0.02434,-0.00801
1019.369995,-0.00534,0.00288,0.015,0.040159997,0.028450001,-0.00966
1019.650024,-0.01406,0.00303,0.01709,0.042309999,0.02478,-0.01286
1019.940002,-0.01467,6.00E-05,0.018200001,0.044510003,0.02698,-0.00844
1020.219971,-0.016960001,-0.00436,0.017209999,0.039969999,0.02651,-0.0135
1020.51001,-0.01805,-0.00411,0.017690001,0.040539999,0.02241,-0.01708
1020.789978,-0.02479,-0.00936,0.01333,0.038989998,0.02283,-0.020029999
1021.080017,-0.021860002,-0.00832,0.011410001,0.03813,0.020810001,-0.026819998
1021.359985,-0.02313,-0.00799,0.012619999,0.03678,0.018829999,-0.027709998
1021.640015,-0.018819999,-0.00597,0.00865,0.037550002,0.021819999,-0.02417
1021.929993,-0.01888,-0.00299,0.01309,0.041609999,0.027790001,-0.023759998
1022.210022,-0.01245,0.00267,0.019780001,0.053920001,0.0352,-0.01203
1022.5,-0.00562,0.00747,0.025999999,0.064460002,0.047540002,-0.00123
1022.780029,0.01559,0.01891,0.046780001,0.092409998,0.070890002,0.039419997
1023.070007,0.01559,0.01891,0.046780001,0.092409998,0.070890002,0.039419997
1023.349976,0.01559,0.01891,0.046780001,0.092409998,0.070890002,0.039419997