AUPE,0,0,0,0,0,0
WAC,0,0,0,0,0,0
G12,0,0,0,0,0,0
1000,0,0,0,0,0,0
50,0,0,0,0,0,0
nm,0,0,0,0,0,0
Angular Dependence,0,0,0,0,0,0
Wavelengths,0,8,16,24,32,40
360.519989,0.01005,0.01424,0.01904,0.031270001,0.03229,0.017970001
360.8999939,0.00483,0.00543,0.0037,0.02036,0.01678,0.01022
361.269989,-0.00336,-0.00568,-0.00683,-0.00276,0.00758,-0.00037
361.6499939,-0.01454,-0.00751,-0.021389998,-0.01395,-0.00385,-0.01329
362.019989,-0.02296,-0.022820001,-0.021199999,-0.02981,-0.01461,-0.028589999
362.3999939,-0.025359999,-0.024769999,-0.030030001,-0.038699999,-0.01963,-0.0372
362.769989,-0.01657,-0.02159,-0.026070001,-0.041690003,-0.019619999,-0.034979999
363.1499939,-0.00011,-0.010140001,-0.01174,-0.036630001,-0.00877,-0.02554
363.519989,0.00803,-0.00179,0.00652,-0.031140001,0.00538,-0.01502
363.8999939,0.01701,0.00654,0.01771,-0.01459,0.00665,-0.00301
364.269989,0.0148,0.00706,0.01432,-0.00792,0.00496,0.00344
364.6400146,0.017829999,0.021570001,0.01609,0.00201,0.00762,0.0117
365.019989,0.018209999,0.01953,0.025590001,0.01643,0.022060001,0.01936
365.3900146,0.01598,0.024809999,0.02517,0.02671,0.019950001,0.01795
365.769989,0.00218,0.02108,0.02335,0.020959999,0.01774,0.01471
366.1400146,-0.0078,0.016900001,0.01204,0.014249999,0.0063,0.01584
366.519989,-0.025280001,0.00325,-0.00301,0.00223,-0.00483,0.0083
366.8900146,-0.022980001,0.00067,0.00028,-0.00428,-0.00816,0.00639
367.2600098,-0.02641,-0.00769,0.00042,-0.0076,-0.01206,-0.0009
367.6400146,-0.034710001,-0.00794,-0.01194,-0.01853,-0.034649998,-0.0154
368.0100098,-0.045529999,-0.020869998,-0.020060001,-0.027170001,-0.040449999,-0.022449998
368.3900146,-0.038510002,-0.02406,-0.024030002,-0.0328,-0.038389999,-0.031909999
368.7600098,-0.03751,-0.031070001,-0.02892,-0.033599999,-0.04586,-0.040539999
369.1300049,-0.022349998,-0.02901,-0.01633,-0.03043,-0.04039,-0.035319999
369.5100098,-0.017130001,-0.028110001,-0.01503,-0.02715,-0.039650001,-0.032019999
369.8800049,-0.01181,-0.025120001,-0.01423,-0.027899999,-0.035629999,-0.03602
370.25,-0.00906,-0.031029999,-0.00819,-0.034000002,-0.026129998,-0.02991
370.6300049,-0.00188,-0.032200001,-0.01095,-0.03122,-0.019060001,-0.018660001
371,-0.01281,-0.02438,-0.01271,-0.025409998,-0.01804,-0.00949
371.3800049,-0.00105,-0.01609,-0.011109999,-0.018029999,-0.00921,-0.00613
371.75,-0.00632,-0.01521,-0.017109999,-0.0114,-0.009670001,-0.013400001
372.1199951,-0.00281,-0.0076,-0.01184,-0.00479,-0.00105,-0.013150001
372.5,-0.00229,-0.01194,-0.019309999,-0.00686,-0.00128,-0.00844
372.8699951,0.00641,-0.00374,-0.01678,0.0094,0.00677,-0.00288
373.2399902,0.00368,0.00223,-0.01664,0.0106,0.00719,-0.00581
373.6199951,0.00986,-0.00137,-0.00853,0.011720001,0.00604,-0.00975
373.9899902,0.00515,-0.00552,-0.00226,0.00857,0.00215,-0.00836
374.3599854,0.00634,-0.00031,0.00592,0.0035,0.00217,-0.00194
374.7399902,-0.00088,-0.00669,0.00144,-0.00745,-0.00378,-0.00691
375.1099854,0.00024,-0.00527,0.00536,-0.00445,0.00012,-0.00409
375.480011,0.0011,-0.01101,0.00305,-0.008880001,-0.00559,-0.00825
375.8599854,0.00263,-0.00594,0.00899,-0.00501,-0.010199999,-0.00407
376.230011,0.00604,-0.00421,0.00729,-0.0041,-0.00474,-0.00023
376.6000061,0.00033,-0.00362,0.004,-0.0078,-0.00758,-0.00052
376.980011,-0.00508,-0.00804,-0.00178,-0.00861,-0.00751,-0.00377
377.3500061,-0.00511,-0.01131,-0.00054,-0.00219,-0.00918,-0.00141
377.7200012,-0.00567,-0.013250001,-0.00252,-0.00528,-0.01382,-0.00154
378.1000061,-0.00692,-0.015579999,-0.00256,-0.00293,-0.01249,0.00124
378.4700012,-0.01011,-0.01946,-0.00566,-0.00174,-0.0088,-0.00336
378.8399963,-0.00966,-0.01497,-0.00742,0.00373,-0.01429,0.00126
379.2200012,-0.00475,-0.01224,-0.00366,0.00549,-0.013780001,0.00345
379.5899963,-0.00344,-0.00911,-0.00306,0.00794,-0.01054,0.00417
379.9599915,-0.00525,-0.00916,-0.00651,0.00623,-0.01242,0.00399
380.3299866,-0.00631,-0.00463,-0.00574,0.01064,-0.01055,0.0049
380.7099915,-0.00987,-0.0028,-0.008859999,0.00346,-0.01196,-0.00024
381.0799866,-0.0083,-0.00644,-0.00607,-0.00631,-0.01485,-0.00169
381.4500122,-0.011460001,-0.009959999,-0.00426,-0.0091,-0.01242,-0.00731
381.8299866,-0.012619999,-0.01207,-0.00753,-0.007,-0.00981,-0.0112
382.2000122,-0.00936,-0.01287,-0.00561,-0.00715,-0.00712,-0.00726
382.5700073,-0.001,-0.011419999,-0.0009,-0.00429,-0.00021,-0.00578
382.9400024,-0.00114,-0.01166,-4.00E-05,-0.00625,0.00496,-0.00331
383.3200073,0.00215,-0.00987,0.00167,-0.00238,0.00541,0.00169
383.6900024,0.00418,-0.00333,0.00279,0.00454,0.01082,0.00548
384.0599976,0.00983,-0.00365,0.00307,0.00388,0.0098,0.00856
384.4299927,0.0099,0.00117,0.00636,0.00363,0.011419999,0.01195
384.8099976,0.00621,0.00294,0.00377,0.00382,0.008090001,0.00623
385.1799927,0.00335,0.00571,0.0026,0.00074,0.00703,0.00571
385.5499878,0.0025,0.00674,0.00136,0.00144,0.00258,0.00063
385.9200134,0.00087,0.00464,-0.00063,-0.00086,0.00177,-0.00265
386.2999878,0.00101,0.00232,-0.00512,-0.00143,-0.00117,-0.00164
386.6700134,-0.00315,0.00369,-0.00808,-0.00159,-0.00083,-0.00469
387.0400085,-0.00377,-0.00029,-0.0113,-0.00365,-0.00416,-0.00714
387.4100037,0.00233,-0.00143,-0.00981,-0.00184,-0.00353,-0.00392
387.7799988,0.00016,-0.00403,-0.01269,0.00131,-0.0048,-0.00468
388.1600037,0.00167,-0.00468,-0.013250001,0.00194,-0.00421,-0.0019
388.5299988,0.00033,-0.00321,-0.01193,0.00195,-0.00288,-0.00343
388.8999939,-0.00306,-0.0051,-0.01244,-0.00099,-0.00566,-0.00803
389.269989,0.00024,-0.0016,-0.00844,0.0035,-0.0035,-0.00436
389.6499939,0.00083,0.00153,-0.00706,0.00515,-0.00038,-0.0018
390.019989,-0.00451,0.00214,-0.00629,0.00117,-0.00128,-0.00349
390.3900146,-0.00251,0.00503,-0.00497,-0.00024,0.00059,-0.00171
390.7600098,-0.00673,0.00417,-0.00488,-0.00134,0.0003,-0.00203
391.1300049,-0.00483,0.00277,-0.00296,0.00182,-0.00052,-0.00056
391.5,-0.00287,0.00255,-0.00249,0.00605,0.00145,0.00313
391.8800049,-0.00658,-0.00337,-0.00416,0.00306,-0.00212,0.00095
392.25,-0.00512,-0.0046,-0.00277,0.00422,-0.00101,0.00082
392.6199951,-0.00452,-0.00498,-0.00299,0.00545,-0.00135,0.00111
392.9899902,-0.00728,-0.00826,-0.00523,0.00129,-0.00567,-0.0008
393.3599854,-0.00271,-0.00775,-0.00752,0.00317,-0.00604,-0.00123
393.730011,-0.00288,-0.0066,-0.00866,0.0011,-0.00633,-0.00112
394.1099854,-0.00307,-0.00487,-0.00655,-0.00243,-0.00579,-0.00229
394.480011,-0.00255,-0.00099,-0.00662,-0.00248,-0.00407,-0.00197
394.8500061,-0.00431,-0.00246,-0.00699,-0.00449,-0.00589,-0.0033
395.2200012,-0.00257,-0.0022,-0.00485,-0.00442,-0.00293,-0.00108
395.5899963,-0.00046,0.00076,-0.00119,0.00024,0.00085,0.00035
395.9599915,-0.0007,0.00051,0.00239,-0.00167,0.00122,0.00142
396.3299866,-0.00076,0.00296,0.00356,-0.00087,0.00287,0.00404
396.7099915,-0.00102,0.00272,0.00256,0.00045,0.00208,0.00287
397.0799866,-0.00097,-0.0002,0.00394,0.00042,0.00188,0.00417
397.4500122,-0.0006,0.0004,0.00378,0.0007,0.00077,0.00534
397.8200073,-0.00035,0.0017,0.00248,0.00101,-0.00038,0.00434
398.1900024,-0.00173,6.00E-05,0.00156,0.00016,-0.00221,0.00354
398.5599976,-0.00095,-1.00E-04,0.00137,0.00011,-0.00094,0.00196
398.9299927,-0.00049,-0.00015,0.00158,0.00084,-0.0008,0.00266
399.2999878,0.0002,-0.00043,0.00168,5.00E-05,-0.00104,0.00521
399.6799927,0.00014,-2.00E-05,-4.00E-05,-0.00141,-0.0002,0.00273
400.0499878,-0.00132,-0.00171,-0.00327,-0.00199,0.00011,-7.00E-05
400.4200134,-0.00201,-0.00154,-0.0034,-0.00183,0.00078,0.00078
400.7900085,-0.00174,-0.00103,-0.00473,-0.00264,0.0021,-0.00033
401.1600037,-0.00386,-0.00226,-0.00601,-0.00263,0.00134,0.0003
401.5299988,-0.00403,-0.00371,-0.00695,-0.00376,0.00079,-0.0025
401.8999939,-0.00444,-0.00337,-0.00655,-0.00283,0.00145,-0.00395
402.269989,-0.00248,-0.00142,-0.0051,-0.00034,0.00167,-0.001
402.6400146,0.00046,0.00165,-0.0015,0.00088,0.00401,0.00212
403.0100098,0.00077,0.00088,-0.00204,0.00108,0.00287,0.00112
403.3800049,0.00242,0.00221,0.00052,0.00266,0.00324,0.00402
403.75,0.00346,0.00324,-0.00015,0.0029,0.00221,0.00343
404.1199951,0.00184,0.00353,-0.00092,0.00298,0.00125,0.00399
404.5,0.00417,0.00471,0.00029,0.00465,0.00191,0.00619
404.8699951,0.00236,0.00322,-0.00058,0.00372,0.00097,0.00395
405.2399902,0.00127,0.00316,-0.00065,0.00243,-0.00109,0.0023
405.6099854,0.00182,0.00348,0.00021,0.00304,-0.00086,0.0046
405.980011,0.00106,0.00321,9.00E-05,0.00131,-0.00227,0.00368
406.3500061,0.00027,0.0033,0.00026,0.0003,-0.00181,0.00341
406.7200012,0.00087,0.00351,0.0019,0.00121,-0.00066,0.004
407.0899963,-0.00075,0.00142,0.0012,-0.00017,-0.0011,0.00218
407.4599915,-0.00164,0.00015,0.00156,-0.00053,-0.00171,0.00191
407.8299866,-0.0016,-0.00166,-0.00031,0.00026,-0.00051,0.00148
408.2000122,-0.00265,-0.00179,-0.00145,-0.00145,-0.00053,-0.00076
408.5700073,-0.00259,-0.00281,-0.00229,-0.00089,0.00059,-0.00225
408.9400024,-0.00291,-0.00246,-0.00095,-0.00072,0.0011,-0.0017
409.3099976,-0.00292,-0.00323,-0.00168,-0.00169,0.00036,-0.0025
409.6799927,-0.0033,-0.00143,-0.00142,-0.00106,-0.00011,-0.00273
410.0499878,-0.00215,-6.00E-05,-0.00172,-0.00115,0.0003,-0.00203
410.4200134,-0.00186,0.00102,-0.00058,-0.00098,-6.00E-05,-0.00123
410.7900085,-0.00193,0.00053,0.00026,-0.00041,-8.00E-05,-0.00166
411.1600037,-0.00181,0.00064,0.00066,7.00E-05,-0.00088,-0.00074
411.5299988,-0.00061,0.00042,0.00052,0.00146,-0.00189,-0.00124
411.8999939,4.00E-05,0.00069,0.00032,0.00133,-0.00198,-0.00125
412.269989,0.00042,-0.00042,-4.00E-05,0.00084,-0.00121,-0.00076
412.6400146,0.00078,-0.00015,0.00042,0.00093,-0.00035,-0.00087
413.0100098,0.00097,0.00014,0.00085,0.0015,-0.00027,-0.0009
413.3800049,0.00086,-0.00036,0.00043,0.0019,-0.00076,-0.00055
413.75,0.00266,0.00158,0.0014,0.00239,0.00127,0.00033
414.1199951,0.00244,0.0022,0.00194,0.0024,0.00236,0.00143
414.4899902,0.00138,0.00159,0.00224,0.00167,0.00215,0.0008
414.8599854,0.0013,0.00226,0.00214,0.00105,0.00229,0.00071
415.230011,0.00081,0.00145,0.00192,0.00144,0.00223,0.00133
415.6000061,0.00121,0.00229,0.00184,0.0017,0.00271,0.00152
415.9599915,0.00155,0.00263,0.0018,0.00118,0.00354,0.00144
416.3299866,2.00E-05,0.00125,0.00102,0.00025,0.00187,0.00045
416.7000122,0.00036,0.00118,0.00035,-0.00045,0.0019,0.00049
417.0700073,0.00081,0.00193,0.00081,-0.0006,0.0023,0.00098
417.4400024,0.00115,0.00214,0.00077,-0.00018,0.00182,0.00153
417.8099976,0.00225,0.00308,0.00128,-0.00025,0.00128,0.00154
418.1799927,0.00137,0.00167,0.00079,-0.00089,0.00064,0.00128
418.5499878,0.00112,0.00164,0.00023,-0.00112,-0.00032,0.00098
418.9200134,0.00082,0.00109,-0.00066,-0.00071,-0.00026,0.00051
419.2900085,2.00E-05,0.00106,-0.0011,-0.00087,-0.00051,-0.00027
419.6600037,0.00033,0.00089,-0.00146,0.00036,6.00E-05,0.00074
420.0299988,0.00033,0.00075,-0.00107,0.00062,-3.00E-05,0.00065
420.3900146,-0.00054,0.00055,-0.001,0.00084,-2.00E-05,0.00043
420.7600098,-0.00046,0.00061,-0.00051,0.00071,7.00E-05,0.00098
421.1300049,0.00019,0.00095,0.00062,0.00119,0.00085,0.00146
421.5,0.00051,0.00126,0.00137,0.00115,0.00111,0.00263
421.8699951,0.00103,0.00126,0.00227,0.00189,0.00104,0.00309
422.2399902,0.00094,0.00143,0.00232,0.00193,0.00097,0.00251
422.6099854,0.00141,0.00158,0.00214,0.00205,0.00183,0.00214
422.980011,0.00108,0.00081,0.00106,0.00138,0.00182,0.00209
423.3500061,0.00143,0.00104,0.00057,0.0013,0.00145,0.0015
423.7099915,0.00059,0.00043,0.00013,0.00147,0.00132,0.00139
424.0799866,0.00031,0.00028,-0.00045,0.00151,0.00076,0.00066
424.4500122,0,8.00E-05,-0.00133,0.00102,0.00072,0.00039
424.8200073,2.00E-05,0.00012,-0.00127,0.00081,0.0005,0.00085
425.1900024,-0.00085,-0.00039,-0.0012,7.00E-05,-1.00E-04,0.00072
425.5599976,-0.00032,0.00054,-6.00E-05,0.00041,0.00078,0.00073
425.9299927,-0.00021,4.00E-05,-4.00E-05,0.00118,0.00126,0.0008
426.2900085,-0.00031,0.0002,0,0.00039,0.00046,0.00108
426.6600037,-0.00068,-5.00E-05,0.0005,0.00018,0.00034,0.00109
427.0299988,-0.00046,-0.00014,0.00104,0.00035,0.00046,0.00114
427.3999939,-2.00E-05,-0.0007,0.00101,0.00032,-1.00E-04,0.00075
427.769989,-0.00018,-0.00075,0.00087,0.00028,-0.00028,0.00084
428.1400146,-7.00E-05,-0.00141,0.00022,0.00012,-0.00087,0.00091
428.5,-0.00065,-0.00099,-0.00013,-0.00032,-0.00102,0.00106
428.8699951,-0.00042,-0.00095,-0.00028,0.00024,-0.00082,0.00069
429.2399902,1.00E-05,-0.00065,-0.00028,2.00E-05,-0.00034,0.00035
429.6099854,-0.0007,-0.00059,-0.00047,-0.00031,-0.00048,0.00026
429.980011,-0.00138,-0.0004,-0.001,-0.00041,-4.00E-05,3.00E-05
430.3399963,-0.00138,-0.00065,-0.00148,0,-0.00018,-0.0006
430.7099915,-0.00111,-0.00022,-0.00082,-8.00E-05,7.00E-05,-0.00079
431.0799866,-0.00143,-0.00068,-0.00077,-0.00043,-0.00044,-0.00089
431.4500122,-0.0012,-4.00E-05,-0.00062,-0.0002,-0.00025,-0.00048
431.8200073,-0.00132,-1.00E-05,-0.00071,0.0002,-0.00085,-1.00E-04
432.1799927,-0.00071,-0.00016,-0.00063,0.0003,-0.00077,0.00013
432.5499878,-0.00043,-1.00E-05,-0.00027,0.00045,-0.00068,-2.00E-05
432.9200134,-0.00015,0.00057,0.00027,0.00028,-0.00037,0.00059
433.2900085,-0.00067,0.00022,-0.00033,0.0006,-0.0008,0.00055
433.6499939,-0.00038,0.00023,-0.00026,0.00078,-0.00046,0.0002
434.019989,-0.00045,0.00013,-3.00E-05,0.00095,-0.00075,0.00039
434.3900146,-1.00E-04,-3.00E-05,4.00E-05,0.00053,-0.00024,0.00061
434.7600098,0.0002,0.00031,0.00065,0.00084,0.00028,0.00072
435.1199951,6.00E-05,0.00053,0.00084,0.00091,0.00054,0.00101
435.4899902,-0.00014,-3.00E-05,0.00062,0.00085,0.00044,0.00062
435.8599854,-9.00E-05,0.00037,0.00096,0.00082,0.00054,0.00094
436.230011,0,0.00046,0.00104,0.00061,0.00034,0.00124
436.5899963,-0.00013,0.00032,0.00056,0.00025,0.00066,0.00082
436.9599915,-0.00018,0.00076,0.00076,0.00106,0.00089,0.00128
437.3299866,-0.00065,0.00018,0.00011,0.00095,0.00038,0.00084
437.7000122,-0.0008,-1.00E-04,1.00E-05,0.00086,0.0004,0.00073
438.0599976,-0.00037,0.0003,0.00018,0.00128,0.00038,0.00102
438.4299927,-0.00015,0.00037,0.00011,0.00102,0.00054,0.00074
438.7999878,0.00018,0.0008,0.00029,0.00138,0.00094,0.00104
439.1600037,0.00037,0.00095,0.00073,0.00149,0.00114,0.0014
439.5299988,0.00016,0.0008,0.00026,0.00095,0.00125,0.00077
439.8999939,-0.00027,0.00059,0.00014,0.00075,0.00132,0.00092
440.269989,0.0002,0.00108,0.00017,0.00092,0.00123,0.00099
440.6300049,1.00E-05,0.00102,0,0.00072,0.00153,0.00077
441,-6.00E-05,0.00113,-0.00011,0.00118,0.00175,0.00112
441.3699951,-0.00075,0.00077,-0.00046,0.00072,0.00146,0.00059
441.730011,-0.0007,0.00038,-0.00064,0.00069,0.00143,0.00013
442.1000061,-0.001,-1.00E-04,-0.0006,0.00059,0.00119,3.00E-05
442.4700012,-0.0008,-7.00E-05,-0.00075,0.00019,0.00091,-0.00045
442.8299866,-0.00061,-0.00037,-0.00088,-1.00E-05,0.00076,-0.00032
443.2000122,-0.00094,-0.00061,-0.00126,-7.00E-05,0.00039,-0.00026
443.5700073,-0.00108,-0.00121,-0.00148,-0.00045,-0.00026,-0.00095
443.9299927,-0.00055,-0.00107,-0.00107,8.00E-05,-8.00E-05,-0.00087
444.2999878,-0.0007,-0.00099,-0.00115,7.00E-05,-0.00032,-0.0009
444.6700134,-0.00053,-0.00077,-0.00099,0.00046,-0.00045,-0.00098
445.0299988,-1.00E-05,-0.00029,-0.00058,0.00096,-0.00013,-0.0006
445.3999939,-0.00056,-0.00096,-0.00073,0.00093,-0.00029,-0.00078
445.769989,-0.00043,-0.00127,-0.00036,0.00087,-0.0003,-0.00081
446.1300049,-0.00029,-0.00108,-0.00015,0.00079,0.00019,-0.0004
446.5,-0.00037,-0.00105,-0.00016,0.0006,0.00018,-0.00018
446.8699951,-9.00E-05,-0.00084,-7.00E-05,0.00057,0.00063,0.00018
447.230011,5.00E-05,-0.00082,-1.00E-05,0.00045,0.00063,0.00061
447.6000061,5.00E-05,-0.0008,-8.00E-05,0.00075,0.00067,0.00085
447.9599915,0.00044,-1.00E-05,0.00042,0.00116,0.00091,0.00119
448.3299866,0.00046,0.00028,0.00045,0.001,0.00087,0.00111
448.7000122,0.0003,0.0003,0.00032,0.00074,0.00052,0.00087
449.0599976,0.00057,0.00057,0.00053,0.0008,0.00053,0.00104
449.4299927,0.00067,0.00032,0.00055,0.00071,0.0002,0.00088
449.7900085,0.00091,0.00064,0.00067,0.00092,0.00047,0.00104
450.1600037,0.00069,0.00053,0.0008,0.00063,0.00024,0.00108
450.5299988,0.00067,0.00019,0.00055,-3.00E-05,0.00021,0.00071
450.8900146,0.00079,0.0004,0.00064,0.00031,0.00055,0.00092
451.2600098,0.00066,0.00032,0.00055,0.0005,0.00058,0.00088
451.6199951,0.00031,1.00E-05,0.00046,0.00049,0.00071,0.0008
451.9899902,0.00043,0.00032,0.00067,0.00064,0.00096,0.00086
452.3599854,0.00017,2.00E-05,0.0004,0.00011,0.00073,0.00046
452.7200012,0.00013,0.00013,0.00052,0.00019,0.00086,0.00019
453.0899963,0.00016,0.00015,0.00066,0.00037,0.0007,0.00032
453.4500122,0.00017,-4.00E-05,0.00068,0.00036,0.00069,0.00037
453.8200073,0.00025,5.00E-05,0.00068,0.00036,0.0008,0.00025
454.1799927,0.0003,-6.00E-05,0.00042,0.00013,0.00052,0.00012
454.5499878,1.00E-05,-2.00E-05,0.00015,0.00011,0.00021,1.00E-04
454.9200134,-0.00014,-5.00E-05,0.00017,0.00018,0.0002,0.00013
455.2799988,0.00025,0.00015,0.00026,0.00026,0.00028,0.00045
455.6499939,0.00017,0.00024,6.00E-05,0.0002,0.00042,0.00032
456.0100098,0.00023,0.00031,1.00E-04,-6.00E-05,5.00E-05,0.00027
456.3800049,2.00E-05,0.00024,4.00E-05,-1.00E-05,-0.00019,0.00035
456.7399902,0.00021,0.00029,0.00023,7.00E-05,-0.00012,0.00035
457.1099854,0.00023,-1.00E-05,0.00017,-1.00E-04,4.00E-05,0.0002
457.4700012,0.0003,1.00E-04,0.00023,8.00E-05,0.00015,0.00025
457.8399963,-0.00016,-0.0002,-0.0002,-0.00032,-5.00E-05,-6.00E-05
458.2000122,-0.00014,-5.00E-05,0.00018,-4.00E-05,5.00E-05,0.00022
458.5700073,-0.00013,0.00018,0.00031,5.00E-05,0.00034,0.00016
458.9299927,0.00017,0.00022,0.00049,6.00E-05,0.0006,0.00037
459.2999878,-9.00E-05,1.00E-05,1.00E-05,-4.00E-05,0.00042,0.0002
459.6600037,-0.00015,7.00E-05,3.00E-05,0.00011,0.00042,0.00026
460.0299988,-0.00024,0,-1.00E-04,-9.00E-05,0.00027,7.00E-05
460.3900146,-1.00E-04,-1.00E-05,7.00E-05,6.00E-05,0.0005,0.0002
460.7600098,-0.00018,-9.00E-05,-2.00E-05,-0.00012,0.00051,5.00E-05
461.1199951,-0.00032,-0.00025,-0.00016,0.00011,0.00041,0.00011
461.4899902,-0.00032,-2.00E-05,-0.00024,0.00015,0.00044,3.00E-05
461.8500061,-0.00029,0.00021,7.00E-05,0.00029,0.00072,0.00024
462.2200012,-0.00037,0.00031,0.00024,0.0005,0.00073,0.00022
462.5799866,-0.00033,0.00035,0.00027,0.00059,0.0006,0.00031
462.9500122,-0.00033,0.00031,0.00018,0.0006,0.00047,0.00022
463.3099976,-0.00023,0.00025,0.00024,0.00064,0.00033,0.00039
463.6799927,-0.00022,0.00013,0.00015,0.00056,0.00036,0.00027
464.0400085,-0.00014,-2.00E-05,0.00023,0.00049,0.00028,0.0003
464.4100037,-4.00E-05,8.00E-05,0.00025,0.00063,0.00028,0.00035
464.769989,0.0002,6.00E-05,0.00027,0.0005,0.00027,0.00051
465.1300049,0.00018,6.00E-05,0.00056,0.00064,0.00045,0.00065
465.5,1.00E-04,0,0.00054,0.00063,0.00043,0.00057
465.8599854,-0.00011,-0.00013,0.00036,0.00041,0.00034,0.00015
466.230011,-5.00E-05,0.00011,0.00057,0.00038,0.00042,0.00041
466.5899963,-0.00016,5.00E-05,0.00057,0.00031,0.00036,0.00045
466.9599915,-0.00012,-4.00E-05,0.00062,0.00038,0.00032,0.00036
467.3200073,-2.00E-05,0.00011,0.0006,0.00043,0.00046,0.00021
467.6799927,7.00E-05,8.00E-05,0.00042,0.00028,0.00037,6.00E-05
468.0499878,0.00036,0.00038,0.00064,0.00054,0.00055,0.00031
468.4100037,0.00053,0.00048,0.00056,0.00074,0.00059,0.00053
468.7799988,0.00056,0.00046,0.00045,0.00089,0.00053,0.00037
469.1400146,0.00059,0.00037,0.00036,0.00091,0.00051,0.00021
469.5,0.00062,0.00044,0.00046,0.00074,0.00049,0.00025
469.8699951,0.00048,0.00027,0.0005,0.00063,0.00036,0.0002
470.230011,0.00055,0.00043,0.00056,0.00087,0.00051,0.00028
470.6000061,0.00042,0.0003,0.00042,0.00073,0.0004,0.0003
470.9599915,0.00035,0.0003,0.00043,0.00068,0.00054,0.00026
471.3200073,0.00027,0.00015,0.00044,0.00046,0.00061,0.00031
471.6900024,0.00026,0.00023,0.00062,0.00066,0.00078,0.00038
472.0499878,0.00024,0.00017,0.00047,0.00065,0.00082,0.00036
472.4200134,0.00025,0.00033,0.00045,0.00081,0.00086,0.00057
472.7799988,0.00023,0.00026,0.00047,0.00065,0.00075,0.00065
473.1400146,0.00015,0.00023,0.00047,0.00056,0.00079,0.00056
473.5100098,0.00028,0.00028,0.00054,0.0006,0.0007,0.00056
473.8699951,0.00031,0.00041,0.00064,0.0007,0.00067,0.00043
474.230011,0.00036,0.00045,0.00056,0.00063,0.00066,0.00044
474.6000061,0.00032,0.00043,0.00067,0.00066,0.00065,0.00042
474.9599915,0.00036,0.0003,0.00066,0.00052,0.0007,0.00039
475.3200073,0.00038,0.00029,0.00062,0.0005,0.00075,0.00043
475.6900024,0.00045,0.00036,0.0006,0.00063,0.00072,0.00044
476.0499878,0.00046,0.00038,0.00055,0.00063,0.0007,0.00036
476.4100037,0.00042,0.00033,0.00045,0.00051,0.00059,0.00046
476.7799988,0.00044,0.00033,0.00048,0.00048,0.00052,0.00052
477.1400146,0.00045,0.00036,0.00044,0.00044,0.00055,0.00061
477.5,0.00028,0.00035,0.00029,0.00034,0.00034,0.00044
477.8699951,0.00023,0.00025,0.00023,0.00032,0.00023,0.00034
478.230011,0.00023,0.00021,0.00026,0.00029,0.00021,0.00025
478.5899963,0.00019,0.00013,0.00029,0.0003,9.00E-05,0.00038
478.9599915,0.00029,0.00016,0.00033,0.00034,0.00015,0.00035
479.3200073,0.00027,0.00014,0.00028,0.00035,0.00013,0.00029
479.6799927,0.00027,0.00011,0.00024,0.00037,1.00E-04,0.00021
480.0400085,0.00039,0.00012,0.0004,0.00056,0.00025,0.00039
480.4100037,0.00035,0.00017,0.00032,0.00049,0.00026,0.00031
480.769989,0.00026,0.00014,0.00024,0.00039,0.00023,0.00032
481.1300049,0.00019,0.00019,0.00023,0.00035,0.00035,0.00022
481.5,0.00013,0.00021,0.00021,0.00038,0.00038,0.0002
481.8599854,-1.00E-05,0.00012,0.00013,0.00032,0.0003,0.00015
482.2200012,-1.00E-05,0.00018,0.0002,0.00036,0.00025,0.00015
482.5799866,0,0.00022,0.00011,0.00033,0.00023,0
482.9500122,-3.00E-05,0.00022,0.00014,0.00031,0.00017,-7.00E-05
483.3099976,0,0.00026,0.00015,0.00035,0.00016,-0.00012
483.6700134,8.00E-05,0.00025,0.00017,0.00047,0.00019,-3.00E-05
484.0299988,-2.00E-05,5.00E-05,8.00E-05,0.00034,0.00011,-0.0002
484.3999939,0,0.00014,0.00016,0.0004,0.00011,-0.00019
484.7600098,-4.00E-05,5.00E-05,0.00013,0.00034,0.00015,-0.0002
485.1199951,-2.00E-05,5.00E-05,0.0002,0.00033,0.00015,-0.00017
485.480011,1.00E-05,5.00E-05,0.00019,0.00037,0.00023,-8.00E-05
485.8500061,0.00011,7.00E-05,0.00025,0.00043,0.00034,4.00E-05
486.2099915,1.00E-05,0,0.00014,0.00033,0.00027,-7.00E-05
486.5700073,0.00019,0.00017,0.00026,0.00048,0.00035,0.00013
486.9299927,0.00028,0.00016,0.00031,0.00048,0.00041,0.00015
487.2900085,0.00027,0.00019,0.00027,0.00047,0.00039,0.00017
487.6600037,0.00023,0.00012,0.00018,0.00039,0.00036,0.00014
488.019989,0.00026,0.0002,0.00028,0.00045,0.00042,0.00016
488.3800049,0.00025,0.00018,0.00034,0.00054,0.00037,0.00019
488.7399902,0.00024,0.00023,0.0004,0.00056,0.00036,0.0002
489.1000061,0.00012,0.00016,0.00031,0.00048,0.00024,0.00017
489.4700012,8.00E-05,0.0002,0.00024,0.00043,0.00022,0.00019
489.8299866,7.00E-05,0.00021,0.00025,0.00047,0.00019,0.00018
490.1900024,8.00E-05,0.00021,0.00029,0.0005,0.00022,0.00021
490.5499878,1.00E-04,0.00019,0.00029,0.00053,0.00022,0.00023
490.9100037,6.00E-05,0.00011,0.00021,0.00046,0.00017,0.00017
491.269989,1.00E-04,7.00E-05,0.00023,0.00048,0.00019,0.00021
491.6400146,0.00012,9.00E-05,0.00018,0.00047,0.00026,0.00017
492,9.00E-05,4.00E-05,0.0002,0.0005,0.00028,0.00012
492.3599854,0.00013,8.00E-05,0.00021,0.00055,0.00038,9.00E-05
492.7200012,0.00016,1.00E-04,0.00021,0.00056,0.00038,1.00E-04
493.0799866,0.00012,8.00E-05,0.00015,0.00052,0.00039,8.00E-05
493.4400024,0.00016,0.00017,0.00018,0.00053,0.00045,1.00E-04
493.8099976,1.00E-04,0.0002,0.00013,0.00047,0.00045,4.00E-05
494.1700134,0.00016,0.00027,0.00024,0.00055,0.00046,5.00E-05
494.5299988,0.00022,0.00024,0.00022,0.00061,0.00046,0.00011
494.8900146,0.00024,0.00025,0.00025,0.00056,0.00044,0.00016
495.25,0.00022,0.00024,0.00026,0.00059,0.00041,0.00011
495.6099854,0.00022,0.00024,0.00032,0.00057,0.0004,0.00011
495.9700012,0.00026,0.00025,0.0003,0.00059,0.00041,0.00012
496.3299866,0.00033,0.00026,0.00036,0.00063,0.00047,0.00013
496.7000122,0.0003,0.0002,0.00038,0.00053,0.00046,0.00013
497.0599976,0.00032,0.0003,0.00043,0.00046,0.00049,0.00014
497.4200134,0.00023,0.00023,0.00038,0.00047,0.00048,0.00016
497.7799988,0.00022,0.00022,0.00036,0.00045,0.00049,0.0002
498.1400146,0.00019,0.0002,0.00031,0.00043,0.00047,0.0002
498.5,0.00016,8.00E-05,0.00028,0.00034,0.0004,0.00016
498.8599854,0.00011,7.00E-05,0.00024,0.0003,0.00028,0.0002
499.2200012,0.00011,3.00E-05,0.00018,0.00038,0.00022,0.00015
499.5799866,8.00E-05,-3.00E-05,0.00013,0.00036,0.00022,0.00012
499.9400024,0.00016,6.00E-05,0.00015,0.00035,0.00025,5.00E-05
500.2999878,0.00017,8.00E-05,0.00016,0.00035,0.00028,5.00E-05
500.6700134,0.00023,9.00E-05,0.00019,0.00043,0.00026,3.00E-05
501.0299988,0.0002,0.00016,0.0002,0.00046,0.0003,6.00E-05
501.3900146,0.00018,0.00012,0.00018,0.00046,0.00032,1.00E-05
501.75,0.00022,0.00018,0.00017,0.00044,0.00039,5.00E-05
502.1099854,0.0002,0.00022,0.00022,0.00053,0.00039,0.00012
502.4700012,0.00011,0.00014,0.00017,0.00046,0.00031,9.00E-05
502.8299866,7.00E-05,6.00E-05,0.00018,0.00041,0.00027,7.00E-05
503.1900024,2.00E-05,8.00E-05,0.00019,0.00037,0.00027,1.00E-04
503.5499878,-1.00E-05,9.00E-05,0.00024,0.00035,0.00026,8.00E-05
503.9100037,6.00E-05,0.00014,0.00025,0.00036,0.00026,0.00012
504.269989,3.00E-05,0.00017,0.00028,0.00037,0.00027,0.00011
504.6300049,1.00E-05,0.00013,0.00023,0.00033,0.00023,3.00E-05
504.9899902,4.00E-05,0.00016,0.00024,0.00036,0.00025,8.00E-05
505.3500061,9.00E-05,0.00021,0.0002,0.00038,0.00024,8.00E-05
505.7099915,0.00011,0.00017,0.00014,0.00036,0.00022,7.00E-05
506.0700073,0.00013,0.0002,0.00014,0.00037,0.00024,9.00E-05
506.4299927,0.00014,0.00018,0.00016,0.00041,0.00029,0.00012
506.7900085,0.00013,0.00012,0.00016,0.00045,0.00029,0.00015
507.1499939,0.00014,0.00017,0.00022,0.00046,0.00029,0.00021
507.5100098,0.00012,0.00011,0.00024,0.00042,0.00022,0.00017
507.8699951,6.00E-05,1.00E-04,0.00024,0.00044,0.00019,0.00018
508.230011,4.00E-05,9.00E-05,0.00029,0.0004,0.0002,0.00014
508.5899963,5.00E-05,6.00E-05,0.00028,0.00041,0.00016,0.00015
508.9500122,3.00E-05,4.00E-05,0.00029,0.0004,0.00014,0.00012
509.3099976,5.00E-05,5.00E-05,0.00026,0.00032,0.00013,0.00013
509.6700134,8.00E-05,5.00E-05,0.0002,0.00034,0.00018,7.00E-05
510.0299988,0.00011,8.00E-05,0.0002,0.00037,0.00023,9.00E-05
510.3900146,0.00012,7.00E-05,0.00018,0.00027,0.00027,8.00E-05
510.75,0.00016,0.00011,0.00017,0.00029,0.00031,1.00E-04
511.1099854,0.00013,7.00E-05,0.00015,0.00028,0.00032,9.00E-05
511.4700012,0.00016,0.00012,0.00016,0.00028,0.00037,0.00012
511.8299866,0.00012,1.00E-04,0.00019,0.00031,0.00038,8.00E-05
512.1900024,1.00E-04,4.00E-05,0.00019,0.00027,0.00033,9.00E-05
512.5499878,0.00012,3.00E-05,0.0002,0.00027,0.00033,7.00E-05
512.9099731,0.00014,7.00E-05,0.00025,0.00038,0.00032,0.00014
513.2700195,0.00013,8.00E-05,0.00026,0.00041,0.0003,0.00017
513.6199951,0.00013,0.00011,0.00031,0.00044,0.00033,0.00017
513.9799805,0.00012,0.00013,0.00028,0.00042,0.00029,1.00E-04
514.3400269,0.00015,0.00016,0.00026,0.00042,0.0003,0.00011
514.7000122,0.00013,0.00019,0.00027,0.00039,0.0003,0.00012
515.0599976,0.00012,0.00023,0.00027,0.00038,0.00031,0.00014
515.4199829,0.00012,0.00021,0.00027,0.00035,0.00038,0.00012
515.7800293,0.00012,0.00019,0.00027,0.00032,0.0004,9.00E-05
516.1400146,0.00012,0.00022,0.00025,0.0003,0.00037,9.00E-05
516.5,0.00017,0.00019,0.00026,0.00036,0.00038,0.00016
516.8599854,0.00017,0.00018,0.00023,0.00035,0.00033,0.00017
517.2199707,0.00024,0.00021,0.00026,0.00042,0.00039,0.00023
517.5700073,0.00023,0.00021,0.00026,0.00045,0.00036,0.00023
517.9299927,0.00024,0.00024,0.00024,0.00047,0.00033,0.00021
518.289978,0.00022,0.00019,0.00018,0.00044,0.00025,0.0002
518.6500244,0.0002,0.00016,0.00013,0.0004,0.00022,0.00019
519.0100098,0.00014,0.00013,1.00E-04,0.00032,0.00021,0.00015
519.3699951,0.00012,0.00012,0.00015,0.00031,0.00023,1.00E-04
519.7299805,7.00E-05,8.00E-05,0.00012,0.00029,0.00013,3.00E-05
520.0800171,0.00012,9.00E-05,0.00013,0.00029,0.00018,4.00E-05
520.4400024,0.00016,8.00E-05,0.00013,0.00029,0.00017,5.00E-05
520.7999878,0.00017,0.00014,0.0002,0.00034,0.00024,7.00E-05
521.1599731,0.00016,0.00012,0.00024,0.00032,0.00023,5.00E-05
521.5200195,0.00017,0.00014,0.00024,0.00034,0.00019,6.00E-05
521.8800049,0.00017,0.00015,0.00023,0.00034,0.00016,9.00E-05
522.2399902,0.00018,0.0002,0.00026,0.00037,0.00024,0.00015
522.5900269,0.00017,0.00018,0.00025,0.00038,0.00024,0.00014
522.9500122,0.00012,0.00011,0.00024,0.00035,0.00023,0.00013
523.3099976,1.00E-04,0.00011,0.0002,0.00037,0.00022,9.00E-05
523.6699829,0.00013,0.00011,0.00018,0.00039,0.00029,0.00011
524.0300293,0.00014,1.00E-04,0.00021,0.00041,0.00038,0.00012
524.3800049,0.00019,1.00E-04,0.00024,0.00043,0.00046,0.00012
524.7399902,0.00016,7.00E-05,0.00021,0.00041,0.00051,7.00E-05
525.0999756,0.00012,0.00011,0.0002,0.00039,0.00058,1.00E-04
525.460022,0.00014,0.00016,0.00021,0.00041,0.00067,0.00011
525.8200073,0.00019,0.00014,0.00024,0.00039,0.00072,0.00014
526.1699829,0.0002,0.00016,0.00022,0.00037,0.00076,0.00012
526.5300293,0.00018,0.00017,0.00024,0.00036,0.00078,0.00011
526.8900146,0.00013,0.00016,0.00017,0.00033,0.0008,0.00012
527.25,0.00014,0.00014,0.00019,0.00033,0.00081,0.00011
527.6099854,0.00014,0.00012,0.00022,0.00032,0.0008,0.00011
527.960022,0.00015,1.00E-04,0.00023,0.00033,0.00076,0.00012
528.3200073,0.00012,9.00E-05,0.00022,0.0003,0.00073,0.00012
528.6799927,0.00012,5.00E-05,0.00024,0.00032,0.00065,0.00012
529.039978,0.00012,5.00E-05,0.00024,0.00033,0.00062,0.00014
529.3900146,0.00016,5.00E-05,0.00028,0.00035,0.00055,0.00015
529.75,0.00018,4.00E-05,0.00026,0.00037,0.00051,0.00017
530.1099854,0.00017,2.00E-05,0.00022,0.00036,0.00044,0.00014
530.4699707,0.00016,6.00E-05,0.00023,0.00038,0.00045,0.00011
530.8200073,0.00015,7.00E-05,0.00023,0.00041,0.00043,0.00013
531.1799927,0.00014,1.00E-04,0.00024,0.00041,0.00046,0.00015
531.539978,0.00016,1.00E-04,0.00024,0.00042,0.00043,0.00016
531.9000244,0.00015,0.00012,0.00024,0.00044,0.00044,0.00016
532.25,0.00013,0.00015,0.00024,0.00039,0.0004,0.00014
532.6099854,0.00015,0.00017,0.00027,0.00044,0.0004,0.00018
532.9699707,0.00015,0.00019,0.00025,0.00045,0.00033,0.00021
533.3200073,0.00014,0.00019,0.00022,0.00045,0.00027,0.00017
533.6799927,0.00016,0.00022,0.00022,0.00049,0.00025,0.00015
534.039978,0.00015,0.00023,0.00022,0.00053,0.00024,0.00013
534.4000244,0.00012,0.00018,0.00021,0.00047,0.00017,9.00E-05
534.75,0.00013,0.00016,0.00016,0.00047,0.00014,6.00E-05
535.1099854,0.00012,0.00014,0.00014,0.00041,0.00014,3.00E-05
535.4699707,0.00011,1.00E-04,0.00016,0.00038,0.00013,-2.00E-05
535.8200073,0.00012,0.00011,0.00017,0.00037,0.00017,-3.00E-05
536.1799927,0.00012,1.00E-04,0.00017,0.00032,0.00016,-2.00E-05
536.539978,9.00E-05,5.00E-05,0.00015,0.00026,0.00015,-7.00E-05
536.8900146,1.00E-04,6.00E-05,0.00014,0.00026,0.00018,-5.00E-05
537.25,1.00E-04,9.00E-05,0.00021,0.0003,0.0002,-3.00E-05
537.6099854,0.00012,7.00E-05,0.00019,0.0003,0.0002,-2.00E-05
537.960022,0.00014,8.00E-05,0.00021,0.00034,0.00027,4.00E-05
538.3200073,0.00019,0.00013,0.00028,0.00043,0.00034,0.00012
538.6799927,0.00018,9.00E-05,0.00025,0.00046,0.00034,0.00013
539.0300293,0.00019,0.00015,0.00026,0.00049,0.00035,0.00016
539.3900146,0.00022,0.00019,0.00024,0.0006,0.00039,0.00019
539.75,0.00025,0.00021,0.00026,0.00065,0.00041,0.00021
540.0999756,0.00024,0.00024,0.00026,0.00073,0.0004,0.00024
540.460022,0.00021,0.00023,0.00022,0.00074,0.00038,0.00019
540.8099976,0.00013,0.00017,0.00016,0.00068,0.00035,0.00014
541.1699829,0.00013,0.0002,0.00017,0.00069,0.00044,0.00012
541.5300293,0.00016,0.0002,0.00019,0.00076,0.00055,0.00016
541.8800049,0.00018,0.00019,0.00024,0.00073,0.00067,0.00012
542.2399902,0.00018,0.00018,0.00021,0.00068,0.00084,0.00012
542.5900269,0.00017,0.00018,0.00023,0.00066,0.00109,8.00E-05
542.9500122,0.00019,0.00017,0.00022,0.00064,0.00138,8.00E-05
543.3099976,0.00024,0.0002,0.00024,0.00066,0.0017,1.00E-04
543.6599731,0.00026,0.00022,0.00029,0.00062,0.00204,0.00012
544.0200195,0.00024,0.00021,0.00025,0.00056,0.00242,1.00E-04
544.3699951,0.00022,0.00022,0.00023,0.00054,0.00278,0.00012
544.7299805,0.0002,0.0002,0.00025,0.00054,0.00311,0.00012
545.0900269,0.00019,0.00019,0.00023,0.00049,0.0033,0.00011
545.4400024,0.00015,0.00017,0.00022,0.00044,0.00338,7.00E-05
545.7999878,0.00013,0.00013,0.00021,0.00041,0.00338,5.00E-05
546.1500244,0.00011,6.00E-05,0.00017,0.00037,0.00323,5.00E-05
546.5100098,9.00E-05,2.00E-05,0.00016,0.00035,0.003,2.00E-05
546.8599854,0.00011,2.00E-05,0.00014,0.0003,0.00268,1.00E-05
547.2199707,0.00016,4.00E-05,0.00014,0.00032,0.00232,5.00E-05
547.5800171,0.0002,6.00E-05,0.00019,0.00033,0.00199,8.00E-05
547.9299927,0.00021,8.00E-05,0.00019,0.00032,0.00168,0.00012
548.289978,0.0002,7.00E-05,0.00018,0.00031,0.00138,1.00E-04
548.6400146,0.00024,0.00014,0.00018,0.00031,0.00122,0.00011
549,0.00025,0.00015,0.0002,0.00034,0.0011,0.00011
549.3499756,0.00026,0.00014,0.00021,0.00034,0.00107,0.00011
549.710022,0.00021,9.00E-05,0.00016,0.0003,0.00107,4.00E-05
550.0599976,0.00024,1.00E-04,0.00016,0.0003,0.0011,3.00E-05
550.4199829,0.00026,1.00E-04,0.00018,0.00033,0.00119,6.00E-05
550.7700195,0.00032,0.00014,0.00021,0.00036,0.00128,9.00E-05
551.1300049,0.00031,1.00E-04,0.00029,0.00038,0.00128,9.00E-05
551.4799805,0.00029,1.00E-04,0.00037,0.00037,0.00126,5.00E-05
551.8400269,0.00029,0.00013,0.00046,0.00039,0.0012,6.00E-05
552.1900024,0.00027,0.00014,0.00056,0.00036,0.00108,6.00E-05
552.5499878,0.00025,0.00014,0.00067,0.00037,0.001,6.00E-05
552.9000244,0.00029,0.00018,0.00084,0.00039,0.0009,8.00E-05
553.2600098,0.00024,0.00015,0.00092,0.00039,0.00077,7.00E-05
553.6099854,0.00024,0.00019,0.00097,0.00039,0.00069,8.00E-05
553.9699707,0.00027,0.00024,0.00098,0.00041,0.00062,0.00011
554.3200073,0.00026,0.00019,0.00092,0.0004,0.00052,1.00E-04
554.6799927,0.00028,0.00022,0.0009,0.0005,0.00051,0.00017
555.0300293,0.00026,0.0002,0.00079,0.00054,0.00045,0.00015
555.3900146,0.00023,0.00017,0.00066,0.00057,0.00041,0.00013
555.7399902,0.00023,0.00016,0.00055,0.00063,0.0004,0.00014
556.0999756,0.00024,0.00012,0.00043,0.00071,0.00038,1.00E-04
556.4500122,0.00022,1.00E-04,0.00035,0.00081,0.00035,0.00012
556.7999878,0.00023,0.00012,0.00031,0.00097,0.00041,0.00013
557.1599731,0.00023,1.00E-04,0.00028,0.00107,0.00041,1.00E-04
557.5100098,0.00024,0.00012,0.00026,0.00117,0.00045,0.00012
557.8699951,0.0002,7.00E-05,0.00023,0.00119,0.00043,6.00E-05
558.2199707,0.00025,0.00013,0.00023,0.00122,0.00043,8.00E-05
558.5800171,0.00023,0.00013,0.00021,0.00123,0.0004,0.00012
558.9299927,0.00022,0.00012,0.00022,0.00116,0.00041,0.00012
559.2800293,0.00025,0.00012,0.00027,0.00106,0.00041,0.00016
559.6400146,0.00023,0.00014,0.00024,0.00092,0.00037,0.00015
559.9899902,0.0002,0.00013,0.00025,0.00076,0.00033,0.00013
560.3499756,0.00021,0.00016,0.00025,0.00068,0.00036,0.00017
560.7000122,0.00017,0.00015,0.00025,0.0006,0.00033,0.00016
561.0499878,0.00018,0.00017,0.00026,0.00053,0.00033,0.00011
561.4099731,0.00017,0.00017,0.0002,0.00047,0.00028,9.00E-05
561.7600098,0.00015,0.00019,0.00016,0.00045,0.00025,6.00E-05
562.1199951,0.00019,0.00021,0.00018,0.00041,0.00027,5.00E-05
562.4699707,0.00022,0.00016,0.00014,0.00044,0.00024,3.00E-05
562.8200073,0.00022,0.00017,0.00013,0.00046,0.00024,3.00E-05
563.1799927,0.00019,0.00015,0.00013,0.00046,0.00023,2.00E-05
563.5300293,0.0002,0.00012,0.00013,0.00045,0.00027,7.00E-05
563.8800049,0.00018,0.00011,0.00017,0.00045,0.0003,9.00E-05
564.2399902,0.00017,0.00012,0.00024,0.00043,0.00033,0.00011
564.5900269,0.00019,9.00E-05,0.00021,0.00046,0.00031,0.00012
564.9500122,0.00016,6.00E-05,0.00019,0.00044,0.0003,9.00E-05
565.2999878,0.00017,4.00E-05,0.00021,0.00044,0.00025,1.00E-04
565.6500244,0.00019,3.00E-05,0.00022,0.00043,0.00025,0.00011
566.0100098,0.00018,3.00E-05,0.00022,0.0004,0.00025,8.00E-05
566.3599854,0.00025,5.00E-05,0.00025,0.00045,0.00028,0.00011
566.710022,0.00026,1.00E-05,0.0002,0.00045,0.00024,1.00E-04
567.0700073,0.00023,1.00E-05,0.00022,0.00045,0.00028,0.00011
567.4199829,0.00026,7.00E-05,0.00029,0.00051,0.00032,0.00017
567.7700195,0.00028,7.00E-05,0.00029,0.00055,0.00034,0.00014
568.1300049,0.00031,1.00E-04,0.00031,0.00064,0.00035,1.00E-04
568.4799805,0.00032,0.00011,0.00031,0.00071,0.00032,0.00011
568.8300171,0.00027,8.00E-05,0.00026,0.00072,0.0003,7.00E-05
569.1799927,0.00029,7.00E-05,0.00025,0.0008,0.00029,7.00E-05
569.539978,0.00029,6.00E-05,0.00024,0.00083,0.00026,7.00E-05
569.8900146,0.00028,8.00E-05,0.00025,0.00082,0.00025,9.00E-05
570.2399902,0.00027,6.00E-05,0.00022,0.00079,0.00024,1.00E-04
570.5999756,0.00023,4.00E-05,0.00019,0.0007,0.0002,1.00E-04
570.9500122,0.00026,9.00E-05,0.0002,0.00067,0.00024,0.00013
571.2999878,0.00025,0.00011,0.00022,0.00062,0.00025,0.00014
571.6500244,0.00024,0.00012,0.00024,0.00054,0.00028,0.00013
572.0100098,0.00022,0.00012,0.00021,0.00047,0.00028,8.00E-05
572.3599854,0.00022,0.00011,0.00018,0.00042,0.00031,7.00E-05
572.710022,0.00023,0.00014,0.00022,0.00038,0.00036,9.00E-05
573.0599976,0.00023,0.00012,0.00023,0.00037,0.0004,1.00E-04
573.4199829,0.00017,6.00E-05,0.00021,0.00033,0.0004,5.00E-05
573.7700195,0.00019,7.00E-05,0.00024,0.00036,0.00047,7.00E-05
574.1199951,0.00018,8.00E-05,0.00025,0.00039,0.00057,1.00E-04
574.4699707,0.00018,7.00E-05,0.00026,0.00039,0.00069,0.00011
574.8300171,0.00017,6.00E-05,0.00025,0.00041,0.00079,0.00011
575.1799927,0.00014,1.00E-05,0.00025,0.00044,0.00089,8.00E-05
575.5300293,0.00013,3.00E-05,0.00024,0.00044,0.00105,0.00011
575.8800049,0.00016,5.00E-05,0.00024,0.00044,0.00114,0.00015
576.2399902,0.00016,2.00E-05,0.00022,0.00042,0.00118,0.00013
576.5900269,0.00014,0,0.00017,0.00038,0.00116,1.00E-04
576.9400024,0.00011,-2.00E-05,0.00012,0.00034,0.0011,9.00E-05
577.289978,0.00012,-4.00E-05,0.00013,0.00031,0.00102,8.00E-05
577.6400146,0.00015,0,0.00013,0.00032,0.00092,1.00E-04
578,0.00014,-2.00E-05,9.00E-05,0.00033,0.00075,9.00E-05
578.3499756,0.00012,-4.00E-05,7.00E-05,0.00029,0.00062,5.00E-05
578.7000122,9.00E-05,0,7.00E-05,0.00026,0.00049,6.00E-05
579.0499878,8.00E-05,3.00E-05,8.00E-05,0.00024,0.00038,8.00E-05
579.4000244,0.00015,9.00E-05,0.00017,0.00031,0.00034,0.00015
579.7600098,0.00013,0.00011,0.00018,0.00033,0.0003,0.00016
580.1099854,0.00011,1.00E-04,0.00021,0.00032,0.00027,0.00016
580.460022,0.00016,0.00012,0.00024,0.00032,0.00029,0.00015
580.8099976,0.0002,0.00014,0.00026,0.00038,0.00029,0.00018
581.1599731,0.00021,0.00012,0.00027,0.00039,0.00029,0.00019
581.5100098,0.00022,0.00011,0.00029,0.00041,0.00032,0.00017
581.8699951,0.00019,1.00E-04,0.00027,0.00038,0.0003,0.00015
582.2199707,0.00021,0.00011,0.00026,0.00036,0.00027,0.00012
582.5700073,0.00019,0.00013,0.00024,0.00034,0.00025,1.00E-04
582.9199829,0.00017,0.00014,0.00025,0.00033,0.00024,0.00012
583.2700195,0.00018,0.00014,0.00026,0.00032,0.00023,0.00011
583.6199951,0.0002,0.00017,0.00026,0.00034,0.00026,1.00E-04
583.9699707,0.0002,0.00014,0.00026,0.00031,0.0002,0.00011
584.3300171,0.00021,0.00012,0.00028,0.0003,0.0002,0.00011
584.6799927,0.00023,0.00011,0.00029,0.00032,0.00022,0.00015
585.0300293,0.00025,0.00013,0.0003,0.00031,0.00022,0.00016
585.3800049,0.00022,7.00E-05,0.00029,0.0003,0.0002,0.00015
585.7299805,0.00017,6.00E-05,0.0003,0.0003,0.0002,0.00014
586.0800171,0.00016,7.00E-05,0.00031,0.00032,0.00023,0.00016
586.4299927,0.00017,8.00E-05,0.00032,0.00038,0.00024,0.00013
586.7800293,0.00017,1.00E-04,0.00031,0.00042,0.00026,0.00011
587.1300049,0.00015,8.00E-05,0.00026,0.00042,0.00022,8.00E-05
587.4799805,0.00017,9.00E-05,0.00025,0.00052,0.00023,1.00E-04
587.8400269,0.0002,0.00014,0.00024,0.0006,0.00026,0.00012
588.1900024,0.0002,0.00012,0.00019,0.00068,0.00022,0.00012
588.539978,0.00022,1.00E-04,0.00021,0.00076,0.0002,0.00013
588.8900146,0.00028,0.00014,0.00021,0.00083,0.00023,0.00017
589.2399902,0.00032,0.00011,0.00018,0.00089,0.00023,0.00017
589.5900269,0.00036,0.00013,0.00022,0.00097,0.00026,0.0002
589.9400024,0.00036,0.00013,0.00026,0.00094,0.00026,0.00019
590.289978,0.0004,0.00015,0.00027,0.00093,0.00026,0.00019
590.6400146,0.00044,0.00016,0.00027,0.00087,0.00028,0.0002
590.9899902,0.00042,0.00014,0.00026,0.00078,0.00031,0.0002
591.3400269,0.00035,1.00E-04,0.00026,0.00066,0.00029,0.00016
591.6900024,0.00032,0.00012,0.00027,0.00058,0.00026,0.00016
592.039978,0.0003,0.00015,0.00025,0.00046,0.00025,0.00014
592.3900146,0.00031,0.00016,0.00023,0.00042,0.00024,0.00011
592.7399902,0.00025,0.00014,0.00021,0.00036,0.00022,1.00E-04
593.0900269,0.00021,0.00014,0.0002,0.00029,0.00018,6.00E-05
593.4400024,0.0002,0.00015,0.0002,0.00028,0.00014,5.00E-05
593.789978,0.00024,0.00015,0.00019,0.0003,0.00015,8.00E-05
594.1400146,0.00025,0.00016,0.00021,0.00033,0.00017,1.00E-04
594.4899902,0.00022,0.00014,0.00023,0.00033,0.00017,1.00E-04
594.8400269,0.00018,0.00012,0.00021,0.00032,0.00019,0.00011
595.1900024,0.00021,1.00E-04,0.00021,0.00033,0.00019,0.00011
595.539978,0.00024,0.00013,0.00024,0.00035,0.00022,0.00012
595.8900146,0.00024,0.00014,0.00023,0.00036,0.00024,0.00012
596.2399902,0.0002,0.00011,0.00018,0.00036,0.00025,9.00E-05
596.5900269,0.00018,1.00E-04,0.00015,0.00034,0.00025,7.00E-05
596.9400024,0.00022,0.00014,0.00016,0.00039,0.00025,7.00E-05
597.289978,0.00022,1.00E-04,0.00017,0.00041,0.00024,8.00E-05
597.6400146,0.00025,0.00013,0.00018,0.00045,0.00027,0.00014
597.9899902,0.00024,1.00E-04,0.00017,0.00048,0.00028,0.00018
598.3400269,0.00025,7.00E-05,0.00019,0.00048,0.00028,0.00016
598.6900024,0.00025,8.00E-05,0.0002,0.00045,0.00025,0.00015
599.039978,0.00025,7.00E-05,0.0002,0.00044,0.00023,0.00014
599.3900146,0.00023,1.00E-05,0.00018,0.00042,0.00022,0.00012
599.7399902,0.00021,3.00E-05,0.0002,0.0004,0.00021,0.00011
600.0900269,0.0002,2.00E-05,0.00024,0.00039,0.00022,8.00E-05
600.4400024,0.0002,3.00E-05,0.00028,0.00039,0.00022,1.00E-04
600.789978,0.00021,6.00E-05,0.00028,0.00036,0.00022,0.00012
601.1400146,0.00022,9.00E-05,0.00033,0.00039,0.00025,0.00017
601.4899902,0.00025,0.00011,0.00036,0.0004,0.00027,0.0002
601.8300171,0.00025,1.00E-04,0.00033,0.0004,0.00026,0.00021
602.1799927,0.00028,1.00E-04,0.00034,0.00043,0.00028,0.00022
602.5300293,0.00028,0.00011,0.00033,0.00041,0.00027,0.00019
602.8800049,0.00025,8.00E-05,0.00029,0.00035,0.00027,0.00012
603.2299805,0.00025,7.00E-05,0.00029,0.00036,0.00027,0.00011
603.5800171,0.00023,9.00E-05,0.00029,0.00036,0.00029,9.00E-05
603.9299927,0.00021,8.00E-05,0.00025,0.00036,0.00034,8.00E-05
604.2800293,0.00022,0.00015,0.00028,0.00033,0.00043,1.00E-04
604.6300049,0.0002,0.00014,0.00024,0.00035,0.00051,9.00E-05
604.9699707,0.00018,0.00013,0.00021,0.00036,0.00062,8.00E-05
605.3200073,0.00021,0.00017,0.00023,0.0004,0.00076,0.00011
605.6699829,0.00021,0.00019,0.00022,0.00044,0.00095,0.00014
606.0200195,0.00021,0.00015,0.00018,0.00039,0.00111,0.00013
606.3699951,0.00021,0.00016,0.00018,0.00039,0.00132,0.00015
606.7199707,0.0002,0.00013,0.00019,0.00041,0.00147,0.00011
607.0700073,0.00021,0.00012,0.00021,0.00039,0.00162,0.00011
607.4199829,0.0002,1.00E-04,0.00018,0.00039,0.00175,0.00013
607.7600098,0.00019,0.00012,0.00015,0.00037,0.00183,0.00015
608.1099854,0.00017,0.00011,0.00014,0.00033,0.00184,0.00013
608.460022,0.00019,0.00014,0.0002,0.00036,0.00182,0.00014
608.8099976,0.00022,0.00014,0.00021,0.00035,0.00168,0.00013
609.1599731,0.0002,0.00012,0.00018,0.00035,0.00155,0.00014
609.5100098,0.00023,0.00014,0.00018,0.00035,0.00142,0.00015
609.8499756,0.00023,0.00017,0.00019,0.00035,0.00122,0.00014
610.2000122,0.0003,0.00019,0.00025,0.0004,0.00109,0.00015
610.5499878,0.00032,0.0002,0.00026,0.00045,0.00092,0.00014
610.9000244,0.00031,0.00021,0.00025,0.00045,0.00077,0.00016
611.25,0.00027,0.00022,0.00027,0.00047,0.00068,0.00012
611.5900269,0.00029,0.00021,0.00028,0.00046,0.0006,0.00012
611.9400024,0.00025,0.00024,0.00031,0.00043,0.00051,9.00E-05
612.289978,0.00029,0.00022,0.00032,0.00043,0.00048,1.00E-04
612.6400146,0.0002,0.00017,0.00026,0.00038,0.00039,7.00E-05
612.9899902,0.00017,0.00013,0.00026,0.00033,0.00034,3.00E-05
613.3300171,0.00017,0.00012,0.00024,0.00032,0.00035,-2.00E-05
613.6799927,0.00018,0.00012,0.00026,0.00033,0.00034,1.00E-05
614.0300293,0.00019,0.00011,0.00024,0.00035,0.00032,2.00E-05
614.3800049,0.00018,7.00E-05,0.00021,0.00033,0.00029,2.00E-05
614.7199707,0.00017,0.00011,0.0002,0.00032,0.00028,3.00E-05
615.0700073,0.00022,0.00014,0.00025,0.00035,0.0003,8.00E-05
615.4199829,0.00022,0.00018,0.00027,0.00038,0.00031,0.00012
615.7700195,0.00023,0.00017,0.00027,0.00039,0.00033,0.00013
616.1099854,0.00022,0.00012,0.00025,0.00037,0.00031,0.00013
616.460022,0.00022,0.00011,0.00028,0.00036,0.00031,0.00011
616.8099976,0.00025,0.00013,0.00031,0.00038,0.00033,0.00011
617.1599731,0.00024,0.00011,0.00032,0.00038,0.00033,9.00E-05
617.5,0.00019,7.00E-05,0.0003,0.00035,0.0003,4.00E-05
617.8499756,0.00022,6.00E-05,0.00029,0.00036,0.00027,4.00E-05
618.2000122,0.00022,9.00E-05,0.00029,0.00038,0.00023,4.00E-05
618.539978,0.00021,0.00014,0.00028,0.00041,0.00025,5.00E-05
618.8900146,0.00021,0.00017,0.00025,0.00043,0.00026,5.00E-05
619.2399902,0.00023,0.00017,0.00025,0.00048,0.00027,9.00E-05
619.5900269,0.00025,0.00019,0.00023,0.00051,0.00026,9.00E-05
619.9299927,0.00026,0.00018,0.00023,0.00055,0.00029,9.00E-05
620.2800293,0.00027,0.00018,0.00021,0.0006,0.00032,7.00E-05
620.6300049,0.0003,0.00017,0.00022,0.00062,0.00031,7.00E-05
620.9699707,0.00034,0.00017,0.00023,0.00067,0.00032,9.00E-05
621.3200073,0.00035,0.00017,0.00026,0.00068,0.00029,7.00E-05
621.6699829,0.00029,0.00015,0.00023,0.00065,0.00024,3.00E-05
622.0100098,0.00026,0.00015,0.00024,0.00063,0.00022,5.00E-05
622.3599854,0.00027,0.00015,0.00023,0.00061,0.00021,5.00E-05
622.710022,0.00023,0.00013,0.00024,0.00055,0.00019,7.00E-05
623.0499878,0.0002,0.00011,0.00025,0.00053,0.00019,8.00E-05
623.4000244,0.00017,9.00E-05,0.00025,0.00048,0.00018,7.00E-05
623.75,0.00018,8.00E-05,0.00024,0.0005,0.00021,0.00011
624.0900269,0.0002,7.00E-05,0.00026,0.00051,0.00025,0.00013
624.4400024,0.00025,7.00E-05,0.00026,0.00051,0.00027,0.00014
624.789978,0.00025,6.00E-05,0.00027,0.00053,0.00027,0.00017
625.1300049,0.0003,8.00E-05,0.00026,0.00052,0.00028,0.00018
625.4799805,0.00033,0.00011,0.00024,0.00053,0.00029,0.00021
625.8200073,0.00035,1.00E-04,0.00026,0.00054,0.0003,0.00023
626.1699829,0.00035,9.00E-05,0.00026,0.00052,0.00031,0.00021
626.5200195,0.00034,8.00E-05,0.00023,0.00048,0.0003,0.00022
626.8599854,0.00033,5.00E-05,0.00024,0.00049,0.00027,0.00018
627.210022,0.00035,8.00E-05,0.00026,0.0005,0.00027,0.00019
627.5499878,0.00032,6.00E-05,0.00026,0.0005,0.00028,0.00017
627.9000244,0.00027,3.00E-05,0.00024,0.00048,0.00024,0.00015
628.25,0.00026,3.00E-05,0.00023,0.00044,0.0002,0.00012
628.5900269,0.00025,5.00E-05,0.00026,0.00044,0.00019,0.00014
628.9400024,0.00028,6.00E-05,0.00028,0.00049,0.00017,0.00017
629.2800293,0.00028,0.00011,0.0003,0.00053,0.0002,0.0002
629.6300049,0.0003,0.00012,0.00029,0.00054,0.00026,0.00019
629.9799805,0.00029,0.00011,0.00029,0.00058,0.0003,0.00019
630.3200073,0.00029,0.00012,0.0003,0.00055,0.00031,0.0002
630.6699829,0.00027,0.00011,0.0003,0.00059,0.00033,0.00019
631.0100098,0.00026,9.00E-05,0.00025,0.00058,0.00033,0.00016
631.3599854,0.00023,0.00012,0.00025,0.00055,0.00035,0.00015
631.7000122,0.00021,1.00E-04,0.00025,0.0005,0.00039,0.00013
632.0499878,0.00018,9.00E-05,0.00025,0.00047,0.00041,0.00014
632.3900146,0.0002,9.00E-05,0.00026,0.00042,0.00046,1.00E-04
632.7399902,0.00017,9.00E-05,0.00028,0.00045,0.00068,8.00E-05
633.0900269,0.00022,0.00012,0.00032,0.00044,0.0009,9.00E-05
633.4299927,0.00021,0.00011,0.00036,0.00043,0.00116,9.00E-05
633.7800293,0.00021,0.00011,0.00035,0.00041,0.00142,7.00E-05
634.1199951,0.00021,9.00E-05,0.00035,0.00038,0.00168,5.00E-05
634.4699707,0.00022,9.00E-05,0.00035,0.00035,0.00192,5.00E-05
634.8099976,0.00021,8.00E-05,0.00034,0.00036,0.00213,9.00E-05
635.1599731,0.00023,1.00E-04,0.00033,0.00034,0.00225,1.00E-04
635.5,0.00019,9.00E-05,0.00027,0.0003,0.00227,8.00E-05
635.8499756,0.00021,1.00E-04,0.00026,0.00031,0.00221,8.00E-05
636.1900024,0.00021,1.00E-04,0.00027,0.00034,0.00205,9.00E-05
636.539978,0.0002,9.00E-05,0.00022,0.00032,0.0018,8.00E-05
636.8800049,0.00018,8.00E-05,0.0002,0.00033,0.00158,5.00E-05
637.2299805,0.00018,1.00E-04,0.00019,0.00032,0.00129,3.00E-05
637.5700073,0.00015,4.00E-05,0.00016,0.00029,0.001,-2.00E-05
637.9199829,0.00014,4.00E-05,0.00018,0.00031,0.00075,3.00E-05
638.2600098,0.00013,5.00E-05,0.00019,0.00031,0.00055,4.00E-05
638.5999756,0.00013,6.00E-05,0.00019,0.00031,0.00043,4.00E-05
638.9500122,0.00018,1.00E-04,0.00024,0.00038,0.0004,9.00E-05
639.289978,0.00017,8.00E-05,0.00025,0.00039,0.00029,7.00E-05
639.6400146,0.00018,1.00E-04,0.00028,0.00041,0.00028,0.00011
639.9799805,0.00022,0.0002,0.00031,0.00045,0.00027,0.00014
640.3300171,0.00021,0.00016,0.00028,0.00041,0.00024,1.00E-04
640.6699829,0.00019,0.00015,0.00026,0.0004,0.00022,7.00E-05
641.0200195,0.00018,0.00014,0.00027,0.00039,0.00022,7.00E-05
641.3599854,0.00012,0.00013,0.00026,0.00035,0.00019,5.00E-05
641.7000122,0.00014,0.00015,0.00029,0.00038,0.00023,7.00E-05
642.0499878,0.00013,0.00014,0.00028,0.00038,0.00025,5.00E-05
642.3900146,9.00E-05,0.00011,0.00025,0.00037,0.00026,6.00E-05
642.7399902,0.00015,0.00014,0.00032,0.00041,0.00029,1.00E-04
643.0800171,0.0002,0.00015,0.00034,0.00044,0.00035,0.00015
643.4299927,0.00022,0.00017,0.00035,0.00043,0.00038,0.00015
643.7700195,0.00028,0.0002,0.00036,0.00049,0.00042,0.00018
644.1099854,0.00026,0.0002,0.00033,0.00045,0.0004,0.00018
644.460022,0.00025,0.00017,0.00032,0.00048,0.00037,0.00015
644.7999878,0.00027,0.00018,0.00036,0.0005,0.00038,0.00016
645.1400146,0.00026,0.00019,0.00033,0.00051,0.00038,0.00016
645.4899902,0.00024,0.00018,0.00031,0.00053,0.00036,0.00011
645.8300171,0.00026,0.00016,0.00033,0.00057,0.00038,0.00013
646.1799927,0.00021,0.00013,0.00032,0.00057,0.00036,0.00012
646.5200195,0.00025,0.00015,0.00032,0.00063,0.00041,0.00013
646.8599854,0.00027,0.00016,0.00029,0.00064,0.00043,0.00018
647.210022,0.00027,0.00015,0.00027,0.00065,0.0004,0.00015
647.5499878,0.00025,1.00E-04,0.00024,0.00071,0.00038,0.00014
647.8900146,0.00024,0.00011,0.00025,0.00078,0.00039,0.00018
648.2399902,0.0002,1.00E-04,0.00021,0.00082,0.00033,0.00017
648.5800171,0.00022,1.00E-04,0.00022,0.00089,0.00033,0.00014
648.9199829,0.0002,8.00E-05,0.00022,0.00097,0.0003,0.00014
649.2700195,0.00019,0.00011,0.00024,0.00105,0.00031,0.00011
649.6099854,0.00024,1.00E-04,0.00026,0.00113,0.00034,0.00013
649.9500122,0.00031,0.00015,0.00033,0.00118,0.00039,0.00016
650.2999878,0.00033,0.00017,0.00034,0.00115,0.00039,0.00013
650.6400146,0.00037,0.00015,0.00035,0.00111,0.00045,0.00012
650.9799805,0.00039,0.00014,0.00032,0.00104,0.00047,0.00011
651.3300171,0.00037,0.00012,0.0003,0.00094,0.00047,1.00E-04
651.6699829,0.00036,0.00011,0.0003,0.00085,0.00049,0.00015
652.0100098,0.00032,0.00012,0.00032,0.00073,0.00051,0.00014
652.3599854,0.00026,7.00E-05,0.00025,0.00062,0.00057,1.00E-04
652.7000122,0.00027,3.00E-05,0.00024,0.00055,0.00067,0.00012
653.039978,0.00021,4.00E-05,0.00025,0.00052,0.00076,0.00012
653.3800049,0.0002,6.00E-05,0.00028,0.00051,0.00085,0.00014
653.7299805,0.00022,1.00E-04,0.00029,0.00048,0.00099,0.00015
654.0700073,0.00018,9.00E-05,0.00027,0.00045,0.00109,1.00E-04
654.4099731,0.00015,6.00E-05,0.00023,0.00046,0.00121,9.00E-05
654.75,0.00018,1.00E-04,0.00027,0.00047,0.00134,0.00013
655.0999756,0.00013,1.00E-04,0.00027,0.00047,0.00145,0.00011
655.4400024,0.00015,1.00E-04,0.00029,0.00047,0.00154,1.00E-04
655.7800293,0.00014,7.00E-05,0.00026,0.00046,0.00162,5.00E-05
656.1199951,0.00014,7.00E-05,0.00028,0.00047,0.0017,2.00E-05
656.4699707,0.00021,0.00011,0.00038,0.00052,0.00179,4.00E-05
656.8099976,0.00023,0.00016,0.00038,0.00051,0.00185,4.00E-05
657.1500244,0.00021,0.00017,0.00038,0.00052,0.00179,-2.00E-05
657.4899902,0.00025,0.00017,0.00038,0.00054,0.00175,-1.00E-05
657.8400269,0.00028,0.00023,0.00038,0.00054,0.00172,3.00E-05
658.1799927,0.00027,0.00024,0.00038,0.00056,0.00164,7.00E-05
658.5200195,0.00025,0.00022,0.00037,0.00058,0.0015,1.00E-04
658.8599854,0.00022,0.00021,0.00031,0.00054,0.00133,0.00012
659.2000122,0.00021,0.00019,0.00037,0.00056,0.00118,0.00016
659.5499878,0.00018,0.00014,0.00035,0.0005,0.00102,0.00012
659.8900146,0.00019,0.00018,0.00039,0.00052,0.0009,0.00015
660.2299805,0.00015,0.00015,0.00038,0.00051,0.00073,0.00014
660.5700073,0.00018,0.00012,0.0004,0.00049,0.00061,0.00012
660.9099731,0.00018,0.00014,0.00042,0.00048,0.00055,0.00011
661.2600098,0.00019,0.00014,0.00048,0.00049,0.0005,0.00011
661.5999756,0.00018,9.00E-05,0.00045,0.00049,0.00043,8.00E-05
661.9400024,0.00022,0.00014,0.00051,0.00055,0.00045,0.00016
662.2800293,0.0002,0.00012,0.0005,0.00052,0.00042,0.00014
662.6199951,0.00021,0.00011,0.00048,0.00054,0.00042,1.00E-04
662.960022,0.0002,0.00015,0.00052,0.0006,0.00042,0.00013
663.3099976,0.0002,0.00014,0.0005,0.00057,0.0004,7.00E-05
663.6500244,0.0002,0.00016,0.00046,0.00057,0.00041,6.00E-05
663.9899902,0.00021,0.0002,0.00047,0.00055,0.00041,9.00E-05
664.3300171,0.00022,0.0002,0.00041,0.00052,0.00038,8.00E-05
664.6699829,0.00022,0.00022,0.00038,0.00053,0.00036,8.00E-05
665.0100098,0.00021,0.00021,0.0004,0.00054,0.00035,8.00E-05
665.3499756,0.00023,0.00016,0.00037,0.00048,0.00034,8.00E-05
665.6900024,0.0002,0.00014,0.00037,0.00052,0.00036,0.00011
666.039978,0.00019,9.00E-05,0.00035,0.00052,0.00032,8.00E-05
666.3800049,0.00019,9.00E-05,0.00033,0.00056,0.00033,8.00E-05
666.7199707,0.00017,9.00E-05,0.00034,0.0006,0.00033,7.00E-05
667.0599976,0.0002,7.00E-05,0.00035,0.00063,0.00036,9.00E-05
667.4000244,0.0002,8.00E-05,0.00033,0.00064,0.00038,0.00012
667.7399902,0.00022,0.00011,0.0004,0.00071,0.00039,0.00015
668.0800171,0.00024,0.00016,0.00043,0.00075,0.00039,0.00018
668.4199829,0.00025,0.00019,0.00041,0.00085,0.00043,0.0002
668.7600098,0.00029,0.00024,0.00045,0.00105,0.00046,0.00018
669.0999756,0.00027,0.00024,0.00045,0.00128,0.00047,0.00019
669.4400024,0.00026,0.00024,0.00043,0.00156,0.00043,0.00019
669.789978,0.00027,0.00024,0.00047,0.00194,0.00044,0.00016
670.1300049,0.00025,0.00024,0.00041,0.00236,0.00045,0.00011
670.4699707,0.00029,0.00023,0.00041,0.00282,0.00045,1.00E-04
670.8099976,0.00029,0.00023,0.00043,0.00329,0.00045,9.00E-05
671.1500244,0.00029,0.00022,0.00043,0.00372,0.00047,0.00014
671.4899902,0.00031,0.00022,0.00044,0.00403,0.00049,0.00013
671.8300171,0.00033,0.00024,0.00042,0.00422,0.0005,0.00012
672.1699829,0.0003,0.00023,0.00039,0.00423,0.00047,0.00013
672.5100098,0.00032,0.00022,0.0004,0.00412,0.00044,0.00014
672.8499756,0.0003,0.00022,0.00038,0.00389,0.00043,0.00015
673.1900024,0.00028,0.00019,0.00038,0.00353,0.00042,0.00015
673.5300293,0.00026,0.00016,0.00038,0.00305,0.00038,9.00E-05
673.8699951,0.00025,0.00018,0.00039,0.00259,0.00037,9.00E-05
674.210022,0.00022,0.00014,0.00042,0.00216,0.0004,9.00E-05
674.5499878,0.00024,0.00015,0.00045,0.00181,0.00048,0.00013
674.8900146,0.00021,0.00015,0.00044,0.0015,0.00053,0.00012
675.2299805,0.00018,1.00E-04,0.0004,0.00122,0.00051,5.00E-05
675.5700073,0.00019,1.00E-04,0.00038,0.00101,0.00055,5.00E-05
675.9099731,0.00019,0.00012,0.00036,0.0009,0.00058,5.00E-05
676.25,0.0002,0.00013,0.00038,0.00082,0.00063,7.00E-05
676.5900269,0.0002,0.00016,0.00035,0.00076,0.00062,6.00E-05
676.9299927,0.00023,0.00019,0.00036,0.00073,0.00063,5.00E-05
677.2700195,0.00025,0.00021,0.00039,0.00075,0.00065,0.00012
677.6099854,0.00029,0.00024,0.00042,0.0008,0.00072,0.0002
677.9500122,0.00033,0.00029,0.00048,0.00083,0.00074,0.00028
678.289978,0.00035,0.00026,0.00047,0.00086,0.00075,0.00031
678.6300049,0.00034,0.00025,0.00045,0.00085,0.00071,0.0003
678.9699707,0.00037,0.00027,0.00047,0.00092,0.00073,0.00032
679.3099976,0.00034,0.00028,0.00048,0.00094,0.00073,0.00034
679.6500244,0.00033,0.00029,0.00046,0.0009,0.00071,0.00029
679.9799805,0.00035,0.00029,0.00044,0.00086,0.00065,0.00028
680.3200073,0.00035,0.0003,0.00043,0.00085,0.00061,0.00025
680.6599731,0.00034,0.00033,0.00049,0.00084,0.00064,0.00027
681,0.00033,0.00034,0.00052,0.00085,0.00066,0.00027
681.3400269,0.00031,0.00032,0.00051,0.0008,0.00064,0.00024
681.6799927,0.00032,0.0003,0.00048,0.00078,0.00064,0.00017
682.0200195,0.00036,0.00029,0.00053,0.00082,0.00067,0.00021
682.3599854,0.00035,0.00033,0.00057,0.00089,0.00075,0.00025
682.7000122,0.00032,0.0003,0.00055,0.0009,0.00081,0.00024
683.039978,0.00029,0.00029,0.00057,0.00089,0.00087,0.00019
683.3800049,0.00031,0.0003,0.00062,0.00095,0.00102,0.00021
683.710022,0.0003,0.0003,0.00071,0.00101,0.00122,0.00027
684.0499878,0.00031,0.00027,0.00077,0.00102,0.00143,0.00028
684.3900146,0.00028,0.00028,0.00082,0.00105,0.00178,0.00027
684.7299805,0.00026,0.00025,0.00092,0.00105,0.0022,0.00024
685.0700073,0.00029,0.00026,0.00102,0.00106,0.00267,0.00026
685.4099731,0.00029,0.00025,0.00104,0.00108,0.00313,0.00027
685.75,0.00028,0.00024,0.00106,0.00106,0.00361,0.00025
686.0900269,0.00031,0.00023,0.00105,0.00101,0.004,0.00021
686.4199829,0.00027,0.00023,0.00101,0.00101,0.00431,0.00023
686.7600098,0.00024,0.00018,0.00097,0.00097,0.00448,0.00022
687.0999756,0.00023,0.00016,0.00088,0.00095,0.00452,0.00021
687.4400024,0.00021,0.00018,0.00081,0.00101,0.00449,0.00022
687.7800293,0.00025,0.00019,0.00078,0.00105,0.00433,0.00024
688.1199951,0.00026,0.00022,0.00073,0.00107,0.00402,0.00025
688.4500122,0.00026,0.00021,0.00067,0.0011,0.00368,0.00025
688.789978,0.00032,0.00027,0.00068,0.00116,0.00338,0.00027
689.1300049,0.00028,0.00028,0.00064,0.00118,0.00304,0.00025
689.4699707,0.00029,0.00026,0.00062,0.00118,0.0027,0.00028
689.8099976,0.00033,0.00027,0.00062,0.00118,0.00238,0.0003
690.1400146,0.00033,0.00031,0.00062,0.0012,0.00218,0.0003
690.4799805,0.00029,0.0003,0.00063,0.00118,0.002,0.0003
690.8200073,0.00029,0.00032,0.00065,0.00121,0.00193,0.00035
691.1599731,0.00029,0.00032,0.0007,0.00124,0.00183,0.00039
691.5,0.00035,0.00035,0.00076,0.00131,0.00181,0.00042
691.8300171,0.00033,0.00038,0.00079,0.00135,0.00177,0.00042
692.1699829,0.00032,0.00039,0.0008,0.00136,0.00172,0.00038
692.5100098,0.00035,0.0004,0.0008,0.00138,0.00171,0.0004
692.8499756,0.00039,0.00039,0.00084,0.00146,0.00173,0.00042
693.1799927,0.00038,0.00041,0.00085,0.00153,0.0017,0.0004
693.5200195,0.00037,0.00039,0.00083,0.00156,0.00171,0.00033
693.8599854,0.00033,0.0004,0.00081,0.00155,0.00168,0.00031
694.2000122,0.00037,0.0004,0.00083,0.0016,0.00171,0.00027
694.5300293,0.00032,0.00035,0.00079,0.00159,0.00173,0.00019
694.8699951,0.00032,0.00035,0.00079,0.00167,0.00176,0.00019
695.210022,0.00032,0.00039,0.00078,0.00172,0.00179,0.00016
695.5499878,0.00034,0.00034,0.00078,0.00173,0.00183,0.00014
695.8800049,0.00034,0.00037,0.00082,0.0018,0.00186,0.0002
696.2199707,0.00039,0.00039,0.00086,0.00191,0.0019,0.00024
696.5599976,0.00037,0.00044,0.00092,0.00199,0.00193,0.00027
696.9000244,0.00034,0.00045,0.00096,0.00207,0.00197,0.00034
697.2299805,0.00034,0.00046,0.00101,0.00214,0.00202,0.0004
697.5700073,0.00033,0.00045,0.00101,0.00214,0.002,0.00039
697.9099731,0.00029,0.00043,0.001,0.00218,0.00192,0.00039
698.2399902,0.00026,0.00039,0.00095,0.00223,0.00186,0.00033
698.5800171,0.00025,0.00038,0.00096,0.0023,0.00184,0.00031
698.9199829,0.00027,0.00039,0.00093,0.00244,0.00182,0.00031
699.25,0.00028,0.00038,0.00096,0.00261,0.00172,0.00031
699.5900269,0.00029,0.00033,0.00095,0.00273,0.0016,0.00025
699.9299927,0.00029,0.00036,0.00098,0.00298,0.00156,0.0003
700.2600098,0.00036,0.00047,0.00107,0.00324,0.00158,0.00036
700.5999756,0.00041,0.00053,0.00114,0.00344,0.00159,0.00043
700.9400024,0.00041,0.00053,0.00111,0.00354,0.00156,0.00045
701.2700195,0.00045,0.00056,0.00118,0.00361,0.00152,0.0005
701.6099854,0.00053,0.0006,0.00117,0.00359,0.00154,0.00053
701.9500122,0.00053,0.00063,0.0012,0.00355,0.00151,0.00052
702.2800293,0.00058,0.00057,0.00125,0.0034,0.00149,0.0005
702.6199951,0.0006,0.0005,0.00122,0.00318,0.00145,0.00046
702.960022,0.0006,0.00045,0.00119,0.003,0.0014,0.00041
703.289978,0.00066,0.00046,0.00123,0.0029,0.00143,0.00042
703.6300049,0.00064,0.00046,0.00125,0.00277,0.00147,0.00042
703.960022,0.00057,0.00046,0.00128,0.00265,0.0015,0.00038
704.2999878,0.00054,0.00043,0.00124,0.00251,0.00151,0.00036
704.6400146,0.0005,0.00046,0.00124,0.00245,0.00153,0.00035
704.9699707,0.00045,0.0005,0.00127,0.00248,0.00166,0.0004
705.3099976,0.00046,0.00055,0.00129,0.00249,0.00169,0.0004
705.6400146,0.00041,0.00055,0.00132,0.00246,0.00165,0.00042
705.9799805,0.0004,0.00057,0.00133,0.00253,0.00169,0.00043
706.3200073,0.00045,0.00061,0.00138,0.00259,0.0017,0.00047
706.6500244,0.00051,0.00068,0.00147,0.00272,0.00182,0.00057
706.9899902,0.00052,0.00065,0.0015,0.00276,0.00182,0.0006
707.3200073,0.00057,0.00069,0.00154,0.00283,0.00181,0.00064
707.6599731,0.00054,0.00066,0.00154,0.00282,0.00184,0.00064
707.9899902,0.00058,0.00072,0.00159,0.0029,0.00192,0.00067
708.3300171,0.00059,0.00067,0.0016,0.00289,0.00198,0.00066
708.6699829,0.00057,0.00066,0.00159,0.00291,0.00204,0.00063
709,0.00053,0.00063,0.00157,0.00293,0.00204,0.00055
709.3400269,0.00051,0.00067,0.00154,0.00295,0.00217,0.00052
709.6699829,0.00046,0.00063,0.00154,0.00293,0.00227,0.00046
710.0100098,0.0005,0.00071,0.00164,0.00302,0.00248,0.00052
710.3400269,0.0005,0.00068,0.00167,0.003,0.00267,0.00048
710.6799927,0.00049,0.00068,0.00174,0.00301,0.00289,0.0005
711.0100098,0.00052,0.00066,0.00184,0.00308,0.00312,0.00053
711.3499756,0.0005,0.00059,0.00194,0.00303,0.00332,0.00056
711.6799927,0.00052,0.00057,0.00205,0.00305,0.0035,0.00053
712.0200195,0.0005,0.00057,0.00219,0.00308,0.0037,0.00052
712.3499756,0.00049,0.00056,0.00234,0.00312,0.00386,0.00052
712.6900024,0.00045,0.00053,0.00247,0.00315,0.00396,0.00053
713.0200195,0.00046,0.00049,0.0026,0.00316,0.00397,0.00051
713.3599854,0.00045,0.00054,0.0027,0.00318,0.004,0.00053
713.6900024,0.00044,0.00059,0.0028,0.00327,0.00405,0.00055
714.0300293,0.00046,0.00062,0.00287,0.00334,0.00406,0.00062
714.3599854,0.00048,0.00066,0.00287,0.00339,0.00397,0.00066
714.7000122,0.0005,0.00066,0.00282,0.00341,0.00388,0.00065
715.0300293,0.00051,0.00067,0.00273,0.00346,0.00376,0.00062
715.3699951,0.00046,0.00074,0.00256,0.00352,0.00361,0.00057
715.7000122,0.00042,0.00071,0.00246,0.00356,0.00345,0.00056
716.039978,0.00046,0.00076,0.00239,0.00364,0.0033,0.00058
716.3699951,0.00044,0.00074,0.0023,0.00364,0.00305,0.00056
716.7000122,0.00038,0.00068,0.00218,0.00365,0.00288,0.00053
717.039978,0.00032,0.00067,0.00213,0.00369,0.00274,0.00051
717.3699951,0.00034,0.00065,0.00209,0.00373,0.00262,0.00054
717.710022,0.00042,0.00067,0.00214,0.0038,0.00259,0.00061
718.039978,0.00043,0.00074,0.00215,0.00384,0.00259,0.00066
718.3800049,0.00041,0.0007,0.0021,0.00382,0.00249,0.00063
718.710022,0.00046,0.00078,0.00216,0.00391,0.00257,0.00068
719.039978,0.00054,0.00083,0.00222,0.00393,0.00262,0.00074
719.3800049,0.00052,0.00081,0.0022,0.0039,0.00256,0.00071
719.710022,0.00054,0.00083,0.00221,0.00395,0.00259,0.00074
720.0499878,0.00053,0.00084,0.00222,0.00394,0.00255,0.00078
720.3800049,0.00054,0.00082,0.00224,0.00395,0.00252,0.00076
720.710022,0.00052,0.00085,0.00227,0.004,0.00255,0.00078
721.0499878,0.00047,0.00079,0.00225,0.00398,0.00251,0.00074
721.3800049,0.00049,0.00082,0.00231,0.00403,0.00251,0.00072
721.7199707,0.00052,0.00085,0.00238,0.0041,0.00255,0.00077
722.0499878,0.00051,0.00092,0.00239,0.00412,0.00252,0.00077
722.3800049,0.0005,0.00095,0.00244,0.00415,0.00255,0.00076
722.7199707,0.00046,0.00096,0.00248,0.00417,0.00258,0.00079
723.0499878,0.00048,0.001,0.00252,0.00421,0.00264,0.00083
723.3800049,0.00052,0.00105,0.00258,0.00431,0.00268,0.00088
723.7199707,0.00054,0.00106,0.00258,0.00436,0.00275,0.00092
724.0499878,0.00056,0.00109,0.00256,0.00437,0.00273,0.00094
724.3800049,0.00061,0.00108,0.00265,0.00444,0.00278,0.00099
724.7199707,0.00058,0.00105,0.00262,0.00444,0.00277,0.00096
725.0499878,0.00057,0.00101,0.0026,0.00449,0.00272,0.00088
725.3800049,0.00062,0.00102,0.00265,0.00449,0.00269,0.00088
725.7199707,0.00062,0.00101,0.00266,0.00454,0.00272,0.00089
726.0499878,0.0006,0.00098,0.00267,0.00452,0.00272,0.00083
726.3800049,0.00061,0.00101,0.00272,0.00461,0.0028,0.00084
726.7199707,0.00048,0.00092,0.00267,0.00457,0.0027,0.00074
727.0499878,0.00052,0.00094,0.00271,0.00466,0.00274,0.0008
727.3800049,0.0006,0.00102,0.00277,0.00473,0.00286,0.00084
727.710022,0.00059,0.00106,0.00277,0.00485,0.00292,0.00087
728.0499878,0.0005,0.00104,0.00275,0.0048,0.00287,0.00084
728.3800049,0.00046,0.00102,0.00273,0.00488,0.00283,0.00088
728.710022,0.00043,0.00098,0.00277,0.00495,0.00277,0.00086
729.0499878,0.00049,0.00109,0.00284,0.00515,0.00289,0.00094
729.3800049,0.00047,0.00104,0.00285,0.00527,0.00291,0.00087
729.710022,0.00045,0.00095,0.00281,0.00546,0.00285,0.00083
730.039978,0.00048,0.00096,0.0028,0.00567,0.00285,0.00078
730.3800049,0.00063,0.001,0.00286,0.00597,0.0029,0.00079
730.710022,0.00067,0.00099,0.00282,0.00621,0.00293,0.00071
731.039978,0.00071,0.00099,0.00281,0.00647,0.00304,0.00071
731.3699951,0.00079,0.00098,0.0028,0.00665,0.00301,0.0007
731.710022,0.00078,0.001,0.0028,0.00687,0.00306,0.00072
732.039978,0.00078,0.00111,0.00287,0.00703,0.00314,0.00075
732.3699951,0.00075,0.00104,0.00292,0.00705,0.00316,0.00074
732.7000122,0.0007,0.00105,0.00292,0.00709,0.00321,0.00078
733.039978,0.00069,0.0011,0.00299,0.00706,0.00323,0.00083
733.3699951,0.00066,0.00112,0.00302,0.00701,0.00326,0.00081
733.7000122,0.00063,0.00119,0.0031,0.00692,0.00334,0.00076
734.0300293,0.0007,0.00122,0.00313,0.00684,0.00339,0.00078
734.3599854,0.00077,0.00122,0.00318,0.00673,0.00344,0.00083
734.7000122,0.00077,0.00126,0.00318,0.00658,0.0035,0.00091
735.0300293,0.0007,0.00125,0.00319,0.00639,0.00346,0.00087
735.3599854,0.00076,0.00125,0.00329,0.00632,0.00353,0.00096
735.6900024,0.00075,0.00123,0.0033,0.00617,0.00355,0.00094
736.0200195,0.00072,0.00119,0.00327,0.0061,0.00359,0.00101
736.3499756,0.0007,0.00116,0.00333,0.00599,0.00361,0.00101
736.6900024,0.00065,0.00112,0.00333,0.00593,0.00367,0.00098
737.0200195,0.00059,0.00108,0.00331,0.00587,0.00373,0.00092
737.3499756,0.00062,0.00108,0.00332,0.0059,0.00385,0.00089
737.6799927,0.00058,0.00108,0.00328,0.00592,0.00393,0.00087
738.0100098,0.00066,0.00114,0.00335,0.00597,0.00407,0.00096
738.3400269,0.00066,0.00117,0.00338,0.00596,0.00415,0.00095
738.6799927,0.00059,0.00122,0.00333,0.00596,0.00421,0.00092
739.0100098,0.00057,0.00127,0.00333,0.00595,0.0043,0.0009
739.3400269,0.00064,0.00135,0.00342,0.00611,0.00436,0.00089
739.6699829,0.00072,0.00135,0.00347,0.00613,0.00441,0.00093
740,0.00074,0.00143,0.00351,0.00616,0.00447,0.00093
740.3300171,0.00064,0.00137,0.00343,0.00613,0.00442,0.00083
740.6599731,0.00071,0.00138,0.00344,0.00625,0.00445,0.00088
740.9899902,0.00074,0.00143,0.00359,0.0063,0.00451,0.00101
741.3200073,0.00076,0.00137,0.00357,0.00626,0.00441,0.00099
741.6599731,0.00085,0.00143,0.00359,0.00621,0.00439,0.00109
741.9899902,0.00071,0.00136,0.00358,0.00618,0.00429,0.001
742.3200073,0.00073,0.00132,0.00361,0.00622,0.0042,0.00099
742.6500244,0.00074,0.00136,0.00365,0.00622,0.00417,0.00101
742.9799805,0.00064,0.00133,0.00363,0.00617,0.00409,0.00096
743.3099976,0.00059,0.00117,0.00353,0.00614,0.00395,0.00084
743.6400146,0.00058,0.00116,0.00354,0.00619,0.00389,0.00088
743.9699707,0.00047,0.0011,0.00348,0.00621,0.00381,0.0008
744.2999878,0.00051,0.0012,0.00352,0.00633,0.00385,0.00085
744.6300049,0.00048,0.00116,0.00354,0.0063,0.00392,0.00085
744.960022,0.00056,0.00119,0.00362,0.00643,0.00389,0.0009
745.289978,0.00063,0.00119,0.00366,0.00647,0.00397,0.00095
745.6199951,0.00068,0.00132,0.00375,0.00659,0.00403,0.00101
745.9500122,0.00069,0.00139,0.00381,0.00667,0.00407,0.00103
746.2800293,0.00071,0.00137,0.00386,0.00667,0.0041,0.00108
746.6099854,0.00082,0.00141,0.00392,0.00672,0.00418,0.00118
746.9400024,0.00079,0.00142,0.00391,0.00675,0.0041,0.00119
747.2800293,0.00075,0.00137,0.0039,0.00678,0.00419,0.00118
747.6099854,0.00079,0.00142,0.00399,0.00686,0.00423,0.00119
747.9400024,0.00079,0.00143,0.00401,0.00689,0.00421,0.00118
748.2700195,0.00075,0.00143,0.00405,0.00687,0.00421,0.00112
748.5999756,0.00077,0.00143,0.00412,0.00694,0.00422,0.00112
748.9299927,0.00074,0.00137,0.00413,0.00699,0.0042,0.00106
749.2600098,0.00077,0.00136,0.00419,0.00704,0.00417,0.00108
749.5800171,0.00079,0.00143,0.00428,0.00705,0.00415,0.00114
749.9099731,0.00069,0.00136,0.00423,0.007,0.00398,0.00106
750.2399902,0.00074,0.0013,0.00422,0.00701,0.00405,0.00101
750.5700073,0.00085,0.0013,0.00428,0.00708,0.00414,0.00107
750.9000244,0.00076,0.00128,0.00424,0.00706,0.00414,0.00103
751.2299805,0.00071,0.00134,0.00427,0.00705,0.00415,0.00099
751.5599976,0.0007,0.00138,0.00428,0.00708,0.00419,0.00096
751.8900146,0.00071,0.0014,0.00423,0.00711,0.00426,0.00092
752.2199707,0.00081,0.00146,0.00425,0.00719,0.0044,0.00097
752.5499878,0.00078,0.00154,0.00428,0.00731,0.00446,0.0011
752.8800049,0.00068,0.00149,0.00418,0.00731,0.00444,0.00107
753.210022,0.00075,0.00152,0.00427,0.00745,0.00452,0.00118
753.539978,0.00076,0.00151,0.00417,0.00748,0.00455,0.00124
753.8699951,0.00078,0.00144,0.00419,0.0075,0.00462,0.00125
754.2000122,0.00076,0.00143,0.00421,0.00759,0.00465,0.0013
754.5300293,0.00069,0.00139,0.00419,0.0076,0.00466,0.00127
754.8599854,0.00072,0.00136,0.00414,0.00753,0.00458,0.00118
755.1900024,0.00078,0.00141,0.00416,0.00757,0.00464,0.00118
755.5100098,0.00077,0.00144,0.00407,0.00758,0.00468,0.00112
755.8400269,0.00085,0.00143,0.00422,0.00761,0.00474,0.00116
756.1699829,0.00082,0.00155,0.00426,0.00768,0.00484,0.00123
756.5,0.00088,0.00154,0.00431,0.00769,0.00483,0.0012
756.8300171,0.00084,0.00157,0.00426,0.00769,0.00482,0.00118
757.1599731,0.00081,0.00161,0.00426,0.00772,0.00489,0.00117
757.4899902,0.00078,0.00164,0.00432,0.00783,0.00489,0.0012
757.8200073,0.00086,0.00166,0.00438,0.00787,0.00494,0.00124
758.1400146,0.00079,0.00172,0.00436,0.007900001,0.00497,0.00122
758.4699707,0.00078,0.00163,0.00429,0.00789,0.00493,0.00119
758.7999878,0.00069,0.00161,0.00422,0.00782,0.00489,0.00113
759.1300049,0.00066,0.00156,0.0043,0.00786,0.005,0.00117
759.460022,0.00058,0.00147,0.0043,0.00779,0.00503,0.00117
759.789978,0.00058,0.00143,0.00431,0.00776,0.00517,0.00116
760.1199951,0.00048,0.00146,0.00431,0.007710001,0.00528,0.00116
760.4400024,0.00051,0.0014,0.00432,0.00778,0.00539,0.00117
760.7700195,0.00054,0.00149,0.00436,0.00778,0.00558,0.00119
761.0999756,0.00062,0.00148,0.00441,0.00783,0.00572,0.00121
761.4299927,0.0007,0.00157,0.00448,0.00789,0.00586,0.00125
761.7600098,0.00079,0.00165,0.00455,0.00792,0.00595,0.00125
762.0800171,0.00079,0.00168,0.00455,0.00796,0.00604,0.00131
762.4099731,0.00086,0.00163,0.00461,0.00798,0.00604,0.00129
762.7399902,0.00087,0.00165,0.0046,0.00789,0.00601,0.00123
763.0700073,0.00081,0.00151,0.00455,0.007879999,0.00596,0.00118
763.4000244,0.0007,0.00153,0.0045,0.00784,0.00595,0.00118
763.7199707,0.00071,0.0015,0.00449,0.00778,0.00589,0.00118
764.0499878,0.00072,0.00149,0.00457,0.00784,0.00589,0.00126
764.3800049,0.00072,0.00151,0.00459,0.0078,0.00578,0.0012
764.710022,0.00065,0.00151,0.00452,0.00784,0.00567,0.00115
765.039978,0.00055,0.00147,0.00449,0.00782,0.00551,0.00114
765.3599854,0.0006,0.00158,0.00461,0.00795,0.00545,0.00119
765.6900024,0.00064,0.00161,0.00462,0.00801,0.00532,0.00121
766.0200195,0.00065,0.00159,0.00466,0.00811,0.00523,0.0013
766.3499756,0.00068,0.00164,0.0046,0.008169999,0.00515,0.00126
766.6699829,0.00066,0.00162,0.00466,0.00826,0.00507,0.00127
767,0.00068,0.00162,0.0047,0.00826,0.00507,0.00133
767.3300171,0.00073,0.00159,0.00471,0.00834,0.00506,0.00132
767.6500244,0.00078,0.00163,0.00474,0.00835,0.00504,0.00137
767.9799805,0.00087,0.00169,0.00478,0.008450001,0.0051,0.00137
768.3099976,0.00093,0.00172,0.00481,0.008450001,0.00507,0.00129
768.6400146,0.00092,0.0017,0.00489,0.00853,0.00509,0.00127
768.960022,0.00087,0.00166,0.00482,0.00847,0.00508,0.00124
769.289978,0.00086,0.0016,0.00479,0.00844,0.00499,0.00122
769.6199951,0.00092,0.00173,0.00482,0.00846,0.00509,0.0013
769.9400024,0.00088,0.00169,0.00471,0.00846,0.00505,0.00121
770.2700195,0.00083,0.00163,0.00473,0.00847,0.00504,0.00125
770.5999756,0.00075,0.00157,0.0047,0.00846,0.00505,0.0013
770.9199829,0.00071,0.00153,0.00465,0.00836,0.00506,0.00134
771.25,0.00092,0.00158,0.00472,0.00843,0.00515,0.00151
771.5800171,0.00088,0.00153,0.00476,0.00842,0.00516,0.00148
771.9000244,0.00087,0.00143,0.0048,0.00846,0.00508,0.0014
772.2299805,0.00091,0.00144,0.00489,0.00853,0.00511,0.00143
772.5599976,0.00088,0.00142,0.00488,0.00853,0.00513,0.00136
772.8800049,0.00097,0.00147,0.0049,0.008640001,0.00518,0.00132
773.210022,0.001,0.00153,0.00487,0.00871,0.00521,0.00129
773.539978,0.00088,0.0015,0.00485,0.0087,0.00516,0.00112
773.8599854,0.00103,0.00166,0.00492,0.00884,0.00529,0.00126
774.1900024,0.00093,0.00175,0.00496,0.00884,0.00535,0.00134
774.5200195,0.0009,0.00169,0.00482,0.00879,0.00535,0.00129
774.8400269,0.0009,0.0017,0.00481,0.00873,0.0054,0.00135
775.1699829,0.00084,0.00168,0.00479,0.008669999,0.0054,0.00137
775.5,0.00089,0.00168,0.00487,0.00876,0.00547,0.00131
775.8200073,0.00094,0.00176,0.0049,0.00883,0.00554,0.00132
776.1500244,0.00092,0.00172,0.00488,0.00885,0.00551,0.00128
776.4699707,0.00104,0.00174,0.0049,0.00895,0.00564,0.00139
776.7999878,0.00105,0.00184,0.00499,0.00904,0.00572,0.00139
777.1199951,0.00105,0.00187,0.00514,0.00915,0.00566,0.00143
777.4500122,0.00099,0.00192,0.00521,0.00917,0.00565,0.00142
777.7800293,0.00096,0.00197,0.00511,0.00908,0.00554,0.00148
778.0999756,0.00089,0.00186,0.00506,0.00909,0.00556,0.00146
778.4299927,0.00075,0.00175,0.00493,0.00896,0.0055,0.00138
778.75,0.00078,0.00171,0.00495,0.00887,0.00548,0.0013
779.0800171,0.00081,0.00168,0.00497,0.00887,0.00546,0.00133
779.4000244,0.00084,0.00171,0.00498,0.00895,0.00557,0.00131
779.7299805,0.00084,0.0016,0.00492,0.008909999,0.00569,0.00132
780.0599976,0.00069,0.00144,0.00494,0.008859999,0.00573,0.00125
780.3800049,0.00072,0.00157,0.00503,0.00893,0.00568,0.00126
780.710022,0.00082,0.00167,0.00517,0.00915,0.00584,0.00134
781.0300293,0.00075,0.00166,0.00513,0.00923,0.00577,0.00127
781.3599854,0.00067,0.00166,0.00514,0.00923,0.00571,0.00127
781.6799927,0.00053,0.00165,0.00501,0.009240001,0.00562,0.00116
782.0100098,0.00054,0.00172,0.00496,0.00934,0.00543,0.0012
782.3300171,0.00068,0.00189,0.005,0.009459999,0.00539,0.00128
782.6599731,0.00065,0.00182,0.00491,0.00939,0.0053,0.00126
782.9799805,0.00063,0.0018,0.00499,0.009380001,0.00527,0.00127
783.3099976,0.0007,0.00183,0.00509,0.00955,0.0053,0.00129
783.6300049,0.00076,0.00186,0.00512,0.00969,0.00537,0.00138
783.960022,0.00094,0.00185,0.00515,0.00968,0.00547,0.00151
784.2800293,0.00095,0.00185,0.00521,0.00966,0.00555,0.00153
784.6099854,0.00094,0.0018,0.00526,0.00969,0.00561,0.00155
784.9299927,0.00094,0.00183,0.00531,0.00981,0.00573,0.0016
785.2600098,0.00094,0.00185,0.0053,0.0098,0.00569,0.00147
785.5800171,0.00083,0.0018,0.00519,0.0096,0.00567,0.00152
785.9099731,0.00083,0.00177,0.00524,0.009459999,0.00571,0.00149
786.2299805,0.00066,0.00176,0.00518,0.00931,0.0056,0.00141
786.5599976,0.00069,0.00185,0.00519,0.009430001,0.00564,0.00139
786.8800049,0.00063,0.00188,0.00517,0.00939,0.0056,0.00137
787.2000122,0.00058,0.0018,0.00512,0.00921,0.00555,0.00131
787.5300293,0.00052,0.00185,0.00506,0.00922,0.00557,0.00143
787.8499756,0.0005,0.00187,0.00514,0.009240001,0.00557,0.00139
788.1799927,0.00043,0.00185,0.00506,0.00922,0.00554,0.0013
788.5,0.00065,0.00187,0.0052,0.00931,0.00562,0.00135
788.8300171,0.00065,0.00188,0.00528,0.00928,0.00568,0.00139
789.1500244,0.00067,0.00182,0.00527,0.00929,0.00573,0.00136
789.4699707,0.00076,0.00186,0.00533,0.00947,0.0057,0.00145
789.7999878,0.00084,0.00179,0.00535,0.00937,0.00566,0.00141
790.1199951,0.00089,0.00181,0.00542,0.009430001,0.00578,0.00148
790.4500122,0.00103,0.00178,0.00546,0.009459999,0.00577,0.00156
790.7700195,0.00096,0.0018,0.00545,0.00945,0.00576,0.00157
791.0900269,0.00095,0.00168,0.00544,0.00937,0.00572,0.00145
791.4199829,0.00105,0.00174,0.00552,0.00949,0.00569,0.00151
791.7399902,0.00103,0.00176,0.00555,0.009459999,0.00589,0.00156
792.0599976,0.00102,0.00175,0.00558,0.00962,0.00599,0.00158
792.3900146,0.00095,0.00179,0.00544,0.00966,0.00597,0.0016
792.710022,0.00087,0.00181,0.00535,0.00974,0.00596,0.00157
793.039978,0.00086,0.00189,0.00535,0.00984,0.00609,0.00161
793.3599854,0.00086,0.00195,0.00539,0.00991,0.00618,0.00166
793.6799927,0.00078,0.00193,0.00533,0.00974,0.00626,0.00164
794.0100098,0.00077,0.00194,0.00533,0.00973,0.00621,0.00167
794.3300171,0.00077,0.00204,0.00535,0.00962,0.00627,0.00165
794.6500244,0.00082,0.00207,0.00545,0.00958,0.0063,0.00157
794.9799805,0.00078,0.00203,0.00551,0.00957,0.00634,0.00163
795.2999878,0.00067,0.002,0.00551,0.00952,0.00633,0.00159
795.6199951,0.00059,0.00201,0.00544,0.00947,0.00629,0.00151
795.9400024,0.00065,0.00209,0.00553,0.00957,0.00633,0.00152
796.2700195,0.00071,0.00211,0.00553,0.00962,0.00639,0.00153
796.5900269,0.00074,0.00203,0.00548,0.009670001,0.00641,0.00151
796.9099731,0.00076,0.00194,0.00547,0.00969,0.00648,0.00155
797.2399902,0.00076,0.00197,0.00553,0.00962,0.00659,0.00145
797.5599976,0.00085,0.002,0.00553,0.00962,0.00663,0.00142
797.8800049,0.00091,0.00206,0.00564,0.00968,0.00673,0.00155
798.210022,0.00092,0.00192,0.00559,0.0098,0.00673,0.00157
798.5300293,0.0008,0.00183,0.00556,0.00983,0.00665,0.0015
798.8499756,0.00069,0.0019,0.00557,0.00982,0.00657,0.00152
799.1699829,0.00063,0.00194,0.00552,0.00981,0.00646,0.00138
799.5,0.00073,0.00197,0.00554,0.00986,0.00644,0.00145
799.8200073,0.00066,0.00197,0.00554,0.00993,0.00632,0.00142
800.1400146,0.00063,0.00192,0.00556,0.00997,0.0063,0.00136
800.460022,0.00057,0.00202,0.00555,0.0099,0.00634,0.00141
800.789978,0.00063,0.00213,0.00569,0.0099,0.00649,0.00148
801.1099854,0.00067,0.00203,0.00572,0.00993,0.00649,0.00149
801.4299927,0.00075,0.00207,0.00583,0.01003,0.00654,0.0017
801.75,0.00068,0.0021,0.00579,0.00999,0.00655,0.00172
802.0700073,0.0008,0.00207,0.00589,0.01003,0.00667,0.00181
802.4000244,0.00077,0.00203,0.00578,0.00984,0.00659,0.0018
802.7199707,0.00079,0.00202,0.00588,0.00984,0.00655,0.00175
803.039978,0.00077,0.00199,0.00584,0.00987,0.00659,0.00167
803.3599854,0.00086,0.0021,0.00588,0.00988,0.00668,0.00166
803.6799927,0.00085,0.00198,0.00588,0.00978,0.00672,0.00156
804.0100098,0.00098,0.002,0.00601,0.00985,0.00674,0.00153
804.3300171,0.00091,0.00199,0.00602,0.0099,0.00668,0.00144
804.6500244,0.00108,0.00208,0.00612,0.01005,0.00674,0.00149
804.9699707,0.00122,0.00207,0.00614,0.0101,0.00686,0.00151
805.289978,0.00119,0.00207,0.0061,0.01003,0.00677,0.00155
805.6199951,0.00115,0.00204,0.00609,0.00994,0.00678,0.0016
805.9400024,0.00115,0.00215,0.00602,0.00995,0.00676,0.00159
806.2600098,0.00117,0.00224,0.00597,0.00993,0.00685,0.00163
806.5800171,0.00126,0.00224,0.00591,0.00995,0.00702,0.00166
806.9000244,0.00121,0.0023,0.006,0.01008,0.00717,0.00172
807.2199707,0.00101,0.00225,0.00585,0.01005,0.00711,0.0016
807.539978,0.001,0.00225,0.00592,0.01005,0.0071,0.00162
807.8699951,0.00105,0.00231,0.00597,0.01013,0.00707,0.00164
808.1900024,0.00101,0.00221,0.00606,0.01018,0.00711,0.00169
808.5100098,0.00089,0.00203,0.00599,0.01011,0.00703,0.00163
808.8300171,0.00085,0.00204,0.00591,0.01001,0.0069,0.00174
809.1500244,0.00076,0.00196,0.00575,0.00984,0.00685,0.00164
809.4699707,0.00093,0.00212,0.00582,0.0099,0.00686,0.00174
809.789978,0.00093,0.0021,0.00573,0.009959999,0.00688,0.00166
810.1099854,0.00091,0.00208,0.00566,0.01005,0.00692,0.00168
810.4299927,0.00098,0.00217,0.00557,0.01012,0.00695,0.00168
810.7600098,0.00095,0.00226,0.00554,0.010140001,0.00696,0.00168
811.0800171,0.00097,0.00222,0.00566,0.01023,0.00691,0.00157
811.4000244,0.00101,0.0021,0.00573,0.010369999,0.00676,0.00154
811.7199707,0.00087,0.00202,0.00576,0.010340001,0.00668,0.00147
812.039978,0.00097,0.00218,0.00571,0.010340001,0.00671,0.00153
812.3599854,0.00102,0.00215,0.00576,0.01038,0.00674,0.00144
812.6799927,0.00108,0.00227,0.00583,0.01045,0.00684,0.00151
813,0.00108,0.00233,0.00588,0.0106,0.00682,0.00163
813.3200073,0.00102,0.00231,0.00578,0.010629999,0.00681,0.00165
813.6400146,0.00107,0.00248,0.00582,0.01066,0.00691,0.00171
813.960022,0.00114,0.00248,0.00584,0.010729999,0.00708,0.0018
814.2800293,0.00116,0.00237,0.00595,0.01081,0.00717,0.00191
814.5999756,0.00094,0.00228,0.00586,0.010729999,0.00713,0.00189
814.9199829,0.00086,0.00199,0.00589,0.01071,0.007,0.00184
815.2399902,0.00091,0.00197,0.00595,0.01074,0.00711,0.00186
815.5599976,0.00093,0.00205,0.00607,0.01087,0.00714,0.00192
815.8800049,0.00107,0.00207,0.00609,0.0109,0.00733,0.00198
816.2000122,0.00106,0.00201,0.00604,0.010989999,0.00727,0.0019
816.5200195,0.00095,0.00202,0.00601,0.010939999,0.00713,0.00176
816.8400269,0.0011,0.00216,0.00612,0.011,0.0071,0.00175
817.1599731,0.00113,0.00226,0.0062,0.01102,0.00714,0.00173
817.4799805,0.00105,0.00217,0.0061,0.01097,0.00687,0.0015
817.7999878,0.00107,0.00223,0.00609,0.01091,0.00698,0.00148
818.1199951,0.00079,0.00212,0.00596,0.010770001,0.00667,0.00133
818.4400024,0.00086,0.00221,0.00602,0.01097,0.00681,0.0015
818.7600098,0.00093,0.00224,0.00605,0.011080001,0.00681,0.00151
819.0800171,0.00097,0.0022,0.00598,0.01126,0.0069,0.00149
819.4000244,0.00098,0.00234,0.00589,0.01132,0.00693,0.00155
819.7199707,0.00099,0.00226,0.00581,0.011410001,0.00708,0.00167
820.039978,0.00097,0.00216,0.00585,0.01155,0.00711,0.00166
820.3599854,0.00119,0.00227,0.00593,0.01179,0.00731,0.00185
820.6799927,0.00115,0.00227,0.00587,0.011469999,0.00716,0.00169
821,0.00127,0.00228,0.0059,0.011360001,0.00721,0.00169
821.3200073,0.00125,0.00229,0.00585,0.01124,0.00704,0.00181
821.6400146,0.00107,0.00214,0.00581,0.01115,0.007,0.00175
821.960022,0.00103,0.00217,0.00597,0.01117,0.00691,0.00179
822.2700195,0.00104,0.00223,0.0059,0.011059999,0.00671,0.00185
822.5900269,0.00088,0.00208,0.00585,0.01095,0.00648,0.0017
822.9099731,0.00071,0.00205,0.00589,0.0111,0.00641,0.00173
823.2299805,0.00057,0.00209,0.00593,0.01124,0.00642,0.00192
823.5499878,0.0006,0.00202,0.00603,0.0113,0.00659,0.00177
823.8699951,0.0008,0.0021,0.00602,0.011419999,0.00664,0.00173
824.1900024,0.00088,0.00223,0.00601,0.01144,0.00681,0.00179
824.5100098,0.00079,0.00216,0.00599,0.01153,0.00695,0.00184
824.8300171,0.00081,0.00229,0.00608,0.01163,0.00723,0.00194
825.1400146,0.00092,0.00222,0.00617,0.01161,0.00731,0.0021
825.460022,0.00092,0.00203,0.00606,0.01158,0.00732,0.00189
825.7800293,0.00077,0.00212,0.00601,0.01161,0.00728,0.00193
826.0999756,0.00061,0.00206,0.00605,0.0116,0.00728,0.00202
826.4199829,0.00061,0.002,0.00616,0.011569999,0.0072,0.00198
826.7399902,0.00079,0.00206,0.00618,0.011510001,0.00717,0.00196
827.0599976,0.00066,0.00182,0.00609,0.011410001,0.00691,0.00185
827.3699951,0.00056,0.00174,0.00595,0.01135,0.00698,0.00173
827.6900024,0.0005,0.00187,0.00616,0.011369999,0.00699,0.00182
828.0100098,0.0006,0.00186,0.00625,0.01135,0.00697,0.00184
828.3300171,0.00065,0.00191,0.00634,0.01132,0.00697,0.00175
828.6500244,0.00069,0.00195,0.00637,0.011410001,0.00687,0.00175
828.960022,0.00059,0.00188,0.00647,0.01143,0.00679,0.00166
829.2800293,0.0006,0.00204,0.0065,0.0115,0.00691,0.00161
829.5999756,0.00078,0.00213,0.00663,0.011619999,0.00668,0.00166
829.9199829,0.00078,0.00196,0.00638,0.011569999,0.00647,0.00164
830.2399902,0.0008,0.00193,0.00644,0.01148,0.00645,0.0017
830.5499878,0.00099,0.00196,0.00633,0.01163,0.00649,0.00194
830.8699951,0.00092,0.00203,0.00634,0.01158,0.00667,0.00196
831.1900024,0.001,0.00209,0.0063,0.011460001,0.00666,0.00201
831.5100098,0.00111,0.00208,0.00638,0.0114,0.00664,0.0021
831.8300171,0.00108,0.00211,0.00634,0.011410001,0.00676,0.00199
832.1400146,0.00104,0.00216,0.00644,0.01143,0.0069,0.0018
832.460022,0.00111,0.00212,0.00647,0.011619999,0.00696,0.00176
832.7800293,0.00107,0.00211,0.00664,0.01159,0.00686,0.00149
833.0999756,0.00116,0.00197,0.0066,0.01145,0.00665,0.00149
833.4099731,0.00119,0.0019,0.00656,0.011569999,0.00659,0.00143
833.7299805,0.00127,0.00193,0.0066,0.011729999,0.00654,0.00144
834.0499878,0.00107,0.00184,0.0064,0.01166,0.00644,0.00139
834.3599854,0.00109,0.00184,0.00633,0.01164,0.00641,0.00152
834.6799927,0.00102,0.0019,0.00619,0.011360001,0.00636,0.0014
835,0.00088,0.00189,0.00616,0.01138,0.00646,0.00158
835.3200073,0.00078,0.00197,0.0061,0.01153,0.00664,0.0017
835.6300049,0.00064,0.00202,0.00619,0.01156,0.00666,0.00163
835.9500122,0.00067,0.00215,0.00636,0.01164,0.00677,0.00165
836.2700195,0.00092,0.00222,0.00667,0.011720001,0.0069,0.00171
836.5800171,0.00094,0.00234,0.00689,0.01192,0.007,0.00167
836.9000244,0.00075,0.00226,0.00692,0.01193,0.0069,0.0019
837.2199707,0.00063,0.00211,0.00673,0.0118,0.00661,0.00167
837.5300293,0.00066,0.00202,0.00677,0.011829999,0.00659,0.00147
837.8499756,0.00057,0.00204,0.00664,0.01184,0.00653,0.00153
838.1699829,0.00028,0.00178,0.00631,0.011510001,0.00643,0.00141
838.4799805,0.00023,0.00183,0.0061,0.011360001,0.0063,0.00133
838.7999878,0.00033,0.00182,0.00595,0.011369999,0.00624,0.00143
839.1199951,0.00055,0.00193,0.00611,0.011720001,0.00624,0.0014
839.4299927,0.00066,0.00204,0.00611,0.01163,0.00636,0.00145
839.75,0.00055,0.00208,0.00596,0.011569999,0.00614,0.00136
840.0700073,0.00068,0.00216,0.00612,0.011510001,0.00633,0.00142
840.3800049,0.00088,0.00232,0.00625,0.01159,0.0062,0.00154
840.7000122,0.00095,0.00233,0.00648,0.011670001,0.00641,0.0018
841.0100098,0.00088,0.00221,0.00645,0.01149,0.00637,0.00177
841.3300171,0.00081,0.00228,0.00637,0.01118,0.00643,0.0018
841.6500244,0.00083,0.00234,0.00645,0.011360001,0.00657,0.00184
841.960022,0.00101,0.00248,0.00667,0.011360001,0.00679,0.00197
842.2800293,0.00093,0.00244,0.00666,0.0114,0.0066,0.00184
842.5999756,0.00099,0.00251,0.00669,0.01145,0.00673,0.00174
842.9099731,0.00108,0.00249,0.0066,0.01149,0.0067,0.00155
843.2299805,0.00104,0.00275,0.00681,0.01161,0.00679,0.00165
843.539978,0.00113,0.00281,0.00682,0.01181,0.00683,0.00165
843.8599854,0.00114,0.00261,0.00696,0.01184,0.00665,0.00172
844.1699829,0.0009,0.00229,0.00681,0.011720001,0.00659,0.00167
844.4899902,0.00106,0.00225,0.00685,0.011720001,0.00674,0.00185
844.8099976,0.00083,0.00208,0.00663,0.0117,0.0065,0.00178
845.1199951,0.00061,0.00188,0.00649,0.011469999,0.00628,0.00179
845.4400024,0.0006,0.00166,0.00639,0.01134,0.00619,0.00169
845.75,0.00045,0.00151,0.00647,0.01127,0.00614,0.00157
846.0700073,0.00041,0.0015,0.00625,0.01107,0.00601,0.00137
846.3800049,0.00065,0.00176,0.00642,0.01116,0.00602,0.00152
846.7000122,0.00053,0.0017,0.0063,0.01101,0.00606,0.0016
847.0100098,0.00063,0.00164,0.00644,0.010989999,0.00638,0.00178
847.3300171,0.00058,0.00167,0.00645,0.01113,0.00639,0.00175
847.6400146,0.00068,0.0017,0.00646,0.01115,0.0063,0.0017
847.960022,0.00076,0.00159,0.00629,0.01112,0.00613,0.00164
848.2700195,0.00079,0.00189,0.00656,0.01131,0.00647,0.00184
848.5900269,0.00068,0.00176,0.0065,0.01131,0.00635,0.00175
848.9000244,0.00059,0.0017,0.00646,0.01138,0.00617,0.00147
849.2199707,0.00083,0.00173,0.00644,0.01149,0.00602,0.00152
849.5300293,0.00083,0.00175,0.0063,0.0115,0.00592,0.0014
849.8499756,0.00073,0.00166,0.00629,0.01132,0.00588,0.00136
850.1599731,0.0008,0.00192,0.00659,0.0114,0.00611,0.00145
850.4799805,0.00092,0.00181,0.0065,0.01156,0.00603,0.00149
850.789978,0.00107,0.00195,0.0066,0.01154,0.00611,0.00149
851.1099854,0.00129,0.00204,0.00679,0.01168,0.00637,0.00167
851.4199829,0.00087,0.00207,0.00679,0.01163,0.0063,0.0015
851.7399902,0.00102,0.00217,0.00716,0.01184,0.00664,0.00173
852.0499878,0.00097,0.00232,0.00723,0.0119,0.00678,0.00172
852.3599854,0.00073,0.00199,0.00685,0.011820001,0.00675,0.00169
852.6799927,0.00064,0.00213,0.00689,0.01165,0.00691,0.0017
852.9899902,0.00049,0.00211,0.0067,0.011670001,0.00684,0.00166
853.3099976,0.00034,0.00217,0.00661,0.01155,0.00674,0.00151
853.6199951,0.00062,0.0022,0.00655,0.0114,0.00676,0.00157
853.9400024,0.00047,0.00212,0.00646,0.011109999,0.00657,0.00155
854.25,0.00061,0.00199,0.00632,0.0111,0.00646,0.00169
854.5599976,0.00079,0.00212,0.00661,0.011109999,0.00632,0.00175
854.8800049,0.00067,0.00194,0.0065,0.010939999,0.00613,0.00157
855.1900024,0.00079,0.00178,0.00656,0.011089999,0.00612,0.00148
855.5100098,0.00097,0.00202,0.0068,0.01123,0.0062,0.00169
855.8200073,0.00089,0.00204,0.00695,0.011410001,0.00649,0.00176
856.1300049,0.00106,0.00233,0.00716,0.01176,0.00657,0.00182
856.4500122,0.00098,0.00242,0.00725,0.01192,0.00682,0.00183
856.7600098,0.00101,0.00238,0.00718,0.01196,0.00685,0.00168
857.0700073,0.00105,0.00227,0.00722,0.01212,0.00681,0.00177
857.3900146,0.00102,0.00248,0.00724,0.012130001,0.00691,0.0021
857.7000122,0.00086,0.00221,0.007,0.01204,0.00684,0.00203
858.0200195,0.00084,0.00218,0.007,0.01199,0.00657,0.00197
858.3300171,0.00078,0.00209,0.00677,0.011770001,0.00658,0.00195
858.6400146,0.00085,0.00221,0.00666,0.011770001,0.00635,0.00196
858.960022,0.00093,0.00238,0.00664,0.011820001,0.00635,0.00222
859.2700195,0.00098,0.00253,0.00686,0.0118,0.00641,0.00232
859.5800171,0.00122,0.00233,0.00685,0.01161,0.00636,0.002
859.9000244,0.00135,0.00236,0.00653,0.01154,0.00626,0.00197
860.210022,0.00139,0.00243,0.00651,0.011469999,0.00631,0.00212
860.5200195,0.0014,0.0024,0.00655,0.011410001,0.00624,0.00208
860.8300171,0.00155,0.00248,0.00672,0.01154,0.00642,0.00216
861.1500244,0.00137,0.0024,0.00667,0.011460001,0.00648,0.00194
861.460022,0.00126,0.00246,0.00637,0.011469999,0.00642,0.00184
861.7700195,0.00104,0.00265,0.00636,0.01143,0.00641,0.00204
862.0900269,0.00105,0.00275,0.00671,0.011510001,0.00642,0.00206
862.4000244,0.00125,0.00295,0.00696,0.0117,0.00652,0.00198
862.710022,0.00133,0.00287,0.00694,0.012,0.00644,0.00193
863.0200195,0.00106,0.00275,0.0069,0.0117,0.0063,0.00168
863.3400269,0.00127,0.00273,0.00691,0.01164,0.00635,0.0017
863.6500244,0.00132,0.00252,0.007,0.011510001,0.00626,0.00159
863.960022,0.0013,0.0025,0.00707,0.011569999,0.00622,0.00172
864.2700195,0.0013,0.0024,0.00716,0.011569999,0.00607,0.00166
864.5900269,0.0013,0.0022,0.00701,0.01161,0.00597,0.00176
864.9000244,0.00108,0.00223,0.00701,0.011460001,0.00614,0.00181
865.210022,0.00105,0.00209,0.00701,0.01165,0.00597,0.00203
865.5200195,0.001,0.00228,0.00713,0.01168,0.00573,0.00203
865.8400269,0.00106,0.00244,0.00709,0.01168,0.00559,0.00199
866.1500244,0.00102,0.0025,0.00716,0.011870001,0.0055,0.00185
866.460022,0.00089,0.00243,0.007,0.01197,0.0055,0.00193
866.7700195,0.00064,0.00233,0.00681,0.01169,0.00543,0.00153
867.0800171,0.00077,0.00224,0.00671,0.01164,0.00533,0.00155
867.4000244,0.00097,0.00241,0.00672,0.01186,0.00567,0.00159
867.710022,0.00084,0.0022,0.00655,0.011820001,0.00568,0.00166
868.0200195,0.00078,0.00217,0.00643,0.01197,0.00585,0.00185
868.3300171,0.0008,0.00211,0.0063,0.01206,0.00605,0.00165
868.6400146,0.00092,0.00214,0.00635,0.01203,0.0063,0.00164
868.960022,0.00102,0.0022,0.00648,0.012130001,0.00626,0.00183
869.2700195,0.00112,0.0023,0.00644,0.01214,0.00612,0.00192
869.5800171,0.00094,0.00195,0.00629,0.011829999,0.0057,0.00161
869.8900146,0.00121,0.00226,0.00633,0.01204,0.00598,0.00177
870.2000122,0.00118,0.00207,0.00628,0.01203,0.00581,0.00181
870.5100098,0.00118,0.00185,0.00618,0.01176,0.00562,0.00198
870.8200073,0.00096,0.00188,0.00623,0.01159,0.00543,0.00208
871.1400146,0.00117,0.00195,0.00626,0.011770001,0.00542,0.0021
871.4500122,0.00102,0.00185,0.0062,0.011849999,0.00552,0.00214
871.7600098,0.00116,0.00223,0.00638,0.01211,0.00567,0.00224
872.0700073,0.00089,0.00212,0.0064,0.0121,0.00548,0.00204
872.3800049,0.00077,0.00241,0.00655,0.0121,0.00563,0.00186
872.6900024,0.00058,0.00241,0.00659,0.01217,0.00556,0.00167
873,0.00087,0.00236,0.00657,0.012300001,0.0058,0.00174
873.3099976,0.00067,0.00246,0.00677,0.01217,0.00591,0.00173
873.6300049,0.00088,0.00258,0.00732,0.01207,0.0059,0.00166
873.9400024,0.00078,0.0022,0.00711,0.01197,0.00574,0.00156
874.25,0.00117,0.00234,0.00757,0.01227,0.00612,0.00186
874.5599976,0.00116,0.00228,0.00751,0.01227,0.0063,0.00183
874.8699951,0.00134,0.00229,0.00761,0.012300001,0.00642,0.00195
875.1799927,0.00123,0.00234,0.00783,0.01238,0.00639,0.00193
875.4899902,0.00111,0.00225,0.00745,0.01237,0.00632,0.00212
875.7999878,0.00107,0.00234,0.00716,0.0125,0.00646,0.00224
876.1099854,0.00118,0.00255,0.00731,0.012510001,0.00654,0.00238
876.4199829,0.00077,0.00227,0.00703,0.01211,0.00604,0.00192
876.7299805,0.00088,0.00239,0.00704,0.012150001,0.00602,0.00213
877.039978,0.00085,0.00279,0.00697,0.012159999,0.006,0.00222
877.3499756,0.00048,0.0026,0.0066,0.01202,0.00581,0.00191
877.6599731,0.00039,0.0023,0.00674,0.01195,0.00589,0.00164
877.9699707,0.00027,0.00205,0.00669,0.011770001,0.00587,0.00153
878.2800293,0.00013,0.00202,0.0066,0.01168,0.00587,0.00138
878.5900269,0.00012,0.00204,0.00637,0.01174,0.00622,0.00149
878.9000244,0.00016,0.00191,0.00648,0.011849999,0.00636,0.0016
879.210022,9.00E-05,0.00161,0.0063,0.01154,0.00637,0.0015
879.5200195,0.00011,0.00156,0.00602,0.01144,0.00627,0.00126
879.8300171,0.00028,0.00176,0.00591,0.011829999,0.00624,0.00144
880.1400146,1.00E-04,0.00186,0.00603,0.01175,0.00627,0.00127
880.4500122,0.00038,0.00226,0.00614,0.01198,0.00672,0.0017
880.7600098,0.00078,0.00236,0.00649,0.01228,0.00681,0.00195
881.0700073,0.00076,0.00248,0.0067,0.01214,0.00674,0.00182
881.3800049,0.0007,0.00246,0.0069,0.012569999,0.00694,0.00183
881.6900024,0.0011,0.00274,0.00735,0.01283,0.00714,0.00226
882,0.00087,0.00261,0.00723,0.01244,0.00727,0.00212
882.3099976,0.00122,0.0028,0.00729,0.01286,0.0073,0.00215
882.6199951,0.00105,0.00247,0.0071,0.01289,0.00705,0.00187
882.9299927,0.0009,0.00265,0.00687,0.01281,0.00703,0.0018
883.2399902,0.0009,0.00253,0.00679,0.01283,0.00689,0.0019
883.5499878,0.00095,0.00273,0.00668,0.013049999,0.00703,0.0021
883.8599854,0.00075,0.00257,0.00652,0.01281,0.00709,0.0019
884.1699829,0.00121,0.00298,0.00706,0.01334,0.00715,0.00208
884.4799805,0.00105,0.00273,0.00691,0.013359999,0.00733,0.00217
884.789978,0.00091,0.00276,0.00692,0.01334,0.00754,0.00247
885.0900269,0.00073,0.0023,0.00686,0.01322,0.00743,0.00232
885.4000244,0.00055,0.00217,0.00662,0.01308,0.00751,0.00211
885.710022,0.00083,0.00231,0.00705,0.0129,0.00767,0.00199
886.0200195,0.00114,0.00275,0.00752,0.01359,0.00828,0.00233
886.3300171,0.00096,0.00257,0.00738,0.01358,0.00838,0.00231
886.6400146,0.00107,0.00286,0.00733,0.0135,0.0085,0.00233
886.9500122,0.00138,0.00278,0.00739,0.01343,0.00846,0.00202
887.2600098,0.00164,0.00283,0.00742,0.01333,0.0084,0.00205
887.5700073,0.00223,0.00312,0.007710001,0.01345,0.008690001,0.00213
887.8699951,0.00211,0.00286,0.00746,0.01343,0.00876,0.00214
888.1799927,0.00194,0.00275,0.00708,0.01319,0.00858,0.00206
888.4899902,0.00206,0.00273,0.00716,0.01307,0.00873,0.00213
888.7999878,0.00183,0.00246,0.00744,0.013359999,0.00878,0.00211
889.1099854,0.00163,0.00233,0.0076,0.01338,0.008909999,0.00211
889.4199829,0.00113,0.00235,0.00756,0.01362,0.009190001,0.00214
889.7199707,0.00089,0.00242,0.00777,0.014140001,0.00957,0.00218
890.0300293,0.00076,0.0027,0.00792,0.01433,0.00985,0.00225
890.3400269,0.00071,0.00245,0.00802,0.01419,0.009959999,0.00204
890.6500244,0.00043,0.00246,0.007929999,0.0143,0.01023,0.00198
890.960022,0.00077,0.00263,0.00776,0.01419,0.010299999,0.00182
891.2700195,0.00075,0.0028,0.0078,0.014099999,0.01066,0.00184
891.5700073,0.00093,0.00259,0.00763,0.01385,0.0108,0.00162
891.8800049,0.00062,0.00249,0.00749,0.01349,0.01102,0.00147
892.1900024,0.0009,0.00252,0.0076,0.01361,0.01116,0.00144
892.5,0.00112,0.00299,0.00769,0.013990001,0.01207,0.00178
892.7999878,0.00134,0.00303,0.00787,0.0138,0.01265,0.00177
893.1099854,0.001,0.00299,0.00811,0.013839999,0.013409999,0.00179
893.4199829,0.00077,0.00314,0.00833,0.01426,0.01418,0.00192
893.7299805,0.00095,0.00354,0.0088,0.01461,0.015190001,0.00223
894.039978,0.00087,0.00315,0.0084,0.014479999,0.015629999,0.00193
894.3400269,0.00085,0.00297,0.00828,0.01441,0.016549999,0.00192
894.6500244,0.00051,0.00229,0.00833,0.01427,0.016690001,0.00179
894.960022,0.00044,0.00223,0.00824,0.01432,0.0177,0.00151
895.2600098,0.00051,0.00239,0.00791,0.013890001,0.01887,0.0017
895.5700073,0.00102,0.00238,0.00786,0.013830001,0.020230001,0.00175
895.8800049,0.00124,0.00241,0.00783,0.013890001,0.021949999,0.0018
896.1900024,0.00136,0.00252,0.007879999,0.01408,0.024130002,0.00199
896.4899902,0.00101,0.0025,0.007710001,0.01376,0.026519999,0.0019
896.7999878,0.0013,0.00276,0.00744,0.013459999,0.029930001,0.0019
897.1099854,0.00103,0.00238,0.00725,0.01317,0.033199999,0.00177
897.4199829,0.00105,0.0023,0.00751,0.01358,0.03757,0.00175
897.7199707,0.00061,0.00191,0.00721,0.01362,0.042550001,0.00137
898.0300293,0.00033,0.00175,0.0068,0.013459999,0.048489999,0.00099
898.3400269,0.00057,0.00193,0.00699,0.01328,0.055809997,0.00102
898.6400146,0.00093,0.00203,0.00751,0.013660001,0.064910002,0.00132
898.9500122,0.00082,0.00208,0.00763,0.01385,0.074829996,0.00109
899.2600098,0.00114,0.00253,0.00766,0.01421,0.086490005,0.00161
899.5599976,0.00114,0.00244,0.0074,0.01401,0.099540003,0.00159
899.8699951,0.00147,0.00296,0.00778,0.01402,0.114560001,0.00207
900.1799927,0.00134,0.00312,0.00832,0.01393,0.131219998,0.00229
900.4799805,0.00141,0.00328,0.00856,0.014579999,0.149420008,0.00258
900.789978,0.00136,0.00323,0.00839,0.01441,0.168119997,0.00245
901.0999756,0.00147,0.00332,0.008669999,0.014529999,0.188490003,0.00286
901.4000244,0.00132,0.00329,0.00856,0.014450001,0.210149989,0.00282
901.710022,0.0014,0.00351,0.00879,0.01485,0.23247999,0.00291
902.0100098,0.00116,0.00333,0.008450001,0.014570001,0.254419982,0.00257
902.3200073,0.00131,0.0034,0.008690001,0.01503,0.275970012,0.00259
902.6300049,0.0011,0.0033,0.00848,0.01503,0.297619998,0.00264
902.9299927,0.00109,0.00335,0.00839,0.01529,0.319020003,0.00278
903.2399902,0.0011,0.00331,0.0088,0.01555,0.33908999,0.0027
903.539978,0.00142,0.00319,0.00937,0.01588,0.357340008,0.00274
903.8499756,0.00168,0.00305,0.00936,0.015470001,0.373899996,0.00288
904.1599731,0.00196,0.00293,0.00942,0.015769999,0.388849974,0.00306
904.460022,0.00175,0.00295,0.00912,0.01564,0.402690023,0.00319
904.7700195,0.00183,0.00309,0.009190001,0.01529,0.413779974,0.00311
905.0700073,0.00195,0.00328,0.00932,0.01543,0.422330022,0.00335
905.3800049,0.00151,0.00321,0.00876,0.01509,0.429339975,0.00292
905.6799927,0.00115,0.00331,0.00829,0.01496,0.434920013,0.00299
905.9899902,0.0007,0.0032,0.008140001,0.015240001,0.438609987,0.00284
906.2999878,0.00033,0.0031,0.008,0.015149999,0.441629976,0.00283
906.5999756,0.00042,0.00299,0.00805,0.01525,0.44235,0.00287
906.9099731,0.00035,0.00307,0.008169999,0.01533,0.442829996,0.00278
907.210022,0.0002,0.00296,0.00807,0.015269999,0.443349987,0.0022
907.5200195,0.00048,0.00313,0.00822,0.01555,0.44242999,0.00273
907.8200073,0.00062,0.00315,0.00852,0.01561,0.44155997,0.0024
908.1300049,0.00052,0.00302,0.00868,0.01544,0.441399992,0.00241
908.4299927,0.00101,0.00309,0.00898,0.01561,0.441170007,0.0025
908.7399902,0.00126,0.00306,0.008880001,0.01574,0.441590011,0.00242
909.039978,0.0012,0.00262,0.00893,0.015900001,0.443390012,0.00252
909.3499756,0.00104,0.00247,0.00902,0.015930001,0.445899993,0.00268
909.6500244,0.00095,0.00235,0.00898,0.01585,0.450709999,0.0026
909.960022,0.00096,0.00227,0.008719999,0.01595,0.457179993,0.00257
910.2600098,0.00127,0.00232,0.00868,0.0164,0.465369999,0.00258
910.5700073,0.00102,0.00259,0.00873,0.016380001,0.476419985,0.00226
910.8699951,0.00079,0.00274,0.00853,0.01615,0.490309983,0.00223
911.1799927,0.00118,0.00301,0.00819,0.016280001,0.506659985,0.00226
911.4799805,0.00162,0.00339,0.00838,0.01688,0.526160002,0.00246
911.789978,0.00194,0.0038,0.00855,0.01757,0.548370004,0.0028
912.0900269,0.00213,0.00396,0.00876,0.017970001,0.572700024,0.00284
912.3900146,0.00176,0.00392,0.00866,0.018339999,0.599099994,0.00278
912.7000122,0.00167,0.00364,0.00863,0.018719999,0.626829982,0.00279
913,0.00144,0.00345,0.00858,0.019029999,0.655770063,0.00273
913.3099976,0.00127,0.00359,0.00883,0.01925,0.684449971,0.00279
913.6099854,0.00072,0.00304,0.00843,0.0189,0.712829947,0.00227
913.9199829,0.00062,0.00253,0.00803,0.018680001,0.739639997,0.00187
914.2199707,0.00011,0.0024,0.00795,0.01874,0.765299976,0.00204
914.5200195,0.00033,0.00272,0.00782,0.018919999,0.789139986,0.00192
914.8300171,0.00064,0.00316,0.00839,0.01969,0.810459971,0.00224
915.1300049,0.00086,0.00308,0.00857,0.02005,0.828779995,0.00206
915.4400024,0.00102,0.00309,0.008690001,0.020889999,0.844250023,0.002
915.7399902,0.00129,0.00323,0.00851,0.02163,0.85728997,0.00219
916.039978,0.00086,0.00276,0.00853,0.02238,0.868280053,0.00183
916.3499756,0.00124,0.00298,0.00866,0.023759998,0.877499998,0.00186
916.6500244,0.00142,0.00303,0.00913,0.024519999,0.884219944,0.00206
916.960022,0.00115,0.00287,0.00839,0.02544,0.890020013,0.00191
917.2600098,0.00106,0.00263,0.00835,0.02702,0.894899964,0.00215
917.5599976,0.00074,0.00233,0.00823,0.028340001,0.899229944,0.00232
917.8699951,0.00071,0.00253,0.00858,0.03039,0.902320027,0.00238
918.1699829,0.00093,0.00315,0.00897,0.032249998,0.904999971,0.00303
918.4699707,0.00086,0.00316,0.00903,0.033940002,0.907099962,0.00307
918.7800293,0.00044,0.00279,0.00861,0.036660001,0.908769965,0.00292
919.0800171,0.00031,0.00244,0.00855,0.039389998,0.910360038,0.00255
919.3800049,0.00044,0.00312,0.008909999,0.04287,0.911620021,0.00284
919.6900024,0.00061,0.00333,0.00889,0.047180001,0.913179994,0.00255
919.9899902,0.00016,0.00291,0.00866,0.052160002,0.915319979,0.00248
920.289978,-0.00011,0.00295,0.00829,0.058430001,0.917570055,0.00184
920.5900269,-0.00013,0.00303,0.0085,0.06577,0.919219971,0.00184
920.9000244,1.00E-05,0.00287,0.00871,0.074550003,0.922500014,0.00185
921.2000122,0.00028,0.00324,0.00903,0.085100003,0.924970031,0.00249
921.5,0.00012,0.00245,0.008909999,0.096870005,0.928929985,0.00216
921.8099976,0.00011,0.00219,0.009,0.110100001,0.931949973,0.00211
922.1099854,0.00088,0.00235,0.00937,0.124770001,0.934680045,0.00224
922.4099731,0.00133,0.00248,0.00995,0.141420007,0.937340021,0.00263
922.710022,0.00105,0.00211,0.009330001,0.15952,0.939989984,0.00252
923.0200195,0.00089,0.00232,0.00934,0.178759992,0.942589998,0.00283
923.3200073,0.00086,0.00251,0.009459999,0.199369997,0.945270002,0.00263
923.6199951,0.00125,0.00291,0.00959,0.220809996,0.946289957,0.00252
923.9199829,0.00113,0.00281,0.0095,0.242740005,0.947570026,0.00241
924.2299805,0.00071,0.00269,0.00923,0.265179992,0.948929965,0.00238
924.5300293,0.00117,0.00268,0.00932,0.287779987,0.950980008,0.00265
924.8300171,0.00174,0.00292,0.00971,0.309780002,0.951920033,0.00278
925.1300049,0.00179,0.0031,0.00989,0.331450015,0.952399969,0.00221
925.4400024,0.00145,0.0024,0.009459999,0.351230025,0.952910006,0.00148
925.7399902,0.00134,0.0028,0.010089999,0.371629983,0.954990029,0.00197
926.039978,0.00173,0.00317,0.010629999,0.390169978,0.957030058,0.00249
926.3400269,0.00207,0.00333,0.0106,0.406990021,0.957850039,0.00206
926.6400146,0.00198,0.0032,0.01039,0.422169983,0.957480013,0.00175
926.9500122,0.00187,0.00304,0.010629999,0.436479986,0.958649993,0.0017
927.25,0.00231,0.00338,0.01074,0.449369997,0.959690034,0.00193
927.5499878,0.00226,0.00366,0.01089,0.46153,0.959879994,0.00224
927.8499756,0.00239,0.00385,0.0105,0.472420007,0.959219992,0.00209
928.1500244,0.00222,0.0036,0.01022,0.484329998,0.960770011,0.00215
928.460022,0.00154,0.00369,0.0105,0.496170014,0.961099982,0.00242
928.7600098,0.00131,0.00383,0.010240001,0.509090006,0.962330043,0.00286
929.0599976,0.0011,0.00437,0.01036,0.522170007,0.961979985,0.00298
929.3599854,0.001,0.0045,0.010650001,0.53670001,0.962369978,0.00322
929.6599731,0.00126,0.00485,0.01123,0.553240001,0.962779999,0.00375
929.960022,0.00033,0.00397,0.010980001,0.570110023,0.963259935,0.00321
930.2600098,-0.00016,0.00373,0.01081,0.588919997,0.961139977,0.00266
930.5700073,0.00054,0.00391,0.01128,0.610620022,0.963060021,0.00347
930.8699951,0.00046,0.0032,0.01153,0.631799996,0.961950004,0.00275
931.1699829,0.00024,0.0024,0.01166,0.656080008,0.963909984,0.00234
931.4699707,3.00E-05,0.0022,0.01163,0.679800034,0.96371001,0.00211
931.7700195,0.00035,0.00209,0.01204,0.703599989,0.963880002,0.00204
932.0700073,0.00125,0.00214,0.01227,0.728259981,0.963479996,0.00238
932.3699951,0.00152,0.00258,0.01279,0.751219988,0.96351999,0.00278
932.6699829,0.00064,0.00185,0.01253,0.771009982,0.961740017,0.00161
932.9699707,0.00051,0.00249,0.01293,0.791790009,0.961790025,0.00153
933.2700195,0.00128,0.0031,0.013350001,0.809469998,0.960699975,0.00203
933.5800171,0.00125,0.00308,0.014090001,0.823980033,0.959329963,0.00215
933.8800049,0.00018,0.00253,0.01343,0.838209987,0.958649993,0.00113
934.1799927,-0.00106,0.00244,0.013710001,0.849629998,0.957969964,0.00099
934.4799805,-0.00119,0.00246,0.01421,0.85977,0.956460059,0.00088
934.7800293,-0.00035,0.00286,0.01516,0.868719995,0.953669965,0.00156
935.0800171,-0.00056,0.00263,0.015420001,0.875140011,0.950920045,0.00142
935.3800049,-0.00169,0.0023,0.01582,0.879999995,0.947080016,0.00097
935.6799927,-0.00199,0.00171,0.01564,0.88815999,0.945609987,0.00058
935.9799805,-0.00124,0.0022,0.01661,0.893160045,0.943729997,0.00192
936.2800293,-8.00E-05,0.00266,0.01767,0.898130059,0.94125998,0.0018
936.5800171,1.00E-04,0.00266,0.018440001,0.902499974,0.939889967,0.00136
936.8800049,-0.0004,0.00237,0.019270001,0.908060014,0.93964994,0.00115
937.1799927,4.00E-05,0.00252,0.021159999,0.913840055,0.938529968,0.00123
937.4799805,0.00039,0.00259,0.02228,0.91900003,0.937919974,0.00136
937.7800293,0.00132,0.0035,0.02427,0.921530008,0.936129987,0.00203
938.0800171,0.00213,0.0034,0.02705,0.925780058,0.934629977,0.00198
938.3800049,0.00232,0.00282,0.029519999,0.929340005,0.93355006,0.00201
938.6799927,0.00271,0.0032,0.032740001,0.934000015,0.933160007,0.00301
938.9799805,0.00301,0.00387,0.035700001,0.936880052,0.931750059,0.00269
939.2800293,0.00289,0.00387,0.03926,0.940080047,0.931659997,0.00335
939.5800171,0.00289,0.00395,0.044120003,0.943669975,0.930519998,0.00331
939.8800049,0.00248,0.00383,0.049029998,0.948080003,0.930609941,0.00322
940.1799927,0.00137,0.00413,0.05486,0.951380014,0.928770006,0.00324
940.4799805,0.00088,0.00538,0.061729997,0.954380035,0.927549958,0.00379
940.7800293,0.00011,0.0049,0.06961,0.95588994,0.924889982,0.00266
941.0800171,0.00046,0.00512,0.078919999,0.959260046,0.923809946,0.0031
941.3800049,0.0006,0.00554,0.089820005,0.961060047,0.921119988,0.00323
941.6799927,0.00124,0.0056,0.101750001,0.962899983,0.920149982,0.00351
941.9799805,0.00191,0.00538,0.116889998,0.964160025,0.918140054,0.00359
942.2700195,0.0025,0.0055,0.133450001,0.966029942,0.917860031,0.00331
942.5700073,0.00237,0.00456,0.151079997,0.96758002,0.916689992,0.00312
942.8699951,0.00303,0.00482,0.171350002,0.969030023,0.915790021,0.00352
943.1699829,0.00309,0.00521,0.194370002,0.969229937,0.915360034,0.0037
943.4699707,0.0025,0.00504,0.217749998,0.970459998,0.914420009,0.00389
943.7700195,0.00192,0.00469,0.243430004,0.971839964,0.913749993,0.00345
944.0700073,0.00116,0.0046,0.26958999,0.972639978,0.912009954,0.003
944.3699951,0.00194,0.00508,0.296819985,0.972369969,0.90970999,0.00342
944.6699829,0.00219,0.0054,0.325950027,0.972269952,0.907979965,0.00278
944.9699707,0.00155,0.00534,0.355019987,0.972819984,0.906930029,0.00242
945.2600098,0.00135,0.00428,0.384080023,0.972730041,0.90546,0.00226
945.5599976,0.0018,0.00507,0.41437,0.972119987,0.906260014,0.00195
945.8599854,0.00176,0.00587,0.444990009,0.971190035,0.906200051,0.00251
946.1599731,0.00185,0.00602,0.475679994,0.969550014,0.90595001,0.00222
946.460022,0.00151,0.00586,0.507270038,0.970290005,0.907429934,0.00196
946.7600098,0.00211,0.00687,0.53817004,0.970830023,0.908799946,0.00271
947.0499878,0.0025,0.00731,0.569289982,0.971880019,0.909489989,0.00266
947.3499756,0.0027,0.00862,0.600400031,0.971090019,0.906830013,0.0032
947.6500244,0.00336,0.00825,0.631640017,0.970960021,0.905360043,0.00329
947.9500122,0.00416,0.00838,0.661350012,0.970449984,0.903490007,0.00333
948.25,0.00413,0.00905,0.690819979,0.97141999,0.902180016,0.00482
948.5499878,0.00377,0.00879,0.717429936,0.970490038,0.898609996,0.00437
948.8400269,0.00403,0.00881,0.744010031,0.969899952,0.893999994,0.00529
949.1400146,0.00402,0.00853,0.76730001,0.966880023,0.888089955,0.00539
949.4400024,0.00338,0.00773,0.789479971,0.968490005,0.883960009,0.00475
949.7399902,0.00276,0.00866,0.808770001,0.969069958,0.876489997,0.00431
950.039978,0.00194,0.008669999,0.826699972,0.97033,0.868960023,0.00427
950.3300171,0.0019,0.00927,0.841799974,0.971660018,0.85927999,0.0039
950.6300049,0.00156,0.010650001,0.853949964,0.971350014,0.847909987,0.00419
950.9299927,0.00055,0.0101,0.864830017,0.971800029,0.835469961,0.00313
951.2299805,-7.00E-05,0.011569999,0.875449955,0.972990036,0.823809981,0.0033
951.5200195,0.00037,0.01345,0.882180035,0.971430004,0.81031996,0.0035
951.8200073,-8.00E-05,0.013689999,0.88865,0.970579982,0.796019971,0.00302
952.1199951,0.00014,0.01501,0.893000007,0.969690025,0.779280007,0.0027
952.4199829,0.00036,0.0162,0.896499991,0.968720019,0.763300002,0.00249
952.710022,0.00065,0.018170001,0.902570009,0.969599962,0.748340011,0.00326
953.0100098,0.00038,0.021029999,0.904999971,0.970589995,0.732819974,0.00342
953.3099976,0.0017,0.02369,0.907730043,0.971800029,0.71517998,0.00387
953.6099854,0.00185,0.026240001,0.910549998,0.971839964,0.697009981,0.00418
953.9000244,0.00194,0.029170001,0.912930012,0.970569968,0.679240048,0.00512
954.2000122,0.00256,0.033670001,0.914779961,0.969709992,0.661130011,0.0053
954.5,0.00291,0.039019998,0.917850018,0.969060004,0.643469989,0.0056
954.789978,0.0025,0.043369997,0.919100046,0.967880011,0.624010026,0.00459
955.0900269,0.00218,0.049520001,0.922860026,0.96588999,0.604439974,0.00494
955.3900146,0.00172,0.056479998,0.924570024,0.96419996,0.585600019,0.00488
955.6799927,0.00201,0.064460002,0.928440034,0.963539958,0.567039967,0.0055
955.9799805,0.00202,0.07564,0.932880044,0.96510005,0.548209965,0.00561
956.2800293,0.00164,0.087419994,0.93848002,0.965199947,0.529760003,0.00647
956.5700073,0.00208,0.10035,0.942470014,0.964489996,0.510609984,0.00654
956.8699951,0.003,0.116610005,0.946529984,0.963069975,0.490929991,0.00751
957.1699829,0.00465,0.135869995,0.950920045,0.962249994,0.472719997,0.0078
957.460022,0.00562,0.157140002,0.953949988,0.959820032,0.453170002,0.00825
957.7600098,0.00575,0.181580007,0.957949996,0.958490014,0.432900012,0.00816
958.0599976,0.00676,0.209570006,0.961169958,0.956820011,0.414199978,0.00861
958.3499756,0.00642,0.238600001,0.962669969,0.952689946,0.394280016,0.0088
958.6500244,0.00582,0.271290004,0.965460002,0.950189948,0.37462002,0.00875
958.9500122,0.00542,0.307850003,0.968890011,0.94957,0.35631001,0.0086
959.2399902,0.00486,0.347169995,0.97089994,0.947300017,0.33713001,0.00982
959.539978,0.00408,0.388119996,0.974219978,0.94652003,0.319139987,0.011569999
959.8300171,0.00373,0.431689978,0.975640059,0.946330011,0.302639991,0.01128
960.1300049,0.00357,0.474480033,0.975569963,0.94551003,0.285569996,0.01155
960.4299927,0.0046,0.519309998,0.977349997,0.945529997,0.267959982,0.01224
960.7199707,0.00633,0.563899994,0.977990031,0.945540011,0.251670003,0.01403
961.0200195,0.00655,0.60661,0.977730036,0.946029961,0.235939994,0.01574
961.3099976,0.00833,0.645439982,0.978779972,0.947180033,0.220709994,0.016900001
961.6099854,0.008859999,0.684479952,0.979039967,0.947180033,0.206039995,0.017510001
961.9000244,0.01049,0.719439983,0.979940057,0.947220027,0.192469999,0.02104
962.2000122,0.01125,0.75158,0.98089999,0.945670009,0.178849995,0.02397
962.5,0.01314,0.781780005,0.982249975,0.947610021,0.169069991,0.027869999
962.789978,0.01301,0.807610035,0.982119977,0.946669996,0.157350004,0.031240001
963.0900269,0.014359999,0.829150021,0.981519997,0.944459975,0.145909995,0.034930002
963.3800049,0.013739999,0.84780997,0.978919983,0.942929983,0.135020003,0.03782
963.6799927,0.01476,0.863509953,0.978679955,0.941179991,0.124560006,0.042569999
963.9699707,0.01612,0.878639996,0.977570057,0.940370023,0.114560001,0.047770001
964.2700195,0.01949,0.889599979,0.976700008,0.939660013,0.106730007,0.05587
964.5599976,0.021459999,0.89902997,0.975879967,0.939089954,0.096610002,0.063220002
964.8599854,0.024149999,0.904990017,0.975090027,0.939110041,0.088929996,0.072439998
965.1500244,0.027860001,0.910210013,0.975070059,0.938470006,0.082180001,0.083459996
965.4500122,0.03224,0.915500045,0.975790024,0.937419951,0.076690003,0.098439999
965.7399902,0.037019998,0.918079972,0.975719988,0.93671,0.072169997,0.115620002
966.039978,0.041750003,0.917870045,0.974499941,0.933970034,0.066989996,0.134739995
966.3300171,0.045919999,0.918730021,0.973529994,0.933910012,0.06103,0.157049999
966.6300049,0.0515,0.918970048,0.971689999,0.933119953,0.056880001,0.183219999
966.9199829,0.058630001,0.92185998,0.974059999,0.934319973,0.052049998,0.213579997
967.2199707,0.065279998,0.923820019,0.974700034,0.936389983,0.048,0.24801001
967.5100098,0.075369999,0.924110055,0.975199938,0.938310027,0.045370001,0.285629988
967.8099976,0.086750001,0.924840033,0.975319982,0.941229999,0.042010002,0.326130003
968.0999756,0.099250004,0.926299989,0.976620018,0.945410013,0.038490001,0.370740026
968.4000244,0.113240004,0.928740025,0.978349984,0.946669996,0.035580002,0.414420009
968.6900024,0.129930004,0.930670023,0.979860008,0.94731003,0.032560002,0.459600002
968.9799805,0.148090005,0.930879951,0.977339983,0.945899963,0.031289998,0.506910026
969.2800293,0.170560002,0.931500018,0.975279987,0.94273001,0.03001,0.552070022
969.5700073,0.194299996,0.93404001,0.974030018,0.941650033,0.025710002,0.597900033
969.8699951,0.222230002,0.93918997,0.973280013,0.93878001,0.02293,0.640660048
970.1599731,0.252810001,0.940319955,0.971350014,0.933669984,0.022390001,0.679929972
970.460022,0.285809994,0.941929996,0.969889998,0.928610027,0.019640001,0.717260003
970.75,0.323310018,0.945739985,0.970560014,0.926770031,0.01932,0.752699971
971.039978,0.364309996,0.947170019,0.970800042,0.921200037,0.017589999,0.782990038
971.3400269,0.406029999,0.94915998,0.969179988,0.913789988,0.017339999,0.811060011
971.6300049,0.451799989,0.953499973,0.969280005,0.907330036,0.01867,0.834089994
971.9299927,0.496710002,0.954390049,0.969779968,0.901039958,0.01833,0.855149984
972.2199707,0.541960001,0.959670007,0.968809962,0.894400001,0.017829999,0.872979939
972.5100098,0.587440014,0.962009966,0.96916002,0.885039985,0.01761,0.887789965
972.8099976,0.629140019,0.962630033,0.967139959,0.872099996,0.01705,0.899999976
973.0999756,0.669380009,0.966130018,0.965839982,0.859300017,0.017100001,0.908639967
973.3900146,0.709130049,0.969590008,0.966449976,0.846930027,0.01595,0.916309953
973.6900024,0.742049992,0.970210016,0.965920031,0.831330061,0.01343,0.921910048
973.9799805,0.77275002,0.972050011,0.963999987,0.813430011,0.012619999,0.924759984
974.2700195,0.801900029,0.972779989,0.966390014,0.796439946,0.01179,0.927109957
974.5700073,0.826520026,0.973049998,0.964830041,0.780420005,0.011729999,0.928949952
974.8599854,0.847500026,0.974509954,0.964299977,0.762380004,0.01191,0.92888999
975.1500244,0.866699994,0.976109982,0.965070009,0.74248004,0.01035,0.930249989
975.4500122,0.882610023,0.975049973,0.966250002,0.723739982,0.01163,0.928809941
975.7399902,0.895749986,0.974970043,0.966149986,0.702080011,0.011059999,0.927860022
976.0300293,0.907090008,0.97457999,0.965299964,0.681210041,0.012460001,0.930530012
976.3300171,0.913700044,0.972669959,0.959969997,0.655920029,0.0117,0.93057996
976.6199951,0.920070052,0.971880019,0.956929982,0.63173002,0.01198,0.930240035
976.9099731,0.925579965,0.970889986,0.953150034,0.605890036,0.009980001,0.929870009
977.210022,0.928809941,0.967610002,0.949980021,0.584519982,0.01118,0.930759966
977.5,0.933369994,0.968990028,0.94836998,0.560069978,0.008690001,0.93453002
977.789978,0.935589969,0.968320012,0.943430007,0.536339998,0.00847,0.935650051
978.0800171,0.938649952,0.968630016,0.944670022,0.513689995,0.00699,0.936010003
978.3800049,0.941489995,0.973170042,0.947799981,0.489739984,0.00559,0.938239992
978.6699829,0.943099976,0.975130022,0.949859977,0.466339976,0.0043,0.942380011
978.960022,0.942689955,0.97416997,0.949140012,0.442220002,0.0057,0.944050014
979.25,0.944589972,0.976060033,0.950520039,0.419220001,0.00329,0.946500003
979.5499878,0.943350017,0.976169944,0.950240016,0.397570014,0.00384,0.949250042
979.8400269,0.944429994,0.978070021,0.951929986,0.375620008,0.00588,0.953620017
980.1300049,0.944550037,0.979460001,0.949209988,0.352510005,0.00389,0.955879986
980.4199829,0.946229994,0.975510001,0.946989954,0.333050013,0.00509,0.959089994
980.710022,0.946269989,0.973710001,0.943259954,0.312629998,0.00645,0.960399985
981.0100098,0.949789941,0.975309968,0.947399974,0.294120014,0.00617,0.964609981
981.2999878,0.950259984,0.977109969,0.945100009,0.273189992,0.00722,0.966169953
981.5900269,0.952610016,0.977259994,0.945309997,0.254900008,0.00818,0.968379974
981.8800049,0.952220023,0.973399937,0.942939997,0.236340001,0.00666,0.967710018
982.1799927,0.954530001,0.971070051,0.945899963,0.219640002,0.00815,0.970860004
982.4699707,0.956220031,0.970790029,0.946969986,0.201839998,0.00386,0.971080005
982.7600098,0.958199978,0.970939994,0.948629975,0.187759995,0.0032,0.970979989
983.0499878,0.958990037,0.970430017,0.945140004,0.174459994,0.00478,0.970809996
983.3400269,0.962469995,0.97130996,0.946510017,0.164020002,0.00635,0.97025001
983.6300049,0.962539971,0.970669985,0.944299996,0.149169996,0.00401,0.967220008
983.9299927,0.965009987,0.971729994,0.946179986,0.138360009,0.00585,0.966610014
984.2199707,0.963830054,0.969630003,0.944289982,0.126969993,0.00429,0.963249981
984.5100098,0.963789999,0.968160033,0.945010006,0.11761,0.00945,0.962960005
984.7999878,0.967460036,0.969439983,0.945299983,0.10627,0.00901,0.964760005
985.0900269,0.968069971,0.968840003,0.947180033,0.095940001,0.00749,0.965309978
985.3800049,0.968169987,0.966429949,0.948499978,0.085340001,0.00511,0.966260016
985.6699829,0.967499971,0.963420033,0.948469996,0.07818,0.00752,0.96480006
985.960022,0.970920026,0.964789987,0.951890051,0.069109999,0.00487,0.966620028
986.2600098,0.97093004,0.967480004,0.950049996,0.064750001,0.00675,0.967720032
986.5499878,0.970269978,0.968569994,0.949229956,0.059780002,0.00418,0.967850029
986.8400269,0.970059991,0.966930032,0.949029982,0.05641,0.00356,0.967699945
987.1300049,0.971770048,0.965080023,0.947539985,0.053890001,0.00073,0.96724999
987.4199829,0.971480012,0.964860022,0.94581002,0.051999997,0.00219,0.967190027
987.710022,0.97232002,0.964730024,0.946969986,0.04998,-0.00189,0.968799949
988,0.97052002,0.963169992,0.944130003,0.048660003,-0.00142,0.968669951
988.289978,0.972119987,0.959850013,0.944329977,0.044860002,-0.00146,0.969850004
988.5800171,0.973389983,0.959520042,0.942990065,0.042179998,0.00018,0.969800055
988.8699951,0.97232002,0.959190011,0.942979991,0.038589999,-1.00E-05,0.968779981
989.1599731,0.970409989,0.958850026,0.942720056,0.03607,0.00172,0.965110004
989.460022,0.969280005,0.95709002,0.942710042,0.03229,-0.00056,0.965530038
989.75,0.969499946,0.958389997,0.944020033,0.032820001,0.00315,0.96766001
990.039978,0.968580008,0.956859946,0.94472003,0.032850001,0.00436,0.965630054
990.3300171,0.967379987,0.955039978,0.943040013,0.031939998,0.00563,0.963209987
990.6199951,0.967190027,0.95382005,0.941810012,0.030400001,0.00619,0.961780012
990.9099731,0.96706003,0.953379989,0.942939997,0.030710001,0.007879999,0.961839974
991.2000122,0.968899965,0.952829957,0.940550029,0.02891,0.01048,0.963999987
991.4899902,0.968430042,0.951330006,0.935589969,0.030720001,0.01046,0.961090028
991.7800293,0.967930019,0.949660063,0.929219961,0.02806,0.00972,0.960790038
992.0700073,0.96924001,0.949769974,0.923370004,0.027170001,0.011419999,0.961630046
992.3599854,0.971689999,0.951699972,0.918600023,0.02822,0.01042,0.961890042
992.6500244,0.971080005,0.952480018,0.911130011,0.029610001,0.01158,0.96303004
992.9400024,0.972310007,0.951890051,0.90012002,0.028010001,0.01174,0.963280022
993.2299805,0.970490038,0.95115,0.887769997,0.02706,0.00669,0.964749992
993.5200195,0.970739961,0.952069998,0.875719965,0.02427,0.00491,0.96578002
993.8099976,0.970839977,0.952979982,0.862879992,0.0218,0.0043,0.965390027
994.0999756,0.969369948,0.952570021,0.848270059,0.019619999,0.00094,0.966120005
994.3900146,0.966539979,0.951790035,0.829369962,0.0165,0.00047,0.967099965
994.6799927,0.965020001,0.950299978,0.808259964,0.01284,-0.00275,0.96686995
994.960022,0.962090015,0.949670017,0.784919977,0.01324,-0.00134,0.965800047
995.25,0.96103996,0.946419954,0.76444,0.01388,0.00254,0.964219987
995.539978,0.958010018,0.942369998,0.740649998,0.0156,0.00727,0.961600065
995.8300171,0.956579983,0.938359976,0.716130018,0.0197,0.009,0.958039999
996.1199951,0.958960056,0.93629998,0.690129995,0.019960001,0.01021,0.958299994
996.4099731,0.959329963,0.93809998,0.661039948,0.020550001,0.011369999,0.957450032
996.7000122,0.963629961,0.93690002,0.635940015,0.019859999,0.012460001,0.958609998
996.9899902,0.965879977,0.936969995,0.608030021,0.019090001,0.01071,0.95649004
997.2800293,0.965729952,0.939019978,0.582010031,0.020580001,0.0112,0.958220005
997.5700073,0.971249998,0.942640007,0.553059995,0.01808,0.00852,0.964150012
997.8599854,0.970409989,0.943289995,0.521990001,0.01359,0.00773,0.964060009
998.1500244,0.964439988,0.943910003,0.490960002,0.0126,0.008880001,0.958450019
998.4299927,0.959059954,0.939719975,0.465559989,0.01223,0.0076,0.955199957
998.7199707,0.956729949,0.940589964,0.439480007,0.01694,0.00761,0.95371002
999.0100098,0.955169976,0.940920055,0.411090016,0.01792,0.00582,0.955749989
999.2999878,0.954599977,0.943840027,0.378769994,0.016310001,0.00404,0.950619936
999.5900269,0.949980021,0.941859961,0.352789998,0.017549999,0.00347,0.947149992
999.8800049,0.950390041,0.941399992,0.326119989,0.01846,0.00132,0.948740005
1000.169983,0.95449996,0.939329982,0.301869988,0.02125,0.0022,0.946039975
1000.450012,0.959590018,0.942399979,0.276630014,0.02313,0.00214,0.949789941
1000.73999,0.956250012,0.940840006,0.252020001,0.022160001,0.00339,0.946750045
1001.030029,0.957350016,0.94332999,0.233479992,0.020369999,0.00361,0.949089944
1001.320007,0.956099987,0.939610004,0.214719996,0.021659998,0.00432,0.950399995
1001.609985,0.954759955,0.939359963,0.196299985,0.02142,0.00792,0.945179999
1001.900024,0.957419991,0.941890001,0.177080005,0.021189999,0.0099,0.944789946
1002.179993,0.957669973,0.946799994,0.162880003,0.02194,0.00881,0.952959955
1002.469971,0.954919994,0.944240034,0.14729999,0.022809999,0.013459999,0.950749993
1002.76001,0.955420017,0.943939984,0.133919999,0.02056,0.01092,0.954429984
1003.049988,0.949180007,0.936480045,0.122279994,0.021659998,0.01264,0.948109984
1003.340027,0.947170019,0.93554002,0.110890001,0.0219,0.01314,0.94799006
1003.619995,0.946510017,0.932030022,0.0995,0.020450002,0.01438,0.949699998
1003.909973,0.944550037,0.928440034,0.092,0.021849999,0.01219,0.946740031
1004.200012,0.940070033,0.920019984,0.08089,0.01905,0.01159,0.940589964
1004.48999,0.943069994,0.919380009,0.07305,0.017829999,0.00719,0.93761003
1004.77002,0.943679988,0.919049978,0.065880001,0.017000001,0.00949,0.930479944
1005.059998,0.947160006,0.921989977,0.057189997,0.015700001,0.011089999,0.9296
1005.349976,0.950980008,0.923010051,0.051380001,0.01344,0.01222,0.928059995
1005.640015,0.952109993,0.927259982,0.050689999,0.015690001,0.01209,0.929089963
1005.919983,0.950179994,0.928519964,0.044020001,0.01268,0.01076,0.930310011
1006.210022,0.947239995,0.93137002,0.037160002,0.0088,0.00934,0.930230021
1006.5,0.938270032,0.929400027,0.037019998,0.00823,0.00932,0.925679982
1006.789978,0.93471998,0.930830002,0.030959999,0.01066,0.00882,0.928460002
1007.070007,0.92941004,0.929049969,0.03021,0.011039999,0.00702,0.924250007
1007.359985,0.930210054,0.929639995,0.027939999,0.01013,0.00443,0.921610057
1007.650024,0.927900016,0.922490001,0.021879999,0.010629999,0.00377,0.917139947
1007.929993,0.925270021,0.913929999,0.024839999,0.016239999,0.00796,0.911760032
1008.219971,0.928240001,0.910239995,0.02299,0.019019999,0.00545,0.91189003
1008.51001,0.931129992,0.904219985,0.017690001,0.01969,0.00671,0.918870032
1008.799988,0.93234998,0.89369005,0.01926,0.021300001,0.0099,0.919909954
1009.080017,0.930419981,0.879339993,0.01857,0.025699999,0.01191,0.921500027
1009.369995,0.922160029,0.862259984,0.01591,0.02623,0.01439,0.920059979
1009.659973,0.922259986,0.846939981,0.015759999,0.024970001,0.015420001,0.92057997
1009.940002,0.926530004,0.834029973,0.011820001,0.019950001,0.017510001,0.924279988
1010.22998,0.925940037,0.808889985,0.01747,0.024330001,0.02495,0.928860009
1010.52002,0.928719997,0.785709977,0.02083,0.02234,0.024530001,0.925230026
1010.799988,0.921500027,0.761330009,0.01939,0.01798,0.021429999,0.920589983
1011.090027,0.926320016,0.73605001,0.018860001,0.01367,0.02121,0.919550002
1011.369995,0.927180052,0.702809989,0.02276,0.01321,0.02101,0.917900026
1011.659973,0.931400001,0.678049982,0.023399999,0.01543,0.019609999,0.921959996
1011.950012,0.929879963,0.644020021,0.02902,0.01856,0.020510001,0.918960035
1012.22998,0.920379996,0.61480999,0.027379999,0.018229999,0.020569999,0.909879982
1012.52002,0.913980007,0.582840025,0.027479999,0.020280002,0.02211,0.90643996
1012.799988,0.919250011,0.547829986,0.03128,0.026010001,0.02578,0.90496999
1013.090027,0.913010001,0.510110021,0.02861,0.025320001,0.021640001,0.904779971
1013.380005,0.915380001,0.478909999,0.024669999,0.02454,0.017439999,0.903079987
1013.659973,0.911729991,0.440019995,0.023159999,0.028030001,0.01678,0.901890039
1013.950012,0.908760011,0.408370018,0.016869999,0.029309999,0.00978,0.902520001
1014.22998,0.912009954,0.37270999,0.014570001,0.027379999,0.00624,0.902829945
1014.52002,0.914509952,0.336980015,0.01283,0.02399,0.00286,0.901350021
1014.809998,0.908069968,0.304250002,0.00463,0.019330001,-0.00352,0.902009964
1015.090027,0.909369946,0.276899993,0.00618,0.021289999,0.00163,0.901289999
1015.380005,0.910579979,0.252149999,0.00915,0.02523,0.00772,0.906109989
1015.659973,0.905730009,0.226669997,0.00721,0.018580001,0.00563,0.901560009
1015.950012,0.907320023,0.204780012,0.010629999,0.019170001,0.01317,0.900630057
1016.22998,0.907509983,0.187479988,0.01058,0.019440001,0.01664,0.90546
1016.52002,0.908519983,0.167099997,0.00314,0.01678,0.016970001,0.90843004
1016.799988,0.910300016,0.150600001,0.0043,0.01455,0.022130001,0.901829958
1017.090027,0.911019981,0.133970007,-0.0011,0.01123,0.022119999,0.898339987
1017.369995,0.905539989,0.119759999,-0.00792,0.00211,0.016929999,0.895770013
1017.659973,0.904940009,0.108339995,-0.00443,-0.00071,0.024019999,0.89064002
1017.940002,0.898099959,0.087370008,-0.01249,-0.00777,0.018550001,0.880789995
1018.22998,0.896179974,0.073639996,-0.01476,-0.00602,0.015620001,0.868589997
1018.51001,0.892419994,0.068020001,-0.00594,-0.00167,0.020850001,0.856490016
1018.799988,0.891099989,0.0581,-0.00481,0.00066,0.01952,0.849680007
1019.080017,0.887450039,0.054130003,0.00407,0.00153,0.02063,0.841589987
1019.369995,0.888379991,0.044089999,0.00861,0.0053,0.026900001,0.823310018
1019.650024,0.883679986,0.04005,0.01012,0.010240001,0.027939999,0.808560014
1019.940002,0.884720027,0.043400001,0.01646,0.01456,0.03215,0.786809981
1020.219971,0.88628,0.041639999,0.02248,0.01365,0.035780001,0.755280018
1020.51001,0.8829,0.032329999,0.02252,0.01309,0.03122,0.728799999
1020.789978,0.881750047,0.03559,0.029860001,0.015930001,0.034469999,0.702600002
1021.080017,0.880930007,0.028269999,0.025690001,0.01513,0.03145,0.667930007
1021.359985,0.873809993,0.02503,0.027409999,0.019160001,0.033210002,0.635140002
1021.640015,0.876309991,0.025840001,0.030230001,0.023800001,0.032269999,0.599189997
1021.929993,0.864250004,0.0207,0.02496,0.02368,0.033130001,0.563830018
1022.210022,0.852839947,0.01543,0.014500001,0.020550001,0.03308,0.535969973
1022.5,0.843820035,0.016480001,0.00724,0.020989999,0.037160002,0.507739961
1022.780029,0.809520006,0.00811,-0.03004,0.01097,0.034400001,0.436529994
1023.070007,0.809520006,0.00811,-0.03004,0.01097,0.034400001,0.436529994
1023.349976,0.809520006,0.00811,-0.03004,0.01097,0.034400001,0.436529994
1025,0,0,0,0,0,0
1099,0,0,0,0,0,0