AUPE,0,0,0,0,0,0
WAC,0,0,0,0,0,0
VIS,0,0,0,0,0,0
750,0,0,0,0,0,0
260,0,0,0,0,0,0
nm,0,0,0,0,0,0
Angular Dependence,0,0,0,0,0,0
Wavelengths,0,8,16,24,32,40
360.1499939,-0.01119,-0.404940009,-0.509959996,-0.650899947,-0.721939981,-0.087169997
360.519989,-0.022669999,-0.390919983,-0.499240011,-0.642860055,-0.734690011,-0.108539999
360.8999939,0.00602,-0.360740006,-0.473800004,-0.592639983,-0.704219997,-0.100589998
361.269989,0.01054,-0.359939992,-0.481279969,-0.577910006,-0.694079995,-0.105740003
361.6499939,0.0138,-0.348829985,-0.459869981,-0.582289994,-0.680840015,-0.10892
362.019989,0.030099999,-0.334809989,-0.432300001,-0.553799987,-0.635779977,-0.10774
362.3999939,0.027939999,-0.357969999,-0.431339979,-0.544719994,-0.617039979,-0.120290004
362.769989,0.025810001,-0.351119995,-0.433339983,-0.533250034,-0.615869999,-0.124650002
363.1499939,0.025139999,-0.330169976,-0.425980002,-0.503750026,-0.582639992,-0.101739995
363.519989,0.016829999,-0.323419988,-0.417589992,-0.49950999,-0.541159987,-0.103890002
363.8999939,0.00476,-0.292089999,-0.416339993,-0.503419995,-0.540089965,-0.103090003
364.269989,-0.00015,-0.291999996,-0.42535001,-0.470620006,-0.535530031,-0.100000001
364.6400146,-0.026619999,-0.291070014,-0.439440012,-0.492830008,-0.558340013,-0.103859998
365.019989,-0.03105,-0.29558,-0.414970011,-0.488069981,-0.55667001,-0.111699998
365.3900146,-0.043520004,-0.303180009,-0.399889976,-0.492960006,-0.560310006,-0.105870001
365.769989,-0.052210003,-0.311959982,-0.403270006,-0.496679991,-0.570439994,-0.114659995
366.1400146,-0.047540002,-0.286960006,-0.378720015,-0.477480024,-0.57415998,-0.099139996
366.519989,-0.045370001,-0.273400009,-0.333130002,-0.448279977,-0.518140018,-0.092900001
366.8900146,-0.034230001,-0.24025999,-0.300680012,-0.417439997,-0.489350021,-0.073810004
367.2600098,-0.01602,-0.226070002,-0.28757,-0.375220001,-0.445360005,-0.058480002
367.6400146,-0.01001,-0.20126,-0.289970011,-0.367579997,-0.424380004,-0.043219998
368.0100098,0.00394,-0.185629994,-0.287259996,-0.333660007,-0.397439986,-0.034449998
368.3900146,0.017619999,-0.172619998,-0.276189983,-0.311550021,-0.378709972,-0.03105
368.7600098,0.00976,-0.184410006,-0.276309997,-0.307619989,-0.367249995,-0.035730001
369.1300049,0.01184,-0.20051001,-0.281019986,-0.301889986,-0.369329989,-0.038570002
369.5100098,0.00482,-0.19912,-0.271389991,-0.299129993,-0.346240014,-0.039500002
369.8800049,0.00107,-0.19201,-0.260960013,-0.292250007,-0.350639999,-0.047109999
370.25,-0.00288,-0.18919,-0.243340001,-0.276069999,-0.34443,-0.04778
370.6300049,-0.00762,-0.186779991,-0.247549996,-0.27798,-0.341049999,-0.051830001
371,-0.01722,-0.189050004,-0.248150006,-0.291830003,-0.337830007,-0.060170002
371.3800049,-0.01595,-0.199209988,-0.260439992,-0.296880007,-0.352120012,-0.064899996
371.75,-0.018850001,-0.186679989,-0.25624001,-0.294190019,-0.342700005,-0.0634
372.1199951,-0.01112,-0.178419992,-0.24304001,-0.27790001,-0.334869981,-0.058639999
372.5,-0.012610001,-0.175559998,-0.243200004,-0.275519997,-0.320199996,-0.054559998
372.8699951,-0.01206,-0.173479989,-0.247960001,-0.272859991,-0.317739993,-0.05796
373.2399902,-0.01657,-0.167520002,-0.231800005,-0.267210007,-0.308230013,-0.0581
373.6199951,-0.00527,-0.153119996,-0.198169991,-0.246010005,-0.286080003,-0.041310001
373.9899902,-0.00539,-0.136539996,-0.177990004,-0.23624,-0.262789994,-0.036510002
374.3599854,-0.00194,-0.129079998,-0.175180003,-0.228460014,-0.265809983,-0.043420002
374.7399902,-0.00147,-0.128079996,-0.171210006,-0.225659996,-0.256900012,-0.045060001
375.1099854,-0.008,-0.125170007,-0.160630003,-0.220720008,-0.260540009,-0.048070002
375.480011,-0.00158,-0.121600002,-0.154440001,-0.217050001,-0.251639992,-0.04329
375.8599854,0.00895,-0.114759997,-0.140430003,-0.204029992,-0.23943001,-0.036400001
376.230011,0.01191,-0.10486,-0.139310002,-0.1919,-0.222439989,-0.038429998
376.6000061,0.01541,-0.098479994,-0.132809997,-0.186110005,-0.214489996,-0.03774
376.980011,0.01156,-0.097270004,-0.123000003,-0.181979999,-0.201499999,-0.031570002
377.3500061,0.011080001,-0.093100004,-0.119209997,-0.183190003,-0.203929991,-0.031350002
377.7200012,0.017200001,-0.085530005,-0.109910004,-0.172810003,-0.191089988,-0.022460001
378.1000061,0.015769999,-0.08495,-0.107299998,-0.169090003,-0.182029992,-0.0184
378.4700012,0.01249,-0.087980002,-0.105389997,-0.170589998,-0.177630007,-0.019550001
378.8399963,0.009459999,-0.088719994,-0.110519998,-0.175420001,-0.186329991,-0.021429999
379.2200012,0.00682,-0.098140001,-0.11733,-0.169669986,-0.189209998,-0.023670001
379.5899963,0.013350001,-0.090989999,-0.111590005,-0.160219997,-0.180330008,-0.02053
379.9599915,0.00992,-0.093500003,-0.11564,-0.154829994,-0.169510007,-0.02155
380.3299866,0.00985,-0.099300005,-0.121079996,-0.155159995,-0.164279997,-0.021749999
380.7099915,0.00778,-0.093430005,-0.117919996,-0.154440001,-0.163349986,-0.02839
381.0799866,0.00994,-0.087099999,-0.117880002,-0.15027,-0.157360002,-0.0294
381.4500122,0.00813,-0.090790004,-0.117200002,-0.140790001,-0.150010005,-0.028239999
381.8299866,0.00485,-0.084370002,-0.114870004,-0.139699996,-0.143830001,-0.024560001
382.2000122,-0.00068,-0.090700001,-0.116250001,-0.14237,-0.140290007,-0.02248
382.5700073,0.00204,-0.086070001,-0.107180007,-0.140279993,-0.138129994,-0.021910001
382.9400024,0.00145,-0.07863,-0.100860007,-0.133939996,-0.133389995,-0.02379
383.3200073,0.00169,-0.073880002,-0.096140005,-0.125239998,-0.127749994,-0.01939
383.6900024,0.00051,-0.069959998,-0.093079999,-0.119119994,-0.125670001,-0.013259999
384.0599976,0.00093,-0.067319997,-0.084169999,-0.11857,-0.122729994,-0.01059
384.4299927,0.01239,-0.056560002,-0.067790002,-0.104370005,-0.112180002,-0.00409
384.8099976,0.017890001,-0.04772,-0.068439998,-0.094989993,-0.106459998,-0.00148
385.1799927,0.019540001,-0.040270001,-0.062660001,-0.086560003,-0.10238,-0.0004
385.5499878,0.023490001,-0.03929,-0.05804,-0.081409998,-0.0942,0.00366
385.9200134,0.02318,-0.040920001,-0.054569997,-0.077629998,-0.087990001,0.00564
386.2999878,0.025810001,-0.0394,-0.047049999,-0.072159998,-0.080849998,0.00617
386.6700134,0.026550001,-0.035879999,-0.0506,-0.068889998,-0.076690003,0.00514
387.0400085,0.022980001,-0.034079999,-0.049180001,-0.063299999,-0.070149995,0.0035
387.4100037,0.016799999,-0.036170002,-0.048520003,-0.063379996,-0.07226,-0.00151
387.7799988,0.02042,-0.037269998,-0.046869997,-0.05652,-0.065070003,0.00089
388.1600037,0.018919999,-0.03356,-0.043430001,-0.052020002,-0.064549997,0.00341
388.5299988,0.01715,-0.02822,-0.04394,-0.049120001,-0.06538,0.00095
388.8999939,0.017729999,-0.027650001,-0.043219998,-0.047249999,-0.0612,-0.00159
389.269989,0.019479999,-0.027039999,-0.034469999,-0.042129997,-0.051409997,0.0008
389.6499939,0.01987,-0.027729999,-0.038660001,-0.044260003,-0.052210003,0.00022
390.019989,0.02668,-0.02101,-0.03004,-0.036970001,-0.03951,0.00534
390.3900146,0.026659999,-0.019069999,-0.02606,-0.034510002,-0.03241,0.00593
390.7600098,0.024970001,-0.02014,-0.028250001,-0.035190001,-0.02963,0.00284
391.1300049,0.02627,-0.021089999,-0.026419999,-0.033,-0.024669999,0.0027
391.5,0.025810001,-0.018860001,-0.025050001,-0.03076,-0.01887,0.00457
391.8800049,0.02172,-0.017729999,-0.02727,-0.02994,-0.01887,0.00303
392.25,0.022460001,-0.01708,-0.022700001,-0.02733,-0.011390001,0.00408
392.6199951,0.01685,-0.02224,-0.025320001,-0.030789999,-0.01202,-0.00339
392.9899902,0.0139,-0.022969998,-0.026010001,-0.031500001,-0.01054,-0.00232
393.3599854,0.0154,-0.021679999,-0.02011,-0.026789999,-0.00562,-0.00143
393.730011,0.01809,-0.01976,-0.016170001,-0.021270001,0.00282,0.00343
394.1099854,0.019450001,-0.01771,-0.01517,-0.01935,0.00586,0.00388
394.480011,0.02221,-0.01712,-0.013739999,-0.018229999,0.01033,0.00324
394.8500061,0.021259999,-0.01819,-0.01427,-0.019170001,0.01487,0.003
395.2200012,0.027109999,-0.01205,-0.01045,-0.01322,0.02369,0.012359999
395.5899963,0.027620001,-0.00993,-0.00894,-0.011779999,0.0287,0.01313
395.9599915,0.028180001,-0.010989999,-0.01,-0.01102,0.035920002,0.01301
396.3299866,0.028480001,-0.0109,-0.00955,-0.01049,0.041869998,0.01051
396.7099915,0.027179999,-0.0117,-0.00813,-0.0082,0.047789998,0.01118
397.0799866,0.030959999,-0.00633,-0.00508,0.00128,0.05627,0.01564
397.4500122,0.03241,-1.00E-04,-0.00175,0.011460001,0.067930005,0.01678
397.8200073,0.03111,3.00E-05,0.00033,0.01722,0.075219996,0.01581
398.1900024,0.03088,0.00077,0.00189,0.024530001,0.087629996,0.015369999
398.5599976,0.032390002,0.00314,0.00401,0.03379,0.10306,0.01715
398.9299927,0.03345,0.00698,0.00544,0.042800002,0.119610004,0.01761
399.2999878,0.03565,0.00912,0.00835,0.055489998,0.14102,0.01791
399.6799927,0.032930002,0.008690001,0.00923,0.061160002,0.164529994,0.018099999
400.0499878,0.03283,0.00763,0.00895,0.069839999,0.191369995,0.01932
400.4200134,0.031649999,0.00725,0.00808,0.078560002,0.224769995,0.019440001
400.7900085,0.03466,0.00939,0.00915,0.091529995,0.264950007,0.02125
401.1600037,0.033289999,0.01224,0.01097,0.100699998,0.312509984,0.01969
401.5299988,0.03506,0.01253,0.013890001,0.112700008,0.365539998,0.02125
401.8999939,0.036679998,0.01469,0.01691,0.12393,0.423720002,0.025359999
402.269989,0.038110003,0.014040001,0.0207,0.13869001,0.488279998,0.027039999
402.6400146,0.03884,0.01534,0.026450001,0.151020005,0.553230047,0.029189998
403.0100098,0.041189998,0.017510001,0.034560002,0.165140003,0.617150009,0.032309998
403.3800049,0.041609999,0.01836,0.04205,0.177670002,0.673319995,0.034219999
403.75,0.045100003,0.01974,0.051620003,0.193949997,0.717699945,0.038720001
404.1199951,0.046479996,0.022609999,0.062880002,0.212250009,0.754089952,0.041589998
404.5,0.047309998,0.02369,0.074069999,0.230459988,0.780139983,0.04109
404.8699951,0.050069999,0.027520001,0.087180004,0.254680008,0.796610057,0.041820001
405.2399902,0.053150002,0.03009,0.101470001,0.282059997,0.803740025,0.040860001
405.6099854,0.056560002,0.032249998,0.118069999,0.317229986,0.804530025,0.040720001
405.980011,0.059289999,0.03523,0.13651,0.358819991,0.805710018,0.041979998
406.3500061,0.060679998,0.037530001,0.156479999,0.410649985,0.806729972,0.041919999
406.7200012,0.061240003,0.039379999,0.179629996,0.467540026,0.808700025,0.042029999
407.0899963,0.063749999,0.045019999,0.205459997,0.532909989,0.81498003,0.043189999
407.4599915,0.064989999,0.049569998,0.233999997,0.595730007,0.816890001,0.04338
407.8299866,0.066339999,0.056439999,0.26376,0.657649994,0.820329964,0.046799999
408.2000122,0.06639,0.06329,0.292989999,0.713399947,0.821269989,0.048309997
408.5700073,0.06622,0.072290003,0.324310005,0.762320042,0.823040009,0.04871
408.9400024,0.068390004,0.084399998,0.358530015,0.802479982,0.823729992,0.051939998
409.3099976,0.070819996,0.098030001,0.393839985,0.833920002,0.821759999,0.05593
409.6799927,0.073430002,0.113789998,0.434729993,0.859889984,0.818189979,0.06067
410.0499878,0.075949997,0.13177,0.477280021,0.878219962,0.815329969,0.065310001
410.4200134,0.078220002,0.152620003,0.522179961,0.890879989,0.810199976,0.069370002
410.7900085,0.083830006,0.17938,0.569469988,0.901409984,0.808600008,0.075769998
411.1600037,0.090970002,0.209389985,0.620249987,0.907429934,0.80546999,0.08382
411.5299988,0.097379997,0.243200004,0.668330014,0.908779979,0.801320016,0.091980003
411.8999939,0.102679998,0.281190008,0.713060021,0.910759985,0.797969997,0.101280004
412.269989,0.110640004,0.32525003,0.755129993,0.909860015,0.795080006,0.112159997
412.6400146,0.12201,0.374269992,0.79290998,0.910660028,0.796620011,0.128079996
413.0100098,0.136669993,0.426899999,0.825599968,0.910790026,0.799670041,0.147589996
413.3800049,0.151040003,0.480169982,0.853030026,0.908439994,0.801859975,0.170189992
413.75,0.167900011,0.535600007,0.874310017,0.908360004,0.805649996,0.197359994
414.1199951,0.190410003,0.591549993,0.890959978,0.910319984,0.811190009,0.229589999
414.4899902,0.219379991,0.64636004,0.907200038,0.91030997,0.817389965,0.267190009
414.8599854,0.251740009,0.695940018,0.918179989,0.908639967,0.82268995,0.309430003
415.230011,0.286369979,0.740940034,0.926279962,0.906939983,0.826269984,0.355769992
415.6000061,0.325289994,0.780039966,0.933079958,0.904609978,0.829209983,0.405959994
415.9599915,0.37202999,0.815599978,0.938769996,0.903760016,0.833599985,0.460239977
416.3299866,0.421800017,0.84424001,0.941670001,0.902450025,0.836350024,0.517140031
416.7000122,0.47240001,0.866219997,0.944840014,0.900990009,0.836820006,0.572229981
417.0700073,0.524999976,0.884629965,0.94611001,0.901460052,0.83841002,0.627309978
417.4400024,0.578720033,0.899169981,0.945150018,0.901600063,0.838590026,0.680930018
417.8099976,0.633679986,0.908609986,0.943340003,0.901419997,0.837199986,0.728349984
418.1799927,0.686890006,0.919739962,0.942419946,0.904390037,0.83859998,0.770059943
418.5499878,0.732580006,0.92651999,0.939209998,0.905390024,0.837409973,0.803820014
418.9200134,0.775759935,0.934049964,0.937710047,0.909579992,0.839299977,0.831360042
419.2900085,0.81370002,0.939740002,0.935329974,0.912470043,0.840810001,0.854749978
419.6600037,0.84513998,0.942620039,0.932229996,0.91497004,0.841930032,0.870530009
420.0299988,0.871219993,0.948300004,0.930649996,0.917809963,0.844179988,0.88361001
420.3900146,0.892799973,0.953949988,0.929120004,0.920940042,0.847609997,0.896129966
420.7600098,0.906650007,0.957160056,0.928070009,0.922969997,0.851960003,0.903310001
421.1300049,0.919149995,0.96043998,0.929509938,0.925040007,0.857809961,0.909579992
421.5,0.926880062,0.962099969,0.928640008,0.923669994,0.860220015,0.914709985
421.8699951,0.931579947,0.963389993,0.928919971,0.92207998,0.865549982,0.918060005
422.2399902,0.936819971,0.965950012,0.929849982,0.920260012,0.871999979,0.922119975
422.6099854,0.939610004,0.965719998,0.932630002,0.918879986,0.878319979,0.924600005
422.980011,0.941680014,0.964820027,0.936010003,0.916239977,0.885410011,0.925989985
423.3500061,0.944100022,0.961969972,0.938960016,0.911719978,0.889010012,0.929649949
423.7099915,0.945410013,0.960640013,0.941110015,0.908990026,0.89222002,0.932659984
424.0799866,0.94690001,0.959990025,0.944680035,0.906190038,0.897520006,0.933980048
424.4500122,0.949229956,0.959020019,0.948420048,0.905070066,0.899950027,0.93535006
424.8200073,0.949559987,0.957030058,0.953539968,0.903649986,0.901160002,0.935759962
425.1900024,0.952669978,0.955599964,0.956750035,0.903339982,0.901549995,0.938080013
425.5599976,0.953610003,0.954670012,0.95934999,0.902509987,0.900640011,0.939100027
425.9299927,0.956169963,0.955350041,0.962490022,0.904229939,0.899479985,0.939589977
426.2900085,0.958659947,0.954940021,0.965199947,0.905780017,0.897949994,0.940619946
426.6600037,0.959590018,0.952990055,0.965250015,0.906340003,0.892860055,0.941519976
427.0299988,0.961740017,0.95122999,0.965139985,0.907020032,0.888529956,0.943150043
427.3999939,0.962440014,0.951179981,0.963060021,0.908990026,0.883870006,0.942489982
427.769989,0.962060034,0.951390028,0.960449994,0.911419988,0.878899992,0.939929962
428.1400146,0.962750018,0.952329993,0.958270013,0.914839983,0.874349952,0.938939989
428.5,0.960609972,0.954599977,0.955929995,0.91978997,0.870889962,0.936569989
428.8699951,0.959260046,0.955429971,0.951480031,0.923239946,0.866670012,0.934680045
429.2399902,0.959739983,0.958359957,0.949020028,0.929499984,0.865570009,0.933789968
429.6099854,0.958440006,0.963079989,0.945490062,0.935010016,0.865869999,0.930940032
429.980011,0.958690047,0.967710018,0.942819953,0.941240013,0.866249979,0.931240022
430.3399963,0.958339989,0.970640004,0.940189958,0.9454,0.868690014,0.932060003
430.7099915,0.957590044,0.974749982,0.937559962,0.949940026,0.870230019,0.932139993
431.0799866,0.958379984,0.976569951,0.93276,0.951480031,0.871710002,0.93204999
431.4500122,0.958840013,0.980019987,0.930609941,0.954129994,0.875159979,0.933489978
431.8200073,0.957509995,0.983249962,0.928990006,0.956200004,0.878899992,0.933160007
432.1799927,0.956279993,0.984160006,0.928229988,0.956550002,0.882320046,0.935119987
432.5499878,0.955770016,0.984759986,0.928119957,0.955829978,0.885439992,0.936910033
432.9200134,0.954919994,0.98627001,0.928809941,0.956220031,0.889469981,0.938649952
433.2900085,0.954520047,0.985949993,0.929660022,0.955120027,0.895059943,0.940449953
433.6499939,0.954329967,0.985289991,0.932880044,0.952820003,0.901439965,0.94392997
434.019989,0.954970002,0.984290004,0.936949968,0.949670017,0.90654999,0.94599998
434.3900146,0.956809998,0.98180002,0.941190004,0.946419954,0.911339998,0.949909985
434.7600098,0.95886004,0.979560018,0.945529997,0.94351995,0.916190028,0.952939987
435.1199951,0.960090041,0.976050019,0.948809981,0.940510035,0.921119988,0.955429971
435.4899902,0.963339984,0.973170042,0.954439998,0.937189996,0.924820006,0.95758003
435.8599854,0.966289997,0.969680011,0.959619999,0.933939993,0.927900016,0.959680021
436.230011,0.968960047,0.966460049,0.963469982,0.931729972,0.929840028,0.961910009
436.5899963,0.970770061,0.963310003,0.967209995,0.930299997,0.931840003,0.964139998
436.9599915,0.972460032,0.959909976,0.968769968,0.927139997,0.933140039,0.96487999
437.3299866,0.975019991,0.95758003,0.971520007,0.926979959,0.93471998,0.965360045
437.7000122,0.97815001,0.956480026,0.974020004,0.926800013,0.93531996,0.965049982
438.0599976,0.978720009,0.95502001,0.974100053,0.92670995,0.935650051,0.964479983
438.4299927,0.979629993,0.955550015,0.974649966,0.928089976,0.93599999,0.963590026
438.7999878,0.980589986,0.955729961,0.973990023,0.929810047,0.935360014,0.962090015
439.1600037,0.980790019,0.957369983,0.974069953,0.932640016,0.935719967,0.958779991
439.5299988,0.981849968,0.959420025,0.97428,0.93738997,0.936460018,0.956439972
439.8999939,0.980149984,0.962710023,0.973320007,0.940400004,0.936190009,0.953199983
440.269989,0.977339983,0.965220034,0.97153002,0.944329977,0.936579943,0.950510025
440.6300049,0.976509988,0.967030048,0.968180001,0.947570026,0.936119974,0.948229969
441,0.974359989,0.969120026,0.964929938,0.951220036,0.935959995,0.945940018
441.3699951,0.972959995,0.972890019,0.962829947,0.955599964,0.936919987,0.94321996
441.730011,0.970920026,0.976130009,0.95818001,0.958739996,0.93720001,0.941569984
442.1000061,0.968079984,0.980120003,0.955780029,0.962260008,0.937229991,0.939919949
442.4700012,0.966289997,0.982949972,0.95273,0.965449989,0.937259972,0.939010024
442.8299866,0.964369953,0.985409975,0.949530005,0.966539979,0.936230004,0.93900001
443.2000122,0.963310003,0.988579988,0.948820055,0.968769968,0.936289966,0.939559996
443.5700073,0.96171999,0.991080046,0.948159993,0.970560014,0.935410023,0.939450026
443.9299927,0.960619986,0.992949963,0.948239982,0.97262001,0.935329974,0.941159964
444.2999878,0.961090028,0.994079947,0.949310005,0.97378999,0.93355006,0.943379998
444.6700134,0.961650014,0.99375999,0.949359953,0.973060012,0.931810021,0.946169972
445.0299988,0.963469982,0.993160009,0.950049996,0.972739995,0.929549992,0.949690044
445.3999939,0.965220034,0.992570043,0.95332998,0.973360002,0.928079963,0.952639997
445.769989,0.966139972,0.991859972,0.955490053,0.973119974,0.925360024,0.955280006
446.1300049,0.968620002,0.990419984,0.958570004,0.972800016,0.923070014,0.959089994
446.5,0.970719993,0.987500012,0.960899949,0.970260024,0.917930007,0.961890042
446.8699951,0.972920001,0.983730018,0.963499963,0.968330026,0.913150012,0.964960039
447.230011,0.975210011,0.981559992,0.967409968,0.968239963,0.908249974,0.967860043
447.6000061,0.976790011,0.979290009,0.970950007,0.967689991,0.904309988,0.970059991
447.9599915,0.979229987,0.976220012,0.973160028,0.966650009,0.899469972,0.971819997
448.3299866,0.981379986,0.973630011,0.976149976,0.966509998,0.894469976,0.973349988
448.7000122,0.983070016,0.971390009,0.978410006,0.96638,0.889729977,0.974030018
449.0599976,0.984420002,0.970179975,0.981360018,0.967099965,0.886190057,0.973619998
449.4299927,0.98544997,0.969260037,0.983399987,0.968769968,0.88342005,0.972269952
449.7900085,0.986479998,0.967880011,0.984040022,0.968899965,0.880630016,0.971100032
450.1600037,0.986919999,0.967939973,0.98537004,0.970420003,0.878170013,0.969410002
450.5299988,0.986790001,0.969250023,0.985979974,0.972440004,0.877139986,0.966969967
450.8900146,0.986070037,0.970160007,0.985510051,0.97360003,0.876709998,0.964629948
451.2600098,0.985599995,0.971260011,0.984290004,0.974860013,0.877219975,0.962090015
451.6199951,0.984149992,0.97280997,0.982990026,0.976539969,0.879130006,0.960530043
451.9899902,0.981770039,0.975469947,0.981770039,0.977930009,0.881799996,0.95818001
452.3599854,0.980339944,0.978870034,0.98089999,0.979400039,0.88508004,0.955630064
452.7200012,0.978739977,0.980400026,0.97803998,0.97920996,0.888920009,0.953429997
453.0899963,0.977020025,0.982519984,0.976449966,0.979260027,0.89331001,0.951839983
453.4500122,0.975650012,0.985579967,0.975329995,0.979749978,0.89952004,0.950839996
453.8200073,0.974369943,0.988579988,0.974240065,0.979809999,0.905149996,0.950450003
454.1799927,0.973140001,0.991240025,0.972220004,0.979479969,0.91117996,0.949390054
454.5499878,0.972470045,0.99346,0.970500052,0.97766,0.917279959,0.950529993
454.9200134,0.971169949,0.995130002,0.969359994,0.976750016,0.923609972,0.951190054
455.2799988,0.970999956,0.997529984,0.969960034,0.975469947,0.929459989,0.952839971
455.6499939,0.971190035,0.998399973,0.969530046,0.973010004,0.934740007,0.95551002
456.0100098,0.971159995,0.998980045,0.969280005,0.970100045,0.93888998,0.956890047
456.3800049,0.971880019,0.999159992,0.969260037,0.966669977,0.941839993,0.95927
456.7399902,0.972479999,0.998629987,0.970109999,0.963379979,0.944250047,0.961839974
457.1099854,0.97390002,0.998019993,0.972460032,0.960260034,0.945220053,0.964020014
457.4700012,0.974860013,0.996080041,0.973839998,0.95551002,0.943270028,0.966069996
457.8399963,0.976090014,0.99398005,0.974810004,0.952279985,0.939480007,0.968360007
458.2000122,0.976930022,0.992619991,0.976890028,0.95005995,0.934260011,0.96934998
458.5700073,0.978000045,0.990339994,0.979229987,0.947929978,0.926750004,0.971019983
458.9299927,0.979120016,0.987679958,0.98190999,0.945969999,0.917860031,0.973060012
459.2999878,0.981029987,0.985179961,0.983860016,0.943870008,0.906179965,0.97408998
459.6600037,0.982800007,0.98269999,0.984929979,0.942450047,0.89289999,0.975059986
460.0299988,0.984560013,0.98070997,0.986880064,0.942640007,0.878970027,0.975839972
460.3900146,0.985889971,0.979339957,0.98852998,0.942279994,0.864369988,0.975409985
460.7600098,0.987279952,0.977600038,0.989549994,0.941699982,0.847630024,0.975300014
461.1199951,0.98872,0.97615999,0.990319967,0.941969991,0.830339968,0.974520028
461.4899902,0.989600003,0.975329995,0.990249991,0.943119943,0.812210023,0.972419977
461.8500061,0.989660025,0.975619972,0.990930021,0.945540011,0.79350996,0.970920026
462.2200012,0.989170015,0.976060033,0.991100013,0.948550045,0.774830043,0.968609989
462.5799866,0.988679945,0.976530015,0.990040004,0.950910032,0.756259978,0.966500044
462.9500122,0.987489998,0.976630032,0.988879979,0.953490019,0.737659991,0.964460015
463.3099976,0.986930013,0.977460027,0.987710059,0.956969976,0.719879985,0.962490022
463.6799927,0.98567003,0.978320003,0.985009968,0.960690022,0.701680005,0.96055001
464.0400085,0.984070003,0.979820013,0.982860029,0.964649975,0.685140014,0.958880007
464.4100037,0.982310057,0.981090009,0.980039954,0.968020022,0.668889999,0.956969976
464.769989,0.98032999,0.982949972,0.976729989,0.97130996,0.653410017,0.954850018
465.1300049,0.978690028,0.985899985,0.974649966,0.975049973,0.639620006,0.953229964
465.5,0.977689981,0.98785001,0.971560001,0.978270054,0.625569999,0.952590048
465.8599854,0.975899935,0.990559995,0.968379974,0.980830014,0.612949967,0.951880038
466.230011,0.97408998,0.993690014,0.966900051,0.982939959,0.601660013,0.951490045
466.5899963,0.972350001,0.996279955,0.965039968,0.983939946,0.590539992,0.951250017
466.9599915,0.97123003,0.99849999,0.963730037,0.984260023,0.580799997,0.951510012
467.3200073,0.970059991,1.000290036,0.96310997,0.983140051,0.571879983,0.952570021
467.6799927,0.969369948,1.000920057,0.961890042,0.981060028,0.563619971,0.953539968
468.0499878,0.96904999,1.002529979,0.962090015,0.978460014,0.556199968,0.954590023
468.4100037,0.969199955,1.003000021,0.962249994,0.974660039,0.549510002,0.956669986
468.7799988,0.969609976,1.00304997,0.962390006,0.969509959,0.543579996,0.958609998
469.1400146,0.971400023,1.002160072,0.963079989,0.964020014,0.538479984,0.961740017
469.5,0.972100019,1.000970006,0.963779986,0.957120001,0.53342998,0.964569986
469.8699951,0.973469973,0.999119997,0.964940012,0.950320005,0.529690027,0.967160046
470.230011,0.975169957,0.997349977,0.966549993,0.94265002,0.526319981,0.970000029
470.6000061,0.975869954,0.995230019,0.968490005,0.934029996,0.523739994,0.97232002
470.9599915,0.977679968,0.993130028,0.971109986,0.925270021,0.521390021,0.974120021
471.3200073,0.979800045,0.991060019,0.974069953,0.916530013,0.520309985,0.975790024
471.6900024,0.980830014,0.988349974,0.976670027,0.906620026,0.519599974,0.976620018
472.0499878,0.983479977,0.986210048,0.97954005,0.897139966,0.519640028,0.977519989
472.4200134,0.985689998,0.984100044,0.981519997,0.886849999,0.520049989,0.978470027
472.7799988,0.987570047,0.982129991,0.983570039,0.877580047,0.520969987,0.979140043
473.1400146,0.99022001,0.980120003,0.985960007,0.868479967,0.52275002,0.979709983
473.5100098,0.991179943,0.978079975,0.987710059,0.858809948,0.524890006,0.97954005
473.8699951,0.992009938,0.976220012,0.988929987,0.849460006,0.527390003,0.978779972
474.230011,0.992630005,0.975230038,0.989989996,0.840560019,0.530309975,0.977419972
474.6000061,0.992489994,0.973850012,0.990609944,0.831920028,0.533959985,0.975549996
474.9599915,0.992240012,0.973109961,0.991360009,0.823799968,0.537919998,0.973550022
475.3200073,0.99157995,0.972909987,0.991080046,0.814859986,0.542599976,0.971350014
475.6900024,0.990329981,0.972829998,0.990289986,0.80704999,0.547770023,0.968490005
476.0499878,0.989740014,0.973219991,0.98864001,0.800210059,0.553719997,0.966179967
476.4100037,0.988330007,0.973570049,0.986299992,0.792890012,0.559889972,0.963769972
476.7799988,0.987100005,0.974539995,0.983229995,0.786390007,0.566619992,0.961239994
477.1400146,0.985640049,0.976559997,0.980270028,0.780520022,0.574519992,0.959150016
477.5,0.983690023,0.978219986,0.976630032,0.775080025,0.583039999,0.956660032
477.8699951,0.981700003,0.979979992,0.972949982,0.770319998,0.59179002,0.954240024
478.230011,0.979339957,0.982440054,0.968020022,0.765500009,0.601400018,0.952180028
478.5899963,0.977009952,0.984740019,0.963169992,0.761350036,0.611220002,0.949990034
478.9599915,0.975319982,0.987379968,0.958239973,0.757770002,0.621910036,0.94897002
479.3200073,0.973239958,0.990270019,0.95382005,0.754420042,0.633370042,0.948270023
479.6799927,0.971220016,0.99259001,0.948729992,0.751449943,0.64489001,0.947480023
480.0400085,0.970230043,0.995510042,0.944240034,0.74921,0.657060027,0.94777
480.4100037,0.969199955,0.997399986,0.938830018,0.747180045,0.669739962,0.94848001
480.769989,0.96852994,0.999140024,0.934189975,0.745459974,0.682990015,0.949209988
481.1300049,0.967909992,1.000640035,0.92941004,0.743779957,0.696950018,0.950299978
481.5,0.96758002,1.001559973,0.925230026,0.742710054,0.711520016,0.951770008
481.8599854,0.968239963,1.002339959,0.921139956,0.742370009,0.726330042,0.953909993
482.2200012,0.969009995,1.002679944,0.917490005,0.741640031,0.741549969,0.956510007
482.5799866,0.969889998,1.00217998,0.91358,0.741129994,0.757550001,0.95856005
482.9500122,0.970809996,1.001860023,0.910360038,0.741039991,0.77373004,0.960680008
483.3099976,0.972090006,1.001100063,0.907799959,0.741360009,0.789940059,0.963639975
483.6700134,0.973639965,0.99977994,0.905420005,0.741819978,0.806309938,0.966520011
484.0299988,0.975070059,0.99831003,0.903290033,0.742740035,0.822819948,0.968730032
484.3999939,0.976849973,0.996270001,0.901299953,0.743830025,0.839100063,0.97112
484.7600098,0.978799999,0.99387002,0.899699986,0.74594003,0.855230033,0.97360003
485.1199951,0.980289996,0.991340041,0.898109972,0.748329997,0.870599985,0.976039946
485.480011,0.982070029,0.988570035,0.897599995,0.751039982,0.88549006,0.978309989
485.8500061,0.984070003,0.985589981,0.896569967,0.753769994,0.899160028,0.979879975
486.2099915,0.986140013,0.982539952,0.895770013,0.756999969,0.911709964,0.981220007
486.5700073,0.988460004,0.979439974,0.894919991,0.760469973,0.922829986,0.982419968
486.9299927,0.989889979,0.976100028,0.89410001,0.763980031,0.93305999,0.982519984
487.2900085,0.991110027,0.97300005,0.893550038,0.768229961,0.941989958,0.982270002
487.6600037,0.992699981,0.970109999,0.893519998,0.772629976,0.950010002,0.981750011
488.019989,0.993719995,0.967440009,0.892829955,0.77767998,0.956650019,0.980739951
488.3800049,0.994390011,0.965120018,0.892639995,0.783539951,0.961600065,0.979470015
488.7399902,0.994419992,0.963199973,0.893040001,0.78956002,0.966149986,0.977600038
489.1000061,0.994390011,0.961589992,0.893059969,0.795949996,0.969599962,0.975790024
489.4700012,0.994250059,0.960479975,0.893119991,0.803140044,0.972079992,0.973820031
489.8299866,0.993669987,0.959710002,0.89279002,0.81013,0.973339975,0.971279979
490.1900024,0.992359996,0.959329963,0.892160058,0.818059981,0.973539948,0.96852994
490.5499878,0.991470039,0.959209979,0.891929984,0.82555002,0.973089993,0.965879977
490.9100037,0.990350008,0.959399998,0.891439974,0.833410025,0.972479999,0.963130057
491.269989,0.98872,0.959530056,0.890370011,0.841839969,0.970790029,0.960469961
491.6400146,0.986800015,0.960370004,0.88973999,0.850360036,0.968580008,0.957910001
492,0.984540045,0.961539984,0.889499962,0.859719992,0.966169953,0.955029964
492.3599854,0.983010054,0.962419987,0.888740003,0.869029999,0.963560045,0.95314002
492.7200012,0.98130995,0.96389997,0.888450027,0.87816,0.961239994,0.951309979
493.0799866,0.979160011,0.965830028,0.888119936,0.888069987,0.958769977,0.949440002
493.4400024,0.976779997,0.967300057,0.887490034,0.897419989,0.956060052,0.948089957
493.8099976,0.97476995,0.969369948,0.887610018,0.906949997,0.954209983,0.946810007
494.1700134,0.973039985,0.971279979,0.887610018,0.916660011,0.952559948,0.945910037
494.5299988,0.971630037,0.972890019,0.88725996,0.925149977,0.950650036,0.945770025
494.8900146,0.969489992,0.97517997,0.887809992,0.933779955,0.949489951,0.945039988
495.25,0.967739999,0.976569951,0.888190031,0.941880047,0.948229969,0.944750011
495.6099854,0.96679002,0.978460014,0.889069974,0.949609995,0.947239995,0.94551003
495.9700012,0.966309965,0.979990005,0.889980018,0.957239985,0.946539998,0.946340024
496.3299866,0.966130018,0.981000006,0.890899956,0.964179993,0.946009994,0.947590053
496.7000122,0.965309978,0.982050002,0.892350018,0.970230043,0.945580006,0.948789954
497.0599976,0.964940012,0.982609987,0.894429982,0.976009965,0.945959985,0.950410008
497.4200134,0.96510005,0.982839942,0.896559954,0.980910063,0.946350038,0.952529967
497.7799988,0.966120005,0.982969999,0.898649991,0.985199988,0.94678998,0.955390036
498.1400146,0.966330051,0.98202002,0.900849998,0.988970041,0.94799006,0.95739001
498.5,0.967180014,0.981600046,0.904110014,0.992020011,0.949550033,0.959919989
498.8599854,0.968190014,0.981289983,0.907580018,0.994690001,0.951259971,0.962559938
499.2200012,0.969969988,0.980159998,0.91110003,0.996719956,0.953310013,0.96529001
499.5799866,0.972060025,0.97902,0.914919972,0.998130023,0.955220044,0.967939973
499.9400024,0.974570036,0.977300048,0.918840051,0.998860002,0.957220018,0.970589995
500.2999878,0.976340055,0.975439966,0.923000038,0.999089956,0.95916003,0.972850025
500.6700134,0.97883004,0.974189997,0.928030014,0.999150038,0.961449981,0.97517997
501.0299988,0.980949998,0.972419977,0.932300031,0.99871999,0.963739991,0.977009952
501.3900146,0.983470023,0.970290005,0.937189996,0.997500002,0.965550005,0.979200006
501.75,0.985490024,0.96845001,0.942070007,0.996330023,0.967260003,0.980790019
502.1099854,0.987300038,0.96667999,0.946780026,0.995039999,0.969179988,0.981970012
502.4700012,0.988900006,0.964950025,0.95175004,0.993820012,0.970640004,0.983010054
502.8299866,0.99052,0.963499963,0.956750035,0.992259979,0.972429991,0.983280003
503.1900024,0.992249966,0.961380005,0.961009979,0.99011004,0.972969949,0.983500004
503.5499878,0.993420005,0.959619999,0.965849996,0.988209963,0.973669946,0.983420014
503.9100037,0.994459987,0.958239973,0.970189989,0.986490011,0.97439003,0.982839942
504.269989,0.995579958,0.956829965,0.974260032,0.984639943,0.974849999,0.982040048
504.6300049,0.99635005,0.95588994,0.978030026,0.982809961,0.975189984,0.981070042
504.9899902,0.996880054,0.955150008,0.981509984,0.980879962,0.974909961,0.979800045
505.3500061,0.997480035,0.954820037,0.985270023,0.979719996,0.974789977,0.978280008
505.7099915,0.997310042,0.954739988,0.988310039,0.978539944,0.974570036,0.976819992
506.0700073,0.997020006,0.955090046,0.990790009,0.977530003,0.97390002,0.974759996
506.4299927,0.99624002,0.955529988,0.99277997,0.97665,0.972990036,0.972350001
506.7900085,0.995640039,0.956439972,0.994899988,0.976070046,0.972050011,0.970290005
507.1499939,0.99476999,0.95727998,0.996500015,0.97586,0.970830023,0.968420029
507.5100098,0.993539989,0.958840013,0.997810006,0.975979984,0.970230043,0.965879977
507.8699951,0.992079973,0.960380018,0.998669982,0.976169944,0.969410002,0.963649988
508.230011,0.990889966,0.962390006,0.999219954,0.976429999,0.968550026,0.96142
508.5899963,0.989820004,0.964100063,0.999310017,0.976779997,0.967900038,0.959469974
508.9500122,0.988319993,0.966350019,0.999380052,0.977760017,0.967190027,0.957669973
509.3099976,0.986699998,0.968490005,0.998700023,0.97902,0.966480017,0.955850005
509.6700134,0.985159993,0.970999956,0.998259962,0.979990005,0.965579987,0.95401001
510.0299988,0.983649969,0.973259985,0.997319996,0.98100996,0.964649975,0.952990055
510.3900146,0.982440054,0.975800037,0.99635005,0.982119977,0.963760018,0.952300012
510.75,0.980960011,0.978720009,0.995440006,0.983749986,0.963379979,0.951380014
511.1099854,0.979089975,0.981709957,0.994479954,0.985189974,0.962979972,0.950869977
511.4700012,0.977880001,0.984440029,0.993099988,0.986519992,0.963090003,0.950709999
511.8299866,0.976490021,0.987210035,0.99191004,0.987649977,0.962850034,0.950410008
512.1900024,0.975370049,0.989889979,0.990570009,0.988740027,0.96322,0.950540006
512.5499878,0.97457999,0.992689967,0.989530027,0.989830017,0.96382004,0.950729966
512.9099731,0.97349,0.995119989,0.988349974,0.990770042,0.964460015,0.950859964
513.2700195,0.972630024,0.997060001,0.987179995,0.991849959,0.965360045,0.951950014
513.6199951,0.972379982,0.998740017,0.986119986,0.992619991,0.966139972,0.953119993
513.9799805,0.972330034,1.000479937,0.985379994,0.993189991,0.967069983,0.95442003
514.3400269,0.972470045,1.001900077,0.984660029,0.993719995,0.96852994,0.955980003
514.7000122,0.972720027,1.003069997,0.984309971,0.994319975,0.969720006,0.957599998
515.0599976,0.972939968,1.004140019,0.983659983,0.994400024,0.970990002,0.959429979
515.4199829,0.973839998,1.004789948,0.982969999,0.994520009,0.972170055,0.961709976
515.7800293,0.974820018,1.005270004,0.982870042,0.994089961,0.973439991,0.963339984
516.1400146,0.976060033,1.005650043,0.982500017,0.993809938,0.974759996,0.965399981
516.5,0.977030039,1.005749941,0.982440054,0.993440032,0.975640059,0.967260003
516.8599854,0.978020012,1.005579948,0.982239962,0.992770016,0.976520002,0.96924001
517.2199707,0.979079962,1.005100012,0.982270002,0.991970003,0.977620006,0.971239984
517.5700073,0.98032999,1.004750013,0.982979953,0.991729975,0.978960037,0.973099947
517.9299927,0.981400013,1.004189968,0.983590007,0.990999997,0.980039954,0.974820018
518.289978,0.982279956,1.003579974,0.983779967,0.989940047,0.98063004,0.976530015
518.6500244,0.983740032,1.002839923,0.98477,0.989049971,0.981419981,0.978219986
519.0100098,0.985430002,1.001780033,0.985520005,0.988160014,0.982190013,0.979979992
519.3699951,0.986709952,1.001269937,0.986709952,0.987500012,0.983030021,0.981439948
519.7299805,0.988290012,1.000540018,0.987460017,0.986479998,0.983470023,0.982580006
520.0800171,0.98973,0.999300003,0.98811996,0.98574996,0.983560026,0.983840048
520.4400024,0.991129994,0.998160005,0.988770008,0.984520018,0.983519971,0.985000014
520.7999878,0.992699981,0.996989965,0.989740014,0.983749986,0.983399987,0.985910058
521.1599731,0.993519962,0.996370018,0.990700006,0.983349979,0.983290017,0.986140013
521.5200195,0.993849993,0.995419979,0.991530001,0.982620001,0.982909977,0.985940039
521.8800049,0.994810045,0.994459987,0.992200017,0.981979966,0.982640028,0.985989988
522.2399902,0.995249987,0.993669987,0.992749989,0.981869936,0.981839955,0.986019969
522.5900269,0.995980024,0.993010044,0.993070006,0.981470048,0.980839968,0.985840023
522.9500122,0.996449947,0.992559969,0.993700027,0.981839955,0.980049968,0.985210061
523.3099976,0.996819973,0.992190003,0.994130015,0.98198998,0.978929996,0.98457998
523.6699829,0.997200012,0.992030025,0.994140029,0.982070029,0.977959991,0.984209955
524.0300293,0.997659981,0.992079973,0.994069993,0.982320011,0.97676003,0.984030008
524.3800049,0.997870028,0.991970003,0.993789971,0.982640028,0.97529,0.983619988
524.7399902,0.998049974,0.992129982,0.993719995,0.982900023,0.973879993,0.982939959
525.0999756,0.997319996,0.992720008,0.993710041,0.983619988,0.972839952,0.982109964
525.460022,0.996880054,0.993049979,0.993149996,0.984309971,0.97161001,0.981700003
525.8200073,0.996270001,0.993560016,0.992699981,0.985230029,0.970780015,0.980849981
526.1699829,0.995829999,0.993820012,0.99248004,0.986279964,0.969590008,0.980149984
526.5300293,0.995630026,0.994489968,0.9921,0.987389982,0.968620002,0.979670048
526.8900146,0.994940042,0.995039999,0.991320014,0.988290012,0.96754998,0.978879988
527.25,0.994410038,0.995570004,0.99059999,0.98954004,0.966880023,0.978320003
527.6099854,0.994380057,0.995700002,0.989719987,0.990260005,0.965749979,0.977900028
527.960022,0.994089961,0.996659994,0.989250004,0.991340041,0.964929938,0.977200031
528.3200073,0.993619978,0.996959984,0.988460004,0.992070019,0.96389997,0.976939976
528.6799927,0.993340015,0.99751997,0.987320006,0.992850065,0.963079989,0.976819992
529.039978,0.992900014,0.998059988,0.986330032,0.993820012,0.962539971,0.976449966
529.3900146,0.992470026,0.998529971,0.985790014,0.995029986,0.962239981,0.976179957
529.75,0.991919994,0.999289989,0.985119998,0.995949984,0.962099969,0.97608
530.1099854,0.991670012,1.000030041,0.984449983,0.99703002,0.962339997,0.97615999
530.4699707,0.991129994,1.00022006,0.983889997,0.997799993,0.962330043,0.976360023
530.8200073,0.991039991,1.000810027,0.983290017,0.998880029,0.962779999,0.976890028
531.1799927,0.990649998,1.001039982,0.983049989,0.999480009,0.963479996,0.977300048
531.539978,0.990279973,1.001049995,0.983040035,0.999960005,0.963909984,0.977559984
531.9000244,0.990339994,1.001049995,0.982860029,1.000030041,0.964359999,0.978070021
532.25,0.990780056,1.000779986,0.982870042,1.000280023,0.965029955,0.978870034
532.6099854,0.991149962,1.000429988,0.982630014,1.000259995,0.965500057,0.979449987
532.9699707,0.991519988,1.000319958,0.982689977,1.000460029,0.966509998,0.980019987
533.3200073,0.991930008,1.000239968,0.982990026,1.000299931,0.967480004,0.980509996
533.6799927,0.991940022,0.999759972,0.983150005,1.000130057,0.968320012,0.980579972
534.039978,0.992249966,0.999480009,0.98319,0.99988997,0.969479978,0.981200039
534.4000244,0.992810011,0.999369979,0.983690023,0.999660015,0.970869958,0.982070029
534.75,0.992940009,0.999040008,0.984070003,0.999250054,0.971949995,0.98228997
535.1099854,0.992850065,0.998519957,0.984789968,0.99849999,0.973309994,0.982360005
535.4699707,0.993059993,0.997889996,0.985360026,0.997750044,0.974499941,0.982679963
535.8200073,0.993399978,0.997050047,0.985849977,0.996869981,0.975849986,0.982979953
536.1799927,0.993960023,0.996299982,0.986689985,0.996029973,0.977239966,0.983590007
536.539978,0.994300008,0.995810032,0.987800002,0.995189965,0.978669941,0.983669996
536.8900146,0.994530022,0.994899988,0.988679945,0.99428004,0.979649961,0.983759999
537.25,0.99484998,0.994100034,0.989410043,0.993249953,0.980809987,0.984140038
537.6099854,0.995210052,0.993340015,0.99041003,0.992570043,0.981930017,0.984300017
537.960022,0.99555999,0.992529988,0.99097997,0.991370022,0.983049989,0.984509945
538.3200073,0.995609999,0.992129982,0.992049992,0.990700006,0.984040022,0.984089971
538.6799927,0.995570004,0.991829991,0.993010044,0.989929974,0.984800041,0.983609974
539.0300293,0.995859981,0.991169989,0.993799984,0.989000022,0.985759974,0.98360002
539.3900146,0.995739996,0.990970016,0.994610012,0.988200009,0.986589968,0.983270049
539.75,0.995640039,0.990770042,0.995609999,0.987370014,0.987320006,0.982649982
540.0999756,0.995589972,0.990800023,0.996419966,0.986770034,0.988200009,0.982509971
540.460022,0.995329976,0.990719974,0.997480035,0.986439943,0.988799989,0.981660008
540.8099976,0.995220006,0.990170002,0.997780025,0.985679984,0.988840044,0.981549978
541.1699829,0.995280027,0.989940047,0.997959971,0.985100031,0.989110053,0.981409967
541.5300293,0.995049953,0.99000001,0.99822998,0.984649956,0.989049971,0.980870008
541.8800049,0.994929969,0.989940047,0.998600006,0.984300017,0.989219964,0.980199993
542.2399902,0.994619966,0.990170002,0.998780012,0.984140038,0.98931998,0.979649961
542.5900269,0.994349957,0.990270019,0.99879998,0.983939946,0.989049971,0.979189992
542.9500122,0.994289994,0.99052,0.998640001,0.98360002,0.988770008,0.978789985
543.3099976,0.99394995,0.991149962,0.998780012,0.983809948,0.988940001,0.977930009
543.6599731,0.993610024,0.991819978,0.998700023,0.984100044,0.988619983,0.977460027
544.0200195,0.993170023,0.992359996,0.998600006,0.98435998,0.988319993,0.976880014
544.3699951,0.992740035,0.993010044,0.998300016,0.984629989,0.987969995,0.976409972
544.7299805,0.992170036,0.993519962,0.997990012,0.984919965,0.987529993,0.975839972
545.0900269,0.991959989,0.994229972,0.997559965,0.985390007,0.987119973,0.975520015
545.4400024,0.991470039,0.995000005,0.997289956,0.985879958,0.986869991,0.975329995
545.7999878,0.991289973,0.995739996,0.996859968,0.986449957,0.986190021,0.975520015
546.1500244,0.990869999,0.996190012,0.996279955,0.986660004,0.985739946,0.975149989
546.5100098,0.990619957,0.99691999,0.995570004,0.98724997,0.985319972,0.97499001
546.8599854,0.990390003,0.997489989,0.995019972,0.988049984,0.984879971,0.975199938
547.2199707,0.9903,0.998290002,0.994310021,0.988740027,0.984530032,0.975549996
547.5800171,0.989849985,0.998919964,0.993539989,0.989479959,0.984120011,0.975370049
547.9299927,0.989660025,0.999689996,0.992850065,0.990459979,0.983570039,0.975350022
548.289978,0.989340007,1.000139952,0.991949975,0.991050005,0.982979953,0.975329995
548.6400146,0.989289999,1.000970006,0.991559982,0.992139995,0.982689977,0.975739956
549,0.989199996,1.001539946,0.990910053,0.993040025,0.982370019,0.976300001
549.3499756,0.989229977,1.00214994,0.990319967,0.993809938,0.982050002,0.97683996
549.710022,0.98950994,1.002419949,0.989530027,0.99476999,0.981890023,0.97747004
550.0599976,0.989859998,1.002750039,0.989120007,0.995500028,0.98161006,0.978209972
550.4199829,0.990149975,1.002979994,0.988789976,0.996320009,0.981539965,0.978909969
550.7700195,0.990080059,1.003389955,0.988470018,0.997259974,0.981920004,0.979570031
551.1300049,0.99022001,1.003430009,0.987969995,0.99792999,0.981869936,0.98003
551.4799805,0.99041003,1.003260016,0.98763001,0.99842,0.981790006,0.980619967
551.8400269,0.990679979,1.003209949,0.987149954,0.998980045,0.981740057,0.981190026
552.1900024,0.990810037,1.003229976,0.986900032,0.999390006,0.981519997,0.981729984
552.5499878,0.99097997,1.002949953,0.986699998,0.999819994,0.981729984,0.982330024
552.9000244,0.991060019,1.002799988,0.986589968,1.00019002,0.981890023,0.982959986
553.2600098,0.991620004,1.002500057,0.986490011,1.000759959,0.981949985,0.983630002
553.6099854,0.992049992,1.002449989,0.98664999,1.001530051,0.982340038,0.984300017
553.9699707,0.992559969,1.00225997,0.98654002,1.001929998,0.98259002,0.984800041
554.3200073,0.993119955,1.001850009,0.986800015,1.00237,0.983160019,0.985270023
554.6799927,0.993470013,1.001489997,0.987089992,1.002930045,0.983879983,0.98556
555.0300293,0.993990004,1.001530051,0.987340033,1.003300071,0.984270036,0.986149967
555.3900146,0.994700015,1.001289964,0.987399995,1.00353992,0.984709978,0.986809969
555.7399902,0.99514997,1.000820041,0.987900019,1.003379941,0.985240042,0.987190008
556.0999756,0.995660007,1.000329971,0.988290012,1.003360033,0.985830009,0.987619996
556.4500122,0.996039987,0.999880016,0.988900006,1.003659964,0.98654002,0.987919986
556.7999878,0.996219993,0.999550045,0.989380062,1.003610015,0.987109959,0.988209963
557.1599731,0.996600032,0.999380052,0.990080059,1.003749967,0.987760007,0.988629997
557.5100098,0.996710002,0.99879998,0.990540028,1.003550053,0.988560021,0.988700032
557.8699951,0.996900022,0.997919977,0.990920007,1.003329992,0.98924005,0.988749981
558.2199707,0.997110009,0.997649968,0.991429985,1.003419995,0.989970028,0.989010036
558.5800171,0.997340024,0.997170031,0.991819978,1.003109932,0.99059999,0.989010036
558.9299927,0.997359991,0.996819973,0.992320001,1.002839923,0.991240025,0.989030004
559.2800293,0.997549951,0.996410012,0.992770016,1.002509952,0.991679966,0.988980055
559.6400146,0.99751997,0.995869994,0.993499994,1.002189994,0.992340028,0.988770008
559.9899902,0.99763,0.995510042,0.994229972,1.002050042,0.99289,0.988449991
560.3499756,0.997669995,0.995490015,0.994950056,1.001960039,0.993470013,0.988310039
560.7000122,0.997900009,0.995220006,0.995599985,1.001739979,0.99394995,0.988089979
561.0499878,0.99774003,0.994970024,0.996219993,1.001539946,0.994479954,0.987770021
561.4099731,0.997720003,0.994700015,0.996780038,1.00120008,0.994879961,0.98774004
561.7600098,0.997600019,0.994540036,0.997319996,1.001179934,0.99544996,0.987379968
562.1199951,0.997829974,0.994250059,0.997600019,1.000820041,0.995640039,0.987320006
562.4699707,0.997770011,0.99417001,0.99792999,1.000540018,0.996019959,0.987210035
562.8200073,0.997750044,0.993929982,0.998359978,1.000169992,0.996169984,0.986970007
563.1799927,0.997319996,0.993849993,0.998510003,0.999919951,0.996569991,0.986570001
563.5300293,0.997409999,0.993610024,0.998769999,0.999459982,0.99672997,0.986490011
563.8800049,0.997409999,0.993799984,0.999270022,0.999449968,0.997279942,0.986009955
564.2399902,0.997279942,0.993730009,0.999410033,0.999170005,0.997529984,0.985810041
564.5900269,0.997099996,0.993990004,0.999610007,0.999069989,0.997810006,0.985540032
564.9500122,0.996750057,0.994189978,0.999909997,0.999219954,0.997969985,0.985210061
565.2999878,0.996279955,0.994349957,0.999989986,0.999150038,0.998219967,0.984709978
565.6500244,0.996119976,0.994789958,1.000440001,0.999119997,0.998369992,0.98447001
566.0100098,0.99594003,0.995230019,1.00067997,0.999359965,0.99849999,0.984400034
566.3599854,0.995599985,0.995530009,1.000899911,0.999359965,0.998430014,0.984209955
566.710022,0.995469987,0.995829999,1.001100063,0.999410033,0.998300016,0.984120011
567.0700073,0.995019972,0.996119976,1.001369953,0.999459982,0.99822998,0.983710051
567.4199829,0.995000005,0.996519983,1.001430035,0.999359965,0.99811995,0.983700037
567.7700195,0.995049953,0.996989965,1.001809955,0.999459982,0.998140037,0.984000027
568.1300049,0.99507004,0.997180045,1.001699924,0.999480009,0.997839987,0.984149992
568.4799805,0.994700015,0.997610033,1.001590014,0.999419987,0.997510016,0.983949959
568.8300171,0.99458003,0.99785006,1.001420021,0.999570012,0.997189999,0.984070003
569.1799927,0.994380057,0.99842,1.001510024,0.999830008,0.99691999,0.984009981
569.539978,0.994499981,0.998740017,1.001410007,0.999830008,0.996589959,0.984410048
569.8900146,0.994289994,0.999049962,1.001430035,0.999960005,0.996259987,0.984369993
570.2399902,0.994240046,0.999380052,1.001230001,1.000100017,0.995759964,0.98435998
570.5999756,0.994000018,0.99977994,1.001219988,1.000360012,0.995490015,0.984270036
570.9500122,0.993900001,0.999980032,1.00120008,1.000630021,0.995059967,0.98427999
571.2999878,0.993770003,1.000419974,1.001160026,1.000699997,0.994729996,0.984270036
571.6500244,0.993779957,1.000869989,1.001269937,1.000820041,0.994410038,0.984250009
572.0100098,0.993700027,1.001190066,1.00116992,1.001139998,0.993929982,0.984420002
572.3599854,0.993740022,1.001289964,1.000910044,1.001250029,0.993389964,0.98457998
572.710022,0.993669987,1.001559973,1.000699997,1.001399994,0.992880046,0.984649956
573.0599976,0.99375999,1.001729965,1.000479937,1.001420021,0.992200017,0.984870017
573.4199829,0.993919969,1.002089977,1.000419974,1.001610041,0.991890013,0.98514998
573.7700195,0.994049966,1.002249956,1.000319958,1.00180006,0.991240025,0.985490024
574.1199951,0.994159997,1.00237,1.000090003,1.002110004,0.990700006,0.986019969
574.4699707,0.99428004,1.002629995,1.000010014,1.00229001,0.990309954,0.986320019
574.8300171,0.994400024,1.002959967,1.000020027,1.002519965,0.989979982,0.986679971
575.1799927,0.994639993,1.003180027,0.99988997,1.002709985,0.989579976,0.987109959
575.5300293,0.994810045,1.003290057,0.999880016,1.003010035,0.989189982,0.987450004
575.8800049,0.994859993,1.003389955,0.99977994,1.003209949,0.988740027,0.987800002
576.2399902,0.994929969,1.003610015,0.999719977,1.00357008,0.988489985,0.988049984
576.5900269,0.994940042,1.003620028,0.999520063,1.00364995,0.988179982,0.988290012
576.9400024,0.994980037,1.003620028,0.999219954,1.003859997,0.987800002,0.988499999
577.289978,0.995159984,1.003610015,0.999059975,1.004089952,0.987540007,0.988809943
577.6400146,0.995100021,1.003710032,0.999100029,1.004400015,0.987340033,0.98883003
578,0.995270014,1.003790021,0.999079943,1.004499912,0.987070024,0.989140034
578.3499756,0.995490015,1.003830075,0.998960018,1.004570007,0.986910045,0.989329994
578.7000122,0.995810032,1.003809929,0.998820066,1.004609942,0.986790001,0.989589989
579.0499878,0.996159971,1.003939986,0.998840034,1.00474,0.986859977,0.989889979
579.4000244,0.996399999,1.003939986,0.998980045,1.00485003,0.986979961,0.990010023
579.7600098,0.996649981,1.004140019,0.999079943,1.00503993,0.986979961,0.990260005
580.1099854,0.996789992,1.004189968,0.999229968,1.005139947,0.987190008,0.990589976
580.460022,0.996969998,1.004189968,0.999189973,1.005230069,0.987489998,0.990729988
580.8099976,0.997080028,1.004100084,0.999180019,1.005259991,0.987509966,0.990920007
581.1599731,0.997210026,1.004130006,0.999499977,1.005370021,0.987890005,0.991320014
581.5100098,0.997279942,1.004009962,0.99950999,1.005429983,0.988010049,0.99138999
581.8699951,0.99751997,1.003970027,0.999520063,1.005400062,0.988150001,0.99168998
582.2199707,0.997529984,1.00375998,0.999410033,1.005329967,0.988399982,0.991760015
582.5700073,0.997659981,1.003780007,0.999469995,1.005349994,0.988730013,0.991810024
582.9199829,0.997839987,1.003799915,0.999639988,1.005490065,0.989179969,0.991930008
583.2700195,0.998019993,1.003730059,0.999789953,1.005599976,0.989800036,0.992190003
583.6199951,0.998199999,1.003550053,0.999719977,1.005429983,0.990059972,0.992149949
583.9699707,0.99831003,1.003399968,0.999749959,1.005259991,0.99041003,0.992379963
584.3300171,0.998359978,1.003389955,1.000100017,1.005139947,0.990940034,0.992279947
584.6799927,0.998600006,1.003399968,1.000380039,1.004909992,0.991460025,0.992389977
585.0300293,0.998820066,1.003190041,1.000400066,1.004700065,0.991930008,0.992580056
585.3800049,0.998850048,1.003059983,1.000509977,1.004369974,0.992310047,0.99267
585.7299805,0.998919964,1.00308001,1.000739932,1.004119992,0.992710054,0.992570043
586.0800171,0.998880029,1.003039956,1.000779986,1.003919959,0.993119955,0.992570043
586.4299927,0.99891001,1.003020048,1.001160026,1.003769994,0.99375999,0.992399991
586.7800293,0.998860002,1.002860069,1.001119971,1.003369927,0.99417001,0.992519975
587.1300049,0.998899996,1.002750039,1.001320004,1.003209949,0.994629979,0.992570043
587.4799805,0.998880029,1.002709985,1.001479983,1.002959967,0.995019972,0.992460012
587.8400269,0.999059975,1.002689958,1.001610041,1.002769947,0.99533999,0.992510021
588.1900024,0.999000013,1.002699971,1.00177002,1.002500057,0.99574995,0.992510021
588.539978,0.999100029,1.002539992,1.001969934,1.002170086,0.996149957,0.992470026
588.8900146,0.999029994,1.002580047,1.001979947,1.00177002,0.996179938,0.992419958
589.2399902,0.999140024,1.002550006,1.002099991,1.001590014,0.996380031,0.992379963
589.5900269,0.999100029,1.002269983,1.002009988,1.001230001,0.996389985,0.992330015
589.9400024,0.999040008,1.002279997,1.00217998,1.000930071,0.996279955,0.992320001
590.289978,0.99901998,1.002200007,1.002300024,1.000540018,0.996380031,0.992330015
590.6400146,0.999079943,1.00217998,1.002310038,1.000380039,0.996279955,0.992370009
590.9899902,0.99921,1.002239943,1.002490044,1.000180006,0.996149957,0.992429972
591.3400269,0.999219954,1.002189994,1.002560019,0.999989986,0.996070027,0.992409945
591.6900024,0.999040008,1.00225997,1.002660036,0.999789953,0.995819986,0.992310047
592.039978,0.998980045,1.00259006,1.003030062,0.999830008,0.995729983,0.992180049
592.3900146,0.998949945,1.002460003,1.003250003,0.999660015,0.995410025,0.992040038
592.7399902,0.998759985,1.002560019,1.003329992,0.999660015,0.995000005,0.99191004
593.0900269,0.99879998,1.002539992,1.003560066,0.999339998,0.99458003,0.991780043
593.4400024,0.998659968,1.002619982,1.003520012,0.999240041,0.994000018,0.99161005
593.789978,0.998659968,1.00266993,1.003530025,0.999079943,0.99346,0.991719961
594.1400146,0.998870015,1.002679944,1.003489971,0.999049962,0.992810011,0.99161005
594.4899902,0.99861002,1.002509952,1.003309965,0.998629987,0.991999984,0.991519988
594.8400269,0.998749971,1.00266993,1.003190041,0.998589993,0.991309941,0.99168998
595.1900024,0.99871999,1.002650023,1.003209949,0.998440027,0.990479946,0.991630018
595.539978,0.998649955,1.002789974,1.003139973,0.998519957,0.989670038,0.991770029
595.8900146,0.998600006,1.002830029,1.003180027,0.99849999,0.988759995,0.991900027
596.2399902,0.998580039,1.002979994,1.003239989,0.998580039,0.987940013,0.991810024
596.5900269,0.998410046,1.003039956,1.003290057,0.998539984,0.987109959,0.992040038
596.9400024,0.998740017,1.003329992,1.003319979,0.998730004,0.986279964,0.992269993
597.289978,0.998550057,1.003479958,1.003250003,0.998789966,0.985309958,0.992139995
597.6400146,0.998589993,1.00353992,1.003059983,0.998889983,0.984380007,0.992160022
597.9899902,0.998510003,1.003679991,1.002879977,0.99891001,0.983479977,0.991970003
598.3400269,0.998340011,1.003919959,1.002779961,0.998949945,0.982689977,0.991869986
598.6900024,0.998459995,1.003980041,1.002580047,0.999110043,0.981920004,0.991940022
599.039978,0.998510003,1.004140019,1.002550006,0.999380052,0.981200039,0.991869986
599.3900146,0.998410046,1.004230022,1.002359986,0.999550045,0.980449975,0.991849959
599.7399902,0.998450041,1.004089952,1.002020001,0.999540031,0.979860008,0.991979957
600.0900269,0.998329997,1.004390001,1.001819968,0.999759972,0.979200006,0.992110014
600.4400024,0.998470008,1.004330039,1.001549959,0.999919951,0.978460014,0.992320001
600.789978,0.998539984,1.004359961,1.001309991,1.000199914,0.978009999,0.992320001
601.1400146,0.998389959,1.004559994,1.001190066,1.000440001,0.97736001,0.992259979
601.4899902,0.998349965,1.00466001,1.000899911,1.000409961,0.976709962,0.992240012
601.8300171,0.998329997,1.004639983,1.000800014,1.000689983,0.976379991,0.992269993
602.1799927,0.998329997,1.004920006,1.000720024,1.001080036,0.976039946,0.992370009
602.5300293,0.998259962,1.004860044,1.000579953,1.001219988,0.976019979,0.992229998
602.8800049,0.998150051,1.005089998,1.00056994,1.001510024,0.976009965,0.9921
603.2299805,0.998140037,1.004989982,1.00022006,1.001520038,0.975749969,0.99228996
603.5800171,0.998239994,1.004950047,1.000010014,1.001559973,0.975839972,0.992489994
603.9299927,0.998059988,1.005130053,0.999800026,1.001819968,0.976109982,0.992570043
604.2800293,0.998170018,1.005180001,0.99958998,1.00180006,0.976100028,0.992730021
604.6300049,0.998239994,1.005199909,0.999369979,1.001919985,0.976249993,0.992789984
604.9699707,0.998440027,1.005300045,0.999280035,1.002009988,0.976360023,0.99307996
605.3200073,0.998480022,1.005280018,0.999010026,1.002009988,0.976470053,0.993290007
605.6699829,0.998619974,1.005400062,0.998939991,1.002009988,0.976620018,0.993290007
606.0200195,0.998659968,1.00545001,0.998759985,1.002020001,0.976740062,0.993369997
606.3699951,0.998769999,1.005390048,0.998679936,1.002089977,0.976800025,0.993529975
606.7199707,0.998700023,1.005409956,0.998489976,1.002099991,0.976740062,0.993610024
607.0700073,0.998679936,1.005409956,0.998480022,1.002009988,0.976679981,0.993710041
607.4199829,0.998889983,1.005329967,0.998319983,1.001869917,0.976209998,0.993990004
607.7600098,0.999180019,1.005319953,0.998280048,1.001829982,0.975759983,0.994199991
608.1099854,0.999229968,1.005220056,0.998329997,1.001780033,0.975090027,0.994349957
608.460022,0.999270022,1.005049944,0.998329997,1.001600027,0.973990023,0.99447
608.8099976,0.999430001,1.004930019,0.998180032,1.001299977,0.972479999,0.994570017
609.1599731,0.999619961,1.004879951,0.998189986,1.001070023,0.970719993,0.994729996
609.5100098,0.999840021,1.004719973,0.998019993,1.00067997,0.968469977,0.994879961
609.8499756,0.999670029,1.004639983,0.998070002,1.000370026,0.96588999,0.994779944
610.2000122,0.999499977,1.004499912,0.998049974,0.999929965,0.962559938,0.994800031
610.5499878,0.99950999,1.004430056,0.997969985,0.999550045,0.958649993,0.99484998
610.9000244,0.999639988,1.004310012,0.997979939,0.999140024,0.954159975,0.994899988
611.25,0.999800026,1.004199982,0.998059988,0.998789966,0.948840022,0.995159984
611.5900269,0.999619961,1.004169941,0.998099983,0.998430014,0.942629993,0.995119989
611.9400024,0.999729991,1.004119992,0.998399973,0.998199999,0.935749948,0.995240033
612.289978,1,1.003929973,0.998359978,0.997580051,0.927670002,0.995440006
612.6400146,0.999950051,1.003679991,0.998359978,0.997180045,0.918879986,0.995400012
612.9899902,1.000149965,1.003610015,0.998519957,0.99672997,0.90903002,0.995619953
613.3300171,1.000180006,1.003509998,0.998640001,0.996230006,0.898169994,0.995759964
613.6799927,1.000130057,1.003239989,0.998710036,0.995609999,0.886370003,0.995510042
614.0300293,1.000360012,1.003030062,0.99891001,0.995059967,0.873640001,0.995619953
614.3800049,1.000270009,1.002860069,0.998860002,0.994390011,0.859879971,0.995579958
614.7199707,1.000130057,1.002660036,0.998970032,0.993939996,0.84570998,0.995459974
615.0700073,1.000169992,1.002750039,0.999189973,0.993499994,0.831029952,0.995419979
615.4199829,1.000090003,1.002500057,0.999289989,0.99296999,0.815710008,0.995319963
615.7700195,0.999899983,1.002269983,0.999319971,0.992500007,0.800170004,0.995029986
616.1099854,0.999980032,1.00225997,0.999459982,0.9921,0.784509957,0.995140016
616.460022,0.999970019,1.001919985,0.999440014,0.991490006,0.769169986,0.994919956
616.8099976,1,1.001839995,0.99950999,0.991060019,0.753899992,0.994800031
617.1599731,1.000020027,1.001760006,0.999649942,0.990830004,0.738730013,0.994649947
617.5,1.00022006,1.001530051,0.999580026,0.990240037,0.723450005,0.99466002
617.8499756,1.00011003,1.001410007,0.999559999,0.98973,0.709110022,0.994570017
618.2000122,1.000239968,1.001309991,0.999670029,0.989369988,0.695319951,0.994639993
618.539978,1.000090003,1.001209974,0.999619961,0.988919973,0.682070017,0.994419992
618.8900146,1.000070095,1.001269937,0.999649942,0.988690019,0.669309974,0.994369984
619.2399902,1.000010014,1.001109958,0.999520063,0.988290012,0.657149971,0.994289994
619.5900269,1.000079989,1.000990033,0.999459982,0.987809956,0.645990014,0.994260013
619.9299927,1.000020027,1.000660062,0.999380052,0.987590015,0.635710001,0.99405998
620.2800293,0.999950051,1.000509977,0.999280035,0.987489998,0.625940025,0.993830025
620.6300049,0.999859989,1.000509977,0.999130011,0.987379968,0.616860032,0.993659973
620.9699707,0.99977994,1.000550032,0.999119997,0.987450004,0.60848999,0.993589997
621.3200073,0.999769986,1.000400066,0.998899996,0.987330019,0.60036999,0.993529975
621.6699829,0.999660015,1.000400066,0.998870015,0.987310052,0.593110025,0.993510008
622.0100098,0.999499977,1.000329971,0.998669982,0.987269998,0.586199999,0.993340015
622.3599854,0.999250054,1.000479937,0.998580039,0.987289965,0.579809964,0.993290007
622.710022,0.999219954,1.000530005,0.998440027,0.987219989,0.573870003,0.993089974
623.0499878,0.999219954,1.000550032,0.998359978,0.987100005,0.568260014,0.993010044
623.4000244,0.999140024,1.000460029,0.998089969,0.986970007,0.563180029,0.992749989
623.75,0.999079943,1.000630021,0.998070002,0.986979961,0.559000015,0.992570043
624.0900269,0.998899996,1.00059998,0.997919977,0.987040043,0.554920018,0.992139995
624.4400024,0.998789966,1.000720024,0.997689962,0.986979961,0.551079988,0.992030025
624.789978,0.998860002,1.000660062,0.997429967,0.986779988,0.547710001,0.991880059
625.1300049,0.99883002,1.000770092,0.997050047,0.986660004,0.544570029,0.991789997
625.4799805,0.998659968,1.000720024,0.996510029,0.986190021,0.541549981,0.991589963
625.8200073,0.998649955,1.000810027,0.996279955,0.985599995,0.538879991,0.99157995
626.1699829,0.998430014,1.000839949,0.995840013,0.984779954,0.536370039,0.991309941
626.5200195,0.998450041,1.000910044,0.995410025,0.983779967,0.533890009,0.991349995
626.8599854,0.998199999,1.000949979,0.995090008,0.98259002,0.531889975,0.99109
627.210022,0.998130023,1.001160026,0.994749963,0.981159985,0.529949963,0.99089998
627.5499878,0.99804002,1.001179934,0.994369984,0.979349971,0.528230011,0.990849972
627.9000244,0.997919977,1.001289964,0.994140029,0.977389991,0.526690006,0.990830004
628.25,0.997789979,1.001330018,0.993740022,0.974970043,0.524860024,0.990729988
628.5900269,0.997689962,1.001369953,0.993239999,0.972109973,0.523180008,0.990740001
628.9400024,0.997699976,1.001430035,0.992850065,0.968539953,0.521809995,0.990679979
629.2800293,0.997669995,1.001479983,0.992409945,0.964530051,0.520399988,0.990609944
629.6300049,0.997470021,1.001410007,0.991959989,0.959810019,0.518920004,0.990670025
629.9799805,0.997310042,1.001649976,0.991789997,0.954339981,0.517440021,0.990640044
630.3200073,0.997300029,1.001670003,0.991299987,0.948119938,0.515670002,0.990570009
630.6699829,0.997160017,1.001729965,0.990819991,0.940989971,0.514050007,0.990510046
631.0100098,0.996999979,1.001829982,0.990700006,0.933180034,0.512389958,0.990329981
631.3599854,0.99672997,1.001780033,0.990319967,0.924309969,0.510200024,0.99018997
631.7000122,0.996760011,1.001719952,0.989859998,0.914359987,0.507489979,0.99018997
632.0499878,0.99672997,1.001850009,0.98954004,0.90369004,0.504790008,0.990080059
632.3900146,0.996890008,1.001680017,0.989079952,0.892090023,0.501659989,0.990100026
632.7399902,0.996719956,1.001739979,0.988940001,0.879830003,0.498429984,0.990080059
633.0900269,0.996829987,1.001630068,0.988649964,0.866709948,0.494410008,0.990199983
633.4299927,0.996819973,1.001399994,0.988150001,0.852710009,0.489719987,0.990230024
633.7800293,0.996859968,1.001489997,0.987779975,0.838239968,0.484620005,0.990319967
634.1199951,0.996900022,1.001520038,0.987689972,0.823469996,0.479110003,0.990479946
634.4699707,0.996859968,1.001289964,0.987389982,0.808010042,0.472560018,0.99059999
634.8099976,0.996710002,1.001150012,0.987079978,0.792440057,0.465439975,0.990640044
635.1599731,0.996859968,1.00109005,0.98684001,0.776769996,0.457190007,0.990719974
635.5,0.996940017,1.000890017,0.986600041,0.761340022,0.448440015,0.990819991
635.8499756,0.997249961,1.000699997,0.986379981,0.745899975,0.438670009,0.991110027
636.1900024,0.997409999,1.000249982,0.986299992,0.730920017,0.427960008,0.991100013
636.539978,0.99751997,0.999870002,0.986169994,0.71626997,0.416549981,0.991110027
636.8800049,0.997679949,0.999680042,0.98615998,0.702369988,0.404220015,0.991119981
637.2299805,0.997699976,0.999489963,0.986259997,0.688910007,0.391030014,0.991080046
637.5700073,0.997659981,0.998989999,0.986060023,0.675660014,0.377270013,0.991140008
637.9199829,0.997539997,0.998679936,0.986019969,0.663119972,0.362650007,0.990960002
638.2600098,0.997359991,0.998430014,0.985960007,0.651350021,0.3477,0.990849972
638.5999756,0.997480035,0.998199999,0.985709965,0.640199959,0.332359999,0.991009951
638.9500122,0.99751997,0.997990012,0.985409975,0.629729986,0.316390008,0.991110027
639.289978,0.997380018,0.997580051,0.985080004,0.619740009,0.300359994,0.991070032
639.6400146,0.997559965,0.997279942,0.984639943,0.61036998,0.284339994,0.991080046
639.9799805,0.997559965,0.997070014,0.984290004,0.601850033,0.2685,0.990930021
640.3300171,0.997679949,0.99672997,0.983759999,0.593689978,0.253030002,0.99097997
640.6699829,0.997780025,0.996360004,0.983049989,0.585829973,0.2377,0.99097997
641.0200195,0.997580051,0.996190012,0.982310057,0.578639984,0.222840011,0.990849972
641.3599854,0.997409999,0.995650053,0.981249988,0.571510017,0.208499998,0.990479946
641.7000122,0.997619987,0.995299995,0.979940057,0.56479001,0.194659993,0.990370035
642.0499878,0.997559965,0.994899988,0.978359997,0.558340013,0.181400001,0.990360022
642.3900146,0.997590005,0.99447,0.976509988,0.551980019,0.168569997,0.990289986
642.7399902,0.997689962,0.994069993,0.974209964,0.545620024,0.156309992,0.990260005
643.0800171,0.997699976,0.993600011,0.971520007,0.539439976,0.144810006,0.989929974
643.4299927,0.997810006,0.993140042,0.968300045,0.533039987,0.134000003,0.989820004
643.7700195,0.997829974,0.992949963,0.964590013,0.526820004,0.123909995,0.989740014
644.1099854,0.997640014,0.992549956,0.960150003,0.52015996,0.114440002,0.989549994
644.460022,0.997649968,0.992079973,0.95521003,0.513489962,0.105620004,0.98924005
644.7999878,0.997610033,0.991819978,0.949489951,0.506300032,0.097520001,0.988870025
645.1400146,0.997310042,0.991530001,0.943089962,0.498639971,0.089989997,0.988290012
645.4899902,0.997099996,0.991249979,0.935989976,0.490750015,0.083000004,0.988160014
645.8300171,0.996959984,0.990770042,0.927890003,0.482120007,0.076549999,0.987600029
646.1799927,0.996900022,0.99041003,0.919130027,0.47299999,0.070589997,0.987360001
646.5200195,0.996740043,0.990100026,0.909469962,0.463160008,0.065099999,0.987030029
646.8599854,0.996309996,0.989830017,0.898970008,0.45254001,0.059999999,0.98646003
647.210022,0.996330023,0.989419997,0.887710035,0.441440016,0.055339999,0.986140013
647.5499878,0.996370018,0.98913002,0.875670016,0.42967999,0.051030003,0.986070037
647.8900146,0.996200025,0.989069998,0.862959981,0.417070001,0.047059998,0.98556
648.2399902,0.995920002,0.989140034,0.849520028,0.403670013,0.043400001,0.985230029
648.5800171,0.995670021,0.989010036,0.835630059,0.389640003,0.040120002,0.984700024
648.9199829,0.995410025,0.988960028,0.821190059,0.375180006,0.037149999,0.984120011
649.2700195,0.995299995,0.988730013,0.806299984,0.360169977,0.034419999,0.983700037
649.6099854,0.994970024,0.98864001,0.790640056,0.344609976,0.031830002,0.983319998
649.9500122,0.994540036,0.988570035,0.775240004,0.32881999,0.0295,0.982760012
650.2999878,0.994419992,0.988209963,0.759270012,0.312849998,0.027420001,0.982470036
650.6400146,0.994199991,0.987969995,0.74364996,0.29716,0.025490001,0.982079983
650.9799805,0.993830025,0.987670004,0.727860034,0.281289995,0.023629999,0.981660008
651.3300171,0.993690014,0.987450004,0.71232003,0.265680015,0.02194,0.981409967
651.6699829,0.993290007,0.987370014,0.696539998,0.250149995,0.02039,0.981019974
652.0100098,0.99289,0.987289965,0.681429982,0.234979987,0.01895,0.980679989
652.3599854,0.992860019,0.987179995,0.665940046,0.220320001,0.01767,0.980199993
652.7000122,0.992330015,0.987149954,0.65083003,0.206249997,0.016449999,0.979639947
653.039978,0.992160022,0.987009943,0.635890007,0.192609996,0.01528,0.97924006
653.3800049,0.991900027,0.986930013,0.620840013,0.179559991,0.01429,0.978630006
653.7299805,0.991569996,0.986519992,0.605809987,0.167000011,0.01327,0.978179991
654.0700073,0.991400003,0.986039937,0.590900004,0.155220002,0.01234,0.977800012
654.4099731,0.991179943,0.985170007,0.575820029,0.144030005,0.01154,0.977370024
654.75,0.990869999,0.984179974,0.560760021,0.133489996,0.010770001,0.977180004
655.0999756,0.990840018,0.982879996,0.545449972,0.12353,0.010039999,0.976880014
655.4400024,0.990440011,0.981139958,0.529980004,0.114280008,0.00944,0.976610005
655.7800293,0.990459979,0.979179978,0.513989985,0.105600007,0.0088,0.976909995
656.1199951,0.990319967,0.977079988,0.498190016,0.097609997,0.00832,0.976909995
656.4699707,0.990080059,0.974229991,0.481920004,0.090150006,0.00784,0.976939976
656.8099976,0.990019977,0.971379995,0.465449989,0.083380006,0.00737,0.977040052
657.1500244,0.989660025,0.967570066,0.448339999,0.077,0.0069,0.976770043
657.4899902,0.989449978,0.963349998,0.431250006,0.071050003,0.00646,0.97683996
657.8400269,0.98931998,0.958499968,0.413760006,0.065630004,0.00605,0.976900041
658.1799927,0.989179969,0.952699959,0.396200001,0.060660001,0.00572,0.976830006
658.5200195,0.989010036,0.946200013,0.378289998,0.056110002,0.00537,0.976750016
658.8599854,0.989079952,0.939069986,0.360489994,0.051890001,0.00505,0.97676003
659.2000122,0.98913002,0.930419981,0.342550009,0.047909997,0.00473,0.976890028
659.5499878,0.989140034,0.921009958,0.324910015,0.044320002,0.00446,0.977349997
659.8900146,0.98913002,0.910350025,0.307300001,0.041030001,0.00419,0.977500021
660.2299805,0.989160001,0.898550034,0.289970011,0.037980001,0.00393,0.977679968
660.5700073,0.989140034,0.885670006,0.273099989,0.035160001,0.00364,0.977829993
660.9099731,0.989189982,0.871219993,0.256569982,0.032529999,0.00342,0.977829993
661.2600098,0.989059985,0.855729997,0.240620002,0.030160001,0.0032,0.977730036
661.5999756,0.989059985,0.839320004,0.225230008,0.028010001,0.00297,0.977429986
661.9400024,0.989120007,0.821869969,0.210490003,0.02596,0.00277,0.977020025
662.2800293,0.989289999,0.803270042,0.196480006,0.024119999,0.00264,0.976539969
662.6199951,0.989419997,0.783420026,0.183050007,0.022399999,0.00248,0.975849986
662.960022,0.989489973,0.762910008,0.170219988,0.02083,0.00233,0.974950016
663.3099976,0.989649951,0.74157995,0.158069998,0.01939,0.00213,0.974000037
663.6500244,0.989789963,0.719039977,0.146640003,0.018070001,0.00196,0.972669959
663.9899902,0.989849985,0.695680022,0.135900006,0.016860001,0.00186,0.971130013
664.3300171,0.990140021,0.671600044,0.125850007,0.01575,0.00176,0.969219983
664.6699829,0.990260005,0.647139966,0.116470002,0.01476,0.00159,0.966589987
665.0100098,0.99022001,0.622370005,0.107720003,0.013789999,0.00149,0.963420033
665.3499756,0.990240037,0.596870005,0.099630006,0.01288,0.0014,0.959599972
665.6900024,0.990059972,0.571170032,0.092189997,0.01214,0.0014,0.955070019
666.039978,0.990010023,0.545480013,0.085349999,0.01135,0.0013,0.949769974
666.3800049,0.989179969,0.519930005,0.078940004,0.01066,0.00126,0.943119943
666.7199707,0.988150001,0.494179994,0.073030002,0.010039999,0.00119,0.935599983
667.0599976,0.987109959,0.468679994,0.06752,0.009430001,0.00115,0.927300036
667.4000244,0.985689998,0.443450004,0.062509999,0.00889,0.00109,0.917639971
667.7399902,0.983799994,0.418749988,0.057810001,0.00833,0.00104,0.906500041
668.0800171,0.981740057,0.394500017,0.053460002,0.00772,0.0009,0.894209981
668.4199829,0.978879988,0.370970011,0.049429998,0.00728,0.00084,0.880280018
668.7600098,0.975589991,0.347949982,0.0458,0.00685,0.00075,0.864940047
669.0999756,0.971760035,0.32604,0.042429999,0.00644,0.00069,0.84780997
669.4400024,0.966719985,0.304780006,0.03932,0.00606,0.00062,0.828909993
669.789978,0.960979998,0.284590006,0.036490001,0.00571,0.00051,0.808420002
670.1300049,0.954290032,0.265320003,0.033940002,0.00546,0.00044,0.78658998
670.4699707,0.946419954,0.247199997,0.031550001,0.00521,0.00044,0.763109982
670.8099976,0.937119961,0.22992,0.02932,0.00495,0.00036,0.738519967
671.1500244,0.926970005,0.21360001,0.027240001,0.0047,0.00031,0.712590039
671.4899902,0.915329993,0.198119998,0.02537,0.00441,0.00025,0.685380042
671.8300171,0.902330041,0.183710009,0.023659999,0.00425,0.00025,0.657440007
672.1699829,0.888150036,0.170249999,0.022079999,0.00403,0.00022,0.629010022
672.5100098,0.871989965,0.157619998,0.02059,0.00384,0.0002,0.599869967
672.8499756,0.853970051,0.145790011,0.01918,0.00366,0.00012,0.570360005
673.1900024,0.83484,0.134829998,0.01798,0.00346,0.00011,0.540690005
673.5300293,0.81418997,0.12472,0.016790001,0.00322,7.00E-05,0.511200011
673.8699951,0.791719973,0.115359999,0.015700001,0.00309,2.00E-05,0.482019991
674.210022,0.767829955,0.106650002,0.0147,0.00285,-6.00E-05,0.453510016
674.5499878,0.742389977,0.098570004,0.01375,0.00269,-8.00E-05,0.425589979
674.8900146,0.716179967,0.091090001,0.01286,0.00254,-0.00014,0.398520023
675.2299805,0.688859999,0.084250003,0.01208,0.00238,-0.00018,0.372270018
675.5700073,0.660449982,0.077930003,0.01127,0.00223,-0.00024,0.347260028
675.9099731,0.631309986,0.072059996,0.010570001,0.00212,-0.00028,0.323510021
676.25,0.601740003,0.066660002,0.0099,0.00198,-0.00034,0.30091998
676.5900269,0.572030008,0.06171,0.00927,0.00188,-0.00039,0.279430002
676.9299927,0.542309999,0.057189997,0.00868,0.00173,-0.00046,0.259339988
677.2700195,0.512499988,0.053049996,0.00823,0.00166,-0.00049,0.240370005
677.6099854,0.483269989,0.049180001,0.00778,0.00157,-0.00048,0.222789988
677.9500122,0.454580009,0.045729998,0.00738,0.00152,-0.00043,0.206270009
678.289978,0.426860005,0.042550001,0.00701,0.00144,-0.00044,0.190890014
678.6300049,0.399859995,0.03954,0.00662,0.00138,-0.00045,0.176569998
678.9699707,0.373940021,0.03675,0.00628,0.00131,-0.00042,0.163269997
679.3099976,0.349029988,0.03418,0.00599,0.00128,-0.00039,0.150930002
679.6500244,0.32543999,0.031750001,0.00562,0.00118,-0.00041,0.139519989
679.9799805,0.303139985,0.02954,0.00528,0.00111,-0.00048,0.128910005
680.3200073,0.282319993,0.027479999,0.005,0.00104,-0.00051,0.119149998
680.6599731,0.262490004,0.025660001,0.00472,0.00102,-0.00054,0.110210001
681,0.243919998,0.02396,0.0045,0.00101,-0.00054,0.101910003
681.3400269,0.226480007,0.022390001,0.00423,0.00095,-0.00062,0.094280005
681.6799927,0.210209996,0.02093,0.00403,0.00091,-0.0006,0.087200001
682.0200195,0.194940001,0.01959,0.00382,0.00084,-0.00059,0.080629997
682.3599854,0.180720001,0.018339999,0.00365,0.00084,-0.00056,0.074680001
682.7000122,0.167329997,0.017170001,0.00347,0.0008,-0.00055,0.069169998
683.039978,0.154870003,0.01602,0.00325,0.0007,-0.0006,0.06402
683.3800049,0.143480003,0.01503,0.00309,0.00061,-0.00061,0.059359998
683.710022,0.132929996,0.01407,0.00293,0.00057,-0.00059,0.055050001
684.0499878,0.123129994,0.01322,0.00272,0.00054,-0.00067,0.051069997
684.3900146,0.114100002,0.01242,0.00256,0.0005,-0.0007,0.047490001
684.7299805,0.10571,0.01166,0.00241,0.00044,-0.00075,0.04414
685.0700073,0.098120004,0.01095,0.00225,0.0004,-0.00083,0.04104
685.4099731,0.091079995,0.010319999,0.00213,0.00039,-0.00077,0.03827
685.75,0.084530003,0.00974,0.00203,0.0004,-0.00077,0.035659999
686.0900269,0.07846,0.00917,0.00193,0.00036,-0.00081,0.033220001
686.4199829,0.072949998,0.00863,0.00189,0.00032,-0.00082,0.03097
686.7600098,0.067850001,0.00813,0.0018,0.00033,-0.00079,0.02895
687.0999756,0.063210003,0.00772,0.00172,0.00034,-0.00074,0.02706
687.4400024,0.058800001,0.00727,0.00162,0.00035,-0.00069,0.025339998
687.7800293,0.054790001,0.00688,0.00161,0.00039,-0.0007,0.02368
688.1199951,0.051030003,0.00649,0.00151,0.00038,-0.00073,0.02217
688.4500122,0.047600001,0.00617,0.00147,0.00044,-0.0007,0.02083
688.789978,0.04442,0.00586,0.00139,0.00048,-0.00069,0.019609999
689.1300049,0.041479997,0.00553,0.0013,0.00046,-0.0007,0.018409999
689.4699707,0.03878,0.0052,0.00123,0.00046,-0.00074,0.017280001
689.8099976,0.036310002,0.00495,0.00115,0.00044,-0.0008,0.016210001
690.1400146,0.034030002,0.00466,0.00106,0.00043,-0.00084,0.01525
690.4799805,0.031950001,0.00443,0.001,0.00039,-0.00085,0.014359999
690.8200073,0.029949998,0.00415,0.0009,0.00032,-0.00085,0.0135
691.1599731,0.028099999,0.0039,0.00085,0.0003,-0.00086,0.01269
691.5,0.02637,0.00369,0.00083,0.00026,-0.00091,0.01196
691.8300171,0.02476,0.00351,0.0008,0.00023,-0.00094,0.01128
692.1699829,0.02321,0.00333,0.00079,0.00022,-0.00091,0.010679999
692.5100098,0.021819999,0.00316,0.00079,0.00021,-0.00087,0.0101
692.8499756,0.020550001,0.00297,0.00076,0.00022,-0.00085,0.00957
693.1799927,0.01943,0.00282,0.00074,0.00024,-0.00091,0.00905
693.5200195,0.01832,0.00272,0.00074,0.00028,-0.00087,0.00861
693.8599854,0.01726,0.00255,0.00069,0.0003,-0.00088,0.00816
694.2000122,0.0163,0.00235,0.00065,0.00029,-0.00092,0.00773
694.5300293,0.01546,0.00218,0.00062,0.00029,-0.00094,0.00737
694.8699951,0.01464,0.00203,0.0006,0.00025,-0.00098,0.00698
695.210022,0.01381,0.00194,0.00059,0.00026,-0.00102,0.00666
695.5499878,0.013049999,0.00188,0.00063,0.00026,-0.00097,0.00637
695.8800049,0.01234,0.00178,0.00057,0.00025,-0.00102,0.00602
696.2199707,0.01174,0.00168,0.00052,0.00029,-0.00103,0.00573
696.5599976,0.01112,0.00162,0.00053,0.00031,-0.00097,0.00547
696.9000244,0.010570001,0.00157,0.00045,0.00036,-0.00098,0.00515
697.2299805,0.010039999,0.00151,0.00037,0.00043,-0.00094,0.00492
697.5700073,0.00954,0.00136,0.00036,0.00043,-0.00094,0.00463
697.9099731,0.00905,0.00129,0.00036,0.00049,-0.00095,0.00443
698.2399902,0.00861,0.00114,0.00038,0.0005,-0.00097,0.00423
698.5800171,0.00821,0.00107,0.00037,0.00046,-0.00097,0.00405
698.9199829,0.0078,0.00101,0.00033,0.00045,-0.00102,0.0038
699.25,0.00745,0.00093,0.00041,0.00041,-0.00102,0.00366
699.5900269,0.00716,0.00086,0.00042,0.00039,-0.00107,0.00349
699.9299927,0.00681,0.00077,0.00035,0.00033,-0.00112,0.00329
700.2600098,0.0065,0.00071,0.0003,0.0003,-0.0011,0.00307
700.5999756,0.0062,0.00065,0.00026,0.00026,-0.00112,0.00295
700.9400024,0.00594,0.00065,0.00028,0.0003,-0.00111,0.0028
701.2700195,0.00569,0.00063,0.00032,0.00035,-0.0011,0.0027
701.6099854,0.00542,0.00056,0.00027,0.00031,-0.00112,0.00251
701.9500122,0.0052,0.00049,0.00026,0.00031,-0.00112,0.00238
702.2800293,0.005,0.00047,0.00028,0.00039,-0.00107,0.00236
702.6199951,0.00488,0.0004,0.00029,0.00044,-0.00109,0.00231
702.960022,0.00467,0.0004,0.00031,0.00052,-0.00105,0.00216
703.289978,0.00446,0.0003,0.00029,0.0005,-0.00109,0.00206
703.6300049,0.00427,0.00021,0.00025,0.00045,-0.00112,0.00196
703.960022,0.0041,0.00019,0.00025,0.00049,-0.00111,0.00192
704.2999878,0.00391,0.00017,0.00025,0.0005,-0.0011,0.00183
704.6400146,0.0038,0.00015,0.00027,0.0005,-0.0011,0.00171
704.9699707,0.00365,0.00012,0.0003,0.00047,-0.00113,0.00166
705.3099976,0.00357,1.00E-04,0.00032,0.00044,-0.00109,0.0016
705.6400146,0.00353,0.00011,0.00039,0.0005,-0.00103,0.0016
705.9799805,0.00341,0.00013,0.00039,0.00055,-0.00102,0.00157
706.3200073,0.00334,0.00013,0.00045,0.00065,-0.00097,0.00153
706.6500244,0.00316,9.00E-05,0.00046,0.00067,-0.00096,0.00149
706.9899902,0.00302,3.00E-05,0.00043,0.00068,-0.00097,0.00142
707.3200073,0.00285,-6.00E-05,0.00034,0.00072,-0.00098,0.00128
707.6599731,0.00273,-7.00E-05,0.00033,0.00073,-0.00095,0.00126
707.9899902,0.00262,-9.00E-05,0.00031,0.00077,-0.00093,0.00117
708.3300171,0.00258,-0.00012,0.00035,0.00078,-0.00093,0.0011
708.6699829,0.00251,-1.00E-04,0.00039,0.00077,-0.00093,0.00108
709,0.00242,-0.00011,0.00044,0.00079,-0.00091,0.00102
709.3400269,0.00237,-8.00E-05,0.00048,0.00082,-0.00087,0.00101
709.6699829,0.00232,-1.00E-05,0.00052,0.00085,-0.00085,0.00102
710.0100098,0.00222,-7.00E-05,0.00052,0.00084,-0.00093,0.00093
710.3400269,0.00215,-8.00E-05,0.00055,0.00084,-0.00096,0.00087
710.6799927,0.00208,-1.00E-04,0.00054,0.00087,-0.0009,0.00086
711.0100098,0.00197,-0.00018,0.00046,0.00083,-0.00091,0.00081
711.3499756,0.00199,-0.00015,0.00046,0.00085,-0.0009,0.00077
711.6799927,0.00193,-0.00015,0.00049,0.0009,-0.0009,0.00071
712.0200195,0.00195,-0.00012,0.00059,0.00089,-0.00084,0.00074
712.3499756,0.00193,-0.00014,0.00061,0.00093,-0.00085,0.00071
712.6900024,0.00186,-0.00016,0.00059,0.00089,-0.00081,0.00068
713.0200195,0.0018,-0.00014,0.0006,0.0009,-0.00079,0.00068
713.3599854,0.00175,-0.00018,0.0006,0.00094,-0.00079,0.00065
713.6900024,0.00165,-0.00022,0.00058,0.00096,-0.00078,0.00063
714.0300293,0.00156,-0.00023,0.00057,0.00097,-0.00083,0.00063
714.3599854,0.00145,-0.00027,0.0005,0.00103,-0.00082,0.00059
714.7000122,0.00142,-0.00026,0.00051,0.00102,-0.00079,0.00056
715.0300293,0.00139,-0.00025,0.00053,0.0011,-0.0008,0.00052
715.3699951,0.00135,-0.00025,0.00054,0.00116,-0.00085,0.00045
715.7000122,0.00129,-0.00023,0.00051,0.00119,-0.00088,0.00042
716.039978,0.00134,-0.00021,0.00057,0.00128,-0.00087,0.00038
716.3699951,0.0013,-0.00022,0.00057,0.00127,-0.00081,0.00034
716.7000122,0.00125,-0.00029,0.00056,0.00127,-0.00081,0.00028
717.039978,0.00119,-0.00031,0.00058,0.00132,-0.00082,0.0003
717.3699951,0.00113,-0.00027,0.00063,0.00136,-0.00081,0.00035
717.710022,0.00105,-0.00037,0.00058,0.00131,-0.0008,0.00033
718.039978,0.00106,-0.00039,0.00068,0.00136,-0.00076,0.00034
718.3800049,0.00101,-0.00041,0.0007,0.00132,-0.00076,0.00036
718.710022,0.00103,-0.00042,0.00073,0.00134,-0.00077,0.00041
719.039978,0.00105,-0.00032,0.0008,0.00136,-0.00078,0.00042
719.3800049,0.00098,-0.00034,0.00076,0.00135,-0.00079,0.00038
719.710022,0.00097,-0.00046,0.00072,0.00134,-0.00079,0.00028
720.0499878,0.00099,-0.00044,0.0008,0.00146,-0.00071,0.00033
720.3800049,0.00098,-0.00039,0.00078,0.00145,-0.00069,0.00032
720.710022,0.00094,-0.0004,0.00075,0.00144,-0.00076,0.00027
721.0499878,0.00097,-0.00036,0.0008,0.00152,-0.00074,0.00024
721.3800049,0.00089,-0.00045,0.00071,0.0015,-0.00077,0.00019
721.7199707,0.00092,-0.00046,0.00075,0.00154,-0.00079,0.00019
722.0499878,0.00085,-0.00039,0.00081,0.00155,-0.00077,0.00024
722.3800049,0.00085,-0.00038,0.00082,0.00151,-0.00084,0.00016
722.7199707,0.0008,-0.00041,0.00083,0.00156,-0.00087,0.00011
723.0499878,0.00076,-0.00045,0.00082,0.00161,-0.00081,0.00013
723.3800049,0.00066,-0.0005,0.0008,0.0016,-0.00086,0.00014
723.7199707,0.0007,-0.00044,0.00092,0.00171,-0.00081,0.00018
724.0499878,0.0007,-0.00041,0.00091,0.00173,-0.00077,0.00021
724.3800049,0.00075,-0.00042,0.00092,0.00183,-0.00075,0.00021
724.7199707,0.00073,-0.00047,0.00092,0.00186,-0.00081,0.00026
725.0499878,0.0007,-0.00054,0.00092,0.00185,-0.00084,0.00028
725.3800049,0.00063,-0.00057,0.00096,0.00186,-0.00091,0.00026
725.7199707,0.00067,-0.0006,0.00103,0.00188,-0.00094,0.00025
726.0499878,0.00062,-0.00065,0.00098,0.00187,-0.00097,0.00021
726.3800049,0.00056,-0.00074,0.00099,0.00192,-0.00103,0.0002
726.7199707,0.0005,-0.00072,0.00097,0.00189,-0.00106,0.00018
727.0499878,0.00056,-0.00055,0.001,0.00195,-0.00098,0.00018
727.3800049,0.0006,-0.00049,0.00104,0.00199,-0.00089,0.00019
727.710022,0.00055,-0.00052,0.00098,0.00198,-0.00089,0.00014
728.0499878,0.00055,-0.00049,0.00094,0.00207,-0.00081,0.00015
728.3800049,0.00051,-0.00052,0.00098,0.00209,-0.00088,0.00015
728.710022,0.00054,-0.00048,0.001,0.00208,-0.00086,9.00E-05
729.0499878,0.00058,-0.00054,0.00101,0.0021,-0.00089,0.00011
729.3800049,0.00049,-0.00063,0.00098,0.00209,-0.00089,8.00E-05
729.710022,0.0005,-0.00061,0.00107,0.0021,-0.00089,0.00011
730.039978,0.00064,-0.00049,0.00117,0.00217,-0.00082,0.00017
730.3800049,0.00063,-0.00049,0.00123,0.00209,-0.00087,0.00012
730.710022,0.00066,-0.00051,0.00124,0.00204,-0.0008,0.00013
731.039978,0.00067,-0.00048,0.00124,0.00202,-0.0008,0.00016
731.3699951,0.00071,-0.00047,0.00128,0.00206,-0.00077,0.00017
731.710022,0.00075,-0.00052,0.00132,0.00207,-0.0008,0.00016
732.039978,0.00067,-0.00054,0.00123,0.0021,-0.00088,6.00E-05
732.3699951,0.00066,-0.00057,0.00122,0.00216,-0.00092,8.00E-05
732.7000122,0.00062,-0.00054,0.00127,0.00227,-0.00089,0.00013
733.039978,0.00066,-0.0005,0.0013,0.00238,-0.00083,0.00015
733.3699951,0.00069,-0.00045,0.00136,0.00244,-0.0008,0.00019
733.7000122,0.00068,-0.00042,0.00141,0.00247,-0.00074,0.0002
734.0300293,0.00064,-0.00035,0.00148,0.00253,-0.0007,0.00019
734.3599854,0.00069,-0.00038,0.00151,0.00257,-0.0007,0.0002
734.7000122,0.0007,-0.00041,0.0015,0.00257,-0.00069,0.00019
735.0300293,0.00065,-0.00056,0.00141,0.0025,-0.00075,6.00E-05
735.3599854,0.00066,-0.00049,0.00147,0.00258,-0.00078,4.00E-05
735.6900024,0.00056,-0.00056,0.00145,0.00262,-0.00083,-1.00E-05
736.0200195,0.00047,-0.00062,0.00141,0.00263,-0.0009,-2.00E-05
736.3499756,0.00049,-0.00065,0.0014,0.00264,-0.00091,2.00E-05
736.6900024,0.00048,-0.00062,0.00142,0.00269,-0.00091,4.00E-05
737.0200195,0.00049,-0.00061,0.00147,0.0027,-0.00089,2.00E-05
737.3499756,0.00058,-0.00047,0.00159,0.00275,-0.00081,0.00011
737.6799927,0.00064,-0.00048,0.00158,0.00273,-0.0008,0.00013
738.0100098,0.0007,-0.00048,0.00161,0.00273,-0.00075,0.00011
738.3400269,0.00069,-0.00041,0.00162,0.00272,-0.00074,7.00E-05
738.6799927,0.00066,-0.0005,0.00153,0.0027,-0.00081,-1.00E-05
739.0100098,0.00053,-0.00053,0.00148,0.00261,-0.00082,-1.00E-05
739.3400269,0.00044,-0.00052,0.00145,0.0026,-0.00081,1.00E-05
739.6699829,0.00036,-0.00059,0.0014,0.0026,-0.0008,-4.00E-05
740,0.00025,-0.00069,0.00135,0.00252,-0.00087,-1.00E-04
740.3300171,0.00031,-0.00066,0.00136,0.0026,-0.00078,1.00E-05
740.6599731,0.00035,-0.00064,0.00144,0.0027,-0.00071,8.00E-05
740.9899902,0.00043,-0.00054,0.00152,0.00269,-0.00058,0.00017
741.3200073,0.00049,-0.00056,0.00159,0.00275,-0.00054,0.00021
741.6599731,0.00056,-0.00058,0.00169,0.00285,-0.00041,0.0002
741.9899902,0.00048,-0.0006,0.00163,0.00287,-0.0004,0.00013
742.3200073,0.00051,-0.00052,0.00168,0.00297,-0.00032,0.0002
742.6500244,0.00044,-0.00049,0.0017,0.00296,-0.00027,0.00013
742.9799805,0.00042,-0.00053,0.00166,0.00292,-0.00021,1.00E-04
743.3099976,0.0004,-0.00059,0.00167,0.00303,-0.00011,6.00E-05
743.6400146,0.00048,-0.00053,0.0017,0.00305,4.00E-05,5.00E-05
743.9699707,0.00053,-0.00049,0.00167,0.00308,0.00013,5.00E-05
744.2999878,0.00066,-0.00047,0.00176,0.0031,0.00027,0.00013
744.6300049,0.00064,-0.00051,0.00176,0.0031,0.00041,8.00E-05
744.960022,0.00066,-0.00056,0.00175,0.00311,0.00045,5.00E-05
745.289978,0.00065,-0.00056,0.00178,0.00316,0.00058,0
745.6199951,0.00066,-0.0005,0.00176,0.00317,0.00066,4.00E-05
745.9500122,0.00062,-0.00052,0.00178,0.00323,0.00076,0
746.2800293,0.00057,-0.00053,0.00173,0.00322,0.00082,2.00E-05
746.6099854,0.00054,-0.00049,0.00174,0.00324,0.0009,1.00E-05
746.9400024,0.00056,-0.00047,0.00174,0.00328,0.00098,5.00E-05
747.2800293,0.00052,-0.00049,0.00173,0.0033,0.00109,3.00E-05
747.6099854,0.00052,-0.00049,0.00177,0.00329,0.00118,1.00E-04
747.9400024,0.00045,-0.00058,0.00182,0.00325,0.00121,1.00E-04
748.2700195,0.00043,-0.00063,0.00176,0.00321,0.00125,0.00012
748.5999756,0.00044,-0.00062,0.00184,0.0032,0.00136,0.00012
748.9299927,0.00047,-0.00065,0.00179,0.00322,0.0014,0.00011
749.2600098,0.00049,-0.00064,0.00187,0.00325,0.00154,0.00015
749.5800171,0.00049,-0.00066,0.00191,0.00326,0.00165,0.00016
749.9099731,0.00048,-0.00069,0.00191,0.0033,0.00169,0.00012
750.2399902,0.00045,-0.00071,0.00185,0.00332,0.00177,5.00E-05
750.5700073,0.00039,-0.0007,0.0019,0.00331,0.00178,0
750.9000244,0.00031,-0.00072,0.00182,0.00333,0.00165,-3.00E-05
751.2299805,0.00026,-0.00075,0.00185,0.00329,0.00163,-6.00E-05
751.5599976,0.00016,-0.00084,0.00182,0.00323,0.00151,-0.0002
751.8900146,0.00021,-0.00079,0.00184,0.00322,0.00141,-0.00018
752.2199707,0.00025,-0.00084,0.00175,0.00325,0.00132,-0.00022
752.5499878,0.00026,-0.00087,0.00178,0.00323,0.00127,-0.00023
752.8800049,0.00034,-0.0008,0.0018,0.00328,0.00126,-0.00011
753.210022,0.0004,-0.00074,0.00194,0.00335,0.00141,-1.00E-05
753.539978,0.00035,-0.00069,0.00192,0.00341,0.00136,2.00E-05
753.8699951,0.00041,-0.00064,0.00188,0.00344,0.00133,6.00E-05
754.2000122,0.00041,-0.00065,0.00191,0.00355,0.00137,9.00E-05
754.5300293,0.00042,-0.00058,0.00202,0.00351,0.00139,0.00016
754.8599854,0.0004,-0.00051,0.00196,0.00351,0.00128,0.00017
755.1900024,0.00042,-0.00055,0.00199,0.00352,0.00118,0.00013
755.5100098,0.00044,-0.00061,0.00203,0.00344,0.00101,6.00E-05
755.8400269,0.00052,-0.00063,0.00212,0.00347,0.00102,0.00011
756.1699829,0.00053,-0.00066,0.00215,0.00352,0.00096,0.00014
756.5,0.00046,-0.0007,0.00208,0.00346,0.00084,0.00011
756.8300171,0.00051,-0.00065,0.00205,0.00353,0.00069,9.00E-05
757.1599731,0.00053,-0.00067,0.00214,0.00352,0.00074,3.00E-05
757.4899902,0.00049,-0.00066,0.00201,0.00355,0.00059,-5.00E-05
757.8200073,0.00046,-0.00064,0.00193,0.00356,0.00053,-3.00E-05
758.1400146,0.00047,-0.00064,0.00194,0.0036,0.00047,-7.00E-05
758.4699707,0.00039,-0.00063,0.00199,0.00358,0.00035,-6.00E-05
758.7999878,0.00041,-0.00063,0.00198,0.00353,0.00017,-6.00E-05
759.1300049,0.00038,-0.00067,0.00197,0.00349,0.00011,-7.00E-05
759.460022,0.00039,-0.00066,0.00194,0.00362,-3.00E-05,-3.00E-05
759.789978,0.00046,-0.00062,0.00201,0.00365,3.00E-05,2.00E-05
760.1199951,0.00045,-0.00072,0.00187,0.00361,-6.00E-05,-2.00E-05
760.4400024,0.00043,-0.00075,0.00187,0.00358,-0.00017,-2.00E-05
760.7700195,0.00049,-0.00071,0.00188,0.00359,-0.00016,7.00E-05
761.0999756,0.0006,-0.00063,0.00192,0.0037,-9.00E-05,0.00014
761.4299927,0.00057,-0.00069,0.00188,0.00374,-0.00013,0.00016
761.7600098,0.00057,-0.00069,0.00184,0.00367,-0.00019,0.00016
762.0800171,0.00055,-0.00067,0.00198,0.00376,-0.0002,0.00024
762.4099731,0.00053,-0.00058,0.00209,0.00385,-0.00024,0.00018
762.7399902,0.00059,-0.00055,0.00211,0.00387,-0.00021,0.00018
763.0700073,0.00049,-0.00059,0.00204,0.00385,-0.00029,6.00E-05
763.4000244,0.00035,-0.0007,0.00203,0.00381,-0.00027,-6.00E-05
763.7199707,0.0003,-0.00069,0.0021,0.00387,-0.00028,-0.00012
764.0499878,0.00025,-0.00072,0.00215,0.00396,-0.00021,-0.00015
764.3800049,0.00016,-0.00081,0.00203,0.00388,-0.00025,-0.00026
764.710022,0.00015,-0.0009,0.00194,0.00384,-0.00019,-0.00027
765.039978,3.00E-05,-0.00107,0.00176,0.0038,-0.00019,-0.00044
765.3599854,0.00013,-0.00109,0.00178,0.00392,-2.00E-05,-0.00046
765.6900024,0.00017,-0.00108,0.00175,0.00395,0.00013,-0.00046
766.0200195,0.00015,-0.00106,0.00176,0.00395,0.00033,-0.00045
766.3499756,0.00025,-0.00107,0.00179,0.00394,0.0006,-0.00045
766.6699829,0.00018,-0.0011,0.00174,0.00392,0.00085,-0.00042
767,0.0002,-0.00107,0.00182,0.00398,0.00112,-0.00031
767.3300171,0.00018,-0.00094,0.00197,0.00406,0.00139,-0.00012
767.6500244,0.00017,-0.00094,0.0019,0.00408,0.0017,-0.00015
767.9799805,0.00018,-0.00088,0.00204,0.0042,0.00194,-4.00E-05
768.3099976,0.00026,-0.00084,0.00198,0.00427,0.00226,1.00E-05
768.6400146,0.00011,-0.00084,0.00193,0.00439,0.00236,7.00E-05
768.960022,0.00014,-0.0008,0.00198,0.00448,0.00262,-1.00E-05
769.289978,0.00017,-0.00073,0.00206,0.00463,0.00289,-1.00E-05
769.6199951,0.0003,-0.00071,0.0021,0.00481,0.00325,-5.00E-05
769.9400024,0.0004,-0.00068,0.00217,0.00484,0.00337,-4.00E-05
770.2700195,0.00034,-0.00077,0.00207,0.0048,0.00343,-0.00016
770.5999756,0.0004,-0.00078,0.00216,0.0049,0.00356,-0.00013
770.9199829,0.00044,-0.00079,0.00216,0.00484,0.00361,-0.00016
771.25,0.00052,-0.00081,0.00218,0.00494,0.00367,-4.00E-05
771.5800171,0.00053,-0.00081,0.00219,0.00496,0.00366,-4.00E-05
771.9000244,0.00045,-0.00076,0.00218,0.00496,0.00355,-1.00E-05
772.2299805,0.00033,-0.00081,0.00211,0.00499,0.00343,3.00E-05
772.5599976,0.00035,-0.00081,0.00212,0.00501,0.00336,3.00E-05
772.8800049,0.00021,-0.00088,0.00202,0.00488,0.0031,1.00E-05
773.210022,0.00028,-0.00081,0.00211,0.00499,0.00313,2.00E-05
773.539978,0.00023,-0.00085,0.00212,0.00487,0.00288,-1.00E-05
773.8599854,0.00011,-0.00094,0.00192,0.00479,0.00262,-0.00014
774.1900024,1.00E-04,-0.00107,0.00183,0.00467,0.00237,-0.00018
774.5200195,2.00E-05,-0.00118,0.00181,0.00459,0.00216,-0.00024
774.8400269,-4.00E-05,-0.0012,0.0018,0.00448,0.00204,-0.00022
775.1699829,5.00E-05,-0.00127,0.00183,0.00455,0.00192,-0.00024
775.5,3.00E-05,-0.00131,0.00184,0.00454,0.00174,-0.00025
775.8200073,0,-0.00141,0.00172,0.00456,0.00159,-0.00036
776.1500244,8.00E-05,-0.00132,0.00193,0.00467,0.00156,-0.00023
776.4699707,9.00E-05,-0.00132,0.00192,0.00459,0.00132,-0.00031
776.7999878,0.00011,-0.00125,0.00201,0.00475,0.00119,-0.00023
777.1199951,0.00023,-0.00116,0.00214,0.00491,0.00105,-0.0002
777.4500122,1.00E-04,-0.00103,0.00214,0.00483,0.00082,-0.00028
777.7800293,6.00E-05,-0.00113,0.00197,0.00473,0.0006,-0.00041
778.0999756,0.00015,-0.00097,0.00213,0.00483,0.00054,-0.0003
778.4299927,0.00015,-0.0011,0.00204,0.00477,0.00036,-0.00034
778.75,0.00011,-0.00098,0.00205,0.00491,0.0004,-0.00025
779.0800171,0.00016,-0.00099,0.00199,0.00481,0.00039,-0.00026
779.4000244,5.00E-05,-0.00113,0.00183,0.00471,0.00015,-0.00036
779.7299805,0.00016,-0.00123,0.00177,0.00474,0.00014,-0.0003
780.0599976,0.00025,-0.00115,0.0019,0.00491,0.00011,-0.00021
780.3800049,0.00024,-0.00123,0.00187,0.00498,0,-0.00023
780.710022,0.00024,-0.00115,0.00188,0.00496,-0.00019,-0.00029
781.0300293,0.00039,-0.0012,0.00196,0.00496,-0.00025,-0.00034
781.3599854,0.00036,-0.00112,0.002,0.00494,-0.00042,-0.00046
781.6799927,0.00074,-0.00048,0.00277,0.00562,0.00032,-4.00E-05
782.0100098,0.00073,-0.00059,0.00289,0.0057,0.00019,-7.00E-05
782.3300171,0.0006,-0.00061,0.00288,0.00562,-6.00E-05,-6.00E-05
782.6599731,0.00048,-0.00063,0.00283,0.00546,-0.00015,-0.00018
782.9799805,0.00056,-0.00055,0.00285,0.00549,-0.00016,-0.00013
783.3099976,0.00042,-0.00059,0.00284,0.00555,-0.00032,-0.00016
783.6300049,0.00041,-0.00058,0.00287,0.00562,-0.00035,-8.00E-05
783.960022,-5.00E-05,-0.0013,0.00206,0.00488,-0.00119,-0.00044
784.2800293,-3.00E-05,-0.00113,0.00209,0.00487,-0.0011,-0.00042
784.6099854,1.00E-05,-0.00111,0.00206,0.00477,-0.00105,-0.00044
784.9299927,-4.00E-05,-0.00115,0.00202,0.00473,-0.00115,-0.0004
785.2600098,-0.00017,-0.00132,0.00196,0.00463,-0.0012,-0.0005
785.5800171,-0.00018,-0.00135,0.00195,0.00453,-0.00119,-0.00043
785.9099731,-0.00026,-0.00154,0.00185,0.00428,-0.00132,-0.00053
786.2299805,-7.00E-05,-0.00143,0.00194,0.00429,-0.00126,-0.00048
786.5599976,-0.00018,-0.00154,0.00184,0.00424,-0.00135,-0.00057
786.8800049,-0.00016,-0.00159,0.00194,0.00436,-0.00132,-0.00057
787.2000122,-2.00E-05,-0.00154,0.00202,0.00438,-0.00133,-0.00055
787.5300293,4.00E-05,-0.00148,0.00199,0.00438,-0.00131,-0.00055
787.8499756,0.00019,-0.00138,0.00215,0.00441,-0.00117,-0.00046
788.1799927,0.00033,-0.00126,0.00233,0.00468,-0.00102,-0.00032
788.5,0.00024,-0.00124,0.0024,0.00475,-0.00098,-0.00041
788.8300171,0.00026,-0.00122,0.00246,0.00468,-0.00106,-0.00043
789.1500244,0.00029,-0.00113,0.0025,0.00465,-0.00099,-0.00044
789.4699707,0.00023,-0.00116,0.00255,0.00478,-0.00097,-0.00043
789.7999878,0.00021,-0.00114,0.00271,0.00499,-0.00091,-0.00038
790.1199951,1.00E-04,-0.0012,0.00264,0.00508,-0.00095,-0.00055
790.4500122,4.00E-05,-0.00122,0.0026,0.00507,-0.00097,-0.00065
790.7700195,3.00E-05,-0.00123,0.00261,0.00523,-0.00094,-0.00065
791.0900269,8.00E-05,-0.00114,0.00256,0.00545,-0.00091,-0.00054
791.4199829,-2.00E-05,-0.00125,0.00257,0.00561,-0.00102,-0.00057
791.7399902,5.00E-05,-0.00115,0.00275,0.00578,-0.00083,-0.00053
792.0599976,-6.00E-05,-0.00124,0.00277,0.00574,-0.00082,-0.00055
792.3900146,-8.00E-05,-0.00131,0.00277,0.00586,-0.00081,-0.0005
792.710022,-0.00011,-0.00136,0.00281,0.00608,-0.00075,-0.00045
793.039978,-9.00E-05,-0.00137,0.00291,0.00616,-0.00069,-0.00045
793.3599854,-4.00E-05,-0.00143,0.00308,0.00639,-0.00042,-0.00047
793.6799927,8.00E-05,-0.00132,0.00312,0.00649,0,-0.00033
794.0100098,-1.00E-05,-0.00147,0.00298,0.00661,4.00E-05,-0.0004
794.3300171,0.0002,-0.0014,0.003,0.0068,0.00031,-0.00033
794.6500244,0.00021,-0.00139,0.00292,0.00691,0.00044,-0.00034
794.9799805,0.00025,-0.00144,0.00286,0.00688,0.00059,-0.0004
795.2999878,0.00026,-0.00144,0.00273,0.0069,0.00087,-0.00044
795.6199951,0.00019,-0.00143,0.00272,0.00681,0.00113,-0.0005
795.9400024,5.00E-05,-0.00156,0.00267,0.00679,0.00124,-0.00065
796.2700195,1.00E-04,-0.00145,0.00277,0.00666,0.00162,-0.00053
796.5900269,2.00E-05,-0.00154,0.0028,0.00662,0.00185,-0.0006
796.9099731,1.00E-05,-0.00157,0.00288,0.00642,0.00211,-0.00056
797.2399902,8.00E-05,-0.00142,0.00294,0.00637,0.00239,-0.00044
797.5599976,7.00E-05,-0.00145,0.00299,0.00627,0.00248,-0.00039
797.8800049,0.00013,-0.00146,0.00294,0.00606,0.00247,-0.00038
798.210022,0.00022,-0.00144,0.00295,0.00598,0.00248,-0.00036
798.5300293,0.00025,-0.00142,0.00283,0.00584,0.00242,-0.00047
798.8499756,0.00029,-0.00138,0.00281,0.00566,0.00241,-0.00048
799.1699829,0.00035,-0.00121,0.00288,0.00569,0.0024,-0.00052
799.5,0.0003,-0.00106,0.003,0.00561,0.00243,-0.00048
799.8200073,0.00022,-0.001,0.003,0.00552,0.00249,-0.00041
800.1400146,0.00023,-0.00098,0.00304,0.00555,0.00253,-0.00044
800.460022,0.00021,-0.00104,0.00299,0.0054,0.00245,-0.00038
800.789978,0.00029,-0.00098,0.00309,0.00541,0.00248,-0.00013
801.1099854,0.00022,-0.00091,0.003,0.00529,0.00241,-0.00013
801.4299927,0.00023,-0.00095,0.00305,0.00533,0.00248,-0.00013
801.75,0.00021,-0.00113,0.00289,0.00515,0.00223,-0.00026
802.0700073,0.00029,-0.00117,0.0028,0.00515,0.0019,-0.00032
802.4000244,0.0002,-0.00125,0.00266,0.00503,0.00164,-0.00022
802.7199707,0.00017,-0.00119,0.00262,0.00499,0.00155,-0.00035
803.039978,-2.00E-05,-0.00131,0.0024,0.00484,0.0013,-0.00068
803.3599854,-4.00E-05,-0.0014,0.00234,0.00482,0.00112,-0.00066
803.6799927,-0.00018,-0.00151,0.00214,0.00448,0.00071,-0.0007
804.0100098,-0.00024,-0.00158,0.0021,0.00437,0.00062,-0.00074
804.3300171,-0.0003,-0.00159,0.00209,0.00419,0.00062,-0.00073
804.6500244,-0.00024,-0.0015,0.0021,0.00425,0.00054,-0.00076
804.9699707,-0.00032,-0.0014,0.0021,0.00418,0.0004,-0.00071
805.289978,-0.00022,-0.00133,0.00229,0.00417,0.00033,-0.00055
805.6199951,-0.00029,-0.00136,0.00216,0.00401,5.00E-05,-0.00064
805.9400024,-0.00033,-0.00138,0.00212,0.00402,0,-0.00067
806.2600098,-0.00026,-0.00126,0.0023,0.0041,-0.0002,-0.00065
806.5800171,-0.00017,-0.00119,0.00241,0.00422,-0.00037,-0.00073
806.9000244,-0.0002,-0.00139,0.00238,0.00393,-0.0007,-0.00089
807.2199707,-0.00016,-0.00145,0.0024,0.00385,-0.00087,-0.00089
807.539978,-0.00017,-0.00146,0.00236,0.00374,-0.00103,-0.00097
807.8699951,-5.00E-05,-0.00141,0.00252,0.00395,-0.00103,-0.00098
808.1900024,2.00E-05,-0.00136,0.00259,0.004,-0.0011,-0.00104
808.5100098,7.00E-05,-0.00134,0.00253,0.00417,-0.00112,-0.00102
808.8300171,1.00E-05,-0.00137,0.0025,0.00423,-0.00131,-0.00093
809.1500244,0.00014,-0.00114,0.0027,0.00459,-0.00115,-0.00071
809.4699707,0.00023,-0.00121,0.00262,0.00484,-0.00122,-0.0008
809.789978,0.00024,-0.00113,0.00266,0.00516,-0.00129,-0.00074
810.1099854,0.00029,-0.00104,0.00274,0.00541,-0.00129,-0.00049
810.4299927,0.00019,-0.00108,0.00282,0.00558,-0.00139,-0.00062
810.7600098,5.00E-05,-0.00119,0.00276,0.00568,-0.00145,-0.0007
811.0800171,0.00013,-0.00109,0.00292,0.00594,-0.0012,-0.00065
811.4000244,-5.00E-05,-0.00128,0.00273,0.00594,-0.00132,-0.00089
811.7199707,-7.00E-05,-0.00122,0.00306,0.00611,-0.00128,-0.00074
812.039978,0,-0.00137,0.00311,0.00616,-0.00129,-0.0009
812.3599854,-0.00013,-0.00156,0.00312,0.00606,-0.00141,-0.00113
812.6799927,-1.00E-04,-0.00161,0.00326,0.00624,-0.00141,-0.00096
813,-0.00016,-0.00177,0.00329,0.00619,-0.00162,-0.00106
813.3200073,-0.0003,-0.00199,0.00331,0.0062,-0.00175,-0.00117
813.6400146,-0.00022,-0.00185,0.0035,0.00622,-0.00176,-0.00112
813.960022,-0.00022,-0.00182,0.00338,0.00623,-0.00186,-0.00115
814.2800293,-0.00042,-0.00188,0.00329,0.00626,-0.00204,-0.00117
814.5999756,-0.00041,-0.00177,0.00344,0.00638,-0.00212,-0.00113
814.9199829,-0.00028,-0.00173,0.00334,0.00621,-0.0022,-0.00104
815.2399902,-1.00E-04,-0.00172,0.00343,0.00619,-0.00213,-0.00096
815.5599976,-0.00018,-0.00175,0.00329,0.00602,-0.00234,-0.00102
815.8800049,-0.00018,-0.00181,0.00328,0.00617,-0.00236,-0.00096
816.2000122,-0.00014,-0.00184,0.00332,0.00613,-0.0024,-0.00084
816.5200195,-9.00E-05,-0.00173,0.00341,0.00601,-0.0023,-0.00059
816.8400269,5.00E-05,-0.00172,0.00327,0.00602,-0.00231,-0.00057
817.1599731,0.00013,-0.00167,0.00331,0.00621,-0.00219,-0.00042
817.4799805,5.00E-05,-0.00133,0.00333,0.00624,-0.002,-0.00036
817.7999878,0.00014,-0.00123,0.00337,0.00625,-0.00197,-0.00026
818.1199951,0.00019,-0.00123,0.00334,0.00612,-0.00188,-0.00026
818.4400024,0.00014,-0.0012,0.00329,0.00603,-0.00183,-0.00045
818.7600098,2.00E-05,-0.0013,0.00308,0.00603,-0.00195,-0.00065
819.0800171,-0.00016,-0.00133,0.00308,0.00582,-0.00199,-0.00069
819.4000244,-0.00032,-0.00152,0.00295,0.00564,-0.00211,-0.001
819.7199707,-0.00038,-0.00182,0.00266,0.00552,-0.00228,-0.00092
820.039978,-0.00034,-0.00173,0.00255,0.00544,-0.00225,-0.00099
820.3599854,-0.00038,-0.00178,0.00266,0.00531,-0.0022,-0.00098
820.6799927,-0.00043,-0.00192,0.00243,0.00507,-0.00235,-0.00105
821,-0.00034,-0.00206,0.00242,0.0048,-0.00245,-0.00113
821.3200073,-0.00033,-0.00226,0.00231,0.00469,-0.00253,-0.0011
821.6400146,-0.00036,-0.00216,0.00232,0.00463,-0.00254,-0.00104
821.960022,-0.00029,-0.00203,0.00259,0.00446,-0.00264,-0.00103
822.2700195,-0.00021,-0.00231,0.00272,0.0043,-0.00283,-0.00107
822.5900269,-0.00036,-0.00231,0.00252,0.00415,-0.00308,-0.00124
822.9099731,-0.00056,-0.00242,0.00255,0.004,-0.00318,-0.00126
823.2299805,-0.00038,-0.00229,0.00273,0.00405,-0.0031,-0.00112
823.5499878,-0.0005,-0.00223,0.00287,0.00383,-0.00314,-0.00126
823.8699951,-0.00044,-0.00233,0.00295,0.00357,-0.00315,-0.00135
824.1900024,-0.00041,-0.00245,0.00297,0.00347,-0.00316,-0.0015
824.5100098,-0.0006,-0.00241,0.00293,0.00343,-0.00309,-0.00148
824.8300171,-0.00058,-0.00252,0.00304,0.00331,-0.00318,-0.0014
825.1400146,-0.00049,-0.00246,0.00325,0.00323,-0.00317,-0.00119
825.460022,-0.00068,-0.00254,0.00332,0.00314,-0.00323,-0.00135
825.7800293,-0.00068,-0.00263,0.0033,0.00315,-0.00323,-0.00125
826.0999756,-0.00071,-0.00254,0.00336,0.00312,-0.00338,-0.00118
826.4199829,-0.00073,-0.00244,0.00326,0.00337,-0.00339,-0.00108
826.7399902,-0.00056,-0.00238,0.00328,0.00326,-0.0034,-0.00109
827.0599976,-0.00069,-0.00235,0.00329,0.00325,-0.00342,-0.00111
827.3699951,-0.00065,-0.00241,0.00315,0.00334,-0.00358,-0.00137
827.6900024,-0.00058,-0.00229,0.00303,0.00331,-0.00353,-0.00126
828.0100098,-0.0006,-0.0021,0.00297,0.00331,-0.00355,-0.0013
828.3300171,-0.00072,-0.00206,0.00293,0.00324,-0.00354,-0.00129
828.6500244,-0.00075,-0.00201,0.00292,0.00304,-0.00352,-0.0014
828.960022,-0.00086,-0.00185,0.00292,0.00312,-0.00349,-0.00133
829.2800293,-0.00064,-0.0016,0.0029,0.00305,-0.00362,-0.00141
829.5999756,-0.00065,-0.00144,0.00276,0.00301,-0.00359,-0.00133
829.9199829,-0.00073,-0.00113,0.0028,0.00306,-0.00362,-0.00126
830.2399902,-0.0005,-0.00088,0.00275,0.00314,-0.00354,-0.00113
830.5499878,-0.00025,-0.00072,0.00252,0.00327,-0.0035,-0.00126
830.8699951,-0.00052,-0.00093,0.0023,0.0031,-0.0037,-0.00142
831.1900024,-0.00049,-0.0008,0.00214,0.00299,-0.00375,-0.00143
831.5100098,-0.00063,-0.00072,0.00204,0.00307,-0.00368,-0.00125
831.8300171,-0.00087,-0.00078,0.00209,0.00294,-0.00383,-0.00142
832.1400146,-0.00103,-0.00116,0.00175,0.00268,-0.00413,-0.00185
832.460022,-0.0014,-0.00141,0.00137,0.00232,-0.00434,-0.002
832.7800293,-0.00163,-0.0014,0.00138,0.00225,-0.0044,-0.0018
833.0999756,-0.00145,-0.00103,0.00127,0.00242,-0.00431,-0.00155
833.4099731,-0.00146,-0.00101,0.00116,0.00251,-0.00423,-0.00159
833.7299805,-0.00152,-0.00105,0.00089,0.00236,-0.0042,-0.0018
834.0499878,-0.00119,-0.0008,0.00086,0.00256,-0.00384,-0.00153
834.3599854,-0.00102,-0.0006,0.00074,0.00251,-0.00378,-0.00122
834.6799927,-0.00083,-0.00037,0.00093,0.00283,-0.0037,-0.00121
835,-0.00087,-0.0004,0.00084,0.00267,-0.0038,-0.00137
835.3200073,-0.00104,-0.00047,0.00072,0.00234,-0.00397,-0.00164
835.6300049,-0.00116,-0.00062,0.00045,0.00208,-0.00423,-0.00181
835.9500122,-0.00112,-0.00048,0.00037,0.00209,-0.00434,-0.00182
836.2700195,-0.00106,-0.00039,0.00033,0.00203,-0.00439,-0.00178
836.5800171,-0.00115,-0.00028,0.00033,0.00218,-0.0045,-0.00178
836.9000244,-0.00104,-0.00011,0.00026,0.00219,-0.00445,-0.00173
837.2199707,-0.00095,4.00E-05,-4.00E-05,0.00233,-0.00438,-0.00163
837.5300293,-0.0008,0.00014,1.00E-05,0.00249,-0.00431,-0.00168
837.8499756,-0.00066,0.00033,0.00022,0.0025,-0.00423,-0.0016
838.1699829,-0.00048,0.00038,0.00051,0.00256,-0.00406,-0.00139
838.4799805,-0.00052,0.00041,0.00057,0.0026,-0.00409,-0.00143
838.7999878,-0.00039,0.00038,0.00056,0.00253,-0.0039,-0.00147
839.1199951,-0.0005,0.00013,0.00032,0.00223,-0.00397,-0.00162
839.4299927,-0.00052,-0.00011,0.00046,0.00201,-0.0041,-0.00174
839.75,-0.00052,-0.00018,0.00039,0.00188,-0.00421,-0.00156
840.0700073,-0.00048,-0.00036,0.00039,0.00193,-0.00421,-0.00152
840.3800049,-0.00042,-0.00055,0.0002,0.00191,-0.00426,-0.00164
840.7000122,-0.00059,-0.00088,-2.00E-05,0.00163,-0.00454,-0.00182
841.0100098,-0.00075,-0.00132,-0.00018,0.00146,-0.00473,-0.0019
841.3300171,-0.00071,-0.00136,1.00E-04,0.00153,-0.00467,-0.00177
841.6500244,-0.00074,-0.00127,0.00021,0.00175,-0.0045,-0.00164
841.960022,-0.00079,-0.00157,9.00E-05,0.00166,-0.00447,-0.00172
842.2800293,-0.00088,-0.00166,-9.00E-05,0.00151,-0.0046,-0.00163
842.5999756,-0.00136,-0.0021,-0.00033,0.00113,-0.00494,-0.00159
842.9099731,-0.00137,-0.00222,-0.00041,0.00114,-0.00488,-0.00147
843.2299805,-0.00117,-0.00203,-0.0002,0.00127,-0.00471,-0.00125
843.539978,-0.00115,-0.00199,-0.00036,0.00142,-0.00483,-0.00107
843.8599854,-0.0011,-0.00231,-0.00053,0.00137,-0.00492,-0.001
844.1699829,-0.00111,-0.00227,-0.00041,0.00152,-0.00471,-0.00077
844.4899902,-0.00117,-0.00242,-0.00057,0.00147,-0.00475,-0.00094
844.8099976,-0.00087,-0.00237,-0.0006,0.00158,-0.0047,-0.00093
845.1199951,-0.00097,-0.00235,-0.0005,0.00151,-0.00456,-0.00102
845.4400024,-0.00116,-0.00254,-0.00052,0.00144,-0.00463,-0.00101
845.75,-0.0013,-0.00289,-0.00064,0.00123,-0.00472,-0.00121
846.0700073,-0.00126,-0.00276,-0.00064,0.00123,-0.00485,-0.00118
846.3800049,-0.00122,-0.00277,-0.00038,0.00127,-0.00518,-0.00113
846.7000122,-0.00111,-0.00284,-0.00017,0.00138,-0.00517,-0.00092
847.0100098,-0.00128,-0.00297,-8.00E-05,0.00149,-0.00506,-0.0009
847.3300171,-0.00108,-0.00297,-5.00E-05,0.00158,-0.00505,-0.00061
847.6400146,-0.001,-0.00298,-6.00E-05,0.00169,-0.00511,-0.00058
847.960022,-0.00098,-0.00308,-6.00E-05,0.00156,-0.00526,-0.00052
848.2700195,-0.00084,-0.00318,0,0.0014,-0.00506,-0.00048
848.5900269,-0.00086,-0.00331,-0.00031,0.00129,-0.00499,-0.00072
848.9000244,-0.00082,-0.00333,-0.00042,0.00157,-0.00497,-0.00077
849.2199707,-0.00064,-0.00323,-0.00044,0.00167,-0.00494,-0.00066
849.5300293,-0.00091,-0.00352,-0.0008,0.00161,-0.00533,-0.00076
849.8499756,-0.00073,-0.00332,-0.00075,0.00175,-0.00517,-0.00074
850.1599731,-0.00067,-0.00316,-0.00088,0.00189,-0.00507,-0.00065
850.4799805,-0.0008,-0.00315,-0.001,0.00192,-0.0053,-0.00079
850.789978,-0.00085,-0.00325,-0.00096,0.00184,-0.00522,-0.00067
851.1099854,-0.00107,-0.00326,-0.001,0.00155,-0.00539,-0.00063
851.4199829,-0.00111,-0.00324,-0.00095,0.00155,-0.00524,-0.00068
851.7399902,-0.00126,-0.0033,-0.00086,0.00147,-0.0053,-0.00086
852.0499878,-0.0014,-0.00364,-0.00115,0.00128,-0.00567,-0.0011
852.3599854,-0.00139,-0.00384,-0.00098,0.00109,-0.00583,-0.00124
852.6799927,-0.00146,-0.0039,-0.00096,0.0011,-0.00572,-0.0012
852.9899902,-0.00138,-0.004,-0.00105,0.0009,-0.00595,-0.00123
853.3099976,-0.001,-0.004,-0.00093,0.00103,-0.00589,-0.00118
853.6199951,-0.00098,-0.00397,-0.00084,0.00105,-0.00598,-0.00119
853.9400024,-0.00079,-0.00383,-0.00072,0.00122,-0.00582,-0.00115
854.25,-0.00099,-0.00374,-0.00092,0.00111,-0.00579,-0.00116
854.5599976,-0.00116,-0.00386,-0.00105,0.00129,-0.00571,-0.00125
854.8800049,-0.00122,-0.00396,-0.00125,0.00114,-0.00577,-0.00137
855.1900024,-0.00127,-0.00388,-0.00118,0.00139,-0.00574,-0.0016
855.5100098,-0.00153,-0.00376,-0.00109,0.00148,-0.00576,-0.00178
855.8200073,-0.00162,-0.00396,-0.00141,0.00123,-0.00595,-0.00198
856.1300049,-0.00169,-0.00406,-0.0016,0.00098,-0.00605,-0.00205
856.4500122,-0.0016,-0.00414,-0.00131,0.00094,-0.00593,-0.002
856.7600098,-0.00155,-0.00409,-0.0013,0.00065,-0.00611,-0.00206
857.0700073,-0.0015,-0.0041,-0.00105,0.00075,-0.00607,-0.00203
857.3900146,-0.00141,-0.00405,-0.00102,0.00098,-0.00594,-0.00178
857.7000122,-0.0014,-0.00425,-0.00115,0.00083,-0.00588,-0.00169
858.0200195,-0.00136,-0.00423,-0.00112,0.00077,-0.00606,-0.00159
858.3300171,-0.00114,-0.0042,-0.00093,0.00097,-0.00586,-0.00169
858.6400146,-0.00112,-0.00407,-0.00091,0.00108,-0.00599,-0.00171
858.960022,-0.00107,-0.00406,-0.00096,0.00142,-0.00596,-0.00169
859.2700195,-0.00108,-0.00425,-0.00102,0.00136,-0.00614,-0.00182
859.5800171,-0.00125,-0.00427,-0.00127,0.00117,-0.0062,-0.00178
859.9000244,-0.00159,-0.00429,-0.00156,0.00096,-0.00655,-0.00203
860.210022,-0.00159,-0.00443,-0.00174,0.00097,-0.00667,-0.00196
860.5200195,-0.00158,-0.00416,-0.00166,0.00103,-0.00675,-0.00173
860.8300171,-0.00143,-0.00433,-0.00172,0.0009,-0.0068,-0.00183
861.1500244,-0.00145,-0.00452,-0.00186,0.0007,-0.00685,-0.00193
861.460022,-0.00168,-0.0045,-0.00229,0.00053,-0.00704,-0.00224
861.7700195,-0.00163,-0.00464,-0.00205,0.0005,-0.00695,-0.0025
862.0900269,-0.00147,-0.00463,-0.00198,0.00045,-0.00675,-0.0024
862.4000244,-0.00164,-0.00459,-0.00167,0.00038,-0.00666,-0.00258
862.710022,-0.00162,-0.00482,-0.00175,0.00021,-0.00659,-0.00266
863.0200195,-0.00196,-0.00493,-0.00198,0.00025,-0.00662,-0.00266
863.3400269,-0.00235,-0.00525,-0.00216,-1.00E-04,-0.00673,-0.00274
863.6500244,-0.00204,-0.00515,-0.00185,5.00E-05,-0.00668,-0.00237
863.960022,-0.00201,-0.005,-0.00192,5.00E-05,-0.00675,-0.0022
864.2700195,-0.00198,-0.00516,-0.00207,0.00016,-0.00697,-0.00215
864.5900269,-0.00176,-0.00516,-0.00213,0.00037,-0.00678,-0.00201
864.9000244,-0.00219,-0.00543,-0.00248,1.00E-04,-0.00727,-0.00217
865.210022,-0.00215,-0.00557,-0.0024,2.00E-05,-0.00725,-0.00226
865.5200195,-0.00195,-0.00526,-0.0023,5.00E-05,-0.00727,-0.00212
865.8400269,-0.00225,-0.00537,-0.00253,-0.00019,-0.00746,-0.00234
866.1500244,-0.00212,-0.00542,-0.00239,-2.00E-05,-0.00763,-0.00245
866.460022,-0.00223,-0.00566,-0.00241,-0.00036,-0.00776,-0.00256
866.7700195,-0.00246,-0.00554,-0.00239,-0.00035,-0.007879999,-0.0025
867.0800171,-0.00216,-0.00535,-0.00214,-5.00E-05,-0.00752,-0.00247
867.4000244,-0.00215,-0.0054,-0.00213,-5.00E-05,-0.00759,-0.00253
867.710022,-0.00171,-0.00501,-0.00175,0.00048,-0.00723,-0.00231
868.0200195,-0.00163,-0.00519,-0.00155,0.00064,-0.00727,-0.00226
868.3300171,-0.00189,-0.00544,-0.0022,0.00027,-0.0073,-0.00249
868.6400146,-0.00193,-0.00541,-0.00241,0.00035,-0.00712,-0.00271
868.960022,-0.002,-0.00571,-0.00268,-4.00E-05,-0.00716,-0.00311
869.2700195,-0.00229,-0.0059,-0.00303,-0.00046,-0.00736,-0.00344
869.5800171,-0.00237,-0.00575,-0.00306,-0.00062,-0.00748,-0.00336
869.8900146,-0.00258,-0.00606,-0.00322,-0.0008,-0.00769,-0.00329
870.2000122,-0.00268,-0.00613,-0.00331,-0.00088,-0.0077,-0.00348
870.5100098,-0.00282,-0.00629,-0.00322,-0.001,-0.00783,-0.00339
870.8200073,-0.00277,-0.00615,-0.00309,-0.00088,-0.0078,-0.00333
871.1400146,-0.0027,-0.00602,-0.00296,-0.00077,-0.00782,-0.00341
871.4500122,-0.0025,-0.0061,-0.00292,-0.0006,-0.007900001,-0.00343
871.7600098,-0.00241,-0.00611,-0.00283,-0.00053,-0.00783,-0.00328
872.0700073,-0.00258,-0.00613,-0.00275,-0.0007,-0.00797,-0.00356
872.3800049,-0.00267,-0.00606,-0.00302,-0.00088,-0.00796,-0.00356
872.6900024,-0.00272,-0.00604,-0.0032,-0.00087,-0.00781,-0.00348
873,-0.00283,-0.00611,-0.00304,-0.00078,-0.00803,-0.00352
873.3099976,-0.00292,-0.00609,-0.00315,-0.00078,-0.00794,-0.00329
873.6300049,-0.00297,-0.00602,-0.00304,-0.00077,-0.00801,-0.00307
873.9400024,-0.00325,-0.0061,-0.00345,-0.0008,-0.008090001,-0.00341
874.25,-0.00326,-0.00624,-0.00359,-0.00075,-0.008119999,-0.00355
874.5599976,-0.00287,-0.00618,-0.00354,-0.00049,-0.00795,-0.00349
874.8699951,-0.00286,-0.00607,-0.00314,-0.0005,-0.00804,-0.00366
875.1799927,-0.0028,-0.0064,-0.00344,-0.00101,-0.00816,-0.00366
875.4899902,-0.00292,-0.00668,-0.00334,-0.00097,-0.0086,-0.00389
875.7999878,-0.00316,-0.00697,-0.00359,-0.00114,-0.00893,-0.00407
876.1099854,-0.00295,-0.00723,-0.00357,-0.00112,-0.00908,-0.00402
876.4199829,-0.00304,-0.0075,-0.004,-0.00142,-0.009190001,-0.00412
876.7299805,-0.00331,-0.007900001,-0.00423,-0.00165,-0.00969,-0.00441
877.039978,-0.00313,-0.00782,-0.00449,-0.00166,-0.00994,-0.00443
877.3499756,-0.003,-0.00765,-0.00451,-0.00145,-0.00989,-0.00448
877.6599731,-0.00292,-0.00756,-0.00479,-0.00182,-0.00981,-0.00456
877.9699707,-0.00289,-0.00741,-0.00479,-0.0018,-0.00952,-0.00459
878.2800293,-0.00284,-0.00732,-0.00445,-0.00187,-0.00947,-0.00452
878.5900269,-0.00267,-0.00737,-0.00405,-0.00164,-0.009430001,-0.00429
878.9000244,-0.00236,-0.00708,-0.00357,-0.00125,-0.00902,-0.00387
879.210022,-0.00247,-0.0072,-0.0033,-0.00121,-0.00895,-0.00385
879.5200195,-0.00235,-0.0069,-0.00284,-0.00084,-0.008690001,-0.00364
879.8300171,-0.00247,-0.00709,-0.00295,-0.00059,-0.00884,-0.00363
880.1400146,-0.00232,-0.00713,-0.00286,-0.00061,-0.008880001,-0.00343
880.4500122,-0.00252,-0.00708,-0.00304,-0.00083,-0.00925,-0.00374
880.7600098,-0.00242,-0.00674,-0.0032,-0.00104,-0.00937,-0.00384
881.0700073,-0.00266,-0.00662,-0.00339,-0.00159,-0.00947,-0.00398
881.3800049,-0.00229,-0.00663,-0.00361,-0.0017,-0.009240001,-0.00404
881.6900024,-0.00227,-0.00668,-0.0038,-0.0021,-0.00942,-0.00404
882,-0.00217,-0.00656,-0.00388,-0.00241,-0.00977,-0.00403
882.3099976,-0.00195,-0.00649,-0.00386,-0.00233,-0.00969,-0.00395
882.6199951,-0.00186,-0.00641,-0.00412,-0.00231,-0.00949,-0.00375
882.9299927,-0.00205,-0.00628,-0.00402,-0.00204,-0.00931,-0.00362
883.2399902,-0.00243,-0.00645,-0.00435,-0.00197,-0.00964,-0.00393
883.5499878,-0.00299,-0.00641,-0.00463,-0.00182,-0.010140001,-0.00402
883.8599854,-0.0035,-0.00683,-0.005,-0.00216,-0.01033,-0.0045
884.1699829,-0.00326,-0.00704,-0.00484,-0.00186,-0.00988,-0.00444
884.4799805,-0.00382,-0.00725,-0.00481,-0.00199,-0.00995,-0.00467
884.789978,-0.0041,-0.00762,-0.00498,-0.00229,-0.01035,-0.00502
885.0900269,-0.00441,-0.00805,-0.00503,-0.00276,-0.0105,-0.00532
885.4000244,-0.00456,-0.00834,-0.0049,-0.00272,-0.01055,-0.00534
885.710022,-0.00421,-0.00844,-0.00482,-0.00276,-0.01038,-0.00511
886.0200195,-0.00393,-0.00822,-0.00446,-0.00224,-0.01011,-0.00484
886.3300171,-0.0041,-0.00778,-0.00459,-0.00246,-0.010369999,-0.00469
886.6400146,-0.00371,-0.00764,-0.00449,-0.00253,-0.01041,-0.00464
886.9500122,-0.00349,-0.00712,-0.00424,-0.00208,-0.010140001,-0.0044
887.2600098,-0.00338,-0.00719,-0.00443,-0.00195,-0.010240001,-0.00456
887.5700073,-0.00296,-0.00683,-0.0042,-0.00193,-0.00971,-0.00413
887.8699951,-0.00308,-0.00667,-0.00384,-0.00226,-0.009670001,-0.00432
888.1799927,-0.0033,-0.00685,-0.00422,-0.00274,-0.00993,-0.00428
888.4899902,-0.0033,-0.0069,-0.00392,-0.00253,-0.00968,-0.00449
888.7999878,-0.00362,-0.00715,-0.00418,-0.00255,-0.00989,-0.00468
889.1099854,-0.00344,-0.00727,-0.00398,-0.00264,-0.00964,-0.00422
889.4199829,-0.00374,-0.00713,-0.00397,-0.00255,-0.00983,-0.00409
889.7199707,-0.00389,-0.00735,-0.00409,-0.00275,-0.01016,-0.00433
890.0300293,-0.00396,-0.00744,-0.00447,-0.00291,-0.01043,-0.00428
890.3400269,-0.00384,-0.00749,-0.00426,-0.00276,-0.010720001,-0.00425
890.6500244,-0.0042,-0.00769,-0.00455,-0.00296,-0.011059999,-0.00434
890.960022,-0.00406,-0.00754,-0.00459,-0.00266,-0.011080001,-0.00411
891.2700195,-0.00398,-0.00775,-0.00466,-0.00298,-0.01124,-0.00448
891.5700073,-0.00306,-0.00755,-0.00445,-0.00275,-0.01084,-0.00438
891.8800049,-0.00297,-0.00748,-0.00449,-0.00298,-0.01118,-0.00432
892.1900024,-0.00286,-0.00744,-0.00414,-0.00266,-0.010989999,-0.00406
892.5,-0.00275,-0.00736,-0.00436,-0.00245,-0.01056,-0.00409
892.7999878,-0.00231,-0.00738,-0.00435,-0.00255,-0.01023,-0.00414
893.1099854,-0.00231,-0.00736,-0.0044,-0.00302,-0.01018,-0.00434
893.4199829,-0.0026,-0.00763,-0.00463,-0.00298,-0.01018,-0.00428
893.7299805,-0.00322,-0.008119999,-0.00528,-0.00329,-0.0105,-0.0046
894.039978,-0.00312,-0.00822,-0.00515,-0.00301,-0.01022,-0.00442
894.3400269,-0.0036,-0.00877,-0.00549,-0.0034,-0.010620001,-0.005
894.6500244,-0.00395,-0.00865,-0.00542,-0.00366,-0.011,-0.0051
894.960022,-0.00406,-0.00874,-0.00541,-0.00353,-0.01107,-0.00472
895.2600098,-0.0037,-0.00855,-0.00534,-0.00338,-0.01127,-0.00435
895.5700073,-0.00359,-0.00804,-0.00498,-0.00304,-0.01123,-0.00435
895.8800049,-0.00366,-0.0081,-0.00514,-0.00332,-0.01145,-0.00435
896.1900024,-0.0038,-0.00811,-0.00512,-0.00338,-0.011460001,-0.00459
896.4899902,-0.00322,-0.00781,-0.00506,-0.00287,-0.01097,-0.00449
896.7999878,-0.00281,-0.00778,-0.00503,-0.00287,-0.01056,-0.00435
897.1099854,-0.00264,-0.00773,-0.00498,-0.00286,-0.01089,-0.00464
897.4199829,-0.00297,-0.008169999,-0.00498,-0.00307,-0.01092,-0.00484
897.7199707,-0.00322,-0.0087,-0.00556,-0.0034,-0.01115,-0.00516
898.0300293,-0.00301,-0.00808,-0.00476,-0.00288,-0.010880001,-0.00466
898.3400269,-0.00314,-0.00828,-0.0053,-0.00299,-0.01121,-0.00502
898.6400146,-0.00349,-0.00851,-0.00508,-0.00328,-0.01135,-0.00477
898.9500122,-0.00394,-0.008590001,-0.005,-0.00304,-0.01171,-0.00498
899.2600098,-0.00404,-0.00839,-0.00493,-0.0027,-0.011419999,-0.00485
899.5599976,-0.00421,-0.00818,-0.00493,-0.00261,-0.01123,-0.0051
899.8699951,-0.00424,-0.00807,-0.00475,-0.00262,-0.011089999,-0.00511
900.1799927,-0.00405,-0.00808,-0.00477,-0.00274,-0.0108,-0.00523
900.4799805,-0.00393,-0.00801,-0.00437,-0.00275,-0.01066,-0.00518
900.789978,-0.00381,-0.0076,-0.00452,-0.00294,-0.0107,-0.00531
901.0999756,-0.00342,-0.00781,-0.00484,-0.00315,-0.010670001,-0.00536
901.4000244,-0.00356,-0.00802,-0.00472,-0.00344,-0.01064,-0.00545
901.710022,-0.00348,-0.00815,-0.00506,-0.00363,-0.01082,-0.00548
902.0100098,-0.00347,-0.00795,-0.00514,-0.00379,-0.01086,-0.00544
902.3200073,-0.00374,-0.00843,-0.00542,-0.00417,-0.011460001,-0.00582
902.6300049,-0.00368,-0.008169999,-0.00562,-0.00416,-0.01145,-0.00544
902.9299927,-0.0034,-0.00837,-0.00537,-0.00423,-0.011519999,-0.00525
903.2399902,-0.0035,-0.00816,-0.00508,-0.00427,-0.01161,-0.00513
903.539978,-0.00371,-0.00826,-0.00541,-0.00445,-0.01184,-0.00524
903.8499756,-0.00344,-0.008119999,-0.00508,-0.00395,-0.0114,-0.00497
904.1599731,-0.00346,-0.00854,-0.00485,-0.00361,-0.011419999,-0.00504
904.460022,-0.00377,-0.00835,-0.00482,-0.00372,-0.01144,-0.00491
904.7700195,-0.00369,-0.00876,-0.00492,-0.00384,-0.0117,-0.0051
905.0700073,-0.00385,-0.00897,-0.0055,-0.0036,-0.01204,-0.00515
905.3800049,-0.00394,-0.00935,-0.00593,-0.00378,-0.01211,-0.00528
905.6799927,-0.00357,-0.009459999,-0.00573,-0.00345,-0.01203,-0.00516
905.9899902,-0.00392,-0.00985,-0.00609,-0.00394,-0.0125,-0.00547
906.2999878,-0.00331,-0.00959,-0.00612,-0.00381,-0.012589999,-0.00511
906.5999756,-0.00314,-0.00983,-0.00656,-0.0038,-0.01249,-0.00516
906.9099731,-0.00318,-0.0096,-0.00682,-0.00367,-0.01203,-0.00528
907.210022,-0.00349,-0.00987,-0.00697,-0.0041,-0.01206,-0.00542
907.5200195,-0.00311,-0.00927,-0.00645,-0.00366,-0.01196,-0.00498
907.8200073,-0.00308,-0.009190001,-0.00663,-0.00382,-0.01207,-0.00488
908.1300049,-0.00329,-0.00925,-0.00696,-0.00375,-0.01243,-0.00519
908.4299927,-0.0034,-0.00892,-0.00683,-0.00349,-0.011879999,-0.00488
908.7399902,-0.00318,-0.00852,-0.00641,-0.00339,-0.01179,-0.00451
909.039978,-0.00352,-0.00879,-0.00609,-0.00344,-0.012410001,-0.00437
909.3499756,-0.00343,-0.00853,-0.00603,-0.00346,-0.01238,-0.00444
909.6500244,-0.004,-0.00939,-0.00688,-0.00406,-0.01264,-0.00541
909.960022,-0.00413,-0.00939,-0.00706,-0.00431,-0.01234,-0.00518
910.2600098,-0.00414,-0.009240001,-0.00655,-0.0044,-0.012209999,-0.00493
910.5700073,-0.00442,-0.00995,-0.0069,-0.00541,-0.01302,-0.00572
910.8699951,-0.00448,-0.01021,-0.00691,-0.00499,-0.01308,-0.00573
911.1799927,-0.00459,-0.01018,-0.00718,-0.00536,-0.01318,-0.00585
911.4799805,-0.00493,-0.010629999,-0.00723,-0.00548,-0.01356,-0.00612
911.789978,-0.00477,-0.010290001,-0.00688,-0.00567,-0.0135,-0.00552
912.0900269,-0.00503,-0.010570001,-0.00674,-0.00568,-0.01387,-0.00584
912.3900146,-0.00441,-0.010340001,-0.00693,-0.00559,-0.01368,-0.00549
912.7000122,-0.00502,-0.01033,-0.00708,-0.00541,-0.0135,-0.00569
913,-0.00492,-0.01053,-0.00732,-0.00576,-0.01354,-0.00581
913.3099976,-0.00504,-0.01049,-0.00713,-0.00579,-0.01328,-0.00593
913.6099854,-0.00494,-0.010369999,-0.00723,-0.00574,-0.01302,-0.00592
913.9199829,-0.00533,-0.01043,-0.00757,-0.00568,-0.013409999,-0.00617
914.2199707,-0.00529,-0.01033,-0.00783,-0.00603,-0.01361,-0.00634
914.5200195,-0.00548,-0.010670001,-0.00787,-0.00617,-0.01395,-0.00696
914.8300171,-0.00531,-0.0106,-0.008309999,-0.00642,-0.014249999,-0.0066
915.1300049,-0.00558,-0.01085,-0.00826,-0.00662,-0.014479999,-0.00703
915.4400024,-0.00549,-0.01122,-0.00868,-0.0068,-0.0149,-0.00683
915.7399902,-0.00499,-0.01089,-0.00839,-0.00662,-0.01469,-0.0067
916.039978,-0.00491,-0.0112,-0.00824,-0.00652,-0.01455,-0.00667
916.3499756,-0.00462,-0.011419999,-0.00805,-0.00618,-0.01438,-0.00644
916.6500244,-0.00497,-0.01168,-0.00848,-0.00662,-0.01441,-0.00646
916.960022,-0.00489,-0.011829999,-0.00847,-0.00645,-0.014730001,-0.00666
917.2600098,-0.00485,-0.01179,-0.008669999,-0.0064,-0.01509,-0.00668
917.5599976,-0.00468,-0.01176,-0.00874,-0.00634,-0.0146,-0.00698
917.8699951,-0.00528,-0.01229,-0.00927,-0.00675,-0.01509,-0.00699
918.1699829,-0.00509,-0.012259999,-0.00954,-0.00696,-0.015240001,-0.00716
918.4699707,-0.00564,-0.01239,-0.01028,-0.00755,-0.01584,-0.00782
918.7800293,-0.00536,-0.01232,-0.01017,-0.00733,-0.01599,-0.00787
919.0800171,-0.00543,-0.01217,-0.00986,-0.00758,-0.01555,-0.00795
919.3800049,-0.00565,-0.0119,-0.01018,-0.00803,-0.01534,-0.00829
919.6900024,-0.00551,-0.01121,-0.00957,-0.007850001,-0.015570001,-0.00807
919.9899902,-0.00544,-0.01087,-0.00954,-0.0076,-0.01556,-0.00823
920.289978,-0.00533,-0.01095,-0.00944,-0.00784,-0.015629999,-0.00806
920.5900269,-0.00546,-0.011030001,-0.00939,-0.00789,-0.016000001,-0.00792
920.9000244,-0.00574,-0.01131,-0.00934,-0.00837,-0.0164,-0.008119999
921.2000122,-0.00515,-0.01158,-0.00939,-0.00807,-0.0167,-0.00799
921.5,-0.00569,-0.01239,-0.00988,-0.008590001,-0.01764,-0.00819
921.8099976,-0.00603,-0.013040001,-0.01052,-0.00889,-0.01811,-0.00844
922.1099854,-0.00635,-0.013739999,-0.01051,-0.0097,-0.018829999,-0.00855
922.4099731,-0.00691,-0.01421,-0.01022,-0.00981,-0.01935,-0.009
922.710022,-0.0067,-0.01417,-0.00987,-0.0096,-0.018929999,-0.009190001
923.0200195,-0.00724,-0.01398,-0.010190001,-0.00983,-0.01874,-0.00922
923.3200073,-0.00766,-0.013830001,-0.0104,-0.010319999,-0.01863,-0.00925
923.6199951,-0.00714,-0.01386,-0.01012,-0.00981,-0.018509999,-0.008880001
923.9199829,-0.0068,-0.014149999,-0.01015,-0.010240001,-0.01829,-0.00899
924.2299805,-0.00699,-0.01376,-0.010369999,-0.01018,-0.018209999,-0.00903
924.5300293,-0.0075,-0.0137,-0.01128,-0.01017,-0.018789999,-0.009409999
924.8300171,-0.00747,-0.0135,-0.011720001,-0.01075,-0.018860001,-0.00953
925.1300049,-0.0072,-0.01367,-0.0119,-0.01044,-0.01908,-0.009409999
925.4400024,-0.00765,-0.01449,-0.0121,-0.01054,-0.019989999,-0.010199999
925.7399902,-0.007710001,-0.0143,-0.01206,-0.01044,-0.019719999,-0.01016
926.039978,-0.007929999,-0.01441,-0.0119,-0.00994,-0.01966,-0.0099
926.3400269,-0.00754,-0.01465,-0.012200001,-0.00975,-0.01936,-0.00991
926.6400146,-0.00687,-0.01454,-0.01194,-0.010039999,-0.01856,-0.00968
926.9500122,-0.00688,-0.014839999,-0.01206,-0.01001,-0.01888,-0.009509999
927.25,-0.00643,-0.0152,-0.011770001,-0.01,-0.01922,-0.00955
927.5499878,-0.00591,-0.0149,-0.011569999,-0.010299999,-0.018890001,-0.00834
927.8499756,-0.00642,-0.015140001,-0.0117,-0.01089,-0.01915,-0.009
928.1500244,-0.00654,-0.01553,-0.012159999,-0.011569999,-0.02001,-0.00962
928.460022,-0.00659,-0.015790001,-0.012159999,-0.01201,-0.020569999,-0.00983
928.7600098,-0.00662,-0.015790001,-0.01223,-0.012410001,-0.020880001,-0.00976
929.0599976,-0.0067,-0.01575,-0.0124,-0.01205,-0.020989999,-0.01003
929.3599854,-0.00694,-0.015579999,-0.01253,-0.01203,-0.020599999,-0.00981
929.6599731,-0.0074,-0.01589,-0.01332,-0.01243,-0.020819999,-0.01096
929.960022,-0.00693,-0.01629,-0.01359,-0.0127,-0.021140002,-0.01036
930.2600098,-0.00747,-0.016249999,-0.014450001,-0.01362,-0.02149,-0.010679999
930.5700073,-0.00739,-0.01591,-0.01462,-0.01339,-0.021359999,-0.010319999
930.8699951,-0.00802,-0.01663,-0.01516,-0.01359,-0.022160001,-0.01097
931.1699829,-0.00826,-0.016929999,-0.01525,-0.01431,-0.02263,-0.010980001
931.4699707,-0.008309999,-0.017100001,-0.015620001,-0.01475,-0.022669999,-0.011410001
931.7700195,-0.00797,-0.0167,-0.01523,-0.01449,-0.02238,-0.011039999
932.0700073,-0.0081,-0.01561,-0.01471,-0.01456,-0.022090001,-0.0115
932.3699951,-0.00779,-0.01507,-0.01372,-0.01362,-0.02211,-0.01076
932.6699829,-0.00801,-0.01564,-0.01422,-0.01407,-0.022939999,-0.01118
932.9699707,-0.00818,-0.016170001,-0.013990001,-0.01443,-0.02269,-0.01101
933.2700195,-0.00801,-0.016139999,-0.01411,-0.01455,-0.02276,-0.011390001
933.5800171,-0.00797,-0.01578,-0.01434,-0.01443,-0.022839999,-0.01132
933.8800049,-0.00902,-0.016319999,-0.014989999,-0.01518,-0.024330001,-0.01126
934.1799927,-0.00879,-0.01723,-0.015360001,-0.01551,-0.02444,-0.01092
934.4799805,-0.00914,-0.01801,-0.01574,-0.015869999,-0.023879999,-0.01121
934.7800293,-0.00929,-0.018129999,-0.015829999,-0.01589,-0.023670001,-0.01153
935.0800171,-0.00878,-0.01791,-0.016009999,-0.015149999,-0.023800001,-0.01079
935.3800049,-0.00962,-0.018029999,-0.016170001,-0.0152,-0.023940001,-0.01043
935.6799927,-0.00936,-0.018279999,-0.01605,-0.015769999,-0.024349999,-0.01046
935.9799805,-0.00922,-0.018380001,-0.01629,-0.015700001,-0.024119999,-0.011
936.2800293,-0.00936,-0.018509999,-0.01678,-0.015800001,-0.025150001,-0.01197
936.5800171,-0.00932,-0.0186,-0.017200001,-0.01568,-0.02633,-0.012150001
936.8800049,-0.00986,-0.01884,-0.016790001,-0.01568,-0.02665,-0.01268
937.1799927,-0.00984,-0.01856,-0.01729,-0.015790001,-0.02702,-0.01321
937.4799805,-0.00973,-0.0197,-0.018029999,-0.01661,-0.027780002,-0.01388
937.7800293,-0.010650001,-0.02062,-0.01853,-0.01722,-0.02888,-0.01431
938.0800171,-0.01031,-0.021270001,-0.018170001,-0.01726,-0.02901,-0.01501
938.3800049,-0.01155,-0.02152,-0.018650001,-0.017589999,-0.029200001,-0.01492
938.6799927,-0.011569999,-0.021300001,-0.018919999,-0.017990001,-0.02836,-0.01501
938.9799805,-0.01075,-0.02149,-0.019199999,-0.01795,-0.027760001,-0.014579999
939.2800293,-0.011059999,-0.02163,-0.01901,-0.018540001,-0.0272,-0.01474
939.5800171,-0.01069,-0.02128,-0.01829,-0.018099999,-0.02609,-0.014249999
939.8800049,-0.01127,-0.0211,-0.018580001,-0.0178,-0.02633,-0.01433
940.1799927,-0.01086,-0.02022,-0.018200001,-0.017070001,-0.025729999,-0.01338
940.4799805,-0.00973,-0.020130001,-0.0177,-0.01695,-0.024970001,-0.01272
940.7800293,-0.01011,-0.021140002,-0.017899999,-0.01723,-0.02657,-0.01345
941.0800171,-0.01085,-0.02115,-0.01884,-0.01781,-0.028210001,-0.014400001
941.3800049,-0.0104,-0.02094,-0.019029999,-0.01788,-0.028970001,-0.0139
941.6799927,-0.010199999,-0.021259999,-0.01969,-0.0186,-0.030030001,-0.013730001
941.9799805,-0.00949,-0.02086,-0.01966,-0.01901,-0.029130001,-0.01382
942.2700195,-0.010199999,-0.02145,-0.020280002,-0.020669999,-0.030350002,-0.01496
942.5700073,-0.0106,-0.021879999,-0.02091,-0.021070002,-0.030820001,-0.01598
942.8699951,-0.00988,-0.0211,-0.021329999,-0.02079,-0.03002,-0.016030001
943.1699829,-0.00949,-0.020869998,-0.020450002,-0.021140002,-0.029479999,-0.01505
943.4699707,-0.0101,-0.0219,-0.021509999,-0.02128,-0.02925,-0.015900001
943.7700195,-0.01016,-0.021810001,-0.021159999,-0.02059,-0.02871,-0.016180001
944.0700073,-0.011089999,-0.022980001,-0.021570001,-0.020769998,-0.030239999,-0.016239999
944.3699951,-0.011519999,-0.023800001,-0.022219999,-0.020469999,-0.029849999,-0.015360001
944.6699829,-0.011729999,-0.024149999,-0.02262,-0.020750001,-0.02977,-0.01481
944.9699707,-0.01169,-0.02507,-0.022600001,-0.021189999,-0.029979998,-0.01571
945.2600098,-0.01189,-0.02592,-0.023440002,-0.021819999,-0.029849999,-0.016339999
945.5599976,-0.01235,-0.026010001,-0.0231,-0.022330001,-0.031040002,-0.016900001
945.8599854,-0.01281,-0.02627,-0.02399,-0.022700001,-0.031459998,-0.017990001
946.1599731,-0.01276,-0.02636,-0.02458,-0.022920001,-0.031459998,-0.018440001
946.460022,-0.011770001,-0.02558,-0.024130002,-0.02273,-0.031129999,-0.018609999
946.7600098,-0.012209999,-0.026129998,-0.024089999,-0.02328,-0.032079998,-0.01881
947.0499878,-0.01307,-0.02596,-0.024489999,-0.023599999,-0.032760002,-0.017729999
947.3499756,-0.01309,-0.026180001,-0.02451,-0.023010001,-0.03297,-0.01756
947.6500244,-0.01203,-0.025810001,-0.024010001,-0.02259,-0.03294,-0.01691
947.9500122,-0.01212,-0.025220001,-0.023759998,-0.023359999,-0.033469997,-0.016100001
948.25,-0.01134,-0.024600001,-0.02286,-0.02276,-0.0328,-0.01574
948.5499878,-0.01286,-0.02572,-0.02358,-0.023340002,-0.034079999,-0.01691
948.8400269,-0.01306,-0.025250001,-0.02331,-0.02318,-0.033739999,-0.016799999
949.1400146,-0.012519999,-0.025090002,-0.022669999,-0.02307,-0.032930002,-0.016070001
949.4400024,-0.012999999,-0.024870001,-0.023159999,-0.02406,-0.033670001,-0.01692
949.7399902,-0.012970001,-0.02617,-0.022349998,-0.02375,-0.032299999,-0.01615
950.039978,-0.01276,-0.02691,-0.02232,-0.022939999,-0.032449998,-0.016649999
950.3300171,-0.012669999,-0.027209999,-0.02259,-0.023610001,-0.03204,-0.01619
950.6300049,-0.01199,-0.026839999,-0.02263,-0.0233,-0.03176,-0.015140001
950.9299927,-0.011619999,-0.026819998,-0.023390001,-0.022639999,-0.03131,-0.01471
951.2299805,-0.01245,-0.0277,-0.024189999,-0.02372,-0.032679997,-0.01598
951.5200195,-0.01122,-0.027679998,-0.02379,-0.022600001,-0.03097,-0.01516
951.8200073,-0.01168,-0.026839999,-0.02495,-0.02365,-0.031939998,-0.016239999
952.1199951,-0.012589999,-0.0277,-0.025450001,-0.02469,-0.032279998,-0.01644
952.4199829,-0.01239,-0.027880002,-0.025139999,-0.02476,-0.033429999,-0.017209999
952.710022,-0.012999999,-0.028369999,-0.025669999,-0.02554,-0.033879999,-0.01832
953.0100098,-0.0138,-0.029279999,-0.02643,-0.027000001,-0.035239998,-0.019619999
953.3099976,-0.01329,-0.029200001,-0.026400002,-0.02643,-0.035150003,-0.019199999
953.6099854,-0.014730001,-0.02974,-0.026919998,-0.027390001,-0.037,-0.01957
953.9000244,-0.014989999,-0.031059999,-0.028039999,-0.02902,-0.03884,-0.020550001
954.2000122,-0.01474,-0.03128,-0.02874,-0.029270001,-0.03963,-0.020380002
954.5,-0.015969999,-0.032699998,-0.030669998,-0.03039,-0.040830001,-0.020880001
954.789978,-0.016319999,-0.031959999,-0.03066,-0.030820001,-0.040489998,-0.020920001
955.0900269,-0.01619,-0.03224,-0.03042,-0.0308,-0.041859999,-0.020969998
955.3900146,-0.016009999,-0.031319998,-0.030069999,-0.03118,-0.040960003,-0.021120001
955.6799927,-0.01551,-0.031500001,-0.03004,-0.030610001,-0.041220002,-0.02122
955.9799805,-0.01512,-0.02994,-0.029440001,-0.02878,-0.040339999,-0.0199
956.2800293,-0.01516,-0.02971,-0.029690001,-0.030400001,-0.041639999,-0.02069
956.5700073,-0.01427,-0.02902,-0.028719999,-0.030139999,-0.040989999,-0.01991
956.8699951,-0.01344,-0.03001,-0.02964,-0.03032,-0.042789999,-0.02043
957.1699829,-0.01353,-0.02974,-0.02918,-0.030669998,-0.041760001,-0.02066
957.460022,-0.013359999,-0.030889999,-0.029760001,-0.03111,-0.04301,-0.02108
957.7600098,-0.01459,-0.031330001,-0.0308,-0.032260001,-0.044920001,-0.021189999
958.0599976,-0.01441,-0.031580001,-0.031550001,-0.032949999,-0.045560002,-0.02121
958.3499756,-0.014479999,-0.031459998,-0.03136,-0.031199999,-0.044380002,-0.020650001
958.6500244,-0.01591,-0.033119999,-0.032839999,-0.032590002,-0.045770001,-0.022430001
958.9500122,-0.01674,-0.034140002,-0.032749999,-0.033489998,-0.045869999,-0.022230001
959.2399902,-0.016410001,-0.034329999,-0.032990001,-0.033259999,-0.04741,-0.021329999
959.539978,-0.017929999,-0.035459999,-0.034189999,-0.034260001,-0.04834,-0.021329999
959.8300171,-0.0175,-0.035420001,-0.03359,-0.03466,-0.047499999,-0.020950001
960.1300049,-0.01895,-0.036059998,-0.034219999,-0.034930002,-0.04862,-0.02252
960.4299927,-0.01905,-0.036699999,-0.034059998,-0.035269998,-0.049060002,-0.02311
960.7199707,-0.018609999,-0.035530001,-0.032609999,-0.034389999,-0.048390001,-0.021640001
961.0200195,-0.017790001,-0.034510002,-0.033199999,-0.03393,-0.048439998,-0.020639999
961.3099976,-0.01894,-0.035,-0.034370001,-0.034710001,-0.048950002,-0.022260001
961.6099854,-0.01754,-0.033570003,-0.03407,-0.03449,-0.048800003,-0.02263
961.9000244,-0.017650001,-0.034120001,-0.035659999,-0.03475,-0.048969999,-0.023459999
962.2000122,-0.018099999,-0.035179999,-0.035489999,-0.036459997,-0.049529999,-0.024260001
962.5,-0.019019999,-0.035050001,-0.03748,-0.038660001,-0.050650001,-0.02503
962.789978,-0.020190001,-0.037269998,-0.03957,-0.040040001,-0.051399998,-0.027070001
963.0900269,-0.02076,-0.038380001,-0.039749999,-0.04078,-0.051269997,-0.02712
963.3800049,-0.020350002,-0.03889,-0.04002,-0.040770002,-0.05015,-0.027869999
963.6799927,-0.02252,-0.04101,-0.040960003,-0.04211,-0.051810004,-0.029549999
963.9699707,-0.02338,-0.041869998,-0.041300002,-0.043130003,-0.053160001,-0.031350002
964.2700195,-0.023599999,-0.041510001,-0.042350002,-0.043720003,-0.051999997,-0.030999999
964.5599976,-0.0232,-0.041560002,-0.040149998,-0.043280002,-0.051570002,-0.0305
964.8599854,-0.0219,-0.039330002,-0.03909,-0.043070003,-0.052360002,-0.02973
965.1500244,-0.022330001,-0.040560003,-0.039349999,-0.044099998,-0.054710001,-0.031860001
965.4500122,-0.02197,-0.039960001,-0.03943,-0.044489998,-0.055670001,-0.030380001
965.7399902,-0.02046,-0.038729999,-0.03968,-0.042849999,-0.055120002,-0.028670002
966.039978,-0.01935,-0.037870001,-0.03923,-0.043369997,-0.054740001,-0.02832
966.3300171,-0.018440001,-0.037620001,-0.039069999,-0.042429999,-0.05553,-0.027709998
966.6300049,-0.01722,-0.037999999,-0.039999999,-0.040999997,-0.055609997,-0.02661
966.9199829,-0.01747,-0.038619999,-0.04205,-0.041149996,-0.055749997,-0.02799
967.2199707,-0.017719999,-0.038550001,-0.042459998,-0.040310003,-0.054299999,-0.02726
967.5100098,-0.01816,-0.039209999,-0.043820001,-0.041310001,-0.055050001,-0.028199999
967.8099976,-0.018850001,-0.040139999,-0.043260001,-0.043000001,-0.055659998,-0.029089998
968.0999756,-0.0198,-0.040789999,-0.043359999,-0.04281,-0.05446,-0.029240001
968.4000244,-0.021600001,-0.042919997,-0.043809999,-0.044679999,-0.054099999,-0.030060001
968.6900024,-0.0232,-0.044320002,-0.044009998,-0.046119999,-0.05435,-0.031519998
968.9799805,-0.022550002,-0.04513,-0.04329,-0.04642,-0.054609999,-0.0296
969.2800293,-0.021199999,-0.043569997,-0.042199999,-0.046119999,-0.054540001,-0.028519999
969.5700073,-0.02258,-0.045529999,-0.043219998,-0.047970001,-0.055980001,-0.029440001
969.8699951,-0.02153,-0.044399999,-0.042519998,-0.047570001,-0.054680001,-0.02864
970.1599731,-0.021020001,-0.043709997,-0.041560002,-0.0469,-0.055670001,-0.026619999
970.460022,-0.01926,-0.04298,-0.041669998,-0.045770001,-0.057069998,-0.025710002
970.75,-0.020060001,-0.04439,-0.044120003,-0.047859997,-0.058290001,-0.026530001
971.039978,-0.021609999,-0.04425,-0.044949997,-0.04947,-0.058730002,-0.02775
971.3400269,-0.0233,-0.04606,-0.04572,-0.050419997,-0.060180001,-0.028580001
971.6300049,-0.021910001,-0.045279998,-0.044380002,-0.04933,-0.058319997,-0.02853
971.9299927,-0.023570001,-0.048020002,-0.046119999,-0.051550001,-0.061000001,-0.029920001
972.2199707,-0.024319999,-0.049139999,-0.04716,-0.053740002,-0.061829999,-0.03221
972.5100098,-0.024149999,-0.049539998,-0.047309998,-0.05494,-0.062030002,-0.034030002
972.8099976,-0.024639999,-0.048760001,-0.047280002,-0.055050001,-0.062760003,-0.034899998
973.0999756,-0.02658,-0.05009,-0.047430001,-0.054680001,-0.064690001,-0.036490001
973.3900146,-0.026630001,-0.04995,-0.049010001,-0.056960002,-0.0656,-0.03779
973.6900024,-0.026659999,-0.049619999,-0.049489997,-0.056669999,-0.065370001,-0.037939999
973.9799805,-0.02654,-0.0482,-0.04992,-0.05627,-0.065019995,-0.037019998
974.2700195,-0.026489999,-0.049000002,-0.052030001,-0.056199998,-0.066129997,-0.036350001
974.5700073,-0.027240001,-0.05054,-0.052449998,-0.057569999,-0.067670003,-0.03565
974.8599854,-0.026839999,-0.050450001,-0.052399997,-0.057399999,-0.068790004,-0.03559
975.1500244,-0.023810001,-0.049380001,-0.052189998,-0.0572,-0.06758,-0.03407
975.4500122,-0.02438,-0.049860001,-0.052859999,-0.056510001,-0.066529997,-0.034329999
975.7399902,-0.025050001,-0.049339999,-0.051209997,-0.054629996,-0.066509999,-0.033539999
976.0300293,-0.026310001,-0.05094,-0.050930001,-0.054019999,-0.067000002,-0.032679997
976.3300171,-0.026830001,-0.05077,-0.050359998,-0.05387,-0.068099998,-0.033410002
976.6199951,-0.029460002,-0.051149998,-0.05223,-0.054569997,-0.070019998,-0.035289999
976.9099731,-0.02932,-0.051040001,-0.052589998,-0.053879999,-0.069399998,-0.034849998
977.210022,-0.030859999,-0.0535,-0.054310001,-0.054959998,-0.06978,-0.035069998
977.5,-0.030840002,-0.05342,-0.053400002,-0.054400001,-0.07141,-0.034089997
977.789978,-0.032579999,-0.056149997,-0.056589998,-0.05847,-0.074790001,-0.035599999
978.0800171,-0.032839999,-0.056170002,-0.057789996,-0.061039999,-0.075709999,-0.03703
978.3800049,-0.03334,-0.057290003,-0.058200002,-0.061979998,-0.075170003,-0.035659999
978.6699829,-0.031640001,-0.057290003,-0.057810001,-0.062179998,-0.074099995,-0.035439998
978.960022,-0.032960001,-0.059429999,-0.059949998,-0.065749995,-0.076090001,-0.036449999
979.25,-0.034200002,-0.057969999,-0.05804,-0.065099999,-0.076109998,-0.036619999
979.5499878,-0.035360001,-0.059959996,-0.061779998,-0.067900002,-0.077989995,-0.037859999
979.8400269,-0.03393,-0.059409998,-0.062540002,-0.069080003,-0.07897,-0.038180001
980.1300049,-0.033229999,-0.061300002,-0.063129999,-0.068909995,-0.07976,-0.039809998
980.4199829,-0.033720002,-0.062720001,-0.062849998,-0.069580004,-0.082329996,-0.040890001
980.710022,-0.034389999,-0.06219,-0.063900001,-0.068939999,-0.082159996,-0.0414
981.0100098,-0.032299999,-0.060040001,-0.061389998,-0.067589998,-0.080319993,-0.040110003
981.2999878,-0.031819999,-0.061160002,-0.064180002,-0.070179999,-0.082650006,-0.041199997
981.5900269,-0.031170001,-0.062410001,-0.063819997,-0.070069999,-0.083360001,-0.042470001
981.8800049,-0.032019999,-0.064330004,-0.064229995,-0.069359995,-0.084930003,-0.042769998
982.1799927,-0.03303,-0.063850001,-0.066009998,-0.068959996,-0.087740004,-0.04355
982.4699707,-0.026760001,-0.052420001,-0.052129999,-0.05562,-0.070089996,-0.037560001
982.7600098,-0.028250001,-0.054499999,-0.052020002,-0.057429999,-0.072549999,-0.037829999
983.0499878,-0.029300001,-0.056420002,-0.054190002,-0.057189997,-0.075199999,-0.03943
983.3400269,-0.029070001,-0.057579998,-0.054980002,-0.057210002,-0.074879996,-0.03932
983.6300049,-0.028989999,-0.056589998,-0.05412,-0.057600003,-0.07626,-0.041939996
983.9299927,-0.02836,-0.056460001,-0.053229999,-0.060300004,-0.077229999,-0.042399999
984.2199707,-0.02791,-0.056249999,-0.052379999,-0.060430001,-0.074840002,-0.04005
984.5100098,-0.036249999,-0.068879999,-0.070079997,-0.078850001,-0.092670001,-0.048109997
984.7999878,-0.035289999,-0.067670003,-0.070199996,-0.077010006,-0.092539996,-0.048460003
985.0900269,-0.036770001,-0.068449996,-0.070560001,-0.078539997,-0.093760006,-0.04913
985.3800049,-0.036290001,-0.069109999,-0.071550004,-0.078309998,-0.096520007,-0.05006
985.6699829,-0.03878,-0.07158,-0.072399996,-0.07925,-0.09747,-0.049239997
985.960022,-0.04191,-0.072449997,-0.075549997,-0.079939999,-0.097379997,-0.051909998
986.2600098,-0.044780001,-0.074969999,-0.07677,-0.083889998,-0.102279998,-0.05381
986.5499878,-0.043330003,-0.076389998,-0.076959997,-0.081429996,-0.103780001,-0.05037
986.8400269,-0.041760001,-0.077199996,-0.076980002,-0.085019998,-0.104469992,-0.050240003
987.1300049,-0.042880002,-0.078210004,-0.077890001,-0.085989997,-0.104449995,-0.05051
987.4199829,-0.04597,-0.080010004,-0.078730002,-0.090050004,-0.102189995,-0.051009998
987.710022,-0.043990001,-0.079319999,-0.080509998,-0.092270002,-0.101120003,-0.049970001
988,-0.041900001,-0.078730002,-0.081829995,-0.092880003,-0.101940006,-0.049150001
988.289978,-0.043080002,-0.080670007,-0.084380001,-0.092430003,-0.101580001,-0.05291
988.5800171,-0.043330003,-0.080240004,-0.087219998,-0.096179999,-0.104020007,-0.05703
988.8699951,-0.04682,-0.081520006,-0.091339998,-0.097580001,-0.107130006,-0.058649998
989.1599731,-0.046700001,-0.082029998,-0.091569997,-0.099930003,-0.107489996,-0.058790002
989.460022,-0.04755,-0.083109997,-0.092019998,-0.100579999,-0.111110002,-0.058619998
989.75,-0.05057,-0.082029998,-0.093059994,-0.102189995,-0.112609997,-0.060500003
990.039978,-0.053070001,-0.08495,-0.094680004,-0.103890002,-0.114580005,-0.062340003
990.3300171,-0.05167,-0.085930005,-0.096850008,-0.10689,-0.114029996,-0.060159996
990.6199951,-0.052789997,-0.089160003,-0.096699998,-0.107869998,-0.115450002,-0.062859997
990.9099731,-0.053010002,-0.090679996,-0.095620006,-0.10684,-0.115979999,-0.063340001
991.2000122,-0.051509999,-0.092460006,-0.098229997,-0.105570003,-0.11925,-0.06662
991.4899902,-0.053649999,-0.09245,-0.099379994,-0.106359996,-0.119999997,-0.066409998
991.7800293,-0.05257,-0.097920001,-0.101089999,-0.108009994,-0.120410003,-0.067460001
992.0700073,-0.051220004,-0.1017,-0.101460002,-0.109130003,-0.120740004,-0.066720001
992.3599854,-0.0493,-0.099139996,-0.094510004,-0.105670005,-0.117650002,-0.065269999
992.6500244,-0.05125,-0.100579999,-0.096040003,-0.105850004,-0.117239997,-0.064889997
992.9400024,-0.053049996,-0.102460004,-0.100400001,-0.111359999,-0.120319992,-0.067529999
993.2299805,-0.055190001,-0.104199998,-0.101439998,-0.116130002,-0.119949996,-0.065640002
993.5200195,-0.05088,-0.104169995,-0.101269998,-0.116920002,-0.120240003,-0.067550004
993.8099976,-0.053309999,-0.102229998,-0.099600002,-0.116409995,-0.124080002,-0.066479996
994.0999756,-0.054719999,-0.098360002,-0.098100007,-0.11733,-0.12427,-0.066139996
994.3900146,-0.054090001,-0.098889999,-0.103990003,-0.121610001,-0.128639996,-0.06848
994.6799927,-0.054749999,-0.098789997,-0.105039999,-0.120749995,-0.129969999,-0.068159997
994.960022,-0.056009997,-0.09984,-0.104199998,-0.119490005,-0.130919993,-0.068319999
995.25,-0.056230001,-0.099709995,-0.102729999,-0.117910005,-0.131579995,-0.068740003
995.539978,-0.061529998,-0.101190001,-0.107770003,-0.119690001,-0.136079997,-0.070179999
995.8300171,-0.059099998,-0.10097,-0.107380003,-0.116230004,-0.133070007,-0.069130003
996.1199951,-0.055019997,-0.099209994,-0.108120002,-0.113190003,-0.134169996,-0.065520003
996.4099731,-0.06078,-0.102510005,-0.112370007,-0.114379995,-0.141210005,-0.068939999
996.7000122,-0.060110003,-0.102119997,-0.112819999,-0.117700003,-0.146040007,-0.06989
996.9899902,-0.059,-0.103360005,-0.112939999,-0.119589999,-0.142440006,-0.06814
997.2800293,-0.060660001,-0.106289998,-0.118900001,-0.123730004,-0.147349998,-0.072740003
997.5700073,-0.057810001,-0.10892,-0.11575,-0.125400007,-0.144639999,-0.07226
997.8599854,-0.059689999,-0.11101,-0.119219996,-0.129790008,-0.148299992,-0.075000003
998.1500244,-0.06284,-0.1153,-0.119840004,-0.134130001,-0.14914,-0.079879999
998.4299927,-0.0592,-0.116809994,-0.11812,-0.135030001,-0.144239992,-0.079450004
998.7199707,-0.061090004,-0.120909996,-0.119029999,-0.135410011,-0.144449994,-0.079829998
999.0100098,-0.05968,-0.120870002,-0.122000001,-0.136219993,-0.146190003,-0.080520004
999.2999878,-0.060320001,-0.120860003,-0.121129997,-0.138109997,-0.146579996,-0.076140001
999.5900269,-0.058909997,-0.120629996,-0.122790001,-0.136299998,-0.149300009,-0.075750001
999.8800049,-0.05968,-0.123760007,-0.128199995,-0.143000007,-0.153400004,-0.076290004
1000.169983,-0.059999999,-0.126739994,-0.132449999,-0.144419998,-0.160440013,-0.077140003
1000.450012,-0.060789999,-0.125569999,-0.134920001,-0.144360006,-0.166439995,-0.075430006
1000.73999,-0.055539999,-0.123180002,-0.134810001,-0.146019995,-0.166580006,-0.078230001
1001.030029,-0.061129998,-0.13154,-0.140939996,-0.152250007,-0.172059998,-0.084729999
1001.320007,-0.059910003,-0.133620009,-0.144329995,-0.153369993,-0.175669998,-0.088190004
1001.609985,-0.0634,-0.136830002,-0.149750009,-0.157000005,-0.177080005,-0.09172
1001.900024,-0.064740002,-0.136160001,-0.147929996,-0.157889992,-0.174380004,-0.094160005
1002.179993,-0.068690002,-0.134090006,-0.146300003,-0.157450005,-0.171270013,-0.094599999
1002.469971,-0.07113,-0.134910002,-0.148059994,-0.160599992,-0.168119997,-0.098800004
1002.76001,-0.077440001,-0.141719997,-0.154009998,-0.163619995,-0.173220009,-0.100139998
1003.049988,-0.074560001,-0.132019997,-0.14963001,-0.157580003,-0.172179997,-0.0955
1003.340027,-0.076389998,-0.13087,-0.147419989,-0.155990005,-0.169969991,-0.092989996
1003.619995,-0.076889999,-0.126479998,-0.142539993,-0.157639995,-0.17103,-0.091940001
1003.909973,-0.075890005,-0.127790004,-0.143350005,-0.156499997,-0.171110004,-0.09059
1004.200012,-0.077969998,-0.13395001,-0.151610002,-0.160060003,-0.176420003,-0.095830001
1004.48999,-0.080819994,-0.135470003,-0.151629999,-0.162909999,-0.180669993,-0.095640004
1004.77002,-0.082700007,-0.131269991,-0.151030004,-0.164279997,-0.176809996,-0.099020004
1005.059998,-0.08529,-0.13741,-0.151580006,-0.170419991,-0.177830011,-0.099940002
1005.349976,-0.083520003,-0.140170008,-0.149429992,-0.171539992,-0.17712,-0.107809998
1005.640015,-0.084150001,-0.146510005,-0.156450003,-0.176840007,-0.179549992,-0.11011
1005.919983,-0.085909992,-0.148310006,-0.157609999,-0.182059988,-0.186279997,-0.112489998
1006.210022,-0.086929999,-0.149250001,-0.15654999,-0.187220007,-0.18551001,-0.109980002
1006.5,-0.082929999,-0.151889995,-0.158350006,-0.185739994,-0.18524,-0.109799996
1006.789978,-0.083209999,-0.157370001,-0.161070004,-0.189020008,-0.193560004,-0.107689999
1007.070007,-0.077629998,-0.153249994,-0.158500001,-0.181769997,-0.194020003,-0.10255
1007.359985,-0.081520006,-0.154080003,-0.163440004,-0.188379988,-0.197740003,-0.098300003
1007.650024,-0.081979997,-0.1514,-0.164140001,-0.184610009,-0.196919993,-0.100550003
1007.929993,-0.084350005,-0.154929996,-0.168050006,-0.182669997,-0.200169995,-0.100559995
1008.219971,-0.080119997,-0.157409996,-0.165020004,-0.178880006,-0.200429991,-0.100769997
1008.51001,-0.083800003,-0.161420003,-0.167059988,-0.185379997,-0.203899994,-0.100109994
1008.799988,-0.082759999,-0.158470005,-0.165319994,-0.188899994,-0.204099998,-0.10176
1009.080017,-0.090970002,-0.16392,-0.176369995,-0.200020015,-0.210639998,-0.107279994
1009.369995,-0.090800002,-0.163819999,-0.177990004,-0.196299985,-0.212029994,-0.106759995
1009.659973,-0.091879994,-0.168740004,-0.175650001,-0.199619994,-0.213460013,-0.105379999
1009.940002,-0.088479996,-0.167400002,-0.174539998,-0.20228,-0.211849988,-0.103369996
1010.22998,-0.095769994,-0.171620011,-0.189029992,-0.215369999,-0.222680002,-0.109680004
1010.52002,-0.098300003,-0.17775999,-0.196399987,-0.222680002,-0.229000002,-0.116800003
1010.799988,-0.102449998,-0.185270011,-0.206909999,-0.222210005,-0.234750003,-0.114280008
1011.090027,-0.102760002,-0.188490003,-0.203729987,-0.222289994,-0.236369997,-0.11778
1011.369995,-0.106190003,-0.196170002,-0.212129995,-0.235310003,-0.248029992,-0.121859998
1011.659973,-0.107720003,-0.198129997,-0.221170008,-0.243799984,-0.258770019,-0.125930011
1011.950012,-0.112290002,-0.203740001,-0.225370005,-0.246299997,-0.260159999,-0.129610002
1012.22998,-0.108139999,-0.201070011,-0.211490005,-0.236520007,-0.250869989,-0.124259993
1012.52002,-0.110430002,-0.20126,-0.21306999,-0.235349998,-0.252629995,-0.125410005
1012.799988,-0.109820001,-0.198589996,-0.208309993,-0.236049995,-0.251830012,-0.128409997
1013.090027,-0.1043,-0.203490004,-0.207049996,-0.236189991,-0.251870006,-0.128560007
1013.380005,-0.100000001,-0.199459985,-0.201800004,-0.232420012,-0.243259996,-0.126619995
1013.659973,-0.099849999,-0.200779989,-0.200139999,-0.226319999,-0.240669996,-0.125249997
1013.950012,-0.102849998,-0.205909997,-0.206550002,-0.231600001,-0.251040012,-0.126570001
1014.22998,-0.104979999,-0.208810002,-0.215680003,-0.238789991,-0.261979997,-0.128749996
1014.52002,-0.103380002,-0.201310009,-0.215090007,-0.234379992,-0.258839995,-0.125139996
1014.809998,-0.09809,-0.19995001,-0.211329997,-0.235119998,-0.253100008,-0.123409994
1015.090027,-0.103970006,-0.203829989,-0.222520009,-0.24530001,-0.257269979,-0.12297
1015.380005,-0.104720004,-0.20747,-0.227299988,-0.245719999,-0.259259999,-0.123889998
1015.659973,-0.109820001,-0.216289997,-0.228540003,-0.255319983,-0.265450001,-0.128529996
1015.950012,-0.105769999,-0.212159991,-0.225669995,-0.260360003,-0.262809992,-0.131120011
1016.22998,-0.102760002,-0.216919988,-0.225740001,-0.265349984,-0.260710001,-0.129099995
1016.52002,-0.106739998,-0.230619997,-0.230709985,-0.277159989,-0.271629989,-0.136160001
1016.799988,-0.113929994,-0.233150005,-0.241420001,-0.282220006,-0.279520005,-0.138390005
1017.090027,-0.115850002,-0.235550001,-0.238159999,-0.278560013,-0.281120002,-0.142049998
1017.369995,-0.129219994,-0.247000009,-0.247420013,-0.293469995,-0.294640005,-0.153190002
1017.659973,-0.124219999,-0.242709994,-0.253719985,-0.290870011,-0.298200011,-0.156309992
1017.940002,-0.125179991,-0.246299997,-0.258850008,-0.293330014,-0.302529991,-0.159189999
1018.22998,-0.129199997,-0.24921,-0.268910021,-0.296640009,-0.307370007,-0.164240003
1018.51001,-0.128339991,-0.260179996,-0.273189992,-0.301569998,-0.310680002,-0.16392
1018.799988,-0.132040009,-0.26700002,-0.278019994,-0.307380021,-0.31389001,-0.168589994
1019.080017,-0.1294,-0.260349989,-0.282600015,-0.307740003,-0.315490007,-0.165230006
1019.369995,-0.126359999,-0.253140002,-0.286280006,-0.302300006,-0.31479001,-0.160510004
1019.650024,-0.129429996,-0.257339984,-0.284379989,-0.313670009,-0.310470015,-0.159919992
1019.940002,-0.139229998,-0.26512,-0.286520004,-0.315180004,-0.314440012,-0.164389998
1020.219971,-0.142810002,-0.270709991,-0.297879994,-0.328590006,-0.329819977,-0.16663
1020.51001,-0.14192,-0.259379983,-0.296070009,-0.329410017,-0.326539993,-0.162949994
1020.789978,-0.135240003,-0.26166001,-0.291509986,-0.327690005,-0.324900031,-0.153970003
1021.080017,-0.146909997,-0.278519988,-0.300559998,-0.346640021,-0.33772999,-0.162579998
1021.359985,-0.149900004,-0.293819994,-0.312970012,-0.355239987,-0.347060025,-0.175060004
1021.640015,-0.158930004,-0.29764998,-0.321689993,-0.359970003,-0.364289999,-0.179619998
1021.929993,-0.14963001,-0.289420009,-0.32069999,-0.361430019,-0.363550007,-0.172570005
1022.210022,-0.147009999,-0.278620005,-0.30587998,-0.355010003,-0.351629972,-0.170820013
1022.5,-0.146540001,-0.275359988,-0.305119991,-0.357599974,-0.355830014,-0.171889991
1022.780029,-0.11806,-0.237989992,-0.277130008,-0.355830014,-0.341650009,-0.152329996
1023.070007,-0.11806,-0.237989992,-0.277130008,-0.355830014,-0.341650009,-0.152329996
1023.349976,-0.11806,-0.237989992,-0.277130008,-0.355830014,-0.341650009,-0.152329996