EXMPC,0,0,0,0,0,0
WAC,0,0,0,0,0,0
C01,0,0,0,0,0,0
640,0,0,0,0,0,0
100,0,0,0,0,0,0
nm,0,0,0,0,0,0
Angular Dependence,0,0,0,0,0,0
Wavelengths,0,8,16,24,32,40
360.15,-0.16756,-0.18587,-0.21348,-0.17964,-0.19074,-0.20402
360.52,-0.17325,-0.18442,-0.21776,-0.17819,-0.19862,-0.2016
360.9,-0.17371,-0.20969,-0.21815,-0.18303,-0.20262,-0.20841
361.27,-0.17577,-0.19744,-0.19829,-0.19032,-0.19133,-0.20939
361.65,-0.17528,-0.20314,-0.20378,-0.19065,-0.19732,-0.20922
362.02,-0.15788,-0.18188,-0.17115,-0.17074,-0.17621,-0.18142
362.4,-0.14365,-0.17162,-0.1464,-0.16706,-0.16396,-0.17239
362.77,-0.12271,-0.15463,-0.14062,-0.15448,-0.1495,-0.14915
363.15,-0.13609,-0.15635,-0.14063,-0.16035,-0.15196,-0.14893
363.52,-0.14038,-0.14589,-0.14922,-0.15362,-0.13946,-0.14623
363.9,-0.14124,-0.14637,-0.15269,-0.1423,-0.14167,-0.14948
364.27,-0.12271,-0.12191,-0.12629,-0.11749,-0.12577,-0.13936
364.64,-0.13433,-0.11589,-0.1266,-0.12949,-0.12981,-0.14807
365.02,-0.14705,-0.11327,-0.14443,-0.1216,-0.13625,-0.14621
365.39,-0.1438,-0.13451,-0.13965,-0.12172,-0.13675,-0.1538
365.77,-0.12087,-0.12092,-0.14194,-0.11036,-0.12318,-0.14892
366.14,-0.11598,-0.1131,-0.12931,-0.10982,-0.12298,-0.13645
366.52,-0.09746,-0.10923,-0.12754,-0.11069,-0.11043,-0.12882
366.89,-0.10824,-0.12611,-0.13801,-0.12096,-0.11276,-0.12666
367.26,-0.1021,-0.13372,-0.14324,-0.10847,-0.10971,-0.12287
367.64,-0.08877,-0.12416,-0.12279,-0.106,-0.09642,-0.1207
368.01,-0.09218,-0.09861,-0.10979,-0.09853,-0.08673,-0.10753
368.39,-0.09545,-0.10098,-0.1009,-0.10498,-0.08677,-0.09603
368.76,-0.09125,-0.10545,-0.10723,-0.10466,-0.08155,-0.09601
369.13,-0.09708,-0.10935,-0.1083,-0.09824,-0.08851,-0.09659
369.51,-0.09317,-0.09906,-0.10877,-0.08975,-0.09251,-0.09483
369.88,-0.09641,-0.10469,-0.11116,-0.1023,-0.10498,-0.10005
370.25,-0.09561,-0.09873,-0.11365,-0.10402,-0.09754,-0.08899
370.63,-0.09132,-0.11165,-0.12359,-0.10663,-0.1032,-0.09673
371,-0.08193,-0.10633,-0.11846,-0.09641,-0.09485,-0.09603
371.38,-0.08018,-0.10301,-0.1064,-0.09257,-0.09327,-0.08662
371.75,-0.07545,-0.10115,-0.08905,-0.09404,-0.08905,-0.0774
372.12,-0.07847,-0.11117,-0.08875,-0.10327,-0.098,-0.07895
372.5,-0.07618,-0.11088,-0.08881,-0.1067,-0.09661,-0.07916
372.87,-0.07102,-0.11412,-0.08645,-0.10284,-0.10068,-0.08565
373.24,-0.06738,-0.09869,-0.07803,-0.09225,-0.09588,-0.07824
373.62,-0.07726,-0.09642,-0.08523,-0.09844,-0.10448,-0.0778
373.99,-0.07408,-0.08861,-0.09294,-0.09462,-0.10541,-0.08259
374.36,-0.07165,-0.0816,-0.1,-0.08665,-0.09904,-0.08386
374.74,-0.0634,-0.06136,-0.09311,-0.08235,-0.08218,-0.07883
375.11,-0.06499,-0.05627,-0.0855,-0.06724,-0.07107,-0.07162
375.48,-0.07679,-0.06113,-0.09563,-0.06906,-0.0851,-0.07101
375.86,-0.08311,-0.07232,-0.09921,-0.07935,-0.08943,-0.0725
376.23,-0.07093,-0.06932,-0.08633,-0.06865,-0.08563,-0.05991
376.6,-0.07635,-0.07216,-0.08348,-0.06965,-0.08325,-0.05874
376.98,-0.08431,-0.07975,-0.08837,-0.07519,-0.08678,-0.06667
377.35,-0.08195,-0.08727,-0.08715,-0.06887,-0.08732,-0.06598
377.72,-0.06958,-0.08011,-0.08156,-0.0645,-0.08351,-0.06361
378.1,-0.06012,-0.0704,-0.06932,-0.0564,-0.06589,-0.05617
378.47,-0.05382,-0.06239,-0.06825,-0.05295,-0.06212,-0.05247
378.84,-0.0628,-0.06259,-0.07407,-0.05775,-0.06413,-0.06266
379.22,-0.05961,-0.06338,-0.07522,-0.05785,-0.06739,-0.06683
379.59,-0.04998,-0.05499,-0.06301,-0.05176,-0.05833,-0.05557
379.96,-0.04883,-0.05724,-0.06145,-0.05548,-0.0552,-0.05015
380.33,-0.0578,-0.0629,-0.06386,-0.06592,-0.06216,-0.05158
380.71,-0.06287,-0.06871,-0.06219,-0.07453,-0.07126,-0.0582
381.08,-0.06133,-0.06747,-0.06044,-0.07442,-0.07176,-0.05945
381.45,-0.05559,-0.06778,-0.05858,-0.07301,-0.06611,-0.05738
381.83,-0.05514,-0.06521,-0.0509,-0.06852,-0.06507,-0.05125
382.2,-0.05593,-0.06302,-0.05206,-0.06537,-0.06653,-0.05294
382.57,-0.05806,-0.05867,-0.05321,-0.06428,-0.06501,-0.05276
382.94,-0.05955,-0.06702,-0.06185,-0.06192,-0.06659,-0.05374
383.32,-0.05578,-0.06144,-0.06566,-0.05537,-0.06171,-0.052
383.69,-0.05438,-0.06042,-0.05928,-0.05309,-0.05663,-0.04893
384.06,-0.05337,-0.05841,-0.05686,-0.04955,-0.05447,-0.04463
384.43,-0.0521,-0.05599,-0.05944,-0.05062,-0.05585,-0.04568
384.81,-0.05514,-0.05849,-0.06138,-0.04893,-0.05375,-0.04298
385.18,-0.05807,-0.06117,-0.06231,-0.0454,-0.0585,-0.04923
385.55,-0.04945,-0.04876,-0.05281,-0.04023,-0.05221,-0.04533
385.92,-0.05158,-0.04894,-0.04926,-0.04322,-0.0511,-0.04351
386.3,-0.05387,-0.05078,-0.05578,-0.04251,-0.05148,-0.0432
386.67,-0.05332,-0.04887,-0.05571,-0.04113,-0.05408,-0.04906
387.04,-0.05158,-0.04654,-0.04817,-0.0393,-0.0459,-0.04531
387.41,-0.04698,-0.04455,-0.04837,-0.0399,-0.04973,-0.04709
387.78,-0.04092,-0.04066,-0.04268,-0.03921,-0.04181,-0.0417
388.16,-0.04244,-0.04178,-0.04406,-0.03602,-0.04076,-0.04572
388.53,-0.04094,-0.04251,-0.04611,-0.03597,-0.03939,-0.04884
388.9,-0.03509,-0.03863,-0.03974,-0.03486,-0.03668,-0.04447
389.27,-0.03415,-0.03673,-0.03864,-0.03734,-0.03023,-0.03907
389.65,-0.03362,-0.03419,-0.04187,-0.03808,-0.02931,-0.03769
390.02,-0.03236,-0.03223,-0.0371,-0.03759,-0.02607,-0.03318
390.39,-0.02727,-0.02546,-0.03485,-0.03255,-0.02459,-0.03242
390.76,-0.02588,-0.02219,-0.0296,-0.03023,-0.02175,-0.02502
391.13,-0.02042,-0.02125,-0.02326,-0.02479,-0.02261,-0.01846
391.5,-0.02359,-0.02162,-0.02106,-0.02142,-0.02222,-0.02021
391.88,-0.02453,-0.0232,-0.02174,-0.01893,-0.02584,-0.02059
392.25,-0.02048,-0.02348,-0.02025,-0.01492,-0.02312,-0.02146
392.62,-0.02197,-0.02455,-0.02164,-0.01356,-0.02317,-0.02289
392.99,-0.02485,-0.02598,-0.0209,-0.01589,-0.02602,-0.02186
393.36,-0.02454,-0.0275,-0.02153,-0.01866,-0.02699,-0.02379
393.73,-0.02563,-0.02675,-0.02277,-0.02047,-0.0245,-0.02409
394.11,-0.02235,-0.02613,-0.02579,-0.02487,-0.02681,-0.02597
394.48,-0.0219,-0.02574,-0.02566,-0.02651,-0.02942,-0.02732
394.85,-0.02394,-0.02745,-0.02556,-0.02697,-0.03271,-0.02695
395.22,-0.02553,-0.02499,-0.02303,-0.03019,-0.03213,-0.02752
395.59,-0.0267,-0.02869,-0.02561,-0.02913,-0.03289,-0.02723
395.96,-0.02562,-0.02563,-0.02571,-0.0277,-0.03169,-0.02429
396.33,-0.02552,-0.02444,-0.02479,-0.0242,-0.03056,-0.02624
396.71,-0.02408,-0.0244,-0.02292,-0.02023,-0.0282,-0.02627
397.08,-0.02326,-0.02276,-0.02157,-0.01929,-0.02471,-0.02462
397.45,-0.02007,-0.02054,-0.02015,-0.01859,-0.02405,-0.02221
397.82,-0.01442,-0.019,-0.01945,-0.0147,-0.02007,-0.0186
398.19,-0.01501,-0.01804,-0.01875,-0.01675,-0.02015,-0.01785
398.56,-0.01679,-0.02116,-0.0206,-0.02036,-0.02255,-0.02304
398.93,-0.01793,-0.02242,-0.02279,-0.02194,-0.02436,-0.0225
399.3,-0.01908,-0.02093,-0.02342,-0.02273,-0.0256,-0.02047
399.68,-0.01761,-0.02017,-0.02079,-0.02007,-0.0235,-0.01825
400.05,-0.0201,-0.02179,-0.02201,-0.0234,-0.0244,-0.02227
400.42,-0.02384,-0.02367,-0.02402,-0.02603,-0.02826,-0.02505
400.79,-0.02244,-0.02111,-0.02149,-0.02395,-0.02439,-0.02629
401.16,-0.02032,-0.01929,-0.0171,-0.01911,-0.02229,-0.02321
401.53,-0.02001,-0.01887,-0.01582,-0.0204,-0.02112,-0.02319
401.9,-0.0206,-0.02029,-0.01481,-0.01876,-0.01926,-0.02358
402.27,-0.02071,-0.02085,-0.01483,-0.01883,-0.02055,-0.02421
402.64,-0.02185,-0.02077,-0.01578,-0.01787,-0.02264,-0.0238
403.01,-0.02056,-0.01958,-0.01566,-0.0167,-0.0217,-0.02168
403.38,-0.02096,-0.02163,-0.01788,-0.01788,-0.02411,-0.02141
403.75,-0.02053,-0.01957,-0.01843,-0.01783,-0.02256,-0.02002
404.12,-0.01904,-0.01805,-0.01723,-0.01665,-0.02279,-0.01906
404.5,-0.01794,-0.01713,-0.01682,-0.01641,-0.0219,-0.01768
404.87,-0.01712,-0.01742,-0.01586,-0.01695,-0.02,-0.01726
405.24,-0.01687,-0.01577,-0.01516,-0.0158,-0.01635,-0.01458
405.61,-0.01718,-0.01629,-0.01375,-0.01607,-0.01611,-0.01477
405.98,-0.0151,-0.01572,-0.01321,-0.01594,-0.01576,-0.01341
406.35,-0.01399,-0.01833,-0.01376,-0.01723,-0.01611,-0.01365
406.72,-0.01395,-0.0195,-0.01397,-0.01803,-0.0166,-0.01301
407.09,-0.01389,-0.01845,-0.01457,-0.01767,-0.01701,-0.01401
407.46,-0.01322,-0.01717,-0.01612,-0.01592,-0.01608,-0.01391
407.83,-0.01059,-0.01719,-0.01381,-0.01557,-0.01406,-0.01404
408.2,-0.01068,-0.01662,-0.01557,-0.01398,-0.01458,-0.01439
408.57,-0.00996,-0.01445,-0.01426,-0.01197,-0.01229,-0.01387
408.94,-0.0104,-0.01261,-0.01322,-0.01138,-0.01171,-0.01353
409.31,-0.01077,-0.01113,-0.014,-0.01013,-0.01071,-0.0136
409.68,-0.01011,-0.01038,-0.01373,-0.00996,-0.00986,-0.01249
410.05,-0.01065,-0.01094,-0.01245,-0.01102,-0.01086,-0.0133
410.42,-0.01245,-0.01104,-0.01335,-0.01005,-0.01179,-0.01308
410.79,-0.01076,-0.00986,-0.01205,-0.01039,-0.00961,-0.01371
411.16,-0.0118,-0.01098,-0.01226,-0.01029,-0.00994,-0.01293
411.53,-0.0122,-0.01206,-0.01217,-0.00969,-0.00996,-0.01188
411.9,-0.01208,-0.01168,-0.01248,-0.00891,-0.00999,-0.01178
412.27,-0.01141,-0.01241,-0.01082,-0.00951,-0.01069,-0.01154
412.64,-0.01088,-0.01266,-0.0113,-0.00903,-0.00965,-0.01039
413.01,-0.00868,-0.01262,-0.01102,-0.00992,-0.01043,-0.00976
413.38,-0.00851,-0.01166,-0.01091,-0.00923,-0.01118,-0.0092
413.75,-0.00782,-0.0104,-0.01108,-0.00985,-0.01052,-0.00965
414.12,-0.0079,-0.0088,-0.01175,-0.00992,-0.01119,-0.01155
414.49,-0.00681,-0.00867,-0.01023,-0.01032,-0.01008,-0.01024
414.86,-0.00737,-0.00716,-0.01079,-0.0093,-0.00906,-0.00982
415.23,-0.00786,-0.00601,-0.01155,-0.00903,-0.00961,-0.01037
415.6,-0.00733,-0.00522,-0.01088,-0.00819,-0.00897,-0.01042
415.96,-0.00756,-0.00639,-0.01036,-0.00905,-0.00904,-0.0102
416.33,-0.00828,-0.00726,-0.00881,-0.00802,-0.0096,-0.01026
416.7,-0.00728,-0.00828,-0.00935,-0.00851,-0.00919,-0.00967
417.07,-0.00863,-0.00901,-0.00933,-0.00773,-0.01001,-0.01033
417.44,-0.00962,-0.01029,-0.01,-0.00875,-0.01044,-0.01036
417.81,-0.00871,-0.01021,-0.00844,-0.00937,-0.00996,-0.00853
418.18,-0.00927,-0.00961,-0.00675,-0.00799,-0.0078,-0.00777
418.55,-0.00976,-0.00922,-0.0067,-0.00797,-0.00748,-0.00732
418.92,-0.00968,-0.00882,-0.00765,-0.00884,-0.00748,-0.00736
419.29,-0.00985,-0.00882,-0.00733,-0.00918,-0.0076,-0.00724
419.66,-0.0086,-0.00721,-0.00648,-0.00843,-0.0061,-0.00688
420.03,-0.00741,-0.00727,-0.00618,-0.00793,-0.00626,-0.0076
420.39,-0.00783,-0.0071,-0.0067,-0.00773,-0.00639,-0.00899
420.76,-0.00774,-0.0075,-0.00714,-0.00788,-0.00759,-0.00891
421.13,-0.00566,-0.00743,-0.00627,-0.00714,-0.00704,-0.00798
421.5,-0.0041,-0.00665,-0.00556,-0.0065,-0.00637,-0.00654
421.87,-0.0037,-0.0058,-0.00463,-0.005,-0.00574,-0.00527
422.24,-0.00307,-0.0059,-0.00427,-0.00548,-0.00607,-0.00444
422.61,-0.00251,-0.0039,-0.00293,-0.00413,-0.0058,-0.0028
422.98,-0.0031,-0.00444,-0.0032,-0.00392,-0.00619,-0.00284
423.35,-0.00302,-0.00443,-0.00397,-0.00464,-0.00665,-0.0024
423.71,-0.00332,-0.00379,-0.00349,-0.00381,-0.00611,-0.00233
424.08,-0.00454,-0.00374,-0.00457,-0.00464,-0.00692,-0.00294
424.45,-0.00407,-0.00383,-0.00401,-0.00526,-0.00689,-0.00313
424.82,-0.00362,-0.00352,-0.00429,-0.0052,-0.00596,-0.00341
425.19,-0.0045,-0.00466,-0.00566,-0.00627,-0.00642,-0.00448
425.56,-0.0036,-0.00414,-0.00493,-0.0055,-0.00507,-0.00368
425.93,-0.00427,-0.00434,-0.0055,-0.00598,-0.00501,-0.00545
426.29,-0.00468,-0.00525,-0.00693,-0.00701,-0.00539,-0.00506
426.66,-0.00371,-0.00641,-0.00648,-0.00637,-0.00545,-0.0053
427.03,-0.00388,-0.00585,-0.00647,-0.00559,-0.00544,-0.00552
427.4,-0.0035,-0.00581,-0.00606,-0.00554,-0.00595,-0.00551
427.77,-0.0035,-0.00564,-0.00539,-0.00517,-0.00571,-0.00558
428.14,-0.00406,-0.00564,-0.00553,-0.00535,-0.00574,-0.00589
428.5,-0.00325,-0.00509,-0.00525,-0.00512,-0.00574,-0.00509
428.87,-0.00355,-0.00522,-0.00495,-0.00513,-0.00574,-0.00608
429.24,-0.00458,-0.00504,-0.00492,-0.00575,-0.00561,-0.00653
429.61,-0.00507,-0.00537,-0.00513,-0.0058,-0.00487,-0.00592
429.98,-0.0059,-0.00596,-0.00521,-0.00562,-0.00505,-0.00651
430.34,-0.00544,-0.00596,-0.00515,-0.00617,-0.00491,-0.00612
430.71,-0.00522,-0.00607,-0.00477,-0.00574,-0.00569,-0.00661
431.08,-0.00468,-0.00566,-0.00404,-0.00524,-0.00472,-0.00609
431.45,-0.00432,-0.00519,-0.00333,-0.00466,-0.00451,-0.00575
431.82,-0.00365,-0.00463,-0.00297,-0.00344,-0.00426,-0.00523
432.18,-0.00305,-0.00479,-0.00254,-0.00337,-0.00448,-0.00593
432.55,-0.00288,-0.00443,-0.00261,-0.00372,-0.00423,-0.00528
432.92,-0.00353,-0.00463,-0.00262,-0.0034,-0.00437,-0.00543
433.29,-0.00363,-0.00481,-0.00298,-0.00361,-0.00435,-0.00521
433.65,-0.0047,-0.00512,-0.00359,-0.00322,-0.00499,-0.00513
434.02,-0.00476,-0.00517,-0.00352,-0.00297,-0.00487,-0.00514
434.39,-0.00458,-0.0045,-0.00334,-0.00274,-0.00473,-0.00433
434.76,-0.00515,-0.00499,-0.00385,-0.00295,-0.00487,-0.00445
435.12,-0.0056,-0.00495,-0.00409,-0.00286,-0.00489,-0.00433
435.49,-0.00463,-0.00422,-0.00313,-0.00213,-0.0038,-0.00418
435.86,-0.00363,-0.00329,-0.00227,-0.00165,-0.00355,-0.00278
436.23,-0.0035,-0.00364,-0.00215,-0.00175,-0.00405,-0.00314
436.59,-0.00347,-0.00303,-0.00225,-0.00168,-0.0043,-0.00279
436.96,-0.00365,-0.00308,-0.00199,-0.00171,-0.00396,-0.00327
437.33,-0.00381,-0.00278,-0.00206,-0.00176,-0.00388,-0.00279
437.7,-0.00332,-0.00258,-0.0019,-0.00152,-0.00361,-0.00251
438.06,-0.00343,-0.0024,-0.00254,-0.00125,-0.00367,-0.00206
438.43,-0.00423,-0.0029,-0.00305,-0.00187,-0.00379,-0.00302
438.8,-0.00363,-0.00241,-0.00258,-0.00167,-0.00279,-0.00291
439.16,-0.00369,-0.00254,-0.00259,-0.00174,-0.0029,-0.00308
439.53,-0.00354,-0.00273,-0.00299,-0.00203,-0.003,-0.00302
439.9,-0.00319,-0.00182,-0.00259,-0.00198,-0.00312,-0.00303
440.27,-0.00325,-0.00183,-0.00199,-0.0019,-0.00343,-0.00315
440.63,-0.00328,-0.00234,-0.002,-0.00239,-0.00359,-0.00337
441,-0.00301,-0.00262,-0.00168,-0.00234,-0.00359,-0.0035
441.37,-0.00321,-0.00284,-0.00175,-0.00217,-0.00404,-0.00324
441.73,-0.00293,-0.00281,-0.00134,-0.00197,-0.00335,-0.0031
442.1,-0.00265,-0.00282,-0.00116,-0.00198,-0.0034,-0.00267
442.47,-0.00251,-0.00304,-0.00092,-0.00134,-0.00279,-0.00229
442.83,-0.00259,-0.00283,-0.00141,-0.00146,-0.00296,-0.00239
443.2,-0.00253,-0.00253,-0.00119,-0.0012,-0.00299,-0.00257
443.57,-0.00243,-0.00221,-0.00125,-0.00103,-0.00286,-0.00208
443.93,-0.00191,-0.00148,-0.00064,-0.00129,-0.00267,-0.00174
444.3,-0.00211,-0.0017,-0.00078,-0.00127,-0.00304,-0.00176
444.67,-0.00228,-0.00186,-0.00081,-0.00168,-0.00318,-0.00237
445.03,-0.00204,-0.00189,-0.00056,-0.00164,-0.00334,-0.0024
445.4,-0.00155,-0.00193,-0.00022,-0.00159,-0.00259,-0.00255
445.77,-0.00167,-0.00232,-0.00023,-0.00219,-0.00285,-0.00265
446.13,-0.00145,-0.00204,0.00019,-0.002,-0.00249,-0.00259
446.5,-0.00182,-0.00247,-0.00022,-0.00206,-0.00226,-0.00315
446.87,-0.00135,-0.00238,-0.00025,-0.00222,-0.00188,-0.00325
447.23,-0.00112,-0.00215,1.00E-05,-0.00195,-0.00175,-0.00295
447.6,-0.00133,-0.00217,-0.00025,-0.00251,-0.00198,-0.00316
447.96,-0.00194,-0.00251,-0.00074,-0.00259,-0.00242,-0.0033
448.33,-0.00203,-0.00234,-0.00095,-0.00195,-0.00221,-0.00336
448.7,-0.0021,-0.00249,-0.00145,-0.00203,-0.00276,-0.00344
449.06,-0.00216,-0.00263,-0.00125,-0.00193,-0.00275,-0.00317
449.43,-0.00231,-0.0025,-0.00101,-0.00197,-0.00301,-0.00289
449.79,-0.00257,-0.00246,-0.00123,-0.00219,-0.00282,-0.00298
450.16,-0.00244,-0.00247,-0.00172,-0.00194,-0.00279,-0.00299
450.53,-0.00201,-0.00209,-0.00141,-0.00176,-0.0028,-0.0028
450.89,-0.00169,-0.00175,-0.00148,-0.00234,-0.00282,-0.00246
451.26,-0.00139,-0.0014,-0.00108,-0.00215,-0.00199,-0.00209
451.62,-0.00095,-0.00091,-0.00113,-0.00187,-0.00198,-0.00227
451.99,-0.00083,-0.00085,-0.00128,-0.0016,-0.00193,-0.00231
452.36,-0.00086,-0.00127,-0.00172,-0.00152,-0.0022,-0.00283
452.72,-0.00055,-0.00109,-0.00118,-0.00164,-0.00191,-0.0027
453.09,-0.00036,-0.00113,-0.00122,-0.00158,-0.00171,-0.00267
453.45,-0.00016,-0.001,-0.00107,-0.00116,-0.00138,-0.00226
453.82,-0.00064,-0.00124,-0.00149,-0.00149,-0.00178,-0.00275
454.18,-0.00113,-0.0019,-0.00184,-0.00176,-0.00204,-0.00289
454.55,-0.00167,-0.00186,-0.00196,-0.00235,-0.00184,-0.00325
454.92,-0.00169,-0.00144,-0.00188,-0.00224,-0.00193,-0.00274
455.28,-0.00205,-0.00174,-0.0018,-0.00216,-0.00234,-0.00316
455.65,-0.00244,-0.00215,-0.00164,-0.00261,-0.00292,-0.00327
456.01,-0.00245,-0.00198,-0.00135,-0.00241,-0.00285,-0.00338
456.38,-0.00245,-0.00213,-0.00106,-0.00216,-0.00278,-0.00324
456.74,-0.00218,-0.00166,-0.00061,-0.00196,-0.0026,-0.00276
457.11,-0.00181,-0.00173,-0.0006,-0.00176,-0.00301,-0.00258
457.47,-0.00154,-0.00178,5.00E-05,-0.00139,-0.00269,-0.00217
457.84,-0.00166,-0.00182,-0.00054,-0.00144,-0.00264,-0.00183
458.2,-0.00173,-0.0015,-0.00065,-0.00113,-0.00231,-0.0017
458.57,-0.00189,-0.00167,-0.00048,-0.00115,-0.0023,-0.00168
458.93,-0.00205,-0.00163,-0.00092,-0.00151,-0.00241,-0.00208
459.3,-0.00225,-0.00163,-0.00117,-0.00182,-0.00251,-0.00242
459.66,-0.00195,-0.00119,-0.00096,-0.00129,-0.00199,-0.00194
460.03,-0.00211,-0.00114,-0.00113,-0.00157,-0.00211,-0.00235
460.39,-0.00167,-0.00057,-0.00065,-0.00128,-0.00169,-0.00206
460.76,-0.00141,-0.0005,-0.0005,-0.00134,-0.00167,-0.00177
461.12,-0.00161,-0.00049,-0.001,-0.00168,-0.00212,-0.00203
461.49,-0.00071,0.00015,-0.00042,-0.00132,-0.00172,-0.00127
461.85,-0.0002,3.00E-05,-0.00047,-0.00111,-0.00136,-0.00081
462.22,-0.00035,-0.00033,-0.00067,-0.00151,-0.00164,-0.00116
462.58,-0.00016,-0.00054,-0.0008,-0.00174,-0.00172,-0.00121
462.95,-0.00027,-0.00089,-0.00101,-0.00218,-0.00216,-0.00169
463.31,-0.00013,-0.0009,-0.00118,-0.00197,-0.00199,-0.00182
463.68,0.00037,-0.00099,-0.00086,-0.00159,-0.00152,-0.00149
464.04,-4.00E-05,-0.00138,-0.001,-0.00162,-0.00168,-0.00181
464.41,-0.00031,-0.00134,-0.00073,-0.00175,-0.0018,-0.00207
464.77,-0.00023,-0.00134,-0.00037,-0.0017,-0.00168,-0.00215
465.13,-0.00023,-0.00097,-1.00E-05,-0.00105,-0.00136,-0.00192
465.5,-0.00019,-0.00092,0.0002,-0.00087,-0.00094,-0.00169
465.86,-0.00021,-0.00085,0.00041,-0.00099,-0.00078,-0.00189
466.23,-0.00039,-0.00121,0.00044,-0.00125,-0.001,-0.00204
466.59,-0.00046,-0.00123,0.0004,-0.00123,-0.00092,-0.00195
466.96,-0.00063,-0.00139,0.00014,-0.0013,-0.00121,-0.00207
467.32,-0.00081,-0.00139,4.00E-05,-0.00127,-0.00129,-0.00183
467.68,-0.00081,-0.00147,-9.00E-05,-0.00147,-0.00121,-0.00173
468.05,-0.00105,-0.00147,-0.0005,-0.00146,-0.00156,-0.00187
468.41,-0.00115,-0.00149,-0.00082,-0.00149,-0.00185,-0.00149
468.78,-0.00128,-0.00123,-0.0009,-0.00137,-0.00181,-0.0015
469.14,-0.00138,-0.00125,-0.00088,-0.00146,-0.00194,-0.00152
469.5,-0.00112,-0.00088,-0.00065,-0.00106,-0.00163,-0.00121
469.87,-0.00135,-0.00092,-0.00103,-0.00125,-0.00177,-0.00141
470.23,-0.00152,-0.00105,-0.00137,-0.00129,-0.00187,-0.00166
470.6,-0.0014,-0.00081,-0.00109,-0.00119,-0.00144,-0.00158
470.96,-0.00136,-0.00097,-0.00094,-0.00121,-0.00132,-0.00173
471.32,-0.00127,-0.00097,-0.00099,-0.00107,-0.00121,-0.00154
471.69,-0.0013,-0.0013,-0.00128,-0.00121,-0.00122,-0.00162
472.05,-0.0014,-0.00143,-0.00137,-0.00138,-0.00144,-0.00175
472.42,-0.00112,-0.00131,-0.001,-0.00113,-0.00124,-0.00159
472.78,-0.00112,-0.00137,-0.00074,-0.00122,-0.00121,-0.00144
473.14,-0.00114,-0.00167,-0.00068,-0.0012,-0.00136,-0.00138
473.51,-0.00112,-0.0015,-0.00054,-0.00093,-0.00138,-0.00122
473.87,-0.00117,-0.00146,-0.0004,-0.0012,-0.00142,-0.00133
474.23,-0.00099,-0.00092,2.00E-05,-0.00099,-0.0012,-0.0011
474.6,-0.00084,-0.00071,0.00029,-0.00091,-0.00092,-0.00091
474.96,-0.00085,-0.00069,0.0002,-0.00082,-0.00094,-0.00078
475.32,-0.0007,-0.00058,0.00017,-0.00075,-0.00104,-0.00082
475.69,-0.00064,-0.0003,0.00023,-0.00065,-0.00093,-0.00059
476.05,-0.00055,-0.00029,0.00029,-0.00069,-0.00074,-0.00061
476.41,-0.00054,-0.0003,0.00021,-0.0006,-0.00068,-0.00054
476.78,-0.00049,-0.00045,6.00E-05,-0.00054,-0.00071,-0.00057
477.14,-0.00058,-0.0005,-6.00E-05,-0.00047,-0.0007,-0.0005
477.5,-0.00056,-0.00054,1.00E-05,-0.00057,-0.00068,-0.00066
477.87,-0.0006,-0.00057,8.00E-05,-0.00049,-0.00063,-0.00049
478.23,-0.00066,-0.00077,3.00E-05,-0.00066,-0.00065,-0.00067
478.59,-0.00081,-0.00076,-0.0001,-0.00086,-0.00082,-0.00078
478.96,-0.00081,-0.00088,-0.00011,-0.00077,-0.00091,-0.0008
479.32,-0.00093,-0.00101,-6.00E-05,-0.00087,-0.00106,-0.00087
479.68,-0.00087,-0.00107,-5.00E-05,-0.00088,-0.00102,-0.00091
480.04,-0.00085,-0.00103,-5.00E-05,-0.00096,-0.001,-0.00084
480.41,-0.00087,-0.00095,-6.00E-05,-0.00104,-0.00091,-0.00096
480.77,-0.00084,-0.00096,-5.00E-05,-0.00096,-0.00099,-0.00093
481.13,-0.00094,-0.00104,-4.00E-05,-0.00094,-0.00101,-0.00092
481.5,-0.00086,-0.00103,-3.00E-05,-0.00096,-0.00102,-0.00094
481.86,-0.00078,-0.0008,-7.00E-05,-0.00086,-0.00083,-0.00074
482.22,-0.00081,-0.00086,-0.00019,-0.00098,-0.00089,-0.00085
482.58,-0.00073,-0.00071,-2.00E-05,-0.00082,-0.00083,-0.00071
482.95,-0.00072,-0.00075,1.00E-05,-0.00067,-0.00076,-0.00057
483.31,-0.00068,-0.00072,0.0001,-0.00059,-0.00064,-0.0005
483.67,-0.00059,-0.0008,9.00E-05,-0.00053,-0.00052,-0.00057
484.03,-0.00058,-0.00072,0.0002,-0.00059,-0.00046,-0.00059
484.4,-0.00057,-0.00081,0.00027,-0.0006,-0.0006,-0.00076
484.76,-0.0006,-0.00073,0.00028,-0.00058,-0.00059,-0.00069
485.12,-0.00065,-0.0009,0.00026,-0.0006,-0.00056,-0.00069
485.48,-0.00065,-0.00087,0.00025,-0.00072,-0.0007,-0.00078
485.85,-0.0007,-0.00088,0.00016,-0.00082,-0.00079,-0.00085
486.21,-0.00063,-0.00082,0.00025,-0.00075,-0.00081,-0.00074
486.57,-0.00057,-0.00078,0.00028,-0.00068,-0.00073,-0.00062
486.93,-0.00055,-0.00065,0.00027,-0.00069,-0.0006,-0.00047
487.29,-0.00045,-0.00066,0.00033,-0.0006,-0.0006,-0.00043
487.66,-0.00039,-0.00066,0.00026,-0.00059,-0.0006,-0.00042
488.02,-0.00044,-0.00068,0.00024,-0.00057,-0.00059,-0.00052
488.38,-0.00034,-0.00062,0.00035,-0.00057,-0.00048,-0.00047
488.74,-0.0003,-0.00049,0.00031,-0.00058,-0.0005,-0.00044
489.1,-0.00029,-0.00045,0.00035,-0.00053,-0.00052,-0.00046
489.47,-0.00026,-0.00051,0.00037,-0.00047,-0.00049,-0.00047
489.83,-0.00034,-0.00057,0.00032,-0.00048,-0.00047,-0.00054
490.19,-0.0005,-0.00062,0.00024,-0.00053,-0.00057,-0.00064
490.55,-0.00036,-0.00045,0.00038,-0.00038,-0.00038,-0.00044
490.91,-0.00042,-0.00048,0.00022,-0.00034,-0.00047,-0.00045
491.27,-0.00038,-0.00051,0.00034,-0.00017,-0.00038,-0.00036
491.64,-0.00057,-0.00054,0.00018,-0.00021,-0.00045,-0.0004
492,-0.00065,-0.00057,0.00015,-0.0002,-0.00049,-0.00044
492.36,-0.00062,-0.00054,0.00016,-0.00022,-0.00052,-0.00036
492.72,-0.00041,-0.00037,0.00024,-0.00017,-0.0004,-0.0003
493.08,-0.00041,-0.00047,9.00E-05,-0.00025,-0.00051,-0.00032
493.44,-0.00033,-0.00036,0.00023,-0.00017,-0.00039,-0.00014
493.81,-0.00038,-0.00038,0.00016,-0.00038,-0.00043,-0.00017
494.17,-0.0002,-0.00034,0.00027,-0.00035,-0.00034,-9.00E-05
494.53,-0.00019,-0.00038,0.00028,-0.00042,-0.00041,-8.00E-05
494.89,-0.00024,-0.00042,0.00031,-0.00047,-0.00037,-9.00E-05
495.25,-0.00042,-0.00054,0.00024,-0.00057,-0.00048,-0.00016
495.61,-0.0005,-0.00058,0.00024,-0.0006,-0.00052,-0.00026
495.97,-0.00053,-0.0006,0.00013,-0.00068,-0.00059,-0.00036
496.33,-0.00051,-0.00054,0.00011,-0.00056,-0.00056,-0.00038
496.7,-0.00058,-0.00062,4.00E-05,-0.00057,-0.00063,-0.00046
497.06,-0.00059,-0.00061,-1.00E-05,-0.00061,-0.00064,-0.00043
497.42,-0.00056,-0.00054,-5.00E-05,-0.00059,-0.00063,-0.00036
497.78,-0.00052,-0.0005,0,-0.00048,-0.00062,-0.00034
498.14,-0.00043,-0.00045,0.00013,-0.00042,-0.00051,-0.0002
498.5,-0.00044,-0.00051,0.00017,-0.00037,-0.00048,-0.00021
498.86,-0.00047,-0.00049,0.00017,-0.00036,-0.00053,-0.0002
499.22,-0.00044,-0.00042,0.00018,-0.00041,-0.00051,-0.00019
499.58,-0.00046,-0.00043,0.00018,-0.00038,-0.00047,-0.0002
499.94,-0.00032,-0.00038,0.00028,-0.00024,-0.00046,-0.0002
500.3,-0.00029,-0.00042,0.00021,-0.00025,-0.00044,-0.00015
500.67,-0.00029,-0.0004,0.0002,-0.00027,-0.00038,-0.00011
501.03,-0.00033,-0.00036,0.00026,-0.00031,-0.00045,-4.00E-05
501.39,-0.00031,-0.00039,0.00031,-0.00034,-0.00037,-1.00E-05
501.75,-0.00032,-0.0004,0.00034,-0.00026,-0.00031,9.00E-05
502.11,-0.00025,-0.00043,0.00033,-0.00022,-0.00028,0.00011
502.47,-0.00029,-0.00041,0.00041,-0.00026,-0.00018,0.00016
502.83,-0.00026,-0.00035,0.00045,-0.00032,-0.00013,0.00018
503.19,-0.00029,-0.0004,0.00039,-0.00033,-0.0002,0.00018
503.55,-0.00027,-0.00041,0.00037,-0.00031,-0.00013,0.0002
503.91,-0.00034,-0.00047,0.00031,-0.00035,-0.00021,0.00018
504.27,-0.00032,-0.00044,0.00031,-0.00035,-0.00023,0.00013
504.63,-0.0003,-0.0004,0.00039,-0.00032,-0.00023,0.00018
504.99,-0.00036,-0.00047,0.00036,-0.00036,-0.00033,0.00012
505.35,-0.00043,-0.00057,0.00036,-0.00032,-0.00037,0.0001
505.71,-0.00043,-0.00057,0.00038,-0.00031,-0.00033,0.0001
506.07,-0.00042,-0.00059,0.00041,-0.00026,-0.00032,0.00012
506.43,-0.00036,-0.00055,0.00048,-0.00024,-0.00027,0.00013
506.79,-0.00041,-0.00064,0.00044,-0.00027,-0.00027,0.0001
507.15,-0.0004,-0.00065,0.00046,-0.0003,-0.00029,7.00E-05
507.51,-0.00046,-0.00064,0.00035,-0.0004,-0.00036,7.00E-05
507.87,-0.00037,-0.00054,0.00043,-0.00031,-0.00033,0.00013
508.23,-0.00045,-0.00053,0.00042,-0.00034,-0.00044,9.00E-05
508.59,-0.00041,-0.00052,0.00043,-0.00036,-0.00042,0.00017
508.95,-0.00039,-0.00051,0.0004,-0.00037,-0.00039,0.00018
509.31,-0.00039,-0.00044,0.00043,-0.00032,-0.00039,0.00027
509.67,-0.00041,-0.00038,0.00043,-0.00031,-0.00038,0.00031
510.03,-0.00036,-0.00036,0.00048,-0.00019,-0.00029,0.00038
510.39,-0.00031,-0.00028,0.00041,-0.00019,-0.00025,0.00043
510.75,-0.00018,-0.00023,0.00044,-0.00013,-0.00018,0.00053
511.11,-0.00013,-0.00013,0.00043,-8.00E-05,-0.00012,0.00056
511.47,-0.00012,-0.00011,0.00047,-2.00E-05,-9.00E-05,0.00065
511.83,-1.00E-05,-0.00011,0.00045,1.00E-05,-2.00E-05,0.00071
512.19,3.00E-05,-0.00012,0.00043,6.00E-05,7.00E-05,0.00075
512.55,1.00E-05,-0.0002,0.00042,-1.00E-05,3.00E-05,0.00071
512.91,-5.00E-05,-0.00028,0.00048,1.00E-05,1.00E-05,0.00077
513.27,-0.00015,-0.00036,0.0004,-9.00E-05,-5.00E-05,0.00075
513.62,-0.00017,-0.00039,0.00043,-0.00013,-6.00E-05,0.00076
513.98,-0.0001,-0.00027,0.00052,-7.00E-05,0,0.00092
514.34,-0.00019,-0.00026,0.00056,-6.00E-05,-6.00E-05,0.00098
514.7,-0.00025,-0.00029,0.00054,-8.00E-05,-9.00E-05,0.00103
515.06,-0.00019,-0.00022,0.00058,0,-3.00E-05,0.00113
515.42,-0.00019,-0.00022,0.00052,-0.00011,2.00E-05,0.00114
515.78,-0.00011,-0.00012,0.00057,-5.00E-05,0.00013,0.00125
516.14,-0.00012,-0.00019,0.00057,2.00E-05,0.00012,0.00123
516.5,-0.00026,-0.00032,0.00043,-8.00E-05,3.00E-05,0.00106
516.86,-0.00028,-0.00031,0.0004,-0.00017,8.00E-05,0.00103
517.22,-0.00025,-0.00029,0.00045,-0.00016,6.00E-05,0.00114
517.57,-0.00022,-0.00028,0.00043,-0.00022,3.00E-05,0.00122
517.93,-0.00018,-0.0002,0.00051,-6.00E-05,7.00E-05,0.00132
518.29,-0.00019,-0.00019,0.00057,-8.00E-05,6.00E-05,0.00137
518.65,-0.00017,-0.00011,0.00058,-8.00E-05,0.00011,0.00142
519.01,-9.00E-05,-0.00014,0.00058,-0.0001,0.00013,0.00152
519.37,-7.00E-05,-9.00E-05,0.00067,-2.00E-05,0.00016,0.00163
519.73,-4.00E-05,-8.00E-05,0.0007,1.00E-05,0.00025,0.00162
520.08,-3.00E-05,-6.00E-05,0.00074,4.00E-05,0.00032,0.0017
520.44,1.00E-05,-0.00013,0.00076,1.00E-05,0.00032,0.00179
520.8,-3.00E-05,-0.00014,0.00076,3.00E-05,0.00028,0.00191
521.16,-2.00E-05,-0.00014,0.00076,4.00E-05,0.00026,0.00217
521.52,-6.00E-05,-0.00011,0.00081,0.0001,0.00032,0.00242
521.88,-5.00E-05,-0.00015,0.00079,9.00E-05,0.00038,0.00266
522.24,-0.00011,-0.00019,0.00076,9.00E-05,0.00034,0.0029
522.59,-0.00022,-0.00021,0.00073,7.00E-05,0.00036,0.00314
522.95,-0.00032,-0.00024,0.00069,3.00E-05,0.00035,0.00335
523.31,-0.00031,-0.00028,0.00061,3.00E-05,0.00037,0.00354
523.67,-0.00038,-0.00028,0.00056,-1.00E-05,0.00035,0.00368
524.03,-0.00037,-0.00027,0.00056,0,0.00033,0.00379
524.38,-0.00035,-0.00031,0.00053,-3.00E-05,0.00029,0.00391
524.74,-0.00029,-0.00027,0.00056,-5.00E-05,0.00035,0.00411
525.1,-0.00018,-0.00027,0.00059,-5.00E-05,0.00033,0.00436
525.46,-0.00015,-0.00022,0.00061,-3.00E-05,0.00041,0.00469
525.82,-0.00016,-0.00018,0.00066,-9.00E-05,0.00045,0.00513
526.17,-0.00011,-0.0002,0.00068,-8.00E-05,0.00055,0.00569
526.53,-4.00E-05,-0.00014,0.00075,-1.00E-05,0.00066,0.00634
526.89,-4.00E-05,-0.00015,0.00073,-1.00E-05,0.00069,0.00696
527.25,-9.00E-05,-0.00017,0.00072,1.00E-05,0.00069,0.0076
527.61,-0.00014,-0.00017,0.00073,7.00E-05,0.00072,0.00814
527.96,-6.00E-05,-0.00011,0.00081,0.00014,0.00073,0.00866
528.32,-1.00E-05,-0.00012,0.00085,0.00019,0.00081,0.00909
528.68,-4.00E-05,-0.00011,0.00086,0.00022,0.00081,0.00942
529.04,-9.00E-05,-0.00016,0.00078,0.00016,0.00076,0.00983
529.39,-3.00E-05,-7.00E-05,0.00087,0.00022,0.00086,0.01059
529.75,2.00E-05,-3.00E-05,0.00088,0.00024,0.00093,0.01154
530.11,6.00E-05,-2.00E-05,0.00087,0.0002,0.00103,0.01297
530.47,-2.00E-05,-5.00E-05,0.00076,0.00014,0.00102,0.01476
530.82,-6.00E-05,-7.00E-05,0.00074,0.00017,0.00102,0.01697
531.18,-6.00E-05,-0.0001,0.0007,0.00017,0.00099,0.0194
531.54,-2.00E-05,-8.00E-05,0.00072,0.00016,0.00103,0.02191
531.9,-5.00E-05,-0.00017,0.00067,0.00019,0.00098,0.02424
532.25,-2.00E-05,-0.00014,0.00072,0.00019,0.00098,0.02634
532.61,-6.00E-05,-0.00015,0.0007,0.00025,0.00094,0.02799
532.97,-4.00E-05,-0.00018,0.00073,0.00026,0.00096,0.02916
533.32,-1.00E-05,-0.00013,0.00076,0.00028,0.00097,0.03017
533.68,1.00E-05,-0.00014,0.00079,0.00026,0.00106,0.03113
534.04,0,-0.00016,0.00077,0.00023,0.00112,0.03248
534.4,-7.00E-05,-0.00012,0.00073,0.00018,0.00117,0.03427
534.75,-0.0001,-0.00013,0.00067,0.00017,0.00124,0.03683
535.11,-0.00012,-0.00019,0.0006,0.0001,0.00129,0.04018
535.47,-0.00015,-0.00025,0.00056,9.00E-05,0.00137,0.04433
535.82,-0.00016,-0.00023,0.00055,8.00E-05,0.00146,0.04906
536.18,-0.00017,-0.00019,0.00053,0.00013,0.0015,0.05425
536.54,-0.00016,-0.00019,0.00059,0.00018,0.00158,0.05985
536.89,-9.00E-05,-0.0002,0.00067,0.00024,0.00172,0.06619
537.25,-7.00E-05,-0.00022,0.00068,0.00029,0.00177,0.07342
537.61,-9.00E-05,-0.00018,0.00075,0.00032,0.00188,0.08207
537.96,-4.00E-05,-0.00011,0.00082,0.00036,0.00202,0.09279
538.32,-4.00E-05,-0.00012,0.00084,0.00043,0.00223,0.10576
538.68,-1.00E-05,-9.00E-05,0.00089,0.00046,0.00251,0.12149
539.03,0,-9.00E-05,0.00084,0.00048,0.00276,0.13975
539.39,-2.00E-05,-0.00011,0.0008,0.00043,0.00302,0.1601
539.75,-4.00E-05,-5.00E-05,0.00081,0.00044,0.00332,0.18193
540.1,3.00E-05,-2.00E-05,0.00087,0.00054,0.00368,0.20493
540.46,3.00E-05,0,0.00086,0.00056,0.00396,0.2279
540.81,5.00E-05,2.00E-05,0.00088,0.00054,0.00418,0.24997
541.17,-3.00E-05,-6.00E-05,0.00082,0.00051,0.00427,0.27088
541.53,-1.00E-05,-1.00E-05,0.00089,0.0006,0.0044,0.28984
541.88,-1.00E-05,0,0.0009,0.00069,0.00446,0.30661
542.24,4.00E-05,0,0.00096,0.00075,0.0046,0.3214
542.59,3.00E-05,6.00E-05,0.00093,0.0007,0.0047,0.33361
542.95,3.00E-05,3.00E-05,0.00092,0.00075,0.00494,0.34378
543.31,4.00E-05,3.00E-05,0.00091,0.00082,0.00525,0.3523
543.66,0.0001,0.00012,0.00099,0.00087,0.00579,0.3595
544.02,5.00E-05,7.00E-05,0.00096,0.00089,0.00643,0.36581
544.37,8.00E-05,0.00011,0.00095,0.00092,0.00716,0.37193
544.73,-1.00E-05,7.00E-05,0.00094,0.00095,0.00795,0.37765
545.09,-4.00E-05,-2.00E-05,0.00093,0.00099,0.00875,0.38384
545.44,-5.00E-05,-6.00E-05,0.00094,0.00104,0.00948,0.39052
545.8,-7.00E-05,-8.00E-05,0.00094,0.00108,0.01018,0.39746
546.15,-4.00E-05,-8.00E-05,0.00092,0.00119,0.01075,0.40467
546.51,-2.00E-05,-1.00E-05,0.00093,0.00119,0.01127,0.41203
546.86,-1.00E-05,-1.00E-05,0.00093,0.00122,0.0118,0.41882
547.22,0.00011,3.00E-05,0.00098,0.00129,0.01244,0.42539
547.58,0.00013,6.00E-05,0.00102,0.00133,0.01323,0.43117
547.93,0.00015,0.00012,0.00106,0.00139,0.01426,0.43614
548.29,0.00016,0.0001,0.00105,0.00147,0.01548,0.44044
548.64,0.00016,0.00011,0.00111,0.0015,0.01691,0.4439
549,0.00016,8.00E-05,0.00114,0.00156,0.01838,0.44652
549.35,0.00018,0.0001,0.00119,0.00168,0.01986,0.44915
549.71,0.00012,8.00E-05,0.0012,0.00179,0.02116,0.45118
550.06,0.00013,8.00E-05,0.00121,0.00196,0.02229,0.45304
550.42,0.00016,0.00011,0.00126,0.00212,0.02317,0.45446
550.77,0.00019,0.00019,0.00131,0.00226,0.02386,0.45617
551.13,0.00016,0.00015,0.00134,0.0024,0.02446,0.45757
551.48,0.00021,0.00021,0.0014,0.0026,0.0254,0.4593
551.84,0.00019,0.00024,0.00143,0.00271,0.0269,0.46096
552.19,0.00023,0.00026,0.00146,0.00278,0.02934,0.46283
552.55,0.00027,0.00031,0.00152,0.00287,0.033,0.46493
552.9,0.00025,0.0003,0.00148,0.00294,0.03809,0.46757
553.26,0.00026,0.0003,0.00154,0.00298,0.04483,0.47023
553.61,0.00025,0.00033,0.00154,0.00299,0.05318,0.47321
553.97,0.00022,0.0003,0.00149,0.00302,0.06316,0.47658
554.32,0.00028,0.00034,0.0016,0.00321,0.07479,0.48022
554.68,0.00024,0.00033,0.00164,0.00337,0.08794,0.48457
555.03,0.00021,0.00034,0.00167,0.00357,0.10283,0.48973
555.39,0.00025,0.00041,0.00171,0.00379,0.11987,0.49663
555.74,0.00026,0.00037,0.00175,0.00406,0.13898,0.50545
556.1,0.00033,0.00045,0.00185,0.00447,0.16022,0.51704
556.45,0.0004,0.00049,0.00195,0.00484,0.18337,0.53174
556.8,0.00036,0.00047,0.00192,0.00508,0.20806,0.54985
557.16,0.00045,0.00056,0.00193,0.00537,0.23353,0.57095
557.51,0.00049,0.00064,0.00199,0.00568,0.25926,0.59409
557.87,0.00053,0.00063,0.00203,0.00603,0.28393,0.61835
558.22,0.00054,0.00067,0.00209,0.00647,0.30709,0.64291
558.58,0.00056,0.00069,0.00214,0.00701,0.32796,0.66636
558.93,0.00064,0.00073,0.00228,0.00768,0.34652,0.68813
559.28,0.0007,0.0008,0.00238,0.0085,0.36264,0.70749
559.64,0.00069,0.00079,0.00246,0.00952,0.37687,0.72505
559.99,0.0007,0.00082,0.00253,0.01058,0.38893,0.7417
560.35,0.00069,0.00085,0.00261,0.01169,0.39924,0.75748
560.7,0.00072,0.00092,0.00265,0.01271,0.40819,0.77301
561.05,0.00079,0.00096,0.0027,0.01354,0.41602,0.78915
561.41,0.00074,0.00102,0.00273,0.01415,0.42259,0.80604
561.76,0.00079,0.00105,0.00282,0.01458,0.42858,0.82369
562.12,0.00086,0.00113,0.0029,0.01469,0.43359,0.841
562.47,0.00095,0.00117,0.00303,0.01468,0.43824,0.85762
562.82,0.00099,0.0012,0.00317,0.01454,0.44261,0.87248
563.18,0.001,0.00125,0.00331,0.01451,0.44687,0.88553
563.53,0.00104,0.00127,0.00349,0.01459,0.45118,0.89666
563.88,0.00105,0.00132,0.00363,0.01503,0.456,0.90541
564.24,0.00107,0.00138,0.00375,0.01582,0.46094,0.91188
564.59,0.00113,0.00147,0.00399,0.01719,0.46645,0.9168
564.95,0.0012,0.00154,0.00414,0.01893,0.47278,0.92085
565.3,0.00134,0.00167,0.00431,0.02111,0.47999,0.92331
565.65,0.00143,0.00172,0.00448,0.02357,0.48921,0.92562
566.01,0.00145,0.00182,0.0046,0.02628,0.50059,0.92711
566.36,0.00163,0.00193,0.00486,0.0293,0.51516,0.92842
566.71,0.00172,0.002,0.00511,0.03248,0.53279,0.92998
567.07,0.00176,0.00204,0.00537,0.03612,0.55432,0.93142
567.42,0.00183,0.00219,0.00577,0.04061,0.57905,0.93186
567.77,0.00188,0.00228,0.00631,0.0466,0.60656,0.93309
568.13,0.00198,0.00247,0.00697,0.0547,0.63519,0.93336
568.48,0.00213,0.00269,0.00777,0.06574,0.66449,0.93393
568.83,0.00218,0.00285,0.00858,0.08025,0.69298,0.93393
569.18,0.0023,0.003,0.00943,0.09868,0.72034,0.93348
569.54,0.00243,0.00321,0.01023,0.12095,0.74542,0.93265
569.89,0.00263,0.0034,0.01096,0.14667,0.7685,0.93178
570.24,0.00278,0.00354,0.01154,0.17486,0.78984,0.93063
570.6,0.00291,0.00364,0.01197,0.20474,0.80954,0.92972
570.95,0.00304,0.00373,0.0122,0.2351,0.82782,0.92841
571.3,0.0032,0.00382,0.01228,0.26521,0.84473,0.92743
571.65,0.00339,0.00399,0.01237,0.29408,0.85959,0.92622
572.01,0.00353,0.00415,0.01245,0.32119,0.87265,0.92522
572.36,0.00357,0.00431,0.01249,0.34629,0.88335,0.92486
572.71,0.00374,0.00473,0.01276,0.36939,0.89223,0.92499
573.06,0.00396,0.00526,0.01318,0.39015,0.89873,0.92546
573.42,0.00414,0.00586,0.01375,0.40854,0.90282,0.92609
573.77,0.0044,0.00666,0.01456,0.42521,0.90535,0.92709
574.12,0.00469,0.00756,0.01545,0.44094,0.90707,0.92848
574.47,0.00512,0.00848,0.01643,0.45607,0.90808,0.93012
574.83,0.00572,0.00944,0.01755,0.47158,0.90887,0.93151
575.18,0.00641,0.01026,0.01853,0.48812,0.90934,0.93309
575.53,0.00719,0.01091,0.01946,0.50659,0.91001,0.93462
575.88,0.00815,0.01151,0.02044,0.52778,0.91111,0.93633
576.24,0.00909,0.01187,0.02141,0.55193,0.91223,0.93775
576.59,0.01006,0.01211,0.02261,0.57906,0.91395,0.93936
576.94,0.0109,0.01226,0.02415,0.60949,0.91575,0.94081
577.29,0.01168,0.01233,0.02643,0.64296,0.91826,0.94231
577.64,0.01222,0.01239,0.02987,0.6786,0.92087,0.94351
578,0.01263,0.01259,0.03498,0.71577,0.92375,0.94462
578.35,0.01284,0.01284,0.04211,0.75272,0.92637,0.94537
578.7,0.01296,0.01321,0.0516,0.78831,0.92917,0.94645
579.05,0.01303,0.01371,0.06361,0.821,0.93152,0.94725
579.4,0.01319,0.01437,0.07832,0.8496,0.9337,0.94781
579.76,0.01328,0.01518,0.0955,0.87305,0.93541,0.94844
580.11,0.01359,0.01599,0.11502,0.8914,0.93675,0.94892
580.46,0.01403,0.01677,0.13688,0.90444,0.93762,0.94916
580.81,0.01466,0.01748,0.16141,0.91311,0.93833,0.94966
581.16,0.01541,0.01817,0.18869,0.91886,0.93899,0.94984
581.51,0.01626,0.01888,0.21952,0.92251,0.93932,0.94995
581.87,0.0171,0.01958,0.25377,0.92451,0.93947,0.95008
582.22,0.01799,0.02044,0.29215,0.92632,0.93957,0.94987
582.57,0.01878,0.02165,0.33421,0.92755,0.93966,0.9499
582.92,0.01949,0.0235,0.37955,0.92909,0.93969,0.94994
583.27,0.02016,0.02642,0.42755,0.93084,0.93931,0.95001
583.62,0.02088,0.03075,0.47715,0.93237,0.93885,0.95032
583.97,0.02171,0.03692,0.52698,0.93345,0.93794,0.95017
584.33,0.02301,0.04532,0.57607,0.93426,0.93709,0.95017
584.68,0.02493,0.05612,0.6229,0.9345,0.93612,0.95037
585.03,0.02785,0.06926,0.66675,0.93434,0.93483,0.94997
585.38,0.03237,0.08482,0.70698,0.93353,0.93389,0.94966
585.73,0.03882,0.10254,0.74273,0.93227,0.93319,0.94886
586.08,0.04767,0.12302,0.774,0.93084,0.93245,0.94775
586.43,0.05907,0.14713,0.80065,0.92899,0.9321,0.94653
586.78,0.07301,0.17663,0.82323,0.9275,0.93191,0.9452
587.13,0.08934,0.21348,0.84241,0.92592,0.93173,0.94391
587.48,0.10807,0.2601,0.85897,0.92504,0.93217,0.94277
587.84,0.12923,0.31729,0.87335,0.92485,0.93257,0.94169
588.19,0.15444,0.3856,0.88642,0.92536,0.93299,0.94098
588.54,0.18496,0.46152,0.89798,0.92649,0.93371,0.94039
588.89,0.22347,0.54122,0.9086,0.92857,0.93478,0.94056
589.24,0.27253,0.62038,0.91791,0.93058,0.9359,0.94063
589.59,0.33329,0.69452,0.92554,0.93264,0.937,0.94054
589.94,0.40484,0.75979,0.93194,0.9345,0.938,0.94074
590.29,0.48381,0.81368,0.93683,0.93606,0.93873,0.94116
590.64,0.56612,0.85578,0.94021,0.93757,0.93976,0.94147
590.99,0.64619,0.88614,0.94245,0.93877,0.94068,0.94162
591.34,0.72007,0.90747,0.94411,0.93994,0.94172,0.94179
591.69,0.78387,0.92175,0.94523,0.9411,0.94281,0.94237
592.04,0.83558,0.93094,0.94583,0.94233,0.94403,0.94283
592.39,0.87423,0.93641,0.94581,0.94351,0.94496,0.94336
592.74,0.90142,0.93964,0.94591,0.94454,0.94607,0.94368
593.09,0.91981,0.9416,0.94597,0.94539,0.94748,0.94448
593.44,0.93159,0.94316,0.94598,0.94572,0.94834,0.94516
593.79,0.93882,0.94479,0.94587,0.94594,0.94902,0.9461
594.14,0.94252,0.94641,0.94574,0.94617,0.94983,0.94707
594.49,0.9444,0.94784,0.94548,0.94586,0.95023,0.94805
594.84,0.94519,0.94943,0.9449,0.94556,0.95053,0.94912
595.19,0.94612,0.95049,0.94377,0.94518,0.9509,0.95031
595.54,0.94737,0.9515,0.94231,0.94441,0.95079,0.95139
595.89,0.94921,0.95226,0.94108,0.94411,0.9511,0.95273
596.24,0.95097,0.95285,0.94006,0.94332,0.95137,0.95367
596.59,0.9527,0.95324,0.93924,0.94234,0.95112,0.95424
596.94,0.95403,0.95348,0.93917,0.94186,0.95104,0.95502
597.29,0.95524,0.9532,0.93992,0.94134,0.951,0.95541
597.64,0.95594,0.95268,0.94104,0.94101,0.95092,0.9556
597.99,0.9566,0.95172,0.94251,0.94102,0.95102,0.95538
598.34,0.95692,0.95094,0.94395,0.94075,0.95072,0.95501
598.69,0.9571,0.94991,0.94459,0.94061,0.95028,0.95456
599.04,0.95655,0.94945,0.94524,0.94053,0.95032,0.95407
599.39,0.95583,0.94939,0.94556,0.94005,0.9502,0.95323
599.74,0.95481,0.94935,0.94583,0.93972,0.95025,0.95275
600.09,0.95402,0.94943,0.94631,0.93915,0.94984,0.95226
600.44,0.95321,0.94893,0.94694,0.93858,0.94954,0.95159
600.79,0.95292,0.94765,0.94764,0.93824,0.94891,0.9508
601.14,0.95301,0.94666,0.94902,0.93841,0.94862,0.95018
601.49,0.9533,0.94508,0.9501,0.93876,0.94789,0.94924
601.83,0.95326,0.94386,0.95119,0.93978,0.94705,0.9483
602.18,0.95282,0.94358,0.95205,0.94105,0.94615,0.94686
602.53,0.95177,0.94362,0.9528,0.94265,0.94545,0.9454
602.88,0.95042,0.94456,0.95324,0.94427,0.94459,0.94374
603.23,0.9489,0.94628,0.95367,0.94583,0.94431,0.94218
603.58,0.9477,0.94764,0.95373,0.94742,0.94361,0.94025
603.93,0.94737,0.9488,0.95388,0.94897,0.94313,0.93878
604.28,0.94768,0.94907,0.95384,0.94995,0.94276,0.9373
604.63,0.94882,0.94886,0.95338,0.95083,0.94265,0.93645
604.97,0.95025,0.94873,0.95238,0.95147,0.94225,0.9356
605.32,0.95127,0.94859,0.95132,0.952,0.94194,0.93535
605.67,0.95239,0.94889,0.95036,0.95266,0.94179,0.93596
606.02,0.95274,0.94971,0.94964,0.95292,0.94202,0.93698
606.37,0.95261,0.95126,0.94922,0.95312,0.94204,0.93826
606.72,0.95208,0.95309,0.94914,0.95337,0.94216,0.94012
607.07,0.95171,0.95463,0.94922,0.95316,0.94224,0.94178
607.42,0.952,0.95612,0.95006,0.95349,0.94299,0.94404
607.76,0.95304,0.95728,0.95078,0.95375,0.94387,0.9461
608.11,0.95416,0.95768,0.95068,0.95368,0.94464,0.94739
608.46,0.95578,0.95775,0.95062,0.95385,0.94565,0.94865
608.81,0.95735,0.95776,0.95002,0.95413,0.94701,0.9499
609.16,0.95879,0.95791,0.94887,0.95436,0.94834,0.95064
609.51,0.95979,0.95802,0.94801,0.95471,0.94948,0.95105
609.85,0.96019,0.95784,0.947,0.95445,0.95049,0.95124
610.2,0.96044,0.95712,0.94632,0.95428,0.95161,0.95136
610.55,0.96055,0.95651,0.9464,0.95421,0.95272,0.95133
610.9,0.96052,0.9554,0.94674,0.95404,0.95329,0.95129
611.25,0.96053,0.95425,0.94773,0.95386,0.95356,0.95105
611.59,0.9607,0.95324,0.9494,0.95382,0.95426,0.95105
611.94,0.96031,0.95213,0.95088,0.95384,0.95472,0.95099
612.29,0.9597,0.9519,0.95271,0.95387,0.95508,0.95068
612.64,0.95895,0.95235,0.95441,0.95422,0.95532,0.95061
612.99,0.95781,0.95291,0.95589,0.95431,0.95522,0.95051
613.33,0.95652,0.95359,0.95689,0.95431,0.95528,0.94986
613.68,0.95551,0.95384,0.9576,0.95371,0.95522,0.94913
614.03,0.95508,0.95356,0.95824,0.9532,0.95466,0.94807
614.38,0.95542,0.95335,0.95893,0.95264,0.9543,0.94722
614.72,0.95583,0.95196,0.95884,0.95204,0.95363,0.94583
615.07,0.95629,0.95033,0.95894,0.95124,0.95258,0.94454
615.42,0.9568,0.94893,0.95876,0.95063,0.95172,0.94341
615.77,0.95704,0.9481,0.9587,0.94987,0.95095,0.94298
616.11,0.95671,0.94783,0.95857,0.94936,0.95022,0.94274
616.46,0.95575,0.94841,0.95832,0.94859,0.94937,0.94267
616.81,0.9543,0.94945,0.95818,0.94758,0.94849,0.943
617.16,0.95285,0.95125,0.95844,0.94645,0.94758,0.9438
617.5,0.95145,0.95319,0.9583,0.94506,0.94675,0.94443
617.85,0.95098,0.95532,0.95877,0.94379,0.94588,0.94528
618.2,0.95119,0.95695,0.95935,0.94269,0.9451,0.94575
618.54,0.95212,0.95855,0.95997,0.94191,0.94439,0.94627
618.89,0.95344,0.95978,0.96029,0.94145,0.94381,0.9468
619.24,0.95509,0.96059,0.96031,0.9416,0.94316,0.94691
619.59,0.95706,0.96153,0.96031,0.94234,0.94303,0.94711
619.93,0.95922,0.9622,0.96061,0.94354,0.94303,0.94733
620.28,0.9608,0.96237,0.96055,0.94482,0.94302,0.94715
620.63,0.96216,0.96289,0.96042,0.94634,0.94303,0.94715
620.97,0.96328,0.96282,0.96007,0.94805,0.94298,0.94672
621.32,0.96369,0.9623,0.95993,0.94948,0.94303,0.94637
621.67,0.96422,0.96156,0.95995,0.95073,0.94343,0.94636
622.01,0.96478,0.96087,0.96015,0.95197,0.94403,0.94624
622.36,0.96484,0.96023,0.96006,0.95273,0.94445,0.94605
622.71,0.9646,0.95977,0.95987,0.95359,0.94515,0.94629
623.05,0.96412,0.95922,0.95959,0.95424,0.94571,0.94666
623.4,0.9634,0.95936,0.9594,0.95458,0.94654,0.947
623.75,0.96297,0.96012,0.95928,0.9552,0.94749,0.94765
624.09,0.96267,0.96113,0.95911,0.95576,0.9485,0.94794
624.44,0.96197,0.96167,0.95861,0.95581,0.94921,0.94789
624.79,0.96201,0.96203,0.95805,0.95625,0.94992,0.94742
625.13,0.96243,0.96255,0.95767,0.9566,0.9506,0.94602
625.48,0.96266,0.96292,0.95713,0.95677,0.95118,0.94347
625.82,0.96338,0.96276,0.95655,0.957,0.95163,0.93993
626.17,0.9641,0.96245,0.95558,0.95702,0.95168,0.93466
626.52,0.96469,0.96209,0.95455,0.95713,0.95172,0.92763
626.86,0.96501,0.962,0.95283,0.95723,0.95146,0.91885
627.21,0.96486,0.96206,0.9513,0.95664,0.95116,0.908
627.55,0.96442,0.96182,0.95006,0.95613,0.95085,0.89541
627.9,0.96461,0.96185,0.94896,0.95534,0.95067,0.88094
628.25,0.96444,0.96195,0.94809,0.95438,0.95052,0.86465
628.59,0.96436,0.96184,0.94761,0.95334,0.95071,0.84644
628.94,0.96405,0.96162,0.94719,0.95161,0.95015,0.82641
629.28,0.96405,0.96107,0.94823,0.95032,0.94981,0.80502
629.63,0.96443,0.96076,0.94963,0.94943,0.94941,0.78277
629.98,0.96476,0.9604,0.95057,0.94805,0.94879,0.75893
630.32,0.96471,0.96005,0.95239,0.94741,0.94781,0.73487
630.67,0.96435,0.9596,0.95393,0.94665,0.94685,0.70992
631.01,0.96416,0.95919,0.95575,0.94634,0.94579,0.68452
631.36,0.96374,0.9586,0.95733,0.94641,0.94503,0.65921
631.7,0.96361,0.95773,0.9584,0.94645,0.94436,0.63425
632.05,0.96273,0.95627,0.9589,0.94664,0.94378,0.60983
632.39,0.9623,0.95474,0.95968,0.94723,0.94373,0.58689
632.74,0.96142,0.95261,0.95958,0.94759,0.94379,0.56484
633.09,0.96111,0.95079,0.95965,0.94855,0.94412,0.54504
633.43,0.96031,0.94883,0.95954,0.94916,0.94494,0.52745
633.78,0.95953,0.94718,0.95971,0.94979,0.94594,0.51246
634.12,0.95809,0.94624,0.95962,0.95005,0.94659,0.49986
634.47,0.95685,0.9464,0.95998,0.95042,0.94775,0.48961
634.81,0.95504,0.9468,0.96014,0.95039,0.94841,0.48144
635.16,0.95362,0.94823,0.96068,0.95016,0.94933,0.4755
635.5,0.95207,0.94972,0.96108,0.94951,0.94977,0.4711
635.85,0.95098,0.95197,0.96145,0.94898,0.94971,0.4682
636.19,0.95016,0.95427,0.96178,0.94859,0.94945,0.466
636.54,0.95037,0.95661,0.962,0.94869,0.94928,0.46469
636.88,0.95094,0.95836,0.96191,0.94873,0.94882,0.4637
637.23,0.95214,0.95998,0.96161,0.94904,0.94819,0.4631
637.57,0.95363,0.96093,0.96072,0.94969,0.94715,0.46221
637.92,0.95567,0.96228,0.96011,0.95079,0.94681,0.46145
638.26,0.95739,0.96277,0.95915,0.95189,0.94626,0.46058
638.6,0.95937,0.96283,0.95773,0.95252,0.94595,0.45969
638.95,0.96095,0.96292,0.95641,0.95325,0.94612,0.45864
639.29,0.96223,0.96294,0.95538,0.95385,0.94646,0.45747
639.64,0.96333,0.96288,0.95431,0.95418,0.94722,0.45588
639.98,0.96413,0.96293,0.95367,0.95435,0.94811,0.454
640.33,0.96429,0.96248,0.95264,0.954,0.94863,0.45124
640.67,0.96476,0.96245,0.95214,0.95358,0.94941,0.44742
641.02,0.96482,0.96303,0.95218,0.9534,0.95003,0.44214
641.36,0.96446,0.96306,0.9524,0.95291,0.95009,0.4352
641.7,0.96457,0.96351,0.95312,0.95232,0.95016,0.42669
642.05,0.96463,0.96391,0.95407,0.95213,0.95003,0.41665
642.39,0.96461,0.96407,0.95507,0.95135,0.94966,0.40513
642.74,0.9648,0.96424,0.95617,0.95068,0.94918,0.39251
643.08,0.96489,0.96413,0.95708,0.95002,0.94876,0.37965
643.43,0.96535,0.96349,0.95799,0.94955,0.94825,0.36689
643.77,0.9659,0.96275,0.95876,0.94895,0.94808,0.35508
644.11,0.96594,0.96129,0.9584,0.94814,0.94731,0.34422
644.46,0.96615,0.95981,0.95815,0.94779,0.94692,0.33562
644.8,0.96627,0.95834,0.95716,0.94791,0.94638,0.32895
645.14,0.9655,0.95669,0.95618,0.94781,0.94547,0.32454
645.49,0.96504,0.95519,0.9552,0.94803,0.94436,0.32205
645.83,0.96383,0.95393,0.95416,0.94836,0.94265,0.32104
646.18,0.96279,0.9531,0.95338,0.94867,0.94005,0.32032
646.52,0.96147,0.9526,0.95299,0.94902,0.93639,0.31927
646.86,0.95972,0.95258,0.95258,0.9488,0.93094,0.31633
647.21,0.95823,0.953,0.95325,0.94858,0.92409,0.31098
647.55,0.95723,0.95388,0.9543,0.94884,0.91517,0.30229
647.89,0.95606,0.95486,0.95554,0.9486,0.9033,0.28959
648.24,0.95557,0.95608,0.9567,0.94837,0.88894,0.27297
648.58,0.95524,0.95753,0.95787,0.94853,0.87157,0.2529
648.92,0.95538,0.959,0.95911,0.94899,0.85167,0.23007
649.27,0.95603,0.96005,0.96019,0.94933,0.82864,0.20533
649.61,0.95661,0.96058,0.96065,0.94962,0.80311,0.17972
649.95,0.95784,0.96072,0.96068,0.94994,0.77565,0.15449
650.3,0.95906,0.96052,0.96004,0.95032,0.74702,0.13054
650.64,0.96029,0.95991,0.95968,0.95111,0.71778,0.10876
650.98,0.96139,0.95889,0.95914,0.95131,0.68866,0.08944
651.33,0.96221,0.95764,0.95844,0.95155,0.66024,0.07279
651.67,0.96255,0.95621,0.95748,0.95164,0.6333,0.05869
652.01,0.96291,0.95507,0.95654,0.95211,0.60834,0.04721
652.36,0.96238,0.9542,0.95575,0.95213,0.5853,0.03794
652.7,0.96168,0.95377,0.95524,0.95247,0.56492,0.03057
653.04,0.96045,0.95384,0.95467,0.95229,0.54697,0.02468
653.38,0.95912,0.95445,0.95391,0.95227,0.53116,0.02006
653.73,0.95798,0.95551,0.95351,0.95229,0.51775,0.01648
654.07,0.95701,0.95707,0.95337,0.95254,0.50629,0.01368
654.41,0.95628,0.95895,0.95353,0.95263,0.4964,0.01159
654.75,0.95609,0.96041,0.95377,0.95275,0.48802,0.00989
655.1,0.95669,0.96181,0.95452,0.95266,0.48022,0.00856
655.44,0.95753,0.96285,0.95487,0.95248,0.4729,0.00758
655.78,0.95871,0.96321,0.9555,0.9527,0.46561,0.00672
656.12,0.96001,0.96309,0.95593,0.95269,0.45785,0.00608
656.47,0.96151,0.96285,0.95634,0.95281,0.44958,0.00567
656.81,0.96289,0.96214,0.95656,0.95278,0.44072,0.00522
657.15,0.96385,0.96119,0.95631,0.95256,0.43095,0.0048
657.49,0.96429,0.96019,0.95569,0.95257,0.4211,0.00454
657.84,0.96513,0.9593,0.95549,0.95278,0.41113,0.00432
658.18,0.96508,0.95808,0.95482,0.95243,0.40129,0.00414
658.52,0.9646,0.95698,0.95408,0.95193,0.39202,0.00401
658.86,0.96383,0.95575,0.95351,0.95137,0.38373,0.00378
659.2,0.96283,0.95464,0.95306,0.95075,0.37616,0.00364
659.55,0.96185,0.95403,0.95327,0.9504,0.36953,0.00354
659.89,0.96073,0.95364,0.95386,0.94991,0.36295,0.00345
660.23,0.95899,0.95305,0.95417,0.94909,0.3557,0.00327
660.57,0.95798,0.95351,0.95508,0.94849,0.34703,0.00311
660.91,0.95726,0.95406,0.95611,0.94808,0.33596,0.00295
661.26,0.95691,0.95512,0.95764,0.94727,0.32152,0.00281
661.6,0.95636,0.95615,0.9589,0.94659,0.30348,0.00268
661.94,0.95628,0.9573,0.9598,0.94585,0.2817,0.00255
662.28,0.95637,0.95789,0.96,0.9445,0.25659,0.0023
662.62,0.957,0.95868,0.96035,0.94319,0.2291,0.00216
662.96,0.95763,0.95846,0.9602,0.94152,0.20031,0.00196
663.31,0.95855,0.95854,0.96049,0.93948,0.17182,0.0018
663.65,0.95912,0.95781,0.95959,0.93636,0.14451,0.00164
663.99,0.9603,0.95672,0.9588,0.93176,0.11943,0.00142
664.33,0.96113,0.95525,0.95842,0.92543,0.09725,0.00129
664.67,0.96138,0.95437,0.95818,0.91714,0.07832,0.00124
665.01,0.96125,0.95371,0.95796,0.90607,0.0626,0.00112
665.35,0.96062,0.9532,0.95773,0.89168,0.04975,0.00108
665.69,0.95974,0.95311,0.95726,0.87416,0.03943,0.00098
666.04,0.95895,0.95385,0.95781,0.85387,0.03139,0.00096
666.38,0.95742,0.95481,0.95799,0.83049,0.02516,0.00099
666.72,0.95636,0.95621,0.9578,0.8043,0.02018,0.00092
667.06,0.95574,0.95745,0.9578,0.77604,0.01642,0.00083
667.4,0.95559,0.9586,0.95795,0.74619,0.01354,0.00087
667.74,0.95591,0.96023,0.95803,0.71522,0.01132,0.00085
668.08,0.95644,0.96106,0.95757,0.68343,0.00954,0.00082
668.42,0.95726,0.9616,0.95681,0.6518,0.00814,0.00076
668.76,0.95873,0.96202,0.9566,0.62083,0.00706,0.00075
669.1,0.95982,0.96184,0.95574,0.591,0.00626,0.00077
669.44,0.96147,0.96197,0.95503,0.56261,0.00558,0.0008
669.79,0.96265,0.96163,0.95407,0.53669,0.00502,0.00069
670.13,0.96367,0.9609,0.95342,0.51334,0.00454,0.00064
670.47,0.96431,0.96054,0.95365,0.49304,0.00418,0.00062
670.81,0.96477,0.95957,0.95353,0.4752,0.00386,0.00058
671.15,0.96478,0.95905,0.9531,0.45979,0.00358,0.0005
671.49,0.96475,0.95896,0.95357,0.44578,0.00331,0.00043
671.83,0.96385,0.95891,0.95382,0.43223,0.00311,0.00036
672.17,0.96289,0.95868,0.95399,0.41758,0.00292,0.00033
672.51,0.9623,0.95923,0.95449,0.40083,0.00282,0.0003
672.85,0.96153,0.9594,0.954,0.38034,0.00271,0.00022
673.19,0.96095,0.95985,0.95404,0.35598,0.00256,0.00019
673.53,0.96019,0.95976,0.95372,0.32722,0.00245,0.00015
673.87,0.96034,0.95986,0.95355,0.29488,0.00239,0.00014
674.21,0.96078,0.95937,0.95354,0.26021,0.00234,0.00014
674.55,0.96149,0.95885,0.95362,0.22467,0.00226,0.00014
674.89,0.96192,0.95772,0.95347,0.18966,0.00213,0.00013
675.23,0.96217,0.9564,0.95325,0.15675,0.00204,9.00E-05
675.57,0.96249,0.95538,0.95271,0.12707,0.00198,9.00E-05
675.91,0.96279,0.9547,0.95222,0.10137,0.00189,8.00E-05
676.25,0.96219,0.95369,0.9513,0.07991,0.00186,6.00E-05
676.59,0.96161,0.95315,0.94937,0.0624,0.00172,-1.00E-05
676.93,0.96041,0.95324,0.94663,0.04848,0.00171,-3.00E-05
677.27,0.95895,0.95335,0.94206,0.03765,0.00164,-7.00E-05
677.61,0.95791,0.95397,0.93584,0.02951,0.00159,-2.00E-05
677.95,0.95625,0.95422,0.92691,0.02327,0.00148,-5.00E-05
678.29,0.95545,0.95511,0.91517,0.01868,0.00142,-5.00E-05
678.63,0.95519,0.95625,0.8999,0.01518,0.00127,-0.00013
678.97,0.95491,0.95703,0.88042,0.01257,0.0012,-7.00E-05
679.31,0.95542,0.95752,0.85663,0.01056,0.00107,-6.00E-05
679.65,0.95629,0.95833,0.82899,0.00909,0.00102,-4.00E-05
679.98,0.95715,0.95831,0.79751,0.0078,0.00093,-9.00E-05
680.32,0.95845,0.95883,0.76289,0.00687,0.00091,-9.00E-05
680.66,0.95909,0.95832,0.72523,0.00612,0.00079,-0.00016
681,0.95949,0.95762,0.68468,0.0055,0.00073,-0.00013
681.34,0.95983,0.95684,0.64217,0.00496,0.00069,-0.00022
681.68,0.9602,0.95663,0.5973,0.00459,0.00067,-0.00029
682.02,0.9602,0.95613,0.55049,0.0042,0.00059,-0.00038
682.36,0.95976,0.95621,0.50221,0.0039,0.00051,-0.00037
682.7,0.95949,0.95588,0.45306,0.00362,0.00045,-0.00039
683.04,0.95982,0.95632,0.40405,0.00339,0.00046,-0.00035
683.38,0.9593,0.95644,0.35655,0.00317,0.00048,-0.00041
683.71,0.95903,0.9564,0.31181,0.00296,0.00041,-0.00039
684.05,0.95844,0.95574,0.27106,0.00283,0.00038,-0.00036
684.39,0.95819,0.95485,0.23515,0.00274,0.00038,-0.00031
684.73,0.95888,0.95334,0.20442,0.00261,0.00037,-0.00037
685.07,0.95906,0.9505,0.17886,0.00247,0.00033,-0.00038
685.41,0.95883,0.9447,0.1575,0.00239,0.00037,-0.00038
685.75,0.9591,0.93529,0.13988,0.00233,0.00028,-0.00034
686.09,0.95884,0.91977,0.1252,0.00227,0.00028,-0.00034
686.42,0.95889,0.89547,0.11266,0.00215,0.00023,-0.00037
686.76,0.95806,0.85932,0.10132,0.00207,0.00018,-0.00036
687.1,0.95682,0.81044,0.09072,0.00206,0.00017,-0.00032
687.44,0.95416,0.74881,0.08063,0.00196,0.00011,-0.00034
687.78,0.94859,0.67574,0.07083,0.00189,4.00E-05,-0.00038
688.12,0.93771,0.59495,0.06125,0.0018,7.00E-05,-0.00037
688.45,0.91791,0.50991,0.05221,0.00181,8.00E-05,-0.00033
688.79,0.88568,0.42551,0.04363,0.00178,7.00E-05,-0.00033
689.13,0.8394,0.34628,0.03601,0.00167,1.00E-05,-0.00035
689.47,0.77793,0.2756,0.02947,0.0016,-1.00E-05,-0.00035
689.81,0.70361,0.21549,0.02387,0.00161,-3.00E-05,-0.00037
690.14,0.61916,0.16598,0.01925,0.00152,-0.0001,-0.0004
690.48,0.52991,0.12639,0.0157,0.00147,-8.00E-05,-0.00038
690.82,0.44088,0.0955,0.01282,0.00138,-0.00017,-0.00044
691.16,0.35721,0.07205,0.01068,0.00122,-0.00023,-0.00046
691.5,0.28287,0.05457,0.00905,0.00124,-0.00017,-0.00046
691.83,0.22008,0.04161,0.00782,0.00124,-0.0001,-0.0004
692.17,0.16896,0.03207,0.0069,0.00121,-8.00E-05,-0.00044
692.51,0.12816,0.02503,0.0062,0.00111,-0.00012,-0.00046
692.85,0.09657,0.01995,0.00562,0.00108,-0.00015,-0.00049
693.18,0.07276,0.0162,0.00512,0.00094,-0.00016,-0.00054
693.52,0.05503,0.01347,0.00475,0.00084,-0.00019,-0.00059
693.86,0.04192,0.01134,0.00445,0.00077,-0.00027,-0.00066
694.2,0.03244,0.00974,0.00418,0.00067,-0.00039,-0.00078
694.53,0.02546,0.00845,0.00393,0.00056,-0.00041,-0.00076
694.87,0.02045,0.00751,0.00377,0.00058,-0.0003,-0.00072
695.21,0.01671,0.00678,0.00365,0.00054,-0.00032,-0.00072
695.55,0.01389,0.00618,0.00357,0.00059,-0.00038,-0.00071
695.88,0.01176,0.00566,0.0035,0.00063,-0.00035,-0.00065
696.22,0.01012,0.00519,0.00341,0.00055,-0.00038,-0.00063
696.56,0.00879,0.00478,0.00331,0.00051,-0.0003,-0.00062
696.9,0.0078,0.00455,0.00333,0.00052,-0.00022,-0.00057
697.23,0.00697,0.00429,0.00329,0.00053,-0.00025,-0.00055
697.57,0.00624,0.00392,0.00318,0.00047,-0.00031,-0.00055
697.91,0.00574,0.00364,0.00311,0.00041,-0.00031,-0.00053
698.24,0.00527,0.00339,0.00303,0.00036,-0.00028,-0.00056
698.58,0.0049,0.00319,0.00292,0.00033,-0.00028,-0.00055
698.92,0.00454,0.00301,0.00284,0.00033,-0.00036,-0.00059
699.25,0.00422,0.00279,0.00274,0.00025,-0.00048,-0.00067
699.59,0.00393,0.0026,0.00263,0.00013,-0.00059,-0.00073
699.93,0.00373,0.00257,0.00262,4.00E-05,-0.00058,-0.00075
700.26,0.00343,0.00247,0.00251,-3.00E-05,-0.00059,-0.00078
700.6,0.00317,0.00236,0.00248,-8.00E-05,-0.00066,-0.0008
700.94,0.003,0.00227,0.00239,-0.00012,-0.00068,-0.00084
701.27,0.00284,0.00214,0.0023,-0.00023,-0.0007,-0.00081
701.61,0.00272,0.00207,0.00227,-0.0002,-0.00068,-0.00077
701.95,0.00255,0.00197,0.00223,-0.00019,-0.00063,-0.00081
702.28,0.00249,0.00189,0.0021,-0.00016,-0.00061,-0.00081
702.62,0.00249,0.00188,0.00212,-8.00E-05,-0.00057,-0.00075
702.96,0.00251,0.00185,0.00205,-2.00E-05,-0.00054,-0.0007
703.29,0.00248,0.00192,0.00209,6.00E-05,-0.00052,-0.00054
703.63,0.00242,0.00186,0.00204,3.00E-05,-0.00058,-0.00053
703.96,0.00232,0.00176,0.00191,-5.00E-05,-0.00061,-0.00053
704.3,0.00224,0.00171,0.00185,-9.00E-05,-0.00076,-0.00052
704.64,0.00215,0.0016,0.00187,-0.0001,-0.00083,-0.00054
704.97,0.00208,0.00152,0.0018,-0.00016,-0.00085,-0.00057
705.31,0.00197,0.00148,0.00178,-0.00018,-0.00089,-0.00058
705.64,0.00187,0.00131,0.00165,-0.00031,-0.00092,-0.00074
705.98,0.00178,0.00129,0.00161,-0.00033,-0.00093,-0.00078
706.32,0.00174,0.0013,0.00164,-0.00031,-0.00087,-0.00082
706.65,0.0018,0.00133,0.00169,-0.00022,-0.00071,-0.00072
706.99,0.00172,0.00135,0.00162,-0.00022,-0.00063,-0.00072
707.32,0.00165,0.00132,0.00166,-0.00018,-0.00061,-0.00065
707.66,0.00166,0.00126,0.00161,-0.00019,-0.00062,-0.00066
707.99,0.00158,0.00118,0.00153,-0.00016,-0.00065,-0.00064
708.33,0.00153,0.00113,0.00148,-8.00E-05,-0.00058,-0.00065
708.67,0.00145,0.00104,0.00141,-0.00012,-0.00062,-0.00062
709,0.00136,0.00095,0.00136,-0.0002,-0.00062,-0.00065
709.34,0.00125,0.00085,0.00136,-0.0002,-0.00063,-0.00064
709.67,0.00119,0.00074,0.00123,-0.00029,-0.00068,-0.00068
710.01,0.0011,0.00074,0.00128,-0.00031,-0.0006,-0.00068
710.34,0.00103,0.00066,0.00135,-0.00032,-0.00057,-0.00075
710.68,0.00101,0.00065,0.00138,-0.00033,-0.00056,-0.00067
711.01,0.00091,0.00057,0.00133,-0.00035,-0.00057,-0.00069
711.35,0.00083,0.00056,0.00133,-0.0004,-0.00064,-0.00078
711.68,0.00087,0.00054,0.00132,-0.00042,-0.00066,-0.00073
712.02,0.00079,0.00055,0.00129,-0.00044,-0.00066,-0.00076
712.35,0.00069,0.00043,0.00117,-0.00044,-0.00071,-0.00078
712.69,0.00066,0.0004,0.00105,-0.0005,-0.00073,-0.00071
713.02,0.00056,0.0003,0.00096,-0.00056,-0.00075,-0.00087
713.36,0.0006,0.00025,0.00095,-0.00051,-0.00078,-0.00087
713.69,0.00056,0.00012,0.00081,-0.00047,-0.00076,-0.00087
714.03,0.00051,4.00E-05,0.00073,-0.00049,-0.00078,-0.00094
714.36,0.00047,0,0.0008,-0.00044,-0.00074,-0.00092
714.7,0.00046,-1.00E-05,0.00083,-0.00042,-0.00078,-0.0009
715.03,0.00049,5.00E-05,0.00097,-0.00032,-0.0007,-0.00079
715.37,0.00058,5.00E-05,0.00099,-0.00027,-0.0007,-0.00064
715.7,0.00042,8.00E-05,0.00091,-0.0003,-0.00064,-0.00061
716.04,0.00037,2.00E-05,0.00088,-0.00037,-0.0007,-0.00063
716.37,0.0003,0,0.00094,-0.00035,-0.00073,-0.00064
716.7,0.00033,-1.00E-05,0.00087,-0.00036,-0.00072,-0.00067
717.04,0.00032,-8.00E-05,0.00082,-0.00049,-0.00072,-0.0008
717.37,0.0002,-0.00015,0.00078,-0.00053,-0.00077,-0.00088
717.71,0.00011,-0.00012,0.00078,-0.00061,-0.0008,-0.0009
718.04,0.00018,-0.00015,0.00085,-0.00064,-0.00086,-0.0009
718.38,0.00017,-0.00014,0.00087,-0.00065,-0.00081,-0.00085
718.71,0.00012,-0.00011,0.00084,-0.0007,-0.00083,-0.00088
719.04,0.0001,-0.00018,0.00087,-0.00072,-0.00085,-0.00085
719.38,4.00E-05,-0.00017,0.00093,-0.00066,-0.00083,-0.00075
719.71,5.00E-05,-0.00017,0.00091,-0.00074,-0.00084,-0.00075
720.05,-4.00E-05,-0.00021,0.0009,-0.0007,-0.00085,-0.00078
720.38,-2.00E-05,-0.00018,0.00088,-0.00062,-0.00076,-0.00081
720.71,-9.00E-05,-0.00017,0.00087,-0.00059,-0.00079,-0.00086
721.05,-0.00013,-0.00025,0.00088,-0.00061,-0.00078,-0.00084
721.38,-0.00018,-0.0002,0.00084,-0.00064,-0.00074,-0.00079
721.72,-0.00018,-0.00025,0.00071,-0.00068,-0.00078,-0.00081
722.05,-0.00022,-0.00029,0.00068,-0.00059,-0.00078,-0.00088
722.38,-0.00032,-0.00038,0.00061,-0.00069,-0.00085,-0.00096
722.72,-0.00037,-0.00045,0.00057,-0.00078,-0.00089,-0.00093
723.05,-0.0004,-0.00068,0.00052,-0.00091,-0.00095,-0.00096
723.38,-0.00028,-0.00068,0.00049,-0.00085,-0.0009,-0.00087
723.72,-0.00039,-0.00073,0.0004,-0.00083,-0.00096,-0.00101
724.05,-0.00037,-0.00064,0.00047,-0.00079,-0.00088,-0.00089
724.38,-0.00047,-0.00067,0.00044,-0.00089,-0.00098,-0.00088
724.72,-0.00032,-0.00062,0.00053,-0.00075,-0.00094,-0.00076
725.05,-0.00034,-0.00063,0.00063,-0.00069,-0.00097,-0.00079
725.38,-0.00024,-0.00042,0.00071,-0.00054,-0.00094,-0.00073
725.72,-0.00026,-0.00044,0.00069,-0.00056,-0.00101,-0.0008
726.05,-0.00021,-0.00046,0.00075,-0.00054,-0.00102,-0.00076
726.38,-0.00029,-0.00057,0.00063,-0.0006,-0.00112,-0.0009
726.72,-0.00021,-0.00056,0.00068,-0.00049,-0.00095,-0.00085
727.05,-0.00026,-0.00059,0.00068,-0.00051,-0.00091,-0.00081
727.38,-0.00028,-0.00061,0.00061,-0.00051,-0.00092,-0.00079
727.71,-0.0003,-0.00066,0.00057,-0.00054,-0.00085,-0.00078
728.05,-0.00038,-0.00067,0.00057,-0.00051,-0.00084,-0.00075
728.38,-0.00028,-0.00067,0.00058,-0.00053,-0.00082,-0.00073
728.71,-0.0003,-0.00065,0.00063,-0.00055,-0.00077,-0.00077
729.05,-0.00037,-0.00068,0.00059,-0.00062,-0.00087,-0.00077
729.38,-0.00041,-0.00062,0.00049,-0.00073,-0.00084,-0.00086
729.71,-0.00048,-0.00062,0.00036,-0.00081,-0.00087,-0.00096
730.04,-0.00059,-0.00063,0.00039,-0.00086,-0.00092,-0.00105
730.38,-0.0006,-0.00063,0.00034,-0.00093,-0.00096,-0.00108
730.71,-0.00072,-0.00062,0.00037,-0.00091,-0.00097,-0.00108
731.04,-0.00061,-0.00065,0.00043,-0.00084,-0.00097,-0.00097
731.37,-0.00064,-0.00059,0.00042,-0.00085,-0.00097,-0.00097
731.71,-0.00059,-0.00064,0.00043,-0.00079,-0.00101,-0.00094
732.04,-0.00058,-0.00057,0.00057,-0.00073,-0.00097,-0.00083
732.37,-0.00052,-0.00052,0.00058,-0.00063,-0.00093,-0.00077
732.7,-0.00043,-0.00044,0.00061,-0.00048,-0.00079,-0.00077
733.04,-0.00039,-0.00044,0.00052,-0.00051,-0.00076,-0.00078
733.37,-0.00051,-0.00043,0.00049,-0.00061,-0.0008,-0.00089
733.7,-0.00039,-0.00038,0.00054,-0.0006,-0.00073,-0.00085
734.03,-0.00047,-0.0004,0.0005,-0.00065,-0.0007,-0.00093
734.36,-0.00036,-0.00046,0.0005,-0.00065,-0.00067,-0.00096
734.7,-0.00038,-0.00052,0.00048,-0.00066,-0.00073,-0.00094
735.03,-0.00045,-0.00054,0.00046,-0.00079,-0.00078,-0.00089
735.36,-0.00052,-0.0006,0.00049,-0.00086,-0.00085,-0.00098
735.69,-0.00056,-0.00061,0.00049,-0.00084,-0.00085,-0.00097
736.02,-0.0006,-0.00056,0.0005,-0.00073,-0.00099,-0.00095
736.35,-0.00059,-0.00056,0.00053,-0.00074,-0.00097,-0.00085
736.69,-0.0007,-0.00058,0.00055,-0.00079,-0.00093,-0.00081
737.02,-0.0008,-0.0006,0.00049,-0.00083,-0.00087,-0.00087
737.35,-0.00079,-0.00067,0.00059,-0.00082,-0.00087,-0.00087
737.68,-0.00069,-0.0007,0.00057,-0.00076,-0.00076,-0.00077
738.01,-0.00067,-0.00076,0.00056,-0.00072,-0.00076,-0.00077
738.34,-0.00069,-0.00098,0.00053,-0.00086,-0.00062,-0.00087
738.68,-0.00073,-0.00101,0.00054,-0.00088,-0.00074,-0.00095
739.01,-0.00073,-0.00094,0.00052,-0.00082,-0.00084,-0.00095
739.34,-0.00069,-0.00097,0.00054,-0.00088,-0.00091,-0.00093
739.67,-0.00081,-0.00103,0.00044,-0.00096,-0.001,-0.00103
740,-0.00089,-0.00098,0.00051,-0.00095,-0.00101,-0.001
740.33,-0.00079,-0.00094,0.00056,-0.0009,-0.00102,-0.00091
740.66,-0.0008,-0.00089,0.00051,-0.00085,-0.00109,-0.00084
740.99,-0.00084,-0.00093,0.00053,-0.00079,-0.0011,-0.00085
741.32,-0.0008,-0.001,0.00051,-0.00084,-0.00102,-0.00083
741.66,-0.00082,-0.00099,0.00048,-0.00079,-0.00106,-0.00086
741.99,-0.00073,-0.00085,0.00058,-0.00058,-0.00094,-0.00081
742.32,-0.00076,-0.00081,0.00054,-0.0006,-0.00096,-0.00086
742.65,-0.00082,-0.00078,0.00052,-0.00061,-0.00089,-0.00088
742.98,-0.00083,-0.00081,0.00053,-0.00065,-0.00086,-0.00091
743.31,-0.00074,-0.00075,0.00054,-0.00069,-0.00074,-0.00086
743.64,-0.0008,-0.00083,0.00047,-0.0007,-0.00083,-0.00103
743.97,-0.00079,-0.0008,0.00058,-0.00067,-0.00079,-0.00101
744.3,-0.00083,-0.00086,0.00043,-0.0008,-0.00085,-0.00104
744.63,-0.0009,-0.00103,0.00029,-0.00093,-0.00099,-0.00111
744.96,-0.00085,-0.00105,0.0003,-0.00096,-0.00105,-0.0012
745.29,-0.00091,-0.001,0.00034,-0.00088,-0.00112,-0.00127
745.62,-0.00091,-0.00103,0.00034,-0.00089,-0.00119,-0.00136
745.95,-0.00089,-0.00094,0.00035,-0.00087,-0.00123,-0.00127
746.28,-0.00087,-0.00099,0.0003,-0.00098,-0.00127,-0.00128
746.61,-0.00085,-0.001,0.00046,-0.00097,-0.00127,-0.00128
746.94,-0.0008,-0.00091,0.0006,-0.00086,-0.00126,-0.00119
747.28,-0.0009,-0.00096,0.00056,-0.00092,-0.00126,-0.00119
747.61,-0.00082,-0.00091,0.00062,-0.00095,-0.00116,-0.00107
747.94,-0.00089,-0.00099,0.00054,-0.00095,-0.00113,-0.00109
748.27,-0.00088,-0.00103,0.00053,-0.00098,-0.00104,-0.00111
748.6,-0.00078,-0.00097,0.00053,-0.00087,-0.00093,-0.00102
748.93,-0.00082,-0.00105,0.00043,-0.00091,-0.00093,-0.00102
749.26,-0.00084,-0.0011,0.00038,-0.001,-0.00086,-0.00112
749.58,-0.00079,-0.00109,0.00036,-0.00097,-0.00089,-0.00108
749.91,-0.00074,-0.00109,0.00032,-0.00088,-0.00082,-0.00104
750.24,-0.0008,-0.0011,0.00032,-0.00095,-0.00086,-0.00098
750.57,-0.00079,-0.00103,0.00035,-0.00098,-0.00087,-0.00097
750.9,-0.00088,-0.00107,0.00036,-0.00101,-0.00087,-0.00097
751.23,-0.00087,-0.00102,0.00041,-0.0011,-0.00089,-0.00101
751.56,-0.00075,-0.00093,0.00049,-0.00103,-0.00091,-0.00089
751.89,-0.00083,-0.00094,0.00051,-0.001,-0.00085,-0.00096
752.22,-0.00092,-0.00106,0.0004,-0.00112,-0.0011,-0.00114
752.55,-0.00083,-0.00096,0.00052,-0.00101,-0.00096,-0.0011
752.88,-0.00081,-0.00091,0.00059,-0.00095,-0.00095,-0.00113
753.21,-0.00077,-0.00091,0.0006,-0.00098,-0.00101,-0.0012
753.54,-0.00072,-0.00088,0.00056,-0.00084,-0.00098,-0.00115
753.87,-0.00088,-0.00101,0.00043,-0.00084,-0.00109,-0.00126
754.2,-0.00086,-0.00099,0.00034,-0.00088,-0.00121,-0.00133
754.53,-0.00085,-0.0009,0.00048,-0.00088,-0.00107,-0.00124
754.86,-0.00075,-0.00088,0.00045,-0.00086,-0.00115,-0.00121
755.19,-0.0009,-0.00107,0.00031,-0.00094,-0.00129,-0.00119
755.51,-0.00104,-0.00111,0.00017,-0.00098,-0.00132,-0.0014
755.84,-0.00108,-0.00098,0.00022,-0.00102,-0.00129,-0.00141
756.17,-0.00103,-0.00094,0.00028,-0.00106,-0.00125,-0.00134
756.5,-0.00096,-0.00094,0.00034,-0.00106,-0.00115,-0.00125
756.83,-0.00095,-0.00108,0.00027,-0.00114,-0.00121,-0.00134
757.16,-0.0011,-0.00114,0.00018,-0.00122,-0.00119,-0.00143
757.49,-0.00104,-0.00106,0.00023,-0.00116,-0.00113,-0.00145
757.82,-0.00097,-0.00096,0.00035,-0.00119,-0.00106,-0.00126
758.14,-0.00099,-0.00118,0.00025,-0.00114,-0.00115,-0.0013
758.47,-0.00105,-0.00117,0.00023,-0.00109,-0.00113,-0.00137
758.8,-0.00106,-0.00117,0.00028,-0.00111,-0.00109,-0.00138
759.13,-0.00113,-0.00113,0.00029,-0.00108,-0.00115,-0.00138
759.46,-0.00113,-0.00114,0.00041,-0.0011,-0.00122,-0.00137
759.79,-0.00106,-0.00123,0.00051,-0.00111,-0.00121,-0.00135
760.12,-0.00115,-0.00134,0.00049,-0.00105,-0.00131,-0.00134
760.44,-0.00117,-0.00134,0.00054,-0.00114,-0.00138,-0.0014
760.77,-0.00114,-0.00137,0.00045,-0.00124,-0.0014,-0.0014
761.1,-0.00128,-0.00144,0.0004,-0.00126,-0.00153,-0.00143
761.43,-0.00125,-0.00138,0.00037,-0.00118,-0.00143,-0.00143
761.76,-0.00112,-0.00133,0.00037,-0.00106,-0.00134,-0.00135
762.08,-0.00121,-0.00135,0.00027,-0.00108,-0.00137,-0.00145
762.41,-0.00123,-0.00127,0.00027,-0.00108,-0.00137,-0.00149
762.74,-0.00123,-0.00117,0.00024,-0.00109,-0.00132,-0.00142
763.07,-0.00123,-0.00112,0.00039,-0.00101,-0.00131,-0.00141
763.4,-0.00123,-0.00105,0.00024,-0.00101,-0.00129,-0.00136
763.72,-0.00126,-0.00109,0.00019,-0.00106,-0.0013,-0.00132
764.05,-0.00137,-0.00116,4.00E-05,-0.00114,-0.00149,-0.00141
764.38,-0.00135,-0.001,0.0001,-0.00107,-0.00143,-0.00134
764.71,-0.00132,-0.00105,8.00E-05,-0.00112,-0.0014,-0.00136
765.04,-0.00132,-0.00109,5.00E-05,-0.00116,-0.00134,-0.00135
765.36,-0.00131,-0.00123,-5.00E-05,-0.00119,-0.00135,-0.00144
765.69,-0.00122,-0.00129,0.0001,-0.00118,-0.0014,-0.00134
766.02,-0.00114,-0.0011,0.00018,-0.00108,-0.00147,-0.00123
766.35,-0.00118,-0.00118,0.00012,-0.00111,-0.00132,-0.00122
766.67,-0.00104,-0.00127,9.00E-05,-0.00112,-0.00128,-0.00113
767,-0.00089,-0.00114,0.00024,-0.00103,-0.00128,-0.00111
767.33,-0.00085,-0.00123,0.00036,-0.00095,-0.00131,-0.00113
767.65,-0.00089,-0.00108,0.00037,-0.00097,-0.0014,-0.00111
767.98,-0.00091,-0.00104,0.00046,-0.00088,-0.00128,-0.00118
768.31,-0.00109,-0.00127,0.00043,-0.00101,-0.00125,-0.00133
768.64,-0.0011,-0.00123,0.00045,-0.00103,-0.00144,-0.00148
768.96,-0.00121,-0.00128,0.00041,-0.00119,-0.0015,-0.00155
769.29,-0.00139,-0.00144,0.0003,-0.00127,-0.00156,-0.00165
769.62,-0.00145,-0.00145,0.00013,-0.00139,-0.00169,-0.00173
769.94,-0.00154,-0.00162,0.00015,-0.00147,-0.00164,-0.00178
770.27,-0.00153,-0.00162,0.00015,-0.0015,-0.00168,-0.00184
770.6,-0.00135,-0.00154,0.00025,-0.00149,-0.00167,-0.0018
770.92,-0.00145,-0.00145,0.00019,-0.00142,-0.00163,-0.00179
771.25,-0.00145,-0.00129,0.00031,-0.00131,-0.00156,-0.00181
771.58,-0.00144,-0.00126,0.00028,-0.00137,-0.00153,-0.00177
771.9,-0.00143,-0.00125,0.00039,-0.00126,-0.00149,-0.00167
772.23,-0.00119,-0.00106,0.00055,-0.00109,-0.00143,-0.0015
772.56,-0.0012,-0.0011,0.00042,-0.00124,-0.0014,-0.00148
772.88,-0.00113,-0.00106,0.00046,-0.00111,-0.00138,-0.00141
773.21,-0.00103,-0.00105,0.0006,-0.00109,-0.00131,-0.00132
773.54,-0.0011,-0.00112,0.00045,-0.00114,-0.00134,-0.00129
773.86,-0.001,-0.00113,0.00038,-0.00111,-0.00138,-0.00128
774.19,-0.00108,-0.00126,0.00024,-0.0012,-0.00147,-0.0015
774.52,-0.00117,-0.00134,0.00015,-0.00127,-0.00141,-0.00158
774.84,-0.00132,-0.00136,9.00E-05,-0.00131,-0.00148,-0.00177
775.17,-0.00152,-0.00143,-8.00E-05,-0.00157,-0.0016,-0.00191
775.5,-0.00143,-0.00153,-0.0001,-0.00163,-0.00156,-0.00185
775.82,-0.00144,-0.0016,-0.00013,-0.00176,-0.00167,-0.00188
776.15,-0.00147,-0.0015,-0.00015,-0.00179,-0.00159,-0.00191
776.47,-0.00132,-0.00133,-4.00E-05,-0.00162,-0.00141,-0.00172
776.8,-0.00145,-0.00134,-8.00E-05,-0.00149,-0.00143,-0.00166
777.12,-0.00137,-0.00139,-6.00E-05,-0.00143,-0.00143,-0.00147
777.45,-0.00135,-0.00149,-0.0001,-0.00139,-0.00145,-0.00145
777.78,-0.00143,-0.00153,-4.00E-05,-0.00134,-0.00151,-0.00156
778.1,-0.00133,-0.00151,0.00016,-0.00116,-0.00151,-0.00154
778.43,-0.00131,-0.00165,0.00029,-0.00114,-0.00151,-0.00149
778.75,-0.00127,-0.0017,0.00035,-0.00123,-0.00142,-0.00154
779.08,-0.00121,-0.00184,0.00029,-0.00138,-0.0016,-0.00166
779.4,-0.00116,-0.00176,0.00036,-0.00137,-0.00154,-0.00173
779.73,-0.00115,-0.00174,0.00047,-0.00127,-0.00151,-0.0018
780.06,-0.00115,-0.00171,0.00036,-0.00138,-0.00155,-0.00187
780.38,-0.00122,-0.00178,0.0002,-0.00153,-0.00165,-0.00189
780.71,-0.0012,-0.00181,0.0002,-0.00158,-0.00181,-0.00192
781.03,-0.00126,-0.00174,0.0002,-0.00163,-0.00195,-0.00197
781.36,-0.00121,-0.00164,0.00018,-0.00163,-0.00181,-0.00186
781.68,-0.00074,-0.00125,0.00052,-0.00118,-0.0014,-0.00149
782.01,-0.00068,-0.00115,0.00058,-0.0011,-0.00128,-0.00123
782.33,-0.00075,-0.00112,0.00064,-0.00096,-0.00127,-0.00102
782.66,-0.00074,-0.00105,0.0007,-0.00078,-0.00108,-0.00094
782.98,-0.00082,-0.00111,0.00057,-0.00083,-0.00102,-0.00095
783.31,-0.00096,-0.00123,0.00055,-0.00073,-0.00111,-0.00093
783.63,-0.00104,-0.00116,0.00051,-0.00076,-0.00121,-0.0009
783.96,-0.00148,-0.00161,0.00014,-0.00123,-0.00171,-0.00122
784.28,-0.00156,-0.00168,-1.00E-05,-0.00147,-0.00185,-0.0015
784.61,-0.00139,-0.00161,-1.00E-05,-0.0015,-0.00183,-0.00152
784.93,-0.00149,-0.00172,-0.0001,-0.00161,-0.00194,-0.00164
785.26,-0.00142,-0.00143,7.00E-05,-0.0015,-0.00183,-0.00155
785.58,-0.0013,-0.00131,2.00E-05,-0.00152,-0.00176,-0.00151
785.91,-0.00133,-0.00131,0.00013,-0.00157,-0.00182,-0.0016
786.23,-0.00147,-0.00144,-6.00E-05,-0.00162,-0.00188,-0.00169
786.56,-0.00143,-0.00154,0,-0.00144,-0.00183,-0.00153
786.88,-0.00155,-0.00166,-3.00E-05,-0.0015,-0.00178,-0.00168
787.2,-0.00147,-0.00156,1.00E-05,-0.00137,-0.00158,-0.00174
787.53,-0.00158,-0.00159,-0.00013,-0.0014,-0.00159,-0.00186
787.85,-0.00176,-0.00165,-0.0002,-0.00156,-0.00163,-0.00196
788.18,-0.00172,-0.00165,-0.00013,-0.00154,-0.00148,-0.00194
788.5,-0.00157,-0.00153,0.00012,-0.00148,-0.00132,-0.00195
788.83,-0.00145,-0.00143,0.00018,-0.0015,-0.00118,-0.00193
789.15,-0.00125,-0.00131,0.00026,-0.00144,-0.00118,-0.00182
789.47,-0.00125,-0.00129,0.00032,-0.00153,-0.00123,-0.0017
789.8,-0.00107,-0.00128,0.00048,-0.00142,-0.00131,-0.00154
790.12,-0.00075,-0.00112,0.00074,-0.00124,-0.00121,-0.00141
790.45,-0.00075,-0.00115,0.0006,-0.0012,-0.00125,-0.00131
790.77,-0.00079,-0.00114,0.00054,-0.00125,-0.00137,-0.00128
791.09,-0.00095,-0.00122,0.0004,-0.00126,-0.00158,-0.00142
791.42,-0.00125,-0.00137,0.00031,-0.00136,-0.00168,-0.0015
791.74,-0.00136,-0.00149,0.00017,-0.00146,-0.00179,-0.00147
792.06,-0.00136,-0.00143,0.00022,-0.00133,-0.00165,-0.00141
792.39,-0.00144,-0.00141,8.00E-05,-0.00128,-0.00166,-0.00143
792.71,-0.00146,-0.00144,8.00E-05,-0.00125,-0.00166,-0.00161
793.04,-0.00168,-0.00152,-6.00E-05,-0.00136,-0.00171,-0.00162
793.36,-0.00167,-0.00156,-4.00E-05,-0.00136,-0.00183,-0.00154
793.68,-0.00167,-0.00156,-6.00E-05,-0.00129,-0.00184,-0.00163
794.01,-0.00168,-0.00151,-2.00E-05,-0.00128,-0.00186,-0.0017
794.33,-0.00172,-0.00163,-0.00023,-0.00153,-0.002,-0.00185
794.65,-0.00194,-0.00182,-0.00027,-0.00164,-0.00207,-0.00191
794.98,-0.00187,-0.00175,-0.00021,-0.00159,-0.00212,-0.0019
795.3,-0.00168,-0.00169,5.00E-05,-0.00148,-0.00211,-0.00188
795.62,-0.00167,-0.0017,-2.00E-05,-0.00149,-0.00196,-0.00191
795.94,-0.00168,-0.00179,-6.00E-05,-0.00158,-0.00196,-0.00184
796.27,-0.00154,-0.00177,3.00E-05,-0.00147,-0.00195,-0.00183
796.59,-0.00161,-0.00176,2.00E-05,-0.00144,-0.002,-0.00178
796.91,-0.00147,-0.00166,6.00E-05,-0.00137,-0.00203,-0.00172
797.24,-0.00151,-0.0017,-3.00E-05,-0.0014,-0.00183,-0.0016
797.56,-0.0014,-0.00154,-5.00E-05,-0.00123,-0.00179,-0.00162
797.88,-0.00134,-0.00139,5.00E-05,-0.00132,-0.00181,-0.00168
798.21,-0.00131,-0.00124,1.00E-05,-0.00131,-0.00198,-0.00169
798.53,-0.00145,-0.0012,-5.00E-05,-0.00135,-0.00191,-0.00173
798.85,-0.00148,-0.00129,-0.00011,-0.00123,-0.00195,-0.0018
799.17,-0.00158,-0.00131,-0.00013,-0.0013,-0.00196,-0.00183
799.5,-0.00149,-0.00113,-6.00E-05,-0.00126,-0.00207,-0.00182
799.82,-0.00168,-0.00129,-0.0002,-0.00146,-0.0021,-0.00186
800.14,-0.00168,-0.00135,-0.0002,-0.00143,-0.00207,-0.00189
800.46,-0.00135,-0.00117,0.00014,-0.00131,-0.00179,-0.00169
800.79,-0.00115,-0.00108,0.00023,-0.00133,-0.00183,-0.00155
801.11,-0.00111,-0.00093,0.00049,-0.0014,-0.00175,-0.00158
801.43,-0.0011,-0.00106,0.00046,-0.0014,-0.00173,-0.00175
801.75,-0.00116,-0.00123,0.00039,-0.00151,-0.00176,-0.00185
802.07,-0.00116,-0.00118,0.00029,-0.00155,-0.00177,-0.00184
802.4,-0.00108,-0.00118,0.00033,-0.00142,-0.00186,-0.00176
802.72,-0.00135,-0.00142,0.00012,-0.00156,-0.002,-0.00193
803.04,-0.00144,-0.00157,9.00E-05,-0.00159,-0.00192,-0.00188
803.36,-0.00156,-0.00179,-1.00E-05,-0.0018,-0.00193,-0.00194
803.68,-0.0016,-0.00177,-0.00019,-0.00196,-0.00207,-0.00193
804.01,-0.00165,-0.00182,-0.00013,-0.00202,-0.00198,-0.0018
804.33,-0.00181,-0.00198,-7.00E-05,-0.00197,-0.0019,-0.00179
804.65,-0.00196,-0.00208,-0.00011,-0.002,-0.00185,-0.00175
804.97,-0.00206,-0.00212,-0.00014,-0.00198,-0.00175,-0.00177
805.29,-0.00214,-0.00223,-0.00017,-0.00201,-0.0018,-0.00189
805.62,-0.00213,-0.00231,-0.00025,-0.00189,-0.00171,-0.00187
805.94,-0.00205,-0.00228,0.00011,-0.0017,-0.00149,-0.00162
806.26,-0.00201,-0.00229,0.00021,-0.00165,-0.0016,-0.00174
806.58,-0.00178,-0.00215,0.00018,-0.00156,-0.00172,-0.00181
806.9,-0.00172,-0.00206,0.00029,-0.00152,-0.00164,-0.0017
807.22,-0.0016,-0.00206,0.00025,-0.00147,-0.00175,-0.00187
807.54,-0.00169,-0.00213,8.00E-05,-0.0016,-0.00186,-0.00214
807.87,-0.00168,-0.00211,0.00026,-0.00157,-0.002,-0.00207
808.19,-0.00174,-0.0021,8.00E-05,-0.00149,-0.00208,-0.00226
808.51,-0.00177,-0.00201,-5.00E-05,-0.00151,-0.002,-0.00222
808.83,-0.00181,-0.002,-0.00012,-0.00161,-0.00192,-0.00224
809.15,-0.00188,-0.0019,-0.0001,-0.00168,-0.00189,-0.00226
809.47,-0.00207,-0.00201,-0.00021,-0.00181,-0.00199,-0.00233
809.79,-0.00194,-0.00191,-0.00022,-0.00153,-0.002,-0.00224
810.11,-0.002,-0.00189,-0.00045,-0.00158,-0.00196,-0.00222
810.43,-0.00212,-0.00191,-0.00047,-0.00187,-0.0019,-0.00215
810.76,-0.00227,-0.00208,-0.00035,-0.0019,-0.00205,-0.00229
811.08,-0.00235,-0.00226,-0.00024,-0.00189,-0.00215,-0.00225
811.4,-0.0024,-0.00235,-0.00029,-0.0019,-0.00224,-0.00233
811.72,-0.0025,-0.00221,-0.00011,-0.00195,-0.00212,-0.00211
812.04,-0.00247,-0.00212,2.00E-05,-0.00208,-0.00213,-0.00198
812.36,-0.0024,-0.00197,-2.00E-05,-0.00197,-0.00217,-0.00208
812.68,-0.0022,-0.00206,4.00E-05,-0.00193,-0.00218,-0.00204
813,-0.00214,-0.00204,-0.00011,-0.00204,-0.00224,-0.00213
813.32,-0.00202,-0.00186,-9.00E-05,-0.00194,-0.0021,-0.00206
813.64,-0.00219,-0.00185,-7.00E-05,-0.00197,-0.00211,-0.00224
813.96,-0.00181,-0.00177,-4.00E-05,-0.00179,-0.00221,-0.00222
814.28,-0.00201,-0.00191,-0.00017,-0.00197,-0.00219,-0.00233
814.6,-0.00216,-0.00218,-0.00013,-0.00223,-0.00222,-0.00241
814.92,-0.00219,-0.00194,-0.00019,-0.00215,-0.00213,-0.00234
815.24,-0.00216,-0.00194,-0.00016,-0.00198,-0.00212,-0.00218
815.56,-0.00226,-0.00205,-0.00022,-0.00218,-0.00226,-0.00231
815.88,-0.00203,-0.00213,-0.00032,-0.00213,-0.00227,-0.00214
816.2,-0.00226,-0.0022,-0.00042,-0.00226,-0.00207,-0.00218
816.52,-0.00227,-0.0022,-0.0004,-0.00212,-0.00226,-0.00219
816.84,-0.00208,-0.00184,-0.00038,-0.00182,-0.00215,-0.002
817.16,-0.00226,-0.00223,-0.00055,-0.00194,-0.00242,-0.00227
817.48,-0.0023,-0.00234,-0.00041,-0.0019,-0.00224,-0.00232
817.8,-0.00207,-0.00227,-0.00034,-0.00171,-0.00229,-0.00224
818.12,-0.00227,-0.00236,-0.00049,-0.0019,-0.00248,-0.00247
818.44,-0.00209,-0.0023,-0.00042,-0.00182,-0.0026,-0.00239
818.76,-0.00208,-0.00224,-0.00047,-0.00195,-0.00247,-0.00232
819.08,-0.00214,-0.00251,-0.00059,-0.0022,-0.00257,-0.00237
819.4,-0.00207,-0.00235,-0.0006,-0.00229,-0.00265,-0.00231
819.72,-0.00199,-0.00224,-0.0007,-0.00221,-0.00279,-0.00232
820.04,-0.0021,-0.00227,-0.00057,-0.0023,-0.00268,-0.00239
820.36,-0.00196,-0.00231,-0.00037,-0.00239,-0.00274,-0.00238
820.68,-0.00222,-0.00236,-0.00056,-0.00243,-0.00284,-0.00256
821,-0.00213,-0.00247,-0.00036,-0.00226,-0.00287,-0.00269
821.32,-0.00219,-0.00246,-0.00037,-0.0023,-0.00291,-0.00278
821.64,-0.00237,-0.00255,-0.00035,-0.00222,-0.00285,-0.00288
821.96,-0.0025,-0.00268,-0.00059,-0.00262,-0.00294,-0.0029
822.27,-0.0026,-0.00266,-0.00075,-0.0027,-0.00297,-0.00282
822.59,-0.00253,-0.00246,-0.00082,-0.00238,-0.00286,-0.00277
822.91,-0.00246,-0.00256,-0.00082,-0.00243,-0.00286,-0.00276
823.23,-0.00236,-0.0024,-0.0009,-0.00244,-0.0027,-0.0026
823.55,-0.00227,-0.00226,-0.00054,-0.00225,-0.00251,-0.00244
823.87,-0.00193,-0.00205,-0.00027,-0.00218,-0.00226,-0.00218
824.19,-0.00184,-0.002,-2.00E-05,-0.00192,-0.00219,-0.00214
824.51,-0.00194,-0.00206,-9.00E-05,-0.00194,-0.00213,-0.00232
824.83,-0.00229,-0.00224,-0.00018,-0.00238,-0.00219,-0.00235
825.14,-0.00228,-0.0021,4.00E-05,-0.00221,-0.00196,-0.00207
825.46,-0.00245,-0.00209,-7.00E-05,-0.00221,-0.00215,-0.0022
825.78,-0.00257,-0.00218,-0.00031,-0.00239,-0.00236,-0.00235
826.1,-0.0029,-0.00239,-0.00068,-0.00252,-0.00265,-0.00267
826.42,-0.00292,-0.00225,-0.00065,-0.00247,-0.00252,-0.00262
826.74,-0.00302,-0.00242,-0.00074,-0.00232,-0.0027,-0.00258
827.06,-0.00284,-0.00227,-0.00054,-0.00197,-0.00247,-0.0024
827.37,-0.00275,-0.00252,-0.00066,-0.00211,-0.00266,-0.00261
827.69,-0.00272,-0.00267,-0.00081,-0.00241,-0.00272,-0.00268
828.01,-0.00258,-0.00273,-0.00082,-0.00235,-0.00276,-0.00259
828.33,-0.00249,-0.00258,-0.00064,-0.00212,-0.00258,-0.00259
828.65,-0.00255,-0.00269,-0.00084,-0.00226,-0.00263,-0.00261
828.96,-0.00247,-0.00257,-0.00074,-0.00253,-0.00262,-0.00253
829.28,-0.00235,-0.00253,-0.00068,-0.00246,-0.00255,-0.00261
829.6,-0.00268,-0.00253,-0.00073,-0.00241,-0.00259,-0.00278
829.92,-0.00257,-0.00243,-0.00053,-0.00219,-0.00242,-0.00251
830.24,-0.00282,-0.00251,-0.00069,-0.00231,-0.0023,-0.00266
830.55,-0.0029,-0.00277,-0.00079,-0.00251,-0.00248,-0.00272
830.87,-0.0031,-0.00273,-0.00069,-0.00264,-0.00249,-0.00284
831.19,-0.003,-0.0027,-0.00058,-0.0025,-0.00235,-0.00283
831.51,-0.00305,-0.00266,-0.00075,-0.00269,-0.00247,-0.00283
831.83,-0.0028,-0.00262,-0.00068,-0.00291,-0.00227,-0.00266
832.14,-0.00286,-0.00255,-0.00067,-0.00302,-0.00235,-0.0028
832.46,-0.00298,-0.00272,-0.00079,-0.00293,-0.00247,-0.0029
832.78,-0.00286,-0.00262,-0.0009,-0.00313,-0.00253,-0.00281
833.1,-0.00263,-0.0026,-0.00102,-0.00299,-0.00269,-0.00272
833.41,-0.00275,-0.0026,-0.00137,-0.00321,-0.00295,-0.00282
833.73,-0.00298,-0.00286,-0.00155,-0.0035,-0.00331,-0.00289
834.05,-0.00281,-0.00276,-0.00159,-0.00338,-0.00352,-0.00308
834.36,-0.00308,-0.00309,-0.00193,-0.00355,-0.00371,-0.00331
834.68,-0.00277,-0.00276,-0.00155,-0.00343,-0.00358,-0.00306
835,-0.00263,-0.00259,-0.0013,-0.0032,-0.00356,-0.00284
835.32,-0.00238,-0.00243,-0.00118,-0.00298,-0.00341,-0.00262
835.63,-0.00232,-0.00251,-0.00102,-0.00272,-0.00328,-0.0026
835.95,-0.00218,-0.00229,-0.00079,-0.00246,-0.0029,-0.00261
836.27,-0.00234,-0.00245,-0.0008,-0.00248,-0.00272,-0.00253
836.58,-0.00231,-0.00244,-0.0006,-0.00242,-0.00277,-0.00256
836.9,-0.00248,-0.00262,-0.00093,-0.00261,-0.00296,-0.00279
837.22,-0.0024,-0.00279,-0.00096,-0.00251,-0.00281,-0.00284
837.53,-0.00268,-0.00312,-0.00092,-0.00262,-0.00309,-0.00306
837.85,-0.00256,-0.00302,-0.00086,-0.00258,-0.003,-0.00319
838.17,-0.00248,-0.00314,-0.00072,-0.00256,-0.00305,-0.00307
838.48,-0.00281,-0.00309,-0.00062,-0.00255,-0.00332,-0.00317
838.8,-0.00268,-0.0032,-0.00069,-0.0027,-0.00323,-0.00319
839.12,-0.0028,-0.00305,-0.0004,-0.00248,-0.00298,-0.00313
839.43,-0.00285,-0.00292,-0.00025,-0.00248,-0.00292,-0.00297
839.75,-0.00277,-0.00281,-0.00032,-0.00259,-0.00265,-0.00274
840.07,-0.003,-0.00301,-0.00051,-0.00287,-0.00302,-0.00286
840.38,-0.00326,-0.00311,-0.00098,-0.0032,-0.00327,-0.00316
840.7,-0.00298,-0.00288,-0.00103,-0.00307,-0.00302,-0.00287
841.01,-0.00303,-0.00282,-0.0009,-0.00304,-0.00309,-0.00286
841.33,-0.00286,-0.00307,-0.00094,-0.00335,-0.00322,-0.00301
841.65,-0.00317,-0.00317,-0.00096,-0.00353,-0.00337,-0.00319
841.96,-0.00333,-0.00333,-0.00107,-0.00347,-0.00369,-0.00361
842.28,-0.00321,-0.00333,-0.00094,-0.00337,-0.00337,-0.0034
842.6,-0.00307,-0.00323,-0.00073,-0.00321,-0.00328,-0.00331
842.91,-0.00314,-0.00359,-0.00104,-0.00345,-0.00367,-0.0037
843.23,-0.00309,-0.00345,-0.00098,-0.00331,-0.00355,-0.0037
843.54,-0.00289,-0.0033,-0.00108,-0.00321,-0.00353,-0.00346
843.86,-0.00292,-0.00337,-0.00131,-0.0033,-0.00338,-0.00372
844.17,-0.0029,-0.00337,-0.0014,-0.00341,-0.00312,-0.00371
844.49,-0.0028,-0.00326,-0.00141,-0.00339,-0.00309,-0.00366
844.81,-0.00282,-0.00347,-0.0015,-0.00313,-0.00295,-0.00359
845.12,-0.00267,-0.00346,-0.00133,-0.00312,-0.00271,-0.00322
845.44,-0.00265,-0.00352,-0.00144,-0.00292,-0.00272,-0.00308
845.75,-0.00278,-0.00342,-0.00129,-0.0026,-0.00269,-0.00302
846.07,-0.00234,-0.00322,-0.00107,-0.00218,-0.00271,-0.00253
846.38,-0.00231,-0.00299,-0.00098,-0.00197,-0.0029,-0.00263
846.7,-0.00206,-0.0028,-0.00078,-0.00181,-0.00286,-0.00252
847.01,-0.00204,-0.00259,-0.00076,-0.00202,-0.00308,-0.0028
847.33,-0.0019,-0.00261,-0.0007,-0.00193,-0.00333,-0.00299
847.64,-0.00186,-0.00237,-0.00055,-0.00195,-0.00325,-0.00316
847.96,-0.00189,-0.00244,-0.00058,-0.00233,-0.00337,-0.00354
848.27,-0.00225,-0.00256,-0.00084,-0.00251,-0.0035,-0.00395
848.59,-0.00236,-0.00256,-0.00079,-0.00269,-0.00353,-0.00367
848.9,-0.00276,-0.0028,-0.00105,-0.00284,-0.00368,-0.00385
849.22,-0.00269,-0.00293,-0.00111,-0.0029,-0.00348,-0.00354
849.53,-0.00317,-0.00258,-0.00111,-0.003,-0.00349,-0.00357
849.85,-0.00322,-0.00267,-0.00109,-0.0031,-0.00361,-0.00327
850.16,-0.00336,-0.00304,-0.00153,-0.00321,-0.0036,-0.00324
850.48,-0.00322,-0.00307,-0.00147,-0.00323,-0.00343,-0.00306
850.79,-0.00305,-0.00321,-0.00152,-0.00327,-0.00349,-0.00312
851.11,-0.00318,-0.00327,-0.00155,-0.00339,-0.00354,-0.00338
851.42,-0.00348,-0.0032,-0.00158,-0.00334,-0.00379,-0.00368
851.74,-0.00324,-0.00357,-0.00178,-0.00327,-0.00351,-0.00372
852.05,-0.00346,-0.00391,-0.00204,-0.00338,-0.00342,-0.00389
852.36,-0.00348,-0.00368,-0.00189,-0.00347,-0.00352,-0.00381
852.68,-0.00341,-0.00367,-0.0021,-0.00343,-0.00381,-0.00392
852.99,-0.00361,-0.00395,-0.00216,-0.0036,-0.00372,-0.00406
853.31,-0.00356,-0.00384,-0.00224,-0.00353,-0.00376,-0.00384
853.62,-0.00361,-0.00424,-0.00251,-0.00383,-0.00396,-0.00396
853.94,-0.00366,-0.00428,-0.00227,-0.00402,-0.00394,-0.0042
854.25,-0.00355,-0.00396,-0.00215,-0.00393,-0.00424,-0.00424
854.56,-0.00361,-0.00409,-0.00208,-0.0038,-0.00434,-0.00425
854.88,-0.00344,-0.00395,-0.00184,-0.0038,-0.00409,-0.00417
855.19,-0.00363,-0.00424,-0.00212,-0.00388,-0.00438,-0.00449
855.51,-0.00359,-0.00423,-0.00178,-0.00375,-0.00427,-0.00452
855.82,-0.00315,-0.00362,-0.00119,-0.00328,-0.00378,-0.00413
856.13,-0.00304,-0.00329,-0.00139,-0.00339,-0.00406,-0.00376
856.45,-0.00292,-0.00349,-0.00139,-0.00332,-0.00384,-0.00382
856.76,-0.00297,-0.00343,-0.00153,-0.00334,-0.0037,-0.00382
857.07,-0.00325,-0.00344,-0.00137,-0.00351,-0.00369,-0.00401
857.39,-0.00314,-0.00305,-0.00136,-0.00356,-0.00343,-0.00364
857.7,-0.00303,-0.00309,-0.0016,-0.00365,-0.0033,-0.00347
858.02,-0.00328,-0.00365,-0.00204,-0.00407,-0.00362,-0.00404
858.33,-0.0035,-0.00389,-0.00222,-0.00378,-0.00348,-0.00429
858.64,-0.00379,-0.00384,-0.00221,-0.00375,-0.00358,-0.00421
858.96,-0.00356,-0.00375,-0.00207,-0.00363,-0.00354,-0.00412
859.27,-0.00356,-0.00348,-0.00192,-0.00328,-0.0035,-0.00362
859.58,-0.00357,-0.00358,-0.00159,-0.00317,-0.00359,-0.00375
859.9,-0.00373,-0.00361,-0.00143,-0.00319,-0.00374,-0.004
860.21,-0.00392,-0.00343,-0.00127,-0.00292,-0.00369,-0.00355
860.52,-0.00399,-0.00343,-0.00113,-0.0029,-0.00379,-0.00336
860.83,-0.00386,-0.00337,-0.00145,-0.00298,-0.00384,-0.00344
861.15,-0.00403,-0.00346,-0.0015,-0.00298,-0.00399,-0.00342
861.46,-0.00422,-0.00392,-0.00182,-0.00329,-0.00415,-0.00394
861.77,-0.0039,-0.00363,-0.00182,-0.0031,-0.0039,-0.00384
862.09,-0.00413,-0.00372,-0.00183,-0.00337,-0.00415,-0.00379
862.4,-0.00401,-0.00372,-0.0019,-0.00351,-0.00424,-0.00402
862.71,-0.00384,-0.00367,-0.00159,-0.00358,-0.00404,-0.00413
863.02,-0.00374,-0.0038,-0.00115,-0.00355,-0.00385,-0.00389
863.34,-0.00354,-0.00378,-0.00121,-0.00365,-0.00354,-0.00384
863.65,-0.00339,-0.00382,-0.0016,-0.00409,-0.00378,-0.00397
863.96,-0.00386,-0.00393,-0.00171,-0.00411,-0.00402,-0.00416
864.27,-0.00369,-0.00381,-0.002,-0.00396,-0.00395,-0.00417
864.59,-0.00373,-0.00385,-0.00173,-0.00394,-0.00361,-0.00411
864.9,-0.00371,-0.00365,-0.00196,-0.00393,-0.00342,-0.00405
865.21,-0.00387,-0.0038,-0.00222,-0.00407,-0.00357,-0.00447
865.52,-0.0042,-0.00407,-0.00216,-0.00403,-0.004,-0.0048
865.84,-0.00426,-0.00394,-0.00196,-0.00373,-0.00398,-0.00474
866.15,-0.00407,-0.00377,-0.00213,-0.00383,-0.0039,-0.00482
866.46,-0.00414,-0.00384,-0.00183,-0.00369,-0.00379,-0.00471
866.77,-0.00448,-0.00388,-0.00245,-0.00393,-0.00426,-0.00491
867.08,-0.0048,-0.00405,-0.00273,-0.00428,-0.00444,-0.00519
867.4,-0.0046,-0.00362,-0.00253,-0.00402,-0.00398,-0.00466
867.71,-0.00422,-0.00332,-0.00251,-0.00371,-0.00373,-0.00426
868.02,-0.00418,-0.00319,-0.00227,-0.00355,-0.00361,-0.00399
868.33,-0.00404,-0.0034,-0.00172,-0.00319,-0.00368,-0.00364
868.64,-0.00384,-0.00353,-0.00186,-0.0034,-0.00374,-0.00362
868.96,-0.00339,-0.0033,-0.0016,-0.00295,-0.0038,-0.00332
869.27,-0.00326,-0.00329,-0.0014,-0.00286,-0.00401,-0.00336
869.58,-0.00349,-0.00317,-0.00136,-0.00305,-0.00443,-0.00346
869.89,-0.0037,-0.00314,-0.00134,-0.00334,-0.00455,-0.00392
870.2,-0.00371,-0.00335,-0.00156,-0.00358,-0.0046,-0.00418
870.51,-0.00363,-0.00355,-0.00205,-0.00389,-0.00443,-0.00433
870.82,-0.00342,-0.00342,-0.00213,-0.00342,-0.00407,-0.00446
871.14,-0.00348,-0.00351,-0.00203,-0.00347,-0.00369,-0.00435
871.45,-0.00364,-0.00383,-0.00199,-0.00341,-0.00396,-0.00415
871.76,-0.00374,-0.0043,-0.00194,-0.00341,-0.00443,-0.00437
872.07,-0.00377,-0.00447,-0.00203,-0.00355,-0.00442,-0.00443
872.38,-0.00387,-0.00463,-0.00206,-0.00341,-0.00436,-0.00448
872.69,-0.0038,-0.00412,-0.00185,-0.00322,-0.0043,-0.00421
873,-0.00429,-0.00439,-0.00209,-0.00375,-0.00495,-0.0043
873.31,-0.00491,-0.00501,-0.00279,-0.0043,-0.00523,-0.00478
873.63,-0.00481,-0.00467,-0.00279,-0.00434,-0.00519,-0.00479
873.94,-0.00462,-0.00488,-0.00337,-0.00439,-0.00477,-0.00485
874.25,-0.00481,-0.00485,-0.00331,-0.00432,-0.00483,-0.00475
874.56,-0.0049,-0.00474,-0.00338,-0.00448,-0.00486,-0.00498
874.87,-0.00516,-0.00507,-0.00359,-0.00474,-0.00498,-0.00523
875.18,-0.0051,-0.00497,-0.00323,-0.00475,-0.00474,-0.00535
875.49,-0.00425,-0.00447,-0.00252,-0.00411,-0.00449,-0.00468
875.8,-0.00395,-0.00456,-0.00261,-0.00404,-0.00421,-0.00452
876.11,-0.00391,-0.00438,-0.00226,-0.00386,-0.00403,-0.0045
876.42,-0.00372,-0.0043,-0.0021,-0.00383,-0.00393,-0.00439
876.73,-0.0036,-0.00465,-0.002,-0.0038,-0.0039,-0.00438
877.04,-0.00358,-0.00476,-0.0018,-0.004,-0.00426,-0.00449
877.35,-0.00349,-0.00455,-0.00156,-0.00383,-0.00438,-0.00448
877.66,-0.00373,-0.00463,-0.00152,-0.00407,-0.00431,-0.00484
877.97,-0.00389,-0.00471,-0.00137,-0.00409,-0.00425,-0.00488
878.28,-0.00404,-0.00478,-0.00175,-0.00435,-0.00438,-0.00495
878.59,-0.00422,-0.00514,-0.00201,-0.00451,-0.00469,-0.00485
878.9,-0.00471,-0.00484,-0.00232,-0.00468,-0.00486,-0.00461
879.21,-0.00485,-0.00465,-0.00232,-0.00466,-0.00457,-0.00443
879.52,-0.00516,-0.00483,-0.00275,-0.00489,-0.00476,-0.00462
879.83,-0.00511,-0.00475,-0.00276,-0.00497,-0.00481,-0.00471
880.14,-0.0053,-0.00501,-0.00323,-0.00533,-0.00511,-0.00506
880.45,-0.00552,-0.0052,-0.00306,-0.00575,-0.00536,-0.00528
880.76,-0.00482,-0.00463,-0.00259,-0.00546,-0.00484,-0.00519
881.07,-0.00427,-0.00487,-0.00251,-0.0055,-0.00454,-0.0054
881.38,-0.00403,-0.00473,-0.00252,-0.00536,-0.00445,-0.00573
881.69,-0.00365,-0.00467,-0.00218,-0.00541,-0.00428,-0.00524
882,-0.00364,-0.00453,-0.00207,-0.00519,-0.0041,-0.00505
882.31,-0.00311,-0.00389,-0.00153,-0.00466,-0.00387,-0.00452
882.62,-0.00306,-0.0037,-0.00158,-0.00431,-0.00389,-0.00427
882.93,-0.00338,-0.00387,-0.00172,-0.00409,-0.00387,-0.00441
883.24,-0.00363,-0.00367,-0.00141,-0.00393,-0.00436,-0.0045
883.55,-0.00394,-0.0042,-0.0018,-0.00424,-0.00504,-0.00443
883.86,-0.00434,-0.00438,-0.00225,-0.00409,-0.00513,-0.00481
884.17,-0.00439,-0.00441,-0.00251,-0.00433,-0.00565,-0.00505
884.48,-0.00479,-0.00469,-0.00247,-0.00467,-0.00573,-0.00541
884.79,-0.00485,-0.00473,-0.00247,-0.00485,-0.00586,-0.00579
885.09,-0.00557,-0.00525,-0.00293,-0.00567,-0.0065,-0.0063
885.4,-0.00557,-0.00556,-0.00326,-0.00605,-0.00622,-0.0062
885.71,-0.00547,-0.00547,-0.00297,-0.00562,-0.00585,-0.00634
886.02,-0.00535,-0.00548,-0.00277,-0.00538,-0.00596,-0.00634
886.33,-0.00547,-0.0056,-0.00272,-0.00515,-0.00644,-0.00645
886.64,-0.00551,-0.00579,-0.00278,-0.00514,-0.00684,-0.00657
886.95,-0.0055,-0.00594,-0.00309,-0.00498,-0.00676,-0.00648
887.26,-0.00506,-0.00604,-0.00321,-0.00442,-0.0064,-0.00601
887.57,-0.0049,-0.00578,-0.00318,-0.0043,-0.0066,-0.00588
887.87,-0.0051,-0.00576,-0.00363,-0.00472,-0.00696,-0.00612
888.18,-0.00507,-0.00577,-0.00388,-0.00501,-0.00663,-0.00606
888.49,-0.00523,-0.00591,-0.00367,-0.00544,-0.00604,-0.00606
888.8,-0.00522,-0.00548,-0.00387,-0.00528,-0.0058,-0.00634
889.11,-0.00462,-0.00509,-0.00309,-0.00509,-0.00534,-0.00583
889.42,-0.00497,-0.00508,-0.00332,-0.00542,-0.0057,-0.00657
889.72,-0.00518,-0.00503,-0.0029,-0.00521,-0.00547,-0.00658
890.03,-0.00542,-0.00509,-0.00276,-0.00544,-0.00537,-0.00653
890.34,-0.00537,-0.0054,-0.00256,-0.00545,-0.00552,-0.0067
890.65,-0.00535,-0.00532,-0.00267,-0.00504,-0.00531,-0.00636
890.96,-0.0052,-0.0059,-0.00273,-0.00497,-0.00548,-0.00597
891.27,-0.00557,-0.00612,-0.00299,-0.00529,-0.006,-0.00634
891.57,-0.00526,-0.00566,-0.00245,-0.00541,-0.00578,-0.0061
891.88,-0.00548,-0.0061,-0.00311,-0.00591,-0.00627,-0.00653
892.19,-0.00511,-0.00592,-0.00308,-0.00568,-0.00602,-0.00619
892.5,-0.00482,-0.00559,-0.0032,-0.0058,-0.0059,-0.00557
892.8,-0.00452,-0.00582,-0.00362,-0.00625,-0.00629,-0.00577
893.11,-0.00463,-0.0055,-0.00347,-0.00658,-0.00629,-0.00573
893.42,-0.00443,-0.00511,-0.00358,-0.00615,-0.00565,-0.00557
893.73,-0.00422,-0.00501,-0.00378,-0.00554,-0.0056,-0.00473
894.04,-0.00363,-0.00473,-0.00343,-0.005,-0.00498,-0.00403
894.34,-0.00323,-0.00429,-0.00294,-0.00478,-0.00483,-0.00385
894.65,-0.00333,-0.004,-0.00251,-0.00472,-0.0047,-0.00413
894.96,-0.00364,-0.00383,-0.00267,-0.00447,-0.00452,-0.00409
895.26,-0.00389,-0.00434,-0.00323,-0.00461,-0.00476,-0.00448
895.57,-0.0042,-0.00498,-0.00331,-0.00467,-0.00532,-0.00466
895.88,-0.00427,-0.00524,-0.00322,-0.00514,-0.00523,-0.00491
896.19,-0.00479,-0.0055,-0.00324,-0.00512,-0.00561,-0.00516
896.49,-0.00507,-0.00601,-0.00349,-0.00508,-0.00574,-0.0051
896.8,-0.00544,-0.0063,-0.00391,-0.00487,-0.00601,-0.00522
897.11,-0.00529,-0.00651,-0.00376,-0.0047,-0.00641,-0.0055
897.42,-0.00492,-0.00618,-0.00322,-0.00447,-0.00594,-0.00516
897.72,-0.00486,-0.00607,-0.00359,-0.00461,-0.00609,-0.00551
898.03,-0.00502,-0.00599,-0.00364,-0.00461,-0.00622,-0.00584
898.34,-0.00482,-0.00561,-0.00347,-0.00481,-0.00595,-0.00606
898.64,-0.0051,-0.00577,-0.00342,-0.00474,-0.00601,-0.00619
898.95,-0.00498,-0.00567,-0.00353,-0.00491,-0.00612,-0.00627
899.26,-0.00481,-0.00541,-0.00366,-0.00509,-0.00575,-0.00611
899.56,-0.00514,-0.00556,-0.0039,-0.00527,-0.00613,-0.00659
899.87,-0.0049,-0.00563,-0.00368,-0.00509,-0.00583,-0.00596
900.18,-0.00475,-0.00537,-0.00343,-0.00496,-0.00586,-0.00583
900.48,-0.00476,-0.00551,-0.00361,-0.00505,-0.0061,-0.00557
900.79,-0.0049,-0.00552,-0.00381,-0.00534,-0.00613,-0.00614
901.1,-0.0049,-0.00562,-0.00356,-0.00572,-0.00591,-0.00616
901.4,-0.00491,-0.00601,-0.00329,-0.00615,-0.00604,-0.00618
901.71,-0.00433,-0.00565,-0.00298,-0.00563,-0.00559,-0.00564
902.01,-0.00428,-0.00529,-0.00316,-0.00594,-0.00555,-0.00571
902.32,-0.00447,-0.00533,-0.00348,-0.00636,-0.00564,-0.00589
902.63,-0.00501,-0.00571,-0.0038,-0.0065,-0.00617,-0.00623
902.93,-0.0048,-0.00607,-0.00414,-0.00655,-0.00624,-0.00611
903.24,-0.00459,-0.00602,-0.00416,-0.00636,-0.00621,-0.00613
903.54,-0.00488,-0.00579,-0.00421,-0.00568,-0.00613,-0.00618
903.85,-0.00578,-0.00615,-0.00462,-0.006,-0.00651,-0.00661
904.16,-0.00659,-0.00657,-0.00419,-0.00637,-0.00694,-0.00732
904.46,-0.0065,-0.00698,-0.00452,-0.00636,-0.007,-0.00727
904.77,-0.00549,-0.00654,-0.0044,-0.0059,-0.00668,-0.00733
905.07,-0.00541,-0.00597,-0.00405,-0.00577,-0.00659,-0.0071
905.38,-0.00551,-0.00571,-0.00391,-0.00522,-0.00631,-0.00675
905.68,-0.00516,-0.00521,-0.00382,-0.00537,-0.00607,-0.00652
905.99,-0.00459,-0.00535,-0.00378,-0.00548,-0.00589,-0.00598
906.3,-0.00379,-0.00494,-0.0037,-0.00483,-0.00567,-0.0055
906.6,-0.00369,-0.00485,-0.00315,-0.00446,-0.0055,-0.0054
906.91,-0.00414,-0.00505,-0.00342,-0.00505,-0.00519,-0.00537
907.21,-0.00423,-0.0055,-0.00345,-0.00562,-0.00537,-0.00547
907.52,-0.0044,-0.00602,-0.00397,-0.00636,-0.0057,-0.00544
907.82,-0.005,-0.0067,-0.00429,-0.00684,-0.00648,-0.00574
908.13,-0.00508,-0.00645,-0.00374,-0.0063,-0.0066,-0.00602
908.43,-0.00601,-0.00667,-0.00439,-0.00689,-0.00655,-0.00627
908.74,-0.00666,-0.00695,-0.00482,-0.00742,-0.00681,-0.00619
909.04,-0.00719,-0.00699,-0.00458,-0.00706,-0.00717,-0.00604
909.35,-0.0073,-0.00715,-0.00449,-0.00652,-0.00697,-0.00584
909.65,-0.00685,-0.00688,-0.00435,-0.00572,-0.00665,-0.00562
909.96,-0.00628,-0.00643,-0.00387,-0.00537,-0.0058,-0.00498
910.26,-0.00658,-0.00625,-0.00456,-0.00605,-0.00597,-0.0052
910.57,-0.00604,-0.0059,-0.00367,-0.00527,-0.00575,-0.00473
910.87,-0.00557,-0.00606,-0.00359,-0.00485,-0.00552,-0.00505
911.18,-0.00543,-0.0061,-0.00386,-0.00502,-0.00535,-0.00524
911.48,-0.00508,-0.0055,-0.00366,-0.00511,-0.0053,-0.00517
911.79,-0.00578,-0.00626,-0.00394,-0.00614,-0.00598,-0.00608
912.09,-0.00608,-0.00616,-0.00443,-0.00609,-0.00628,-0.00687
912.39,-0.00645,-0.00631,-0.00403,-0.00623,-0.0062,-0.00669
912.7,-0.00644,-0.00624,-0.00479,-0.00698,-0.00641,-0.00708
913,-0.00718,-0.00598,-0.00495,-0.00711,-0.0071,-0.00742
913.31,-0.00695,-0.00597,-0.00459,-0.00732,-0.00719,-0.00717
913.61,-0.0076,-0.00582,-0.00469,-0.00742,-0.00742,-0.0073
913.92,-0.00749,-0.00521,-0.00461,-0.00739,-0.00724,-0.00755
914.22,-0.00776,-0.00587,-0.00452,-0.00801,-0.00794,-0.00752
914.52,-0.00725,-0.00608,-0.00476,-0.0078,-0.00821,-0.00788
914.83,-0.00699,-0.00635,-0.00422,-0.00737,-0.00811,-0.00759
915.13,-0.00693,-0.00648,-0.00433,-0.00762,-0.00806,-0.00746
915.44,-0.00731,-0.00624,-0.00435,-0.00733,-0.00798,-0.00778
915.74,-0.00685,-0.00638,-0.00422,-0.00675,-0.00752,-0.00799
916.04,-0.00666,-0.00663,-0.0043,-0.00669,-0.00743,-0.0075
916.35,-0.00685,-0.00709,-0.00466,-0.00686,-0.00755,-0.00763
916.65,-0.00672,-0.007,-0.0045,-0.00718,-0.00733,-0.0072
916.96,-0.00727,-0.0076,-0.00492,-0.00785,-0.00794,-0.00729
917.26,-0.0071,-0.00753,-0.00487,-0.00798,-0.00752,-0.00717
917.56,-0.00657,-0.00755,-0.00518,-0.00769,-0.00787,-0.00728
917.87,-0.00644,-0.0076,-0.00525,-0.00767,-0.0086,-0.00733
918.17,-0.0063,-0.00778,-0.00499,-0.00743,-0.00857,-0.00757
918.47,-0.00602,-0.00784,-0.00548,-0.0074,-0.00882,-0.00808
918.78,-0.00639,-0.00784,-0.00646,-0.00733,-0.00882,-0.00828
919.08,-0.00661,-0.00755,-0.00633,-0.00722,-0.00866,-0.00839
919.38,-0.00699,-0.0079,-0.00655,-0.00704,-0.00926,-0.0086
919.69,-0.00767,-0.00869,-0.00693,-0.00788,-0.00965,-0.00838
919.99,-0.0082,-0.00918,-0.0078,-0.0084,-0.00986,-0.00859
920.29,-0.00871,-0.00872,-0.00793,-0.00812,-0.01045,-0.00849
920.59,-0.00871,-0.00805,-0.00705,-0.00759,-0.00977,-0.00774
920.9,-0.00859,-0.00804,-0.00606,-0.00713,-0.00977,-0.00738
921.2,-0.0083,-0.00832,-0.00663,-0.00696,-0.01012,-0.00786
921.5,-0.0075,-0.00794,-0.00656,-0.00725,-0.00982,-0.00747
921.81,-0.00712,-0.0074,-0.00588,-0.00658,-0.00928,-0.00754
922.11,-0.00701,-0.00777,-0.00627,-0.00683,-0.00959,-0.00784
922.41,-0.00716,-0.00857,-0.00693,-0.00773,-0.00966,-0.00822
922.71,-0.0077,-0.00855,-0.00736,-0.00868,-0.01016,-0.00882
923.02,-0.00832,-0.00911,-0.00807,-0.00925,-0.01071,-0.00977
923.32,-0.0083,-0.00884,-0.00723,-0.00919,-0.01034,-0.00909
923.62,-0.00822,-0.00838,-0.00691,-0.00868,-0.0099,-0.00902
923.92,-0.00852,-0.00843,-0.00698,-0.00931,-0.00992,-0.00895
924.23,-0.00868,-0.00844,-0.00605,-0.00941,-0.00955,-0.00852
924.53,-0.00847,-0.00803,-0.0053,-0.00863,-0.00911,-0.00822
924.83,-0.00829,-0.00815,-0.00531,-0.00761,-0.00902,-0.00858
925.13,-0.00823,-0.0089,-0.00572,-0.00837,-0.0092,-0.00888
925.44,-0.00861,-0.00966,-0.00599,-0.00886,-0.00957,-0.00958
925.74,-0.00912,-0.00983,-0.00618,-0.00919,-0.01002,-0.01015
926.04,-0.00873,-0.00947,-0.00582,-0.009,-0.01019,-0.0098
926.34,-0.00849,-0.00876,-0.00601,-0.00878,-0.01036,-0.01022
926.64,-0.00852,-0.00817,-0.00573,-0.00888,-0.01058,-0.01045
926.95,-0.00826,-0.00846,-0.00544,-0.00992,-0.01054,-0.00993
927.25,-0.00774,-0.00691,-0.00448,-0.00834,-0.00993,-0.00888
927.55,-0.00828,-0.00646,-0.00466,-0.00854,-0.01009,-0.00883
927.85,-0.00825,-0.00723,-0.00506,-0.00898,-0.01038,-0.00864
928.15,-0.00868,-0.00819,-0.00585,-0.00943,-0.01043,-0.00927
928.46,-0.00897,-0.00841,-0.00666,-0.00962,-0.01058,-0.00941
928.76,-0.00912,-0.0089,-0.00717,-0.00972,-0.01053,-0.00935
929.06,-0.00935,-0.00926,-0.00738,-0.00955,-0.01019,-0.00942
929.36,-0.01006,-0.01051,-0.00774,-0.01022,-0.01049,-0.01025
929.66,-0.01026,-0.01096,-0.00849,-0.01046,-0.01052,-0.01093
929.96,-0.00999,-0.01033,-0.0076,-0.01021,-0.00955,-0.01095
930.26,-0.01056,-0.01017,-0.00784,-0.01007,-0.00971,-0.0112
930.57,-0.01093,-0.01083,-0.00759,-0.01084,-0.00926,-0.01094
930.87,-0.01104,-0.01092,-0.00771,-0.01157,-0.00998,-0.01148
931.17,-0.01103,-0.01008,-0.0071,-0.01046,-0.01061,-0.01178
931.47,-0.01111,-0.00952,-0.00738,-0.01039,-0.01046,-0.01152
931.77,-0.01018,-0.00891,-0.00712,-0.00995,-0.01042,-0.01148
932.07,-0.01111,-0.0096,-0.00772,-0.01015,-0.01149,-0.01173
932.37,-0.0106,-0.00961,-0.00734,-0.00971,-0.01126,-0.01163
932.67,-0.01049,-0.00895,-0.00694,-0.00923,-0.01146,-0.01205
932.97,-0.01036,-0.00884,-0.00641,-0.00829,-0.01031,-0.011
933.27,-0.01002,-0.00962,-0.00672,-0.00893,-0.01019,-0.01106
933.58,-0.01001,-0.01014,-0.00661,-0.00941,-0.01019,-0.01075
933.88,-0.01077,-0.01119,-0.00724,-0.01034,-0.01083,-0.0109
934.18,-0.00967,-0.01041,-0.00726,-0.01018,-0.0106,-0.01023
934.48,-0.00962,-0.01002,-0.0075,-0.01035,-0.01094,-0.01001
934.78,-0.00962,-0.01016,-0.00711,-0.00994,-0.01043,-0.00874
935.08,-0.01017,-0.00985,-0.00777,-0.00982,-0.01079,-0.00896
935.38,-0.0105,-0.00928,-0.00761,-0.01022,-0.01059,-0.00833
935.68,-0.01038,-0.00942,-0.00772,-0.01006,-0.01138,-0.00927
935.98,-0.01052,-0.00961,-0.00727,-0.01003,-0.01164,-0.00943
936.28,-0.01072,-0.00972,-0.00756,-0.0102,-0.01155,-0.00976
936.58,-0.0113,-0.01085,-0.0081,-0.01078,-0.01201,-0.01088
936.88,-0.01097,-0.01104,-0.00905,-0.0114,-0.01266,-0.01165
937.18,-0.01098,-0.01216,-0.00911,-0.0126,-0.01354,-0.01302
937.48,-0.01113,-0.01264,-0.00907,-0.01186,-0.01316,-0.01307
937.78,-0.01152,-0.01272,-0.00852,-0.0123,-0.01282,-0.01225
938.08,-0.01012,-0.01145,-0.00808,-0.01158,-0.01138,-0.01166
938.38,-0.0105,-0.01285,-0.00819,-0.01169,-0.01173,-0.01233
938.68,-0.01011,-0.01226,-0.00882,-0.0115,-0.01228,-0.01281
938.98,-0.01063,-0.01247,-0.00865,-0.01201,-0.01254,-0.01343
939.28,-0.01056,-0.0127,-0.00919,-0.0124,-0.01233,-0.01284
939.58,-0.01023,-0.01259,-0.01015,-0.01275,-0.01274,-0.0127
939.88,-0.00849,-0.01071,-0.00942,-0.01189,-0.01202,-0.01236
940.18,-0.00946,-0.01134,-0.00958,-0.01166,-0.01282,-0.01275
940.48,-0.00878,-0.01047,-0.00811,-0.01134,-0.0121,-0.01193
940.78,-0.00906,-0.01019,-0.00739,-0.01206,-0.01113,-0.01077
941.08,-0.00856,-0.01028,-0.00698,-0.01146,-0.01074,-0.01054
941.38,-0.00912,-0.01007,-0.00692,-0.0122,-0.01039,-0.01104
941.68,-0.00945,-0.00977,-0.00691,-0.01285,-0.01071,-0.01141
941.98,-0.0117,-0.01186,-0.00851,-0.01444,-0.01165,-0.01264
942.27,-0.01122,-0.01082,-0.00856,-0.01429,-0.01117,-0.01185
942.57,-0.01216,-0.01141,-0.01033,-0.01441,-0.01205,-0.01258
942.87,-0.01252,-0.01144,-0.01032,-0.01369,-0.01255,-0.0126
943.17,-0.01232,-0.01118,-0.01071,-0.01354,-0.01236,-0.01243
943.47,-0.01154,-0.0109,-0.01056,-0.01172,-0.01252,-0.01176
943.77,-0.01223,-0.01124,-0.01069,-0.01169,-0.01206,-0.01241
944.07,-0.01133,-0.01162,-0.01071,-0.01216,-0.0118,-0.01327
944.37,-0.01113,-0.01164,-0.01074,-0.01171,-0.01151,-0.01353
944.67,-0.01131,-0.01224,-0.01166,-0.01216,-0.01207,-0.01396
944.97,-0.00998,-0.01254,-0.01047,-0.01159,-0.01151,-0.01288
945.26,-0.01196,-0.01402,-0.01219,-0.01248,-0.01331,-0.01476
945.56,-0.01128,-0.0141,-0.01173,-0.01222,-0.01367,-0.01433
945.86,-0.01097,-0.01403,-0.01181,-0.01229,-0.01485,-0.0141
946.16,-0.01098,-0.01285,-0.01226,-0.01115,-0.01375,-0.01304
946.46,-0.01223,-0.01376,-0.01339,-0.01196,-0.01461,-0.0137
946.76,-0.01132,-0.01254,-0.01213,-0.01142,-0.01376,-0.0123
947.05,-0.01224,-0.01179,-0.01334,-0.01281,-0.01452,-0.01422
947.35,-0.01082,-0.01019,-0.01165,-0.01212,-0.01327,-0.01327
947.65,-0.01257,-0.01021,-0.01282,-0.01288,-0.01399,-0.01493
947.95,-0.01249,-0.01057,-0.01251,-0.01286,-0.01345,-0.0153
948.25,-0.01293,-0.01128,-0.01149,-0.01325,-0.01466,-0.01511
948.55,-0.01254,-0.01206,-0.01038,-0.01448,-0.01506,-0.01476
948.84,-0.01377,-0.01294,-0.01048,-0.01498,-0.01567,-0.01644
949.14,-0.01337,-0.01432,-0.0101,-0.01448,-0.01523,-0.01547
949.44,-0.0142,-0.01486,-0.01007,-0.01498,-0.01555,-0.01512
949.74,-0.01427,-0.01515,-0.01014,-0.01517,-0.01565,-0.01477
950.04,-0.01505,-0.01642,-0.0105,-0.01617,-0.01644,-0.01474
950.33,-0.01487,-0.01609,-0.01062,-0.01558,-0.01735,-0.01544
950.63,-0.01499,-0.01569,-0.01031,-0.01514,-0.01845,-0.01566
950.93,-0.01466,-0.01544,-0.00966,-0.01453,-0.01853,-0.0153
951.23,-0.01549,-0.01567,-0.01057,-0.0151,-0.01925,-0.01663
951.52,-0.01629,-0.01698,-0.01158,-0.01534,-0.02043,-0.01706
951.82,-0.01603,-0.0172,-0.01153,-0.01628,-0.02065,-0.0172
952.12,-0.01569,-0.01633,-0.01213,-0.01582,-0.02045,-0.01845
952.42,-0.01532,-0.01659,-0.01262,-0.01574,-0.0195,-0.01811
952.71,-0.01465,-0.01628,-0.01367,-0.01548,-0.01832,-0.01812
953.01,-0.01448,-0.0169,-0.0149,-0.01666,-0.01882,-0.01843
953.31,-0.01569,-0.01744,-0.01542,-0.01728,-0.01827,-0.01833
953.61,-0.01566,-0.01698,-0.01559,-0.01894,-0.01794,-0.01886
953.9,-0.01593,-0.01778,-0.01557,-0.01927,-0.01857,-0.0195
954.2,-0.01537,-0.01756,-0.01588,-0.0198,-0.01826,-0.01941
954.5,-0.0159,-0.01754,-0.01592,-0.02078,-0.01874,-0.02075
954.79,-0.01627,-0.01759,-0.01625,-0.02134,-0.01842,-0.02009
955.09,-0.0164,-0.01648,-0.0158,-0.02227,-0.01839,-0.0206
955.39,-0.01338,-0.01423,-0.01377,-0.0203,-0.01773,-0.01899
955.68,-0.01224,-0.01238,-0.01191,-0.01756,-0.01662,-0.01775
955.98,-0.01138,-0.01157,-0.01103,-0.01691,-0.01531,-0.01661
956.28,-0.01167,-0.01188,-0.01037,-0.01652,-0.01484,-0.01506
956.57,-0.01214,-0.01263,-0.01064,-0.01684,-0.01546,-0.01414
956.87,-0.01282,-0.01365,-0.01144,-0.01669,-0.0168,-0.01552
957.17,-0.0125,-0.01306,-0.01096,-0.01485,-0.01653,-0.01522
957.46,-0.01424,-0.0144,-0.01255,-0.01601,-0.01818,-0.01643
957.76,-0.01491,-0.01667,-0.01444,-0.01763,-0.02027,-0.01764
958.06,-0.01497,-0.01643,-0.01517,-0.01745,-0.02121,-0.01877
958.35,-0.01561,-0.01687,-0.01535,-0.01791,-0.02353,-0.02108
958.65,-0.01507,-0.01676,-0.01655,-0.01654,-0.02363,-0.0209
958.95,-0.01477,-0.01621,-0.01566,-0.01637,-0.02281,-0.02124
959.24,-0.01571,-0.01781,-0.01744,-0.01716,-0.02282,-0.02097
959.54,-0.01596,-0.01898,-0.01889,-0.01817,-0.02291,-0.02282
959.83,-0.01429,-0.01765,-0.01737,-0.01641,-0.02035,-0.02101
960.13,-0.01498,-0.01813,-0.01705,-0.0157,-0.01954,-0.02091
960.43,-0.01567,-0.01753,-0.01672,-0.01483,-0.01874,-0.01898
960.72,-0.0173,-0.01725,-0.01641,-0.01623,-0.01954,-0.01961
961.02,-0.0172,-0.0171,-0.01599,-0.01577,-0.01979,-0.01955
961.31,-0.01749,-0.01771,-0.01479,-0.01595,-0.01999,-0.02028
961.61,-0.01851,-0.01749,-0.01326,-0.01459,-0.01996,-0.01917
961.9,-0.02026,-0.01729,-0.01396,-0.01629,-0.02188,-0.01992
962.2,-0.0211,-0.01824,-0.01496,-0.01715,-0.02209,-0.01971
962.5,-0.01964,-0.01945,-0.01517,-0.01765,-0.02111,-0.02019
962.79,-0.01866,-0.02117,-0.01556,-0.01797,-0.0205,-0.02127
963.09,-0.02052,-0.02233,-0.01669,-0.01842,-0.01966,-0.02029
963.38,-0.02175,-0.0221,-0.01726,-0.0182,-0.02022,-0.02105
963.68,-0.02257,-0.02341,-0.01787,-0.01911,-0.02176,-0.02266
963.97,-0.02254,-0.0237,-0.0177,-0.01906,-0.02085,-0.02325
964.27,-0.02312,-0.02421,-0.01875,-0.02002,-0.022,-0.02421
964.56,-0.02494,-0.02489,-0.01865,-0.02261,-0.02468,-0.02465
964.86,-0.02475,-0.02349,-0.01784,-0.02192,-0.02487,-0.02394
965.15,-0.0244,-0.02378,-0.01739,-0.02389,-0.02658,-0.02585
965.45,-0.02392,-0.02484,-0.01738,-0.02385,-0.02668,-0.02489
965.74,-0.02372,-0.02439,-0.01809,-0.02434,-0.02688,-0.02498
966.04,-0.02434,-0.02549,-0.01946,-0.02397,-0.02817,-0.02662
966.33,-0.02286,-0.02402,-0.01812,-0.0238,-0.02772,-0.02576
966.63,-0.02288,-0.02406,-0.01898,-0.02162,-0.02688,-0.02656
966.92,-0.02234,-0.02351,-0.01902,-0.02172,-0.02513,-0.02611
967.22,-0.02121,-0.02335,-0.01996,-0.02073,-0.02386,-0.02523
967.51,-0.02137,-0.0225,-0.02155,-0.02144,-0.02255,-0.02578
967.81,-0.02049,-0.02155,-0.02092,-0.02166,-0.02073,-0.02465
968.1,-0.02075,-0.02257,-0.02148,-0.02164,-0.02139,-0.02428
968.4,-0.02235,-0.02364,-0.02298,-0.02264,-0.02268,-0.02667
968.69,-0.02267,-0.02339,-0.02541,-0.02461,-0.02343,-0.02687
968.98,-0.0238,-0.02392,-0.02599,-0.02423,-0.02655,-0.02826
969.28,-0.02453,-0.02409,-0.0269,-0.02483,-0.0276,-0.02833
969.57,-0.0251,-0.02564,-0.02669,-0.02694,-0.02993,-0.02974
969.87,-0.0266,-0.02688,-0.02759,-0.02804,-0.03159,-0.03105
970.16,-0.02722,-0.02615,-0.02807,-0.0305,-0.03175,-0.03146
970.46,-0.02711,-0.02647,-0.02819,-0.03037,-0.03159,-0.0313
970.75,-0.02625,-0.02652,-0.02525,-0.0287,-0.02884,-0.03054
971.04,-0.02651,-0.02732,-0.02595,-0.0302,-0.02712,-0.03118
971.34,-0.02712,-0.02671,-0.02511,-0.02997,-0.02593,-0.03117
971.63,-0.02746,-0.02626,-0.02386,-0.02872,-0.02554,-0.03042
971.93,-0.02806,-0.02725,-0.02436,-0.02803,-0.02539,-0.03143
972.22,-0.02766,-0.02684,-0.02217,-0.02595,-0.02327,-0.03077
972.51,-0.0293,-0.02871,-0.02399,-0.02817,-0.02378,-0.03157
972.81,-0.02913,-0.02901,-0.02354,-0.02878,-0.02632,-0.0319
973.1,-0.02688,-0.02924,-0.02276,-0.02841,-0.02662,-0.03045
973.39,-0.02677,-0.03007,-0.02235,-0.02777,-0.02759,-0.03201
973.69,-0.02639,-0.0306,-0.02403,-0.02772,-0.02863,-0.03212
973.98,-0.02303,-0.02844,-0.02359,-0.02727,-0.02866,-0.03028
974.27,-0.02295,-0.02845,-0.02569,-0.02806,-0.03052,-0.03111
974.57,-0.02236,-0.02792,-0.02617,-0.02739,-0.0305,-0.03122
974.86,-0.02326,-0.02776,-0.02755,-0.02855,-0.03043,-0.03117
975.15,-0.02663,-0.02804,-0.02967,-0.03105,-0.03196,-0.03203
975.45,-0.0279,-0.02857,-0.02915,-0.03235,-0.03296,-0.03177
975.74,-0.02637,-0.02687,-0.02549,-0.03304,-0.0308,-0.03133
976.03,-0.02855,-0.02729,-0.02505,-0.03325,-0.03035,-0.0305
976.33,-0.02961,-0.02932,-0.02824,-0.03586,-0.03001,-0.03161
976.62,-0.02742,-0.02614,-0.02406,-0.03268,-0.02722,-0.02876
976.91,-0.02615,-0.02658,-0.02523,-0.03238,-0.02849,-0.02943
977.21,-0.02492,-0.02618,-0.02392,-0.03043,-0.02743,-0.02953
977.5,-0.02495,-0.02683,-0.02515,-0.03062,-0.02811,-0.03018
977.79,-0.0279,-0.03013,-0.03069,-0.03171,-0.03181,-0.0327
978.08,-0.02808,-0.03001,-0.03069,-0.03055,-0.02987,-0.03409
978.38,-0.02847,-0.03208,-0.02984,-0.03213,-0.03319,-0.03683
978.67,-0.02925,-0.03478,-0.03026,-0.03382,-0.03592,-0.03673
978.96,-0.0322,-0.0344,-0.02761,-0.03336,-0.03472,-0.03637
979.25,-0.03257,-0.03392,-0.02522,-0.03365,-0.0351,-0.03592
979.55,-0.03058,-0.03231,-0.02488,-0.03212,-0.03296,-0.03379
979.84,-0.03016,-0.03194,-0.02452,-0.03092,-0.03169,-0.03489
980.13,-0.03109,-0.03148,-0.02643,-0.03325,-0.03501,-0.03453
980.42,-0.03187,-0.03027,-0.02546,-0.03053,-0.03309,-0.03123
980.71,-0.0316,-0.03125,-0.02558,-0.03087,-0.03316,-0.03171
981.01,-0.03025,-0.03215,-0.02745,-0.03127,-0.03326,-0.03078
981.3,-0.0292,-0.03435,-0.02929,-0.03255,-0.03314,-0.03027
981.59,-0.0305,-0.03529,-0.02979,-0.03437,-0.03583,-0.03386
981.88,-0.02694,-0.03406,-0.0267,-0.03315,-0.03512,-0.02952
982.18,-0.02497,-0.03516,-0.02473,-0.03198,-0.03448,-0.02886
982.47,-0.01963,-0.028,-0.01752,-0.02626,-0.02892,-0.02293
982.76,-0.01965,-0.02485,-0.01698,-0.0241,-0.02656,-0.0223
983.05,-0.02051,-0.02363,-0.01725,-0.02125,-0.02481,-0.02266
983.34,-0.02233,-0.0238,-0.01798,-0.01939,-0.02649,-0.02248
983.63,-0.02496,-0.02538,-0.01995,-0.02239,-0.02861,-0.02444
983.93,-0.0293,-0.02565,-0.02228,-0.02416,-0.03196,-0.02564
984.22,-0.03128,-0.02665,-0.02415,-0.02556,-0.03167,-0.02629
984.51,-0.03559,-0.03402,-0.03273,-0.03361,-0.03789,-0.03465
984.8,-0.03996,-0.03972,-0.03811,-0.03801,-0.0439,-0.04014
985.09,-0.03879,-0.0428,-0.03884,-0.04049,-0.04544,-0.0416
985.38,-0.03971,-0.04418,-0.04106,-0.04296,-0.04577,-0.04284
985.67,-0.037,-0.04503,-0.03958,-0.04074,-0.04321,-0.03854
985.96,-0.03899,-0.0462,-0.04136,-0.04363,-0.04101,-0.04284
986.26,-0.03829,-0.04767,-0.04226,-0.04587,-0.04139,-0.0471
986.55,-0.03886,-0.04788,-0.04047,-0.04457,-0.04014,-0.04695
986.84,-0.03798,-0.04622,-0.04103,-0.04572,-0.04027,-0.04649
987.13,-0.03803,-0.04476,-0.04039,-0.04595,-0.04198,-0.04555
987.42,-0.03991,-0.04259,-0.04071,-0.04676,-0.04224,-0.04832
987.71,-0.04343,-0.04231,-0.04287,-0.04642,-0.04332,-0.05151
988,-0.04178,-0.03929,-0.04196,-0.0446,-0.04429,-0.05201
988.29,-0.04132,-0.03696,-0.04196,-0.04222,-0.0427,-0.04887
988.58,-0.03917,-0.03688,-0.04189,-0.04323,-0.0445,-0.04817
988.87,-0.03762,-0.039,-0.04057,-0.04366,-0.04401,-0.04924
989.16,-0.03953,-0.04009,-0.04118,-0.04534,-0.04312,-0.05203
989.46,-0.03727,-0.04259,-0.04142,-0.04347,-0.04181,-0.04909
989.75,-0.03426,-0.04313,-0.04119,-0.04362,-0.04117,-0.04747
990.04,-0.03292,-0.04573,-0.03995,-0.04113,-0.03918,-0.04301
990.33,-0.03628,-0.04846,-0.04216,-0.04082,-0.04381,-0.04552
990.62,-0.04104,-0.05161,-0.04442,-0.04132,-0.04653,-0.04777
990.91,-0.03959,-0.05072,-0.04183,-0.03702,-0.04514,-0.04495
991.2,-0.04278,-0.04947,-0.04514,-0.03857,-0.04765,-0.04582
991.49,-0.04573,-0.05173,-0.04669,-0.0441,-0.05236,-0.05188
991.78,-0.04839,-0.05413,-0.04729,-0.04614,-0.0568,-0.05342
992.07,-0.05514,-0.05633,-0.05189,-0.05035,-0.06237,-0.05592
992.36,-0.05248,-0.05379,-0.04807,-0.05212,-0.06178,-0.0543
992.65,-0.05373,-0.05011,-0.04719,-0.05299,-0.05934,-0.05289
992.94,-0.05368,-0.04626,-0.04919,-0.05407,-0.0555,-0.04939
993.23,-0.05359,-0.05039,-0.04846,-0.0573,-0.05567,-0.05064
993.52,-0.05155,-0.04652,-0.04667,-0.05571,-0.05498,-0.04736
993.81,-0.05215,-0.04521,-0.04705,-0.05618,-0.05213,-0.0487
994.1,-0.04848,-0.04519,-0.04473,-0.05589,-0.04996,-0.04873
994.39,-0.05191,-0.04788,-0.04648,-0.05776,-0.05016,-0.04982
994.68,-0.04837,-0.05011,-0.04635,-0.0554,-0.04916,-0.04768
994.96,-0.05017,-0.05262,-0.04495,-0.05483,-0.05461,-0.05167
995.25,-0.05005,-0.04879,-0.04376,-0.04984,-0.05459,-0.05156
995.54,-0.04991,-0.05129,-0.0439,-0.04594,-0.05242,-0.0554
995.83,-0.05002,-0.05149,-0.0427,-0.045,-0.05296,-0.05491
996.12,-0.04999,-0.05233,-0.04157,-0.04688,-0.05296,-0.05407
996.41,-0.04865,-0.0544,-0.04072,-0.0449,-0.05191,-0.05607
996.7,-0.05026,-0.05279,-0.04167,-0.04603,-0.05498,-0.05916
996.99,-0.05486,-0.05332,-0.04424,-0.04882,-0.05508,-0.0615
997.28,-0.05008,-0.05443,-0.04195,-0.04546,-0.04996,-0.05925
997.57,-0.05185,-0.05205,-0.04253,-0.05116,-0.05205,-0.05774
997.86,-0.05122,-0.04945,-0.04094,-0.05269,-0.04825,-0.05656
998.15,-0.05048,-0.04789,-0.04143,-0.05177,-0.04613,-0.05621
998.43,-0.05236,-0.04965,-0.04483,-0.05686,-0.05058,-0.05756
998.72,-0.05539,-0.05528,-0.04756,-0.05928,-0.04914,-0.06065
999.01,-0.05437,-0.05608,-0.04879,-0.06021,-0.04929,-0.06026
999.3,-0.06052,-0.05892,-0.05389,-0.06811,-0.05353,-0.06005
999.59,-0.06288,-0.06154,-0.05434,-0.06453,-0.05375,-0.06177
999.88,-0.06384,-0.0647,-0.05742,-0.06427,-0.05933,-0.06138
1000.17,-0.06689,-0.06727,-0.06319,-0.06748,-0.06533,-0.06642
1000.45,-0.06915,-0.07192,-0.064,-0.06781,-0.0647,-0.06472
1000.74,-0.06917,-0.06718,-0.06522,-0.06557,-0.06766,-0.06375
1001.03,-0.07087,-0.06992,-0.07044,-0.06951,-0.06992,-0.0696
1001.32,-0.0727,-0.07245,-0.07514,-0.06715,-0.07511,-0.07642
1001.61,-0.07239,-0.07443,-0.07377,-0.06554,-0.07214,-0.07139
1001.9,-0.07392,-0.07269,-0.07748,-0.06481,-0.07606,-0.07822
1002.18,-0.07491,-0.07274,-0.07734,-0.06341,-0.07387,-0.08078
1002.47,-0.07282,-0.06491,-0.077,-0.06176,-0.07212,-0.07691
1002.76,-0.06979,-0.06901,-0.07379,-0.06402,-0.07302,-0.07594
1003.05,-0.06942,-0.06721,-0.06874,-0.06304,-0.07303,-0.07082
1003.34,-0.06379,-0.06521,-0.05969,-0.06151,-0.06835,-0.0639
1003.62,-0.06677,-0.06486,-0.06415,-0.0653,-0.07149,-0.06958
1003.91,-0.06928,-0.06895,-0.06241,-0.06651,-0.07193,-0.06609
1004.2,-0.06892,-0.06962,-0.06047,-0.07037,-0.07421,-0.06864
1004.49,-0.06498,-0.07088,-0.05891,-0.07077,-0.0746,-0.07298
1004.77,-0.06811,-0.07153,-0.06084,-0.0759,-0.0783,-0.07322
1005.06,-0.06933,-0.07265,-0.06036,-0.07374,-0.07975,-0.07338
1005.35,-0.07784,-0.07514,-0.06994,-0.08052,-0.08483,-0.07811
1005.64,-0.07755,-0.07411,-0.06768,-0.08356,-0.08666,-0.07921
1005.92,-0.07756,-0.07618,-0.07007,-0.08737,-0.08473,-0.0801
1006.21,-0.08144,-0.07622,-0.07279,-0.08706,-0.08556,-0.07629
1006.5,-0.08908,-0.07992,-0.07586,-0.08692,-0.08978,-0.07938
1006.79,-0.0896,-0.07853,-0.07865,-0.08091,-0.08598,-0.08152
1007.07,-0.08618,-0.0771,-0.07877,-0.08145,-0.08485,-0.08331
1007.36,-0.07987,-0.07624,-0.07592,-0.07977,-0.0808,-0.08873
1007.65,-0.07567,-0.0781,-0.07601,-0.07635,-0.08112,-0.08895
1007.93,-0.06975,-0.07837,-0.07223,-0.07535,-0.08159,-0.09088
1008.22,-0.06751,-0.08017,-0.07281,-0.07062,-0.08128,-0.09282
1008.51,-0.06267,-0.07456,-0.06838,-0.06921,-0.07661,-0.09027
1008.8,-0.06192,-0.0738,-0.06372,-0.07193,-0.0739,-0.08823
1009.08,-0.06039,-0.07189,-0.06166,-0.07034,-0.07072,-0.08519
1009.37,-0.05977,-0.07012,-0.06297,-0.06719,-0.07094,-0.07644
1009.66,-0.0651,-0.06476,-0.06572,-0.06745,-0.07147,-0.07366
1009.94,-0.06845,-0.06227,-0.07028,-0.06557,-0.07524,-0.07192
1010.23,-0.07028,-0.06502,-0.07948,-0.0717,-0.0827,-0.07535
1010.52,-0.07882,-0.06631,-0.08528,-0.07711,-0.08932,-0.07812
1010.8,-0.08409,-0.0689,-0.09099,-0.0817,-0.09781,-0.08445
1011.09,-0.08341,-0.07201,-0.09646,-0.08327,-0.09881,-0.084
1011.37,-0.08785,-0.0721,-0.09486,-0.08407,-0.10165,-0.08696
1011.66,-0.08474,-0.07815,-0.09746,-0.08633,-0.10164,-0.08871
1011.95,-0.08282,-0.08129,-0.0963,-0.09003,-0.09996,-0.08978
1012.23,-0.08065,-0.0788,-0.08528,-0.08595,-0.09155,-0.08338
1012.52,-0.08077,-0.08276,-0.0853,-0.08864,-0.09295,-0.08492
1012.8,-0.07831,-0.08491,-0.08477,-0.08641,-0.09045,-0.08463
1013.09,-0.08739,-0.08737,-0.08411,-0.09037,-0.0974,-0.09383
1013.38,-0.0908,-0.09058,-0.08816,-0.09105,-0.10232,-0.09852
1013.66,-0.09308,-0.08786,-0.08115,-0.08895,-0.10118,-0.09856
1013.95,-0.09767,-0.08478,-0.08249,-0.08652,-0.09792,-0.09655
1014.23,-0.10196,-0.08416,-0.08184,-0.09012,-0.10139,-0.10079
1014.52,-0.10398,-0.08861,-0.08448,-0.08985,-0.09943,-0.10105
1014.81,-0.1001,-0.08719,-0.08375,-0.08806,-0.09724,-0.09889
1015.09,-0.09508,-0.08934,-0.08249,-0.0837,-0.09368,-0.092
1015.38,-0.09463,-0.08941,-0.07298,-0.08328,-0.09044,-0.08579
1015.66,-0.09293,-0.09967,-0.07856,-0.08785,-0.09123,-0.0878
1015.95,-0.10172,-0.10553,-0.08233,-0.09026,-0.09881,-0.09387
1016.23,-0.1031,-0.1129,-0.08892,-0.09409,-0.10121,-0.10013
1016.52,-0.10272,-0.11779,-0.09372,-0.09653,-0.1037,-0.10731
1016.8,-0.10809,-0.12206,-0.09711,-0.10003,-0.10792,-0.11017
1017.09,-0.11158,-0.12212,-0.09392,-0.10397,-0.10957,-0.10997
1017.37,-0.10611,-0.12058,-0.10898,-0.10858,-0.11145,-0.11331
1017.66,-0.10635,-0.11645,-0.11122,-0.11243,-0.11425,-0.11981
1017.94,-0.0941,-0.11337,-0.10349,-0.11213,-0.11,-0.11833
1018.23,-0.08491,-0.10626,-0.09324,-0.10725,-0.1025,-0.10552
1018.51,-0.08242,-0.10108,-0.09355,-0.11055,-0.10227,-0.10521
1018.8,-0.08084,-0.10193,-0.09469,-0.11021,-0.10158,-0.10762
1019.08,-0.08686,-0.10479,-0.10337,-0.11975,-0.10409,-0.11229
1019.37,-0.0908,-0.10889,-0.09042,-0.12039,-0.10399,-0.11207
1019.65,-0.10015,-0.1174,-0.101,-0.12164,-0.11414,-0.11571
1019.94,-0.11074,-0.12245,-0.10866,-0.12929,-0.11558,-0.12461
1020.22,-0.1225,-0.131,-0.11765,-0.13145,-0.12753,-0.14138
1020.51,-0.12274,-0.13036,-0.11226,-0.13432,-0.12921,-0.13667
1020.79,-0.12827,-0.13204,-0.12158,-0.14116,-0.13426,-0.13693
1021.08,-0.13662,-0.14317,-0.135,-0.14548,-0.14622,-0.15373
1021.36,-0.14476,-0.14853,-0.14773,-0.15402,-0.15313,-0.17238
1021.64,-0.14134,-0.13851,-0.1339,-0.15131,-0.14331,-0.15983
1021.93,-0.13302,-0.13936,-0.12881,-0.14591,-0.13861,-0.15103
1022.21,-0.12242,-0.13692,-0.12286,-0.14437,-0.12745,-0.13947
1022.5,-0.11701,-0.13921,-0.1184,-0.13106,-0.12044,-0.13656
1022.78,-0.07742,-0.13383,-0.08083,-0.1043,-0.08404,-0.10619
1023.07,-0.07742,-0.13383,-0.08083,-0.1043,-0.08404,-0.10619
1023.35,-0.07742,-0.13383,-0.08083,-0.1043,-0.08404,-0.10619