EXMPC,0,0,0,0,0,0
WAC,0,0,0,0,0,0
C02,0,0,0,0,0,0
540,0,0,0,0,0,0
80,0,0,0,0,0,0
nm,0,0,0,0,0,0
Angular Dependence,0,0,0,0,0,0
Wavelengths,0,8,16,24,32,40
361.27,0.02267,0.00066,0.04102,-0.0113,-0.02199,-0.05157
361.65,0.0274,0.01446,0.04162,0.00588,-0.02055,-0.04166
362.02,0.02111,0.00663,0.03436,8.00E-05,-0.02053,-0.04128
362.4,0.00398,0.00195,0.03122,-0.01783,-0.01566,-0.04472
362.77,-0.00457,-0.00468,0.02686,-0.01379,-0.00866,-0.05314
363.15,-0.01464,-0.00222,0.01141,-0.02036,-0.02759,-0.05994
363.52,-0.01251,-0.00542,0.00078,-0.01587,-0.02763,-0.05596
363.9,-0.00097,0.0026,0.00124,-0.01366,-0.04058,-0.04854
364.27,-0.00179,0.00526,0.00107,-0.01327,-0.03561,-0.03667
364.64,0.00928,0.0089,0.00394,-0.02417,-0.02718,-0.03318
365.02,0.00911,0.0194,0.00015,-0.01675,-0.03417,-0.0323
365.39,0.02651,0.03765,0.01215,-0.00923,-0.02023,-0.02046
365.77,0.03609,0.03338,0.01625,-0.00752,-0.02323,-0.01846
366.14,0.0514,0.04099,0.02697,-0.00587,-0.02301,-0.01557
366.52,0.04626,0.04257,0.02352,-0.01193,-0.01669,-0.01729
366.89,0.05956,0.04086,0.02891,0.0001,-0.0147,-0.01459
367.26,0.051,0.04447,0.02792,0.01177,-0.0142,-0.0113
367.64,0.0509,0.03596,0.02566,0.00656,-0.01195,-0.00766
368.01,0.05313,0.03296,0.03085,0.00437,-0.01729,-0.00498
368.39,0.05334,0.04874,0.03553,0.01387,-0.00523,0.00053
368.76,0.04479,0.04269,0.03037,0.01638,-0.00662,-0.00231
369.13,0.04713,0.03932,0.03689,0.02434,0.00574,0.00282
369.51,0.0315,0.04021,0.03379,0.015,0.00136,-0.00316
369.88,0.03289,0.04006,0.03298,0.01552,-0.00274,-0.008
370.25,0.03214,0.04014,0.03086,0.01804,0.00091,-0.01136
370.63,0.0252,0.03635,0.02397,0.01859,0.0016,-0.01958
371,0.02365,0.03096,0.02199,0.02166,-0.00405,-0.02004
371.38,0.0294,0.0256,0.01904,0.02244,-0.00206,-0.02111
371.75,0.0356,0.03297,0.02032,0.02793,-0.00244,-0.02121
372.12,0.03539,0.0333,0.01163,0.02566,-0.00822,-0.03572
372.5,0.03724,0.03046,0.01532,0.02227,-0.00344,-0.03296
372.87,0.04652,0.03614,0.02024,0.02812,-0.00221,-0.02217
373.24,0.0463,0.02937,0.02501,0.03038,-0.00063,-0.01651
373.62,0.04194,0.02064,0.01935,0.02042,-0.0067,-0.02291
373.99,0.03027,0.02031,0.01813,0.01464,-0.01027,-0.02893
374.36,0.02196,0.01626,0.01178,0.00316,-0.01507,-0.02894
374.74,0.02078,0.00664,0.01734,-0.00073,-0.01156,-0.02148
375.11,0.01929,0.0085,0.01635,-0.00556,-0.01067,-0.02053
375.48,0.01011,0.00109,0.01514,-0.01168,-0.01819,-0.02959
375.86,0.01046,0.00481,0.01401,-0.01394,-0.01437,-0.03331
376.23,0.01428,0.00823,0.01311,-0.01701,-0.0095,-0.02769
376.6,0.01389,0.01445,0.00972,-0.01498,-0.01016,-0.02695
376.98,0.01445,0.01221,0.01686,-0.00807,-0.00584,-0.02698
377.35,0.01532,0.01922,0.01832,-0.00583,-0.00314,-0.02643
377.72,0.01645,0.01781,0.01317,-0.00739,-0.00099,-0.0255
378.1,0.02073,0.02325,0.01291,-0.00185,0.00346,-0.0203
378.47,0.02114,0.02191,0.0077,-0.00771,0.00015,-0.0231
378.84,0.02341,0.0253,0.0102,-0.00318,0.00524,-0.0211
379.22,0.02552,0.02329,0.01331,-0.00138,0.01002,-0.0136
379.59,0.02088,0.02153,0.00582,-0.01091,0.00201,-0.01225
379.96,0.02693,0.02478,0.00675,-0.00746,0.00486,-0.00947
380.33,0.03004,0.02687,0.01173,-0.00154,0.00407,-0.00709
380.71,0.02975,0.02799,0.01701,-0.00318,0.00576,-0.01269
381.08,0.03077,0.03186,0.02128,0.00458,0.00608,-0.00442
381.45,0.02518,0.02812,0.01628,6.00E-05,0.00133,-0.0081
381.83,0.02345,0.03017,0.01748,-0.00231,0.0002,-0.0122
382.2,0.02411,0.03142,0.02065,0.00196,0.00282,-0.01305
382.57,0.02271,0.02525,0.01874,-0.00251,-0.0001,-0.01227
382.94,0.01899,0.02142,0.01521,-0.00404,-0.00077,-0.01421
383.32,0.02041,0.01706,0.0099,-0.00603,0.0006,-0.01305
383.69,0.01785,0.01491,0.00438,-0.011,0.00035,-0.0177
384.06,0.01983,0.01404,0.01069,-0.00601,0.0039,-0.01226
384.43,0.02267,0.0146,0.00963,-0.00351,0.0034,-0.00918
384.81,0.02732,0.01549,0.01004,0.00046,0.00428,-0.00665
385.18,0.02439,0.01525,0.01169,0.00531,0.005,-0.0062
385.55,0.02323,0.01715,0.01073,0.00501,0.00271,-0.00729
385.92,0.0247,0.0167,0.01095,0.00639,0.00044,-0.00524
386.3,0.02596,0.01813,0.01257,0.01005,0.00407,-0.00192
386.67,0.0268,0.01678,0.00846,0.00785,0.00564,-0.00141
387.04,0.02594,0.0143,0.01223,0.00961,0.00784,-0.00194
387.41,0.02541,0.01318,0.00765,0.00404,0.0058,-0.00268
387.78,0.02657,0.01536,0.00766,0.00215,0.00396,-0.00225
388.16,0.02573,0.01408,0.00717,0.00251,0.00334,-0.00104
388.53,0.02036,0.01416,0.006,3.00E-05,0.00354,-1.00E-05
388.9,0.01832,0.01003,0.00758,-0.00031,-0.00025,-0.00224
389.27,0.01664,0.01252,0.00928,0.00259,-0.0007,-0.00352
389.65,0.01626,0.01553,0.00876,0.00257,-0.00027,-0.00348
390.02,0.01736,0.0153,0.01246,0.00525,0.00071,-0.00472
390.39,0.01647,0.01474,0.01104,0.0039,0.00011,-0.00439
390.76,0.01707,0.0153,0.01421,0.00648,0.00092,-0.00325
391.13,0.01801,0.01671,0.01471,0.00729,0.0016,-0.00361
391.5,0.02001,0.02017,0.01628,0.00651,0.00646,-0.0012
391.88,0.02023,0.01799,0.01634,0.00619,0.00569,-0.00147
392.25,0.01906,0.01659,0.0114,0.00371,0.00443,0.0001
392.62,0.01783,0.01607,0.01139,0.0045,0.00495,0.00065
392.99,0.01545,0.01417,0.01331,0.00538,0.00396,-0.00094
393.36,0.01717,0.01446,0.01254,0.0033,0.00422,-0.00134
393.73,0.01661,0.01499,0.01234,0.00438,0.00538,-0.00051
394.11,0.01406,0.01498,0.00924,0.00424,0.00223,-0.00088
394.48,0.01602,0.01534,0.0092,0.00333,0.00056,-0.00053
394.85,0.01506,0.01291,0.01021,0.00333,0.00021,-0.00341
395.22,0.0139,0.01033,0.00688,0.00079,0.0001,-0.0045
395.59,0.01562,0.01017,0.00451,0.00219,0.00208,-0.00366
395.96,0.01503,0.00924,0.00401,0.00323,0.00195,-0.00302
396.33,0.0148,0.00744,0.00467,0.00347,8.00E-05,-0.00352
396.71,0.01589,0.00616,0.00607,0.00537,0.00194,-0.00291
397.08,0.01326,0.00718,0.00582,0.00522,0.00381,-0.0034
397.45,0.01416,0.00758,0.00792,0.00515,0.0048,-0.00082
397.82,0.01309,0.00823,0.0085,0.0066,0.0051,0.00128
398.19,0.01217,0.0095,0.00763,0.00585,0.00505,0.00111
398.56,0.00962,0.00673,0.00489,0.00407,0.00257,-0.00109
398.93,0.008,0.00526,0.00257,0.00128,0.00252,-0.00221
399.3,0.00642,0.00539,0.00165,-0.00217,0.00134,-0.00272
399.68,0.00723,0.00567,0.00307,-0.00161,0.00194,-0.00137
400.05,0.00656,0.00491,0.00138,-0.00157,0.00078,-0.00218
400.42,0.0051,0.00385,0.00191,-0.00173,-0.00023,-0.00227
400.79,0.00576,0.00402,0.00137,-0.00081,0.00074,-0.00228
401.16,0.00561,0.00471,0.00245,-0.00165,0.00312,-0.00111
401.53,0.00607,0.00497,0.00209,-0.00133,0.00247,-0.00109
401.9,0.0068,0.00552,0.00346,0.00058,0.00254,0.00064
402.27,0.00609,0.00402,0.0013,0.00028,0.00104,-0.001
402.64,0.00723,0.00498,0.00267,0.00089,0.00216,-0.00061
403.01,0.00778,0.00508,0.00207,0.00119,0.00188,-0.00272
403.38,0.00639,0.00405,0.00211,-0.00098,-0.00161,-0.00409
403.75,0.00631,0.00484,0.0029,0.0003,-0.00158,-0.00463
404.12,0.00616,0.00508,0.00432,0.00203,-0.00119,-0.00351
404.5,0.00564,0.00642,0.00435,0.00256,-0.0011,-0.00533
404.87,0.00559,0.00726,0.00598,0.004,-0.00028,-0.00365
405.24,0.00478,0.00667,0.00515,0.00399,-0.00061,-0.00312
405.61,0.00634,0.00867,0.00642,0.00316,0.0003,-0.00201
405.98,0.00635,0.00859,0.0071,0.00299,0.00221,-0.0004
406.35,0.00739,0.0092,0.00647,0.00396,0.00335,0.00094
406.72,0.00748,0.00944,0.00642,0.00337,0.0024,-0.00053
407.09,0.00778,0.00681,0.00587,0.00234,0.00104,-0.00116
407.46,0.00846,0.00717,0.00517,0.00159,0.00102,-0.00198
407.83,0.00711,0.00642,0.00516,0.00073,0.00038,-0.00427
408.2,0.00534,0.00548,0.00438,0.00134,0.00044,-0.00514
408.57,0.00547,0.00547,0.00449,0.00205,0.00084,-0.00494
408.94,0.0039,0.00522,0.00445,0.00056,-0.00011,-0.00471
409.31,0.00471,0.00644,0.00465,0.00174,0.00148,-0.00305
409.68,0.00541,0.00717,0.0048,0.00275,0.00249,-0.00145
410.05,0.00492,0.00641,0.00515,0.00251,0.00167,-0.00138
410.42,0.00617,0.00612,0.00503,0.00353,0.00189,0.00051
410.79,0.00601,0.00494,0.00477,0.0027,0.00082,0.00028
411.16,0.00587,0.00482,0.00368,0.00252,-0.00058,-0.00037
411.53,0.00604,0.00403,0.00449,0.00281,-0.00056,-0.0009
411.9,0.0058,0.00221,0.00436,0.0016,-0.00085,-0.00181
412.27,0.00479,0.00108,0.0033,0.00093,-0.00142,-0.00287
412.64,0.00444,0.00075,0.00272,0.0003,-0.00143,-0.0034
413.01,0.00496,0.00169,0.0043,0.00059,-0.00052,-0.00293
413.38,0.00693,0.00307,0.00604,0.00217,0.0009,-0.00026
413.75,0.00714,0.00375,0.00672,0.00251,0.00208,0.00059
414.12,0.00761,0.00403,0.00677,0.00284,0.00236,0.00073
414.49,0.00822,0.00467,0.00747,0.00399,0.00293,0.00204
414.86,0.00881,0.00529,0.00809,0.0048,0.00422,0.00265
415.23,0.00918,0.00624,0.00852,0.00543,0.0052,0.00377
415.6,0.00876,0.00694,0.00807,0.00488,0.00522,0.00341
415.96,0.00783,0.00656,0.00655,0.0045,0.00463,0.00255
416.33,0.00813,0.00554,0.0065,0.00439,0.00404,0.00205
416.7,0.00831,0.00625,0.00695,0.00464,0.004,0.00275
417.07,0.00747,0.00638,0.00651,0.00387,0.00354,0.00259
417.44,0.00693,0.0069,0.00611,0.00376,0.00311,0.00262
417.81,0.00757,0.00693,0.00607,0.00367,0.00418,0.00317
418.18,0.00739,0.00672,0.0051,0.00377,0.00397,0.00317
418.55,0.00752,0.00699,0.00591,0.00324,0.00421,0.00329
418.92,0.0071,0.007,0.00554,0.00275,0.00384,0.00305
419.29,0.00752,0.00683,0.00432,0.0028,0.00362,0.0029
419.66,0.00732,0.00607,0.00395,0.00263,0.00325,0.00208
420.03,0.0068,0.00511,0.0034,0.0016,0.0022,0.00152
420.39,0.00595,0.00517,0.00372,0.00161,0.00057,0.00124
420.76,0.00618,0.00449,0.00394,0.00142,0.00015,0.00113
421.13,0.00501,0.00398,0.00318,0.00137,-3.00E-05,0.00054
421.5,0.00423,0.00389,0.00366,0.00174,0.0007,0.00145
421.87,0.00359,0.00442,0.00396,0.00202,0.00117,0.00149
422.24,0.00367,0.00474,0.00401,0.00192,0.00122,0.0016
422.61,0.0041,0.00521,0.00491,0.00237,0.00159,0.00183
422.98,0.00368,0.00377,0.00414,0.0016,0.00137,0.00122
423.35,0.00336,0.00376,0.00386,0.00171,0.00172,0.00123
423.71,0.0037,0.00423,0.00366,0.00173,0.00116,0.00171
424.08,0.00378,0.0046,0.00324,0.00114,0.00059,0.00074
424.45,0.00364,0.0035,0.00335,0.00079,0.00038,0.00011
424.82,0.00361,0.00351,0.0038,0.00094,0.0008,0.00049
425.19,0.00365,0.00326,0.00323,0.00089,0.00165,0.00073
425.56,0.00438,0.00412,0.00337,0.0022,0.00261,0.00148
425.93,0.0046,0.0041,0.00375,0.00269,0.00284,0.00214
426.29,0.00459,0.00375,0.00379,0.00264,0.00329,0.00169
426.66,0.00456,0.00306,0.0035,0.00276,0.00347,0.00167
427.03,0.00446,0.00312,0.00342,0.00241,0.00342,0.00203
427.4,0.00384,0.00275,0.00206,0.00214,0.00257,0.00119
427.77,0.00379,0.00249,0.00211,0.00196,0.00175,0.00097
428.14,0.00332,0.00273,0.00226,0.00115,0.00165,0.00065
428.5,0.00305,0.00292,0.00167,0.00117,0.00151,0.00024
428.87,0.00351,0.00342,0.00189,0.00163,0.00149,0.00102
429.24,0.00435,0.00401,0.00258,0.00219,0.00189,0.00211
429.61,0.00428,0.0041,0.00279,0.00245,0.00198,0.00222
429.98,0.00489,0.00419,0.0035,0.00295,0.00305,0.00326
430.34,0.00473,0.00398,0.00327,0.00318,0.003,0.00337
430.71,0.00462,0.0031,0.00307,0.00326,0.00234,0.00298
431.08,0.00449,0.00309,0.00341,0.00281,0.00214,0.00322
431.45,0.00383,0.0025,0.00301,0.00219,0.00189,0.00274
431.82,0.00313,0.00268,0.00279,0.00243,0.00202,0.0026
432.18,0.00342,0.00288,0.00261,0.00234,0.00192,0.00281
432.55,0.00339,0.00291,0.003,0.00221,0.00207,0.00257
432.92,0.00375,0.00358,0.00344,0.00237,0.00251,0.00291
433.29,0.00395,0.00378,0.00299,0.00244,0.00266,0.00332
433.65,0.00377,0.00352,0.00273,0.00266,0.00264,0.00312
434.02,0.00394,0.00382,0.00268,0.0029,0.0029,0.0031
434.39,0.00431,0.0035,0.0029,0.00245,0.00299,0.00302
434.76,0.00386,0.00317,0.00257,0.00183,0.0028,0.00263
435.12,0.00331,0.00315,0.00151,0.00114,0.0022,0.00221
435.49,0.00299,0.003,0.0014,0.00122,0.00221,0.0024
435.86,0.00287,0.00301,0.00186,0.0015,0.00227,0.00251
436.23,0.00298,0.00297,0.00202,0.00155,0.00219,0.00276
436.59,0.003,0.00295,0.00217,0.00173,0.00219,0.00323
436.96,0.00266,0.003,0.00171,0.00178,0.00151,0.00316
437.33,0.00315,0.00337,0.00224,0.00271,0.00224,0.00363
437.7,0.00367,0.00372,0.00331,0.00369,0.00267,0.00438
438.06,0.00353,0.00354,0.00333,0.00335,0.00251,0.00428
438.43,0.00335,0.00367,0.00334,0.00293,0.00274,0.0044
438.8,0.00319,0.00405,0.00335,0.00264,0.0028,0.00431
439.16,0.00333,0.00393,0.00365,0.00259,0.0029,0.00432
439.53,0.00363,0.00403,0.00404,0.0028,0.0037,0.0048
439.9,0.00345,0.00388,0.00387,0.0025,0.0034,0.0049
440.27,0.00322,0.00356,0.00351,0.00209,0.00326,0.00487
440.63,0.00372,0.0039,0.00354,0.00275,0.00358,0.00524
441,0.00405,0.00397,0.00365,0.00299,0.00373,0.00525
441.37,0.00431,0.00376,0.00363,0.00318,0.004,0.00555
441.73,0.00415,0.00389,0.00342,0.00303,0.00419,0.00564
442.1,0.00396,0.00333,0.00317,0.00295,0.00378,0.00533
442.47,0.004,0.0033,0.00307,0.00321,0.00372,0.00539
442.83,0.00414,0.00363,0.00336,0.00345,0.00399,0.00565
443.2,0.00388,0.00349,0.00343,0.00296,0.00383,0.00537
443.57,0.0037,0.00332,0.00322,0.00289,0.00383,0.00561
443.93,0.00372,0.00332,0.00314,0.00292,0.00378,0.00555
444.3,0.00381,0.00337,0.00348,0.00326,0.00398,0.00575
444.67,0.00357,0.00387,0.00352,0.00345,0.00431,0.0061
445.03,0.00372,0.00389,0.00363,0.00353,0.00454,0.00631
445.4,0.00363,0.00352,0.00314,0.00339,0.00427,0.00635
445.77,0.00359,0.00341,0.00314,0.00354,0.00421,0.00673
446.13,0.00353,0.00352,0.00361,0.00384,0.0041,0.00679
446.5,0.00325,0.00334,0.00361,0.00382,0.0039,0.00667
446.87,0.00318,0.00315,0.00322,0.00355,0.00381,0.007
447.23,0.00315,0.00263,0.00299,0.0032,0.00361,0.00681
447.6,0.00299,0.00261,0.00309,0.0031,0.0036,0.00707
447.96,0.00308,0.00287,0.00363,0.00335,0.00372,0.0072
448.33,0.00326,0.00285,0.00369,0.00343,0.00395,0.00735
448.7,0.00338,0.00279,0.0033,0.00316,0.00414,0.00735
449.06,0.00364,0.003,0.00348,0.00319,0.00462,0.00782
449.43,0.00376,0.00334,0.00398,0.00351,0.00485,0.00781
449.79,0.00429,0.00379,0.00445,0.00408,0.00535,0.00839
450.16,0.00428,0.00382,0.00445,0.00409,0.0054,0.00801
450.53,0.00409,0.00356,0.00413,0.00366,0.00544,0.00798
450.89,0.00407,0.00385,0.00391,0.00391,0.00573,0.00813
451.26,0.00395,0.00378,0.0038,0.00381,0.0055,0.00827
451.62,0.00385,0.00376,0.0038,0.00406,0.00564,0.00862
451.99,0.00352,0.00345,0.00335,0.00396,0.00556,0.00872
452.36,0.00328,0.00372,0.00341,0.00369,0.00566,0.00904
452.72,0.0033,0.00386,0.00313,0.00374,0.00585,0.00964
453.09,0.00347,0.00407,0.00335,0.00418,0.00609,0.01002
453.45,0.00328,0.00371,0.00329,0.00376,0.00583,0.01011
453.82,0.00318,0.00383,0.00346,0.00403,0.00612,0.01065
454.18,0.00317,0.00364,0.00336,0.00405,0.00595,0.01071
454.55,0.00329,0.00363,0.00343,0.004,0.00589,0.01101
454.92,0.00322,0.00308,0.00307,0.00389,0.00555,0.01122
455.28,0.00282,0.00269,0.00318,0.00363,0.00538,0.0116
455.65,0.00277,0.00276,0.00327,0.00369,0.00542,0.01273
456.01,0.00273,0.00298,0.00336,0.00403,0.00569,0.01405
456.38,0.00255,0.00294,0.0031,0.00396,0.00572,0.01568
456.74,0.00256,0.00286,0.00308,0.00381,0.00588,0.01841
457.11,0.00241,0.00268,0.00299,0.00389,0.00588,0.02244
457.47,0.00245,0.00294,0.00303,0.00428,0.00608,0.02845
457.84,0.00273,0.00316,0.00304,0.00463,0.00626,0.03794
458.2,0.00273,0.0032,0.00299,0.00481,0.00653,0.05128
458.57,0.00289,0.00326,0.00327,0.00507,0.00672,0.07017
458.93,0.00303,0.00327,0.00356,0.00528,0.00686,0.09427
459.3,0.00296,0.00321,0.00358,0.00539,0.0069,0.12446
459.66,0.00315,0.00339,0.00373,0.00563,0.0071,0.15943
460.03,0.00322,0.00362,0.00402,0.00565,0.00735,0.19742
460.39,0.00334,0.00364,0.00426,0.00557,0.00751,0.23618
460.76,0.00324,0.00359,0.00422,0.00535,0.00743,0.27321
461.12,0.00329,0.00339,0.0043,0.00525,0.00741,0.30566
461.49,0.00359,0.00351,0.0045,0.00542,0.00774,0.33244
461.85,0.0035,0.00361,0.00453,0.00553,0.00797,0.35216
462.22,0.00363,0.00358,0.00451,0.0054,0.00817,0.36487
462.58,0.00358,0.00364,0.00444,0.00537,0.0083,0.37195
462.95,0.00353,0.00356,0.00439,0.00545,0.00826,0.37505
463.31,0.00362,0.00349,0.00435,0.00562,0.00833,0.37628
463.68,0.00373,0.00367,0.0043,0.00578,0.00874,0.37857
464.04,0.00374,0.00374,0.00426,0.00569,0.00882,0.38246
464.41,0.00397,0.00403,0.00451,0.00583,0.00902,0.3887
464.77,0.00389,0.0041,0.00465,0.00603,0.00909,0.39663
465.13,0.00412,0.00398,0.00487,0.00615,0.00921,0.40592
465.5,0.00424,0.00428,0.00507,0.0064,0.00944,0.4153
465.86,0.00434,0.00446,0.00515,0.0066,0.00969,0.42294
466.23,0.00424,0.0043,0.00516,0.00656,0.00957,0.42739
466.59,0.00414,0.00417,0.00507,0.00666,0.00948,0.42851
466.96,0.00429,0.00418,0.00513,0.00689,0.00964,0.42674
467.32,0.00441,0.00414,0.00517,0.00692,0.00997,0.42251
467.68,0.00415,0.00406,0.00498,0.00701,0.0101,0.41707
468.05,0.00418,0.00396,0.00489,0.00704,0.0104,0.41181
468.41,0.00421,0.0039,0.00498,0.00685,0.01071,0.40849
468.78,0.00421,0.00412,0.00501,0.00693,0.01126,0.4077
469.14,0.00427,0.00433,0.00528,0.00708,0.012,0.41018
469.5,0.0042,0.00429,0.00513,0.00692,0.01293,0.41554
469.87,0.00428,0.00446,0.00525,0.00703,0.01455,0.42326
470.23,0.00436,0.00463,0.00545,0.00709,0.01683,0.43154
470.6,0.00441,0.00463,0.00565,0.0071,0.02026,0.44004
470.96,0.00441,0.00471,0.00582,0.00732,0.02537,0.44736
471.32,0.00448,0.00482,0.00594,0.00731,0.03235,0.45275
471.69,0.00459,0.00476,0.00589,0.00747,0.04259,0.45623
472.05,0.00475,0.00497,0.00602,0.00759,0.05629,0.45767
472.42,0.00464,0.00506,0.00602,0.00768,0.07422,0.45774
472.78,0.0047,0.00503,0.006,0.00766,0.09683,0.45781
473.14,0.00464,0.00513,0.00603,0.00781,0.12391,0.45868
473.51,0.00468,0.00519,0.00605,0.00785,0.15429,0.46158
473.87,0.00458,0.00497,0.00595,0.00797,0.18721,0.46717
474.23,0.00459,0.00502,0.00605,0.00807,0.22087,0.47696
474.6,0.00447,0.00497,0.00612,0.00812,0.25434,0.49161
474.96,0.0046,0.0049,0.00628,0.00815,0.28587,0.51154
475.32,0.00473,0.00494,0.00624,0.00835,0.31438,0.53715
475.69,0.00475,0.00496,0.00615,0.00847,0.3391,0.56791
476.05,0.00477,0.00482,0.00605,0.00853,0.35969,0.60372
476.41,0.00496,0.00498,0.00614,0.00857,0.37614,0.64416
476.78,0.00501,0.005,0.00606,0.00849,0.38815,0.68737
477.14,0.00509,0.00507,0.00609,0.00878,0.39588,0.73223
477.5,0.00522,0.00515,0.00604,0.00899,0.4009,0.77652
477.87,0.00528,0.00525,0.00618,0.00916,0.40302,0.81847
478.23,0.00544,0.00524,0.00631,0.00943,0.40341,0.85602
478.59,0.00555,0.00542,0.00651,0.0098,0.4023,0.8876
478.96,0.00554,0.00547,0.00655,0.01019,0.40161,0.91349
479.32,0.00547,0.00554,0.00664,0.01062,0.40169,0.93317
479.68,0.00544,0.00555,0.0067,0.01104,0.40349,0.94598
480.04,0.00534,0.0055,0.00671,0.01174,0.40691,0.95412
480.41,0.00539,0.00558,0.0068,0.01282,0.41314,0.95828
480.77,0.00541,0.00565,0.00685,0.01429,0.42103,0.95946
481.13,0.00542,0.00566,0.00683,0.01671,0.43145,0.95856
481.5,0.00542,0.00574,0.00689,0.02075,0.443,0.95592
481.86,0.00548,0.00575,0.00692,0.02745,0.45645,0.95209
482.22,0.00563,0.00576,0.00699,0.03822,0.47205,0.94815
482.58,0.00568,0.00587,0.00712,0.05444,0.49013,0.94388
482.95,0.0056,0.00582,0.00711,0.07721,0.51057,0.93921
483.31,0.00559,0.00583,0.0072,0.10697,0.53474,0.93422
483.67,0.00551,0.00587,0.00725,0.14341,0.56315,0.92963
484.03,0.00557,0.00579,0.00735,0.18461,0.59548,0.92442
484.4,0.00572,0.00582,0.00752,0.22801,0.63182,0.91916
484.76,0.00578,0.00592,0.00762,0.27019,0.67059,0.9141
485.12,0.0059,0.00601,0.00782,0.30833,0.71035,0.90878
485.48,0.00602,0.00609,0.00804,0.33953,0.74902,0.90327
485.85,0.00617,0.00625,0.00828,0.36363,0.78483,0.89861
486.21,0.00643,0.00639,0.00862,0.3807,0.81593,0.89413
486.57,0.00647,0.00655,0.00896,0.39195,0.84164,0.89101
486.93,0.00651,0.00662,0.00925,0.40072,0.86164,0.88897
487.29,0.00653,0.00664,0.00964,0.4084,0.87619,0.88796
487.66,0.00659,0.00672,0.01,0.41775,0.8862,0.8891
488.02,0.00666,0.00676,0.01046,0.4304,0.89318,0.89246
488.38,0.00665,0.00676,0.0111,0.4476,0.89736,0.89695
488.74,0.00671,0.0068,0.01218,0.4707,0.9014,0.9029
489.1,0.00684,0.00692,0.01377,0.50162,0.90574,0.91069
489.47,0.00699,0.00716,0.01659,0.53931,0.91047,0.9194
489.83,0.0071,0.00735,0.0211,0.58415,0.9157,0.9287
490.19,0.00724,0.00749,0.02842,0.63461,0.92149,0.93816
490.55,0.0073,0.00772,0.03987,0.68797,0.92687,0.9472
490.91,0.00753,0.00799,0.05663,0.74119,0.93262,0.95602
491.27,0.0077,0.00823,0.07962,0.79149,0.937,0.96387
491.64,0.00791,0.0085,0.10949,0.83525,0.94032,0.97093
492,0.00803,0.0087,0.14539,0.87111,0.94277,0.97647
492.36,0.0082,0.009,0.18636,0.89797,0.94416,0.98094
492.72,0.00852,0.0094,0.23078,0.91634,0.94418,0.98388
493.08,0.00892,0.00986,0.27773,0.92808,0.94359,0.98567
493.44,0.00923,0.01037,0.32681,0.93498,0.94185,0.98608
493.81,0.0096,0.01108,0.37877,0.9393,0.93987,0.98534
494.17,0.00996,0.01194,0.43476,0.94215,0.93715,0.98232
494.53,0.01052,0.0132,0.49485,0.94399,0.93351,0.97773
494.89,0.01119,0.01501,0.55811,0.94594,0.92946,0.97161
495.25,0.01197,0.01799,0.62343,0.94812,0.92545,0.96426
495.61,0.01303,0.02279,0.68883,0.95031,0.92138,0.95545
495.97,0.01464,0.03058,0.75138,0.95184,0.91745,0.94578
496.33,0.01722,0.0429,0.80754,0.95286,0.91328,0.93619
496.7,0.02157,0.06279,0.85469,0.95343,0.90923,0.92736
497.06,0.0284,0.09388,0.89135,0.95407,0.90556,0.91948
497.42,0.03939,0.14057,0.9188,0.95482,0.90179,0.91306
497.78,0.05656,0.20445,0.93803,0.95547,0.8981,0.90758
498.14,0.08354,0.28504,0.95109,0.95673,0.89463,0.90349
498.5,0.125,0.37763,0.95901,0.95886,0.89169,0.90076
498.86,0.18502,0.47704,0.96402,0.96133,0.88952,0.8982
499.22,0.26407,0.57686,0.96683,0.964,0.88831,0.89563
499.58,0.35782,0.67182,0.96853,0.96661,0.88768,0.89369
499.94,0.45922,0.75438,0.96896,0.96903,0.88855,0.892
500.3,0.56222,0.82111,0.96947,0.97151,0.8911,0.89183
500.67,0.66086,0.86992,0.96949,0.97337,0.89442,0.89273
501.03,0.7489,0.90495,0.96999,0.9747,0.89872,0.89485
501.39,0.82065,0.92965,0.97046,0.97545,0.904,0.89875
501.75,0.87332,0.94646,0.9708,0.97577,0.90986,0.90447
502.11,0.90954,0.95735,0.97125,0.97581,0.91628,0.91101
502.47,0.93461,0.9648,0.97184,0.97572,0.9228,0.91797
502.83,0.95188,0.96914,0.97114,0.9749,0.92865,0.92453
503.19,0.96347,0.9728,0.97099,0.97391,0.93442,0.93082
503.55,0.97073,0.97534,0.97014,0.97204,0.93944,0.9357
503.91,0.97514,0.97694,0.96895,0.96999,0.94334,0.93985
504.27,0.97816,0.97816,0.96816,0.96758,0.94615,0.94287
504.63,0.98071,0.97866,0.96705,0.96496,0.94831,0.94571
504.99,0.98219,0.979,0.96616,0.96208,0.94956,0.94847
505.35,0.98309,0.9796,0.96632,0.95926,0.95034,0.95121
505.71,0.98378,0.98048,0.96663,0.95626,0.9504,0.95399
506.07,0.98436,0.98106,0.96744,0.95384,0.94998,0.95746
506.43,0.98495,0.98173,0.96897,0.9514,0.94887,0.96069
506.79,0.98571,0.98221,0.97062,0.94926,0.94772,0.96346
507.15,0.98649,0.98274,0.97263,0.94718,0.94585,0.96532
507.51,0.9873,0.98278,0.97455,0.94457,0.94292,0.9655
507.87,0.98799,0.98212,0.97603,0.94251,0.93919,0.96433
508.23,0.98805,0.98071,0.9767,0.94067,0.93468,0.96183
508.59,0.988,0.97926,0.97729,0.93911,0.92974,0.95776
508.95,0.98792,0.97747,0.97741,0.93788,0.92447,0.95271
509.31,0.98727,0.97562,0.97726,0.9374,0.91918,0.94729
509.67,0.98611,0.97344,0.97703,0.93828,0.91391,0.94144
510.03,0.98462,0.97183,0.97676,0.94049,0.90957,0.93629
510.39,0.98332,0.97103,0.97666,0.94333,0.90582,0.93142
510.75,0.98202,0.97028,0.97625,0.94727,0.90328,0.92686
511.11,0.98052,0.9706,0.97565,0.95169,0.90125,0.92261
511.47,0.97909,0.97129,0.97449,0.95674,0.90042,0.91824
511.83,0.97825,0.9726,0.97308,0.9614,0.89992,0.91353
512.19,0.978,0.97423,0.97172,0.96553,0.90038,0.90892
512.55,0.97815,0.9755,0.97019,0.96906,0.90088,0.90414
512.91,0.97861,0.97614,0.96863,0.97183,0.90162,0.89981
513.27,0.9794,0.97693,0.96743,0.97356,0.90214,0.89587
513.62,0.98064,0.97642,0.96619,0.97518,0.90322,0.89339
513.98,0.98188,0.97616,0.96557,0.97604,0.90411,0.89145
514.34,0.98263,0.97531,0.9643,0.97713,0.90564,0.891
514.7,0.98286,0.97499,0.96283,0.97778,0.90726,0.89123
515.06,0.98272,0.97515,0.9613,0.9784,0.90948,0.89191
515.42,0.98252,0.97606,0.95959,0.97902,0.9121,0.89184
515.78,0.98238,0.97663,0.95776,0.97971,0.91518,0.89198
516.14,0.98217,0.97749,0.9561,0.97976,0.91798,0.89073
516.5,0.98226,0.97744,0.95448,0.97988,0.92134,0.88948
516.86,0.98276,0.97774,0.95438,0.97949,0.92421,0.88785
517.22,0.98327,0.97754,0.95498,0.97869,0.92689,0.88647
517.57,0.9839,0.97734,0.95676,0.97715,0.92936,0.88525
517.93,0.98456,0.97694,0.95958,0.97512,0.93165,0.88504
518.29,0.98502,0.97675,0.96316,0.97247,0.93393,0.88492
518.65,0.9851,0.97651,0.96691,0.96952,0.93624,0.88556
519.01,0.98511,0.97664,0.97057,0.96601,0.93808,0.88618
519.37,0.98506,0.97617,0.97323,0.96193,0.93959,0.88656
519.73,0.98488,0.97535,0.97523,0.95797,0.94108,0.88662
520.08,0.98507,0.97437,0.97643,0.95479,0.94256,0.8871
520.44,0.98459,0.97248,0.97659,0.95192,0.94364,0.88755
520.8,0.98411,0.97017,0.97678,0.95005,0.94415,0.88881
521.16,0.98373,0.96815,0.97715,0.94946,0.94444,0.89123
521.52,0.98256,0.96601,0.97756,0.94985,0.94415,0.8952
521.88,0.98122,0.96465,0.97831,0.95102,0.94358,0.90066
522.24,0.97987,0.96456,0.97961,0.95216,0.9423,0.90739
522.59,0.97833,0.96505,0.98085,0.95298,0.94067,0.91463
522.95,0.97742,0.9671,0.98251,0.95346,0.93859,0.92272
523.31,0.97662,0.97007,0.98361,0.95342,0.93661,0.93054
523.67,0.97645,0.97274,0.98449,0.95271,0.93418,0.93754
524.03,0.97696,0.97526,0.98496,0.95173,0.93169,0.94325
524.38,0.97815,0.97732,0.98546,0.95114,0.92903,0.94754
524.74,0.98006,0.97859,0.98573,0.95133,0.9265,0.9505
525.1,0.98229,0.97874,0.98553,0.95241,0.92344,0.95204
525.46,0.98376,0.97817,0.98472,0.95488,0.92104,0.95246
525.82,0.98471,0.97726,0.98351,0.95795,0.91886,0.95214
526.17,0.98516,0.97717,0.98194,0.96069,0.91701,0.95084
526.53,0.98499,0.97778,0.97996,0.96337,0.91634,0.94956
526.89,0.98445,0.97899,0.97754,0.96578,0.91656,0.94844
527.25,0.98394,0.98051,0.97453,0.96729,0.91716,0.94765
527.61,0.98361,0.98246,0.9718,0.96848,0.91849,0.94764
527.96,0.98412,0.98413,0.96966,0.9689,0.91965,0.94798
528.32,0.98522,0.98589,0.96813,0.96907,0.92023,0.94861
528.68,0.98653,0.98715,0.96758,0.96983,0.92013,0.94976
529.04,0.9883,0.98828,0.96806,0.97069,0.91865,0.95108
529.39,0.9898,0.98899,0.96883,0.97182,0.91603,0.95156
529.75,0.99103,0.98945,0.96988,0.97345,0.91294,0.95078
530.11,0.99178,0.99004,0.97068,0.97496,0.90945,0.9476
530.47,0.99225,0.99049,0.97078,0.97649,0.90599,0.94172
530.82,0.99266,0.9905,0.9701,0.978,0.90341,0.93226
531.18,0.99298,0.99009,0.96856,0.97939,0.9019,0.91859
531.54,0.99318,0.98933,0.96693,0.9804,0.9016,0.89995
531.9,0.99365,0.98809,0.96567,0.98101,0.90243,0.87659
532.25,0.99364,0.98612,0.96521,0.98147,0.90385,0.8487
532.61,0.99351,0.98371,0.96572,0.98153,0.90599,0.81715
532.97,0.9929,0.98119,0.96706,0.98097,0.90774,0.78232
533.32,0.99237,0.97939,0.96955,0.98017,0.90914,0.74595
533.68,0.99128,0.97822,0.9722,0.97908,0.91032,0.70926
534.04,0.98983,0.97776,0.97423,0.9777,0.9111,0.67375
534.4,0.98839,0.97807,0.97568,0.97593,0.91213,0.64079
534.75,0.9874,0.97902,0.97629,0.97405,0.91367,0.61111
535.11,0.98651,0.97983,0.97584,0.97208,0.91574,0.58549
535.47,0.98654,0.9806,0.97526,0.97089,0.91884,0.56425
535.82,0.98657,0.98028,0.97454,0.96962,0.92228,0.54653
536.18,0.98716,0.97924,0.97418,0.96898,0.92598,0.53255
536.54,0.98773,0.97742,0.97469,0.96882,0.92962,0.52135
536.89,0.98783,0.97555,0.97576,0.96927,0.93271,0.51217
537.25,0.98738,0.97421,0.97718,0.97006,0.93507,0.50484
537.61,0.98656,0.97385,0.97886,0.97117,0.93643,0.49874
537.96,0.98544,0.97437,0.98051,0.97188,0.93759,0.49399
538.32,0.98407,0.97607,0.98188,0.97229,0.93837,0.49014
538.68,0.98293,0.97795,0.98284,0.97187,0.9394,0.48725
539.03,0.98259,0.97997,0.9836,0.97131,0.94085,0.48518
539.39,0.98316,0.98121,0.98436,0.97009,0.94262,0.48423
539.75,0.98431,0.98123,0.98491,0.96809,0.94487,0.48336
540.1,0.9858,0.98051,0.98591,0.96576,0.94716,0.483
540.46,0.98696,0.9791,0.98685,0.96317,0.94887,0.48253
540.81,0.98771,0.97738,0.98748,0.96089,0.95023,0.48239
541.17,0.98774,0.97638,0.98801,0.95895,0.95052,0.482
541.53,0.98704,0.97597,0.98816,0.95737,0.95003,0.48094
541.88,0.98559,0.97663,0.98751,0.95645,0.94867,0.47885
542.24,0.98416,0.97823,0.98664,0.95637,0.94673,0.47552
542.59,0.98331,0.97998,0.98539,0.95708,0.94488,0.47007
542.95,0.98311,0.98179,0.984,0.9586,0.94338,0.46206
543.31,0.98369,0.98333,0.98288,0.96039,0.94246,0.45074
543.66,0.98478,0.98419,0.982,0.96194,0.94224,0.43586
544.02,0.98619,0.9845,0.98142,0.96336,0.94258,0.41788
544.37,0.98766,0.98454,0.98173,0.96458,0.94367,0.3976
544.73,0.9888,0.98461,0.98231,0.96559,0.94522,0.37625
545.09,0.98916,0.98496,0.98302,0.96607,0.94665,0.35528
545.44,0.98914,0.9858,0.98387,0.96606,0.94774,0.33596
545.8,0.98905,0.98712,0.98468,0.96602,0.94829,0.31924
546.15,0.98901,0.98866,0.98515,0.96638,0.94801,0.30554
546.51,0.98914,0.99006,0.98528,0.96667,0.9467,0.29441
546.86,0.98944,0.99104,0.98482,0.96712,0.94381,0.28468
547.22,0.99015,0.99165,0.98443,0.96754,0.93851,0.2748
547.58,0.99135,0.99173,0.98396,0.96832,0.93028,0.26333
547.93,0.99242,0.99117,0.98302,0.9693,0.91823,0.24895
548.29,0.99315,0.98986,0.98174,0.97025,0.90155,0.23111
548.64,0.99377,0.98843,0.98033,0.97104,0.87941,0.2099
549,0.99394,0.98701,0.97879,0.97211,0.85168,0.18623
549.35,0.99396,0.98611,0.97732,0.97311,0.8187,0.16118
549.71,0.99336,0.98555,0.97601,0.97435,0.78126,0.13618
550.06,0.9924,0.98559,0.97508,0.97544,0.74118,0.11246
550.42,0.99144,0.98599,0.97484,0.97628,0.69985,0.09107
550.77,0.9907,0.98693,0.97525,0.97723,0.65976,0.07254
551.13,0.99007,0.98795,0.97628,0.97808,0.62248,0.05702
551.48,0.98997,0.98904,0.97769,0.97896,0.59004,0.04435
551.84,0.99011,0.98965,0.97926,0.97974,0.56278,0.03428
552.19,0.99052,0.99001,0.98015,0.98008,0.54098,0.02636
552.55,0.99116,0.99016,0.98029,0.98025,0.52462,0.02032
552.9,0.9919,0.99032,0.97986,0.98045,0.51342,0.01575
553.26,0.99256,0.99023,0.97883,0.98029,0.50521,0.01228
553.61,0.99298,0.98983,0.97748,0.9804,0.49969,0.00978
553.97,0.99327,0.98917,0.97598,0.98003,0.49507,0.00801
554.32,0.99347,0.98836,0.97494,0.9795,0.49049,0.00676
554.68,0.99366,0.98744,0.97455,0.97908,0.485,0.00585
555.03,0.99368,0.98623,0.97493,0.97874,0.47766,0.00521
555.39,0.9935,0.98502,0.97587,0.97856,0.46756,0.00474
555.74,0.99295,0.98412,0.97709,0.9785,0.45516,0.00437
556.1,0.99243,0.98377,0.97839,0.97809,0.44089,0.00412
556.45,0.99152,0.98408,0.97945,0.97773,0.42527,0.00388
556.8,0.99058,0.98483,0.97986,0.9773,0.40883,0.00368
557.16,0.98982,0.9855,0.98001,0.97667,0.3922,0.00348
557.51,0.98944,0.98621,0.98008,0.9759,0.37518,0.0033
557.87,0.9894,0.98645,0.9799,0.97489,0.35737,0.0031
558.22,0.9897,0.98598,0.97975,0.9738,0.33767,0.00304
558.58,0.99003,0.98479,0.97986,0.97265,0.315,0.00293
558.93,0.99069,0.98308,0.98041,0.97173,0.2888,0.00284
559.28,0.99086,0.98126,0.98132,0.97056,0.25892,0.00273
559.64,0.99069,0.9798,0.9824,0.96905,0.2261,0.00265
559.99,0.98983,0.97892,0.98334,0.96616,0.19157,0.00254
560.35,0.98859,0.97899,0.9844,0.96127,0.15749,0.00254
560.7,0.9872,0.97977,0.9854,0.95305,0.12576,0.0024
561.05,0.98608,0.98122,0.98614,0.94062,0.09792,0.00236
561.41,0.98526,0.98267,0.98672,0.922,0.07434,0.00226
561.76,0.98521,0.98381,0.98703,0.89741,0.05574,0.00218
562.12,0.9857,0.98432,0.9871,0.86594,0.04153,0.00215
562.47,0.98663,0.98413,0.987,0.82867,0.03112,0.00214
562.82,0.98776,0.98337,0.98663,0.78744,0.02366,0.00209
563.18,0.9888,0.98234,0.98594,0.74399,0.01834,0.00207
563.53,0.98929,0.98148,0.98501,0.70004,0.01451,0.00203
563.88,0.98918,0.98111,0.9838,0.65803,0.01187,0.00202
564.24,0.98864,0.98136,0.98249,0.61861,0.00994,0.00201
564.59,0.98769,0.98224,0.98096,0.58368,0.00848,0.00199
564.95,0.98676,0.98358,0.97937,0.55373,0.00738,0.00198
565.3,0.98613,0.98505,0.97782,0.52793,0.00645,0.00197
565.65,0.98605,0.98656,0.97669,0.50639,0.00567,0.00189
566.01,0.9864,0.98746,0.9756,0.48776,0.00507,0.00185
566.36,0.9873,0.98816,0.97476,0.47031,0.00457,0.00181
566.71,0.98823,0.98839,0.974,0.45138,0.0042,0.00182
567.07,0.98932,0.98867,0.97344,0.42841,0.0039,0.00179
567.42,0.99034,0.98883,0.97309,0.3995,0.00364,0.00173
567.77,0.99106,0.98907,0.9729,0.36386,0.00345,0.00168
568.13,0.99133,0.98922,0.97265,0.32211,0.00334,0.00172
568.48,0.99151,0.98943,0.97275,0.27603,0.0032,0.00174
568.83,0.99153,0.98914,0.97296,0.22787,0.00305,0.00171
569.18,0.99172,0.98824,0.97324,0.18125,0.00288,0.00165
569.54,0.99192,0.98655,0.97362,0.13916,0.00282,0.00164
569.89,0.99208,0.98422,0.97318,0.10352,0.00273,0.00164
570.24,0.99186,0.98151,0.9714,0.07519,0.00265,0.00163
570.6,0.99143,0.97883,0.96689,0.05378,0.00255,0.00157
570.95,0.99026,0.97658,0.95774,0.03825,0.00251,0.00151
571.3,0.98878,0.97519,0.94202,0.02738,0.00244,0.00149
571.65,0.98674,0.97478,0.91772,0.01999,0.00241,0.0015
572.01,0.98443,0.97505,0.88451,0.01496,0.00237,0.00146
572.36,0.98236,0.97568,0.84334,0.01164,0.00235,0.00146
572.71,0.98092,0.97623,0.79579,0.00951,0.00229,0.00141
573.06,0.98031,0.97662,0.74377,0.00808,0.00224,0.00144
573.42,0.98064,0.97646,0.68794,0.0071,0.0022,0.00144
573.77,0.98122,0.97585,0.62871,0.00642,0.00218,0.00143
574.12,0.98204,0.97517,0.56649,0.00587,0.00213,0.00141
574.47,0.9827,0.97455,0.5015,0.0054,0.00204,0.0014
574.83,0.98288,0.97454,0.43499,0.005,0.00197,0.00136
575.18,0.98255,0.97476,0.36754,0.00466,0.00195,0.00138
575.53,0.98198,0.97521,0.30072,0.00438,0.00196,0.00137
575.88,0.98128,0.97537,0.2377,0.00414,0.00191,0.00133
576.24,0.981,0.97512,0.181,0.00388,0.00184,0.00131
576.59,0.98101,0.9742,0.13346,0.00367,0.00182,0.00128
576.94,0.98124,0.97258,0.09601,0.00351,0.00177,0.00126
577.29,0.98151,0.96973,0.06785,0.00339,0.00176,0.00124
577.64,0.98154,0.96456,0.04752,0.00324,0.00169,0.0012
578,0.98109,0.95393,0.03337,0.00317,0.00164,0.00118
578.35,0.98009,0.93239,0.0237,0.00306,0.00161,0.00117
578.7,0.97858,0.89349,0.01723,0.00298,0.00158,0.00115
579.05,0.97649,0.83386,0.01299,0.0029,0.00156,0.00116
579.4,0.97223,0.75457,0.01033,0.00283,0.00153,0.00116
579.76,0.96244,0.65947,0.00863,0.00278,0.00151,0.00116
580.11,0.94052,0.55434,0.00747,0.0027,0.00147,0.00113
580.46,0.89839,0.44553,0.00668,0.00258,0.00142,0.00111
580.81,0.83408,0.34168,0.00613,0.00251,0.00139,0.0011
581.16,0.74996,0.25101,0.00569,0.00244,0.00137,0.0011
581.51,0.6502,0.17838,0.00534,0.00238,0.0013,0.00108
581.87,0.54127,0.12409,0.00505,0.00235,0.00129,0.00108
582.22,0.42953,0.08526,0.00477,0.00226,0.00123,0.00104
582.57,0.32429,0.05807,0.00456,0.00221,0.00123,0.00106
582.92,0.23534,0.03959,0.00432,0.00218,0.00122,0.00105
583.27,0.16609,0.02739,0.00415,0.00214,0.0012,0.00103
583.62,0.11535,0.01955,0.00399,0.00209,0.00118,0.00104
583.97,0.07925,0.01457,0.00385,0.00205,0.00117,0.00103
584.33,0.05414,0.01145,0.00369,0.00196,0.00113,0.00101
584.68,0.03717,0.00947,0.00357,0.00191,0.00111,0.00102
585.03,0.02608,0.00817,0.00346,0.0019,0.00108,0.00102
585.38,0.01897,0.00726,0.00337,0.00187,0.00105,0.00102
585.73,0.01452,0.00658,0.00326,0.00183,0.00102,0.00103
586.08,0.01162,0.00608,0.00318,0.0018,0.00099,0.00102
586.43,0.00977,0.00569,0.00311,0.00175,0.00098,0.00104
586.78,0.00851,0.00544,0.00305,0.00173,0.00097,0.00106
587.13,0.00763,0.00515,0.00297,0.00169,0.00095,0.00105
587.48,0.00697,0.00491,0.00288,0.00164,0.00091,0.00104
587.84,0.00649,0.00467,0.0028,0.00159,0.0009,0.00103
588.19,0.00611,0.00452,0.00272,0.00152,0.0009,0.00102
588.54,0.00578,0.00436,0.00264,0.00148,0.00093,0.00103
588.89,0.00547,0.00417,0.00256,0.00145,0.0009,0.00096
589.24,0.00525,0.00399,0.00251,0.00144,0.00088,0.00095
589.59,0.00501,0.00384,0.0025,0.00143,0.00088,0.00096
589.94,0.00482,0.00369,0.00246,0.00141,0.0009,0.00095
590.29,0.00463,0.00358,0.00242,0.00135,0.00087,0.00095
590.64,0.00441,0.00343,0.00235,0.00134,0.00081,0.00091
590.99,0.00427,0.00333,0.00231,0.00131,0.00077,0.00091
591.34,0.00417,0.00328,0.00226,0.00128,0.00077,0.00096
591.69,0.00404,0.00322,0.00221,0.00124,0.00079,0.00096
592.04,0.00391,0.00315,0.00213,0.00116,0.00075,0.00094
592.39,0.00375,0.00309,0.0021,0.00113,0.00077,0.00096
592.74,0.00364,0.00302,0.00205,0.00111,0.00076,0.00095
593.09,0.00357,0.00293,0.00202,0.00107,0.00077,0.00097
593.44,0.00348,0.00288,0.00199,0.00105,0.00077,0.00096
593.79,0.00335,0.00282,0.00197,0.00104,0.00077,0.00094
594.14,0.00326,0.00275,0.00192,0.00104,0.00073,0.00092
594.49,0.00321,0.0027,0.00188,0.00105,0.00075,0.00092
594.84,0.00316,0.00266,0.00182,0.00102,0.00074,0.00092
595.19,0.0031,0.00262,0.00179,0.00099,0.00072,0.00093
595.54,0.003,0.0026,0.00172,0.00095,0.00072,0.00093
595.89,0.00294,0.00251,0.00165,0.0009,0.00069,0.00093
596.24,0.00287,0.0024,0.00156,0.00081,0.00065,0.00091
596.59,0.00281,0.00234,0.00153,0.00078,0.00069,0.00092
596.94,0.00271,0.0023,0.00149,0.00074,0.00065,0.00092
597.29,0.00264,0.00224,0.00145,0.0007,0.00061,0.00092
597.64,0.00253,0.00213,0.0014,0.00067,0.00061,0.00087
597.99,0.00251,0.00209,0.0014,0.00065,0.00063,0.00088
598.34,0.00246,0.00208,0.00141,0.00063,0.00064,0.00086
598.69,0.00242,0.00206,0.00137,0.00064,0.00063,0.00086
599.04,0.0023,0.00199,0.0013,0.00059,0.00056,0.00084
599.39,0.00223,0.00189,0.00123,0.00053,0.00053,0.0008
599.74,0.00221,0.00188,0.00122,0.00055,0.00058,0.00082
600.09,0.00221,0.00186,0.0012,0.00057,0.00056,0.00085
600.44,0.00216,0.00179,0.00115,0.00059,0.00057,0.00086
600.79,0.0021,0.00173,0.00109,0.00057,0.00056,0.00086
601.14,0.00206,0.0017,0.00106,0.00058,0.00059,0.00088
601.49,0.00205,0.00166,0.00103,0.00058,0.0006,0.0009
601.83,0.00203,0.00162,0.00104,0.00061,0.00063,0.00089
602.18,0.00197,0.00157,0.00098,0.00058,0.0006,0.00087
602.53,0.00196,0.00154,0.00098,0.00056,0.00064,0.00087
602.88,0.00192,0.00153,0.00093,0.00055,0.00061,0.00088
603.23,0.00187,0.00147,0.0009,0.00054,0.0006,0.00086
603.58,0.00181,0.00143,0.00089,0.00053,0.0006,0.00086
603.93,0.00177,0.00141,0.0009,0.00053,0.00059,0.00086
604.28,0.00172,0.0014,0.00087,0.00052,0.00058,0.00089
604.63,0.00169,0.00131,0.00083,0.00049,0.00055,0.00086
604.97,0.00161,0.00124,0.00077,0.00046,0.00051,0.00086
605.32,0.0016,0.00121,0.00081,0.00047,0.00055,0.00088
605.67,0.00158,0.00121,0.0008,0.00049,0.00054,0.00091
606.02,0.00155,0.00117,0.00075,0.0005,0.00054,0.00091
606.37,0.00153,0.00113,0.00069,0.0005,0.00056,0.00093
606.72,0.00149,0.00111,0.00065,0.00049,0.00058,0.00091
607.07,0.00143,0.00108,0.00063,0.00051,0.00058,0.00093
607.42,0.00139,0.00109,0.00064,0.00055,0.0006,0.00095
607.76,0.0013,0.00103,0.00054,0.00052,0.00055,0.00091
608.11,0.00125,0.00096,0.00051,0.00051,0.00054,0.00091
608.46,0.00122,0.00096,0.00051,0.00046,0.00052,0.00089
608.81,0.00114,0.0009,0.00049,0.00043,0.00049,0.00086
609.16,0.00112,0.00089,0.00052,0.00045,0.00051,0.00089
609.51,0.00109,0.00086,0.0005,0.00041,0.00051,0.00087
609.85,0.00106,0.0008,0.00048,0.0004,0.00051,0.00086
610.2,0.00105,0.00079,0.0005,0.00038,0.00053,0.00088
610.55,0.00104,0.0008,0.0005,0.00038,0.00053,0.00086
610.9,0.00101,0.00077,0.00049,0.00039,0.00053,0.00086
611.25,0.00105,0.00077,0.0005,0.00042,0.00053,0.0009
611.59,0.00105,0.00073,0.00049,0.00041,0.00052,0.00091
611.94,0.00104,0.00072,0.0005,0.00044,0.00054,0.00092
612.29,0.00104,0.00074,0.00051,0.00046,0.00054,0.00093
612.64,0.00101,0.00072,0.0005,0.00043,0.00055,0.00092
612.99,0.00098,0.00066,0.0005,0.0004,0.00058,0.00093
613.33,0.00096,0.00063,0.00045,0.00037,0.00055,0.0009
613.68,0.00093,0.00063,0.00044,0.00035,0.00056,0.00087
614.03,0.00086,0.00057,0.00038,0.00032,0.0005,0.00082
614.38,0.00081,0.00053,0.00035,0.00027,0.0005,0.0008
614.72,0.00075,0.00049,0.00031,0.00023,0.00047,0.00078
615.07,0.00074,0.00048,0.00028,0.00026,0.00046,0.00076
615.42,0.00072,0.00048,0.00028,0.0003,0.00045,0.00077
615.77,0.0007,0.00048,0.00034,0.00036,0.0005,0.00082
616.11,0.00069,0.00047,0.00034,0.00037,0.00052,0.00087
616.46,0.0007,0.00048,0.00038,0.00038,0.00055,0.00091
616.81,0.00074,0.00052,0.00042,0.00041,0.00057,0.00095
617.16,0.00076,0.00053,0.00048,0.00046,0.00061,0.00098
617.5,0.00073,0.00049,0.00049,0.00043,0.00059,0.00099
617.85,0.00071,0.00051,0.00049,0.00041,0.00059,0.00101
618.2,0.00071,0.00049,0.00046,0.00041,0.00056,0.00099
618.54,0.00067,0.00044,0.00041,0.00037,0.00052,0.00092
618.89,0.00068,0.00045,0.00043,0.00036,0.00055,0.00092
619.24,0.00063,0.00044,0.00044,0.00038,0.00053,0.00089
619.59,0.00061,0.00044,0.0004,0.00037,0.00054,0.0009
619.93,0.00064,0.00045,0.00041,0.00039,0.00059,0.00091
620.28,0.00061,0.00044,0.00043,0.00039,0.0006,0.0009
620.63,0.00061,0.00046,0.00043,0.00037,0.00059,0.00089
620.97,0.00063,0.00048,0.00046,0.00041,0.00059,0.00092
621.32,0.0006,0.00047,0.00047,0.0004,0.00057,0.00092
621.67,0.00057,0.0004,0.00042,0.00037,0.00055,0.00091
622.01,0.00055,0.00036,0.0004,0.00032,0.00051,0.00089
622.36,0.00053,0.00035,0.00036,0.0003,0.00046,0.00089
622.71,0.00053,0.00033,0.00033,0.0003,0.00044,0.00087
623.05,0.00053,0.00034,0.00033,0.00031,0.00047,0.00088
623.4,0.00053,0.00033,0.00033,0.00029,0.0005,0.00088
623.75,0.00055,0.00032,0.00031,0.00028,0.00047,0.00087
624.09,0.0006,0.00037,0.00035,0.0003,0.00051,0.00091
624.44,0.0006,0.00038,0.00035,0.00031,0.00053,0.00089
624.79,0.00058,0.00039,0.00036,0.00033,0.00052,0.00083
625.13,0.00059,0.00038,0.00036,0.00031,0.00051,0.00082
625.48,0.0006,0.00036,0.00036,0.00028,0.00047,0.0008
625.82,0.00059,0.00035,0.0003,0.00027,0.00044,0.0008
626.17,0.00058,0.00034,0.00031,0.00031,0.00048,0.00083
626.52,0.00053,0.00027,0.00029,0.00025,0.00044,0.00078
626.86,0.00055,0.00029,0.0003,0.00026,0.00048,0.00079
627.21,0.00056,0.00027,0.00033,0.00023,0.00052,0.00084
627.55,0.00057,0.00028,0.00033,0.00025,0.00054,0.00087
627.9,0.00055,0.00027,0.0003,0.00027,0.00053,0.00083
628.25,0.00057,0.0003,0.00033,0.00029,0.00056,0.00081
628.59,0.00057,0.00033,0.00032,0.00026,0.00055,0.00078
628.94,0.00057,0.00035,0.00029,0.00025,0.00056,0.0008
629.28,0.00056,0.00034,0.00026,0.00025,0.00049,0.00078
629.63,0.00055,0.00031,0.00021,0.00022,0.00045,0.00076
629.98,0.00049,0.00029,0.00018,0.00018,0.00043,0.00075
630.32,0.00049,0.00028,0.00022,0.00016,0.00044,0.00078
630.67,0.00046,0.00027,0.00023,0.00018,0.00043,0.0008
631.01,0.00046,0.00024,0.0002,0.00016,0.00042,0.00078
631.36,0.00047,0.00026,0.00024,0.00019,0.00041,0.00081
631.7,0.00046,0.00023,0.00025,0.00018,0.00041,0.00082
632.05,0.00048,0.00026,0.00028,0.00025,0.00043,0.00083
632.39,0.00052,0.00028,0.00028,0.00025,0.00042,0.00081
632.74,0.00052,0.00029,0.00026,0.00027,0.00043,0.00081
633.09,0.0005,0.00026,0.00021,0.00024,0.00041,0.0008
633.43,0.00051,0.0003,0.00025,0.00024,0.00042,0.00082
633.78,0.00051,0.0003,0.00023,0.00024,0.00041,0.0008
634.12,0.00054,0.00031,0.00025,0.00024,0.00042,0.00079
634.47,0.00051,0.00031,0.00024,0.00022,0.00041,0.00077
634.81,0.00051,0.00032,0.00027,0.00021,0.00042,0.00077
635.16,0.00049,0.00029,0.00028,0.00017,0.00041,0.00079
635.5,0.00048,0.0003,0.0003,0.00018,0.00042,0.00079
635.85,0.00048,0.00027,0.00028,0.00019,0.00043,0.00079
636.19,0.00046,0.00027,0.0003,0.00019,0.00045,0.00079
636.54,0.00046,0.00028,0.00029,0.00022,0.00048,0.00083
636.88,0.00047,0.00031,0.00027,0.00021,0.0005,0.00086
637.23,0.00046,0.00029,0.00028,0.00024,0.0005,0.00083
637.57,0.00048,0.00029,0.00027,0.00025,0.0005,0.0008
637.92,0.00048,0.0003,0.00026,0.00026,0.00047,0.00077
638.26,0.00045,0.00031,0.00028,0.00025,0.00044,0.00074
638.6,0.00041,0.00029,0.00023,0.00022,0.00041,0.00072
638.95,0.00039,0.00031,0.00023,0.00023,0.00039,0.00071
639.29,0.00039,0.00029,0.00025,0.00023,0.00039,0.00071
639.64,0.00041,0.00035,0.00028,0.00024,0.00041,0.00077
639.98,0.00038,0.00035,0.00027,0.00024,0.0004,0.00078
640.33,0.00044,0.00035,0.00032,0.00026,0.00046,0.00081
640.67,0.00044,0.00036,0.00029,0.00025,0.00045,0.00085
641.02,0.00044,0.00034,0.00029,0.00027,0.00044,0.00087
641.36,0.00044,0.0003,0.00028,0.00023,0.00041,0.00085
641.7,0.00044,0.00028,0.00027,0.00025,0.00042,0.00083
642.05,0.00039,0.00022,0.00019,0.0002,0.00035,0.00077
642.39,0.00039,0.00022,0.0002,0.00019,0.00033,0.00076
642.74,0.00033,0.00022,0.00015,0.00016,0.0003,0.00076
643.08,0.00036,0.00022,0.00018,0.00021,0.00032,0.00077
643.43,0.00041,0.00026,0.00025,0.00022,0.00039,0.0008
643.77,0.0004,0.00025,0.00023,0.00021,0.0004,0.00078
644.11,0.00038,0.00025,0.00022,0.00018,0.00037,0.00078
644.46,0.0004,0.0003,0.00023,0.00022,0.00045,0.00085
644.8,0.00041,0.00027,0.00023,0.00022,0.00049,0.00085
645.14,0.00041,0.00024,0.00023,0.00025,0.00051,0.00085
645.49,0.00036,0.00021,0.00019,0.00019,0.00048,0.00083
645.83,0.00031,0.00021,0.00016,0.00017,0.00044,0.00078
646.18,0.0003,0.00021,0.00018,0.00018,0.00043,0.00075
646.52,0.00033,0.0002,0.00017,0.00019,0.00043,0.00077
646.86,0.00031,0.00016,0.00017,0.00017,0.00038,0.00071
647.21,0.00034,0.00021,0.0002,0.00021,0.0004,0.00075
647.55,0.00035,0.00023,0.00021,0.00019,0.00038,0.00072
647.89,0.00039,0.00024,0.00022,0.00019,0.00041,0.00073
648.24,0.00044,0.00024,0.00023,0.00022,0.00044,0.00078
648.58,0.00047,0.00026,0.00023,0.00022,0.00047,0.00083
648.92,0.00051,0.00031,0.00027,0.00026,0.00053,0.00086
649.27,0.0005,0.00032,0.00026,0.00027,0.00054,0.00089
649.61,0.0005,0.00032,0.00028,0.00027,0.00053,0.00088
649.95,0.00049,0.00033,0.0003,0.00027,0.00055,0.00092
650.3,0.00048,0.00034,0.0003,0.00032,0.00054,0.00091
650.64,0.00046,0.00033,0.00029,0.00029,0.0005,0.00085
650.98,0.00044,0.00031,0.0003,0.00028,0.00048,0.00083
651.33,0.00042,0.00026,0.00029,0.00025,0.00045,0.00078
651.67,0.00043,0.00025,0.00029,0.00021,0.00046,0.00077
652.01,0.0004,0.00021,0.00024,0.00017,0.0005,0.00074
652.36,0.0004,0.00019,0.00023,0.00018,0.00048,0.00075
652.7,0.0004,0.00017,0.00021,0.00013,0.00047,0.00076
653.04,0.00038,0.00013,0.00017,0.0001,0.00044,0.00074
653.38,0.00038,0.00014,0.00016,0.00011,0.00047,0.00076
653.73,0.00036,0.00014,0.00016,0.00011,0.00046,0.0008
654.07,0.00037,0.00013,0.00017,0.00012,0.00042,0.00083
654.41,0.00036,0.00015,0.00016,0.00015,0.00036,0.00087
654.75,0.00034,0.00014,0.00016,0.00015,0.00037,0.00084
655.1,0.00033,0.00015,0.0002,0.00017,0.00038,0.00084
655.44,0.00034,0.00019,0.00023,0.00019,0.00042,0.00089
655.78,0.00035,0.00017,0.00018,0.00018,0.00041,0.0009
656.12,0.00037,0.00018,0.00016,0.00018,0.00041,0.0009
656.47,0.00036,0.00019,0.00019,0.00018,0.00044,0.00089
656.81,0.00035,0.00021,0.00022,0.00017,0.00046,0.00088
657.15,0.00036,0.00021,0.00023,0.00018,0.00048,0.0009
657.49,0.00035,0.00019,0.00019,0.00014,0.00047,0.00091
657.84,0.00037,0.00022,0.00021,0.00016,0.00051,0.00092
658.18,0.00037,0.00023,0.00023,0.00014,0.00049,0.00092
658.52,0.00031,0.00019,0.00019,0.00013,0.00045,0.00089
658.86,0.00031,0.00022,0.00018,0.00013,0.00047,0.00089
659.2,0.00033,0.00021,0.00016,0.00013,0.00046,0.00092
659.55,0.00037,0.00023,0.00016,0.00012,0.00048,0.00095
659.89,0.00039,0.00024,0.00017,0.00014,0.0005,0.00097
660.23,0.00037,0.00021,0.00017,0.00013,0.00048,0.00097
660.57,0.00039,0.00019,0.00018,0.00016,0.00047,0.00101
660.91,0.00042,0.00022,0.00022,0.00017,0.00049,0.00102
661.26,0.00043,0.00018,0.0002,0.00018,0.00048,0.00103
661.6,0.00047,0.00021,0.00021,0.00018,0.0005,0.00103
661.94,0.0004,0.00016,0.00019,0.00016,0.00046,0.00099
662.28,0.0004,0.00016,0.0002,0.00015,0.00048,0.00101
662.62,0.00041,0.00017,0.00019,0.00016,0.00046,0.00104
662.96,0.00036,0.00019,0.00018,0.00017,0.00048,0.00101
663.31,0.00032,0.00014,0.00015,0.00015,0.00046,0.00098
663.65,0.0003,0.00014,0.00014,0.00013,0.00046,0.00099
663.99,0.00032,0.00014,0.00016,0.00016,0.00047,0.001
664.33,0.00035,0.00017,0.00017,0.00019,0.00048,0.00102
664.67,0.0003,0.00015,0.00015,0.00018,0.00044,0.00102
665.01,0.00028,0.00016,0.00013,0.00018,0.00044,0.00101
665.35,0.0003,0.00014,0.00012,0.00016,0.00044,0.00101
665.69,0.0003,0.00015,0.00012,0.00014,0.00044,0.0011
666.04,0.00029,0.00015,0.00012,0.00014,0.00045,0.00112
666.38,0.00027,0.00012,0.00011,0.00016,0.00046,0.00116
666.72,0.00025,0.0001,0.0001,0.00013,0.00044,0.00117
667.06,0.00028,0.0001,0.00012,0.00015,0.00046,0.00118
667.4,0.00026,5.00E-05,0.00011,0.00014,0.00046,0.00117
667.74,0.00023,5.00E-05,0.00012,0.00013,0.00048,0.00119
668.08,0.00025,7.00E-05,0.00018,0.00019,0.00052,0.0012
668.42,0.00026,7.00E-05,0.00016,0.00018,0.00053,0.00121
668.76,0.00023,9.00E-05,0.00015,0.00015,0.00054,0.00123
669.1,0.00023,6.00E-05,0.00015,0.00016,0.00055,0.00121
669.44,0.00022,8.00E-05,0.0001,0.00015,0.00057,0.00122
669.79,0.00025,0.00012,0.00011,0.00016,0.00057,0.00124
670.13,0.00026,0.00012,0.0001,0.00017,0.00055,0.00124
670.47,0.00026,0.00012,5.00E-05,0.00017,0.00056,0.00124
670.81,0.00029,0.00014,9.00E-05,0.00018,0.00056,0.00123
671.15,0.00029,0.00011,5.00E-05,0.00014,0.00051,0.00117
671.49,0.00031,0.00015,0.0001,0.00012,0.00053,0.00121
671.83,0.00035,0.00014,0.00015,0.00015,0.00056,0.00122
672.17,0.00031,7.00E-05,0.00011,0.00011,0.00053,0.00117
672.51,0.00035,9.00E-05,0.00013,0.00012,0.00057,0.0012
672.85,0.00036,0.00013,0.00016,0.00012,0.00058,0.0012
673.19,0.00036,0.00015,0.00015,0.00015,0.0006,0.00123
673.53,0.00036,0.00018,0.00017,0.00022,0.00062,0.00125
673.87,0.00033,0.00015,0.00011,0.00022,0.0006,0.0012
674.21,0.0003,0.00012,8.00E-05,0.00019,0.00058,0.00119
674.55,0.00033,0.00017,0.00014,0.00022,0.00064,0.00121
674.89,0.00031,0.00016,0.00015,0.00022,0.00065,0.00122
675.23,0.00027,0.00014,0.00012,0.00019,0.00064,0.0012
675.57,0.00025,0.0001,7.00E-05,0.00014,0.00061,0.00117
675.91,0.00025,7.00E-05,5.00E-05,0.0001,0.00059,0.00115
676.25,0.00025,9.00E-05,0.0001,0.00012,0.0006,0.00119
676.59,0.00026,9.00E-05,0.00011,0.00012,0.00059,0.00121
676.93,0.00027,0.0001,0.00011,0.00015,0.0006,0.00125
677.27,0.00026,0.00013,0.0001,0.00016,0.0006,0.00126
677.61,0.0003,0.00011,0.00012,0.00017,0.00062,0.00129
677.95,0.0003,0.00011,0.00016,0.0002,0.00069,0.00134
678.29,0.0003,0.0001,0.00018,0.00022,0.00072,0.00138
678.63,0.00034,0.00011,0.0002,0.00025,0.00077,0.00143
678.97,0.00031,0.00014,0.00021,0.00024,0.00081,0.00148
679.31,0.00033,0.00014,0.00022,0.00021,0.00082,0.00149
679.65,0.00027,8.00E-05,0.00019,0.00018,0.00078,0.00147
679.98,0.00024,8.00E-05,0.00018,0.00019,0.00077,0.0015
680.32,0.00022,9.00E-05,0.00017,0.00016,0.00074,0.0015
680.66,0.00019,8.00E-05,0.00013,0.00013,0.00074,0.00152
681,0.00018,6.00E-05,9.00E-05,8.00E-05,0.00072,0.00155
681.34,0.00022,9.00E-05,0.00011,0.00015,0.00072,0.00159
681.68,0.00024,9.00E-05,9.00E-05,0.00016,0.00071,0.00164
682.02,0.00032,0.00011,0.00012,0.00021,0.00077,0.00174
682.36,0.00033,0.00013,0.00016,0.00021,0.00079,0.00179
682.7,0.00036,0.00013,0.00019,0.00023,0.00083,0.00183
683.04,0.00036,0.00013,0.00023,0.00027,0.00083,0.00182
683.38,0.00034,0.00011,0.00025,0.00029,0.00081,0.00181
683.71,0.00032,8.00E-05,0.00021,0.00025,0.00081,0.00181
684.05,0.00029,7.00E-05,0.00018,0.00023,0.00081,0.00181
684.39,0.00026,5.00E-05,0.00016,0.0002,0.00078,0.00178
684.73,0.00026,1.00E-05,0.00014,0.00023,0.00081,0.00175
685.07,0.00028,2.00E-05,0.00013,0.00024,0.0008,0.00177
685.41,0.00028,4.00E-05,0.00013,0.0002,0.00082,0.00181
685.75,0.00027,5.00E-05,0.00014,0.00022,0.00085,0.0018
686.09,0.0003,6.00E-05,0.00019,0.00026,0.00088,0.0018
686.42,0.00031,0.00011,0.00022,0.00025,0.00093,0.00185
686.76,0.00038,0.00019,0.00026,0.0003,0.00101,0.00194
687.1,0.00039,0.00021,0.00028,0.00035,0.00106,0.002
687.44,0.00037,0.00019,0.00027,0.00034,0.0011,0.002
687.78,0.00039,0.00021,0.00027,0.00037,0.00115,0.00201
688.12,0.00037,0.00021,0.00024,0.00037,0.00118,0.00207
688.45,0.00034,0.00017,0.00017,0.00034,0.00122,0.00207
688.79,0.00036,0.00014,0.00017,0.00036,0.00126,0.00208
689.13,0.00032,0.00011,0.00018,0.00034,0.00128,0.00206
689.47,0.0003,7.00E-05,0.00014,0.00029,0.00127,0.00205
689.81,0.00028,8.00E-05,0.00013,0.00031,0.00129,0.00209
690.14,0.00026,5.00E-05,0.00011,0.00032,0.00124,0.00207
690.48,0.0003,4.00E-05,0.00016,0.00034,0.00129,0.0021
690.82,0.00028,6.00E-05,0.00017,0.00035,0.00125,0.00214
691.16,0.00026,7.00E-05,0.00019,0.00036,0.00125,0.00216
691.5,0.00027,8.00E-05,0.00019,0.00038,0.00126,0.00218
691.83,0.00027,0.00012,0.00021,0.00041,0.00129,0.00222
692.17,0.00026,0.00014,0.00023,0.00043,0.0013,0.00226
692.51,0.00028,0.00016,0.00021,0.0004,0.00133,0.00237
692.85,0.0003,0.00019,0.0002,0.0004,0.00135,0.00242
693.18,0.00035,0.00023,0.00023,0.00042,0.00138,0.00247
693.52,0.0003,0.00017,0.0002,0.00044,0.00138,0.00251
693.86,0.00027,0.00016,0.00017,0.00044,0.00134,0.00258
694.2,0.00025,0.00012,0.00013,0.00041,0.0013,0.00258
694.53,0.00027,0.00012,0.00013,0.00039,0.00131,0.00261
694.87,0.00032,0.00015,0.00021,0.00046,0.0014,0.00266
695.21,0.00031,0.00014,0.00015,0.00049,0.00139,0.00267
695.55,0.00025,0.00013,0.00015,0.00048,0.00141,0.00271
695.88,0.00031,0.00014,0.00017,0.00045,0.00144,0.00271
696.22,0.00034,0.00012,0.00017,0.00046,0.00147,0.00273
696.56,0.00036,0.00012,0.00021,0.00051,0.00151,0.00283
696.9,0.00034,7.00E-05,0.0002,0.00049,0.00151,0.00285
697.23,0.00032,7.00E-05,0.00017,0.00048,0.00154,0.00287
697.57,0.00036,0.00011,0.00024,0.00047,0.00157,0.00293
697.91,0.00042,0.00014,0.00026,0.0005,0.00164,0.00302
698.24,0.00042,0.00019,0.00026,0.00053,0.00169,0.00313
698.58,0.00036,0.00021,0.00025,0.00052,0.00171,0.00315
698.92,0.00035,0.00021,0.00025,0.00049,0.00171,0.00316
699.25,0.00039,0.00027,0.00027,0.00054,0.00176,0.00323
699.59,0.00039,0.00027,0.00027,0.0005,0.00174,0.00329
699.93,0.00037,0.00027,0.00024,0.00053,0.00175,0.00332
700.26,0.00031,0.00019,0.0002,0.0005,0.00173,0.00332
700.6,0.00033,0.00018,0.00022,0.0005,0.00174,0.0033
700.94,0.00037,0.00017,0.00024,0.00056,0.00176,0.00339
701.27,0.00039,0.00016,0.00024,0.00052,0.0018,0.00344
701.61,0.00044,0.00019,0.00031,0.00061,0.0019,0.00351
701.95,0.00038,0.00012,0.00027,0.0006,0.00192,0.00352
702.28,0.00038,0.00014,0.0003,0.0006,0.00198,0.00355
702.62,0.00038,0.00019,0.00034,0.00061,0.00204,0.00362
702.96,0.00037,0.00021,0.00034,0.00066,0.00208,0.00371
703.29,0.00039,0.00028,0.00036,0.0006,0.00216,0.00373
703.63,0.00036,0.0003,0.00036,0.00064,0.00219,0.00373
703.96,0.00029,0.00026,0.00032,0.00061,0.00215,0.00376
704.3,0.00034,0.00028,0.00037,0.00071,0.00216,0.00384
704.64,0.00031,0.00028,0.00039,0.00071,0.00218,0.00394
704.97,0.00032,0.00028,0.00039,0.00071,0.00218,0.00399
705.31,0.00032,0.00027,0.00037,0.0007,0.0022,0.00402
705.64,0.00026,0.00024,0.00036,0.00074,0.00221,0.00403
705.98,0.00033,0.00025,0.00036,0.00079,0.00225,0.00415
706.32,0.00037,0.00029,0.00034,0.00074,0.0023,0.00421
706.65,0.00037,0.0003,0.00035,0.00072,0.00238,0.00426
706.99,0.00039,0.0003,0.00034,0.00075,0.00239,0.00429
707.32,0.00038,0.0003,0.00032,0.00075,0.00244,0.00432
707.66,0.00038,0.0003,0.0003,0.00073,0.00245,0.00435
707.99,0.00042,0.00031,0.00032,0.00081,0.00252,0.00445
708.33,0.00042,0.00037,0.00033,0.00082,0.00257,0.00452
708.67,0.00039,0.00035,0.00031,0.00082,0.00258,0.00452
709,0.00038,0.00036,0.00035,0.00084,0.00257,0.0046
709.34,0.00037,0.00033,0.00041,0.00085,0.00261,0.00462
709.67,0.00044,0.00035,0.00042,0.00093,0.00265,0.00469
710.01,0.00042,0.00031,0.00038,0.00093,0.00267,0.00474
710.34,0.00039,0.00027,0.00032,0.00088,0.0026,0.00475
710.68,0.00037,0.00021,0.00033,0.00091,0.00262,0.00478
711.01,0.00039,0.00023,0.00036,0.00095,0.00268,0.00488
711.35,0.00043,0.00028,0.00037,0.001,0.00275,0.00493
711.68,0.00046,0.00033,0.00034,0.00099,0.00277,0.00502
712.02,0.00039,0.00032,0.00036,0.00099,0.00278,0.00505
712.35,0.00039,0.00034,0.00044,0.00102,0.00286,0.00509
712.69,0.00041,0.00039,0.00047,0.00101,0.00295,0.00521
713.02,0.0004,0.00041,0.00044,0.00099,0.00299,0.0053
713.36,0.00042,0.00041,0.00048,0.00102,0.00305,0.0054
713.69,0.0004,0.0004,0.00043,0.00096,0.00307,0.00543
714.03,0.00039,0.00036,0.00043,0.00098,0.00312,0.00552
714.36,0.0004,0.00033,0.00037,0.00093,0.00316,0.00556
714.7,0.00037,0.00034,0.00039,0.00091,0.00312,0.00561
715.03,0.00038,0.00031,0.00041,0.00097,0.00317,0.00565
715.37,0.00039,0.00032,0.00042,0.001,0.0032,0.00571
715.7,0.00034,0.0003,0.00036,0.00101,0.0032,0.00574
716.04,0.00032,0.00029,0.00035,0.00106,0.00321,0.00582
716.37,0.0003,0.00029,0.00031,0.00105,0.00324,0.00585
716.7,0.00026,0.0003,0.00036,0.00109,0.00326,0.00591
717.04,0.00034,0.00035,0.00037,0.00117,0.00338,0.00602
717.37,0.00033,0.00036,0.00037,0.00117,0.00338,0.00611
717.71,0.00033,0.00039,0.00044,0.00118,0.00343,0.00619
718.04,0.00035,0.00043,0.00048,0.00118,0.00345,0.00624
718.38,0.00034,0.00046,0.00051,0.00121,0.00352,0.0063
718.71,0.00039,0.00048,0.00059,0.00129,0.00358,0.00641
719.04,0.00046,0.00054,0.0006,0.00135,0.00364,0.00655
719.38,0.00042,0.00049,0.00054,0.00135,0.00367,0.00659
719.71,0.00045,0.00054,0.00055,0.00138,0.00374,0.00667
720.05,0.00046,0.00053,0.00055,0.00137,0.00378,0.00671
720.38,0.00047,0.00054,0.00058,0.00142,0.00386,0.00678
720.71,0.00051,0.00048,0.00059,0.00139,0.0039,0.00686
721.05,0.00044,0.00044,0.00058,0.00138,0.00393,0.0069
721.38,0.00046,0.00042,0.00057,0.00137,0.00398,0.00695
721.72,0.00048,0.00042,0.00062,0.00137,0.00402,0.00702
722.05,0.00052,0.0004,0.00063,0.00135,0.00411,0.00708
722.38,0.0005,0.00038,0.00062,0.00139,0.00416,0.00716
722.72,0.0005,0.00035,0.00054,0.00137,0.00417,0.00721
723.05,0.00051,0.00039,0.00049,0.00138,0.0042,0.00726
723.38,0.00058,0.00047,0.00045,0.0014,0.00423,0.00733
723.72,0.00052,0.00046,0.00047,0.0014,0.00429,0.00741
724.05,0.0006,0.0005,0.00053,0.00146,0.00437,0.00748
724.38,0.00056,0.00046,0.00056,0.00148,0.00435,0.00749
724.72,0.00061,0.00051,0.00061,0.00153,0.0044,0.00759
725.05,0.00059,0.00049,0.00065,0.00154,0.00441,0.00762
725.38,0.00056,0.00053,0.00071,0.00157,0.00446,0.00771
725.72,0.00053,0.00047,0.00076,0.00156,0.00446,0.00778
726.05,0.0005,0.00048,0.00075,0.00151,0.00445,0.00776
726.38,0.00041,0.0005,0.00077,0.00151,0.00446,0.00782
726.72,0.00042,0.00055,0.00074,0.00153,0.00447,0.00791
727.05,0.00041,0.00052,0.00072,0.00155,0.00453,0.00799
727.38,0.0004,0.00062,0.00071,0.0016,0.00458,0.00809
727.71,0.0004,0.00059,0.00067,0.00162,0.00456,0.00811
728.05,0.00036,0.00059,0.00063,0.00163,0.00458,0.00815
728.38,0.00042,0.00065,0.00065,0.00172,0.00467,0.00829
728.71,0.00045,0.00065,0.00061,0.00176,0.00471,0.00837
729.05,0.00042,0.00068,0.00066,0.00175,0.00479,0.00846
729.38,0.00036,0.00071,0.00065,0.00172,0.00482,0.00851
729.71,0.0004,0.00067,0.0007,0.00172,0.00489,0.00854
730.04,0.00043,0.0006,0.00071,0.00172,0.00497,0.0086
730.38,0.00049,0.00066,0.00075,0.00176,0.00509,0.00871
730.71,0.00051,0.0007,0.00079,0.0018,0.0052,0.00883
731.04,0.00051,0.00064,0.00078,0.00175,0.00523,0.00887
731.37,0.00056,0.00067,0.00074,0.00181,0.00528,0.00891
731.71,0.00064,0.00065,0.00077,0.00186,0.0053,0.00895
732.04,0.00066,0.00063,0.00077,0.00189,0.00527,0.0091
732.37,0.00067,0.00075,0.00083,0.00197,0.00531,0.00923
732.7,0.00067,0.00078,0.00087,0.00201,0.00534,0.00929
733.04,0.00068,0.00073,0.00084,0.00203,0.00527,0.0093
733.37,0.00066,0.00082,0.00087,0.00213,0.00531,0.00945
733.7,0.00058,0.0008,0.00087,0.00207,0.00532,0.00951
734.03,0.00051,0.0008,0.00086,0.00208,0.00534,0.00957
734.36,0.00049,0.00079,0.00086,0.0021,0.00549,0.00959
734.7,0.00045,0.00076,0.00081,0.00205,0.00548,0.00956
735.03,0.00045,0.0007,0.00081,0.00201,0.00552,0.00951
735.36,0.00045,0.0007,0.00082,0.002,0.00558,0.0096
735.69,0.00052,0.00067,0.00085,0.002,0.00564,0.00964
736.02,0.00054,0.00067,0.00088,0.00204,0.00569,0.00972
736.35,0.00056,0.00072,0.0009,0.00208,0.0058,0.00979
736.69,0.00057,0.00076,0.00092,0.00205,0.00582,0.00983
737.02,0.00059,0.00077,0.00095,0.00205,0.00594,0.00995
737.35,0.00055,0.0008,0.00094,0.00207,0.00598,0.01003
737.68,0.00054,0.00086,0.00098,0.00215,0.00607,0.01006
738.01,0.00052,0.00089,0.00097,0.00219,0.00614,0.01014
738.34,0.00061,0.00094,0.00097,0.00224,0.00627,0.01024
738.68,0.00061,0.00089,0.00095,0.00222,0.00622,0.01027
739.01,0.0006,0.00088,0.00091,0.00229,0.00618,0.01028
739.34,0.00064,0.0009,0.00091,0.00236,0.0062,0.01033
739.67,0.00066,0.00084,0.00084,0.0024,0.00612,0.01043
740,0.00065,0.00076,0.0008,0.00232,0.00607,0.01046
740.33,0.00061,0.00073,0.00081,0.00235,0.0061,0.01049
740.66,0.00053,0.0007,0.00079,0.00233,0.00603,0.01046
740.99,0.00058,0.00072,0.00083,0.00233,0.00609,0.01047
741.32,0.00057,0.00073,0.00085,0.00233,0.00612,0.01057
741.66,0.00061,0.0008,0.00088,0.00234,0.00614,0.01069
741.99,0.00067,0.00087,0.00097,0.00239,0.00622,0.01075
742.32,0.00067,0.00085,0.00095,0.00244,0.0063,0.01083
742.65,0.00069,0.00087,0.00094,0.00246,0.00632,0.0109
742.98,0.00069,0.00089,0.00096,0.00249,0.00638,0.01095
743.31,0.00064,0.00088,0.0009,0.00252,0.00637,0.01102
743.64,0.00074,0.00096,0.00096,0.00262,0.00651,0.01118
743.97,0.00065,0.00086,0.00093,0.00258,0.00656,0.0112
744.3,0.00066,0.00089,0.00094,0.00249,0.00664,0.01127
744.63,0.00066,0.0009,0.001,0.00251,0.00665,0.01133
744.96,0.0007,0.00096,0.00103,0.00256,0.00668,0.01139
745.29,0.00069,0.00092,0.00103,0.00253,0.00668,0.01149
745.62,0.00068,0.0009,0.00106,0.00247,0.00669,0.01157
745.95,0.00064,0.00086,0.00101,0.00243,0.00668,0.01151
746.28,0.00068,0.0009,0.00108,0.00255,0.00672,0.01159
746.61,0.00066,0.00093,0.00107,0.00257,0.0068,0.01167
746.94,0.00071,0.00098,0.00109,0.00259,0.00691,0.01172
747.28,0.00062,0.00094,0.00104,0.00258,0.00694,0.01167
747.61,0.00068,0.00102,0.00106,0.00267,0.007,0.01174
747.94,0.00073,0.00109,0.00116,0.00274,0.0071,0.01184
748.27,0.00066,0.0011,0.00114,0.00272,0.00716,0.01188
748.6,0.00061,0.00115,0.00112,0.00269,0.00719,0.01188
748.93,0.00065,0.00116,0.00107,0.00275,0.00713,0.01189
749.26,0.00058,0.00119,0.00102,0.00279,0.00712,0.01191
749.58,0.00058,0.00118,0.00103,0.00274,0.00713,0.012
749.91,0.00058,0.00114,0.00103,0.00277,0.00714,0.01202
750.24,0.00061,0.00114,0.00094,0.00281,0.00717,0.01204
750.57,0.00063,0.00115,0.00103,0.00286,0.00715,0.01205
750.9,0.00067,0.00111,0.00099,0.00291,0.00718,0.01215
751.23,0.00065,0.00108,0.00102,0.00292,0.00725,0.01223
751.56,0.00071,0.00108,0.00105,0.00294,0.00731,0.01232
751.89,0.00078,0.00106,0.00102,0.00303,0.00734,0.01238
752.22,0.00073,0.00103,0.001,0.00297,0.00734,0.01233
752.55,0.00072,0.00102,0.00101,0.00296,0.00732,0.01234
752.88,0.00077,0.00104,0.001,0.00298,0.0074,0.01251
753.21,0.00081,0.00104,0.00105,0.00298,0.0075,0.01252
753.54,0.00079,0.00107,0.00112,0.00296,0.00753,0.0125
753.87,0.00074,0.00098,0.0011,0.0029,0.00747,0.01247
754.2,0.00071,0.001,0.00118,0.00287,0.00756,0.01257
754.53,0.00084,0.00109,0.00129,0.00299,0.00765,0.01271
754.86,0.0008,0.00104,0.0013,0.00303,0.00773,0.01272
755.19,0.0008,0.001,0.00126,0.00304,0.0077,0.01277
755.51,0.00081,0.00098,0.00124,0.00305,0.00763,0.01282
755.84,0.00084,0.00091,0.00121,0.00314,0.00765,0.01288
756.17,0.00089,0.00104,0.00128,0.00318,0.00774,0.01301
756.5,0.00085,0.00104,0.00129,0.00322,0.00771,0.01299
756.83,0.00078,0.001,0.00123,0.00311,0.0077,0.01305
757.16,0.00082,0.00101,0.00126,0.00312,0.00777,0.01323
757.49,0.00085,0.00103,0.00129,0.0031,0.0078,0.01324
757.82,0.00082,0.00105,0.0013,0.00309,0.00781,0.01327
758.14,0.00075,0.00112,0.00128,0.00303,0.00785,0.0133
758.47,0.00077,0.00113,0.00133,0.0031,0.00787,0.01342
758.8,0.0008,0.00107,0.00128,0.00305,0.00786,0.01341
759.13,0.00082,0.00112,0.00129,0.00313,0.00796,0.01346
759.46,0.00082,0.00122,0.00129,0.00315,0.00793,0.01345
759.79,0.00081,0.00122,0.00136,0.00317,0.00802,0.0135
760.12,0.00073,0.00114,0.00136,0.00308,0.00801,0.01358
760.44,0.00078,0.00114,0.00138,0.00314,0.00795,0.01367
760.77,0.00087,0.00115,0.00139,0.00317,0.00805,0.01373
761.1,0.0009,0.00121,0.00138,0.00317,0.00807,0.01386
761.43,0.00087,0.00118,0.00137,0.00313,0.00801,0.01387
761.76,0.00085,0.00109,0.00135,0.0031,0.00801,0.01386
762.08,0.00085,0.00118,0.00131,0.00322,0.00805,0.01395
762.41,0.00095,0.00129,0.00136,0.00338,0.00821,0.01394
762.74,0.00094,0.00131,0.00135,0.00338,0.00827,0.01395
763.07,0.00082,0.0013,0.00132,0.00332,0.0083,0.01394
763.4,0.00081,0.00134,0.00137,0.0034,0.00838,0.01393
763.72,0.0008,0.00142,0.00142,0.00343,0.00849,0.01404
764.05,0.00079,0.00143,0.00139,0.00346,0.00853,0.01403
764.38,0.0007,0.00131,0.00131,0.00332,0.00846,0.01398
764.71,0.00069,0.00136,0.00131,0.00331,0.00849,0.01405
765.04,0.00066,0.00128,0.00131,0.00334,0.00848,0.01403
765.36,0.0007,0.00125,0.0013,0.00337,0.00842,0.014
765.69,0.00071,0.0013,0.00128,0.00334,0.0084,0.01409
766.02,0.00072,0.00122,0.00124,0.0033,0.00839,0.01405
766.35,0.00071,0.00124,0.00123,0.00332,0.0084,0.01413
766.67,0.00079,0.00137,0.00139,0.00341,0.00847,0.01423
767,0.00076,0.0013,0.0014,0.00341,0.00841,0.01422
767.33,0.00085,0.00139,0.00143,0.00345,0.00852,0.01434
767.65,0.00081,0.00134,0.0014,0.00346,0.00854,0.01441
767.98,0.00087,0.0013,0.00143,0.0035,0.00856,0.01439
768.31,0.00091,0.00136,0.00152,0.00359,0.00856,0.01454
768.64,0.00097,0.00143,0.00166,0.00372,0.00867,0.01466
768.96,0.00099,0.00138,0.00157,0.00377,0.00868,0.01462
769.29,0.00096,0.00141,0.00153,0.00375,0.00869,0.01466
769.62,0.00094,0.00146,0.00152,0.00372,0.00876,0.01462
769.94,0.00092,0.00151,0.00151,0.0037,0.00884,0.01468
770.27,0.00091,0.00156,0.00152,0.00367,0.00889,0.01471
770.6,0.00082,0.00148,0.00146,0.00363,0.00882,0.01459
770.92,0.0008,0.00144,0.00142,0.00361,0.00874,0.0146
771.25,0.00082,0.00142,0.00147,0.00364,0.00883,0.01469
771.58,0.0009,0.00149,0.00153,0.00368,0.00892,0.01481
771.9,0.00089,0.00137,0.00153,0.00367,0.00882,0.01482
772.23,0.00082,0.00129,0.0015,0.0036,0.00873,0.01479
772.56,0.00072,0.00124,0.00138,0.00364,0.00875,0.01484
772.88,0.00076,0.00121,0.00136,0.00364,0.00888,0.01493
773.21,0.00077,0.00125,0.00135,0.0035,0.00892,0.01499
773.54,0.00077,0.00129,0.00138,0.0035,0.00889,0.015
773.86,0.00071,0.00119,0.00137,0.00346,0.0088,0.01496
774.19,0.00072,0.00123,0.00139,0.0035,0.0088,0.01504
774.52,0.00077,0.00134,0.0014,0.00358,0.00887,0.01505
774.84,0.00083,0.00132,0.00144,0.00357,0.00891,0.01502
775.17,0.00079,0.00132,0.00145,0.00357,0.00883,0.01498
775.5,0.00076,0.00128,0.00142,0.00366,0.0088,0.01489
775.82,0.00067,0.00121,0.00128,0.00355,0.00873,0.01488
776.15,0.00072,0.00124,0.00123,0.00364,0.00882,0.01493
776.47,0.00074,0.00127,0.00121,0.00363,0.00887,0.01501
776.8,0.00074,0.00124,0.00127,0.00362,0.00893,0.01504
777.12,0.00074,0.00123,0.00124,0.00356,0.00884,0.01507
777.45,0.00076,0.00133,0.00129,0.00364,0.00896,0.01516
777.78,0.00074,0.00133,0.0013,0.00362,0.009,0.0152
778.1,0.00076,0.0014,0.00134,0.00365,0.00906,0.0152
778.43,0.00068,0.0014,0.00138,0.00355,0.00901,0.01522
778.75,0.00065,0.00132,0.00149,0.00355,0.00908,0.01522
779.08,0.00069,0.00135,0.00148,0.00358,0.00906,0.01526
779.4,0.00077,0.00141,0.00161,0.00374,0.00909,0.01535
779.73,0.00078,0.00132,0.00149,0.0037,0.00903,0.01532
780.06,0.00077,0.00128,0.00146,0.00372,0.00903,0.01544
780.38,0.00088,0.00129,0.00154,0.00373,0.00909,0.0155
780.71,0.00101,0.00139,0.00151,0.00377,0.00922,0.01549
781.03,0.00096,0.00134,0.00143,0.00374,0.00914,0.01545
781.36,0.00103,0.00129,0.00147,0.00372,0.00921,0.01548
781.68,0.00095,0.00141,0.00156,0.00369,0.00941,0.01558
782.01,0.00099,0.00144,0.0017,0.00359,0.00948,0.01568
782.33,0.00113,0.00157,0.0018,0.00363,0.00958,0.01572
782.66,0.00106,0.0015,0.00176,0.00364,0.00957,0.01565
782.98,0.00103,0.0015,0.00182,0.00365,0.0096,0.01569
783.31,0.00112,0.00166,0.00189,0.00377,0.00972,0.01579
783.63,0.00109,0.00162,0.00182,0.00379,0.0097,0.01575
783.96,0.00109,0.00151,0.00175,0.00376,0.00966,0.01564
784.28,0.00117,0.00163,0.00172,0.00393,0.00966,0.01564
784.61,0.00109,0.00152,0.00169,0.00399,0.00966,0.01558
784.93,0.00104,0.00159,0.0017,0.00405,0.00964,0.01574
785.26,0.00104,0.00151,0.00167,0.00408,0.00963,0.01577
785.58,0.00104,0.00156,0.0016,0.00403,0.00963,0.01583
785.91,0.00095,0.00155,0.00168,0.00405,0.0096,0.01592
786.23,0.00095,0.00157,0.00164,0.00401,0.00952,0.016
786.56,0.0008,0.00147,0.00157,0.00395,0.00945,0.01593
786.88,0.00082,0.00152,0.00157,0.00397,0.00946,0.01598
787.2,0.00086,0.00156,0.00155,0.00394,0.00951,0.01593
787.53,0.00083,0.00148,0.00154,0.00392,0.00949,0.01588
787.85,0.00072,0.00128,0.00145,0.00385,0.00939,0.01576
788.18,0.00068,0.00126,0.00134,0.00383,0.00942,0.01572
788.5,0.0007,0.00121,0.00126,0.00382,0.00941,0.01568
788.83,0.00074,0.00128,0.0013,0.00377,0.00953,0.01572
789.15,0.00062,0.00125,0.00124,0.00367,0.00946,0.01573
789.47,0.00055,0.00113,0.00125,0.00357,0.00941,0.01568
789.8,0.00059,0.00119,0.00131,0.00357,0.00941,0.01568
790.12,0.00061,0.00127,0.0013,0.00366,0.00947,0.01573
790.45,0.00068,0.00134,0.00143,0.0038,0.00948,0.01575
790.77,0.00066,0.0013,0.00144,0.00379,0.00949,0.01574
791.09,0.00069,0.00119,0.00147,0.00378,0.00956,0.01585
791.42,0.00073,0.00118,0.00151,0.00387,0.00961,0.01586
791.74,0.00086,0.0012,0.00158,0.00396,0.00968,0.01595
792.06,0.00082,0.00118,0.00156,0.00395,0.00963,0.01606
792.39,0.00087,0.00123,0.00172,0.004,0.00964,0.0162
792.71,0.00093,0.00127,0.00167,0.00388,0.0097,0.01627
793.04,0.00088,0.00129,0.00158,0.00396,0.00969,0.01627
793.36,0.00082,0.00131,0.00157,0.00406,0.00952,0.01619
793.68,0.00076,0.00132,0.00161,0.00392,0.00945,0.01619
794.01,0.00074,0.00142,0.00161,0.00396,0.00951,0.01629
794.33,0.00077,0.00138,0.00154,0.00393,0.00951,0.01619
794.65,0.00075,0.00127,0.00149,0.00388,0.00957,0.01612
794.98,0.00071,0.00119,0.00146,0.00383,0.00957,0.01616
795.3,0.00074,0.00122,0.00159,0.00377,0.00959,0.01628
795.62,0.00065,0.00113,0.00144,0.00368,0.0097,0.01625
795.94,0.00069,0.00114,0.00138,0.00377,0.00974,0.01622
796.27,0.00068,0.00114,0.00137,0.00373,0.00974,0.01623
796.59,0.00062,0.00105,0.00136,0.00375,0.00974,0.0163
796.91,0.00064,0.00107,0.00138,0.0037,0.00978,0.01634
797.24,0.00064,0.00116,0.00144,0.00374,0.00974,0.01638
797.56,0.0006,0.00108,0.0014,0.00374,0.00978,0.01627
797.88,0.00072,0.00126,0.0016,0.0038,0.00977,0.01646
798.21,0.00083,0.00133,0.00165,0.00385,0.00983,0.0166
798.53,0.00077,0.00128,0.00163,0.00384,0.00982,0.0165
798.85,0.00072,0.00147,0.00176,0.00388,0.0099,0.01657
799.17,0.00083,0.00161,0.00182,0.00396,0.00994,0.0167
799.5,0.0009,0.00162,0.00179,0.00399,0.01005,0.01672
799.82,0.00099,0.00177,0.0019,0.00402,0.01009,0.01676
800.14,0.00093,0.00157,0.00178,0.004,0.00997,0.01671
800.46,0.00075,0.0015,0.00167,0.00398,0.00991,0.01668
800.79,0.0008,0.00154,0.00171,0.00409,0.00998,0.01682
801.11,0.00079,0.00133,0.00162,0.00404,0.0099,0.01685
801.43,0.00067,0.00129,0.00154,0.00402,0.00978,0.01676
801.75,0.00057,0.00132,0.00161,0.00404,0.00971,0.01681
802.07,0.00057,0.00134,0.00163,0.0041,0.00975,0.01703
802.4,0.0006,0.00151,0.0017,0.00425,0.00995,0.01713
802.72,0.00075,0.00149,0.00182,0.00422,0.01004,0.01713
803.04,0.0008,0.00145,0.00173,0.00422,0.00999,0.01716
803.36,0.0009,0.00166,0.00173,0.00433,0.01008,0.01715
803.68,0.00084,0.00162,0.00165,0.0043,0.01018,0.01718
804.01,0.00087,0.00152,0.00154,0.00433,0.01025,0.01719
804.33,0.0009,0.00151,0.00153,0.0044,0.0102,0.01715
804.65,0.00093,0.00153,0.00159,0.00426,0.01025,0.01713
804.97,0.00099,0.00161,0.00162,0.00423,0.01022,0.01725
805.29,0.00095,0.00156,0.0017,0.00409,0.01012,0.01718
805.62,0.00104,0.00162,0.00176,0.0041,0.01012,0.01731
805.94,0.00113,0.00161,0.00182,0.00416,0.01014,0.01738
806.26,0.00116,0.00172,0.00194,0.00418,0.01015,0.01739
806.58,0.00116,0.0017,0.00192,0.00411,0.01028,0.01737
806.9,0.00115,0.00168,0.00184,0.00415,0.01021,0.01736
807.22,0.00116,0.0017,0.00186,0.00423,0.01028,0.01724
807.54,0.00125,0.00181,0.00183,0.00434,0.01053,0.01737
807.87,0.00111,0.00174,0.00177,0.00433,0.01043,0.01732
808.19,0.00108,0.00179,0.00184,0.00435,0.01046,0.01733
808.51,0.00106,0.00173,0.00178,0.00431,0.01044,0.01742
808.83,0.00104,0.00166,0.00168,0.0043,0.01031,0.01741
809.15,0.00106,0.0017,0.00174,0.00429,0.01039,0.01744
809.47,0.00095,0.00162,0.0017,0.00433,0.01033,0.01759
809.79,0.00076,0.00157,0.00165,0.00423,0.01016,0.0175
810.11,0.00077,0.00149,0.00169,0.00428,0.01021,0.01748
810.43,0.00069,0.00148,0.0016,0.00418,0.01008,0.0175
810.76,0.00062,0.00147,0.00155,0.00418,0.00998,0.01746
811.08,0.0007,0.00157,0.00173,0.00428,0.0101,0.01759
811.4,0.00075,0.00151,0.00181,0.00432,0.00999,0.01763
811.72,0.00071,0.00152,0.00175,0.00428,0.01001,0.01762
812.04,0.00074,0.0017,0.00194,0.00448,0.01022,0.01768
812.36,0.00086,0.00176,0.002,0.00447,0.01031,0.0178
812.68,0.00088,0.00174,0.00209,0.00457,0.01032,0.01787
813,0.00088,0.00171,0.00204,0.00456,0.01038,0.01778
813.32,0.00076,0.00156,0.00187,0.00442,0.01022,0.01767
813.64,0.00071,0.00157,0.0018,0.00448,0.01037,0.01774
813.96,0.00083,0.00157,0.00186,0.00457,0.01048,0.0179
814.28,0.00093,0.0015,0.00175,0.00453,0.01042,0.01808
814.6,0.00083,0.00156,0.00174,0.00456,0.01049,0.01822
814.92,0.00101,0.00166,0.00183,0.0046,0.01058,0.01823
815.24,0.00112,0.00174,0.00194,0.00468,0.01073,0.01841
815.56,0.00128,0.00188,0.00201,0.00476,0.01094,0.01861
815.88,0.00128,0.0018,0.00201,0.00475,0.0108,0.0185
816.2,0.00123,0.00185,0.00204,0.00475,0.01076,0.01846
816.52,0.00108,0.00173,0.002,0.00472,0.01076,0.01824
816.84,0.00108,0.00165,0.0019,0.00452,0.01068,0.01814
817.16,0.00093,0.00156,0.00185,0.00454,0.01074,0.01823
817.48,0.00095,0.00156,0.00191,0.00453,0.01074,0.01829
817.8,0.00082,0.00153,0.00191,0.00453,0.01068,0.0182
818.12,0.00075,0.00157,0.00189,0.00444,0.0107,0.01832
818.44,0.00076,0.00146,0.00175,0.00436,0.01068,0.01826
818.76,0.00106,0.00161,0.00189,0.00436,0.01074,0.01841
819.08,0.00109,0.00157,0.00191,0.0045,0.0108,0.01838
819.4,0.00122,0.00165,0.00186,0.00445,0.01091,0.01842
819.72,0.0011,0.00154,0.00173,0.00438,0.01073,0.01831
820.04,0.00131,0.00166,0.0019,0.00453,0.01088,0.01842
820.36,0.0014,0.00159,0.00178,0.00438,0.0109,0.01824
820.68,0.00145,0.00175,0.00185,0.00431,0.01097,0.01832
821,0.0013,0.00162,0.00156,0.00428,0.01089,0.01819
821.32,0.00119,0.00158,0.00154,0.0042,0.01073,0.01811
821.64,0.0011,0.00152,0.00152,0.00426,0.01061,0.01796
821.96,0.00113,0.00157,0.00158,0.00427,0.01067,0.0179
822.27,0.00092,0.00147,0.00131,0.00403,0.01045,0.01775
822.59,0.00088,0.00162,0.0014,0.00428,0.01053,0.018
822.91,0.0008,0.00162,0.00137,0.00443,0.01056,0.01806
823.23,0.00076,0.0016,0.0016,0.00439,0.01055,0.018
823.55,0.0007,0.00158,0.00158,0.00443,0.01063,0.01802
823.87,0.00068,0.00167,0.00158,0.00426,0.01063,0.01812
824.19,0.00064,0.00168,0.00148,0.00432,0.01067,0.01824
824.51,0.00052,0.00162,0.0014,0.00434,0.01059,0.0181
824.83,0.00058,0.00158,0.00136,0.00424,0.01046,0.01797
825.14,0.00068,0.00165,0.0015,0.00423,0.01058,0.01798
825.46,0.00061,0.00156,0.0014,0.0042,0.0104,0.01801
825.78,0.00084,0.00173,0.00157,0.00429,0.01061,0.01822
826.1,0.00087,0.00149,0.00158,0.0043,0.01054,0.01795
826.42,0.00074,0.00138,0.00166,0.00418,0.01054,0.01784
826.74,0.00089,0.00155,0.00191,0.00422,0.01071,0.01795
827.06,0.00083,0.0016,0.00209,0.00412,0.01085,0.01788
827.37,0.00069,0.00149,0.00192,0.00393,0.01075,0.01763
827.69,0.0008,0.00163,0.00194,0.00398,0.01092,0.01767
828.01,0.0007,0.00156,0.00169,0.00387,0.01077,0.01748
828.33,0.00077,0.00175,0.00172,0.00404,0.01085,0.0177
828.65,0.00097,0.00183,0.00181,0.00413,0.01082,0.01776
828.96,0.00086,0.00165,0.00162,0.00408,0.01071,0.01784
829.28,0.00079,0.00159,0.0015,0.00428,0.01069,0.01786
829.6,0.00081,0.0016,0.00153,0.00444,0.01068,0.01797
829.92,0.00074,0.00161,0.00149,0.00434,0.01067,0.01797
830.24,0.00072,0.00173,0.00173,0.00431,0.01074,0.0181
830.55,0.00061,0.00166,0.00169,0.00432,0.0107,0.01801
830.87,0.00062,0.00172,0.00161,0.0043,0.01093,0.01803
831.19,0.00054,0.00169,0.00156,0.00428,0.01088,0.01793
831.51,0.00061,0.00177,0.00166,0.00418,0.01095,0.01808
831.83,0.00066,0.00184,0.00178,0.0041,0.01089,0.01812
832.14,0.00073,0.00187,0.00178,0.00428,0.01099,0.01819
832.46,0.00074,0.00175,0.00161,0.00422,0.0109,0.01822
832.78,0.00099,0.00206,0.00183,0.00436,0.01122,0.01852
833.1,0.0009,0.00194,0.00168,0.0042,0.01098,0.01846
833.41,0.00107,0.00199,0.00188,0.00425,0.01132,0.01848
833.73,0.00096,0.00183,0.00178,0.00434,0.01125,0.01833
834.05,0.00092,0.00176,0.00162,0.00445,0.01116,0.01838
834.36,0.00083,0.00166,0.00156,0.0044,0.01111,0.01836
834.68,0.00073,0.00159,0.00149,0.00444,0.01119,0.01823
835,0.00045,0.00122,0.00128,0.0042,0.0109,0.01802
835.32,0.00053,0.0013,0.00146,0.00441,0.01101,0.01805
835.63,0.00059,0.00145,0.00146,0.00442,0.0109,0.01823
835.95,0.00078,0.0015,0.00146,0.0045,0.01087,0.01836
836.27,0.00076,0.00138,0.00148,0.0044,0.011,0.01827
836.58,0.00087,0.00147,0.00152,0.00438,0.01098,0.0183
836.9,0.0009,0.0016,0.00149,0.00445,0.01096,0.0184
837.22,0.00096,0.00161,0.00156,0.00447,0.01106,0.01842
837.53,0.00078,0.00157,0.00135,0.00432,0.01105,0.01855
837.85,0.00074,0.00154,0.00133,0.00441,0.01116,0.0186
838.17,0.0007,0.00153,0.00137,0.00447,0.01137,0.01874
838.48,0.00087,0.00159,0.00157,0.00455,0.01141,0.01902
838.8,0.00079,0.00145,0.00142,0.00454,0.0115,0.01893
839.12,0.00087,0.0014,0.00162,0.0046,0.01157,0.01887
839.43,0.00086,0.00151,0.00153,0.00468,0.01155,0.01907
839.75,0.00108,0.00159,0.00163,0.00486,0.01153,0.01915
840.07,0.00099,0.0015,0.00158,0.00486,0.01155,0.01912
840.38,0.00086,0.00157,0.00156,0.00457,0.01131,0.01904
840.7,0.00079,0.00162,0.0014,0.00457,0.01132,0.01881
841.01,0.00083,0.00209,0.00173,0.00481,0.0114,0.0192
841.33,0.00076,0.00195,0.00168,0.00478,0.01117,0.01927
841.65,0.00084,0.00186,0.00169,0.00468,0.01119,0.0191
841.96,0.00075,0.00167,0.00169,0.00459,0.01127,0.01894
842.28,0.00081,0.00182,0.00174,0.00461,0.01113,0.01899
842.6,0.001,0.0018,0.00171,0.00479,0.01131,0.01912
842.91,0.0008,0.00167,0.00167,0.00464,0.01117,0.01911
843.23,0.00081,0.00134,0.00153,0.00443,0.01113,0.01885
843.54,0.00076,0.00141,0.00158,0.00441,0.01142,0.0189
843.86,0.00069,0.00136,0.00167,0.00433,0.01133,0.01893
844.17,0.00079,0.00168,0.00163,0.00418,0.01135,0.0191
844.49,0.00077,0.00147,0.00154,0.00407,0.01143,0.01908
844.81,0.00051,0.00135,0.00131,0.00392,0.01123,0.01874
845.12,0.00065,0.00135,0.00126,0.00389,0.01136,0.0188
845.44,0.00065,0.00146,0.00147,0.00404,0.01145,0.01899
845.75,0.00064,0.00136,0.00127,0.00398,0.01113,0.01898
846.07,0.00096,0.00172,0.00138,0.00427,0.01126,0.01915
846.38,0.00095,0.00155,0.00145,0.00465,0.01124,0.01926
846.7,0.00098,0.00165,0.00159,0.00464,0.01111,0.01924
847.01,0.00117,0.00178,0.00198,0.00471,0.01132,0.01946
847.33,0.00117,0.00197,0.00208,0.0048,0.01132,0.01954
847.64,0.00117,0.00184,0.00188,0.00474,0.01118,0.01929
847.96,0.00114,0.00191,0.00197,0.00473,0.01143,0.01935
848.27,0.00084,0.00163,0.00176,0.00456,0.0113,0.01924
848.59,0.00074,0.00152,0.00187,0.00434,0.01136,0.01904
848.9,0.00072,0.00158,0.00185,0.00456,0.01138,0.01923
849.22,0.00066,0.00152,0.00177,0.00469,0.01119,0.01932
849.53,0.00053,0.00125,0.00164,0.00463,0.01113,0.01929
849.85,0.00039,0.00121,0.00175,0.0044,0.01105,0.01946
850.16,0.00046,0.00136,0.00178,0.00467,0.01124,0.01945
850.48,0.00038,0.00144,0.00167,0.00468,0.01126,0.01939
850.79,0.0003,0.00163,0.00147,0.00476,0.01112,0.01946
851.11,0.00028,0.00155,0.00146,0.00456,0.0111,0.01921
851.42,0.00026,0.00163,0.0014,0.00437,0.01118,0.01912
851.74,0.00039,0.00181,0.00151,0.00433,0.01142,0.01927
852.05,0.00046,0.00174,0.00139,0.00441,0.0116,0.01928
852.36,0.00058,0.00161,0.00141,0.00427,0.01136,0.01915
852.68,0.00066,0.00157,0.00156,0.00428,0.01147,0.01921
852.99,0.00071,0.00158,0.00169,0.00415,0.01153,0.01906
853.31,0.00097,0.00164,0.00181,0.00429,0.0117,0.01919
853.62,0.00111,0.0015,0.00182,0.0045,0.01168,0.01912
853.94,0.00102,0.00143,0.00183,0.00463,0.0115,0.01883
854.25,0.00108,0.00175,0.00183,0.00463,0.01121,0.01869
854.56,0.00108,0.00195,0.00191,0.00466,0.01144,0.01888
854.88,0.0011,0.00199,0.00205,0.00474,0.01152,0.01876
855.19,0.00118,0.00188,0.00204,0.00492,0.01163,0.01894
855.51,0.00103,0.0019,0.00188,0.0049,0.0116,0.01904
855.82,0.00103,0.00204,0.00188,0.00469,0.01176,0.01921
856.13,0.00115,0.00225,0.00202,0.00473,0.01185,0.01938
856.45,0.00096,0.00221,0.00205,0.0048,0.01202,0.01938
856.76,0.00093,0.0021,0.00197,0.00468,0.01186,0.01933
857.07,0.00103,0.0023,0.0019,0.00472,0.01197,0.01959
857.39,0.00106,0.00235,0.00195,0.00471,0.01211,0.01973
857.7,0.00097,0.00218,0.00187,0.00466,0.01205,0.01967
858.02,0.0009,0.00203,0.00184,0.00479,0.01179,0.01961
858.33,0.00091,0.00205,0.00185,0.00496,0.0119,0.01973
858.64,0.00105,0.00179,0.00178,0.00495,0.01196,0.01971
858.96,0.00105,0.00182,0.00173,0.0051,0.012,0.01959
859.27,0.00081,0.0015,0.00155,0.00495,0.01178,0.01938
859.58,0.00063,0.00145,0.0015,0.00472,0.01156,0.01924
859.9,0.00045,0.00143,0.00153,0.00463,0.01146,0.01907
860.21,0.00041,0.00153,0.00146,0.0046,0.01153,0.01905
860.52,0.00038,0.00122,0.00123,0.0045,0.01126,0.0189
860.83,0.00051,0.0013,0.00127,0.00465,0.01125,0.01904
861.15,0.00043,0.00106,0.00127,0.00444,0.01117,0.01902
861.46,0.00039,0.00112,0.00119,0.00434,0.01108,0.01892
861.77,0.00044,0.00105,0.00126,0.00444,0.01105,0.01882
862.09,0.0006,0.00107,0.00155,0.00452,0.01124,0.01887
862.4,0.00069,0.00131,0.00165,0.00455,0.01164,0.01898
862.71,0.00039,0.0013,0.00138,0.0041,0.01152,0.0188
863.02,0.00011,0.00127,0.00142,0.00393,0.01152,0.01876
863.34,7.00E-05,0.00133,0.00147,0.00398,0.01154,0.01885
863.65,0.00033,0.00144,0.00178,0.00427,0.01183,0.01907
863.96,0.00042,0.00159,0.0017,0.0045,0.01181,0.01911
864.27,0.00034,0.00179,0.00148,0.00442,0.01165,0.01924
864.59,0.00031,0.00141,0.00127,0.00412,0.01118,0.01909
864.9,0.00083,0.00159,0.00149,0.00444,0.01158,0.01933
865.21,0.00107,0.00162,0.00157,0.00469,0.01165,0.01944
865.52,0.00112,0.00184,0.00149,0.00479,0.01169,0.01958
865.84,0.00099,0.00141,0.00133,0.00443,0.01141,0.01932
866.15,0.00096,0.00121,0.00129,0.00416,0.01138,0.01937
866.46,0.00108,0.0011,0.00126,0.00423,0.01159,0.01943
866.77,0.00095,0.00109,0.00136,0.00433,0.01152,0.01943
867.08,0.00101,0.0012,0.00146,0.00455,0.01131,0.01943
867.4,0.00081,0.00133,0.00133,0.00432,0.01119,0.01947
867.71,0.00072,0.00106,0.00132,0.00425,0.01125,0.01949
868.02,0.0005,0.00126,0.00117,0.00419,0.01126,0.01977
868.33,0.00047,0.00129,0.00105,0.00421,0.01125,0.01955
868.64,0.00068,0.00154,0.00117,0.00432,0.01122,0.01964
868.96,0.00077,0.00181,0.00134,0.00447,0.01169,0.01987
869.27,0.00046,0.00163,0.00135,0.0043,0.01162,0.01989
869.58,0.00059,0.00153,0.00129,0.00437,0.01178,0.0198
869.89,0.00046,0.00161,0.00116,0.00436,0.0116,0.01965
870.2,0.00062,0.00155,0.00111,0.00445,0.01139,0.01951
870.51,0.00069,0.00147,0.00134,0.00439,0.01146,0.01965
870.82,0.0004,0.00128,0.00122,0.00415,0.0114,0.01956
871.14,0.00035,0.00102,0.00113,0.00409,0.01122,0.01927
871.45,0.00048,0.00122,0.00131,0.00425,0.01144,0.0194
871.76,0.00044,0.00098,0.00141,0.00401,0.01132,0.01932
872.07,0.00058,0.00087,0.00135,0.00397,0.01145,0.01935
872.38,0.00064,0.00082,0.0015,0.00404,0.01178,0.01944
872.69,0.00045,0.00081,0.00124,0.00412,0.01183,0.01937
873,0.00031,0.00064,0.00108,0.00433,0.01164,0.01929
873.31,0.00054,0.00073,0.00113,0.00452,0.01176,0.01969
873.63,0.00035,0.00042,0.00091,0.00429,0.01157,0.01927
873.94,0.00026,0.00059,0.00077,0.00432,0.01174,0.01917
874.25,0.00037,0.00095,0.00121,0.00445,0.0117,0.01934
874.56,0.00051,0.00144,0.00134,0.00459,0.01182,0.01934
874.87,0.00074,0.0017,0.0016,0.00456,0.01178,0.01957
875.18,0.00083,0.00177,0.00172,0.00429,0.01188,0.01949
875.49,0.00069,0.00173,0.00155,0.004,0.01171,0.0192
875.8,0.00084,0.00196,0.00175,0.00427,0.01204,0.01971
876.11,0.00088,0.0019,0.00183,0.00452,0.01183,0.01978
876.42,0.00116,0.00183,0.00172,0.00449,0.01198,0.01976
876.73,0.00101,0.00156,0.00152,0.00432,0.01193,0.01979
877.04,0.00084,0.00147,0.00148,0.0043,0.01214,0.01983
877.35,0.00064,0.00139,0.00156,0.00443,0.01217,0.0198
877.66,0.00025,0.00125,0.00138,0.00441,0.01214,0.01979
877.97,0.00014,0.00124,0.00134,0.00422,0.01189,0.0194
878.28,0,0.00132,0.0011,0.00395,0.01197,0.01953
878.59,-0.00019,0.00126,0.00094,0.00396,0.01189,0.01923
878.9,-0.00029,0.00125,0.00104,0.00394,0.01175,0.0192
879.21,-0.00031,0.00123,0.00061,0.00376,0.01142,0.01902
879.52,0.00022,0.00146,0.00067,0.00385,0.01158,0.01932
879.83,0.00067,0.00177,0.00113,0.00415,0.01191,0.01937
880.14,0.00056,0.00157,0.00072,0.00402,0.01201,0.01969
880.45,0.00078,0.00164,0.00082,0.00418,0.0121,0.01979
880.76,0.00079,0.0015,0.00081,0.00425,0.0122,0.02013
881.07,0.00113,0.00173,0.00105,0.00472,0.01261,0.02024
881.38,0.00119,0.00175,0.00145,0.00515,0.01292,0.0206
881.69,0.00085,0.0014,0.00125,0.00505,0.01277,0.02019
882,0.00087,0.00131,0.0011,0.00499,0.01274,0.02048
882.31,0.00118,0.00148,0.00122,0.00498,0.01262,0.0202
882.62,0.00111,0.0013,0.00136,0.00491,0.01229,0.01993
882.93,0.00123,0.00152,0.00173,0.00494,0.01228,0.02013
883.24,0.00098,0.00139,0.00141,0.00469,0.01195,0.01999
883.55,0.00086,0.00151,0.0013,0.00445,0.01143,0.01958
883.86,0.00102,0.00187,0.00135,0.00457,0.01147,0.01984
884.17,0.001,0.00194,0.00124,0.00465,0.01144,0.0199
884.48,0.00083,0.00196,0.00138,0.00456,0.01148,0.01991
884.79,0.00086,0.0022,0.00158,0.00486,0.01172,0.02018
885.09,0.00056,0.00213,0.00136,0.00452,0.01151,0.01984
885.4,0.00058,0.00235,0.00166,0.00458,0.01162,0.01998
885.71,0.001,0.00236,0.00207,0.00511,0.0123,0.02034
886.02,0.00077,0.00205,0.00189,0.00515,0.01231,0.02042
886.33,0.00051,0.00177,0.00194,0.0048,0.01213,0.02021
886.64,0.00027,0.00171,0.00192,0.0047,0.01221,0.02017
886.95,0.00017,0.00153,0.00181,0.00442,0.01226,0.02007
887.26,0.00046,0.0017,0.00181,0.00493,0.01226,0.0204
887.57,0.00024,0.00146,0.00151,0.00482,0.01208,0.02026
887.87,-0.0001,0.00124,0.00119,0.00426,0.01164,0.02007
888.18,2.00E-05,0.00128,0.00115,0.0039,0.01137,0.01982
888.49,0.0002,0.00141,0.00131,0.00392,0.01148,0.01985
888.8,0.00015,0.00126,0.00094,0.00408,0.01111,0.01977
889.11,6.00E-05,0.00116,0.00099,0.00413,0.01083,0.01985
889.42,-0.00025,0.00073,0.00067,0.0038,0.01069,0.01933
889.72,7.00E-05,0.00091,0.00076,0.00389,0.01091,0.01943
890.03,0.00011,0.00102,0.00087,0.00417,0.01118,0.01966
890.34,0.00023,0.0012,0.00135,0.00463,0.01154,0.01993
890.65,5.00E-05,0.00138,0.00108,0.00473,0.01154,0.01965
890.96,0.00031,0.00148,0.00137,0.00454,0.0119,0.01981
891.27,0.00051,0.00187,0.00121,0.00466,0.01217,0.01977
891.57,0.00045,0.00187,0.00141,0.00446,0.01222,0.01993
891.88,0.00045,0.00173,0.00123,0.00421,0.01218,0.02004
892.19,0.00062,0.00175,0.00123,0.00404,0.01194,0.0201
892.5,0.00061,0.00164,0.00102,0.00367,0.01169,0.02025
892.8,0.00108,0.00172,0.00128,0.00391,0.01203,0.0208
893.11,0.00113,0.00181,0.00142,0.00421,0.01193,0.02074
893.42,0.0012,0.00179,0.00161,0.00407,0.01193,0.0208
893.73,0.00133,0.00191,0.00182,0.00444,0.01207,0.02142
894.04,0.00122,0.00178,0.00202,0.00472,0.01181,0.02143
894.34,0.00113,0.00184,0.0019,0.00485,0.01205,0.02133
894.65,0.001,0.00177,0.00162,0.00507,0.01242,0.021
894.96,0.00068,0.00161,0.00159,0.00492,0.01207,0.02094
895.26,0.00065,0.00149,0.00143,0.00488,0.01204,0.02102
895.57,0.00037,0.00115,0.00119,0.00449,0.01178,0.02093
895.88,0.00028,0.00093,0.00098,0.00424,0.01168,0.02061
896.19,0.00024,0.00099,0.00093,0.00413,0.01211,0.02054
896.49,0.00013,0.00087,0.00078,0.00405,0.01204,0.02034
896.8,0.0002,0.00052,0.00083,0.00375,0.01157,0.02003
897.11,0.0002,0.00054,0.00065,0.00395,0.01171,0.0195
897.42,-0.0001,0.00056,0.00054,0.00391,0.0117,0.01948
897.72,-1.00E-05,0.00052,0.00065,0.00431,0.01187,0.01955
898.03,0.00034,0.00083,0.00093,0.0043,0.01216,0.01929
898.34,0.00022,0.00048,0.00075,0.00403,0.01176,0.01907
898.64,0.00012,0.00065,0.00068,0.004,0.0117,0.0192
898.95,0.00013,0.00128,0.00098,0.00443,0.01213,0.01997
899.26,-0.00019,0.00119,0.00101,0.00415,0.01203,0.0204
899.56,-2.00E-05,0.00116,0.00115,0.00426,0.01209,0.02062
899.87,-0.0004,0.00067,0.00073,0.00372,0.01171,0.02026
900.18,-0.00062,0.00065,0.00051,0.00386,0.01162,0.02034
900.48,-0.00083,0.00069,0.00052,0.00408,0.01143,0.02039
900.79,-0.00067,0.00065,0.00078,0.00422,0.01137,0.02033
901.1,-0.00074,0.0005,0.0006,0.00398,0.0111,0.01999
901.4,-0.00032,0.0006,0.0004,0.00398,0.0109,0.01968
901.71,-0.00029,0.00047,0.00044,0.00377,0.01069,0.01929
902.01,0.00026,0.00101,0.0008,0.00423,0.01113,0.01962
902.32,-1.00E-05,0.00067,0.00054,0.00408,0.01099,0.0193
902.63,2.00E-05,0.00086,0.0004,0.00377,0.0113,0.01914
902.93,-0.0002,0.00065,4.00E-05,0.00369,0.01124,0.01905
903.24,-3.00E-05,0.0004,0.00023,0.00375,0.01135,0.01896
903.54,0.00011,0.00054,0.00047,0.00421,0.01157,0.01935
903.85,0.00027,0.00071,0.00049,0.00456,0.01181,0.01983
904.16,0.00033,0.00092,0.00048,0.0046,0.01144,0.01993
904.46,0.00058,0.00112,0.00066,0.00475,0.0115,0.02048
904.77,0.00062,0.0011,0.00099,0.00482,0.01138,0.02073
905.07,0.00114,0.00114,0.00144,0.00483,0.01175,0.02104
905.38,0.00104,0.00143,0.00135,0.00491,0.01182,0.02124
905.68,0.00094,0.00147,0.0016,0.00471,0.01192,0.0214
905.99,0.00109,0.0016,0.00171,0.00452,0.01195,0.0212
906.3,0.00056,0.00099,0.00128,0.00413,0.01191,0.02075
906.6,0.0005,0.00126,0.00143,0.00425,0.01212,0.02088
906.91,0.00076,0.00111,0.00125,0.00417,0.012,0.02076
907.21,0.00025,0.00093,0.00097,0.00383,0.0114,0.02038
907.52,0.00035,0.00089,0.00083,0.0036,0.01136,0.02041
907.82,0.00017,0.00057,0.00043,0.00347,0.01112,0.01999
908.13,-0.00013,0.00068,0.00042,0.00361,0.01105,0.02029
908.43,1.00E-05,0.0011,0.00096,0.00384,0.01133,0.02065
908.74,-4.00E-05,0.00123,0.00083,0.00397,0.01126,0.02052
909.04,-6.00E-05,0.00126,0.00081,0.00421,0.01129,0.0207
909.35,0.00039,0.00161,0.00123,0.0048,0.01181,0.02098
909.65,-3.00E-05,0.00164,0.00147,0.00483,0.01192,0.02083
909.96,-2.00E-05,0.00153,0.00126,0.00474,0.01188,0.02086
910.26,-8.00E-05,0.00097,0.00107,0.00458,0.01171,0.0207
910.57,-4.00E-05,0.00099,0.00085,0.00491,0.01177,0.02067
910.87,0.00014,0.00057,0.00086,0.00469,0.01164,0.02091
911.18,0.00022,0.00076,0.00092,0.00477,0.01155,0.02088
911.48,-0.00038,0.00053,0.0005,0.00439,0.01116,0.02063
911.79,-0.00027,0.00014,0.00064,0.0042,0.01064,0.02034
912.09,-0.00029,0.00027,0.001,0.00425,0.01057,0.02061
912.39,-0.00027,0.00057,0.00071,0.00397,0.01066,0.02025
912.7,-0.00014,0.00041,0.00089,0.00376,0.01083,0.02041
913,-0.00038,6.00E-05,0.00076,0.00353,0.01097,0.01971
913.31,-0.00056,0,0.0006,0.00327,0.01129,0.01963
913.61,-0.0005,-1.00E-05,0.00098,0.0031,0.01137,0.01982
913.92,-0.00047,9.00E-05,0.0003,0.00343,0.01175,0.02034
914.22,-0.00064,9.00E-05,0.00014,0.00327,0.01201,0.02016
914.52,-0.00057,0.00022,0.00049,0.00364,0.01216,0.02073
914.83,-0.00032,0.00088,0.00058,0.00393,0.01213,0.02077
915.13,-9.00E-05,0.00151,0.00077,0.00414,0.01228,0.02101
915.44,0.00011,0.00141,0.00099,0.00437,0.01218,0.02132
915.74,0.00032,0.00135,0.00089,0.00462,0.01232,0.02143
916.04,0.00085,0.00175,0.0015,0.00467,0.0125,0.02156
916.35,0.00046,0.00144,0.00182,0.00468,0.01212,0.02113
916.65,0.00053,0.00146,0.00208,0.00459,0.0122,0.02093
916.96,4.00E-05,0.00071,0.00174,0.00424,0.01191,0.0208
917.26,-2.00E-05,0.00052,0.00161,0.00418,0.01169,0.02079
917.56,-0.00018,0.00037,0.00122,0.00371,0.01183,0.02037
917.87,-0.00034,0.00062,0.00091,0.00344,0.01163,0.02003
918.17,-0.00074,0.00036,0.00059,0.00342,0.01142,0.01976
918.47,-0.00023,0.00078,0.00066,0.00367,0.01181,0.02023
918.78,-0.00046,0.00042,0.00014,0.00313,0.01157,0.01977
919.08,-0.00031,0.00039,-8.00E-05,0.00313,0.01169,0.01976
919.38,1.00E-05,4.00E-05,-0.0002,0.00308,0.01163,0.01981
919.69,-0.00029,-7.00E-05,-0.00025,0.00325,0.01138,0.01976
919.99,-2.00E-05,3.00E-05,-6.00E-05,0.00327,0.01203,0.0203
920.29,-6.00E-05,-1.00E-05,-0.00029,0.00285,0.01196,0.02
920.59,0,-0.00026,-0.00077,0.00245,0.01165,0.02004
920.9,0,2.00E-05,-0.00065,0.00306,0.01195,0.02074
921.2,0.00035,0.00032,-6.00E-05,0.00317,0.01245,0.02105
921.5,0.00011,0.00059,0.00026,0.00318,0.01233,0.02087
921.81,0.00043,0.00111,0.00079,0.00321,0.01227,0.02096
922.11,0.00025,0.00078,0.00079,0.00344,0.01156,0.02073
922.41,4.00E-05,0.00063,0.00092,0.00347,0.01136,0.02065
922.71,0.00027,0.00073,0.00117,0.00368,0.01156,0.02065
923.02,0.0003,0.00072,0.00149,0.0035,0.01132,0.02013
923.32,0.00046,0.00102,0.00143,0.00341,0.01091,0.01999
923.62,0.00016,0.00104,0.00118,0.00354,0.01102,0.02017
923.92,6.00E-05,0.00066,0.00078,0.00385,0.01109,0.02047
924.23,-8.00E-05,0.00058,0.00052,0.00381,0.01135,0.01991
924.53,0.00029,0.00087,0.00053,0.0044,0.01167,0.02056
924.83,0,0.00054,0.00026,0.00432,0.01137,0.02019
925.13,0.00037,0.00084,0.00024,0.00489,0.01153,0.02057
925.44,9.00E-05,0.00067,-0.00013,0.00479,0.01142,0.0205
925.74,0.00077,0.00101,-2.00E-05,0.0049,0.0117,0.02057
926.04,0.00077,0.00089,0,0.00438,0.01174,0.02062
926.34,0.00094,0.00108,0.00011,0.0043,0.01186,0.02069
926.64,0.00075,0.00112,0.00025,0.0037,0.01175,0.02043
926.95,0.00047,0.00165,0.00011,0.00385,0.01172,0.02084
927.25,-0.00014,0.00083,-0.00024,0.00328,0.01138,0.02024
927.55,-0.00014,0.00066,-3.00E-05,0.00344,0.01174,0.02027
927.85,-0.00087,0.00043,-3.00E-05,0.00299,0.01149,0.02039
928.15,-0.00046,0.00072,0.00046,0.0035,0.01159,0.02037
928.46,-0.00054,0.00034,0.00071,0.00331,0.01112,0.02077
928.76,-0.00072,0.00024,0.00065,0.00325,0.01103,0.02067
929.06,-0.00118,9.00E-05,0.00079,0.00289,0.01121,0.02025
929.36,-0.00102,5.00E-05,0.00035,0.0026,0.01122,0.02024
929.66,-0.00107,0.00037,0.00044,0.00268,0.01082,0.02051
929.96,-0.00068,7.00E-05,0.00061,0.00281,0.01053,0.02039
930.26,-0.00083,0.00024,-4.00E-05,0.00273,0.01072,0.02009
930.57,-0.00069,0.00076,-0.00019,0.00235,0.01065,0.01981
930.87,-0.00114,0.00012,-0.00054,0.00202,0.01057,0.01927
931.17,-0.00063,-0.0005,-0.00035,0.00231,0.01031,0.0191
931.47,-0.0008,-0.00073,0.00049,0.00273,0.01032,0.0191
931.77,-0.00093,-0.00094,0.00046,0.00254,0.01045,0.01836
932.07,-0.0016,-0.00104,-0.00015,0.00199,0.01022,0.01788
932.37,-0.00166,-0.0013,0.00022,0.0017,0.01007,0.01821
932.67,-0.00165,-0.00173,0.00029,0.00161,0.01044,0.01824
932.97,-0.00049,-0.00089,0.00114,0.00244,0.01109,0.01884
933.27,-0.0001,-0.0003,0.00042,0.00219,0.01081,0.01894
933.58,0.00026,0.00045,0.0001,0.00172,0.01073,0.0195
933.88,0.00028,-0.00023,-5.00E-05,0.00157,0.01053,0.01986
934.18,0.00088,9.00E-05,0.00023,0.00197,0.01077,0.02055
934.48,0.00068,0.00051,0.0002,0.00198,0.01078,0.02038
934.78,0.00056,0.00076,-0.00053,0.00234,0.01043,0.02079
935.08,-4.00E-05,-1.00E-05,-0.00124,0.00167,0.00958,0.0206
935.38,-0.00069,-0.00048,-0.00071,0.00188,0.00999,0.02033
935.68,-0.00065,-0.00051,-0.00065,0.00226,0.00995,0.0204
935.98,-0.00109,-0.00038,-0.00074,0.00216,0.00964,0.02029
936.28,-0.00111,-8.00E-05,-0.00023,0.00256,0.01008,0.02011
936.58,-0.00075,-0.0004,-0.00027,0.00292,0.01023,0.02021
936.88,-0.00119,-0.00084,-0.00029,0.00302,0.01049,0.01966
937.18,-0.00095,-0.00033,0.00013,0.00333,0.01091,0.0196
937.48,-0.00049,0.00027,-9.00E-05,0.0036,0.01086,0.02031
937.78,-0.00088,-0.00011,-0.00108,0.00319,0.01024,0.01947
938.08,-0.00057,-0.00028,-0.00111,0.00334,0.0107,0.01949
938.38,-0.00094,-0.00047,-0.0017,0.00315,0.01072,0.01948
938.68,-0.00132,-0.0003,-0.0015,0.00333,0.0101,0.01981
938.98,-0.00102,-0.00061,-0.00116,0.00334,0.01003,0.01999
939.28,-0.00143,-0.00065,-0.00086,0.00378,0.01007,0.0204
939.58,-0.00128,-0.00076,-0.00051,0.00344,0.01049,0.02018
939.88,-0.00137,-0.00045,0.00078,0.00388,0.01159,0.02055
940.18,-0.00188,-1.00E-05,0.00038,0.00339,0.01122,0.02012
940.48,-0.00196,-0.0003,0.00047,0.00314,0.01071,0.01981
940.78,-0.00224,-0.0007,0.00014,0.00233,0.011,0.01921
941.08,-0.00261,-0.00065,0.00031,0.00227,0.01057,0.01903
941.38,-0.00274,-0.00057,-0.00063,0.00184,0.01088,0.01877
941.68,-0.00277,-0.00043,-0.00048,0.00216,0.01101,0.01905
941.98,-0.00217,7.00E-05,-0.0002,0.00228,0.01119,0.01993
942.27,-0.00184,0.00079,0.00109,0.00281,0.01196,0.02093
942.57,-0.00193,0.00049,0.00078,0.00261,0.01173,0.02124
942.87,-0.00173,0.00064,0.00072,0.00273,0.01221,0.0213
943.17,-0.00123,0.00096,-8.00E-05,0.00243,0.0124,0.02197
943.47,-0.00122,0.00075,-0.00067,0.002,0.01128,0.02188
943.77,-0.00122,0.00055,-0.00124,0.00084,0.0111,0.02154
944.07,-0.00223,-2.00E-05,-0.00236,-3.00E-05,0.01047,0.02063
944.37,-0.0025,-0.00105,-0.00343,-0.00057,0.00957,0.01955
944.67,-0.0022,-0.00051,-0.00329,-0.00035,0.00999,0.0192
944.97,-0.00226,-0.00085,-0.00337,-5.00E-05,0.00955,0.01919
945.26,-0.00258,-0.00029,-0.00266,0.0002,0.00998,0.01861
945.56,-0.00225,-0.0005,-0.00198,-7.00E-05,0.01055,0.01826
945.86,-0.00222,-0.00042,-0.00182,0.0003,0.01007,0.01822
946.16,-0.00193,-0.00115,-0.00214,0.00032,0.00965,0.01733
946.46,-0.00189,-0.00083,-0.00253,0.0003,0.0096,0.01708
946.76,-0.00191,-0.0012,-0.00245,0.00077,0.00962,0.01736
947.05,-0.00195,-0.00153,-0.00242,0.00057,0.00935,0.01712
947.35,-0.00165,-0.00142,-0.00227,0.00067,0.00954,0.01649
947.65,-0.0018,-0.00146,-0.00149,0.00163,0.0094,0.01697
947.95,-0.00268,-0.00235,-0.00117,0.00172,0.00931,0.01672
948.25,-0.00235,-0.00138,-0.00065,0.00235,0.00949,0.01795
948.55,-0.00226,-0.00195,-0.0004,0.00208,0.00945,0.01812
948.84,-0.00267,-0.00206,-0.00047,0.00161,0.00868,0.018
949.14,-0.00205,-0.00205,-0.00026,0.00094,0.00852,0.01777
949.44,-0.00142,-0.00174,3.00E-05,0.00107,0.00843,0.01862
949.74,-0.00118,-0.00118,-0.00041,0.00065,0.00873,0.01845
950.04,-0.00045,4.00E-05,-0.00026,0.0013,0.00924,0.01979
950.33,-5.00E-05,-0.00023,4.00E-05,0.0014,0.00956,0.01956
950.63,0.00021,-0.00072,-7.00E-05,0.00101,0.00954,0.01969
950.93,0.00043,-0.00031,-0.00068,0.00089,0.01016,0.01935
951.23,-0.00047,0.00054,-0.00134,0.00107,0.01021,0.01942
951.52,-0.00061,-0.00029,-0.00228,0.00069,0.00962,0.01958
951.82,-0.00165,-0.00092,-0.00313,-0.00052,0.0089,0.01903
952.12,-0.002,-0.00196,-0.00353,-0.00092,0.00815,0.01757
952.42,-0.00304,-0.0032,-0.00485,-0.00216,0.00739,0.01698
952.71,-0.00341,-0.00201,-0.00445,-0.00124,0.00765,0.01735
953.01,-0.00366,-0.00239,-0.00379,-0.00147,0.00782,0.01698
953.31,-0.00353,-0.00288,-0.00364,-0.0017,0.00747,0.01676
953.61,-0.00476,-0.00384,-0.00365,-0.00219,0.00722,0.01644
953.9,-0.00454,-0.00359,-0.00359,-0.00142,0.00716,0.01612
954.2,-0.00392,-0.00287,-0.00249,-0.00086,0.00857,0.01721
954.5,-0.00355,-0.00228,-0.00176,-0.00013,0.00922,0.01798
954.79,-0.00319,-0.00305,-0.0023,0.00012,0.00977,0.01746
955.09,-0.00207,-0.00303,-0.00172,0.00102,0.01009,0.01826
955.39,-0.00268,-0.00344,-0.00166,0.00092,0.00997,0.01778
955.68,-0.00205,-0.00199,-0.00116,0.0012,0.01092,0.01751
955.98,-0.00154,-0.00227,-0.00111,0.00095,0.01069,0.01836
956.28,-0.00166,-0.00271,-0.00249,-0.00035,0.00893,0.01674
956.57,-0.00174,-0.00222,-0.00255,-0.00027,0.00925,0.0159
956.87,-0.00139,-0.00146,-0.00129,-0.00051,0.00877,0.01692
957.17,-0.00188,-0.00138,-0.00162,-0.00124,0.00843,0.01634
957.46,-0.00136,-0.00067,-0.00135,-0.00063,0.00918,0.017
957.76,-0.00191,-0.00133,-0.00199,-0.00029,0.00886,0.01647
958.06,-0.00161,-0.00142,-0.00171,0.00046,0.00904,0.0157
958.35,-0.00124,-0.00112,-0.00159,0.00092,0.00988,0.0166
958.65,-0.0012,-0.00086,-0.00135,0.00094,0.00935,0.01776
958.95,-0.00162,-0.00104,-0.00274,0.0005,0.00945,0.01646
959.24,-0.00215,-0.00174,-0.004,0.00044,0.00804,0.01626
959.54,-0.00121,-0.00186,-0.00325,0.0008,0.00819,0.01616
959.83,-0.00103,-0.0024,-0.00204,5.00E-05,0.0076,0.01619
960.13,-0.00182,-0.00166,-0.00235,-0.00027,0.00761,0.01637
960.43,-0.00277,-0.00163,-0.00251,0.00025,0.00708,0.01566
960.72,-0.00293,-0.00185,-0.00243,-0.00012,0.00706,0.01383
961.02,-0.00284,-0.00179,-0.00203,0.00079,0.0074,0.0138
961.31,-0.00303,-0.0019,-0.00109,0.00017,0.00735,0.01335
961.61,-0.00319,-0.00207,-0.0016,0.00073,0.00741,0.01396
961.9,-0.00289,-0.00224,-0.00335,0.00045,0.00694,0.01398
962.2,-0.00351,-0.00399,-0.00328,-0.00035,0.0062,0.01328
962.5,-0.0035,-0.00433,-0.00262,-0.00057,0.00652,0.01294
962.79,-0.00251,-0.00399,-0.00154,6.00E-05,0.0073,0.0139
963.09,-0.00404,-0.00439,-0.00229,-0.00131,0.00659,0.01416
963.38,-0.00424,-0.00367,-0.00204,-0.00065,0.00724,0.01466
963.68,-0.00448,-0.00377,-0.00188,-0.00108,0.00809,0.0148
963.97,-0.00491,-0.00308,-0.00176,-0.00131,0.0082,0.01412
964.27,-0.0045,-0.00193,-0.00257,-0.00133,0.00812,0.01534
964.56,-0.0043,-0.00151,-0.00306,-0.00203,0.00815,0.01639
964.86,-0.00511,-0.00175,-0.00514,-0.00271,0.00717,0.01604
965.15,-0.00367,-0.00185,-0.00465,-0.00178,0.0062,0.0161
965.45,-0.00448,-0.00263,-0.00547,-0.00227,0.00549,0.01595
965.74,-0.0045,-0.00199,-0.00547,-0.00272,0.0043,0.01527
966.04,-0.00445,-0.00233,-0.00506,-0.00218,0.00383,0.01586
966.33,-0.00486,-0.00323,-0.00454,-0.0018,0.00444,0.01488
966.63,-0.00503,-0.00447,-0.00507,-0.00146,0.0041,0.01425
966.92,-0.00561,-0.00555,-0.00454,-0.0017,0.00525,0.01341
967.22,-0.00591,-0.00615,-0.00377,-0.00267,0.00545,0.01383
967.51,-0.00497,-0.00554,-0.00356,-0.00266,0.00625,0.01502
967.81,-0.00589,-0.00772,-0.00499,-0.0027,0.00511,0.01459
968.1,-0.00527,-0.00702,-0.00442,-0.002,0.00601,0.01643
968.4,-0.00531,-0.00612,-0.00377,-0.00178,0.00583,0.01636
968.69,-0.00532,-0.00633,-0.00274,-0.0022,0.00564,0.01674
968.98,-0.0046,-0.00644,-0.0016,-0.0017,0.00442,0.01714
969.28,-0.00553,-0.00663,-0.00368,-0.00287,0.00504,0.01595
969.57,-0.00503,-0.00621,-0.00325,-0.00149,0.00529,0.01564
969.87,-0.00601,-0.00511,-0.003,-0.00163,0.00508,0.01603
970.16,-0.00728,-0.00611,-0.00236,-0.00176,0.00481,0.0143
970.46,-0.00585,-0.0062,-0.00207,0.00023,0.00593,0.01507
970.75,-0.00623,-0.00456,-0.00308,0.00078,0.00586,0.01481
971.04,-0.00662,-0.00407,-0.00365,-0.00027,0.00494,0.01545
971.34,-0.00726,-0.00352,-0.00302,-0.0003,0.0043,0.01618
971.63,-0.00902,-0.00453,-0.00382,-0.00065,0.00435,0.01491
971.93,-0.00821,-0.00414,-0.00431,-0.00108,0.00461,0.01397
972.22,-0.00705,-0.00334,-0.00511,-0.00243,0.00382,0.01321
972.51,-0.00663,-0.00356,-0.00501,-0.0044,0.00242,0.0136
972.81,-0.00747,-0.00463,-0.00506,-0.00586,0.00191,0.01302
973.1,-0.00732,-0.00565,-0.00639,-0.00683,0.0015,0.01194
973.39,-0.00765,-0.00717,-0.00722,-0.00572,0.00043,0.01071
973.69,-0.00836,-0.0077,-0.0086,-0.00886,-0.0024,0.00942
973.98,-0.00653,-0.00693,-0.00712,-0.00771,-0.00046,0.01103
974.27,-0.00845,-0.00729,-0.00934,-0.00742,0.00031,0.01145
974.57,-0.01085,-0.00811,-0.01103,-0.00894,0.00025,0.01011
974.86,-0.01023,-0.00802,-0.01112,-0.00821,0.00052,0.01014
975.15,-0.01118,-0.00716,-0.01056,-0.00687,0.0014,0.01138
975.45,-0.00929,-0.00471,-0.00873,-0.00575,0.00437,0.01394
975.74,-0.00764,-0.00349,-0.00782,-0.00428,0.00705,0.01636
976.03,-0.00936,-0.00583,-0.00912,-0.00604,0.00537,0.01377
976.33,-0.00805,-0.00557,-0.0078,-0.00647,0.00489,0.01323
976.62,-0.00809,-0.00485,-0.00846,-0.00676,0.0047,0.01324
976.91,-0.00974,-0.00572,-0.00948,-0.00708,0.00388,0.0125
977.21,-0.00903,-0.00594,-0.01015,-0.00794,0.00278,0.01097
977.5,-0.0099,-0.00725,-0.01037,-0.0082,0.00031,0.0078
977.79,-0.01056,-0.0076,-0.01001,-0.00844,-0.00048,0.00526
978.08,-0.01137,-0.00547,-0.01055,-0.00855,-0.00153,0.00551
978.38,-0.01108,-0.0051,-0.00918,-0.00795,-0.00044,0.00653
978.67,-0.01022,-0.0063,-0.00887,-0.00746,-0.00073,0.00506
978.96,-0.01008,-0.00608,-0.00807,-0.00704,-3.00E-05,0.0055
979.25,-0.01007,-0.00522,-0.00847,-0.00656,0.00182,0.00646
979.55,-0.00797,-0.00379,-0.00876,-0.00584,0.00206,0.00848
979.84,-0.00839,-0.00437,-0.00993,-0.00738,0.00257,0.0099
980.13,-0.00616,-0.00451,-0.00905,-0.0068,0.00389,0.01133
980.42,-0.00709,-0.00417,-0.01041,-0.00651,0.00281,0.00972
980.71,-0.00879,-0.00495,-0.01162,-0.00772,0.00288,0.00828
981.01,-0.00951,-0.00598,-0.01307,-0.00988,0.00109,0.00617
981.3,-0.00971,-0.0055,-0.01114,-0.00976,0.00191,0.0059
981.59,-0.00916,-0.00675,-0.01154,-0.01045,0.00181,0.0058
981.88,-0.00898,-0.0078,-0.01201,-0.00872,-6.00E-05,0.00393
982.18,-0.01051,-0.01077,-0.01404,-0.00773,-0.00253,0.00281
982.47,-0.00857,-0.01109,-0.01476,-0.00708,-0.00218,0.00534
982.76,-0.00593,-0.00918,-0.01159,-0.00525,-0.00226,0.00826
983.05,-0.00245,-0.00741,-0.00969,-0.00343,-0.00017,0.01184
983.34,-0.00248,-0.00832,-0.0114,-0.00382,-0.00268,0.01111
983.63,-0.00465,-0.0085,-0.01168,-0.00684,-0.00337,0.00775
983.93,-0.00347,-0.00724,-0.01072,-0.00669,-0.00369,0.0078
984.22,-0.00236,-0.00588,-0.00828,-0.00801,-0.00263,0.0081
984.51,-0.00492,-0.00741,-0.00838,-0.00941,-0.00312,0.00555
984.8,-0.00538,-0.0064,-0.00942,-0.00764,-0.00183,0.00701
985.09,-0.00769,-0.00733,-0.01039,-0.00739,-0.00229,0.0051
985.38,-0.00859,-0.00779,-0.00889,-0.00725,-0.00192,0.00413
985.67,-0.01019,-0.00849,-0.00891,-0.00597,-0.00088,0.00597
985.96,-0.01015,-0.00839,-0.0078,-0.00611,0.002,0.00839
986.26,-0.01114,-0.00639,-0.00772,-0.00537,0.00305,0.00845
986.55,-0.00978,-0.00492,-0.00696,-0.00619,0.00261,0.01142
986.84,-0.01072,-0.00833,-0.01056,-0.00952,-0.00095,0.00827
987.13,-0.01068,-0.00953,-0.01188,-0.01147,-0.00248,0.00667
987.42,-0.01077,-0.01052,-0.01606,-0.01262,-0.00395,0.00722
987.71,-0.01096,-0.01171,-0.01766,-0.01377,-0.00575,0.00573
988,-0.01319,-0.0144,-0.02105,-0.01662,-0.00752,0.00362
988.29,-0.01398,-0.01765,-0.02519,-0.02112,-0.00925,0.00096
988.58,-0.01439,-0.01954,-0.02593,-0.01883,-0.0086,-7.00E-05
988.87,-0.01215,-0.01729,-0.02328,-0.01765,-0.00504,0.00264
989.16,-0.01049,-0.01479,-0.02115,-0.01614,-0.00227,0.0048
989.46,-0.01035,-0.01237,-0.01759,-0.01537,-0.00078,0.00687
989.75,-0.00833,-0.01054,-0.01593,-0.01251,0.00118,0.00875
990.04,-0.00355,-0.0087,-0.01203,-0.00794,0.00159,0.01124
990.33,-0.00139,-0.00761,-0.00672,-0.00306,0.00461,0.0158
990.62,-0.00316,-0.00828,-0.00768,-0.00339,0.00302,0.01439
990.91,-0.00379,-0.00642,-0.00728,-0.00316,0.00253,0.01333
991.2,-0.00465,-0.00796,-0.00743,-0.00346,0.0021,0.01239
991.49,-0.00468,-0.00944,-0.00801,-0.00469,0.00182,0.00877
991.78,-0.00578,-0.01061,-0.00869,-0.00801,-0.0005,0.00669
992.07,-0.00977,-0.01022,-0.0096,-0.01101,2.00E-05,0.00646
992.36,-0.01206,-0.0101,-0.01279,-0.01367,-0.00389,0.00242
992.65,-0.01079,-0.00911,-0.00918,-0.01444,-0.00335,0.00273
992.94,-0.01342,-0.01108,-0.00991,-0.01325,-0.00336,0.00227
993.23,-0.01397,-0.01218,-0.01283,-0.0162,-0.00616,0.00219
993.52,-0.01518,-0.01365,-0.01518,-0.01574,-0.0077,0.00157
993.81,-0.0125,-0.01277,-0.0141,-0.01117,-0.00548,0.00088
994.1,-0.01389,-0.01327,-0.01712,-0.01252,-0.0082,-0.00488
994.39,-0.01517,-0.01499,-0.01766,-0.01252,-0.00799,-0.00333
994.68,-0.0144,-0.01457,-0.02076,-0.01315,-0.00691,-0.00501
994.96,-0.01219,-0.01415,-0.01866,-0.01583,-0.0071,-0.00427
995.25,-0.01038,-0.01226,-0.01896,-0.01367,-0.00504,-0.00344
995.54,-0.01016,-0.01132,-0.01624,-0.01268,-0.00278,-0.00053
995.83,-0.01279,-0.01099,-0.01768,-0.0168,-0.00575,0.00117
996.12,-0.01035,-0.0113,-0.01601,-0.01538,-0.00547,0.00541
996.41,-0.00833,-0.00729,-0.01403,-0.0146,-0.00495,0.00572
996.7,-0.00678,-0.00672,-0.0133,-0.01314,-0.00565,0.00608
996.99,-0.00787,-0.00606,-0.01466,-0.01099,-0.00333,0.00424
997.28,-0.00933,-0.00489,-0.01214,-0.00995,-0.00529,0.00381
997.57,-0.0056,-0.00501,-0.01245,-0.01127,-0.00629,0.00332
997.86,-0.00693,-0.00678,-0.01356,-0.01119,-0.00628,0.00178
998.15,-0.00891,-0.00713,-0.01373,-0.01048,-0.0055,0.00168
998.43,-0.01008,-0.00883,-0.01265,-0.01258,-0.00392,0.00135
998.72,-0.01175,-0.01018,-0.01298,-0.01576,-0.00478,0.00042
999.01,-0.01487,-0.01488,-0.01434,-0.01753,-0.00825,0.00015
999.3,-0.01491,-0.01681,-0.01572,-0.01849,-0.00719,-0.00141
999.59,-0.01779,-0.01659,-0.0162,-0.01773,-0.00802,-0.00295
999.88,-0.0193,-0.0156,-0.0149,-0.0198,-0.00718,-0.00315
1000.17,-0.01872,-0.01487,-0.01308,-0.02003,-0.00907,-0.00263
1000.45,-0.01919,-0.0142,-0.01571,-0.01619,-0.01148,-0.00311
1000.74,-0.02289,-0.01598,-0.01564,-0.01755,-0.01417,-0.00345
1001.03,-0.01891,-0.01126,-0.0178,-0.01765,-0.01314,-0.00272
1001.32,-0.02321,-0.01411,-0.01968,-0.02036,-0.01627,-0.00343
1001.61,-0.02293,-0.01313,-0.02082,-0.02059,-0.01796,-0.00312
1001.9,-0.01762,-0.01455,-0.01892,-0.01779,-0.01637,-0.00276
1002.18,-0.01784,-0.01532,-0.02332,-0.01844,-0.01514,-0.00438
1002.47,-0.01736,-0.02042,-0.0233,-0.0231,-0.01653,-0.00538
1002.76,-0.01541,-0.01916,-0.0269,-0.02583,-0.01569,-0.00868
1003.05,-0.01962,-0.01989,-0.02581,-0.02652,-0.01831,-0.01235
1003.34,-0.01702,-0.01747,-0.02211,-0.02527,-0.01488,-0.01061
1003.62,-0.01238,-0.01645,-0.01939,-0.02276,-0.01267,-0.00808
1003.91,-0.01724,-0.01675,-0.02322,-0.02601,-0.01261,-0.00867
1004.2,-0.01727,-0.01579,-0.02193,-0.0251,-0.01238,-0.00912
1004.49,-0.01802,-0.01296,-0.0218,-0.02217,-0.01142,-0.00843
1004.77,-0.01758,-0.01453,-0.01813,-0.01843,-0.01252,-0.00799
1005.06,-0.01821,-0.01668,-0.01948,-0.02153,-0.01367,-0.00751
1005.35,-0.01953,-0.01994,-0.02399,-0.02064,-0.01619,-0.01215
1005.64,-0.02623,-0.0232,-0.02583,-0.02171,-0.01582,-0.01282
1005.92,-0.02377,-0.02093,-0.0242,-0.01927,-0.01432,-0.01167
1006.21,-0.02262,-0.02125,-0.0204,-0.02011,-0.01504,-0.01309
1006.5,-0.02478,-0.0192,-0.02264,-0.02462,-0.0186,-0.01535
1006.79,-0.02598,-0.01864,-0.02178,-0.02382,-0.01623,-0.01407
1007.07,-0.02359,-0.01753,-0.02227,-0.02354,-0.01576,-0.01167
1007.36,-0.02446,-0.01511,-0.01858,-0.02504,-0.01621,-0.0083
1007.65,-0.02225,-0.01548,-0.01814,-0.02928,-0.01538,-0.01248
1007.93,-0.0205,-0.01587,-0.01665,-0.02616,-0.01695,-0.01186
1008.22,-0.02501,-0.01773,-0.022,-0.03226,-0.0218,-0.01412
1008.51,-0.02373,-0.02232,-0.02297,-0.0346,-0.02348,-0.01398
1008.8,-0.02269,-0.02084,-0.02471,-0.03241,-0.02024,-0.00999
1009.08,-0.02122,-0.02179,-0.02258,-0.02898,-0.01979,-0.00934
1009.37,-0.01688,-0.02109,-0.02359,-0.02838,-0.0161,-0.00885
1009.66,-0.01964,-0.01731,-0.02669,-0.02662,-0.01891,-0.00746
1009.94,-0.02375,-0.02082,-0.02946,-0.03312,-0.02098,-0.00822
1010.23,-0.02049,-0.01862,-0.02809,-0.02783,-0.01616,-0.00127
1010.52,-0.02404,-0.02039,-0.02921,-0.02669,-0.00876,-0.00653
1010.8,-0.02667,-0.02436,-0.03315,-0.03367,-0.01441,-0.00961
1011.09,-0.03185,-0.02736,-0.03172,-0.03729,-0.01595,-0.01391
1011.37,-0.03382,-0.0279,-0.03379,-0.03716,-0.02005,-0.0184
1011.66,-0.02902,-0.02961,-0.03102,-0.03608,-0.01862,-0.01568
1011.95,-0.02696,-0.02741,-0.03105,-0.03432,-0.01823,-0.01428
1012.23,-0.02709,-0.03292,-0.03081,-0.03703,-0.02074,-0.01945
1012.52,-0.02,-0.02695,-0.02637,-0.02958,-0.01849,-0.0113
1012.8,-0.02268,-0.03027,-0.02412,-0.0331,-0.02229,-0.01494
1013.09,-0.0201,-0.02958,-0.02873,-0.03203,-0.02324,-0.01571
1013.38,-0.02066,-0.0291,-0.02907,-0.03359,-0.02522,-0.0138
1013.66,-0.0235,-0.03366,-0.0313,-0.03363,-0.02643,-0.01604
1013.95,-0.02287,-0.03456,-0.0326,-0.03316,-0.02886,-0.01641
1014.23,-0.01916,-0.02895,-0.03112,-0.02753,-0.02743,-0.0162
1014.52,-0.02104,-0.0296,-0.03081,-0.02791,-0.02947,-0.01865
1014.81,-0.01737,-0.02308,-0.02943,-0.02092,-0.02144,-0.013
1015.09,-0.01672,-0.02455,-0.0289,-0.02013,-0.02242,-0.00931
1015.38,-0.01548,-0.02695,-0.02257,-0.02222,-0.01754,-0.00517
1015.66,-0.0174,-0.02734,-0.02863,-0.02706,-0.02067,-0.01047
1015.95,-0.02095,-0.03044,-0.0312,-0.03009,-0.02403,-0.01472
1016.23,-0.02348,-0.03482,-0.03594,-0.03549,-0.02014,-0.01842
1016.52,-0.02282,-0.03634,-0.03455,-0.03889,-0.02212,-0.01751
1016.8,-0.0226,-0.03991,-0.03745,-0.04313,-0.02363,-0.01955
1017.09,-0.02399,-0.03664,-0.034,-0.04302,-0.02772,-0.02219
1017.37,-0.03044,-0.03764,-0.04123,-0.04126,-0.03706,-0.02635
1017.66,-0.02964,-0.03582,-0.03471,-0.03689,-0.03714,-0.024
1017.94,-0.03353,-0.03322,-0.03268,-0.03883,-0.03199,-0.02462
1018.23,-0.03614,-0.03528,-0.0351,-0.04547,-0.04274,-0.02173
1018.51,-0.04233,-0.04101,-0.0447,-0.04808,-0.04585,-0.02742
1018.8,-0.04304,-0.03456,-0.04449,-0.04277,-0.04778,-0.02859
1019.08,-0.04061,-0.03601,-0.04572,-0.04652,-0.0433,-0.0284
1019.37,-0.04143,-0.03799,-0.04433,-0.04752,-0.04006,-0.0321
1019.65,-0.04129,-0.04017,-0.04511,-0.05366,-0.03993,-0.03698
1019.94,-0.04014,-0.04247,-0.04602,-0.05288,-0.04525,-0.03733
1020.22,-0.04344,-0.03932,-0.04234,-0.04926,-0.03929,-0.04118
1020.51,-0.03631,-0.02811,-0.03418,-0.04486,-0.03691,-0.03505
1020.79,-0.03141,-0.03034,-0.0351,-0.04438,-0.04089,-0.03845
1021.08,-0.04307,-0.0415,-0.04035,-0.04522,-0.05028,-0.04013
1021.36,-0.0377,-0.04012,-0.04397,-0.04752,-0.05137,-0.03856
1021.64,-0.04151,-0.03879,-0.04785,-0.0448,-0.04877,-0.0339
1021.93,-0.03819,-0.03271,-0.04632,-0.04462,-0.04591,-0.03051
1022.21,-0.03618,-0.02933,-0.04698,-0.04473,-0.04707,-0.02647
1022.5,-0.04175,-0.03404,-0.05178,-0.05315,-0.04979,-0.02947
1022.78,-0.04002,-0.01405,-0.04368,-0.06452,-0.03787,-0.01823
1023.07,-0.04002,-0.01405,-0.04368,-0.06452,-0.03787,-0.01823
1023.35,-0.04002,-0.01405,-0.04368,-0.06452,-0.03787,-0.01823