EXMPC,0,0,0,0,0,0
WAC,0,0,0,0,0,0
C03,0,0,0,0,0,0
440,0,0,0,0,0,0
120,0,0,0,0,0,0
nm,0,0,0,0,0,0
Angular Dependence,0,0,0,0,0,0
Wavelengths,0,8,16,24,32,40
360.15,0.00519,-0.00847,-0.0398,-0.05297,0.00159,0.21441
360.52,0.01225,-0.029,-0.03339,-0.0747,0.02998,0.22871
360.9,-0.00075,-0.03909,-0.0438,-0.07593,0.04359,0.23363
361.27,0.00866,-0.03303,-0.03298,-0.06197,0.07812,0.25941
361.65,0.00726,-0.04014,-0.04035,-0.05161,0.10611,0.2769
362.02,0.02281,-0.02421,-0.00867,-0.02065,0.1472,0.29089
362.4,0.03228,-0.01914,-0.0002,-0.00315,0.18904,0.31431
362.77,0.03242,-0.019,0.01574,0.00543,0.21926,0.34024
363.15,0.03334,-0.01015,0.00469,0.02094,0.23894,0.36112
363.52,0.04803,0.00382,-0.00333,0.02837,0.26341,0.38074
363.9,0.05484,0.01485,0.00153,0.03319,0.2719,0.40524
364.27,0.07217,0.03089,0.01519,0.04608,0.28497,0.44755
364.64,0.06961,0.02715,-0.00042,0.03464,0.2789,0.46245
365.02,0.05502,0.01076,-0.00861,0.03256,0.26557,0.48711
365.39,0.04585,0.01541,-0.00924,0.0339,0.26053,0.49146
365.77,0.05425,0.031,0.0024,0.03612,0.27192,0.49961
366.14,0.05684,0.0323,0.0089,0.05183,0.2923,0.50724
366.52,0.0498,0.02488,0.00941,0.06828,0.31128,0.50769
366.89,0.02763,0.00749,-0.00528,0.07466,0.32546,0.49064
367.26,0.02425,0.00708,-0.00252,0.10115,0.35761,0.50155
367.64,0.03563,0.01373,0.00221,0.12919,0.39881,0.51166
368.01,0.0487,0.02517,0.00417,0.16543,0.42892,0.52289
368.39,0.03555,0.01216,0.0045,0.18717,0.46127,0.52665
368.76,0.02058,0.00646,0.00529,0.21642,0.48772,0.53082
369.13,0.02298,0.00183,0.00311,0.23236,0.51727,0.53647
369.51,0.03259,0.01181,-0.00316,0.26767,0.54513,0.55058
369.88,0.0295,0.0004,-0.00044,0.28805,0.57614,0.55819
370.25,0.0208,0.00279,0.00795,0.29764,0.57778,0.55437
370.63,0.01163,-0.00247,0.00827,0.30846,0.59424,0.55356
371,0.02637,0.01742,0.01534,0.35043,0.60797,0.55662
371.38,0.04516,0.02088,0.03284,0.38205,0.61583,0.56953
371.75,0.0503,0.03281,0.05108,0.42968,0.62636,0.57701
372.12,0.04198,0.02268,0.08576,0.45676,0.63754,0.57507
372.5,0.02902,0.02631,0.11013,0.49859,0.64254,0.57847
372.87,0.03272,0.02327,0.14279,0.54329,0.65664,0.58531
373.24,0.04541,0.02696,0.1815,0.5894,0.66604,0.59494
373.62,0.02959,0.02779,0.22635,0.61835,0.66797,0.59997
373.99,0.02373,0.03705,0.27437,0.65099,0.665,0.59045
374.36,0.02789,0.04869,0.33098,0.67372,0.66995,0.59145
374.74,0.04252,0.06875,0.38655,0.69486,0.67036,0.59475
375.11,0.06233,0.09145,0.44575,0.70402,0.65812,0.59006
375.48,0.06809,0.10662,0.49781,0.71454,0.6688,0.58821
375.86,0.07309,0.12888,0.55772,0.72019,0.66797,0.58691
376.23,0.11405,0.16985,0.61111,0.73166,0.68126,0.59753
376.6,0.14472,0.22035,0.6534,0.73547,0.69627,0.61083
376.98,0.18045,0.27858,0.68576,0.74151,0.69506,0.60845
377.35,0.23931,0.34862,0.71909,0.74207,0.70312,0.61837
377.72,0.30393,0.42124,0.73723,0.74467,0.71911,0.61999
378.1,0.3856,0.50686,0.74996,0.74765,0.71852,0.62221
378.47,0.47173,0.58338,0.76516,0.75576,0.72822,0.62284
378.84,0.5437,0.6394,0.77004,0.76452,0.73032,0.61629
379.22,0.62294,0.69368,0.77985,0.76903,0.7317,0.61429
379.59,0.69246,0.73107,0.78718,0.76278,0.73955,0.61825
379.96,0.74417,0.7646,0.78824,0.7725,0.74307,0.61711
380.33,0.7942,0.78762,0.7895,0.77718,0.74206,0.62251
380.71,0.82365,0.80185,0.79473,0.77681,0.73855,0.62207
381.08,0.84671,0.81096,0.79258,0.77894,0.73387,0.62493
381.45,0.85318,0.8152,0.79348,0.77465,0.72962,0.63363
381.83,0.85826,0.81905,0.79535,0.7733,0.72486,0.63586
382.2,0.86378,0.82054,0.79567,0.77938,0.72274,0.64478
382.57,0.86872,0.81613,0.79604,0.78177,0.71994,0.64455
382.94,0.86622,0.81518,0.79566,0.78055,0.71099,0.64364
383.32,0.869,0.81756,0.7966,0.78931,0.71686,0.64834
383.69,0.86512,0.81578,0.79609,0.78894,0.71994,0.65422
384.06,0.86592,0.81919,0.79433,0.7884,0.71874,0.65217
384.43,0.87337,0.82567,0.79389,0.80136,0.72611,0.65648
384.81,0.87823,0.83208,0.79892,0.80288,0.73156,0.65369
385.18,0.88112,0.8393,0.80103,0.80387,0.734,0.65758
385.55,0.88316,0.84689,0.80458,0.81176,0.74496,0.65962
385.92,0.88574,0.84557,0.80261,0.80749,0.7439,0.65962
386.3,0.88944,0.84916,0.80915,0.80785,0.74437,0.65413
386.67,0.89853,0.84696,0.81664,0.81189,0.7486,0.65111
387.04,0.89855,0.84402,0.82242,0.80711,0.74809,0.65064
387.41,0.9013,0.84587,0.82396,0.80996,0.7478,0.65332
387.78,0.89892,0.8476,0.82626,0.81117,0.74921,0.6474
388.16,0.90029,0.84735,0.83097,0.80754,0.74909,0.64667
388.53,0.90052,0.84865,0.83511,0.80761,0.75398,0.64919
388.9,0.89966,0.8454,0.83051,0.81066,0.75802,0.65355
389.27,0.89377,0.84742,0.83354,0.80964,0.75911,0.65821
389.65,0.89327,0.84826,0.8279,0.80614,0.76147,0.66189
390.02,0.89013,0.84973,0.82615,0.80403,0.75943,0.66641
390.39,0.89115,0.85172,0.82845,0.80434,0.7629,0.67755
390.76,0.895,0.85393,0.82854,0.81001,0.7663,0.6866
391.13,0.901,0.85892,0.8344,0.8181,0.7688,0.69515
391.5,0.90683,0.86398,0.83945,0.82172,0.76803,0.69977
391.88,0.91433,0.86939,0.8363,0.82747,0.77143,0.7084
392.25,0.91357,0.86753,0.83776,0.83026,0.77255,0.71321
392.62,0.91838,0.8699,0.83936,0.83554,0.77794,0.7192
392.99,0.92479,0.86902,0.83825,0.83624,0.7792,0.7216
393.36,0.92509,0.86865,0.83744,0.8318,0.77759,0.72139
393.73,0.92231,0.8697,0.83146,0.82793,0.777,0.72096
394.11,0.9243,0.87149,0.8296,0.82655,0.77922,0.72664
394.48,0.92356,0.87131,0.8296,0.82396,0.77677,0.7266
394.85,0.92675,0.87089,0.83267,0.82367,0.77479,0.72623
395.22,0.92715,0.86825,0.83191,0.82363,0.77274,0.72469
395.59,0.92441,0.86689,0.83031,0.82339,0.77088,0.72552
395.96,0.92361,0.86713,0.83175,0.82764,0.77181,0.7286
396.33,0.92326,0.86448,0.83398,0.83073,0.77106,0.72546
396.71,0.91981,0.86332,0.83623,0.83176,0.76905,0.72019
397.08,0.91841,0.86227,0.83667,0.83072,0.77063,0.71692
397.45,0.9156,0.86354,0.83766,0.83355,0.77408,0.71366
397.82,0.91153,0.86331,0.83772,0.8328,0.77567,0.7106
398.19,0.91048,0.8647,0.8413,0.83698,0.7811,0.70828
398.56,0.90975,0.8632,0.84071,0.83343,0.78554,0.70575
398.93,0.91025,0.86477,0.84198,0.83211,0.78993,0.70937
399.3,0.91165,0.86652,0.84396,0.83337,0.79405,0.7125
399.68,0.91152,0.86497,0.8433,0.83513,0.79613,0.71809
400.05,0.91338,0.86553,0.84164,0.83651,0.79976,0.72355
400.42,0.9188,0.86624,0.84339,0.83959,0.80189,0.73027
400.79,0.91897,0.86606,0.84161,0.83749,0.80385,0.73619
401.16,0.92065,0.86935,0.84339,0.83966,0.80663,0.74332
401.53,0.92047,0.87052,0.84579,0.84416,0.8087,0.74692
401.9,0.92089,0.87041,0.84434,0.84669,0.812,0.75099
402.27,0.92474,0.8723,0.84862,0.84965,0.815,0.75415
402.64,0.92513,0.87276,0.84997,0.84848,0.81512,0.75893
403.01,0.92329,0.8749,0.85225,0.84642,0.81806,0.76234
403.38,0.92336,0.87689,0.85364,0.84486,0.81779,0.76501
403.75,0.92089,0.87483,0.85443,0.84563,0.81556,0.76639
404.12,0.92104,0.87366,0.85444,0.84267,0.81674,0.77059
404.5,0.92167,0.87281,0.85648,0.84015,0.81694,0.77037
404.87,0.92027,0.87327,0.85802,0.83863,0.81913,0.77093
405.24,0.91812,0.8752,0.85927,0.84079,0.81827,0.76763
405.61,0.91593,0.87294,0.85751,0.84133,0.81362,0.7632
405.98,0.91516,0.87168,0.8583,0.84245,0.81038,0.75924
406.35,0.91904,0.87412,0.85847,0.84514,0.81152,0.75817
406.72,0.92114,0.87533,0.86078,0.84826,0.8101,0.75626
407.09,0.92153,0.87671,0.86043,0.85121,0.80829,0.75788
407.46,0.92317,0.87816,0.85856,0.85603,0.80625,0.75807
407.83,0.92621,0.87973,0.85944,0.85729,0.80757,0.76082
408.2,0.92916,0.88389,0.86009,0.86182,0.81109,0.76249
408.57,0.93192,0.88845,0.86237,0.86686,0.81553,0.76552
408.94,0.93303,0.89123,0.86154,0.8676,0.81854,0.76656
409.31,0.93548,0.89408,0.85862,0.86729,0.8234,0.76824
409.68,0.93757,0.89684,0.86033,0.8669,0.8292,0.77152
410.05,0.93835,0.89911,0.86427,0.86622,0.8349,0.77469
410.42,0.94072,0.90043,0.86601,0.86702,0.83949,0.77724
410.79,0.94264,0.89962,0.86846,0.86704,0.84284,0.77922
411.16,0.94489,0.89951,0.8696,0.86836,0.84455,0.77915
411.53,0.94437,0.89665,0.87088,0.86953,0.84414,0.77905
411.9,0.94357,0.89427,0.87372,0.87166,0.84461,0.77886
412.27,0.94262,0.89016,0.87289,0.8721,0.84395,0.77779
412.64,0.94254,0.8862,0.86985,0.87006,0.84386,0.77599
413.01,0.94147,0.88434,0.87069,0.87032,0.84597,0.77629
413.38,0.94021,0.885,0.87222,0.8706,0.84885,0.78046
413.75,0.93928,0.88415,0.87185,0.86936,0.85023,0.78318
414.12,0.94001,0.88589,0.87328,0.86935,0.85173,0.78429
414.49,0.94128,0.88727,0.87341,0.86975,0.8512,0.78524
414.86,0.9426,0.89062,0.87384,0.87115,0.85143,0.78504
415.23,0.94282,0.89347,0.87472,0.87328,0.84968,0.78434
415.6,0.94268,0.89407,0.8728,0.87277,0.84748,0.78338
415.96,0.9419,0.89209,0.87157,0.87243,0.8462,0.77836
416.33,0.94101,0.89209,0.87126,0.87413,0.84685,0.77685
416.7,0.9408,0.89253,0.87186,0.87694,0.84835,0.77498
417.07,0.94019,0.89282,0.87318,0.87869,0.84861,0.77287
417.44,0.94092,0.89411,0.87516,0.88225,0.85018,0.77023
417.81,0.94233,0.89389,0.87745,0.88507,0.85124,0.76695
418.18,0.94526,0.89589,0.88055,0.88896,0.85327,0.76394
418.55,0.94599,0.89772,0.8816,0.89088,0.85391,0.76255
418.92,0.94769,0.89828,0.88326,0.89201,0.85503,0.7591
419.29,0.9481,0.89948,0.88465,0.89229,0.85533,0.75963
419.66,0.94749,0.90065,0.88404,0.89336,0.85592,0.76007
420.03,0.94646,0.90093,0.88391,0.89327,0.85658,0.76251
420.39,0.9451,0.90297,0.88271,0.89499,0.85653,0.76635
420.76,0.94375,0.90287,0.8813,0.89489,0.85585,0.76865
421.13,0.94547,0.90356,0.88105,0.89578,0.85446,0.7701
421.5,0.94408,0.90253,0.88012,0.89328,0.85175,0.77068
421.87,0.94395,0.90252,0.88033,0.89107,0.85207,0.7685
422.24,0.94598,0.90352,0.88385,0.89077,0.85343,0.7697
422.61,0.9461,0.90414,0.88526,0.88945,0.85428,0.76885
422.98,0.94607,0.90439,0.88668,0.88809,0.85647,0.7691
423.35,0.94559,0.90467,0.88832,0.88891,0.85785,0.77048
423.71,0.94478,0.90515,0.88984,0.88975,0.85996,0.77359
424.08,0.9465,0.90803,0.89257,0.89406,0.86207,0.77851
424.45,0.94848,0.90766,0.89389,0.89595,0.86166,0.78391
424.82,0.94744,0.90672,0.89253,0.89517,0.86024,0.78398
425.19,0.94703,0.90686,0.89358,0.89548,0.85839,0.78483
425.56,0.94739,0.90764,0.8942,0.89532,0.85826,0.7828
425.93,0.94808,0.90899,0.89582,0.89452,0.85695,0.78088
426.29,0.9492,0.91088,0.89765,0.895,0.85691,0.77982
426.66,0.9505,0.91191,0.89782,0.896,0.85579,0.77905
427.03,0.95166,0.91314,0.89621,0.89735,0.85442,0.77936
427.4,0.95438,0.91539,0.89527,0.89856,0.85273,0.783
427.77,0.95829,0.91644,0.8951,0.90001,0.85151,0.78831
428.14,0.96188,0.9179,0.89634,0.90009,0.84976,0.79423
428.5,0.96353,0.91734,0.8959,0.90024,0.84885,0.7979
428.87,0.96493,0.91859,0.89705,0.8997,0.84821,0.79873
429.24,0.96479,0.91834,0.89843,0.89684,0.84838,0.7976
429.61,0.96496,0.91966,0.90087,0.89618,0.85053,0.79582
429.98,0.96516,0.91988,0.90223,0.89679,0.85279,0.79199
430.34,0.96447,0.9198,0.90322,0.89846,0.85544,0.78888
430.71,0.96394,0.91805,0.9024,0.89994,0.85585,0.78679
431.08,0.96472,0.91863,0.90332,0.90164,0.85695,0.78753
431.45,0.96473,0.91772,0.90196,0.90314,0.85634,0.79036
431.82,0.96459,0.91698,0.90038,0.90479,0.85512,0.79457
432.18,0.96557,0.91843,0.90179,0.9065,0.85382,0.79923
432.55,0.96633,0.92005,0.90359,0.90597,0.85434,0.80451
432.92,0.96652,0.92248,0.90381,0.90472,0.85518,0.80656
433.29,0.96712,0.92545,0.90524,0.90578,0.85863,0.80774
433.65,0.96813,0.92744,0.90536,0.90562,0.86219,0.80602
434.02,0.97022,0.92883,0.90593,0.90579,0.86682,0.80327
434.39,0.97256,0.93068,0.90685,0.90485,0.87099,0.79994
434.76,0.9732,0.92941,0.90554,0.90247,0.87288,0.79559
435.12,0.97295,0.929,0.90484,0.90251,0.87303,0.79184
435.49,0.97331,0.92854,0.90534,0.90156,0.87179,0.78941
435.86,0.97338,0.9277,0.9052,0.89947,0.86824,0.78876
436.23,0.97267,0.92677,0.90619,0.89822,0.86565,0.78979
436.59,0.97195,0.92573,0.90706,0.89717,0.86372,0.7918
436.96,0.97224,0.92639,0.9083,0.89884,0.86483,0.79413
437.33,0.97095,0.92656,0.90864,0.90082,0.86677,0.7964
437.7,0.9707,0.92559,0.90865,0.90153,0.86955,0.79704
438.06,0.97071,0.92484,0.90761,0.90239,0.87192,0.79685
438.43,0.96979,0.9243,0.90665,0.90314,0.87523,0.79539
438.8,0.96982,0.92494,0.90562,0.90402,0.8777,0.79396
439.16,0.96863,0.92561,0.90552,0.90378,0.87764,0.79182
439.53,0.96793,0.92613,0.90562,0.90236,0.87616,0.79133
439.9,0.96831,0.92725,0.90598,0.90065,0.87294,0.79123
440.27,0.96864,0.92864,0.90575,0.89996,0.87024,0.79403
440.63,0.96986,0.92987,0.90632,0.90057,0.86848,0.79806
441,0.9722,0.93143,0.90714,0.90195,0.86811,0.80309
441.37,0.97318,0.93192,0.9073,0.90415,0.86823,0.80727
441.73,0.97503,0.93189,0.90659,0.90592,0.87009,0.81106
442.1,0.97443,0.92988,0.90484,0.90839,0.87223,0.81209
442.47,0.97521,0.92956,0.90487,0.91126,0.87645,0.813
442.83,0.97507,0.92877,0.90557,0.91191,0.87902,0.81065
443.2,0.97371,0.92821,0.90614,0.91079,0.88061,0.8078
443.57,0.97154,0.92743,0.9068,0.90885,0.87989,0.80395
443.93,0.96977,0.92655,0.9076,0.90606,0.87779,0.80062
444.3,0.96846,0.92694,0.90805,0.90394,0.87424,0.79817
444.67,0.96968,0.927,0.90871,0.90257,0.87116,0.797
445.03,0.96977,0.92672,0.90787,0.90258,0.86673,0.79613
445.4,0.96943,0.92635,0.90712,0.9045,0.8637,0.79605
445.77,0.96907,0.92545,0.90588,0.90743,0.86221,0.79704
446.13,0.96981,0.92557,0.90615,0.91174,0.86255,0.79831
446.5,0.97061,0.92586,0.90573,0.91449,0.86406,0.80027
446.87,0.97052,0.92533,0.90541,0.91615,0.86638,0.80156
447.23,0.97035,0.92658,0.907,0.91623,0.86869,0.8042
447.6,0.96938,0.92744,0.90931,0.91495,0.87124,0.80821
447.96,0.97064,0.9288,0.91153,0.91353,0.87299,0.81266
448.33,0.97169,0.92955,0.9133,0.91084,0.87282,0.81566
448.7,0.97203,0.92922,0.91364,0.9077,0.87116,0.81808
449.06,0.97185,0.92892,0.91354,0.90659,0.86843,0.81966
449.43,0.97228,0.92866,0.91281,0.90727,0.86635,0.8211
449.79,0.97193,0.9278,0.91069,0.90937,0.86375,0.82086
450.16,0.97194,0.92702,0.90866,0.91144,0.86313,0.8187
450.53,0.97122,0.92658,0.90681,0.91384,0.86384,0.818
450.89,0.97016,0.92651,0.9062,0.91595,0.86552,0.81664
451.26,0.96952,0.92736,0.90667,0.91734,0.86946,0.81655
451.62,0.97005,0.92801,0.90812,0.91753,0.87306,0.81625
451.99,0.97004,0.92961,0.91086,0.91602,0.87665,0.81597
452.36,0.96961,0.92962,0.91203,0.91273,0.87867,0.8141
452.72,0.97045,0.93064,0.91452,0.90998,0.87966,0.81261
453.09,0.97067,0.93026,0.9148,0.90664,0.87907,0.8102
453.45,0.97177,0.93065,0.91556,0.90511,0.87783,0.80879
453.82,0.97302,0.93077,0.91516,0.90488,0.87546,0.80725
454.18,0.97268,0.9302,0.91362,0.90473,0.87311,0.80537
454.55,0.97246,0.93001,0.91233,0.90662,0.87052,0.80373
454.92,0.97301,0.9313,0.91235,0.90934,0.86929,0.8042
455.28,0.97206,0.93112,0.91149,0.9111,0.86785,0.8043
455.65,0.97151,0.93288,0.91271,0.91269,0.86757,0.80403
456.01,0.97263,0.93536,0.91476,0.91389,0.86888,0.80376
456.38,0.97261,0.93665,0.91676,0.91329,0.87041,0.80254
456.74,0.97368,0.93746,0.91878,0.91185,0.87241,0.80125
457.11,0.97469,0.93658,0.91944,0.9087,0.87425,0.79978
457.47,0.97573,0.93661,0.92057,0.90603,0.87645,0.79842
457.84,0.97728,0.93582,0.91987,0.90442,0.87883,0.79653
458.2,0.97831,0.93507,0.91835,0.90423,0.88038,0.79391
458.57,0.9764,0.93302,0.91518,0.90343,0.88103,0.78873
458.93,0.97605,0.93178,0.91221,0.90396,0.88146,0.78112
459.3,0.97552,0.93207,0.90971,0.90682,0.88128,0.77067
459.66,0.97576,0.93373,0.90951,0.91114,0.88147,0.75603
460.03,0.97462,0.93415,0.90861,0.9146,0.88104,0.73621
460.39,0.97428,0.93606,0.90924,0.91762,0.8805,0.71201
460.76,0.97445,0.93685,0.91068,0.91873,0.88048,0.68496
461.12,0.97617,0.93747,0.9122,0.91962,0.88077,0.65647
461.49,0.97644,0.93706,0.91369,0.91938,0.88109,0.6281
461.85,0.97678,0.93681,0.9151,0.91739,0.8813,0.59944
462.22,0.97682,0.93511,0.9145,0.91429,0.88124,0.57226
462.58,0.97701,0.93375,0.91378,0.9102,0.88117,0.54677
462.95,0.97676,0.93221,0.91315,0.90706,0.88084,0.52374
463.31,0.97673,0.931,0.91145,0.9054,0.88052,0.50249
463.68,0.97577,0.92999,0.91013,0.90446,0.87935,0.48275
464.04,0.97529,0.93015,0.9091,0.90457,0.87773,0.46446
464.41,0.97484,0.93045,0.90858,0.90576,0.87657,0.44772
464.77,0.97503,0.93241,0.90969,0.90823,0.87633,0.43362
465.13,0.97498,0.93357,0.91111,0.9118,0.87572,0.42115
465.5,0.97546,0.93496,0.91246,0.91506,0.87561,0.40999
465.86,0.97495,0.93554,0.91478,0.91672,0.87438,0.39926
466.23,0.97558,0.9361,0.91649,0.91797,0.8741,0.3889
466.59,0.97678,0.93596,0.91914,0.91922,0.8742,0.37776
466.96,0.97717,0.93511,0.92038,0.91931,0.87334,0.36474
467.32,0.97657,0.93329,0.9206,0.91825,0.87184,0.34968
467.68,0.97683,0.93228,0.92045,0.91774,0.87132,0.33314
468.05,0.9759,0.93129,0.91884,0.91644,0.87069,0.31434
468.41,0.97588,0.93099,0.91733,0.91646,0.87073,0.29408
468.78,0.97561,0.9317,0.91549,0.91704,0.87141,0.27259
469.14,0.97455,0.93288,0.91249,0.91691,0.87183,0.24976
469.5,0.97478,0.93507,0.91141,0.91852,0.87412,0.22743
469.87,0.97505,0.93687,0.90988,0.91926,0.87453,0.20502
470.23,0.97566,0.93895,0.90979,0.9199,0.87415,0.1834
470.6,0.97692,0.93998,0.91062,0.91985,0.87231,0.16369
470.96,0.97784,0.94107,0.91166,0.91965,0.86967,0.14587
471.32,0.97943,0.94185,0.9142,0.91911,0.86599,0.13109
471.69,0.9806,0.94162,0.91635,0.91864,0.86035,0.11944
472.05,0.9815,0.94026,0.91786,0.91675,0.85246,0.11141
472.42,0.98202,0.93909,0.91961,0.91615,0.84467,0.10702
472.78,0.98182,0.93724,0.92013,0.91531,0.83446,0.10536
473.14,0.98092,0.93504,0.92031,0.91493,0.82216,0.10524
473.51,0.98033,0.93378,0.92043,0.91467,0.80755,0.10605
473.87,0.97828,0.93146,0.91922,0.91367,0.78837,0.10594
474.23,0.97644,0.93082,0.91885,0.91311,0.7661,0.10526
474.6,0.97461,0.93149,0.91865,0.91282,0.73998,0.10283
474.96,0.97393,0.93268,0.91842,0.9132,0.71002,0.0987
475.32,0.97305,0.93438,0.91821,0.91292,0.67708,0.0931
475.69,0.97274,0.93721,0.91879,0.91357,0.64278,0.08717
476.05,0.97232,0.93897,0.91879,0.91333,0.60741,0.08104
476.41,0.97329,0.94125,0.91956,0.91477,0.57316,0.07513
476.78,0.97529,0.94248,0.92013,0.91565,0.54138,0.06925
477.14,0.97731,0.94264,0.92015,0.91657,0.51226,0.06359
477.5,0.97858,0.94199,0.92037,0.9168,0.48644,0.05779
477.87,0.97996,0.94143,0.92052,0.91683,0.46399,0.05197
478.23,0.98109,0.94055,0.92021,0.91642,0.44427,0.04549
478.59,0.98144,0.93995,0.92034,0.91634,0.42709,0.03907
478.96,0.98103,0.939,0.91978,0.91509,0.41149,0.03287
479.32,0.98003,0.9387,0.91908,0.91416,0.39608,0.02713
479.68,0.97864,0.93823,0.91835,0.91332,0.37997,0.0221
480.04,0.97796,0.93837,0.917,0.91217,0.36213,0.01779
480.41,0.97711,0.93822,0.91564,0.9115,0.3425,0.01409
480.77,0.97642,0.93824,0.91461,0.91121,0.32083,0.01139
481.13,0.97657,0.93837,0.91342,0.91121,0.29707,0.0092
481.5,0.97665,0.93859,0.91285,0.91085,0.27098,0.00746
481.86,0.9771,0.93836,0.91283,0.91036,0.24444,0.00616
482.22,0.97772,0.93878,0.91369,0.90949,0.21822,0.00504
482.58,0.97798,0.93875,0.91538,0.90783,0.19385,0.0043
482.95,0.97858,0.93869,0.91753,0.90508,0.17249,0.00378
483.31,0.97856,0.93838,0.91883,0.89932,0.15497,0.0033
483.67,0.97842,0.93815,0.91974,0.88983,0.14055,0.00281
484.03,0.97807,0.93733,0.92014,0.8758,0.12908,0.00253
484.4,0.97786,0.93654,0.91989,0.85615,0.1192,0.00223
484.76,0.97745,0.93456,0.91866,0.82993,0.10994,0.00202
485.12,0.97678,0.93299,0.91707,0.79849,0.10046,0.00182
485.48,0.97553,0.93171,0.91569,0.76211,0.09029,0.00156
485.85,0.97468,0.931,0.91502,0.72308,0.07958,0.0014
486.21,0.97363,0.93093,0.9149,0.68333,0.06889,0.00133
486.57,0.97289,0.93217,0.91508,0.64467,0.05867,0.0013
486.93,0.97202,0.93348,0.91458,0.60813,0.04952,0.00136
487.29,0.97258,0.93597,0.91504,0.57546,0.04179,0.00135
487.66,0.97294,0.93848,0.91569,0.54609,0.03526,0.00128
488.02,0.97436,0.94051,0.91624,0.51981,0.02997,0.00128
488.38,0.97594,0.94128,0.91686,0.49573,0.02548,0.0013
488.74,0.97768,0.9408,0.91719,0.47101,0.0214,0.00126
489.1,0.97926,0.93997,0.9176,0.44418,0.01799,0.00118
489.47,0.98031,0.93877,0.91848,0.41368,0.01492,0.00112
489.83,0.97969,0.93744,0.9184,0.37897,0.01229,0.00099
490.19,0.9791,0.93637,0.91778,0.33999,0.01008,0.00094
490.55,0.97846,0.93589,0.91611,0.2988,0.00842,0.00101
490.91,0.97764,0.93517,0.91192,0.25653,0.00695,0.0009
491.27,0.97672,0.93517,0.90524,0.21603,0.00592,0.00094
491.64,0.9759,0.9348,0.89475,0.17951,0.00491,0.00086
492,0.97488,0.93506,0.87954,0.14871,0.00419,0.0008
492.36,0.97466,0.93526,0.85951,0.12369,0.00364,0.0009
492.72,0.97455,0.9356,0.8338,0.10413,0.00328,0.00091
493.08,0.97429,0.93604,0.8029,0.08858,0.00289,0.00079
493.44,0.9745,0.93719,0.76775,0.07617,0.00269,0.0009
493.81,0.97452,0.93784,0.72893,0.06527,0.00242,0.00094
494.17,0.97449,0.93836,0.68747,0.05579,0.00222,0.00105
494.53,0.97555,0.93893,0.64433,0.04709,0.00206,0.00101
494.89,0.97596,0.93848,0.59879,0.03926,0.00199,0.00095
495.25,0.97617,0.93705,0.55083,0.03263,0.00186,0.00089
495.61,0.97661,0.93503,0.49961,0.02714,0.00174,0.00093
495.97,0.97646,0.9316,0.44568,0.02262,0.00167,0.00079
496.33,0.97615,0.9268,0.38987,0.01916,0.00169,0.00079
496.7,0.9752,0.91871,0.3334,0.01613,0.00164,0.00074
497.06,0.97326,0.90528,0.27834,0.01355,0.00158,0.00076
497.42,0.97056,0.88644,0.22723,0.01143,0.0015,0.00079
497.78,0.96587,0.86113,0.18253,0.00966,0.00154,0.00083
498.14,0.95735,0.82774,0.14535,0.00822,0.00156,0.0008
498.5,0.94442,0.78736,0.11597,0.00704,0.00147,0.00081
498.86,0.92532,0.73885,0.09337,0.00607,0.00145,0.00077
499.22,0.89927,0.68335,0.07644,0.00526,0.00149,0.00074
499.58,0.8649,0.62161,0.06368,0.00466,0.0015,0.00073
499.94,0.82228,0.55515,0.05373,0.00431,0.00157,0.00069
500.3,0.7707,0.48543,0.04538,0.00382,0.00147,0.00067
500.67,0.71128,0.41572,0.03819,0.00349,0.00153,0.00074
501.03,0.64475,0.34781,0.03187,0.00322,0.0015,0.00078
501.39,0.57282,0.28404,0.02653,0.00302,0.0014,0.00077
501.75,0.49821,0.22721,0.02214,0.00289,0.00134,0.00071
502.11,0.42313,0.17887,0.01856,0.0027,0.00124,0.00064
502.47,0.35147,0.14027,0.01566,0.00252,0.00128,0.00073
502.83,0.2855,0.11056,0.01339,0.00246,0.00126,0.00077
503.19,0.2278,0.08841,0.01139,0.00242,0.00114,0.00072
503.55,0.17995,0.07209,0.00974,0.00235,0.00117,0.0007
503.91,0.14194,0.0597,0.00828,0.00226,0.00111,0.00062
504.27,0.1133,0.0502,0.00711,0.00219,0.00113,0.00071
504.63,0.09187,0.04252,0.00609,0.00218,0.00118,0.00086
504.99,0.0756,0.03576,0.0053,0.00216,0.00106,0.00076
505.35,0.06319,0.02987,0.00464,0.0021,0.00104,0.00068
505.71,0.05336,0.02488,0.00424,0.00206,0.00106,0.00067
506.07,0.04516,0.0207,0.0039,0.00199,0.00103,0.0007
506.43,0.03804,0.01749,0.00366,0.002,0.00106,0.00077
506.79,0.03175,0.01487,0.00337,0.00195,0.00101,0.0007
507.15,0.02645,0.0127,0.00324,0.0019,0.00103,0.00058
507.51,0.0221,0.01087,0.00306,0.00182,0.00095,0.00053
507.87,0.01871,0.00934,0.00296,0.00183,0.00095,0.00056
508.23,0.01591,0.00795,0.00282,0.0017,0.00086,0.00052
508.59,0.0136,0.0069,0.00274,0.00176,0.0009,0.00056
508.95,0.01155,0.00598,0.00265,0.00166,0.00088,0.0005
509.31,0.0099,0.00531,0.00263,0.0016,0.00092,0.00052
509.67,0.00852,0.0048,0.00255,0.00165,0.00086,0.00063
510.03,0.00744,0.0044,0.00248,0.00162,0.00095,0.00067
510.39,0.00663,0.00412,0.00249,0.0016,0.00105,0.00072
510.75,0.00602,0.00394,0.00247,0.00164,0.00106,0.00082
511.11,0.00556,0.0038,0.00251,0.00168,0.00107,0.0008
511.47,0.00516,0.00361,0.00246,0.00169,0.00106,0.00081
511.83,0.00479,0.00351,0.00241,0.00173,0.00105,0.00084
512.19,0.00461,0.00339,0.00238,0.00172,0.0011,0.00078
512.55,0.0043,0.0033,0.00239,0.00169,0.00101,0.00072
512.91,0.0041,0.00318,0.00229,0.00168,0.00098,0.00075
513.27,0.00381,0.00297,0.00217,0.00155,0.00092,0.00063
513.62,0.00362,0.00283,0.00204,0.0015,0.00091,0.00058
513.98,0.00356,0.00285,0.00206,0.00157,0.00102,0.00071
514.34,0.00348,0.00279,0.00204,0.00158,0.00103,0.0007
514.7,0.00327,0.00271,0.00195,0.00154,0.00098,0.00073
515.06,0.00321,0.00266,0.0019,0.00151,0.00111,0.00079
515.42,0.00311,0.00258,0.00191,0.0015,0.00103,0.00073
515.78,0.0031,0.00262,0.00197,0.0016,0.00111,0.0008
516.14,0.00302,0.00257,0.00194,0.00146,0.0011,0.00081
516.5,0.00292,0.00239,0.00183,0.00132,0.00101,0.00066
516.86,0.0029,0.00236,0.00181,0.0013,0.00098,0.00068
517.22,0.00289,0.00235,0.00182,0.00132,0.00098,0.00062
517.57,0.00288,0.00229,0.00179,0.00133,0.00092,0.00056
517.93,0.00284,0.00232,0.00183,0.00135,0.00099,0.00064
518.29,0.00283,0.0023,0.00179,0.00131,0.001,0.00059
518.65,0.00281,0.00232,0.00181,0.0014,0.001,0.0006
519.01,0.00272,0.00231,0.00182,0.00138,0.00095,0.00061
519.37,0.00262,0.0023,0.0018,0.00142,0.00094,0.00064
519.73,0.00254,0.00222,0.00181,0.00136,0.00095,0.00069
520.08,0.00254,0.00218,0.00176,0.00139,0.001,0.00075
520.44,0.00246,0.00215,0.00164,0.00136,0.00098,0.00072
520.8,0.00236,0.00209,0.00157,0.00135,0.00093,0.00074
521.16,0.00233,0.00204,0.00154,0.00131,0.00093,0.0007
521.52,0.00231,0.00204,0.00151,0.0013,0.00094,0.00073
521.88,0.00226,0.00192,0.00145,0.00125,0.00095,0.00065
522.24,0.00225,0.00189,0.00136,0.00116,0.00093,0.00061
522.59,0.00214,0.00184,0.00136,0.00111,0.00088,0.00055
522.95,0.00208,0.00178,0.00129,0.00101,0.00082,0.00047
523.31,0.00206,0.00174,0.00126,0.00096,0.00083,0.00041
523.67,0.002,0.0017,0.0012,0.00093,0.00079,0.00042
524.03,0.00197,0.00167,0.00117,0.00091,0.00079,0.0004
524.38,0.00196,0.00169,0.00118,0.00086,0.00078,0.00038
524.74,0.00195,0.00172,0.00119,0.00092,0.00076,0.00038
525.1,0.00197,0.00174,0.00117,0.00097,0.00079,0.00044
525.46,0.002,0.00174,0.0012,0.00108,0.00084,0.0005
525.82,0.00194,0.00166,0.00117,0.00104,0.00079,0.00048
526.17,0.00194,0.00162,0.00116,0.00108,0.00076,0.00047
526.53,0.00193,0.0016,0.0012,0.00118,0.00078,0.00054
526.89,0.0019,0.00151,0.00115,0.00119,0.0008,0.00054
527.25,0.00186,0.00143,0.00113,0.00118,0.00082,0.00054
527.61,0.00183,0.00138,0.00114,0.00108,0.00077,0.00051
527.96,0.0018,0.00133,0.00117,0.00107,0.0008,0.0005
528.32,0.00178,0.00134,0.0012,0.00114,0.00084,0.00057
528.68,0.00172,0.00133,0.0012,0.00116,0.00085,0.00062
529.04,0.00168,0.00128,0.00119,0.00111,0.0008,0.00055
529.39,0.0017,0.00134,0.0012,0.00115,0.00083,0.00065
529.75,0.00165,0.00138,0.00122,0.00116,0.0008,0.00065
530.11,0.00159,0.00141,0.00123,0.00124,0.00081,0.0007
530.47,0.00152,0.00139,0.00115,0.00121,0.00072,0.00067
530.82,0.00153,0.00136,0.00111,0.00117,0.00072,0.00062
531.18,0.0015,0.00129,0.00106,0.00112,0.00068,0.00052
531.54,0.00149,0.00131,0.00105,0.00111,0.0007,0.00056
531.9,0.00144,0.00126,0.00107,0.00107,0.00068,0.00049
532.25,0.00143,0.00125,0.00108,0.0011,0.00071,0.00051
532.61,0.00141,0.0012,0.00107,0.00104,0.00072,0.00044
532.97,0.00141,0.00117,0.00108,0.00103,0.00078,0.00044
533.32,0.00139,0.00118,0.0011,0.00099,0.00081,0.00048
533.68,0.00135,0.00119,0.00113,0.00096,0.00084,0.00047
534.04,0.00126,0.00114,0.0011,0.00091,0.00079,0.00038
534.4,0.00123,0.00108,0.00103,0.00091,0.00072,0.00034
534.75,0.0012,0.001,0.00097,0.00086,0.00069,0.00029
535.11,0.00118,0.00092,0.00087,0.00084,0.00064,0.00028
535.47,0.00117,0.0009,0.00087,0.00079,0.00062,0.00025
535.82,0.00117,0.00085,0.00088,0.0008,0.00062,0.00019
536.18,0.00122,0.00084,0.00089,0.00078,0.00064,0.00022
536.54,0.00129,0.00088,0.00086,0.00079,0.0007,0.00026
536.89,0.00136,0.001,0.00098,0.00083,0.00073,0.00033
537.25,0.00136,0.00101,0.00099,0.0008,0.00072,0.00036
537.61,0.00135,0.00107,0.00108,0.00079,0.00071,0.00034
537.96,0.00134,0.00109,0.00109,0.00082,0.00071,0.0004
538.32,0.00133,0.00115,0.00111,0.00089,0.00071,0.00045
538.68,0.00135,0.0012,0.00117,0.00096,0.00069,0.00048
539.03,0.00126,0.00116,0.00121,0.00092,0.00064,0.00045
539.39,0.0012,0.00108,0.00114,0.00084,0.00058,0.00038
539.75,0.00123,0.00112,0.00118,0.00085,0.00056,0.0004
540.1,0.00131,0.00116,0.00125,0.00093,0.00064,0.00045
540.46,0.00136,0.00118,0.00128,0.00099,0.00063,0.00043
540.81,0.00139,0.00117,0.0013,0.00092,0.00061,0.00044
541.17,0.00129,0.00109,0.00112,0.00086,0.00055,0.00036
541.53,0.00132,0.00114,0.00113,0.00088,0.00061,0.00039
541.88,0.00131,0.00114,0.00111,0.00092,0.00065,0.00042
542.24,0.0013,0.0012,0.00109,0.00096,0.00069,0.00045
542.59,0.00126,0.00117,0.00097,0.00092,0.00059,0.0004
542.95,0.00125,0.00114,0.00095,0.00085,0.00057,0.00037
543.31,0.00127,0.00112,0.00091,0.00086,0.00055,0.00036
543.66,0.00133,0.00114,0.00107,0.00094,0.0006,0.00046
544.02,0.0014,0.00116,0.00107,0.00095,0.00057,0.00051
544.37,0.00142,0.00115,0.00109,0.00099,0.00054,0.00047
544.73,0.00143,0.00107,0.00106,0.00093,0.0005,0.00042
545.09,0.0014,0.00103,0.00106,0.00092,0.00049,0.00044
545.44,0.00138,0.00107,0.00105,0.00091,0.0005,0.00044
545.8,0.00133,0.00106,0.001,0.00084,0.0005,0.00043
546.15,0.0013,0.00108,0.00097,0.00075,0.00049,0.00038
546.51,0.00125,0.00099,0.00093,0.00078,0.00048,0.00031
546.86,0.00122,0.00099,0.00092,0.00071,0.00045,0.0003
547.22,0.00126,0.00099,0.00093,0.00074,0.00052,0.00032
547.58,0.00122,0.001,0.0009,0.0007,0.00052,0.0003
547.93,0.00121,0.00098,0.0009,0.00075,0.0005,0.00028
548.29,0.00115,0.00101,0.00086,0.00081,0.00051,0.00029
548.64,0.00115,0.00098,0.00089,0.00085,0.00052,0.00035
549,0.00113,0.00098,0.00087,0.00084,0.00052,0.00036
549.35,0.00114,0.00101,0.00089,0.00089,0.00057,0.00042
549.71,0.00109,0.00101,0.00088,0.0009,0.00052,0.00038
550.06,0.0011,0.00099,0.00088,0.00092,0.00051,0.00035
550.42,0.00112,0.00099,0.00084,0.00089,0.00051,0.00034
550.77,0.00113,0.001,0.00091,0.00089,0.00047,0.00037
551.13,0.00111,0.00099,0.00082,0.00087,0.00042,0.00035
551.48,0.00117,0.00105,0.00081,0.00089,0.00049,0.00039
551.84,0.00117,0.00107,0.00076,0.00083,0.00048,0.00036
552.19,0.00117,0.00106,0.00077,0.00082,0.00049,0.00036
552.55,0.0012,0.00108,0.00082,0.00087,0.00055,0.00042
552.9,0.00114,0.00102,0.00078,0.00082,0.0005,0.00039
553.26,0.00118,0.00099,0.00074,0.00083,0.00053,0.00041
553.61,0.00116,0.00096,0.00072,0.00076,0.00054,0.00031
553.97,0.00106,0.0009,0.00067,0.00068,0.00043,0.00024
554.32,0.00105,0.00091,0.00073,0.00078,0.00042,0.0003
554.68,0.00103,0.00086,0.00066,0.00072,0.00032,0.00028
555.03,0.00101,0.00083,0.00062,0.00065,0.00028,0.00024
555.39,0.00105,0.00085,0.00071,0.00068,0.0003,0.0003
555.74,0.001,0.00079,0.00068,0.00066,0.00026,0.00025
556.1,0.00105,0.00087,0.00073,0.00076,0.00028,0.00036
556.45,0.00112,0.00089,0.00076,0.00077,0.00033,0.0004
556.8,0.00111,0.00081,0.00071,0.00069,0.00031,0.00032
557.16,0.00112,0.00085,0.00071,0.00073,0.00036,0.00034
557.51,0.00111,0.00086,0.00072,0.00077,0.00033,0.00033
557.87,0.00105,0.00084,0.00066,0.00072,0.00036,0.00028
558.22,0.00108,0.00084,0.00068,0.0007,0.00039,0.00023
558.58,0.00106,0.00079,0.00062,0.00065,0.00036,0.00019
558.93,0.00103,0.00082,0.00065,0.00067,0.00037,0.00017
559.28,0.00101,0.00082,0.00063,0.00067,0.00039,0.00017
559.64,0.00096,0.00077,0.00063,0.00063,0.00038,0.00013
559.99,0.00095,0.00075,0.00061,0.00055,0.00037,0.0001
560.35,0.00097,0.00077,0.00058,0.0006,0.00035,0.00013
560.7,0.00095,0.00079,0.00056,0.0006,0.00032,0.00014
561.05,0.00098,0.00083,0.00061,0.00062,0.00033,0.00013
561.41,0.00096,0.00075,0.0006,0.00057,0.00032,0.00015
561.76,0.00098,0.00077,0.0006,0.00056,0.00034,0.00019
562.12,0.00101,0.00077,0.00062,0.00061,0.00036,0.00023
562.47,0.00101,0.0008,0.00068,0.00065,0.00045,0.0003
562.82,0.00097,0.00078,0.00071,0.00059,0.00044,0.00027
563.18,0.00096,0.00074,0.00068,0.00056,0.00045,0.00027
563.53,0.00089,0.00067,0.00061,0.00049,0.00045,0.00027
563.88,0.00087,0.00066,0.00056,0.00046,0.0004,0.00023
564.24,0.00082,0.00059,0.0005,0.00042,0.00032,0.00016
564.59,0.00084,0.0006,0.00051,0.0004,0.00036,0.00016
564.95,0.00083,0.00056,0.00047,0.00039,0.00033,0.00012
565.3,0.00088,0.00057,0.00045,0.00049,0.00037,0.00016
565.65,0.00085,0.00059,0.00048,0.00049,0.00037,0.00016
566.01,0.00086,0.00067,0.00045,0.00053,0.00035,0.0002
566.36,0.00092,0.00073,0.00053,0.00063,0.00043,0.00023
566.71,0.00093,0.00078,0.00055,0.00067,0.00044,0.00028
567.07,0.00088,0.00072,0.00056,0.00062,0.00036,0.00026
567.42,0.00084,0.00073,0.00054,0.00066,0.00036,0.00028
567.77,0.00083,0.00073,0.00057,0.00063,0.00034,0.00028
568.13,0.00089,0.00075,0.00057,0.00065,0.00036,0.00033
568.48,0.00093,0.00071,0.00067,0.00074,0.00038,0.00032
568.83,0.00089,0.00067,0.00061,0.00069,0.00037,0.00032
569.18,0.00092,0.00064,0.00061,0.00067,0.00039,0.00027
569.54,0.00089,0.00065,0.00058,0.0007,0.00042,0.00025
569.89,0.00096,0.00068,0.00065,0.00071,0.00044,0.00025
570.24,0.00098,0.00072,0.00064,0.00071,0.00043,0.00026
570.6,0.00094,0.0007,0.00065,0.00068,0.00041,0.0002
570.95,0.0009,0.00069,0.0006,0.00061,0.00037,0.0002
571.3,0.00088,0.0007,0.00063,0.00058,0.00034,0.00019
571.65,0.00086,0.00074,0.00061,0.00059,0.00033,0.00022
572.01,0.00087,0.00072,0.00059,0.00055,0.00032,0.00022
572.36,0.00081,0.00066,0.00049,0.00047,0.00026,0.00018
572.71,0.00083,0.00066,0.00051,0.00053,0.00034,0.0002
573.06,0.00086,0.00069,0.00053,0.00056,0.00039,0.00021
573.42,0.00086,0.00067,0.00052,0.00054,0.00038,0.00012
573.77,0.00089,0.00067,0.00049,0.00059,0.00041,0.00014
574.12,0.00088,0.00067,0.00055,0.00062,0.00043,0.00013
574.47,0.00085,0.00071,0.00055,0.00064,0.00044,0.00017
574.83,0.00085,0.00072,0.00058,0.00063,0.00047,0.00022
575.18,0.00081,0.00066,0.00058,0.00056,0.00041,0.0002
575.53,0.00078,0.00064,0.00054,0.00051,0.00037,0.00018
575.88,0.00077,0.00062,0.00057,0.00054,0.00041,0.00027
576.24,0.00079,0.00061,0.00055,0.00053,0.00038,0.00028
576.59,0.0008,0.0006,0.00056,0.00052,0.00038,0.00032
576.94,0.00078,0.00058,0.00053,0.00051,0.00033,0.0003
577.29,0.00082,0.00061,0.00055,0.00057,0.00031,0.00031
577.64,0.00076,0.0006,0.0005,0.00056,0.00029,0.00027
578,0.00077,0.00061,0.0005,0.00057,0.00029,0.00029
578.35,0.00078,0.00062,0.00049,0.00056,0.00028,0.00027
578.7,0.00068,0.0006,0.00045,0.00048,0.00025,0.0002
579.05,0.00067,0.00055,0.00041,0.00043,0.00021,0.00016
579.4,0.00072,0.00056,0.00043,0.00043,0.00024,0.00016
579.76,0.0007,0.00051,0.0004,0.0004,0.00022,0.00013
580.11,0.00075,0.00052,0.0004,0.0004,0.0002,0.00014
580.46,0.00073,0.00047,0.00042,0.00042,0.00018,0.00014
580.81,0.00072,0.00044,0.0004,0.0004,0.00017,0.00015
581.16,0.00075,0.00044,0.00043,0.00044,0.0002,0.00021
581.51,0.00075,0.00046,0.00045,0.00048,0.00021,0.00024
581.87,0.00074,0.00047,0.00047,0.00048,0.00021,0.00026
582.22,0.00073,0.0005,0.00048,0.0005,0.00025,0.00023
582.57,0.00072,0.00049,0.0005,0.00046,0.0003,0.00025
582.92,0.00075,0.00055,0.00052,0.00045,0.00031,0.00025
583.27,0.00075,0.0006,0.00058,0.00051,0.00033,0.00023
583.62,0.00081,0.00061,0.00058,0.00053,0.00034,0.00019
583.97,0.00079,0.00061,0.00057,0.00049,0.00032,0.00013
584.33,0.00087,0.00064,0.00062,0.00057,0.00037,0.00015
584.68,0.00091,0.00064,0.00061,0.00058,0.00037,0.00022
585.03,0.0009,0.00064,0.00056,0.00058,0.0003,0.00017
585.38,0.00088,0.00063,0.00056,0.00058,0.0003,0.00019
585.73,0.00089,0.00064,0.00053,0.00054,0.00029,0.00019
586.08,0.0009,0.00069,0.00054,0.00054,0.00026,0.00021
586.43,0.00084,0.00067,0.00051,0.0005,0.00023,0.00022
586.78,0.00077,0.00066,0.00045,0.00046,0.00022,0.00019
587.13,0.00075,0.00068,0.00049,0.00048,0.00024,0.00016
587.48,0.00075,0.00068,0.00053,0.0005,0.00028,0.00016
587.84,0.00074,0.00066,0.00049,0.00048,0.00026,0.00012
588.19,0.00074,0.00062,0.0005,0.00052,0.00024,0.00014
588.54,0.00074,0.00058,0.00052,0.00055,0.00028,0.00011
588.89,0.0008,0.00062,0.00054,0.00064,0.00034,0.00014
589.24,0.00081,0.00059,0.00054,0.00063,0.0003,0.00015
589.59,0.00078,0.00059,0.00048,0.0006,0.00025,0.00011
589.94,0.00078,0.00061,0.00048,0.00063,0.00022,0.00015
590.29,0.00077,0.00059,0.00046,0.00062,0.0002,0.00016
590.64,0.00072,0.00058,0.00046,0.00056,0.00019,0.00012
590.99,0.00069,0.00059,0.0004,0.00052,0.00019,0.0001
591.34,0.0007,0.00059,0.00042,0.00051,0.0002,0.0001
591.69,0.00067,0.00058,0.0004,0.0005,0.00019,8.00E-05
592.04,0.00065,0.00051,0.00038,0.00046,0.00018,4.00E-05
592.39,0.00066,0.00051,0.00042,0.00047,0.00023,7.00E-05
592.74,0.00067,0.00053,0.00045,0.00048,0.00027,7.00E-05
593.09,0.00067,0.00053,0.00039,0.0005,0.00025,5.00E-05
593.44,0.00066,0.00048,0.0004,0.00048,0.00021,5.00E-05
593.79,0.00068,0.00044,0.00042,0.00045,0.00017,3.00E-05
594.14,0.0007,0.00049,0.00045,0.00045,0.0002,8.00E-05
594.49,0.00069,0.00051,0.00048,0.00045,0.00021,9.00E-05
594.84,0.00065,0.00046,0.00043,0.00045,0.0002,7.00E-05
595.19,0.00064,0.0005,0.00042,0.00044,0.00021,9.00E-05
595.54,0.00068,0.00054,0.00049,0.00042,0.00026,0.00014
595.89,0.00074,0.00059,0.00052,0.00047,0.00029,0.00021
596.24,0.00077,0.0006,0.0005,0.0005,0.00032,0.00023
596.59,0.00072,0.00051,0.00046,0.00048,0.00027,0.00015
596.94,0.00075,0.00052,0.00045,0.00049,0.00031,0.00018
597.29,0.00081,0.00055,0.0005,0.00048,0.00033,0.00021
597.64,0.00083,0.00051,0.00052,0.00053,0.00034,0.00022
597.99,0.00081,0.00047,0.0005,0.00055,0.00027,0.00019
598.34,0.00074,0.00044,0.00045,0.00052,0.00026,0.00014
598.69,0.00068,0.00045,0.00039,0.00044,0.00023,9.00E-05
599.04,0.00072,0.0005,0.00038,0.00048,0.00024,0.00012
599.39,0.00072,0.00052,0.00042,0.0005,0.00022,0.00012
599.74,0.00062,0.00049,0.00036,0.00047,0.00016,4.00E-05
600.09,0.00064,0.00052,0.00034,0.00045,0.0002,5.00E-05
600.44,0.00063,0.00054,0.00031,0.00042,0.00026,8.00E-05
600.79,0.00064,0.00054,0.00031,0.00037,0.00027,6.00E-05
601.14,0.00062,0.00053,0.00035,0.00041,0.00028,0.00013
601.49,0.00063,0.00053,0.00037,0.00039,0.0003,0.00015
601.83,0.00065,0.00049,0.00033,0.00035,0.00026,0.00012
602.18,0.00069,0.00051,0.00034,0.00034,0.00027,0.00016
602.53,0.00061,0.00043,0.00031,0.0003,0.0002,0.0001
602.88,0.00061,0.00045,0.00032,0.00033,0.00017,9.00E-05
603.23,0.00062,0.00047,0.00035,0.00038,0.00017,0.00017
603.58,0.00062,0.00045,0.0004,0.00043,0.00019,0.00014
603.93,0.00056,0.00047,0.00039,0.00043,0.00017,0.00011
604.28,0.00058,0.00051,0.00044,0.00048,0.00021,0.00013
604.63,0.00057,0.00053,0.00042,0.00049,0.00021,0.00012
604.97,0.00064,0.00058,0.00042,0.00051,0.0002,0.00014
605.32,0.00067,0.00051,0.00039,0.00048,0.00016,0.0001
605.67,0.00064,0.00049,0.00036,0.00047,0.00014,4.00E-05
606.02,0.00068,0.00047,0.00033,0.00042,0.00015,2.00E-05
606.37,0.00075,0.00045,0.00036,0.00044,0.00019,0
606.72,0.00074,0.00039,0.00032,0.00039,0.00018,-3.00E-05
607.07,0.00075,0.00036,0.00034,0.00039,0.0002,-1.00E-05
607.42,0.00073,0.00034,0.00036,0.0004,0.00019,-2.00E-05
607.76,0.00064,0.0003,0.00038,0.00038,0.00019,0
608.11,0.00065,0.00034,0.00039,0.00032,0.00021,1.00E-05
608.46,0.0006,0.00035,0.00034,0.00026,0.00013,1.00E-05
608.81,0.00054,0.00034,0.00031,0.00025,0.00011,4.00E-05
609.16,0.0005,0.00036,0.00029,0.00027,5.00E-05,9.00E-05
609.51,0.00049,0.00035,0.0003,0.00026,-1.00E-05,3.00E-05
609.85,0.00056,0.00036,0.00033,0.00026,5.00E-05,7.00E-05
610.2,0.00058,0.00042,0.00031,0.00028,2.00E-05,2.00E-05
610.55,0.00058,0.00041,0.00027,0.00031,-1.00E-05,1.00E-05
610.9,0.00061,0.0004,0.00028,0.00033,-1.00E-05,-1.00E-05
611.25,0.00064,0.0004,0.00028,0.0003,3.00E-05,-2.00E-05
611.59,0.00061,0.00037,0.00029,0.00023,4.00E-05,-4.00E-05
611.94,0.00056,0.00032,0.00023,0.00015,1.00E-05,-3.00E-05
612.29,0.00047,0.00028,0.00016,9.00E-05,-6.00E-05,-7.00E-05
612.64,0.00045,0.00029,0.00019,9.00E-05,-2.00E-05,-1.00E-05
612.99,0.00043,0.00027,0.0002,0.00012,-2.00E-05,-2.00E-05
613.33,0.00042,0.00031,0.00022,0.00012,4.00E-05,1.00E-05
613.68,0.00038,0.00028,0.00019,0.00012,-3.00E-05,0
614.03,0.00037,0.00027,0.00017,0.00017,-2.00E-05,-2.00E-05
614.38,0.00041,0.00036,0.00026,0.00025,4.00E-05,2.00E-05
614.72,0.00041,0.00036,0.00025,0.00024,5.00E-05,-1.00E-05
615.07,0.00042,0.00035,0.00021,0.00021,4.00E-05,-1.00E-05
615.42,0.00041,0.00033,0.0002,0.00021,7.00E-05,0
615.77,0.00042,0.00028,0.00018,0.0002,3.00E-05,1.00E-05
616.11,0.00045,0.00028,0.00019,0.00022,5.00E-05,2.00E-05
616.46,0.00052,0.00032,0.00022,0.00022,0.00011,5.00E-05
616.81,0.00055,0.00032,0.00021,0.00019,0.00014,2.00E-05
617.16,0.00055,0.00031,0.00023,0.00023,0.00011,2.00E-05
617.5,0.00053,0.00034,0.00026,0.00026,0.00012,-1.00E-05
617.85,0.00054,0.00033,0.00029,0.00024,8.00E-05,-1.00E-05
618.2,0.0005,0.00036,0.0003,0.00024,8.00E-05,1.00E-05
618.54,0.00049,0.00039,0.00032,0.00027,9.00E-05,2.00E-05
618.89,0.00045,0.00043,0.00032,0.00028,5.00E-05,6.00E-05
619.24,0.00035,0.00037,0.00023,0.00024,1.00E-05,3.00E-05
619.59,0.00036,0.00038,0.00024,0.00029,7.00E-05,6.00E-05
619.93,0.00041,0.00036,0.00022,0.0003,7.00E-05,0.00012
620.28,0.00045,0.00041,0.00024,0.00031,7.00E-05,0.00015
620.63,0.00048,0.00037,0.00025,0.00029,0.00011,9.00E-05
620.97,0.00047,0.00031,0.00022,0.00024,5.00E-05,3.00E-05
621.32,0.00052,0.00026,0.00021,0.00022,6.00E-05,0
621.67,0.00063,0.00029,0.0003,0.00029,0.0001,7.00E-05
622.01,0.00066,0.00034,0.00033,0.00031,9.00E-05,0.00012
622.36,0.00059,0.00028,0.00029,0.00025,3.00E-05,2.00E-05
622.71,0.0005,0.00021,0.00025,0.00023,0,-2.00E-05
623.05,0.00047,0.00021,0.00022,0.00023,0,0
623.4,0.0005,0.00026,0.00024,0.00026,7.00E-05,4.00E-05
623.75,0.00042,0.00028,0.00027,0.00025,0.0001,3.00E-05
624.09,0.00035,0.00023,0.00022,0.00023,8.00E-05,-1.00E-05
624.44,0.0003,0.00018,0.00018,0.00014,3.00E-05,-7.00E-05
624.79,0.00031,0.00021,0.00021,0.00014,5.00E-05,-1.00E-05
625.13,0.00037,0.00023,0.00022,0.00017,6.00E-05,-3.00E-05
625.48,0.00041,0.00027,0.00026,0.00019,9.00E-05,1.00E-05
625.82,0.00042,0.00028,0.00026,0.0002,9.00E-05,1.00E-05
626.17,0.00045,0.00026,0.00022,0.0002,5.00E-05,-3.00E-05
626.52,0.00047,0.00029,0.00024,0.00021,2.00E-05,0
626.86,0.0005,0.00029,0.00024,0.00023,4.00E-05,3.00E-05
627.21,0.00054,0.00032,0.0003,0.00031,0.00014,9.00E-05
627.55,0.00049,0.00032,0.00029,0.00031,0.00018,9.00E-05
627.9,0.00047,0.0003,0.00027,0.00034,0.00011,0.00012
628.25,0.00045,0.00027,0.0003,0.00033,0.0001,0.00012
628.59,0.00042,0.00028,0.00029,0.0003,0.0001,0.00015
628.94,0.0004,0.00026,0.00025,0.00025,7.00E-05,0.00011
629.28,0.00034,0.00025,0.00022,0.00022,3.00E-05,9.00E-05
629.63,0.00032,0.00026,0.00016,0.00018,-6.00E-05,3.00E-05
629.98,0.00033,0.00026,0.00014,0.00016,-0.00011,5.00E-05
630.32,0.0003,0.00026,0.00011,9.00E-05,-0.00012,0
630.67,0.00028,0.00022,8.00E-05,0.0001,-0.00019,-3.00E-05
631.01,0.00028,0.00017,7.00E-05,0.00012,-0.00025,-8.00E-05
631.36,0.00036,0.00021,0.00014,0.00016,-0.00018,-3.00E-05
631.7,0.0004,0.0002,0.00016,0.00019,-0.00014,-1.00E-05
632.05,0.0004,0.00015,0.00017,0.00019,-0.00015,-3.00E-05
632.39,0.0004,0.00012,0.00021,0.00021,-0.00011,-4.00E-05
632.74,0.0004,0.00012,0.00024,0.00026,-7.00E-05,-2.00E-05
633.09,0.00038,0.00016,0.0002,0.00025,-4.00E-05,-2.00E-05
633.43,0.00036,0.00017,0.00019,0.00022,0,4.00E-05
633.78,0.00033,0.00016,0.00017,0.00023,3.00E-05,1.00E-05
634.12,0.00031,0.00018,0.00014,0.00024,4.00E-05,0
634.47,0.00029,0.00018,0.00011,0.00025,7.00E-05,1.00E-05
634.81,0.00027,0.0002,0.00011,0.00023,6.00E-05,1.00E-05
635.16,0.00022,0.00018,7.00E-05,0.00018,0,-4.00E-05
635.5,0.00022,0.00015,0.0001,0.00016,-3.00E-05,-6.00E-05
635.85,0.00027,0.00018,0.00013,0.00019,-1.00E-05,-8.00E-05
636.19,0.00025,0.00021,0.00013,0.00018,-3.00E-05,-9.00E-05
636.54,0.00026,0.00023,0.00014,0.00018,-7.00E-05,-0.0001
636.88,0.00033,0.00027,0.00022,0.00018,-4.00E-05,-9.00E-05
637.23,0.00031,0.00025,0.00019,0.00016,-6.00E-05,-0.0001
637.57,0.00041,0.00029,0.00024,0.00022,1.00E-05,-4.00E-05
637.92,0.00042,0.00029,0.00025,0.00025,5.00E-05,-1.00E-05
638.26,0.00044,0.00028,0.00025,0.00022,8.00E-05,2.00E-05
638.6,0.00042,0.00022,0.0002,0.00019,3.00E-05,0
638.95,0.00042,0.00018,0.00018,0.00015,5.00E-05,-2.00E-05
639.29,0.00041,0.0002,0.00018,0.00021,8.00E-05,4.00E-05
639.64,0.00047,0.00023,0.00021,0.00023,9.00E-05,5.00E-05
639.98,0.00042,0.00024,0.00018,0.00022,9.00E-05,5.00E-05
640.33,0.00045,0.00029,0.00021,0.0002,0.00012,6.00E-05
640.67,0.0004,0.00033,0.00019,0.00023,9.00E-05,2.00E-05
641.02,0.00038,0.00036,0.00024,0.00023,0.00012,4.00E-05
641.36,0.00033,0.00035,0.00027,0.00021,7.00E-05,0
641.7,0.00028,0.00033,0.00022,0.00016,4.00E-05,-0.00011
642.05,0.00025,0.00034,0.00023,0.00017,5.00E-05,-0.00011
642.39,0.00029,0.00031,0.00028,0.00017,4.00E-05,-0.00012
642.74,0.00023,0.00023,0.00019,0.00014,-5.00E-05,-0.00017
643.08,0.00027,0.00017,0.0002,0.00014,-3.00E-05,-0.00014
643.43,0.00026,0.00015,0.00018,0.00014,-6.00E-05,-0.00016
643.77,0.0003,0.00016,0.00018,0.00017,-6.00E-05,-9.00E-05
644.11,0.00034,0.00011,0.00014,0.00017,-9.00E-05,-8.00E-05
644.46,0.00032,7.00E-05,0.00012,0.00018,-6.00E-05,-6.00E-05
644.8,0.00031,0.0001,8.00E-05,0.00018,-8.00E-05,-9.00E-05
645.14,0.00031,0.00011,0.00013,0.00021,-2.00E-05,-6.00E-05
645.49,0.00025,0.00016,9.00E-05,0.00022,-4.00E-05,-8.00E-05
645.83,0.00023,0.00019,8.00E-05,0.00024,-4.00E-05,-9.00E-05
646.18,0.00025,0.00019,9.00E-05,0.00021,-1.00E-05,-0.0001
646.52,0.00026,0.00025,0.00013,0.00023,2.00E-05,-8.00E-05
646.86,0.00026,0.00031,0.00017,0.00025,2.00E-05,-4.00E-05
647.21,0.00025,0.00028,0.0002,0.00025,5.00E-05,-5.00E-05
647.55,0.00029,0.00031,0.0002,0.00025,5.00E-05,-7.00E-05
647.89,0.00032,0.00028,0.00021,0.00019,6.00E-05,-6.00E-05
648.24,0.00035,0.00027,0.00023,0.0002,8.00E-05,-4.00E-05
648.58,0.00033,0.00021,0.00021,0.00022,7.00E-05,-5.00E-05
648.92,0.00038,0.00017,0.0002,0.00018,8.00E-05,-3.00E-05
649.27,0.00045,0.00012,0.00017,0.00016,5.00E-05,-6.00E-05
649.61,0.00046,9.00E-05,0.00015,0.00016,-1.00E-05,-7.00E-05
649.95,0.00042,7.00E-05,0.00017,0.00015,1.00E-05,-2.00E-05
650.3,0.00041,2.00E-05,0.00019,0.00015,-6.00E-05,-5.00E-05
650.64,0.00044,1.00E-05,0.00015,0.00018,-8.00E-05,-1.00E-05
650.98,0.0005,9.00E-05,0.00015,0.00017,-0.0001,4.00E-05
651.33,0.0004,0.00011,0.00013,0.00017,-0.00012,4.00E-05
651.67,0.00031,0.0001,9.00E-05,0.00011,-0.00014,-1.00E-05
652.01,0.00031,0.00013,9.00E-05,0.00012,-9.00E-05,3.00E-05
652.36,0.0004,0.00021,0.00012,0.00017,-8.00E-05,4.00E-05
652.7,0.00041,0.00027,0.00013,0.0002,-4.00E-05,4.00E-05
653.04,0.00035,0.00024,0.00014,0.00013,-6.00E-05,-3.00E-05
653.38,0.0003,0.00029,0.00018,0.00014,1.00E-05,-3.00E-05
653.73,0.00037,0.0003,0.0002,0.00018,3.00E-05,-4.00E-05
654.07,0.00037,0.0003,0.00022,0.00022,3.00E-05,-1.00E-05
654.41,0.00039,0.00034,0.00024,0.00022,6.00E-05,0
654.75,0.00036,0.00033,0.00024,0.0002,4.00E-05,-2.00E-05
655.1,0.00036,0.0003,0.00024,0.00018,6.00E-05,-4.00E-05
655.44,0.00044,0.00034,0.00032,0.00026,0.00014,1.00E-05
655.78,0.00044,0.00026,0.00029,0.00023,7.00E-05,2.00E-05
656.12,0.00037,0.00024,0.00025,0.00019,5.00E-05,3.00E-05
656.47,0.00045,0.00029,0.0003,0.00023,0.0001,0.0001
656.81,0.00047,0.00029,0.00031,0.00024,0.00011,0.00015
657.15,0.00044,0.00022,0.00023,0.0002,0.00011,0.00013
657.49,0.00046,0.00022,0.0002,0.00021,0.00012,0.00021
657.84,0.00043,0.00019,0.00019,0.00022,0.00012,0.00018
658.18,0.00043,0.00021,0.00019,0.00024,0.00012,0.00015
658.52,0.00046,0.0002,0.00024,0.00025,0.00013,0.00015
658.86,0.0004,0.00015,0.00022,0.00017,7.00E-05,7.00E-05
659.2,0.00034,0.00012,0.0002,0.00017,5.00E-05,2.00E-05
659.55,0.00037,0.00014,0.00025,0.00021,5.00E-05,1.00E-05
659.89,0.0004,0.00013,0.0003,0.00027,5.00E-05,-7.00E-05
660.23,0.00037,0.00017,0.00027,0.00023,8.00E-05,-2.00E-05
660.57,0.00042,0.00021,0.0003,0.00025,0.00012,-1.00E-05
660.91,0.0004,0.00024,0.00031,0.00027,0.00011,-2.00E-05
661.26,0.00041,0.00027,0.00029,0.00029,0.00015,-3.00E-05
661.6,0.00044,0.00028,0.00033,0.0003,0.00013,-4.00E-05
661.94,0.00039,0.00025,0.0003,0.00027,9.00E-05,-6.00E-05
662.28,0.00031,0.00022,0.00027,0.00026,5.00E-05,-8.00E-05
662.62,0.00028,0.00016,0.00025,0.00025,-1.00E-05,-0.00011
662.96,0.00022,0.0001,0.0002,0.0002,-7.00E-05,-0.00013
663.31,0.00023,7.00E-05,0.00019,0.00021,-7.00E-05,-0.00011
663.65,0.00024,6.00E-05,0.00019,0.00024,-5.00E-05,-0.00013
663.99,0.00017,0,0.00011,0.0002,-7.00E-05,-0.00014
664.33,0.00014,1.00E-05,0.00011,0.00022,-2.00E-05,-0.00012
664.67,0.0002,5.00E-05,0.00014,0.00021,5.00E-05,-7.00E-05
665.01,0.00019,2.00E-05,9.00E-05,0.0002,4.00E-05,-9.00E-05
665.35,0.00018,2.00E-05,9.00E-05,0.00021,2.00E-05,-0.0001
665.69,0.00015,1.00E-05,4.00E-05,0.00021,1.00E-05,-0.00016
666.04,0.00013,5.00E-05,5.00E-05,0.00019,-3.00E-05,-0.00014
666.38,0.00018,0.00019,0.00012,0.00022,0,-0.00014
666.72,0.00018,0.0001,0.0001,0.00015,-9.00E-05,-0.00015
667.06,0.00015,8.00E-05,9.00E-05,0.0001,-0.00013,-0.00014
667.4,0.00024,0.00018,0.00015,0.00016,-0.00011,-0.00013
667.74,0.00028,0.00016,0.00019,0.00018,-4.00E-05,-9.00E-05
668.08,0.00033,0.00017,0.00016,0.00014,-5.00E-05,-9.00E-05
668.42,0.00039,0.00013,0.00014,0.0001,-4.00E-05,-0.00015
668.76,0.00043,3.00E-05,0.00011,0.0001,-5.00E-05,-0.00012
669.1,0.00047,7.00E-05,0.00018,0.00017,3.00E-05,-9.00E-05
669.44,0.00044,0.00012,0.00014,0.00019,2.00E-05,-9.00E-05
669.79,0.00038,4.00E-05,0.0001,0.00016,0,-0.0001
670.13,0.00033,6.00E-05,3.00E-05,0.00011,-4.00E-05,-0.00014
670.47,0.00028,5.00E-05,3.00E-05,0.00013,-6.00E-05,-0.00012
670.81,0.00021,2.00E-05,1.00E-05,0.00014,-5.00E-05,-0.0001
671.15,0.00018,4.00E-05,-1.00E-05,0.00013,-7.00E-05,-0.00013
671.49,0.00013,4.00E-05,-8.00E-05,6.00E-05,-0.00011,-0.00016
671.83,0.00011,1.00E-05,-6.00E-05,6.00E-05,-0.00012,-0.00017
672.17,8.00E-05,5.00E-05,-4.00E-05,5.00E-05,-8.00E-05,-0.00013
672.51,7.00E-05,5.00E-05,3.00E-05,6.00E-05,-6.00E-05,-0.00011
672.85,8.00E-05,8.00E-05,7.00E-05,7.00E-05,-2.00E-05,-8.00E-05
673.19,9.00E-05,0.00013,8.00E-05,0.00011,-3.00E-05,-3.00E-05
673.53,4.00E-05,0.00011,9.00E-05,6.00E-05,-8.00E-05,-7.00E-05
673.87,0.0001,0.00014,0.00011,0.0001,-5.00E-05,-5.00E-05
674.21,0.00016,0.00017,0.00012,0.0001,-4.00E-05,-7.00E-05
674.55,0.00024,0.00015,0.00012,8.00E-05,-8.00E-05,-0.00013
674.89,0.00036,0.00013,0.00011,7.00E-05,-8.00E-05,-0.00017
675.23,0.00036,7.00E-05,0.0001,4.00E-05,-0.00014,-0.0002
675.57,0.00035,8.00E-05,0.00013,0,-0.00012,-0.00025
675.91,0.00038,3.00E-05,7.00E-05,0,-8.00E-05,-0.00025
676.25,0.00041,5.00E-05,7.00E-05,1.00E-05,-8.00E-05,-0.00028
676.59,0.00041,3.00E-05,5.00E-05,3.00E-05,-4.00E-05,-0.00025
676.93,0.00037,5.00E-05,7.00E-05,4.00E-05,-3.00E-05,-0.00021
677.27,0.00025,3.00E-05,2.00E-05,3.00E-05,-2.00E-05,-0.00022
677.61,0.0003,0.00011,6.00E-05,5.00E-05,8.00E-05,-0.0002
677.95,0.00028,9.00E-05,1.00E-05,3.00E-05,3.00E-05,-0.00021
678.29,0.00027,0.00018,6.00E-05,0.00011,5.00E-05,-0.00018
678.63,0.00014,0.0001,5.00E-05,9.00E-05,3.00E-05,-0.00021
678.97,0.00015,0.00013,4.00E-05,8.00E-05,-3.00E-05,-0.00022
679.31,0.00016,0.00014,5.00E-05,7.00E-05,-4.00E-05,-0.00018
679.65,0.00021,0.00021,9.00E-05,7.00E-05,-4.00E-05,-7.00E-05
679.98,0.0001,0.00015,4.00E-05,3.00E-05,-0.0001,-9.00E-05
680.32,0.00017,0.00019,0.00011,8.00E-05,-3.00E-05,-1.00E-05
680.66,0.0002,0.00013,0.00011,1.00E-05,-9.00E-05,0
681,0.0003,0.00022,0.00015,2.00E-05,-8.00E-05,1.00E-05
681.34,0.00029,0.00019,0.00016,1.00E-05,-8.00E-05,-3.00E-05
681.68,0.0003,0.0002,0.00015,4.00E-05,-9.00E-05,-4.00E-05
682.02,0.00022,0.00015,0.00013,2.00E-05,-0.00016,-0.00015
682.36,0.00027,0.00011,0.00011,1.00E-05,-0.00016,-0.00019
682.7,0.00027,4.00E-05,6.00E-05,-5.00E-05,-0.00023,-0.00025
683.04,0.0003,0.00011,0.0001,3.00E-05,-0.00018,-0.00023
683.38,0.0003,9.00E-05,7.00E-05,5.00E-05,-0.00015,-0.00018
683.71,0.00031,0.00012,3.00E-05,2.00E-05,-0.00012,-0.00012
684.05,0.00032,0.00012,-2.00E-05,6.00E-05,-9.00E-05,-0.00014
684.39,0.00035,0.00012,-3.00E-05,0.00013,-5.00E-05,-0.00013
684.73,0.0003,0.00015,-4.00E-05,0.00013,-0.00011,-0.00011
685.07,0.00028,0.00019,-1.00E-05,0.00014,-0.00011,-0.00012
685.41,0.00024,0.00017,-5.00E-05,0.00011,-0.00011,-0.00013
685.75,0.00021,0.00014,-8.00E-05,6.00E-05,-0.00016,-0.00017
686.09,0.00022,0.00015,-7.00E-05,0.00012,-0.00019,-0.00017
686.42,0.00019,0.00014,-4.00E-05,0.0001,-0.00025,-0.00019
686.76,0.0002,0.00017,0,0.00013,-0.0002,-0.00016
687.1,0.00029,0.00022,4.00E-05,0.00016,-0.00011,-0.00014
687.44,0.00032,0.00019,-2.00E-05,0.00018,-0.00014,-0.00021
687.78,0.00035,0.00021,1.00E-05,0.00015,-0.00018,-0.00022
688.12,0.00035,0.00019,1.00E-05,0.0001,-0.00019,-0.00028
688.45,0.00044,0.0002,8.00E-05,0.00012,-0.00012,-0.00027
688.79,0.00045,0.00017,7.00E-05,0.00012,-3.00E-05,-0.00025
689.13,0.00046,0.00015,4.00E-05,3.00E-05,-5.00E-05,-0.00026
689.47,0.00044,0.0001,1.00E-05,3.00E-05,-7.00E-05,-0.00026
689.81,0.00037,6.00E-05,2.00E-05,-3.00E-05,-8.00E-05,-0.00019
690.14,0.00033,0,-3.00E-05,-1.00E-05,-9.00E-05,-0.0002
690.48,0.00036,6.00E-05,1.00E-05,0.00011,-1.00E-05,-9.00E-05
690.82,0.00024,1.00E-05,-6.00E-05,0.0001,-7.00E-05,-0.00011
691.16,0.00017,-1.00E-05,-5.00E-05,0.00011,-0.0001,-0.00011
691.5,0.00016,2.00E-05,3.00E-05,0.0002,-9.00E-05,-0.00011
691.83,0.00016,4.00E-05,7.00E-05,0.00022,-5.00E-05,-0.0001
692.17,0.00019,9.00E-05,0.00012,0.00032,2.00E-05,-0.00012
692.51,0.00017,0.0001,0.00015,0.00028,0,-0.00014
692.85,0.00014,9.00E-05,0.00016,0.00022,-4.00E-05,-0.00022
693.18,0.00018,9.00E-05,0.00015,0.00021,-8.00E-05,-0.0003
693.52,0.00019,9.00E-05,0.00012,9.00E-05,-0.00016,-0.0003
693.86,0.00022,5.00E-05,5.00E-05,3.00E-05,-0.00018,-0.00028
694.2,0.00022,0.00014,0.00012,1.00E-05,-0.00017,-0.00026
694.53,0.00021,0.00013,0.0001,-3.00E-05,-0.00021,-0.00019
694.87,0.00023,0.00012,9.00E-05,-3.00E-05,-0.0002,-0.00018
695.21,0.00031,0.00018,9.00E-05,-1.00E-05,-0.00015,-0.00012
695.55,0.00033,0.00022,0.00012,-2.00E-05,-0.0001,-4.00E-05
695.88,0.0004,0.00027,0.00016,0.00011,-5.00E-05,-6.00E-05
696.22,0.00037,0.00024,0.00017,0.00012,-0.0001,-8.00E-05
696.56,0.00036,0.00015,0.0001,0.00012,-0.00013,-0.00011
696.9,0.0004,0.00022,0.00013,0.00014,-7.00E-05,-8.00E-05
697.23,0.00046,0.00028,0.00014,0.00016,-3.00E-05,1.00E-05
697.57,0.00038,0.00021,5.00E-05,0.00011,-9.00E-05,-4.00E-05
697.91,0.00035,0.00016,-1.00E-05,0.00012,-0.00017,-8.00E-05
698.24,0.00029,0.00011,-0.0001,5.00E-05,-0.00023,-6.00E-05
698.58,0.00033,0.00012,-0.00015,5.00E-05,-0.00022,-4.00E-05
698.92,0.00033,8.00E-05,-0.00015,6.00E-05,-0.00022,-2.00E-05
699.25,0.00023,0,-0.00022,7.00E-05,-0.00026,-8.00E-05
699.59,0.00012,-6.00E-05,-0.00028,7.00E-05,-0.00031,-0.00016
699.93,0.0001,-0.0001,-0.00023,7.00E-05,-0.00032,-0.00011
700.26,8.00E-05,-6.00E-05,-0.0002,2.00E-05,-0.00032,-0.00011
700.6,7.00E-05,3.00E-05,-0.00014,2.00E-05,-0.00031,-0.00016
700.94,0,7.00E-05,-0.0001,1.00E-05,-0.00033,-0.00019
701.27,-6.00E-05,0.00012,-0.0001,-2.00E-05,-0.0003,-0.00026
701.61,4.00E-05,0.00016,-9.00E-05,0,-0.0003,-0.00028
701.95,0.00011,0.00019,-2.00E-05,-2.00E-05,-0.00023,-0.0003
702.28,0.00013,0.00022,-2.00E-05,-6.00E-05,-0.00025,-0.0003
702.62,0.00026,0.00029,0.00011,1.00E-05,-0.00013,-0.00026
702.96,0.0004,0.00024,0.00018,-3.00E-05,-0.00011,-0.0002
703.29,0.00054,0.00028,0.0002,1.00E-05,-4.00E-05,-0.00011
703.63,0.00059,0.00021,0.00016,-4.00E-05,-0.00011,-0.00011
703.96,0.00059,0.00013,0.00017,-0.0001,-0.00016,-0.00014
704.3,0.00047,4.00E-05,7.00E-05,-0.00014,-0.00025,-0.00016
704.64,0.0005,8.00E-05,9.00E-05,-0.00014,-0.00022,-0.00017
704.97,0.00041,-2.00E-05,-5.00E-05,-0.00021,-0.00023,-0.00017
705.31,0.00027,-7.00E-05,-9.00E-05,-6.00E-05,-0.0002,-0.00018
705.64,0.00013,-0.00016,-0.00016,-0.00017,-0.00025,-0.00028
705.98,5.00E-05,-0.00014,-0.00012,-0.00019,-0.00023,-0.00029
706.32,2.00E-05,-7.00E-05,-0.00011,-0.00019,-0.0002,-0.00025
706.65,0.00017,1.00E-05,1.00E-05,-8.00E-05,-8.00E-05,-7.00E-05
706.99,0.00014,-5.00E-05,1.00E-05,-2.00E-05,-3.00E-05,-3.00E-05
707.32,0.00021,1.00E-05,0.00016,8.00E-05,-4.00E-05,-2.00E-05
707.66,0.00029,7.00E-05,0.00016,-3.00E-05,-9.00E-05,-1.00E-05
707.99,0.00026,6.00E-05,0.0002,-1.00E-05,-8.00E-05,-3.00E-05
708.33,0.00032,5.00E-05,0.00021,4.00E-05,-8.00E-05,-2.00E-05
708.67,0.0003,0,0.00022,7.00E-05,-0.00013,-0.0001
709,0.00024,4.00E-05,0.0002,5.00E-05,-0.00022,-0.00016
709.34,0.00024,7.00E-05,0.00021,7.00E-05,-0.00034,-0.00025
709.67,0.00016,3.00E-05,0.00011,-2.00E-05,-0.00043,-0.0003
710.01,0.00021,5.00E-05,0.00017,4.00E-05,-0.00034,-0.00023
710.34,0.00028,0.0001,0.00017,7.00E-05,-0.00039,-0.00017
710.68,0.00044,0.00016,0.00019,0.00013,-0.00035,-0.00012
711.01,0.0005,0.00014,0.00014,6.00E-05,-0.00031,-8.00E-05
711.35,0.00047,5.00E-05,0.00012,8.00E-05,-0.00034,-0.00011
711.68,0.00052,6.00E-05,0.00012,0,-0.00025,-6.00E-05
712.02,0.0005,5.00E-05,6.00E-05,2.00E-05,-0.00022,-7.00E-05
712.35,0.00045,-4.00E-05,-5.00E-05,-1.00E-05,-0.00024,-0.00014
712.69,0.00035,-0.0001,-7.00E-05,-0.00011,-0.00025,-0.00019
713.02,0.00016,-0.00019,-0.00016,-0.0002,-0.00027,-0.00021
713.36,7.00E-05,-0.00018,-0.00015,-0.00018,-0.00027,-0.00019
713.69,5.00E-05,-0.00012,-0.00016,-0.00023,-0.00018,-0.00022
714.03,-3.00E-05,-0.0002,-0.00018,-0.00014,-0.00019,-0.00021
714.36,6.00E-05,-0.00017,-7.00E-05,-0.00011,-0.00016,-0.00011
714.7,-2.00E-05,-0.0001,-1.00E-05,-8.00E-05,-0.00016,-6.00E-05
715.03,0.00011,-1.00E-05,6.00E-05,0.00012,-5.00E-05,1.00E-05
715.37,0.00017,0.00015,0.00011,0.00017,-1.00E-05,4.00E-05
715.7,0.00018,0.00028,7.00E-05,0.0002,-1.00E-05,-5.00E-05
716.04,0.00019,0.00021,2.00E-05,0.00014,-6.00E-05,-0.0001
716.37,0.00024,0.00035,-2.00E-05,0.00013,-1.00E-05,-0.00015
716.7,0.00019,0.00039,-1.00E-05,8.00E-05,0,-0.00019
717.04,0.00018,0.00037,-6.00E-05,2.00E-05,-5.00E-05,-0.00026
717.37,0.00015,0.00035,-0.00012,-4.00E-05,-6.00E-05,-0.00026
717.71,0.00013,0.00027,-0.0001,-5.00E-05,-0.00012,-0.00035
718.04,0.0002,0.00011,0,-0.00012,-0.00016,-0.00036
718.38,0.00028,0.00016,9.00E-05,-9.00E-05,-0.00017,-0.0003
718.71,0.0003,9.00E-05,9.00E-05,-7.00E-05,-0.00027,-0.00027
719.04,0.00034,1.00E-05,5.00E-05,-6.00E-05,-0.00026,-0.00028
719.38,0.00037,-6.00E-05,6.00E-05,-4.00E-05,-0.00024,-0.00032
719.71,0.00043,-4.00E-05,0.00013,-7.00E-05,-0.00026,-0.00034
720.05,0.00048,-6.00E-05,0.00011,-9.00E-05,-0.00021,-0.00032
720.38,0.0005,3.00E-05,3.00E-05,3.00E-05,-0.00015,-0.00019
720.71,0.00047,2.00E-05,-7.00E-05,6.00E-05,-0.00017,-0.00024
721.05,0.0004,-3.00E-05,-7.00E-05,0,-0.0001,-0.00029
721.38,0.00037,1.00E-05,-0.00012,1.00E-05,-0.0001,-0.00027
721.72,0.00031,0,-0.00011,0,-0.00011,-0.00021
722.05,0.00025,-3.00E-05,-0.00016,-1.00E-05,-0.00014,-0.00021
722.38,9.00E-05,-8.00E-05,-0.00019,-1.00E-05,-0.00025,-0.00024
722.72,6.00E-05,-8.00E-05,-0.00015,-3.00E-05,-0.00023,-0.00024
723.05,0,-0.00011,-0.00014,-0.00011,-0.00025,-0.00034
723.38,4.00E-05,0,-9.00E-05,-4.00E-05,-0.00023,-0.00024
723.72,-4.00E-05,-8.00E-05,-7.00E-05,-7.00E-05,-0.00031,-0.00026
724.05,-3.00E-05,8.00E-05,-3.00E-05,3.00E-05,-0.00025,-0.00023
724.38,-6.00E-05,5.00E-05,-6.00E-05,3.00E-05,-0.00032,-0.00025
724.72,6.00E-05,0.00017,-2.00E-05,5.00E-05,-0.00016,-0.00015
725.05,3.00E-05,0.0002,-5.00E-05,1.00E-05,-0.00017,-0.00013
725.38,0.00014,0.00027,-9.00E-05,0.0001,-0.00016,-6.00E-05
725.72,0.00012,0.00024,-9.00E-05,2.00E-05,-0.00024,-0.0001
726.05,0.00017,0.00025,-0.0001,3.00E-05,-0.00026,-0.00023
726.38,0.0002,2.00E-05,-0.00018,-0.00016,-0.00037,-0.00035
726.72,0.00035,6.00E-05,-0.00012,-7.00E-05,-0.00026,-0.00033
727.05,0.00038,-2.00E-05,-0.00011,-6.00E-05,-0.0003,-0.00033
727.38,0.00046,-5.00E-05,-6.00E-05,0,-0.00032,-0.0004
727.71,0.00043,-6.00E-05,6.00E-05,-4.00E-05,-0.00031,-0.00032
728.05,0.00045,-0.00011,6.00E-05,-2.00E-05,-0.0003,-0.00037
728.38,0.00051,-0.00011,8.00E-05,0,-0.00026,-0.00025
728.71,0.00055,2.00E-05,6.00E-05,6.00E-05,-0.00021,-0.00026
729.05,0.00046,-3.00E-05,0.0001,-2.00E-05,-0.00025,-0.00025
729.38,0.00039,-2.00E-05,7.00E-05,-2.00E-05,-0.00029,-0.00035
729.71,0.0003,-0.0001,6.00E-05,-0.0001,-0.00033,-0.00038
730.04,0.00023,-0.0002,-2.00E-05,-0.00013,-0.00036,-0.00047
730.38,0.00015,-0.00018,-5.00E-05,-0.0002,-0.00042,-0.00049
730.71,0.00011,-8.00E-05,-0.00015,-0.00023,-0.00036,-0.00054
731.04,0.00018,-5.00E-05,-0.00012,-0.00011,-0.00031,-0.00043
731.37,0.00017,-2.00E-05,-0.0002,-0.00017,-0.00025,-0.00044
731.71,0.00022,0,-0.00019,-0.00015,-0.00022,-0.00033
732.04,0.00022,0,-0.00019,-9.00E-05,-0.00016,-0.00036
732.37,0.0003,8.00E-05,-0.00017,4.00E-05,0,-0.00033
732.7,0.00038,0.00012,-0.00013,0.00017,0.00014,-0.00027
733.04,0.00035,5.00E-05,-4.00E-05,0.00018,6.00E-05,-0.0002
733.37,0.00025,-4.00E-05,-4.00E-05,7.00E-05,3.00E-05,-0.00023
733.7,0.00026,3.00E-05,0,0.00016,2.00E-05,-0.00021
734.03,0.00019,0,-9.00E-05,8.00E-05,-4.00E-05,-0.00029
734.36,0.0003,0.0001,-3.00E-05,0.0001,1.00E-05,-0.00015
734.7,0.00034,8.00E-05,-3.00E-05,0,-0.00012,-7.00E-05
735.03,0.00036,1.00E-05,0,0,-0.00016,-4.00E-05
735.36,0.0004,-2.00E-05,1.00E-05,-1.00E-05,-0.00015,-9.00E-05
735.69,0.00045,3.00E-05,5.00E-05,-7.00E-05,-0.00023,-0.00015
736.02,0.00048,-5.00E-05,2.00E-05,-7.00E-05,-0.00025,-0.00018
736.35,0.00061,-2.00E-05,6.00E-05,-2.00E-05,-0.00019,-0.00017
736.69,0.00051,-3.00E-05,1.00E-05,-7.00E-05,-0.00024,-0.00019
737.02,0.00038,-0.00011,-2.00E-05,-0.0001,-0.00024,-0.00028
737.35,0.00041,-6.00E-05,-0.0001,-0.00013,-0.00027,-0.0003
737.68,0.0004,-2.00E-05,-0.00011,-7.00E-05,-0.0003,-0.00037
738.01,0.00032,-5.00E-05,-0.00017,-6.00E-05,-0.00031,-0.00038
738.34,0.00017,-9.00E-05,-0.00018,-0.00012,-0.00038,-0.00039
738.68,6.00E-05,-0.00019,-0.00023,-0.00016,-0.00046,-0.00038
739.01,0.00013,-0.00023,-0.00021,-0.00017,-0.00049,-0.00043
739.34,0.00019,-0.00018,-0.00022,-0.00015,-0.00046,-0.00045
739.67,5.00E-05,-0.0002,-0.0002,-0.00021,-0.00053,-0.00052
740,1.00E-05,-0.00014,-0.00017,-0.00021,-0.00042,-0.00047
740.33,8.00E-05,-7.00E-05,-8.00E-05,-0.00012,-0.00034,-0.0003
740.66,0.00018,-4.00E-05,-2.00E-05,-3.00E-05,-0.0003,-0.00029
740.99,0.0002,3.00E-05,5.00E-05,0.0001,-0.00024,-0.00028
741.32,0.00016,9.00E-05,2.00E-05,7.00E-05,-0.00017,-0.0002
741.66,9.00E-05,0.00017,-2.00E-05,0.0001,-0.00021,-0.00019
741.99,0.00022,0.00024,3.00E-05,0.00017,-8.00E-05,-0.00011
742.32,0.00023,0.00021,0,0.00012,-0.00017,-0.0001
742.65,0.00016,0.00027,0,0.0002,-0.0002,-0.00014
742.98,0.00017,0.00029,-2.00E-05,0.00013,-9.00E-05,-0.00016
743.31,0.00022,0.00039,5.00E-05,5.00E-05,-3.00E-05,-0.00016
743.64,0.00028,0.00035,7.00E-05,0.0001,-7.00E-05,-0.00024
743.97,0.00034,0.00028,0.00019,0.00012,-7.00E-05,-0.0002
744.3,0.0003,0.00014,0.0001,4.00E-05,-0.0002,-0.00022
744.63,0.00026,-0.00012,-5.00E-05,-0.0001,-0.00021,-0.00034
744.96,0.00029,-0.00027,-0.0001,-0.00017,-0.00018,-0.00042
745.29,0.00032,-0.00028,-0.0002,-0.00014,-0.00033,-0.00046
745.62,0.00032,-0.00037,-0.00028,-0.00019,-0.00044,-0.00051
745.95,0.00026,-0.00041,-0.0003,-0.00026,-0.00046,-0.00046
746.28,0.00027,-0.00042,-0.00039,-0.00031,-0.00049,-0.00043
746.61,0.00025,-0.00032,-0.00031,-0.00029,-0.00048,-0.00036
746.94,0.00028,-0.00017,-0.0002,-0.00013,-0.0005,-0.00033
747.28,0.00016,-0.00018,-0.00019,-0.00017,-0.00055,-0.00031
747.61,0.00019,-6.00E-05,-0.00016,-0.00011,-0.00049,-0.00016
747.94,0.00015,0,-0.00018,-0.0002,-0.00048,-0.00017
748.27,0.00014,-8.00E-05,-0.00022,-0.00016,-0.00044,-0.0002
748.6,0.00018,-2.00E-05,-0.00013,-8.00E-05,-0.00038,-0.00029
748.93,0.00012,-6.00E-05,-0.00017,-4.00E-05,-0.0004,-0.00037
749.26,0.00013,-7.00E-05,-0.00016,-8.00E-05,-0.00039,-0.00036
749.58,0.00021,-5.00E-05,-0.00011,-9.00E-05,-0.00038,-0.00039
749.91,0.00022,-4.00E-05,5.00E-05,-1.00E-05,-0.00027,-0.00041
750.24,0.00021,-0.00015,0.00011,2.00E-05,-0.00035,-0.00046
750.57,0.0002,2.00E-05,0.00014,8.00E-05,-0.00033,-0.00047
750.9,0.00023,5.00E-05,0.0001,2.00E-05,-0.00032,-0.00043
751.23,0.00026,0.00016,7.00E-05,-7.00E-05,-0.00032,-0.0004
751.56,0.00033,0.00026,0.0001,-3.00E-05,-0.00023,-0.00032
751.89,0.00027,0.0003,0.00012,0,-0.00022,-0.00031
752.22,0.00021,0.00014,2.00E-05,-0.00011,-0.00037,-0.00039
752.55,0.00027,0.00022,6.00E-05,3.00E-05,-0.00019,-0.00027
752.88,0.00035,0.00021,0.00011,-2.00E-05,-0.00019,-0.00027
753.21,0.00032,0.00018,0.00011,-1.00E-05,-0.00025,-0.00028
753.54,0.00046,0.00018,0.00017,0.00015,-0.00013,-0.00027
753.87,0.00042,-3.00E-05,0.00015,0,-0.0002,-0.0004
754.2,0.00051,-0.00013,6.00E-05,-3.00E-05,-0.00024,-0.00048
754.53,0.0005,2.00E-05,2.00E-05,-1.00E-05,-0.00016,-0.00044
754.86,0.00051,1.00E-05,5.00E-05,-6.00E-05,-0.00022,-0.00053
755.19,0.00041,-0.00014,-7.00E-05,-0.00014,-0.00031,-0.00063
755.51,0.00025,-0.00022,-0.00011,-0.00022,-0.00029,-0.00064
755.84,0.00021,-0.0002,-3.00E-05,-0.00028,-0.00031,-0.00065
756.17,0.00026,-0.00011,-8.00E-05,-0.00017,-0.00026,-0.00056
756.5,0.00021,-5.00E-05,-0.00016,-0.00018,-0.00023,-0.0005
756.83,0.00018,-0.00019,-0.00034,-0.00022,-0.00036,-0.00053
757.16,7.00E-05,-0.00031,-0.00046,-0.0002,-0.00044,-0.00055
757.49,0.00012,-0.00018,-0.0004,-8.00E-05,-0.00045,-0.00047
757.82,0.00017,-0.0001,-0.00034,-8.00E-05,-0.00044,-0.00045
758.14,4.00E-05,-0.00023,-0.0005,-0.00017,-0.00053,-0.00056
758.47,-8.00E-05,-0.00024,-0.0005,-0.00017,-0.00058,-0.00068
758.8,2.00E-05,-0.0002,-0.00034,-3.00E-05,-0.00053,-0.00068
759.13,-6.00E-05,-0.00013,-0.0002,-8.00E-05,-0.00047,-0.00074
759.46,-1.00E-05,5.00E-05,-0.0002,-0.00012,-0.00049,-0.00077
759.79,-6.00E-05,0,-0.00017,-0.00014,-0.00045,-0.00084
760.12,-0.0001,-0.00011,-0.00022,-0.00016,-0.00053,-0.00091
760.44,-6.00E-05,-0.00011,-0.00023,-0.00015,-0.00055,-0.00092
760.77,-0.00011,-0.00017,-0.00029,-0.00022,-0.00056,-0.00089
761.1,-0.00015,-0.00028,-0.00039,-0.00038,-0.00068,-0.00092
761.43,-4.00E-05,-0.00029,-0.00032,-0.00034,-0.00063,-0.00093
761.76,1.00E-05,-0.00027,-0.00018,-0.00029,-0.00049,-0.00079
762.08,5.00E-05,-0.00021,-0.00025,-0.00035,-0.00043,-0.00067
762.41,0.00013,-0.00018,-0.00024,-0.00036,-0.00038,-0.00056
762.74,0.0002,-0.00018,-0.00017,-0.00036,-0.00034,-0.00047
763.07,0.00036,-0.00013,-2.00E-05,-0.00019,-0.00029,-0.00023
763.4,0.00029,-0.0001,-1.00E-05,-0.0002,-0.00025,-7.00E-05
763.72,0.00038,-0.00019,-0.00012,-0.00023,-0.0003,-5.00E-05
764.05,0.00042,-0.0003,-0.00026,-0.00036,-0.0004,-0.00015
764.38,0.00052,-0.00039,-9.00E-05,-0.00026,-0.00039,-0.00011
764.71,0.00055,-0.00043,-0.00021,-0.00028,-0.00033,-0.00025
765.04,0.00048,-0.00047,-0.00019,-0.00023,-0.00033,-0.00026
765.36,0.00041,-0.0005,-0.00029,-0.00048,-0.00035,-0.00047
765.69,0.00051,-0.00049,-0.00027,-0.0004,-0.00025,-0.00064
766.02,0.00048,-0.00046,-0.00015,-0.00033,-0.00024,-0.00057
766.35,0.00032,-0.00045,-0.0001,-0.00028,-0.00028,-0.00055
766.67,0.00027,-0.00042,-0.00021,-0.00034,-0.00032,-0.00052
767,0.00025,-0.00025,0,-0.0002,-0.00027,-0.00045
767.33,0.00017,-9.00E-05,-2.00E-05,-0.00026,-0.00023,-0.00039
767.65,9.00E-05,-1.00E-05,0,-0.0002,-0.00024,-0.00038
767.98,5.00E-05,8.00E-05,4.00E-05,-0.00031,-0.00022,-0.00036
768.31,-3.00E-05,0.00023,-0.00015,-0.00039,-0.00032,-0.0005
768.64,-7.00E-05,0.00014,-0.00018,-0.00041,-0.00037,-0.00059
768.96,-0.00018,0.00011,-0.00027,-0.00042,-0.00046,-0.00066
769.29,-0.00032,-5.00E-05,-0.00051,-0.00053,-0.00054,-0.00072
769.62,-0.00032,-0.00016,-0.00053,-0.00055,-0.00064,-0.00084
769.94,-0.00031,-0.00027,-0.00059,-0.00064,-0.00069,-0.00087
770.27,-0.00024,-0.00028,-0.0006,-0.00053,-0.00085,-0.0009
770.6,-0.00024,-0.0004,-0.00042,-0.00052,-0.00085,-0.00079
770.92,-0.00019,-0.0003,-0.00047,-0.00052,-0.00082,-0.00079
771.25,-0.00011,-0.00018,-0.00037,-0.00045,-0.00061,-0.00075
771.58,-4.00E-05,-0.00018,-0.00019,-0.00031,-0.0007,-0.00062
771.9,5.00E-05,-0.00015,-0.0001,-0.00025,-0.00061,-0.00064
772.23,0.00018,3.00E-05,8.00E-05,-2.00E-05,-0.00052,-0.00048
772.56,0.00013,0.00011,0.00011,0,-0.00051,-0.00044
772.88,0.00027,0.00019,0.00013,0.00013,-0.00031,-0.00031
773.21,0.00041,0.00013,0.00028,0.00026,-0.00025,-0.00022
773.54,0.00036,4.00E-05,0.00031,0.00018,-0.0004,-0.00029
773.86,0.00042,2.00E-05,0.00029,7.00E-05,-0.00028,-0.00033
774.19,0.00036,-6.00E-05,0.00012,0,-0.0004,-0.00036
774.52,0.00035,-4.00E-05,0.0001,-4.00E-05,-0.00046,-0.00039
774.84,0.00021,-0.00012,-1.00E-05,-0.00018,-0.00047,-0.00042
775.17,3.00E-05,-0.00031,-8.00E-05,-0.00036,-0.00068,-0.00061
775.5,-4.00E-05,-0.00036,-0.0001,-0.00052,-0.00068,-0.00062
775.82,-0.00011,-0.00037,-0.00015,-0.00057,-0.00073,-0.00064
776.15,-0.00019,-0.00038,-0.00018,-0.0005,-0.00084,-0.00065
776.47,-3.00E-05,-0.00039,-8.00E-05,-0.00045,-0.00066,-0.00052
776.8,-2.00E-05,-0.00049,-0.00014,-0.00049,-0.00061,-0.00061
777.12,8.00E-05,-0.00048,-0.00015,-0.00039,-0.00058,-0.00051
777.45,2.00E-05,-0.00048,-0.00033,-0.00048,-0.00058,-0.00055
777.78,-2.00E-05,-0.00045,-0.00036,-0.00044,-0.00051,-0.00054
778.1,0.00016,-0.00037,-0.00034,-0.00043,-0.00042,-0.00048
778.43,0.00019,-0.00026,-0.00034,-0.00048,-0.00035,-0.00048
778.75,3.00E-05,-0.0001,-0.0004,-0.00045,-0.00047,-0.00051
779.08,-5.00E-05,-0.00021,-0.00054,-0.00054,-0.00058,-0.00063
779.4,-1.00E-05,-0.00026,-0.00048,-0.00064,-0.00069,-0.00067
779.73,3.00E-05,-0.0001,-0.00034,-0.00046,-0.00067,-0.00055
780.06,3.00E-05,-9.00E-05,-0.00038,-0.00049,-0.00086,-0.00066
780.38,-0.00013,-0.00022,-0.00051,-0.00064,-0.00099,-0.00075
780.71,-0.00019,-0.00034,-0.00058,-0.00054,-0.00115,-0.00084
781.03,-0.00014,-0.00042,-0.00046,-0.00054,-0.00109,-0.00088
781.36,-0.00011,-0.00024,-0.00029,-0.00047,-0.00108,-0.0007
781.68,-0.00014,-8.00E-05,-0.00029,-0.00014,-0.00069,-0.00062
782.01,0.00012,5.00E-05,-0.00016,-0.00011,-0.00054,-0.00063
782.33,0.00022,0.00022,-0.00011,2.00E-05,-0.00036,-0.0005
782.66,0.00034,0.00026,4.00E-05,0.00022,-0.00028,-0.00041
782.98,0.00043,0.00025,5.00E-05,0.00016,-0.0002,-0.0004
783.31,0.00035,0.00019,-7.00E-05,7.00E-05,-0.00031,-0.00044
783.63,0.00034,8.00E-05,-0.00017,0.00013,-0.0002,-0.0005
783.96,0.0004,-9.00E-05,-0.0002,-0.0002,-0.00053,-0.00063
784.28,0.00023,-0.0003,-0.00033,-0.00024,-0.00056,-0.00074
784.61,0.0002,-0.00042,-0.00034,-0.0003,-0.00057,-0.00062
784.93,-1.00E-05,-0.0005,-0.00049,-0.00047,-0.00068,-0.00075
785.26,4.00E-05,-0.00034,-0.00032,-0.00034,-0.00048,-0.00063
785.58,0.00019,-0.00014,-0.00011,-0.00021,-0.00032,-0.00064
785.91,0.00021,-0.00029,-8.00E-05,-0.00029,-0.00038,-0.00071
786.23,9.00E-05,-0.00041,-0.00018,-0.00028,-0.00037,-0.00068
786.56,0.00017,-0.00039,-0.00015,-0.00029,-0.00047,-0.00049
786.88,0.0002,-0.00028,-0.0001,-0.00035,-0.00053,-0.00059
787.2,0.0003,-0.00023,-7.00E-05,-0.00012,-0.00039,-0.00048
787.53,0.00034,-0.00037,-0.00023,-0.00016,-0.00056,-0.00047
787.85,0.00019,-0.00062,-0.00041,-0.00029,-0.00071,-0.00048
788.18,0.00018,-0.00048,-0.00035,-0.00023,-0.00072,-0.00032
788.5,0.00021,-0.00028,-0.00025,-0.00013,-0.00053,-0.00031
788.83,0.00011,-0.0003,-0.00013,-2.00E-05,-0.00031,-0.00035
789.15,0.00011,-0.00028,-0.00011,0.00017,-0.00025,-0.0003
789.47,0.00018,-0.00013,0,9.00E-05,-0.00029,-0.00018
789.8,0.0001,-8.00E-05,0.00022,6.00E-05,-0.00024,-0.00021
790.12,0.00024,0.00013,0.00035,0.00015,0,-0.00013
790.45,0.00033,0.00017,0.00021,8.00E-05,5.00E-05,-0.00019
790.77,0.00027,0.0001,0.00016,-1.00E-05,-0.00011,-0.00028
791.09,0.0002,0.0001,-7.00E-05,-0.00027,-0.00035,-0.00031
791.42,9.00E-05,-7.00E-05,-0.00034,-0.00058,-0.00042,-0.00044
791.74,-4.00E-05,-0.00017,-0.00039,-0.00063,-0.00043,-0.00053
792.06,-6.00E-05,2.00E-05,-0.00046,-0.0005,-0.0004,-0.00045
792.39,-0.00012,-6.00E-05,-0.00055,-0.00055,-0.00056,-0.00047
792.71,-0.00027,-5.00E-05,-0.00041,-0.00045,-0.00061,-0.00058
793.04,-0.00023,-0.00029,-0.00034,-0.0005,-0.00077,-0.00066
793.36,-0.00015,-0.00023,-0.0002,-0.00032,-0.00068,-0.00062
793.68,-0.00015,-0.00029,-0.0001,-0.00012,-0.00069,-0.00065
794.01,-0.00013,-0.00025,-0.00011,-8.00E-05,-0.00076,-0.0008
794.33,-0.00014,-0.00046,-0.00015,-0.00032,-0.00085,-0.00101
794.65,-0.00012,-0.00052,-0.00022,-0.00033,-0.00079,-0.00111
794.98,-2.00E-05,-0.00062,-0.00027,-0.00037,-0.00079,-0.00094
795.3,-2.00E-05,-0.00036,-0.00025,-0.00019,-0.00052,-0.00074
795.62,-6.00E-05,-0.00039,-0.00032,-0.00027,-0.00051,-0.00094
795.94,-4.00E-05,-0.00031,-0.0003,-0.0004,-0.00058,-0.00093
796.27,0.00015,-0.00031,-0.00022,-0.00034,-0.00053,-0.00079
796.59,0.00019,-0.00025,-0.00032,-0.00026,-0.0005,-0.00071
796.91,0.00024,-0.00016,-0.00018,-0.00026,-0.00048,-0.00059
797.24,0.00017,-3.00E-05,-0.00016,-0.00033,-0.0005,-0.00062
797.56,0.0002,2.00E-05,-0.00014,-0.00031,-0.00042,-0.00043
797.88,0.00021,-8.00E-05,-0.00017,-0.00035,-0.00051,-0.00039
798.21,0.00014,-0.00023,-0.00028,-0.00033,-0.00048,-0.0005
798.53,-3.00E-05,-0.00036,-0.00035,-0.00036,-0.00036,-0.00049
798.85,-0.00012,-0.00036,-0.00038,-0.00037,-0.00041,-0.00054
799.17,-0.00012,-0.00043,-0.0005,-0.00032,-0.00054,-0.00051
799.5,-0.00013,-0.00034,-0.00044,-0.00024,-0.00046,-0.00049
799.82,-0.00024,-0.00056,-0.00059,-0.00045,-0.00078,-0.00086
800.14,-0.00027,-0.00047,-0.00056,-0.00031,-0.00079,-0.00079
800.46,0,-0.00019,-0.00022,-3.00E-05,-0.00052,-0.00049
800.79,9.00E-05,-7.00E-05,-0.0002,-2.00E-05,-0.0005,-0.00042
801.11,0.00012,-0.00013,-0.00015,-1.00E-05,-0.00027,-0.00016
801.43,6.00E-05,-0.00022,-0.00021,-0.00015,-0.00024,-0.00024
801.75,6.00E-05,-0.00039,-0.00023,-0.00011,-0.0003,-0.00024
802.07,0.00012,-0.00036,-0.0002,-7.00E-05,-0.00019,-0.00022
802.4,0.00014,-0.00038,-0.00024,-0.0001,-9.00E-05,-0.00024
802.72,2.00E-05,-0.00039,-0.00053,-0.00028,-0.00033,-0.00045
803.04,2.00E-05,-0.00031,-0.00057,-0.00022,-0.00039,-0.00062
803.36,-8.00E-05,-0.00029,-0.00059,-0.0002,-0.00057,-0.00083
803.68,-0.00013,-0.00031,-0.00061,-0.00045,-0.00074,-0.00091
804.01,-4.00E-05,-0.00027,-0.00055,-0.00056,-0.00081,-0.0009
804.33,3.00E-05,-0.0002,-0.00059,-0.00063,-0.00088,-0.00086
804.65,8.00E-05,-0.00013,-0.0005,-0.00064,-0.00099,-0.00089
804.97,4.00E-05,-0.00029,-0.00056,-0.00067,-0.00096,-0.00082
805.29,5.00E-05,-0.00049,-0.00062,-0.0008,-0.00109,-0.00075
805.62,0.00021,-0.00058,-0.00062,-0.00088,-0.0012,-0.00068
805.94,0.00051,-0.00036,-0.00052,-0.00039,-0.00101,-0.00047
806.26,0.00058,-0.00035,-0.00059,-0.00031,-0.00087,-0.00051
806.58,0.00058,-0.00025,-0.00042,-0.00014,-0.00084,-0.00047
806.9,0.00075,-0.00024,-0.0003,-5.00E-05,-0.0007,-0.00034
807.22,0.00074,-0.00025,-9.00E-05,-9.00E-05,-0.00086,-0.00022
807.54,0.00066,-0.00033,-5.00E-05,-0.00014,-0.00088,-0.0004
807.87,0.0006,-0.00023,-6.00E-05,-6.00E-05,-0.00081,-0.00035
808.19,0.00047,-0.00029,-0.00016,-5.00E-05,-0.00081,-0.00044
808.51,0.00036,-0.00038,-0.0001,-3.00E-05,-0.00081,-0.00047
808.83,0.00024,-0.00058,-0.0002,-8.00E-05,-0.00057,-0.00038
809.15,0.00021,-0.00046,-0.00014,0,-0.00039,-0.00039
809.47,0.00013,-0.00048,-0.00037,-8.00E-05,-0.0003,-0.00069
809.79,0.00022,-0.00036,-0.0004,2.00E-05,-0.00027,-0.00054
810.11,0.00021,-0.00039,-0.00037,-5.00E-05,-0.00023,-0.00071
810.43,0.0001,-0.00054,-0.00029,-0.00022,-0.00043,-0.00065
810.76,9.00E-05,-0.00056,-0.00035,-0.0003,-0.00058,-0.00057
811.08,0.0001,-0.0005,-0.00023,-0.00029,-0.00085,-0.00078
811.4,9.00E-05,-0.00058,-0.00038,-0.0003,-0.0011,-0.00077
811.72,0.00013,-0.00053,-0.00036,-9.00E-05,-0.00093,-0.00064
812.04,2.00E-05,-0.00062,-0.00036,-0.00012,-0.00084,-0.0006
812.36,0,-0.00066,-0.00032,-0.00016,-0.00079,-0.00035
812.68,0.00021,-0.00044,-0.00034,0,-0.00058,-0.00042
813,4.00E-05,-0.00034,-0.00045,-6.00E-05,-0.00066,-0.00064
813.32,7.00E-05,-0.00023,-0.0006,-1.00E-05,-0.00054,-0.00041
813.64,-0.00011,-0.00042,-0.00071,-0.0001,-0.00066,-0.00052
813.96,-0.0001,-0.00035,-0.00054,-0.00014,-0.00069,-0.00052
814.28,-6.00E-05,-0.00026,-0.0006,-0.00032,-0.00082,-0.00061
814.6,1.00E-05,-0.00032,-0.0008,-0.0004,-0.00086,-0.00092
814.92,-0.00011,-0.00034,-0.00069,-0.00049,-0.00081,-0.00073
815.24,7.00E-05,-0.00037,-0.00064,-0.00052,-0.00068,-0.00071
815.56,-6.00E-05,-0.00045,-0.00061,-0.00065,-0.00084,-0.00076
815.88,-6.00E-05,-0.00033,-0.00062,-0.00078,-0.00062,-0.00056
816.2,-3.00E-05,-0.00041,-0.00051,-0.00081,-0.00074,-0.00042
816.52,-5.00E-05,-0.00036,-0.00045,-0.00072,-0.0007,-0.00036
816.84,-5.00E-05,-7.00E-05,-0.00013,-0.00048,-0.00066,-0.00028
817.16,-0.00027,-0.00028,-0.00047,-0.00075,-0.00095,-0.00054
817.48,-0.0002,-0.00031,-0.00037,-0.00055,-0.0011,-0.00053
817.8,7.00E-05,-0.00013,-0.00027,-0.00033,-0.00084,-0.00052
818.12,-1.00E-05,-0.00024,-0.00027,-0.00046,-0.0011,-0.00082
818.44,0.0001,-0.00012,-0.00042,-0.00046,-0.00101,-0.00085
818.76,5.00E-05,-0.0002,-0.00057,-0.00045,-0.00101,-0.00092
819.08,-5.00E-05,-0.00041,-0.00088,-0.00058,-0.0013,-0.001
819.4,-8.00E-05,-0.00036,-0.00072,-0.00054,-0.00123,-0.00107
819.72,-0.00017,-0.00043,-0.00082,-0.00056,-0.00109,-0.00094
820.04,-0.00024,-0.0005,-0.0007,-0.00081,-0.00116,-0.00095
820.36,-0.00012,-0.00039,-0.00064,-0.00072,-0.00117,-0.0009
820.68,-0.00017,-0.00046,-0.00072,-0.00081,-0.00114,-0.00095
821,0,-0.00045,-0.00054,-0.00087,-0.00118,-0.00106
821.32,9.00E-05,-0.00044,-0.00047,-0.00086,-0.00094,-0.00099
821.64,0.00025,-0.00041,-0.00041,-0.00079,-0.00091,-0.00085
821.96,8.00E-05,-0.00053,-0.00047,-0.00093,-0.001,-0.00113
822.27,5.00E-05,-0.00055,-0.00063,-0.00075,-0.00106,-0.00114
822.59,0.00016,-0.00057,-0.0006,-0.00061,-0.0009,-0.00093
822.91,3.00E-05,-0.00047,-0.00066,-0.0007,-0.00112,-0.00119
823.23,-0.00015,-0.00056,-0.00073,-0.00067,-0.00102,-0.00108
823.55,-7.00E-05,-0.00042,-0.00066,-0.00051,-0.00086,-0.00091
823.87,-0.0001,-0.00048,-0.00051,-0.00045,-0.00072,-0.00087
824.19,2.00E-05,-0.00039,-0.0004,-0.00037,-0.00063,-0.0006
824.51,-6.00E-05,-0.00044,-0.00046,-0.00031,-0.00076,-0.00078
824.83,-0.00026,-0.00069,-0.00059,-0.00059,-0.00086,-0.0012
825.14,-0.00014,-0.00095,-0.00033,-0.0003,-0.00058,-0.00088
825.46,-0.00016,-0.00075,-0.00019,-0.00012,-0.00064,-0.00083
825.78,-0.00031,-0.00081,-0.00022,-0.00025,-0.00088,-0.00087
826.1,-0.00042,-0.00088,-0.00058,-0.00044,-0.00111,-0.00105
826.42,-0.00041,-0.00069,-0.00062,-0.0004,-0.00098,-0.00094
826.74,-0.00033,-0.00069,-0.00063,-0.00054,-0.00081,-0.00094
827.06,-0.00011,-0.00042,-0.00055,-0.00021,-0.00062,-0.00072
827.37,-0.00036,-0.00039,-0.00068,-0.00044,-0.00081,-0.00072
827.69,-0.00025,-0.00049,-0.00088,-0.00061,-0.00074,-0.00069
828.01,-0.0002,-0.0005,-0.00082,-0.00052,-0.0007,-0.00083
828.33,-0.00023,-0.0004,-0.00062,-0.00039,-0.00052,-0.00084
828.65,-0.00033,-0.00067,-0.00076,-0.00056,-0.00078,-0.00108
828.96,-0.00059,-0.0006,-0.0007,-0.0007,-0.00103,-0.00094
829.28,-0.00051,-0.0003,-0.00057,-0.00065,-0.00105,-0.00078
829.6,-0.0005,-6.00E-05,-0.00053,-0.0006,-0.00108,-0.00088
829.92,-0.00048,9.00E-05,-0.00038,-0.00059,-0.00093,-0.00093
830.24,-0.00032,1.00E-05,-0.00033,-0.00064,-0.00093,-0.00108
830.55,-0.00017,-2.00E-05,-0.00018,-0.0007,-0.00099,-0.00106
830.87,2.00E-05,0.00013,-9.00E-05,-0.00065,-0.00078,-0.00107
831.19,0.00038,0.00021,-0.00015,-0.00061,-0.00046,-0.00098
831.51,0.00016,-5.00E-05,-0.00028,-0.00078,-0.00044,-0.00108
831.83,0.00025,-0.00018,-0.00053,-0.00066,-0.00043,-0.00109
832.14,0.0003,-0.00053,-0.00049,-0.00066,-0.00064,-0.00114
832.46,0,-0.00075,-0.00082,-0.00086,-0.00073,-0.00103
832.78,-7.00E-05,-0.00069,-0.00108,-0.00093,-0.00082,-0.00112
833.1,-6.00E-05,-0.00061,-0.00109,-0.00085,-0.00085,-0.00099
833.41,-0.0002,-0.00089,-0.00118,-0.00098,-0.00101,-0.00107
833.73,-0.00037,-0.00129,-0.00141,-0.00113,-0.0012,-0.00122
834.05,-0.00037,-0.00125,-0.00105,-0.00121,-0.00116,-0.00115
834.36,-0.00072,-0.00123,-0.00127,-0.0013,-0.00124,-0.0012
834.68,-0.00046,-0.0009,-0.00088,-0.00117,-0.00102,-0.001
835,-0.0002,-0.0008,-0.00068,-0.001,-0.00075,-0.00065
835.32,-0.00015,-0.00066,-0.00036,-0.00092,-0.00069,-0.00051
835.63,-0.00026,-0.00051,-0.00023,-0.00064,-0.00055,-0.00066
835.95,-0.00019,-0.00027,-3.00E-05,-0.00039,-0.0005,-0.00055
836.27,-0.0001,-0.00025,-0.00023,-0.00051,-0.00042,-0.00063
836.58,6.00E-05,-0.00035,-0.00025,-0.00048,-0.00052,-0.00086
836.9,-1.00E-05,-0.00061,-0.00054,-0.00042,-0.00072,-0.00114
837.22,-7.00E-05,-0.00042,-0.0006,-0.00045,-0.00072,-0.00127
837.53,-0.00014,-0.00057,-0.0009,-0.0006,-0.00075,-0.00158
837.85,-4.00E-05,-0.00059,-0.00101,-0.00072,-0.00075,-0.00142
838.17,0.0002,-0.00044,-0.00086,-0.00094,-0.00056,-0.00135
838.48,-0.00012,-0.00059,-0.00095,-0.00099,-0.00076,-0.00155
838.8,-0.00046,-0.00054,-0.00086,-0.001,-0.00073,-0.0013
839.12,-0.00042,-0.00026,-0.00077,-0.00099,-0.00067,-0.00123
839.43,-0.00042,-0.00046,-0.00069,-0.00073,-0.00057,-0.0011
839.75,-0.00038,-0.0005,-0.00067,-0.00052,-0.00054,-0.00095
840.07,-0.00062,-0.00058,-0.00081,-0.00079,-0.00091,-0.00122
840.38,-0.00096,-0.00084,-0.00112,-0.00078,-0.00135,-0.0014
840.7,-0.0005,-0.0007,-0.00106,-0.00071,-0.00123,-0.00119
841.01,-0.00033,-0.00051,-0.00122,-0.00081,-0.00113,-0.0013
841.33,-0.00044,-0.00065,-0.00129,-0.0008,-0.00127,-0.00145
841.65,-0.00061,-0.00068,-0.00158,-0.00109,-0.00162,-0.00172
841.96,-0.00073,-0.00076,-0.00174,-0.00128,-0.00185,-0.00183
842.28,-0.00037,-0.00066,-0.00145,-0.00093,-0.00168,-0.00145
842.6,-4.00E-05,-0.00064,-0.00117,-0.00096,-0.00164,-0.00156
842.91,-0.00022,-0.00063,-0.00118,-0.0012,-0.00179,-0.00166
843.23,0,-0.00073,-0.00094,-0.00117,-0.00212,-0.00157
843.54,0,-0.00045,-0.00085,-0.00113,-0.00183,-0.00134
843.86,5.00E-05,-0.00059,-0.00084,-0.00125,-0.00171,-0.00124
844.17,0.00014,-0.00056,-0.00073,-0.00139,-0.00164,-0.00143
844.49,0.00019,-0.00044,-0.001,-0.0014,-0.00137,-0.00168
844.81,0.00014,-0.0004,-0.001,-0.00139,-0.00121,-0.00154
845.12,0.00013,-0.00035,-0.00083,-0.00099,-0.00124,-0.00163
845.44,6.00E-05,-0.00023,-0.00111,-0.00086,-0.00109,-0.00172
845.75,0.00022,-0.00043,-0.00099,-0.00087,-0.00122,-0.00165
846.07,0.00049,-0.00027,-0.00057,-0.0004,-0.00096,-0.00153
846.38,0.00058,-6.00E-05,-0.00047,-0.00034,-0.00083,-0.00116
846.7,0.00065,-9.00E-05,-0.00029,-0.00046,-0.00092,-0.00087
847.01,0.00056,1.00E-05,-0.00031,-0.00039,-0.00101,-0.00092
847.33,0.00048,-0.00019,-0.00024,-0.00051,-0.00082,-0.00085
847.64,0.00047,-0.00039,0,-0.00044,-0.00062,-0.00065
847.96,0.00042,-0.00049,-9.00E-05,-0.00052,-0.00068,-0.00098
848.27,0.00022,-0.00063,-0.00028,-0.00107,-0.00081,-0.00125
848.59,8.00E-05,-0.00079,-0.00023,-0.00099,-0.00092,-0.00128
848.9,-0.00035,-0.00091,-0.00026,-0.00097,-0.00126,-0.0017
849.22,-0.00034,-0.00095,-0.00033,-0.0011,-0.00151,-0.0019
849.53,-0.00027,-0.00082,-0.00047,-0.00095,-0.00164,-0.00183
849.85,-0.00024,-0.00062,-0.00047,-0.00082,-0.00169,-0.00174
850.16,-0.00035,-0.00057,-0.0006,-0.0009,-0.0019,-0.00167
850.48,-0.00041,-0.00041,-0.00046,-0.0005,-0.00193,-0.00158
850.79,-0.00029,-0.00027,-0.0006,-0.00055,-0.00207,-0.00164
851.11,-0.00017,-0.00046,-0.00079,-0.00044,-0.00181,-0.00146
851.42,-0.00022,-0.00079,-0.00096,-0.00038,-0.00166,-0.00127
851.74,-0.00025,-0.00078,-0.00083,-0.00045,-0.00156,-0.00135
852.05,-0.00021,-0.00098,-0.00077,-0.00062,-0.00159,-0.00159
852.36,-0.00027,-0.00109,-0.0008,-0.00075,-0.00141,-0.00174
852.68,-0.00022,-0.00115,-0.00104,-0.00068,-0.00154,-0.00188
852.99,-0.00055,-0.0015,-0.0013,-0.00057,-0.00131,-0.00193
853.31,-0.00051,-0.00141,-0.0012,-0.00074,-0.00127,-0.00192
853.62,-0.00073,-0.00133,-0.00133,-0.00116,-0.00135,-0.00219
853.94,-0.00086,-0.0014,-0.00155,-0.0014,-0.00139,-0.00244
854.25,-0.00092,-0.00142,-0.00157,-0.00151,-0.00137,-0.00231
854.56,-0.00101,-0.00135,-0.00151,-0.00153,-0.0015,-0.00208
854.88,-0.0009,-0.00127,-0.00114,-0.00181,-0.0016,-0.00194
855.19,-0.00103,-0.00111,-0.00114,-0.00224,-0.00196,-0.00217
855.51,-0.00091,-0.00101,-0.00088,-0.00207,-0.00194,-0.00218
855.82,-0.00055,-0.00061,-0.00053,-0.00145,-0.00158,-0.00199
856.13,-0.00031,-0.00048,-0.00053,-0.00121,-0.00186,-0.00176
856.45,-0.00014,-0.00013,-0.0004,-0.00115,-0.00158,-0.00176
856.76,0.00027,-0.00016,-0.00043,-0.001,-0.00143,-0.00183
857.07,0.00055,-0.00015,-0.00058,-0.00098,-0.00127,-0.00181
857.39,0.00099,-0.00026,-0.00038,-0.00083,-0.00118,-0.0017
857.7,0.00125,-0.0001,-0.00042,-0.00089,-0.00106,-0.00163
858.02,0.0011,-0.00037,-0.00061,-0.00115,-0.00132,-0.00174
858.33,0.00102,-0.00051,-0.00081,-0.00107,-0.00116,-0.00188
858.64,0.00095,-0.00088,-0.00098,-0.00102,-0.00148,-0.00209
858.96,0.00063,-0.00101,-0.00083,-0.00103,-0.00145,-0.00191
859.27,0.00056,-0.00074,-0.00065,-0.00045,-0.00138,-0.00174
859.58,0.0003,-0.00077,-0.00058,-3.00E-05,-0.00132,-0.00176
859.9,0.00013,-0.00094,-0.00062,-9.00E-05,-0.00161,-0.0018
860.21,-0.00011,-0.00096,-0.00061,-2.00E-05,-0.00141,-0.00171
860.52,-0.00041,-0.00067,-0.00045,-2.00E-05,-0.00136,-0.00161
860.83,-0.00037,-0.00062,-0.00048,0.00014,-0.00139,-0.00166
861.15,-0.00046,-0.00064,-0.00056,-8.00E-05,-0.00145,-0.00197
861.46,-0.00058,-0.00101,-0.00076,-0.00044,-0.00169,-0.00203
861.77,-0.00033,-0.00078,-0.00052,-0.00033,-0.00161,-0.00188
862.09,-0.00062,-0.00075,-0.00078,-0.00056,-0.00164,-0.00219
862.4,-0.0005,-0.00076,-0.00081,-0.00068,-0.0018,-0.00235
862.71,-0.0002,-0.00088,-0.00078,-0.00075,-0.0017,-0.00234
863.02,-0.00012,-0.0008,-0.00066,-0.00111,-0.00153,-0.00207
863.34,-8.00E-05,-0.00056,-0.00056,-0.00061,-0.00125,-0.00179
863.65,-0.00045,-0.00067,-0.00101,-0.00107,-0.00125,-0.00219
863.96,-0.00058,-0.00104,-0.00127,-0.00144,-0.00137,-0.00239
864.27,-0.00014,-0.00085,-0.00118,-0.00139,-0.00123,-0.00222
864.59,-2.00E-05,-0.0009,-0.00111,-0.00123,-0.00107,-0.00195
864.9,0.0001,-0.00086,-0.00098,-0.00105,-0.00118,-0.00179
865.21,-0.00022,-0.00091,-0.00136,-0.00104,-0.00133,-0.00198
865.52,-0.00059,-0.00125,-0.0017,-0.00146,-0.00191,-0.00242
865.84,-0.00072,-0.00127,-0.00138,-0.00122,-0.00209,-0.0024
866.15,-0.00092,-0.001,-0.00141,-0.00132,-0.0022,-0.00237
866.46,-0.00132,-0.00101,-0.0011,-0.00113,-0.002,-0.00221
866.77,-0.00148,-0.00089,-0.00129,-0.0015,-0.00243,-0.00245
867.08,-0.00165,-0.00122,-0.00148,-0.00182,-0.00256,-0.00288
867.4,-0.00122,-0.00089,-0.00082,-0.00145,-0.00231,-0.00261
867.71,-0.00051,-0.00046,-0.00073,-0.00125,-0.00207,-0.00212
868.02,-0.00022,-0.00029,-0.00073,-0.00104,-0.00172,-0.00187
868.33,0.00032,-0.00011,-0.00066,-0.00082,-0.00159,-0.00167
868.64,0.00035,-0.00043,-0.00087,-0.00071,-0.00191,-0.002
868.96,0.0003,-0.00054,-0.00085,-0.00034,-0.00169,-0.00209
869.27,0.00049,-0.0006,-0.00084,-0.00052,-0.00182,-0.00196
869.58,0.0004,-0.00111,-0.00086,-0.00097,-0.00221,-0.00206
869.89,0.00021,-0.00109,-0.00071,-0.00084,-0.00205,-0.00214
870.2,0.00035,-0.00113,-0.00074,-0.001,-0.0021,-0.00235
870.51,0.0001,-0.00111,-0.00068,-0.00083,-0.00217,-0.00252
870.82,0.00054,-0.00073,-0.00063,-0.00104,-0.00208,-0.00193
871.14,0.00094,-0.00065,-0.00044,-0.00109,-0.00191,-0.00172
871.45,0.00056,-0.00066,-0.00051,-0.00078,-0.00164,-0.00137
871.76,0.00027,-0.00048,-0.00087,-0.00046,-0.00143,-0.00137
872.07,0.00033,-0.00062,-0.00091,-0.00091,-0.00189,-0.00139
872.38,0.00029,-0.00052,-0.00066,-0.00106,-0.00196,-0.00115
872.69,0.00055,-0.00063,-0.00047,-0.00118,-0.0016,-0.00091
873,-0.0003,-0.00102,-0.00071,-0.0013,-0.00176,-0.00138
873.31,-0.00094,-0.00152,-0.00087,-0.00157,-0.00225,-0.00198
873.63,-0.00101,-0.00146,-0.00084,-0.00176,-0.00234,-0.00214
873.94,-0.00081,-0.00131,-0.00073,-0.00193,-0.00269,-0.00245
874.25,-0.00087,-0.00121,-0.00056,-0.00184,-0.00251,-0.00273
874.56,-0.00109,-0.00142,-0.00068,-0.00204,-0.00258,-0.00304
874.87,-0.00172,-0.00156,-0.00098,-0.00238,-0.00283,-0.00306
875.18,-0.00126,-0.0013,-0.0007,-0.00213,-0.00258,-0.00292
875.49,-0.00088,-0.00051,-0.00042,-0.00193,-0.00196,-0.00209
875.8,-0.00067,0,0,-0.00182,-0.00191,-0.00216
876.11,-0.00061,0.00036,6.00E-05,-0.00192,-0.00153,-0.00203
876.42,-0.00037,0.00029,0.00021,-0.00158,-0.00122,-0.00166
876.73,-0.00025,0.00022,-0.00015,-0.00139,-0.00116,-0.00147
877.04,0.00017,0.00079,-0.00015,-0.00121,-0.00122,-0.00173
877.35,0.00045,0.00081,-1.00E-05,-0.0016,-0.00134,-0.00157
877.66,0.00063,0.00079,0.00016,-0.00146,-0.00162,-0.00153
877.97,0.00093,0.00066,0.00026,-0.0014,-0.00146,-0.00141
878.28,0.00064,0.00037,7.00E-05,-0.00127,-0.00162,-0.00121
878.59,0.00031,0.00034,-0.00039,-0.00162,-0.0021,-0.00146
878.9,0.0002,0.0004,-0.00022,-0.0016,-0.00218,-0.00141
879.21,0.00059,-0.00015,-0.00025,-0.00147,-0.00216,-0.00126
879.52,0.00011,-0.00018,-0.00057,-0.00123,-0.00218,-0.00147
879.83,0.00041,-0.00042,-0.00091,-0.00121,-0.00214,-0.00162
880.14,0.00021,-0.00058,-0.00152,-0.00145,-0.00232,-0.00186
880.45,0.00039,-0.00066,-0.00172,-0.00156,-0.00229,-0.00215
880.76,0.00098,-0.00043,-0.00131,-0.00091,-0.00169,-0.00166
881.07,0.00117,-5.00E-05,-0.00121,-0.00122,-0.00161,-0.0016
881.38,0.00069,0,-0.00142,-0.00126,-0.00155,-0.00162
881.69,0.00087,-8.00E-05,-0.00127,-0.00128,-0.00173,-0.00175
882,0.00078,0.00016,-0.00116,-0.00103,-0.00151,-0.00151
882.31,0.00114,0.00015,-0.00091,-0.00067,-0.00109,-0.00117
882.62,0.00119,-0.00013,-0.00099,-0.00067,-0.00112,-0.00108
882.93,0.00088,-0.00038,-0.00112,-0.00095,-0.00134,-0.00144
883.24,0.00079,-0.00062,-0.00119,-0.00072,-0.00152,-0.00125
883.55,0.00074,-0.00049,-0.0012,-0.00078,-0.00162,-0.00151
883.86,0.00051,-0.00031,-0.00144,-0.0009,-0.00154,-0.00145
884.17,0.00022,-0.00044,-0.00182,-0.00122,-0.00179,-0.00156
884.48,-9.00E-05,-0.00021,-0.00198,-0.00139,-0.00205,-0.0017
884.79,-0.00029,-0.00013,-0.00189,-0.00164,-0.00237,-0.00177
885.09,-0.00076,-0.0004,-0.00227,-0.00219,-0.00258,-0.0021
885.4,-0.00085,-0.0007,-0.00226,-0.00204,-0.00236,-0.00243
885.71,-0.00071,-0.00062,-0.00201,-0.00207,-0.00231,-0.0022
886.02,-0.00037,-0.0008,-0.00201,-0.00174,-0.00243,-0.00198
886.33,-0.0003,-0.00096,-0.00179,-0.00167,-0.00248,-0.00209
886.64,0.0001,-0.00143,-0.00167,-0.00171,-0.00256,-0.00235
886.95,0.0006,-0.00136,-0.00199,-0.0016,-0.00246,-0.00221
887.26,0.00091,-0.00111,-0.00182,-0.00157,-0.00238,-0.00192
887.57,0.00083,-0.00101,-0.00206,-0.00145,-0.00219,-0.00191
887.87,0.00038,-0.00149,-0.00227,-0.00154,-0.00234,-0.00232
888.18,0.00018,-0.00173,-0.00224,-0.00209,-0.002,-0.00274
888.49,0.00024,-0.00183,-0.00217,-0.00213,-0.00205,-0.00283
888.8,-6.00E-05,-0.00148,-0.00229,-0.00209,-0.002,-0.0025
889.11,4.00E-05,-0.00125,-0.00175,-0.00149,-0.0013,-0.00223
889.42,-0.00043,-0.00161,-0.0022,-0.00164,-0.00159,-0.00246
889.72,-4.00E-05,-0.00168,-0.00211,-0.00145,-0.00181,-0.00238
890.03,-0.0002,-0.00154,-0.00222,-0.00165,-0.0021,-0.00218
890.34,-0.0002,-0.00143,-0.00235,-0.0014,-0.00231,-0.00207
890.65,-0.00063,-0.0011,-0.0022,-0.00138,-0.0017,-0.00185
890.96,-0.00077,-0.00127,-0.00231,-0.00136,-0.0018,-0.002
891.27,-0.00132,-0.00175,-0.00233,-0.0016,-0.00225,-0.00241
891.57,-0.00095,-0.00163,-0.00216,-0.00119,-0.00195,-0.00196
891.88,-0.00172,-0.00201,-0.0027,-0.00192,-0.00264,-0.00235
892.19,-0.00152,-0.00222,-0.00282,-0.00202,-0.00253,-0.0022
892.5,-0.00148,-0.00236,-0.00269,-0.00222,-0.00245,-0.00212
892.8,-0.00146,-0.00312,-0.00286,-0.00219,-0.00304,-0.00231
893.11,-0.00148,-0.00304,-0.00262,-0.00192,-0.00287,-0.00206
893.42,-0.0012,-0.00246,-0.0028,-0.00172,-0.00295,-0.0019
893.73,-0.00094,-0.00222,-0.00225,-0.00153,-0.0031,-0.00203
894.04,-2.00E-05,-0.00169,-0.00132,-0.00095,-0.0022,-0.00162
894.34,0.0004,-0.00115,-0.00059,-0.00049,-0.00195,-0.00135
894.65,0.00029,-0.00095,-0.00033,-0.00025,-0.00197,-0.00126
894.96,0.00054,-0.00056,-0.00012,-0.00053,-0.00172,-0.00145
895.26,-9.00E-05,-0.00102,-0.0006,-0.00131,-0.00228,-0.00202
895.57,-0.00041,-0.00126,-0.00081,-0.00128,-0.00228,-0.00212
895.88,-0.00064,-0.00123,-0.00099,-0.0014,-0.00192,-0.00215
896.19,-0.00095,-0.00126,-0.00131,-0.00185,-0.00214,-0.00236
896.49,-0.00126,-0.0014,-0.00161,-0.00202,-0.00188,-0.0024
896.8,-0.00129,-0.00144,-0.00202,-0.00198,-0.00192,-0.00263
897.11,-0.00175,-0.00158,-0.00218,-0.00193,-0.00247,-0.00268
897.42,-0.00142,-0.00113,-0.0016,-0.00149,-0.0017,-0.00202
897.72,-0.00128,-0.00144,-0.00151,-0.00197,-0.00167,-0.00207
898.03,-0.0015,-0.00125,-0.00178,-0.0021,-0.00214,-0.00224
898.34,-0.00155,-0.00092,-0.00169,-0.00198,-0.00245,-0.00183
898.64,-0.00124,-0.00095,-0.00144,-0.00197,-0.00257,-0.00212
898.95,-0.0012,-0.00128,-0.00152,-0.00215,-0.00278,-0.00224
899.26,-0.00081,-0.00071,-0.00179,-0.00199,-0.00241,-0.00164
899.56,-0.00072,-0.001,-0.00218,-0.00223,-0.00289,-0.00218
899.87,-0.00062,-0.00078,-0.00182,-0.00211,-0.00276,-0.00183
900.18,-0.00059,-0.00119,-0.00157,-0.00207,-0.00237,-0.00196
900.48,-0.0009,-0.00171,-0.00178,-0.00223,-0.00213,-0.00257
900.79,-0.00124,-0.0022,-0.00232,-0.00247,-0.0024,-0.00251
901.1,-0.00091,-0.00205,-0.0019,-0.00205,-0.00205,-0.00207
901.4,-0.00085,-0.00248,-0.00159,-0.00217,-0.00193,-0.00229
901.71,-0.00082,-0.0022,-0.00114,-0.00164,-0.00138,-0.00174
902.01,-0.00094,-0.0023,-0.00132,-0.00173,-0.00145,-0.00217
902.32,-0.0008,-0.00217,-0.00158,-0.00161,-0.00162,-0.00171
902.63,-0.00064,-0.00237,-0.0018,-0.00157,-0.00182,-0.00164
902.93,-0.00127,-0.00251,-0.00199,-0.00156,-0.00207,-0.00196
903.24,-0.00159,-0.00215,-0.00203,-0.00187,-0.00229,-0.00206
903.54,-0.00144,-0.00206,-0.0024,-0.00171,-0.00236,-0.00216
903.85,-0.00123,-0.00259,-0.00291,-0.00226,-0.00311,-0.00245
904.16,-0.00137,-0.0028,-0.00293,-0.00244,-0.00382,-0.00217
904.46,-0.00144,-0.00293,-0.00295,-0.00265,-0.00404,-0.00243
904.77,-0.00121,-0.00236,-0.00269,-0.00232,-0.00388,-0.00243
905.07,-0.00032,-0.00168,-0.0024,-0.00206,-0.00314,-0.00184
905.38,-0.00022,-0.00183,-0.00227,-0.00184,-0.0029,-0.00134
905.68,-8.00E-05,-0.002,-0.00169,-0.00176,-0.00274,-0.00135
905.99,-2.00E-05,-0.00175,-0.00136,-0.0017,-0.00265,-0.00146
906.3,0.0001,-0.00127,-0.0013,-0.00128,-0.00186,-0.00144
906.6,0.00043,-0.00079,-0.00099,-0.00101,-0.00167,-0.00102
906.91,0.0001,-0.00121,-0.00107,-0.0012,-0.00186,-0.00085
907.21,-0.00038,-0.00128,-0.00098,-0.00132,-0.00218,-0.00125
907.52,-4.00E-05,-0.00093,-0.00093,-0.0011,-0.00241,-0.0019
907.82,-0.00073,-0.00096,-0.0016,-0.00167,-0.00285,-0.00235
908.13,-0.00097,-0.00048,-0.00162,-0.00127,-0.00287,-0.00239
908.43,-0.00099,-0.00106,-0.00176,-0.00161,-0.00318,-0.00285
908.74,-0.00133,-0.00172,-0.0018,-0.0018,-0.00345,-0.00333
909.04,-0.00178,-0.00147,-0.00201,-0.00179,-0.00382,-0.00358
909.35,-0.00132,-0.00157,-0.00207,-0.00187,-0.00385,-0.00346
909.65,-0.00153,-0.00161,-0.00216,-0.00178,-0.00314,-0.00317
909.96,-0.001,-0.00091,-0.00178,-0.00109,-0.00259,-0.00284
910.26,-0.00072,-0.00146,-0.00204,-0.00147,-0.00249,-0.00287
910.57,-0.00057,-0.00066,-0.00162,-0.00109,-0.00199,-0.0023
910.87,-0.00055,-0.00042,-0.00174,-0.0011,-0.00163,-0.00221
911.18,-1.00E-05,-0.0004,-0.00145,-0.00125,-0.00119,-0.00212
911.48,-0.00011,-0.0005,-0.0009,-0.00092,-0.0009,-0.00205
911.79,-0.00087,-0.00132,-0.0012,-0.00169,-0.00173,-0.00261
912.09,-0.00107,-0.00183,-0.00107,-0.00213,-0.00231,-0.00219
912.39,-0.0012,-0.00186,-0.00097,-0.00189,-0.00215,-0.00231
912.7,-0.00162,-0.00229,-0.00125,-0.00204,-0.00261,-0.00263
913,-0.00206,-0.00228,-0.00151,-0.00226,-0.00315,-0.00308
913.31,-0.00212,-0.0026,-0.0017,-0.00243,-0.0033,-0.00302
913.61,-0.0019,-0.00236,-0.00238,-0.00239,-0.00364,-0.00307
913.92,-0.00162,-0.00206,-0.00247,-0.00248,-0.00401,-0.00303
914.22,-0.00165,-0.00213,-0.00296,-0.0029,-0.00426,-0.00383
914.52,-0.00174,-0.00224,-0.00285,-0.00299,-0.00437,-0.0037
914.83,-0.00102,-0.00209,-0.00231,-0.00284,-0.00375,-0.00307
915.13,-0.00068,-0.00256,-0.00245,-0.0028,-0.00341,-0.00283
915.44,-0.00036,-0.00259,-0.00243,-0.00253,-0.00322,-0.00313
915.74,-0.0003,-0.00267,-0.00209,-0.00272,-0.00305,-0.00295
916.04,0.00024,-0.00271,-0.00189,-0.00242,-0.00263,-0.00284
916.35,0,-0.00311,-0.00203,-0.00241,-0.00271,-0.00261
916.65,-0.00045,-0.00324,-0.00184,-0.00255,-0.00266,-0.00228
916.96,-0.00073,-0.00354,-0.00203,-0.00277,-0.0035,-0.00276
917.26,-0.00064,-0.00339,-0.0021,-0.00306,-0.00372,-0.0026
917.56,-0.00113,-0.00359,-0.00163,-0.0035,-0.00371,-0.00239
917.87,-0.00122,-0.00337,-0.00169,-0.00303,-0.00336,-0.00214
918.17,-0.00157,-0.00278,-0.002,-0.00263,-0.00316,-0.00162
918.47,-0.00186,-0.00262,-0.00193,-0.00292,-0.00296,-0.0019
918.78,-0.00172,-0.00212,-0.00218,-0.00309,-0.00327,-0.00222
919.08,-0.00178,-0.00223,-0.00227,-0.00336,-0.00295,-0.0027
919.38,-0.00235,-0.00243,-0.0024,-0.00329,-0.00311,-0.00355
919.69,-0.0021,-0.00197,0.00015,-0.00312,-0.00361,-0.00399
919.99,-0.00245,-0.00263,-0.00031,-0.00398,-0.00465,-0.00496
920.29,-0.00262,-0.00309,-0.00054,-0.00491,-0.00511,-0.0058
920.59,-0.00193,-0.00279,-0.00046,-0.00422,-0.00514,-0.00566
920.9,-0.00165,-0.00267,-0.00037,-0.00378,-0.00476,-0.0052
921.2,-0.0015,-0.00249,-0.00039,-0.00379,-0.00465,-0.00505
921.5,-0.001,-0.00218,-0.00022,-0.00376,-0.00406,-0.00422
921.81,-0.00081,-0.00193,-0.00269,-0.00337,-0.00311,-0.0036
922.11,-0.0009,-0.0025,-0.00274,-0.00325,-0.00314,-0.00363
922.41,-0.0009,-0.00288,-0.00255,-0.00316,-0.00304,-0.00386
922.71,-0.00107,-0.00268,-0.0026,-0.00313,-0.00258,-0.00368
923.02,-0.00117,-0.00329,-0.00303,-0.00359,-0.00302,-0.00448
923.32,-0.00148,-0.00343,-0.0032,-0.00334,-0.00302,-0.00457
923.62,-0.00142,-0.00252,-0.00247,-0.0027,-0.00303,-0.0044
923.92,-0.00142,-0.00296,-0.00349,-0.00258,-0.00363,-0.00443
924.23,-0.00099,-0.00197,-0.00283,-0.00221,-0.00317,-0.00425
924.53,-0.00044,-0.00164,-0.00269,-0.00166,-0.00269,-0.0039
924.83,-0.00048,-0.00183,-0.00271,-0.00151,-0.00315,-0.00404
925.13,-0.00108,-0.00204,-0.0028,-0.00222,-0.00366,-0.00451
925.44,-0.00103,-0.00227,-0.00327,-0.00197,-0.0037,-0.00429
925.74,-0.00114,-0.00305,-0.00352,-0.00215,-0.00427,-0.00442
926.04,-0.00109,-0.00279,-0.00244,-0.00187,-0.0035,-0.00422
926.34,-0.00169,-0.00302,-0.00294,-0.00225,-0.00366,-0.00411
926.64,-0.00155,-0.00264,-0.00255,-0.00167,-0.00386,-0.00368
926.95,-0.00127,-0.00285,-0.00227,-0.00121,-0.00371,-0.00391
927.25,-0.0001,-0.00198,-0.00103,0.00059,-0.00248,-0.00296
927.55,-0.00053,-0.00182,-0.00114,0.0001,-0.00289,-0.00315
927.85,-0.00072,-0.00167,-0.00094,-4.00E-05,-0.00279,-0.00407
928.15,-0.00132,-0.00234,-0.00195,-0.00068,-0.00408,-0.00487
928.46,-0.00118,-0.00257,-0.00211,-0.00058,-0.00443,-0.00547
928.76,-0.0014,-0.00273,-0.00218,-0.0011,-0.00413,-0.00613
929.06,-0.00195,-0.0026,-0.00239,-0.00194,-0.00387,-0.00607
929.36,-0.00305,-0.00354,-0.00343,-0.00288,-0.00503,-0.00676
929.66,-0.00362,-0.0037,-0.0036,-0.00339,-0.00562,-0.0072
929.96,-0.00313,-0.00361,-0.00358,-0.00297,-0.00524,-0.00624
930.26,-0.00326,-0.00335,-0.00324,-0.00295,-0.00537,-0.00553
930.57,-0.0034,-0.00299,-0.00311,-0.00286,-0.00536,-0.00505
930.87,-0.00396,-0.00326,-0.00303,-0.00328,-0.00631,-0.00463
931.17,-0.00356,-0.00355,-0.0029,-0.00316,-0.00656,-0.00415
931.47,-0.0032,-0.00314,-0.00247,-0.00337,-0.00551,-0.004
931.77,-0.00206,-0.00312,-0.00184,-0.00309,-0.0049,-0.00343
932.07,-0.00208,-0.00352,-0.00286,-0.00369,-0.00478,-0.00344
932.37,-0.0016,-0.00341,-0.00329,-0.00399,-0.00415,-0.00421
932.67,-0.00154,-0.00351,-0.00331,-0.00387,-0.00398,-0.0041
932.97,-0.00076,-0.00328,-0.00335,-0.00304,-0.00347,-0.004
933.27,-0.00066,-0.00322,-0.00306,-0.00264,-0.00294,-0.00458
933.58,-0.00059,-0.00311,-0.00372,-0.0027,-0.00379,-0.00415
933.88,-0.00114,-0.00312,-0.00417,-0.00283,-0.00415,-0.00473
934.18,-0.00117,-0.00293,-0.00343,-0.00302,-0.0044,-0.00487
934.48,-0.00155,-0.00258,-0.00246,-0.00271,-0.00401,-0.00409
934.78,-0.00082,-0.00225,-0.00141,-0.00213,-0.00304,-0.00329
935.08,-0.00128,-0.00232,-0.00153,-0.00241,-0.00291,-0.00326
935.38,-0.00184,-0.0018,-0.002,-0.003,-0.0037,-0.00241
935.68,-0.00188,-0.00167,-0.00221,-0.00325,-0.00376,-0.00346
935.98,-0.00209,-0.00222,-0.00271,-0.00353,-0.00392,-0.00345
936.28,-0.00157,-0.00171,-0.00285,-0.00319,-0.00351,-0.00348
936.58,-0.00169,-0.00219,-0.00346,-0.00387,-0.00398,-0.00392
936.88,-0.00196,-0.00251,-0.00424,-0.00482,-0.00508,-0.00498
937.18,-0.00231,-0.00304,-0.00513,-0.00531,-0.00541,-0.00564
937.48,-0.00134,-0.00302,-0.00435,-0.00512,-0.00483,-0.00645
937.78,-0.00147,-0.00371,-0.00433,-0.00452,-0.00492,-0.0058
938.08,-0.00114,-0.00266,-0.00303,-0.0036,-0.00371,-0.00517
938.38,-0.00165,-0.0033,-0.00281,-0.00371,-0.00511,-0.00555
938.68,-0.00224,-0.00371,-0.0034,-0.00323,-0.0057,-0.00604
938.98,-0.00258,-0.00358,-0.00372,-0.00298,-0.00477,-0.00613
939.28,-0.00234,-0.00372,-0.00331,-0.00325,-0.00571,-0.00594
939.58,-0.00308,-0.00416,-0.0038,-0.0029,-0.00653,-0.00591
939.88,-0.00195,-0.0024,-0.0017,-0.00236,-0.0051,-0.00512
940.18,-0.00107,-0.00216,-0.00171,-0.0022,-0.00572,-0.00503
940.48,-0.00052,-0.00205,-0.00143,-0.00165,-0.00404,-0.00419
940.78,0.00118,-0.00181,-0.00063,-0.00164,-0.00278,-0.00336
941.08,0.00202,-0.00197,-0.00029,-0.00182,-0.00302,-0.00259
941.38,0.00177,-0.00204,-0.00074,-0.00222,-0.00243,-0.00292
941.68,0.00209,-0.00197,-0.00087,-0.00279,-0.00201,-0.00211
941.98,0.00114,-0.00365,-0.00289,-0.00343,-0.00315,-0.00294
942.27,0.00014,-0.00419,-0.00347,-0.00318,-0.00277,-0.00325
942.57,5.00E-05,-0.00366,-0.00373,-0.00369,-0.004,-0.0038
942.87,-0.00108,-0.00328,-0.00425,-0.00401,-0.00463,-0.0032
943.17,-0.00117,-0.00291,-0.00442,-0.00404,-0.0051,-0.00315
943.47,-0.00071,-0.00225,-0.00399,-0.00314,-0.00476,-0.00234
943.77,-0.00116,-0.0024,-0.00446,-0.00308,-0.00466,-0.00312
944.07,-0.00088,-0.00254,-0.0037,-0.00362,-0.00467,-0.00362
944.37,-7.00E-05,-0.00199,-0.00279,-0.00358,-0.00451,-0.00296
944.67,-0.00183,-0.00336,-0.00317,-0.00418,-0.00526,-0.00381
944.97,-0.00076,-0.00302,-0.00242,-0.00371,-0.00474,-0.00404
945.26,-0.0027,-0.00425,-0.00413,-0.00493,-0.00568,-0.00573
945.56,-0.00234,-0.00375,-0.00312,-0.00509,-0.00526,-0.00529
945.86,-0.00235,-0.0037,-0.00231,-0.00537,-0.00517,-0.00506
946.16,-0.0023,-0.00309,-0.00273,-0.00448,-0.00468,-0.00418
946.46,-0.0029,-0.00364,-0.00328,-0.00567,-0.00576,-0.00552
946.76,-0.0014,-0.00218,-0.00233,-0.00513,-0.00467,-0.00497
947.05,-0.00268,-0.00227,-0.00362,-0.00538,-0.00502,-0.00543
947.35,-0.0013,-0.00183,-0.00259,-0.00427,-0.00402,-0.0048
947.65,-0.00185,-0.00287,-0.00323,-0.00451,-0.00465,-0.0054
947.95,-0.00193,-0.00358,-0.00376,-0.00427,-0.00501,-0.00524
948.25,-0.00217,-0.00412,-0.00286,-0.00457,-0.00493,-0.00504
948.55,-0.00143,-0.00434,-0.00363,-0.00356,-0.00459,-0.00419
948.84,-0.00203,-0.00548,-0.00422,-0.00414,-0.00503,-0.00332
949.14,-0.00157,-0.00532,-0.00381,-0.00367,-0.00572,-0.00419
949.44,-0.00248,-0.00551,-0.00307,-0.00388,-0.00582,-0.00323
949.74,-0.00296,-0.00597,-0.00419,-0.00451,-0.00633,-0.00439
950.04,-0.00343,-0.00566,-0.00398,-0.00468,-0.00594,-0.00483
950.33,-0.00358,-0.00479,-0.00503,-0.00478,-0.00692,-0.00554
950.63,-0.00426,-0.0047,-0.00473,-0.00551,-0.00712,-0.00544
950.93,-0.00361,-0.00421,-0.00468,-0.00517,-0.00644,-0.0063
951.23,-0.00406,-0.00489,-0.00462,-0.00557,-0.0069,-0.00547
951.52,-0.00424,-0.00428,-0.00525,-0.00585,-0.00818,-0.00636
951.82,-0.00496,-0.00371,-0.00436,-0.00557,-0.00824,-0.00666
952.12,-0.00368,-0.00338,-0.00391,-0.00631,-0.00903,-0.00722
952.42,-0.00292,-0.00277,-0.00276,-0.006,-0.00811,-0.00667
952.71,-0.00331,-0.00231,-0.00254,-0.00587,-0.00819,-0.00698
953.01,-0.00426,-0.00185,-0.00239,-0.00569,-0.0093,-0.0065
953.31,-0.00473,-0.00223,-0.00174,-0.00636,-0.00847,-0.00782
953.61,-0.00443,-0.00387,-0.00182,-0.00539,-0.00761,-0.00788
953.9,-0.0035,-0.00311,-0.00185,-0.00487,-0.0066,-0.00689
954.2,-0.00426,-0.00287,-0.00254,-0.00408,-0.00709,-0.00732
954.5,-0.00481,-0.00374,-0.00306,-0.0043,-0.00791,-0.00749
954.79,-0.0037,-0.00366,-0.00297,-0.0037,-0.00707,-0.00674
955.09,-0.00292,-0.00408,-0.0035,-0.00338,-0.00659,-0.00744
955.39,-0.00011,-0.00271,-0.00217,-0.00053,-0.00526,-0.00491
955.68,0.00218,-0.00075,-0.00046,-6.00E-05,-0.00366,-0.00392
955.98,0.00275,-0.00099,-6.00E-05,0.00035,-0.00396,-0.00347
956.28,0.00287,-0.00118,0.00042,0.00113,-0.00381,-0.00222
956.57,0.00236,-0.00139,-0.0009,0.00089,-0.00355,-0.00291
956.87,0.00065,-0.00231,-0.00163,-5.00E-05,-0.00482,-0.00375
957.17,0.00058,-0.00088,-0.00092,8.00E-05,-0.00379,-0.00281
957.46,-0.00157,-0.00195,-0.00202,-0.00157,-0.00437,-0.0049
957.76,-0.0037,-0.00358,-0.00423,-0.00301,-0.00582,-0.00617
958.06,-0.00341,-0.00469,-0.00476,-0.00241,-0.00639,-0.00623
958.35,-0.00363,-0.00484,-0.00484,-0.00321,-0.00565,-0.00633
958.65,-0.0026,-0.00507,-0.00418,-0.00433,-0.00614,-0.00564
958.95,-0.0013,-0.00392,-0.00332,-0.00454,-0.00596,-0.0058
959.24,-0.00197,-0.00438,-0.00324,-0.00524,-0.00607,-0.00754
959.54,-0.00197,-0.00488,-0.00528,-0.00693,-0.00715,-0.00753
959.83,-0.00198,-0.00422,-0.00404,-0.00705,-0.00655,-0.00759
960.13,-0.00163,-0.00291,-0.00363,-0.00874,-0.00664,-0.00882
960.43,-0.00101,-0.00317,-0.00464,-0.00896,-0.00666,-0.00861
960.72,-0.00246,-0.00346,-0.00499,-0.00768,-0.00676,-0.00894
961.02,-0.00256,-0.00383,-0.00522,-0.0078,-0.00715,-0.00906
961.31,-0.00124,-0.0052,-0.00671,-0.00847,-0.00806,-0.00877
961.61,-0.00043,-0.00476,-0.00534,-0.00733,-0.00773,-0.00871
961.9,0.001,-0.00424,-0.00469,-0.00652,-0.0069,-0.00765
962.2,9.00E-05,-0.0049,-0.00339,-0.00517,-0.00542,-0.00638
962.5,0.0005,-0.00287,-0.0034,-0.0054,-0.00469,-0.00664
962.79,0.00115,-0.00168,-0.00347,-0.0064,-0.00473,-0.0071
963.09,0.00199,-0.0014,-0.00389,-0.00602,-0.00422,-0.00749
963.38,0.00219,-0.00158,-0.00403,-0.00596,-0.00495,-0.00754
963.68,-0.00018,-0.00343,-0.00604,-0.00728,-0.00666,-0.00962
963.97,-0.00135,-0.0035,-0.00614,-0.00597,-0.00727,-0.00989
964.27,-0.00192,-0.00342,-0.00779,-0.00711,-0.0081,-0.01078
964.56,-0.0041,-0.00672,-0.0082,-0.00728,-0.01058,-0.0125
964.86,-0.00286,-0.00653,-0.00758,-0.00654,-0.01,-0.01213
965.15,-0.00407,-0.00734,-0.0087,-0.00645,-0.00952,-0.01153
965.45,-0.00618,-0.00802,-0.00874,-0.00507,-0.00838,-0.01177
965.74,-0.00505,-0.00691,-0.0063,-0.00367,-0.00693,-0.00966
966.04,-0.00465,-0.0073,-0.00782,-0.00546,-0.00784,-0.00976
966.33,-0.00434,-0.00842,-0.00793,-0.00601,-0.00914,-0.00963
966.63,-0.00376,-0.00804,-0.00765,-0.00632,-0.00901,-0.01034
966.92,-0.00484,-0.00814,-0.00724,-0.00542,-0.00872,-0.00943
967.22,-0.00506,-0.00823,-0.00591,-0.0054,-0.00937,-0.01005
967.51,-0.00378,-0.00734,-0.00398,-0.0068,-0.00889,-0.00844
967.81,-0.00262,-0.00694,-0.00574,-0.00745,-0.00959,-0.00776
968.1,-0.00056,-0.00775,-0.00577,-0.00664,-0.00963,-0.00909
968.4,-0.00141,-0.00696,-0.00604,-0.00656,-0.01009,-0.01013
968.69,-0.00274,-0.00798,-0.00665,-0.00702,-0.00901,-0.00964
968.98,-0.00304,-0.00916,-0.00653,-0.0084,-0.00997,-0.01084
969.28,-0.00263,-0.00909,-0.00701,-0.00938,-0.01046,-0.01113
969.57,-0.00417,-0.00938,-0.00834,-0.01058,-0.01245,-0.01342
969.87,-0.00587,-0.00985,-0.00701,-0.01273,-0.01219,-0.01459
970.16,-0.0087,-0.00962,-0.00755,-0.01448,-0.01393,-0.01552
970.46,-0.00754,-0.01015,-0.00753,-0.0145,-0.01177,-0.01556
970.75,-0.00425,-0.00735,-0.00516,-0.01274,-0.0116,-0.0127
971.04,-0.0045,-0.0074,-0.00723,-0.0125,-0.01185,-0.0122
971.34,-0.00521,-0.00737,-0.00677,-0.01119,-0.01221,-0.01143
971.63,-0.00483,-0.00687,-0.00619,-0.00959,-0.01141,-0.01053
971.93,-0.00607,-0.00756,-0.00801,-0.00808,-0.01216,-0.01132
972.22,-0.00549,-0.00616,-0.00569,-0.00708,-0.01001,-0.00928
972.51,-0.00913,-0.00736,-0.00774,-0.00909,-0.01249,-0.00974
972.81,-0.01007,-0.00825,-0.0098,-0.00934,-0.01244,-0.01062
973.1,-0.00892,-0.00711,-0.00777,-0.00828,-0.01212,-0.01079
973.39,-0.00823,-0.00827,-0.00662,-0.00833,-0.01169,-0.01151
973.69,-0.008,-0.00987,-0.00781,-0.00827,-0.0119,-0.01136
973.98,-0.00395,-0.00823,-0.00625,-0.00729,-0.01186,-0.01018
974.27,-0.00415,-0.008,-0.00775,-0.0077,-0.01199,-0.00933
974.57,-0.00261,-0.00823,-0.00696,-0.00703,-0.01268,-0.00959
974.86,-0.00283,-0.00819,-0.0039,-0.007,-0.01221,-0.011
975.15,-0.00471,-0.00974,-0.00594,-0.00883,-0.01268,-0.01283
975.45,-0.0046,-0.01011,-0.00682,-0.00906,-0.01359,-0.01332
975.74,-0.00452,-0.00909,-0.0056,-0.00804,-0.01302,-0.01294
976.03,-0.00525,-0.00843,-0.00585,-0.00908,-0.01283,-0.01253
976.33,-0.00603,-0.01126,-0.00593,-0.01147,-0.01522,-0.01475
976.62,-0.00279,-0.00645,-0.00472,-0.00861,-0.01211,-0.01239
976.91,-0.00379,-0.00619,-0.00756,-0.00815,-0.01349,-0.01083
977.21,-0.00143,-0.00586,-0.00625,-0.00673,-0.01137,-0.00931
977.5,-0.00237,-0.00422,-0.00671,-0.00669,-0.01068,-0.00888
977.79,-0.0034,-0.00527,-0.00881,-0.00911,-0.01253,-0.01166
978.08,-0.00509,-0.00667,-0.00715,-0.00866,-0.0127,-0.01244
978.38,-0.00531,-0.00682,-0.01015,-0.00888,-0.01431,-0.01225
978.67,-0.00734,-0.00884,-0.00899,-0.01026,-0.01621,-0.01104
978.96,-0.00784,-0.01008,-0.00921,-0.01154,-0.01565,-0.01213
979.25,-0.00832,-0.00853,-0.00946,-0.00995,-0.01625,-0.01199
979.55,-0.00742,-0.00709,-0.00905,-0.00964,-0.01442,-0.01097
979.84,-0.0088,-0.00593,-0.00872,-0.00872,-0.01564,-0.00915
980.13,-0.00886,-0.00464,-0.01048,-0.00833,-0.01402,-0.00845
980.42,-0.01168,-0.00429,-0.00825,-0.00563,-0.01185,-0.00839
980.71,-0.01048,-0.0049,-0.0078,-0.00412,-0.0111,-0.00945
981.01,-0.00963,-0.00283,-0.00765,-0.00192,-0.0111,-0.01058
981.3,-0.01069,-0.00197,-0.00703,-0.00375,-0.01097,-0.01048
981.59,-0.01278,-0.00469,-0.00784,-0.00644,-0.01448,-0.012
981.88,-0.00884,-0.00307,-0.00563,-0.00693,-0.01242,-0.00933
982.18,-0.00691,-0.00334,-0.00506,-0.00773,-0.01421,-0.00889
982.47,-0.00244,0.0005,-0.004,-0.00703,-0.01436,-0.00654
982.76,-0.00216,1.00E-05,-0.00591,-0.0074,-0.01317,-0.00641
983.05,-0.00176,-5.00E-05,-0.00507,-0.00844,-0.01079,-0.00459
983.34,-0.00266,-0.00264,-0.00621,-0.00958,-0.01269,-0.00773
983.63,-0.00257,-0.00369,-0.00932,-0.01001,-0.01261,-0.00974
983.93,-0.00415,-0.00707,-0.01081,-0.01051,-0.01522,-0.01188
984.22,-0.00431,-0.00909,-0.012,-0.00937,-0.0143,-0.01161
984.51,-0.0055,-0.01352,-0.01406,-0.0109,-0.01416,-0.01453
984.8,-0.00709,-0.01604,-0.01498,-0.01424,-0.01861,-0.01973
985.09,-0.00649,-0.01625,-0.01594,-0.01507,-0.02137,-0.02358
985.38,-0.00664,-0.01889,-0.0166,-0.01615,-0.02118,-0.02433
985.67,-0.00451,-0.01817,-0.01497,-0.0145,-0.01787,-0.02128
985.96,-0.00487,-0.01717,-0.0181,-0.01256,-0.01724,-0.0247
986.26,-0.00796,-0.01603,-0.0193,-0.01189,-0.01883,-0.02892
986.55,-0.01153,-0.01346,-0.01681,-0.01222,-0.01716,-0.02846
986.84,-0.01293,-0.01296,-0.01723,-0.0113,-0.01705,-0.02653
987.13,-0.01165,-0.01169,-0.01581,-0.00982,-0.01511,-0.02182
987.42,-0.01074,-0.00862,-0.01522,-0.00937,-0.01725,-0.01873
987.71,-0.01088,-0.00801,-0.01417,-0.00921,-0.02029,-0.0194
988,-0.01244,-0.00606,-0.01348,-0.00979,-0.01855,-0.01724
988.29,-0.00979,-0.00603,-0.0104,-0.00996,-0.0145,-0.01658
988.58,-0.0073,-0.00625,-0.01039,-0.00994,-0.01539,-0.01658
988.87,-0.00867,-0.00708,-0.01131,-0.00943,-0.01449,-0.01639
989.16,-0.01051,-0.00828,-0.01217,-0.01321,-0.01719,-0.01706
989.46,-0.01033,-0.00788,-0.01185,-0.01403,-0.01655,-0.01634
989.75,-0.01309,-0.00946,-0.01191,-0.01551,-0.01689,-0.017
990.04,-0.00964,-0.00841,-0.00651,-0.01493,-0.01572,-0.01457
990.33,-0.01186,-0.00838,-0.0078,-0.01659,-0.02329,-0.01389
990.62,-0.01036,-0.0082,-0.009,-0.01836,-0.02469,-0.015
990.91,-0.00742,-0.00679,-0.00631,-0.01864,-0.02519,-0.01433
991.2,-0.00871,-0.00983,-0.00912,-0.01839,-0.0248,-0.01779
991.49,-0.01043,-0.01424,-0.01317,-0.02106,-0.0274,-0.02008
991.78,-0.00837,-0.01292,-0.01486,-0.02219,-0.02737,-0.02269
992.07,-0.01134,-0.01784,-0.01957,-0.0265,-0.02984,-0.02986
992.36,-0.00936,-0.01652,-0.01987,-0.02665,-0.02553,-0.02641
992.65,-0.00882,-0.01822,-0.02125,-0.02553,-0.02351,-0.02522
992.94,-0.00643,-0.01528,-0.0193,-0.0231,-0.01837,-0.02315
993.23,-0.0059,-0.01403,-0.01772,-0.02394,-0.02167,-0.02163
993.52,-0.00189,-0.01147,-0.01263,-0.01899,-0.01752,-0.01993
993.81,-0.00394,-0.01317,-0.01257,-0.01764,-0.01688,-0.01879
994.1,-0.00345,-0.01098,-0.01301,-0.01584,-0.01611,-0.01126
994.39,-0.00259,-0.01398,-0.01161,-0.01579,-0.01494,-0.01457
994.68,-0.00022,-0.01238,-0.00865,-0.01201,-0.01354,-0.01185
994.96,-6.00E-05,-0.01387,-0.01074,-0.01158,-0.01554,-0.0132
995.25,-0.00051,-0.01361,-0.00823,-0.00834,-0.01063,-0.01292
995.54,-0.00064,-0.016,-0.00758,-0.00844,-0.01062,-0.01346
995.83,0.00113,-0.01395,-0.0049,-0.00581,-0.00923,-0.01292
996.12,0.0049,-0.01321,-0.00133,-0.00775,-0.00801,-0.01588
996.41,0.00251,-0.0132,-0.00377,-0.00685,-0.01103,-0.01705
996.7,0.00078,-0.01518,-0.00703,-0.00795,-0.01575,-0.01886
996.99,-0.00329,-0.01656,-0.00706,-0.01083,-0.01657,-0.01922
997.28,-0.00031,-0.01345,-0.0086,-0.00774,-0.01707,-0.02044
997.57,-0.00404,-0.01307,-0.01219,-0.01075,-0.02024,-0.02413
997.86,-0.00288,-0.00816,-0.01198,-0.01503,-0.02278,-0.02086
998.15,-0.0017,-0.00895,-0.01378,-0.01181,-0.02407,-0.01972
998.43,-0.00358,-0.01154,-0.01589,-0.01513,-0.0234,-0.0215
998.72,-0.00591,-0.01514,-0.0156,-0.01729,-0.02297,-0.02538
999.01,-0.00358,-0.01545,-0.01673,-0.01709,-0.02271,-0.02354
999.3,-0.00466,-0.02008,-0.01651,-0.02207,-0.02554,-0.02137
999.59,-0.00246,-0.02012,-0.01838,-0.02168,-0.02492,-0.01915
999.88,-0.00404,-0.02696,-0.01787,-0.02039,-0.02311,-0.01997
1000.17,-0.0083,-0.03096,-0.02181,-0.02341,-0.0246,-0.02498
1000.45,-0.00727,-0.02839,-0.02145,-0.02267,-0.02492,-0.02451
1000.74,-0.00668,-0.02487,-0.02085,-0.02102,-0.02547,-0.02201
1001.03,-0.00952,-0.02588,-0.02438,-0.02419,-0.02925,-0.02588
1001.32,-0.01533,-0.0246,-0.02917,-0.02579,-0.03055,-0.03157
1001.61,-0.0135,-0.02191,-0.0235,-0.02444,-0.02799,-0.02861
1001.9,-0.01478,-0.01862,-0.02434,-0.02209,-0.03263,-0.03542
1002.18,-0.01858,-0.01938,-0.02457,-0.02217,-0.03028,-0.03511
1002.47,-0.01631,-0.01815,-0.0215,-0.0201,-0.02902,-0.03319
1002.76,-0.02081,-0.0183,-0.02447,-0.02443,-0.02709,-0.03674
1003.05,-0.02155,-0.0172,-0.0204,-0.02057,-0.02728,-0.03484
1003.34,-0.01415,-0.01453,-0.01354,-0.01592,-0.02415,-0.02751
1003.62,-0.01817,-0.0135,-0.01611,-0.01753,-0.02616,-0.03003
1003.91,-0.01755,-0.01448,-0.01919,-0.02425,-0.02481,-0.02536
1004.2,-0.01525,-0.01452,-0.01562,-0.02306,-0.02872,-0.02273
1004.49,-0.01408,-0.00812,-0.01657,-0.02346,-0.02878,-0.01994
1004.77,-0.01309,-0.00897,-0.01759,-0.02431,-0.03591,-0.01763
1005.06,-0.00767,-0.0054,-0.02124,-0.02751,-0.0372,-0.0212
1005.35,-0.01305,-0.01366,-0.02572,-0.03444,-0.04501,-0.02726
1005.64,-0.01313,-0.01467,-0.02374,-0.03243,-0.04356,-0.02631
1005.92,-0.01442,-0.01661,-0.02289,-0.02758,-0.04368,-0.02577
1006.21,-0.01499,-0.01599,-0.02579,-0.02864,-0.04241,-0.03239
1006.5,-0.01943,-0.02665,-0.03086,-0.03237,-0.05065,-0.03892
1006.79,-0.01409,-0.0243,-0.02749,-0.03064,-0.0467,-0.03991
1007.07,-0.02072,-0.02613,-0.02471,-0.0295,-0.04341,-0.03501
1007.36,-0.02083,-0.02445,-0.02207,-0.0268,-0.03941,-0.03191
1007.65,-0.0207,-0.02458,-0.02659,-0.02693,-0.0392,-0.03221
1007.93,-0.01923,-0.02416,-0.02677,-0.02733,-0.03527,-0.03143
1008.22,-0.02203,-0.02526,-0.02227,-0.02593,-0.03575,-0.02526
1008.51,-0.01536,-0.02011,-0.01338,-0.01761,-0.03057,-0.01954
1008.8,-0.01537,-0.01851,-0.00976,-0.01433,-0.02935,-0.01479
1009.08,-0.00929,-0.01582,-0.00708,-0.00946,-0.02219,-0.01245
1009.37,-0.00707,-0.00834,-0.0107,-0.00954,-0.01975,-0.01042
1009.66,-0.0023,-0.00906,-0.01061,-0.00818,-0.01753,-0.00895
1009.94,-0.00135,-0.00874,-0.01016,-0.00798,-0.01784,-0.01271
1010.23,0.00038,-0.00753,-0.01549,-0.01031,-0.02071,-0.01755
1010.52,-0.00478,-0.01128,-0.01773,-0.01773,-0.01936,-0.01855
1010.8,-0.00708,-0.0166,-0.02114,-0.01898,-0.0219,-0.02115
1011.09,-0.00514,-0.02326,-0.02085,-0.02203,-0.02834,-0.02244
1011.37,-0.00339,-0.02915,-0.01633,-0.02159,-0.031,-0.02758
1011.66,-0.01099,-0.03035,-0.01248,-0.02419,-0.03469,-0.02946
1011.95,-0.00941,-0.03335,-0.01509,-0.02289,-0.03498,-0.02937
1012.23,-0.00811,-0.03153,-0.01532,-0.02204,-0.03491,-0.01896
1012.52,-0.0087,-0.02994,-0.02068,-0.02423,-0.0381,-0.01762
1012.8,-0.00762,-0.03039,-0.02143,-0.02669,-0.03439,-0.01719
1013.09,-0.01975,-0.02967,-0.02372,-0.02864,-0.03773,-0.01215
1013.38,-0.02558,-0.03305,-0.02335,-0.03111,-0.03874,-0.00559
1013.66,-0.02094,-0.02643,-0.02114,-0.02682,-0.03632,-0.00215
1013.95,-0.02085,-0.02692,-0.01814,-0.02659,-0.04061,0.00707
1014.23,-0.02008,-0.02196,-0.01437,-0.0216,-0.04195,0.01046
1014.52,-0.02317,-0.02555,-0.01763,-0.0231,-0.04069,0.01306
1014.81,-0.02016,-0.0232,-0.01527,-0.01832,-0.04105,0.02074
1015.09,-0.00876,-0.01989,-0.01291,-0.01759,-0.03797,0.02085
1015.38,-0.00401,-0.01493,-0.01545,-0.01541,-0.03508,0.02429
1015.66,-0.00595,-0.02368,-0.01797,-0.01924,-0.0436,0.03516
1015.95,-0.00833,-0.02534,-0.01877,-0.02263,-0.0437,0.0429
1016.23,-0.01193,-0.03692,-0.02342,-0.03283,-0.04283,0.04611
1016.52,-0.01282,-0.03587,-0.02166,-0.035,-0.04405,0.05732
1016.8,-0.0224,-0.03713,-0.02407,-0.03739,-0.04869,0.06482
1017.09,-0.02143,-0.03318,-0.02129,-0.03709,-0.04664,0.07784
1017.37,-0.01886,-0.03342,-0.0195,-0.03373,-0.04605,0.0912
1017.66,-0.02021,-0.02911,-0.02407,-0.03341,-0.04551,0.09572
1017.94,-0.02172,-0.02282,-0.02478,-0.03527,-0.04011,0.10841
1018.23,-0.0102,-0.01449,-0.01616,-0.02902,-0.03422,0.1298
1018.51,-0.00833,-0.01519,-0.01678,-0.02342,-0.03552,0.13824
1018.8,-0.00579,-0.01637,-0.02033,-0.02844,-0.0359,0.14811
1019.08,-0.01576,-0.02695,-0.02847,-0.03224,-0.05054,0.15328
1019.37,-0.02039,-0.02787,-0.02919,-0.03432,-0.0494,0.16297
1019.65,-0.0237,-0.02988,-0.02893,-0.04631,-0.05679,0.16885
1019.94,-0.02529,-0.03294,-0.03011,-0.04704,-0.06466,0.16835
1020.22,-0.03554,-0.04076,-0.04084,-0.04956,-0.07686,0.1685
1020.51,-0.03388,-0.04139,-0.03947,-0.0487,-0.07319,0.17668
1020.79,-0.03693,-0.04383,-0.03895,-0.05514,-0.07772,0.1775
1021.08,-0.04053,-0.0518,-0.04911,-0.06263,-0.07138,0.18
1021.36,-0.04764,-0.06195,-0.05294,-0.06733,-0.08436,0.18056
1021.64,-0.04158,-0.06073,-0.04536,-0.05596,-0.06681,0.18925
1021.93,-0.0311,-0.05073,-0.04255,-0.04881,-0.0629,0.20174
1022.21,-0.02123,-0.03435,-0.03449,-0.04161,-0.05108,0.20879
1022.5,-0.0112,-0.02095,-0.02798,-0.03652,-0.04959,0.21683
1022.78,0.03634,0.03786,-0.01325,-0.00265,-0.02991,0.25402
1023.07,0.03634,0.03786,-0.01325,-0.00265,-0.02991,0.25402
1023.35,0.03634,0.03786,-0.01325,-0.00265,-0.02991,0.25402