EXMPC,,,,,,
WAC,,,,,,
G01,,,,,,
440,,,,,,
25,,,,,,
nm,,,,,,
Angular Dependence,,,,,,
Wavelengths,0,8,16,24,32,40
360.15,-0.54819,-0.55443,-0.57598,-0.60837,-0.61159,-0.58722
360.52,-0.5286,-0.5366,-0.57115,-0.60641,-0.60091,-0.56891
360.9,-0.51837,-0.52057,-0.55676,-0.59912,-0.58286,-0.54606
361.27,-0.51402,-0.53586,-0.56462,-0.60089,-0.5821,-0.53622
361.65,-0.48568,-0.51386,-0.51674,-0.55684,-0.55591,-0.51432
362.02,-0.44056,-0.48928,-0.48956,-0.51729,-0.52508,-0.49201
362.4,-0.44877,-0.48858,-0.49019,-0.52151,-0.52367,-0.49507
362.77,-0.47688,-0.51511,-0.50449,-0.53939,-0.54724,-0.52199
363.15,-0.47186,-0.52426,-0.49854,-0.54289,-0.54204,-0.51722
363.52,-0.47785,-0.51896,-0.49648,-0.52393,-0.53814,-0.52349
363.9,-0.46273,-0.4904,-0.47834,-0.51757,-0.534,-0.51436
364.27,-0.4742,-0.5054,-0.49394,-0.52964,-0.54297,-0.51078
364.64,-0.48162,-0.49594,-0.47452,-0.53527,-0.52489,-0.50977
365.02,-0.48322,-0.50832,-0.47867,-0.54793,-0.5285,-0.51319
365.39,-0.47442,-0.49123,-0.46989,-0.52924,-0.50769,-0.49879
365.77,-0.45478,-0.46881,-0.45987,-0.49054,-0.49454,-0.49089
366.14,-0.43411,-0.45975,-0.45206,-0.49276,-0.47914,-0.48881
366.52,-0.42898,-0.43273,-0.43519,-0.45257,-0.44312,-0.46875
366.89,-0.43071,-0.43025,-0.44212,-0.44617,-0.4293,-0.46817
367.26,-0.42247,-0.42265,-0.44248,-0.43106,-0.42567,-0.45676
367.64,-0.3893,-0.38871,-0.41228,-0.3898,-0.38993,-0.42109
368.01,-0.37014,-0.38146,-0.39394,-0.38535,-0.38973,-0.3996
368.39,-0.38486,-0.38993,-0.39459,-0.39162,-0.40498,-0.39257
368.76,-0.37225,-0.38095,-0.37787,-0.36242,-0.40454,-0.37055
369.13,-0.3567,-0.38194,-0.36669,-0.36142,-0.40166,-0.36229
369.51,-0.33793,-0.36425,-0.34664,-0.35742,-0.39134,-0.34042
369.88,-0.33629,-0.36411,-0.34203,-0.35396,-0.38495,-0.32984
370.25,-0.31765,-0.35307,-0.32358,-0.34799,-0.37475,-0.31971
370.63,-0.30107,-0.34255,-0.30473,-0.32204,-0.34991,-0.30199
371,-0.27087,-0.31348,-0.28371,-0.30769,-0.3179,-0.28971
371.38,-0.26301,-0.29916,-0.27992,-0.29298,-0.29484,-0.27763
371.75,-0.25678,-0.29535,-0.27245,-0.28991,-0.29441,-0.27297
372.12,-0.24148,-0.27506,-0.26305,-0.26814,-0.28548,-0.27054
372.5,-0.22766,-0.2571,-0.25337,-0.26028,-0.27359,-0.27071
372.87,-0.23958,-0.25666,-0.26806,-0.26981,-0.27725,-0.27785
373.24,-0.23703,-0.24842,-0.26542,-0.26933,-0.27378,-0.28046
373.62,-0.23765,-0.24425,-0.259,-0.26442,-0.2667,-0.27672
373.99,-0.23463,-0.23982,-0.24913,-0.27114,-0.26592,-0.27175
374.36,-0.2271,-0.23192,-0.24645,-0.25862,-0.2611,-0.26254
374.74,-0.22733,-0.23075,-0.24456,-0.25897,-0.25496,-0.2598
375.11,-0.22851,-0.23,-0.24163,-0.25144,-0.25476,-0.24647
375.48,-0.21632,-0.22423,-0.23286,-0.23978,-0.24897,-0.24596
375.86,-0.21788,-0.21993,-0.23003,-0.23495,-0.24385,-0.24385
376.23,-0.20604,-0.21406,-0.21688,-0.22175,-0.23355,-0.22674
376.6,-0.19912,-0.2071,-0.21092,-0.20605,-0.22277,-0.21733
376.98,-0.19926,-0.20532,-0.21167,-0.21158,-0.22157,-0.22048
377.35,-0.18734,-0.19856,-0.19863,-0.20177,-0.21224,-0.20894
377.72,-0.17612,-0.18749,-0.18628,-0.19523,-0.20122,-0.2003
378.1,-0.17521,-0.184,-0.18522,-0.19034,-0.19766,-0.1922
378.47,-0.1593,-0.17766,-0.17563,-0.18109,-0.19306,-0.18319
378.84,-0.16402,-0.17499,-0.18217,-0.18707,-0.19172,-0.18837
379.22,-0.15959,-0.17179,-0.17862,-0.18759,-0.18952,-0.18876
379.59,-0.15406,-0.16563,-0.17334,-0.17916,-0.18011,-0.17802
379.96,-0.15456,-0.16239,-0.17447,-0.17551,-0.17677,-0.17316
380.33,-0.15206,-0.16047,-0.17324,-0.16897,-0.16921,-0.17251
380.71,-0.15052,-0.15759,-0.16529,-0.15997,-0.15871,-0.16289
381.08,-0.15328,-0.15259,-0.16847,-0.15941,-0.15077,-0.15821
381.45,-0.14994,-0.1515,-0.16581,-0.15192,-0.15183,-0.15495
381.83,-0.15054,-0.14918,-0.16617,-0.15175,-0.14984,-0.1529
382.2,-0.15103,-0.14457,-0.15871,-0.14888,-0.14675,-0.15463
382.57,-0.15093,-0.14669,-0.1553,-0.14914,-0.14675,-0.1543
382.94,-0.14792,-0.14159,-0.15211,-0.14459,-0.14841,-0.15277
383.32,-0.14348,-0.14044,-0.15053,-0.14882,-0.15593,-0.15539
383.69,-0.13843,-0.13752,-0.1477,-0.14573,-0.15651,-0.15156
384.06,-0.12837,-0.13129,-0.13861,-0.14178,-0.14481,-0.14497
384.43,-0.12051,-0.12543,-0.12918,-0.13602,-0.13586,-0.13468
384.81,-0.11461,-0.1217,-0.12411,-0.13413,-0.13064,-0.1275
385.18,-0.11158,-0.11274,-0.11744,-0.13232,-0.12181,-0.12351
385.55,-0.10852,-0.11431,-0.11286,-0.1288,-0.11702,-0.11825
385.92,-0.10793,-0.11047,-0.10712,-0.12164,-0.1078,-0.11518
386.3,-0.10534,-0.10944,-0.10108,-0.1175,-0.10171,-0.11281
386.67,-0.10554,-0.10988,-0.10203,-0.11325,-0.10227,-0.11162
387.04,-0.09911,-0.10606,-0.09663,-0.10773,-0.10003,-0.10966
387.41,-0.09617,-0.1021,-0.0968,-0.10328,-0.09704,-0.10761
387.78,-0.09116,-0.10288,-0.09585,-0.0994,-0.09814,-0.10874
388.16,-0.09022,-0.0985,-0.09735,-0.10151,-0.09966,-0.1096
388.53,-0.0853,-0.09423,-0.09668,-0.09853,-0.09779,-0.1029
388.9,-0.08346,-0.08899,-0.09494,-0.09862,-0.09879,-0.09959
389.27,-0.08205,-0.08269,-0.08799,-0.09766,-0.09888,-0.09533
389.65,-0.08173,-0.08068,-0.08873,-0.0959,-0.09668,-0.09424
390.02,-0.08012,-0.08229,-0.08595,-0.09359,-0.09449,-0.0869
390.39,-0.07844,-0.07959,-0.08298,-0.09172,-0.09182,-0.07738
390.76,-0.07617,-0.08117,-0.07955,-0.08821,-0.08833,-0.06942
391.13,-0.0719,-0.07866,-0.07554,-0.08454,-0.08524,-0.0592
391.5,-0.0692,-0.0768,-0.07338,-0.07849,-0.07914,-0.0441
391.88,-0.06879,-0.07891,-0.07454,-0.07605,-0.07593,-0.03046
392.25,-0.06831,-0.07805,-0.07249,-0.0745,-0.07582,-0.01043
392.62,-0.07034,-0.07698,-0.07251,-0.07501,-0.07708,0.01228
392.99,-0.06993,-0.07859,-0.07296,-0.07283,-0.07468,0.03923
393.36,-0.06921,-0.07359,-0.07015,-0.07271,-0.07153,0.07249
393.73,-0.0737,-0.07494,-0.07209,-0.07585,-0.07032,0.10326
394.11,-0.07483,-0.07564,-0.07172,-0.0775,-0.07175,0.13519
394.48,-0.07423,-0.07166,-0.06976,-0.07808,-0.07055,0.17035
394.85,-0.07748,-0.0742,-0.07176,-0.08068,-0.07234,0.19743
395.22,-0.07357,-0.07034,-0.07116,-0.07635,-0.06804,0.2237
395.59,-0.07243,-0.06763,-0.07064,-0.07649,-0.06901,0.24857
395.96,-0.07227,-0.0711,-0.07335,-0.07509,-0.0717,0.26763
396.33,-0.06632,-0.06794,-0.06945,-0.06969,-0.06893,0.28587
396.71,-0.06295,-0.06442,-0.06814,-0.06809,-0.06598,0.29965
397.08,-0.06194,-0.06482,-0.06748,-0.06726,-0.06434,0.31167
397.45,-0.05595,-0.05673,-0.06124,-0.06175,-0.05837,0.32567
397.82,-0.05521,-0.0579,-0.05874,-0.0632,-0.05812,0.33122
398.19,-0.05403,-0.05619,-0.05849,-0.06042,-0.05553,0.33546
398.56,-0.04951,-0.05161,-0.05485,-0.05848,-0.05166,0.33843
398.93,-0.04879,-0.04976,-0.05334,-0.05901,-0.05086,0.34029
399.3,-0.04915,-0.05115,-0.05176,-0.05931,-0.05122,0.34005
399.68,-0.04634,-0.04976,-0.05067,-0.05671,-0.05027,0.33892
400.05,-0.04625,-0.05349,-0.05304,-0.0565,-0.04921,0.33567
400.42,-0.04364,-0.04972,-0.05049,-0.05269,-0.0457,0.33758
400.79,-0.04483,-0.05009,-0.05022,-0.05347,-0.04526,0.33812
401.16,-0.04451,-0.0486,-0.04874,-0.0516,-0.04039,0.3388
401.53,-0.04412,-0.04809,-0.04991,-0.04965,-0.03569,0.33845
401.9,-0.0429,-0.04588,-0.0487,-0.04672,-0.02672,0.34082
402.27,-0.04127,-0.04403,-0.04611,-0.04415,-0.01426,0.34394
402.64,-0.04027,-0.04169,-0.04475,-0.04279,4.00E-05,0.34848
403.01,-0.04072,-0.04308,-0.04602,-0.04331,0.01813,0.35113
403.38,-0.03796,-0.04128,-0.04404,-0.04094,0.0476,0.35545
403.75,-0.04066,-0.04135,-0.04466,-0.04228,0.07884,0.3583
404.12,-0.04171,-0.04239,-0.04305,-0.04186,0.1182,0.36231
404.5,-0.0425,-0.0434,-0.04361,-0.0417,0.1606,0.3653
404.87,-0.04392,-0.04255,-0.04498,-0.04259,0.20228,0.36843
405.24,-0.04388,-0.04299,-0.04521,-0.04384,0.24381,0.37348
405.61,-0.04393,-0.04289,-0.04476,-0.04427,0.2819,0.37857
405.98,-0.0433,-0.043,-0.04404,-0.04349,0.31351,0.38704
406.35,-0.04099,-0.04344,-0.04372,-0.04184,0.34069,0.40342
406.72,-0.04044,-0.04212,-0.04344,-0.04166,0.3589,0.4255
407.09,-0.03859,-0.04022,-0.04226,-0.03983,0.36965,0.45438
407.46,-0.03618,-0.03954,-0.04023,-0.03838,0.37884,0.48752
407.83,-0.03557,-0.03801,-0.03824,-0.03641,0.38422,0.52387
408.2,-0.03346,-0.03512,-0.03535,-0.03316,0.38916,0.56501
408.57,-0.03191,-0.03232,-0.033,-0.03123,0.39231,0.60629
408.94,-0.0303,-0.03072,-0.03117,-0.0294,0.39414,0.64391
409.31,-0.02863,-0.02994,-0.03087,-0.02791,0.39226,0.67727
409.68,-0.02702,-0.02942,-0.02974,-0.02673,0.39387,0.70892
410.05,-0.02625,-0.02885,-0.02888,-0.02431,0.39341,0.73309
410.42,-0.02559,-0.02843,-0.02912,-0.02091,0.39486,0.75123
410.79,-0.0252,-0.02888,-0.02919,-0.01718,0.39651,0.76273
411.16,-0.02457,-0.02905,-0.02831,-0.01114,0.40275,0.76949
411.53,-0.02446,-0.02859,-0.0278,-0.00293,0.411,0.77279
411.9,-0.02444,-0.02729,-0.0262,0.00987,0.42522,0.77746
412.27,-0.02362,-0.02523,-0.02426,0.02942,0.44329,0.77924
412.64,-0.02305,-0.02512,-0.02362,0.05243,0.46497,0.78022
413.01,-0.02222,-0.02474,-0.02178,0.08272,0.49197,0.77903
413.38,-0.02203,-0.02387,-0.02117,0.11951,0.52448,0.77305
413.75,-0.02151,-0.02316,-0.02069,0.1622,0.56294,0.76409
414.12,-0.0204,-0.02168,-0.01975,0.20911,0.60536,0.747
414.49,-0.01952,-0.02168,-0.01929,0.25533,0.64971,0.72282
414.86,-0.01992,-0.02219,-0.01935,0.29863,0.69228,0.68988
415.23,-0.02002,-0.02097,-0.01878,0.33851,0.73464,0.65462
415.6,-0.01929,-0.01982,-0.01806,0.37021,0.7698,0.61542
415.96,-0.01901,-0.0193,-0.01695,0.39542,0.8002,0.57741
416.33,-0.01918,-0.01867,-0.01693,0.4123,0.8211,0.53991
416.7,-0.01933,-0.01826,-0.01576,0.42461,0.83695,0.50792
417.07,-0.01913,-0.01717,-0.0144,0.4359,0.84619,0.47978
417.44,-0.01838,-0.01655,-0.01251,0.44751,0.85441,0.45729
417.81,-0.01787,-0.01646,-0.01057,0.46426,0.86004,0.43906
418.18,-0.0174,-0.01578,-0.00695,0.48744,0.86498,0.42618
418.55,-0.01708,-0.0159,-0.00181,0.51863,0.86886,0.41722
418.92,-0.01619,-0.01515,0.00713,0.5581,0.87099,0.41041
419.29,-0.01609,-0.01559,0.01897,0.60258,0.87173,0.40666
419.66,-0.01411,-0.01448,0.03789,0.65196,0.87177,0.40402
420.03,-0.01375,-0.01361,0.06254,0.7021,0.86996,0.40266
420.39,-0.01235,-0.01242,0.0957,0.74924,0.86859,0.40198
420.76,-0.01259,-0.01293,0.13535,0.7919,0.86831,0.40225
421.13,-0.01203,-0.01154,0.1836,0.82655,0.86742,0.40261
421.5,-0.01162,-0.01031,0.23855,0.85452,0.86994,0.4039
421.87,-0.0099,-0.00713,0.29771,0.87496,0.87217,0.40415
422.24,-0.0089,-0.00434,0.35927,0.88844,0.87517,0.40435
422.61,-0.00719,0.00103,0.42394,0.89892,0.87822,0.40457
422.98,-0.00564,0.00957,0.49101,0.90306,0.87678,0.40304
423.35,-0.00232,0.02321,0.55685,0.90487,0.87496,0.40007
423.71,0.00272,0.04316,0.62233,0.90668,0.87261,0.39549
424.08,0.01038,0.07271,0.68418,0.90584,0.86656,0.39002
424.45,0.02092,0.11213,0.74118,0.90549,0.85902,0.38178
424.82,0.03754,0.16506,0.792,0.9063,0.84995,0.37369
425.19,0.06245,0.23015,0.83303,0.90634,0.83875,0.36433
425.56,0.09895,0.3089,0.86591,0.90985,0.82625,0.35573
425.93,0.14772,0.39676,0.88967,0.91369,0.81096,0.34785
426.29,0.21169,0.48994,0.90395,0.91594,0.79108,0.33926
426.66,0.28944,0.58203,0.91197,0.91884,0.76761,0.32911
427.03,0.37881,0.66936,0.91648,0.92067,0.73947,0.31837
427.4,0.47557,0.74767,0.91917,0.92062,0.70649,0.3041
427.77,0.57299,0.81134,0.92157,0.91988,0.66993,0.28546
428.14,0.665,0.8596,0.92256,0.91813,0.63259,0.26218
428.5,0.74499,0.89173,0.92344,0.91636,0.5953,0.23346
428.87,0.81059,0.91291,0.92491,0.9152,0.56038,0.20088
429.24,0.86029,0.92452,0.92629,0.91419,0.52937,0.16664
429.61,0.8953,0.92887,0.9267,0.91421,0.50314,0.13201
429.98,0.91762,0.93016,0.92709,0.91578,0.48321,0.09848
430.34,0.93033,0.92981,0.92681,0.91748,0.46884,0.06973
430.71,0.93664,0.92815,0.92737,0.9184,0.45786,0.04441
431.08,0.93958,0.92927,0.92842,0.91928,0.45144,0.02543
431.45,0.94073,0.92987,0.93085,0.91985,0.44726,0.01188
431.82,0.94066,0.93097,0.93331,0.92026,0.44428,0.00257
432.18,0.94068,0.93275,0.93538,0.91943,0.44199,-0.00352
432.55,0.94073,0.93368,0.93729,0.91786,0.43843,-0.00688
432.92,0.94099,0.93472,0.93832,0.91558,0.43387,-0.00862
433.29,0.94292,0.93637,0.9391,0.91499,0.42846,-0.00941
433.65,0.94352,0.93662,0.93927,0.91397,0.42038,-0.00991
434.02,0.9437,0.93639,0.93792,0.91277,0.40892,-0.00992
434.39,0.94452,0.93735,0.93681,0.91313,0.39325,-0.01071
434.76,0.94559,0.93806,0.93588,0.91405,0.37168,-0.01017
435.12,0.94684,0.93985,0.93383,0.91314,0.3449,-0.0103
435.49,0.94738,0.94095,0.93353,0.90985,0.31345,-0.01068
435.86,0.94664,0.94137,0.93225,0.90246,0.27683,-0.01068
436.23,0.94785,0.94257,0.93198,0.89037,0.23687,-0.01063
436.59,0.94939,0.94416,0.93255,0.87224,0.19601,-0.01091
436.96,0.95094,0.94456,0.93302,0.8465,0.15648,-0.01014
437.33,0.9524,0.94544,0.93359,0.81295,0.12022,-0.01038
437.7,0.95281,0.94463,0.93551,0.77403,0.08889,-0.01039
438.06,0.9539,0.94389,0.93599,0.73227,0.06272,-0.00997
438.43,0.95439,0.94335,0.93688,0.68781,0.04214,-0.00996
438.8,0.95477,0.942,0.93756,0.64325,0.02653,-0.01002
439.16,0.9555,0.94115,0.93859,0.6027,0.01548,-0.00971
439.53,0.95447,0.93976,0.93864,0.5653,0.00764,-0.0097
439.9,0.95279,0.9382,0.93862,0.53373,0.00242,-0.00948
440.27,0.95133,0.93745,0.93837,0.50682,-0.00147,-0.00949
440.63,0.94921,0.93792,0.93852,0.48349,-0.00365,-0.00943
441,0.94745,0.938,0.93869,0.46133,-0.00509,-0.00943
441.37,0.94633,0.93896,0.93917,0.43968,-0.00549,-0.00877
441.73,0.94511,0.93957,0.93909,0.4136,-0.00577,-0.0084
442.1,0.94439,0.93963,0.93874,0.38252,-0.00635,-0.00853
442.47,0.94543,0.94087,0.93923,0.34617,-0.00657,-0.00877
442.83,0.94711,0.94218,0.93906,0.30419,-0.00681,-0.00863
443.2,0.94902,0.94244,0.93749,0.25813,-0.00741,-0.00877
443.57,0.95066,0.94352,0.93363,0.21152,-0.00768,-0.00854
443.93,0.95093,0.94362,0.92673,0.16523,-0.00816,-0.00914
444.3,0.95106,0.94369,0.91534,0.12272,-0.0088,-0.00942
444.67,0.95188,0.94516,0.89955,0.08759,-0.00838,-0.00904
445.03,0.95144,0.94523,0.87531,0.05921,-0.00832,-0.00874
445.4,0.95094,0.94536,0.84294,0.0383,-0.00789,-0.00834
445.77,0.95005,0.94621,0.80313,0.02347,-0.00746,-0.00812
446.13,0.9505,0.94636,0.75569,0.01316,-0.00736,-0.00835
446.5,0.9508,0.94596,0.70032,0.0069,-0.00711,-0.00804
446.87,0.9513,0.94529,0.63818,0.00328,-0.0066,-0.0079
447.23,0.95185,0.94425,0.57072,0.0003,-0.00712,-0.00823
447.6,0.95263,0.94352,0.50094,-0.00171,-0.00692,-0.00832
447.96,0.95344,0.9414,0.42888,-0.00332,-0.0071,-0.00874
448.33,0.95404,0.93629,0.35852,-0.00395,-0.00709,-0.00866
448.7,0.95346,0.92829,0.2907,-0.00486,-0.00736,-0.00841
449.06,0.95283,0.91407,0.22799,-0.00508,-0.00721,-0.00824
449.43,0.95145,0.89046,0.17258,-0.00558,-0.00737,-0.00833
449.79,0.94763,0.85307,0.12468,-0.00595,-0.00729,-0.00832
450.16,0.94124,0.80158,0.08689,-0.00591,-0.00749,-0.00812
450.53,0.93002,0.73581,0.05774,-0.00574,-0.00742,-0.00772
450.89,0.91092,0.65531,0.0363,-0.00591,-0.00731,-0.00762
451.26,0.88015,0.56585,0.02234,-0.0054,-0.00712,-0.00729
451.62,0.8351,0.47065,0.01265,-0.00596,-0.00748,-0.00723
451.99,0.77526,0.37752,0.00683,-0.00601,-0.00754,-0.00705
452.36,0.69964,0.28933,0.00319,-0.00586,-0.00765,-0.00698
452.72,0.61113,0.21242,0.00072,-0.00603,-0.00751,-0.00686
453.09,0.51552,0.14887,-0.00099,-0.00634,-0.00747,-0.00699
453.45,0.41709,0.09989,-0.00192,-0.00625,-0.00748,-0.00696
453.82,0.32516,0.06411,-0.00299,-0.00669,-0.00751,-0.00715
454.18,0.24228,0.03986,-0.00369,-0.00628,-0.00727,-0.00737
454.55,0.17342,0.02426,-0.00418,-0.00643,-0.00698,-0.0072
454.92,0.11887,0.01461,-0.00438,-0.00636,-0.00674,-0.00689
455.28,0.07834,0.00836,-0.00439,-0.00643,-0.00652,-0.00706
455.65,0.04987,0.005,-0.00432,-0.00615,-0.00626,-0.00669
456.01,0.03106,0.00282,-0.00436,-0.00601,-0.00593,-0.00648
456.38,0.01934,0.00159,-0.00417,-0.00572,-0.00561,-0.00629
456.74,0.01179,0.00021,-0.00445,-0.00599,-0.00583,-0.00628
457.11,0.00724,-0.00069,-0.00447,-0.00572,-0.00582,-0.00601
457.47,0.00438,-0.00151,-0.00438,-0.00565,-0.00571,-0.00596
457.84,0.00264,-0.0019,-0.00451,-0.00543,-0.00582,-0.00586
458.2,0.00136,-0.00239,-0.00473,-0.00547,-0.00592,-0.00583
458.57,0.00032,-0.00273,-0.00468,-0.00551,-0.00603,-0.00589
458.93,-0.00057,-0.00304,-0.00472,-0.00551,-0.00577,-0.00575
459.3,-0.00094,-0.00305,-0.00437,-0.0051,-0.00532,-0.00541
459.66,-0.00133,-0.00334,-0.00412,-0.00496,-0.00517,-0.00568
460.03,-0.0015,-0.00328,-0.00419,-0.00505,-0.00517,-0.00577
460.39,-0.00183,-0.00341,-0.00406,-0.00502,-0.00516,-0.00567
460.76,-0.00206,-0.00361,-0.004,-0.00506,-0.00508,-0.00564
461.12,-0.00239,-0.00385,-0.00422,-0.00514,-0.00512,-0.00558
461.49,-0.00228,-0.00388,-0.00411,-0.0051,-0.00516,-0.00565
461.85,-0.00216,-0.00388,-0.00412,-0.00527,-0.00512,-0.0057
462.22,-0.00243,-0.00387,-0.00461,-0.00562,-0.00532,-0.00563
462.58,-0.00273,-0.00373,-0.00459,-0.00557,-0.00506,-0.00545
462.95,-0.00286,-0.00381,-0.00481,-0.0056,-0.00512,-0.0054
463.31,-0.00284,-0.00369,-0.00478,-0.00546,-0.005,-0.00533
463.68,-0.00287,-0.00359,-0.00481,-0.0053,-0.00501,-0.0053
464.04,-0.00293,-0.00348,-0.0047,-0.00511,-0.005,-0.00515
464.41,-0.00307,-0.00344,-0.00483,-0.00506,-0.00516,-0.00521
464.77,-0.00279,-0.00334,-0.00448,-0.0047,-0.00491,-0.00497
465.13,-0.00254,-0.00338,-0.00443,-0.00449,-0.00485,-0.00486
465.5,-0.00241,-0.00303,-0.00417,-0.00413,-0.00454,-0.00472
465.86,-0.00233,-0.00301,-0.00402,-0.00401,-0.00443,-0.00476
466.23,-0.00222,-0.00293,-0.00375,-0.00387,-0.00416,-0.00445
466.59,-0.00223,-0.00303,-0.00394,-0.00399,-0.00416,-0.0042
466.96,-0.00212,-0.00293,-0.00378,-0.00382,-0.00397,-0.00377
467.32,-0.00214,-0.00283,-0.00363,-0.0038,-0.0038,-0.00357
467.68,-0.00202,-0.00275,-0.00352,-0.00365,-0.00372,-0.00332
468.05,-0.00204,-0.00284,-0.00358,-0.00395,-0.00379,-0.00322
468.41,-0.00215,-0.00292,-0.00362,-0.00393,-0.00379,-0.00309
468.78,-0.00207,-0.00293,-0.00359,-0.00406,-0.00362,-0.00314
469.14,-0.00199,-0.00293,-0.00354,-0.00394,-0.00347,-0.00329
469.5,-0.0022,-0.00308,-0.00359,-0.00395,-0.00344,-0.00331
469.87,-0.00221,-0.00305,-0.00353,-0.00384,-0.00344,-0.00324
470.23,-0.00219,-0.00311,-0.00342,-0.00379,-0.00338,-0.00317
470.6,-0.00219,-0.00312,-0.00338,-0.00369,-0.00336,-0.00304
470.96,-0.0022,-0.00297,-0.00323,-0.00363,-0.00333,-0.00296
471.32,-0.00224,-0.0031,-0.00343,-0.00361,-0.00346,-0.00299
471.69,-0.00235,-0.00311,-0.00347,-0.00367,-0.0037,-0.00297
472.05,-0.00215,-0.00289,-0.00328,-0.00367,-0.00362,-0.00291
472.42,-0.00219,-0.00297,-0.00342,-0.00377,-0.00371,-0.00299
472.78,-0.00218,-0.00277,-0.00337,-0.00358,-0.00359,-0.0029
473.14,-0.00215,-0.00276,-0.00329,-0.00344,-0.00348,-0.0029
473.51,-0.00205,-0.0028,-0.00331,-0.00334,-0.00331,-0.00285
473.87,-0.00198,-0.00271,-0.00314,-0.00324,-0.00322,-0.00283
474.23,-0.00185,-0.00253,-0.00299,-0.00312,-0.00301,-0.00272
474.6,-0.0019,-0.00271,-0.0031,-0.00313,-0.00295,-0.00277
474.96,-0.0019,-0.00258,-0.00306,-0.00315,-0.0027,-0.00275
475.32,-0.00198,-0.00271,-0.00304,-0.0033,-0.00282,-0.00281
475.69,-0.00183,-0.0026,-0.00301,-0.00318,-0.00274,-0.00266
476.05,-0.00182,-0.00246,-0.00292,-0.0031,-0.00267,-0.00254
476.41,-0.00174,-0.00243,-0.00278,-0.00294,-0.00261,-0.00238
476.78,-0.00176,-0.0025,-0.00275,-0.0028,-0.00263,-0.00227
477.14,-0.00167,-0.00231,-0.00253,-0.00252,-0.00248,-0.00206
477.5,-0.00149,-0.00231,-0.00236,-0.00228,-0.00243,-0.00188
477.87,-0.00142,-0.00226,-0.00231,-0.00209,-0.00218,-0.00176
478.23,-0.00152,-0.00225,-0.00223,-0.00205,-0.00206,-0.00177
478.59,-0.00136,-0.00214,-0.00211,-0.00193,-0.00195,-0.00162
478.96,-0.0014,-0.00199,-0.00209,-0.00191,-0.00189,-0.00153
479.32,-0.00142,-0.00192,-0.002,-0.002,-0.00182,-0.00154
479.68,-0.00143,-0.00198,-0.00211,-0.0021,-0.00186,-0.00159
480.04,-0.00148,-0.00192,-0.00209,-0.0021,-0.00187,-0.00159
480.41,-0.00138,-0.00189,-0.00201,-0.00211,-0.0019,-0.00156
480.77,-0.00134,-0.00185,-0.00201,-0.00213,-0.00196,-0.00159
481.13,-0.00149,-0.00196,-0.00216,-0.00225,-0.00207,-0.00174
481.5,-0.00141,-0.00195,-0.00219,-0.00226,-0.00199,-0.00173
481.86,-0.00113,-0.00175,-0.00191,-0.00198,-0.00165,-0.00144
482.22,-0.00109,-0.00161,-0.00179,-0.00182,-0.00165,-0.00141
482.58,-0.0011,-0.00162,-0.00179,-0.00179,-0.00159,-0.00137
482.95,-0.0012,-0.00162,-0.00179,-0.00183,-0.00151,-0.00137
483.31,-0.00117,-0.00159,-0.00173,-0.00175,-0.00143,-0.00135
483.67,-0.00122,-0.00155,-0.00169,-0.00169,-0.0014,-0.0013
484.03,-0.00115,-0.00154,-0.0016,-0.00157,-0.00136,-0.00116
484.4,-0.00131,-0.00169,-0.00179,-0.00175,-0.00148,-0.0013
484.76,-0.00131,-0.00165,-0.0018,-0.00179,-0.00141,-0.00121
485.12,-0.00131,-0.00164,-0.00179,-0.00174,-0.00146,-0.00123
485.48,-0.00127,-0.00161,-0.00171,-0.00175,-0.00145,-0.00118
485.85,-0.00114,-0.00152,-0.00166,-0.0017,-0.00143,-0.00101
486.21,-0.00106,-0.00147,-0.00163,-0.00159,-0.00139,-0.00105
486.57,-0.00112,-0.00149,-0.00167,-0.00164,-0.00146,-0.00114
486.93,-0.0011,-0.0014,-0.00169,-0.00157,-0.00155,-0.00114
487.29,-0.00105,-0.00144,-0.00164,-0.00153,-0.00152,-0.00118
487.66,-0.00093,-0.00143,-0.00158,-0.00156,-0.0015,-0.00114
488.02,-0.00088,-0.00134,-0.00158,-0.00148,-0.00151,-0.00116
488.38,-0.00091,-0.00132,-0.00156,-0.00146,-0.00145,-0.00118
488.74,-0.00082,-0.00128,-0.00153,-0.00152,-0.00142,-0.00109
489.1,-0.00072,-0.00119,-0.00147,-0.00149,-0.00136,-0.00102
489.47,-0.0007,-0.00117,-0.00141,-0.00146,-0.00128,-0.00097
489.83,-0.00064,-0.0011,-0.00133,-0.00145,-0.00129,-0.00094
490.19,-0.0006,-0.00102,-0.00127,-0.00138,-0.00123,-0.0009
490.55,-0.0006,-0.00102,-0.0013,-0.00135,-0.00122,-0.00088
490.91,-0.00054,-0.00108,-0.00122,-0.00133,-0.00124,-0.00081
491.27,-0.00046,-0.00109,-0.00118,-0.00129,-0.0012,-0.00071
491.64,-0.00047,-0.00118,-0.00121,-0.00134,-0.00121,-0.00074
492,-0.00048,-0.0012,-0.0013,-0.00139,-0.00125,-0.00077
492.36,-0.00048,-0.00118,-0.00133,-0.00136,-0.0012,-0.00076
492.72,-0.00053,-0.00117,-0.00133,-0.00131,-0.00113,-0.00075
493.08,-0.00053,-0.00116,-0.00131,-0.00134,-0.00113,-0.0007
493.44,-0.00052,-0.00112,-0.00139,-0.00134,-0.00112,-0.00082
493.81,-0.00061,-0.00109,-0.00134,-0.00138,-0.00109,-0.00086
494.17,-0.00058,-0.00104,-0.00127,-0.00133,-0.00106,-0.00078
494.53,-0.00049,-0.00103,-0.00115,-0.00129,-0.00099,-0.00074
494.89,-0.00046,-0.00101,-0.00112,-0.00132,-0.00099,-0.00076
495.25,-0.00044,-0.00098,-0.00115,-0.00135,-0.001,-0.00074
495.61,-0.00038,-0.00097,-0.00117,-0.00132,-0.00099,-0.00075
495.97,-0.0004,-0.00094,-0.00117,-0.00133,-0.00099,-0.00069
496.33,-0.00036,-0.00097,-0.00121,-0.00132,-0.00106,-0.00067
496.7,-0.00041,-0.00102,-0.00124,-0.00132,-0.00103,-0.00074
497.06,-0.00041,-0.00098,-0.00122,-0.00124,-0.00104,-0.00076
497.42,-0.0004,-0.00105,-0.00118,-0.00123,-0.00099,-0.00074
497.78,-0.00041,-0.00109,-0.00118,-0.00124,-0.00102,-0.00073
498.14,-0.00043,-0.0011,-0.00114,-0.00125,-0.001,-0.0007
498.5,-0.00046,-0.00114,-0.00115,-0.00131,-0.00102,-0.00072
498.86,-0.00041,-0.00105,-0.00113,-0.00123,-0.00091,-0.0007
499.22,-0.00039,-0.00099,-0.0011,-0.00121,-0.00097,-0.00067
499.58,-0.00044,-0.00106,-0.00121,-0.0013,-0.00102,-0.00064
499.94,-0.00039,-0.00098,-0.00122,-0.0012,-0.001,-0.0006
500.3,-0.00034,-0.00092,-0.00119,-0.00115,-0.00096,-0.00059
500.67,-0.00036,-0.00097,-0.00121,-0.00114,-0.00094,-0.00064
501.03,-0.00036,-0.00096,-0.00116,-0.0011,-0.00089,-0.0006
501.39,-0.00041,-0.00105,-0.00109,-0.00112,-0.0009,-0.0006
501.75,-0.00045,-0.00106,-0.00117,-0.00114,-0.00086,-0.00064
502.11,-0.00041,-0.00098,-0.00106,-0.0011,-0.00083,-0.00064
502.47,-0.00051,-0.00103,-0.00109,-0.00118,-0.00085,-0.00068
502.83,-0.00051,-0.00105,-0.00109,-0.00115,-0.00085,-0.00065
503.19,-0.00043,-0.00098,-0.00106,-0.00113,-0.00084,-0.00061
503.55,-0.0004,-0.00094,-0.00108,-0.00107,-0.00079,-0.00063
503.91,-0.00035,-0.00094,-0.00111,-0.00105,-0.00085,-0.00067
504.27,-0.00033,-0.00091,-0.00103,-0.00104,-0.00085,-0.00059
504.63,-0.00038,-0.00092,-0.00104,-0.00108,-0.00085,-0.00061
504.99,-0.00034,-0.00093,-0.00102,-0.00108,-0.00089,-0.00059
505.35,-0.00037,-0.00096,-0.00104,-0.00117,-0.00089,-0.00064
505.71,-0.00038,-0.00092,-0.00106,-0.00115,-0.00083,-0.00063
506.07,-0.0004,-0.00094,-0.00107,-0.00119,-0.00093,-0.00061
506.43,-0.00041,-0.00092,-0.00112,-0.00126,-0.00089,-0.00058
506.79,-0.00041,-0.00092,-0.00112,-0.00128,-0.00092,-0.00059
507.15,-0.00033,-0.0009,-0.00113,-0.00116,-0.00089,-0.00053
507.51,-0.00026,-0.00083,-0.00111,-0.00114,-0.00085,-0.00048
507.87,-0.00022,-0.00076,-0.00103,-0.00106,-0.00082,-0.00045
508.23,-0.00021,-0.00082,-0.00099,-0.00109,-0.00084,-0.00042
508.59,-0.00024,-0.00083,-0.001,-0.00111,-0.00081,-0.00045
508.95,-0.00021,-0.0008,-0.00093,-0.00101,-0.00078,-0.00042
509.31,-0.00018,-0.00082,-0.00089,-0.00096,-0.00075,-0.00042
509.67,-0.00026,-0.00088,-0.00092,-0.00106,-0.00078,-0.00047
510.03,-0.00032,-0.00098,-0.00094,-0.00111,-0.00078,-0.00051
510.39,-0.00035,-0.00101,-0.00098,-0.00113,-0.00079,-0.00051
510.75,-0.00039,-0.00099,-0.00102,-0.00112,-0.00081,-0.00056
511.11,-0.00041,-0.00102,-0.00101,-0.00108,-0.00079,-0.00058
511.47,-0.00043,-0.00102,-0.00101,-0.00109,-0.00082,-0.00059
511.83,-0.00041,-0.00094,-0.00098,-0.00105,-0.00077,-0.00057
512.19,-0.00037,-0.00088,-0.00096,-0.00099,-0.00073,-0.00054
512.55,-0.00037,-0.00084,-0.00094,-0.00096,-0.00073,-0.00051
512.91,-0.00036,-0.00083,-0.0009,-0.00095,-0.00075,-0.00049
513.27,-0.00031,-0.0008,-0.00084,-0.00089,-0.00075,-0.00042
513.62,-0.00025,-0.00078,-0.00081,-0.00087,-0.00076,-0.00037
513.98,-0.0002,-0.00079,-0.00079,-0.00089,-0.00072,-0.00039
514.34,-0.00022,-0.00084,-0.00082,-0.00091,-0.00074,-0.00038
514.7,-0.00022,-0.00086,-0.00083,-0.00095,-0.00074,-0.00039
515.06,-0.00023,-0.00086,-0.00084,-0.00095,-0.00075,-0.00042
515.42,-0.00022,-0.00086,-0.00083,-0.00093,-0.00072,-0.00042
515.78,-0.00019,-0.00085,-0.00078,-0.00098,-0.00072,-0.0004
516.14,-0.00017,-0.0008,-0.00077,-0.00094,-0.00067,-0.00036
516.5,-0.0002,-0.00079,-0.00079,-0.00095,-0.00069,-0.00033
516.86,-0.00019,-0.00073,-0.00078,-0.00094,-0.00065,-0.00034
517.22,-0.00016,-0.0007,-0.00072,-0.00089,-0.00061,-0.00029
517.57,-0.00013,-0.00066,-0.0007,-0.00086,-0.00056,-0.00027
517.93,-0.00015,-0.00067,-0.00073,-0.00092,-0.00058,-0.0003
518.29,-0.00018,-0.00071,-0.00083,-0.00092,-0.00058,-0.00039
518.65,-0.00024,-0.00072,-0.00088,-0.00095,-0.00062,-0.00044
519.01,-0.00027,-0.00072,-0.00087,-0.00094,-0.00062,-0.00046
519.37,-0.00028,-0.00078,-0.0009,-0.00095,-0.00069,-0.00049
519.73,-0.00024,-0.00076,-0.0009,-0.00094,-0.00068,-0.00045
520.08,-0.00023,-0.00081,-0.00092,-0.00093,-0.00067,-0.00042
520.44,-0.00018,-0.0008,-0.00094,-0.00088,-0.00065,-0.0004
520.8,-0.0002,-0.00081,-0.00091,-0.00087,-0.00066,-0.00035
521.16,-0.00016,-0.0008,-0.00089,-0.00086,-0.00067,-0.00031
521.52,-0.00014,-0.00081,-0.00087,-0.00084,-0.00065,-0.0003
521.88,-0.00012,-0.0008,-0.00085,-0.00084,-0.00062,-0.00028
522.24,-0.00019,-0.00081,-0.00087,-0.00087,-0.00062,-0.00032
522.59,-0.00021,-0.00077,-0.00088,-0.00089,-0.00064,-0.00033
522.95,-0.00027,-0.00074,-0.00088,-0.0009,-0.00064,-0.00033
523.31,-0.00025,-0.00067,-0.00086,-0.00086,-0.0006,-0.00031
523.67,-0.00027,-0.0007,-0.00083,-0.00087,-0.00059,-0.00034
524.03,-0.0002,-0.00067,-0.00082,-0.00085,-0.00058,-0.00031
524.38,-0.00019,-0.00069,-0.00083,-0.00089,-0.00057,-0.00032
524.74,-0.00014,-0.00072,-0.00081,-0.00088,-0.00058,-0.00033
525.1,-0.00014,-0.00072,-0.00078,-0.00085,-0.00057,-0.0003
525.46,-8.00E-05,-0.00074,-0.00076,-0.00086,-0.00055,-0.00028
525.82,-8.00E-05,-0.00075,-0.00074,-0.00088,-0.00055,-0.00029
526.17,-8.00E-05,-0.00079,-0.00074,-0.00087,-0.00057,-0.00028
526.53,-0.00018,-0.00083,-0.00079,-0.0009,-0.0006,-0.00029
526.89,-0.00015,-0.00074,-0.00075,-0.00081,-0.00055,-0.00024
527.25,-0.00014,-0.00071,-0.00076,-0.00081,-0.00054,-0.00019
527.61,-7.00E-05,-0.00068,-0.00073,-0.00076,-0.0005,-0.00019
527.96,-8.00E-05,-0.0007,-0.00069,-0.00074,-0.00053,-0.00019
528.32,-9.00E-05,-0.00072,-0.00069,-0.00078,-0.00055,-0.0002
528.68,-6.00E-05,-0.00068,-0.00069,-0.00078,-0.00054,-0.0002
529.04,-1.00E-05,-0.00066,-0.00065,-0.00075,-0.00049,-0.00017
529.39,-2.00E-05,-0.00067,-0.00064,-0.00074,-0.00049,-0.00017
529.75,-3.00E-05,-0.00065,-0.0006,-0.00072,-0.00048,-0.00018
530.11,-2.00E-05,-0.00063,-0.00056,-0.00069,-0.00047,-0.00015
530.47,0,-0.00057,-0.00057,-0.00066,-0.00042,-0.00016
530.82,-2.00E-05,-0.0006,-0.0006,-0.00063,-0.00045,-0.00017
531.18,4.00E-05,-0.0005,-0.00057,-0.00057,-0.00041,-0.00012
531.54,7.00E-05,-0.00049,-0.00058,-0.00056,-0.00038,-9.00E-05
531.9,6.00E-05,-0.00051,-0.00064,-0.00058,-0.00039,-0.00013
532.25,5.00E-05,-0.00054,-0.00066,-0.00058,-0.0004,-0.00015
532.61,2.00E-05,-0.00055,-0.00069,-0.00061,-0.00043,-0.00016
532.97,3.00E-05,-0.00057,-0.00068,-0.00063,-0.00045,-0.00014
533.32,7.00E-05,-0.00053,-0.00064,-0.00063,-0.00037,-9.00E-05
533.68,0,-0.00063,-0.00069,-0.00068,-0.00038,-0.00012
534.04,-3.00E-05,-0.00061,-0.00072,-0.00074,-0.00046,-0.0002
534.4,-5.00E-05,-0.00061,-0.00071,-0.00075,-0.0005,-0.00018
534.75,-4.00E-05,-0.00059,-0.0007,-0.00078,-0.00048,-0.00015
535.11,-4.00E-05,-0.00062,-0.00074,-0.00082,-0.00052,-0.00017
535.47,-6.00E-05,-0.00064,-0.0008,-0.00085,-0.00054,-0.00018
535.82,-0.00011,-0.00072,-0.00088,-0.00092,-0.00062,-0.00024
536.18,-8.00E-05,-0.0007,-0.00088,-0.00092,-0.00061,-0.00024
536.54,-7.00E-05,-0.00074,-0.00085,-0.00087,-0.00058,-0.0002
536.89,-8.00E-05,-0.00073,-0.00084,-0.00084,-0.00055,-0.00017
537.25,-0.0001,-0.00073,-0.00083,-0.00082,-0.00056,-0.00018
537.61,-9.00E-05,-0.0007,-0.0008,-0.0008,-0.00054,-0.00017
537.96,-0.0001,-0.0007,-0.00077,-0.00079,-0.00054,-0.00019
538.32,-8.00E-05,-0.00064,-0.00071,-0.00072,-0.00051,-0.00014
538.68,-0.00011,-0.00068,-0.0007,-0.00074,-0.00054,-0.00014
539.03,-0.00013,-0.00067,-0.00073,-0.00078,-0.00054,-0.00017
539.39,-9.00E-05,-0.00066,-0.0007,-0.00076,-0.00053,-0.00021
539.75,-9.00E-05,-0.0007,-0.00073,-0.0008,-0.00056,-0.00027
540.1,-0.00011,-0.0007,-0.00075,-0.0008,-0.00052,-0.00026
540.46,-0.00012,-0.00072,-0.00077,-0.00083,-0.00053,-0.00025
540.81,-9.00E-05,-0.00074,-0.00074,-0.00084,-0.00055,-0.00024
541.17,-8.00E-05,-0.00071,-0.0007,-0.00081,-0.00052,-0.00024
541.53,-9.00E-05,-0.00071,-0.00066,-0.00077,-0.00051,-0.00023
541.88,-9.00E-05,-0.00072,-0.00071,-0.00078,-0.0005,-0.00024
542.24,-8.00E-05,-0.00069,-0.00072,-0.00077,-0.00046,-0.00021
542.59,-8.00E-05,-0.00066,-0.0007,-0.00077,-0.00045,-0.00018
542.95,-5.00E-05,-0.00063,-0.00068,-0.00073,-0.00044,-0.00015
543.31,-4.00E-05,-0.00063,-0.00074,-0.00072,-0.0004,-0.00017
543.66,-4.00E-05,-0.00063,-0.00079,-0.00074,-0.00041,-0.00018
544.02,-2.00E-05,-0.00064,-0.00083,-0.00077,-0.00042,-0.00017
544.37,-2.00E-05,-0.00064,-0.00081,-0.00077,-0.00043,-0.00014
544.73,-3.00E-05,-0.00064,-0.00077,-0.00077,-0.00044,-0.00013
545.09,-3.00E-05,-0.00067,-0.00073,-0.00075,-0.00046,-0.00014
545.44,-3.00E-05,-0.00068,-0.00074,-0.00075,-0.00041,-0.00016
545.8,-6.00E-05,-0.00067,-0.00071,-0.00074,-0.00044,-0.00012
546.15,-0.0001,-0.00066,-0.00072,-0.00074,-0.00043,-0.00013
546.51,-0.00015,-0.00063,-0.0007,-0.00074,-0.00045,-0.00014
546.86,-0.00013,-0.0006,-0.00065,-0.00071,-0.00038,-0.0001
547.22,-0.00013,-0.00059,-0.00069,-0.00071,-0.00037,-0.0001
547.58,-0.00011,-0.00059,-0.0007,-0.00069,-0.00036,-0.00012
547.93,-9.00E-05,-0.00059,-0.00069,-0.00068,-0.00037,-0.00012
548.29,-5.00E-05,-0.00057,-0.00071,-0.00069,-0.00036,-0.00015
548.64,0,-0.00057,-0.0007,-0.00067,-0.00031,-0.00014
549,4.00E-05,-0.00056,-0.00068,-0.00063,-0.00023,-0.00011
549.35,3.00E-05,-0.00058,-0.00072,-0.00068,-0.00027,-0.00014
549.71,2.00E-05,-0.00056,-0.00071,-0.00067,-0.00026,-0.00012
550.06,2.00E-05,-0.00056,-0.00075,-0.00067,-0.00029,-0.00012
550.42,-6.00E-05,-0.00059,-0.00079,-0.00074,-0.0003,-0.00017
550.77,-6.00E-05,-0.00056,-0.00075,-0.0007,-0.00028,-0.00015
551.13,-0.0001,-0.00057,-0.00075,-0.0007,-0.00036,-0.00018
551.48,-0.00011,-0.00061,-0.00075,-0.00071,-0.0004,-0.0002
551.84,-0.0001,-0.00061,-0.00074,-0.00069,-0.00042,-0.00018
552.19,-9.00E-05,-0.00063,-0.00072,-0.00068,-0.00042,-0.0002
552.55,-0.00011,-0.00065,-0.00072,-0.00073,-0.00044,-0.00022
552.9,-9.00E-05,-0.00064,-0.00074,-0.00069,-0.00048,-0.00018
553.26,-9.00E-05,-0.00068,-0.00076,-0.00072,-0.00049,-0.00018
553.61,-6.00E-05,-0.00064,-0.00077,-0.00069,-0.00044,-0.0001
553.97,-6.00E-05,-0.00065,-0.00079,-0.0007,-0.00047,-8.00E-05
554.32,-7.00E-05,-0.00065,-0.00079,-0.0007,-0.0005,-9.00E-05
554.68,-8.00E-05,-0.00068,-0.00083,-0.00073,-0.00051,-0.00011
555.03,-5.00E-05,-0.00066,-0.00079,-0.00071,-0.00049,-5.00E-05
555.39,-5.00E-05,-0.00068,-0.00076,-0.00068,-0.00045,-6.00E-05
555.74,-4.00E-05,-0.00063,-0.00074,-0.00065,-0.00043,-8.00E-05
556.1,-3.00E-05,-0.00064,-0.00067,-0.00069,-0.00042,-0.00012
556.45,-1.00E-05,-0.00064,-0.00068,-0.00068,-0.00042,-0.00013
556.8,3.00E-05,-0.00061,-0.00064,-0.00066,-0.00035,-0.00012
557.16,1.00E-05,-0.00062,-0.00067,-0.00066,-0.00037,-0.00014
557.51,2.00E-05,-0.00062,-0.00069,-0.00067,-0.00037,-0.00018
557.87,7.00E-05,-0.00058,-0.00066,-0.00063,-0.00034,-0.00013
558.22,7.00E-05,-0.0006,-0.00067,-0.00064,-0.00037,-0.00011
558.58,8.00E-05,-0.00062,-0.00068,-0.00065,-0.00037,-0.00011
558.93,8.00E-05,-0.00061,-0.00066,-0.00066,-0.00035,-0.0001
559.28,6.00E-05,-0.00066,-0.00071,-0.00068,-0.00039,-0.00012
559.64,9.00E-05,-0.00061,-0.00066,-0.00068,-0.00037,-0.0001
559.99,7.00E-05,-0.00063,-0.00067,-0.00066,-0.00036,-9.00E-05
560.35,3.00E-05,-0.00068,-0.00068,-0.00072,-0.00039,-0.00012
560.7,-1.00E-05,-0.00071,-0.0007,-0.00074,-0.00044,-0.00018
561.05,-2.00E-05,-0.00067,-0.00069,-0.0007,-0.00041,-0.00016
561.41,-5.00E-05,-0.00064,-0.00071,-0.00071,-0.00045,-0.00016
561.76,-6.00E-05,-0.00062,-0.00069,-0.00071,-0.00042,-0.00015
562.12,-6.00E-05,-0.00063,-0.00069,-0.00067,-0.0004,-0.00014
562.47,-5.00E-05,-0.00061,-0.00069,-0.00067,-0.00042,-0.00016
562.82,-7.00E-05,-0.00059,-0.00069,-0.00069,-0.00043,-0.00015
563.18,-6.00E-05,-0.00058,-0.00068,-0.0007,-0.0004,-7.00E-05
563.53,-4.00E-05,-0.0006,-0.00071,-0.00073,-0.00041,-9.00E-05
563.88,-3.00E-05,-0.00062,-0.00072,-0.00074,-0.00039,-8.00E-05
564.24,-3.00E-05,-0.0006,-0.00072,-0.00074,-0.0004,-7.00E-05
564.59,-6.00E-05,-0.00063,-0.0007,-0.00078,-0.00043,-3.00E-05
564.95,-5.00E-05,-0.00063,-0.00067,-0.00078,-0.00041,0
565.3,-1.00E-05,-0.00062,-0.0007,-0.00078,-0.00038,-3.00E-05
565.65,4.00E-05,-0.00062,-0.00069,-0.00075,-0.00037,-5.00E-05
566.01,0,-0.00063,-0.0007,-0.00073,-0.0004,-7.00E-05
566.36,6.00E-05,-0.0006,-0.00067,-0.00069,-0.00039,-7.00E-05
566.71,0.00012,-0.0006,-0.00065,-0.00068,-0.00038,-4.00E-05
567.07,0.00018,-0.00056,-0.00065,-0.00065,-0.00034,-5.00E-05
567.42,0.00019,-0.00052,-0.00065,-0.0006,-0.0003,-5.00E-05
567.77,0.0002,-0.0005,-0.00062,-0.00056,-0.00033,-5.00E-05
568.13,0.00021,-0.00048,-0.00062,-0.00055,-0.0003,-2.00E-05
568.48,0.00022,-0.00049,-0.00063,-0.00057,-0.00027,-3.00E-05
568.83,0.00015,-0.00053,-0.00065,-0.00062,-0.0003,-5.00E-05
569.18,0.00012,-0.00054,-0.00065,-0.00063,-0.00033,-8.00E-05
569.54,6.00E-05,-0.0006,-0.00071,-0.00067,-0.00037,-6.00E-05
569.89,3.00E-05,-0.00065,-0.00074,-0.00074,-0.00041,-9.00E-05
570.24,1.00E-05,-0.00065,-0.00075,-0.00074,-0.00042,-0.0001
570.6,2.00E-05,-0.00065,-0.00073,-0.00075,-0.00042,-8.00E-05
570.95,4.00E-05,-0.00063,-0.00068,-0.00071,-0.00043,-9.00E-05
571.3,8.00E-05,-0.00061,-0.00065,-0.00065,-0.00037,-7.00E-05
571.65,9.00E-05,-0.00061,-0.00067,-0.0006,-0.00035,-6.00E-05
572.01,8.00E-05,-0.00062,-0.00066,-0.00062,-0.00035,-0.00013
572.36,7.00E-05,-0.0006,-0.00067,-0.00059,-0.00036,-0.00012
572.71,8.00E-05,-0.00061,-0.00072,-0.0006,-0.00036,-0.00011
573.06,5.00E-05,-0.00064,-0.00076,-0.00062,-0.00039,-0.00017
573.42,3.00E-05,-0.00067,-0.00077,-0.00065,-0.00042,-0.00017
573.77,3.00E-05,-0.00069,-0.00078,-0.00071,-0.00045,-0.00016
574.12,2.00E-05,-0.00071,-0.00073,-0.00073,-0.00044,-0.00015
574.47,7.00E-05,-0.00066,-0.00069,-0.0007,-0.00042,-0.00014
574.83,9.00E-05,-0.00063,-0.00065,-0.00069,-0.00038,-0.00012
575.18,9.00E-05,-0.00059,-0.00059,-0.0007,-0.00037,-8.00E-05
575.53,0.0001,-0.00058,-0.0006,-0.0007,-0.00039,-5.00E-05
575.88,9.00E-05,-0.00056,-0.00062,-0.00067,-0.00038,-5.00E-05
576.24,0.0001,-0.00055,-0.00063,-0.00063,-0.00036,-4.00E-05
576.59,8.00E-05,-0.00053,-0.00066,-0.00063,-0.00036,-8.00E-05
576.94,6.00E-05,-0.00053,-0.00068,-0.0006,-0.00034,-5.00E-05
577.29,5.00E-05,-0.00053,-0.00068,-0.00062,-0.00036,-4.00E-05
577.64,3.00E-05,-0.00058,-0.00069,-0.00065,-0.00039,-9.00E-05
578,7.00E-05,-0.00054,-0.00063,-0.00062,-0.0003,-6.00E-05
578.35,8.00E-05,-0.00056,-0.00063,-0.00065,-0.00033,-7.00E-05
578.7,0.0001,-0.00051,-0.00059,-0.00066,-0.00033,-6.00E-05
579.05,0.00011,-0.0005,-0.00058,-0.00067,-0.00033,-4.00E-05
579.4,9.00E-05,-0.0005,-0.00059,-0.00071,-0.00036,-4.00E-05
579.76,0.0001,-0.00053,-0.00062,-0.0007,-0.00039,-7.00E-05
580.11,0.00012,-0.00051,-0.00061,-0.00065,-0.00036,-4.00E-05
580.46,7.00E-05,-0.00054,-0.00066,-0.00067,-0.00039,-7.00E-05
580.81,0.0001,-0.00051,-0.00064,-0.00065,-0.00034,-4.00E-05
581.16,0.0001,-0.00055,-0.00064,-0.00064,-0.00035,-3.00E-05
581.51,9.00E-05,-0.00059,-0.00063,-0.00066,-0.00037,-6.00E-05
581.87,0.00011,-0.0006,-0.00065,-0.00063,-0.00037,-6.00E-05
582.22,0.00013,-0.00059,-0.00061,-0.00062,-0.00035,-3.00E-05
582.57,0.00011,-0.00061,-0.00063,-0.00063,-0.00035,-3.00E-05
582.92,0.00012,-0.00059,-0.00061,-0.0006,-0.00034,-1.00E-05
583.27,0.00012,-0.00061,-0.00062,-0.00057,-0.00034,-2.00E-05
583.62,9.00E-05,-0.00067,-0.00068,-0.00061,-0.00037,-8.00E-05
583.97,0.00011,-0.00067,-0.00069,-0.00063,-0.00037,-0.00011
584.33,9.00E-05,-0.00068,-0.00068,-0.00061,-0.00038,-0.0001
584.68,8.00E-05,-0.00069,-0.00069,-0.00061,-0.00037,-9.00E-05
585.03,8.00E-05,-0.00067,-0.00068,-0.00062,-0.00038,-0.0001
585.38,5.00E-05,-0.00068,-0.00069,-0.00066,-0.00038,-0.0001
585.73,5.00E-05,-0.00066,-0.00069,-0.0007,-0.00039,-0.00012
586.08,5.00E-05,-0.00063,-0.00066,-0.00067,-0.0004,-0.0001
586.43,4.00E-05,-0.00063,-0.00064,-0.00063,-0.00039,-5.00E-05
586.78,6.00E-05,-0.00061,-0.00064,-0.00062,-0.00036,-5.00E-05
587.13,4.00E-05,-0.00062,-0.00066,-0.00066,-0.00036,-8.00E-05
587.48,7.00E-05,-0.00062,-0.00065,-0.00063,-0.00036,-7.00E-05
587.84,0.00013,-0.00066,-0.00066,-0.00059,-0.00036,-6.00E-05
588.19,9.00E-05,-0.00071,-0.00069,-0.0006,-0.0004,-7.00E-05
588.54,0.0001,-0.00069,-0.0007,-0.00059,-0.00038,-6.00E-05
588.89,7.00E-05,-0.00071,-0.00075,-0.00063,-0.0004,-0.00012
589.24,6.00E-05,-0.00071,-0.00075,-0.00064,-0.00041,-0.00014
589.59,6.00E-05,-0.00068,-0.00073,-0.00063,-0.0004,-0.00011
589.94,3.00E-05,-0.00068,-0.00075,-0.00066,-0.00041,-0.00016
590.29,2.00E-05,-0.00062,-0.00071,-0.00067,-0.0004,-0.00014
590.64,2.00E-05,-0.00057,-0.00068,-0.00064,-0.00035,-0.00011
590.99,3.00E-05,-0.00055,-0.00064,-0.00065,-0.00033,-9.00E-05
591.34,9.00E-05,-0.00049,-0.00059,-0.00063,-0.00029,-5.00E-05
591.69,8.00E-05,-0.00049,-0.00055,-0.00065,-0.00031,0
592.04,0.00013,-0.00048,-0.00057,-0.00063,-0.00032,2.00E-05
592.39,0.00017,-0.00049,-0.00055,-0.00061,-0.00029,9.00E-05
592.74,0.00016,-0.0005,-0.00057,-0.00061,-0.0003,0.0001
593.09,0.00016,-0.00051,-0.00058,-0.00061,-0.00032,0.00013
593.44,0.00015,-0.00059,-0.00066,-0.00064,-0.00036,0.00011
593.79,0.00013,-0.00062,-0.00069,-0.00061,-0.00038,0.00011
594.14,0.00015,-0.00063,-0.00071,-0.0006,-0.00037,0.00012
594.49,0.00012,-0.00062,-0.00069,-0.00058,-0.00033,0.0001
594.84,0.0001,-0.00061,-0.00072,-0.00056,-0.00033,7.00E-05
595.19,9.00E-05,-0.00065,-0.00075,-0.00061,-0.00035,2.00E-05
595.54,0.0001,-0.00064,-0.00075,-0.00064,-0.00035,-2.00E-05
595.89,0.00011,-0.00059,-0.00067,-0.00058,-0.00031,3.00E-05
596.24,0.00013,-0.00054,-0.00062,-0.00055,-0.00027,5.00E-05
596.59,0.00012,-0.00055,-0.0006,-0.00056,-0.00029,2.00E-05
596.94,0.00011,-0.00054,-0.00061,-0.00061,-0.0003,4.00E-05
597.29,9.00E-05,-0.00059,-0.00059,-0.00068,-0.00036,2.00E-05
597.64,7.00E-05,-0.00056,-0.00058,-0.00064,-0.00038,6.00E-05
597.99,0.00011,-0.00056,-0.00055,-0.00061,-0.00035,0.00011
598.34,0.00013,-0.00055,-0.0006,-0.00064,-0.00039,0.00011
598.69,0.0001,-0.00059,-0.00067,-0.00068,-0.00044,7.00E-05
599.04,0.00012,-0.00062,-0.00073,-0.00071,-0.00044,7.00E-05
599.39,0.00014,-0.0006,-0.00071,-0.00069,-0.00044,7.00E-05
599.74,0.00015,-0.00061,-0.00073,-0.00068,-0.00044,6.00E-05
600.09,0.00017,-0.00062,-0.00076,-0.00071,-0.00043,6.00E-05
600.44,0.00015,-0.00064,-0.00079,-0.00073,-0.00042,1.00E-05
600.79,0.0001,-0.00063,-0.00077,-0.00072,-0.00041,-2.00E-05
601.14,0.00011,-0.00064,-0.00075,-0.00072,-0.0004,-1.00E-05
601.49,9.00E-05,-0.00065,-0.00072,-0.0007,-0.0004,-1.00E-05
601.83,3.00E-05,-0.00069,-0.00079,-0.00076,-0.00045,-7.00E-05
602.18,2.00E-05,-0.00067,-0.00076,-0.00076,-0.00041,-7.00E-05
602.53,-1.00E-05,-0.00063,-0.00071,-0.00072,-0.0004,-4.00E-05
602.88,1.00E-05,-0.00055,-0.00066,-0.00069,-0.00036,0
603.23,3.00E-05,-0.00057,-0.00067,-0.00069,-0.00033,5.00E-05
603.58,3.00E-05,-0.00057,-0.00066,-0.0007,-0.00034,6.00E-05
603.93,7.00E-05,-0.00053,-0.00063,-0.00067,-0.00031,0.0001
604.28,9.00E-05,-0.00057,-0.0006,-0.00064,-0.00031,0.00013
604.63,0.00014,-0.0006,-0.00064,-0.00063,-0.00032,0.00019
604.97,0.00017,-0.00062,-0.00066,-0.00065,-0.00035,0.0002
605.32,0.00013,-0.0007,-0.00073,-0.00068,-0.00042,0.00015
605.67,0.00014,-0.0007,-0.00073,-0.00069,-0.00042,0.00015
606.02,0.00015,-0.0007,-0.00073,-0.00069,-0.00041,0.00015
606.37,0.00011,-0.00071,-0.00076,-0.0007,-0.00044,0.00013
606.72,0.0001,-0.00068,-0.00074,-0.00069,-0.00045,0.00011
607.07,4.00E-05,-0.00064,-0.00073,-0.00069,-0.00046,5.00E-05
607.42,1.00E-05,-0.00063,-0.00071,-0.0007,-0.00045,1.00E-05
607.76,2.00E-05,-0.0006,-0.00067,-0.0007,-0.00044,2.00E-05
608.11,-2.00E-05,-0.00059,-0.00066,-0.00071,-0.00048,2.00E-05
608.46,-2.00E-05,-0.0006,-0.00066,-0.00073,-0.0005,2.00E-05
608.81,0,-0.00059,-0.00064,-0.00074,-0.00048,-1.00E-05
609.16,4.00E-05,-0.00062,-0.00067,-0.00074,-0.00046,-2.00E-05
609.51,0.00012,-0.00062,-0.00068,-0.00074,-0.00045,0
609.85,0.00015,-0.00065,-0.00068,-0.00071,-0.00041,2.00E-05
610.2,0.0002,-0.00068,-0.00069,-0.00069,-0.00037,0
610.55,0.00022,-0.00072,-0.00071,-0.00066,-0.00036,-1.00E-05
610.9,0.00022,-0.00073,-0.00072,-0.00065,-0.00038,0
611.25,0.0002,-0.00074,-0.00073,-0.00064,-0.0004,3.00E-05
611.59,0.0002,-0.00075,-0.00073,-0.00062,-0.00039,5.00E-05
611.94,0.00016,-0.00076,-0.00072,-0.00059,-0.00037,8.00E-05
612.29,0.00013,-0.00074,-0.00073,-0.00062,-0.00038,7.00E-05
612.64,7.00E-05,-0.00074,-0.00074,-0.00064,-0.00039,0.0001
612.99,6.00E-05,-0.00069,-0.00073,-0.00066,-0.00036,8.00E-05
613.33,6.00E-05,-0.00064,-0.00069,-0.00066,-0.00031,8.00E-05
613.68,5.00E-05,-0.00064,-0.00069,-0.00069,-0.0003,6.00E-05
614.03,4.00E-05,-0.00061,-0.00065,-0.00069,-0.00029,4.00E-05
614.38,5.00E-05,-0.0006,-0.00065,-0.0007,-0.00028,4.00E-05
614.72,7.00E-05,-0.00062,-0.00066,-0.00071,-0.00027,2.00E-05
615.07,0.00011,-0.0006,-0.00067,-0.0007,-0.0003,-1.00E-05
615.42,0.0001,-0.00063,-0.00067,-0.00069,-0.00033,-4.00E-05
615.77,0.0001,-0.00066,-0.00069,-0.00069,-0.00036,-6.00E-05
616.11,0.00016,-0.00065,-0.00068,-0.00066,-0.00033,-3.00E-05
616.46,0.0002,-0.00063,-0.0007,-0.00062,-0.00033,0
616.81,0.0002,-0.00066,-0.00072,-0.00063,-0.00034,-3.00E-05
617.16,0.00019,-0.00065,-0.00075,-0.00062,-0.00035,0
617.5,0.00018,-0.00067,-0.00077,-0.00064,-0.00035,0
617.85,0.00016,-0.00066,-0.0008,-0.00066,-0.00036,3.00E-05
618.2,0.00013,-0.00069,-0.00083,-0.00064,-0.00036,5.00E-05
618.54,9.00E-05,-0.0007,-0.00087,-0.00067,-0.00041,4.00E-05
618.89,4.00E-05,-0.0007,-0.00085,-0.00072,-0.00044,2.00E-05
619.24,2.00E-05,-0.0007,-0.00086,-0.00075,-0.00046,3.00E-05
619.59,-2.00E-05,-0.00071,-0.00083,-0.00078,-0.0005,2.00E-05
619.93,-2.00E-05,-0.00066,-0.00077,-0.00075,-0.00045,6.00E-05
620.28,-1.00E-05,-0.00066,-0.00071,-0.00072,-0.00043,9.00E-05
620.63,1.00E-05,-0.00063,-0.00068,-0.00076,-0.00041,9.00E-05
620.97,5.00E-05,-0.00059,-0.00064,-0.00074,-0.00038,8.00E-05
621.32,7.00E-05,-0.0006,-0.00065,-0.00073,-0.00034,8.00E-05
621.67,0.0001,-0.0006,-0.00063,-0.00074,-0.00033,5.00E-05
622.01,0.00015,-0.0006,-0.00061,-0.00068,-0.00028,6.00E-05
622.36,0.00016,-0.00064,-0.00062,-0.00068,-0.00031,2.00E-05
622.71,0.00018,-0.00067,-0.00065,-0.00069,-0.00034,-1.00E-05
623.05,0.00019,-0.00069,-0.00065,-0.00064,-0.00034,1.00E-05
623.4,0.00018,-0.00076,-0.00068,-0.00067,-0.00037,2.00E-05
623.75,0.00017,-0.00076,-0.0007,-0.00064,-0.00039,4.00E-05
624.09,0.00011,-0.00077,-0.00072,-0.00062,-0.00043,5.00E-05
624.44,0.0001,-0.00078,-0.00071,-0.00063,-0.00043,8.00E-05
624.79,6.00E-05,-0.00076,-0.00077,-0.00065,-0.00043,7.00E-05
625.13,4.00E-05,-0.00072,-0.00074,-0.00064,-0.00037,0.00012
625.48,4.00E-05,-0.00071,-0.00074,-0.00066,-0.00035,0.00011
625.82,1.00E-05,-0.00069,-0.00074,-0.00063,-0.00037,0.00013
626.17,1.00E-05,-0.00066,-0.00074,-0.00068,-0.00035,0.00013
626.52,3.00E-05,-0.00063,-0.00072,-0.00068,-0.00032,0.00016
626.86,6.00E-05,-0.00063,-0.00071,-0.00069,-0.00031,0.00014
627.21,9.00E-05,-0.00063,-0.00066,-0.0007,-0.00033,0.00015
627.55,0.00013,-0.0006,-0.00066,-0.0007,-0.00033,0.00012
627.9,0.00016,-0.0006,-0.00066,-0.0007,-0.00037,8.00E-05
628.25,0.00018,-0.00062,-0.00063,-0.0007,-0.00033,3.00E-05
628.59,0.00023,-0.00065,-0.00062,-0.00065,-0.00033,0
628.94,0.00026,-0.00068,-0.00068,-0.00064,-0.00034,-5.00E-05
629.28,0.00023,-0.00066,-0.00071,-0.00062,-0.00036,-5.00E-05
629.63,0.00024,-0.00067,-0.00075,-0.00057,-0.00032,-6.00E-05
629.98,0.00023,-0.00071,-0.00074,-0.00056,-0.00036,-7.00E-05
630.32,0.00019,-0.0007,-0.00074,-0.00054,-0.00032,-5.00E-05
630.67,0.00016,-0.00069,-0.00077,-0.00054,-0.00034,-3.00E-05
631.01,9.00E-05,-0.0007,-0.00079,-0.00055,-0.00036,-2.00E-05
631.36,4.00E-05,-0.00069,-0.00076,-0.00057,-0.00037,0
631.7,3.00E-05,-0.00068,-0.00075,-0.0006,-0.00038,-1.00E-05
632.05,3.00E-05,-0.00066,-0.00072,-0.00063,-0.0004,-2.00E-05
632.39,-3.00E-05,-0.00065,-0.00076,-0.00068,-0.00041,-3.00E-05
632.74,-1.00E-05,-0.00062,-0.00073,-0.00069,-0.00039,1.00E-05
633.09,-1.00E-05,-0.0006,-0.00072,-0.00072,-0.00039,4.00E-05
633.43,-1.00E-05,-0.00058,-0.0007,-0.00078,-0.00041,7.00E-05
633.78,0,-0.00062,-0.00072,-0.0008,-0.00041,8.00E-05
634.12,4.00E-05,-0.00064,-0.00072,-0.00081,-0.00044,7.00E-05
634.47,9.00E-05,-0.00067,-0.00069,-0.00079,-0.0004,0.0001
634.81,0.00017,-0.00068,-0.00065,-0.00077,-0.00039,0.00014
635.16,0.00018,-0.00072,-0.00071,-0.00079,-0.00042,9.00E-05
635.5,0.00024,-0.00075,-0.0007,-0.00075,-0.00042,6.00E-05
635.85,0.00025,-0.00078,-0.00072,-0.00071,-0.00042,1.00E-05
636.19,0.00023,-0.00077,-0.0007,-0.00068,-0.00039,0
636.54,0.00021,-0.00077,-0.00073,-0.00065,-0.00035,4.00E-05
636.88,0.00015,-0.00081,-0.00075,-0.00068,-0.00039,0
637.23,0.0001,-0.00082,-0.00081,-0.00065,-0.00044,-3.00E-05
637.57,7.00E-05,-0.00083,-0.00082,-0.00065,-0.00043,-2.00E-05
637.92,4.00E-05,-0.00078,-0.00085,-0.00065,-0.00043,0
638.26,3.00E-05,-0.00077,-0.00083,-0.00066,-0.0004,1.00E-05
638.6,3.00E-05,-0.00074,-0.00085,-0.00066,-0.00041,-2.00E-05
638.95,-3.00E-05,-0.00074,-0.00088,-0.00073,-0.00045,-0.0001
639.29,-2.00E-05,-0.0007,-0.00088,-0.00069,-0.00041,-8.00E-05
639.64,-1.00E-05,-0.00068,-0.00082,-0.00074,-0.00038,-7.00E-05
639.98,-3.00E-05,-0.00068,-0.00079,-0.00076,-0.00042,-9.00E-05
640.33,-3.00E-05,-0.00069,-0.00074,-0.00076,-0.00042,-0.00011
640.67,0,-0.00072,-0.00073,-0.00077,-0.00043,-0.00011
641.02,9.00E-05,-0.0007,-0.00068,-0.00075,-0.00039,-6.00E-05
641.36,0.00018,-0.00071,-0.00061,-0.0007,-0.00036,-1.00E-05
641.7,0.00022,-0.00071,-0.0006,-0.0007,-0.00038,2.00E-05
642.05,0.00026,-0.00072,-0.00063,-0.00069,-0.00039,3.00E-05
642.39,0.00033,-0.00071,-0.00062,-0.00066,-0.00035,6.00E-05
642.74,0.00032,-0.00076,-0.0007,-0.00067,-0.00037,3.00E-05
643.08,0.00031,-0.00073,-0.00071,-0.00066,-0.00035,6.00E-05
643.43,0.00025,-0.00076,-0.00073,-0.00068,-0.00035,6.00E-05
643.77,0.00022,-0.00076,-0.00078,-0.00068,-0.00035,8.00E-05
644.11,0.00014,-0.00077,-0.00081,-0.00068,-0.00035,4.00E-05
644.46,8.00E-05,-0.00076,-0.00083,-0.00067,-0.00033,2.00E-05
644.8,5.00E-05,-0.00073,-0.00085,-0.00064,-0.0003,2.00E-05
645.14,5.00E-05,-0.00067,-0.00081,-0.00067,-0.00033,1.00E-05
645.49,5.00E-05,-0.00062,-0.00081,-0.00065,-0.00035,2.00E-05
645.83,4.00E-05,-0.00056,-0.0008,-0.00065,-0.00037,2.00E-05
646.18,2.00E-05,-0.0005,-0.00076,-0.00064,-0.00041,0
646.52,3.00E-05,-0.00047,-0.00073,-0.00066,-0.00041,1.00E-05
646.86,4.00E-05,-0.00042,-0.00069,-0.00066,-0.00041,1.00E-05
647.21,6.00E-05,-0.00045,-0.00065,-0.00069,-0.00043,-4.00E-05
647.55,0.00011,-0.00046,-0.00062,-0.00067,-0.0004,-3.00E-05
647.89,0.00017,-0.00049,-0.00056,-0.00069,-0.00038,-3.00E-05
648.24,0.00025,-0.00052,-0.00055,-0.0007,-0.00038,-1.00E-05
648.58,0.0003,-0.00059,-0.00054,-0.00075,-0.00036,1.00E-05
648.92,0.00034,-0.0006,-0.00056,-0.00077,-0.00035,4.00E-05
649.27,0.00038,-0.00065,-0.00056,-0.00076,-0.00033,8.00E-05
649.61,0.00037,-0.00068,-0.00062,-0.00078,-0.00033,0.00013
649.95,0.00033,-0.00072,-0.00066,-0.00078,-0.00034,0.00015
650.3,0.00026,-0.00074,-0.0007,-0.00077,-0.00034,0.00014
650.64,0.00016,-0.00083,-0.00076,-0.00078,-0.00037,9.00E-05
650.98,0.00013,-0.00077,-0.00075,-0.00074,-0.00035,0.00011
651.33,0.0001,-0.00084,-0.00077,-0.00075,-0.00039,3.00E-05
651.67,2.00E-05,-0.00087,-0.00083,-0.00077,-0.00043,-2.00E-05
652.01,-2.00E-05,-0.00082,-0.00084,-0.00074,-0.00042,-3.00E-05
652.36,-7.00E-05,-0.00079,-0.00086,-0.00074,-0.00042,-4.00E-05
652.7,-9.00E-05,-0.00076,-0.00091,-0.00073,-0.00043,-7.00E-05
653.04,-6.00E-05,-0.00066,-0.00087,-0.0007,-0.0004,-4.00E-05
653.38,-8.00E-05,-0.00066,-0.00091,-0.00073,-0.00044,-0.0001
653.73,-7.00E-05,-0.00059,-0.00087,-0.00071,-0.00038,-4.00E-05
654.07,-5.00E-05,-0.00053,-0.00082,-0.00072,-0.00035,1.00E-05
654.41,3.00E-05,-0.00051,-0.00076,-0.00071,-0.00037,2.00E-05
654.75,0.0001,-0.00049,-0.00071,-0.00075,-0.00038,1.00E-05
655.1,0.00016,-0.00053,-0.00065,-0.0008,-0.00037,2.00E-05
655.44,0.00022,-0.00057,-0.00065,-0.00084,-0.00036,0
655.78,0.00031,-0.00058,-0.00061,-0.00079,-0.00031,5.00E-05
656.12,0.00036,-0.00058,-0.0006,-0.00076,-0.00032,5.00E-05
656.47,0.00041,-0.00066,-0.00063,-0.00076,-0.00034,7.00E-05
656.81,0.00038,-0.0007,-0.00068,-0.00076,-0.0003,9.00E-05
657.15,0.00035,-0.00074,-0.00074,-0.00075,-0.00031,9.00E-05
657.49,0.00031,-0.00076,-0.00076,-0.0007,-0.00029,0.00013
657.84,0.00025,-0.00076,-0.00078,-0.00067,-0.00027,0.00014
658.18,0.00017,-0.00078,-0.0008,-0.00068,-0.00028,0.00015
658.52,9.00E-05,-0.00083,-0.00087,-0.00071,-0.00032,0.00014
658.86,2.00E-05,-0.00083,-0.00088,-0.00071,-0.00033,0.00011
659.2,-3.00E-05,-0.0008,-0.0009,-0.00072,-0.00035,8.00E-05
659.55,-5.00E-05,-0.0008,-0.00089,-0.00068,-0.00033,0.0001
659.89,-7.00E-05,-0.00074,-0.00091,-0.00066,-0.00033,9.00E-05
660.23,-7.00E-05,-0.00068,-0.00089,-0.00065,-0.00037,8.00E-05
660.57,-0.0001,-0.00066,-0.00089,-0.00066,-0.0004,6.00E-05
660.91,-0.0001,-0.00063,-0.00088,-0.00067,-0.00037,6.00E-05
661.26,-7.00E-05,-0.00054,-0.00082,-0.00065,-0.00034,8.00E-05
661.6,-4.00E-05,-0.00055,-0.00078,-0.00065,-0.00035,9.00E-05
661.94,1.00E-05,-0.00052,-0.00072,-0.00066,-0.00036,0.0001
662.28,9.00E-05,-0.00052,-0.00067,-0.00066,-0.00034,9.00E-05
662.62,0.00017,-0.00055,-0.00062,-0.00069,-0.00032,0.00012
662.96,0.00024,-0.00061,-0.00062,-0.00074,-0.00034,8.00E-05
663.31,0.0003,-0.00061,-0.00059,-0.00073,-0.00033,0.00012
663.65,0.00035,-0.0007,-0.00062,-0.00073,-0.00034,0.00013
663.99,0.00035,-0.00073,-0.00063,-0.00073,-0.00036,0.00012
664.33,0.00034,-0.00076,-0.00068,-0.00075,-0.00036,0.0001
664.67,0.00031,-0.00077,-0.0007,-0.00077,-0.00033,0.00013
665.01,0.00026,-0.0008,-0.00079,-0.00076,-0.00031,0.00013
665.35,0.00022,-0.00079,-0.00077,-0.00072,-0.00026,0.00018
665.69,0.00017,-0.00084,-0.00081,-0.00077,-0.00029,0.00013
666.04,0.00012,-0.0008,-0.00083,-0.0008,-0.00026,0.00011
666.38,0.0001,-0.00079,-0.00084,-0.00076,-0.00022,0.00015
666.72,9.00E-05,-0.00078,-0.00086,-0.00075,-0.00019,0.00018
667.06,5.00E-05,-0.00077,-0.00085,-0.00072,-0.00024,0.00019
667.4,3.00E-05,-0.0007,-0.00082,-0.00074,-0.00023,0.00022
667.74,1.00E-05,-0.00064,-0.00085,-0.00073,-0.00023,0.00022
668.08,-1.00E-05,-0.0006,-0.00086,-0.0007,-0.00024,0.00023
668.42,-3.00E-05,-0.00063,-0.00085,-0.0007,-0.00025,0.00025
668.76,-2.00E-05,-0.00061,-0.00087,-0.00072,-0.00026,0.00023
669.1,0,-0.00061,-0.00084,-0.00074,-0.00027,0.00024
669.44,2.00E-05,-0.00063,-0.00082,-0.00075,-0.00029,0.00023
669.79,7.00E-05,-0.0007,-0.00083,-0.00077,-0.00033,0.00018
670.13,0.00014,-0.00073,-0.00078,-0.00076,-0.00032,0.00017
670.47,0.00021,-0.00075,-0.00075,-0.00078,-0.0003,0.00017
670.81,0.00029,-0.00071,-0.00072,-0.00075,-0.00026,0.00022
671.15,0.00033,-0.00076,-0.00066,-0.00077,-0.00026,0.00026
671.49,0.00032,-0.00078,-0.00065,-0.00078,-0.00028,0.00024
671.83,0.00029,-0.00081,-0.00068,-0.00079,-0.00027,0.00023
672.17,0.00023,-0.00085,-0.00071,-0.00079,-0.00027,0.00029
672.51,0.00017,-0.00087,-0.00073,-0.00084,-0.00028,0.00029
672.85,0.00011,-0.00089,-0.00075,-0.00083,-0.0003,0.00033
673.19,2.00E-05,-0.0009,-0.00079,-0.00087,-0.00034,0.0003
673.53,-3.00E-05,-0.00088,-0.00083,-0.00086,-0.00034,0.00029
673.87,-6.00E-05,-0.00089,-0.00091,-0.00087,-0.00033,0.00029
674.21,-9.00E-05,-0.00087,-0.00094,-0.00087,-0.0003,0.00031
674.55,-0.00011,-0.00084,-0.00095,-0.00085,-0.00031,0.00029
674.89,-0.00012,-0.00083,-0.00094,-0.00078,-0.00031,0.00035
675.23,-0.00011,-0.00076,-0.00091,-0.00077,-0.00026,0.00039
675.57,-0.00012,-0.00075,-0.00092,-0.00072,-0.00023,0.00042
675.91,-0.00017,-0.00073,-0.00095,-0.00072,-0.00023,0.00043
676.25,-0.00017,-0.00068,-0.00093,-0.0007,-0.00023,0.00048
676.59,-0.00017,-0.00064,-0.00092,-0.00068,-0.00019,0.00052
676.93,-0.00015,-0.0006,-0.00089,-0.00071,-0.00016,0.00056
677.27,-0.00017,-0.0006,-0.00089,-0.00075,-0.00014,0.00056
677.61,-0.00016,-0.00065,-0.00091,-0.00078,-0.00016,0.00054
677.95,-0.00011,-0.00063,-0.00087,-0.00077,-0.00014,0.00057
678.29,-1.00E-05,-0.00066,-0.00082,-0.0008,-0.00016,0.00058
678.63,6.00E-05,-0.0007,-0.00079,-0.00081,-0.0002,0.00056
678.97,0.00018,-0.00074,-0.00072,-0.0008,-0.00019,0.00056
679.31,0.00022,-0.00077,-0.00069,-0.00079,-0.00017,0.00056
679.65,0.00025,-0.00079,-0.00069,-0.00078,-0.00018,0.00055
679.98,0.00024,-0.00085,-0.00069,-0.00079,-0.00018,0.00054
680.32,0.0002,-0.00091,-0.00072,-0.00085,-0.00021,0.00053
680.66,0.00014,-0.00092,-0.00072,-0.00084,-0.00017,0.00054
681,9.00E-05,-0.00095,-0.00072,-0.00085,-8.00E-05,0.00061
681.34,-6.00E-05,-0.00097,-0.0008,-0.00091,-0.0001,0.00058
681.68,-0.00016,-0.00097,-0.00086,-0.00094,-0.0001,0.00057
682.02,-0.00017,-0.00097,-0.00089,-0.00093,-6.00E-05,0.00058
682.36,-0.00018,-0.00093,-0.00089,-0.00089,-3.00E-05,0.0006
682.7,-0.00019,-0.00091,-0.00091,-0.00084,0,0.0006
683.04,-0.00021,-0.00086,-0.00093,-0.0008,1.00E-05,0.00065
683.38,-0.0002,-0.00082,-0.00094,-0.00074,4.00E-05,0.0007
683.71,-0.00021,-0.00083,-0.00099,-0.00074,5.00E-05,0.0007
684.05,-0.0002,-0.0008,-0.00098,-0.00068,8.00E-05,0.00076
684.39,-0.00019,-0.00073,-0.00094,-0.00064,0.0001,0.00082
684.73,-0.00021,-0.00071,-0.00097,-0.00062,5.00E-05,0.00087
685.07,-0.00019,-0.00069,-0.00094,-0.00062,3.00E-05,0.00088
685.41,-0.00016,-0.00071,-0.00092,-0.00063,7.00E-05,0.00087
685.75,-0.00016,-0.00071,-0.00094,-0.00066,2.00E-05,0.00088
686.09,-0.00013,-0.0007,-0.00091,-0.00065,1.00E-05,0.00095
686.42,-9.00E-05,-0.00072,-0.00089,-0.00067,-2.00E-05,0.00097
686.76,-5.00E-05,-0.00075,-0.00091,-0.00068,-5.00E-05,0.00098
687.1,0,-0.00078,-0.00089,-0.00075,0,0.00098
687.44,0,-0.00084,-0.0009,-0.00078,2.00E-05,0.00104
687.78,5.00E-05,-0.00085,-0.00093,-0.0008,0,0.0011
688.12,7.00E-05,-0.00091,-0.00089,-0.00081,2.00E-05,0.00111
688.45,0.00011,-0.00091,-0.00085,-0.00081,5.00E-05,0.00114
688.79,0.00012,-0.00092,-0.00084,-0.00082,5.00E-05,0.00116
689.13,3.00E-05,-0.00097,-0.00085,-0.00087,6.00E-05,0.00117
689.47,0,-0.00099,-0.00085,-0.00084,7.00E-05,0.0012
689.81,-4.00E-05,-0.00098,-0.00089,-0.00084,8.00E-05,0.00121
690.14,-9.00E-05,-0.00103,-0.00089,-0.00084,0.00011,0.00122
690.48,-0.00012,-0.00098,-0.00088,-0.0008,0.00017,0.00129
690.82,-0.00013,-0.00101,-0.00091,-0.00077,0.00017,0.00129
691.16,-0.00011,-0.001,-0.00088,-0.00073,0.00025,0.00136
691.5,-5.00E-05,-0.00097,-0.00085,-0.00068,0.00027,0.00141
691.83,-6.00E-05,-0.001,-0.00088,-0.00071,0.00026,0.00145
692.17,-6.00E-05,-0.00098,-0.00085,-0.00067,0.00031,0.00151
692.51,-5.00E-05,-0.00088,-0.00081,-0.00062,0.00036,0.00158
692.85,-7.00E-05,-0.0009,-0.00087,-0.00064,0.00035,0.00153
693.18,-8.00E-05,-0.00084,-0.00087,-0.00067,0.00037,0.00157
693.52,-0.00016,-0.00082,-0.00094,-0.00071,0.00036,0.00155
693.86,-0.00025,-0.00083,-0.00102,-0.00078,0.00036,0.00156
694.2,-0.00025,-0.0008,-0.001,-0.00077,0.00036,0.00158
694.53,-0.00027,-0.00081,-0.00105,-0.00081,0.00033,0.00156
694.87,-0.00024,-0.00083,-0.00109,-0.00085,0.00031,0.00158
695.21,-0.0002,-0.00084,-0.00105,-0.00082,0.00034,0.00164
695.55,-0.00014,-0.00086,-0.00104,-0.00082,0.00037,0.00169
695.88,-6.00E-05,-0.0009,-0.00096,-0.00077,0.00041,0.00176
696.22,5.00E-05,-0.00089,-0.00089,-0.00075,0.00045,0.00182
696.56,0.00015,-0.00087,-0.00083,-0.00071,0.00054,0.00186
696.9,0.00021,-0.00085,-0.00076,-0.00067,0.00061,0.00194
697.23,0.00018,-0.00092,-0.00076,-0.00068,0.00061,0.00196
697.57,0.00016,-0.00091,-0.00073,-0.00074,0.00063,0.00198
697.91,0.00012,-0.00092,-0.00075,-0.00074,0.00067,0.00199
698.24,6.00E-05,-0.00091,-0.00078,-0.00075,0.00067,0.00203
698.58,3.00E-05,-0.00092,-0.00078,-0.00071,0.00076,0.00213
698.92,-6.00E-05,-0.00092,-0.00084,-0.0007,0.00077,0.00216
699.25,-7.00E-05,-0.0009,-0.00085,-0.0007,0.0008,0.00222
699.59,-0.00013,-0.00091,-0.00089,-0.00069,0.00086,0.00227
699.93,-0.00018,-0.00087,-0.00095,-0.00068,0.00089,0.0023
700.26,-0.00024,-0.00089,-0.00095,-0.00069,0.00089,0.0024
700.6,-0.00021,-0.00086,-0.00096,-0.00071,0.00089,0.00246
700.94,-0.00026,-0.00089,-0.00099,-0.00073,0.00084,0.00243
701.27,-0.00028,-0.00091,-0.001,-0.00076,0.00086,0.00249
701.61,-0.0003,-0.00093,-0.00103,-0.00076,0.00082,0.00254
701.95,-0.00034,-0.00091,-0.00106,-0.00077,0.00079,0.00257
702.28,-0.00032,-0.00088,-0.00103,-0.0007,0.00085,0.00268
702.62,-0.00026,-0.0008,-0.00096,-0.00061,0.00094,0.00273
702.96,-0.00029,-0.00082,-0.00101,-0.00059,0.00098,0.00276
703.29,-0.0003,-0.00074,-0.00102,-0.0006,0.00102,0.00281
703.63,-0.00026,-0.00068,-0.00097,-0.00053,0.00104,0.0029
703.96,-0.00027,-0.00071,-0.00097,-0.00056,0.00107,0.00292
704.3,-0.00018,-0.0007,-0.00089,-0.00051,0.00119,0.00301
704.64,-0.00013,-0.00076,-0.00087,-0.00049,0.0012,0.00306
704.97,-0.00014,-0.00083,-0.00095,-0.00054,0.00116,0.0031
705.31,-9.00E-05,-0.00084,-0.00092,-0.00054,0.00119,0.00314
705.64,-3.00E-05,-0.00088,-0.00092,-0.00052,0.00125,0.00319
705.98,-4.00E-05,-0.00092,-0.00092,-0.00053,0.0013,0.00323
706.32,2.00E-05,-0.0009,-0.00094,-0.0005,0.00137,0.00333
706.65,1.00E-05,-0.00091,-0.00095,-0.00048,0.00141,0.00338
706.99,1.00E-05,-0.00089,-0.00098,-0.00051,0.00144,0.00342
707.32,-2.00E-05,-0.0009,-0.00097,-0.00052,0.00148,0.00347
707.66,-4.00E-05,-0.00092,-0.00093,-0.00053,0.00156,0.00358
707.99,-0.00011,-0.00095,-0.00096,-0.00058,0.00153,0.00363
708.33,-8.00E-05,-0.00092,-0.00093,-0.00055,0.00158,0.00374
708.67,-0.00011,-0.00087,-0.00089,-0.00052,0.00167,0.00377
709,-8.00E-05,-0.00081,-0.00087,-0.0005,0.00174,0.00392
709.34,-0.00014,-0.00084,-0.0009,-0.00051,0.00171,0.00396
709.67,-0.0001,-0.00081,-0.00088,-0.00049,0.00175,0.00404
710.01,-0.00015,-0.00077,-0.00092,-0.00049,0.00174,0.00407
710.34,-0.00016,-0.0008,-0.00091,-0.00045,0.00182,0.00412
710.68,-0.00017,-0.00083,-0.00096,-0.00049,0.00187,0.00416
711.01,-0.00021,-0.00086,-0.00101,-0.00048,0.0019,0.00421
711.35,-0.00029,-0.00091,-0.00104,-0.00055,0.00186,0.00417
711.68,-0.0003,-0.00089,-0.00105,-0.00056,0.00192,0.00423
712.02,-0.00032,-0.00087,-0.00109,-0.00054,0.00196,0.00435
712.35,-0.00034,-0.00085,-0.00105,-0.00048,0.00201,0.00443
712.69,-0.00032,-0.00082,-0.00106,-0.00045,0.00206,0.00452
713.02,-0.00035,-0.00081,-0.00105,-0.0004,0.00209,0.00454
713.36,-0.00035,-0.00078,-0.00104,-0.00041,0.00209,0.00463
713.69,-0.0004,-0.00078,-0.00107,-0.00042,0.00211,0.00469
714.03,-0.00036,-0.00074,-0.00102,-0.00036,0.00212,0.00477
714.36,-0.00032,-0.00076,-0.001,-0.00034,0.00214,0.00476
714.7,-0.00021,-0.00077,-0.00099,-0.00032,0.00217,0.0048
715.03,-0.00015,-0.00075,-0.00097,-0.0003,0.00218,0.00484
715.37,-0.00012,-0.00078,-0.00093,-0.00036,0.00222,0.00492
715.7,-8.00E-05,-0.00078,-0.00091,-0.00037,0.00221,0.00494
716.04,1.00E-05,-0.00077,-0.00086,-0.00033,0.00227,0.00498
716.37,2.00E-05,-0.00081,-0.00086,-0.00036,0.00238,0.00505
716.7,3.00E-05,-0.0008,-0.00082,-0.00032,0.00244,0.00518
717.04,-8.00E-05,-0.00081,-0.00081,-0.00033,0.0025,0.00525
717.37,-0.00015,-0.00083,-0.00082,-0.00036,0.00256,0.00533
717.71,-0.00023,-0.00083,-0.00088,-0.00028,0.00259,0.00538
718.04,-0.0003,-0.00087,-0.00091,-0.00025,0.00268,0.00545
718.38,-0.00039,-0.00089,-0.00098,-0.00027,0.0027,0.00558
718.71,-0.00042,-0.00087,-0.00098,-0.00025,0.00267,0.00568
719.04,-0.00049,-0.00091,-0.00101,-0.00033,0.0027,0.00577
719.38,-0.00047,-0.00093,-0.00108,-0.00035,0.00269,0.00583
719.71,-0.00043,-0.00093,-0.00108,-0.00039,0.00271,0.0059
720.05,-0.00042,-0.00093,-0.00108,-0.00041,0.00271,0.006
720.38,-0.00041,-0.00095,-0.00108,-0.00045,0.0027,0.00606
720.71,-0.00033,-0.00089,-0.00101,-0.00036,0.00281,0.00619
721.05,-0.00032,-0.00091,-0.00105,-0.00037,0.00285,0.00627
721.38,-0.00027,-0.00086,-0.00105,-0.00027,0.0029,0.0063
721.72,-0.00025,-0.00078,-0.00099,-0.00022,0.00299,0.0064
722.05,-0.00023,-0.00071,-0.00095,-0.00014,0.00307,0.00651
722.38,-0.00026,-0.00066,-0.00091,-0.0001,0.00312,0.00657
722.72,-0.0002,-0.00055,-0.0009,-8.00E-05,0.00322,0.00667
723.05,-0.00018,-0.00057,-0.0009,-9.00E-05,0.00321,0.00668
723.38,-0.00011,-0.00045,-0.00082,-3.00E-05,0.00333,0.00673
723.72,-0.00015,-0.00044,-0.00087,-0.00011,0.00331,0.00679
724.05,-0.00017,-0.00045,-0.0009,-0.00013,0.00331,0.00676
724.38,-0.00014,-0.00046,-0.0009,-8.00E-05,0.0034,0.00682
724.72,-7.00E-05,-0.00049,-0.00091,-0.0001,0.00343,0.0069
725.05,-2.00E-05,-0.00055,-0.0009,-4.00E-05,0.00349,0.00695
725.38,1.00E-05,-0.00059,-0.00089,-7.00E-05,0.00354,0.00701
725.72,-2.00E-05,-0.00068,-0.00092,-0.00011,0.00353,0.00705
726.05,-5.00E-05,-0.00072,-0.00089,-1.00E-05,0.0036,0.00707
726.38,3.00E-05,-0.00075,-0.00086,6.00E-05,0.00374,0.00724
726.72,4.00E-05,-0.00071,-0.00083,6.00E-05,0.00377,0.00732
727.05,0,-0.00071,-0.0008,9.00E-05,0.00385,0.00737
727.38,-6.00E-05,-0.00068,-0.00078,0.0001,0.00386,0.00745
727.71,-0.00015,-0.00073,-0.00079,8.00E-05,0.0039,0.00748
728.05,-0.0002,-0.00073,-0.00083,0.0001,0.00396,0.00755
728.38,-0.00023,-0.00076,-0.00088,0,0.00393,0.00759
728.71,-0.00031,-0.00077,-0.00094,-4.00E-05,0.0039,0.0077
729.05,-0.00034,-0.00083,-0.00098,-4.00E-05,0.00393,0.0078
729.38,-0.00035,-0.00083,-0.00101,-3.00E-05,0.00397,0.00788
729.71,-0.00033,-0.00085,-0.00097,4.00E-05,0.00402,0.00802
730.04,-0.00038,-0.00079,-0.001,7.00E-05,0.00406,0.00808
730.38,-0.0004,-0.00072,-0.00097,9.00E-05,0.00414,0.00815
730.71,-0.00035,-0.00068,-0.00098,0.00016,0.00428,0.00833
731.04,-0.00037,-0.00065,-0.0009,0.00019,0.00437,0.0084
731.37,-0.00046,-0.00064,-0.00091,0.00015,0.00437,0.00843
731.71,-0.00044,-0.0006,-0.00092,0.00016,0.00443,0.0085
732.04,-0.00042,-0.00054,-0.00092,0.00017,0.00449,0.00853
732.37,-0.00037,-0.00048,-0.00092,0.00019,0.00458,0.00867
732.7,-0.00036,-0.0005,-0.00095,0.00023,0.00458,0.00878
733.04,-0.00036,-0.00044,-0.00088,0.00026,0.00463,0.00884
733.37,-0.00034,-0.00038,-0.00091,0.00026,0.00463,0.00888
733.7,-0.00029,-0.00037,-0.00089,0.00031,0.00467,0.00896
734.03,-0.00032,-0.00036,-0.00091,0.00029,0.00466,0.00904
734.36,-0.00038,-0.00046,-0.00097,0.00027,0.00465,0.00909
734.7,-0.00034,-0.00049,-0.00096,0.0003,0.00467,0.0091
735.03,-0.00033,-0.00053,-0.00101,0.00023,0.00467,0.0091
735.36,-0.00029,-0.00052,-0.00101,0.00025,0.00471,0.00916
735.69,-0.00024,-0.0006,-0.00101,0.00023,0.00482,0.00919
736.02,-0.00016,-0.0006,-0.00099,0.00023,0.00492,0.00926
736.35,-0.0001,-0.00062,-0.00102,0.00026,0.00498,0.00926
736.69,-6.00E-05,-0.00056,-0.00095,0.00025,0.00504,0.00936
737.02,-0.00013,-0.00058,-0.00096,0.00025,0.00503,0.00939
737.35,-4.00E-05,-0.00055,-0.00086,0.00031,0.00514,0.0095
737.68,-9.00E-05,-0.00063,-0.00085,0.00028,0.00514,0.00954
738.01,-0.00016,-0.0006,-0.00087,0.00032,0.00516,0.00958
738.34,-0.00025,-0.00065,-0.0009,0.00033,0.00515,0.00959
738.68,-0.00031,-0.00065,-0.00083,0.00033,0.00518,0.00967
739.01,-0.00034,-0.00062,-0.00088,0.00032,0.00521,0.00969
739.34,-0.00032,-0.00064,-0.0009,0.00034,0.00528,0.00981
739.67,-0.00043,-0.00071,-0.00097,0.0003,0.00528,0.00982
740,-0.00045,-0.00067,-0.00097,0.00033,0.00534,0.0099
740.33,-0.00048,-0.00074,-0.00098,0.00034,0.00537,0.00998
740.66,-0.00049,-0.00071,-0.00097,0.00034,0.00541,0.0101
740.99,-0.00048,-0.00074,-0.00099,0.00038,0.00545,0.01022
741.32,-0.00053,-0.00086,-0.00101,0.0004,0.00546,0.01022
741.66,-0.00055,-0.00083,-0.00095,0.00034,0.00549,0.01029
741.99,-0.00046,-0.0008,-0.00091,0.00039,0.00556,0.01035
742.32,-0.00049,-0.0008,-0.00095,0.00039,0.00559,0.01037
742.65,-0.00041,-0.00074,-0.00088,0.00034,0.0056,0.01044
742.98,-0.00039,-0.00069,-0.00087,0.00034,0.00561,0.01051
743.31,-0.00032,-0.00059,-0.00084,0.00036,0.00575,0.01059
743.64,-0.00023,-0.00043,-0.00078,0.00043,0.00586,0.01076
743.97,-0.00024,-0.00039,-0.00081,0.00047,0.0059,0.01086
744.3,-0.00028,-0.00036,-0.00083,0.00049,0.00592,0.01104
744.63,-0.00023,-0.00034,-0.00079,0.00049,0.00594,0.01115
744.96,-0.00026,-0.00028,-0.00083,0.00057,0.00605,0.01125
745.29,-0.00021,-0.00031,-0.00083,0.00064,0.00614,0.01134
745.62,-0.00028,-0.00034,-0.00087,0.00057,0.00607,0.01138
745.95,-0.00027,-0.00035,-0.00088,0.00054,0.00606,0.01143
746.28,-0.00026,-0.00036,-0.00089,0.00054,0.0061,0.01141
746.61,-0.0002,-0.0004,-0.00085,0.00062,0.00609,0.0114
746.94,-0.00017,-0.0004,-0.00084,0.00067,0.00611,0.01141
747.28,-8.00E-05,-0.00045,-0.00082,0.00067,0.00609,0.01146
747.61,-0.00016,-0.0005,-0.00083,0.00061,0.006,0.01144
747.94,-0.00011,-0.00056,-0.0008,0.00061,0.0061,0.01143
748.27,-9.00E-05,-0.00057,-0.00076,0.00071,0.00618,0.01154
748.6,-0.0001,-0.00056,-0.00077,0.00071,0.00621,0.01156
748.93,-0.00018,-0.0006,-0.00084,0.0006,0.00624,0.01157
749.26,-0.00028,-0.00066,-0.00084,0.00055,0.00628,0.01163
749.58,-0.0004,-0.00069,-0.00082,0.00055,0.00636,0.01166
749.91,-0.0004,-0.00067,-0.00081,0.00056,0.00641,0.01172
750.24,-0.00044,-0.00063,-0.00076,0.00066,0.00641,0.01182
750.57,-0.00053,-0.00066,-0.00085,0.00062,0.00643,0.01185
750.9,-0.00055,-0.00071,-0.00083,0.00062,0.0064,0.01189
751.23,-0.00057,-0.00072,-0.0008,0.00062,0.00645,0.01196
751.56,-0.00054,-0.00073,-0.00081,0.00071,0.00652,0.01198
751.89,-0.00053,-0.00079,-0.00095,0.00068,0.00646,0.01195
752.22,-0.00049,-0.00075,-0.00098,0.00071,0.00653,0.01205
752.55,-0.00054,-0.00082,-0.00107,0.00063,0.0065,0.01201
752.88,-0.00055,-0.00088,-0.00106,0.00061,0.00652,0.012
753.21,-0.00054,-0.00083,-0.00102,0.00067,0.00663,0.01211
753.54,-0.00055,-0.00078,-0.00104,0.0007,0.00655,0.01213
753.87,-0.00056,-0.00073,-0.00104,0.00069,0.00652,0.01216
754.2,-0.00058,-0.00062,-0.00095,0.00073,0.00659,0.01227
754.53,-0.00065,-0.00065,-0.00098,0.00064,0.0066,0.01221
754.86,-0.00056,-0.00054,-0.00092,0.00077,0.00672,0.01239
755.19,-0.00058,-0.00052,-0.00094,0.00074,0.00671,0.01241
755.51,-0.00059,-0.00051,-0.00102,0.0007,0.00669,0.0124
755.84,-0.00051,-0.00039,-0.0009,0.00074,0.0069,0.01261
756.17,-0.00048,-0.00032,-0.0009,0.00079,0.00701,0.01271
756.5,-0.00046,-0.00026,-0.00089,0.0008,0.00704,0.01275
756.83,-0.0004,-0.00012,-0.00081,0.00091,0.00717,0.01293
757.16,-0.00045,-0.00018,-0.00087,0.00081,0.00709,0.01288
757.49,-0.00042,-0.00013,-0.00082,0.00082,0.00716,0.01298
757.82,-0.00039,-0.00012,-0.00077,0.00085,0.0072,0.01306
758.14,-0.0004,-0.00019,-0.00083,0.00087,0.00718,0.01298
758.47,-0.00035,-0.00029,-0.0009,0.00078,0.00713,0.01303
758.8,-0.00032,-0.00034,-0.00088,0.00087,0.00717,0.01315
759.13,-0.00032,-0.0005,-0.00093,0.00084,0.00709,0.01313
759.46,-0.00027,-0.00049,-0.00093,0.00087,0.00707,0.01321
759.79,-0.00028,-0.00052,-0.00091,0.00088,0.00704,0.01327
760.12,-0.00032,-0.00057,-0.00097,0.00084,0.00703,0.01329
760.44,-0.00036,-0.00066,-0.00106,0.00081,0.00701,0.01331
760.77,-0.00041,-0.00061,-0.00105,0.00086,0.00703,0.01333
761.1,-0.00039,-0.00061,-0.00108,0.00082,0.00706,0.01337
761.43,-0.00044,-0.00062,-0.00113,0.00085,0.00709,0.01344
761.76,-0.00049,-0.00063,-0.00107,0.00085,0.00717,0.01343
762.08,-0.00051,-0.00064,-0.00105,0.00086,0.00723,0.01349
762.41,-0.00051,-0.00058,-0.00104,0.00085,0.00732,0.01355
762.74,-0.00051,-0.00052,-0.00093,0.00091,0.00742,0.01364
763.07,-0.00057,-0.00058,-0.00094,0.0009,0.0074,0.01366
763.4,-0.00057,-0.00059,-0.00087,0.00087,0.0074,0.01366
763.72,-0.00059,-0.00053,-0.0008,0.0009,0.00755,0.0137
764.05,-0.00057,-0.00046,-0.00082,0.00098,0.00766,0.01381
764.38,-0.00059,-0.00047,-0.00086,0.001,0.00768,0.01381
764.71,-0.00056,-0.00056,-0.00084,0.00107,0.00763,0.01378
765.04,-0.0006,-0.00063,-0.00094,0.00101,0.00764,0.01382
765.36,-0.0005,-0.00053,-0.0008,0.00112,0.00781,0.01393
765.69,-0.00055,-0.00053,-0.00086,0.00115,0.00789,0.01395
766.02,-0.00058,-0.00059,-0.00092,0.00106,0.00778,0.01388
766.35,-0.00068,-0.00067,-0.00099,0.00099,0.00768,0.01374
766.67,-0.00069,-0.0007,-0.00105,0.001,0.00767,0.01377
767,-0.00071,-0.00063,-0.00102,0.00105,0.00775,0.01393
767.33,-0.00074,-0.00061,-0.00107,0.00109,0.00769,0.0139
767.65,-0.00085,-0.00072,-0.00125,0.00091,0.00759,0.01383
767.98,-0.00084,-0.00073,-0.00124,0.0009,0.00756,0.01388
768.31,-0.00079,-0.00064,-0.00121,0.00104,0.00764,0.01398
768.64,-0.00071,-0.0006,-0.00113,0.00109,0.00767,0.01417
768.96,-0.00074,-0.0005,-0.00119,0.0011,0.00774,0.01407
769.29,-0.00075,-0.00055,-0.0012,0.0011,0.00768,0.014
769.62,-0.0008,-0.00044,-0.00112,0.0011,0.00768,0.01408
769.94,-0.00082,-0.00039,-0.00112,0.00111,0.00769,0.01407
770.27,-0.00085,-0.00038,-0.00119,0.00109,0.00769,0.01401
770.6,-0.00086,-0.00049,-0.00129,0.00088,0.00761,0.01402
770.92,-0.00077,-0.00053,-0.00135,0.00079,0.00767,0.01396
771.25,-0.00068,-0.00054,-0.00126,0.00079,0.00773,0.01405
771.58,-0.00061,-0.0005,-0.00132,0.00067,0.00778,0.01415
771.9,-0.0005,-0.00059,-0.00135,0.00067,0.00786,0.01421
772.23,-0.00044,-0.00063,-0.00128,0.0007,0.00792,0.01429
772.56,-0.00045,-0.00063,-0.00123,0.00069,0.00797,0.01434
772.88,-0.00038,-0.00054,-0.00116,0.00079,0.00802,0.01444
773.21,-0.00046,-0.00058,-0.00115,0.00084,0.00799,0.01448
773.54,-0.0005,-0.00064,-0.00117,0.00077,0.00791,0.01449
773.86,-0.00057,-0.00063,-0.00113,0.00083,0.00797,0.01448
774.19,-0.0006,-0.00065,-0.0011,0.00086,0.00796,0.01451
774.52,-0.00056,-0.00062,-0.00113,0.00094,0.00799,0.01456
774.84,-0.00052,-0.00072,-0.00115,0.00091,0.00797,0.01459
775.17,-0.00062,-0.00081,-0.00111,0.00084,0.00796,0.01457
775.5,-0.00068,-0.00077,-0.00106,0.00088,0.00803,0.01468
775.82,-0.00071,-0.00083,-0.00112,0.00087,0.008,0.01475
776.15,-0.00073,-0.00087,-0.0011,0.00092,0.00804,0.01479
776.47,-0.00075,-0.00089,-0.00114,0.00087,0.00807,0.01475
776.8,-0.00092,-0.00089,-0.0011,0.00082,0.0081,0.01479
777.12,-0.001,-0.00084,-0.00114,0.00089,0.00808,0.01482
777.45,-0.00102,-0.00091,-0.0012,0.001,0.00813,0.01483
777.78,-0.00096,-0.00091,-0.00127,0.00104,0.0081,0.01488
778.1,-0.00097,-0.00091,-0.00128,0.00108,0.00819,0.01491
778.43,-0.00101,-0.00092,-0.00131,0.001,0.00814,0.01489
778.75,-0.00094,-0.00089,-0.00132,0.00105,0.00821,0.015
779.08,-0.00093,-0.00095,-0.00142,0.00103,0.00814,0.01498
779.4,-0.00105,-0.001,-0.00157,0.00095,0.00808,0.01502
779.73,-0.00107,-0.00091,-0.00159,0.00091,0.00809,0.015
780.06,-0.00114,-0.00088,-0.00158,0.00084,0.00812,0.01497
780.38,-0.00115,-0.00081,-0.00152,0.00087,0.00819,0.01505
780.71,-0.00122,-0.00084,-0.00156,0.00088,0.00808,0.01504
781.03,-0.00135,-0.00093,-0.00161,0.00077,0.00794,0.01502
781.36,-0.00128,-0.00089,-0.0016,0.00078,0.00792,0.01505
781.68,-0.00061,-0.00026,-0.0009,0.00144,0.00849,0.01555
782.01,-0.0006,-0.00023,-0.00093,0.00141,0.00848,0.01559
782.33,-0.00064,-0.00026,-0.00095,0.00138,0.00842,0.01556
782.66,-0.00064,-0.00029,-0.00097,0.00135,0.00833,0.01553
782.98,-0.00057,-0.00021,-0.00087,0.00137,0.0085,0.01554
783.31,-0.0005,-6.00E-05,-0.00077,0.00146,0.00861,0.01556
783.63,-0.00046,8.00E-05,-0.00072,0.00154,0.00877,0.01568
783.96,-0.001,-0.00055,-0.0013,0.00091,0.00831,0.01518
784.28,-0.00096,-0.00058,-0.00124,0.00096,0.00832,0.0152
784.61,-0.00086,-0.00055,-0.00116,0.0011,0.00842,0.01531
784.93,-0.00083,-0.00062,-0.00125,0.00112,0.00853,0.0153
785.26,-0.00086,-0.0007,-0.00142,0.00107,0.00843,0.01536
785.58,-0.00078,-0.00072,-0.0014,0.00107,0.00845,0.01535
785.91,-0.00092,-0.00082,-0.00142,0.00093,0.00835,0.01526
786.23,-0.00087,-0.00077,-0.00144,0.0009,0.00827,0.01526
786.56,-0.00098,-0.0008,-0.00148,0.00078,0.00831,0.01532
786.88,-0.00106,-0.00092,-0.00156,0.00063,0.00826,0.01527
787.2,-0.0011,-0.00097,-0.00143,0.00063,0.00828,0.01531
787.53,-0.00113,-0.00094,-0.00137,0.00066,0.00827,0.0152
787.85,-0.0013,-0.00105,-0.00153,0.00058,0.00826,0.01519
788.18,-0.00118,-0.001,-0.00138,0.00075,0.00832,0.0152
788.5,-0.0012,-0.00103,-0.00133,0.00084,0.0084,0.01529
788.83,-0.0011,-0.00101,-0.00121,0.00098,0.00848,0.01529
789.15,-0.00107,-0.00104,-0.00113,0.001,0.00846,0.01527
789.47,-0.00115,-0.001,-0.00118,0.00095,0.00843,0.01524
789.8,-0.00104,-0.001,-0.00115,0.001,0.00852,0.01539
790.12,-0.00091,-0.00095,-0.00091,0.00118,0.00855,0.01552
790.45,-0.00094,-0.00098,-0.00109,0.00109,0.00855,0.01559
790.77,-0.00112,-0.00108,-0.00125,0.00097,0.00844,0.0155
791.09,-0.00118,-0.00106,-0.00133,0.00092,0.00836,0.01546
791.42,-0.00125,-0.00099,-0.00139,0.00084,0.00843,0.01548
791.74,-0.00116,-0.0009,-0.00136,0.00088,0.00846,0.01563
792.06,-0.00121,-0.00084,-0.00137,0.00093,0.00853,0.01572
792.39,-0.00122,-0.00089,-0.00157,0.00085,0.00846,0.01569
792.71,-0.00117,-0.0008,-0.00142,0.00091,0.00863,0.01579
793.04,-0.00102,-0.00072,-0.00136,0.001,0.00881,0.01595
793.36,-0.00104,-0.00084,-0.00139,0.00099,0.00883,0.01601
793.68,-0.00099,-0.00078,-0.00143,0.00112,0.00891,0.01607
794.01,-0.00107,-0.00083,-0.00154,0.00115,0.00892,0.01609
794.33,-0.00107,-0.00084,-0.00151,0.00112,0.00894,0.01606
794.65,-0.00119,-0.00086,-0.0015,0.00109,0.009,0.01608
794.98,-0.00131,-0.00094,-0.00154,0.00099,0.00888,0.01606
795.3,-0.00132,-0.00097,-0.00149,0.00091,0.00885,0.01607
795.62,-0.00131,-0.0008,-0.00152,0.00095,0.00893,0.01625
795.94,-0.00134,-0.00085,-0.00154,0.0009,0.00878,0.01629
796.27,-0.00129,-0.00093,-0.00149,0.00091,0.00869,0.01622
796.59,-0.0013,-0.00091,-0.00154,0.00088,0.0087,0.01626
796.91,-0.00113,-0.00077,-0.00144,0.00096,0.00878,0.01627
797.24,-0.00111,-0.00077,-0.00153,0.00106,0.00874,0.01627
797.56,-0.0011,-0.00078,-0.00155,0.00112,0.00873,0.01619
797.88,-0.00098,-0.00072,-0.00142,0.00119,0.00877,0.01617
798.21,-0.00096,-0.00075,-0.00146,0.00112,0.00886,0.01619
798.53,-0.00089,-0.00067,-0.00147,0.00107,0.00891,0.01631
798.85,-0.00081,-0.00073,-0.00148,0.00098,0.00887,0.01626
799.17,-0.00091,-0.00086,-0.00161,0.00082,0.0088,0.01629
799.5,-0.00089,-0.00088,-0.00158,0.00079,0.00884,0.01628
799.82,-0.00091,-0.00081,-0.00155,0.00083,0.0089,0.01634
800.14,-0.0009,-0.00099,-0.00161,0.00074,0.0089,0.0163
800.46,-0.00087,-0.00097,-0.00156,0.00072,0.00897,0.01628
800.79,-0.00094,-0.00093,-0.00161,0.00075,0.00905,0.01624
801.11,-0.00098,-0.00092,-0.00152,0.00083,0.00904,0.01627
801.43,-0.00101,-0.00093,-0.0015,0.00091,0.009,0.01621
801.75,-0.00092,-0.00087,-0.00146,0.00091,0.00901,0.01633
802.07,-0.00089,-0.00095,-0.00146,0.00084,0.0091,0.01631
802.4,-0.0011,-0.00094,-0.00163,0.00081,0.00899,0.0162
802.72,-0.00107,-0.00096,-0.00155,0.00096,0.00895,0.01627
803.04,-0.00111,-0.00109,-0.00153,0.00092,0.00885,0.01623
803.36,-0.00112,-0.00115,-0.00149,0.00096,0.00885,0.01628
803.68,-0.00119,-0.00117,-0.00148,0.00098,0.00891,0.01634
804.01,-0.00134,-0.0012,-0.00153,0.00101,0.00893,0.01626
804.33,-0.00142,-0.00119,-0.00152,0.00102,0.00882,0.01632
804.65,-0.00136,-0.00125,-0.0014,0.00099,0.00882,0.01637
804.97,-0.00139,-0.00127,-0.00144,0.00097,0.00887,0.01634
805.29,-0.00135,-0.0011,-0.00138,0.00109,0.00893,0.0164
805.62,-0.00137,-0.00113,-0.00142,0.00097,0.00891,0.01629
805.94,-0.00137,-0.00111,-0.00141,0.0009,0.00889,0.0162
806.26,-0.00138,-0.00124,-0.00157,0.00075,0.00881,0.01614
806.58,-0.00138,-0.00129,-0.00155,0.0007,0.00876,0.0161
806.9,-0.00143,-0.00129,-0.00162,0.00081,0.00879,0.01619
807.22,-0.00158,-0.00123,-0.00166,0.00082,0.00882,0.0163
807.54,-0.00169,-0.0014,-0.00173,0.00065,0.00879,0.0162
807.87,-0.00182,-0.0014,-0.00187,0.0007,0.00885,0.01627
808.19,-0.0018,-0.00142,-0.00197,0.00071,0.0089,0.01631
808.51,-0.00183,-0.00142,-0.00195,0.00078,0.00891,0.01632
808.83,-0.0018,-0.00147,-0.00207,0.00081,0.0089,0.01638
809.15,-0.00167,-0.00139,-0.00199,0.00078,0.00893,0.0164
809.47,-0.0017,-0.00148,-0.00199,0.00073,0.00874,0.01623
809.79,-0.00159,-0.00148,-0.00201,0.00082,0.00879,0.01623
810.11,-0.00156,-0.00139,-0.00197,0.0008,0.00873,0.01634
810.43,-0.00163,-0.00134,-0.00199,0.0007,0.00871,0.01638
810.76,-0.00182,-0.00139,-0.00194,0.0007,0.00873,0.01635
811.08,-0.00189,-0.00126,-0.00189,0.00065,0.00878,0.01642
811.4,-0.00189,-0.00127,-0.00196,0.00061,0.00883,0.01641
811.72,-0.00176,-0.00124,-0.00202,0.00062,0.00897,0.01649
812.04,-0.00193,-0.00123,-0.00212,0.00055,0.00895,0.01652
812.36,-0.0019,-0.00133,-0.00215,0.00057,0.00903,0.01655
812.68,-0.00186,-0.0014,-0.00212,0.00062,0.00898,0.01666
813,-0.00163,-0.00134,-0.00219,0.00058,0.00884,0.01675
813.32,-0.00154,-0.00145,-0.00233,0.00064,0.00874,0.01671
813.64,-0.00166,-0.00156,-0.00229,0.0006,0.00874,0.01674
813.96,-0.00176,-0.00155,-0.00226,0.00049,0.00863,0.01677
814.28,-0.00154,-0.00149,-0.00211,0.00059,0.00858,0.01687
814.6,-0.00152,-0.00141,-0.00216,0.00057,0.00848,0.01682
814.92,-0.0015,-0.00142,-0.0021,0.00061,0.00853,0.01675
815.24,-0.00153,-0.00144,-0.0021,0.00055,0.00866,0.01671
815.56,-0.0016,-0.00149,-0.00204,0.00041,0.00875,0.01669
815.88,-0.00145,-0.00136,-0.002,0.00058,0.00883,0.01678
816.2,-0.00138,-0.00135,-0.00205,0.00063,0.0089,0.01679
816.52,-0.00152,-0.00145,-0.00212,0.00042,0.00889,0.01669
816.84,-0.00167,-0.00168,-0.00223,0.00034,0.00882,0.01663
817.16,-0.00156,-0.00172,-0.00229,0.00039,0.00883,0.01682
817.48,-0.00154,-0.00165,-0.00223,0.00054,0.00879,0.01682
817.8,-0.00151,-0.00161,-0.00216,0.00058,0.00875,0.0168
818.12,-0.00173,-0.00174,-0.00223,0.00043,0.00863,0.01665
818.44,-0.00175,-0.0017,-0.00221,0.00049,0.00857,0.01667
818.76,-0.00197,-0.0018,-0.00237,0.00048,0.00848,0.01658
819.08,-0.00188,-0.0016,-0.0022,0.0006,0.00865,0.01669
819.4,-0.00207,-0.00164,-0.00222,0.0005,0.00859,0.01657
819.72,-0.00217,-0.00174,-0.00231,0.00034,0.00865,0.01666
820.04,-0.00221,-0.00181,-0.00226,0.00031,0.00867,0.01679
820.36,-0.00211,-0.00178,-0.00224,0.00033,0.00866,0.01686
820.68,-0.00221,-0.00194,-0.00228,0.00024,0.00878,0.01675
821,-0.002,-0.00175,-0.00214,0.0003,0.00902,0.01698
821.32,-0.00202,-0.00187,-0.00216,0.00011,0.00886,0.01679
821.64,-0.00198,-0.00193,-0.00215,0.00014,0.00885,0.01668
821.96,-0.00191,-0.00182,-0.00203,0.00034,0.0089,0.01671
822.27,-0.00202,-0.00177,-0.00223,0.0003,0.00897,0.01668
822.59,-0.0021,-0.00174,-0.00222,0.00031,0.00907,0.01669
822.91,-0.00223,-0.00181,-0.00227,0.00018,0.00893,0.01667
823.23,-0.00225,-0.00177,-0.00233,0.00033,0.00892,0.0167
823.55,-0.00218,-0.00168,-0.00226,0.00042,0.00911,0.01681
823.87,-0.00225,-0.00163,-0.00227,0.00032,0.00914,0.0169
824.19,-0.00224,-0.00172,-0.00235,0.00017,0.00905,0.01677
824.51,-0.0022,-0.00184,-0.00235,0.00021,0.00902,0.01671
824.83,-0.00228,-0.00202,-0.00261,5.00E-05,0.00885,0.01666
825.14,-0.00203,-0.00176,-0.00247,0.00021,0.00892,0.01685
825.46,-0.00198,-0.00177,-0.00242,0.00021,0.00885,0.01686
825.78,-0.00217,-0.00201,-0.00265,0.00013,0.00869,0.01674
826.1,-0.0021,-0.00196,-0.00277,0.00032,0.00872,0.01672
826.42,-0.00224,-0.00205,-0.0028,0.00035,0.00869,0.01673
826.74,-0.00225,-0.00199,-0.00285,0.00038,0.00865,0.01672
827.06,-0.00224,-0.00192,-0.00276,0.00045,0.00865,0.01668
827.37,-0.00238,-0.0021,-0.00303,0.00029,0.00852,0.01653
827.69,-0.00255,-0.00225,-0.00307,0.00018,0.00856,0.01649
828.01,-0.00238,-0.00199,-0.00287,0.00032,0.0087,0.01671
828.33,-0.00235,-0.0021,-0.00281,0.00018,0.00873,0.01664
828.65,-0.0023,-0.00196,-0.00286,4.00E-05,0.00878,0.01667
828.96,-0.00252,-0.00195,-0.00298,-0.00017,0.0087,0.01654
829.28,-0.00244,-0.00186,-0.00275,-5.00E-05,0.00878,0.01666
829.6,-0.0025,-0.00192,-0.00271,7.00E-05,0.00883,0.01663
829.92,-0.00252,-0.00199,-0.00279,-2.00E-05,0.0087,0.01664
830.24,-0.00262,-0.00225,-0.00301,-0.00019,0.00855,0.01643
830.55,-0.00278,-0.0022,-0.00306,-0.00024,0.0085,0.01643
830.87,-0.0028,-0.00222,-0.00303,-0.00014,0.0086,0.0165
831.19,-0.0025,-0.00223,-0.00302,-2.00E-05,0.00865,0.0167
831.51,-0.00246,-0.00234,-0.00331,-4.00E-05,0.00853,0.01672
831.83,-0.00247,-0.00239,-0.00332,-0.00012,0.00857,0.01673
832.14,-0.00248,-0.00229,-0.00335,-0.00014,0.00859,0.01667
832.46,-0.00259,-0.00233,-0.00346,-0.00029,0.00858,0.01678
832.78,-0.00267,-0.00243,-0.00352,-0.0003,0.00841,0.01675
833.1,-0.00287,-0.00275,-0.00378,-0.00042,0.00817,0.01661
833.41,-0.00308,-0.00284,-0.0037,-0.0004,0.00815,0.01649
833.73,-0.00323,-0.00289,-0.00367,-0.00055,0.00815,0.01653
834.05,-0.0031,-0.00278,-0.00356,-0.00034,0.00823,0.01663
834.36,-0.00294,-0.00284,-0.00356,-0.00019,0.0083,0.0166
834.68,-0.00281,-0.00275,-0.00332,9.00E-05,0.00836,0.0168
835,-0.00267,-0.00274,-0.00329,4.00E-05,0.00847,0.01683
835.32,-0.00254,-0.00247,-0.00314,5.00E-05,0.00857,0.01683
835.63,-0.00257,-0.00253,-0.00316,1.00E-05,0.0087,0.01687
835.95,-0.00256,-0.00251,-0.00312,0,0.00869,0.01692
836.27,-0.0027,-0.00264,-0.00318,-0.00022,0.00858,0.01687
836.58,-0.00285,-0.00277,-0.0031,-0.00037,0.00853,0.01686
836.9,-0.00292,-0.00276,-0.00304,-0.00046,0.00859,0.01664
837.22,-0.00283,-0.00272,-0.00285,-0.00032,0.00859,0.01673
837.53,-0.00298,-0.00287,-0.003,-0.00045,0.00854,0.01674
837.85,-0.00293,-0.00272,-0.00294,-0.00043,0.00849,0.01683
838.17,-0.00284,-0.0028,-0.003,-0.00044,0.00854,0.01671
838.48,-0.00278,-0.00272,-0.00282,-0.00044,0.0087,0.01683
838.8,-0.00273,-0.00262,-0.00284,-0.00044,0.0086,0.01694
839.12,-0.00283,-0.00273,-0.00296,-0.00053,0.00855,0.01701
839.43,-0.00305,-0.00279,-0.00313,-0.00069,0.00853,0.01679
839.75,-0.00294,-0.00265,-0.00293,-0.00062,0.00868,0.01695
840.07,-0.00303,-0.00278,-0.00303,-0.00062,0.00849,0.01681
840.38,-0.00319,-0.00266,-0.00302,-0.0006,0.00858,0.0168
840.7,-0.00321,-0.00274,-0.0031,-0.00052,0.0086,0.01662
841.01,-0.00325,-0.00276,-0.00311,-0.00036,0.00878,0.01664
841.33,-0.00303,-0.00264,-0.00295,-0.00021,0.00892,0.01681
841.65,-0.00301,-0.00269,-0.00296,-0.00015,0.00899,0.01707
841.96,-0.00301,-0.00269,-0.00288,1.00E-05,0.00894,0.01702
842.28,-0.00287,-0.00256,-0.00278,8.00E-05,0.00901,0.01715
842.6,-0.00294,-0.00287,-0.00286,2.00E-05,0.00888,0.017
842.91,-0.00296,-0.00277,-0.00287,8.00E-05,0.00879,0.01708
843.23,-0.00308,-0.00268,-0.00283,-9.00E-05,0.00872,0.01696
843.54,-0.00322,-0.0028,-0.00308,-0.00021,0.00847,0.01673
843.86,-0.00306,-0.00268,-0.00303,-8.00E-05,0.00859,0.01678
844.17,-0.00308,-0.00262,-0.00309,-0.0001,0.00855,0.01682
844.49,-0.00317,-0.00259,-0.00312,-1.00E-05,0.00873,0.01694
844.81,-0.00309,-0.00234,-0.0031,2.00E-05,0.00883,0.01709
845.12,-0.00297,-0.00231,-0.00303,-0.0001,0.00888,0.0173
845.44,-0.00293,-0.00224,-0.00324,-5.00E-05,0.00882,0.01749
845.75,-0.0028,-0.00213,-0.00325,0.00013,0.00917,0.01753
846.07,-0.00298,-0.0023,-0.00351,0,0.00892,0.0173
846.38,-0.00292,-0.00246,-0.00366,-0.00011,0.00894,0.01726
846.7,-0.00307,-0.00269,-0.00383,-0.00042,0.00876,0.01709
847.01,-0.00305,-0.00261,-0.00375,-0.00037,0.00881,0.01704
847.33,-0.00313,-0.00282,-0.0039,-0.00049,0.00866,0.01673
847.64,-0.00321,-0.00304,-0.00394,-0.00075,0.00868,0.01663
847.96,-0.00325,-0.0031,-0.00399,-0.00099,0.00838,0.01659
848.27,-0.00334,-0.00303,-0.00391,-0.00108,0.00832,0.01659
848.59,-0.00344,-0.00299,-0.00392,-0.00099,0.0083,0.0166
848.9,-0.00315,-0.00283,-0.00377,-0.00089,0.00833,0.01671
849.22,-0.00297,-0.00297,-0.00373,-0.00109,0.00824,0.01679
849.53,-0.00307,-0.00271,-0.00379,-0.00094,0.00845,0.01698
849.85,-0.00305,-0.00267,-0.00361,-0.00095,0.00846,0.01691
850.16,-0.00314,-0.0026,-0.00349,-0.00078,0.00849,0.01713
850.48,-0.00287,-0.00249,-0.00331,-0.00064,0.00866,0.01729
850.79,-0.00275,-0.00252,-0.00321,-0.00066,0.00873,0.01725
851.11,-0.00292,-0.00255,-0.00317,-0.00053,0.00875,0.01718
851.42,-0.00325,-0.00274,-0.0033,-0.00042,0.00871,0.01704
851.74,-0.00333,-0.00292,-0.00331,-0.00051,0.00863,0.01704
852.05,-0.00326,-0.00297,-0.00352,-0.00027,0.00863,0.01711
852.36,-0.00329,-0.00318,-0.0037,-0.0005,0.00847,0.01693
852.68,-0.00348,-0.00338,-0.00396,-0.00067,0.00831,0.01678
852.99,-0.00353,-0.00343,-0.00391,-0.00075,0.00834,0.01694
853.31,-0.00359,-0.00343,-0.00401,-0.00096,0.00841,0.01678
853.62,-0.00346,-0.00317,-0.00414,-0.00091,0.00834,0.01669
853.94,-0.00348,-0.0032,-0.00429,-0.00088,0.00825,0.01662
854.25,-0.00348,-0.00321,-0.00433,-0.00103,0.00815,0.01656
854.56,-0.00348,-0.00308,-0.00438,-0.00103,0.00839,0.01663
854.88,-0.00331,-0.00303,-0.00425,-0.00083,0.00852,0.01683
855.19,-0.00353,-0.00322,-0.00427,-0.00086,0.0083,0.01665
855.51,-0.00348,-0.00333,-0.00423,-0.00081,0.00823,0.01663
855.82,-0.00375,-0.00367,-0.00428,-0.00096,0.0082,0.01671
856.13,-0.00361,-0.00366,-0.00409,-0.00087,0.00839,0.01661
856.45,-0.00357,-0.0036,-0.00392,-0.00087,0.00847,0.01674
856.76,-0.00378,-0.00386,-0.0038,-0.00098,0.00829,0.01673
857.07,-0.00413,-0.00392,-0.00381,-0.00107,0.00814,0.01665
857.39,-0.00389,-0.00357,-0.00385,-0.00095,0.00848,0.01676
857.7,-0.00394,-0.00338,-0.00389,-0.00092,0.0085,0.01705
858.02,-0.00385,-0.00328,-0.00378,-0.0009,0.00853,0.01716
858.33,-0.00405,-0.0034,-0.00376,-0.00092,0.00835,0.01721
858.64,-0.00419,-0.00362,-0.00407,-0.00108,0.0081,0.01696
858.96,-0.00396,-0.00317,-0.00386,-0.00079,0.00848,0.01707
859.27,-0.00406,-0.00335,-0.00387,-0.001,0.00854,0.01687
859.58,-0.004,-0.0035,-0.00376,-0.001,0.00824,0.01697
859.9,-0.00405,-0.0037,-0.00377,-0.0009,0.00825,0.01687
860.21,-0.0041,-0.00381,-0.00398,-0.00095,0.00808,0.01685
860.52,-0.00425,-0.00405,-0.00435,-0.00122,0.00776,0.01679
860.83,-0.00415,-0.00386,-0.00392,-0.00103,0.00817,0.01711
861.15,-0.0043,-0.00412,-0.00425,-0.00126,0.00776,0.0171
861.46,-0.00404,-0.00384,-0.00415,-0.00095,0.00783,0.01722
861.77,-0.00389,-0.00367,-0.00431,-0.0008,0.00817,0.01734
862.09,-0.00397,-0.00364,-0.00428,-0.00089,0.00812,0.0174
862.4,-0.00379,-0.00337,-0.00416,-0.00068,0.00828,0.01739
862.71,-0.00352,-0.00307,-0.00394,-0.00069,0.00867,0.01748
863.02,-0.00357,-0.00317,-0.00416,-0.00054,0.00861,0.0173
863.34,-0.00367,-0.00328,-0.00412,-0.00046,0.00868,0.01706
863.65,-0.00387,-0.00375,-0.00455,-0.00088,0.00844,0.01688
863.96,-0.00427,-0.00398,-0.00454,-0.00123,0.0081,0.01659
864.27,-0.00404,-0.00411,-0.00456,-0.0013,0.00802,0.01653
864.59,-0.00422,-0.00419,-0.00452,-0.00135,0.00806,0.01646
864.9,-0.00426,-0.00432,-0.00456,-0.00134,0.00788,0.01644
865.21,-0.00429,-0.00419,-0.00445,-0.00134,0.00784,0.01665
865.52,-0.00437,-0.00411,-0.00467,-0.00142,0.00774,0.01661
865.84,-0.00437,-0.00385,-0.00461,-0.00136,0.00781,0.01671
866.15,-0.00453,-0.00385,-0.00485,-0.00141,0.00766,0.01668
866.46,-0.00469,-0.00403,-0.00505,-0.0017,0.00783,0.01649
866.77,-0.00456,-0.00416,-0.00511,-0.00175,0.00757,0.01651
867.08,-0.00476,-0.00393,-0.00514,-0.00166,0.00752,0.01652
867.4,-0.00477,-0.00413,-0.0053,-0.00187,0.00732,0.01634
867.71,-0.00446,-0.00406,-0.00512,-0.00166,0.00749,0.01655
868.02,-0.0043,-0.00388,-0.00511,-0.00152,0.00764,0.0166
868.33,-0.00428,-0.00399,-0.00519,-0.00158,0.00761,0.0164
868.64,-0.00421,-0.00385,-0.00524,-0.0014,0.00775,0.01641
868.96,-0.00433,-0.00394,-0.00525,-0.00144,0.00803,0.01632
869.27,-0.00421,-0.00434,-0.00538,-0.00151,0.00804,0.01625
869.58,-0.00437,-0.00446,-0.00554,-0.00149,0.00813,0.01619
869.89,-0.00454,-0.00458,-0.00567,-0.00171,0.00792,0.01613
870.2,-0.00466,-0.00461,-0.00563,-0.0016,0.00787,0.01629
870.51,-0.00447,-0.00455,-0.00557,-0.00153,0.008,0.01654
870.82,-0.00484,-0.00479,-0.00575,-0.00191,0.00751,0.01643
871.14,-0.00478,-0.00455,-0.00576,-0.00207,0.00738,0.01664
871.45,-0.00492,-0.00451,-0.00581,-0.00211,0.00726,0.01656
871.76,-0.00472,-0.00414,-0.00574,-0.00202,0.00741,0.01679
872.07,-0.00471,-0.00417,-0.00563,-0.00173,0.00761,0.01671
872.38,-0.00484,-0.00433,-0.00572,-0.00193,0.00747,0.01634
872.69,-0.00475,-0.00429,-0.0056,-0.00186,0.00767,0.01622
873,-0.00469,-0.00404,-0.00537,-0.00131,0.00786,0.01642
873.31,-0.00471,-0.00418,-0.00541,-0.00123,0.00788,0.01623
873.63,-0.00463,-0.00397,-0.00515,-0.00113,0.00811,0.0165
873.94,-0.00484,-0.0044,-0.0052,-0.00148,0.00781,0.01613
874.25,-0.00522,-0.00469,-0.00532,-0.0019,0.00748,0.01624
874.56,-0.00514,-0.00461,-0.00527,-0.0018,0.00764,0.01649
874.87,-0.00534,-0.00473,-0.00534,-0.00188,0.00739,0.01663
875.18,-0.0053,-0.00483,-0.00526,-0.00206,0.00732,0.01655
875.49,-0.00551,-0.00506,-0.00542,-0.00254,0.00718,0.01654
875.8,-0.00526,-0.00512,-0.0056,-0.00263,0.00723,0.01664
876.11,-0.00506,-0.00478,-0.00544,-0.00224,0.00763,0.01681
876.42,-0.00501,-0.00478,-0.00547,-0.0022,0.00776,0.01663
876.73,-0.00497,-0.00485,-0.00543,-0.00239,0.00778,0.0166
877.04,-0.00508,-0.0048,-0.00534,-0.00245,0.00808,0.01643
877.35,-0.00536,-0.00492,-0.00546,-0.00287,0.00792,0.01654
877.66,-0.00532,-0.00484,-0.00546,-0.00284,0.00793,0.01641
877.97,-0.00555,-0.00462,-0.00528,-0.00288,0.00826,0.01604
878.28,-0.00582,-0.00478,-0.00558,-0.00317,0.00802,0.01592
878.59,-0.00547,-0.00449,-0.0055,-0.00299,0.00809,0.01616
878.9,-0.00573,-0.00449,-0.00558,-0.00285,0.00781,0.01615
879.21,-0.00593,-0.0049,-0.00605,-0.00301,0.00724,0.0159
879.52,-0.00531,-0.00442,-0.00587,-0.0023,0.00755,0.01619
879.83,-0.00534,-0.00446,-0.00575,-0.00193,0.00762,0.0164
880.14,-0.00568,-0.00494,-0.00601,-0.00228,0.00689,0.01643
880.45,-0.00573,-0.00507,-0.00597,-0.00232,0.00673,0.01647
880.76,-0.00615,-0.0053,-0.00627,-0.00263,0.00641,0.01616
881.07,-0.00606,-0.00543,-0.00604,-0.00285,0.00668,0.01628
881.38,-0.00593,-0.00522,-0.00586,-0.00284,0.00684,0.01647
881.69,-0.00643,-0.00574,-0.00641,-0.00358,0.00672,0.0161
882,-0.0065,-0.00581,-0.00654,-0.00382,0.00654,0.01604
882.31,-0.00614,-0.00561,-0.00638,-0.00345,0.00678,0.01619
882.62,-0.00602,-0.00546,-0.0063,-0.00356,0.00687,0.0163
882.93,-0.00584,-0.00529,-0.00602,-0.00362,0.00695,0.01624
883.24,-0.00575,-0.00545,-0.00648,-0.0038,0.0067,0.01594
883.55,-0.0055,-0.00544,-0.00628,-0.00356,0.00695,0.0161
883.86,-0.00538,-0.00541,-0.00602,-0.00333,0.00694,0.01621
884.17,-0.00537,-0.00533,-0.00604,-0.00312,0.00712,0.01607
884.48,-0.00532,-0.0051,-0.00597,-0.00305,0.00727,0.0161
884.79,-0.00565,-0.00558,-0.00619,-0.0031,0.00724,0.01599
885.09,-0.006,-0.00591,-0.00657,-0.00328,0.00695,0.01595
885.4,-0.00601,-0.00559,-0.00646,-0.00308,0.00702,0.01601
885.71,-0.00635,-0.00552,-0.00688,-0.00341,0.00659,0.01584
886.02,-0.00628,-0.00515,-0.00673,-0.00311,0.00635,0.0157
886.33,-0.00625,-0.0052,-0.00677,-0.00325,0.00611,0.01567
886.64,-0.00662,-0.00567,-0.00709,-0.00332,0.0059,0.01545
886.95,-0.00647,-0.00517,-0.00687,-0.00299,0.00593,0.01569
887.26,-0.00618,-0.00488,-0.00657,-0.00271,0.0065,0.01584
887.57,-0.00641,-0.00499,-0.00639,-0.00285,0.00639,0.01608
887.87,-0.00617,-0.0049,-0.00594,-0.0028,0.00665,0.01632
888.18,-0.00651,-0.00495,-0.00607,-0.00291,0.00701,0.01642
888.49,-0.00651,-0.00497,-0.00586,-0.00285,0.00702,0.01661
888.8,-0.00631,-0.0047,-0.00556,-0.00312,0.00703,0.01649
889.11,-0.00605,-0.00491,-0.00558,-0.00314,0.00688,0.01645
889.42,-0.00596,-0.005,-0.00575,-0.00325,0.00667,0.01655
889.72,-0.00592,-0.00496,-0.00596,-0.0029,0.00663,0.01656
890.03,-0.00609,-0.00499,-0.00629,-0.00273,0.00666,0.01638
890.34,-0.00594,-0.00526,-0.00647,-0.00298,0.00637,0.01621
890.65,-0.00588,-0.00529,-0.00671,-0.00313,0.00645,0.01629
890.96,-0.006,-0.00545,-0.00715,-0.00303,0.00642,0.01616
891.27,-0.00657,-0.00562,-0.00739,-0.0034,0.00648,0.01562
891.57,-0.00669,-0.00558,-0.00728,-0.00316,0.00663,0.01528
891.88,-0.00667,-0.00568,-0.00723,-0.00349,0.007,0.01519
892.19,-0.00662,-0.00572,-0.00718,-0.00398,0.00691,0.01524
892.5,-0.00654,-0.00586,-0.00743,-0.00391,0.00695,0.01516
892.8,-0.00661,-0.00596,-0.00732,-0.00383,0.00685,0.01506
893.11,-0.00644,-0.00603,-0.00716,-0.00364,0.00697,0.01537
893.42,-0.00592,-0.00584,-0.00714,-0.00353,0.00693,0.0159
893.73,-0.00571,-0.0056,-0.00688,-0.00353,0.00712,0.01636
894.04,-0.00568,-0.00541,-0.00679,-0.00337,0.00702,0.01651
894.34,-0.00564,-0.00567,-0.00691,-0.00332,0.00695,0.01639
894.65,-0.00569,-0.00538,-0.00639,-0.00315,0.00708,0.01663
894.96,-0.00566,-0.00527,-0.00655,-0.00303,0.00707,0.0167
895.26,-0.00612,-0.00546,-0.00676,-0.00352,0.00682,0.01662
895.57,-0.0062,-0.0054,-0.00659,-0.0034,0.00713,0.01648
895.88,-0.0063,-0.00576,-0.00694,-0.00376,0.00699,0.01616
896.19,-0.00612,-0.00572,-0.00673,-0.00335,0.00703,0.01655
896.49,-0.00639,-0.0055,-0.00649,-0.0031,0.00726,0.01664
896.8,-0.00624,-0.00564,-0.00646,-0.00334,0.00744,0.01641
897.11,-0.00629,-0.00563,-0.00656,-0.0036,0.00762,0.01615
897.42,-0.00619,-0.00555,-0.00664,-0.00353,0.00754,0.01604
897.72,-0.00657,-0.00602,-0.007,-0.00395,0.00706,0.01584
898.03,-0.00672,-0.0061,-0.00716,-0.00371,0.00686,0.01586
898.34,-0.00705,-0.00642,-0.00753,-0.00429,0.00639,0.0152
898.64,-0.0069,-0.00667,-0.0078,-0.00449,0.0062,0.01508
898.95,-0.00682,-0.00678,-0.00801,-0.00408,0.00595,0.01535
899.26,-0.00681,-0.00676,-0.00785,-0.00398,0.00584,0.01536
899.56,-0.00693,-0.00683,-0.00777,-0.00395,0.00588,0.01529
899.87,-0.00687,-0.00661,-0.00757,-0.00381,0.00599,0.01551
900.18,-0.00683,-0.00647,-0.00727,-0.0037,0.00608,0.0156
900.48,-0.00673,-0.00644,-0.00705,-0.0036,0.00645,0.01589
900.79,-0.00689,-0.00644,-0.00691,-0.00353,0.00651,0.01611
901.1,-0.00689,-0.00648,-0.00696,-0.00384,0.00653,0.01591
901.4,-0.00703,-0.00637,-0.00684,-0.00385,0.00636,0.01574
901.71,-0.00689,-0.00636,-0.00681,-0.00385,0.00642,0.01585
902.01,-0.00677,-0.00627,-0.00691,-0.00382,0.00631,0.01553
902.32,-0.00666,-0.00628,-0.00706,-0.00373,0.00626,0.01586
902.63,-0.00664,-0.00628,-0.00741,-0.00375,0.00614,0.01564
902.93,-0.00664,-0.00613,-0.00749,-0.00392,0.00608,0.01565
903.24,-0.00714,-0.00631,-0.0075,-0.00414,0.00617,0.0157
903.54,-0.00699,-0.00647,-0.00758,-0.00432,0.0062,0.01608
903.85,-0.00687,-0.00647,-0.00748,-0.00422,0.00626,0.01623
904.16,-0.00704,-0.00657,-0.00753,-0.00424,0.00612,0.01626
904.46,-0.00759,-0.00716,-0.00807,-0.00488,0.00578,0.01566
904.77,-0.00774,-0.00729,-0.00814,-0.00478,0.00556,0.01581
905.07,-0.00782,-0.00768,-0.00793,-0.00444,0.00572,0.01577
905.38,-0.00763,-0.00755,-0.00822,-0.00446,0.00549,0.01547
905.68,-0.0075,-0.00725,-0.00808,-0.00414,0.00562,0.01552
905.99,-0.00779,-0.00707,-0.00818,-0.00394,0.00584,0.01561
906.3,-0.00762,-0.00695,-0.00796,-0.00381,0.00607,0.01579
906.6,-0.00743,-0.0065,-0.00722,-0.00364,0.00652,0.01613
906.91,-0.00714,-0.00584,-0.00693,-0.00322,0.00711,0.01618
907.21,-0.00725,-0.0056,-0.00744,-0.00334,0.00679,0.01603
907.52,-0.00721,-0.0054,-0.00691,-0.00342,0.00712,0.0163
907.82,-0.00761,-0.00571,-0.00718,-0.00355,0.0071,0.01614
908.13,-0.00748,-0.00597,-0.00722,-0.00396,0.00685,0.0159
908.43,-0.00766,-0.00604,-0.0072,-0.00399,0.00683,0.01575
908.74,-0.00745,-0.00582,-0.0073,-0.00375,0.00679,0.01578
909.04,-0.00764,-0.00636,-0.00709,-0.00473,0.00646,0.01555
909.35,-0.00755,-0.00663,-0.00719,-0.00487,0.00662,0.01539
909.65,-0.00745,-0.00654,-0.00724,-0.00442,0.00651,0.01548
909.96,-0.0073,-0.00637,-0.00722,-0.00436,0.00662,0.0156
910.26,-0.00739,-0.00644,-0.00727,-0.0042,0.00618,0.01554
910.57,-0.00738,-0.00667,-0.00752,-0.00445,0.00617,0.01579
910.87,-0.00738,-0.00691,-0.00797,-0.00462,0.00607,0.01565
911.18,-0.00739,-0.00698,-0.00837,-0.00438,0.00607,0.01577
911.48,-0.00746,-0.00685,-0.00817,-0.0046,0.00596,0.01568
911.79,-0.00798,-0.00736,-0.00828,-0.0047,0.00586,0.01568
912.09,-0.00833,-0.00782,-0.00858,-0.00506,0.00527,0.01527
912.39,-0.00835,-0.00736,-0.00853,-0.00513,0.00545,0.01531
912.7,-0.00857,-0.00724,-0.00848,-0.00519,0.00486,0.0148
913,-0.00852,-0.00732,-0.00832,-0.00512,0.00491,0.0147
913.31,-0.00852,-0.00757,-0.00839,-0.00505,0.00444,0.01438
913.61,-0.00876,-0.00768,-0.00854,-0.00512,0.00419,0.0142
913.92,-0.00866,-0.00756,-0.009,-0.00566,0.00413,0.0139
914.22,-0.00874,-0.00783,-0.00929,-0.00578,0.00403,0.01382
914.52,-0.00817,-0.00829,-0.00901,-0.00547,0.00443,0.01399
914.83,-0.00781,-0.00829,-0.0092,-0.00538,0.00481,0.01444
915.13,-0.00793,-0.00817,-0.00934,-0.00568,0.0046,0.01436
915.44,-0.00794,-0.00829,-0.00944,-0.00593,0.00479,0.01433
915.74,-0.00767,-0.00815,-0.00936,-0.00564,0.00496,0.01443
916.04,-0.00754,-0.00821,-0.00923,-0.00549,0.00506,0.01451
916.35,-0.00718,-0.00812,-0.00885,-0.00519,0.00539,0.0147
916.65,-0.00759,-0.00824,-0.00917,-0.00518,0.00515,0.01468
916.96,-0.00758,-0.00842,-0.00865,-0.00508,0.00525,0.01463
917.26,-0.00774,-0.00861,-0.00855,-0.0052,0.00541,0.01467
917.56,-0.0081,-0.00879,-0.00864,-0.00504,0.00554,0.01466
917.87,-0.00809,-0.00893,-0.0088,-0.00516,0.00557,0.01469
918.17,-0.00828,-0.00908,-0.00889,-0.00497,0.00514,0.01476
918.47,-0.00876,-0.00914,-0.00915,-0.00512,0.00473,0.0146
918.78,-0.00921,-0.00902,-0.00936,-0.00563,0.00453,0.01424
919.08,-0.00964,-0.00913,-0.01029,-0.00595,0.00428,0.01388
919.38,-0.01011,-0.00942,-0.01049,-0.00582,0.00383,0.0136
919.69,-0.00969,-0.00925,-0.01052,-0.00589,0.00379,0.01342
919.99,-0.0098,-0.00951,-0.01026,-0.00593,0.00359,0.01355
920.29,-0.00994,-0.00957,-0.01015,-0.00633,0.00361,0.01317
920.59,-0.01008,-0.00995,-0.01026,-0.00668,0.00358,0.01296
920.9,-0.01015,-0.01049,-0.0104,-0.00697,0.00336,0.0128
921.2,-0.01021,-0.01099,-0.01021,-0.00695,0.00322,0.01269
921.5,-0.00958,-0.011,-0.01005,-0.00711,0.00312,0.01244
921.81,-0.00934,-0.01034,-0.0096,-0.0067,0.00311,0.01305
922.11,-0.00906,-0.01014,-0.00952,-0.00665,0.00318,0.01313
922.41,-0.00896,-0.01021,-0.00974,-0.00639,0.00287,0.01319
922.71,-0.00921,-0.01019,-0.00988,-0.0063,0.00297,0.0133
923.02,-0.00923,-0.00981,-0.00999,-0.00627,0.00315,0.01344
923.32,-0.00946,-0.00997,-0.01021,-0.00663,0.00312,0.01354
923.62,-0.01012,-0.01025,-0.01105,-0.00731,0.0031,0.01363
923.92,-0.01114,-0.01111,-0.01177,-0.00768,0.00268,0.01335
924.23,-0.01154,-0.01145,-0.01216,-0.00803,0.00287,0.01305
924.53,-0.01181,-0.01152,-0.01264,-0.00817,0.00264,0.01284
924.83,-0.01128,-0.01094,-0.01232,-0.00824,0.00259,0.01323
925.13,-0.0118,-0.01135,-0.01255,-0.00862,0.00178,0.01244
925.44,-0.01161,-0.01077,-0.01244,-0.0084,0.00193,0.01217
925.74,-0.01232,-0.01093,-0.01246,-0.00819,0.00157,0.01164
926.04,-0.01209,-0.01076,-0.01214,-0.00838,0.00209,0.01132
926.34,-0.01185,-0.01022,-0.01235,-0.00827,0.00182,0.01131
926.64,-0.0121,-0.01035,-0.01232,-0.00871,0.00132,0.01113
926.95,-0.01206,-0.01064,-0.01246,-0.00875,0.00148,0.01087
927.25,-0.01189,-0.01076,-0.01277,-0.00872,0.0016,0.01139
927.55,-0.012,-0.01076,-0.01288,-0.00868,0.00152,0.01133
927.85,-0.0111,-0.01038,-0.01244,-0.00823,0.00206,0.01205
928.15,-0.01111,-0.01026,-0.01271,-0.00842,0.00161,0.01198
928.46,-0.01212,-0.01074,-0.01314,-0.00894,0.00141,0.0115
928.76,-0.01218,-0.01073,-0.01298,-0.00919,0.00166,0.01141
929.06,-0.01319,-0.01071,-0.01344,-0.00962,0.00173,0.01108
929.36,-0.01292,-0.01059,-0.01324,-0.0097,0.00233,0.01123
929.66,-0.01259,-0.01075,-0.01296,-0.00958,0.00246,0.01146
929.96,-0.01271,-0.01084,-0.01323,-0.00965,0.00222,0.0115
930.26,-0.01279,-0.01126,-0.01299,-0.00941,0.00207,0.01156
930.57,-0.01255,-0.01168,-0.01255,-0.00879,0.00204,0.01205
930.87,-0.01273,-0.01193,-0.01304,-0.00889,0.00249,0.01182
931.17,-0.01216,-0.01204,-0.01287,-0.00842,0.00229,0.01178
931.47,-0.01121,-0.01119,-0.01238,-0.00753,0.00241,0.01187
931.77,-0.01178,-0.01143,-0.01268,-0.00795,0.00192,0.01157
932.07,-0.01194,-0.01171,-0.01289,-0.00847,0.00157,0.01107
932.37,-0.01253,-0.01205,-0.01353,-0.00918,0.00133,0.0104
932.67,-0.01214,-0.01186,-0.01396,-0.00984,0.00114,0.00959
932.97,-0.01164,-0.01165,-0.01332,-0.00949,0.0006,0.00967
933.27,-0.01117,-0.01149,-0.01312,-0.00992,0.00041,0.00968
933.58,-0.01231,-0.01281,-0.01413,-0.01113,-0.00066,0.00887
933.88,-0.01284,-0.01318,-0.01461,-0.01177,-0.00064,0.00835
934.18,-0.01294,-0.01327,-0.01447,-0.01216,-0.00078,0.0083
934.48,-0.0129,-0.01324,-0.01464,-0.01221,-0.00107,0.00822
934.78,-0.01353,-0.01358,-0.01518,-0.01212,-0.00157,0.0083
935.08,-0.01362,-0.014,-0.01538,-0.01183,-0.00072,0.0087
935.38,-0.01468,-0.01448,-0.01578,-0.01177,-0.00091,0.00824
935.68,-0.0147,-0.0138,-0.01536,-0.0114,0,0.0087
935.98,-0.01444,-0.01319,-0.01527,-0.01158,-6.00E-05,0.00884
936.28,-0.01435,-0.01322,-0.01517,-0.01104,-5.00E-05,0.00874
936.58,-0.0145,-0.01367,-0.01496,-0.01148,0.00018,0.00877
936.88,-0.01427,-0.01339,-0.01424,-0.01177,0.00016,0.00947
937.18,-0.01506,-0.01367,-0.01487,-0.01305,-0.00095,0.00891
937.48,-0.01481,-0.01333,-0.01474,-0.01311,-0.00041,0.00922
937.78,-0.01579,-0.01457,-0.01517,-0.01368,-0.00168,0.00835
938.08,-0.01604,-0.01508,-0.01527,-0.01382,-0.00171,0.00841
938.38,-0.01643,-0.01467,-0.01541,-0.01377,-0.00155,0.00828
938.68,-0.01637,-0.01487,-0.0159,-0.01386,-0.00203,0.00803
938.98,-0.01731,-0.01557,-0.01619,-0.01382,-0.00242,0.00743
939.28,-0.01731,-0.01527,-0.01638,-0.01285,-0.00183,0.00696
939.58,-0.01754,-0.01631,-0.01741,-0.01309,-0.00319,0.00678
939.88,-0.01674,-0.01566,-0.01748,-0.0126,-0.00227,0.00716
940.18,-0.01638,-0.01562,-0.0176,-0.012,-0.00204,0.00697
940.48,-0.01683,-0.01621,-0.01825,-0.01222,-0.0024,0.00699
940.78,-0.01765,-0.01628,-0.01845,-0.01167,-0.00261,0.00694
941.08,-0.01716,-0.0159,-0.01883,-0.01172,-0.0021,0.00696
941.38,-0.0168,-0.01609,-0.01843,-0.01199,-0.00217,0.00781
941.68,-0.01652,-0.01612,-0.01799,-0.01237,-0.00215,0.00708
941.98,-0.01651,-0.01598,-0.01747,-0.01202,-0.00198,0.00787
942.27,-0.01721,-0.01627,-0.0173,-0.01211,-0.00212,0.00801
942.57,-0.01684,-0.01652,-0.01686,-0.01253,-0.0021,0.00808
942.87,-0.01605,-0.01595,-0.01654,-0.01271,-0.00201,0.00813
943.17,-0.01611,-0.01573,-0.01608,-0.01282,-0.00184,0.00746
943.47,-0.01612,-0.01557,-0.0161,-0.01345,-0.00241,0.00751
943.77,-0.01691,-0.01544,-0.01657,-0.01379,-0.00173,0.00742
944.07,-0.01694,-0.01581,-0.01711,-0.01452,-0.00213,0.00653
944.37,-0.01664,-0.01633,-0.01748,-0.01497,-0.00313,0.00574
944.67,-0.01669,-0.01638,-0.01784,-0.01541,-0.00339,0.00509
944.97,-0.01792,-0.0172,-0.0187,-0.01608,-0.00351,0.00417
945.26,-0.01762,-0.01763,-0.0193,-0.01625,-0.00375,0.00418
945.56,-0.01771,-0.0178,-0.01935,-0.01596,-0.00358,0.00336
945.86,-0.01785,-0.01813,-0.01896,-0.01589,-0.00452,0.00299
946.16,-0.01905,-0.0189,-0.01955,-0.01675,-0.00592,0.0022
946.46,-0.01912,-0.01853,-0.01961,-0.0169,-0.00561,0.00278
946.76,-0.01969,-0.01892,-0.02026,-0.01698,-0.0052,0.00273
947.05,-0.01828,-0.01854,-0.01984,-0.01647,-0.00516,0.00377
947.35,-0.01931,-0.01868,-0.02024,-0.01713,-0.00613,0.00347
947.65,-0.0199,-0.01957,-0.0211,-0.01811,-0.00678,0.00303
947.95,-0.01949,-0.01971,-0.02139,-0.01783,-0.00624,0.0035
948.25,-0.0188,-0.01847,-0.02135,-0.01735,-0.0054,0.00389
948.55,-0.01891,-0.0184,-0.02169,-0.01664,-0.00518,0.00398
948.84,-0.0194,-0.019,-0.02242,-0.01688,-0.00643,0.00392
949.14,-0.02026,-0.01927,-0.02198,-0.01742,-0.00701,0.00371
949.44,-0.01975,-0.0197,-0.02165,-0.0172,-0.00655,0.00438
949.74,-0.02089,-0.0202,-0.02236,-0.0181,-0.00767,0.00364
950.04,-0.02121,-0.02029,-0.02206,-0.01818,-0.00827,0.00327
950.33,-0.02144,-0.0217,-0.02315,-0.01857,-0.00916,0.00216
950.63,-0.02241,-0.02262,-0.02375,-0.02019,-0.0105,0.00077
950.93,-0.02275,-0.0226,-0.02402,-0.02048,-0.01052,-3.00E-05
951.23,-0.02322,-0.02293,-0.02513,-0.02083,-0.0107,-0.00064
951.52,-0.02329,-0.02229,-0.02586,-0.02061,-0.01039,-0.00081
951.82,-0.02197,-0.02123,-0.02481,-0.0195,-0.00901,0.0004
952.12,-0.02244,-0.02147,-0.02567,-0.02015,-0.00923,3.00E-05
952.42,-0.02261,-0.02114,-0.02504,-0.02009,-0.00897,0.0009
952.71,-0.02238,-0.02039,-0.02505,-0.01988,-0.00848,0.00097
953.01,-0.02097,-0.01924,-0.02319,-0.01883,-0.00847,0.00233
953.31,-0.02129,-0.01932,-0.02341,-0.01893,-0.00868,0.00194
953.61,-0.02161,-0.01944,-0.02287,-0.01909,-0.00959,0.00094
953.9,-0.02236,-0.02064,-0.02398,-0.01941,-0.01077,-0.0001
954.2,-0.02179,-0.02088,-0.02371,-0.0199,-0.01068,0.00021
954.5,-0.0231,-0.02124,-0.0241,-0.0208,-0.0112,-0.00075
954.79,-0.02275,-0.02112,-0.02427,-0.02006,-0.01144,-0.0004
955.09,-0.02348,-0.02183,-0.02565,-0.02108,-0.01169,-0.00191
955.39,-0.02414,-0.0229,-0.02649,-0.02166,-0.01218,-0.00192
955.68,-0.02411,-0.02318,-0.02713,-0.02253,-0.01265,-0.00211
955.98,-0.02382,-0.02246,-0.02683,-0.02215,-0.01178,-0.00167
956.28,-0.02362,-0.02164,-0.02697,-0.02161,-0.01164,-0.00136
956.57,-0.02203,-0.0208,-0.02583,-0.02093,-0.01048,-0.00031
956.87,-0.02343,-0.02222,-0.02678,-0.02209,-0.01146,-0.00055
957.17,-0.02439,-0.02263,-0.02608,-0.0219,-0.01058,-0.00049
957.46,-0.02396,-0.02145,-0.02591,-0.02211,-0.01025,-0.00129
957.76,-0.02419,-0.02231,-0.02633,-0.02191,-0.0102,-0.00099
958.06,-0.02463,-0.0228,-0.02742,-0.02204,-0.01047,-0.00202
958.35,-0.02629,-0.02346,-0.02812,-0.02213,-0.01145,-0.00257
958.65,-0.02805,-0.0245,-0.02945,-0.02218,-0.0125,-0.00421
958.95,-0.0278,-0.02478,-0.02914,-0.02223,-0.01184,-0.00453
959.24,-0.02736,-0.02433,-0.02949,-0.02275,-0.01338,-0.00451
959.54,-0.02703,-0.02477,-0.02947,-0.02205,-0.01268,-0.00338
959.83,-0.02733,-0.02475,-0.02904,-0.02175,-0.01282,-0.00322
960.13,-0.02828,-0.02518,-0.0289,-0.02229,-0.0148,-0.00381
960.43,-0.02696,-0.0253,-0.02895,-0.022,-0.01474,-0.00398
960.72,-0.02687,-0.02548,-0.02895,-0.02275,-0.01561,-0.00316
961.02,-0.02647,-0.02497,-0.029,-0.02267,-0.01502,-0.00299
961.31,-0.02701,-0.02703,-0.02963,-0.02368,-0.0155,-0.00361
961.61,-0.02769,-0.02716,-0.02924,-0.02468,-0.01741,-0.00525
961.9,-0.02798,-0.02743,-0.0297,-0.02609,-0.01752,-0.00666
962.2,-0.02756,-0.02725,-0.02931,-0.02598,-0.0161,-0.00606
962.5,-0.02805,-0.02817,-0.02923,-0.02667,-0.01603,-0.00652
962.79,-0.02785,-0.0292,-0.03008,-0.02755,-0.0159,-0.00648
963.09,-0.02873,-0.02951,-0.03038,-0.02811,-0.01729,-0.00688
963.38,-0.02913,-0.0284,-0.0309,-0.02743,-0.01649,-0.00661
963.68,-0.02851,-0.02937,-0.03122,-0.02722,-0.01606,-0.00611
963.97,-0.02886,-0.03054,-0.03159,-0.02653,-0.01756,-0.00601
964.27,-0.02941,-0.03097,-0.03234,-0.02701,-0.01802,-0.00607
964.56,-0.02963,-0.0308,-0.03268,-0.02712,-0.01765,-0.0055
964.86,-0.03021,-0.03146,-0.03308,-0.0278,-0.01841,-0.00685
965.15,-0.03015,-0.03283,-0.03331,-0.02863,-0.01909,-0.00791
965.45,-0.03078,-0.03401,-0.03353,-0.02925,-0.0196,-0.00816
965.74,-0.03046,-0.03356,-0.03389,-0.02883,-0.01934,-0.00794
966.04,-0.03104,-0.03357,-0.03488,-0.02919,-0.01846,-0.00776
966.33,-0.03042,-0.03415,-0.03535,-0.02922,-0.01959,-0.00866
966.63,-0.03197,-0.03643,-0.03641,-0.0305,-0.02093,-0.00991
966.92,-0.03186,-0.035,-0.03523,-0.03009,-0.01984,-0.00934
967.22,-0.03258,-0.03431,-0.03493,-0.02944,-0.02013,-0.0094
967.51,-0.03173,-0.03396,-0.03416,-0.02928,-0.02039,-0.0101
967.81,-0.03232,-0.03462,-0.03418,-0.0297,-0.02043,-0.0093
968.1,-0.03256,-0.0348,-0.03438,-0.03079,-0.02203,-0.01059
968.4,-0.03376,-0.0347,-0.03469,-0.0324,-0.0224,-0.01148
968.69,-0.0341,-0.03384,-0.03437,-0.03316,-0.02264,-0.01292
968.98,-0.0343,-0.03444,-0.03585,-0.03379,-0.02396,-0.01431
969.28,-0.03368,-0.03437,-0.03663,-0.03421,-0.02333,-0.01464
969.57,-0.03359,-0.03471,-0.037,-0.03403,-0.02296,-0.01524
969.87,-0.03429,-0.03482,-0.03721,-0.03538,-0.02414,-0.01748
970.16,-0.03576,-0.03476,-0.03735,-0.03556,-0.02461,-0.01741
970.46,-0.03627,-0.03603,-0.03744,-0.03569,-0.02373,-0.01632
970.75,-0.03643,-0.03602,-0.03898,-0.03558,-0.02541,-0.01535
971.04,-0.03677,-0.03704,-0.03908,-0.03575,-0.02557,-0.01469
971.34,-0.03899,-0.03961,-0.03976,-0.03796,-0.0278,-0.01598
971.63,-0.03971,-0.03906,-0.04087,-0.03875,-0.02988,-0.01556
971.93,-0.04046,-0.04015,-0.04172,-0.04091,-0.03048,-0.01641
972.22,-0.04043,-0.04079,-0.04391,-0.04242,-0.03106,-0.01799
972.51,-0.04038,-0.04,-0.04356,-0.04239,-0.03124,-0.01812
972.81,-0.04,-0.03888,-0.04342,-0.04292,-0.03004,-0.01855
973.1,-0.03971,-0.03779,-0.04332,-0.04212,-0.03004,-0.01964
973.39,-0.03883,-0.03722,-0.04321,-0.04136,-0.02941,-0.01933
973.69,-0.03997,-0.03903,-0.04557,-0.04154,-0.02933,-0.019
973.98,-0.04018,-0.03883,-0.04601,-0.03941,-0.02934,-0.0183
974.27,-0.03941,-0.03798,-0.04353,-0.0373,-0.02732,-0.01655
974.57,-0.04118,-0.03958,-0.04473,-0.03873,-0.02945,-0.01928
974.86,-0.04153,-0.04067,-0.04451,-0.03951,-0.03071,-0.02005
975.15,-0.04289,-0.04124,-0.04519,-0.04032,-0.03241,-0.01983
975.45,-0.04261,-0.04084,-0.046,-0.04078,-0.03245,-0.01975
975.74,-0.0414,-0.03852,-0.04218,-0.03875,-0.03035,-0.01994
976.03,-0.04353,-0.03882,-0.04367,-0.04095,-0.03119,-0.02174
976.33,-0.0458,-0.04048,-0.04403,-0.04289,-0.03221,-0.02339
976.62,-0.04402,-0.0406,-0.04516,-0.04227,-0.03151,-0.0225
976.91,-0.04304,-0.04151,-0.04473,-0.04267,-0.02946,-0.02272
977.21,-0.04193,-0.04203,-0.04462,-0.04263,-0.02711,-0.02352
977.5,-0.04115,-0.04183,-0.04418,-0.04188,-0.02681,-0.02302
977.79,-0.04277,-0.04484,-0.0483,-0.04637,-0.03031,-0.02459
978.08,-0.04066,-0.04474,-0.04683,-0.04448,-0.02908,-0.02342
978.38,-0.03998,-0.04545,-0.04777,-0.04688,-0.03023,-0.02388
978.67,-0.04138,-0.04488,-0.04736,-0.04791,-0.02969,-0.02382
978.96,-0.04292,-0.0452,-0.04822,-0.0469,-0.03101,-0.02462
979.25,-0.04576,-0.04545,-0.0496,-0.04804,-0.03292,-0.0248
979.55,-0.04702,-0.04648,-0.05011,-0.05007,-0.03472,-0.02752
979.84,-0.04819,-0.04703,-0.04931,-0.04829,-0.03493,-0.02789
980.13,-0.04831,-0.04776,-0.05007,-0.04887,-0.03678,-0.02847
980.42,-0.0459,-0.04707,-0.05026,-0.04674,-0.03626,-0.02722
980.71,-0.04833,-0.04981,-0.05161,-0.04824,-0.03938,-0.02894
981.01,-0.04964,-0.05,-0.05345,-0.04879,-0.03907,-0.02947
981.3,-0.0478,-0.0507,-0.05284,-0.04864,-0.03809,-0.02828
981.59,-0.05103,-0.05242,-0.0547,-0.05019,-0.03645,-0.02747
981.88,-0.05114,-0.05142,-0.05659,-0.05219,-0.03638,-0.0306
982.18,-0.05232,-0.0497,-0.05578,-0.05309,-0.03797,-0.03257
982.47,-0.0423,-0.03924,-0.04502,-0.04142,-0.0267,-0.021
982.76,-0.03789,-0.03609,-0.04255,-0.03868,-0.02218,-0.0178
983.05,-0.03562,-0.03473,-0.0409,-0.03883,-0.02348,-0.01546
983.34,-0.03643,-0.03543,-0.04239,-0.03986,-0.0261,-0.01641
983.63,-0.03264,-0.03285,-0.04067,-0.03836,-0.0263,-0.01575
983.93,-0.0317,-0.03257,-0.0396,-0.03698,-0.02536,-0.01346
984.22,-0.03373,-0.03476,-0.04271,-0.03869,-0.02439,-0.01365
984.51,-0.04721,-0.047,-0.05508,-0.05085,-0.03721,-0.02722
984.8,-0.05089,-0.04934,-0.05798,-0.05254,-0.04166,-0.02979
985.09,-0.05483,-0.05281,-0.0612,-0.05409,-0.04181,-0.03261
985.38,-0.05632,-0.05415,-0.06128,-0.05373,-0.04279,-0.03454
985.67,-0.05899,-0.05667,-0.06325,-0.05435,-0.04536,-0.03615
985.96,-0.0616,-0.06028,-0.06477,-0.05603,-0.04723,-0.03805
986.26,-0.06109,-0.06124,-0.06511,-0.05581,-0.04799,-0.03772
986.55,-0.06159,-0.06418,-0.06686,-0.05814,-0.05081,-0.03886
986.84,-0.06014,-0.06435,-0.06644,-0.0575,-0.05169,-0.03918
987.13,-0.05785,-0.06407,-0.06367,-0.05625,-0.05467,-0.03844
987.42,-0.05999,-0.06605,-0.0645,-0.05865,-0.05608,-0.04016
987.71,-0.06245,-0.06574,-0.06492,-0.05759,-0.05643,-0.03987
988,-0.06182,-0.06554,-0.06609,-0.05989,-0.05599,-0.03976
988.29,-0.06041,-0.06462,-0.06465,-0.05986,-0.05448,-0.03813
988.58,-0.06125,-0.06448,-0.06611,-0.06112,-0.05319,-0.04027
988.87,-0.06405,-0.06346,-0.06829,-0.06478,-0.05379,-0.04321
989.16,-0.06591,-0.06269,-0.06879,-0.06682,-0.05284,-0.04507
989.46,-0.06501,-0.06314,-0.06923,-0.06594,-0.05281,-0.046
989.75,-0.06308,-0.06507,-0.06977,-0.06724,-0.05481,-0.04755
990.04,-0.06084,-0.06189,-0.06603,-0.06342,-0.05288,-0.04544
990.33,-0.06157,-0.06498,-0.06858,-0.0643,-0.05537,-0.04677
990.62,-0.06122,-0.06374,-0.06712,-0.06441,-0.05989,-0.04687
990.91,-0.05974,-0.06578,-0.06599,-0.06299,-0.0595,-0.04645
991.2,-0.06013,-0.06638,-0.06874,-0.06392,-0.05909,-0.0461
991.49,-0.06008,-0.0658,-0.06884,-0.06434,-0.05749,-0.0442
991.78,-0.06016,-0.06401,-0.0685,-0.06587,-0.05437,-0.0438
992.07,-0.06492,-0.06863,-0.07493,-0.07314,-0.06046,-0.04852
992.36,-0.06729,-0.06888,-0.07443,-0.07503,-0.06258,-0.04962
992.65,-0.06894,-0.06872,-0.07498,-0.07564,-0.05969,-0.04881
992.94,-0.0715,-0.07031,-0.07547,-0.07629,-0.05801,-0.04753
993.23,-0.07275,-0.07246,-0.07497,-0.07592,-0.06131,-0.04779
993.52,-0.07509,-0.07563,-0.07809,-0.0805,-0.06428,-0.05117
993.81,-0.0772,-0.078,-0.08026,-0.08166,-0.06839,-0.052
994.1,-0.07584,-0.07656,-0.07721,-0.07675,-0.0664,-0.05201
994.39,-0.07759,-0.07776,-0.07939,-0.07833,-0.06652,-0.05542
994.68,-0.07676,-0.07786,-0.08012,-0.07971,-0.06516,-0.05624
994.96,-0.07682,-0.07606,-0.08125,-0.08058,-0.06714,-0.05823
995.25,-0.07714,-0.07495,-0.0837,-0.08216,-0.066,-0.05916
995.54,-0.0766,-0.07326,-0.08091,-0.07715,-0.06467,-0.05695
995.83,-0.07708,-0.07449,-0.08032,-0.07844,-0.06416,-0.05903
996.12,-0.08111,-0.07582,-0.0823,-0.08228,-0.06669,-0.05951
996.41,-0.07979,-0.07522,-0.08174,-0.08002,-0.06707,-0.05721
996.7,-0.08093,-0.07586,-0.08351,-0.0785,-0.06971,-0.05627
996.99,-0.0824,-0.07992,-0.08501,-0.08045,-0.07208,-0.06052
997.28,-0.08216,-0.08055,-0.08362,-0.08097,-0.07182,-0.06149
997.57,-0.08299,-0.0768,-0.08192,-0.08057,-0.07187,-0.0621
997.86,-0.08454,-0.0773,-0.0853,-0.08045,-0.07376,-0.06306
998.15,-0.08223,-0.07758,-0.08467,-0.07959,-0.07234,-0.0612
998.43,-0.08658,-0.07754,-0.0857,-0.083,-0.07525,-0.06455
998.72,-0.08685,-0.07768,-0.08309,-0.08422,-0.0733,-0.06568
999.01,-0.09009,-0.07867,-0.08466,-0.08594,-0.07696,-0.06617
999.3,-0.09431,-0.08038,-0.08792,-0.08944,-0.08252,-0.06862
999.59,-0.0922,-0.08456,-0.09232,-0.09343,-0.08348,-0.06993
999.88,-0.09244,-0.0859,-0.09381,-0.09534,-0.08477,-0.06881
1000.17,-0.09597,-0.09122,-0.09506,-0.09982,-0.08875,-0.07184
1000.45,-0.08966,-0.0911,-0.09463,-0.09869,-0.08476,-0.06892
1000.74,-0.09212,-0.09312,-0.09674,-0.09819,-0.0876,-0.07151
1001.03,-0.08919,-0.094,-0.09847,-0.09809,-0.08558,-0.06696
1001.32,-0.08384,-0.09172,-0.094,-0.09321,-0.08038,-0.0656
1001.61,-0.08734,-0.09286,-0.09414,-0.09345,-0.08375,-0.06816
1001.9,-0.08986,-0.09744,-0.09395,-0.09646,-0.08683,-0.07226
1002.18,-0.08966,-0.09615,-0.09677,-0.09435,-0.08761,-0.07284
1002.47,-0.09814,-0.09876,-0.10077,-0.09661,-0.09074,-0.07645
1002.76,-0.09821,-0.10126,-0.10245,-0.10196,-0.0941,-0.07851
1003.05,-0.10082,-0.10101,-0.09976,-0.10147,-0.09587,-0.08325
1003.34,-0.10463,-0.10586,-0.10575,-0.10664,-0.09982,-0.08545
1003.62,-0.10589,-0.10976,-0.11127,-0.1121,-0.10337,-0.08665
1003.91,-0.10594,-0.10643,-0.11138,-0.1113,-0.1008,-0.08694
1004.2,-0.10831,-0.10889,-0.11366,-0.11334,-0.10257,-0.08904
1004.49,-0.10177,-0.10651,-0.10953,-0.10902,-0.1014,-0.0876
1004.77,-0.10899,-0.10941,-0.11566,-0.10975,-0.10341,-0.0898
1005.06,-0.10657,-0.10764,-0.11561,-0.10807,-0.10237,-0.08932
1005.35,-0.11162,-0.10928,-0.11722,-0.10717,-0.10406,-0.09265
1005.64,-0.11155,-0.10979,-0.11603,-0.10547,-0.10244,-0.09348
1005.92,-0.11211,-0.10905,-0.11435,-0.10187,-0.1049,-0.09389
1006.21,-0.11209,-0.10853,-0.11262,-0.10024,-0.10485,-0.09525
1006.5,-0.12091,-0.11242,-0.12061,-0.10847,-0.11066,-0.10003
1006.79,-0.11608,-0.11443,-0.12266,-0.10953,-0.1123,-0.10243
1007.07,-0.12121,-0.12044,-0.12847,-0.11576,-0.11498,-0.10641
1007.36,-0.11951,-0.12066,-0.13143,-0.12072,-0.1176,-0.10643
1007.65,-0.12298,-0.11971,-0.1304,-0.11989,-0.11738,-0.10592
1007.93,-0.13113,-0.12411,-0.13601,-0.12674,-0.12125,-0.10929
1008.22,-0.13198,-0.12212,-0.13713,-0.1283,-0.12346,-0.10835
1008.51,-0.13819,-0.13054,-0.14394,-0.13637,-0.12882,-0.1164
1008.8,-0.14309,-0.12898,-0.14128,-0.13735,-0.12885,-0.11817
1009.08,-0.14454,-0.12871,-0.14374,-0.13949,-0.13044,-0.12057
1009.37,-0.14829,-0.13077,-0.14374,-0.13712,-0.13447,-0.12317
1009.66,-0.14962,-0.13188,-0.14912,-0.1366,-0.13945,-0.12639
1009.94,-0.14058,-0.12837,-0.14542,-0.13232,-0.13856,-0.12536
1010.23,-0.14069,-0.13106,-0.14753,-0.1339,-0.13877,-0.12269
1010.52,-0.13773,-0.12907,-0.14056,-0.12471,-0.13667,-0.12042
1010.8,-0.1387,-0.13338,-0.13792,-0.12639,-0.13811,-0.11983
1011.09,-0.1411,-0.14071,-0.14445,-0.13087,-0.14317,-0.1237
1011.37,-0.14326,-0.14343,-0.14385,-0.13681,-0.14289,-0.12549
1011.66,-0.14791,-0.14715,-0.14449,-0.14527,-0.14514,-0.12895
1011.95,-0.15062,-0.14628,-0.15062,-0.14358,-0.1405,-0.1297
1012.23,-0.15649,-0.15123,-0.15737,-0.15285,-0.14173,-0.14252
1012.52,-0.15652,-0.15392,-0.16122,-0.15615,-0.14005,-0.1408
1012.8,-0.15802,-0.15521,-0.16453,-0.15721,-0.13914,-0.13995
1013.09,-0.15918,-0.15386,-0.15686,-0.15453,-0.13794,-0.1389
1013.38,-0.15888,-0.15787,-0.16221,-0.15604,-0.13532,-0.14
1013.66,-0.15987,-0.16052,-0.1633,-0.15582,-0.13502,-0.13864
1013.95,-0.17309,-0.1756,-0.17128,-0.16756,-0.14541,-0.14853
1014.23,-0.17232,-0.17803,-0.16635,-0.16476,-0.1474,-0.14963
1014.52,-0.17131,-0.17995,-0.16746,-0.16819,-0.15098,-0.15323
1014.81,-0.17131,-0.1818,-0.17056,-0.17017,-0.15643,-0.15881
1015.09,-0.17309,-0.1831,-0.18212,-0.17639,-0.1629,-0.16112
1015.38,-0.17267,-0.18108,-0.18093,-0.1746,-0.16633,-0.1615
1015.66,-0.16837,-0.18281,-0.18373,-0.17729,-0.16617,-0.16988
1015.95,-0.16301,-0.17871,-0.18151,-0.18509,-0.17077,-0.17007
1016.23,-0.15614,-0.17786,-0.18411,-0.18568,-0.17091,-0.17029
1016.52,-0.16694,-0.17972,-0.19438,-0.19396,-0.17562,-0.17315
1016.8,-0.16786,-0.18194,-0.19561,-0.19743,-0.17378,-0.17362
1017.09,-0.1685,-0.17999,-0.18982,-0.19709,-0.17261,-0.17213
1017.37,-0.17962,-0.18495,-0.19405,-0.20665,-0.17692,-0.17803
1017.66,-0.18825,-0.18846,-0.19527,-0.21711,-0.18617,-0.17875
1017.94,-0.17885,-0.18699,-0.18846,-0.20617,-0.17568,-0.16858
1018.23,-0.18506,-0.19132,-0.19333,-0.21054,-0.1871,-0.17015
1018.51,-0.18273,-0.19396,-0.18824,-0.20794,-0.18856,-0.17384
1018.8,-0.18493,-0.19342,-0.18888,-0.20244,-0.19123,-0.17232
1019.08,-0.18553,-0.19331,-0.1876,-0.19985,-0.19083,-0.17142
1019.37,-0.17855,-0.19149,-0.18162,-0.19176,-0.19054,-0.16906
1019.65,-0.17588,-0.18975,-0.18328,-0.18496,-0.19117,-0.16437
1019.94,-0.18831,-0.19924,-0.19605,-0.19731,-0.20098,-0.1796
1020.22,-0.18655,-0.18637,-0.18886,-0.19401,-0.18924,-0.17136
1020.51,-0.18303,-0.18039,-0.18477,-0.1909,-0.19248,-0.16449
1020.79,-0.18608,-0.19126,-0.19027,-0.19918,-0.20084,-0.17316
1021.08,-0.19203,-0.19901,-0.19831,-0.20611,-0.20747,-0.18089
1021.36,-0.20266,-0.20436,-0.21005,-0.21732,-0.21514,-0.18591
1021.64,-0.21264,-0.21435,-0.21938,-0.22452,-0.22056,-0.19797
1021.93,-0.21828,-0.21459,-0.21771,-0.22307,-0.22602,-0.19448
1022.21,-0.23527,-0.23355,-0.2307,-0.23427,-0.24072,-0.20769
1022.5,-0.24439,-0.24323,-0.23778,-0.24132,-0.24381,-0.21699
1022.78,-0.25279,-0.23761,-0.23692,-0.24512,-0.2486,-0.21511
1023.07,-0.25279,-0.23761,-0.23692,-0.24512,-0.2486,-0.21511
1023.35,-0.25279,-0.23761,-0.23692,-0.24512,-0.2486,-0.21511