EXMPC,0,0,0,0,0,0
WAC,0,0,0,0,0,0
G03,0,0,0,0,0,0
530,0,0,0,0,0,0
15,0,0,0,0,0,0
nm,0,0,0,0,0,0
Angular Dependence,0,0,0,0,0,0
Wavelengths,0,8,16,24,32,40
359.77,-0.68412,-0.64507,-0.6507,-0.66628,-0.65911,-0.67366
360.15,-0.61077,-0.62393,-0.62179,-0.6116,-0.5782,-0.6168
360.52,-0.58892,-0.61296,-0.60517,-0.59215,-0.56959,-0.59711
360.9,-0.59738,-0.59673,-0.57703,-0.57554,-0.56569,-0.5955
361.27,-0.59759,-0.61323,-0.58759,-0.59583,-0.58207,-0.61122
361.65,-0.54981,-0.5763,-0.549,-0.544,-0.55783,-0.56883
362.02,-0.518,-0.54057,-0.52019,-0.51019,-0.52677,-0.52967
362.4,-0.53305,-0.54161,-0.52425,-0.50564,-0.53476,-0.52005
362.77,-0.58972,-0.55986,-0.56994,-0.53784,-0.57637,-0.56156
363.15,-0.60966,-0.55076,-0.5872,-0.53375,-0.56178,-0.56141
363.52,-0.56764,-0.5083,-0.5558,-0.50547,-0.53126,-0.52372
363.9,-0.5384,-0.47157,-0.5319,-0.47996,-0.49792,-0.50642
364.27,-0.53896,-0.48021,-0.53265,-0.50327,-0.48506,-0.53124
364.64,-0.52665,-0.48038,-0.53542,-0.51771,-0.47521,-0.53059
365.02,-0.50906,-0.47135,-0.54023,-0.51345,-0.46872,-0.53332
365.39,-0.47864,-0.44793,-0.50993,-0.50161,-0.45793,-0.5157
365.77,-0.44565,-0.44724,-0.4702,-0.498,-0.44606,-0.50509
366.14,-0.45495,-0.47287,-0.49114,-0.51169,-0.455,-0.51061
366.52,-0.43365,-0.4613,-0.46372,-0.48158,-0.44018,-0.47441
366.89,-0.44562,-0.46801,-0.46329,-0.47346,-0.44842,-0.46722
367.26,-0.42485,-0.4483,-0.43627,-0.45093,-0.4359,-0.45097
367.64,-0.41133,-0.43441,-0.4069,-0.41718,-0.42765,-0.42952
368.01,-0.39261,-0.43027,-0.39296,-0.40174,-0.40909,-0.4203
368.39,-0.40265,-0.42269,-0.40287,-0.40505,-0.41616,-0.41873
368.76,-0.39443,-0.41035,-0.3849,-0.39775,-0.40792,-0.41341
369.13,-0.3812,-0.40036,-0.37884,-0.39449,-0.39022,-0.38973
369.51,-0.37299,-0.38698,-0.37559,-0.37921,-0.38589,-0.3832
369.88,-0.36617,-0.3871,-0.37987,-0.37689,-0.37689,-0.37272
370.25,-0.34832,-0.367,-0.36301,-0.36874,-0.34739,-0.35259
370.63,-0.33628,-0.35155,-0.35652,-0.35899,-0.34012,-0.32937
371,-0.3144,-0.3357,-0.33884,-0.34352,-0.32059,-0.30647
371.38,-0.30088,-0.31597,-0.32152,-0.32049,-0.30671,-0.28897
371.75,-0.30609,-0.30984,-0.31773,-0.31791,-0.3162,-0.29281
372.12,-0.28626,-0.29022,-0.29992,-0.30706,-0.29656,-0.27002
372.5,-0.27879,-0.27595,-0.2911,-0.29159,-0.28698,-0.26879
372.87,-0.28137,-0.27218,-0.29824,-0.28251,-0.29484,-0.27262
373.24,-0.2808,-0.25775,-0.28677,-0.27044,-0.28463,-0.26161
373.62,-0.27545,-0.24778,-0.28056,-0.25519,-0.27722,-0.26296
373.99,-0.26778,-0.25464,-0.28112,-0.25377,-0.2772,-0.25973
374.36,-0.24872,-0.25042,-0.26561,-0.24123,-0.25681,-0.25377
374.74,-0.24586,-0.2572,-0.26224,-0.24406,-0.26174,-0.26058
375.11,-0.24109,-0.25601,-0.25487,-0.24101,-0.25743,-0.24561
375.48,-0.23373,-0.25653,-0.2445,-0.24668,-0.25396,-0.24251
375.86,-0.2262,-0.25573,-0.23942,-0.24637,-0.24908,-0.25061
376.23,-0.21766,-0.25048,-0.23055,-0.23655,-0.24006,-0.23397
376.6,-0.2131,-0.23648,-0.21935,-0.23086,-0.22927,-0.22565
376.98,-0.21796,-0.23601,-0.22548,-0.23293,-0.22854,-0.22697
377.35,-0.20665,-0.22226,-0.21852,-0.21483,-0.21257,-0.21144
377.72,-0.1977,-0.21103,-0.20836,-0.20431,-0.20091,-0.20386
378.1,-0.19481,-0.20234,-0.20763,-0.20188,-0.19366,-0.19582
378.47,-0.19107,-0.19746,-0.20101,-0.19774,-0.187,-0.18399
378.84,-0.1861,-0.19591,-0.19756,-0.20079,-0.18377,-0.18516
379.22,-0.18132,-0.19185,-0.19203,-0.19093,-0.17951,-0.18157
379.59,-0.17555,-0.1841,-0.18533,-0.18428,-0.17618,-0.18055
379.96,-0.17231,-0.17948,-0.17664,-0.18148,-0.17214,-0.17839
380.33,-0.16967,-0.17402,-0.17677,-0.17894,-0.16712,-0.17773
380.71,-0.1654,-0.16554,-0.16969,-0.16948,-0.15942,-0.17152
381.08,-0.16394,-0.16163,-0.16343,-0.16231,-0.15917,-0.16885
381.45,-0.16935,-0.16317,-0.16315,-0.16121,-0.1603,-0.17042
381.83,-0.16942,-0.16027,-0.16061,-0.16683,-0.15917,-0.16794
382.2,-0.16383,-0.15354,-0.15765,-0.1616,-0.15686,-0.15797
382.57,-0.16606,-0.15794,-0.16206,-0.1637,-0.15527,-0.15754
382.94,-0.16522,-0.15292,-0.15595,-0.16401,-0.14995,-0.15317
383.32,-0.16364,-0.15695,-0.15625,-0.16476,-0.15058,-0.15527
383.69,-0.15886,-0.15242,-0.15658,-0.16481,-0.14783,-0.15325
384.06,-0.15204,-0.13828,-0.14493,-0.15484,-0.13945,-0.14238
384.43,-0.14219,-0.1315,-0.13767,-0.14584,-0.13269,-0.13485
384.81,-0.14084,-0.13038,-0.13079,-0.13894,-0.12579,-0.13058
385.18,-0.13445,-0.1216,-0.12307,-0.12908,-0.12116,-0.12674
385.55,-0.12986,-0.11561,-0.11518,-0.11941,-0.11982,-0.12447
385.92,-0.12623,-0.10973,-0.10829,-0.1126,-0.11666,-0.1209
386.3,-0.12466,-0.10776,-0.10488,-0.10601,-0.11268,-0.11801
386.67,-0.12397,-0.11209,-0.10883,-0.10775,-0.11057,-0.1185
387.04,-0.12264,-0.10895,-0.10739,-0.10372,-0.10632,-0.11445
387.41,-0.11562,-0.10318,-0.1058,-0.10164,-0.10381,-0.11468
387.78,-0.11039,-0.10164,-0.10476,-0.10345,-0.10218,-0.11091
388.16,-0.10936,-0.10715,-0.11123,-0.10832,-0.10377,-0.10924
388.53,-0.10295,-0.10434,-0.10988,-0.1061,-0.09971,-0.10012
388.9,-0.10038,-0.10209,-0.10728,-0.10518,-0.09629,-0.09603
389.27,-0.09613,-0.09761,-0.1012,-0.09949,-0.09409,-0.09243
389.65,-0.09374,-0.09841,-0.10083,-0.098,-0.09122,-0.09214
390.02,-0.09718,-0.09611,-0.09825,-0.09526,-0.08991,-0.08826
390.39,-0.09636,-0.09267,-0.09397,-0.0922,-0.08951,-0.08706
390.76,-0.09236,-0.08845,-0.08746,-0.08625,-0.085,-0.0848
391.13,-0.09284,-0.08553,-0.08245,-0.08128,-0.08181,-0.0838
391.5,-0.08773,-0.08103,-0.07617,-0.07699,-0.07863,-0.08002
391.88,-0.08365,-0.0795,-0.07434,-0.07669,-0.07887,-0.07761
392.25,-0.08289,-0.07767,-0.07367,-0.07731,-0.08019,-0.07767
392.62,-0.07978,-0.07927,-0.0733,-0.07584,-0.07963,-0.07894
392.99,-0.08127,-0.08042,-0.07491,-0.07417,-0.07642,-0.07665
393.36,-0.08127,-0.07975,-0.07412,-0.07075,-0.07687,-0.0748
393.73,-0.07931,-0.08124,-0.07595,-0.07251,-0.07886,-0.07825
394.11,-0.07935,-0.08357,-0.07633,-0.07306,-0.08042,-0.08074
394.48,-0.08061,-0.08183,-0.07632,-0.0707,-0.07687,-0.07906
394.85,-0.08278,-0.08423,-0.07827,-0.07206,-0.07831,-0.08111
395.22,-0.08136,-0.08188,-0.07499,-0.07209,-0.07571,-0.078
395.59,-0.0787,-0.08059,-0.07408,-0.0723,-0.07654,-0.07735
395.96,-0.07815,-0.08021,-0.07385,-0.07502,-0.07563,-0.07763
396.33,-0.07547,-0.07663,-0.07207,-0.07112,-0.07198,-0.0727
396.71,-0.07324,-0.07312,-0.07319,-0.06894,-0.06859,-0.07085
397.08,-0.07159,-0.07484,-0.0716,-0.06812,-0.06983,-0.07117
397.45,-0.06589,-0.06877,-0.06658,-0.06276,-0.06508,-0.06525
397.82,-0.06565,-0.06896,-0.06854,-0.06337,-0.06662,-0.06433
398.19,-0.06283,-0.06661,-0.06722,-0.06202,-0.06663,-0.06413
398.56,-0.06138,-0.06442,-0.06676,-0.05816,-0.06518,-0.06295
398.93,-0.06082,-0.06278,-0.06455,-0.05914,-0.0631,-0.06242
399.3,-0.06157,-0.06372,-0.06364,-0.05886,-0.06421,-0.06038
399.68,-0.06016,-0.06062,-0.0625,-0.05755,-0.06085,-0.05666
400.05,-0.06081,-0.06122,-0.06174,-0.05831,-0.06014,-0.05763
400.42,-0.05745,-0.05837,-0.05848,-0.05305,-0.05637,-0.05517
400.79,-0.05934,-0.05989,-0.05732,-0.0545,-0.05454,-0.05523
401.16,-0.05716,-0.05669,-0.05489,-0.05345,-0.05098,-0.0537
401.53,-0.05843,-0.05767,-0.05581,-0.05401,-0.05149,-0.05276
401.9,-0.05592,-0.05557,-0.05445,-0.05317,-0.05026,-0.05301
402.27,-0.05304,-0.05388,-0.05172,-0.05181,-0.04901,-0.05293
402.64,-0.0516,-0.05332,-0.05112,-0.04995,-0.04715,-0.05036
403.01,-0.05344,-0.0541,-0.05116,-0.05239,-0.04823,-0.05062
403.38,-0.05089,-0.05109,-0.0485,-0.04821,-0.04571,-0.04698
403.75,-0.05118,-0.05344,-0.04907,-0.05001,-0.04831,-0.04618
404.12,-0.04955,-0.05105,-0.04644,-0.04771,-0.04662,-0.04636
404.5,-0.04908,-0.04991,-0.04629,-0.04792,-0.0454,-0.04578
404.87,-0.05177,-0.04967,-0.0479,-0.04901,-0.04549,-0.04632
405.24,-0.05195,-0.04977,-0.04657,-0.04915,-0.04701,-0.04788
405.61,-0.0506,-0.04889,-0.04675,-0.04829,-0.04771,-0.04766
405.98,-0.04981,-0.04881,-0.04762,-0.04874,-0.04898,-0.04854
406.35,-0.04861,-0.04648,-0.04694,-0.04702,-0.04635,-0.04745
406.72,-0.04766,-0.04699,-0.04731,-0.04686,-0.04751,-0.04717
407.09,-0.04661,-0.04604,-0.04608,-0.04579,-0.04651,-0.04491
407.46,-0.04331,-0.04516,-0.04398,-0.04374,-0.04516,-0.04264
407.83,-0.04274,-0.04335,-0.04357,-0.0429,-0.04399,-0.04084
408.2,-0.04151,-0.03998,-0.04177,-0.0416,-0.04072,-0.03906
408.57,-0.04097,-0.03787,-0.04006,-0.03937,-0.03829,-0.03699
408.94,-0.03962,-0.03616,-0.0383,-0.03797,-0.03788,-0.03682
409.31,-0.03891,-0.03569,-0.03745,-0.0379,-0.03661,-0.03659
409.68,-0.0388,-0.03465,-0.03621,-0.03633,-0.03563,-0.03689
410.05,-0.03816,-0.03262,-0.03533,-0.03602,-0.03489,-0.03678
410.42,-0.03648,-0.03266,-0.03547,-0.03639,-0.03354,-0.0366
410.79,-0.0356,-0.03413,-0.03487,-0.03705,-0.0332,-0.03636
411.16,-0.03475,-0.03407,-0.03412,-0.0367,-0.03279,-0.03631
411.53,-0.03487,-0.03503,-0.03392,-0.0364,-0.03295,-0.03523
411.9,-0.03486,-0.03434,-0.03298,-0.0351,-0.03287,-0.03304
412.27,-0.03309,-0.03336,-0.03145,-0.03369,-0.03217,-0.0308
412.64,-0.03203,-0.03359,-0.03107,-0.03231,-0.03188,-0.02998
413.01,-0.03213,-0.03214,-0.02953,-0.0297,-0.03086,-0.02872
413.38,-0.03161,-0.03116,-0.02806,-0.02868,-0.0299,-0.02825
413.75,-0.03085,-0.03038,-0.02748,-0.02844,-0.02849,-0.02794
414.12,-0.02965,-0.0287,-0.02622,-0.0277,-0.02648,-0.02765
414.49,-0.0296,-0.02828,-0.02676,-0.02712,-0.02503,-0.02806
414.86,-0.03032,-0.02915,-0.02709,-0.02782,-0.02504,-0.02865
415.23,-0.03019,-0.02876,-0.0271,-0.02806,-0.02497,-0.02893
415.6,-0.02912,-0.0278,-0.02653,-0.02777,-0.02468,-0.02835
415.96,-0.02887,-0.02756,-0.02744,-0.02766,-0.02523,-0.02799
416.33,-0.02951,-0.02738,-0.02775,-0.02745,-0.02588,-0.02763
416.7,-0.0291,-0.02728,-0.02759,-0.02752,-0.02573,-0.02638
417.07,-0.02732,-0.02625,-0.02658,-0.02699,-0.02548,-0.02551
417.44,-0.02712,-0.02534,-0.02631,-0.02727,-0.02429,-0.02527
417.81,-0.02761,-0.02527,-0.02585,-0.02675,-0.02349,-0.0254
418.18,-0.02834,-0.02619,-0.02627,-0.02723,-0.02422,-0.02569
418.55,-0.02782,-0.02577,-0.02579,-0.02656,-0.02325,-0.02515
418.92,-0.02647,-0.02477,-0.02478,-0.026,-0.02251,-0.02462
419.29,-0.02724,-0.0247,-0.02454,-0.02653,-0.02266,-0.02527
419.66,-0.02679,-0.02414,-0.02381,-0.02642,-0.02218,-0.02536
420.03,-0.02543,-0.02391,-0.02389,-0.02528,-0.02241,-0.02478
420.39,-0.02414,-0.02344,-0.02326,-0.02443,-0.02269,-0.02378
420.76,-0.02405,-0.02363,-0.02322,-0.0246,-0.02324,-0.02417
421.13,-0.02399,-0.02374,-0.02292,-0.02478,-0.02399,-0.02434
421.5,-0.0239,-0.02357,-0.0233,-0.02466,-0.02409,-0.02409
421.87,-0.02359,-0.02389,-0.02336,-0.0235,-0.02367,-0.02386
422.24,-0.02406,-0.02477,-0.02422,-0.02296,-0.02418,-0.02319
422.61,-0.02413,-0.02478,-0.02394,-0.02265,-0.02415,-0.02328
422.98,-0.02462,-0.02478,-0.02381,-0.0229,-0.02371,-0.02305
423.35,-0.02346,-0.02369,-0.02256,-0.02154,-0.02221,-0.02226
423.71,-0.02264,-0.02344,-0.02188,-0.02069,-0.02162,-0.02173
424.08,-0.02203,-0.02344,-0.02078,-0.02022,-0.02089,-0.0209
424.45,-0.02079,-0.02236,-0.01994,-0.02008,-0.02108,-0.02018
424.82,-0.01986,-0.02089,-0.01834,-0.01952,-0.01988,-0.01953
425.19,-0.02007,-0.02095,-0.01853,-0.01991,-0.01968,-0.01914
425.56,-0.01949,-0.0208,-0.01812,-0.01979,-0.01929,-0.01866
425.93,-0.01933,-0.02078,-0.01845,-0.01979,-0.0194,-0.01824
426.29,-0.01918,-0.01965,-0.01828,-0.01948,-0.01909,-0.0178
426.66,-0.01855,-0.01862,-0.01799,-0.01881,-0.01898,-0.01759
427.03,-0.01871,-0.01862,-0.01815,-0.01873,-0.0184,-0.01769
427.4,-0.01838,-0.01849,-0.01833,-0.01878,-0.01797,-0.01794
427.77,-0.01786,-0.01769,-0.01756,-0.01755,-0.01734,-0.01733
428.14,-0.01719,-0.01663,-0.01703,-0.01659,-0.01636,-0.01646
428.5,-0.0167,-0.01607,-0.01651,-0.01641,-0.01579,-0.01586
428.87,-0.0169,-0.01616,-0.01663,-0.01608,-0.01549,-0.01606
429.24,-0.0171,-0.01674,-0.01693,-0.01624,-0.0153,-0.01601
429.61,-0.01651,-0.01635,-0.01675,-0.01537,-0.01503,-0.01521
429.98,-0.01641,-0.01582,-0.01616,-0.0147,-0.01521,-0.01428
430.34,-0.01558,-0.01539,-0.01592,-0.01451,-0.01481,-0.0138
430.71,-0.0152,-0.01551,-0.01601,-0.01414,-0.01513,-0.01387
431.08,-0.0148,-0.01499,-0.01564,-0.01391,-0.01465,-0.0136
431.45,-0.01469,-0.01508,-0.01536,-0.01402,-0.01449,-0.01291
431.82,-0.01461,-0.01425,-0.01482,-0.01355,-0.01442,-0.01297
432.18,-0.01433,-0.01362,-0.01411,-0.01354,-0.01431,-0.01311
432.55,-0.01411,-0.01393,-0.01429,-0.01368,-0.01396,-0.01348
432.92,-0.01422,-0.01379,-0.0141,-0.01361,-0.01368,-0.01336
433.29,-0.01415,-0.01348,-0.01405,-0.01337,-0.01339,-0.01316
433.65,-0.01402,-0.01339,-0.01388,-0.01297,-0.01342,-0.01299
434.02,-0.0136,-0.01286,-0.01338,-0.01252,-0.01274,-0.01293
434.39,-0.01388,-0.0135,-0.01355,-0.01273,-0.01255,-0.01284
434.76,-0.01376,-0.01367,-0.0138,-0.01242,-0.01198,-0.01238
435.12,-0.01404,-0.01355,-0.01385,-0.01242,-0.01198,-0.01216
435.49,-0.01403,-0.01379,-0.0137,-0.0124,-0.0121,-0.01187
435.86,-0.01402,-0.01344,-0.01338,-0.0126,-0.01177,-0.01159
436.23,-0.01399,-0.01355,-0.01332,-0.01282,-0.01165,-0.01138
436.59,-0.01351,-0.01343,-0.01322,-0.01275,-0.01153,-0.01119
436.96,-0.01245,-0.01294,-0.01259,-0.01223,-0.01095,-0.01073
437.33,-0.01233,-0.01266,-0.01202,-0.01225,-0.01094,-0.01044
437.7,-0.01204,-0.01237,-0.01143,-0.01217,-0.01028,-0.01028
438.06,-0.01179,-0.01216,-0.01114,-0.01216,-0.01019,-0.01028
438.43,-0.01176,-0.01226,-0.01107,-0.01194,-0.01005,-0.01011
438.8,-0.01161,-0.01213,-0.01079,-0.01166,-0.00965,-0.00986
439.16,-0.01144,-0.01166,-0.01091,-0.01119,-0.00992,-0.00976
439.53,-0.01162,-0.01155,-0.01097,-0.01101,-0.01017,-0.00953
439.9,-0.01154,-0.01123,-0.01117,-0.01091,-0.01025,-0.00931
440.27,-0.01126,-0.01109,-0.01145,-0.01078,-0.01078,-0.00941
440.63,-0.01093,-0.01062,-0.01144,-0.01034,-0.01067,-0.0094
441,-0.01062,-0.01059,-0.01148,-0.01029,-0.01098,-0.0096
441.37,-0.01042,-0.01024,-0.0112,-0.00995,-0.01083,-0.00934
441.73,-0.00989,-0.00988,-0.01051,-0.00966,-0.01009,-0.00869
442.1,-0.01019,-0.01008,-0.01061,-0.00978,-0.00996,-0.00882
442.47,-0.01008,-0.01009,-0.01045,-0.00971,-0.00954,-0.00884
442.83,-0.01014,-0.01011,-0.01011,-0.00959,-0.00929,-0.00855
443.2,-0.0102,-0.01048,-0.01003,-0.00981,-0.0093,-0.00845
443.57,-0.00992,-0.01025,-0.00946,-0.00961,-0.00893,-0.0081
443.93,-0.01014,-0.01055,-0.01013,-0.00978,-0.00901,-0.00824
444.3,-0.01041,-0.01088,-0.01053,-0.01013,-0.00953,-0.00824
444.67,-0.00967,-0.01041,-0.01039,-0.00976,-0.00936,-0.00744
445.03,-0.00962,-0.01037,-0.01031,-0.00949,-0.00918,-0.00738
445.4,-0.00933,-0.0097,-0.00998,-0.0091,-0.00881,-0.00686
445.77,-0.00914,-0.00915,-0.00966,-0.00878,-0.00851,-0.00646
446.13,-0.00929,-0.009,-0.00991,-0.00904,-0.00814,-0.00668
446.5,-0.00897,-0.00866,-0.00932,-0.00856,-0.00798,-0.00663
446.87,-0.00872,-0.00851,-0.0091,-0.00849,-0.00751,-0.0068
447.23,-0.00913,-0.00842,-0.00906,-0.00863,-0.00746,-0.00744
447.6,-0.00886,-0.00862,-0.00886,-0.00857,-0.00758,-0.00739
447.96,-0.00885,-0.00905,-0.00908,-0.00859,-0.00776,-0.0077
448.33,-0.00899,-0.00951,-0.00905,-0.00862,-0.00767,-0.00806
448.7,-0.00906,-0.00973,-0.00902,-0.00847,-0.00817,-0.00798
449.06,-0.00895,-0.00923,-0.00886,-0.00862,-0.00775,-0.00782
449.43,-0.00903,-0.00964,-0.00894,-0.00849,-0.00786,-0.00784
449.79,-0.00911,-0.00981,-0.00892,-0.00873,-0.00791,-0.00778
450.16,-0.00909,-0.00939,-0.00879,-0.00871,-0.0075,-0.00767
450.53,-0.0085,-0.00903,-0.0084,-0.00835,-0.00725,-0.00733
450.89,-0.00823,-0.00844,-0.00834,-0.00813,-0.0071,-0.00716
451.26,-0.00789,-0.00789,-0.00796,-0.00772,-0.00661,-0.00677
451.62,-0.00758,-0.00817,-0.00804,-0.00767,-0.00687,-0.00679
451.99,-0.00753,-0.00753,-0.00792,-0.00752,-0.00668,-0.00645
452.36,-0.00717,-0.00741,-0.00777,-0.00722,-0.00639,-0.00635
452.72,-0.00689,-0.00742,-0.00784,-0.00717,-0.00638,-0.00633
453.09,-0.00734,-0.00758,-0.00807,-0.00722,-0.00646,-0.00661
453.45,-0.00712,-0.00747,-0.00801,-0.00708,-0.00617,-0.0063
453.82,-0.00735,-0.00788,-0.00809,-0.00712,-0.00632,-0.00618
454.18,-0.00754,-0.00782,-0.0078,-0.00699,-0.00619,-0.00593
454.55,-0.0073,-0.00777,-0.00751,-0.00681,-0.00607,-0.00592
454.92,-0.00723,-0.00744,-0.00723,-0.00659,-0.00598,-0.00551
455.28,-0.00732,-0.00727,-0.00719,-0.00632,-0.00619,-0.0052
455.65,-0.00704,-0.00702,-0.00699,-0.00611,-0.00583,-0.00464
456.01,-0.00687,-0.0068,-0.00673,-0.00567,-0.0056,-0.0043
456.38,-0.00648,-0.00628,-0.00642,-0.00539,-0.00517,-0.00423
456.74,-0.00654,-0.00639,-0.00664,-0.00522,-0.0053,-0.00438
457.11,-0.00649,-0.00634,-0.00644,-0.00511,-0.00516,-0.00425
457.47,-0.00637,-0.00629,-0.00654,-0.00494,-0.00523,-0.00427
457.84,-0.00626,-0.00631,-0.00642,-0.00496,-0.00506,-0.00421
458.2,-0.00617,-0.0061,-0.00615,-0.00497,-0.00512,-0.00404
458.57,-0.00623,-0.00621,-0.00603,-0.00502,-0.00547,-0.00408
458.93,-0.00613,-0.00633,-0.00598,-0.00491,-0.0056,-0.00388
459.3,-0.00568,-0.00591,-0.00558,-0.00478,-0.0054,-0.00354
459.66,-0.00567,-0.00579,-0.00539,-0.0047,-0.00527,-0.00324
460.03,-0.00554,-0.00573,-0.00515,-0.00468,-0.00518,-0.00304
460.39,-0.00553,-0.00571,-0.00498,-0.00459,-0.00518,-0.0031
460.76,-0.00556,-0.00588,-0.00504,-0.00463,-0.00519,-0.00324
461.12,-0.00564,-0.0059,-0.00536,-0.00487,-0.00504,-0.00321
461.49,-0.00558,-0.00574,-0.00539,-0.00489,-0.00481,-0.00317
461.85,-0.00581,-0.00572,-0.00537,-0.00496,-0.00465,-0.00326
462.22,-0.00584,-0.0058,-0.00557,-0.00511,-0.00477,-0.00356
462.58,-0.00576,-0.00567,-0.00553,-0.00517,-0.00446,-0.00334
462.95,-0.00574,-0.00558,-0.00529,-0.00523,-0.00445,-0.00316
463.31,-0.00564,-0.00545,-0.00512,-0.00524,-0.00424,-0.00318
463.68,-0.00568,-0.00528,-0.00474,-0.00502,-0.00407,-0.00315
464.04,-0.00541,-0.00498,-0.0045,-0.005,-0.00401,-0.00293
464.41,-0.00508,-0.00496,-0.00452,-0.005,-0.00407,-0.00274
464.77,-0.00474,-0.0046,-0.00421,-0.00482,-0.0038,-0.00239
465.13,-0.00457,-0.00455,-0.00397,-0.00459,-0.00378,-0.00246
465.5,-0.0042,-0.00441,-0.00382,-0.00436,-0.0033,-0.00205
465.86,-0.00398,-0.00434,-0.00383,-0.00419,-0.00322,-0.00172
466.23,-0.00363,-0.00415,-0.00376,-0.00411,-0.00312,-0.00147
466.59,-0.00379,-0.00424,-0.00375,-0.00414,-0.00301,-0.00138
466.96,-0.00393,-0.00403,-0.00362,-0.00396,-0.00274,-0.00113
467.32,-0.00391,-0.00405,-0.00362,-0.00382,-0.00257,-0.0009
467.68,-0.00379,-0.00385,-0.00365,-0.00364,-0.00229,-0.00063
468.05,-0.00385,-0.00387,-0.00395,-0.00368,-0.00246,-0.00079
468.41,-0.00389,-0.00372,-0.00393,-0.00365,-0.00222,-0.00071
468.78,-0.00387,-0.00375,-0.00401,-0.00377,-0.0021,-0.0007
469.14,-0.00381,-0.00383,-0.004,-0.0037,-0.00195,-0.00061
469.5,-0.00372,-0.00386,-0.00405,-0.00377,-0.00198,-0.00059
469.87,-0.00357,-0.00364,-0.00399,-0.00366,-0.00193,-0.00042
470.23,-0.00355,-0.00362,-0.00395,-0.00361,-0.00198,-0.0003
470.6,-0.00355,-0.00346,-0.00375,-0.00357,-0.00196,-0.00013
470.96,-0.00346,-0.00353,-0.00363,-0.00346,-0.00195,6.00E-05
471.32,-0.00347,-0.00354,-0.00354,-0.00335,-0.00199,0.00019
471.69,-0.00348,-0.00344,-0.00367,-0.0033,-0.00213,0.00017
472.05,-0.00346,-0.00343,-0.00351,-0.00307,-0.00195,0.00037
472.42,-0.00379,-0.00356,-0.00364,-0.00307,-0.00195,0.00021
472.78,-0.00368,-0.00346,-0.00355,-0.00293,-0.00176,0.00048
473.14,-0.00368,-0.00347,-0.0035,-0.00272,-0.00161,0.00058
473.51,-0.00367,-0.00342,-0.0035,-0.0026,-0.00152,0.00061
473.87,-0.00362,-0.00328,-0.00341,-0.00244,-0.00138,0.00069
474.23,-0.00353,-0.00315,-0.00323,-0.00228,-0.0011,0.00084
474.6,-0.00348,-0.00313,-0.00326,-0.00235,-0.00108,0.00078
474.96,-0.00331,-0.00323,-0.00316,-0.00233,-0.00101,0.00082
475.32,-0.00335,-0.00325,-0.00318,-0.00225,-0.00099,0.0007
475.69,-0.00327,-0.00313,-0.00311,-0.00221,-0.00079,0.00074
476.05,-0.00314,-0.00306,-0.00298,-0.00213,-0.00067,0.00086
476.41,-0.00307,-0.003,-0.0029,-0.00198,-0.00047,0.00096
476.78,-0.00307,-0.00299,-0.00291,-0.00187,-0.00042,0.00101
477.14,-0.00291,-0.00284,-0.00276,-0.00175,-0.00025,0.00118
477.5,-0.00274,-0.0027,-0.00261,-0.00157,-8.00E-05,0.00143
477.87,-0.00267,-0.00267,-0.00245,-0.00151,4.00E-05,0.00143
478.23,-0.00258,-0.00262,-0.00245,-0.00141,0.00013,0.00154
478.59,-0.00242,-0.00248,-0.00229,-0.00126,0.00027,0.00167
478.96,-0.00235,-0.00245,-0.00221,-0.0012,0.00024,0.00172
479.32,-0.00236,-0.00244,-0.00209,-0.00119,0.00025,0.00178
479.68,-0.00235,-0.00243,-0.00206,-0.00106,0.00027,0.0019
480.04,-0.0024,-0.00232,-0.0019,-0.00096,0.00028,0.00199
480.41,-0.00234,-0.00231,-0.00179,-0.00094,0.00033,0.00224
480.77,-0.00228,-0.00235,-0.00173,-0.00094,0.00025,0.00229
481.13,-0.00248,-0.00245,-0.00176,-0.00104,0.00022,0.00233
481.5,-0.00242,-0.00241,-0.00178,-0.00104,0.00033,0.00255
481.86,-0.00205,-0.0021,-0.00147,-0.00072,0.0006,0.00306
482.22,-0.00204,-0.00204,-0.00132,-0.00069,0.00067,0.00336
482.58,-0.00196,-0.00198,-0.00131,-0.00072,0.00072,0.00363
482.95,-0.00194,-0.00189,-0.00132,-0.00066,0.00073,0.00395
483.31,-0.0019,-0.00174,-0.00119,-0.00048,0.0008,0.00453
483.67,-0.00184,-0.00163,-0.00121,-0.00038,0.00078,0.0052
484.03,-0.00174,-0.00149,-0.0011,-0.00023,0.00089,0.00615
484.4,-0.00189,-0.00162,-0.0012,-0.00034,0.00077,0.00724
484.76,-0.00175,-0.00159,-0.00123,-0.00028,0.00076,0.00897
485.12,-0.00171,-0.00162,-0.0013,-0.00024,0.00081,0.01143
485.48,-0.00162,-0.00161,-0.00121,-0.00023,0.00088,0.01493
485.85,-0.00149,-0.00155,-0.0011,-0.00025,0.00108,0.01968
486.21,-0.00138,-0.00145,-0.00102,-0.00015,0.00117,0.02614
486.57,-0.00144,-0.00144,-0.00102,-0.00021,0.00114,0.03459
486.93,-0.00138,-0.00141,-0.00104,-0.00018,0.00118,0.04572
487.29,-0.00136,-0.00137,-0.00091,-5.00E-05,0.00134,0.06028
487.66,-0.00127,-0.00132,-0.00079,4.00E-05,0.0014,0.07869
488.02,-0.0012,-0.00122,-0.00077,0.00017,0.00149,0.10124
488.38,-0.00119,-0.00117,-0.00073,0.00022,0.00149,0.12807
488.74,-0.00112,-0.00119,-0.00062,0.00026,0.00154,0.15917
489.1,-0.00103,-0.0012,-0.00053,0.00042,0.00168,0.19394
489.47,-0.00101,-0.00119,-0.00047,0.0005,0.00182,0.23083
489.83,-0.00097,-0.00113,-0.00046,0.00049,0.00186,0.26835
490.19,-0.00089,-0.00101,-0.00034,0.00053,0.00198,0.30549
490.55,-0.0009,-0.00099,-0.00028,0.00061,0.00206,0.34138
490.91,-0.00085,-0.00098,-0.00022,0.00069,0.00216,0.37543
491.27,-0.00078,-0.00079,-0.00013,0.00074,0.00232,0.40863
491.64,-0.00077,-0.00078,-0.00016,0.00069,0.00235,0.44138
492,-0.00075,-0.00076,-0.00012,0.00065,0.00239,0.47496
492.36,-0.00073,-0.00069,-8.00E-05,0.00071,0.00255,0.51037
492.72,-0.00063,-0.00059,-3.00E-05,0.00087,0.00277,0.54778
493.08,-0.00053,-0.00051,5.00E-05,0.00088,0.00299,0.58638
493.44,-0.0005,-0.00042,7.00E-05,0.0009,0.00323,0.6251
493.81,-0.00035,-0.00039,7.00E-05,0.00099,0.00355,0.66178
494.17,-0.0002,-0.00023,0.00022,0.0011,0.00404,0.69514
494.53,-0.00011,-0.00012,0.00031,0.00125,0.00457,0.72398
494.89,-9.00E-05,-8.00E-05,0.00036,0.00129,0.00515,0.74815
495.25,-0.00014,-8.00E-05,0.00034,0.00129,0.00593,0.76771
495.61,-0.0001,-1.00E-05,0.00038,0.00135,0.00702,0.78326
495.97,-0.0001,6.00E-05,0.0004,0.00143,0.00861,0.79648
496.33,-0.00015,5.00E-05,0.00044,0.00143,0.01084,0.80839
496.7,-0.00014,4.00E-05,0.00045,0.00146,0.01413,0.81903
497.06,-9.00E-05,0.0001,0.00049,0.0015,0.01905,0.82852
497.42,2.00E-05,0.00018,0.00051,0.00156,0.02625,0.83647
497.78,0.00012,0.00021,0.00057,0.00156,0.03635,0.84224
498.14,0.00015,0.00021,0.00061,0.00156,0.05003,0.8463
498.5,0.00021,0.00021,0.00065,0.00157,0.06794,0.84816
498.86,0.00029,0.00029,0.00078,0.00171,0.09085,0.84843
499.22,0.0003,0.00032,0.00087,0.00179,0.11878,0.84746
499.58,0.00037,0.00039,0.00094,0.00183,0.15203,0.84547
499.94,0.00047,0.00046,0.00105,0.00194,0.19025,0.84293
500.3,0.00051,0.00056,0.00115,0.00207,0.23319,0.84015
500.67,0.00059,0.0006,0.00122,0.0022,0.28077,0.83637
501.03,0.00069,0.00066,0.00128,0.00243,0.33253,0.83013
501.39,0.00078,0.00075,0.0013,0.00261,0.38836,0.82081
501.75,0.00083,0.00082,0.00132,0.00284,0.44697,0.80768
502.11,0.00087,0.00086,0.00136,0.00315,0.50765,0.78989
502.47,0.00088,0.0009,0.00142,0.0035,0.56786,0.76659
502.83,0.00097,0.00092,0.00146,0.00393,0.62618,0.73773
503.19,0.001,0.00099,0.00148,0.00449,0.67979,0.70405
503.55,0.00105,0.00106,0.00151,0.00512,0.72731,0.66651
503.91,0.00107,0.00105,0.0015,0.00588,0.767,0.62529
504.27,0.00115,0.00111,0.00153,0.00683,0.79891,0.5824
504.63,0.0012,0.00116,0.00155,0.00809,0.82286,0.5384
504.99,0.00123,0.00113,0.00155,0.00988,0.84005,0.49493
505.35,0.00123,0.00113,0.00156,0.01247,0.85182,0.45185
505.71,0.00131,0.00118,0.00168,0.01624,0.85932,0.40962
506.07,0.00134,0.00122,0.00181,0.02169,0.86354,0.36856
506.43,0.00138,0.0013,0.00192,0.02982,0.86632,0.3282
506.79,0.00138,0.0013,0.00201,0.04176,0.86823,0.28868
507.15,0.00144,0.00139,0.00219,0.05876,0.87009,0.25023
507.51,0.00154,0.0015,0.00236,0.08216,0.87188,0.21308
507.87,0.00164,0.00157,0.00254,0.11325,0.87455,0.17783
508.23,0.00165,0.0016,0.00268,0.15236,0.87823,0.14549
508.59,0.00163,0.00162,0.00283,0.20002,0.88285,0.11675
508.95,0.00172,0.00166,0.00311,0.25634,0.88789,0.09183
509.31,0.00178,0.00177,0.00345,0.3204,0.8923,0.07096
509.67,0.0018,0.00177,0.00373,0.39027,0.89582,0.05414
510.03,0.00179,0.00179,0.00412,0.46364,0.89862,0.04098
510.39,0.00185,0.00189,0.00467,0.53782,0.90031,0.03086
510.75,0.00193,0.00198,0.00537,0.61013,0.90096,0.0233
511.11,0.00203,0.00207,0.00627,0.67669,0.90002,0.01777
511.47,0.00206,0.00216,0.0075,0.73656,0.89774,0.01369
511.83,0.00221,0.0023,0.00921,0.78752,0.89433,0.0108
512.19,0.00236,0.00247,0.0115,0.82884,0.8891,0.00868
512.55,0.00251,0.0027,0.01463,0.86063,0.8807,0.00709
512.91,0.00263,0.00292,0.01908,0.88412,0.86767,0.00593
513.27,0.00284,0.0032,0.02554,0.90001,0.84826,0.00506
513.62,0.00308,0.00351,0.03488,0.91088,0.82147,0.00436
513.98,0.00335,0.00386,0.04814,0.91748,0.78566,0.0038
514.34,0.00359,0.00426,0.06692,0.92074,0.74049,0.00328
514.7,0.00382,0.00477,0.09341,0.92191,0.68702,0.00289
515.06,0.00413,0.00541,0.1298,0.92162,0.62681,0.00256
515.42,0.0045,0.0063,0.1778,0.92044,0.56272,0.00225
515.78,0.00494,0.00754,0.23749,0.91899,0.4973,0.00206
516.14,0.00552,0.0093,0.3075,0.91741,0.4337,0.00189
516.5,0.00627,0.01174,0.38546,0.91618,0.37401,0.00176
516.86,0.00734,0.01516,0.4681,0.91595,0.31969,0.00165
517.22,0.0088,0.01986,0.55018,0.91652,0.27166,0.00156
517.57,0.01082,0.02639,0.62762,0.91766,0.22976,0.00149
517.93,0.01368,0.03561,0.69587,0.91892,0.19343,0.0014
518.29,0.01789,0.04878,0.75418,0.92009,0.16176,0.00124
518.65,0.02378,0.06734,0.80207,0.92117,0.13411,0.00115
519.01,0.03186,0.09289,0.83983,0.92201,0.11009,0.00107
519.37,0.04295,0.1275,0.86859,0.92236,0.08921,0.00097
519.73,0.05853,0.17419,0.89,0.92228,0.07135,0.00093
520.08,0.08007,0.23426,0.9049,0.9214,0.05611,0.00091
520.44,0.10924,0.30648,0.9161,0.92023,0.04342,0.00091
520.8,0.1472,0.38745,0.92396,0.91811,0.03317,0.00093
521.16,0.19603,0.47272,0.92927,0.91436,0.02507,0.00094
521.52,0.25745,0.55812,0.93332,0.90809,0.0188,0.00092
521.88,0.3311,0.63876,0.93587,0.89719,0.01406,0.00093
522.24,0.41295,0.70816,0.93797,0.87978,0.01053,0.00089
522.59,0.49826,0.76368,0.9404,0.85366,0.00803,0.00083
522.95,0.58296,0.80575,0.94197,0.81575,0.00621,0.00077
523.31,0.6628,0.83712,0.943,0.76564,0.00491,0.00076
523.67,0.73302,0.86042,0.9433,0.70318,0.00397,0.00071
524.03,0.78926,0.87802,0.94298,0.63046,0.00331,0.00068
524.38,0.83067,0.89109,0.94229,0.55096,0.0028,0.00061
524.74,0.85983,0.90149,0.94187,0.46906,0.00246,0.00055
525.1,0.8802,0.90999,0.94151,0.38971,0.00218,0.00053
525.46,0.8946,0.91693,0.94133,0.31618,0.00195,0.00053
525.82,0.90535,0.92221,0.94061,0.25144,0.00181,0.00049
526.17,0.91379,0.92626,0.93947,0.19733,0.00165,0.00042
526.53,0.92072,0.92894,0.93726,0.15378,0.00151,0.00035
526.89,0.92698,0.93224,0.93505,0.11978,0.00143,0.00037
527.25,0.93187,0.93591,0.93247,0.09338,0.00137,0.00044
527.61,0.93555,0.94021,0.92999,0.07312,0.00128,0.00041
527.96,0.93868,0.94463,0.9276,0.05777,0.0012,0.00035
528.32,0.94126,0.94833,0.92527,0.04598,0.00109,0.00034
528.68,0.94358,0.95071,0.92139,0.03689,0.00101,0.00033
529.04,0.94668,0.95217,0.91552,0.02978,0.00096,0.00036
529.39,0.95038,0.95301,0.9046,0.02394,0.00092,0.00034
529.75,0.95435,0.95358,0.88488,0.01918,0.00085,0.00032
530.11,0.95789,0.95377,0.85308,0.01527,0.00084,0.00034
530.47,0.96051,0.95317,0.80689,0.0121,0.00082,0.00035
530.82,0.96192,0.95134,0.74605,0.00949,0.00074,0.00031
531.18,0.96293,0.94847,0.67251,0.00751,0.0008,0.00039
531.54,0.96368,0.94476,0.58889,0.00596,0.00081,0.00037
531.9,0.96378,0.94023,0.49983,0.00472,0.0008,0.00034
532.25,0.96333,0.93573,0.41091,0.00377,0.00077,0.00028
532.61,0.96188,0.93159,0.32768,0.00304,0.00073,0.00022
532.97,0.9593,0.92767,0.25441,0.00252,0.0007,0.00019
533.32,0.95607,0.92334,0.19274,0.00221,0.0007,0.0002
533.68,0.95196,0.91705,0.14319,0.0019,0.00063,0.0001
534.04,0.94793,0.90677,0.10515,0.00164,0.00059,5.00E-05
534.4,0.94445,0.888,0.0768,0.00145,0.0005,0
534.75,0.94062,0.85494,0.05625,0.00131,0.00048,2.00E-05
535.11,0.93572,0.80442,0.04166,0.00117,0.00042,-2.00E-05
535.47,0.92895,0.73787,0.03151,0.00107,0.00039,-5.00E-05
535.82,0.91746,0.65872,0.02437,0.00092,0.00034,-0.00013
536.18,0.89675,0.57067,0.01932,0.00086,0.00031,-0.00016
536.54,0.86098,0.47734,0.01572,0.00081,0.00028,-0.00016
536.89,0.80749,0.38472,0.01307,0.00077,0.00027,-0.00015
537.25,0.73797,0.29989,0.011,0.0007,0.00025,-0.0002
537.61,0.65646,0.2277,0.00926,0.00067,0.00024,-0.00018
537.96,0.56629,0.16937,0.00774,0.0006,0.00024,-0.00019
538.32,0.47194,0.12372,0.00645,0.00059,0.00022,-0.00014
538.68,0.37919,0.08876,0.00536,0.0005,0.00019,-0.00016
539.03,0.29486,0.06291,0.00443,0.00043,0.0001,-0.0002
539.39,0.22388,0.04474,0.00365,0.0004,0.0001,-0.00016
539.75,0.16713,0.03238,0.00297,0.00036,3.00E-05,-0.00019
540.1,0.12246,0.02412,0.00246,0.00036,2.00E-05,-0.00018
540.46,0.08813,0.01846,0.00202,0.00035,-3.00E-05,-0.00021
540.81,0.06297,0.01463,0.00171,0.00033,-3.00E-05,-0.00023
541.17,0.04528,0.01196,0.00151,0.00032,-3.00E-05,-0.0002
541.53,0.03333,0.01002,0.00136,0.00031,-1.00E-05,-0.00016
541.88,0.02523,0.00853,0.00117,0.00029,-4.00E-05,-0.0002
542.24,0.01973,0.00741,0.00107,0.00029,-1.00E-05,-0.00017
542.59,0.01591,0.00648,0.00102,0.00026,-1.00E-05,-0.00015
542.95,0.01317,0.00562,0.00099,0.00025,-3.00E-05,-0.00011
543.31,0.0112,0.00479,0.00093,0.00023,-7.00E-05,-0.00012
543.66,0.00972,0.00406,0.00088,0.00021,-0.0001,-0.00013
544.02,0.00847,0.00346,0.0008,0.00015,-0.00013,-0.00016
544.37,0.00745,0.00295,0.0008,0.00012,-0.00016,-0.00016
544.73,0.00648,0.00248,0.00077,6.00E-05,-0.0002,-0.00018
545.09,0.00554,0.00206,0.0007,1.00E-05,-0.00024,-0.00021
545.44,0.0047,0.00171,0.00061,-5.00E-05,-0.00029,-0.0002
545.8,0.00402,0.00152,0.00057,-6.00E-05,-0.0003,-0.00018
546.15,0.00339,0.0013,0.00053,-0.0001,-0.00031,-0.00015
546.51,0.00291,0.00114,0.00049,-0.00011,-0.00035,-0.00017
546.86,0.00253,0.00109,0.00049,-0.0001,-0.00033,-9.00E-05
547.22,0.00218,0.001,0.00048,-0.00012,-0.00037,-6.00E-05
547.58,0.00191,0.00094,0.00044,-0.00015,-0.00039,-5.00E-05
547.93,0.00172,0.00094,0.00046,-0.00017,-0.00038,-3.00E-05
548.29,0.00158,0.00086,0.00046,-0.00019,-0.00039,-2.00E-05
548.64,0.00147,0.00085,0.00044,-0.0002,-0.00039,0
549,0.00138,0.00084,0.00045,-0.00021,-0.00034,1.00E-05
549.35,0.00125,0.00076,0.00039,-0.00026,-0.00039,-4.00E-05
549.71,0.00122,0.00074,0.00035,-0.00028,-0.00039,-5.00E-05
550.06,0.00113,0.0007,0.00032,-0.00031,-0.00042,-0.0001
550.42,0.00104,0.00057,0.00021,-0.00037,-0.00047,-0.00018
550.77,0.001,0.00059,0.00018,-0.00037,-0.00046,-0.00015
551.13,0.00092,0.00054,0.00012,-0.00041,-0.00051,-0.00021
551.48,0.00087,0.0005,0.0001,-0.00045,-0.00056,-0.00021
551.84,0.00084,0.00047,6.00E-05,-0.00049,-0.00055,-0.00024
552.19,0.00077,0.00046,2.00E-05,-0.00054,-0.00054,-0.00025
552.55,0.00076,0.0004,-2.00E-05,-0.00058,-0.00055,-0.00025
552.9,0.00074,0.00041,-1.00E-05,-0.00061,-0.00054,-0.00024
553.26,0.00066,0.00034,-8.00E-05,-0.00063,-0.00056,-0.00026
553.61,0.00067,0.00034,-6.00E-05,-0.0006,-0.00053,-0.00021
553.97,0.00062,0.00028,-0.00012,-0.00061,-0.00054,-0.00021
554.32,0.0006,0.00025,-0.00013,-0.00064,-0.00057,-0.00019
554.68,0.00059,0.00019,-0.00016,-0.00065,-0.00059,-0.00017
555.03,0.00058,0.00023,-0.00018,-0.0006,-0.00054,-0.0001
555.39,0.00055,0.0002,-0.00021,-0.00059,-0.00053,-7.00E-05
555.74,0.00053,0.00024,-0.00019,-0.00058,-0.00051,-7.00E-05
556.1,0.00052,0.00018,-0.00022,-0.0006,-0.0005,-8.00E-05
556.45,0.00046,0.00017,-0.00024,-0.00064,-0.0005,-9.00E-05
556.8,0.00045,0.00015,-0.00026,-0.00064,-0.00049,-5.00E-05
557.16,0.00036,0.00013,-0.00031,-0.0007,-0.00052,-7.00E-05
557.51,0.00031,6.00E-05,-0.00034,-0.00075,-0.00054,-0.0001
557.87,0.00032,5.00E-05,-0.00031,-0.00074,-0.00051,-9.00E-05
558.22,0.00031,-3.00E-05,-0.00035,-0.0008,-0.00052,-8.00E-05
558.58,0.00027,-5.00E-05,-0.00039,-0.00083,-0.00053,-7.00E-05
558.93,0.00026,-7.00E-05,-0.0004,-0.00082,-0.0005,-5.00E-05
559.28,0.00021,-0.00016,-0.00047,-0.00087,-0.00052,-0.0001
559.64,0.00024,-0.00016,-0.00044,-0.00083,-0.00049,-6.00E-05
559.99,0.00019,-0.00016,-0.00044,-0.0008,-0.00051,-3.00E-05
560.35,0.00013,-0.00019,-0.0005,-0.00084,-0.00051,-3.00E-05
560.7,6.00E-05,-0.00024,-0.00056,-0.00088,-0.00051,-9.00E-05
561.05,2.00E-05,-0.00023,-0.00054,-0.00085,-0.00049,-9.00E-05
561.41,-2.00E-05,-0.00026,-0.00058,-0.00087,-0.00053,-0.00012
561.76,-7.00E-05,-0.00026,-0.00058,-0.00086,-0.0005,-0.00011
562.12,-0.00011,-0.00031,-0.0006,-0.00085,-0.00047,-0.00014
562.47,-0.00014,-0.00035,-0.00065,-0.00087,-0.00047,-0.00019
562.82,-0.00015,-0.00036,-0.00066,-0.00088,-0.00049,-0.0002
563.18,-0.00015,-0.00039,-0.00066,-0.00086,-0.00049,-0.00016
563.53,-0.00018,-0.00048,-0.00072,-0.00088,-0.00052,-0.00016
563.88,-0.00024,-0.0005,-0.00074,-0.00087,-0.00052,-0.00016
564.24,-0.00028,-0.00051,-0.00074,-0.00087,-0.00054,-0.00015
564.59,-0.0003,-0.00054,-0.00076,-0.00089,-0.00058,-0.00013
564.95,-0.00028,-0.00055,-0.00075,-0.00085,-0.00056,-0.0001
565.3,-0.00032,-0.00058,-0.00078,-0.00083,-0.00056,-9.00E-05
565.65,-0.00035,-0.00057,-0.00076,-0.0008,-0.00055,-5.00E-05
566.01,-0.00039,-0.00057,-0.00078,-0.00082,-0.00055,-5.00E-05
566.36,-0.00034,-0.00055,-0.00076,-0.0008,-0.00052,-2.00E-05
566.71,-0.00033,-0.00055,-0.00076,-0.00074,-0.00047,2.00E-05
567.07,-0.00036,-0.00052,-0.00077,-0.0007,-0.00042,2.00E-05
567.42,-0.00036,-0.00053,-0.00074,-0.00071,-0.00041,0
567.77,-0.00041,-0.00053,-0.00074,-0.00071,-0.0004,1.00E-05
568.13,-0.00041,-0.00055,-0.00074,-0.00072,-0.00039,-2.00E-05
568.48,-0.00042,-0.00058,-0.00075,-0.00071,-0.00041,-1.00E-05
568.83,-0.00049,-0.00063,-0.00078,-0.00075,-0.00045,-4.00E-05
569.18,-0.00052,-0.00065,-0.00077,-0.0008,-0.00048,-0.0001
569.54,-0.00055,-0.00072,-0.00076,-0.00085,-0.00055,-0.00012
569.89,-0.00062,-0.00077,-0.00086,-0.00086,-0.0006,-0.00011
570.24,-0.00061,-0.0008,-0.00088,-0.00089,-0.00056,-0.00012
570.6,-0.00063,-0.00082,-0.00088,-0.00088,-0.00057,-0.0001
570.95,-0.00063,-0.0008,-0.00085,-0.00087,-0.00056,-0.00011
571.3,-0.00063,-0.0008,-0.00085,-0.00085,-0.00053,-0.00011
571.65,-0.00063,-0.00083,-0.00089,-0.00084,-0.00052,-7.00E-05
572.01,-0.00064,-0.00086,-0.00091,-0.00087,-0.00051,-0.0001
572.36,-0.00066,-0.00087,-0.00088,-0.00089,-0.00049,-0.0001
572.71,-0.00068,-0.00088,-0.00086,-0.00087,-0.00051,-0.00012
573.06,-0.00069,-0.0009,-0.0009,-0.0009,-0.00053,-0.00016
573.42,-0.00072,-0.00093,-0.00094,-0.00096,-0.00052,-0.00019
573.77,-0.00073,-0.00096,-0.00096,-0.00096,-0.00051,-0.00018
574.12,-0.00071,-0.00093,-0.00095,-0.00093,-0.00049,-0.00018
574.47,-0.00072,-0.00092,-0.00092,-0.0009,-0.00046,-0.00016
574.83,-0.00068,-0.00091,-0.00092,-0.00086,-0.00042,-0.00014
575.18,-0.00068,-0.00092,-0.00089,-0.00086,-0.00041,-0.00011
575.53,-0.00068,-0.00091,-0.00087,-0.00086,-0.00041,-9.00E-05
575.88,-0.00064,-0.00092,-0.00085,-0.00083,-0.00043,-4.00E-05
576.24,-0.00061,-0.00089,-0.00085,-0.00081,-0.00041,-5.00E-05
576.59,-0.00064,-0.00094,-0.00086,-0.00084,-0.00043,-5.00E-05
576.94,-0.00063,-0.00092,-0.00086,-0.00085,-0.00041,-3.00E-05
577.29,-0.00067,-0.00092,-0.00085,-0.00084,-0.00043,-3.00E-05
577.64,-0.00068,-0.00088,-0.00089,-0.00086,-0.00047,-5.00E-05
578,-0.00066,-0.00082,-0.00086,-0.00079,-0.00043,0
578.35,-0.0007,-0.00082,-0.00086,-0.0008,-0.00042,-3.00E-05
578.7,-0.00072,-0.0008,-0.00083,-0.00076,-0.00041,3.00E-05
579.05,-0.00069,-0.00077,-0.00082,-0.00075,-0.0004,4.00E-05
579.4,-0.00071,-0.00079,-0.00083,-0.00076,-0.00043,1.00E-05
579.76,-0.0007,-0.0008,-0.00084,-0.0008,-0.00044,0
580.11,-0.00068,-0.00084,-0.00081,-0.00079,-0.0004,2.00E-05
580.46,-0.00072,-0.00088,-0.00084,-0.00083,-0.00043,-3.00E-05
580.81,-0.00069,-0.00085,-0.00083,-0.00078,-0.0004,-3.00E-05
581.16,-0.00068,-0.00084,-0.00086,-0.00081,-0.00042,-5.00E-05
581.51,-0.00071,-0.00085,-0.00086,-0.00081,-0.00042,-7.00E-05
581.87,-0.0007,-0.00086,-0.00089,-0.0008,-0.00039,-3.00E-05
582.22,-0.0007,-0.00085,-0.00086,-0.00079,-0.00039,-2.00E-05
582.57,-0.00072,-0.00086,-0.00088,-0.00078,-0.00041,-2.00E-05
582.92,-0.0007,-0.00086,-0.00087,-0.00078,-0.00039,-3.00E-05
583.27,-0.0007,-0.00086,-0.00085,-0.0008,-0.00039,0
583.62,-0.00076,-0.00094,-0.00088,-0.00086,-0.00041,-2.00E-05
583.97,-0.00074,-0.00094,-0.00092,-0.00087,-0.00043,-4.00E-05
584.33,-0.00075,-0.00096,-0.0009,-0.00087,-0.00046,-4.00E-05
584.68,-0.00075,-0.00096,-0.00089,-0.00085,-0.00046,-5.00E-05
585.03,-0.00074,-0.00094,-0.00086,-0.00083,-0.00046,-3.00E-05
585.38,-0.00077,-0.00097,-0.00089,-0.00085,-0.00046,0
585.73,-0.00076,-0.001,-0.00089,-0.00087,-0.00047,-3.00E-05
586.08,-0.00072,-0.00097,-0.00088,-0.00082,-0.00046,-2.00E-05
586.43,-0.00074,-0.00095,-0.00084,-0.00082,-0.00047,-2.00E-05
586.78,-0.00073,-0.00092,-0.00083,-0.0008,-0.00048,-3.00E-05
587.13,-0.00076,-0.00094,-0.00088,-0.00084,-0.00049,-4.00E-05
587.48,-0.00074,-0.00093,-0.00088,-0.00084,-0.00046,-3.00E-05
587.84,-0.00072,-0.0009,-0.00085,-0.0008,-0.00045,-5.00E-05
588.19,-0.00077,-0.00092,-0.00088,-0.00079,-0.00045,-6.00E-05
588.54,-0.00079,-0.00092,-0.00085,-0.00078,-0.00046,-1.00E-05
588.89,-0.0008,-0.00096,-0.00091,-0.00079,-0.00046,0
589.24,-0.00081,-0.00097,-0.00091,-0.00078,-0.00044,0
589.59,-0.00075,-0.00094,-0.00089,-0.00075,-0.00041,3.00E-05
589.94,-0.00079,-0.00097,-0.00092,-0.00078,-0.00045,-2.00E-05
590.29,-0.00081,-0.00095,-0.00093,-0.00077,-0.00047,0
590.64,-0.00079,-0.00092,-0.00092,-0.00078,-0.00048,2.00E-05
590.99,-0.00077,-0.00086,-0.00092,-0.00076,-0.00046,-1.00E-05
591.34,-0.00075,-0.00082,-0.00085,-0.00074,-0.00043,0
591.69,-0.00074,-0.00082,-0.00086,-0.00076,-0.00044,0
592.04,-0.00076,-0.00081,-0.00087,-0.00077,-0.00044,-2.00E-05
592.39,-0.00074,-0.00078,-0.00087,-0.00074,-0.00044,2.00E-05
592.74,-0.00073,-0.00082,-0.00088,-0.00078,-0.00044,2.00E-05
593.09,-0.00074,-0.00082,-0.00087,-0.00076,-0.00046,0
593.44,-0.00078,-0.00089,-0.00091,-0.00082,-0.00053,-6.00E-05
593.79,-0.00075,-0.00088,-0.00089,-0.00082,-0.00051,-4.00E-05
594.14,-0.00075,-0.00088,-0.00089,-0.00081,-0.0005,-4.00E-05
594.49,-0.00076,-0.00088,-0.00089,-0.00084,-0.00048,-5.00E-05
594.84,-0.00075,-0.0009,-0.00087,-0.00086,-0.00047,-7.00E-05
595.19,-0.00079,-0.00091,-0.00089,-0.00085,-0.00049,-6.00E-05
595.54,-0.0008,-0.00088,-0.00088,-0.00085,-0.00047,-6.00E-05
595.89,-0.00075,-0.00085,-0.00084,-0.00081,-0.00041,-1.00E-05
596.24,-0.00073,-0.00084,-0.00082,-0.00077,-0.00036,0
596.59,-0.00074,-0.00084,-0.00082,-0.00079,-0.00038,1.00E-05
596.94,-0.00072,-0.00086,-0.0008,-0.00076,-0.00038,4.00E-05
597.29,-0.00076,-0.00089,-0.00084,-0.00078,-0.0004,4.00E-05
597.64,-0.00072,-0.00087,-0.0008,-0.00076,-0.0004,3.00E-05
597.99,-0.00067,-0.00084,-0.00079,-0.00074,-0.00037,7.00E-05
598.34,-0.00068,-0.00084,-0.00079,-0.00074,-0.00036,8.00E-05
598.69,-0.00074,-0.00087,-0.00085,-0.00079,-0.00045,5.00E-05
599.04,-0.00073,-0.00089,-0.00088,-0.00078,-0.00042,1.00E-05
599.39,-0.00074,-0.00084,-0.00088,-0.00075,-0.0004,5.00E-05
599.74,-0.00075,-0.00082,-0.00084,-0.00077,-0.0004,3.00E-05
600.09,-0.00075,-0.00084,-0.00087,-0.00081,-0.00038,3.00E-05
600.44,-0.0008,-0.00086,-0.0009,-0.00082,-0.00039,-1.00E-05
600.79,-0.00081,-0.0009,-0.00094,-0.00084,-0.00042,-2.00E-05
601.14,-0.0008,-0.0009,-0.00093,-0.00084,-0.00041,-2.00E-05
601.49,-0.00079,-0.00087,-0.00091,-0.00082,-0.00042,-3.00E-05
601.83,-0.00082,-0.00095,-0.00094,-0.00089,-0.00047,-8.00E-05
602.18,-0.00078,-0.00095,-0.00098,-0.00085,-0.00044,-9.00E-05
602.53,-0.00077,-0.00093,-0.00095,-0.00082,-0.00043,-8.00E-05
602.88,-0.00073,-0.00091,-0.00089,-0.00082,-0.00041,-3.00E-05
603.23,-0.00072,-0.00089,-0.00088,-0.00081,-0.00038,-4.00E-05
603.58,-0.00069,-0.00088,-0.00086,-0.0008,-0.00039,-5.00E-05
603.93,-0.00067,-0.00087,-0.00086,-0.00079,-0.00037,-2.00E-05
604.28,-0.00069,-0.00085,-0.00088,-0.00079,-0.00038,-2.00E-05
604.63,-0.0007,-0.00085,-0.00086,-0.00084,-0.00043,2.00E-05
604.97,-0.00069,-0.00086,-0.00089,-0.00086,-0.00044,4.00E-05
605.32,-0.0007,-0.00091,-0.00096,-0.00088,-0.00049,-3.00E-05
605.67,-0.00071,-0.00092,-0.00094,-0.00087,-0.00048,-2.00E-05
606.02,-0.00072,-0.00093,-0.00096,-0.00088,-0.0005,2.00E-05
606.37,-0.00076,-0.00097,-0.00097,-0.0009,-0.0005,2.00E-05
606.72,-0.00075,-0.00096,-0.00095,-0.00089,-0.00051,0
607.07,-0.00075,-0.00097,-0.00095,-0.00088,-0.00049,0
607.42,-0.00078,-0.00099,-0.00091,-0.00089,-0.00052,-3.00E-05
607.76,-0.00079,-0.001,-0.00093,-0.00091,-0.00051,-2.00E-05
608.11,-0.00081,-0.00099,-0.00095,-0.00093,-0.00053,-4.00E-05
608.46,-0.00082,-0.00099,-0.00095,-0.00094,-0.00051,-6.00E-05
608.81,-0.0008,-0.00097,-0.00093,-0.00091,-0.00052,-4.00E-05
609.16,-0.0008,-0.00097,-0.00093,-0.00092,-0.0005,-4.00E-05
609.51,-0.0008,-0.00096,-0.00094,-0.00091,-0.00053,-6.00E-05
609.85,-0.00079,-0.00092,-0.00095,-0.00088,-0.00052,-3.00E-05
610.2,-0.00078,-0.00088,-0.00091,-0.00083,-0.00051,0
610.55,-0.0008,-0.00092,-0.00089,-0.00084,-0.00053,-1.00E-05
610.9,-0.00082,-0.00093,-0.00092,-0.00084,-0.00052,-2.00E-05
611.25,-0.00084,-0.00094,-0.00092,-0.00086,-0.00051,-2.00E-05
611.59,-0.00085,-0.00095,-0.00091,-0.00083,-0.00051,-3.00E-05
611.94,-0.00082,-0.00092,-0.00087,-0.00081,-0.00049,1.00E-05
612.29,-0.00081,-0.00094,-0.00089,-0.00082,-0.00046,-2.00E-05
612.64,-0.00082,-0.00097,-0.0009,-0.00082,-0.00046,-4.00E-05
612.99,-0.00076,-0.00096,-0.0009,-0.00081,-0.00041,-3.00E-05
613.33,-0.00071,-0.00092,-0.00085,-0.00081,-0.0004,0
613.68,-0.00071,-0.00091,-0.00087,-0.00082,-0.0004,-2.00E-05
614.03,-0.00068,-0.00089,-0.00086,-0.0008,-0.00039,1.00E-05
614.38,-0.00067,-0.00092,-0.00087,-0.00082,-0.00037,0
614.72,-0.00068,-0.00094,-0.00089,-0.00081,-0.0004,-2.00E-05
615.07,-0.00067,-0.00092,-0.00089,-0.00083,-0.00042,1.00E-05
615.42,-0.00071,-0.00091,-0.00093,-0.00082,-0.00048,0
615.77,-0.00074,-0.00094,-0.00096,-0.0008,-0.0005,0
616.11,-0.00074,-0.00092,-0.00091,-0.00075,-0.00049,0
616.46,-0.00073,-0.00091,-0.00088,-0.00077,-0.00046,0
616.81,-0.00075,-0.00091,-0.0009,-0.00078,-0.00046,-3.00E-05
617.16,-0.00074,-0.00093,-0.00088,-0.0008,-0.00045,-3.00E-05
617.5,-0.00074,-0.00096,-0.00087,-0.0008,-0.00044,-4.00E-05
617.85,-0.00074,-0.00095,-0.00083,-0.00083,-0.00041,-5.00E-05
618.2,-0.00074,-0.00096,-0.00085,-0.00084,-0.00041,-6.00E-05
618.54,-0.00074,-0.001,-0.00088,-0.00087,-0.00043,-8.00E-05
618.89,-0.00076,-0.001,-0.0009,-0.00089,-0.00042,-6.00E-05
619.24,-0.00079,-0.00101,-0.00091,-0.00089,-0.00045,-6.00E-05
619.59,-0.0008,-0.001,-0.00092,-0.0009,-0.00046,-4.00E-05
619.93,-0.00079,-0.00098,-0.00092,-0.00085,-0.00044,-3.00E-05
620.28,-0.00076,-0.00099,-0.00092,-0.00082,-0.00042,-2.00E-05
620.63,-0.00076,-0.00096,-0.00092,-0.00083,-0.00042,-1.00E-05
620.97,-0.00076,-0.00092,-0.00092,-0.00083,-0.00039,1.00E-05
621.32,-0.00076,-0.00095,-0.00093,-0.00081,-0.00041,-4.00E-05
621.67,-0.00077,-0.00091,-0.00095,-0.00085,-0.00041,-1.00E-05
622.01,-0.00074,-0.00089,-0.00094,-0.00083,-0.0004,0
622.36,-0.00077,-0.00091,-0.00095,-0.00085,-0.00042,-1.00E-05
622.71,-0.00078,-0.00091,-0.00101,-0.00087,-0.00045,-3.00E-05
623.05,-0.00077,-0.00091,-0.00099,-0.00086,-0.00044,-2.00E-05
623.4,-0.00076,-0.00096,-0.00098,-0.00086,-0.00047,-1.00E-05
623.75,-0.00076,-0.00094,-0.00097,-0.00084,-0.00046,2.00E-05
624.09,-0.00076,-0.00099,-0.00097,-0.00084,-0.00046,-3.00E-05
624.44,-0.0008,-0.001,-0.00095,-0.00084,-0.00045,-2.00E-05
624.79,-0.0008,-0.001,-0.00096,-0.00086,-0.00044,-3.00E-05
625.13,-0.00081,-0.00095,-0.00091,-0.0008,-0.00038,1.00E-05
625.48,-0.00081,-0.00094,-0.00091,-0.0008,-0.00041,1.00E-05
625.82,-0.00084,-0.00094,-0.0009,-0.0008,-0.00041,-1.00E-05
626.17,-0.00084,-0.00094,-0.00091,-0.00084,-0.00041,-3.00E-05
626.52,-0.0008,-0.0009,-0.00089,-0.00081,-0.00043,2.00E-05
626.86,-0.00079,-0.00091,-0.00091,-0.00084,-0.00042,1.00E-05
627.21,-0.0008,-0.00089,-0.00091,-0.00084,-0.00043,1.00E-05
627.55,-0.00079,-0.0009,-0.00093,-0.00085,-0.00047,3.00E-05
627.9,-0.00078,-0.00092,-0.00093,-0.00085,-0.00044,0
628.25,-0.00071,-0.00087,-0.00093,-0.00084,-0.00041,1.00E-05
628.59,-0.0007,-0.00087,-0.00089,-0.00078,-0.00041,4.00E-05
628.94,-0.00074,-0.00089,-0.00092,-0.00079,-0.00042,-1.00E-05
629.28,-0.00071,-0.00089,-0.00093,-0.00076,-0.00042,-3.00E-05
629.63,-0.00067,-0.00089,-0.00091,-0.00079,-0.0004,-2.00E-05
629.98,-0.00069,-0.0009,-0.0009,-0.00079,-0.00041,-1.00E-05
630.32,-0.00072,-0.0009,-0.00089,-0.00076,-0.00044,3.00E-05
630.67,-0.00076,-0.00093,-0.00091,-0.00078,-0.00046,3.00E-05
631.01,-0.00078,-0.00095,-0.00095,-0.00079,-0.00046,2.00E-05
631.36,-0.00077,-0.00096,-0.00095,-0.00078,-0.00044,4.00E-05
631.7,-0.00077,-0.00096,-0.00096,-0.00077,-0.00047,7.00E-05
632.05,-0.00079,-0.00097,-0.00095,-0.00075,-0.00046,7.00E-05
632.39,-0.00079,-0.001,-0.00096,-0.00079,-0.00045,3.00E-05
632.74,-0.00075,-0.00095,-0.00093,-0.00077,-0.00042,2.00E-05
633.09,-0.00077,-0.00096,-0.00092,-0.00076,-0.00042,1.00E-05
633.43,-0.00076,-0.00097,-0.0009,-0.0008,-0.00042,-1.00E-05
633.78,-0.00081,-0.00098,-0.00091,-0.00083,-0.00045,-1.00E-05
634.12,-0.00086,-0.001,-0.0009,-0.00086,-0.00046,-2.00E-05
634.47,-0.00084,-0.00096,-0.00091,-0.00084,-0.00043,-1.00E-05
634.81,-0.00084,-0.00096,-0.00091,-0.00081,-0.00046,1.00E-05
635.16,-0.00086,-0.001,-0.00094,-0.00086,-0.00046,1.00E-05
635.5,-0.00085,-0.001,-0.00093,-0.00087,-0.00047,3.00E-05
635.85,-0.00086,-0.001,-0.00097,-0.00087,-0.00049,4.00E-05
636.19,-0.00081,-0.00102,-0.00095,-0.00086,-0.00046,6.00E-05
636.54,-0.00079,-0.00099,-0.00095,-0.00081,-0.00041,5.00E-05
636.88,-0.0008,-0.001,-0.00094,-0.0008,-0.00048,4.00E-05
637.23,-0.00081,-0.00102,-0.00097,-0.00084,-0.00048,2.00E-05
637.57,-0.00082,-0.00104,-0.00097,-0.00082,-0.00052,-1.00E-05
637.92,-0.00078,-0.00101,-0.00097,-0.0008,-0.00049,-2.00E-05
638.26,-0.0008,-0.001,-0.00095,-0.00081,-0.00046,-1.00E-05
638.6,-0.00082,-0.00097,-0.00094,-0.0008,-0.00046,-2.00E-05
638.95,-0.00084,-0.00101,-0.00099,-0.00089,-0.00052,-4.00E-05
639.29,-0.00085,-0.00101,-0.001,-0.0009,-0.00048,-3.00E-05
639.64,-0.00083,-0.001,-0.00098,-0.0009,-0.00046,-2.00E-05
639.98,-0.00083,-0.00101,-0.00102,-0.00093,-0.00046,-2.00E-05
640.33,-0.00086,-0.00104,-0.00104,-0.00096,-0.00046,-1.00E-05
640.67,-0.00087,-0.00108,-0.00103,-0.00099,-0.00049,-2.00E-05
641.02,-0.00084,-0.00105,-0.00101,-0.00096,-0.00046,0
641.36,-0.00082,-0.00101,-0.00095,-0.00093,-0.00046,5.00E-05
641.7,-0.00082,-0.00103,-0.00095,-0.00093,-0.00048,5.00E-05
642.05,-0.00083,-0.00101,-0.00092,-0.00093,-0.0005,6.00E-05
642.39,-0.00081,-0.00096,-0.0009,-0.0009,-0.00044,0.00012
642.74,-0.00086,-0.00098,-0.0009,-0.00091,-0.00048,9.00E-05
643.08,-0.00082,-0.00094,-0.0009,-0.00087,-0.00045,0.00013
643.43,-0.0008,-0.00091,-0.00089,-0.00088,-0.00046,0.00015
643.77,-0.0008,-0.00094,-0.00092,-0.00085,-0.00046,0.00015
644.11,-0.00081,-0.00093,-0.00093,-0.00085,-0.00049,0.00019
644.46,-0.00079,-0.00095,-0.00094,-0.00083,-0.00049,0.00019
644.8,-0.00078,-0.00092,-0.00093,-0.00082,-0.00049,0.00019
645.14,-0.00075,-0.00093,-0.00095,-0.00078,-0.00044,0.00022
645.49,-0.00074,-0.00096,-0.00095,-0.00077,-0.00045,0.00021
645.83,-0.00076,-0.001,-0.00097,-0.00077,-0.00043,0.0002
646.18,-0.00078,-0.00098,-0.00097,-0.00079,-0.00041,0.0002
646.52,-0.00078,-0.00097,-0.00095,-0.00077,-0.00036,0.00021
646.86,-0.0008,-0.00098,-0.00092,-0.00078,-0.00035,0.00021
647.21,-0.00083,-0.00102,-0.00093,-0.00079,-0.00038,0.00018
647.55,-0.00081,-0.001,-0.00088,-0.00079,-0.00038,0.00017
647.89,-0.00083,-0.00096,-0.00087,-0.00078,-0.00037,0.00021
648.24,-0.00084,-0.00098,-0.00086,-0.00078,-0.00038,0.00017
648.58,-0.00081,-0.001,-0.00087,-0.00075,-0.00038,0.00014
648.92,-0.00081,-0.001,-0.00087,-0.00076,-0.00039,0.00011
649.27,-0.00078,-0.00097,-0.00087,-0.00076,-0.00037,0.0001
649.61,-0.00077,-0.001,-0.00091,-0.00077,-0.00038,5.00E-05
649.95,-0.00079,-0.00101,-0.00094,-0.00079,-0.00042,6.00E-05
650.3,-0.00078,-0.00104,-0.00097,-0.00083,-0.00045,1.00E-05
650.64,-0.00081,-0.00104,-0.001,-0.00086,-0.00047,0
650.98,-0.00081,-0.00101,-0.00097,-0.00088,-0.00044,4.00E-05
651.33,-0.00087,-0.00101,-0.00098,-0.0009,-0.00046,0
651.67,-0.00094,-0.00106,-0.00102,-0.00091,-0.0005,-4.00E-05
652.01,-0.00092,-0.00104,-0.001,-0.00094,-0.00048,1.00E-05
652.36,-0.00093,-0.00102,-0.001,-0.00096,-0.00047,-3.00E-05
652.7,-0.00096,-0.00102,-0.00101,-0.00097,-0.00045,-4.00E-05
653.04,-0.00091,-0.001,-0.00101,-0.00094,-0.00046,0
653.38,-0.00094,-0.00107,-0.00105,-0.00098,-0.0005,-6.00E-05
653.73,-0.00085,-0.00106,-0.001,-0.00091,-0.00044,-1.00E-05
654.07,-0.00082,-0.00105,-0.001,-0.00089,-0.00042,1.00E-05
654.41,-0.00085,-0.00104,-0.00101,-0.00085,-0.00043,0
654.75,-0.00085,-0.00109,-0.00102,-0.00083,-0.00044,3.00E-05
655.1,-0.00086,-0.00111,-0.00102,-0.00082,-0.00044,2.00E-05
655.44,-0.00091,-0.00111,-0.00101,-0.00085,-0.00042,-1.00E-05
655.78,-0.00092,-0.00106,-0.00099,-0.00078,-0.0004,2.00E-05
656.12,-0.00095,-0.00106,-0.001,-0.0008,-0.00041,-2.00E-05
656.47,-0.00095,-0.00107,-0.00102,-0.00085,-0.00041,-2.00E-05
656.81,-0.00093,-0.00106,-0.00102,-0.00084,-0.00039,-1.00E-05
657.15,-0.00094,-0.00106,-0.001,-0.00083,-0.00039,-2.00E-05
657.49,-0.00089,-0.00104,-0.00099,-0.00082,-0.00039,0
657.84,-0.00084,-0.00102,-0.00098,-0.00079,-0.00038,3.00E-05
658.18,-0.00082,-0.00102,-0.00099,-0.00083,-0.00038,4.00E-05
658.52,-0.00086,-0.00106,-0.00103,-0.00089,-0.00045,8.00E-05
658.86,-0.0009,-0.00104,-0.00102,-0.00089,-0.00046,9.00E-05
659.2,-0.00089,-0.00104,-0.00105,-0.00092,-0.00048,0.0001
659.55,-0.0009,-0.001,-0.00105,-0.00094,-0.00048,0.00011
659.89,-0.00096,-0.00099,-0.00104,-0.00094,-0.0005,0.0001
660.23,-0.00097,-0.00101,-0.00105,-0.00094,-0.00048,0.00012
660.57,-0.00099,-0.00106,-0.00109,-0.00096,-0.00049,0.00012
660.91,-0.00097,-0.00104,-0.00108,-0.00092,-0.00049,0.00011
661.26,-0.0009,-0.00103,-0.00106,-0.00087,-0.00045,0.00017
661.6,-0.00093,-0.00106,-0.00106,-0.00089,-0.00047,0.00019
661.94,-0.00089,-0.00104,-0.00107,-0.0009,-0.00048,0.00023
662.28,-0.00084,-0.00106,-0.00106,-0.00089,-0.00042,0.00027
662.62,-0.00085,-0.00105,-0.00105,-0.00088,-0.00041,0.00027
662.96,-0.00085,-0.00106,-0.00105,-0.00086,-0.00041,0.00025
663.31,-0.00083,-0.00104,-0.00104,-0.00085,-0.00039,0.00027
663.65,-0.00085,-0.00103,-0.00106,-0.00089,-0.00038,0.00025
663.99,-0.00083,-0.00102,-0.00103,-0.00085,-0.00033,0.00023
664.33,-0.00085,-0.00105,-0.00101,-0.00085,-0.00029,0.0002
664.67,-0.00086,-0.00102,-0.00098,-0.00082,-0.00028,0.00018
665.01,-0.00085,-0.00103,-0.001,-0.00083,-0.0003,0.00018
665.35,-0.00084,-0.001,-0.00097,-0.00081,-0.00031,0.00016
665.69,-0.00084,-0.00104,-0.001,-0.00085,-0.00032,0.00015
666.04,-0.00085,-0.00107,-0.001,-0.00084,-0.00036,0.00012
666.38,-0.00083,-0.00104,-0.00098,-0.00084,-0.00035,0.00013
666.72,-0.00083,-0.00102,-0.00097,-0.00083,-0.00035,0.00014
667.06,-0.0008,-0.001,-0.00099,-0.00088,-0.0004,0.00015
667.4,-0.00084,-0.00099,-0.00097,-0.00091,-0.00037,0.00017
667.74,-0.00083,-0.00098,-0.00099,-0.00093,-0.00034,0.00019
668.08,-0.00084,-0.00097,-0.00098,-0.00092,-0.0003,0.0002
668.42,-0.00086,-0.001,-0.00096,-0.0009,-0.00029,0.00021
668.76,-0.0009,-0.00104,-0.00099,-0.00093,-0.0003,0.0002
669.1,-0.0009,-0.00106,-0.00102,-0.00095,-0.00032,0.00021
669.44,-0.00095,-0.00109,-0.00103,-0.00093,-0.0003,0.0002
669.79,-0.00095,-0.0011,-0.00108,-0.00091,-0.00033,0.00021
670.13,-0.00097,-0.00112,-0.00108,-0.00089,-0.00034,0.00023
670.47,-0.00097,-0.00111,-0.00108,-0.0009,-0.00031,0.00026
670.81,-0.00093,-0.00104,-0.00105,-0.00088,-0.00027,0.00031
671.15,-0.0009,-0.00102,-0.00103,-0.00086,-0.00026,0.00034
671.49,-0.0009,-0.00101,-0.00106,-0.00089,-0.00028,0.00034
671.83,-0.0009,-0.00102,-0.00106,-0.00087,-0.00029,0.00035
672.17,-0.00089,-0.001,-0.00105,-0.00086,-0.00031,0.00031
672.51,-0.00088,-0.00099,-0.00103,-0.00089,-0.00033,0.00031
672.85,-0.00086,-0.00101,-0.00106,-0.00087,-0.00033,0.00029
673.19,-0.0009,-0.00105,-0.00111,-0.0009,-0.00034,0.00027
673.53,-0.00094,-0.00106,-0.00112,-0.00088,-0.00032,0.00026
673.87,-0.001,-0.00112,-0.0011,-0.00085,-0.00032,0.00023
674.21,-0.00101,-0.00111,-0.0011,-0.00086,-0.00033,0.00026
674.55,-0.00104,-0.00114,-0.00111,-0.00089,-0.0003,0.00028
674.89,-0.001,-0.00113,-0.0011,-0.00087,-0.00028,0.00028
675.23,-0.00101,-0.00109,-0.00105,-0.00086,-0.0003,0.00032
675.57,-0.001,-0.00109,-0.00103,-0.00085,-0.00029,0.00031
675.91,-0.00097,-0.0011,-0.00105,-0.00091,-0.00032,0.00032
676.25,-0.00096,-0.00108,-0.00101,-0.00091,-0.00031,0.00034
676.59,-0.0009,-0.00108,-0.001,-0.0009,-0.00025,0.00036
676.93,-0.00086,-0.0011,-0.00099,-0.00087,-0.00024,0.00035
677.27,-0.00092,-0.00114,-0.00101,-0.00089,-0.00024,0.00038
677.61,-0.00093,-0.00117,-0.00105,-0.00091,-0.00024,0.00039
677.95,-0.00094,-0.00118,-0.00105,-0.00093,-0.00023,0.00043
678.29,-0.00098,-0.0012,-0.00106,-0.00092,-0.00023,0.00047
678.63,-0.00096,-0.00122,-0.00109,-0.00095,-0.00025,0.00046
678.97,-0.00095,-0.00121,-0.00105,-0.00091,-0.00025,0.00052
679.31,-0.00094,-0.00115,-0.00102,-0.00089,-0.00024,0.0006
679.65,-0.00093,-0.00112,-0.00103,-0.00088,-0.00024,0.00063
679.98,-0.00095,-0.00113,-0.00105,-0.00092,-0.00023,0.00063
680.32,-0.00093,-0.00112,-0.00107,-0.0009,-0.00022,0.00064
680.66,-0.00092,-0.00109,-0.00105,-0.00089,-0.0002,0.00067
681,-0.00088,-0.00107,-0.00104,-0.00084,-0.00013,0.00074
681.34,-0.00097,-0.00109,-0.00115,-0.00092,-0.00015,0.00071
681.68,-0.00102,-0.00112,-0.00119,-0.00095,-0.00015,0.00065
682.02,-0.00103,-0.00113,-0.00117,-0.00095,-9.00E-05,0.00065
682.36,-0.001,-0.00111,-0.00114,-0.00092,-7.00E-05,0.00069
682.7,-0.00102,-0.0011,-0.00114,-0.00091,-9.00E-05,0.0007
683.04,-0.001,-0.0011,-0.00112,-0.00089,-6.00E-05,0.00071
683.38,-0.00099,-0.00107,-0.00109,-0.00087,-8.00E-05,0.00075
683.71,-0.00098,-0.00111,-0.00107,-0.00086,-8.00E-05,0.00074
684.05,-0.00092,-0.00111,-0.00103,-0.00083,-5.00E-05,0.00082
684.39,-0.00086,-0.00108,-0.00102,-0.00081,-3.00E-05,0.00089
684.73,-0.00088,-0.0011,-0.00102,-0.00083,-3.00E-05,0.00087
685.07,-0.00088,-0.00117,-0.00101,-0.00087,-4.00E-05,0.00087
685.41,-0.00091,-0.00115,-0.00101,-0.00086,-7.00E-05,0.00089
685.75,-0.00097,-0.00118,-0.00103,-0.00088,-7.00E-05,0.00086
686.09,-0.00099,-0.00115,-0.00104,-0.00089,-5.00E-05,0.0009
686.42,-0.00102,-0.00115,-0.00108,-0.00092,-8.00E-05,0.00091
686.76,-0.00105,-0.00115,-0.00106,-0.00093,-5.00E-05,0.00089
687.1,-0.00108,-0.00117,-0.00112,-0.00093,-6.00E-05,0.0009
687.44,-0.00108,-0.00113,-0.00118,-0.00092,-2.00E-05,0.00093
687.78,-0.00109,-0.00113,-0.00118,-0.00094,0,0.00092
688.12,-0.00105,-0.00116,-0.00121,-0.00096,5.00E-05,0.00097
688.45,-0.00103,-0.00116,-0.00118,-0.00093,6.00E-05,0.00103
688.79,-0.00106,-0.00119,-0.00118,-0.00095,9.00E-05,0.00105
689.13,-0.0011,-0.00123,-0.00124,-0.00096,6.00E-05,0.00106
689.47,-0.00109,-0.00122,-0.00121,-0.00095,0.0001,0.00111
689.81,-0.00111,-0.00123,-0.00117,-0.00096,0.00011,0.00112
690.14,-0.00112,-0.00128,-0.00115,-0.00093,0.00013,0.00118
690.48,-0.00109,-0.00123,-0.00108,-0.00083,0.00019,0.00124
690.82,-0.00113,-0.00121,-0.0011,-0.00083,0.00021,0.00123
691.16,-0.00108,-0.00119,-0.00106,-0.0008,0.00026,0.0013
691.5,-0.00103,-0.00121,-0.00099,-0.00077,0.00029,0.00138
691.83,-0.00103,-0.0012,-0.00098,-0.00076,0.00028,0.00144
692.17,-0.001,-0.00122,-0.00095,-0.00071,0.00032,0.0015
692.51,-0.00094,-0.00115,-0.00095,-0.00069,0.00035,0.00156
692.85,-0.00099,-0.00118,-0.00102,-0.00077,0.00029,0.00156
693.18,-0.00094,-0.00119,-0.00096,-0.00075,0.0003,0.00161
693.52,-0.00101,-0.00124,-0.001,-0.00077,0.00032,0.0016
693.86,-0.00106,-0.00126,-0.00108,-0.00082,0.0003,0.00153
694.2,-0.00106,-0.00126,-0.0011,-0.00084,0.0003,0.00149
694.53,-0.00109,-0.0013,-0.00111,-0.00087,0.00026,0.00149
694.87,-0.00111,-0.00135,-0.00113,-0.00092,0.00028,0.0015
695.21,-0.00114,-0.00135,-0.00109,-0.00092,0.0003,0.00152
695.55,-0.00114,-0.00136,-0.00113,-0.00092,0.0003,0.00153
695.88,-0.00108,-0.00131,-0.0011,-0.00091,0.00029,0.00157
696.22,-0.00107,-0.00128,-0.00106,-0.00087,0.00036,0.00169
696.56,-0.00105,-0.00124,-0.00099,-0.00081,0.00041,0.00181
696.9,-0.00104,-0.00116,-0.00098,-0.00079,0.00048,0.00187
697.23,-0.00109,-0.00116,-0.00097,-0.00079,0.0005,0.00189
697.57,-0.00107,-0.00119,-0.00101,-0.00079,0.00056,0.00193
697.91,-0.0011,-0.0012,-0.001,-0.00081,0.0006,0.00193
698.24,-0.00111,-0.00117,-0.001,-0.00081,0.00065,0.00201
698.58,-0.00106,-0.00111,-0.00096,-0.0008,0.00071,0.00208
698.92,-0.00108,-0.00115,-0.001,-0.00085,0.00075,0.00207
699.25,-0.00105,-0.00114,-0.001,-0.00083,0.0008,0.00218
699.59,-0.00105,-0.00115,-0.00106,-0.00086,0.0008,0.00222
699.93,-0.00104,-0.0011,-0.00107,-0.00085,0.0008,0.00227
700.26,-0.00105,-0.00111,-0.00108,-0.00085,0.00084,0.00232
700.6,-0.00109,-0.00116,-0.00109,-0.00082,0.00085,0.00237
700.94,-0.00114,-0.0012,-0.00112,-0.00083,0.00082,0.00237
701.27,-0.00113,-0.00117,-0.00114,-0.00081,0.00084,0.00244
701.61,-0.00119,-0.00116,-0.00116,-0.00078,0.00082,0.00242
701.95,-0.00119,-0.00117,-0.00115,-0.00079,0.00081,0.0024
702.28,-0.00112,-0.00116,-0.00112,-0.00076,0.0009,0.00248
702.62,-0.00109,-0.00112,-0.00106,-0.00069,0.00099,0.00259
702.96,-0.00107,-0.00113,-0.0011,-0.00069,0.00099,0.00259
703.29,-0.00104,-0.00114,-0.0011,-0.00066,0.00101,0.00263
703.63,-0.00105,-0.00114,-0.00107,-0.00065,0.00104,0.00267
703.96,-0.00104,-0.00121,-0.00109,-0.0007,0.00103,0.0027
704.3,-0.00099,-0.00114,-0.00109,-0.00067,0.00111,0.00284
704.64,-0.00106,-0.00116,-0.00112,-0.00066,0.00112,0.00287
704.97,-0.0011,-0.00123,-0.00121,-0.00074,0.00107,0.00292
705.31,-0.0011,-0.0012,-0.0012,-0.00073,0.00111,0.00297
705.64,-0.00109,-0.00117,-0.00122,-0.00073,0.00116,0.003
705.98,-0.00106,-0.00121,-0.00124,-0.00068,0.00119,0.00307
706.32,-0.00105,-0.0012,-0.00121,-0.00064,0.00129,0.00315
706.65,-0.0011,-0.00122,-0.0012,-0.00057,0.00135,0.0032
706.99,-0.00105,-0.00118,-0.00116,-0.00059,0.00137,0.00327
707.32,-0.00106,-0.00117,-0.00116,-0.00057,0.00139,0.00328
707.66,-0.00107,-0.00115,-0.00115,-0.00058,0.00146,0.00335
707.99,-0.00115,-0.00118,-0.00118,-0.00062,0.00144,0.00336
708.33,-0.00115,-0.0011,-0.00116,-0.00062,0.0015,0.00346
708.67,-0.00113,-0.00105,-0.00115,-0.00056,0.0015,0.00353
709,-0.00107,-0.00102,-0.00108,-0.00051,0.00156,0.0036
709.34,-0.00112,-0.00108,-0.00111,-0.00053,0.00157,0.00361
709.67,-0.00111,-0.00101,-0.00103,-0.00047,0.00165,0.00371
710.01,-0.00111,-0.00103,-0.00102,-0.00051,0.00164,0.00376
710.34,-0.00114,-0.00107,-0.001,-0.00048,0.00165,0.00381
710.68,-0.00114,-0.00112,-0.00101,-0.00049,0.00167,0.00384
711.01,-0.00117,-0.00113,-0.00101,-0.00048,0.0017,0.00388
711.35,-0.0012,-0.00117,-0.00107,-0.00053,0.00172,0.00389
711.68,-0.00121,-0.00119,-0.00108,-0.00052,0.00173,0.00397
712.02,-0.0012,-0.00113,-0.00109,-0.00048,0.00177,0.00407
712.35,-0.00124,-0.00116,-0.0011,-0.00042,0.00184,0.00415
712.69,-0.00122,-0.00117,-0.0011,-0.00043,0.0019,0.00428
713.02,-0.00124,-0.00116,-0.00106,-0.00045,0.0019,0.00434
713.36,-0.00126,-0.00118,-0.0011,-0.00047,0.00193,0.00442
713.69,-0.00132,-0.00123,-0.00114,-0.00048,0.00188,0.00445
714.03,-0.00129,-0.00119,-0.00113,-0.00042,0.00195,0.00453
714.36,-0.0013,-0.00124,-0.00116,-0.00049,0.00197,0.00456
714.7,-0.00126,-0.0012,-0.00113,-0.00043,0.00201,0.00464
715.03,-0.00124,-0.00116,-0.00114,-0.0004,0.00207,0.00463
715.37,-0.00121,-0.00117,-0.00115,-0.00041,0.0021,0.00472
715.7,-0.00121,-0.00121,-0.00114,-0.00044,0.00216,0.00476
716.04,-0.00119,-0.00119,-0.00111,-0.00045,0.00222,0.00488
716.37,-0.00118,-0.00118,-0.00108,-0.00044,0.00225,0.00497
716.7,-0.00116,-0.00121,-0.00108,-0.00038,0.00231,0.00502
717.04,-0.00117,-0.00122,-0.00112,-0.00037,0.00233,0.00502
717.37,-0.00118,-0.00118,-0.00108,-0.00039,0.00238,0.00514
717.71,-0.00125,-0.0012,-0.00113,-0.00034,0.00243,0.00518
718.04,-0.00126,-0.00117,-0.00113,-0.0003,0.00242,0.00522
718.38,-0.00129,-0.00117,-0.00111,-0.00029,0.00246,0.00529
718.71,-0.00132,-0.00116,-0.00115,-0.00028,0.0025,0.00532
719.04,-0.00135,-0.00115,-0.00113,-0.00029,0.00248,0.00532
719.38,-0.00132,-0.00114,-0.00114,-0.00031,0.00249,0.00543
719.71,-0.0013,-0.00114,-0.00119,-0.00028,0.0025,0.00549
720.05,-0.00127,-0.00114,-0.00121,-0.00029,0.00252,0.00554
720.38,-0.00127,-0.00118,-0.0012,-0.00029,0.00259,0.00561
720.71,-0.00125,-0.00111,-0.00114,-0.00023,0.00266,0.0057
721.05,-0.00125,-0.00113,-0.00114,-0.00024,0.00265,0.00574
721.38,-0.00124,-0.0011,-0.00109,-0.00019,0.00272,0.00588
721.72,-0.00122,-0.00108,-0.00102,-0.00016,0.00283,0.00595
722.05,-0.00121,-0.001,-0.00095,-0.00011,0.00291,0.00607
722.38,-0.00124,-0.00099,-0.0009,-8.00E-05,0.00294,0.00616
722.72,-0.00125,-0.00093,-0.00091,-5.00E-05,0.00298,0.00627
723.05,-0.00125,-0.00097,-0.00097,-8.00E-05,0.00301,0.00632
723.38,-0.00123,-0.00093,-0.0009,-3.00E-05,0.0031,0.00641
723.72,-0.00128,-0.00104,-0.00095,-9.00E-05,0.0031,0.00644
724.05,-0.00127,-0.00101,-0.00097,-8.00E-05,0.00306,0.00646
724.38,-0.00124,-0.00103,-0.00095,-5.00E-05,0.0031,0.0065
724.72,-0.0012,-0.00106,-0.00098,-8.00E-05,0.00314,0.00655
725.05,-0.00121,-0.00106,-0.00095,-9.00E-05,0.00315,0.00658
725.38,-0.00115,-0.00102,-0.00093,-3.00E-05,0.00322,0.00663
725.72,-0.0012,-0.00105,-0.00099,-9.00E-05,0.00322,0.00668
726.05,-0.00118,-0.001,-0.00096,-6.00E-05,0.00328,0.00674
726.38,-0.00118,-0.00099,-0.00093,-0.0001,0.00336,0.00689
726.72,-0.00122,-0.00102,-0.00095,-8.00E-05,0.00341,0.00697
727.05,-0.00122,-0.00098,-0.00094,-2.00E-05,0.00345,0.00704
727.38,-0.00118,-0.00097,-0.00093,3.00E-05,0.0035,0.00708
727.71,-0.00126,-0.001,-0.00097,-1.00E-05,0.00345,0.00712
728.05,-0.00126,-0.001,-0.00095,3.00E-05,0.00348,0.00716
728.38,-0.0013,-0.00102,-0.00097,-5.00E-05,0.00346,0.00717
728.71,-0.00131,-0.00104,-0.00103,-1.00E-05,0.0035,0.0072
729.05,-0.00128,-0.001,-0.00103,-3.00E-05,0.00352,0.00723
729.38,-0.00127,-0.00097,-0.00102,-4.00E-05,0.00361,0.00732
729.71,-0.00125,-0.00094,-0.00099,1.00E-05,0.0037,0.00747
730.04,-0.00124,-0.00094,-0.001,8.00E-05,0.00382,0.00759
730.38,-0.00116,-0.00091,-0.00097,0.00014,0.00393,0.00768
730.71,-0.00111,-0.00084,-0.00097,0.00023,0.00403,0.00778
731.04,-0.00112,-0.00083,-0.00095,0.00027,0.00409,0.00785
731.37,-0.00114,-0.00088,-0.00094,0.00025,0.00413,0.00796
731.71,-0.00115,-0.00091,-0.00092,0.00028,0.00416,0.00801
732.04,-0.00109,-0.00093,-0.00093,0.00034,0.00416,0.00806
732.37,-0.00105,-0.00089,-0.00086,0.00034,0.00417,0.00814
732.7,-0.00104,-0.00092,-0.00088,0.00032,0.00416,0.00824
733.04,-0.00101,-0.00092,-0.00091,0.00035,0.00422,0.00836
733.37,-0.00103,-0.00095,-0.00088,0.00035,0.00427,0.00839
733.7,-0.00106,-0.00094,-0.00088,0.00044,0.00433,0.00842
734.03,-0.00109,-0.00092,-0.0009,0.00044,0.00433,0.00851
734.36,-0.00117,-0.00095,-0.00096,0.00034,0.00438,0.00853
734.7,-0.00119,-0.00096,-0.00099,0.00035,0.00443,0.00854
735.03,-0.00129,-0.00095,-0.00106,0.00033,0.00444,0.00855
735.36,-0.00132,-0.00096,-0.00103,0.00035,0.00449,0.00859
735.69,-0.00132,-0.00094,-0.00103,0.00033,0.0045,0.00869
736.02,-0.00133,-0.00087,-0.00097,0.00031,0.00454,0.00873
736.35,-0.00139,-0.00089,-0.00099,0.00031,0.00456,0.00876
736.69,-0.00141,-0.00083,-0.00099,0.00035,0.00459,0.00881
737.02,-0.00148,-0.00088,-0.00098,0.00035,0.00462,0.00885
737.35,-0.00139,-0.00083,-0.00085,0.00042,0.00468,0.00898
737.68,-0.00143,-0.00092,-0.00089,0.00036,0.00462,0.00897
738.01,-0.00138,-0.00092,-0.00089,0.00036,0.00468,0.00902
738.34,-0.00139,-0.00098,-0.00096,0.00032,0.00468,0.00905
738.68,-0.00134,-0.00096,-0.00095,0.00037,0.00471,0.00911
739.01,-0.00133,-0.00099,-0.00095,0.00038,0.00474,0.00916
739.34,-0.00133,-0.00094,-0.00096,0.00041,0.00477,0.0092
739.67,-0.0014,-0.001,-0.00105,0.00037,0.00479,0.00916
740,-0.00139,-0.00094,-0.00102,0.00049,0.00489,0.00927
740.33,-0.0014,-0.00099,-0.00107,0.00051,0.0049,0.00927
740.66,-0.00138,-0.00101,-0.00103,0.00057,0.00494,0.0094
740.99,-0.0014,-0.001,-0.00097,0.00057,0.00499,0.00945
741.32,-0.0014,-0.001,-0.00101,0.00052,0.005,0.00953
741.66,-0.00135,-0.00099,-0.00101,0.00046,0.00506,0.00964
741.99,-0.00127,-0.00093,-0.00096,0.00056,0.00515,0.00979
742.32,-0.0013,-0.00094,-0.00098,0.00049,0.00521,0.00987
742.65,-0.00134,-0.00091,-0.00097,0.0005,0.00526,0.00989
742.98,-0.00129,-0.00086,-0.00098,0.00049,0.00531,0.0099
743.31,-0.00126,-0.00083,-0.00098,0.00055,0.00545,0.01001
743.64,-0.00117,-0.00075,-0.00089,0.00062,0.00556,0.01013
743.97,-0.00121,-0.00078,-0.00087,0.00064,0.00562,0.01024
744.3,-0.00123,-0.0008,-0.00088,0.00059,0.00562,0.01024
744.63,-0.00122,-0.00076,-0.00084,0.00063,0.0056,0.01023
744.96,-0.00118,-0.00067,-0.00083,0.0007,0.00566,0.0104
745.29,-0.00116,-0.00064,-0.00083,0.0008,0.00569,0.0105
745.62,-0.00116,-0.00068,-0.00088,0.00074,0.00566,0.0105
745.95,-0.00123,-0.00072,-0.00089,0.0008,0.00563,0.01052
746.28,-0.00123,-0.00071,-0.00091,0.00082,0.00565,0.01053
746.61,-0.00124,-0.00073,-0.00092,0.00086,0.00568,0.01066
746.94,-0.00124,-0.0007,-0.00097,0.00092,0.00571,0.01077
747.28,-0.00128,-0.00078,-0.00092,0.00089,0.00569,0.01078
747.61,-0.00139,-0.00083,-0.00098,0.00081,0.0057,0.01084
747.94,-0.00142,-0.00082,-0.00096,0.00083,0.00572,0.01091
748.27,-0.00138,-0.00079,-0.00094,0.00082,0.00584,0.01095
748.6,-0.00137,-0.00074,-0.00094,0.00086,0.00584,0.01097
748.93,-0.00147,-0.00079,-0.00099,0.00084,0.00581,0.01093
749.26,-0.00153,-0.00084,-0.00099,0.00076,0.00577,0.01091
749.58,-0.00155,-0.00082,-0.00103,0.00078,0.00579,0.01089
749.91,-0.00155,-0.0008,-0.001,0.00081,0.00578,0.0109
750.24,-0.00152,-0.00077,-0.00095,0.00082,0.00584,0.01097
750.57,-0.00154,-0.00076,-0.001,0.00073,0.00582,0.01102
750.9,-0.00152,-0.00088,-0.00099,0.00074,0.00583,0.01106
751.23,-0.00147,-0.00084,-0.001,0.00075,0.00589,0.01112
751.56,-0.00141,-0.0008,-0.00096,0.00083,0.006,0.01124
751.89,-0.00141,-0.00087,-0.00105,0.00076,0.006,0.0113
752.22,-0.00142,-0.00087,-0.00107,0.00076,0.00606,0.01135
752.55,-0.00147,-0.00089,-0.00114,0.00075,0.00603,0.01136
752.88,-0.00152,-0.0009,-0.00112,0.00082,0.006,0.01139
753.21,-0.00148,-0.00082,-0.0011,0.00085,0.0061,0.01139
753.54,-0.00152,-0.00084,-0.00111,0.00081,0.00611,0.0114
753.87,-0.00151,-0.00082,-0.00114,0.00082,0.00611,0.01141
754.2,-0.00151,-0.00079,-0.00104,0.0009,0.00624,0.01154
754.53,-0.00147,-0.00085,-0.00112,0.00084,0.0062,0.0115
754.86,-0.00143,-0.00079,-0.00102,0.00095,0.00627,0.01161
755.19,-0.00147,-0.00081,-0.00105,0.00091,0.00633,0.01162
755.51,-0.00154,-0.00082,-0.00107,0.00088,0.00634,0.0117
755.84,-0.00136,-0.00072,-0.00096,0.00098,0.00648,0.01185
756.17,-0.0013,-0.00071,-0.00087,0.00099,0.00651,0.01197
756.5,-0.00128,-0.00063,-0.00082,0.00099,0.0065,0.01196
756.83,-0.00123,-0.00052,-0.00066,0.00115,0.0067,0.01216
757.16,-0.00124,-0.00066,-0.00076,0.00106,0.00665,0.01214
757.49,-0.00123,-0.00069,-0.00074,0.00111,0.00668,0.0122
757.82,-0.00123,-0.00068,-0.00073,0.00113,0.00674,0.01227
758.14,-0.00139,-0.00076,-0.00079,0.00107,0.00667,0.01227
758.47,-0.00145,-0.00084,-0.00089,0.00104,0.0066,0.01223
758.8,-0.00145,-0.00081,-0.00094,0.00107,0.00664,0.01233
759.13,-0.00153,-0.00093,-0.001,0.00097,0.00651,0.01231
759.46,-0.00156,-0.00089,-0.00098,0.00095,0.00657,0.01234
759.79,-0.00153,-0.00087,-0.00101,0.00097,0.00658,0.0124
760.12,-0.00153,-0.0009,-0.00108,0.00097,0.00656,0.01233
760.44,-0.00155,-0.0009,-0.00106,0.00098,0.00654,0.01231
760.77,-0.00163,-0.00086,-0.001,0.00094,0.00665,0.01234
761.1,-0.00162,-0.00087,-0.001,0.00092,0.00668,0.01242
761.43,-0.00164,-0.00089,-0.00104,0.0009,0.00676,0.01238
761.76,-0.00168,-0.00082,-0.00103,0.00098,0.00679,0.01244
762.08,-0.00172,-0.0008,-0.001,0.00101,0.00687,0.01246
762.41,-0.00174,-0.00079,-0.00095,0.00102,0.00696,0.01251
762.74,-0.00164,-0.00081,-0.00096,0.00107,0.00703,0.01265
763.07,-0.00162,-0.00087,-0.00107,0.00111,0.00702,0.01265
763.4,-0.00162,-0.00086,-0.00104,0.0012,0.00707,0.01263
763.72,-0.00159,-0.00079,-0.00105,0.00126,0.00716,0.01273
764.05,-0.00158,-0.00078,-0.00103,0.00123,0.00714,0.01277
764.38,-0.00156,-0.0008,-0.00097,0.00125,0.00709,0.01277
764.71,-0.00157,-0.00082,-0.00097,0.00124,0.00702,0.01282
765.04,-0.00166,-0.00084,-0.00096,0.00121,0.00702,0.01274
765.36,-0.00158,-0.00073,-0.00081,0.00127,0.00713,0.01289
765.69,-0.00156,-0.00076,-0.00083,0.00126,0.00716,0.01299
766.02,-0.00162,-0.00074,-0.00081,0.00119,0.00704,0.01305
766.35,-0.00165,-0.00079,-0.0009,0.00116,0.00705,0.01299
766.67,-0.00163,-0.00084,-0.00097,0.00108,0.00706,0.01302
767,-0.00156,-0.00082,-0.00093,0.00109,0.00713,0.01314
767.33,-0.0015,-0.00077,-0.00099,0.0011,0.00711,0.01322
767.65,-0.00162,-0.00092,-0.00109,0.00103,0.00701,0.0131
767.98,-0.00167,-0.00095,-0.0011,0.00101,0.00696,0.01306
768.31,-0.0016,-0.00094,-0.00109,0.00109,0.00698,0.01307
768.64,-0.00152,-0.00098,-0.00097,0.00117,0.00704,0.01316
768.96,-0.00162,-0.00099,-0.00105,0.00114,0.00704,0.01321
769.29,-0.00171,-0.00098,-0.00111,0.00118,0.00708,0.01321
769.62,-0.00178,-0.00104,-0.00108,0.00109,0.00708,0.01322
769.94,-0.00177,-0.00097,-0.00111,0.00109,0.00713,0.01322
770.27,-0.00178,-0.00097,-0.0011,0.00109,0.00716,0.01321
770.6,-0.00186,-0.00107,-0.00118,0.00106,0.00713,0.01317
770.92,-0.0019,-0.00107,-0.0013,0.00097,0.00713,0.01315
771.25,-0.00181,-0.00098,-0.00122,0.00108,0.00718,0.0132
771.58,-0.00179,-0.00097,-0.00125,0.00104,0.0071,0.01323
771.9,-0.0018,-0.00098,-0.00124,0.00109,0.00719,0.0133
772.23,-0.00174,-0.001,-0.00124,0.00108,0.00717,0.01343
772.56,-0.00175,-0.00103,-0.00124,0.00099,0.00728,0.01343
772.88,-0.00162,-0.00096,-0.0011,0.00111,0.00739,0.01354
773.21,-0.00165,-0.00096,-0.00111,0.00108,0.00741,0.01359
773.54,-0.00174,-0.00104,-0.00125,0.00098,0.00735,0.01353
773.86,-0.00178,-0.00102,-0.00119,0.00098,0.00741,0.01357
774.19,-0.00172,-0.00101,-0.00123,0.00098,0.00736,0.01356
774.52,-0.00173,-0.00101,-0.00122,0.00106,0.00748,0.01355
774.84,-0.00178,-0.00099,-0.00121,0.00107,0.0074,0.01361
775.17,-0.00196,-0.00108,-0.00132,0.00095,0.00729,0.01358
775.5,-0.00194,-0.00104,-0.00125,0.00105,0.00732,0.01358
775.82,-0.00187,-0.00105,-0.00122,0.00106,0.00735,0.01356
776.15,-0.00184,-0.00103,-0.00135,0.00108,0.00743,0.0136
776.47,-0.00191,-0.00094,-0.00128,0.0011,0.00751,0.01358
776.8,-0.00189,-0.00094,-0.00127,0.0011,0.00748,0.01365
777.12,-0.00188,-0.00085,-0.00129,0.00113,0.00752,0.01363
777.45,-0.00186,-0.00089,-0.00134,0.00117,0.00769,0.01369
777.78,-0.00193,-0.00092,-0.00135,0.00112,0.0077,0.01379
778.1,-0.00199,-0.00085,-0.00132,0.00119,0.00766,0.01392
778.43,-0.00207,-0.00092,-0.00126,0.00111,0.00754,0.01384
778.75,-0.00209,-0.00094,-0.00131,0.00114,0.00753,0.01396
779.08,-0.00215,-0.00098,-0.00138,0.00106,0.0075,0.01393
779.4,-0.00217,-0.00121,-0.00149,0.001,0.00742,0.01387
779.73,-0.00218,-0.00119,-0.00144,0.00096,0.00736,0.01386
780.06,-0.00219,-0.0012,-0.00143,0.00101,0.00735,0.01378
780.38,-0.00213,-0.00127,-0.00131,0.001,0.00744,0.01384
780.71,-0.00212,-0.00135,-0.00134,0.00103,0.00755,0.01383
781.03,-0.0022,-0.00147,-0.00142,0.00099,0.00753,0.01375
781.36,-0.00222,-0.00152,-0.00145,0.00106,0.00752,0.01368
781.68,-0.00167,-0.00095,-0.00089,0.00163,0.00812,0.01428
782.01,-0.00168,-0.00095,-0.00089,0.00157,0.00813,0.01433
782.33,-0.00171,-0.00098,-0.00096,0.00148,0.00807,0.01438
782.66,-0.00176,-0.00101,-0.00101,0.00146,0.00815,0.0144
782.98,-0.00179,-0.00094,-0.00101,0.00145,0.00811,0.01456
783.31,-0.00169,-0.00088,-0.0009,0.00143,0.00818,0.01466
783.63,-0.00167,-0.0008,-0.00082,0.00147,0.00821,0.0148
783.96,-0.00225,-0.00123,-0.00133,0.00106,0.00769,0.01437
784.28,-0.00224,-0.00117,-0.00134,0.00109,0.00775,0.01437
784.61,-0.00213,-0.00109,-0.00126,0.0012,0.00783,0.01443
784.93,-0.00223,-0.00108,-0.00136,0.00114,0.00775,0.01428
785.26,-0.00222,-0.00118,-0.00139,0.0011,0.00775,0.01416
785.58,-0.00218,-0.00113,-0.00148,0.00119,0.00772,0.01427
785.91,-0.00226,-0.00113,-0.0015,0.00107,0.00772,0.01422
786.23,-0.00224,-0.00117,-0.0015,0.00098,0.00767,0.01422
786.56,-0.00225,-0.00124,-0.00152,0.00096,0.00768,0.01421
786.88,-0.00231,-0.00128,-0.00155,0.00095,0.00763,0.01415
787.2,-0.0022,-0.00125,-0.00149,0.00104,0.00766,0.01432
787.53,-0.00222,-0.00113,-0.00147,0.00105,0.00762,0.01438
787.85,-0.00235,-0.00127,-0.00153,0.00089,0.00762,0.01428
788.18,-0.00232,-0.00128,-0.00152,0.00101,0.00772,0.01445
788.5,-0.00232,-0.00121,-0.00152,0.00104,0.00778,0.01443
788.83,-0.0023,-0.00113,-0.00145,0.00103,0.00783,0.01445
789.15,-0.00231,-0.00121,-0.00147,0.00096,0.00786,0.01451
789.47,-0.00244,-0.00126,-0.00148,0.00092,0.0078,0.01446
789.8,-0.00242,-0.00134,-0.00144,0.00103,0.00791,0.01448
790.12,-0.0023,-0.00126,-0.00127,0.00115,0.00803,0.0145
790.45,-0.00228,-0.00126,-0.00129,0.00111,0.00809,0.0145
790.77,-0.00236,-0.00144,-0.00136,0.00097,0.0081,0.01448
791.09,-0.00234,-0.00158,-0.00145,0.00102,0.00806,0.01453
791.42,-0.00236,-0.00154,-0.0015,0.00101,0.00803,0.0145
791.74,-0.00225,-0.0015,-0.00144,0.00107,0.00805,0.01462
792.06,-0.00223,-0.00139,-0.00146,0.00104,0.00807,0.01463
792.39,-0.00224,-0.00139,-0.00148,0.00103,0.00804,0.01458
792.71,-0.00228,-0.00128,-0.00142,0.00117,0.00803,0.01461
793.04,-0.0022,-0.00121,-0.00139,0.00122,0.00809,0.01472
793.36,-0.00224,-0.00118,-0.00131,0.00118,0.00811,0.01466
793.68,-0.00222,-0.00121,-0.00128,0.00118,0.00822,0.01481
794.01,-0.00215,-0.0012,-0.00129,0.00113,0.00829,0.0148
794.33,-0.0022,-0.00124,-0.00129,0.00112,0.00832,0.01492
794.65,-0.00229,-0.00129,-0.00138,0.00108,0.00826,0.01499
794.98,-0.0023,-0.00145,-0.00143,0.00102,0.00813,0.01497
795.3,-0.0023,-0.00142,-0.00141,0.00108,0.00806,0.01496
795.62,-0.00228,-0.00129,-0.00145,0.00122,0.00813,0.01509
795.94,-0.00227,-0.00132,-0.00146,0.00131,0.00805,0.01497
796.27,-0.00235,-0.00142,-0.00154,0.00128,0.00808,0.01493
796.59,-0.00228,-0.00146,-0.00157,0.00128,0.00806,0.01496
796.91,-0.00218,-0.0014,-0.00151,0.0014,0.0081,0.01504
797.24,-0.00218,-0.00137,-0.0015,0.00138,0.0082,0.01503
797.56,-0.0022,-0.00138,-0.00147,0.00151,0.00827,0.01511
797.88,-0.00212,-0.0013,-0.00139,0.00157,0.00837,0.0152
798.21,-0.00218,-0.00124,-0.00143,0.00149,0.00836,0.01527
798.53,-0.00216,-0.00121,-0.00138,0.00152,0.00832,0.01533
798.85,-0.00221,-0.00113,-0.00137,0.00151,0.00823,0.01527
799.17,-0.00236,-0.00119,-0.00144,0.00133,0.00823,0.01516
799.5,-0.00228,-0.00111,-0.00143,0.00136,0.00824,0.01522
799.82,-0.00235,-0.00106,-0.00148,0.0013,0.00812,0.01517
800.14,-0.00244,-0.00119,-0.0016,0.00122,0.00798,0.01504
800.46,-0.00246,-0.0012,-0.00162,0.00128,0.00805,0.01499
800.79,-0.00251,-0.00115,-0.00168,0.00126,0.00812,0.01497
801.11,-0.00245,-0.00119,-0.00173,0.00127,0.00814,0.01496
801.43,-0.00242,-0.00122,-0.00166,0.00125,0.00815,0.01497
801.75,-0.00246,-0.00119,-0.00162,0.00129,0.00827,0.01503
802.07,-0.00242,-0.00126,-0.00151,0.00118,0.00836,0.01498
802.4,-0.00251,-0.00136,-0.00153,0.00106,0.00825,0.01497
802.72,-0.00247,-0.00135,-0.00148,0.00112,0.00833,0.01506
803.04,-0.0025,-0.00137,-0.00152,0.00116,0.00834,0.01512
803.36,-0.00251,-0.00138,-0.00139,0.00108,0.00843,0.01518
803.68,-0.00257,-0.00134,-0.00147,0.00113,0.00846,0.01521
804.01,-0.0026,-0.00144,-0.00152,0.00105,0.00842,0.01518
804.33,-0.00254,-0.00152,-0.00169,0.00103,0.00841,0.01531
804.65,-0.00253,-0.00147,-0.00169,0.00107,0.00846,0.01535
804.97,-0.00242,-0.00145,-0.00162,0.001,0.00844,0.01536
805.29,-0.00232,-0.00144,-0.0015,0.00102,0.00837,0.01539
805.62,-0.00237,-0.00146,-0.00155,0.00106,0.00834,0.01539
805.94,-0.00231,-0.00154,-0.00155,0.00107,0.00825,0.0154
806.26,-0.0023,-0.00166,-0.00167,0.00102,0.00818,0.01532
806.58,-0.00247,-0.00164,-0.00166,0.00106,0.00815,0.01527
806.9,-0.00247,-0.00159,-0.00169,0.00108,0.00821,0.01534
807.22,-0.00262,-0.00171,-0.00175,0.00104,0.00814,0.01531
807.54,-0.00277,-0.00175,-0.00187,0.00099,0.00812,0.01523
807.87,-0.00286,-0.00181,-0.00196,0.001,0.00811,0.01521
808.19,-0.00295,-0.00183,-0.00196,0.00088,0.00807,0.01527
808.51,-0.00305,-0.00175,-0.00194,0.00076,0.0081,0.01527
808.83,-0.00298,-0.0017,-0.00194,0.00081,0.00806,0.01529
809.15,-0.00294,-0.00166,-0.0019,0.00087,0.00807,0.01533
809.47,-0.00297,-0.00164,-0.00204,0.00081,0.00802,0.01533
809.79,-0.00286,-0.00173,-0.00201,0.00084,0.00813,0.01528
810.11,-0.00283,-0.00174,-0.00196,0.00083,0.00812,0.01522
810.43,-0.0027,-0.00176,-0.00202,0.00085,0.0081,0.01519
810.76,-0.00275,-0.00184,-0.0021,0.00095,0.00798,0.01517
811.08,-0.00274,-0.00185,-0.00212,0.00078,0.00803,0.01513
811.4,-0.0028,-0.00199,-0.00217,0.00071,0.00798,0.01508
811.72,-0.00279,-0.00196,-0.00216,0.00067,0.00801,0.01511
812.04,-0.00294,-0.00201,-0.00228,0.00045,0.0079,0.01512
812.36,-0.00298,-0.00204,-0.00234,0.00044,0.00805,0.01524
812.68,-0.00304,-0.00203,-0.0023,0.00047,0.00807,0.01521
813,-0.003,-0.00198,-0.0023,0.0004,0.00813,0.01525
813.32,-0.00307,-0.00201,-0.00232,0.00047,0.00819,0.01528
813.64,-0.00306,-0.00199,-0.00235,0.00035,0.00818,0.0152
813.96,-0.00304,-0.00205,-0.00228,0.00037,0.00823,0.01517
814.28,-0.00294,-0.00195,-0.00217,0.00059,0.00834,0.01534
814.6,-0.00292,-0.0019,-0.00229,0.00059,0.00823,0.01534
814.92,-0.00303,-0.00189,-0.00232,0.00066,0.00839,0.01542
815.24,-0.00305,-0.00197,-0.0024,0.0006,0.00835,0.01548
815.56,-0.00298,-0.00197,-0.00239,0.00056,0.00824,0.01546
815.88,-0.00287,-0.0019,-0.00233,0.00077,0.00829,0.01559
816.2,-0.00286,-0.00188,-0.00237,0.00084,0.0083,0.0156
816.52,-0.00285,-0.00188,-0.00243,0.0008,0.00826,0.01554
816.84,-0.00278,-0.00206,-0.0025,0.00075,0.00816,0.01545
817.16,-0.0025,-0.00198,-0.00251,0.00081,0.00817,0.01552
817.48,-0.0025,-0.00182,-0.00232,0.0009,0.00821,0.01545
817.8,-0.00248,-0.00187,-0.0024,0.00091,0.00824,0.01562
818.12,-0.0027,-0.00201,-0.00248,0.00081,0.00825,0.01559
818.44,-0.00282,-0.00205,-0.00245,0.00081,0.00822,0.01563
818.76,-0.00313,-0.00215,-0.00253,0.00064,0.0081,0.01549
819.08,-0.00306,-0.00202,-0.00225,0.00073,0.0082,0.01557
819.4,-0.00341,-0.00212,-0.00234,0.00053,0.00804,0.01551
819.72,-0.0035,-0.00227,-0.00238,0.00051,0.008,0.01559
820.04,-0.00363,-0.00233,-0.00233,0.00038,0.00792,0.01538
820.36,-0.00352,-0.00231,-0.00217,0.0004,0.0079,0.01555
820.68,-0.0035,-0.00235,-0.00227,0.00032,0.0079,0.01551
821,-0.00329,-0.00225,-0.00221,0.00049,0.00802,0.0157
821.32,-0.00351,-0.00225,-0.0024,0.00038,0.008,0.01577
821.64,-0.00333,-0.00232,-0.00241,0.00053,0.00794,0.01575
821.96,-0.0032,-0.00227,-0.00246,0.00056,0.00802,0.01583
822.27,-0.0032,-0.0023,-0.00256,0.00071,0.00807,0.0159
822.59,-0.00314,-0.00233,-0.0027,0.00071,0.00822,0.01581
822.91,-0.00325,-0.00242,-0.00284,0.0007,0.00819,0.01573
823.23,-0.00331,-0.00247,-0.00282,0.00079,0.0082,0.01579
823.55,-0.00325,-0.00244,-0.00285,0.00083,0.00818,0.01576
823.87,-0.00346,-0.00246,-0.00283,0.00078,0.00826,0.01577
824.19,-0.00362,-0.00255,-0.00289,0.00081,0.00818,0.01561
824.51,-0.00376,-0.00246,-0.00275,0.00073,0.00818,0.01566
824.83,-0.00392,-0.00261,-0.00284,0.00048,0.00799,0.01554
825.14,-0.0037,-0.00246,-0.00261,0.0005,0.00805,0.01571
825.46,-0.00353,-0.00245,-0.00249,0.00034,0.00812,0.01572
825.78,-0.00371,-0.00261,-0.00249,0.00023,0.00822,0.01562
826.1,-0.00353,-0.00256,-0.00255,0.0001,0.00829,0.01568
826.42,-0.00344,-0.00254,-0.00268,6.00E-05,0.00839,0.01566
826.74,-0.00335,-0.00267,-0.00284,0.00014,0.0084,0.01562
827.06,-0.0034,-0.0026,-0.00273,0.00022,0.00846,0.01565
827.37,-0.00366,-0.00284,-0.00289,0.00011,0.00839,0.01544
827.69,-0.00395,-0.00287,-0.00307,0.0001,0.00824,0.0153
828.01,-0.00391,-0.00285,-0.00297,0.00022,0.00809,0.01539
828.33,-0.004,-0.00292,-0.00297,0.00019,0.00797,0.01523
828.65,-0.00412,-0.00294,-0.00283,0.00015,0.00798,0.01524
828.96,-0.00428,-0.00308,-0.00285,1.00E-05,0.00793,0.01509
829.28,-0.00428,-0.00295,-0.00285,3.00E-05,0.00801,0.0152
829.6,-0.0042,-0.00278,-0.00297,-4.00E-05,0.0081,0.01527
829.92,-0.00412,-0.00272,-0.00298,-6.00E-05,0.00806,0.01536
830.24,-0.00425,-0.00274,-0.00304,-0.00022,0.00804,0.01522
830.55,-0.00451,-0.00291,-0.00307,-0.00022,0.00817,0.01526
830.87,-0.00436,-0.00284,-0.0031,-0.00017,0.00807,0.01533
831.19,-0.00428,-0.00266,-0.00309,-1.00E-05,0.00805,0.01545
831.51,-0.0042,-0.00285,-0.0032,0.00011,0.0079,0.01537
831.83,-0.00421,-0.00295,-0.00313,0.00026,0.00785,0.01546
832.14,-0.00434,-0.00308,-0.00328,0.00027,0.00797,0.01548
832.46,-0.00429,-0.00331,-0.00333,0.00023,0.00792,0.01549
832.78,-0.00418,-0.00321,-0.00342,0.00025,0.00784,0.01546
833.1,-0.00438,-0.00347,-0.00355,5.00E-05,0.00771,0.01526
833.41,-0.00433,-0.00351,-0.00362,-6.00E-05,0.00764,0.01518
833.73,-0.00445,-0.00346,-0.00368,-0.00018,0.00765,0.01516
834.05,-0.00439,-0.00339,-0.00343,-7.00E-05,0.00762,0.01521
834.36,-0.0043,-0.00328,-0.00329,-0.0001,0.00756,0.01518
834.68,-0.00405,-0.00291,-0.00319,1.00E-05,0.00772,0.01534
835,-0.00408,-0.00282,-0.00296,0.00015,0.00768,0.01541
835.32,-0.00403,-0.00267,-0.00276,0.0003,0.0078,0.01563
835.63,-0.00424,-0.0027,-0.0028,0.00022,0.00792,0.01576
835.95,-0.0042,-0.00258,-0.00263,0.00018,0.00797,0.01577
836.27,-0.00428,-0.00269,-0.00279,-5.00E-05,0.00801,0.0156
836.58,-0.00432,-0.00278,-0.0028,-6.00E-05,0.00801,0.01545
836.9,-0.00453,-0.00295,-0.00296,-9.00E-05,0.00797,0.01543
837.22,-0.00435,-0.00298,-0.00302,-0.00021,0.00802,0.0157
837.53,-0.00445,-0.00304,-0.00315,-0.00029,0.00796,0.01559
837.85,-0.00424,-0.00304,-0.00297,-0.00018,0.00806,0.01564
838.17,-0.00413,-0.00312,-0.00302,-0.00022,0.00811,0.01565
838.48,-0.00399,-0.00302,-0.00302,-4.00E-05,0.0081,0.01579
838.8,-0.00402,-0.00294,-0.00304,-6.00E-05,0.00802,0.01598
839.12,-0.00408,-0.00293,-0.00309,-4.00E-05,0.00787,0.01586
839.43,-0.00412,-0.00301,-0.00318,-2.00E-05,0.00786,0.01562
839.75,-0.00409,-0.00294,-0.00312,-3.00E-05,0.00799,0.0158
840.07,-0.00416,-0.00292,-0.00328,-0.00014,0.00791,0.01573
840.38,-0.0044,-0.00291,-0.00338,-6.00E-05,0.00779,0.01569
840.7,-0.00449,-0.00293,-0.00341,-3.00E-05,0.00772,0.01578
841.01,-0.00434,-0.00302,-0.0035,-4.00E-05,0.0078,0.01576
841.33,-0.00419,-0.0028,-0.00327,6.00E-05,0.00808,0.01599
841.65,-0.00427,-0.0028,-0.00327,1.00E-05,0.00809,0.0161
841.96,-0.00419,-0.00278,-0.00329,3.00E-05,0.00821,0.01596
842.28,-0.00415,-0.0027,-0.00331,0.00016,0.00824,0.01604
842.6,-0.00411,-0.00284,-0.00332,7.00E-05,0.00816,0.01596
842.91,-0.00434,-0.00287,-0.00336,-6.00E-05,0.00825,0.01587
843.23,-0.00442,-0.00299,-0.00339,-1.00E-05,0.00831,0.01599
843.54,-0.00467,-0.00322,-0.00369,-0.00014,0.00812,0.01593
843.86,-0.00465,-0.00312,-0.00359,-2.00E-05,0.00817,0.016
844.17,-0.00466,-0.0032,-0.00361,3.00E-05,0.00815,0.0161
844.49,-0.00478,-0.00323,-0.00354,0.0001,0.00816,0.01621
844.81,-0.00462,-0.00323,-0.00351,0.00025,0.00829,0.01628
845.12,-0.00442,-0.00324,-0.00336,0.00041,0.00841,0.0163
845.44,-0.00439,-0.00309,-0.00325,0.00023,0.00828,0.0163
845.75,-0.00416,-0.00317,-0.00306,0.00025,0.00845,0.01631
846.07,-0.00435,-0.00329,-0.00329,-8.00E-05,0.00827,0.01614
846.38,-0.00436,-0.00319,-0.00331,-0.00016,0.00806,0.01607
846.7,-0.00441,-0.00338,-0.0034,-0.0004,0.0079,0.01582
847.01,-0.00459,-0.00323,-0.00334,-0.00045,0.00792,0.01593
847.33,-0.00476,-0.00335,-0.00356,-0.00071,0.00766,0.01588
847.64,-0.00501,-0.00352,-0.0037,-0.00072,0.0076,0.01562
847.96,-0.0051,-0.00344,-0.00387,-0.00073,0.00746,0.0156
848.27,-0.00513,-0.00349,-0.00386,-0.00053,0.00744,0.01549
848.59,-0.00524,-0.00371,-0.00397,-0.00055,0.00745,0.01561
848.9,-0.00507,-0.00354,-0.00375,-0.00051,0.00761,0.0158
849.22,-0.00518,-0.00359,-0.00389,-0.00065,0.00758,0.01581
849.53,-0.00499,-0.00343,-0.00387,-0.00065,0.00779,0.01599
849.85,-0.0049,-0.00344,-0.00388,-0.00058,0.00789,0.01622
850.16,-0.0049,-0.00339,-0.00371,-0.00039,0.00795,0.01635
850.48,-0.00474,-0.00326,-0.00354,-0.00036,0.00827,0.01657
850.79,-0.00479,-0.00319,-0.00351,-0.00039,0.00839,0.01668
851.11,-0.00503,-0.00337,-0.00367,-0.00039,0.00839,0.01668
851.42,-0.0049,-0.0036,-0.00376,-0.00045,0.00827,0.01655
851.74,-0.00511,-0.00363,-0.00377,-0.00053,0.00808,0.01644
852.05,-0.00511,-0.00362,-0.00366,-0.00043,0.00798,0.01634
852.36,-0.00526,-0.00383,-0.0039,-0.00064,0.0078,0.01606
852.68,-0.0053,-0.00404,-0.00427,-0.00075,0.00748,0.0159
852.99,-0.00524,-0.00399,-0.00433,-0.0008,0.00731,0.01582
853.31,-0.00512,-0.00408,-0.00432,-0.0009,0.00724,0.0157
853.62,-0.00525,-0.00401,-0.00426,-0.00105,0.00732,0.0157
853.94,-0.00521,-0.00403,-0.0044,-0.00106,0.0074,0.01566
854.25,-0.00527,-0.00399,-0.00443,-0.00121,0.0076,0.01567
854.56,-0.00526,-0.00399,-0.0042,-0.00122,0.0077,0.01584
854.88,-0.00524,-0.0038,-0.00402,-0.00101,0.00792,0.01588
855.19,-0.00528,-0.00391,-0.00398,-0.00102,0.00785,0.01564
855.51,-0.00528,-0.00372,-0.00407,-0.00084,0.00785,0.01572
855.82,-0.00526,-0.00373,-0.00401,-0.00064,0.00781,0.01565
856.13,-0.00523,-0.00371,-0.00397,-0.00047,0.00773,0.01572
856.45,-0.00523,-0.00375,-0.00421,-0.00053,0.00764,0.01564
856.76,-0.00535,-0.00386,-0.00445,-0.00081,0.00763,0.01552
857.07,-0.00542,-0.00395,-0.00447,-0.0012,0.00753,0.01552
857.39,-0.00531,-0.0038,-0.00421,-0.00096,0.00781,0.01585
857.7,-0.00526,-0.00382,-0.00427,-0.00096,0.00802,0.01583
858.02,-0.00542,-0.0038,-0.00427,-0.00102,0.00789,0.01567
858.33,-0.00545,-0.0041,-0.00423,-0.00114,0.00808,0.01559
858.64,-0.00568,-0.00431,-0.00422,-0.00121,0.00804,0.01556
858.96,-0.00541,-0.00408,-0.00401,-0.0009,0.00826,0.0157
859.27,-0.00548,-0.00418,-0.00409,-0.00092,0.0082,0.01563
859.58,-0.00558,-0.00416,-0.00438,-0.00102,0.00809,0.01556
859.9,-0.00573,-0.00406,-0.00429,-0.00089,0.00785,0.01565
860.21,-0.00577,-0.00403,-0.00446,-0.00083,0.00798,0.01594
860.52,-0.00593,-0.00411,-0.00461,-0.00106,0.00772,0.01563
860.83,-0.00584,-0.00388,-0.00444,-0.00091,0.00773,0.01583
861.15,-0.00604,-0.00409,-0.00455,-0.00101,0.00738,0.01558
861.46,-0.00601,-0.00392,-0.00448,-0.00076,0.00766,0.01573
861.77,-0.00588,-0.00398,-0.00429,-0.00062,0.0078,0.01589
862.09,-0.00588,-0.0042,-0.00444,-0.00077,0.00783,0.01579
862.4,-0.00567,-0.00426,-0.00444,-0.00077,0.00782,0.01582
862.71,-0.00566,-0.00407,-0.00432,-0.00051,0.0079,0.01632
863.02,-0.00543,-0.00411,-0.00437,-0.00058,0.00788,0.01615
863.34,-0.00554,-0.00412,-0.00449,-0.00074,0.00788,0.01623
863.65,-0.00559,-0.00438,-0.00482,-0.001,0.00749,0.01598
863.96,-0.00584,-0.00441,-0.00503,-0.00129,0.00734,0.01595
864.27,-0.00582,-0.00434,-0.00488,-0.00135,0.00734,0.01586
864.59,-0.00575,-0.00442,-0.00487,-0.00145,0.00747,0.0158
864.9,-0.00565,-0.00427,-0.00505,-0.00139,0.0075,0.01564
865.21,-0.0057,-0.00413,-0.00498,-0.00129,0.00766,0.01555
865.52,-0.00567,-0.00417,-0.00491,-0.0012,0.00764,0.01552
865.84,-0.00571,-0.00408,-0.00471,-0.00119,0.00764,0.01548
866.15,-0.00586,-0.00427,-0.00461,-0.00127,0.00745,0.01518
866.46,-0.00579,-0.00442,-0.00478,-0.00142,0.00744,0.01513
866.77,-0.0059,-0.00454,-0.00487,-0.00141,0.00721,0.01498
867.08,-0.00595,-0.0046,-0.00467,-0.00156,0.00718,0.01505
867.4,-0.00603,-0.00475,-0.00482,-0.00159,0.00704,0.01534
867.71,-0.00604,-0.00454,-0.00479,-0.00158,0.00726,0.01567
868.02,-0.00603,-0.00449,-0.00458,-0.00143,0.00741,0.01578
868.33,-0.00604,-0.0046,-0.00475,-0.00144,0.00744,0.01576
868.64,-0.00614,-0.00445,-0.00479,-0.0014,0.00727,0.0159
868.96,-0.00637,-0.0042,-0.00473,-0.0015,0.00727,0.01607
869.27,-0.00681,-0.00455,-0.00496,-0.0015,0.00713,0.01594
869.58,-0.00695,-0.0046,-0.00505,-0.00156,0.00704,0.01598
869.89,-0.00687,-0.00486,-0.0051,-0.00158,0.0069,0.01589
870.2,-0.00672,-0.00488,-0.00528,-0.00164,0.0068,0.01594
870.51,-0.00653,-0.00477,-0.00535,-0.0016,0.00691,0.01586
870.82,-0.00677,-0.00505,-0.00559,-0.00178,0.00683,0.01558
871.14,-0.00662,-0.00508,-0.00573,-0.00175,0.00678,0.01554
871.45,-0.00664,-0.00507,-0.00559,-0.00195,0.00699,0.01559
871.76,-0.0066,-0.00506,-0.00542,-0.00207,0.00711,0.01556
872.07,-0.00657,-0.00475,-0.00545,-0.00194,0.00729,0.01547
872.38,-0.00698,-0.00477,-0.00554,-0.00197,0.00724,0.01572
872.69,-0.00704,-0.0047,-0.00544,-0.00206,0.00718,0.01596
873,-0.00701,-0.00476,-0.00535,-0.00201,0.00729,0.01602
873.31,-0.00692,-0.00492,-0.00538,-0.00191,0.00753,0.01604
873.63,-0.00647,-0.00459,-0.00536,-0.00159,0.00762,0.01614
873.94,-0.00653,-0.00488,-0.00573,-0.00166,0.00754,0.01596
874.25,-0.0068,-0.00532,-0.00592,-0.00195,0.00724,0.01564
874.56,-0.00675,-0.00546,-0.00578,-0.00187,0.00713,0.01522
874.87,-0.00691,-0.00566,-0.00577,-0.00178,0.00726,0.01512
875.18,-0.00681,-0.00562,-0.00549,-0.00188,0.00733,0.01538
875.49,-0.00708,-0.00591,-0.00554,-0.00203,0.00706,0.01525
875.8,-0.00684,-0.00589,-0.00551,-0.0021,0.00709,0.01532
876.11,-0.00669,-0.00552,-0.00511,-0.00176,0.00718,0.01566
876.42,-0.00684,-0.00561,-0.0052,-0.00194,0.00725,0.01576
876.73,-0.00681,-0.00559,-0.00536,-0.00209,0.00752,0.01597
877.04,-0.00655,-0.0054,-0.00545,-0.00214,0.00739,0.01607
877.35,-0.0068,-0.0055,-0.00576,-0.00238,0.00696,0.01567
877.66,-0.00702,-0.0054,-0.00578,-0.00247,0.00711,0.01567
877.97,-0.00749,-0.00555,-0.0057,-0.00234,0.00717,0.01547
878.28,-0.0077,-0.00579,-0.00606,-0.00252,0.00703,0.01494
878.59,-0.00762,-0.00567,-0.006,-0.00228,0.0071,0.01499
878.9,-0.00773,-0.00579,-0.00615,-0.00226,0.00691,0.015
879.21,-0.00799,-0.00624,-0.00651,-0.00237,0.00661,0.01469
879.52,-0.00744,-0.00596,-0.00617,-0.00162,0.00732,0.01529
879.83,-0.00721,-0.00591,-0.00622,-0.0014,0.00725,0.01548
880.14,-0.00737,-0.00624,-0.00654,-0.00179,0.00684,0.01531
880.45,-0.0074,-0.00618,-0.00672,-0.00196,0.0067,0.01534
880.76,-0.00748,-0.0062,-0.00691,-0.00225,0.00647,0.0153
881.07,-0.00724,-0.00617,-0.00669,-0.00183,0.00659,0.01526
881.38,-0.00718,-0.00614,-0.00642,-0.00174,0.00676,0.01541
881.69,-0.00781,-0.00652,-0.00694,-0.00224,0.00649,0.015
882,-0.00788,-0.00641,-0.00696,-0.00243,0.00643,0.01479
882.31,-0.00754,-0.0062,-0.00675,-0.0023,0.0067,0.01495
882.62,-0.00759,-0.00629,-0.00647,-0.00203,0.00688,0.01495
882.93,-0.00762,-0.0062,-0.00644,-0.00182,0.0069,0.01496
883.24,-0.0078,-0.00624,-0.00663,-0.00237,0.00691,0.01491
883.55,-0.00796,-0.00589,-0.0065,-0.00237,0.00703,0.01499
883.86,-0.00783,-0.0058,-0.00623,-0.00222,0.00698,0.01509
884.17,-0.00779,-0.00607,-0.0061,-0.00231,0.00681,0.01503
884.48,-0.00781,-0.00577,-0.00617,-0.00231,0.00693,0.01498
884.79,-0.00797,-0.00584,-0.00642,-0.00262,0.00663,0.015
885.09,-0.00836,-0.00606,-0.00642,-0.0028,0.00647,0.01501
885.4,-0.00832,-0.00604,-0.0063,-0.00268,0.00661,0.015
885.71,-0.00838,-0.00623,-0.00636,-0.00287,0.00634,0.01496
886.02,-0.00823,-0.00617,-0.00656,-0.00274,0.00638,0.01496
886.33,-0.00818,-0.00629,-0.00681,-0.00271,0.0068,0.01491
886.64,-0.00844,-0.0066,-0.00705,-0.00297,0.00642,0.01491
886.95,-0.00803,-0.00631,-0.0067,-0.00259,0.00672,0.01521
887.26,-0.00746,-0.00611,-0.00678,-0.00245,0.00697,0.01524
887.57,-0.00731,-0.00615,-0.00707,-0.00245,0.00676,0.01532
887.87,-0.00722,-0.00599,-0.00704,-0.00239,0.00707,0.01534
888.18,-0.00709,-0.00588,-0.00698,-0.00262,0.00711,0.01526
888.49,-0.0072,-0.0056,-0.00707,-0.00259,0.00703,0.01536
888.8,-0.00696,-0.00567,-0.0067,-0.00239,0.0072,0.01554
889.11,-0.00716,-0.0058,-0.0069,-0.00254,0.0072,0.01536
889.42,-0.00722,-0.00583,-0.00664,-0.00247,0.00731,0.01538
889.72,-0.00741,-0.00587,-0.00632,-0.00239,0.00734,0.01537
890.03,-0.0075,-0.00617,-0.00652,-0.00215,0.00726,0.01514
890.34,-0.00787,-0.00634,-0.0067,-0.00237,0.00701,0.01515
890.65,-0.00802,-0.00641,-0.00658,-0.00246,0.00693,0.01523
890.96,-0.00838,-0.00641,-0.00688,-0.00258,0.00669,0.01493
891.27,-0.00867,-0.00687,-0.00717,-0.0029,0.00647,0.01472
891.57,-0.00875,-0.00709,-0.00733,-0.00295,0.00616,0.01454
891.88,-0.00879,-0.00688,-0.00737,-0.0031,0.00606,0.01441
892.19,-0.00876,-0.00699,-0.00754,-0.00326,0.00599,0.01451
892.5,-0.00853,-0.00717,-0.00749,-0.00312,0.00598,0.0145
892.8,-0.00842,-0.00728,-0.00734,-0.00304,0.00593,0.01456
893.11,-0.00836,-0.00728,-0.00714,-0.00284,0.00594,0.01446
893.42,-0.00811,-0.00702,-0.0069,-0.00271,0.00609,0.0147
893.73,-0.00797,-0.00661,-0.00679,-0.00239,0.00656,0.01516
894.04,-0.00805,-0.0068,-0.0069,-0.00238,0.00665,0.01535
894.34,-0.00817,-0.00644,-0.00691,-0.00242,0.00649,0.01539
894.65,-0.00835,-0.00593,-0.0066,-0.00234,0.00652,0.0159
894.96,-0.0083,-0.00589,-0.00676,-0.00232,0.00641,0.01561
895.26,-0.00836,-0.00608,-0.00711,-0.00279,0.00632,0.01547
895.57,-0.00834,-0.00593,-0.007,-0.00264,0.00674,0.01529
895.88,-0.00855,-0.00608,-0.00714,-0.00302,0.00659,0.015
896.19,-0.00826,-0.00576,-0.00689,-0.00268,0.00684,0.01493
896.49,-0.00808,-0.0058,-0.0067,-0.00277,0.00717,0.0151
896.8,-0.00787,-0.00601,-0.00664,-0.00267,0.00738,0.01492
897.11,-0.008,-0.00589,-0.00655,-0.00293,0.0074,0.01513
897.42,-0.00799,-0.00586,-0.00651,-0.0028,0.00744,0.01541
897.72,-0.0084,-0.00638,-0.00682,-0.00325,0.00681,0.01529
898.03,-0.00836,-0.00655,-0.0067,-0.00324,0.00669,0.01535
898.34,-0.00881,-0.00702,-0.00703,-0.00375,0.00617,0.01531
898.64,-0.00894,-0.00736,-0.00728,-0.00392,0.00574,0.01495
898.95,-0.00901,-0.0072,-0.00748,-0.00384,0.0057,0.01468
899.26,-0.0092,-0.00746,-0.00774,-0.00374,0.00585,0.0147
899.56,-0.00939,-0.00748,-0.00773,-0.0039,0.00567,0.01485
899.87,-0.00921,-0.00723,-0.00771,-0.00387,0.0057,0.01494
900.18,-0.00921,-0.00717,-0.00796,-0.00401,0.0057,0.01486
900.48,-0.00887,-0.00702,-0.00787,-0.00393,0.00602,0.01502
900.79,-0.00904,-0.00691,-0.00759,-0.00376,0.00617,0.01545
901.1,-0.00897,-0.00686,-0.00764,-0.00414,0.0061,0.01533
901.4,-0.00864,-0.00675,-0.00745,-0.00416,0.00584,0.01525
901.71,-0.00844,-0.00667,-0.00745,-0.00377,0.00603,0.01517
902.01,-0.0082,-0.00634,-0.00737,-0.00362,0.00613,0.01537
902.32,-0.0082,-0.00652,-0.007,-0.00333,0.00611,0.0155
902.63,-0.00836,-0.00659,-0.00705,-0.00313,0.00626,0.01528
902.93,-0.0082,-0.00668,-0.00714,-0.00327,0.00636,0.01512
903.24,-0.00858,-0.00723,-0.00749,-0.00346,0.0064,0.0152
903.54,-0.00892,-0.00724,-0.00761,-0.00342,0.00651,0.01527
903.85,-0.00917,-0.00733,-0.00754,-0.00361,0.00664,0.01516
904.16,-0.00935,-0.00745,-0.00788,-0.00374,0.00655,0.01501
904.46,-0.00969,-0.0076,-0.00828,-0.00412,0.00638,0.01442
904.77,-0.00975,-0.00749,-0.00841,-0.00436,0.0062,0.01463
905.07,-0.0096,-0.00733,-0.00847,-0.00423,0.00636,0.01458
905.38,-0.00966,-0.00756,-0.00835,-0.00381,0.00624,0.01458
905.68,-0.00947,-0.00739,-0.00825,-0.00368,0.00633,0.01472
905.99,-0.00924,-0.00719,-0.00817,-0.00365,0.00641,0.01499
906.3,-0.00911,-0.0074,-0.0077,-0.00333,0.00663,0.01511
906.6,-0.00877,-0.00705,-0.00763,-0.00304,0.00687,0.01559
906.91,-0.00836,-0.00701,-0.00734,-0.00251,0.00722,0.01577
907.21,-0.00871,-0.00728,-0.00757,-0.00269,0.00689,0.01562
907.52,-0.0083,-0.00679,-0.00721,-0.00267,0.00735,0.01583
907.82,-0.00841,-0.00711,-0.00732,-0.00282,0.00709,0.01545
908.13,-0.00846,-0.00742,-0.00756,-0.00302,0.0068,0.01505
908.43,-0.00883,-0.00738,-0.00757,-0.00314,0.00679,0.01512
908.74,-0.00901,-0.00768,-0.00755,-0.00293,0.00694,0.0151
909.04,-0.00932,-0.00786,-0.00766,-0.00313,0.0066,0.01489
909.35,-0.00932,-0.00788,-0.0077,-0.00319,0.00658,0.01496
909.65,-0.00949,-0.00776,-0.00767,-0.0032,0.00629,0.01465
909.96,-0.00934,-0.00735,-0.00753,-0.003,0.00632,0.01493
910.26,-0.00939,-0.00735,-0.00777,-0.00321,0.00613,0.0148
910.57,-0.00957,-0.00767,-0.00822,-0.00342,0.0058,0.01457
910.87,-0.00988,-0.00731,-0.00825,-0.00378,0.00558,0.01445
911.18,-0.00996,-0.00718,-0.00832,-0.00413,0.00553,0.01424
911.48,-0.01015,-0.00737,-0.00848,-0.00398,0.00532,0.01431
911.79,-0.01015,-0.00769,-0.00898,-0.00418,0.0051,0.01397
912.09,-0.01069,-0.00816,-0.00939,-0.00493,0.00506,0.01362
912.39,-0.0106,-0.00832,-0.00919,-0.00471,0.00528,0.01392
912.7,-0.01058,-0.00825,-0.00912,-0.00478,0.00516,0.01377
913,-0.01037,-0.00848,-0.00919,-0.00517,0.00497,0.01371
913.31,-0.01058,-0.00894,-0.00942,-0.00519,0.00475,0.01382
913.61,-0.01062,-0.00899,-0.00955,-0.00568,0.00475,0.01313
913.92,-0.01095,-0.00918,-0.00955,-0.00583,0.00479,0.01367
914.22,-0.01112,-0.00948,-0.00984,-0.00578,0.00458,0.0134
914.52,-0.01089,-0.00919,-0.00991,-0.00559,0.00505,0.01381
914.83,-0.01066,-0.00923,-0.01,-0.00551,0.00524,0.01413
915.13,-0.01042,-0.00915,-0.0101,-0.00499,0.00529,0.01469
915.44,-0.01058,-0.0092,-0.0104,-0.00541,0.00519,0.01426
915.74,-0.01044,-0.00911,-0.01023,-0.00532,0.00548,0.01464
916.04,-0.01049,-0.00898,-0.01033,-0.0054,0.0056,0.01427
916.35,-0.00995,-0.00833,-0.0101,-0.00503,0.00568,0.01483
916.65,-0.01034,-0.00842,-0.01008,-0.00486,0.00524,0.01426
916.96,-0.01067,-0.00836,-0.0099,-0.00477,0.00516,0.01418
917.26,-0.01085,-0.00839,-0.00982,-0.00499,0.0052,0.01387
917.56,-0.01092,-0.00848,-0.00969,-0.00447,0.00512,0.01403
917.87,-0.01101,-0.00829,-0.00968,-0.0041,0.00505,0.01392
918.17,-0.01108,-0.00843,-0.00945,-0.00432,0.00485,0.01388
918.47,-0.0115,-0.00924,-0.00947,-0.00462,0.00463,0.01331
918.78,-0.01151,-0.00956,-0.00963,-0.00518,0.00473,0.01353
919.08,-0.01134,-0.00965,-0.01001,-0.00563,0.00441,0.01301
919.38,-0.01135,-0.01043,-0.01053,-0.00589,0.00398,0.01276
919.69,-0.01105,-0.01017,-0.01071,-0.00611,0.0042,0.01322
919.99,-0.01127,-0.01065,-0.01063,-0.00628,0.00378,0.01332
920.29,-0.01092,-0.01053,-0.01102,-0.00638,0.00327,0.01305
920.59,-0.01105,-0.01037,-0.01133,-0.00648,0.00327,0.01287
920.9,-0.0115,-0.01027,-0.01165,-0.0067,0.00288,0.01246
921.2,-0.01147,-0.01055,-0.01169,-0.00664,0.00286,0.01281
921.5,-0.01196,-0.01019,-0.01162,-0.00673,0.00304,0.01272
921.81,-0.01142,-0.0099,-0.01094,-0.00656,0.00347,0.01293
922.11,-0.01133,-0.00947,-0.01096,-0.00666,0.00388,0.01303
922.41,-0.01185,-0.00989,-0.01066,-0.00666,0.00424,0.01361
922.71,-0.01187,-0.00979,-0.01063,-0.00656,0.00425,0.01384
923.02,-0.01184,-0.00989,-0.0106,-0.00649,0.00431,0.01368
923.32,-0.0122,-0.00998,-0.01077,-0.00672,0.004,0.01333
923.62,-0.01212,-0.01031,-0.01081,-0.00704,0.00352,0.01287
923.92,-0.01303,-0.01092,-0.01168,-0.00756,0.00313,0.01206
924.23,-0.01286,-0.01101,-0.01167,-0.00777,0.00326,0.01174
924.53,-0.01341,-0.01126,-0.01216,-0.00809,0.00313,0.01134
924.83,-0.01303,-0.01135,-0.01233,-0.00782,0.00368,0.01167
925.13,-0.01356,-0.01163,-0.01244,-0.00797,0.0031,0.01166
925.44,-0.01342,-0.01156,-0.01215,-0.00786,0.00356,0.01166
925.74,-0.01391,-0.0118,-0.01296,-0.00829,0.00311,0.0114
926.04,-0.01382,-0.01161,-0.01274,-0.00793,0.00284,0.0113
926.34,-0.01397,-0.01178,-0.013,-0.00779,0.0023,0.01145
926.64,-0.0137,-0.01194,-0.01337,-0.00791,0.0017,0.01097
926.95,-0.01441,-0.01189,-0.01326,-0.00809,0.0011,0.01061
927.25,-0.01424,-0.0124,-0.01357,-0.00837,0.00099,0.01001
927.55,-0.01443,-0.01258,-0.01364,-0.0083,0.00104,0.00979
927.85,-0.01403,-0.01212,-0.01323,-0.00734,0.00173,0.01059
928.15,-0.01429,-0.01237,-0.01336,-0.00782,0.00157,0.01106
928.46,-0.01442,-0.01274,-0.01372,-0.00824,0.00157,0.0106
928.76,-0.01484,-0.01279,-0.01339,-0.00819,0.00193,0.01089
929.06,-0.01445,-0.01342,-0.01333,-0.00856,0.00194,0.01103
929.36,-0.01404,-0.01321,-0.01315,-0.00834,0.0025,0.01122
929.66,-0.01398,-0.01323,-0.01324,-0.00831,0.00259,0.01155
929.96,-0.01425,-0.01342,-0.01259,-0.00886,0.00274,0.01117
930.26,-0.0145,-0.01339,-0.01264,-0.00891,0.00295,0.0106
930.57,-0.01463,-0.01287,-0.01264,-0.00874,0.00294,0.01085
930.87,-0.01413,-0.01265,-0.01245,-0.00825,0.00288,0.01059
931.17,-0.01471,-0.01244,-0.01276,-0.0085,0.00271,0.01045
931.47,-0.01424,-0.01154,-0.01215,-0.0078,0.00303,0.01123
931.77,-0.01433,-0.01211,-0.01227,-0.00797,0.00261,0.01044
932.07,-0.01439,-0.01232,-0.01282,-0.0077,0.00231,0.00999
932.37,-0.01468,-0.01318,-0.01309,-0.00801,0.00136,0.00944
932.67,-0.01477,-0.01359,-0.01306,-0.00803,0.00154,0.00962
932.97,-0.01452,-0.01363,-0.01328,-0.00871,0.0017,0.00968
933.27,-0.01357,-0.01291,-0.01304,-0.0084,0.00189,0.00956
933.58,-0.01475,-0.01407,-0.01402,-0.00976,0.00108,0.00888
933.88,-0.01545,-0.01394,-0.01445,-0.01046,0.00059,0.00861
934.18,-0.01561,-0.0145,-0.01495,-0.01138,4.00E-05,0.00861
934.48,-0.01565,-0.0143,-0.01492,-0.01148,6.00E-05,0.00869
934.78,-0.01605,-0.0149,-0.01537,-0.01198,-0.00074,0.0079
935.08,-0.01694,-0.01476,-0.01578,-0.01133,-0.00057,0.00809
935.38,-0.01783,-0.01591,-0.01624,-0.01157,-0.00111,0.00779
935.68,-0.01714,-0.01555,-0.01562,-0.01079,-0.0011,0.00759
935.98,-0.0173,-0.01566,-0.01573,-0.01058,-0.00119,0.00768
936.28,-0.01725,-0.01542,-0.01582,-0.01014,-0.00074,0.00766
936.58,-0.01765,-0.01524,-0.01631,-0.01056,-0.00042,0.00778
936.88,-0.01792,-0.01495,-0.01605,-0.01066,3.00E-05,0.00774
937.18,-0.01774,-0.01533,-0.0161,-0.01163,-0.00066,0.00732
937.48,-0.01732,-0.01488,-0.01517,-0.01162,-0.00024,0.00757
937.78,-0.01836,-0.01566,-0.01614,-0.01248,-0.0007,0.00738
938.08,-0.01855,-0.01565,-0.01657,-0.01257,-0.00071,0.00742
938.38,-0.01865,-0.01557,-0.01607,-0.01282,-0.00101,0.00725
938.68,-0.01839,-0.0165,-0.01631,-0.01276,-0.0017,0.00666
938.98,-0.01843,-0.01696,-0.01679,-0.01294,-0.00198,0.00646
939.28,-0.0181,-0.017,-0.01655,-0.01297,-0.00251,0.00635
939.58,-0.01944,-0.0181,-0.01774,-0.01362,-0.00362,0.00511
939.88,-0.01936,-0.01757,-0.01765,-0.01268,-0.00363,0.00517
940.18,-0.01911,-0.01735,-0.01745,-0.01235,-0.00367,0.0055
940.48,-0.01968,-0.01715,-0.01769,-0.01229,-0.00387,0.00549
940.78,-0.02006,-0.01713,-0.01725,-0.01245,-0.00356,0.00565
941.08,-0.01991,-0.01717,-0.01737,-0.01212,-0.00378,0.00629
941.38,-0.01997,-0.01747,-0.01798,-0.01143,-0.00351,0.00649
941.68,-0.01952,-0.01725,-0.01813,-0.01171,-0.00303,0.00688
941.98,-0.01832,-0.01738,-0.01764,-0.01219,-0.00282,0.00744
942.27,-0.01802,-0.01779,-0.01806,-0.01233,-0.0026,0.00758
942.57,-0.01747,-0.01785,-0.01882,-0.01274,-0.0029,0.00734
942.87,-0.01681,-0.01753,-0.01955,-0.01238,-0.00268,0.00739
943.17,-0.017,-0.01739,-0.01881,-0.01232,-0.00269,0.00705
943.47,-0.01749,-0.01719,-0.01843,-0.01276,-0.00229,0.0066
943.77,-0.01819,-0.01791,-0.01867,-0.01276,-0.00301,0.00685
944.07,-0.01966,-0.01826,-0.01934,-0.01322,-0.00302,0.0062
944.37,-0.02047,-0.01847,-0.01957,-0.01452,-0.00398,0.00533
944.67,-0.02112,-0.019,-0.01896,-0.01458,-0.00379,0.00544
944.97,-0.02237,-0.01955,-0.01893,-0.01527,-0.005,0.00467
945.26,-0.02288,-0.01943,-0.01994,-0.01546,-0.0052,0.00451
945.56,-0.02367,-0.02003,-0.02042,-0.01586,-0.00543,0.00423
945.86,-0.02385,-0.02013,-0.02058,-0.01659,-0.00544,0.00385
946.16,-0.02435,-0.02039,-0.02119,-0.01771,-0.00738,0.00283
946.46,-0.02402,-0.02066,-0.02048,-0.01746,-0.00693,0.003
946.76,-0.02404,-0.02108,-0.02125,-0.01742,-0.00729,0.00269
947.05,-0.02323,-0.02039,-0.02036,-0.01691,-0.00614,0.00349
947.35,-0.02339,-0.02082,-0.02105,-0.01774,-0.00649,0.00324
947.65,-0.02381,-0.0213,-0.02209,-0.01827,-0.00748,0.0028
947.95,-0.02362,-0.02052,-0.02223,-0.01805,-0.00731,0.00297
948.25,-0.023,-0.02068,-0.02198,-0.0173,-0.00626,0.00414
948.55,-0.0231,-0.02037,-0.02239,-0.01666,-0.00595,0.00483
948.84,-0.02377,-0.02072,-0.02301,-0.01772,-0.00681,0.00446
949.14,-0.02421,-0.02088,-0.02381,-0.01757,-0.00738,0.00432
949.44,-0.02437,-0.02105,-0.0232,-0.01758,-0.00678,0.00445
949.74,-0.02447,-0.02178,-0.02347,-0.01838,-0.00681,0.00372
950.04,-0.0243,-0.02186,-0.02305,-0.01784,-0.00634,0.00348
950.33,-0.02511,-0.02202,-0.02366,-0.01861,-0.00707,0.00239
950.63,-0.02619,-0.02288,-0.02375,-0.01951,-0.00806,0.00205
950.93,-0.02683,-0.02391,-0.0237,-0.01929,-0.00785,0.00151
951.23,-0.02775,-0.02485,-0.02432,-0.02034,-0.00837,0.00023
951.52,-0.02785,-0.02474,-0.02422,-0.02012,-0.00833,0.0001
951.82,-0.02709,-0.02334,-0.02327,-0.02004,-0.00859,0.00153
952.12,-0.02719,-0.02426,-0.02376,-0.02115,-0.0095,0.00104
952.42,-0.02757,-0.02455,-0.02349,-0.02096,-0.00855,0.00108
952.71,-0.02739,-0.0244,-0.02363,-0.02115,-0.00818,-0.00051
953.01,-0.02596,-0.02283,-0.02246,-0.02008,-0.00688,0.00114
953.31,-0.02537,-0.02303,-0.02208,-0.02012,-0.00785,0.00191
953.61,-0.02484,-0.02403,-0.02306,-0.0207,-0.00861,0.0021
953.9,-0.02563,-0.02518,-0.02387,-0.0201,-0.00838,0.00155
954.2,-0.02649,-0.02493,-0.0242,-0.02001,-0.00843,0.00153
954.5,-0.02621,-0.0249,-0.0244,-0.01975,-0.00887,0.001
954.79,-0.02594,-0.02495,-0.02433,-0.01935,-0.00905,0.00157
955.09,-0.02672,-0.02566,-0.02535,-0.02032,-0.00982,0.00036
955.39,-0.02749,-0.02643,-0.02616,-0.02163,-0.00932,-0.00051
955.68,-0.029,-0.02576,-0.02545,-0.02188,-0.0099,-0.00156
955.98,-0.02841,-0.02529,-0.0251,-0.02234,-0.01042,-0.00137
956.28,-0.02748,-0.02533,-0.02479,-0.02236,-0.01,-0.00135
956.57,-0.02807,-0.02527,-0.02428,-0.02146,-0.01073,-0.0003
956.87,-0.02842,-0.02581,-0.02577,-0.02283,-0.01147,-0.00082
957.17,-0.02913,-0.02624,-0.02571,-0.02292,-0.01212,-0.00105
957.46,-0.02976,-0.0254,-0.02531,-0.02207,-0.01253,-0.00135
957.76,-0.02916,-0.02565,-0.02589,-0.02182,-0.01245,-0.00141
958.06,-0.03066,-0.02632,-0.02671,-0.02226,-0.01229,-0.00225
958.35,-0.03126,-0.02649,-0.02676,-0.02205,-0.01312,-0.00264
958.65,-0.03153,-0.02804,-0.02786,-0.02396,-0.01315,-0.00386
958.95,-0.0323,-0.02836,-0.02715,-0.0235,-0.01271,-0.0037
959.24,-0.03151,-0.02805,-0.02721,-0.02375,-0.01285,-0.0031
959.54,-0.03097,-0.02786,-0.02766,-0.0238,-0.01187,-0.00301
959.83,-0.03148,-0.02845,-0.02773,-0.02469,-0.01243,-0.00366
960.13,-0.03117,-0.02872,-0.02736,-0.02472,-0.01295,-0.00371
960.43,-0.03146,-0.02956,-0.02836,-0.02475,-0.01335,-0.00303
960.72,-0.03167,-0.02946,-0.02877,-0.0252,-0.01406,-0.00355
961.02,-0.0321,-0.0293,-0.02913,-0.02509,-0.0147,-0.00356
961.31,-0.03423,-0.0302,-0.0293,-0.02621,-0.01495,-0.00488
961.61,-0.0348,-0.03085,-0.02999,-0.0278,-0.01559,-0.00425
961.9,-0.03475,-0.03084,-0.03021,-0.02758,-0.01549,-0.0044
962.2,-0.03509,-0.03085,-0.03165,-0.02797,-0.0152,-0.00509
962.5,-0.0351,-0.03039,-0.0312,-0.0286,-0.01462,-0.00527
962.79,-0.03585,-0.03035,-0.03126,-0.0282,-0.01408,-0.00536
963.09,-0.03595,-0.03076,-0.03099,-0.02896,-0.0143,-0.00677
963.38,-0.03438,-0.03159,-0.03164,-0.02876,-0.01417,-0.00714
963.68,-0.035,-0.03262,-0.03165,-0.0277,-0.01432,-0.00868
963.97,-0.03561,-0.03387,-0.03172,-0.0286,-0.01532,-0.00916
964.27,-0.03552,-0.03323,-0.03021,-0.02778,-0.01597,-0.00874
964.56,-0.03607,-0.03406,-0.02974,-0.02805,-0.01663,-0.00936
964.86,-0.03599,-0.03442,-0.03006,-0.02926,-0.01777,-0.01013
965.15,-0.03631,-0.0354,-0.0313,-0.02864,-0.01846,-0.00931
965.45,-0.03701,-0.03553,-0.03159,-0.02852,-0.01863,-0.00953
965.74,-0.03569,-0.03431,-0.03177,-0.02737,-0.01802,-0.00853
966.04,-0.0364,-0.03417,-0.03295,-0.02815,-0.01735,-0.0087
966.33,-0.03788,-0.0365,-0.03404,-0.03001,-0.01855,-0.00953
966.63,-0.03888,-0.03722,-0.0364,-0.03033,-0.01877,-0.01024
966.92,-0.03723,-0.03631,-0.03634,-0.0286,-0.01758,-0.00847
967.22,-0.03739,-0.03588,-0.0355,-0.03001,-0.01749,-0.00849
967.51,-0.03803,-0.0356,-0.03534,-0.03148,-0.01749,-0.00892
967.81,-0.03912,-0.03657,-0.03507,-0.03223,-0.01834,-0.00908
968.1,-0.03826,-0.03667,-0.03552,-0.03114,-0.01984,-0.00831
968.4,-0.03863,-0.03584,-0.03662,-0.0312,-0.01938,-0.00824
968.69,-0.03906,-0.03592,-0.03695,-0.03182,-0.02095,-0.00923
968.98,-0.04174,-0.03626,-0.03803,-0.03293,-0.02162,-0.0106
969.28,-0.04224,-0.03618,-0.03893,-0.03357,-0.02217,-0.01066
969.57,-0.04185,-0.03602,-0.03855,-0.03286,-0.02404,-0.0094
969.87,-0.0418,-0.0365,-0.03938,-0.03392,-0.02462,-0.01062
970.16,-0.04261,-0.0374,-0.03948,-0.0344,-0.02503,-0.0117
970.46,-0.04238,-0.03728,-0.04039,-0.03451,-0.02549,-0.01168
970.75,-0.04212,-0.03746,-0.04054,-0.03457,-0.02562,-0.01185
971.04,-0.04146,-0.0389,-0.04101,-0.03615,-0.02688,-0.01253
971.34,-0.0433,-0.04048,-0.04298,-0.03737,-0.02756,-0.01426
971.63,-0.04348,-0.04104,-0.04465,-0.03723,-0.02741,-0.01491
971.93,-0.04512,-0.0425,-0.0473,-0.0395,-0.03014,-0.01596
972.22,-0.04712,-0.04337,-0.04843,-0.04169,-0.03125,-0.01775
972.51,-0.04733,-0.04404,-0.04725,-0.0418,-0.03035,-0.01809
972.81,-0.04811,-0.04382,-0.04652,-0.0426,-0.02931,-0.01846
973.1,-0.04795,-0.04346,-0.0461,-0.04185,-0.02835,-0.01788
973.39,-0.04711,-0.0433,-0.04634,-0.04143,-0.02829,-0.01843
973.69,-0.04767,-0.04338,-0.04667,-0.04183,-0.02923,-0.01964
973.98,-0.04703,-0.04282,-0.04541,-0.04107,-0.02802,-0.01835
974.27,-0.0451,-0.04156,-0.04455,-0.03837,-0.02586,-0.01781
974.57,-0.04514,-0.04286,-0.04698,-0.03924,-0.02871,-0.02059
974.86,-0.0459,-0.04366,-0.04816,-0.0403,-0.02929,-0.02025
975.15,-0.04762,-0.04443,-0.04869,-0.04228,-0.03089,-0.02017
975.45,-0.04689,-0.04454,-0.04747,-0.04122,-0.03071,-0.01922
975.74,-0.04586,-0.04298,-0.04587,-0.04081,-0.0287,-0.0172
976.03,-0.04782,-0.04332,-0.04692,-0.041,-0.02953,-0.01968
976.33,-0.04883,-0.04417,-0.04852,-0.04383,-0.03125,-0.01955
976.62,-0.04815,-0.04543,-0.04727,-0.04453,-0.03015,-0.01906
976.91,-0.04779,-0.04443,-0.04735,-0.04466,-0.02944,-0.01904
977.21,-0.04694,-0.04315,-0.04728,-0.04354,-0.02826,-0.01989
977.5,-0.04659,-0.04315,-0.04757,-0.04376,-0.02884,-0.02058
977.79,-0.04894,-0.04662,-0.05125,-0.04525,-0.03044,-0.02412
978.08,-0.04775,-0.04654,-0.05015,-0.04473,-0.02958,-0.02191
978.38,-0.0491,-0.04786,-0.05023,-0.04654,-0.03119,-0.02187
978.67,-0.051,-0.04719,-0.05077,-0.04597,-0.03126,-0.02118
978.96,-0.05107,-0.04807,-0.05116,-0.04625,-0.03223,-0.02311
979.25,-0.05096,-0.04975,-0.05186,-0.04644,-0.03309,-0.02442
979.55,-0.05324,-0.0512,-0.05364,-0.04765,-0.03529,-0.02507
979.84,-0.0537,-0.05093,-0.05209,-0.04966,-0.03605,-0.02492
980.13,-0.0551,-0.05172,-0.05246,-0.05079,-0.03733,-0.02718
980.42,-0.05335,-0.05134,-0.05203,-0.048,-0.03453,-0.02771
980.71,-0.05433,-0.05281,-0.05304,-0.04947,-0.03694,-0.02856
981.01,-0.05606,-0.05446,-0.05243,-0.04869,-0.0387,-0.02848
981.3,-0.05768,-0.0549,-0.05169,-0.04855,-0.03877,-0.02833
981.59,-0.05757,-0.05592,-0.05264,-0.05156,-0.03816,-0.02955
981.88,-0.05931,-0.05689,-0.05381,-0.05055,-0.03884,-0.03026
982.18,-0.05941,-0.05648,-0.05337,-0.05181,-0.03842,-0.03043
982.47,-0.04586,-0.04245,-0.03832,-0.03656,-0.02646,-0.01717
982.76,-0.04284,-0.04016,-0.03578,-0.03315,-0.02323,-0.01552
983.05,-0.04058,-0.04058,-0.03553,-0.03355,-0.02214,-0.01463
983.34,-0.04047,-0.04225,-0.03616,-0.03416,-0.02262,-0.01393
983.63,-0.03947,-0.04039,-0.03409,-0.02956,-0.02132,-0.01266
983.93,-0.0375,-0.03947,-0.03317,-0.02967,-0.01973,-0.01076
984.22,-0.03736,-0.04228,-0.03671,-0.02925,-0.02184,-0.01105
984.51,-0.05354,-0.05809,-0.05303,-0.04658,-0.03711,-0.02682
984.8,-0.05629,-0.06143,-0.05463,-0.05055,-0.03936,-0.02792
985.09,-0.05802,-0.06261,-0.05688,-0.05129,-0.04164,-0.03109
985.38,-0.05938,-0.06296,-0.05903,-0.05298,-0.04294,-0.03405
985.67,-0.0621,-0.0652,-0.0616,-0.05818,-0.04475,-0.03514
985.96,-0.06447,-0.06804,-0.06398,-0.06,-0.04776,-0.03756
986.26,-0.06526,-0.06705,-0.06358,-0.06117,-0.04767,-0.03823
986.55,-0.06797,-0.06988,-0.06608,-0.06368,-0.05119,-0.03996
986.84,-0.06809,-0.06834,-0.06787,-0.06273,-0.05061,-0.04272
987.13,-0.06973,-0.06626,-0.06695,-0.06325,-0.04869,-0.04164
987.42,-0.07266,-0.06814,-0.0687,-0.0633,-0.04935,-0.0427
987.71,-0.07272,-0.06709,-0.06893,-0.06214,-0.04849,-0.04371
988,-0.07369,-0.06747,-0.07015,-0.06263,-0.04899,-0.04433
988.29,-0.07303,-0.0667,-0.06846,-0.0632,-0.04748,-0.04316
988.58,-0.07269,-0.06689,-0.06935,-0.0639,-0.04616,-0.0434
988.87,-0.07728,-0.06916,-0.07019,-0.06658,-0.04987,-0.0444
989.16,-0.0779,-0.07051,-0.07208,-0.06696,-0.05368,-0.04426
989.46,-0.07648,-0.06942,-0.07272,-0.06816,-0.05564,-0.04413
989.75,-0.07738,-0.07051,-0.07378,-0.06789,-0.05802,-0.04397
990.04,-0.07443,-0.06733,-0.07068,-0.06637,-0.05618,-0.04063
990.33,-0.07513,-0.06994,-0.07273,-0.06534,-0.05885,-0.04168
990.62,-0.07595,-0.06905,-0.07257,-0.0654,-0.05937,-0.04304
990.91,-0.0745,-0.06866,-0.07233,-0.06452,-0.05835,-0.04204
991.2,-0.07453,-0.07008,-0.0746,-0.0644,-0.05884,-0.0428
991.49,-0.07425,-0.07133,-0.07524,-0.06311,-0.0563,-0.0422
991.78,-0.07256,-0.07207,-0.07325,-0.06211,-0.05425,-0.04138
992.07,-0.07713,-0.07823,-0.08021,-0.06495,-0.05844,-0.04757
992.36,-0.07958,-0.07867,-0.08208,-0.06635,-0.06067,-0.04891
992.65,-0.07911,-0.07952,-0.08283,-0.06608,-0.06055,-0.04663
992.94,-0.07784,-0.07956,-0.08147,-0.06964,-0.05909,-0.0467
993.23,-0.07795,-0.08092,-0.08022,-0.06948,-0.05775,-0.04757
993.52,-0.08264,-0.08293,-0.08004,-0.07517,-0.0636,-0.05012
993.81,-0.08454,-0.08291,-0.08189,-0.07861,-0.06611,-0.05506
994.1,-0.08487,-0.08191,-0.08073,-0.07816,-0.06531,-0.0551
994.39,-0.0876,-0.08412,-0.08147,-0.08155,-0.06571,-0.05715
994.68,-0.08664,-0.08256,-0.08159,-0.081,-0.06607,-0.05698
994.96,-0.08782,-0.08231,-0.08237,-0.07967,-0.07013,-0.05691
995.25,-0.09028,-0.08165,-0.08644,-0.08309,-0.06954,-0.05804
995.54,-0.08742,-0.08162,-0.08519,-0.07884,-0.06602,-0.05672
995.83,-0.08825,-0.08604,-0.08757,-0.07893,-0.06876,-0.05347
996.12,-0.09043,-0.08718,-0.08744,-0.07926,-0.07136,-0.05426
996.41,-0.09028,-0.08449,-0.08606,-0.076,-0.07108,-0.05396
996.7,-0.09387,-0.08801,-0.08673,-0.07827,-0.07105,-0.05569
996.99,-0.09722,-0.09321,-0.09279,-0.0806,-0.07168,-0.05768
997.28,-0.0944,-0.09266,-0.08936,-0.0781,-0.07349,-0.05708
997.57,-0.09397,-0.09181,-0.08994,-0.07756,-0.0728,-0.0581
997.86,-0.09778,-0.09182,-0.09242,-0.08181,-0.07399,-0.06319
998.15,-0.09656,-0.09066,-0.09034,-0.08482,-0.07102,-0.06102
998.43,-0.09672,-0.09338,-0.09212,-0.08959,-0.0706,-0.0629
998.72,-0.09607,-0.09448,-0.09145,-0.08818,-0.06907,-0.06218
999.01,-0.09836,-0.09525,-0.09443,-0.09164,-0.0707,-0.06512
999.3,-0.10388,-0.09896,-0.10022,-0.09697,-0.07438,-0.0686
999.59,-0.10701,-0.09896,-0.1025,-0.10075,-0.0784,-0.0691
999.88,-0.10791,-0.09887,-0.10426,-0.10184,-0.07687,-0.06945
1000.17,-0.11178,-0.09946,-0.10972,-0.10415,-0.08256,-0.07612
1000.45,-0.1135,-0.10018,-0.10966,-0.10175,-0.08405,-0.07534
1000.74,-0.11713,-0.09975,-0.1127,-0.1023,-0.08841,-0.07759
1001.03,-0.11481,-0.09858,-0.1082,-0.10022,-0.08977,-0.07686
1001.32,-0.10896,-0.09836,-0.10219,-0.09739,-0.08675,-0.07366
1001.61,-0.1047,-0.09875,-0.10353,-0.09763,-0.08556,-0.07207
1001.9,-0.10754,-0.0996,-0.101,-0.09534,-0.08849,-0.07225
1002.18,-0.11014,-0.10315,-0.10069,-0.09632,-0.0859,-0.07153
1002.47,-0.11065,-0.10236,-0.10453,-0.09799,-0.08757,-0.07276
1002.76,-0.10794,-0.10511,-0.10485,-0.10185,-0.08904,-0.07523
1003.05,-0.11071,-0.10634,-0.10742,-0.10118,-0.08793,-0.07663
1003.34,-0.11828,-0.10967,-0.1148,-0.106,-0.09212,-0.08234
1003.62,-0.12334,-0.11763,-0.11738,-0.11051,-0.09725,-0.08788
1003.91,-0.12295,-0.12214,-0.12131,-0.11265,-0.09788,-0.09003
1004.2,-0.12104,-0.12441,-0.12121,-0.11266,-0.1,-0.09109
1004.49,-0.11601,-0.12344,-0.11785,-0.1072,-0.09487,-0.08833
1004.77,-0.12366,-0.1262,-0.12324,-0.11092,-0.10056,-0.08972
1005.06,-0.12297,-0.12566,-0.12197,-0.10852,-0.10003,-0.08897
1005.35,-0.12586,-0.12617,-0.12126,-0.11032,-0.10126,-0.08709
1005.64,-0.12647,-0.1238,-0.12215,-0.11138,-0.09874,-0.09015
1005.92,-0.12288,-0.11985,-0.11795,-0.10873,-0.09704,-0.08982
1006.21,-0.12372,-0.11985,-0.12115,-0.11076,-0.09727,-0.09337
1006.5,-0.13202,-0.12777,-0.12744,-0.12053,-0.10509,-0.09971
1006.79,-0.13385,-0.13004,-0.12794,-0.12114,-0.1013,-0.10104
1007.07,-0.13584,-0.13532,-0.13173,-0.12471,-0.10435,-0.10602
1007.36,-0.13396,-0.13587,-0.1337,-0.12673,-0.10376,-0.10851
1007.65,-0.13967,-0.13166,-0.13229,-0.12476,-0.10671,-0.10644
1007.93,-0.14767,-0.1406,-0.13865,-0.12839,-0.11301,-0.11042
1008.22,-0.14628,-0.14024,-0.1383,-0.12476,-0.11409,-0.10213
1008.51,-0.15439,-0.14832,-0.14446,-0.13146,-0.12079,-0.11326
1008.8,-0.15484,-0.14494,-0.14412,-0.13135,-0.12213,-0.11467
1009.08,-0.15529,-0.14498,-0.14949,-0.13546,-0.12449,-0.11464
1009.37,-0.15974,-0.14637,-0.15187,-0.13381,-0.12749,-0.11737
1009.66,-0.16112,-0.1512,-0.15906,-0.13829,-0.13139,-0.1228
1009.94,-0.15494,-0.14264,-0.15973,-0.13473,-0.12759,-0.11507
1010.23,-0.15803,-0.14618,-0.16272,-0.13886,-0.13038,-0.12273
1010.52,-0.15549,-0.14272,-0.15842,-0.13196,-0.12868,-0.11848
1010.8,-0.15485,-0.1487,-0.15936,-0.13436,-0.13272,-0.12053
1011.09,-0.1588,-0.15622,-0.16349,-0.13914,-0.13578,-0.12837
1011.37,-0.15962,-0.15944,-0.1637,-0.14592,-0.13987,-0.12949
1011.66,-0.16222,-0.16963,-0.16502,-0.14944,-0.14348,-0.1325
1011.95,-0.16394,-0.17195,-0.16345,-0.15758,-0.14386,-0.14102
1012.23,-0.17137,-0.17564,-0.16682,-0.16774,-0.14868,-0.14538
1012.52,-0.17253,-0.17584,-0.16989,-0.17483,-0.14844,-0.14725
1012.8,-0.174,-0.17531,-0.16828,-0.17606,-0.14868,-0.1529
1013.09,-0.17641,-0.17138,-0.16474,-0.17279,-0.15171,-0.14949
1013.38,-0.17996,-0.17464,-0.16669,-0.1714,-0.15221,-0.15331
1013.66,-0.18214,-0.17074,-0.16705,-0.17291,-0.14522,-0.15006
1013.95,-0.19618,-0.18357,-0.17751,-0.18241,-0.15577,-0.15395
1014.23,-0.19704,-0.18615,-0.18012,-0.18067,-0.15583,-0.14986
1014.52,-0.19847,-0.18819,-0.18181,-0.18169,-0.16007,-0.14762
1014.81,-0.19937,-0.1945,-0.18469,-0.18653,-0.16109,-0.14317
1015.09,-0.20304,-0.19994,-0.19222,-0.19679,-0.16523,-0.15
1015.38,-0.20766,-0.20041,-0.19247,-0.19931,-0.16732,-0.15011
1015.66,-0.20619,-0.19697,-0.18889,-0.2,-0.17488,-0.15241
1015.95,-0.20582,-0.19238,-0.18713,-0.19499,-0.17448,-0.15385
1016.23,-0.20156,-0.18625,-0.1852,-0.19047,-0.17508,-0.15625
1016.52,-0.20523,-0.19123,-0.19468,-0.1959,-0.17505,-0.16309
1016.8,-0.2093,-0.19373,-0.20183,-0.19361,-0.18616,-0.16773
1017.09,-0.20779,-0.19152,-0.19805,-0.18557,-0.18002,-0.1631
1017.37,-0.20597,-0.1996,-0.20895,-0.18967,-0.18155,-0.16414
1017.66,-0.21405,-0.21721,-0.22623,-0.19857,-0.1872,-0.17268
1017.94,-0.20651,-0.21462,-0.22102,-0.19626,-0.17725,-0.1675
1018.23,-0.21016,-0.22024,-0.22532,-0.19973,-0.18084,-0.17256
1018.51,-0.21041,-0.21855,-0.22015,-0.2012,-0.18098,-0.17122
1018.8,-0.20298,-0.20722,-0.21068,-0.19948,-0.17226,-0.17219
1019.08,-0.20697,-0.21035,-0.20577,-0.20197,-0.17292,-0.17542
1019.37,-0.19975,-0.2072,-0.1972,-0.19727,-0.1684,-0.1714
1019.65,-0.19855,-0.19946,-0.19114,-0.19056,-0.16197,-0.17126
1019.94,-0.21009,-0.20911,-0.20603,-0.20087,-0.1794,-0.18947
1020.22,-0.20943,-0.20425,-0.20245,-0.19152,-0.17108,-0.18435
1020.51,-0.20898,-0.20404,-0.20025,-0.18073,-0.17303,-0.18231
1020.79,-0.22841,-0.21858,-0.21853,-0.19189,-0.18316,-0.19354
1021.08,-0.23369,-0.22138,-0.2321,-0.19807,-0.18652,-0.19378
1021.36,-0.24947,-0.22897,-0.24095,-0.20543,-0.19524,-0.20952
1021.64,-0.25696,-0.23666,-0.24755,-0.21745,-0.20671,-0.21275
1021.93,-0.25684,-0.23723,-0.24434,-0.22397,-0.20723,-0.20859
1022.21,-0.26753,-0.25101,-0.25559,-0.24902,-0.22524,-0.22362
1022.5,-0.27446,-0.25729,-0.26399,-0.26987,-0.23303,-0.23287
1022.78,-0.26473,-0.24784,-0.25782,-0.29449,-0.24496,-0.23459
1023.07,-0.26473,-0.24784,-0.25782,-0.29449,-0.24496,-0.23459
1023.35,-0.26473,-0.24784,-0.25782,-0.29449,-0.24496,-0.23459