EXMPC,0,0,0,0,0,0
WAC,0,0,0,0,0,0
G04,0,0,0,0,0,0
570,0,0,0,0,0,0
12,0,0,0,0,0,0
nm,0,0,0,0,0,0
Angular Dependence,0,0,0,0,0,0
Wavelengths,0,8,16,24,32,40
360.52,-0.60192,-0.60382,-0.58575,-0.59838,-0.58323,-0.55687
360.9,-0.58328,-0.5838,-0.56041,-0.57876,-0.56277,-0.5589
361.27,-0.57446,-0.56792,-0.56304,-0.58493,-0.57581,-0.56516
361.65,-0.53427,-0.55534,-0.51214,-0.54768,-0.5211,-0.53773
362.02,-0.4947,-0.51028,-0.44662,-0.49646,-0.47614,-0.48949
362.4,-0.49107,-0.50138,-0.45533,-0.47118,-0.46368,-0.47366
362.77,-0.52871,-0.54438,-0.48595,-0.48583,-0.4954,-0.49199
363.15,-0.5301,-0.5319,-0.49207,-0.45733,-0.48755,-0.4934
363.52,-0.50825,-0.50533,-0.47022,-0.43654,-0.47663,-0.46157
363.9,-0.4874,-0.49588,-0.4479,-0.4359,-0.44117,-0.43971
364.27,-0.50855,-0.49413,-0.45911,-0.44492,-0.45587,-0.45001
364.64,-0.4983,-0.48127,-0.45902,-0.43398,-0.45935,-0.45826
365.02,-0.50147,-0.48252,-0.4583,-0.44435,-0.46064,-0.46954
365.39,-0.47939,-0.4488,-0.44183,-0.44267,-0.44513,-0.45514
365.77,-0.46645,-0.43891,-0.43077,-0.44194,-0.42117,-0.43648
366.14,-0.47219,-0.43885,-0.44048,-0.44141,-0.42576,-0.43974
366.52,-0.44326,-0.40816,-0.4083,-0.41848,-0.40379,-0.41977
366.89,-0.43527,-0.40631,-0.39981,-0.41749,-0.40487,-0.40831
367.26,-0.43827,-0.41142,-0.39786,-0.41963,-0.41029,-0.39586
367.64,-0.40544,-0.37594,-0.3587,-0.38499,-0.38651,-0.36075
368.01,-0.38672,-0.36893,-0.34689,-0.36408,-0.37029,-0.35983
368.39,-0.38175,-0.36964,-0.34534,-0.3564,-0.38028,-0.36594
368.76,-0.36704,-0.36368,-0.33069,-0.35435,-0.36937,-0.34444
369.13,-0.37196,-0.36508,-0.33929,-0.33961,-0.3718,-0.34315
369.51,-0.36754,-0.35684,-0.33132,-0.33831,-0.3551,-0.34447
369.88,-0.35496,-0.3474,-0.3299,-0.33327,-0.34317,-0.33934
370.25,-0.34302,-0.34149,-0.32841,-0.32124,-0.32945,-0.3413
370.63,-0.32549,-0.32412,-0.31569,-0.31525,-0.31238,-0.31487
371,-0.30481,-0.30536,-0.29751,-0.30626,-0.28667,-0.29292
371.38,-0.2908,-0.30192,-0.29892,-0.29034,-0.27558,-0.29246
371.75,-0.28367,-0.30181,-0.29326,-0.2971,-0.27072,-0.28632
372.12,-0.26476,-0.27795,-0.28345,-0.26966,-0.25818,-0.26201
372.5,-0.26129,-0.27167,-0.27343,-0.26227,-0.25407,-0.25521
372.87,-0.26276,-0.27645,-0.27655,-0.25945,-0.2619,-0.2543
373.24,-0.25594,-0.27116,-0.26965,-0.25122,-0.25724,-0.25548
373.62,-0.25726,-0.26935,-0.25883,-0.2452,-0.25735,-0.25255
373.99,-0.2636,-0.25899,-0.25175,-0.24856,-0.25559,-0.25243
374.36,-0.25316,-0.24566,-0.23943,-0.22886,-0.24279,-0.24262
374.74,-0.25786,-0.24841,-0.2431,-0.23603,-0.24391,-0.24064
375.11,-0.25176,-0.24108,-0.23255,-0.23138,-0.23457,-0.23566
375.48,-0.24386,-0.23281,-0.22309,-0.23823,-0.22713,-0.22349
375.86,-0.24751,-0.22867,-0.22282,-0.23457,-0.22735,-0.21669
376.23,-0.23189,-0.21486,-0.21411,-0.22601,-0.21406,-0.20095
376.6,-0.21927,-0.20243,-0.20428,-0.21329,-0.20248,-0.1911
376.98,-0.22205,-0.20152,-0.21177,-0.21895,-0.20514,-0.19532
377.35,-0.21371,-0.19866,-0.19817,-0.20343,-0.19252,-0.19326
377.72,-0.20349,-0.18572,-0.19005,-0.19414,-0.18368,-0.17999
378.1,-0.2044,-0.18048,-0.18955,-0.18961,-0.1808,-0.18052
378.47,-0.19401,-0.17229,-0.18356,-0.18227,-0.17617,-0.17825
378.84,-0.1919,-0.1755,-0.18693,-0.18155,-0.18195,-0.18204
379.22,-0.18621,-0.17315,-0.17851,-0.17812,-0.17853,-0.175
379.59,-0.17873,-0.16573,-0.17015,-0.17212,-0.17107,-0.1686
379.96,-0.17044,-0.16138,-0.16677,-0.16901,-0.16941,-0.16204
380.33,-0.16643,-0.16317,-0.16595,-0.1561,-0.1622,-0.15961
380.71,-0.15586,-0.15717,-0.15882,-0.15087,-0.15291,-0.1533
381.08,-0.15042,-0.15374,-0.15612,-0.14899,-0.14621,-0.15013
381.45,-0.15393,-0.15044,-0.15025,-0.14878,-0.14425,-0.14545
381.83,-0.15558,-0.15024,-0.15001,-0.14894,-0.14317,-0.14712
382.2,-0.1517,-0.1466,-0.14335,-0.1462,-0.14091,-0.14215
382.57,-0.14937,-0.14313,-0.14393,-0.14796,-0.13959,-0.14275
382.94,-0.14643,-0.14117,-0.13738,-0.15599,-0.14488,-0.14496
383.32,-0.14969,-0.14237,-0.13819,-0.15485,-0.14961,-0.14567
383.69,-0.15347,-0.14107,-0.13412,-0.15201,-0.14926,-0.14398
384.06,-0.14426,-0.13355,-0.13093,-0.14018,-0.14084,-0.14008
384.43,-0.13435,-0.12634,-0.12322,-0.13038,-0.13528,-0.13387
384.81,-0.12794,-0.12121,-0.12072,-0.126,-0.13315,-0.12842
385.18,-0.12433,-0.11449,-0.11531,-0.11889,-0.12721,-0.12409
385.55,-0.1199,-0.1085,-0.11416,-0.11015,-0.11772,-0.11685
385.92,-0.11448,-0.10518,-0.10825,-0.10543,-0.10947,-0.11134
386.3,-0.10514,-0.09928,-0.10321,-0.10085,-0.10546,-0.10562
386.67,-0.10727,-0.10012,-0.10263,-0.10425,-0.1036,-0.10731
387.04,-0.10458,-0.09699,-0.09968,-0.10368,-0.10045,-0.10221
387.41,-0.10337,-0.09521,-0.09812,-0.09757,-0.09754,-0.10129
387.78,-0.10214,-0.09544,-0.09507,-0.09978,-0.09816,-0.09776
388.16,-0.10458,-0.0974,-0.09458,-0.10433,-0.1006,-0.0991
388.53,-0.09968,-0.09137,-0.0905,-0.10045,-0.09746,-0.09925
388.9,-0.09916,-0.09278,-0.08968,-0.10022,-0.09549,-0.0983
389.27,-0.09279,-0.0901,-0.0871,-0.09625,-0.09098,-0.09243
389.65,-0.09033,-0.09003,-0.08669,-0.09691,-0.08926,-0.09147
390.02,-0.08623,-0.08962,-0.08193,-0.09627,-0.08495,-0.08811
390.39,-0.0812,-0.0871,-0.07844,-0.09199,-0.08079,-0.08528
390.76,-0.0792,-0.08541,-0.0759,-0.08561,-0.07665,-0.08324
391.13,-0.07761,-0.08561,-0.07596,-0.0819,-0.07451,-0.07892
391.5,-0.07217,-0.08429,-0.07132,-0.07903,-0.07013,-0.07367
391.88,-0.07402,-0.08237,-0.07035,-0.07562,-0.07221,-0.07111
392.25,-0.07645,-0.08218,-0.07099,-0.07307,-0.07186,-0.07027
392.62,-0.07879,-0.07977,-0.07171,-0.07443,-0.0722,-0.07096
392.99,-0.07952,-0.07723,-0.07226,-0.07544,-0.0732,-0.07376
393.36,-0.07463,-0.07417,-0.07207,-0.07514,-0.07223,-0.0708
393.73,-0.0758,-0.07441,-0.07378,-0.07928,-0.0746,-0.06959
394.11,-0.0785,-0.07264,-0.07572,-0.07904,-0.07733,-0.0717
394.48,-0.07438,-0.07118,-0.07526,-0.07775,-0.07481,-0.07196
394.85,-0.07592,-0.07294,-0.07584,-0.07956,-0.07625,-0.07512
395.22,-0.0731,-0.07218,-0.07351,-0.07639,-0.07397,-0.07268
395.59,-0.07322,-0.07274,-0.07281,-0.07609,-0.07428,-0.06951
395.96,-0.07587,-0.07339,-0.0727,-0.07767,-0.07549,-0.0697
396.33,-0.07337,-0.06898,-0.06796,-0.07305,-0.0722,-0.06858
396.71,-0.07021,-0.06664,-0.06624,-0.07188,-0.07037,-0.06678
397.08,-0.0707,-0.06732,-0.0654,-0.0723,-0.07085,-0.06628
397.45,-0.06379,-0.06208,-0.05986,-0.06692,-0.06674,-0.06007
397.82,-0.06516,-0.06225,-0.06121,-0.06653,-0.06743,-0.0606
398.19,-0.06336,-0.0616,-0.06026,-0.06079,-0.06442,-0.05915
398.56,-0.06048,-0.05817,-0.05767,-0.05851,-0.06283,-0.0575
398.93,-0.05943,-0.05865,-0.05689,-0.0562,-0.06045,-0.05583
399.3,-0.06089,-0.05892,-0.05724,-0.05529,-0.05973,-0.05497
399.68,-0.06007,-0.05638,-0.05363,-0.05355,-0.05733,-0.05238
400.05,-0.06035,-0.05663,-0.05353,-0.05346,-0.05661,-0.0535
400.42,-0.05538,-0.05385,-0.05009,-0.05049,-0.05375,-0.04951
400.79,-0.05534,-0.05246,-0.05052,-0.05306,-0.05403,-0.04958
401.16,-0.05259,-0.05193,-0.04854,-0.0513,-0.05116,-0.04656
401.53,-0.05119,-0.05085,-0.0484,-0.05145,-0.05156,-0.0473
401.9,-0.04849,-0.0487,-0.04641,-0.05041,-0.05038,-0.04629
402.27,-0.04575,-0.04764,-0.046,-0.04944,-0.04854,-0.04629
402.64,-0.04353,-0.04618,-0.04578,-0.04838,-0.0476,-0.04474
403.01,-0.04612,-0.04694,-0.04609,-0.0495,-0.0481,-0.04665
403.38,-0.04238,-0.04514,-0.04312,-0.0463,-0.04529,-0.0449
403.75,-0.04421,-0.04639,-0.04447,-0.04654,-0.04671,-0.0475
404.12,-0.04362,-0.04632,-0.04517,-0.04687,-0.04706,-0.0478
404.5,-0.0438,-0.0462,-0.04532,-0.04574,-0.0456,-0.04686
404.87,-0.0438,-0.04577,-0.04573,-0.04714,-0.04775,-0.04751
405.24,-0.04626,-0.04574,-0.04559,-0.04828,-0.0485,-0.04786
405.61,-0.04579,-0.04579,-0.04642,-0.04917,-0.04802,-0.04744
405.98,-0.0476,-0.04603,-0.04686,-0.04906,-0.04915,-0.04748
406.35,-0.04552,-0.04484,-0.04534,-0.04797,-0.04784,-0.04591
406.72,-0.04588,-0.0436,-0.04388,-0.0472,-0.04562,-0.04371
407.09,-0.04466,-0.04413,-0.04303,-0.04632,-0.04484,-0.04276
407.46,-0.04352,-0.04338,-0.04147,-0.04461,-0.04193,-0.03881
407.83,-0.0414,-0.0422,-0.04002,-0.04206,-0.04111,-0.03764
408.2,-0.03886,-0.03963,-0.03674,-0.03904,-0.03857,-0.03517
408.57,-0.03627,-0.03884,-0.03616,-0.03865,-0.0369,-0.03373
408.94,-0.03513,-0.03715,-0.0352,-0.03768,-0.03503,-0.03263
409.31,-0.03436,-0.03659,-0.03427,-0.03699,-0.03589,-0.0325
409.68,-0.03288,-0.03532,-0.03373,-0.03721,-0.03507,-0.0324
410.05,-0.03191,-0.03393,-0.03275,-0.03497,-0.03475,-0.03263
410.42,-0.03283,-0.03364,-0.03257,-0.03548,-0.03327,-0.03219
410.79,-0.033,-0.03412,-0.03328,-0.03602,-0.03487,-0.03321
411.16,-0.03302,-0.03322,-0.03255,-0.03514,-0.03374,-0.03285
411.53,-0.03377,-0.03325,-0.03226,-0.0344,-0.03341,-0.03357
411.9,-0.03295,-0.0335,-0.03188,-0.03393,-0.03128,-0.03244
412.27,-0.03299,-0.03058,-0.02992,-0.03094,-0.03027,-0.03027
412.64,-0.03215,-0.03032,-0.02979,-0.03044,-0.02881,-0.02959
413.01,-0.02996,-0.02885,-0.02867,-0.02834,-0.02766,-0.02857
413.38,-0.02929,-0.02803,-0.02806,-0.02698,-0.02627,-0.02745
413.75,-0.02897,-0.02783,-0.02701,-0.02613,-0.02544,-0.02634
414.12,-0.02762,-0.02593,-0.02621,-0.02512,-0.02469,-0.02413
414.49,-0.0276,-0.02541,-0.02522,-0.02414,-0.02416,-0.02449
414.86,-0.02742,-0.02645,-0.02604,-0.02554,-0.02379,-0.02489
415.23,-0.02822,-0.02633,-0.02616,-0.0254,-0.02411,-0.0246
415.6,-0.02787,-0.0259,-0.02661,-0.02566,-0.02429,-0.02476
415.96,-0.02702,-0.02536,-0.02658,-0.02507,-0.02345,-0.02467
416.33,-0.02666,-0.02561,-0.02729,-0.02582,-0.02405,-0.02573
416.7,-0.02621,-0.0265,-0.02692,-0.0257,-0.02338,-0.02515
417.07,-0.02586,-0.02542,-0.02678,-0.02544,-0.02371,-0.02367
417.44,-0.02552,-0.02556,-0.02585,-0.02495,-0.0239,-0.02261
417.81,-0.0251,-0.02478,-0.02486,-0.02535,-0.02382,-0.02326
418.18,-0.02495,-0.02554,-0.02515,-0.02547,-0.02406,-0.02277
418.55,-0.02567,-0.02585,-0.02451,-0.02576,-0.02444,-0.02219
418.92,-0.02599,-0.02441,-0.02323,-0.02471,-0.02425,-0.02144
419.29,-0.02602,-0.02381,-0.02347,-0.02485,-0.02488,-0.02199
419.66,-0.02432,-0.02346,-0.02238,-0.02353,-0.02431,-0.02147
420.03,-0.02415,-0.02247,-0.02232,-0.02342,-0.02398,-0.02151
420.39,-0.02383,-0.0229,-0.02285,-0.02274,-0.02329,-0.01971
420.76,-0.02482,-0.0232,-0.02302,-0.02317,-0.02361,-0.02057
421.13,-0.02448,-0.02289,-0.02286,-0.02271,-0.02337,-0.02095
421.5,-0.02341,-0.02297,-0.02302,-0.02215,-0.02308,-0.01992
421.87,-0.02311,-0.02259,-0.02252,-0.02231,-0.02337,-0.01986
422.24,-0.02351,-0.02223,-0.02286,-0.02316,-0.02327,-0.02023
422.61,-0.02328,-0.02242,-0.02308,-0.02234,-0.02346,-0.02062
422.98,-0.02271,-0.02208,-0.02232,-0.02182,-0.0234,-0.0209
423.35,-0.02178,-0.02112,-0.02054,-0.02029,-0.02202,-0.01932
423.71,-0.02076,-0.02099,-0.02082,-0.0201,-0.02157,-0.01891
424.08,-0.0205,-0.02079,-0.02001,-0.02017,-0.02106,-0.01888
424.45,-0.01999,-0.0205,-0.01963,-0.01889,-0.01987,-0.01846
424.82,-0.01931,-0.01983,-0.01884,-0.018,-0.01901,-0.01768
425.19,-0.0192,-0.01959,-0.01852,-0.0182,-0.0185,-0.01753
425.56,-0.01908,-0.01901,-0.01825,-0.01851,-0.01834,-0.01798
425.93,-0.01907,-0.01889,-0.01882,-0.01848,-0.01842,-0.01824
426.29,-0.01882,-0.01806,-0.01788,-0.01801,-0.01826,-0.01789
426.66,-0.01877,-0.01733,-0.01742,-0.0174,-0.01779,-0.01732
427.03,-0.01912,-0.01761,-0.01726,-0.01778,-0.01853,-0.01735
427.4,-0.01886,-0.01781,-0.01769,-0.01793,-0.01873,-0.01741
427.77,-0.01825,-0.0175,-0.01702,-0.01725,-0.01828,-0.01666
428.14,-0.01764,-0.01708,-0.01635,-0.01613,-0.01726,-0.01524
428.5,-0.01631,-0.01656,-0.01594,-0.01592,-0.01643,-0.01445
428.87,-0.01647,-0.01675,-0.01606,-0.01637,-0.01598,-0.01488
429.24,-0.01606,-0.01681,-0.01636,-0.01663,-0.01589,-0.01491
429.61,-0.01588,-0.01662,-0.01632,-0.01611,-0.01461,-0.01465
429.98,-0.01599,-0.01598,-0.0155,-0.01567,-0.01407,-0.0144
430.34,-0.01568,-0.01576,-0.01519,-0.0154,-0.01341,-0.01379
430.71,-0.01563,-0.0158,-0.01524,-0.01541,-0.01336,-0.01399
431.08,-0.01579,-0.01549,-0.01482,-0.01529,-0.01355,-0.01383
431.45,-0.01557,-0.01517,-0.01482,-0.01485,-0.0138,-0.01299
431.82,-0.01493,-0.01455,-0.01428,-0.01453,-0.01371,-0.01284
432.18,-0.01414,-0.01415,-0.01361,-0.01441,-0.01359,-0.01226
432.55,-0.01368,-0.01441,-0.01347,-0.01435,-0.01341,-0.0122
432.92,-0.01345,-0.01398,-0.0132,-0.01368,-0.01359,-0.01261
433.29,-0.01326,-0.01346,-0.0131,-0.01363,-0.01362,-0.01236
433.65,-0.01318,-0.01328,-0.01287,-0.0134,-0.0135,-0.01258
434.02,-0.01291,-0.01284,-0.01207,-0.01278,-0.01311,-0.01201
434.39,-0.0136,-0.01306,-0.01255,-0.01289,-0.01313,-0.01188
434.76,-0.0134,-0.01266,-0.01271,-0.01245,-0.01292,-0.0118
435.12,-0.014,-0.01254,-0.01266,-0.01267,-0.01312,-0.01208
435.49,-0.01392,-0.01275,-0.01287,-0.01363,-0.01301,-0.01187
435.86,-0.0135,-0.01238,-0.01246,-0.01315,-0.0128,-0.01184
436.23,-0.01345,-0.01214,-0.01261,-0.01286,-0.01256,-0.01166
436.59,-0.01305,-0.0121,-0.01227,-0.01287,-0.01201,-0.01192
436.96,-0.01225,-0.01185,-0.0115,-0.01227,-0.01126,-0.01144
437.33,-0.0123,-0.01161,-0.01132,-0.01237,-0.01119,-0.01107
437.7,-0.01158,-0.01127,-0.01131,-0.01188,-0.01089,-0.01026
438.06,-0.01124,-0.01096,-0.01104,-0.01101,-0.01077,-0.00979
438.43,-0.01125,-0.01097,-0.01102,-0.01118,-0.01065,-0.00984
438.8,-0.01085,-0.01097,-0.01041,-0.0108,-0.01044,-0.00973
439.16,-0.01097,-0.01091,-0.0104,-0.01033,-0.01027,-0.00933
439.53,-0.01125,-0.01081,-0.0103,-0.01026,-0.01007,-0.00939
439.9,-0.01108,-0.0107,-0.00996,-0.00996,-0.00986,-0.00945
440.27,-0.01113,-0.01076,-0.00991,-0.00978,-0.00973,-0.00981
440.63,-0.01121,-0.01043,-0.00969,-0.00956,-0.00932,-0.00985
441,-0.01151,-0.01024,-0.00985,-0.00967,-0.00928,-0.00972
441.37,-0.01145,-0.00978,-0.00974,-0.0098,-0.00914,-0.00891
441.73,-0.01097,-0.00893,-0.00925,-0.00943,-0.00883,-0.00856
442.1,-0.01077,-0.00897,-0.00946,-0.00952,-0.00901,-0.00856
442.47,-0.01052,-0.00888,-0.00955,-0.00943,-0.00914,-0.00845
442.83,-0.0106,-0.00891,-0.00955,-0.00938,-0.00914,-0.00799
443.2,-0.01059,-0.0092,-0.00963,-0.00946,-0.00957,-0.0081
443.57,-0.00982,-0.00905,-0.00923,-0.00895,-0.00924,-0.00788
443.93,-0.00996,-0.00958,-0.00977,-0.00919,-0.00944,-0.00834
444.3,-0.01024,-0.01001,-0.01005,-0.0094,-0.00976,-0.00873
444.67,-0.00992,-0.00945,-0.00984,-0.009,-0.00948,-0.0086
445.03,-0.00967,-0.00928,-0.00958,-0.00883,-0.00928,-0.00874
445.4,-0.00884,-0.00868,-0.00922,-0.00851,-0.00882,-0.00876
445.77,-0.00858,-0.00845,-0.00918,-0.00846,-0.00823,-0.00865
446.13,-0.00883,-0.00883,-0.00934,-0.00848,-0.00814,-0.0089
446.5,-0.00865,-0.00862,-0.00877,-0.00792,-0.0077,-0.00872
446.87,-0.00821,-0.00846,-0.00878,-0.00779,-0.00736,-0.00854
447.23,-0.0082,-0.00893,-0.00893,-0.00788,-0.00747,-0.00841
447.6,-0.00832,-0.00906,-0.00906,-0.00797,-0.00752,-0.0081
447.96,-0.00865,-0.00924,-0.00917,-0.00814,-0.00751,-0.00801
448.33,-0.00876,-0.00925,-0.00905,-0.00829,-0.00762,-0.00782
448.7,-0.0088,-0.00913,-0.0089,-0.00838,-0.00785,-0.00785
449.06,-0.00845,-0.00885,-0.00888,-0.00818,-0.00744,-0.0075
449.43,-0.00871,-0.00882,-0.00889,-0.00834,-0.00753,-0.00744
449.79,-0.00897,-0.00883,-0.00901,-0.00838,-0.00789,-0.00759
450.16,-0.00898,-0.00879,-0.00873,-0.00824,-0.00783,-0.00752
450.53,-0.00881,-0.00869,-0.00842,-0.00795,-0.00782,-0.00728
450.89,-0.00835,-0.00848,-0.00826,-0.00771,-0.00789,-0.00724
451.26,-0.00803,-0.00797,-0.00805,-0.00736,-0.0075,-0.00667
451.62,-0.00803,-0.00792,-0.00822,-0.00756,-0.00796,-0.00725
451.99,-0.00781,-0.00778,-0.00831,-0.0075,-0.00797,-0.00695
452.36,-0.00754,-0.00743,-0.00798,-0.00743,-0.00766,-0.00684
452.72,-0.00733,-0.00726,-0.00791,-0.00728,-0.0074,-0.0068
453.09,-0.00742,-0.00742,-0.00816,-0.00763,-0.00747,-0.00692
453.45,-0.00735,-0.00746,-0.00809,-0.0075,-0.00728,-0.00652
453.82,-0.0074,-0.00782,-0.00816,-0.00775,-0.00752,-0.00665
454.18,-0.00726,-0.00782,-0.008,-0.00775,-0.00739,-0.00622
454.55,-0.00713,-0.00768,-0.00759,-0.00761,-0.00713,-0.00644
454.92,-0.0069,-0.00758,-0.00734,-0.00759,-0.00693,-0.00627
455.28,-0.0069,-0.00732,-0.00738,-0.00773,-0.00672,-0.00628
455.65,-0.0068,-0.0068,-0.00689,-0.00747,-0.00637,-0.00623
456.01,-0.007,-0.00647,-0.00661,-0.00738,-0.00614,-0.00637
456.38,-0.0068,-0.00629,-0.00644,-0.00713,-0.00583,-0.00616
456.74,-0.00728,-0.00655,-0.00647,-0.00707,-0.006,-0.00631
457.11,-0.00725,-0.00662,-0.00635,-0.00688,-0.00597,-0.00596
457.47,-0.00722,-0.00672,-0.00618,-0.00668,-0.00595,-0.00583
457.84,-0.00712,-0.00684,-0.00625,-0.00651,-0.00621,-0.00561
458.2,-0.00703,-0.00704,-0.0065,-0.00629,-0.0063,-0.00544
458.57,-0.0068,-0.00704,-0.00652,-0.00621,-0.00631,-0.00529
458.93,-0.00666,-0.00693,-0.00641,-0.00619,-0.00631,-0.00533
459.3,-0.00619,-0.00636,-0.00614,-0.00594,-0.00601,-0.00505
459.66,-0.00594,-0.00616,-0.00599,-0.00588,-0.00589,-0.00497
460.03,-0.00596,-0.00606,-0.00604,-0.00591,-0.00573,-0.00498
460.39,-0.00595,-0.00594,-0.00605,-0.00596,-0.00552,-0.00502
460.76,-0.00589,-0.00591,-0.00606,-0.00604,-0.00549,-0.0051
461.12,-0.00598,-0.00591,-0.00611,-0.00607,-0.00545,-0.00536
461.49,-0.00599,-0.00576,-0.006,-0.00584,-0.00542,-0.00508
461.85,-0.00593,-0.00591,-0.00587,-0.00591,-0.00539,-0.00507
462.22,-0.00597,-0.00616,-0.00608,-0.0061,-0.00551,-0.00527
462.58,-0.00577,-0.00582,-0.00598,-0.00582,-0.00558,-0.00523
462.95,-0.00574,-0.00589,-0.00562,-0.00568,-0.00565,-0.00521
463.31,-0.00563,-0.00579,-0.0054,-0.00566,-0.00561,-0.00506
463.68,-0.00543,-0.00576,-0.00537,-0.00547,-0.00563,-0.00478
464.04,-0.00523,-0.00565,-0.00528,-0.00534,-0.0053,-0.0047
464.41,-0.00522,-0.00559,-0.00528,-0.0053,-0.00525,-0.00471
464.77,-0.00512,-0.00531,-0.00503,-0.00508,-0.00497,-0.00462
465.13,-0.00498,-0.00533,-0.00503,-0.00513,-0.00486,-0.00448
465.5,-0.00472,-0.00504,-0.00484,-0.00484,-0.00461,-0.00422
465.86,-0.00462,-0.00489,-0.00457,-0.00456,-0.00446,-0.004
466.23,-0.00448,-0.00451,-0.00443,-0.00453,-0.00416,-0.004
466.59,-0.00448,-0.00457,-0.00458,-0.0047,-0.00433,-0.00406
466.96,-0.00431,-0.00439,-0.00444,-0.00451,-0.00422,-0.00389
467.32,-0.00413,-0.00436,-0.00437,-0.00423,-0.00419,-0.0037
467.68,-0.00405,-0.00433,-0.00412,-0.00399,-0.00401,-0.00352
468.05,-0.00406,-0.0044,-0.00432,-0.00416,-0.004,-0.0036
468.41,-0.00388,-0.00433,-0.0043,-0.00407,-0.004,-0.00366
468.78,-0.00396,-0.00438,-0.00412,-0.00407,-0.0041,-0.00353
469.14,-0.00393,-0.00428,-0.00389,-0.00392,-0.00397,-0.00339
469.5,-0.00402,-0.00436,-0.00385,-0.00397,-0.00401,-0.00341
469.87,-0.00393,-0.0042,-0.00373,-0.00405,-0.00387,-0.0032
470.23,-0.00386,-0.00399,-0.00365,-0.00392,-0.00375,-0.00317
470.6,-0.00382,-0.00388,-0.00355,-0.00376,-0.00354,-0.00321
470.96,-0.00389,-0.00386,-0.00347,-0.00372,-0.00337,-0.0031
471.32,-0.00381,-0.0039,-0.00354,-0.00368,-0.00342,-0.00312
471.69,-0.00384,-0.00391,-0.00371,-0.00369,-0.00345,-0.00322
472.05,-0.00364,-0.00375,-0.00355,-0.00353,-0.0032,-0.00306
472.42,-0.00367,-0.0038,-0.0037,-0.00359,-0.00322,-0.00317
472.78,-0.0035,-0.00371,-0.00362,-0.00354,-0.00313,-0.00297
473.14,-0.00345,-0.00365,-0.00351,-0.00342,-0.00325,-0.0027
473.51,-0.00342,-0.00364,-0.00359,-0.00351,-0.00327,-0.00269
473.87,-0.00349,-0.00362,-0.00354,-0.00338,-0.00303,-0.00261
474.23,-0.00332,-0.00341,-0.00338,-0.0033,-0.00292,-0.00249
474.6,-0.00338,-0.00335,-0.00349,-0.00336,-0.00297,-0.00267
474.96,-0.00341,-0.00332,-0.00331,-0.00331,-0.00305,-0.00263
475.32,-0.0035,-0.00342,-0.00334,-0.00335,-0.00309,-0.00265
475.69,-0.00335,-0.00334,-0.00313,-0.00328,-0.00297,-0.00269
476.05,-0.00324,-0.00321,-0.00301,-0.00319,-0.00295,-0.00254
476.41,-0.00301,-0.00309,-0.00291,-0.00312,-0.00294,-0.00246
476.78,-0.003,-0.0031,-0.00283,-0.00309,-0.00289,-0.00241
477.14,-0.00284,-0.00295,-0.00267,-0.00292,-0.00265,-0.00217
477.5,-0.00265,-0.00278,-0.00261,-0.00269,-0.00243,-0.00195
477.87,-0.0026,-0.00268,-0.0025,-0.00262,-0.00235,-0.00196
478.23,-0.00256,-0.00262,-0.00259,-0.00256,-0.00234,-0.00184
478.59,-0.00243,-0.00241,-0.00244,-0.00244,-0.00214,-0.00173
478.96,-0.00244,-0.00235,-0.00246,-0.00239,-0.00206,-0.00163
479.32,-0.00242,-0.0024,-0.00245,-0.00235,-0.00199,-0.00168
479.68,-0.0024,-0.00252,-0.00248,-0.00238,-0.0021,-0.0016
480.04,-0.00246,-0.00253,-0.00247,-0.00241,-0.00206,-0.00161
480.41,-0.00245,-0.00242,-0.00246,-0.00234,-0.00204,-0.00148
480.77,-0.00249,-0.00247,-0.00244,-0.00245,-0.00205,-0.00152
481.13,-0.00265,-0.00268,-0.00255,-0.00255,-0.00214,-0.00164
481.5,-0.00252,-0.00267,-0.00246,-0.00252,-0.00211,-0.00158
481.86,-0.00223,-0.00236,-0.00217,-0.00232,-0.00187,-0.00123
482.22,-0.00215,-0.00223,-0.00211,-0.00224,-0.00176,-0.00121
482.58,-0.00209,-0.00221,-0.00214,-0.0022,-0.00181,-0.00119
482.95,-0.00203,-0.00224,-0.00218,-0.00222,-0.00175,-0.00122
483.31,-0.00203,-0.00215,-0.0021,-0.00208,-0.00168,-0.00111
483.67,-0.00192,-0.00209,-0.00208,-0.00206,-0.00166,-0.00101
484.03,-0.00194,-0.00201,-0.00202,-0.00196,-0.0016,-0.00092
484.4,-0.00211,-0.00212,-0.00214,-0.00202,-0.00185,-0.00107
484.76,-0.00209,-0.00215,-0.00211,-0.00203,-0.00181,-0.00103
485.12,-0.00205,-0.00215,-0.0021,-0.00204,-0.00178,-0.00109
485.48,-0.00203,-0.00214,-0.00201,-0.00207,-0.00176,-0.00108
485.85,-0.00192,-0.00203,-0.00195,-0.00202,-0.00164,-0.00099
486.21,-0.00192,-0.00199,-0.00197,-0.00195,-0.00158,-0.00099
486.57,-0.00198,-0.00206,-0.00203,-0.00199,-0.00163,-0.00104
486.93,-0.00189,-0.00218,-0.00208,-0.00201,-0.00157,-0.00097
487.29,-0.00196,-0.00212,-0.00205,-0.00198,-0.00156,-0.0009
487.66,-0.00195,-0.00215,-0.00191,-0.00191,-0.00152,-0.00078
488.02,-0.00193,-0.00212,-0.00196,-0.00181,-0.00151,-0.0007
488.38,-0.00193,-0.00214,-0.00196,-0.0018,-0.00153,-0.0007
488.74,-0.00194,-0.0021,-0.00189,-0.00179,-0.00152,-0.00062
489.1,-0.00184,-0.00206,-0.0018,-0.00178,-0.00149,-0.00051
489.47,-0.00184,-0.00198,-0.00175,-0.00174,-0.00145,-0.00049
489.83,-0.00171,-0.00192,-0.00171,-0.00168,-0.00146,-0.00041
490.19,-0.0017,-0.00177,-0.00174,-0.00166,-0.00146,-0.00042
490.55,-0.00169,-0.00177,-0.00166,-0.00161,-0.00141,-0.0004
490.91,-0.00166,-0.00175,-0.00165,-0.0016,-0.00137,-0.00039
491.27,-0.00156,-0.00169,-0.00162,-0.00152,-0.0013,-0.00028
491.64,-0.00166,-0.00171,-0.00171,-0.00148,-0.00132,-0.00031
492,-0.00172,-0.00169,-0.00181,-0.00146,-0.00133,-0.00031
492.36,-0.00176,-0.00173,-0.00186,-0.00151,-0.00131,-0.00033
492.72,-0.00173,-0.00177,-0.00175,-0.00149,-0.00121,-0.0002
493.08,-0.00171,-0.00174,-0.00175,-0.00154,-0.00121,-0.00013
493.44,-0.00173,-0.00178,-0.00178,-0.00157,-0.00127,-7.00E-05
493.81,-0.00178,-0.00178,-0.00182,-0.00162,-0.00129,-0.00017
494.17,-0.00164,-0.00168,-0.00168,-0.0016,-0.00121,-0.0001
494.53,-0.0016,-0.0016,-0.0016,-0.00157,-0.00114,-3.00E-05
494.89,-0.00158,-0.00159,-0.00156,-0.00152,-0.00115,1.00E-05
495.25,-0.00157,-0.0016,-0.00165,-0.00149,-0.00116,2.00E-05
495.61,-0.00154,-0.00155,-0.00163,-0.0015,-0.00116,4.00E-05
495.97,-0.00152,-0.00152,-0.00165,-0.00143,-0.00112,0.00012
496.33,-0.00151,-0.0016,-0.00162,-0.00139,-0.00112,0.00024
496.7,-0.00154,-0.00166,-0.00165,-0.00144,-0.00117,0.00022
497.06,-0.00154,-0.00165,-0.00161,-0.00145,-0.00116,0.00026
497.42,-0.00153,-0.00164,-0.00162,-0.00143,-0.0011,0.00032
497.78,-0.00154,-0.00163,-0.00157,-0.00149,-0.00109,0.00035
498.14,-0.00157,-0.00166,-0.00157,-0.00145,-0.00107,0.00033
498.5,-0.00158,-0.00172,-0.00156,-0.0015,-0.00102,0.00027
498.86,-0.00154,-0.00164,-0.00147,-0.00146,-0.00095,0.00033
499.22,-0.00152,-0.0016,-0.00149,-0.00142,-0.00093,0.00039
499.58,-0.00151,-0.00165,-0.00155,-0.00147,-0.00096,0.0004
499.94,-0.00149,-0.00156,-0.0015,-0.00143,-0.00091,0.00047
500.3,-0.00146,-0.00151,-0.00147,-0.00139,-0.00088,0.0005
500.67,-0.00144,-0.00154,-0.00145,-0.00136,-0.00086,0.00057
501.03,-0.00144,-0.00149,-0.00138,-0.00133,-0.00085,0.00064
501.39,-0.00136,-0.00144,-0.00134,-0.00132,-0.00083,0.00064
501.75,-0.00137,-0.00147,-0.00133,-0.00129,-0.0008,0.00067
502.11,-0.00139,-0.00145,-0.00128,-0.00126,-0.00072,0.00071
502.47,-0.00138,-0.00148,-0.0013,-0.00131,-0.00073,0.00067
502.83,-0.00133,-0.00147,-0.0013,-0.00126,-0.00069,0.00071
503.19,-0.00132,-0.00143,-0.00129,-0.00129,-0.00063,0.00074
503.55,-0.00129,-0.00139,-0.00127,-0.00128,-0.00061,0.00079
503.91,-0.00134,-0.00143,-0.00133,-0.00128,-0.00061,0.00086
504.27,-0.0013,-0.00142,-0.00132,-0.00127,-0.00055,0.00087
504.63,-0.00131,-0.00144,-0.00131,-0.00127,-0.00059,0.00092
504.99,-0.00131,-0.00149,-0.00135,-0.00127,-0.00055,0.00094
505.35,-0.00138,-0.00153,-0.00139,-0.00134,-0.00056,0.00096
505.71,-0.00135,-0.00152,-0.0014,-0.00129,-0.00054,0.00102
506.07,-0.00136,-0.00154,-0.00144,-0.00129,-0.00049,0.00107
506.43,-0.00135,-0.00149,-0.00144,-0.0013,-0.00047,0.00106
506.79,-0.00143,-0.00147,-0.00146,-0.00133,-0.00048,0.00107
507.15,-0.00137,-0.00141,-0.00141,-0.00125,-0.0004,0.00118
507.51,-0.00134,-0.00136,-0.00133,-0.0012,-0.00036,0.00128
507.87,-0.00128,-0.00127,-0.00126,-0.0011,-0.0003,0.00139
508.23,-0.00132,-0.00125,-0.00126,-0.00111,-0.00027,0.00145
508.59,-0.00132,-0.00126,-0.00126,-0.00109,-0.00027,0.00148
508.95,-0.00127,-0.00127,-0.00121,-0.00103,-0.00019,0.00154
509.31,-0.00115,-0.00125,-0.00116,-0.00098,-0.0001,0.00171
509.67,-0.00115,-0.00128,-0.00118,-0.00101,-5.00E-05,0.00174
510.03,-0.00119,-0.0013,-0.00122,-0.00104,-5.00E-05,0.00175
510.39,-0.00117,-0.00131,-0.00125,-0.00104,1.00E-05,0.00183
510.75,-0.00116,-0.00137,-0.00123,-0.00102,0,0.00189
511.11,-0.00113,-0.00136,-0.00124,-0.00102,0,0.00201
511.47,-0.00116,-0.00134,-0.00123,-0.00104,0,0.00216
511.83,-0.00114,-0.00128,-0.0012,-0.00097,1.00E-05,0.00228
512.19,-0.0011,-0.00121,-0.00118,-0.00094,2.00E-05,0.00242
512.55,-0.00108,-0.00118,-0.00116,-0.0009,8.00E-05,0.00263
512.91,-0.0011,-0.00119,-0.00117,-0.00088,9.00E-05,0.00284
513.27,-0.00104,-0.00107,-0.00118,-0.00085,0.00019,0.00319
513.62,-0.00104,-0.00104,-0.00119,-0.00077,0.00028,0.00361
513.98,-0.00103,-0.00104,-0.00116,-0.00071,0.00035,0.00418
514.34,-0.00108,-0.00108,-0.0012,-0.00072,0.00043,0.005
514.7,-0.00108,-0.00115,-0.00119,-0.00066,0.00049,0.00627
515.06,-0.00109,-0.00121,-0.00119,-0.00065,0.00047,0.00832
515.42,-0.00107,-0.00121,-0.00114,-0.00061,0.0005,0.01171
515.78,-0.00107,-0.00122,-0.00107,-0.00057,0.00055,0.01711
516.14,-0.00104,-0.00118,-0.00099,-0.00051,0.00063,0.02521
516.5,-0.00106,-0.00119,-0.00099,-0.00049,0.00062,0.0366
516.86,-0.00105,-0.00118,-0.00093,-0.0004,0.00067,0.05179
517.22,-0.00106,-0.00112,-0.00087,-0.00039,0.00073,0.071
517.57,-0.00106,-0.0011,-0.00084,-0.00034,0.00077,0.09413
517.93,-0.00109,-0.0011,-0.00085,-0.00038,0.00077,0.12031
518.29,-0.00111,-0.00112,-0.00089,-0.0004,0.00074,0.14867
518.65,-0.00112,-0.00114,-0.0009,-0.00043,0.0007,0.17805
519.01,-0.0011,-0.00113,-0.00097,-0.00045,0.00072,0.20712
519.37,-0.00111,-0.00117,-0.00097,-0.00048,0.00067,0.23505
519.73,-0.00104,-0.00111,-0.00094,-0.0004,0.00071,0.26099
520.08,-0.001,-0.00107,-0.00095,-0.00036,0.00073,0.28409
520.44,-0.001,-0.00104,-0.00092,-0.00028,0.00075,0.3045
520.8,-0.001,-0.00102,-0.0009,-0.00021,0.00081,0.32229
521.16,-0.00098,-0.00099,-0.00083,-0.00018,0.00086,0.33787
521.52,-0.00094,-0.001,-0.00073,-6.00E-05,0.0009,0.35166
521.88,-0.00092,-0.00095,-0.0007,-2.00E-05,0.00097,0.36361
522.24,-0.00097,-0.00099,-0.0007,-5.00E-05,0.00094,0.37385
522.59,-0.00096,-0.00098,-0.00068,-3.00E-05,0.00097,0.38236
522.95,-0.00092,-0.00097,-0.00068,1.00E-05,0.00101,0.38966
523.31,-0.00089,-0.00093,-0.00064,0.0001,0.00105,0.39574
523.67,-0.00089,-0.00092,-0.00066,0.00013,0.00105,0.40067
524.03,-0.00087,-0.00087,-0.00067,0.00013,0.00109,0.40452
524.38,-0.0009,-0.00088,-0.00071,0.00013,0.00107,0.40752
524.74,-0.0009,-0.00085,-0.00071,0.00019,0.00116,0.40987
525.1,-0.0009,-0.00082,-0.00062,0.00026,0.00122,0.41202
525.46,-0.00089,-0.00081,-0.00059,0.0003,0.00131,0.41379
525.82,-0.00088,-0.00086,-0.00056,0.00034,0.00136,0.41534
526.17,-0.00089,-0.00089,-0.00057,0.00037,0.00147,0.41635
526.53,-0.0009,-0.00087,-0.00053,0.00041,0.00152,0.41724
526.89,-0.00081,-0.0008,-0.00041,0.00052,0.00165,0.41816
527.25,-0.00078,-0.00077,-0.00033,0.00057,0.00178,0.41905
527.61,-0.00073,-0.00072,-0.00027,0.0006,0.00192,0.4201
527.96,-0.0007,-0.00068,-0.00025,0.00063,0.00204,0.42106
528.32,-0.00069,-0.0006,-0.00023,0.00063,0.00222,0.42199
528.68,-0.00063,-0.00054,-0.00014,0.00068,0.0024,0.42251
529.04,-0.00058,-0.00052,-0.0001,0.00073,0.00271,0.42269
529.39,-0.00059,-0.00049,-0.00011,0.00075,0.00302,0.42252
529.75,-0.00053,-0.00046,-8.00E-05,0.00079,0.00342,0.42217
530.11,-0.00045,-0.00039,-4.00E-05,0.00084,0.00401,0.4217
530.47,-0.00043,-0.00037,3.00E-05,0.00089,0.00488,0.42135
530.82,-0.00044,-0.00038,6.00E-05,0.00091,0.00616,0.42145
531.18,-0.00036,-0.00033,0.00016,0.00102,0.00851,0.42256
531.54,-0.00031,-0.00027,0.00024,0.00111,0.01233,0.42409
531.9,-0.00025,-0.00025,0.00028,0.00113,0.01841,0.42639
532.25,-0.00021,-0.00023,0.00033,0.00115,0.02772,0.42885
532.61,-0.00023,-0.00026,0.00035,0.00118,0.04101,0.43134
532.97,-0.00019,-0.00019,0.00039,0.00119,0.0589,0.43368
533.32,-0.00012,-0.00012,0.0005,0.00123,0.08168,0.43566
533.68,-0.00016,-0.00012,0.00049,0.00119,0.10887,0.43706
534.04,-0.00019,-0.00011,0.00053,0.00113,0.1398,0.43844
534.4,-0.0002,-0.0001,0.00056,0.00115,0.17327,0.43936
534.75,-0.00017,-1.00E-05,0.00062,0.00119,0.20795,0.4403
535.11,-0.00018,2.00E-05,0.00062,0.00117,0.24252,0.4414
535.47,-0.00017,0,0.00067,0.0012,0.27565,0.44229
535.82,-0.00018,2.00E-05,0.00063,0.0012,0.30607,0.44239
536.18,-0.00014,8.00E-05,0.00067,0.00124,0.33339,0.44178
536.54,-5.00E-05,0.00013,0.0007,0.00128,0.35728,0.44012
536.89,-1.00E-05,0.00019,0.00074,0.00129,0.37774,0.43666
537.25,1.00E-05,0.00019,0.00076,0.00133,0.39466,0.4312
537.61,0.0001,0.00027,0.00084,0.00142,0.40834,0.42324
537.96,0.00015,0.00034,0.00086,0.00147,0.41885,0.41301
538.32,0.00021,0.0004,0.00093,0.00155,0.42692,0.40041
538.68,0.00026,0.00041,0.00095,0.0016,0.43318,0.38563
539.03,0.00026,0.00045,0.00095,0.00171,0.43813,0.36899
539.39,0.00036,0.00052,0.00099,0.00185,0.44209,0.35171
539.75,0.00037,0.00053,0.00098,0.00196,0.44545,0.33432
540.1,0.00044,0.00057,0.00104,0.0021,0.44843,0.31809
540.46,0.00046,0.00059,0.00105,0.00226,0.4512,0.3043
540.81,0.00053,0.00063,0.00108,0.00245,0.45376,0.29426
541.17,0.0006,0.0007,0.00111,0.00269,0.45576,0.28859
541.53,0.00067,0.00074,0.00114,0.00293,0.45702,0.28739
541.88,0.00066,0.00076,0.00113,0.00324,0.45788,0.29037
542.24,0.00072,0.00084,0.00119,0.00366,0.45892,0.29735
542.59,0.00075,0.0009,0.00121,0.00428,0.46075,0.30619
542.95,0.0008,0.00096,0.00124,0.00518,0.4644,0.31495
543.31,0.00084,0.00099,0.00127,0.0065,0.4708,0.32131
543.66,0.00084,0.00101,0.00132,0.00867,0.48096,0.32289
544.02,0.00085,0.00105,0.00134,0.01245,0.49588,0.31819
544.37,0.00089,0.00108,0.00141,0.01879,0.5146,0.30631
544.73,0.00089,0.00111,0.00143,0.02913,0.53602,0.28683
545.09,0.00093,0.00114,0.00144,0.04465,0.55788,0.26079
545.44,0.00099,0.00115,0.00144,0.06635,0.57762,0.22965
545.8,0.00103,0.0012,0.00151,0.09472,0.59342,0.19572
546.15,0.00107,0.00122,0.00151,0.12919,0.60256,0.16147
546.51,0.0011,0.00122,0.00159,0.16856,0.60445,0.12908
546.86,0.00118,0.00128,0.00168,0.21068,0.59966,0.10003
547.22,0.00121,0.00132,0.00177,0.25326,0.58895,0.07502
547.58,0.00122,0.00134,0.00185,0.29366,0.57466,0.0549
547.93,0.00123,0.00138,0.00196,0.33045,0.559,0.0394
548.29,0.00128,0.0014,0.00202,0.3626,0.54338,0.02789
548.64,0.00133,0.00145,0.00215,0.38987,0.52955,0.01965
549,0.0014,0.00151,0.00227,0.41239,0.51721,0.01387
549.35,0.00142,0.0015,0.00234,0.43133,0.50665,0.00981
549.71,0.00146,0.00152,0.00245,0.44726,0.49739,0.00707
550.06,0.00148,0.00152,0.0026,0.46066,0.48823,0.00525
550.42,0.00145,0.00154,0.00278,0.47239,0.47813,0.00395
550.77,0.0015,0.00159,0.00303,0.48389,0.46653,0.00312
551.13,0.00147,0.00157,0.0033,0.49571,0.45262,0.00249
551.48,0.00147,0.0016,0.00364,0.51056,0.43716,0.00205
551.84,0.00147,0.00163,0.00412,0.53031,0.4198,0.00177
552.19,0.00151,0.00168,0.00478,0.55666,0.40104,0.00155
552.55,0.00152,0.00172,0.00569,0.59123,0.38196,0.00135
552.9,0.00157,0.00175,0.00711,0.63381,0.36328,0.00123
553.26,0.00158,0.0018,0.0093,0.68193,0.34479,0.00112
553.61,0.00168,0.00195,0.01286,0.73283,0.32706,0.00107
553.97,0.00171,0.00201,0.01864,0.78314,0.30891,0.00102
554.32,0.00176,0.00211,0.02821,0.82969,0.28977,0.00093
554.68,0.00182,0.00222,0.04362,0.86997,0.26944,0.00087
555.03,0.00196,0.00242,0.06713,0.90245,0.24728,0.00089
555.39,0.00209,0.00261,0.09978,0.92632,0.22353,0.00084
555.74,0.00225,0.00281,0.14179,0.9424,0.19884,0.00082
556.1,0.0024,0.00303,0.19156,0.95206,0.17409,0.0008
556.45,0.00256,0.00331,0.24711,0.95606,0.15004,0.00075
556.8,0.00278,0.00365,0.30558,0.95464,0.12742,0.00077
557.16,0.00296,0.00399,0.365,0.94788,0.10669,0.0007
557.51,0.00317,0.00437,0.42489,0.93486,0.08801,0.00063
557.87,0.00346,0.00495,0.4851,0.91526,0.07146,0.00064
558.22,0.00375,0.00565,0.54584,0.88893,0.05692,0.0006
558.58,0.00414,0.00662,0.6073,0.85611,0.0445,0.00055
558.93,0.00469,0.00804,0.66884,0.81769,0.03405,0.00052
559.28,0.00532,0.01029,0.729,0.77498,0.02542,0.00048
559.64,0.00624,0.01436,0.78613,0.72973,0.01863,0.00048
559.99,0.00747,0.02173,0.83721,0.68389,0.0135,0.00051
560.35,0.00931,0.03513,0.88013,0.63943,0.00964,0.00048
560.7,0.01229,0.05774,0.91331,0.59758,0.00693,0.00042
561.05,0.01771,0.09343,0.93743,0.55991,0.00506,0.00041
561.41,0.02754,0.14544,0.95398,0.52613,0.00371,0.00039
561.76,0.04502,0.21611,0.9653,0.49632,0.00285,0.00035
562.12,0.07393,0.30398,0.97273,0.46849,0.00225,0.00033
562.47,0.1181,0.40481,0.9777,0.44081,0.00179,0.00026
562.82,0.18023,0.51162,0.98072,0.41127,0.00154,0.00021
563.18,0.25974,0.6163,0.98264,0.37869,0.00138,0.00022
563.53,0.35307,0.71245,0.98372,0.34184,0.00119,0.00018
563.88,0.45361,0.79448,0.98421,0.30123,0.00104,0.00015
564.24,0.55365,0.85931,0.98458,0.25802,0.00093,0.00015
564.59,0.64605,0.90592,0.98465,0.21448,0.00085,0.00012
564.95,0.72532,0.93661,0.98446,0.17313,0.00081,0.00014
565.3,0.78796,0.95565,0.9838,0.13593,0.00076,0.00015
565.65,0.83309,0.96744,0.98292,0.10439,0.00071,0.00016
566.01,0.86231,0.97459,0.98133,0.07907,0.00067,0.00014
566.36,0.88012,0.97919,0.97867,0.05955,0.00068,0.00017
566.71,0.89096,0.9819,0.97356,0.04487,0.00065,0.00016
567.07,0.8977,0.98356,0.96458,0.034,0.00062,0.00016
567.42,0.90183,0.98453,0.94999,0.02603,0.00058,0.00017
567.77,0.90429,0.98514,0.92757,0.02005,0.00053,0.00016
568.13,0.90555,0.98543,0.89557,0.01553,0.00049,0.00016
568.48,0.90636,0.98566,0.85426,0.01207,0.00045,0.00016
568.83,0.90682,0.98577,0.80387,0.00929,0.00037,7.00E-05
569.18,0.90708,0.98578,0.74504,0.00712,0.00034,5.00E-05
569.54,0.90721,0.98569,0.67797,0.00542,0.00028,5.00E-05
569.89,0.90729,0.98568,0.60365,0.00411,0.00025,-2.00E-05
570.24,0.90742,0.98579,0.52532,0.00316,0.00026,-6.00E-05
570.6,0.90749,0.98584,0.44647,0.00247,0.00026,-6.00E-05
570.95,0.90747,0.98558,0.36979,0.002,0.00025,-8.00E-05
571.3,0.90744,0.9848,0.2972,0.00168,0.00027,-7.00E-05
571.65,0.90735,0.98348,0.231,0.00142,0.00025,-8.00E-05
572.01,0.90741,0.9816,0.17371,0.00123,0.00021,-0.00014
572.36,0.90715,0.97878,0.12721,0.00109,0.00017,-0.00013
572.71,0.90633,0.97451,0.09143,0.00103,0.00011,-0.00012
573.06,0.90524,0.96703,0.06508,0.00092,5.00E-05,-0.00016
573.42,0.9036,0.95191,0.04613,0.00082,2.00E-05,-0.00019
573.77,0.90139,0.9221,0.0328,0.00074,-1.00E-05,-0.00018
574.12,0.8984,0.87156,0.02357,0.00068,-1.00E-05,-0.0002
574.47,0.8923,0.79988,0.01737,0.00068,1.00E-05,-0.00017
574.83,0.8794,0.71049,0.01321,0.00069,2.00E-05,-0.00015
575.18,0.85208,0.6083,0.01033,0.00065,5.00E-05,-0.00015
575.53,0.80459,0.49921,0.00827,0.00061,4.00E-05,-0.00016
575.88,0.73722,0.39072,0.00672,0.0006,5.00E-05,-0.00017
576.24,0.65369,0.29152,0.00548,0.00059,5.00E-05,-0.00016
576.59,0.55837,0.2097,0.00445,0.00058,1.00E-05,-0.00019
576.94,0.45711,0.14746,0.00365,0.00055,-2.00E-05,-0.00019
577.29,0.35594,0.10222,0.00298,0.00051,-4.00E-05,-0.00022
577.64,0.26463,0.07022,0.00246,0.00045,-0.0001,-0.00024
578,0.19037,0.04784,0.00213,0.00048,-7.00E-05,-0.00021
578.35,0.13438,0.03266,0.00184,0.00042,-0.00013,-0.00021
578.7,0.09376,0.02281,0.00164,0.00041,-0.00012,-0.00021
579.05,0.06494,0.01656,0.0015,0.00038,-0.00011,-0.0002
579.4,0.04475,0.01258,0.00136,0.00036,-0.00013,-0.0002
579.76,0.03106,0.00995,0.00125,0.0003,-0.00018,-0.00021
580.11,0.02215,0.00814,0.0012,0.00029,-0.00017,-0.00021
580.46,0.01642,0.00673,0.0011,0.00022,-0.00021,-0.00025
580.81,0.01277,0.00563,0.00107,0.00022,-0.00021,-0.00022
581.16,0.01027,0.0047,0.00102,0.00018,-0.00024,-0.00021
581.51,0.0084,0.00391,0.00094,0.00014,-0.00028,-0.00022
581.87,0.00695,0.00333,0.00087,0.00011,-0.00029,-0.00024
582.22,0.00576,0.00285,0.00086,0.00013,-0.00031,-0.00022
582.57,0.00474,0.00241,0.00084,0.00012,-0.00034,-0.00023
582.92,0.00392,0.00214,0.0008,0.00013,-0.00036,-0.00023
583.27,0.00326,0.00188,0.00077,0.00013,-0.00034,-0.00024
583.62,0.00268,0.00164,0.00072,7.00E-05,-0.00038,-0.00031
583.97,0.00228,0.00147,0.00073,6.00E-05,-0.0004,-0.00032
584.33,0.002,0.00133,0.0007,0,-0.00041,-0.00033
584.68,0.00178,0.00124,0.00068,0,-0.00041,-0.00034
585.03,0.00165,0.00121,0.00063,-3.00E-05,-0.0004,-0.00032
585.38,0.0015,0.00111,0.00058,-8.00E-05,-0.00042,-0.00034
585.73,0.00141,0.00104,0.00053,-0.00013,-0.00045,-0.00036
586.08,0.00136,0.001,0.00049,-0.00015,-0.00044,-0.00032
586.43,0.00127,0.00095,0.00045,-0.00017,-0.00044,-0.0003
586.78,0.00121,0.00093,0.00044,-0.00018,-0.00042,-0.00026
587.13,0.00113,0.00087,0.00039,-0.00026,-0.0004,-0.00029
587.48,0.00106,0.00081,0.00038,-0.00026,-0.00039,-0.0003
587.84,0.00103,0.00079,0.00036,-0.00026,-0.0004,-0.00025
588.19,0.00096,0.00076,0.00036,-0.00028,-0.00043,-0.00025
588.54,0.00095,0.00074,0.00037,-0.0003,-0.00045,-0.00026
588.89,0.0009,0.00071,0.00031,-0.00035,-0.00048,-0.00031
589.24,0.00086,0.00067,0.00028,-0.00033,-0.00051,-0.00034
589.59,0.00088,0.00063,0.00025,-0.00032,-0.00051,-0.00032
589.94,0.00082,0.00058,0.00019,-0.00036,-0.00055,-0.00035
590.29,0.0008,0.00059,0.0002,-0.00039,-0.00058,-0.00035
590.64,0.00079,0.00056,0.00017,-0.00039,-0.00057,-0.00034
590.99,0.00077,0.00057,0.00014,-0.00039,-0.00056,-0.00032
591.34,0.00079,0.00058,0.00017,-0.00036,-0.00053,-0.00028
591.69,0.00073,0.00054,0.00015,-0.00038,-0.00053,-0.00029
592.04,0.00065,0.00054,0.00012,-0.00038,-0.00055,-0.00026
592.39,0.00064,0.00055,0.00011,-0.00039,-0.00051,-0.00024
592.74,0.00061,0.00049,5.00E-05,-0.00043,-0.00048,-0.00026
593.09,0.0006,0.00046,0,-0.00047,-0.00047,-0.00025
593.44,0.00054,0.00038,-8.00E-05,-0.00053,-0.00055,-0.0003
593.79,0.00048,0.00034,-9.00E-05,-0.00055,-0.00053,-0.00031
594.14,0.00051,0.00034,-0.00012,-0.0006,-0.00054,-0.00031
594.49,0.00053,0.00035,-0.00014,-0.00064,-0.00056,-0.0003
594.84,0.00054,0.00031,-0.00018,-0.00066,-0.00055,-0.00029
595.19,0.00048,0.00029,-0.0002,-0.00068,-0.00056,-0.0003
595.54,0.00042,0.00026,-0.00023,-0.0007,-0.00055,-0.00033
595.89,0.00041,0.00029,-0.0002,-0.00067,-0.00047,-0.00029
596.24,0.00042,0.00029,-0.00022,-0.00063,-0.00043,-0.00027
596.59,0.0004,0.00024,-0.00025,-0.00063,-0.00044,-0.00026
596.94,0.00038,0.00018,-0.00024,-0.00062,-0.00042,-0.00027
597.29,0.00029,0.00013,-0.00026,-0.00065,-0.00044,-0.00029
597.64,0.0003,9.00E-05,-0.00026,-0.00064,-0.00046,-0.00027
597.99,0.00033,0.00012,-0.00024,-0.00061,-0.00043,-0.0002
598.34,0.00032,8.00E-05,-0.0003,-0.00062,-0.00046,-0.00021
598.69,0.00022,-1.00E-05,-0.00039,-0.00069,-0.00051,-0.00024
599.04,0.00015,-3.00E-05,-0.00043,-0.00071,-0.00051,-0.00026
599.39,0.00013,-3.00E-05,-0.00044,-0.00071,-0.0005,-0.00026
599.74,0.00012,-6.00E-05,-0.00047,-0.00073,-0.00051,-0.00028
600.09,7.00E-05,-9.00E-05,-0.00052,-0.00074,-0.00049,-0.00029
600.44,1.00E-05,-0.00017,-0.00057,-0.00077,-0.00053,-0.00033
600.79,-1.00E-05,-0.00022,-0.00056,-0.00078,-0.00052,-0.00028
601.14,2.00E-05,-0.00019,-0.00055,-0.00079,-0.00049,-0.00027
601.49,-1.00E-05,-0.00021,-0.00057,-0.00078,-0.00048,-0.00025
601.83,-0.00011,-0.00029,-0.00067,-0.00084,-0.00055,-0.0003
602.18,-0.00012,-0.0003,-0.00068,-0.0008,-0.00056,-0.00028
602.53,-0.00015,-0.0003,-0.00067,-0.00079,-0.00056,-0.00027
602.88,-0.00011,-0.00029,-0.00064,-0.00075,-0.00051,-0.00024
603.23,-0.00016,-0.00034,-0.00066,-0.00076,-0.00049,-0.00028
603.58,-0.00019,-0.00037,-0.00069,-0.00075,-0.00051,-0.0003
603.93,-0.00016,-0.0004,-0.00067,-0.00073,-0.00051,-0.0003
604.28,-0.00017,-0.00043,-0.00068,-0.00076,-0.00048,-0.0003
604.63,-0.00019,-0.00048,-0.00069,-0.00077,-0.00047,-0.00028
604.97,-0.0002,-0.00053,-0.00074,-0.00078,-0.00049,-0.00029
605.32,-0.00029,-0.00059,-0.00082,-0.00085,-0.00056,-0.00032
605.67,-0.00029,-0.00057,-0.00082,-0.00084,-0.00057,-0.00032
606.02,-0.00031,-0.00058,-0.00084,-0.00086,-0.00059,-0.00032
606.37,-0.00035,-0.00062,-0.00085,-0.00089,-0.00058,-0.00033
606.72,-0.00037,-0.00064,-0.00085,-0.00084,-0.00054,-0.00029
607.07,-0.00042,-0.00064,-0.00085,-0.00084,-0.00056,-0.00032
607.42,-0.00045,-0.00064,-0.00083,-0.00087,-0.00054,-0.00034
607.76,-0.00044,-0.00068,-0.00083,-0.00085,-0.00052,-0.00033
608.11,-0.00049,-0.00072,-0.00083,-0.00087,-0.00053,-0.00033
608.46,-0.00055,-0.00077,-0.00082,-0.00089,-0.00055,-0.00032
608.81,-0.00054,-0.00076,-0.00083,-0.00087,-0.00056,-0.00032
609.16,-0.00057,-0.00078,-0.00082,-0.0009,-0.00058,-0.00036
609.51,-0.00059,-0.00079,-0.00085,-0.00091,-0.00058,-0.00035
609.85,-0.00059,-0.00084,-0.00084,-0.00089,-0.00061,-0.00032
610.2,-0.00058,-0.00084,-0.00084,-0.00088,-0.0006,-0.00033
610.55,-0.00057,-0.00087,-0.00086,-0.00087,-0.0006,-0.00037
610.9,-0.00061,-0.0009,-0.00086,-0.00085,-0.00062,-0.00038
611.25,-0.00062,-0.00092,-0.00084,-0.00084,-0.00061,-0.00039
611.59,-0.0006,-0.00093,-0.00083,-0.00083,-0.00062,-0.00039
611.94,-0.00058,-0.00092,-0.00079,-0.00081,-0.00058,-0.00037
612.29,-0.00061,-0.00094,-0.0008,-0.00081,-0.00057,-0.00039
612.64,-0.00067,-0.00095,-0.0008,-0.00082,-0.00057,-0.00039
612.99,-0.00067,-0.00095,-0.00078,-0.0008,-0.00056,-0.00033
613.33,-0.00063,-0.00091,-0.00075,-0.00076,-0.00054,-0.00032
613.68,-0.00068,-0.0009,-0.00076,-0.00077,-0.00055,-0.00031
614.03,-0.00068,-0.0009,-0.00076,-0.00077,-0.00055,-0.00027
614.38,-0.00066,-0.0009,-0.00075,-0.00077,-0.00055,-0.00028
614.72,-0.00065,-0.00087,-0.00074,-0.00075,-0.00055,-0.00028
615.07,-0.00065,-0.00088,-0.00078,-0.00075,-0.00059,-0.00029
615.42,-0.00067,-0.00089,-0.00079,-0.00077,-0.00058,-0.00032
615.77,-0.0007,-0.00092,-0.00081,-0.00081,-0.00059,-0.00035
616.11,-0.00066,-0.00093,-0.00079,-0.00081,-0.00055,-0.00035
616.46,-0.00064,-0.0009,-0.00078,-0.00079,-0.00053,-0.00035
616.81,-0.00067,-0.0009,-0.00081,-0.00081,-0.00054,-0.00036
617.16,-0.00068,-0.00094,-0.00083,-0.00083,-0.00053,-0.00033
617.5,-0.00068,-0.00095,-0.00082,-0.00084,-0.00054,-0.00032
617.85,-0.00066,-0.00096,-0.00083,-0.00084,-0.00055,-0.00031
618.2,-0.00069,-0.00096,-0.00087,-0.00081,-0.00054,-0.00031
618.54,-0.00072,-0.00096,-0.00093,-0.00081,-0.00057,-0.00033
618.89,-0.00073,-0.00097,-0.00095,-0.00081,-0.00058,-0.00031
619.24,-0.00075,-0.001,-0.00094,-0.00082,-0.00058,-0.00032
619.59,-0.00075,-0.00099,-0.00092,-0.00083,-0.00062,-0.00038
619.93,-0.00074,-0.00096,-0.0009,-0.00079,-0.00059,-0.00038
620.28,-0.00074,-0.00092,-0.00089,-0.00077,-0.00058,-0.00035
620.63,-0.00071,-0.0009,-0.00085,-0.00078,-0.00056,-0.00035
620.97,-0.0007,-0.00092,-0.00082,-0.00077,-0.00057,-0.0003
621.32,-0.00071,-0.00091,-0.0008,-0.00078,-0.00059,-0.00032
621.67,-0.00071,-0.0009,-0.0008,-0.00076,-0.00064,-0.00033
622.01,-0.0007,-0.00089,-0.0008,-0.00074,-0.00063,-0.00029
622.36,-0.00072,-0.00089,-0.00081,-0.00076,-0.00065,-0.00029
622.71,-0.00074,-0.00091,-0.00083,-0.00079,-0.00066,-0.0003
623.05,-0.00074,-0.00094,-0.00083,-0.00081,-0.00067,-0.00027
623.4,-0.00076,-0.00092,-0.00084,-0.00085,-0.00067,-0.00031
623.75,-0.00076,-0.00093,-0.00084,-0.00085,-0.00064,-0.00031
624.09,-0.00076,-0.00094,-0.00086,-0.00086,-0.00062,-0.00031
624.44,-0.00077,-0.00092,-0.00085,-0.00089,-0.0006,-0.00032
624.79,-0.0008,-0.00091,-0.00087,-0.00093,-0.00059,-0.00033
625.13,-0.00078,-0.00088,-0.00082,-0.00089,-0.00055,-0.00036
625.48,-0.00076,-0.00084,-0.00084,-0.00086,-0.00054,-0.00037
625.82,-0.00074,-0.00085,-0.00087,-0.00083,-0.00055,-0.00034
626.17,-0.00073,-0.00086,-0.0009,-0.00084,-0.00057,-0.00033
626.52,-0.00075,-0.00086,-0.00088,-0.00086,-0.00055,-0.00031
626.86,-0.00075,-0.00089,-0.0009,-0.00085,-0.00055,-0.00033
627.21,-0.00075,-0.00092,-0.0009,-0.00086,-0.00058,-0.00035
627.55,-0.00077,-0.00092,-0.00094,-0.00086,-0.00059,-0.00033
627.9,-0.00079,-0.00094,-0.00095,-0.00088,-0.00062,-0.00035
628.25,-0.00078,-0.00092,-0.00092,-0.00089,-0.00059,-0.00036
628.59,-0.00077,-0.00092,-0.00088,-0.00089,-0.00057,-0.00038
628.94,-0.00075,-0.00091,-0.00091,-0.00087,-0.0006,-0.00037
629.28,-0.00077,-0.00089,-0.00089,-0.00088,-0.00059,-0.00036
629.63,-0.00071,-0.00085,-0.00087,-0.00084,-0.00056,-0.00032
629.98,-0.00067,-0.00085,-0.00087,-0.00084,-0.00055,-0.00032
630.32,-0.00064,-0.00084,-0.00083,-0.00081,-0.00055,-0.0003
630.67,-0.00065,-0.00084,-0.00086,-0.00084,-0.00057,-0.00031
631.01,-0.0007,-0.00084,-0.00089,-0.00085,-0.00057,-0.0003
631.36,-0.00072,-0.00083,-0.00089,-0.00086,-0.00055,-0.00033
631.7,-0.0007,-0.00083,-0.00089,-0.00085,-0.00055,-0.00034
632.05,-0.00071,-0.00084,-0.00087,-0.00088,-0.00056,-0.00035
632.39,-0.00076,-0.00087,-0.00088,-0.0009,-0.0006,-0.00037
632.74,-0.00077,-0.0009,-0.00088,-0.0009,-0.00056,-0.00037
633.09,-0.00076,-0.00092,-0.00087,-0.0009,-0.00055,-0.00034
633.43,-0.00072,-0.00095,-0.00088,-0.00091,-0.00056,-0.00034
633.78,-0.00074,-0.00099,-0.00088,-0.00091,-0.0006,-0.00037
634.12,-0.00075,-0.00102,-0.00089,-0.00092,-0.00062,-0.00036
634.47,-0.00075,-0.001,-0.00087,-0.00087,-0.00057,-0.00032
634.81,-0.00073,-0.00096,-0.00085,-0.00087,-0.00055,-0.00031
635.16,-0.00075,-0.00095,-0.00088,-0.00087,-0.00057,-0.00035
635.5,-0.00074,-0.00094,-0.00086,-0.00086,-0.00056,-0.00033
635.85,-0.00077,-0.00093,-0.00086,-0.00085,-0.00055,-0.00034
636.19,-0.00072,-0.00089,-0.00085,-0.00084,-0.00051,-0.0003
636.54,-0.00068,-0.00087,-0.00084,-0.00081,-0.00047,-0.00028
636.88,-0.00068,-0.00091,-0.00091,-0.00085,-0.00051,-0.0003
637.23,-0.00066,-0.00095,-0.00093,-0.00085,-0.00055,-0.00029
637.57,-0.00066,-0.00095,-0.0009,-0.00087,-0.00058,-0.00031
637.92,-0.00066,-0.00094,-0.00089,-0.00085,-0.00058,-0.00032
638.26,-0.00066,-0.00094,-0.00092,-0.00085,-0.00061,-0.00032
638.6,-0.00068,-0.00094,-0.00089,-0.00085,-0.00062,-0.00035
638.95,-0.00075,-0.00097,-0.00094,-0.00091,-0.00069,-0.0004
639.29,-0.00075,-0.00096,-0.00091,-0.00091,-0.0007,-0.00041
639.64,-0.00078,-0.00095,-0.0009,-0.00091,-0.00067,-0.00042
639.98,-0.0008,-0.00098,-0.00093,-0.00091,-0.00066,-0.00042
640.33,-0.00083,-0.001,-0.00095,-0.00092,-0.00067,-0.00044
640.67,-0.00083,-0.00101,-0.00095,-0.00092,-0.00068,-0.00045
641.02,-0.00083,-0.00102,-0.00095,-0.00091,-0.00065,-0.00041
641.36,-0.00079,-0.00098,-0.00091,-0.00086,-0.00059,-0.00037
641.7,-0.00078,-0.001,-0.00091,-0.00084,-0.00057,-0.00036
642.05,-0.00078,-0.00101,-0.00093,-0.00083,-0.00057,-0.00034
642.39,-0.00073,-0.00097,-0.0009,-0.00082,-0.00053,-0.00033
642.74,-0.00076,-0.00098,-0.00093,-0.00084,-0.00055,-0.00035
643.08,-0.00075,-0.00095,-0.0009,-0.00085,-0.00051,-0.00033
643.43,-0.00071,-0.00093,-0.00088,-0.00084,-0.00051,-0.00032
643.77,-0.00068,-0.00095,-0.00087,-0.00085,-0.00051,-0.00035
644.11,-0.00072,-0.00092,-0.00087,-0.00088,-0.00053,-0.00035
644.46,-0.0007,-0.0009,-0.00086,-0.00091,-0.00053,-0.00034
644.8,-0.0007,-0.0009,-0.00085,-0.00089,-0.00056,-0.00032
645.14,-0.00066,-0.00088,-0.00082,-0.00087,-0.00057,-0.0003
645.49,-0.00064,-0.00089,-0.00079,-0.00086,-0.00056,-0.0003
645.83,-0.00069,-0.00089,-0.00083,-0.00086,-0.0006,-0.00031
646.18,-0.00071,-0.00088,-0.00085,-0.00085,-0.00061,-0.00029
646.52,-0.0007,-0.00091,-0.00084,-0.00083,-0.00058,-0.0003
646.86,-0.00072,-0.00091,-0.00085,-0.00082,-0.00059,-0.00034
647.21,-0.00075,-0.00092,-0.00089,-0.00084,-0.00061,-0.00037
647.55,-0.00075,-0.00093,-0.00088,-0.00084,-0.00058,-0.00035
647.89,-0.00075,-0.00092,-0.00091,-0.00084,-0.00058,-0.0003
648.24,-0.00072,-0.00091,-0.00092,-0.00082,-0.00054,-0.00029
648.58,-0.00072,-0.00092,-0.00091,-0.00085,-0.00054,-0.0003
648.92,-0.0007,-0.00091,-0.00091,-0.00086,-0.00058,-0.00029
649.27,-0.00063,-0.0009,-0.00088,-0.00082,-0.00056,-0.00023
649.61,-0.00067,-0.00091,-0.00089,-0.00085,-0.00057,-0.00023
649.95,-0.00068,-0.00089,-0.00095,-0.00087,-0.00059,-0.00024
650.3,-0.00068,-0.00088,-0.00096,-0.00089,-0.00062,-0.00028
650.64,-0.00075,-0.00094,-0.00097,-0.00096,-0.00067,-0.00031
650.98,-0.00071,-0.00091,-0.00095,-0.00094,-0.00066,-0.00028
651.33,-0.00078,-0.00094,-0.00102,-0.00097,-0.00067,-0.00031
651.67,-0.00087,-0.00097,-0.00106,-0.001,-0.00072,-0.00035
652.01,-0.00085,-0.00096,-0.00104,-0.00098,-0.00069,-0.00033
652.36,-0.00081,-0.00097,-0.00099,-0.00097,-0.0007,-0.00033
652.7,-0.00084,-0.00101,-0.00099,-0.00099,-0.00067,-0.00033
653.04,-0.00078,-0.00099,-0.00098,-0.00096,-0.00064,-0.00033
653.38,-0.00087,-0.00105,-0.001,-0.00099,-0.00067,-0.00037
653.73,-0.00082,-0.00101,-0.00091,-0.00091,-0.00062,-0.00033
654.07,-0.00077,-0.00099,-0.00085,-0.0009,-0.00058,-0.00031
654.41,-0.00075,-0.001,-0.00086,-0.00086,-0.00057,-0.00031
654.75,-0.0008,-0.00103,-0.00088,-0.00084,-0.00056,-0.00031
655.1,-0.00082,-0.001,-0.00089,-0.00082,-0.00059,-0.00033
655.44,-0.00082,-0.001,-0.0009,-0.00082,-0.00062,-0.0003
655.78,-0.00075,-0.00095,-0.00089,-0.00077,-0.00059,-0.00026
656.12,-0.00073,-0.00095,-0.0009,-0.00077,-0.00059,-0.00025
656.47,-0.00074,-0.00094,-0.00094,-0.0008,-0.00061,-0.00025
656.81,-0.00075,-0.00091,-0.00095,-0.00082,-0.00059,-0.00025
657.15,-0.00078,-0.00092,-0.00095,-0.00085,-0.00061,-0.00024
657.49,-0.00074,-0.00093,-0.00095,-0.00087,-0.00056,-0.0002
657.84,-0.00072,-0.0009,-0.00091,-0.00087,-0.00053,-0.00019
658.18,-0.00076,-0.0009,-0.00092,-0.00088,-0.00052,-0.00019
658.52,-0.00081,-0.00094,-0.00097,-0.00095,-0.00055,-0.00022
658.86,-0.00082,-0.00095,-0.001,-0.00097,-0.00055,-0.00025
659.2,-0.00083,-0.00099,-0.001,-0.00098,-0.00057,-0.00028
659.55,-0.00079,-0.00095,-0.00101,-0.00095,-0.00054,-0.00031
659.89,-0.00079,-0.00095,-0.001,-0.00093,-0.0006,-0.00031
660.23,-0.00081,-0.00097,-0.00101,-0.00092,-0.0006,-0.00032
660.57,-0.00082,-0.001,-0.00101,-0.00097,-0.00063,-0.00038
660.91,-0.00082,-0.001,-0.00099,-0.00097,-0.00063,-0.00039
661.26,-0.00078,-0.00098,-0.00092,-0.00093,-0.00059,-0.00036
661.6,-0.00082,-0.00098,-0.00095,-0.00093,-0.00062,-0.00033
661.94,-0.00083,-0.00098,-0.00094,-0.00093,-0.00063,-0.00027
662.28,-0.00081,-0.00097,-0.00091,-0.00091,-0.00055,-0.00024
662.62,-0.00083,-0.001,-0.0009,-0.00092,-0.00054,-0.00021
662.96,-0.00086,-0.00099,-0.00094,-0.00091,-0.00056,-0.00019
663.31,-0.00086,-0.00096,-0.00096,-0.00085,-0.00055,-0.00018
663.65,-0.00088,-0.00096,-0.00099,-0.00086,-0.00057,-0.00018
663.99,-0.00083,-0.00099,-0.00098,-0.00086,-0.00054,-0.00019
664.33,-0.00084,-0.00098,-0.00096,-0.00087,-0.00054,-0.00021
664.67,-0.00084,-0.00096,-0.00098,-0.00086,-0.00057,-0.00024
665.01,-0.00081,-0.00089,-0.001,-0.00084,-0.00058,-0.00023
665.35,-0.00079,-0.00089,-0.001,-0.00081,-0.00058,-0.00019
665.69,-0.00082,-0.00087,-0.00099,-0.00085,-0.00059,-0.00019
666.04,-0.00084,-0.0009,-0.00101,-0.00085,-0.0006,-0.00019
666.38,-0.00083,-0.00087,-0.00098,-0.0008,-0.00058,-0.00016
666.72,-0.00083,-0.00088,-0.00098,-0.00076,-0.00058,-0.00013
667.06,-0.00082,-0.00089,-0.00096,-0.00075,-0.00052,-0.00011
667.4,-0.00083,-0.00094,-0.00094,-0.00074,-0.00051,-0.0001
667.74,-0.00079,-0.00095,-0.00092,-0.00076,-0.00049,-0.00015
668.08,-0.00077,-0.001,-0.00091,-0.00078,-0.0005,-0.00015
668.42,-0.00079,-0.001,-0.00092,-0.0008,-0.0005,-0.00015
668.76,-0.0008,-0.00103,-0.00094,-0.00085,-0.0005,-0.00016
669.1,-0.00079,-0.00103,-0.00098,-0.00087,-0.0005,-0.00019
669.44,-0.0008,-0.00105,-0.001,-0.00089,-0.00053,-0.00021
669.79,-0.00081,-0.00107,-0.00105,-0.00093,-0.00055,-0.00023
670.13,-0.00083,-0.00106,-0.00106,-0.00092,-0.00055,-0.00015
670.47,-0.00081,-0.00107,-0.00107,-0.00092,-0.00052,-0.00012
670.81,-0.00079,-0.00101,-0.00099,-0.00088,-0.00049,-8.00E-05
671.15,-0.00079,-0.00101,-0.00098,-0.00083,-0.00049,-7.00E-05
671.49,-0.00083,-0.00103,-0.001,-0.00086,-0.00051,-7.00E-05
671.83,-0.00083,-0.00106,-0.00101,-0.00091,-0.00053,-5.00E-05
672.17,-0.00082,-0.00104,-0.001,-0.00089,-0.0005,-3.00E-05
672.51,-0.00081,-0.00104,-0.001,-0.0009,-0.00054,-6.00E-05
672.85,-0.00082,-0.00102,-0.00101,-0.00087,-0.00053,-7.00E-05
673.19,-0.00081,-0.00105,-0.00106,-0.00087,-0.00055,-8.00E-05
673.53,-0.00081,-0.00102,-0.00106,-0.00092,-0.00053,-9.00E-05
673.87,-0.00083,-0.00102,-0.00106,-0.00096,-0.00053,-8.00E-05
674.21,-0.00085,-0.00103,-0.00106,-0.00095,-0.00051,-9.00E-05
674.55,-0.00086,-0.00106,-0.00106,-0.00096,-0.00051,-8.00E-05
674.89,-0.00087,-0.00104,-0.00105,-0.00093,-0.00045,-6.00E-05
675.23,-0.00087,-0.00101,-0.00104,-0.00095,-0.00042,-3.00E-05
675.57,-0.00088,-0.00104,-0.00104,-0.00097,-0.00043,1.00E-05
675.91,-0.00091,-0.00105,-0.00106,-0.00097,-0.00048,-1.00E-05
676.25,-0.00089,-0.00106,-0.00104,-0.00094,-0.00045,1.00E-05
676.59,-0.00089,-0.00103,-0.00101,-0.00092,-0.00043,4.00E-05
676.93,-0.00087,-0.001,-0.001,-0.00091,-0.00042,2.00E-05
677.27,-0.00094,-0.00104,-0.001,-0.00092,-0.00045,1.00E-05
677.61,-0.00095,-0.00109,-0.00101,-0.00094,-0.0005,1.00E-05
677.95,-0.00093,-0.00106,-0.00098,-0.00094,-0.00047,0
678.29,-0.00093,-0.0011,-0.001,-0.00094,-0.00046,5.00E-05
678.63,-0.00095,-0.00111,-0.00101,-0.00096,-0.00046,6.00E-05
678.97,-0.00094,-0.00108,-0.00098,-0.00092,-0.00044,7.00E-05
679.31,-0.00095,-0.00109,-0.00095,-0.00091,-0.00039,0.0001
679.65,-0.00093,-0.00107,-0.00098,-0.00093,-0.00038,0.00014
679.98,-0.00092,-0.00105,-0.00102,-0.00093,-0.00037,0.00013
680.32,-0.00096,-0.00109,-0.00105,-0.00092,-0.00034,0.00011
680.66,-0.00094,-0.00106,-0.00103,-0.00092,-0.00032,0.00012
681,-0.00091,-0.00104,-0.00101,-0.00088,-0.00031,0.00017
681.34,-0.00097,-0.00109,-0.00108,-0.00093,-0.00039,0.00016
681.68,-0.00099,-0.0011,-0.00113,-0.00095,-0.00043,0.00017
682.02,-0.00096,-0.00111,-0.00108,-0.00091,-0.00038,0.00017
682.36,-0.00096,-0.00111,-0.00106,-0.0009,-0.00036,0.00017
682.7,-0.00094,-0.00106,-0.00106,-0.00089,-0.00039,0.00023
683.04,-0.00092,-0.00109,-0.00106,-0.00089,-0.00037,0.00023
683.38,-0.00091,-0.00108,-0.00104,-0.00087,-0.00033,0.00024
683.71,-0.0009,-0.0011,-0.00105,-0.00088,-0.00031,0.00024
684.05,-0.00086,-0.00109,-0.00099,-0.00086,-0.00027,0.00029
684.39,-0.00084,-0.00109,-0.001,-0.00086,-0.00026,0.00031
684.73,-0.00084,-0.0011,-0.001,-0.00088,-0.00027,0.00034
685.07,-0.00085,-0.00113,-0.00101,-0.00091,-0.00028,0.00033
685.41,-0.00087,-0.00111,-0.00102,-0.00091,-0.00029,0.00037
685.75,-0.00087,-0.0011,-0.00102,-0.00092,-0.0003,0.00038
686.09,-0.00085,-0.00109,-0.00104,-0.00092,-0.00027,0.00044
686.42,-0.00087,-0.00112,-0.00109,-0.00095,-0.00027,0.00042
686.76,-0.0009,-0.0011,-0.00106,-0.00095,-0.00026,0.00046
687.1,-0.00094,-0.00111,-0.00109,-0.00094,-0.00023,0.00045
687.44,-0.00096,-0.00113,-0.00111,-0.00093,-0.00021,0.00051
687.78,-0.00097,-0.00115,-0.0011,-0.00093,-0.00016,0.0005
688.12,-0.001,-0.00116,-0.00113,-0.00093,-0.00015,0.00053
688.45,-0.00099,-0.00115,-0.00111,-0.0009,-0.00012,0.00052
688.79,-0.00099,-0.00114,-0.00114,-0.0009,-0.00012,0.00054
689.13,-0.00097,-0.00116,-0.00118,-0.00094,-0.00015,0.00055
689.47,-0.00094,-0.00114,-0.00115,-0.00092,-0.00013,0.0006
689.81,-0.00095,-0.00116,-0.00117,-0.00091,-0.00012,0.0006
690.14,-0.00095,-0.00113,-0.00117,-0.00088,-0.00013,0.00064
690.48,-0.00086,-0.0011,-0.0011,-0.00082,-6.00E-05,0.00068
690.82,-0.00087,-0.00114,-0.00111,-0.00084,-8.00E-05,0.00071
691.16,-0.00087,-0.00111,-0.00106,-0.00079,-6.00E-05,0.00079
691.5,-0.00085,-0.0011,-0.00104,-0.00074,0,0.00081
691.83,-0.00084,-0.00114,-0.00108,-0.00075,3.00E-05,0.00084
692.17,-0.0008,-0.00112,-0.00103,-0.00074,7.00E-05,0.00089
692.51,-0.00076,-0.00109,-0.00096,-0.00072,0.00013,0.00096
692.85,-0.00084,-0.00115,-0.00104,-0.0008,9.00E-05,0.00092
693.18,-0.00084,-0.00114,-0.00104,-0.00078,0.00014,0.00097
693.52,-0.00087,-0.0012,-0.00107,-0.00084,0.00014,0.00096
693.86,-0.00096,-0.00124,-0.00113,-0.0009,7.00E-05,0.00093
694.2,-0.00095,-0.00122,-0.00113,-0.00092,6.00E-05,0.00092
694.53,-0.00102,-0.00122,-0.00116,-0.00096,0,0.00092
694.87,-0.00107,-0.00125,-0.00124,-0.00097,-1.00E-05,0.00089
695.21,-0.00107,-0.00122,-0.00123,-0.00097,3.00E-05,0.00091
695.55,-0.00106,-0.00119,-0.00119,-0.00098,6.00E-05,0.00093
695.88,-0.00105,-0.00119,-0.00116,-0.00095,0.0001,0.00093
696.22,-0.00102,-0.00115,-0.00109,-0.0009,0.00016,0.00101
696.56,-0.00103,-0.0011,-0.00106,-0.00084,0.00021,0.00109
696.9,-0.00097,-0.00111,-0.00102,-0.00077,0.00027,0.00112
697.23,-0.001,-0.00115,-0.00102,-0.00076,0.00027,0.00114
697.57,-0.00102,-0.00115,-0.001,-0.00075,0.00026,0.00121
697.91,-0.00104,-0.00115,-0.001,-0.00075,0.00025,0.00126
698.24,-0.00106,-0.00114,-0.00104,-0.00071,0.00024,0.00128
698.58,-0.00103,-0.00111,-0.00102,-0.00067,0.00031,0.00134
698.92,-0.00108,-0.00115,-0.00104,-0.00071,0.00034,0.00138
699.25,-0.00109,-0.00112,-0.00104,-0.0007,0.0004,0.00148
699.59,-0.00106,-0.00114,-0.00107,-0.00072,0.00041,0.00151
699.93,-0.00104,-0.00115,-0.00108,-0.00069,0.00043,0.00154
700.26,-0.00102,-0.00117,-0.00115,-0.0007,0.00043,0.00155
700.6,-0.00103,-0.00115,-0.00113,-0.00073,0.00053,0.00163
700.94,-0.00106,-0.00121,-0.00121,-0.00077,0.00052,0.00159
701.27,-0.00104,-0.0012,-0.00123,-0.00075,0.00051,0.0016
701.61,-0.00103,-0.00119,-0.00124,-0.00079,0.0005,0.00158
701.95,-0.00109,-0.00123,-0.00124,-0.00084,0.00051,0.0016
702.28,-0.00105,-0.00117,-0.0012,-0.00078,0.00061,0.00165
702.62,-0.00102,-0.00114,-0.00108,-0.0007,0.00074,0.00174
702.96,-0.00104,-0.00113,-0.00107,-0.00068,0.00069,0.00173
703.29,-0.00106,-0.00108,-0.00103,-0.00066,0.00069,0.00182
703.63,-0.00107,-0.00109,-0.00101,-0.00066,0.00075,0.00189
703.96,-0.00111,-0.00118,-0.00102,-0.00068,0.00076,0.00194
704.3,-0.00105,-0.0011,-0.00099,-0.00061,0.00084,0.00201
704.64,-0.0011,-0.00112,-0.00101,-0.00066,0.0008,0.00206
704.97,-0.00115,-0.00117,-0.0011,-0.0007,0.00071,0.00204
705.31,-0.00116,-0.00117,-0.00114,-0.00073,0.00075,0.00211
705.64,-0.00113,-0.00121,-0.00114,-0.00073,0.00079,0.00213
705.98,-0.0011,-0.00123,-0.00114,-0.00072,0.00082,0.00215
706.32,-0.00108,-0.00117,-0.00115,-0.00068,0.00089,0.00222
706.65,-0.00105,-0.00116,-0.00108,-0.00066,0.00095,0.00234
706.99,-0.00102,-0.00115,-0.00106,-0.00065,0.00098,0.00239
707.32,-0.00106,-0.00117,-0.00103,-0.00066,0.00101,0.00245
707.66,-0.00102,-0.00122,-0.00099,-0.00062,0.00103,0.00251
707.99,-0.00105,-0.00124,-0.00104,-0.00066,0.00104,0.00252
708.33,-0.00101,-0.0012,-0.00097,-0.00067,0.0011,0.0026
708.67,-0.00097,-0.00118,-0.00097,-0.00063,0.00114,0.00263
709,-0.00093,-0.00115,-0.00098,-0.00057,0.00118,0.00268
709.34,-0.00096,-0.0012,-0.00105,-0.00061,0.00118,0.00267
709.67,-0.00091,-0.00114,-0.00104,-0.00057,0.00128,0.00271
710.01,-0.00092,-0.00114,-0.00109,-0.00057,0.00126,0.00274
710.34,-0.00093,-0.00115,-0.00112,-0.00057,0.00126,0.00278
710.68,-0.00097,-0.00112,-0.0012,-0.00051,0.00129,0.00278
711.01,-0.00103,-0.00113,-0.00117,-0.00051,0.00134,0.00283
711.35,-0.0011,-0.00119,-0.0012,-0.00057,0.00127,0.00281
711.68,-0.00109,-0.00119,-0.0012,-0.00054,0.00133,0.00288
712.02,-0.00106,-0.0012,-0.00118,-0.00052,0.00135,0.00298
712.35,-0.00105,-0.0012,-0.00119,-0.00053,0.00143,0.00305
712.69,-0.00102,-0.00117,-0.00115,-0.00048,0.00149,0.00311
713.02,-0.00104,-0.00122,-0.00116,-0.00049,0.00145,0.00316
713.36,-0.00102,-0.00121,-0.00118,-0.00049,0.00144,0.00323
713.69,-0.00106,-0.00122,-0.00125,-0.0005,0.00146,0.00327
714.03,-0.00108,-0.00122,-0.00127,-0.00043,0.00147,0.00334
714.36,-0.0011,-0.0012,-0.00127,-0.00043,0.00151,0.00333
714.7,-0.00108,-0.00117,-0.00121,-0.00038,0.00154,0.00342
715.03,-0.00111,-0.00118,-0.00122,-0.00042,0.00157,0.00352
715.37,-0.00112,-0.00115,-0.00115,-0.00044,0.00164,0.00358
715.7,-0.00114,-0.00121,-0.00119,-0.00045,0.00167,0.00355
716.04,-0.0011,-0.0012,-0.00115,-0.00042,0.00175,0.00364
716.37,-0.00105,-0.00117,-0.00111,-0.00045,0.00183,0.00371
716.7,-0.00103,-0.00118,-0.00112,-0.00043,0.00186,0.00384
717.04,-0.00107,-0.00117,-0.00114,-0.00047,0.0019,0.00386
717.37,-0.00105,-0.00115,-0.00112,-0.00043,0.00194,0.00391
717.71,-0.00102,-0.00112,-0.00115,-0.00035,0.00197,0.00397
718.04,-0.00103,-0.00112,-0.0011,-0.00035,0.00201,0.00409
718.38,-0.00105,-0.0011,-0.00111,-0.00041,0.00205,0.0041
718.71,-0.00107,-0.00112,-0.00113,-0.00044,0.00206,0.00415
719.04,-0.00113,-0.00115,-0.00116,-0.00044,0.00207,0.00416
719.38,-0.00114,-0.00115,-0.00116,-0.00043,0.00206,0.00419
719.71,-0.00117,-0.0012,-0.00115,-0.00046,0.00211,0.00425
720.05,-0.00122,-0.00121,-0.00117,-0.00052,0.00214,0.00429
720.38,-0.00124,-0.00122,-0.00119,-0.00055,0.0022,0.00433
720.71,-0.00122,-0.00118,-0.00111,-0.00044,0.00224,0.00445
721.05,-0.00122,-0.0012,-0.00109,-0.00044,0.00225,0.00447
721.38,-0.00121,-0.00114,-0.00105,-0.00042,0.00232,0.00451
721.72,-0.00117,-0.00115,-0.00103,-0.00036,0.0024,0.00462
722.05,-0.00112,-0.00112,-0.001,-0.00027,0.00246,0.0047
722.38,-0.00105,-0.00115,-0.00101,-0.00024,0.00243,0.00474
722.72,-0.00102,-0.00111,-0.001,-0.00015,0.00246,0.00482
723.05,-0.00102,-0.00112,-0.00109,-0.00016,0.00249,0.00482
723.38,-0.00099,-0.00104,-0.00104,-7.00E-05,0.00255,0.00492
723.72,-0.00099,-0.00105,-0.00109,-0.00013,0.00253,0.00498
724.05,-0.00098,-0.00103,-0.00111,-0.00013,0.00256,0.00497
724.38,-0.00096,-0.00095,-0.00106,-9.00E-05,0.00259,0.00502
724.72,-0.001,-0.00094,-0.00101,-9.00E-05,0.00266,0.0051
725.05,-0.00102,-0.00091,-0.00101,-7.00E-05,0.00265,0.00513
725.38,-0.00105,-0.00093,-0.00097,-5.00E-05,0.00267,0.0052
725.72,-0.00112,-0.00101,-0.00104,-0.00012,0.00273,0.00527
726.05,-0.00109,-0.00104,-0.00103,-6.00E-05,0.0028,0.00534
726.38,-0.00109,-0.00102,-0.00102,-6.00E-05,0.00286,0.00541
726.72,-0.00108,-0.00102,-0.00107,-8.00E-05,0.00292,0.00546
727.05,-0.00105,-0.00099,-0.0011,-2.00E-05,0.00299,0.0055
727.38,-0.00104,-0.00101,-0.00108,-2.00E-05,0.00306,0.00555
727.71,-0.00107,-0.00101,-0.00113,-6.00E-05,0.00308,0.00558
728.05,-0.00103,-0.00097,-0.00112,-2.00E-05,0.00308,0.00558
728.38,-0.00107,-0.00103,-0.00117,-7.00E-05,0.00305,0.00555
728.71,-0.00116,-0.00108,-0.0012,-9.00E-05,0.00305,0.00559
729.05,-0.00124,-0.0011,-0.00116,-0.00011,0.00305,0.00565
729.38,-0.00123,-0.00109,-0.00117,-0.0001,0.00309,0.00573
729.71,-0.00117,-0.00104,-0.00116,-8.00E-05,0.00317,0.00584
730.04,-0.00112,-0.00103,-0.00113,-7.00E-05,0.00322,0.00592
730.38,-0.00114,-0.00102,-0.00109,-3.00E-05,0.00328,0.00601
730.71,-0.00108,-0.00089,-0.00105,2.00E-05,0.00341,0.00617
731.04,-0.00103,-0.00084,-0.00104,4.00E-05,0.00351,0.00629
731.37,-0.00103,-0.00086,-0.00114,3.00E-05,0.00357,0.00633
731.71,-0.00106,-0.00093,-0.00115,3.00E-05,0.00361,0.00636
732.04,-0.00108,-0.00095,-0.00116,6.00E-05,0.00358,0.00638
732.37,-0.00105,-0.00097,-0.00113,0.00011,0.00364,0.00646
732.7,-0.00107,-0.00099,-0.00115,0.0001,0.00363,0.0065
733.04,-0.00106,-0.001,-0.00111,0.00015,0.00364,0.00655
733.37,-0.0011,-0.00105,-0.0011,0.00017,0.00363,0.00655
733.7,-0.00105,-0.00104,-0.00104,0.00019,0.00362,0.00659
734.03,-0.00108,-0.00101,-0.00103,0.00019,0.00367,0.00666
734.36,-0.00114,-0.00106,-0.00105,0.00015,0.00371,0.00668
734.7,-0.00115,-0.00104,-0.00112,0.00013,0.00373,0.00669
735.03,-0.00118,-0.00107,-0.00117,5.00E-05,0.00374,0.00671
735.36,-0.0012,-0.00108,-0.00124,5.00E-05,0.0038,0.00672
735.69,-0.00119,-0.00108,-0.00123,6.00E-05,0.00384,0.00678
736.02,-0.00114,-0.00105,-0.00123,0.00012,0.00394,0.00687
736.35,-0.00111,-0.00104,-0.00124,9.00E-05,0.00398,0.00689
736.69,-0.00107,-0.00105,-0.00122,9.00E-05,0.00404,0.00697
737.02,-0.00109,-0.00104,-0.00118,0.0001,0.00403,0.007
737.35,-0.00103,-0.00096,-0.00112,0.00024,0.00419,0.00708
737.68,-0.00104,-0.00098,-0.00111,0.00019,0.00417,0.00712
738.01,-0.00101,-0.00092,-0.00116,0.0002,0.00422,0.0072
738.34,-0.0011,-0.00098,-0.0012,0.00017,0.00419,0.00717
738.68,-0.0011,-0.00101,-0.0012,0.00017,0.00418,0.00723
739.01,-0.00112,-0.00094,-0.00126,0.00018,0.00422,0.00729
739.34,-0.00113,-0.00095,-0.00121,0.00023,0.00427,0.00732
739.67,-0.00117,-0.00105,-0.00127,0.00016,0.00421,0.00733
740,-0.00117,-0.00105,-0.00124,0.00022,0.00427,0.00743
740.33,-0.0012,-0.00114,-0.00127,0.00019,0.0042,0.00745
740.66,-0.0012,-0.0011,-0.00121,0.00023,0.00425,0.00756
740.99,-0.00121,-0.00102,-0.00119,0.00022,0.0043,0.0076
741.32,-0.00123,-0.00109,-0.00119,0.00024,0.00425,0.00762
741.66,-0.00121,-0.00106,-0.00123,0.00018,0.00425,0.00775
741.99,-0.0012,-0.00097,-0.0012,0.00025,0.00435,0.00785
742.32,-0.00123,-0.00101,-0.00119,0.00025,0.00437,0.00787
742.65,-0.00125,-0.00094,-0.00117,0.00031,0.00446,0.00791
742.98,-0.0012,-0.00097,-0.00117,0.00031,0.00449,0.00791
743.31,-0.00118,-0.00095,-0.00111,0.00042,0.00463,0.00799
743.64,-0.00113,-0.00091,-0.00103,0.00046,0.00469,0.00811
743.97,-0.00112,-0.00093,-0.00101,0.00047,0.00472,0.00815
744.3,-0.00114,-0.00096,-0.00099,0.00046,0.00474,0.00817
744.63,-0.00111,-0.00095,-0.00103,0.00051,0.00473,0.00828
744.96,-0.00106,-0.00096,-0.00099,0.00049,0.00482,0.00831
745.29,-0.00104,-0.00092,-0.00096,0.00051,0.0049,0.00844
745.62,-0.00113,-0.00101,-0.00105,0.00046,0.00482,0.00849
745.95,-0.00112,-0.00099,-0.00107,0.00043,0.00487,0.0085
746.28,-0.00118,-0.00099,-0.00111,0.00048,0.00499,0.00848
746.61,-0.00115,-0.00095,-0.00105,0.0005,0.005,0.00852
746.94,-0.00117,-0.00092,-0.00101,0.0005,0.00509,0.00854
747.28,-0.00117,-0.0009,-0.00104,0.00054,0.00511,0.00861
747.61,-0.00127,-0.001,-0.00114,0.00047,0.00506,0.00861
747.94,-0.00126,-0.00098,-0.00115,0.00047,0.00507,0.00859
748.27,-0.00127,-0.00095,-0.00116,0.0005,0.00512,0.0087
748.6,-0.00121,-0.00095,-0.00115,0.00045,0.00513,0.00878
748.93,-0.00124,-0.00104,-0.00125,0.00046,0.0051,0.00882
749.26,-0.00126,-0.00102,-0.00126,0.00046,0.00502,0.00887
749.58,-0.00127,-0.0011,-0.00126,0.00042,0.00497,0.00887
749.91,-0.00125,-0.00104,-0.00118,0.00045,0.00503,0.00898
750.24,-0.00122,-0.00097,-0.00111,0.0005,0.00508,0.00907
750.57,-0.00127,-0.00104,-0.00108,0.00048,0.00507,0.00903
750.9,-0.00126,-0.00104,-0.00108,0.00054,0.00506,0.00905
751.23,-0.00131,-0.00104,-0.00105,0.00047,0.00514,0.00914
751.56,-0.0013,-0.00106,-0.00107,0.0005,0.00527,0.00913
751.89,-0.00136,-0.00104,-0.00109,0.00047,0.00527,0.00916
752.22,-0.00135,-0.00098,-0.00115,0.00049,0.00534,0.00921
752.55,-0.00138,-0.0011,-0.00122,0.00046,0.00535,0.00919
752.88,-0.00138,-0.00109,-0.00124,0.00046,0.0054,0.00921
753.21,-0.00141,-0.00105,-0.0012,0.0005,0.0055,0.0093
753.54,-0.00148,-0.00106,-0.0013,0.00048,0.00553,0.00927
753.87,-0.00144,-0.00104,-0.00132,0.00046,0.00556,0.00935
754.2,-0.00141,-0.00095,-0.00129,0.00057,0.00564,0.00939
754.53,-0.00147,-0.00104,-0.00133,0.00051,0.00559,0.00928
754.86,-0.00141,-0.00092,-0.00126,0.00058,0.00569,0.00943
755.19,-0.00139,-0.00094,-0.00133,0.00056,0.00574,0.00944
755.51,-0.00142,-0.00098,-0.00138,0.00053,0.00568,0.00946
755.84,-0.00129,-0.0009,-0.00125,0.00071,0.00575,0.0096
756.17,-0.00129,-0.00084,-0.0012,0.00072,0.00584,0.00965
756.5,-0.00126,-0.00091,-0.00124,0.00069,0.00585,0.00972
756.83,-0.00116,-0.00078,-0.00111,0.00083,0.00593,0.00993
757.16,-0.00123,-0.00082,-0.0012,0.00077,0.00585,0.00988
757.49,-0.00118,-0.00078,-0.00116,0.00087,0.00586,0.00999
757.82,-0.00119,-0.00073,-0.00114,0.00092,0.00589,0.01002
758.14,-0.00122,-0.00076,-0.00115,0.00084,0.00586,0.00998
758.47,-0.00128,-0.00092,-0.00124,0.00078,0.00572,0.00989
758.8,-0.00133,-0.00086,-0.00121,0.00082,0.00579,0.00996
759.13,-0.00137,-0.00097,-0.00135,0.00073,0.00575,0.00991
759.46,-0.00138,-0.00102,-0.00131,0.00071,0.00583,0.00993
759.79,-0.00145,-0.00102,-0.00133,0.00072,0.00584,0.00992
760.12,-0.00144,-0.00109,-0.00138,0.00065,0.00585,0.00991
760.44,-0.00153,-0.00111,-0.00141,0.0006,0.0058,0.00986
760.77,-0.00156,-0.00107,-0.00137,0.00069,0.00578,0.00992
761.1,-0.00153,-0.00103,-0.00133,0.00068,0.00583,0.0099
761.43,-0.00152,-0.00107,-0.00132,0.00066,0.00584,0.00994
761.76,-0.00152,-0.00104,-0.00128,0.00067,0.00583,0.01003
762.08,-0.00149,-0.00104,-0.00124,0.00064,0.00591,0.01006
762.41,-0.00151,-0.00102,-0.00123,0.00065,0.00591,0.01013
762.74,-0.00138,-0.00098,-0.00121,0.00073,0.00604,0.01026
763.07,-0.00136,-0.00096,-0.00128,0.00067,0.00613,0.01029
763.4,-0.00132,-0.001,-0.00129,0.00068,0.00608,0.0103
763.72,-0.00131,-0.00089,-0.00125,0.00081,0.00619,0.01039
764.05,-0.00131,-0.00084,-0.00127,0.00087,0.00623,0.01038
764.38,-0.00129,-0.00086,-0.00129,0.0008,0.00613,0.01041
764.71,-0.00124,-0.00083,-0.00128,0.00076,0.00619,0.0104
765.04,-0.0013,-0.00088,-0.00132,0.00075,0.00613,0.01042
765.36,-0.00122,-0.00074,-0.00114,0.00087,0.00626,0.01062
765.69,-0.00122,-0.00078,-0.00115,0.00088,0.0063,0.01065
766.02,-0.00128,-0.00089,-0.00119,0.00086,0.00623,0.01059
766.35,-0.00128,-0.00101,-0.00127,0.0008,0.00615,0.01058
766.67,-0.00135,-0.00109,-0.00128,0.00084,0.00617,0.01056
767,-0.00137,-0.00107,-0.00125,0.00091,0.00618,0.01058
767.33,-0.0014,-0.0011,-0.00125,0.00087,0.00623,0.01054
767.65,-0.00153,-0.00135,-0.00145,0.00074,0.0061,0.01035
767.98,-0.00157,-0.00136,-0.00145,0.00068,0.00615,0.01038
768.31,-0.00154,-0.00131,-0.00142,0.00066,0.00623,0.01047
768.64,-0.00152,-0.00123,-0.00133,0.0007,0.00638,0.0105
768.96,-0.00152,-0.00119,-0.00138,0.00061,0.00641,0.01051
769.29,-0.00156,-0.00122,-0.00143,0.00057,0.00638,0.01055
769.62,-0.00151,-0.00114,-0.00144,0.00057,0.00642,0.01057
769.94,-0.00155,-0.00109,-0.00146,0.00054,0.00645,0.01056
770.27,-0.0016,-0.00105,-0.0015,0.00051,0.00642,0.01059
770.6,-0.00165,-0.00099,-0.00147,0.00049,0.00638,0.01052
770.92,-0.00172,-0.00101,-0.0015,0.00045,0.00633,0.01055
771.25,-0.00175,-0.00101,-0.00146,0.00057,0.00638,0.01068
771.58,-0.00178,-0.00108,-0.00146,0.00055,0.00637,0.01074
771.9,-0.00177,-0.00116,-0.00146,0.00058,0.00635,0.01085
772.23,-0.00168,-0.00114,-0.00137,0.0006,0.00638,0.01095
772.56,-0.00164,-0.00115,-0.00131,0.00062,0.00641,0.01099
772.88,-0.00162,-0.00115,-0.00135,0.00067,0.0065,0.01105
773.21,-0.00165,-0.00114,-0.00139,0.00072,0.00646,0.01114
773.54,-0.0017,-0.00119,-0.00144,0.0007,0.00644,0.01103
773.86,-0.00163,-0.00119,-0.00131,0.00067,0.00652,0.01105
774.19,-0.00166,-0.00117,-0.00134,0.00063,0.0065,0.01109
774.52,-0.00168,-0.0012,-0.00131,0.0007,0.00652,0.01116
774.84,-0.00168,-0.00125,-0.00138,0.00075,0.00649,0.01115
775.17,-0.00175,-0.00135,-0.00144,0.00065,0.00635,0.01113
775.5,-0.0017,-0.00135,-0.00137,0.00065,0.00635,0.01113
775.82,-0.00169,-0.00131,-0.00142,0.00058,0.00634,0.01113
776.15,-0.00172,-0.00122,-0.00152,0.00064,0.00634,0.01118
776.47,-0.00173,-0.00119,-0.00151,0.00062,0.00631,0.01111
776.8,-0.00181,-0.00112,-0.0015,0.00053,0.00629,0.01114
777.12,-0.00185,-0.00109,-0.00148,0.0005,0.00629,0.01118
777.45,-0.00178,-0.00109,-0.00147,0.00048,0.00637,0.01116
777.78,-0.00182,-0.00116,-0.00155,0.00043,0.00645,0.01114
778.1,-0.00177,-0.00119,-0.00148,0.00048,0.00651,0.01135
778.43,-0.00182,-0.00125,-0.00153,0.00045,0.00649,0.01133
778.75,-0.00178,-0.00123,-0.00152,0.00056,0.00658,0.01147
779.08,-0.00175,-0.00128,-0.00167,0.00057,0.00664,0.01148
779.4,-0.00184,-0.0014,-0.00175,0.00044,0.0065,0.01134
779.73,-0.00186,-0.0014,-0.00171,0.00053,0.00651,0.01145
780.06,-0.00173,-0.00135,-0.00176,0.00059,0.0065,0.0115
780.38,-0.00174,-0.00132,-0.00169,0.00058,0.00653,0.01141
780.71,-0.00176,-0.00136,-0.00164,0.00053,0.00651,0.01135
781.03,-0.00192,-0.00146,-0.00172,0.00044,0.00649,0.01123
781.36,-0.00196,-0.00146,-0.00162,0.00049,0.0064,0.01115
781.68,-0.00142,-0.00091,-0.0011,0.001,0.00704,0.01173
782.01,-0.00142,-0.0009,-0.00116,0.00095,0.00695,0.01169
782.33,-0.00158,-0.00089,-0.00112,0.00079,0.00695,0.01166
782.66,-0.00153,-0.00092,-0.00118,0.00081,0.00688,0.01174
782.98,-0.00146,-0.00083,-0.00119,0.00086,0.0069,0.01182
783.31,-0.00134,-0.00075,-0.00109,0.00094,0.00691,0.01192
783.63,-0.0013,-0.00074,-0.00108,0.00092,0.00706,0.012
783.96,-0.0018,-0.00127,-0.00156,0.00049,0.00662,0.01152
784.28,-0.00179,-0.00129,-0.00157,0.00054,0.00672,0.01147
784.61,-0.0017,-0.0013,-0.00151,0.00065,0.00672,0.01158
784.93,-0.00183,-0.00133,-0.00154,0.00059,0.00676,0.01144
785.26,-0.00197,-0.00147,-0.00161,0.0005,0.0067,0.01137
785.58,-0.00193,-0.00144,-0.00161,0.0005,0.00677,0.01131
785.91,-0.00193,-0.00136,-0.00164,0.00042,0.00664,0.01125
786.23,-0.00189,-0.00134,-0.00162,0.00039,0.00667,0.01126
786.56,-0.0019,-0.00139,-0.00162,0.00027,0.0067,0.01136
786.88,-0.00196,-0.00145,-0.00167,0.00028,0.00665,0.01129
787.2,-0.00195,-0.00142,-0.00165,0.00034,0.00667,0.01142
787.53,-0.00187,-0.00144,-0.00169,0.00037,0.00676,0.01137
787.85,-0.00201,-0.00161,-0.00176,0.00028,0.00666,0.01136
788.18,-0.00201,-0.0017,-0.00169,0.00039,0.0068,0.01155
788.5,-0.00206,-0.00164,-0.00165,0.0004,0.0067,0.01159
788.83,-0.00203,-0.00158,-0.00163,0.0005,0.00669,0.01163
789.15,-0.00197,-0.00156,-0.00159,0.00048,0.00678,0.01156
789.47,-0.00195,-0.0015,-0.00162,0.00043,0.00676,0.01152
789.8,-0.00197,-0.00138,-0.00156,0.00052,0.00678,0.01169
790.12,-0.00181,-0.00124,-0.00147,0.0007,0.00693,0.01185
790.45,-0.0019,-0.00112,-0.00159,0.00067,0.00689,0.01178
790.77,-0.00203,-0.0012,-0.00173,0.00067,0.00691,0.01174
791.09,-0.00208,-0.00124,-0.00175,0.00058,0.00684,0.0117
791.42,-0.00221,-0.00125,-0.00187,0.0005,0.00676,0.0118
791.74,-0.0022,-0.00126,-0.00179,0.00057,0.00682,0.01178
792.06,-0.00224,-0.00129,-0.00177,0.00053,0.00688,0.01175
792.39,-0.00229,-0.00136,-0.00187,0.00047,0.0068,0.01172
792.71,-0.00218,-0.00143,-0.00173,0.00055,0.00681,0.01183
793.04,-0.00204,-0.00138,-0.00162,0.00057,0.00682,0.01197
793.36,-0.00204,-0.00145,-0.00167,0.00056,0.00689,0.01193
793.68,-0.00197,-0.00146,-0.00161,0.00063,0.007,0.01194
794.01,-0.00198,-0.00147,-0.00166,0.00063,0.00708,0.01212
794.33,-0.00191,-0.00153,-0.00169,0.00069,0.00698,0.01216
794.65,-0.00195,-0.00151,-0.00174,0.00062,0.00696,0.01204
794.98,-0.00203,-0.00152,-0.00187,0.00055,0.00695,0.01186
795.3,-0.00205,-0.00163,-0.00191,0.00053,0.007,0.01187
795.62,-0.002,-0.00148,-0.00181,0.0006,0.007,0.01196
795.94,-0.00204,-0.00146,-0.00192,0.00052,0.00701,0.01194
796.27,-0.00203,-0.00146,-0.002,0.00055,0.00694,0.01192
796.59,-0.00199,-0.00148,-0.00196,0.00047,0.00709,0.01198
796.91,-0.00197,-0.00147,-0.00175,0.00055,0.0072,0.0122
797.24,-0.002,-0.00151,-0.00169,0.00059,0.0073,0.01228
797.56,-0.00198,-0.00138,-0.00167,0.00072,0.00733,0.01229
797.88,-0.00192,-0.00129,-0.00162,0.00083,0.00743,0.01241
798.21,-0.00193,-0.00126,-0.00155,0.00085,0.00733,0.01246
798.53,-0.00197,-0.00127,-0.00145,0.0008,0.00734,0.01241
798.85,-0.00198,-0.00124,-0.00148,0.00082,0.00731,0.01236
799.17,-0.00209,-0.00136,-0.00164,0.00069,0.00724,0.01227
799.5,-0.00201,-0.00134,-0.00167,0.00065,0.00719,0.01232
799.82,-0.00198,-0.00144,-0.00174,0.00061,0.00723,0.0124
800.14,-0.00212,-0.00156,-0.00177,0.00059,0.00726,0.01226
800.46,-0.00203,-0.00158,-0.00176,0.00064,0.00733,0.01228
800.79,-0.00201,-0.00157,-0.00176,0.00065,0.00727,0.01232
801.11,-0.00205,-0.00156,-0.00178,0.00074,0.00723,0.01235
801.43,-0.00204,-0.00152,-0.00176,0.00075,0.00718,0.0123
801.75,-0.00201,-0.00147,-0.00173,0.00084,0.00728,0.01239
802.07,-0.00208,-0.00146,-0.0017,0.00082,0.00728,0.01227
802.4,-0.0021,-0.00151,-0.00182,0.00069,0.00716,0.01232
802.72,-0.00212,-0.0014,-0.00178,0.00072,0.00724,0.0124
803.04,-0.00214,-0.00144,-0.00193,0.0007,0.00726,0.01235
803.36,-0.00216,-0.00147,-0.00191,0.00068,0.00733,0.01237
803.68,-0.00211,-0.00143,-0.00194,0.00071,0.00731,0.01236
804.01,-0.00214,-0.0014,-0.00198,0.00069,0.00717,0.0123
804.33,-0.00208,-0.00137,-0.00197,0.00062,0.00716,0.01238
804.65,-0.0021,-0.00145,-0.00189,0.00061,0.00728,0.01241
804.97,-0.00213,-0.00149,-0.00186,0.00062,0.00721,0.01237
805.29,-0.00212,-0.00144,-0.00172,0.00061,0.00725,0.01244
805.62,-0.00213,-0.00138,-0.00167,0.00061,0.00722,0.01237
805.94,-0.00223,-0.00147,-0.00165,0.00058,0.00717,0.01242
806.26,-0.00226,-0.00162,-0.00181,0.00043,0.00718,0.01233
806.58,-0.00234,-0.0017,-0.00186,0.00044,0.00707,0.01231
806.9,-0.00229,-0.00162,-0.00198,0.00046,0.00688,0.01238
807.22,-0.00228,-0.00168,-0.00203,0.00045,0.00688,0.01237
807.54,-0.0024,-0.0018,-0.00217,0.00043,0.00679,0.01228
807.87,-0.0024,-0.00195,-0.00227,0.00034,0.0068,0.01225
808.19,-0.00241,-0.002,-0.00236,0.00024,0.00686,0.01223
808.51,-0.00251,-0.00197,-0.00233,0.00029,0.00685,0.01227
808.83,-0.00258,-0.002,-0.00235,0.00023,0.00689,0.01222
809.15,-0.00255,-0.00197,-0.00216,0.00032,0.00704,0.0122
809.47,-0.00261,-0.00204,-0.00217,0.00022,0.00702,0.01219
809.79,-0.00256,-0.00209,-0.0021,0.00023,0.00713,0.01218
810.11,-0.00266,-0.00195,-0.0021,0.00021,0.00715,0.0123
810.43,-0.00261,-0.00193,-0.00203,0.00025,0.00711,0.01232
810.76,-0.00269,-0.00194,-0.00217,0.00021,0.00707,0.01226
811.08,-0.00268,-0.00197,-0.00212,0.00019,0.007,0.01229
811.4,-0.00276,-0.00216,-0.00226,0.00017,0.00695,0.01227
811.72,-0.00283,-0.00218,-0.0023,0.00024,0.00694,0.01227
812.04,-0.0029,-0.00219,-0.00239,9.00E-05,0.00677,0.01233
812.36,-0.00281,-0.0023,-0.00232,0.00018,0.00662,0.01233
812.68,-0.00278,-0.00226,-0.00244,0.00025,0.00665,0.01233
813,-0.00269,-0.00232,-0.00236,0.00028,0.00662,0.01239
813.32,-0.00268,-0.00228,-0.0024,0.00031,0.00669,0.01243
813.64,-0.00265,-0.00218,-0.00242,0.00024,0.0067,0.01241
813.96,-0.00265,-0.00224,-0.00241,8.00E-05,0.00676,0.01233
814.28,-0.00254,-0.00215,-0.00236,0.00025,0.00686,0.01239
814.6,-0.00257,-0.00212,-0.00251,0.00022,0.00694,0.0124
814.92,-0.00267,-0.00208,-0.00249,0.00018,0.00688,0.01241
815.24,-0.00275,-0.00208,-0.00249,0,0.00694,0.01246
815.56,-0.00279,-0.00214,-0.00248,7.00E-05,0.00697,0.01238
815.88,-0.00273,-0.00198,-0.00245,0.00012,0.00703,0.01243
816.2,-0.00272,-0.0019,-0.0025,0.00021,0.007,0.01255
816.52,-0.00286,-0.00201,-0.00259,0.00011,0.00697,0.01252
816.84,-0.00299,-0.00211,-0.00265,-1.00E-05,0.0069,0.01235
817.16,-0.00287,-0.00209,-0.0025,7.00E-05,0.00711,0.01238
817.48,-0.00269,-0.00213,-0.00247,0.00014,0.00718,0.01232
817.8,-0.00262,-0.00204,-0.00258,7.00E-05,0.00711,0.01248
818.12,-0.00274,-0.00228,-0.0026,-4.00E-05,0.00706,0.01239
818.44,-0.00277,-0.00228,-0.00259,-0.0001,0.00708,0.01238
818.76,-0.00283,-0.00229,-0.00263,-0.00016,0.0069,0.01218
819.08,-0.00278,-0.00214,-0.00259,-7.00E-05,0.00704,0.01244
819.4,-0.00293,-0.00229,-0.00284,-0.00016,0.00693,0.01243
819.72,-0.0031,-0.00216,-0.00286,-0.00011,0.00696,0.01241
820.04,-0.00309,-0.00225,-0.00294,-0.00024,0.00718,0.01232
820.36,-0.0031,-0.0021,-0.00291,-0.00022,0.00718,0.01235
820.68,-0.00309,-0.00219,-0.00291,-0.00018,0.00713,0.01234
821,-0.00308,-0.00205,-0.00292,-5.00E-05,0.00734,0.01255
821.32,-0.00311,-0.00218,-0.00298,-4.00E-05,0.00728,0.01238
821.64,-0.0032,-0.00206,-0.00287,-0.0001,0.00723,0.01241
821.96,-0.00307,-0.00211,-0.00279,-5.00E-05,0.00714,0.01257
822.27,-0.00317,-0.00209,-0.00274,0.0001,0.00688,0.01253
822.59,-0.00319,-0.0021,-0.00275,0.00024,0.00709,0.01269
822.91,-0.00339,-0.00229,-0.00284,0.00023,0.00706,0.01268
823.23,-0.00325,-0.00238,-0.00261,0.0003,0.00706,0.0127
823.55,-0.00322,-0.00239,-0.00256,0.00018,0.00707,0.01278
823.87,-0.00321,-0.00242,-0.00261,0.00023,0.00711,0.01271
824.19,-0.00327,-0.00251,-0.00269,0.00018,0.0071,0.01266
824.51,-0.00325,-0.00248,-0.0026,0.00013,0.00714,0.01269
824.83,-0.00331,-0.00267,-0.00279,-4.00E-05,0.00687,0.01254
825.14,-0.00307,-0.00235,-0.00267,4.00E-05,0.00696,0.01266
825.46,-0.00307,-0.00234,-0.00267,0,0.00714,0.01271
825.78,-0.0032,-0.00243,-0.00278,1.00E-05,0.00716,0.01249
826.1,-0.00306,-0.00252,-0.00287,-1.00E-05,0.00727,0.01258
826.42,-0.00315,-0.00254,-0.00297,-6.00E-05,0.00727,0.01255
826.74,-0.0034,-0.00267,-0.00311,-0.00011,0.00725,0.01255
827.06,-0.00347,-0.00267,-0.00306,-0.0002,0.00746,0.01253
827.37,-0.00364,-0.00287,-0.00314,-0.00029,0.00727,0.01235
827.69,-0.00378,-0.00293,-0.00333,-0.00036,0.00712,0.0123
828.01,-0.00369,-0.00279,-0.00324,-0.00031,0.00704,0.01251
828.33,-0.00376,-0.00283,-0.00327,-0.00033,0.00693,0.01254
828.65,-0.00375,-0.00273,-0.00325,-0.00029,0.00691,0.01254
828.96,-0.00357,-0.00276,-0.00332,-0.00047,0.00681,0.0124
829.28,-0.00343,-0.0027,-0.00323,-0.00029,0.00665,0.01246
829.6,-0.00328,-0.00267,-0.00328,-0.00038,0.00664,0.01251
829.92,-0.00332,-0.00284,-0.00337,-0.00055,0.00653,0.01238
830.24,-0.00343,-0.00306,-0.00353,-0.00076,0.00656,0.01217
830.55,-0.00356,-0.00309,-0.00361,-0.00079,0.00648,0.01203
830.87,-0.00358,-0.00314,-0.00352,-0.00077,0.00651,0.01211
831.19,-0.00363,-0.0031,-0.00343,-0.00063,0.0064,0.01224
831.51,-0.00369,-0.00316,-0.00348,-0.00071,0.00635,0.01218
831.83,-0.00399,-0.00328,-0.00358,-0.00073,0.00641,0.01211
832.14,-0.00408,-0.00321,-0.00352,-0.00065,0.00636,0.01211
832.46,-0.00422,-0.00323,-0.00348,-0.00057,0.00632,0.01209
832.78,-0.00419,-0.00333,-0.00343,-0.00057,0.00642,0.01215
833.1,-0.00436,-0.00352,-0.00359,-0.00083,0.00635,0.01193
833.41,-0.00433,-0.00357,-0.00357,-0.00084,0.00658,0.01188
833.73,-0.00453,-0.00354,-0.00366,-0.00094,0.0066,0.01183
834.05,-0.00432,-0.00323,-0.00364,-0.00078,0.00674,0.01199
834.36,-0.00422,-0.00305,-0.00359,-0.00071,0.00689,0.01212
834.68,-0.00396,-0.00282,-0.00355,-0.00054,0.00707,0.01246
835,-0.00408,-0.0027,-0.00353,-0.00061,0.00689,0.01235
835.32,-0.00399,-0.00258,-0.00345,-0.00039,0.00685,0.01259
835.63,-0.0041,-0.0027,-0.00361,-0.00044,0.00666,0.01263
835.95,-0.00394,-0.0027,-0.00356,-0.0004,0.00671,0.01259
836.27,-0.00404,-0.00298,-0.00358,-0.00057,0.00673,0.01259
836.58,-0.00403,-0.00319,-0.00364,-0.00071,0.00672,0.01258
836.9,-0.00417,-0.00321,-0.00355,-0.0008,0.0066,0.01249
837.22,-0.00399,-0.00322,-0.00348,-0.00068,0.0068,0.01266
837.53,-0.00385,-0.00334,-0.00359,-0.00079,0.00688,0.01254
837.85,-0.00391,-0.00321,-0.00344,-0.00075,0.00702,0.01265
838.17,-0.00388,-0.00331,-0.00346,-0.00073,0.00697,0.01283
838.48,-0.00363,-0.00315,-0.00333,-0.00056,0.00685,0.01281
838.8,-0.0037,-0.00313,-0.00327,-0.00054,0.00684,0.01281
839.12,-0.00365,-0.00321,-0.00325,-0.00057,0.00682,0.01269
839.43,-0.00379,-0.00331,-0.00333,-0.0008,0.00675,0.01255
839.75,-0.00378,-0.00325,-0.00325,-0.00073,0.00678,0.01257
840.07,-0.00377,-0.00334,-0.00335,-0.00081,0.00682,0.0124
840.38,-0.00387,-0.00332,-0.00341,-0.00095,0.00681,0.01241
840.7,-0.00401,-0.00345,-0.00334,-0.00102,0.00689,0.01235
841.01,-0.00384,-0.00347,-0.00344,-0.00096,0.00693,0.01235
841.33,-0.00382,-0.00338,-0.00351,-0.00092,0.00707,0.0125
841.65,-0.00368,-0.00328,-0.00343,-0.00071,0.00699,0.01267
841.96,-0.00373,-0.00322,-0.00348,-0.00066,0.00682,0.0127
842.28,-0.00365,-0.00329,-0.00342,-0.00056,0.00684,0.01277
842.6,-0.00386,-0.00336,-0.00349,-0.00048,0.00685,0.01262
842.91,-0.00394,-0.0034,-0.00372,-0.00048,0.00681,0.01256
843.23,-0.00412,-0.0033,-0.00365,-0.00054,0.00656,0.01265
843.54,-0.00417,-0.00358,-0.00374,-0.00063,0.00644,0.01251
843.86,-0.00398,-0.0035,-0.00376,-0.00074,0.00674,0.01258
844.17,-0.004,-0.00354,-0.00365,-0.00076,0.00706,0.01265
844.49,-0.00385,-0.00332,-0.00358,-0.00075,0.00707,0.01279
844.81,-0.00356,-0.0032,-0.00347,-0.00077,0.00705,0.01299
845.12,-0.00346,-0.0031,-0.00333,-0.00083,0.00704,0.01316
845.44,-0.00346,-0.00324,-0.00335,-0.00094,0.00716,0.01309
845.75,-0.0034,-0.00304,-0.00336,-0.001,0.00712,0.01314
846.07,-0.00371,-0.00338,-0.00342,-0.00116,0.00668,0.01288
846.38,-0.00369,-0.00341,-0.00349,-0.00116,0.00657,0.01275
846.7,-0.00385,-0.0036,-0.00358,-0.00137,0.00647,0.01268
847.01,-0.00395,-0.00349,-0.00356,-0.00134,0.00646,0.01247
847.33,-0.00418,-0.00357,-0.00382,-0.00128,0.00637,0.01234
847.64,-0.00432,-0.00368,-0.00412,-0.00133,0.00631,0.01221
847.96,-0.00439,-0.00372,-0.00407,-0.00129,0.00643,0.01229
848.27,-0.00438,-0.00357,-0.00413,-0.00131,0.00641,0.01243
848.59,-0.0044,-0.00356,-0.00424,-0.0015,0.00627,0.01255
848.9,-0.00442,-0.0035,-0.00417,-0.0014,0.00653,0.01264
849.22,-0.00451,-0.00361,-0.00421,-0.00142,0.0067,0.01276
849.53,-0.00426,-0.00346,-0.00398,-0.00146,0.0069,0.01293
849.85,-0.00433,-0.0035,-0.00391,-0.00132,0.00699,0.013
850.16,-0.00444,-0.00342,-0.00392,-0.00121,0.00693,0.01306
850.48,-0.00436,-0.00327,-0.00389,-0.00098,0.00718,0.01316
850.79,-0.00446,-0.00313,-0.00379,-0.00089,0.00724,0.01305
851.11,-0.00439,-0.0032,-0.00384,-0.00075,0.00699,0.013
851.42,-0.00453,-0.00331,-0.00396,-0.00088,0.00673,0.01282
851.74,-0.00461,-0.00352,-0.00401,-0.00094,0.00662,0.01283
852.05,-0.00437,-0.00332,-0.00388,-0.00093,0.00662,0.01292
852.36,-0.00441,-0.00355,-0.00401,-0.0012,0.00669,0.01289
852.68,-0.00462,-0.00386,-0.00394,-0.00135,0.00667,0.01269
852.99,-0.00461,-0.00404,-0.00397,-0.00123,0.00671,0.01272
853.31,-0.00461,-0.00396,-0.00421,-0.00151,0.00662,0.01266
853.62,-0.00457,-0.00404,-0.00421,-0.00146,0.00661,0.01264
853.94,-0.00462,-0.00419,-0.00423,-0.00147,0.00667,0.01263
854.25,-0.00468,-0.0044,-0.00422,-0.00152,0.00653,0.01262
854.56,-0.00454,-0.00423,-0.00424,-0.00136,0.00645,0.0125
854.88,-0.00436,-0.00408,-0.00434,-0.00125,0.00635,0.01268
855.19,-0.00446,-0.0043,-0.00442,-0.00145,0.00618,0.0126
855.51,-0.00444,-0.00439,-0.00423,-0.00132,0.0063,0.01259
855.82,-0.00448,-0.00434,-0.00426,-0.0014,0.00625,0.01266
856.13,-0.00445,-0.00413,-0.00422,-0.00127,0.00613,0.01251
856.45,-0.00446,-0.00394,-0.00428,-0.00125,0.00632,0.01245
856.76,-0.00463,-0.00416,-0.00444,-0.00137,0.00628,0.01235
857.07,-0.00482,-0.00431,-0.00456,-0.00149,0.00623,0.01209
857.39,-0.00462,-0.00386,-0.00441,-0.00138,0.00639,0.01225
857.7,-0.00467,-0.00369,-0.0045,-0.00133,0.00659,0.01239
858.02,-0.00461,-0.00374,-0.0045,-0.00134,0.00669,0.01235
858.33,-0.00459,-0.00372,-0.00461,-0.00147,0.00687,0.01242
858.64,-0.00488,-0.00385,-0.00476,-0.00163,0.00669,0.01221
858.96,-0.00466,-0.0035,-0.00447,-0.00133,0.00681,0.01243
859.27,-0.00469,-0.00366,-0.00446,-0.0014,0.00683,0.01252
859.58,-0.00486,-0.0039,-0.00446,-0.00132,0.00679,0.01267
859.9,-0.00507,-0.00398,-0.00448,-0.00142,0.0066,0.01252
860.21,-0.00515,-0.00397,-0.00458,-0.00152,0.0065,0.01255
860.52,-0.00549,-0.00419,-0.00477,-0.00175,0.00625,0.01249
860.83,-0.00523,-0.00416,-0.00454,-0.00174,0.00624,0.01271
861.15,-0.00554,-0.00447,-0.00465,-0.00221,0.00602,0.01252
861.46,-0.0054,-0.00433,-0.0045,-0.00197,0.00599,0.01257
861.77,-0.00509,-0.00425,-0.00442,-0.0019,0.00631,0.01244
862.09,-0.00499,-0.00427,-0.0044,-0.00184,0.00629,0.01247
862.4,-0.00484,-0.00435,-0.00434,-0.00189,0.00637,0.01268
862.71,-0.00457,-0.00414,-0.00421,-0.00155,0.00653,0.01276
863.02,-0.0045,-0.00404,-0.00439,-0.00151,0.00663,0.01282
863.34,-0.00446,-0.00405,-0.00439,-0.0014,0.00656,0.01284
863.65,-0.00483,-0.0041,-0.00456,-0.00179,0.00637,0.01264
863.96,-0.00505,-0.00415,-0.00474,-0.00201,0.00604,0.01264
864.27,-0.0052,-0.00418,-0.00463,-0.002,0.00597,0.01273
864.59,-0.00542,-0.00403,-0.00469,-0.0018,0.00596,0.01269
864.9,-0.00553,-0.00421,-0.00484,-0.0019,0.00589,0.01267
865.21,-0.00566,-0.00424,-0.00487,-0.00177,0.00597,0.01265
865.52,-0.00557,-0.00439,-0.00496,-0.00173,0.00586,0.01246
865.84,-0.00542,-0.00431,-0.0051,-0.00169,0.00601,0.01248
866.15,-0.00568,-0.00447,-0.0053,-0.00176,0.00587,0.01211
866.46,-0.00585,-0.00464,-0.00548,-0.00182,0.00566,0.01179
866.77,-0.00582,-0.0048,-0.00552,-0.00198,0.00569,0.01155
867.08,-0.00577,-0.0048,-0.00536,-0.00198,0.00568,0.01149
867.4,-0.00584,-0.00483,-0.00532,-0.00211,0.00555,0.0112
867.71,-0.00589,-0.00461,-0.00531,-0.00199,0.00588,0.01141
868.02,-0.00555,-0.00453,-0.00521,-0.00164,0.00595,0.01153
868.33,-0.0056,-0.00462,-0.00525,-0.00166,0.0057,0.01164
868.64,-0.00535,-0.00446,-0.00527,-0.00196,0.00583,0.01187
868.96,-0.00535,-0.00455,-0.00505,-0.00191,0.0057,0.01194
869.27,-0.00567,-0.00466,-0.00531,-0.00206,0.00565,0.01178
869.58,-0.00558,-0.00474,-0.00529,-0.00223,0.00555,0.01186
869.89,-0.00575,-0.00494,-0.00554,-0.00236,0.00541,0.01189
870.2,-0.00598,-0.00496,-0.00545,-0.00264,0.00545,0.01181
870.51,-0.00588,-0.00476,-0.00544,-0.00272,0.00571,0.01197
870.82,-0.00607,-0.0052,-0.00557,-0.00288,0.00548,0.01167
871.14,-0.00606,-0.00506,-0.00587,-0.00284,0.00552,0.01176
871.45,-0.00585,-0.00516,-0.00584,-0.00292,0.0055,0.01178
871.76,-0.0059,-0.0053,-0.00586,-0.00294,0.00569,0.01177
872.07,-0.00581,-0.00513,-0.00565,-0.00293,0.00568,0.01176
872.38,-0.00583,-0.00521,-0.00564,-0.00288,0.00574,0.0117
872.69,-0.00569,-0.00532,-0.00556,-0.00266,0.00588,0.01168
873,-0.00562,-0.00509,-0.00547,-0.00225,0.00597,0.01186
873.31,-0.0056,-0.00517,-0.00544,-0.00217,0.00599,0.01179
873.63,-0.00554,-0.0051,-0.0053,-0.00216,0.0061,0.01217
873.94,-0.00565,-0.00524,-0.00542,-0.00207,0.00589,0.0122
874.25,-0.00569,-0.0055,-0.00555,-0.00225,0.00579,0.01212
874.56,-0.0058,-0.00543,-0.0056,-0.00232,0.00561,0.01224
874.87,-0.00578,-0.00554,-0.00569,-0.00244,0.00576,0.01209
875.18,-0.00569,-0.00536,-0.00583,-0.00254,0.00574,0.01205
875.49,-0.00605,-0.00551,-0.00596,-0.00281,0.00553,0.01166
875.8,-0.00624,-0.00526,-0.00582,-0.00248,0.00558,0.01136
876.11,-0.00618,-0.00504,-0.00568,-0.00235,0.00584,0.01164
876.42,-0.0062,-0.00513,-0.00587,-0.00249,0.00565,0.0116
876.73,-0.00619,-0.00529,-0.00579,-0.00252,0.00571,0.01153
877.04,-0.00647,-0.00535,-0.00587,-0.0025,0.00551,0.01176
877.35,-0.00675,-0.00561,-0.00597,-0.0027,0.00546,0.0116
877.66,-0.00658,-0.00572,-0.00592,-0.0027,0.00554,0.01177
877.97,-0.00643,-0.00602,-0.00599,-0.00285,0.00552,0.01192
878.28,-0.00657,-0.00602,-0.00592,-0.00301,0.00524,0.01154
878.59,-0.00654,-0.00573,-0.00574,-0.00281,0.00589,0.01159
878.9,-0.00664,-0.00581,-0.00601,-0.00288,0.00582,0.01157
879.21,-0.00685,-0.00582,-0.00614,-0.00322,0.0055,0.01127
879.52,-0.00632,-0.00566,-0.00565,-0.00287,0.00582,0.01186
879.83,-0.00636,-0.00568,-0.00563,-0.00265,0.00593,0.01216
880.14,-0.00675,-0.00593,-0.00584,-0.0031,0.00547,0.01189
880.45,-0.00688,-0.00596,-0.00603,-0.00326,0.00547,0.01207
880.76,-0.00731,-0.00622,-0.00604,-0.00336,0.00468,0.01194
881.07,-0.00723,-0.00612,-0.00589,-0.00318,0.00485,0.01221
881.38,-0.00706,-0.00616,-0.00596,-0.00309,0.00507,0.01224
881.69,-0.0077,-0.00656,-0.00662,-0.00343,0.0046,0.01164
882,-0.00779,-0.00651,-0.00655,-0.00371,0.00436,0.01129
882.31,-0.00754,-0.00595,-0.00646,-0.00338,0.00481,0.01151
882.62,-0.00725,-0.006,-0.00638,-0.00325,0.00481,0.01158
882.93,-0.00706,-0.00601,-0.00642,-0.00339,0.005,0.01154
883.24,-0.00719,-0.00628,-0.00658,-0.00353,0.0045,0.0114
883.55,-0.00705,-0.00587,-0.00632,-0.00359,0.00462,0.01159
883.86,-0.00683,-0.00571,-0.00582,-0.0035,0.00492,0.01162
884.17,-0.00698,-0.00538,-0.00583,-0.00343,0.00493,0.012
884.48,-0.00685,-0.00529,-0.00569,-0.00351,0.00482,0.01208
884.79,-0.00722,-0.00561,-0.0059,-0.00404,0.00458,0.01165
885.09,-0.00735,-0.00571,-0.00626,-0.00399,0.00458,0.01157
885.4,-0.0073,-0.00563,-0.00637,-0.00401,0.00466,0.01141
885.71,-0.00755,-0.00618,-0.00658,-0.00407,0.00428,0.01095
886.02,-0.00757,-0.00598,-0.00673,-0.00409,0.00426,0.01115
886.33,-0.0074,-0.00633,-0.00715,-0.0043,0.00437,0.01094
886.64,-0.00749,-0.00688,-0.00738,-0.00442,0.00441,0.01076
886.95,-0.00719,-0.0066,-0.0071,-0.00372,0.00484,0.01114
887.26,-0.00696,-0.00635,-0.00692,-0.00361,0.00503,0.01141
887.57,-0.00688,-0.00621,-0.00686,-0.00367,0.00521,0.01113
887.87,-0.00675,-0.00587,-0.0066,-0.00351,0.00538,0.01158
888.18,-0.00676,-0.00592,-0.00657,-0.00359,0.00534,0.01174
888.49,-0.00674,-0.00587,-0.00644,-0.00337,0.00532,0.01187
888.8,-0.00675,-0.00567,-0.00636,-0.00333,0.00549,0.01193
889.11,-0.00661,-0.00576,-0.00638,-0.00338,0.00521,0.01181
889.42,-0.00674,-0.0058,-0.0061,-0.00353,0.00541,0.01191
889.72,-0.00683,-0.00572,-0.00603,-0.00347,0.00533,0.01224
890.03,-0.00679,-0.00598,-0.00619,-0.00339,0.00543,0.01206
890.34,-0.00687,-0.00629,-0.00664,-0.00345,0.00531,0.01174
890.65,-0.00693,-0.00647,-0.00642,-0.00346,0.00539,0.01142
890.96,-0.00723,-0.00662,-0.00667,-0.00343,0.00502,0.01131
891.27,-0.0077,-0.00669,-0.00726,-0.00382,0.00507,0.01104
891.57,-0.00785,-0.00663,-0.00738,-0.00384,0.0047,0.01088
891.88,-0.00779,-0.00681,-0.00739,-0.00395,0.00481,0.01088
892.19,-0.00808,-0.00684,-0.00748,-0.00409,0.00473,0.01098
892.5,-0.00837,-0.00691,-0.00741,-0.0041,0.00467,0.01096
892.8,-0.00831,-0.00662,-0.0076,-0.00413,0.00484,0.01106
893.11,-0.00808,-0.00654,-0.00756,-0.00432,0.00487,0.01089
893.42,-0.00795,-0.0065,-0.00737,-0.00431,0.00495,0.01127
893.73,-0.00786,-0.00657,-0.00737,-0.00406,0.00522,0.01131
894.04,-0.00795,-0.00654,-0.00736,-0.00391,0.00562,0.01125
894.34,-0.00796,-0.00645,-0.0072,-0.00402,0.00576,0.01145
894.65,-0.00765,-0.00619,-0.00673,-0.00374,0.00615,0.01178
894.96,-0.00773,-0.00631,-0.00693,-0.00401,0.00601,0.01204
895.26,-0.00817,-0.00654,-0.00698,-0.00431,0.00559,0.01214
895.57,-0.00795,-0.00635,-0.00678,-0.00418,0.00559,0.01239
895.88,-0.00784,-0.00627,-0.00686,-0.00458,0.00526,0.01216
896.19,-0.00784,-0.00589,-0.00681,-0.00426,0.00497,0.01265
896.49,-0.00765,-0.00593,-0.00687,-0.00394,0.00482,0.01262
896.8,-0.0077,-0.00583,-0.00708,-0.00398,0.00495,0.01257
897.11,-0.00748,-0.00584,-0.00689,-0.00404,0.00468,0.01233
897.42,-0.00723,-0.00574,-0.00698,-0.00372,0.00474,0.01208
897.72,-0.00765,-0.00622,-0.00728,-0.00403,0.00449,0.01148
898.03,-0.00763,-0.00643,-0.00752,-0.00376,0.00491,0.01175
898.34,-0.00779,-0.00691,-0.00785,-0.00456,0.00495,0.01133
898.64,-0.00788,-0.00693,-0.00801,-0.00479,0.00479,0.0109
898.95,-0.00765,-0.00698,-0.00777,-0.00485,0.00454,0.01065
899.26,-0.00788,-0.00719,-0.00793,-0.00457,0.00473,0.01061
899.56,-0.0079,-0.00724,-0.00794,-0.00462,0.00508,0.01077
899.87,-0.00778,-0.00689,-0.00795,-0.00458,0.00531,0.01099
900.18,-0.00789,-0.0069,-0.00754,-0.00456,0.00512,0.01095
900.48,-0.0078,-0.0068,-0.00736,-0.0041,0.00498,0.01094
900.79,-0.0078,-0.00685,-0.0073,-0.00427,0.00521,0.01115
901.1,-0.00814,-0.00684,-0.00745,-0.00423,0.00539,0.01111
901.4,-0.00811,-0.00676,-0.00741,-0.00413,0.00533,0.0111
901.71,-0.00798,-0.0067,-0.00725,-0.00401,0.00511,0.01136
902.01,-0.00807,-0.00671,-0.0073,-0.0038,0.00498,0.01107
902.32,-0.00772,-0.00686,-0.00722,-0.00368,0.00488,0.01113
902.63,-0.0077,-0.00675,-0.00724,-0.00382,0.00464,0.01129
902.93,-0.00774,-0.00684,-0.00727,-0.00368,0.00457,0.01116
903.24,-0.00785,-0.0071,-0.00757,-0.00404,0.00423,0.0112
903.54,-0.00779,-0.00702,-0.00751,-0.00441,0.00416,0.01139
903.85,-0.00796,-0.00721,-0.00754,-0.00454,0.0041,0.01119
904.16,-0.00801,-0.00729,-0.00749,-0.0046,0.00385,0.01132
904.46,-0.00868,-0.00724,-0.00803,-0.005,0.00344,0.01101
904.77,-0.00875,-0.00757,-0.00796,-0.00493,0.00351,0.01084
905.07,-0.0086,-0.00759,-0.00797,-0.00508,0.00321,0.01098
905.38,-0.00863,-0.0076,-0.00778,-0.00499,0.00317,0.0108
905.68,-0.00835,-0.00743,-0.00758,-0.00474,0.00335,0.01114
905.99,-0.00808,-0.00731,-0.00761,-0.00449,0.00374,0.01167
906.3,-0.00776,-0.00738,-0.00738,-0.00431,0.00405,0.01185
906.6,-0.00744,-0.00724,-0.00721,-0.00398,0.00461,0.01189
906.91,-0.00706,-0.00698,-0.00709,-0.0037,0.00498,0.0123
907.21,-0.00733,-0.00692,-0.00739,-0.00352,0.00519,0.01219
907.52,-0.007,-0.00656,-0.00736,-0.00339,0.00529,0.01256
907.82,-0.00747,-0.00689,-0.00767,-0.00338,0.00517,0.01228
908.13,-0.00787,-0.00715,-0.00793,-0.00375,0.00507,0.01161
908.43,-0.00822,-0.00687,-0.00811,-0.00429,0.00501,0.01163
908.74,-0.00814,-0.00703,-0.00823,-0.00433,0.00477,0.01189
909.04,-0.00868,-0.00739,-0.00884,-0.00467,0.00441,0.01124
909.35,-0.00894,-0.00745,-0.00876,-0.0048,0.00427,0.01147
909.65,-0.00916,-0.00756,-0.00888,-0.00453,0.00438,0.01147
909.96,-0.00891,-0.00752,-0.00875,-0.0045,0.00455,0.01135
910.26,-0.00899,-0.00749,-0.00881,-0.00433,0.00425,0.01134
910.57,-0.00897,-0.00787,-0.0088,-0.00415,0.00426,0.01104
910.87,-0.00917,-0.00812,-0.00875,-0.0042,0.00433,0.0111
911.18,-0.00894,-0.00809,-0.00853,-0.00438,0.00443,0.01126
911.48,-0.0088,-0.0081,-0.0087,-0.00467,0.00426,0.01079
911.79,-0.00867,-0.00846,-0.00889,-0.00486,0.00412,0.01065
912.09,-0.00892,-0.00882,-0.00894,-0.00529,0.00364,0.01019
912.39,-0.00881,-0.00879,-0.00854,-0.00533,0.00399,0.01027
912.7,-0.00868,-0.00873,-0.00876,-0.00519,0.00365,0.01017
913,-0.00873,-0.00845,-0.00883,-0.00536,0.00348,0.00983
913.31,-0.00868,-0.00831,-0.00878,-0.00536,0.00333,0.01
913.61,-0.00889,-0.00859,-0.00876,-0.00526,0.00335,0.0102
913.92,-0.0091,-0.00852,-0.00885,-0.00565,0.00296,0.01022
914.22,-0.00968,-0.00867,-0.0092,-0.00589,0.00289,0.01017
914.52,-0.0093,-0.00841,-0.00911,-0.00577,0.00277,0.01066
914.83,-0.00951,-0.00832,-0.00887,-0.00627,0.00288,0.01083
915.13,-0.00962,-0.00875,-0.00894,-0.00639,0.00288,0.01094
915.44,-0.01031,-0.00928,-0.00944,-0.0066,0.00262,0.01064
915.74,-0.01026,-0.00902,-0.00914,-0.00651,0.00261,0.01039
916.04,-0.01023,-0.00913,-0.00896,-0.00654,0.00283,0.01016
916.35,-0.01015,-0.00873,-0.00916,-0.00647,0.00287,0.01037
916.65,-0.01052,-0.00888,-0.00924,-0.00648,0.00309,0.0099
916.96,-0.01068,-0.00913,-0.00946,-0.00622,0.00302,0.01013
917.26,-0.0107,-0.00893,-0.00937,-0.00624,0.00287,0.00996
917.56,-0.01058,-0.00874,-0.00934,-0.00631,0.00261,0.00988
917.87,-0.01071,-0.00868,-0.00964,-0.00641,0.0026,0.0098
918.17,-0.01091,-0.0088,-0.00985,-0.00616,0.00239,0.00968
918.47,-0.01089,-0.00901,-0.00963,-0.00618,0.0022,0.00962
918.78,-0.01088,-0.00934,-0.00971,-0.00682,0.0014,0.00951
919.08,-0.01133,-0.00953,-0.00983,-0.00703,0.00148,0.00914
919.38,-0.01146,-0.0098,-0.01008,-0.0071,0.00141,0.00904
919.69,-0.01128,-0.00979,-0.00989,-0.007,0.00181,0.00909
919.99,-0.01113,-0.01006,-0.00993,-0.0073,0.00189,0.00914
920.29,-0.01132,-0.0099,-0.01014,-0.00743,0.00207,0.00905
920.59,-0.01115,-0.01012,-0.01043,-0.00756,0.00206,0.00851
920.9,-0.01174,-0.01012,-0.01103,-0.00767,0.0022,0.00798
921.2,-0.01126,-0.01017,-0.01105,-0.00732,0.00223,0.0079
921.5,-0.01126,-0.01003,-0.01097,-0.00749,0.00234,0.0079
921.81,-0.01133,-0.00938,-0.01042,-0.00701,0.00289,0.00821
922.11,-0.01107,-0.00905,-0.01033,-0.00673,0.00322,0.0086
922.41,-0.01127,-0.00919,-0.01014,-0.0068,0.00332,0.00886
922.71,-0.01117,-0.00912,-0.01008,-0.00678,0.00316,0.0094
923.02,-0.01118,-0.00929,-0.0101,-0.00642,0.00288,0.00974
923.32,-0.01129,-0.00948,-0.0101,-0.00706,0.0023,0.00958
923.62,-0.01181,-0.00983,-0.01066,-0.00744,0.00193,0.00899
923.92,-0.01221,-0.01107,-0.0113,-0.00807,0.00112,0.00857
924.23,-0.01256,-0.01173,-0.01126,-0.00789,0.00059,0.00831
924.53,-0.01272,-0.01204,-0.01145,-0.00814,0.00021,0.00764
924.83,-0.01294,-0.012,-0.0114,-0.00789,0.00035,0.0074
925.13,-0.01324,-0.01222,-0.01161,-0.00844,0.00037,0.00711
925.44,-0.01312,-0.01189,-0.0115,-0.00813,0.00079,0.00716
925.74,-0.01318,-0.01219,-0.01158,-0.0082,0.00046,0.00715
926.04,-0.01306,-0.01196,-0.01166,-0.00795,0.00087,0.00735
926.34,-0.01286,-0.01169,-0.01154,-0.00814,0.00118,0.00735
926.64,-0.01283,-0.01199,-0.01218,-0.00847,0.00069,0.00708
926.95,-0.01252,-0.01211,-0.01236,-0.00846,0.00073,0.00729
927.25,-0.01269,-0.0125,-0.01269,-0.00869,0.00055,0.00696
927.55,-0.01306,-0.01299,-0.0131,-0.0086,0.00037,0.00727
927.85,-0.0125,-0.01265,-0.01261,-0.00806,0.00083,0.0075
928.15,-0.01254,-0.01277,-0.01227,-0.00824,0.00053,0.00748
928.46,-0.01317,-0.01346,-0.01314,-0.00883,-3.00E-05,0.00693
928.76,-0.01313,-0.01347,-0.01289,-0.00903,0.0001,0.00695
929.06,-0.01394,-0.01379,-0.01335,-0.00947,0.00032,0.00674
929.36,-0.01347,-0.013,-0.01262,-0.00916,0.00069,0.00741
929.66,-0.01376,-0.01282,-0.01256,-0.00957,0.00056,0.00702
929.96,-0.01401,-0.01282,-0.01251,-0.00985,0.00049,0.00703
930.26,-0.01347,-0.01246,-0.01291,-0.00996,0.00028,0.00665
930.57,-0.0133,-0.0114,-0.01233,-0.00972,0.00034,0.0069
930.87,-0.01369,-0.01145,-0.0122,-0.00962,0.00041,0.00709
931.17,-0.01342,-0.01119,-0.01168,-0.00947,0.0001,0.00674
931.47,-0.01262,-0.01094,-0.01173,-0.00882,0.00019,0.00748
931.77,-0.01265,-0.01095,-0.01213,-0.00838,-0.00015,0.00722
932.07,-0.01303,-0.01105,-0.01303,-0.00843,-0.00032,0.00733
932.37,-0.01382,-0.01168,-0.01319,-0.00902,-0.00036,0.00696
932.67,-0.01347,-0.01217,-0.01341,-0.00898,-0.00067,0.00702
932.97,-0.01355,-0.0121,-0.01346,-0.00873,-0.00086,0.00706
933.27,-0.01381,-0.01214,-0.01377,-0.00856,-0.00096,0.00739
933.58,-0.01489,-0.01334,-0.01468,-0.00924,-0.00141,0.00587
933.88,-0.01485,-0.01384,-0.01474,-0.01013,-0.00177,0.00564
934.18,-0.01458,-0.0143,-0.01484,-0.0106,-0.0024,0.00507
934.48,-0.01515,-0.0143,-0.01528,-0.01094,-0.00267,0.00521
934.78,-0.01641,-0.01475,-0.01571,-0.01154,-0.00298,0.00483
935.08,-0.01552,-0.01424,-0.01566,-0.01171,-0.00278,0.0049
935.38,-0.01556,-0.01457,-0.01558,-0.01272,-0.00323,0.00476
935.68,-0.01562,-0.01374,-0.01491,-0.01216,-0.00291,0.00513
935.98,-0.0158,-0.0139,-0.01492,-0.01241,-0.00263,0.00508
936.28,-0.01609,-0.01376,-0.01439,-0.01225,-0.00218,0.00561
936.58,-0.01592,-0.01424,-0.01485,-0.01163,-0.0024,0.00536
936.88,-0.0153,-0.01435,-0.01502,-0.01194,-0.00225,0.0053
937.18,-0.01646,-0.01517,-0.01601,-0.01278,-0.00274,0.00505
937.48,-0.01645,-0.01488,-0.01594,-0.01202,-0.0021,0.0049
937.78,-0.0169,-0.01582,-0.01678,-0.01353,-0.0026,0.00432
938.08,-0.01718,-0.0158,-0.0169,-0.01284,-0.00251,0.0044
938.38,-0.01734,-0.01569,-0.0174,-0.01247,-0.00264,0.00405
938.68,-0.01779,-0.0158,-0.01733,-0.01288,-0.00274,0.00399
938.98,-0.0182,-0.01625,-0.01727,-0.01304,-0.0029,0.00419
939.28,-0.01847,-0.01649,-0.01667,-0.01283,-0.00315,0.0043
939.58,-0.01904,-0.01752,-0.0174,-0.01424,-0.00404,0.00387
939.88,-0.01858,-0.01736,-0.01701,-0.01383,-0.00425,0.00394
940.18,-0.01822,-0.01712,-0.01689,-0.01419,-0.00427,0.00372
940.48,-0.01831,-0.01729,-0.01682,-0.01455,-0.00427,0.00359
940.78,-0.01792,-0.01708,-0.01689,-0.01512,-0.00454,0.00349
941.08,-0.01802,-0.01718,-0.01722,-0.01501,-0.00481,0.00279
941.38,-0.01781,-0.01713,-0.01689,-0.01458,-0.0047,0.00261
941.68,-0.01793,-0.01677,-0.01717,-0.0145,-0.00475,0.00189
941.98,-0.0177,-0.01658,-0.0169,-0.01435,-0.00439,0.00197
942.27,-0.01798,-0.01716,-0.01701,-0.01402,-0.00488,0.00202
942.57,-0.0175,-0.01767,-0.01666,-0.01447,-0.00526,0.00206
942.87,-0.01755,-0.01712,-0.01603,-0.01379,-0.00484,0.0019
943.17,-0.01733,-0.01687,-0.01555,-0.01335,-0.00396,0.00246
943.47,-0.01746,-0.01681,-0.01643,-0.01371,-0.00326,0.00276
943.77,-0.01745,-0.01748,-0.01662,-0.01401,-0.00361,0.00341
944.07,-0.01856,-0.01794,-0.01747,-0.01388,-0.00388,0.00324
944.37,-0.01845,-0.01828,-0.01818,-0.0145,-0.00408,0.00232
944.67,-0.01923,-0.01767,-0.01848,-0.0144,-0.0038,0.00234
944.97,-0.01976,-0.01876,-0.01916,-0.01517,-0.00452,0.00244
945.26,-0.02041,-0.01972,-0.01985,-0.01573,-0.00525,0.00229
945.56,-0.01998,-0.01946,-0.02004,-0.01609,-0.00563,0.00158
945.86,-0.02008,-0.01889,-0.01987,-0.01549,-0.00553,0.0013
946.16,-0.02049,-0.01909,-0.02011,-0.01668,-0.00675,0.00065
946.46,-0.02062,-0.01896,-0.02003,-0.01651,-0.00658,0.00104
946.76,-0.02096,-0.02018,-0.02086,-0.01685,-0.00677,0.00037
947.05,-0.02007,-0.01943,-0.02028,-0.01624,-0.0059,0.00018
947.35,-0.02067,-0.01914,-0.02051,-0.01642,-0.0058,-0.00083
947.65,-0.02158,-0.01996,-0.02089,-0.01735,-0.00665,-0.00166
947.95,-0.02154,-0.02017,-0.0209,-0.01748,-0.00638,-0.00204
948.25,-0.02086,-0.02033,-0.02068,-0.01703,-0.00574,-0.00118
948.55,-0.02075,-0.02058,-0.02004,-0.01737,-0.00533,-0.00095
948.84,-0.02073,-0.02078,-0.02012,-0.0183,-0.00554,-0.00125
949.14,-0.02115,-0.0211,-0.02097,-0.01859,-0.00649,-0.0013
949.44,-0.02061,-0.02091,-0.02067,-0.01856,-0.00622,-0.00095
949.74,-0.02134,-0.02192,-0.0213,-0.0184,-0.00719,-0.00084
950.04,-0.02115,-0.022,-0.02081,-0.01807,-0.00715,-0.00068
950.33,-0.02204,-0.02269,-0.02166,-0.01872,-0.00749,-0.00197
950.63,-0.02362,-0.02291,-0.02278,-0.0194,-0.00929,-0.0034
950.93,-0.02442,-0.02281,-0.02375,-0.01972,-0.01033,-0.00368
951.23,-0.02569,-0.02387,-0.02424,-0.02013,-0.01056,-0.00434
951.52,-0.02578,-0.02382,-0.02373,-0.02036,-0.0112,-0.00439
951.82,-0.02482,-0.02234,-0.02292,-0.01972,-0.00955,-0.00384
952.12,-0.02539,-0.02281,-0.02421,-0.02064,-0.01045,-0.00416
952.42,-0.02541,-0.02239,-0.02365,-0.02054,-0.01027,-0.00354
952.71,-0.02495,-0.02139,-0.02337,-0.02035,-0.00911,-0.00285
953.01,-0.02364,-0.02056,-0.02163,-0.01907,-0.00773,-0.00208
953.31,-0.02279,-0.02074,-0.02175,-0.02021,-0.00805,-0.0024
953.61,-0.02213,-0.02064,-0.02274,-0.02014,-0.00811,-0.00258
953.9,-0.023,-0.02135,-0.02318,-0.02087,-0.00875,-0.00336
954.2,-0.02295,-0.02115,-0.02266,-0.02083,-0.0089,-0.00314
954.5,-0.02221,-0.02127,-0.02297,-0.02052,-0.00927,-0.00356
954.79,-0.02207,-0.02243,-0.02308,-0.02039,-0.0098,-0.00338
955.09,-0.02322,-0.02336,-0.02435,-0.0217,-0.01037,-0.0044
955.39,-0.02365,-0.02324,-0.02467,-0.0215,-0.01045,-0.00525
955.68,-0.02473,-0.02383,-0.02494,-0.02157,-0.01083,-0.00549
955.98,-0.02446,-0.02323,-0.02461,-0.02065,-0.01105,-0.00485
956.28,-0.02422,-0.02241,-0.02459,-0.02018,-0.01054,-0.00524
956.57,-0.02497,-0.02158,-0.02503,-0.02039,-0.01025,-0.00521
956.87,-0.02535,-0.02227,-0.02607,-0.02145,-0.01101,-0.00593
957.17,-0.02581,-0.0226,-0.02642,-0.02147,-0.01157,-0.00599
957.46,-0.02669,-0.02287,-0.02634,-0.02165,-0.01131,-0.00541
957.76,-0.02706,-0.02294,-0.02645,-0.02216,-0.012,-0.0054
958.06,-0.02689,-0.02448,-0.02703,-0.0235,-0.01275,-0.00637
958.35,-0.02726,-0.02605,-0.02768,-0.02411,-0.01332,-0.00621
958.65,-0.02789,-0.02782,-0.02816,-0.02526,-0.01368,-0.00737
958.95,-0.0286,-0.02742,-0.02771,-0.02527,-0.01368,-0.00714
959.24,-0.02819,-0.02688,-0.02716,-0.02444,-0.01364,-0.00657
959.54,-0.02735,-0.02675,-0.02714,-0.02412,-0.01382,-0.00503
959.83,-0.02726,-0.02658,-0.02711,-0.02425,-0.01361,-0.0051
960.13,-0.02855,-0.02634,-0.02752,-0.02481,-0.01378,-0.00491
960.43,-0.0293,-0.0266,-0.02736,-0.02477,-0.01398,-0.00508
960.72,-0.0294,-0.02757,-0.02718,-0.02437,-0.01499,-0.0039
961.02,-0.0289,-0.02752,-0.02762,-0.02493,-0.01425,-0.00325
961.31,-0.02917,-0.02913,-0.0287,-0.02607,-0.01532,-0.00487
961.61,-0.03014,-0.0297,-0.02892,-0.02635,-0.01575,-0.00673
961.9,-0.03066,-0.031,-0.02936,-0.02663,-0.01543,-0.00761
962.2,-0.03068,-0.03137,-0.02976,-0.02645,-0.01548,-0.00853
962.5,-0.0312,-0.03118,-0.03005,-0.02699,-0.01518,-0.00923
962.79,-0.03162,-0.03037,-0.03005,-0.02717,-0.01501,-0.00986
963.09,-0.03276,-0.0311,-0.0306,-0.02735,-0.0158,-0.01141
963.38,-0.03257,-0.03057,-0.03022,-0.02699,-0.01513,-0.01136
963.68,-0.03305,-0.02973,-0.03184,-0.02743,-0.01618,-0.01209
963.97,-0.03351,-0.02977,-0.0328,-0.02735,-0.01689,-0.01212
964.27,-0.03268,-0.02974,-0.03291,-0.02655,-0.01651,-0.01184
964.56,-0.03248,-0.03001,-0.03274,-0.02703,-0.01686,-0.01164
964.86,-0.03363,-0.03136,-0.03374,-0.02807,-0.01728,-0.01251
965.15,-0.03394,-0.03046,-0.03413,-0.02918,-0.01797,-0.01306
965.45,-0.03507,-0.03039,-0.03447,-0.03007,-0.01846,-0.01231
965.74,-0.03391,-0.03069,-0.03312,-0.03031,-0.01717,-0.01092
966.04,-0.03378,-0.03044,-0.03268,-0.0318,-0.01732,-0.01087
966.33,-0.03509,-0.03164,-0.03264,-0.03301,-0.01738,-0.01154
966.63,-0.03597,-0.03316,-0.03375,-0.03338,-0.01928,-0.01184
966.92,-0.03419,-0.0318,-0.03282,-0.03229,-0.01922,-0.01143
967.22,-0.03472,-0.03349,-0.03237,-0.03161,-0.01916,-0.01127
967.51,-0.03488,-0.03326,-0.03263,-0.03134,-0.01931,-0.01217
967.81,-0.03575,-0.03292,-0.03267,-0.03043,-0.02016,-0.01333
968.1,-0.03619,-0.03337,-0.03389,-0.03095,-0.02045,-0.01452
968.4,-0.03592,-0.03392,-0.03399,-0.0312,-0.02207,-0.01425
968.69,-0.03638,-0.0332,-0.03489,-0.03092,-0.02203,-0.01433
968.98,-0.03762,-0.03402,-0.03542,-0.03235,-0.02175,-0.01509
969.28,-0.03673,-0.03497,-0.03555,-0.0325,-0.02214,-0.01551
969.57,-0.03621,-0.03468,-0.03534,-0.03243,-0.02213,-0.01433
969.87,-0.03544,-0.03637,-0.03643,-0.03376,-0.02189,-0.01489
970.16,-0.03679,-0.03702,-0.0363,-0.03415,-0.02299,-0.01554
970.46,-0.03786,-0.03688,-0.03695,-0.03501,-0.0226,-0.01569
970.75,-0.03792,-0.03801,-0.03675,-0.03581,-0.02165,-0.01734
971.04,-0.03835,-0.03734,-0.03839,-0.03607,-0.02312,-0.0187
971.34,-0.04086,-0.03794,-0.04013,-0.03657,-0.02505,-0.01931
971.63,-0.04121,-0.03954,-0.04072,-0.0375,-0.02695,-0.02099
971.93,-0.04462,-0.04239,-0.04286,-0.03982,-0.02965,-0.02198
972.22,-0.04496,-0.04447,-0.04372,-0.04054,-0.03051,-0.02234
972.51,-0.04398,-0.0433,-0.04467,-0.04083,-0.0308,-0.02237
972.81,-0.04302,-0.04176,-0.04547,-0.04179,-0.03153,-0.02186
973.1,-0.04185,-0.04203,-0.04516,-0.04167,-0.03057,-0.02041
973.39,-0.04001,-0.04237,-0.04528,-0.04248,-0.02975,-0.01986
973.69,-0.04092,-0.04312,-0.04548,-0.04285,-0.02873,-0.0201
973.98,-0.04004,-0.04021,-0.04404,-0.0406,-0.02715,-0.01894
974.27,-0.03875,-0.03839,-0.04307,-0.03994,-0.02597,-0.0174
974.57,-0.04074,-0.04038,-0.04371,-0.04059,-0.0272,-0.01901
974.86,-0.04256,-0.0424,-0.04385,-0.0408,-0.02748,-0.01903
975.15,-0.0442,-0.04352,-0.0437,-0.04065,-0.02953,-0.0209
975.45,-0.04432,-0.04247,-0.04339,-0.04002,-0.02931,-0.0217
975.74,-0.04226,-0.04069,-0.04115,-0.03781,-0.02841,-0.02088
976.03,-0.0434,-0.04296,-0.04245,-0.04119,-0.0301,-0.0231
976.33,-0.04512,-0.04485,-0.04408,-0.04162,-0.03228,-0.02585
976.62,-0.0446,-0.04562,-0.04448,-0.04202,-0.03126,-0.02607
976.91,-0.04344,-0.04523,-0.04341,-0.04089,-0.0306,-0.02573
977.21,-0.04336,-0.04468,-0.04289,-0.04019,-0.02986,-0.02435
977.5,-0.0441,-0.0447,-0.04226,-0.04014,-0.03009,-0.02391
977.79,-0.04787,-0.04616,-0.04681,-0.04436,-0.03101,-0.02575
978.08,-0.04621,-0.04537,-0.04357,-0.04076,-0.02853,-0.02367
978.38,-0.0464,-0.04517,-0.04511,-0.04139,-0.028,-0.02423
978.67,-0.04671,-0.04464,-0.04467,-0.04139,-0.02759,-0.0244
978.96,-0.04864,-0.04534,-0.04511,-0.0425,-0.0296,-0.02571
979.25,-0.04993,-0.04696,-0.04622,-0.04581,-0.03024,-0.02626
979.55,-0.0505,-0.04829,-0.04827,-0.04698,-0.03023,-0.02734
979.84,-0.05004,-0.05013,-0.04765,-0.04656,-0.03154,-0.0278
980.13,-0.05064,-0.04896,-0.0499,-0.0478,-0.03278,-0.02903
980.42,-0.05014,-0.04769,-0.04665,-0.0471,-0.03048,-0.02685
980.71,-0.05057,-0.04967,-0.04722,-0.04836,-0.03357,-0.02738
981.01,-0.05096,-0.05021,-0.04911,-0.0477,-0.03329,-0.02813
981.3,-0.04944,-0.04883,-0.05104,-0.04444,-0.03427,-0.02778
981.59,-0.05052,-0.04992,-0.05096,-0.04559,-0.03457,-0.02875
981.88,-0.05098,-0.04963,-0.05122,-0.0462,-0.03635,-0.03109
982.18,-0.05074,-0.05,-0.0514,-0.04679,-0.03656,-0.0312
982.47,-0.03799,-0.03742,-0.04009,-0.03486,-0.02491,-0.01781
982.76,-0.03748,-0.03485,-0.03831,-0.0332,-0.02196,-0.01593
983.05,-0.0363,-0.03473,-0.03724,-0.03391,-0.02231,-0.01544
983.34,-0.03784,-0.03666,-0.03611,-0.03553,-0.02209,-0.01723
983.63,-0.0362,-0.03493,-0.03606,-0.035,-0.02226,-0.01538
983.93,-0.03509,-0.03449,-0.03526,-0.03379,-0.02053,-0.01261
984.22,-0.03753,-0.03731,-0.03708,-0.03555,-0.02331,-0.013
984.51,-0.05154,-0.05163,-0.05162,-0.04789,-0.0383,-0.02956
984.8,-0.05317,-0.05404,-0.05338,-0.05044,-0.04067,-0.03181
985.09,-0.05537,-0.05481,-0.05412,-0.05276,-0.04222,-0.03301
985.38,-0.05642,-0.05559,-0.05537,-0.05474,-0.04296,-0.03261
985.67,-0.05907,-0.05743,-0.05598,-0.05557,-0.04404,-0.03409
985.96,-0.06104,-0.05819,-0.06006,-0.05753,-0.0457,-0.03594
986.26,-0.06157,-0.05821,-0.06155,-0.05797,-0.04454,-0.03795
986.55,-0.06435,-0.06104,-0.06536,-0.05969,-0.04725,-0.03987
986.84,-0.06441,-0.05981,-0.0667,-0.05487,-0.04637,-0.04103
987.13,-0.06386,-0.05932,-0.06732,-0.05449,-0.04427,-0.04037
987.42,-0.06492,-0.06194,-0.07091,-0.05595,-0.04424,-0.043
987.71,-0.06448,-0.0622,-0.07205,-0.05528,-0.04459,-0.04479
988,-0.0645,-0.06257,-0.06964,-0.05632,-0.0458,-0.04665
988.29,-0.06203,-0.0628,-0.06712,-0.05391,-0.04534,-0.0462
988.58,-0.06196,-0.06252,-0.06472,-0.05666,-0.04517,-0.04593
988.87,-0.06522,-0.06506,-0.06544,-0.06171,-0.04881,-0.04572
989.16,-0.06485,-0.06681,-0.06755,-0.06342,-0.05078,-0.04685
989.46,-0.06693,-0.06572,-0.06585,-0.06484,-0.0532,-0.04606
989.75,-0.07132,-0.06744,-0.06752,-0.06832,-0.05576,-0.04657
990.04,-0.07134,-0.06684,-0.0664,-0.06697,-0.05228,-0.04277
990.33,-0.07446,-0.06743,-0.0675,-0.06818,-0.05391,-0.04305
990.62,-0.07542,-0.06898,-0.0678,-0.06773,-0.05508,-0.04379
990.91,-0.07334,-0.06872,-0.07008,-0.06823,-0.05471,-0.04353
991.2,-0.07597,-0.07028,-0.06992,-0.06852,-0.056,-0.04391
991.49,-0.07365,-0.07092,-0.06875,-0.06838,-0.0547,-0.0453
991.78,-0.06942,-0.06933,-0.06657,-0.06255,-0.0511,-0.04334
992.07,-0.07239,-0.07455,-0.07042,-0.06517,-0.05712,-0.04764
992.36,-0.07304,-0.07671,-0.07359,-0.06895,-0.05827,-0.04985
992.65,-0.07407,-0.07559,-0.07524,-0.06925,-0.05847,-0.04864
992.94,-0.07481,-0.07437,-0.07361,-0.06956,-0.0586,-0.04806
993.23,-0.0736,-0.07231,-0.0743,-0.06857,-0.05812,-0.04876
993.52,-0.07634,-0.07561,-0.0779,-0.07172,-0.05977,-0.0499
993.81,-0.07975,-0.07722,-0.07846,-0.07808,-0.06437,-0.0526
994.1,-0.07969,-0.07652,-0.07891,-0.08022,-0.06226,-0.05334
994.39,-0.08082,-0.07886,-0.07805,-0.08225,-0.06528,-0.05369
994.68,-0.07908,-0.07777,-0.07631,-0.08117,-0.06334,-0.05222
994.96,-0.07929,-0.07997,-0.0796,-0.07908,-0.06171,-0.05377
995.25,-0.08243,-0.08134,-0.07976,-0.08134,-0.06177,-0.05521
995.54,-0.08154,-0.07715,-0.0775,-0.07763,-0.06205,-0.05464
995.83,-0.08207,-0.0802,-0.07851,-0.08019,-0.06161,-0.05522
996.12,-0.08474,-0.08097,-0.07948,-0.07854,-0.06384,-0.05629
996.41,-0.08571,-0.07873,-0.07996,-0.07584,-0.06258,-0.05717
996.7,-0.08621,-0.08227,-0.08199,-0.07747,-0.06426,-0.05925
996.99,-0.0878,-0.08571,-0.08223,-0.08358,-0.06979,-0.06213
997.28,-0.08522,-0.08609,-0.08188,-0.08451,-0.06924,-0.06116
997.57,-0.08307,-0.08618,-0.08188,-0.0817,-0.06741,-0.06017
997.86,-0.08535,-0.08579,-0.08595,-0.08117,-0.07051,-0.06212
998.15,-0.08394,-0.08443,-0.08589,-0.08109,-0.07175,-0.05896
998.43,-0.08396,-0.08521,-0.08575,-0.08281,-0.07113,-0.06081
998.72,-0.08509,-0.08643,-0.0844,-0.08279,-0.07012,-0.06226
999.01,-0.0875,-0.08912,-0.08687,-0.08413,-0.07092,-0.06454
999.3,-0.09077,-0.09241,-0.09129,-0.08532,-0.07673,-0.0703
999.59,-0.09643,-0.09652,-0.09429,-0.08876,-0.07923,-0.07107
999.88,-0.10056,-0.09742,-0.09577,-0.08706,-0.07908,-0.07206
1000.17,-0.10305,-0.10146,-0.10085,-0.08922,-0.07959,-0.07898
1000.45,-0.10319,-0.0998,-0.10367,-0.0905,-0.08264,-0.0762
1000.74,-0.10448,-0.10073,-0.10573,-0.0936,-0.08567,-0.0775
1001.03,-0.10697,-0.10019,-0.10271,-0.09172,-0.08656,-0.07661
1001.32,-0.10553,-0.09679,-0.09683,-0.08808,-0.08078,-0.07361
1001.61,-0.10493,-0.09439,-0.09789,-0.09014,-0.07806,-0.07447
1001.9,-0.10391,-0.09911,-0.09728,-0.09331,-0.08239,-0.07784
1002.18,-0.10467,-0.0999,-0.09541,-0.09449,-0.08309,-0.07582
1002.47,-0.10686,-0.10416,-0.09649,-0.0933,-0.08546,-0.08182
1002.76,-0.10582,-0.10652,-0.0985,-0.09457,-0.08839,-0.08534
1003.05,-0.10459,-0.10451,-0.10052,-0.09742,-0.08873,-0.08504
1003.34,-0.11228,-0.11052,-0.10849,-0.1008,-0.09476,-0.08563
1003.62,-0.11568,-0.11678,-0.11273,-0.10559,-0.10421,-0.08724
1003.91,-0.11591,-0.11625,-0.11367,-0.10379,-0.10269,-0.08465
1004.2,-0.11669,-0.11884,-0.11428,-0.10624,-0.10515,-0.08599
1004.49,-0.11289,-0.11611,-0.11073,-0.10485,-0.09959,-0.07982
1004.77,-0.11777,-0.11712,-0.11662,-0.10816,-0.10296,-0.081
1005.06,-0.11564,-0.11792,-0.11369,-0.10405,-0.1008,-0.08402
1005.35,-0.11261,-0.11872,-0.11409,-0.10526,-0.1037,-0.08892
1005.64,-0.10994,-0.1164,-0.11199,-0.10331,-0.10094,-0.09164
1005.92,-0.10538,-0.11319,-0.10992,-0.10602,-0.09878,-0.09107
1006.21,-0.10914,-0.11407,-0.11177,-0.10767,-0.09944,-0.09124
1006.5,-0.11636,-0.12086,-0.11654,-0.11366,-0.1036,-0.09417
1006.79,-0.11848,-0.12055,-0.11378,-0.11257,-0.10188,-0.09494
1007.07,-0.11964,-0.12526,-0.11879,-0.11975,-0.10996,-0.09545
1007.36,-0.12395,-0.1277,-0.11829,-0.12667,-0.10937,-0.09547
1007.65,-0.12635,-0.13209,-0.12186,-0.12645,-0.10919,-0.09702
1007.93,-0.13428,-0.13818,-0.1281,-0.13387,-0.11446,-0.10241
1008.22,-0.13316,-0.13597,-0.12233,-0.13309,-0.11522,-0.101
1008.51,-0.14193,-0.14473,-0.12952,-0.14001,-0.1252,-0.11216
1008.8,-0.14389,-0.14787,-0.1316,-0.14331,-0.12947,-0.11165
1009.08,-0.1479,-0.14565,-0.13358,-0.14334,-0.12713,-0.11425
1009.37,-0.1447,-0.14332,-0.13904,-0.14104,-0.13046,-0.11269
1009.66,-0.15005,-0.14116,-0.13565,-0.14464,-0.1349,-0.11175
1009.94,-0.14526,-0.13665,-0.13405,-0.13761,-0.12861,-0.10542
1010.23,-0.14739,-0.13973,-0.14268,-0.13992,-0.12813,-0.11146
1010.52,-0.14318,-0.13525,-0.14181,-0.13525,-0.12534,-0.1059
1010.8,-0.14238,-0.13779,-0.14531,-0.13805,-0.12107,-0.11082
1011.09,-0.15027,-0.14812,-0.1513,-0.14276,-0.12485,-0.1143
1011.37,-0.1568,-0.14855,-0.14983,-0.14372,-0.1223,-0.11964
1011.66,-0.15906,-0.15832,-0.15753,-0.14884,-0.12667,-0.12767
1011.95,-0.1545,-0.16173,-0.15778,-0.15087,-0.1305,-0.1331
1012.23,-0.15708,-0.16329,-0.1581,-0.154,-0.13643,-0.13851
1012.52,-0.16236,-0.16341,-0.16066,-0.15898,-0.13337,-0.13989
1012.8,-0.16387,-0.16497,-0.15973,-0.15429,-0.13746,-0.13809
1013.09,-0.16171,-0.15919,-0.15897,-0.15476,-0.13446,-0.13867
1013.38,-0.164,-0.16751,-0.16207,-0.1611,-0.13649,-0.13877
1013.66,-0.16312,-0.16617,-0.16278,-0.16086,-0.13562,-0.13862
1013.95,-0.17957,-0.17641,-0.17243,-0.17229,-0.14406,-0.14711
1014.23,-0.18069,-0.18179,-0.17611,-0.17534,-0.14194,-0.13963
1014.52,-0.17628,-0.18451,-0.17758,-0.175,-0.151,-0.14514
1014.81,-0.17449,-0.18228,-0.17936,-0.17976,-0.15087,-0.1442
1015.09,-0.18049,-0.18732,-0.18432,-0.18697,-0.15959,-0.14868
1015.38,-0.18128,-0.18628,-0.18411,-0.18529,-0.1667,-0.1472
1015.66,-0.18114,-0.18045,-0.18127,-0.18112,-0.1662,-0.1433
1015.95,-0.17899,-0.17539,-0.1813,-0.17729,-0.16628,-0.14242
1016.23,-0.17631,-0.17263,-0.1816,-0.17924,-0.168,-0.15027
1016.52,-0.18488,-0.17431,-0.18552,-0.18705,-0.17109,-0.15317
1016.8,-0.19171,-0.17959,-0.18854,-0.18872,-0.17408,-0.16024
1017.09,-0.18817,-0.18015,-0.1841,-0.18022,-0.16982,-0.15722
1017.37,-0.19137,-0.18379,-0.18975,-0.18051,-0.17326,-0.16583
1017.66,-0.19605,-0.19582,-0.20036,-0.18937,-0.18075,-0.17309
1017.94,-0.19198,-0.19046,-0.19255,-0.18628,-0.17457,-0.16546
1018.23,-0.19472,-0.19372,-0.1947,-0.18062,-0.18188,-0.17222
1018.51,-0.19335,-0.19752,-0.19273,-0.17485,-0.17892,-0.17142
1018.8,-0.19379,-0.19255,-0.18648,-0.17642,-0.17817,-0.16504
1019.08,-0.19292,-0.19028,-0.18938,-0.17279,-0.17635,-0.16646
1019.37,-0.18836,-0.19004,-0.18042,-0.17152,-0.16781,-0.16172
1019.65,-0.18989,-0.18664,-0.17456,-0.17517,-0.16625,-0.1646
1019.94,-0.20212,-0.20199,-0.1879,-0.18282,-0.18238,-0.17704
1020.22,-0.19863,-0.19706,-0.18444,-0.18062,-0.17062,-0.16424
1020.51,-0.19647,-0.18672,-0.18039,-0.17931,-0.16467,-0.16395
1020.79,-0.20714,-0.19748,-0.19925,-0.18967,-0.17716,-0.17697
1021.08,-0.21129,-0.20399,-0.20579,-0.2038,-0.18534,-0.18175
1021.36,-0.21841,-0.2126,-0.22135,-0.21431,-0.19845,-0.19274
1021.64,-0.22794,-0.21953,-0.22856,-0.22179,-0.20905,-0.19681
1021.93,-0.22696,-0.20998,-0.22944,-0.22115,-0.20155,-0.19476
1022.21,-0.24205,-0.21457,-0.24366,-0.23326,-0.21368,-0.20456
1022.5,-0.24952,-0.21924,-0.25726,-0.2414,-0.22199,-0.20592
1022.78,-0.25203,-0.18884,-0.25851,-0.22052,-0.2018,-0.1892
1023.07,-0.25203,-0.18884,-0.25851,-0.22052,-0.2018,-0.1892
1023.35,-0.25203,-0.18884,-0.25851,-0.22052,-0.2018,-0.1892