EXMPC,0,0,0,0,0,0
WAC,0,0,0,0,0,0
G06,0,0,0,0,0,0
670,0,0,0,0,0,0
12,0,0,0,0,0,0
nm,0,0,0,0,0,0
Angular Dependence,0,0,0,0,0,0
Wavelengths,0,8,16,24,32,40
360.52,-0.70301,-0.65869,-0.75357,-0.73459,-0.75578,-0.75598
360.9,-0.67582,-0.63656,-0.72819,-0.70833,-0.72898,-0.72432
361.27,-0.67969,-0.62251,-0.71297,-0.69257,-0.7085,-0.69684
361.65,-0.6369,-0.6044,-0.67159,-0.67184,-0.68174,-0.70359
362.02,-0.59931,-0.57831,-0.63569,-0.6509,-0.63003,-0.67076
362.4,-0.59864,-0.57329,-0.63315,-0.6582,-0.63581,-0.6621
362.77,-0.60591,-0.5931,-0.63266,-0.66783,-0.6444,-0.66433
363.15,-0.61211,-0.59208,-0.6348,-0.66511,-0.62523,-0.67108
363.52,-0.62202,-0.60538,-0.64737,-0.68508,-0.64402,-0.67031
363.9,-0.59701,-0.59033,-0.62832,-0.66431,-0.61382,-0.65682
364.27,-0.60897,-0.5803,-0.6298,-0.66523,-0.61839,-0.65058
364.64,-0.61817,-0.60179,-0.63936,-0.67024,-0.6308,-0.64927
365.02,-0.58171,-0.58336,-0.60424,-0.63675,-0.60088,-0.62931
365.39,-0.63171,-0.60815,-0.62476,-0.65802,-0.63226,-0.65885
365.77,-0.61555,-0.59418,-0.62607,-0.63927,-0.62789,-0.64153
366.14,-0.61355,-0.59239,-0.62776,-0.62818,-0.62213,-0.64872
366.52,-0.61315,-0.59339,-0.6027,-0.61998,-0.62184,-0.64025
366.89,-0.58033,-0.5756,-0.58905,-0.59966,-0.59164,-0.62128
367.26,-0.54107,-0.53573,-0.55719,-0.56424,-0.56558,-0.59833
367.64,-0.53159,-0.51208,-0.54626,-0.54719,-0.55627,-0.57504
368.01,-0.4882,-0.48114,-0.52408,-0.52565,-0.53145,-0.54516
368.39,-0.46428,-0.45576,-0.49487,-0.50513,-0.51005,-0.52636
368.76,-0.44153,-0.42797,-0.46829,-0.47969,-0.49299,-0.4951
369.13,-0.42834,-0.41063,-0.46815,-0.47354,-0.49338,-0.48011
369.51,-0.41774,-0.4061,-0.43593,-0.46013,-0.47588,-0.45331
369.88,-0.43113,-0.39545,-0.43583,-0.45848,-0.48299,-0.45201
370.25,-0.42172,-0.39002,-0.42625,-0.44862,-0.46461,-0.44505
370.63,-0.3995,-0.36807,-0.3948,-0.42122,-0.43542,-0.424
371,-0.37922,-0.36537,-0.36749,-0.40393,-0.41308,-0.39482
371.38,-0.36265,-0.36079,-0.34763,-0.3906,-0.39822,-0.38226
371.75,-0.34696,-0.3552,-0.33666,-0.37341,-0.37763,-0.37699
372.12,-0.33739,-0.34385,-0.33168,-0.37118,-0.37574,-0.37439
372.5,-0.30505,-0.32844,-0.31113,-0.35594,-0.34572,-0.36068
372.87,-0.29551,-0.32819,-0.29719,-0.34957,-0.34222,-0.35844
373.24,-0.30124,-0.33189,-0.30699,-0.35492,-0.34433,-0.3569
373.62,-0.30489,-0.31963,-0.30076,-0.35263,-0.33783,-0.36588
373.99,-0.29177,-0.30215,-0.28022,-0.34121,-0.32314,-0.35091
374.36,-0.27732,-0.28662,-0.26922,-0.32296,-0.29981,-0.33556
374.74,-0.26055,-0.27369,-0.26265,-0.29949,-0.28304,-0.31954
375.11,-0.26819,-0.27647,-0.25344,-0.28622,-0.28402,-0.31028
375.48,-0.26458,-0.26419,-0.25771,-0.27556,-0.2765,-0.29267
375.86,-0.25392,-0.25387,-0.24655,-0.26462,-0.26792,-0.28394
376.23,-0.23593,-0.24297,-0.23716,-0.25509,-0.25982,-0.26613
376.6,-0.23669,-0.2417,-0.24823,-0.25606,-0.25729,-0.27184
376.98,-0.23464,-0.24121,-0.24472,-0.259,-0.25764,-0.26901
377.35,-0.23776,-0.23659,-0.23751,-0.25924,-0.25657,-0.26517
377.72,-0.22265,-0.22229,-0.23389,-0.25177,-0.2504,-0.26137
378.1,-0.21386,-0.21796,-0.22849,-0.249,-0.2462,-0.25753
378.47,-0.20919,-0.21157,-0.22702,-0.23768,-0.23951,-0.2507
378.84,-0.2107,-0.21149,-0.23674,-0.23761,-0.23981,-0.25012
379.22,-0.20826,-0.20907,-0.22996,-0.22851,-0.23295,-0.23992
379.59,-0.20202,-0.1981,-0.2223,-0.22236,-0.22557,-0.22912
379.96,-0.19232,-0.19247,-0.21863,-0.21674,-0.21796,-0.22279
380.33,-0.18927,-0.1932,-0.21403,-0.21969,-0.20989,-0.21527
380.71,-0.18525,-0.18698,-0.20665,-0.21739,-0.20345,-0.21037
381.08,-0.17788,-0.18269,-0.199,-0.21479,-0.19889,-0.20623
381.45,-0.17914,-0.1855,-0.19372,-0.21284,-0.19432,-0.2024
381.83,-0.17244,-0.17395,-0.18935,-0.204,-0.18717,-0.19907
382.2,-0.16469,-0.1728,-0.18451,-0.19532,-0.18727,-0.19313
382.57,-0.16405,-0.17283,-0.18199,-0.19243,-0.18598,-0.19318
382.94,-0.16013,-0.1674,-0.17942,-0.18592,-0.18219,-0.19159
383.32,-0.16198,-0.17189,-0.17998,-0.18086,-0.17824,-0.19175
383.69,-0.15693,-0.16516,-0.17286,-0.17779,-0.17533,-0.18799
384.06,-0.1471,-0.15493,-0.16701,-0.17013,-0.17067,-0.18025
384.43,-0.14693,-0.15713,-0.16216,-0.16686,-0.17188,-0.17711
384.81,-0.14747,-0.15449,-0.16131,-0.16343,-0.16757,-0.17672
385.18,-0.14031,-0.14593,-0.15264,-0.15745,-0.16141,-0.16459
385.55,-0.13657,-0.14154,-0.14892,-0.15018,-0.15506,-0.15812
385.92,-0.12853,-0.13013,-0.1411,-0.14254,-0.14645,-0.15268
386.3,-0.12713,-0.13039,-0.13856,-0.13924,-0.14006,-0.1477
386.67,-0.12799,-0.1281,-0.13567,-0.13395,-0.13884,-0.14832
387.04,-0.11694,-0.11617,-0.12761,-0.1261,-0.12862,-0.1356
387.41,-0.11513,-0.11463,-0.12529,-0.12522,-0.12765,-0.13026
387.78,-0.11592,-0.11754,-0.12497,-0.1236,-0.12468,-0.13295
388.16,-0.11778,-0.1176,-0.12683,-0.12443,-0.12632,-0.13312
388.53,-0.11833,-0.11829,-0.12594,-0.1238,-0.12706,-0.13115
388.9,-0.11598,-0.11745,-0.12534,-0.12316,-0.12601,-0.13159
389.27,-0.11122,-0.11462,-0.11961,-0.12014,-0.12092,-0.12361
389.65,-0.11165,-0.11695,-0.11986,-0.12403,-0.1198,-0.12536
390.02,-0.10755,-0.11132,-0.11542,-0.12243,-0.11281,-0.12196
390.39,-0.10464,-0.10415,-0.11303,-0.11483,-0.11126,-0.11616
390.76,-0.10083,-0.10094,-0.10762,-0.11106,-0.10938,-0.11114
391.13,-0.10004,-0.09723,-0.10326,-0.1096,-0.1084,-0.10893
391.5,-0.09887,-0.09646,-0.09885,-0.10878,-0.10734,-0.10845
391.88,-0.09791,-0.09347,-0.09864,-0.10753,-0.10505,-0.10845
392.25,-0.09818,-0.09238,-0.09946,-0.10386,-0.10595,-0.10758
392.62,-0.09814,-0.09237,-0.09889,-0.10351,-0.10713,-0.10885
392.99,-0.0976,-0.09377,-0.09908,-0.10593,-0.1067,-0.10995
393.36,-0.09647,-0.09225,-0.09679,-0.10539,-0.10381,-0.10789
393.73,-0.09403,-0.09388,-0.09642,-0.10292,-0.10099,-0.10497
394.11,-0.08822,-0.08702,-0.09454,-0.09584,-0.09489,-0.09741
394.48,-0.08371,-0.08635,-0.0926,-0.09341,-0.09286,-0.09521
394.85,-0.08049,-0.08621,-0.08804,-0.09053,-0.09139,-0.09421
395.22,-0.07883,-0.08465,-0.0872,-0.0879,-0.08949,-0.09313
395.59,-0.07903,-0.08126,-0.08483,-0.08872,-0.08853,-0.09114
395.96,-0.07719,-0.08028,-0.08391,-0.08623,-0.08645,-0.09123
396.33,-0.07439,-0.0773,-0.08304,-0.08428,-0.08507,-0.08904
396.71,-0.07553,-0.07854,-0.08283,-0.0853,-0.08884,-0.09091
397.08,-0.07558,-0.0772,-0.07943,-0.083,-0.08523,-0.08932
397.45,-0.07461,-0.07207,-0.07704,-0.0821,-0.08092,-0.08587
397.82,-0.0719,-0.06896,-0.07294,-0.07801,-0.07591,-0.07909
398.19,-0.06986,-0.0693,-0.07206,-0.07453,-0.07296,-0.07745
398.56,-0.06935,-0.06834,-0.07063,-0.07316,-0.07159,-0.07475
398.93,-0.06765,-0.06655,-0.07053,-0.07282,-0.07214,-0.07544
399.3,-0.06557,-0.06667,-0.06919,-0.07122,-0.07028,-0.07235
399.68,-0.06531,-0.06404,-0.07003,-0.07148,-0.06989,-0.07199
400.05,-0.06419,-0.0647,-0.0696,-0.0704,-0.07014,-0.07248
400.42,-0.06336,-0.06503,-0.06925,-0.0709,-0.07045,-0.07454
400.79,-0.06038,-0.06263,-0.06639,-0.06948,-0.06875,-0.07258
401.16,-0.05856,-0.06023,-0.06496,-0.06788,-0.06778,-0.07227
401.53,-0.05941,-0.05954,-0.06223,-0.06558,-0.06468,-0.06998
401.9,-0.05893,-0.05775,-0.06084,-0.06356,-0.06235,-0.06763
402.27,-0.0582,-0.05891,-0.06044,-0.06238,-0.0623,-0.06675
402.64,-0.05677,-0.05829,-0.05969,-0.06056,-0.06142,-0.06408
403.01,-0.05579,-0.05645,-0.05748,-0.0585,-0.05974,-0.06118
403.38,-0.05555,-0.05449,-0.05722,-0.05763,-0.05929,-0.0593
403.75,-0.05389,-0.05315,-0.05657,-0.05644,-0.05815,-0.05656
404.12,-0.05318,-0.05284,-0.05736,-0.05692,-0.05854,-0.05537
404.5,-0.05448,-0.05312,-0.05778,-0.05932,-0.05918,-0.05663
404.87,-0.05597,-0.05188,-0.05796,-0.06067,-0.06015,-0.0559
405.24,-0.05621,-0.05173,-0.058,-0.0613,-0.05887,-0.05581
405.61,-0.05696,-0.05259,-0.05976,-0.06085,-0.05986,-0.058
405.98,-0.0562,-0.05403,-0.05918,-0.06041,-0.0589,-0.05816
406.35,-0.05619,-0.05488,-0.05789,-0.06186,-0.0573,-0.05869
406.72,-0.05452,-0.05417,-0.05661,-0.06041,-0.05637,-0.05879
407.09,-0.05328,-0.05153,-0.05452,-0.05903,-0.05389,-0.0571
407.46,-0.04862,-0.04933,-0.05231,-0.05605,-0.05078,-0.05476
407.83,-0.04788,-0.04789,-0.05148,-0.05447,-0.04923,-0.0536
408.2,-0.04516,-0.04611,-0.04956,-0.05297,-0.0469,-0.0508
408.57,-0.04474,-0.04694,-0.04992,-0.05178,-0.0462,-0.0495
408.94,-0.04448,-0.04621,-0.04959,-0.04943,-0.04579,-0.04796
409.31,-0.04345,-0.04342,-0.0469,-0.04804,-0.04336,-0.04542
409.68,-0.04105,-0.04243,-0.04588,-0.04546,-0.04206,-0.04426
410.05,-0.04145,-0.04173,-0.04493,-0.04457,-0.04264,-0.0443
410.42,-0.04061,-0.04123,-0.04442,-0.04475,-0.04355,-0.04454
410.79,-0.04106,-0.04129,-0.04423,-0.04519,-0.04404,-0.04535
411.16,-0.04009,-0.039,-0.04224,-0.04393,-0.0435,-0.04503
411.53,-0.03845,-0.03869,-0.04149,-0.04398,-0.04448,-0.04475
411.9,-0.03861,-0.03996,-0.04142,-0.04412,-0.04451,-0.0452
412.27,-0.03817,-0.03881,-0.03978,-0.04287,-0.04309,-0.04445
412.64,-0.03766,-0.03912,-0.03832,-0.04251,-0.04131,-0.04297
413.01,-0.0381,-0.03938,-0.03854,-0.04178,-0.03993,-0.04177
413.38,-0.0372,-0.03815,-0.03749,-0.04029,-0.03837,-0.04009
413.75,-0.03691,-0.03709,-0.03726,-0.04002,-0.0376,-0.03944
414.12,-0.0356,-0.03494,-0.03617,-0.03767,-0.03494,-0.03778
414.49,-0.03335,-0.03319,-0.03515,-0.03602,-0.03357,-0.03631
414.86,-0.03337,-0.03311,-0.03537,-0.03614,-0.03359,-0.03553
415.23,-0.03202,-0.03119,-0.03425,-0.03532,-0.03316,-0.03438
415.6,-0.03032,-0.02975,-0.03243,-0.03465,-0.03207,-0.0326
415.96,-0.03017,-0.02983,-0.0315,-0.03448,-0.03272,-0.0323
416.33,-0.02956,-0.02963,-0.03108,-0.03387,-0.03271,-0.03183
416.7,-0.02962,-0.02959,-0.03034,-0.03413,-0.03225,-0.03147
417.07,-0.02996,-0.02975,-0.03032,-0.03448,-0.03278,-0.03168
417.44,-0.02938,-0.02962,-0.02961,-0.03366,-0.03249,-0.03172
417.81,-0.02965,-0.03009,-0.02971,-0.03293,-0.03153,-0.03158
418.18,-0.02939,-0.02953,-0.02967,-0.03219,-0.03135,-0.03247
418.55,-0.02843,-0.0287,-0.03017,-0.03154,-0.02966,-0.03139
418.92,-0.02873,-0.02905,-0.03006,-0.03212,-0.02969,-0.03141
419.29,-0.02863,-0.02875,-0.03017,-0.03154,-0.02985,-0.03106
419.66,-0.02801,-0.02788,-0.02925,-0.03037,-0.02826,-0.03005
420.03,-0.02722,-0.02669,-0.02903,-0.02992,-0.02751,-0.02855
420.39,-0.02668,-0.02674,-0.0295,-0.02976,-0.02813,-0.02903
420.76,-0.02615,-0.02689,-0.02967,-0.02936,-0.02833,-0.02854
421.13,-0.02569,-0.02582,-0.02855,-0.02932,-0.02785,-0.02777
421.5,-0.02477,-0.02512,-0.02799,-0.02842,-0.02709,-0.02724
421.87,-0.02384,-0.02426,-0.02696,-0.02816,-0.02656,-0.02656
422.24,-0.02399,-0.02413,-0.02674,-0.02749,-0.02649,-0.02627
422.61,-0.02421,-0.02435,-0.02668,-0.02691,-0.0266,-0.02652
422.98,-0.02432,-0.02399,-0.02634,-0.02716,-0.02639,-0.02558
423.35,-0.02466,-0.0244,-0.02536,-0.02704,-0.02667,-0.02506
423.71,-0.02413,-0.02493,-0.0254,-0.0268,-0.02684,-0.02559
424.08,-0.0236,-0.02376,-0.0243,-0.02573,-0.02576,-0.02445
424.45,-0.02376,-0.02343,-0.02429,-0.02503,-0.02491,-0.02429
424.82,-0.02329,-0.02326,-0.02468,-0.02545,-0.02457,-0.02399
425.19,-0.02258,-0.02262,-0.02394,-0.02505,-0.02358,-0.02335
425.56,-0.02151,-0.02196,-0.02317,-0.02363,-0.02236,-0.02352
425.93,-0.02126,-0.02067,-0.0225,-0.02293,-0.0211,-0.02316
426.29,-0.0214,-0.02023,-0.02188,-0.02236,-0.02073,-0.02255
426.66,-0.02158,-0.02069,-0.02219,-0.02263,-0.02087,-0.02277
427.03,-0.02072,-0.02055,-0.0221,-0.02232,-0.02054,-0.02256
427.4,-0.01981,-0.01978,-0.02122,-0.02105,-0.01977,-0.0221
427.77,-0.01945,-0.02006,-0.02148,-0.02095,-0.01967,-0.02232
428.14,-0.01888,-0.0194,-0.02054,-0.02056,-0.0193,-0.02128
428.5,-0.01837,-0.01927,-0.02052,-0.02022,-0.01918,-0.0214
428.87,-0.01797,-0.01861,-0.01997,-0.01982,-0.01896,-0.0208
429.24,-0.01752,-0.01787,-0.01946,-0.01938,-0.01868,-0.02028
429.61,-0.01802,-0.01826,-0.01905,-0.01935,-0.01878,-0.02013
429.98,-0.01801,-0.01795,-0.01859,-0.01954,-0.01905,-0.01975
430.34,-0.01771,-0.01739,-0.01809,-0.0191,-0.01893,-0.01944
430.71,-0.01761,-0.0175,-0.01844,-0.0191,-0.01902,-0.01982
431.08,-0.01696,-0.01678,-0.01789,-0.01846,-0.01829,-0.01855
431.45,-0.01621,-0.01639,-0.01788,-0.01823,-0.01792,-0.01841
431.82,-0.01542,-0.01529,-0.01766,-0.01757,-0.01675,-0.01768
432.18,-0.01492,-0.01461,-0.01719,-0.01728,-0.01625,-0.01734
432.55,-0.01476,-0.01412,-0.01702,-0.01688,-0.01586,-0.01694
432.92,-0.0142,-0.01332,-0.01586,-0.01583,-0.01496,-0.01598
433.29,-0.01417,-0.01304,-0.01529,-0.01534,-0.01462,-0.01564
433.65,-0.01405,-0.01292,-0.01496,-0.01514,-0.01405,-0.0156
434.02,-0.01439,-0.01333,-0.01452,-0.01498,-0.01403,-0.01545
434.39,-0.01449,-0.01413,-0.0142,-0.01529,-0.01448,-0.01563
434.76,-0.01411,-0.01371,-0.01428,-0.0147,-0.01442,-0.01513
435.12,-0.01429,-0.01443,-0.01462,-0.01489,-0.01453,-0.01516
435.49,-0.01445,-0.01505,-0.01522,-0.01579,-0.01499,-0.01555
435.86,-0.01443,-0.01489,-0.01524,-0.01602,-0.01477,-0.01519
436.23,-0.01435,-0.01484,-0.01519,-0.01601,-0.01516,-0.01547
436.59,-0.01434,-0.01443,-0.01512,-0.01576,-0.01484,-0.01527
436.96,-0.01357,-0.01391,-0.01472,-0.01526,-0.0146,-0.0149
437.33,-0.01365,-0.01415,-0.01438,-0.01556,-0.01418,-0.01502
437.7,-0.01331,-0.01367,-0.01376,-0.01519,-0.01408,-0.01499
438.06,-0.01326,-0.01328,-0.01352,-0.01452,-0.01371,-0.01461
438.43,-0.01275,-0.01313,-0.01342,-0.01413,-0.01348,-0.01427
438.8,-0.01314,-0.01355,-0.01384,-0.01449,-0.0137,-0.01444
439.16,-0.013,-0.01312,-0.01363,-0.01392,-0.01348,-0.01426
439.53,-0.01312,-0.01344,-0.01363,-0.01355,-0.01315,-0.0144
439.9,-0.01279,-0.01313,-0.01326,-0.013,-0.0131,-0.01372
440.27,-0.0125,-0.01302,-0.01303,-0.01276,-0.01255,-0.0135
440.63,-0.01231,-0.01296,-0.01261,-0.0128,-0.01269,-0.0134
441,-0.0126,-0.01317,-0.01244,-0.01286,-0.01282,-0.01358
441.37,-0.01182,-0.01275,-0.01196,-0.01228,-0.0124,-0.01313
441.73,-0.01137,-0.01271,-0.01204,-0.01247,-0.0122,-0.01315
442.1,-0.0113,-0.01227,-0.01177,-0.0122,-0.01202,-0.01265
442.47,-0.01136,-0.01219,-0.012,-0.01205,-0.01171,-0.01309
442.83,-0.01137,-0.012,-0.01224,-0.01184,-0.01156,-0.01285
443.2,-0.01141,-0.01171,-0.0126,-0.01148,-0.01133,-0.01254
443.57,-0.01132,-0.0115,-0.01263,-0.01124,-0.0113,-0.01236
443.93,-0.01137,-0.01139,-0.01228,-0.01111,-0.01085,-0.01193
444.3,-0.01133,-0.0111,-0.01195,-0.01085,-0.01053,-0.01157
444.67,-0.01143,-0.0109,-0.01181,-0.01073,-0.01033,-0.01176
445.03,-0.01146,-0.01078,-0.0119,-0.01104,-0.0105,-0.01174
445.4,-0.01131,-0.01096,-0.01183,-0.01132,-0.01074,-0.01191
445.77,-0.0111,-0.01083,-0.0114,-0.01118,-0.0104,-0.01203
446.13,-0.01085,-0.0106,-0.01103,-0.011,-0.01002,-0.01197
446.5,-0.01072,-0.01037,-0.01103,-0.01075,-0.00997,-0.01198
446.87,-0.01052,-0.01024,-0.01082,-0.0105,-0.01003,-0.01163
447.23,-0.01065,-0.01051,-0.01114,-0.01117,-0.01055,-0.01174
447.6,-0.01042,-0.0103,-0.01098,-0.01095,-0.0106,-0.01175
447.96,-0.01041,-0.00985,-0.01072,-0.01047,-0.01045,-0.01152
448.33,-0.01033,-0.01007,-0.01084,-0.01064,-0.01077,-0.01123
448.7,-0.01055,-0.00998,-0.01085,-0.0107,-0.01106,-0.01106
449.06,-0.01026,-0.00956,-0.01046,-0.01068,-0.01072,-0.01073
449.43,-0.0102,-0.00972,-0.01043,-0.01065,-0.01067,-0.01083
449.79,-0.00996,-0.00941,-0.01004,-0.01004,-0.01012,-0.01057
450.16,-0.00978,-0.0094,-0.00958,-0.01,-0.0102,-0.0102
450.53,-0.00967,-0.00953,-0.00938,-0.01003,-0.01,-0.01004
450.89,-0.00923,-0.00893,-0.00894,-0.00958,-0.0093,-0.00984
451.26,-0.00864,-0.00858,-0.00877,-0.00938,-0.00869,-0.00949
451.62,-0.00891,-0.00896,-0.00916,-0.00955,-0.00909,-0.00957
451.99,-0.00873,-0.00877,-0.00909,-0.00942,-0.00886,-0.00939
452.36,-0.00838,-0.00874,-0.00891,-0.00929,-0.00886,-0.00889
452.72,-0.00849,-0.00881,-0.00903,-0.00934,-0.0087,-0.00882
453.09,-0.00829,-0.00865,-0.00873,-0.00894,-0.00861,-0.00841
453.45,-0.0087,-0.00906,-0.00907,-0.00947,-0.00895,-0.0085
453.82,-0.00893,-0.00921,-0.00908,-0.0094,-0.00923,-0.00865
454.18,-0.00871,-0.00918,-0.00871,-0.00904,-0.00901,-0.00877
454.55,-0.00859,-0.00901,-0.00836,-0.00885,-0.00878,-0.00866
454.92,-0.00873,-0.00865,-0.00832,-0.00884,-0.00834,-0.00878
455.28,-0.00838,-0.00829,-0.00819,-0.00848,-0.0079,-0.00858
455.65,-0.00809,-0.00795,-0.00826,-0.00837,-0.0077,-0.00861
456.01,-0.00782,-0.00755,-0.00814,-0.00802,-0.00772,-0.00852
456.38,-0.00783,-0.00755,-0.00807,-0.00815,-0.0075,-0.00863
456.74,-0.00769,-0.00736,-0.00809,-0.00817,-0.00737,-0.00823
457.11,-0.00756,-0.00737,-0.00812,-0.00831,-0.00739,-0.00819
457.47,-0.00748,-0.00752,-0.0081,-0.00832,-0.00752,-0.00821
457.84,-0.00757,-0.00765,-0.0079,-0.00826,-0.00733,-0.00808
458.2,-0.00765,-0.00757,-0.00757,-0.00814,-0.00717,-0.00802
458.57,-0.00744,-0.00745,-0.00718,-0.00777,-0.00664,-0.00779
458.93,-0.00702,-0.00712,-0.00671,-0.00724,-0.00621,-0.00713
459.3,-0.00691,-0.00705,-0.00651,-0.00708,-0.00611,-0.00712
459.66,-0.00687,-0.00701,-0.00651,-0.00706,-0.00618,-0.00705
460.03,-0.00679,-0.00683,-0.00644,-0.0068,-0.00608,-0.00681
460.39,-0.00638,-0.00648,-0.00617,-0.00651,-0.00606,-0.00645
460.76,-0.00641,-0.00654,-0.00647,-0.00665,-0.00616,-0.00644
461.12,-0.00661,-0.00654,-0.00651,-0.00677,-0.00622,-0.00649
461.49,-0.00651,-0.00643,-0.00643,-0.00668,-0.00641,-0.00638
461.85,-0.00649,-0.00622,-0.00643,-0.00668,-0.00631,-0.00626
462.22,-0.00666,-0.006,-0.00647,-0.00667,-0.0063,-0.0063
462.58,-0.00637,-0.00602,-0.00631,-0.0066,-0.00618,-0.00637
462.95,-0.00647,-0.00614,-0.00645,-0.00677,-0.00628,-0.00659
463.31,-0.00624,-0.00616,-0.00613,-0.0065,-0.0062,-0.00646
463.68,-0.00602,-0.00618,-0.00615,-0.00642,-0.0063,-0.00641
464.04,-0.0059,-0.00621,-0.00636,-0.00646,-0.00601,-0.00671
464.41,-0.00576,-0.006,-0.00622,-0.00632,-0.00593,-0.00668
464.77,-0.00551,-0.00616,-0.00616,-0.00625,-0.00589,-0.00653
465.13,-0.00532,-0.00597,-0.006,-0.00612,-0.00586,-0.00614
465.5,-0.00527,-0.0057,-0.00573,-0.00593,-0.0057,-0.006
465.86,-0.00534,-0.00565,-0.00569,-0.00603,-0.00561,-0.00596
466.23,-0.00507,-0.00544,-0.00543,-0.00593,-0.00533,-0.00587
466.59,-0.00521,-0.00552,-0.00546,-0.00596,-0.00556,-0.00576
466.96,-0.00523,-0.00565,-0.00561,-0.00599,-0.00556,-0.00567
467.32,-0.00511,-0.00539,-0.00528,-0.00561,-0.00532,-0.00544
467.68,-0.00527,-0.00541,-0.00523,-0.00556,-0.00517,-0.00543
468.05,-0.00513,-0.00536,-0.00529,-0.0055,-0.00505,-0.00544
468.41,-0.00495,-0.00515,-0.00527,-0.00535,-0.00503,-0.00532
468.78,-0.00498,-0.00518,-0.00534,-0.00532,-0.00501,-0.00525
469.14,-0.00434,-0.00449,-0.00471,-0.00477,-0.00447,-0.00479
469.5,-0.00408,-0.00427,-0.00442,-0.00461,-0.00419,-0.00465
469.87,-0.00397,-0.00424,-0.00444,-0.00462,-0.00409,-0.00464
470.23,-0.00386,-0.0042,-0.0044,-0.00462,-0.00418,-0.00465
470.6,-0.00384,-0.00416,-0.00436,-0.00442,-0.00404,-0.00448
470.96,-0.00385,-0.00407,-0.00436,-0.00452,-0.00398,-0.00444
471.32,-0.00384,-0.00386,-0.00412,-0.00444,-0.00393,-0.00422
471.69,-0.00407,-0.00429,-0.0045,-0.00472,-0.00417,-0.00444
472.05,-0.00408,-0.0042,-0.00441,-0.00462,-0.0042,-0.00436
472.42,-0.00411,-0.00419,-0.00444,-0.0046,-0.00424,-0.00433
472.78,-0.00408,-0.00415,-0.00446,-0.00464,-0.00419,-0.00442
473.14,-0.00397,-0.00407,-0.00444,-0.00467,-0.00431,-0.00432
473.51,-0.00373,-0.00392,-0.00418,-0.00439,-0.00408,-0.00414
473.87,-0.00346,-0.00383,-0.00408,-0.00423,-0.00396,-0.00407
474.23,-0.00357,-0.00376,-0.00401,-0.00422,-0.00401,-0.00412
474.6,-0.00348,-0.00378,-0.00393,-0.00421,-0.00392,-0.00407
474.96,-0.00348,-0.00364,-0.00392,-0.0042,-0.00384,-0.00409
475.32,-0.00339,-0.0035,-0.00383,-0.0041,-0.00372,-0.00386
475.69,-0.00336,-0.00344,-0.00377,-0.00402,-0.00357,-0.00391
476.05,-0.00331,-0.00344,-0.0037,-0.00398,-0.00354,-0.00377
476.41,-0.00345,-0.00348,-0.00376,-0.00385,-0.00354,-0.0037
476.78,-0.00331,-0.00341,-0.00361,-0.00377,-0.00343,-0.00349
477.14,-0.00317,-0.00325,-0.00346,-0.00363,-0.00331,-0.00337
477.5,-0.00309,-0.00326,-0.00335,-0.00342,-0.0032,-0.0032
477.87,-0.00296,-0.0032,-0.00322,-0.00314,-0.00311,-0.00308
478.23,-0.00302,-0.00324,-0.0032,-0.00314,-0.00311,-0.00299
478.59,-0.00302,-0.00318,-0.00322,-0.00307,-0.00309,-0.00297
478.96,-0.00289,-0.00316,-0.00314,-0.00312,-0.00305,-0.00298
479.32,-0.00289,-0.00312,-0.00316,-0.00312,-0.00306,-0.00289
479.68,-0.00299,-0.00315,-0.0033,-0.00308,-0.00308,-0.00294
480.04,-0.00295,-0.00309,-0.00328,-0.00315,-0.00302,-0.00293
480.41,-0.00294,-0.00296,-0.00326,-0.00323,-0.00301,-0.00286
480.77,-0.00287,-0.00289,-0.0031,-0.00315,-0.00294,-0.00284
481.13,-0.00294,-0.0029,-0.00303,-0.00316,-0.00281,-0.00279
481.5,-0.00294,-0.00279,-0.00299,-0.0031,-0.00276,-0.00274
481.86,-0.00288,-0.00271,-0.00288,-0.0029,-0.00254,-0.00268
482.22,-0.00284,-0.00268,-0.00276,-0.00287,-0.0025,-0.00258
482.58,-0.00284,-0.00265,-0.0027,-0.00291,-0.00254,-0.00247
482.95,-0.00276,-0.00265,-0.00261,-0.00286,-0.00241,-0.00241
483.31,-0.00261,-0.00265,-0.0026,-0.00276,-0.00228,-0.0023
483.67,-0.00235,-0.00253,-0.00248,-0.00268,-0.00227,-0.00227
484.03,-0.00221,-0.00244,-0.00246,-0.00261,-0.0021,-0.00217
484.4,-0.00214,-0.00244,-0.00241,-0.00267,-0.00215,-0.0021
484.76,-0.00195,-0.00239,-0.00232,-0.00259,-0.00211,-0.00204
485.12,-0.00175,-0.00233,-0.00215,-0.00242,-0.00201,-0.00202
485.48,-0.00177,-0.0024,-0.00215,-0.00242,-0.002,-0.00206
485.85,-0.00176,-0.00232,-0.00213,-0.00243,-0.002,-0.00204
486.21,-0.00192,-0.00238,-0.00226,-0.00244,-0.00202,-0.00204
486.57,-0.00198,-0.00241,-0.00216,-0.00243,-0.00211,-0.00205
486.93,-0.00197,-0.00225,-0.00213,-0.00237,-0.00205,-0.00202
487.29,-0.00211,-0.0022,-0.0022,-0.00236,-0.00198,-0.00203
487.66,-0.0022,-0.00209,-0.00226,-0.00234,-0.00196,-0.00194
488.02,-0.0023,-0.00195,-0.00237,-0.00235,-0.00201,-0.00198
488.38,-0.00223,-0.00178,-0.00229,-0.00229,-0.00194,-0.00193
488.74,-0.00214,-0.00169,-0.00223,-0.00224,-0.00184,-0.0019
489.1,-0.00208,-0.00161,-0.0023,-0.00226,-0.00184,-0.00191
489.47,-0.00204,-0.00167,-0.00234,-0.00225,-0.00186,-0.00189
489.83,-0.00199,-0.00162,-0.00225,-0.00221,-0.00184,-0.00173
490.19,-0.00195,-0.00164,-0.00225,-0.00215,-0.00179,-0.00175
490.55,-0.00178,-0.00163,-0.00215,-0.00208,-0.00174,-0.00165
490.91,-0.00174,-0.00175,-0.00219,-0.0021,-0.0018,-0.00164
491.27,-0.00162,-0.00183,-0.00219,-0.00209,-0.00186,-0.00164
491.64,-0.00151,-0.00194,-0.0022,-0.00204,-0.00184,-0.0016
492,-0.00144,-0.00198,-0.0022,-0.00204,-0.0018,-0.00163
492.36,-0.00131,-0.00205,-0.00223,-0.00202,-0.00181,-0.00169
492.72,-0.00122,-0.00201,-0.00222,-0.00203,-0.00177,-0.0017
493.08,-0.00127,-0.00207,-0.00223,-0.00203,-0.00178,-0.00174
493.44,-0.00139,-0.00211,-0.00223,-0.00208,-0.0018,-0.00179
493.81,-0.0015,-0.00205,-0.00217,-0.00204,-0.00176,-0.00177
494.17,-0.00163,-0.00198,-0.00208,-0.00205,-0.00165,-0.00172
494.53,-0.00173,-0.00198,-0.00204,-0.00204,-0.00162,-0.00169
494.89,-0.0018,-0.00191,-0.00195,-0.002,-0.00158,-0.00161
495.25,-0.00194,-0.00204,-0.00199,-0.00208,-0.00162,-0.00165
495.61,-0.00196,-0.00202,-0.00194,-0.00202,-0.00161,-0.0016
495.97,-0.00189,-0.00193,-0.00186,-0.00194,-0.00149,-0.00152
496.33,-0.00193,-0.00195,-0.00188,-0.00195,-0.00146,-0.00151
496.7,-0.00193,-0.00198,-0.00194,-0.00196,-0.00148,-0.00154
497.06,-0.00188,-0.00194,-0.00191,-0.00193,-0.00143,-0.00149
497.42,-0.00193,-0.00194,-0.00199,-0.00194,-0.00141,-0.00154
497.78,-0.0019,-0.00191,-0.00197,-0.00186,-0.00144,-0.00149
498.14,-0.00187,-0.00187,-0.00199,-0.00185,-0.00134,-0.00143
498.5,-0.00193,-0.00192,-0.00205,-0.00186,-0.0014,-0.00145
498.86,-0.00193,-0.00187,-0.00207,-0.00189,-0.0014,-0.00145
499.22,-0.00191,-0.00185,-0.00198,-0.00186,-0.00142,-0.0014
499.58,-0.00193,-0.00185,-0.00199,-0.00181,-0.00143,-0.00141
499.94,-0.00192,-0.00183,-0.00195,-0.00183,-0.00145,-0.00142
500.3,-0.00189,-0.00176,-0.00194,-0.00181,-0.00132,-0.00139
500.67,-0.00192,-0.00179,-0.00193,-0.00179,-0.00134,-0.00142
501.03,-0.00186,-0.00174,-0.00188,-0.00174,-0.00128,-0.00132
501.39,-0.00176,-0.00174,-0.00173,-0.00165,-0.00121,-0.00125
501.75,-0.00176,-0.00175,-0.00178,-0.0016,-0.0012,-0.00125
502.11,-0.00175,-0.00172,-0.00179,-0.00163,-0.00116,-0.00123
502.47,-0.00171,-0.00175,-0.00178,-0.00159,-0.00116,-0.00122
502.83,-0.00174,-0.00177,-0.00179,-0.00163,-0.00124,-0.00123
503.19,-0.00166,-0.00176,-0.00176,-0.00163,-0.00126,-0.00117
503.55,-0.00172,-0.00179,-0.00178,-0.00166,-0.00129,-0.00122
503.91,-0.00171,-0.00173,-0.00181,-0.00163,-0.00125,-0.00123
504.27,-0.00169,-0.00169,-0.00176,-0.00165,-0.00121,-0.00118
504.63,-0.00172,-0.00175,-0.00178,-0.0017,-0.00125,-0.00126
504.99,-0.00178,-0.00175,-0.00183,-0.00172,-0.00129,-0.00131
505.35,-0.00171,-0.00175,-0.00182,-0.00167,-0.00122,-0.00126
505.71,-0.00173,-0.0017,-0.00182,-0.00167,-0.00121,-0.00132
506.07,-0.00172,-0.00168,-0.00178,-0.00169,-0.0012,-0.00132
506.43,-0.00176,-0.00172,-0.00177,-0.00174,-0.00126,-0.00132
506.79,-0.00174,-0.0017,-0.00179,-0.00172,-0.00126,-0.00136
507.15,-0.00174,-0.00165,-0.00178,-0.00169,-0.00128,-0.00133
507.51,-0.00174,-0.00165,-0.00176,-0.00168,-0.00123,-0.00129
507.87,-0.00177,-0.00167,-0.00177,-0.0017,-0.00129,-0.00138
508.23,-0.00173,-0.00165,-0.00169,-0.00168,-0.0012,-0.00131
508.59,-0.00163,-0.00161,-0.00166,-0.00162,-0.00111,-0.00129
508.95,-0.0016,-0.00157,-0.00168,-0.00159,-0.00108,-0.00129
509.31,-0.00161,-0.00158,-0.00166,-0.00157,-0.00105,-0.00122
509.67,-0.00159,-0.00159,-0.00162,-0.00159,-0.00099,-0.00121
510.03,-0.0015,-0.00154,-0.00153,-0.00155,-0.00094,-0.00108
510.39,-0.00152,-0.00152,-0.00146,-0.00154,-0.00091,-0.00098
510.75,-0.00157,-0.00159,-0.00151,-0.00156,-0.00097,-0.00101
511.11,-0.00162,-0.00158,-0.00152,-0.00158,-0.00099,-0.00097
511.47,-0.00157,-0.00162,-0.00153,-0.00158,-0.00103,-0.001
511.83,-0.00157,-0.00169,-0.00154,-0.0016,-0.00106,-0.00105
512.19,-0.00154,-0.00168,-0.0015,-0.00154,-0.00103,-0.00097
512.55,-0.00158,-0.0017,-0.00153,-0.00156,-0.00106,-0.00105
512.91,-0.00152,-0.00163,-0.00151,-0.00147,-0.00098,-0.00105
513.27,-0.00153,-0.00162,-0.00153,-0.00145,-0.00098,-0.00105
513.62,-0.00154,-0.00168,-0.00158,-0.00148,-0.00099,-0.00108
513.98,-0.00154,-0.00163,-0.00153,-0.00146,-0.00094,-0.00103
514.34,-0.00154,-0.00153,-0.0015,-0.0014,-0.0009,-0.001
514.7,-0.00154,-0.00152,-0.00151,-0.0014,-0.00096,-0.00104
515.06,-0.0015,-0.00152,-0.00146,-0.00139,-0.00092,-0.00102
515.42,-0.00144,-0.00152,-0.00146,-0.00141,-0.00097,-0.00098
515.78,-0.00131,-0.00149,-0.00138,-0.00135,-0.00093,-0.0009
516.14,-0.00129,-0.00139,-0.0013,-0.00126,-0.0009,-0.00086
516.5,-0.00133,-0.00143,-0.00136,-0.00128,-0.00091,-0.00088
516.86,-0.00131,-0.00142,-0.00137,-0.0013,-0.00091,-0.00089
517.22,-0.00136,-0.00146,-0.00139,-0.00132,-0.00088,-0.00088
517.57,-0.0014,-0.00144,-0.00142,-0.00131,-0.00091,-0.00091
517.93,-0.00146,-0.00143,-0.00142,-0.00133,-0.00093,-0.00095
518.29,-0.00151,-0.00137,-0.00145,-0.00137,-0.00092,-0.00098
518.65,-0.00149,-0.00142,-0.00148,-0.00139,-0.00094,-0.00098
519.01,-0.00148,-0.00142,-0.00146,-0.0014,-0.00093,-0.00094
519.37,-0.00151,-0.0015,-0.00143,-0.00142,-0.00091,-0.00094
519.73,-0.00149,-0.00146,-0.00143,-0.00139,-0.00095,-0.00096
520.08,-0.00146,-0.00144,-0.00144,-0.00139,-0.00093,-0.00094
520.44,-0.00143,-0.00144,-0.0014,-0.00137,-0.00087,-0.00091
520.8,-0.0014,-0.00147,-0.00135,-0.0013,-0.00083,-0.00083
521.16,-0.00142,-0.00142,-0.00133,-0.00128,-0.00085,-0.00084
521.52,-0.00138,-0.00141,-0.00131,-0.00128,-0.00086,-0.00084
521.88,-0.00132,-0.00133,-0.00128,-0.0012,-0.00084,-0.00078
522.24,-0.00125,-0.0013,-0.00129,-0.0012,-0.00077,-0.00076
522.59,-0.00125,-0.00134,-0.00125,-0.0012,-0.00076,-0.00074
522.95,-0.00128,-0.00136,-0.00129,-0.00121,-0.00082,-0.00074
523.31,-0.0013,-0.00135,-0.00133,-0.00123,-0.00083,-0.00078
523.67,-0.00129,-0.00134,-0.00133,-0.00123,-0.00078,-0.00076
524.03,-0.00131,-0.00133,-0.00134,-0.00117,-0.00078,-0.00077
524.38,-0.00135,-0.00137,-0.00141,-0.00121,-0.00083,-0.00085
524.74,-0.00136,-0.00134,-0.00133,-0.00119,-0.00082,-0.00083
525.1,-0.00131,-0.00126,-0.0013,-0.00116,-0.00077,-0.00079
525.46,-0.00125,-0.00123,-0.00129,-0.00112,-0.00072,-0.00071
525.82,-0.00123,-0.00122,-0.00126,-0.00112,-0.00071,-0.00073
526.17,-0.00123,-0.00126,-0.00128,-0.00113,-0.00075,-0.00076
526.53,-0.0012,-0.00123,-0.00127,-0.00116,-0.00074,-0.00077
526.89,-0.00115,-0.00117,-0.00123,-0.00112,-0.00069,-0.00074
527.25,-0.00117,-0.00125,-0.00127,-0.00112,-0.00074,-0.00074
527.61,-0.0012,-0.00126,-0.0013,-0.00116,-0.00077,-0.00078
527.96,-0.00119,-0.00125,-0.0013,-0.00117,-0.00077,-0.0008
528.32,-0.00124,-0.00128,-0.00133,-0.00118,-0.00081,-0.00083
528.68,-0.0012,-0.00124,-0.00126,-0.00116,-0.00077,-0.00079
529.04,-0.00123,-0.00125,-0.00122,-0.00117,-0.00077,-0.00074
529.39,-0.00123,-0.00126,-0.00121,-0.00118,-0.0008,-0.00072
529.75,-0.00123,-0.00123,-0.00121,-0.00119,-0.00077,-0.00072
530.11,-0.00122,-0.00122,-0.00117,-0.00115,-0.00076,-0.0007
530.47,-0.00123,-0.00127,-0.00116,-0.00119,-0.00076,-0.00075
530.82,-0.00116,-0.00123,-0.00113,-0.00113,-0.00071,-0.00072
531.18,-0.00121,-0.00125,-0.00119,-0.00119,-0.00076,-0.00076
531.54,-0.00121,-0.00128,-0.00122,-0.00119,-0.00077,-0.00077
531.9,-0.00123,-0.00128,-0.00121,-0.00119,-0.00078,-0.00078
532.25,-0.00125,-0.00126,-0.00124,-0.00114,-0.00079,-0.00077
532.61,-0.00122,-0.00128,-0.00129,-0.00115,-0.0008,-0.00081
532.97,-0.0012,-0.00124,-0.00127,-0.00112,-0.00078,-0.00078
533.32,-0.00121,-0.0012,-0.00128,-0.00116,-0.00078,-0.00074
533.68,-0.0012,-0.00122,-0.00128,-0.00111,-0.00076,-0.00074
534.04,-0.00117,-0.00119,-0.00131,-0.0011,-0.00076,-0.00074
534.4,-0.0012,-0.00118,-0.00134,-0.00109,-0.00077,-0.0007
534.75,-0.00118,-0.00117,-0.00132,-0.00111,-0.0007,-0.00069
535.11,-0.00124,-0.00118,-0.00129,-0.0011,-0.0007,-0.00066
535.47,-0.00123,-0.00119,-0.00133,-0.00111,-0.00071,-0.00069
535.82,-0.00124,-0.00126,-0.00137,-0.00115,-0.00074,-0.00074
536.18,-0.00122,-0.00125,-0.00139,-0.00113,-0.00072,-0.00073
536.54,-0.00127,-0.00126,-0.00135,-0.00116,-0.00072,-0.00076
536.89,-0.00119,-0.00124,-0.00133,-0.00116,-0.00066,-0.00078
537.25,-0.00116,-0.00122,-0.00129,-0.00112,-0.00068,-0.00071
537.61,-0.00114,-0.0012,-0.0013,-0.00113,-0.00066,-0.00069
537.96,-0.00119,-0.00122,-0.00132,-0.00115,-0.00068,-0.0007
538.32,-0.00121,-0.00121,-0.00129,-0.00111,-0.0007,-0.00069
538.68,-0.00121,-0.0012,-0.00124,-0.00111,-0.00069,-0.00067
539.03,-0.00119,-0.00118,-0.0012,-0.00105,-0.00066,-0.00064
539.39,-0.00122,-0.0012,-0.00118,-0.00104,-0.00066,-0.00063
539.75,-0.00122,-0.00119,-0.00121,-0.00107,-0.00067,-0.00071
540.1,-0.00121,-0.00119,-0.0012,-0.00103,-0.00068,-0.00073
540.46,-0.00117,-0.00121,-0.00115,-0.00102,-0.00065,-0.00071
540.81,-0.00112,-0.00116,-0.00112,-0.00099,-0.00059,-0.00066
541.17,-0.00108,-0.00111,-0.0011,-0.00099,-0.00056,-0.00066
541.53,-0.00108,-0.00114,-0.00112,-0.00102,-0.00057,-0.00066
541.88,-0.00109,-0.00114,-0.00114,-0.00103,-0.0006,-0.00068
542.24,-0.00105,-0.00112,-0.00108,-0.00099,-0.00059,-0.00062
542.59,-0.00104,-0.0011,-0.00104,-0.00097,-0.00056,-0.00062
542.95,-0.00102,-0.00103,-0.00102,-0.00092,-0.00054,-0.00058
543.31,-0.00105,-0.00109,-0.00105,-0.00095,-0.00056,-0.0006
543.66,-0.00109,-0.00109,-0.00104,-0.00091,-0.0006,-0.0006
544.02,-0.00108,-0.00106,-0.00102,-0.00089,-0.00058,-0.0006
544.37,-0.00109,-0.00109,-0.00099,-0.00092,-0.00058,-0.00059
544.73,-0.00114,-0.00114,-0.001,-0.00094,-0.0006,-0.00062
545.09,-0.00116,-0.00113,-0.00103,-0.00097,-0.00062,-0.00062
545.44,-0.00116,-0.00118,-0.00105,-0.001,-0.00066,-0.0006
545.8,-0.00117,-0.00119,-0.00106,-0.001,-0.00065,-0.00059
546.15,-0.00117,-0.0012,-0.00111,-0.00103,-0.00065,-0.00055
546.51,-0.00116,-0.00123,-0.00114,-0.00106,-0.00068,-0.00048
546.86,-0.00114,-0.00116,-0.00115,-0.00104,-0.00064,-0.00039
547.22,-0.00111,-0.00112,-0.00119,-0.00105,-0.0006,-0.00025
547.58,-0.00112,-0.00114,-0.00119,-0.00105,-0.00061,-0.0001
547.93,-0.00113,-0.0011,-0.00118,-0.00102,-0.00059,6.00E-05
548.29,-0.0011,-0.00107,-0.00115,-0.00099,-0.00057,0.00022
548.64,-0.00108,-0.00107,-0.00113,-0.00097,-0.00055,0.00038
549,-0.00106,-0.00104,-0.00112,-0.00093,-0.00051,0.00045
549.35,-0.00103,-0.00107,-0.00114,-0.00093,-0.00053,0.00049
549.71,-0.00103,-0.00107,-0.0011,-0.00091,-0.00055,0.00048
550.06,-0.00098,-0.00108,-0.00108,-0.00089,-0.00053,0.00043
550.42,-0.00097,-0.00107,-0.00106,-0.00087,-0.00052,0.00033
550.77,-0.00097,-0.00102,-0.00104,-0.00088,-0.00049,0.0002
551.13,-0.00096,-0.00101,-0.00103,-0.00091,-0.0005,5.00E-05
551.48,-0.00094,-0.001,-0.00099,-0.00089,-0.00048,0
551.84,-0.00096,-0.00098,-0.00096,-0.00087,-0.00046,-8.00E-05
552.19,-0.00096,-0.001,-0.00097,-0.00089,-0.00043,-0.00017
552.55,-0.00098,-0.00097,-0.00101,-0.00086,-0.00041,-0.00022
552.9,-0.00097,-0.00098,-0.00104,-0.0009,-0.00043,-0.0003
553.26,-0.00096,-0.001,-0.00102,-0.00093,-0.00048,-0.00033
553.61,-0.00096,-0.00101,-0.00101,-0.00093,-0.00045,-0.00031
553.97,-0.00098,-0.00102,-0.00103,-0.00093,-0.00047,-0.00036
554.32,-0.00101,-0.00104,-0.00104,-0.00098,-0.0005,-0.00036
554.68,-0.00099,-0.00101,-0.00102,-0.00096,-0.00049,-0.00037
555.03,-0.00102,-0.00104,-0.00102,-0.00104,-0.00055,-0.00036
555.39,-0.00102,-0.00104,-0.00098,-0.00103,-0.00052,-0.00027
555.74,-0.00103,-0.00106,-0.00099,-0.00098,-0.00048,-0.00019
556.1,-0.00105,-0.00107,-0.00102,-0.00096,-0.00048,-0.00013
556.45,-0.00106,-0.00107,-0.00105,-0.00099,-0.00052,-9.00E-05
556.8,-0.00105,-0.00109,-0.00105,-0.00095,-0.00052,-5.00E-05
557.16,-0.00104,-0.00109,-0.00104,-0.00093,-0.00053,3.00E-05
557.51,-0.00103,-0.00104,-0.00103,-0.00085,-0.0005,0.00011
557.87,-0.00105,-0.00105,-0.00107,-0.00086,-0.00052,0.00011
558.22,-0.00103,-0.00102,-0.00105,-0.00086,-0.00053,0.0001
558.58,-0.00101,-0.00101,-0.00103,-0.00087,-0.00056,3.00E-05
558.93,-0.00102,-0.00098,-0.001,-0.00087,-0.00052,1.00E-05
559.28,-0.00101,-0.00096,-0.00101,-0.00085,-0.00052,-1.00E-05
559.64,-0.00105,-0.00098,-0.00104,-0.00089,-0.00054,-0.0001
559.99,-0.00105,-0.00099,-0.00102,-0.00091,-0.00054,-0.00017
560.35,-0.00106,-0.001,-0.001,-0.00091,-0.00055,-0.00023
560.7,-0.00112,-0.00103,-0.00107,-0.00092,-0.00057,-0.00029
561.05,-0.00113,-0.00107,-0.0011,-0.00093,-0.00059,-0.00033
561.41,-0.00111,-0.00111,-0.00112,-0.00094,-0.00061,-0.00034
561.76,-0.0011,-0.0011,-0.00109,-0.00096,-0.00059,-0.00035
562.12,-0.00108,-0.00109,-0.00108,-0.00095,-0.00055,-0.00034
562.47,-0.00109,-0.00109,-0.00109,-0.00094,-0.00049,-0.00031
562.82,-0.00109,-0.0011,-0.00112,-0.00093,-0.00047,-0.00032
563.18,-0.00104,-0.00107,-0.00109,-0.00093,-0.00043,-0.00031
563.53,-0.00102,-0.00102,-0.00107,-0.00089,-0.00037,-0.0003
563.88,-0.00103,-0.001,-0.00107,-0.00087,-0.00032,-0.00032
564.24,-0.00105,-0.00102,-0.00108,-0.00088,-0.00028,-0.00031
564.59,-0.00101,-0.00102,-0.00108,-0.00089,-0.00025,-0.00033
564.95,-0.00101,-0.001,-0.0011,-0.00088,-0.00028,-0.00036
565.3,-0.00099,-0.00097,-0.00103,-0.00087,-0.00025,-0.00033
565.65,-0.00106,-0.001,-0.00104,-0.0009,-0.00028,-0.00037
566.01,-0.00107,-0.001,-0.00103,-0.00092,-0.00034,-0.00039
566.36,-0.00104,-0.00097,-0.00098,-0.00091,-0.00032,-0.00036
566.71,-0.00102,-0.00096,-0.00097,-0.00089,-0.00033,-0.00039
567.07,-0.00106,-0.00096,-0.00098,-0.0009,-0.00039,-0.00038
567.42,-0.00103,-0.00097,-0.00097,-0.00091,-0.00039,-0.00036
567.77,-0.00103,-0.00099,-0.00098,-0.00093,-0.0004,-0.00037
568.13,-0.00098,-0.00095,-0.00095,-0.0009,-0.00037,-0.00032
568.48,-0.00096,-0.00097,-0.00095,-0.00088,-0.00032,-0.0003
568.83,-0.00099,-0.001,-0.00099,-0.0009,-0.00036,-0.00031
569.18,-0.00099,-0.00095,-0.00099,-0.00089,-0.00039,-0.00023
569.54,-0.00098,-0.00095,-0.00098,-0.00085,-0.00039,-0.00022
569.89,-0.00099,-0.00095,-0.00098,-0.00084,-0.00041,-0.00024
570.24,-0.00096,-0.00094,-0.00103,-0.00086,-0.00041,-0.00027
570.6,-0.00098,-0.00093,-0.00101,-0.00084,-0.00041,-0.00027
570.95,-0.00102,-0.00094,-0.001,-0.00087,-0.00042,-0.00029
571.3,-0.00106,-0.00098,-0.00104,-0.00088,-0.00044,-0.00029
571.65,-0.00107,-0.00104,-0.00105,-0.00093,-0.00043,-0.00035
572.01,-0.00107,-0.00102,-0.00102,-0.00095,-0.00038,-0.00035
572.36,-0.00109,-0.00106,-0.00105,-0.00099,-0.00035,-0.00036
572.71,-0.00111,-0.00105,-0.00104,-0.00096,-0.00032,-0.00033
573.06,-0.00106,-0.00105,-0.00104,-0.00097,-0.00031,-0.0003
573.42,-0.00105,-0.00103,-0.00107,-0.00097,-0.00025,-0.00031
573.77,-0.001,-0.00099,-0.00102,-0.00094,-0.00018,-0.00029
574.12,-0.00101,-0.00099,-0.00103,-0.00091,-0.00016,-0.00028
574.47,-0.00102,-0.00103,-0.00104,-0.00091,-0.00015,-0.00025
574.83,-0.00097,-0.00099,-0.00096,-0.00085,-0.00013,-0.0002
575.18,-0.00099,-0.00101,-0.00095,-0.00087,-0.00015,-0.00017
575.53,-0.00101,-0.001,-0.00096,-0.00086,-0.00014,-0.00018
575.88,-0.00098,-0.00102,-0.00093,-0.00085,-0.0002,-0.00014
576.24,-0.00099,-0.00102,-0.00092,-0.00082,-0.00023,-0.00013
576.59,-0.00099,-0.001,-0.0009,-0.00081,-0.00026,-0.00012
576.94,-0.001,-0.00098,-0.00093,-0.00082,-0.00033,-0.00013
577.29,-0.00102,-0.00097,-0.00093,-0.00081,-0.00035,-0.00012
577.64,-0.00101,-0.00099,-0.00095,-0.0008,-0.00039,-0.00013
578,-0.00104,-0.001,-0.00096,-0.0008,-0.00041,-0.0001
578.35,-0.00106,-0.00098,-0.00096,-0.00077,-0.0004,-0.0001
578.7,-0.00104,-0.00098,-0.00097,-0.0008,-0.00041,-7.00E-05
579.05,-0.00099,-0.00096,-0.00097,-0.0008,-0.00038,-1.00E-05
579.4,-0.00098,-0.00096,-0.00097,-0.00078,-0.00033,2.00E-05
579.76,-0.00099,-0.001,-0.00099,-0.00079,-0.00032,2.00E-05
580.11,-0.001,-0.00097,-0.00097,-0.00082,-0.0003,6.00E-05
580.46,-0.00103,-0.00102,-0.00099,-0.00087,-0.00033,9.00E-05
580.81,-0.001,-0.00103,-0.00099,-0.00089,-0.00031,0.00017
581.16,-0.00102,-0.001,-0.00099,-0.00087,-0.0003,0.00023
581.51,-0.00109,-0.00103,-0.001,-0.00087,-0.00034,0.00022
581.87,-0.00107,-0.00104,-0.00101,-0.00088,-0.00034,0.00028
582.22,-0.00108,-0.00104,-0.00103,-0.00093,-0.00039,0.00029
582.57,-0.00108,-0.00106,-0.00106,-0.00093,-0.00042,0.0003
582.92,-0.00103,-0.00105,-0.00101,-0.00089,-0.00038,0.00034
583.27,-0.00105,-0.00105,-0.00102,-0.00091,-0.0004,0.00033
583.62,-0.00106,-0.00108,-0.00103,-0.0009,-0.00044,0.00033
583.97,-0.00101,-0.00105,-0.00099,-0.0009,-0.00041,0.00039
584.33,-0.001,-0.001,-0.00098,-0.00089,-0.00039,0.0004
584.68,-0.001,-0.00103,-0.00098,-0.00084,-0.00036,0.00047
585.03,-0.00099,-0.00103,-0.00096,-0.00084,-0.00034,0.00055
585.38,-0.00097,-0.001,-0.00096,-0.00083,-0.00034,0.00057
585.73,-0.00097,-0.00096,-0.00094,-0.00078,-0.0003,0.00065
586.08,-0.00096,-0.00096,-0.00095,-0.00081,-0.00029,0.00069
586.43,-0.00099,-0.001,-0.00098,-0.00082,-0.00032,0.0007
586.78,-0.00098,-0.00104,-0.00097,-0.00076,-0.00032,0.00076
587.13,-0.00098,-0.00102,-0.00095,-0.00077,-0.00028,0.00079
587.48,-0.00097,-0.00101,-0.00092,-0.0007,-0.00029,0.00082
587.84,-0.001,-0.00101,-0.00096,-0.00074,-0.00031,0.00088
588.19,-0.00097,-0.00103,-0.00093,-0.00075,-0.00033,0.00093
588.54,-0.00099,-0.00104,-0.00092,-0.00074,-0.0003,0.00099
588.89,-0.00097,-0.00102,-0.0009,-0.00072,-0.00027,0.00106
589.24,-0.001,-0.00103,-0.00092,-0.00077,-0.00028,0.0011
589.59,-0.001,-0.00103,-0.00094,-0.00076,-0.0003,0.00115
589.94,-0.00101,-0.00105,-0.00095,-0.00082,-0.00026,0.00122
590.29,-0.00098,-0.00103,-0.0009,-0.00077,-0.0002,0.00132
590.64,-0.001,-0.00103,-0.0009,-0.00078,-0.0002,0.00135
590.99,-0.00098,-0.00101,-0.00088,-0.00077,-0.00019,0.00139
591.34,-0.00097,-0.00099,-0.00087,-0.00079,-0.00017,0.00142
591.69,-0.00096,-0.00097,-0.00086,-0.00078,-0.00017,0.00145
592.04,-0.00096,-0.00096,-0.00085,-0.00081,-0.00015,0.00147
592.39,-0.00093,-0.00094,-0.00085,-0.00076,-0.00014,0.00151
592.74,-0.00092,-0.00092,-0.00088,-0.00075,-0.00015,0.00151
593.09,-0.00093,-0.00094,-0.00095,-0.00075,-0.00013,0.00151
593.44,-0.00092,-0.00093,-0.00097,-0.00075,-0.00011,0.00154
593.79,-0.00094,-0.00098,-0.001,-0.00077,-0.00013,0.00156
594.14,-0.00091,-0.00095,-0.00101,-0.00079,-0.0001,0.00163
594.49,-0.00091,-0.00095,-0.00101,-0.00077,-7.00E-05,0.00167
594.84,-0.00092,-0.00092,-0.00101,-0.00079,-5.00E-05,0.00172
595.19,-0.00095,-0.00094,-0.00102,-0.0008,-3.00E-05,0.00175
595.54,-0.00093,-0.00091,-0.00099,-0.00078,0,0.00181
595.89,-0.00093,-0.00092,-0.00099,-0.00076,3.00E-05,0.00185
596.24,-0.00089,-0.00087,-0.00093,-0.00069,0.00015,0.00195
596.59,-0.00091,-0.00088,-0.00092,-0.00067,0.00015,0.00199
596.94,-0.00092,-0.0009,-0.00093,-0.00068,0.00016,0.00206
597.29,-0.00094,-0.00095,-0.00093,-0.00069,0.00019,0.00211
597.64,-0.00093,-0.00094,-0.00091,-0.00068,0.00021,0.00218
597.99,-0.00097,-0.00097,-0.0009,-0.0007,0.00026,0.00225
598.34,-0.00097,-0.001,-0.00092,-0.00072,0.0003,0.00234
598.69,-0.00099,-0.00102,-0.00093,-0.00074,0.00029,0.00242
599.04,-0.00101,-0.00103,-0.00092,-0.00073,0.00037,0.00249
599.39,-0.00101,-0.00101,-0.00089,-0.0007,0.00039,0.00259
599.74,-0.001,-0.00099,-0.00088,-0.00068,0.00043,0.00271
600.09,-0.00101,-0.00098,-0.00085,-0.00067,0.00047,0.00285
600.44,-0.00097,-0.00096,-0.00086,-0.00063,0.00053,0.00304
600.79,-0.00096,-0.00094,-0.00082,-0.00062,0.00058,0.00322
601.14,-0.00097,-0.00096,-0.00084,-0.00064,0.00059,0.00344
601.49,-0.00094,-0.00098,-0.00084,-0.00064,0.00058,0.00376
601.83,-0.00092,-0.00097,-0.00085,-0.00064,0.00065,0.00418
602.18,-0.00092,-0.001,-0.00083,-0.00065,0.00069,0.00471
602.53,-0.0009,-0.00104,-0.00085,-0.00068,0.00074,0.00537
602.88,-0.00089,-0.00105,-0.00084,-0.00069,0.00075,0.00627
603.23,-0.00087,-0.00104,-0.00084,-0.00063,0.00079,0.00754
603.58,-0.00085,-0.00098,-0.00084,-0.0006,0.00085,0.00918
603.93,-0.00084,-0.00096,-0.00081,-0.00057,0.00096,0.0113
604.28,-0.00085,-0.00096,-0.0008,-0.00055,0.00103,0.01397
604.63,-0.00082,-0.00091,-0.00083,-0.00051,0.00106,0.01741
604.97,-0.0008,-0.0009,-0.0008,-0.00047,0.00112,0.02181
605.32,-0.00083,-0.00088,-0.00081,-0.00048,0.00116,0.02717
605.67,-0.00087,-0.00089,-0.00081,-0.00053,0.00119,0.0338
606.02,-0.00089,-0.00095,-0.00082,-0.00056,0.00122,0.04208
606.37,-0.00092,-0.00093,-0.00085,-0.00054,0.00125,0.05257
606.72,-0.00092,-0.00095,-0.00086,-0.00057,0.00126,0.06565
607.07,-0.00093,-0.00096,-0.00084,-0.00057,0.00133,0.08181
607.42,-0.00096,-0.00095,-0.00089,-0.00056,0.00135,0.10122
607.76,-0.00093,-0.00093,-0.00087,-0.00051,0.00142,0.12429
608.11,-0.00094,-0.00094,-0.0009,-0.00049,0.00142,0.1514
608.46,-0.00095,-0.00092,-0.00092,-0.00045,0.00145,0.18189
608.81,-0.00093,-0.00095,-0.00091,-0.00043,0.00145,0.21548
609.16,-0.00094,-0.00092,-0.00087,-0.00036,0.0015,0.25134
609.51,-0.00096,-0.00093,-0.0009,-0.00037,0.0015,0.28841
609.85,-0.00095,-0.00092,-0.00088,-0.00033,0.00154,0.32554
610.2,-0.00092,-0.00093,-0.00087,-0.00028,0.00157,0.36162
610.55,-0.00092,-0.00093,-0.00082,-0.00026,0.00165,0.39578
610.9,-0.00092,-0.00095,-0.00082,-0.00023,0.00163,0.42792
611.25,-0.00094,-0.00095,-0.00083,-0.0002,0.00167,0.45742
611.59,-0.00096,-0.00102,-0.0009,-0.00018,0.00167,0.48503
611.94,-0.00095,-0.00104,-0.00087,-0.0001,0.00168,0.51174
612.29,-0.00095,-0.00103,-0.00085,-8.00E-05,0.00173,0.53877
612.64,-0.00099,-0.00105,-0.00087,-5.00E-05,0.00172,0.56754
612.99,-0.00095,-0.00103,-0.00087,3.00E-05,0.00173,0.59891
613.33,-0.00091,-0.001,-0.00083,0.00011,0.00184,0.63349
613.68,-0.00091,-0.001,-0.00082,0.00015,0.00187,0.67124
614.03,-0.0009,-0.00096,-0.00082,0.00018,0.00195,0.71108
614.38,-0.00088,-0.0009,-0.00082,0.00024,0.00206,0.7515
614.72,-0.00088,-0.00088,-0.00083,0.00031,0.00211,0.79078
615.07,-0.00086,-0.00084,-0.00081,0.00037,0.00224,0.82714
615.42,-0.00088,-0.00086,-0.00085,0.00041,0.00234,0.85907
615.77,-0.00086,-0.00088,-0.00085,0.00046,0.00244,0.88588
616.11,-0.00085,-0.00088,-0.00085,0.00052,0.00257,0.90692
616.46,-0.00084,-0.00088,-0.0008,0.00056,0.00272,0.92274
616.81,-0.00088,-0.00088,-0.00081,0.00056,0.00288,0.93405
617.16,-0.00089,-0.00095,-0.00083,0.00058,0.00306,0.94167
617.5,-0.00091,-0.00096,-0.00086,0.00058,0.00327,0.94665
617.85,-0.00092,-0.00092,-0.00081,0.00063,0.00353,0.9496
618.2,-0.00098,-0.00093,-0.00081,0.00065,0.00381,0.95072
618.54,-0.00095,-0.0009,-0.00078,0.00068,0.00422,0.95056
618.89,-0.00095,-0.00088,-0.00076,0.00073,0.00465,0.94877
619.24,-0.00094,-0.00089,-0.00075,0.00077,0.00517,0.9451
619.59,-0.00091,-0.00083,-0.00069,0.00087,0.00589,0.93891
619.93,-0.00091,-0.00082,-0.00065,0.00092,0.00683,0.92911
620.28,-0.00092,-0.00083,-0.00063,0.00096,0.00805,0.91472
620.63,-0.0009,-0.0008,-0.0006,0.00103,0.00978,0.89452
620.97,-0.0009,-0.00079,-0.00058,0.00108,0.01215,0.8679
621.32,-0.00089,-0.00079,-0.00055,0.00114,0.01538,0.83396
621.67,-0.00089,-0.0008,-0.00049,0.00118,0.01979,0.79323
622.01,-0.0009,-0.00082,-0.00046,0.0012,0.02563,0.74611
622.36,-0.00089,-0.0008,-0.00043,0.00124,0.03325,0.69408
622.71,-0.00087,-0.0008,-0.00041,0.00126,0.04314,0.63831
623.05,-0.00089,-0.0008,-0.0004,0.00126,0.05559,0.58073
623.4,-0.0009,-0.00079,-0.00038,0.00127,0.07115,0.52289
623.75,-0.00088,-0.00075,-0.00034,0.00131,0.09023,0.46661
624.09,-0.00084,-0.00073,-0.00032,0.00134,0.11297,0.41215
624.44,-0.00087,-0.00071,-0.0003,0.0013,0.13939,0.36059
624.79,-0.00086,-0.00072,-0.00027,0.00134,0.16979,0.31231
625.13,-0.00087,-0.00072,-0.00022,0.00136,0.20393,0.26804
625.48,-0.00088,-0.00071,-0.00014,0.00139,0.24129,0.22795
625.82,-0.00088,-0.00073,-8.00E-05,0.00143,0.2816,0.19172
626.17,-0.0009,-0.00076,-4.00E-05,0.00143,0.32428,0.1598
626.52,-0.00088,-0.00075,0,0.00149,0.36911,0.13214
626.86,-0.00088,-0.00077,3.00E-05,0.00153,0.41606,0.10874
627.21,-0.00086,-0.0007,0.00011,0.0016,0.46469,0.08899
627.55,-0.00088,-0.00069,0.00011,0.00166,0.51512,0.07249
627.9,-0.0008,-0.00069,0.00014,0.00177,0.56715,0.05898
628.25,-0.0008,-0.00066,0.00017,0.00188,0.62019,0.04793
628.59,-0.00076,-0.0006,0.00026,0.00203,0.67309,0.03904
628.94,-0.00076,-0.00057,0.00033,0.00218,0.72474,0.0318
629.28,-0.00074,-0.00051,0.0004,0.00236,0.77314,0.02603
629.63,-0.00076,-0.00051,0.00045,0.00249,0.81714,0.0214
629.98,-0.00072,-0.00047,0.00054,0.0027,0.85523,0.01779
630.32,-0.00076,-0.00043,0.00059,0.0029,0.88683,0.01486
630.67,-0.00072,-0.00036,0.00067,0.00318,0.91169,0.01257
631.01,-0.00071,-0.00033,0.0007,0.0035,0.9304,0.0107
631.36,-0.0007,-0.0003,0.00073,0.00385,0.94387,0.0092
631.7,-0.00072,-0.00027,0.00073,0.00426,0.95314,0.00793
632.05,-0.00067,-0.00023,0.00077,0.00481,0.95927,0.00697
632.39,-0.00066,-0.00015,0.00081,0.00548,0.96313,0.00615
632.74,-0.00061,-0.00011,0.00086,0.00632,0.96547,0.00549
633.09,-0.00062,-0.00012,0.00087,0.00731,0.9667,0.00488
633.43,-0.00066,-0.00011,0.00087,0.00861,0.96737,0.00439
633.78,-0.00058,-5.00E-05,0.00092,0.01046,0.9673,0.00398
634.12,-0.00048,1.00E-05,0.00099,0.01302,0.9667,0.00367
634.47,-0.00046,3.00E-05,0.001,0.0165,0.96516,0.00337
634.81,-0.00042,7.00E-05,0.00104,0.02136,0.9622,0.00309
635.16,-0.00039,0.00011,0.00103,0.02808,0.95712,0.00284
635.5,-0.00033,0.00017,0.00106,0.03741,0.94923,0.00268
635.85,-0.00026,0.00022,0.00108,0.04997,0.93709,0.0025
636.19,-0.00026,0.00023,0.00109,0.06633,0.91926,0.00233
636.54,-0.00023,0.00026,0.00112,0.08729,0.89484,0.00217
636.88,-0.00018,0.00031,0.00117,0.11324,0.8629,0.00203
637.23,-0.00015,0.00035,0.00123,0.14463,0.82328,0.00193
637.57,-0.0001,0.00042,0.0013,0.18161,0.77626,0.00183
637.92,-7.00E-05,0.00048,0.00133,0.22404,0.72297,0.0017
638.26,1.00E-05,0.00055,0.00139,0.27179,0.66435,0.00161
638.6,4.00E-05,0.00062,0.00142,0.32454,0.60286,0.00154
638.95,6.00E-05,0.00067,0.00144,0.38189,0.53999,0.00146
639.29,8.00E-05,0.0007,0.00149,0.44353,0.47754,0.00143
639.64,0.00014,0.00073,0.00148,0.50831,0.41712,0.00134
639.98,0.00016,0.00077,0.00149,0.57461,0.36002,0.0013
640.33,0.00025,0.00084,0.00156,0.64076,0.30679,0.00129
640.67,0.00028,0.00083,0.00157,0.70442,0.25839,0.0012
641.02,0.00032,0.00085,0.00161,0.76318,0.21497,0.00116
641.36,0.00038,0.00087,0.00167,0.81522,0.17668,0.00115
641.7,0.00045,0.00091,0.00175,0.85921,0.14377,0.00107
642.05,0.00049,0.00094,0.00186,0.89455,0.11593,0.00102
642.39,0.00054,0.00095,0.002,0.92149,0.09273,0.00095
642.74,0.00054,0.00095,0.00213,0.94093,0.0736,0.00088
643.08,0.00061,0.00103,0.00235,0.95417,0.05822,0.0009
643.43,0.00068,0.00105,0.00261,0.96305,0.04608,0.00084
643.77,0.00074,0.00114,0.00293,0.96868,0.03659,0.00082
644.11,0.00077,0.00116,0.00323,0.97213,0.02914,0.00078
644.46,0.00081,0.00121,0.00366,0.97395,0.02339,0.00075
644.8,0.00084,0.00123,0.00421,0.97496,0.0189,0.00074
645.14,0.00088,0.00127,0.00482,0.97541,0.01539,0.0007
645.49,0.00091,0.00128,0.00564,0.97561,0.01271,0.00068
645.83,0.00095,0.00135,0.00663,0.97557,0.01061,0.00069
646.18,0.00099,0.00134,0.00782,0.97547,0.00893,0.00062
646.52,0.00102,0.00139,0.00938,0.97504,0.0076,0.00059
646.86,0.00106,0.00144,0.01134,0.97418,0.00659,0.00058
647.21,0.00111,0.00152,0.01389,0.97218,0.00579,0.00055
647.55,0.00112,0.00155,0.01728,0.9683,0.00515,0.00052
647.89,0.00112,0.0016,0.02173,0.9614,0.00461,0.00046
648.24,0.00114,0.00165,0.02779,0.95028,0.00419,0.00045
648.58,0.00115,0.00173,0.03613,0.93341,0.00385,0.00043
648.92,0.00119,0.00181,0.04747,0.90933,0.00354,0.0004
649.27,0.00118,0.00186,0.06319,0.87642,0.00326,0.00038
649.61,0.00123,0.0019,0.08456,0.83432,0.00302,0.00035
649.95,0.00131,0.00202,0.11328,0.78327,0.0028,0.00034
650.3,0.00137,0.00213,0.1509,0.72442,0.00261,0.00035
650.64,0.00143,0.00229,0.19812,0.65912,0.00246,0.00031
650.98,0.00148,0.00246,0.25565,0.58979,0.00233,0.00032
651.33,0.00151,0.00271,0.3229,0.51897,0.00223,0.00031
651.67,0.0016,0.00305,0.39779,0.44903,0.00214,0.00034
652.01,0.00165,0.00353,0.47808,0.38262,0.00204,0.0003
652.36,0.00169,0.00412,0.56035,0.32116,0.00199,0.00028
652.7,0.00176,0.00491,0.64012,0.26556,0.00189,0.00026
653.04,0.00181,0.00585,0.7141,0.21676,0.0018,0.00021
653.38,0.00187,0.00706,0.77946,0.17458,0.00169,0.00016
653.73,0.00199,0.00856,0.83428,0.13906,0.00165,0.00017
654.07,0.00208,0.01043,0.87822,0.10994,0.0016,0.0001
654.41,0.00219,0.01279,0.91141,0.08617,0.00159,0.00012
654.75,0.00232,0.01583,0.93484,0.06706,0.00152,7.00E-05
655.1,0.0025,0.01975,0.95121,0.05225,0.00153,3.00E-05
655.44,0.00271,0.02487,0.96204,0.0407,0.00153,7.00E-05
655.78,0.00303,0.03147,0.96901,0.03182,0.00154,7.00E-05
656.12,0.00342,0.04011,0.97351,0.02503,0.00151,5.00E-05
656.47,0.00396,0.05151,0.97669,0.01988,0.00149,7.00E-05
656.81,0.00467,0.06714,0.97896,0.01595,0.00145,0
657.15,0.00561,0.08876,0.98092,0.01295,0.00143,1.00E-05
657.49,0.00674,0.11844,0.98208,0.01055,0.00135,-2.00E-05
657.84,0.0082,0.15906,0.9831,0.00872,0.00129,-6.00E-05
658.18,0.01002,0.21241,0.98379,0.0073,0.00121,-5.00E-05
658.52,0.01231,0.27894,0.98415,0.00619,0.00115,-0.0001
658.86,0.01523,0.35662,0.9842,0.0053,0.00111,-0.00012
659.2,0.019,0.44314,0.9841,0.00459,0.00104,-5.00E-05
659.55,0.02391,0.53368,0.98357,0.00406,0.00105,-4.00E-05
659.89,0.0302,0.62285,0.98245,0.00363,0.00102,-1.00E-05
660.23,0.03831,0.70576,0.98031,0.00325,0.00096,-5.00E-05
660.57,0.04869,0.77795,0.97672,0.00295,0.00096,-9.00E-05
660.91,0.06227,0.83726,0.97028,0.0027,0.00094,-6.00E-05
661.26,0.08046,0.88312,0.95954,0.00247,0.0009,-8.00E-05
661.6,0.10546,0.91634,0.94191,0.00232,0.00093,-0.00012
661.94,0.14014,0.93906,0.91549,0.00214,0.00082,-0.00015
662.28,0.18747,0.95409,0.87868,0.00201,0.00083,-0.00014
662.62,0.24913,0.96329,0.83031,0.00188,0.00081,-0.00015
662.96,0.32455,0.96882,0.77028,0.00179,0.00078,-0.00013
663.31,0.41045,0.97193,0.70039,0.0017,0.00075,-0.00014
663.65,0.50263,0.97421,0.62296,0.00158,0.00072,-0.00015
663.99,0.59561,0.97581,0.54218,0.00144,0.00064,-0.00018
664.33,0.68378,0.97739,0.46141,0.00135,0.00067,-0.00022
664.67,0.76188,0.97905,0.38481,0.00126,0.00061,-0.00029
665.01,0.82594,0.98044,0.31479,0.00123,0.00059,-0.00029
665.35,0.87563,0.98196,0.25299,0.00118,0.00054,-0.00029
665.69,0.91162,0.98342,0.20048,0.00109,0.00052,-0.00034
666.04,0.93648,0.98439,0.15698,0.00105,0.00049,-0.00036
666.38,0.95265,0.98508,0.1218,0.00104,0.00048,-0.00037
666.72,0.96264,0.98547,0.09388,0.001,0.00044,-0.00033
667.06,0.96819,0.98529,0.07185,0.00101,0.00045,-0.00028
667.4,0.97128,0.98465,0.05495,0.00093,0.00045,-0.00023
667.74,0.97282,0.98287,0.04206,0.00088,0.00045,-0.0002
668.08,0.97402,0.97957,0.03229,0.00085,0.00042,-0.00016
668.42,0.9751,0.97351,0.02504,0.00085,0.00041,-0.00014
668.76,0.97639,0.96331,0.01961,0.00084,0.00041,-0.00011
669.1,0.97818,0.94649,0.01558,0.00085,0.00037,-8.00E-05
669.44,0.98006,0.92054,0.01258,0.00079,0.00036,-0.0001
669.79,0.98184,0.88303,0.01031,0.0008,0.00034,-0.00012
670.13,0.9836,0.83291,0.00854,0.00076,0.00031,-0.00015
670.47,0.98492,0.76945,0.00719,0.00075,0.00033,-0.00015
670.81,0.9857,0.69501,0.00611,0.00072,0.00031,-0.00014
671.15,0.98627,0.61224,0.00525,0.00065,0.00029,-0.00016
671.49,0.9863,0.52573,0.00452,0.00058,0.00029,-0.00019
671.83,0.98576,0.4402,0.00395,0.00053,0.00026,-0.00018
672.17,0.9841,0.36033,0.00349,0.00051,0.00026,-0.00016
672.51,0.98004,0.28856,0.0031,0.0005,0.00023,-0.00015
672.85,0.97283,0.22736,0.00275,0.00044,0.00018,-0.00017
673.19,0.96068,0.17703,0.00251,0.00038,0.00015,-0.00018
673.53,0.94089,0.13663,0.00227,0.00035,0.00012,-0.00015
673.87,0.91109,0.10467,0.00208,0.00033,0.00013,-0.00012
674.21,0.86864,0.07965,0.00187,0.00032,8.00E-05,-0.00013
674.55,0.81262,0.06035,0.00165,0.0003,6.00E-05,-0.00012
674.89,0.74356,0.04571,0.00148,0.00022,5.00E-05,-0.00012
675.23,0.66347,0.0347,0.00139,0.00023,0.0001,-8.00E-05
675.57,0.57683,0.02649,0.00126,0.00023,0.0001,-5.00E-05
675.91,0.48844,0.02045,0.00113,0.0002,9.00E-05,-9.00E-05
676.25,0.4023,0.01593,0.00104,0.0002,9.00E-05,-7.00E-05
676.59,0.32366,0.01266,0.00101,0.00018,0.00011,-5.00E-05
676.93,0.25524,0.0102,0.00095,0.00014,0.00013,-6.00E-05
677.27,0.19829,0.00837,0.00088,0.00015,0.00016,-5.00E-05
677.61,0.15275,0.00689,0.00081,0.00011,0.00018,-3.00E-05
677.95,0.11681,0.00575,0.00076,8.00E-05,0.00022,0
678.29,0.0891,0.0049,0.00073,9.00E-05,0.00024,5.00E-05
678.63,0.06768,0.00421,0.0007,8.00E-05,0.00027,7.00E-05
678.97,0.05126,0.00362,0.00064,5.00E-05,0.00028,8.00E-05
679.31,0.0389,0.00312,0.00062,3.00E-05,0.00028,0.00012
679.65,0.02955,0.00268,0.00057,-4.00E-05,0.00026,0.0001
679.98,0.02264,0.00239,0.0005,-6.00E-05,0.0002,6.00E-05
680.32,0.01758,0.00213,0.00044,-0.0001,0.00021,6.00E-05
680.66,0.01386,0.00193,0.00047,-9.00E-05,0.00021,8.00E-05
681,0.01108,0.00173,0.00044,-0.00015,0.00019,0.00011
681.34,0.00901,0.00158,0.00042,-0.00016,0.00021,0.00014
681.68,0.00744,0.00144,0.00036,-0.00019,0.00025,0.00014
682.02,0.00623,0.00132,0.00035,-0.00017,0.00029,0.00019
682.36,0.00525,0.00117,0.00033,-0.00019,0.0003,0.00019
682.7,0.00447,0.00107,0.00032,-0.0002,0.00028,0.00022
683.04,0.00377,0.00091,0.00024,-0.00027,0.00026,0.00019
683.38,0.00328,0.00083,0.00024,-0.00027,0.00029,0.00022
683.71,0.00287,0.00077,0.00022,-0.00029,0.00031,0.00022
684.05,0.00252,0.00071,0.00026,-0.0003,0.00031,0.00023
684.39,0.00225,0.00066,0.00021,-0.00028,0.00027,0.00023
684.73,0.00203,0.00066,0.00023,-0.00024,0.00031,0.00028
685.07,0.00186,0.00068,0.00024,-0.00019,0.00041,0.00031
685.41,0.00175,0.00069,0.00025,-0.00018,0.00043,0.00037
685.75,0.00157,0.00062,0.0002,-0.00023,0.00039,0.00032
686.09,0.0014,0.00055,0.00016,-0.00026,0.00038,0.0003
686.42,0.00129,0.00054,0.0001,-0.00028,0.00036,0.0003
686.76,0.00121,0.00051,0.00012,-0.00034,0.00038,0.00034
687.1,0.00112,0.00047,0.0001,-0.0004,0.00038,0.00034
687.44,0.00101,0.00039,8.00E-05,-0.00046,0.00036,0.00038
687.78,0.00096,0.00035,4.00E-05,-0.00048,0.00038,0.00036
688.12,0.00091,0.00034,1.00E-05,-0.00048,0.00042,0.00039
688.45,0.00089,0.00031,-1.00E-05,-0.00047,0.00046,0.00042
688.79,0.0008,0.00025,-1.00E-05,-0.00046,0.00051,0.00043
689.13,0.00077,0.00026,2.00E-05,-0.00045,0.00059,0.00049
689.47,0.00071,0.0002,-4.00E-05,-0.00049,0.00059,0.0005
689.81,0.00062,0.00018,-7.00E-05,-0.00053,0.00059,0.00047
690.14,0.00055,0.00018,-8.00E-05,-0.00054,0.00063,0.00051
690.48,0.0005,0.00015,-7.00E-05,-0.00052,0.00068,0.00056
690.82,0.00047,0.00016,-5.00E-05,-0.0005,0.00068,0.00061
691.16,0.00048,0.00016,-2.00E-05,-0.00049,0.00071,0.00067
691.5,0.00044,0.00014,-2.00E-05,-0.00048,0.00071,0.00067
691.83,0.00041,0.00013,3.00E-05,-0.00044,0.00076,0.00068
692.17,0.00043,0.00012,4.00E-05,-0.00038,0.00079,0.00077
692.51,0.0004,8.00E-05,3.00E-05,-0.0004,0.00079,0.00078
692.85,0.00037,9.00E-05,3.00E-05,-0.00037,0.00082,0.00078
693.18,0.00034,7.00E-05,-1.00E-05,-0.0004,0.00086,0.00083
693.52,0.00028,0.0001,-7.00E-05,-0.00043,0.00089,0.00085
693.86,0.00027,0.0001,-0.00012,-0.00041,0.00091,0.00091
694.2,0.00031,0.00012,-0.00013,-0.00036,0.00098,0.00101
694.53,0.00031,0.0001,-0.00019,-0.00038,0.00096,0.00101
694.87,0.00031,0.0001,-0.0002,-0.00029,0.00103,0.00105
695.21,0.00032,0.00011,-0.00023,-0.00031,0.0011,0.00112
695.55,0.00032,0.0001,-0.00025,-0.00028,0.00114,0.0011
695.88,0.00029,4.00E-05,-0.00031,-0.00029,0.00115,0.00111
696.22,0.00026,3.00E-05,-0.00039,-0.0003,0.00115,0.00108
696.56,0.00023,1.00E-05,-0.00044,-0.00034,0.0012,0.0011
696.9,0.0002,-1.00E-05,-0.00045,-0.00032,0.00126,0.00116
697.23,0.00016,2.00E-05,-0.00045,-0.00037,0.00131,0.00119
697.57,0.00014,-1.00E-05,-0.00049,-0.00036,0.00134,0.00119
697.91,9.00E-05,-2.00E-05,-0.00051,-0.00035,0.00136,0.00127
698.24,0.00011,0,-0.00046,-0.0003,0.00146,0.00134
698.58,0.00012,-2.00E-05,-0.00042,-0.00028,0.0015,0.00141
698.92,6.00E-05,-9.00E-05,-0.00043,-0.00031,0.00146,0.0014
699.25,4.00E-05,-5.00E-05,-0.00043,-0.00029,0.00152,0.00145
699.59,5.00E-05,-7.00E-05,-0.0005,-0.00026,0.0015,0.00147
699.93,3.00E-05,-8.00E-05,-0.00046,-0.00025,0.00152,0.00155
700.26,4.00E-05,-7.00E-05,-0.00044,-0.00026,0.00152,0.00159
700.6,0,-0.00011,-0.00053,-0.00029,0.00151,0.00155
700.94,-5.00E-05,-0.00015,-0.00062,-0.0003,0.00152,0.00156
701.27,-9.00E-05,-0.00014,-0.00069,-0.00023,0.0016,0.00162
701.61,-0.00014,-0.00023,-0.00078,-0.00022,0.00163,0.00162
701.95,-0.00013,-0.00031,-0.00077,-0.0002,0.0017,0.0017
702.28,-0.00019,-0.00038,-0.00085,-0.00022,0.00168,0.00168
702.62,-0.00019,-0.00044,-0.00092,-0.0002,0.00175,0.0017
702.96,-0.00018,-0.00053,-0.00095,-0.00018,0.00178,0.00177
703.29,-0.00014,-0.00055,-0.00092,-0.00013,0.00187,0.00185
703.63,-9.00E-05,-0.0006,-0.00093,-0.00013,0.00196,0.00184
703.96,-2.00E-05,-0.00061,-0.00083,-0.00013,0.00204,0.00192
704.3,1.00E-05,-0.00066,-0.0008,-0.0001,0.00211,0.00195
704.64,7.00E-05,-0.00069,-0.00081,-8.00E-05,0.0022,0.00203
704.97,0.00011,-0.0007,-0.00075,-3.00E-05,0.00229,0.0021
705.31,0.00013,-0.00067,-0.00071,2.00E-05,0.0024,0.00217
705.64,0.0001,-0.00072,-0.00071,2.00E-05,0.00246,0.00222
705.98,9.00E-05,-0.00072,-0.00067,6.00E-05,0.00249,0.00233
706.32,3.00E-05,-0.00076,-0.00077,7.00E-05,0.00251,0.00238
706.65,-5.00E-05,-0.00079,-0.00083,6.00E-05,0.00255,0.00242
706.99,-0.00013,-0.00078,-0.00084,9.00E-05,0.00259,0.00244
707.32,-0.00019,-0.0008,-0.00087,9.00E-05,0.00263,0.00243
707.66,-0.00021,-0.00075,-0.00081,0.00013,0.00264,0.00249
707.99,-0.00026,-0.00073,-0.00085,0.00016,0.00268,0.0025
708.33,-0.00033,-0.00073,-0.00086,0.00016,0.00271,0.00252
708.67,-0.00033,-0.00072,-0.00079,0.0002,0.00279,0.00257
709,-0.00038,-0.00069,-0.00072,0.00021,0.00287,0.00261
709.34,-0.00039,-0.00072,-0.00069,0.00023,0.00289,0.00267
709.67,-0.00046,-0.00079,-0.00074,0.0002,0.0029,0.00272
710.01,-0.00051,-0.00084,-0.00077,0.00023,0.00298,0.00275
710.34,-0.00057,-0.00088,-0.00073,0.00023,0.00304,0.0028
710.68,-0.00059,-0.00096,-0.00071,0.00022,0.00309,0.00285
711.01,-0.00067,-0.00103,-0.00077,0.00021,0.00312,0.00288
711.35,-0.00075,-0.00109,-0.00083,0.00023,0.00314,0.00289
711.68,-0.00073,-0.0011,-0.0008,0.00026,0.00329,0.00296
712.02,-0.00069,-0.00109,-0.00076,0.00032,0.00336,0.00304
712.35,-0.00071,-0.00113,-0.00078,0.00034,0.0034,0.00313
712.69,-0.0007,-0.00116,-0.0008,0.00038,0.00344,0.0032
713.02,-0.00065,-0.00116,-0.00079,0.00046,0.00354,0.00329
713.36,-0.00066,-0.00111,-0.00078,0.00051,0.00361,0.00332
713.69,-0.00067,-0.00115,-0.00079,0.00049,0.00365,0.00342
714.03,-0.0007,-0.0012,-0.00078,0.00058,0.0037,0.00347
714.36,-0.00078,-0.00123,-0.00074,0.0006,0.0038,0.00353
714.7,-0.00084,-0.00124,-0.00074,0.0006,0.00384,0.00355
715.03,-0.00091,-0.00124,-0.00071,0.00061,0.00395,0.0036
715.37,-0.001,-0.00126,-0.00073,0.0006,0.00398,0.00361
715.7,-0.00105,-0.00133,-0.00071,0.00058,0.00399,0.00362
716.04,-0.00106,-0.00133,-0.00067,0.00061,0.00403,0.00368
716.37,-0.0011,-0.00126,-0.00068,0.00056,0.0041,0.00373
716.7,-0.00113,-0.00127,-0.00074,0.00053,0.00412,0.00377
717.04,-0.00117,-0.00129,-0.00077,0.00054,0.00414,0.0038
717.37,-0.00111,-0.00128,-0.00076,0.00058,0.00419,0.00383
717.71,-0.00112,-0.00128,-0.00076,0.00054,0.00421,0.00394
718.04,-0.0011,-0.00122,-0.00073,0.00057,0.00431,0.00402
718.38,-0.00114,-0.00123,-0.00074,0.00059,0.00442,0.00406
718.71,-0.00116,-0.00127,-0.00075,0.00062,0.00442,0.0041
719.04,-0.00114,-0.00124,-0.00069,0.00068,0.00452,0.00421
719.38,-0.00114,-0.00126,-0.00066,0.0007,0.00462,0.00428
719.71,-0.00114,-0.0012,-0.0006,0.00073,0.0047,0.00439
720.05,-0.00113,-0.00115,-0.00054,0.0008,0.00473,0.0044
720.38,-0.00111,-0.00115,-0.00051,0.00084,0.0048,0.0045
720.71,-0.00104,-0.00114,-0.00046,0.00088,0.00486,0.00455
721.05,-0.00106,-0.00117,-0.00052,0.0009,0.0049,0.00458
721.38,-0.00104,-0.00115,-0.00047,0.00092,0.0049,0.0046
721.72,-0.00099,-0.00112,-0.00044,0.00097,0.00498,0.00468
722.05,-0.00098,-0.00117,-0.0005,0.00099,0.00501,0.00468
722.38,-0.00095,-0.00121,-0.00052,0.00102,0.00512,0.00477
722.72,-0.00095,-0.00122,-0.00055,0.00105,0.00517,0.0048
723.05,-0.00094,-0.00118,-0.00054,0.00111,0.00523,0.00492
723.38,-0.00092,-0.00117,-0.00044,0.00116,0.00528,0.00502
723.72,-0.00094,-0.00121,-0.00046,0.0012,0.00536,0.00504
724.05,-0.00095,-0.00121,-0.00043,0.00118,0.00533,0.0051
724.38,-0.00101,-0.00123,-0.00044,0.00119,0.00536,0.00516
724.72,-0.00103,-0.00122,-0.00046,0.0012,0.00539,0.00515
725.05,-0.00106,-0.00122,-0.00048,0.00122,0.00546,0.00517
725.38,-0.00103,-0.00121,-0.00048,0.00124,0.00558,0.00519
725.72,-0.001,-0.00122,-0.00052,0.00123,0.00566,0.00525
726.05,-0.001,-0.0012,-0.00054,0.00126,0.0057,0.00531
726.38,-0.00102,-0.00124,-0.00058,0.00128,0.00577,0.00532
726.72,-0.00098,-0.00125,-0.00058,0.00135,0.00586,0.00538
727.05,-0.00103,-0.00129,-0.00063,0.00137,0.00597,0.00546
727.38,-0.00105,-0.0013,-0.00061,0.00136,0.00597,0.00553
727.71,-0.00112,-0.00132,-0.00066,0.00135,0.00592,0.00559
728.05,-0.00118,-0.00131,-0.00064,0.00141,0.00599,0.00564
728.38,-0.0012,-0.00137,-0.00062,0.00143,0.00607,0.00571
728.71,-0.00122,-0.00137,-0.00063,0.0015,0.00617,0.00578
729.05,-0.00126,-0.00137,-0.00065,0.0015,0.00618,0.00583
729.38,-0.00124,-0.00135,-0.00058,0.00156,0.00626,0.0059
729.71,-0.00124,-0.00137,-0.00058,0.00159,0.00634,0.00596
730.04,-0.00123,-0.00141,-0.00055,0.00164,0.00648,0.00597
730.38,-0.0012,-0.0014,-0.00056,0.00166,0.00654,0.00597
730.71,-0.00118,-0.00136,-0.00058,0.00168,0.00661,0.006
731.04,-0.00108,-0.00127,-0.00049,0.00168,0.00667,0.00607
731.37,-0.00111,-0.00131,-0.00049,0.00165,0.00675,0.00606
731.71,-0.00111,-0.00133,-0.00054,0.00164,0.00675,0.00612
732.04,-0.00109,-0.0013,-0.00047,0.00173,0.00686,0.00621
732.37,-0.00111,-0.00127,-0.00042,0.00174,0.00688,0.00628
732.7,-0.00104,-0.00127,-0.00037,0.00179,0.00694,0.00641
733.04,-0.0011,-0.00133,-0.0004,0.00176,0.00692,0.00641
733.37,-0.00112,-0.00141,-0.0004,0.00182,0.00703,0.00646
733.7,-0.00107,-0.00134,-0.00031,0.0019,0.00716,0.0066
734.03,-0.00097,-0.00127,-0.00023,0.00201,0.00731,0.00668
734.36,-0.00096,-0.00132,-0.00029,0.00196,0.00733,0.00668
734.7,-0.00099,-0.00137,-0.00036,0.00192,0.00735,0.00666
735.03,-0.00103,-0.00139,-0.00043,0.00191,0.0074,0.00665
735.36,-0.00094,-0.00132,-0.00033,0.00198,0.00756,0.00676
735.69,-0.00097,-0.00134,-0.00038,0.00201,0.00758,0.0068
736.02,-0.00101,-0.00135,-0.0004,0.00203,0.00757,0.0068
736.35,-0.00109,-0.00141,-0.00042,0.00195,0.0076,0.00677
736.69,-0.00101,-0.00133,-0.00036,0.00206,0.00768,0.00688
737.02,-0.00101,-0.00134,-0.00033,0.00209,0.00772,0.00701
737.35,-0.001,-0.00127,-0.00023,0.00215,0.00781,0.00709
737.68,-0.00108,-0.00129,-0.00029,0.00217,0.00783,0.00712
738.01,-0.00107,-0.00125,-0.00024,0.00213,0.00786,0.00714
738.34,-0.00104,-0.00127,-0.00026,0.00214,0.00795,0.00724
738.68,-0.00103,-0.00125,-0.00025,0.00219,0.00794,0.0073
739.01,-0.00113,-0.00129,-0.00026,0.00214,0.00794,0.00726
739.34,-0.00112,-0.00123,-0.00022,0.00218,0.00807,0.00735
739.67,-0.00113,-0.00129,-0.00027,0.00216,0.00811,0.00741
740,-0.00102,-0.00126,-0.00021,0.00218,0.00821,0.00752
740.33,-0.00105,-0.00127,-0.00022,0.00224,0.00827,0.00766
740.66,-0.00112,-0.00131,-0.00024,0.00226,0.00822,0.00765
740.99,-0.00113,-0.00128,-0.0002,0.00228,0.00833,0.00773
741.32,-0.00108,-0.00123,-0.0002,0.00232,0.00841,0.00784
741.66,-0.00109,-0.00126,-0.00022,0.00231,0.00841,0.00786
741.99,-0.00109,-0.00129,-0.00026,0.00234,0.00841,0.00791
742.32,-0.00119,-0.00135,-0.00032,0.00233,0.00839,0.00789
742.65,-0.00119,-0.00138,-0.00033,0.00234,0.00843,0.00793
742.98,-0.00117,-0.00138,-0.00031,0.00238,0.00855,0.008
743.31,-0.00115,-0.00141,-0.00035,0.00237,0.00856,0.00801
743.64,-0.00124,-0.00148,-0.00037,0.00236,0.00855,0.00804
743.97,-0.0012,-0.00142,-0.00032,0.00243,0.00862,0.00812
744.3,-0.0012,-0.00137,-0.00023,0.00253,0.00877,0.0082
744.63,-0.00123,-0.00141,-0.00017,0.00258,0.00882,0.00828
744.96,-0.00124,-0.0014,-0.00015,0.00262,0.00884,0.00826
745.29,-0.00115,-0.00139,-6.00E-05,0.00264,0.00893,0.00839
745.62,-0.0012,-0.00145,-7.00E-05,0.00266,0.00894,0.00843
745.95,-0.00117,-0.00144,-6.00E-05,0.00267,0.00898,0.0084
746.28,-0.0012,-0.00154,-0.00015,0.00266,0.00904,0.00836
746.61,-0.00124,-0.00153,-0.00018,0.00263,0.00898,0.00833
746.94,-0.00118,-0.00148,-0.00019,0.00265,0.00906,0.00842
747.28,-0.00119,-0.00147,-0.00022,0.00267,0.00911,0.00848
747.61,-0.00128,-0.00148,-0.00028,0.00259,0.00913,0.00848
747.94,-0.00126,-0.00143,-0.00023,0.00265,0.00928,0.00852
748.27,-0.00124,-0.00136,-0.00017,0.00275,0.00937,0.00859
748.6,-0.00131,-0.00134,-0.00016,0.00277,0.00932,0.00863
748.93,-0.00127,-0.00139,-0.00016,0.00276,0.00938,0.00864
749.26,-0.00129,-0.00139,-0.00011,0.00278,0.0094,0.00868
749.58,-0.00131,-0.00139,-0.00011,0.00274,0.00944,0.00869
749.91,-0.00123,-0.00139,-9.00E-05,0.00283,0.00949,0.00873
750.24,-0.00121,-0.00145,-0.0001,0.00288,0.00947,0.00879
750.57,-0.0013,-0.00158,-0.00018,0.00281,0.00949,0.00881
750.9,-0.00124,-0.00156,-0.00016,0.00284,0.00965,0.00889
751.23,-0.00127,-0.0016,-0.00022,0.0028,0.00966,0.00895
751.56,-0.00129,-0.00165,-0.00029,0.00279,0.00978,0.00898
751.89,-0.00121,-0.00169,-0.00025,0.00286,0.00988,0.00908
752.22,-0.00128,-0.00172,-0.00029,0.00283,0.00987,0.00902
752.55,-0.00138,-0.00174,-0.00038,0.00278,0.00988,0.00903
752.88,-0.00126,-0.00162,-0.00024,0.00282,0.00999,0.0091
753.21,-0.00122,-0.00159,-0.00018,0.00289,0.01008,0.00915
753.54,-0.00123,-0.0016,-0.00012,0.00296,0.01014,0.00921
753.87,-0.00125,-0.00159,-0.0002,0.003,0.01005,0.00916
754.2,-0.00124,-0.00151,-0.00019,0.003,0.01007,0.00916
754.53,-0.00127,-0.00152,-0.00017,0.00308,0.01013,0.00923
754.86,-0.00117,-0.00143,-0.00013,0.0031,0.01019,0.00929
755.19,-0.0012,-0.00149,-0.00023,0.00309,0.01021,0.00933
755.51,-0.00124,-0.00161,-0.00032,0.00309,0.01018,0.00933
755.84,-0.00119,-0.00158,-0.00028,0.00314,0.01022,0.00938
756.17,-0.00115,-0.00157,-0.00018,0.00313,0.01042,0.00948
756.5,-0.00113,-0.00157,-0.00011,0.0032,0.01049,0.00953
756.83,-0.00109,-0.00149,-0.00012,0.00321,0.01056,0.00963
757.16,-0.00106,-0.00153,-0.0001,0.00326,0.01063,0.00969
757.49,-0.0011,-0.00157,-0.00012,0.00327,0.0107,0.00968
757.82,-0.00113,-0.00154,-8.00E-05,0.00325,0.01071,0.00975
758.14,-0.00115,-0.00153,-0.00011,0.00321,0.01075,0.00978
758.47,-0.00115,-0.00151,-0.0001,0.0032,0.01067,0.00971
758.8,-0.00124,-0.0016,-0.00013,0.00312,0.0107,0.00963
759.13,-0.00133,-0.0016,-8.00E-05,0.0031,0.01073,0.00964
759.46,-0.00138,-0.00162,-0.0001,0.0031,0.01078,0.00967
759.79,-0.00137,-0.00159,-5.00E-05,0.00314,0.01068,0.00967
760.12,-0.00133,-0.0016,-5.00E-05,0.00316,0.0107,0.00974
760.44,-0.00135,-0.00171,-0.00012,0.00317,0.01071,0.0096
760.77,-0.00148,-0.00185,-0.0002,0.0031,0.01063,0.00959
761.1,-0.00148,-0.00183,-0.0002,0.00315,0.01061,0.00968
761.43,-0.00137,-0.00184,-0.00023,0.00322,0.01067,0.00968
761.76,-0.00139,-0.00191,-0.00022,0.00315,0.0107,0.00962
762.08,-0.00137,-0.00192,-0.0002,0.00316,0.01084,0.00977
762.41,-0.0014,-0.00185,-0.00011,0.00319,0.01087,0.00979
762.74,-0.00129,-0.00177,-3.00E-05,0.00323,0.01095,0.00993
763.07,-0.0012,-0.0017,-3.00E-05,0.00333,0.01111,0.01007
763.4,-0.00121,-0.0017,-0.0001,0.00331,0.01111,0.01004
763.72,-0.00119,-0.00172,-4.00E-05,0.00329,0.01113,0.01009
764.05,-0.0011,-0.00168,-2.00E-05,0.00337,0.0112,0.01018
764.38,-0.00109,-0.00168,0,0.0034,0.01119,0.01011
764.71,-0.00115,-0.00173,-9.00E-05,0.00337,0.01121,0.01006
765.04,-0.00123,-0.00179,-0.00012,0.00335,0.01122,0.01011
765.36,-0.00122,-0.00176,-0.0001,0.00339,0.01115,0.01006
765.69,-0.00116,-0.00176,-8.00E-05,0.00338,0.01117,0.01016
766.02,-0.00122,-0.00186,-0.00018,0.00333,0.01112,0.0101
766.35,-0.00129,-0.00186,-0.00019,0.00325,0.01106,0.01003
766.67,-0.00132,-0.00191,-0.00023,0.00316,0.01108,0.01012
767,-0.0013,-0.00189,-0.0002,0.00317,0.01111,0.01017
767.33,-0.00126,-0.00179,-0.00011,0.00323,0.0112,0.0102
767.65,-0.00122,-0.00182,-0.00011,0.00318,0.01131,0.01024
767.98,-0.00132,-0.0019,-0.00012,0.00324,0.0113,0.01026
768.31,-0.00141,-0.00195,-0.00017,0.00327,0.01127,0.01019
768.64,-0.00132,-0.00194,-8.00E-05,0.00342,0.01141,0.01034
768.96,-0.00125,-0.00183,1.00E-05,0.00358,0.01147,0.0104
769.29,-0.00124,-0.00187,-2.00E-05,0.00362,0.01163,0.01041
769.62,-0.00131,-0.00193,-6.00E-05,0.00356,0.01166,0.01043
769.94,-0.00142,-0.00201,-5.00E-05,0.00364,0.01165,0.0105
770.27,-0.00152,-0.0021,-0.00017,0.0035,0.01167,0.01048
770.6,-0.00147,-0.00203,-9.00E-05,0.00352,0.01175,0.01066
770.92,-0.00154,-0.00199,-0.00014,0.00348,0.0117,0.01062
771.25,-0.00159,-0.00202,-0.00016,0.0034,0.01179,0.01059
771.58,-0.00156,-0.00191,-0.00013,0.00342,0.0117,0.0106
771.9,-0.00152,-0.00187,-0.0001,0.00353,0.01168,0.01075
772.23,-0.00142,-0.00176,-7.00E-05,0.0035,0.01173,0.01081
772.56,-0.00131,-0.0016,1.00E-05,0.00361,0.01177,0.01087
772.88,-0.00131,-0.00163,-9.00E-05,0.00362,0.01178,0.01076
773.21,-0.00138,-0.00164,-0.0001,0.00369,0.01185,0.01082
773.54,-0.00144,-0.00166,-0.00023,0.00365,0.01174,0.01076
773.86,-0.00148,-0.00183,-0.00026,0.0036,0.01167,0.01072
774.19,-0.00165,-0.00188,-0.00034,0.00345,0.01156,0.01048
774.52,-0.00167,-0.00193,-0.00037,0.00343,0.01158,0.01039
774.84,-0.00172,-0.00202,-0.0004,0.0034,0.01163,0.01037
775.17,-0.00168,-0.00201,-0.0003,0.00342,0.01172,0.01047
775.5,-0.00167,-0.00204,-0.00029,0.00343,0.01173,0.0104
775.82,-0.0017,-0.00217,-0.00033,0.00341,0.01176,0.01039
776.15,-0.00168,-0.00214,-0.00036,0.00341,0.01179,0.01042
776.47,-0.00159,-0.00219,-0.00036,0.00343,0.01186,0.01049
776.8,-0.00161,-0.00216,-0.00034,0.00346,0.01184,0.01056
777.12,-0.0015,-0.00211,-0.00023,0.0035,0.01186,0.01059
777.45,-0.00159,-0.00211,-0.00025,0.00347,0.01178,0.01057
777.78,-0.00164,-0.00223,-0.00025,0.00335,0.01178,0.01063
778.1,-0.00157,-0.00214,-0.0002,0.00342,0.01184,0.01067
778.43,-0.00162,-0.00217,-0.00023,0.0034,0.01198,0.01075
778.75,-0.00169,-0.00217,-0.00021,0.00345,0.01198,0.01075
779.08,-0.00174,-0.00221,-0.00025,0.00341,0.01198,0.01069
779.4,-0.00177,-0.00218,-0.00033,0.00343,0.01196,0.01077
779.73,-0.00172,-0.00208,-0.00031,0.00351,0.01214,0.01095
780.06,-0.00167,-0.00197,-0.00037,0.00355,0.01213,0.011
780.38,-0.0017,-0.00199,-0.00032,0.00355,0.01213,0.01107
780.71,-0.00177,-0.002,-0.00034,0.00349,0.01204,0.01098
781.03,-0.00173,-0.00205,-0.00035,0.00345,0.01207,0.011
781.36,-0.00174,-0.00213,-0.00041,0.0035,0.01204,0.01103
781.68,-0.00124,-0.0016,0.00017,0.00416,0.01278,0.01163
782.01,-0.00133,-0.00183,0.00011,0.00403,0.01258,0.01151
782.33,-0.00133,-0.00186,0.00014,0.00405,0.01257,0.01145
782.66,-0.00141,-0.00189,0.00011,0.00406,0.01259,0.01148
782.98,-0.00137,-0.00186,0.00017,0.00415,0.01264,0.01163
783.31,-0.00139,-0.00185,0.00014,0.00418,0.01264,0.01169
783.63,-0.00142,-0.00185,0.00013,0.00414,0.01272,0.01163
783.96,-0.00206,-0.00247,-0.0004,0.0034,0.01205,0.01095
784.28,-0.00203,-0.00244,-0.00045,0.00338,0.01218,0.01092
784.61,-0.0021,-0.0024,-0.00041,0.00339,0.01223,0.01106
784.93,-0.00213,-0.00231,-0.00044,0.00343,0.01225,0.01102
785.26,-0.00205,-0.00219,-0.00047,0.00347,0.01232,0.01101
785.58,-0.00208,-0.00208,-0.00055,0.00351,0.0124,0.01094
785.91,-0.00208,-0.00204,-0.00048,0.00352,0.01239,0.01109
786.23,-0.00199,-0.00207,-0.00056,0.00354,0.01244,0.01108
786.56,-0.00196,-0.00203,-0.00047,0.00365,0.01242,0.01113
786.88,-0.00202,-0.00216,-0.00055,0.00359,0.01239,0.011
787.2,-0.00204,-0.00227,-0.0006,0.00351,0.01235,0.01094
787.53,-0.00215,-0.00242,-0.00067,0.00342,0.01228,0.01089
787.85,-0.00206,-0.00246,-0.00066,0.00336,0.01229,0.01104
788.18,-0.00201,-0.00237,-0.00068,0.00336,0.01237,0.01113
788.5,-0.00213,-0.00237,-0.00058,0.00345,0.0124,0.01122
788.83,-0.00218,-0.00232,-0.00058,0.00346,0.01247,0.01128
789.15,-0.00205,-0.00231,-0.00064,0.00347,0.01246,0.01133
789.47,-0.00195,-0.00228,-0.00057,0.00351,0.01253,0.0114
789.8,-0.00194,-0.00227,-0.00045,0.00354,0.01257,0.01143
790.12,-0.00198,-0.00243,-0.00044,0.00358,0.01255,0.01136
790.45,-0.00193,-0.00251,-0.00044,0.0036,0.01251,0.01125
790.77,-0.00175,-0.00249,-0.00047,0.00366,0.01256,0.01127
791.09,-0.00166,-0.00257,-0.00051,0.00364,0.01252,0.01126
791.42,-0.0016,-0.00248,-0.00033,0.00377,0.01267,0.0114
791.74,-0.00154,-0.00244,-0.00032,0.00377,0.01267,0.01145
792.06,-0.00141,-0.00234,-0.00028,0.0039,0.01276,0.01155
792.39,-0.00141,-0.00223,-0.00018,0.00397,0.01271,0.01164
792.71,-0.00144,-0.00226,-0.00016,0.004,0.01275,0.01172
793.04,-0.00153,-0.00226,-0.00021,0.00399,0.01264,0.01172
793.36,-0.00158,-0.00222,-0.00014,0.00401,0.01266,0.01174
793.68,-0.00165,-0.00234,-0.0003,0.00387,0.01259,0.0116
794.01,-0.00175,-0.00241,-0.0003,0.0039,0.01255,0.01157
794.33,-0.00185,-0.00249,-0.00036,0.00381,0.01246,0.01152
794.65,-0.0018,-0.0024,-0.00033,0.00379,0.01258,0.01156
794.98,-0.00176,-0.0023,-0.00034,0.00382,0.01258,0.01159
795.3,-0.00179,-0.00232,-0.00031,0.00378,0.0127,0.01151
795.62,-0.00187,-0.00228,-0.00033,0.00383,0.01276,0.01164
795.94,-0.00185,-0.00218,-0.00024,0.00394,0.01276,0.01178
796.27,-0.00186,-0.00222,-0.00026,0.00388,0.01285,0.01178
796.59,-0.00188,-0.00226,-0.00021,0.00387,0.01292,0.01177
796.91,-0.00193,-0.00238,-0.00026,0.00379,0.01284,0.01171
797.24,-0.00198,-0.00251,-0.0002,0.00376,0.01295,0.01173
797.56,-0.00207,-0.00253,-0.00027,0.00369,0.01285,0.01175
797.88,-0.00199,-0.00248,-0.00026,0.00374,0.01293,0.01171
798.21,-0.00208,-0.00252,-0.00035,0.0037,0.01294,0.01162
798.53,-0.00207,-0.00238,-0.00036,0.00376,0.01296,0.01166
798.85,-0.002,-0.0024,-0.0005,0.00372,0.01301,0.01173
799.17,-0.00213,-0.00234,-0.00052,0.00379,0.01305,0.01183
799.5,-0.00211,-0.00228,-0.00056,0.00386,0.01298,0.01177
799.82,-0.00203,-0.0022,-0.00055,0.004,0.01313,0.01189
800.14,-0.00213,-0.00237,-0.00065,0.00389,0.01305,0.01182
800.46,-0.00207,-0.00239,-0.00062,0.0039,0.01302,0.01184
800.79,-0.00208,-0.00251,-0.00069,0.00387,0.01299,0.01189
801.11,-0.00209,-0.0025,-0.00062,0.00398,0.01302,0.01192
801.43,-0.00195,-0.00251,-0.00069,0.004,0.01307,0.01189
801.75,-0.00189,-0.00249,-0.00062,0.00394,0.01314,0.01196
802.07,-0.00182,-0.00255,-0.00054,0.00384,0.01317,0.01186
802.4,-0.00185,-0.00259,-0.00058,0.00377,0.01314,0.01182
802.72,-0.0019,-0.0026,-0.00051,0.00377,0.01317,0.01187
803.04,-0.00198,-0.00257,-0.00042,0.00377,0.01322,0.01196
803.36,-0.00204,-0.00261,-0.00049,0.00368,0.01321,0.01184
803.68,-0.00212,-0.00271,-0.00044,0.00365,0.01325,0.0118
804.01,-0.00221,-0.0028,-0.00049,0.00355,0.01321,0.01175
804.33,-0.00225,-0.00287,-0.00061,0.00354,0.01311,0.0118
804.65,-0.00214,-0.00272,-0.00049,0.00373,0.01318,0.0119
804.97,-0.00211,-0.00274,-0.00058,0.00373,0.01324,0.0119
805.29,-0.00205,-0.00285,-0.0005,0.00374,0.01325,0.01179
805.62,-0.00205,-0.00282,-0.00046,0.00372,0.01319,0.0119
805.94,-0.00207,-0.00283,-0.00041,0.00365,0.01314,0.01184
806.26,-0.00207,-0.00278,-0.00042,0.00378,0.01314,0.01185
806.58,-0.00212,-0.00287,-0.00036,0.00376,0.01314,0.01183
806.9,-0.00209,-0.00299,-0.00043,0.00365,0.01306,0.01183
807.22,-0.00227,-0.00302,-0.00041,0.00357,0.01298,0.01165
807.54,-0.00226,-0.00293,-0.00048,0.00356,0.01305,0.01171
807.87,-0.00233,-0.00306,-0.00062,0.00355,0.01292,0.01164
808.19,-0.00239,-0.0031,-0.00076,0.00358,0.01286,0.01175
808.51,-0.00257,-0.00318,-0.00093,0.00344,0.0129,0.01167
808.83,-0.00252,-0.00306,-0.00099,0.00352,0.01298,0.01174
809.15,-0.00263,-0.003,-0.00103,0.00347,0.01302,0.01174
809.47,-0.00255,-0.00301,-0.00105,0.00342,0.01305,0.01198
809.79,-0.00263,-0.00313,-0.00112,0.0034,0.01291,0.01194
810.11,-0.00254,-0.003,-0.00095,0.00346,0.01312,0.012
810.43,-0.00247,-0.00287,-0.00084,0.00353,0.01328,0.01202
810.76,-0.00248,-0.00292,-0.00077,0.00344,0.01311,0.01196
811.08,-0.00258,-0.00298,-0.00087,0.00329,0.01299,0.01181
811.4,-0.00254,-0.003,-0.00099,0.00321,0.01307,0.01177
811.72,-0.00251,-0.00292,-0.00099,0.00334,0.01327,0.01173
812.04,-0.00263,-0.00291,-0.00104,0.00335,0.01325,0.01157
812.36,-0.00266,-0.00294,-0.00114,0.00336,0.01318,0.0115
812.68,-0.00265,-0.00296,-0.00118,0.00327,0.0131,0.01157
813,-0.00263,-0.00299,-0.0011,0.00326,0.01315,0.01165
813.32,-0.00269,-0.00294,-0.0011,0.00335,0.01326,0.0117
813.64,-0.00271,-0.00291,-0.00095,0.00344,0.01324,0.01177
813.96,-0.00267,-0.00287,-0.00087,0.00346,0.01325,0.01185
814.28,-0.00254,-0.00287,-0.00091,0.00342,0.01321,0.01189
814.6,-0.00263,-0.00302,-0.00095,0.00334,0.01318,0.0119
814.92,-0.00272,-0.00318,-0.00105,0.00337,0.01317,0.01183
815.24,-0.00258,-0.00304,-0.00108,0.00352,0.01327,0.012
815.56,-0.00254,-0.00307,-0.00104,0.0035,0.01317,0.01205
815.88,-0.00253,-0.00318,-0.00107,0.00344,0.01313,0.01205
816.2,-0.00256,-0.00338,-0.00121,0.00336,0.01296,0.01201
816.52,-0.00263,-0.00345,-0.00122,0.00331,0.01307,0.01213
816.84,-0.00251,-0.00335,-0.00114,0.00343,0.01318,0.01217
817.16,-0.00251,-0.00327,-0.00105,0.00342,0.01324,0.01211
817.48,-0.00251,-0.00335,-0.00111,0.00344,0.01322,0.01213
817.8,-0.00258,-0.00339,-0.00108,0.00346,0.01326,0.01213
818.12,-0.00281,-0.00347,-0.00123,0.00339,0.01316,0.0119
818.44,-0.00285,-0.00346,-0.00125,0.00336,0.01318,0.01186
818.76,-0.00291,-0.00359,-0.00122,0.00326,0.01314,0.01176
819.08,-0.00303,-0.0037,-0.00133,0.00311,0.01309,0.01165
819.4,-0.00299,-0.00372,-0.00137,0.00304,0.01313,0.0117
819.72,-0.00307,-0.00381,-0.00146,0.00299,0.01298,0.01144
820.04,-0.00305,-0.00385,-0.00146,0.00291,0.01298,0.01143
820.36,-0.0028,-0.00383,-0.00129,0.00308,0.01314,0.01164
820.68,-0.00271,-0.00372,-0.00119,0.00317,0.01319,0.01149
821,-0.00266,-0.00349,-0.00126,0.00329,0.01314,0.01146
821.32,-0.00267,-0.0035,-0.00123,0.00335,0.01313,0.01153
821.64,-0.00283,-0.00366,-0.00132,0.0034,0.01308,0.01144
821.96,-0.00278,-0.00368,-0.00117,0.00345,0.01325,0.01152
822.27,-0.00273,-0.00352,-0.0011,0.00361,0.0134,0.01171
822.59,-0.00291,-0.00359,-0.00117,0.00354,0.01336,0.01173
822.91,-0.00305,-0.00362,-0.00129,0.00339,0.01321,0.01173
823.23,-0.00308,-0.00367,-0.00119,0.00342,0.01338,0.01184
823.55,-0.00308,-0.00363,-0.00119,0.00337,0.0134,0.01187
823.87,-0.00296,-0.00353,-0.00107,0.00336,0.01344,0.01198
824.19,-0.00314,-0.00351,-0.00115,0.00323,0.01338,0.01198
824.51,-0.00328,-0.00366,-0.00121,0.00311,0.01335,0.0117
824.83,-0.00309,-0.00347,-0.00121,0.00309,0.01342,0.01161
825.14,-0.00302,-0.00366,-0.00117,0.0031,0.01358,0.01162
825.46,-0.00299,-0.00375,-0.00121,0.00304,0.01346,0.0115
825.78,-0.00293,-0.00369,-0.00123,0.003,0.01339,0.01151
826.1,-0.00298,-0.00377,-0.00148,0.00288,0.01327,0.01137
826.42,-0.00283,-0.00375,-0.00145,0.00305,0.0133,0.01139
826.74,-0.00277,-0.00371,-0.00148,0.00306,0.01315,0.01148
827.06,-0.00298,-0.00388,-0.00155,0.00293,0.01307,0.0114
827.37,-0.00298,-0.00362,-0.00155,0.00297,0.01312,0.01158
827.69,-0.00311,-0.00358,-0.00155,0.00294,0.01311,0.01159
828.01,-0.00329,-0.0037,-0.00155,0.00296,0.01306,0.01138
828.33,-0.00326,-0.00351,-0.00136,0.00318,0.01309,0.01146
828.65,-0.00344,-0.00362,-0.00156,0.00299,0.01312,0.0115
828.96,-0.00349,-0.00378,-0.00174,0.00282,0.01304,0.01135
829.28,-0.00352,-0.00365,-0.00165,0.00292,0.01306,0.01143
829.6,-0.00379,-0.00396,-0.00187,0.00289,0.0128,0.01119
829.92,-0.00367,-0.00407,-0.00191,0.00288,0.01292,0.01115
830.24,-0.00383,-0.00412,-0.00204,0.00291,0.01294,0.01132
830.55,-0.00392,-0.00435,-0.00218,0.00261,0.01289,0.01118
830.87,-0.0039,-0.00426,-0.00199,0.0026,0.01276,0.0111
831.19,-0.00396,-0.00425,-0.00181,0.00268,0.0129,0.01113
831.51,-0.00395,-0.0044,-0.00195,0.00265,0.01297,0.01123
831.83,-0.00386,-0.00436,-0.00175,0.00267,0.01312,0.0114
832.14,-0.00409,-0.0043,-0.00182,0.00263,0.013,0.01142
832.46,-0.00394,-0.00435,-0.00169,0.00255,0.01302,0.01131
832.78,-0.00396,-0.0043,-0.00172,0.0026,0.01299,0.01123
833.1,-0.00393,-0.00433,-0.00162,0.0028,0.01316,0.01134
833.41,-0.00383,-0.00438,-0.00177,0.0028,0.01307,0.01132
833.73,-0.00368,-0.00428,-0.00161,0.00303,0.01316,0.0113
834.05,-0.00357,-0.00427,-0.00166,0.00312,0.01312,0.01133
834.36,-0.00342,-0.00437,-0.00166,0.00308,0.01297,0.01128
834.68,-0.00352,-0.00445,-0.00175,0.00298,0.01293,0.01125
835,-0.00347,-0.00454,-0.00164,0.00313,0.01303,0.01149
835.32,-0.00336,-0.00453,-0.00197,0.00286,0.01291,0.01126
835.63,-0.00336,-0.00446,-0.00194,0.00278,0.01297,0.01122
835.95,-0.00349,-0.00466,-0.00216,0.00251,0.01281,0.01119
836.27,-0.0036,-0.00457,-0.00205,0.00246,0.01275,0.01137
836.58,-0.00377,-0.00469,-0.00218,0.00248,0.01281,0.0115
836.9,-0.00345,-0.00444,-0.00218,0.00265,0.01293,0.01173
837.22,-0.00362,-0.00451,-0.00233,0.00248,0.01297,0.01166
837.53,-0.0039,-0.00461,-0.00216,0.00249,0.01291,0.01188
837.85,-0.00394,-0.00449,-0.00213,0.00256,0.01295,0.01219
838.17,-0.00386,-0.00442,-0.00202,0.00261,0.01309,0.01222
838.48,-0.00391,-0.00461,-0.00229,0.00249,0.01307,0.01183
838.8,-0.00373,-0.00427,-0.00201,0.00269,0.01338,0.01191
839.12,-0.00386,-0.00451,-0.00194,0.00261,0.0133,0.01174
839.43,-0.00375,-0.0046,-0.00187,0.00272,0.01345,0.01159
839.75,-0.00364,-0.00458,-0.00188,0.00292,0.01357,0.01173
840.07,-0.00368,-0.00483,-0.00204,0.00283,0.01363,0.0115
840.38,-0.00382,-0.0049,-0.00208,0.00282,0.01355,0.01137
840.7,-0.00385,-0.00514,-0.00215,0.00283,0.0134,0.01135
841.01,-0.00411,-0.00535,-0.00233,0.00271,0.01324,0.01123
841.33,-0.00407,-0.00505,-0.00218,0.00289,0.01341,0.01155
841.65,-0.00395,-0.00484,-0.00215,0.00278,0.01337,0.0116
841.96,-0.00408,-0.00486,-0.00228,0.00263,0.01334,0.01136
842.28,-0.00414,-0.00482,-0.00212,0.00256,0.01333,0.01125
842.6,-0.0042,-0.00482,-0.00212,0.00253,0.01321,0.01125
842.91,-0.00425,-0.00459,-0.00206,0.00247,0.01341,0.01135
843.23,-0.00407,-0.00462,-0.00223,0.00239,0.01353,0.01132
843.54,-0.00436,-0.0049,-0.00251,0.0021,0.01337,0.01095
843.86,-0.00447,-0.00486,-0.0025,0.00215,0.01317,0.01102
844.17,-0.0043,-0.0048,-0.00248,0.00208,0.01322,0.01121
844.49,-0.0043,-0.0049,-0.00262,0.00212,0.01302,0.0113
844.81,-0.00433,-0.00499,-0.00272,0.00205,0.01312,0.01128
845.12,-0.00414,-0.00491,-0.00268,0.00217,0.01302,0.01133
845.44,-0.00408,-0.0048,-0.00247,0.00219,0.01286,0.0113
845.75,-0.00412,-0.00476,-0.00258,0.00233,0.01279,0.01137
846.07,-0.00418,-0.00484,-0.00274,0.00227,0.01294,0.0114
846.38,-0.0042,-0.00485,-0.00269,0.00231,0.01297,0.01114
846.7,-0.00416,-0.00469,-0.00259,0.0024,0.01308,0.01119
847.01,-0.00396,-0.00453,-0.00233,0.00254,0.01308,0.0113
847.33,-0.00423,-0.00471,-0.00246,0.00232,0.01305,0.01127
847.64,-0.00423,-0.00469,-0.0025,0.00236,0.01318,0.01123
847.96,-0.00414,-0.00474,-0.00239,0.00239,0.01325,0.01115
848.27,-0.00409,-0.00473,-0.00234,0.0025,0.01311,0.01108
848.59,-0.00436,-0.00487,-0.00255,0.00242,0.01301,0.01119
848.9,-0.00447,-0.00501,-0.00263,0.00234,0.01286,0.01102
849.22,-0.00482,-0.00539,-0.00314,0.00192,0.01253,0.01069
849.53,-0.00478,-0.00541,-0.00305,0.00187,0.01267,0.0106
849.85,-0.00477,-0.00542,-0.00296,0.00193,0.01244,0.01077
850.16,-0.0048,-0.0055,-0.00296,0.00187,0.01237,0.01081
850.48,-0.00472,-0.00548,-0.00294,0.00181,0.01244,0.01098
850.79,-0.00459,-0.00548,-0.00277,0.0019,0.01248,0.01093
851.11,-0.00454,-0.0054,-0.00283,0.0019,0.0126,0.01104
851.42,-0.00424,-0.00515,-0.00256,0.00224,0.01302,0.01115
851.74,-0.00406,-0.0049,-0.00249,0.00252,0.01293,0.01128
852.05,-0.00399,-0.00492,-0.00257,0.00237,0.01314,0.01125
852.36,-0.00402,-0.00489,-0.00266,0.00216,0.0132,0.01126
852.68,-0.00406,-0.00495,-0.00274,0.00205,0.01325,0.0111
852.99,-0.00407,-0.00494,-0.00291,0.00188,0.01303,0.01112
853.31,-0.004,-0.00505,-0.00287,0.0019,0.01297,0.01115
853.62,-0.00422,-0.00508,-0.00289,0.00181,0.01284,0.01113
853.94,-0.00433,-0.00539,-0.00309,0.0016,0.01274,0.01085
854.25,-0.00466,-0.00572,-0.00317,0.00158,0.01256,0.01086
854.56,-0.00457,-0.00581,-0.00307,0.00177,0.01249,0.01086
854.88,-0.00455,-0.00575,-0.00298,0.00187,0.0123,0.01086
855.19,-0.00455,-0.00594,-0.00289,0.00189,0.01255,0.01103
855.51,-0.00461,-0.00595,-0.003,0.00185,0.01265,0.01118
855.82,-0.00457,-0.00597,-0.00305,0.00176,0.01255,0.01119
856.13,-0.0045,-0.00576,-0.00292,0.00189,0.01277,0.01146
856.45,-0.0043,-0.00562,-0.00303,0.00181,0.01287,0.01141
856.76,-0.00446,-0.00556,-0.00296,0.00182,0.01282,0.01142
857.07,-0.00478,-0.00579,-0.00303,0.0016,0.01271,0.01138
857.39,-0.00474,-0.00583,-0.00306,0.00168,0.01255,0.01094
857.7,-0.00479,-0.00589,-0.00292,0.00182,0.01265,0.01075
858.02,-0.00471,-0.00584,-0.00293,0.00192,0.0128,0.01099
858.33,-0.00483,-0.00589,-0.00276,0.00186,0.01273,0.01096
858.64,-0.00495,-0.00583,-0.00274,0.00206,0.01265,0.01091
858.96,-0.00496,-0.00578,-0.00299,0.00187,0.01276,0.01091
859.27,-0.00487,-0.00578,-0.00312,0.00195,0.01295,0.01094
859.58,-0.00489,-0.00557,-0.00321,0.00194,0.01309,0.01113
859.9,-0.00505,-0.00561,-0.00316,0.00177,0.01288,0.01096
860.21,-0.00515,-0.00575,-0.00312,0.0017,0.01288,0.01087
860.52,-0.00513,-0.00589,-0.00329,0.00164,0.01281,0.01063
860.83,-0.00522,-0.00608,-0.00323,0.00137,0.01263,0.0107
861.15,-0.0052,-0.00608,-0.00322,0.00164,0.01251,0.01075
861.46,-0.0051,-0.0059,-0.00297,0.00199,0.01264,0.01086
861.77,-0.00523,-0.00608,-0.00296,0.00206,0.01269,0.01081
862.09,-0.00507,-0.0061,-0.00313,0.00197,0.01282,0.01098
862.4,-0.00518,-0.00609,-0.00324,0.00191,0.01282,0.01087
862.71,-0.0054,-0.00623,-0.00351,0.00188,0.01279,0.01087
863.02,-0.0055,-0.00621,-0.00351,0.00198,0.01288,0.01069
863.34,-0.00562,-0.00631,-0.00358,0.00176,0.01291,0.0106
863.65,-0.00578,-0.00654,-0.0039,0.00137,0.01274,0.01045
863.96,-0.00583,-0.0066,-0.00387,0.00131,0.01274,0.01056
864.27,-0.00605,-0.00651,-0.00398,0.00131,0.01254,0.01042
864.59,-0.00611,-0.00641,-0.00393,0.00151,0.01232,0.01057
864.9,-0.00613,-0.00645,-0.00397,0.0013,0.01224,0.01054
865.21,-0.00591,-0.00626,-0.00397,0.00131,0.01229,0.01079
865.52,-0.00588,-0.00619,-0.00373,0.00148,0.01252,0.01094
865.84,-0.00603,-0.00638,-0.00369,0.00145,0.0124,0.01082
866.15,-0.006,-0.00633,-0.00387,0.00121,0.01211,0.0106
866.46,-0.00591,-0.00648,-0.00386,0.00128,0.01233,0.01074
866.77,-0.00598,-0.00653,-0.00399,0.00111,0.01235,0.01056
867.08,-0.00601,-0.00662,-0.00411,0.00115,0.01235,0.01062
867.4,-0.00612,-0.00684,-0.00427,0.00101,0.01233,0.01034
867.71,-0.00615,-0.00717,-0.00461,0.00061,0.01195,0.01002
868.02,-0.00604,-0.00691,-0.00461,0.00065,0.01198,0.00985
868.33,-0.00602,-0.00677,-0.00444,0.00077,0.01228,0.01009
868.64,-0.00604,-0.00683,-0.00456,0.0006,0.01217,0.00985
868.96,-0.00617,-0.00701,-0.0046,0.00045,0.01195,0.0098
869.27,-0.00621,-0.0068,-0.0044,0.00062,0.01179,0.00976
869.58,-0.00616,-0.00676,-0.00428,0.00064,0.01167,0.00996
869.89,-0.00604,-0.00647,-0.00405,0.00087,0.01187,0.01009
870.2,-0.00599,-0.00659,-0.00414,0.00082,0.01187,0.01036
870.51,-0.00616,-0.00668,-0.00434,0.00069,0.01154,0.0101
870.82,-0.00618,-0.0067,-0.00433,0.00074,0.01127,0.01019
871.14,-0.00615,-0.00666,-0.00414,0.0008,0.01142,0.01031
871.45,-0.00606,-0.00677,-0.00424,0.00052,0.01138,0.01
871.76,-0.00612,-0.00702,-0.00464,0.0002,0.01144,0.00955
872.07,-0.00614,-0.00707,-0.00474,-3.00E-05,0.01144,0.00958
872.38,-0.00607,-0.00719,-0.00461,2.00E-05,0.01158,0.00943
872.69,-0.00599,-0.00713,-0.00451,0.00014,0.01173,0.00964
873,-0.00592,-0.00703,-0.00443,0.0002,0.01202,0.00981
873.31,-0.00599,-0.00721,-0.00472,6.00E-05,0.01186,0.00955
873.63,-0.00613,-0.0073,-0.00473,0,0.01179,0.00974
873.94,-0.00638,-0.00729,-0.00468,0.00021,0.01153,0.00983
874.25,-0.00659,-0.00756,-0.00489,0.00032,0.01129,0.00963
874.56,-0.00662,-0.00739,-0.00487,0.0001,0.0112,0.0096
874.87,-0.00674,-0.00757,-0.00488,-0.0001,0.01113,0.00947
875.18,-0.00683,-0.00779,-0.00503,-0.00038,0.01085,0.00919
875.49,-0.00638,-0.00763,-0.00464,-0.00022,0.01121,0.00943
875.8,-0.00617,-0.00744,-0.00466,5.00E-05,0.01153,0.00962
876.11,-0.00606,-0.00742,-0.00467,-8.00E-05,0.01164,0.00947
876.42,-0.0061,-0.00742,-0.00462,-8.00E-05,0.01177,0.00951
876.73,-0.00647,-0.00751,-0.0049,5.00E-05,0.01147,0.00944
877.04,-0.00655,-0.00742,-0.00484,2.00E-05,0.01138,0.00958
877.35,-0.00669,-0.00737,-0.00482,0.00018,0.01148,0.00957
877.66,-0.00712,-0.00743,-0.005,0.00013,0.01147,0.00928
877.97,-0.00737,-0.00762,-0.00492,4.00E-05,0.01137,0.0092
878.28,-0.00715,-0.00751,-0.00482,0.0003,0.01171,0.00956
878.59,-0.00694,-0.00745,-0.00481,0.00049,0.01187,0.00966
878.9,-0.00704,-0.0077,-0.00476,0.00042,0.01179,0.0098
879.21,-0.00697,-0.00788,-0.00479,0.00058,0.01196,0.00963
879.52,-0.00687,-0.00774,-0.0046,0.0006,0.01226,0.00996
879.83,-0.00695,-0.00772,-0.00476,0.00048,0.01202,0.01004
880.14,-0.00695,-0.00762,-0.00483,0.00045,0.01201,0.01021
880.45,-0.00706,-0.00768,-0.00473,0.00052,0.01205,0.01029
880.76,-0.00728,-0.00746,-0.00474,0.0005,0.01192,0.01044
881.07,-0.00708,-0.00738,-0.00479,0.00047,0.01233,0.01027
881.38,-0.00694,-0.00745,-0.00495,0.00044,0.01233,0.01055
881.69,-0.00693,-0.00774,-0.00522,0.00025,0.01189,0.01019
882,-0.00673,-0.00784,-0.00543,0.0004,0.01193,0.01023
882.31,-0.00659,-0.00785,-0.00549,0.00043,0.0119,0.01009
882.62,-0.00674,-0.00822,-0.00578,-1.00E-05,0.01163,0.0098
882.93,-0.00701,-0.00843,-0.00561,-5.00E-05,0.01159,0.00933
883.24,-0.00722,-0.00829,-0.0056,-0.00024,0.01146,0.00939
883.55,-0.00755,-0.00807,-0.00578,-0.00025,0.01114,0.00904
883.86,-0.00765,-0.00792,-0.00575,-0.00024,0.01122,0.00901
884.17,-0.00788,-0.0079,-0.00569,-0.00037,0.0112,0.00907
884.48,-0.0079,-0.00805,-0.00552,-0.00043,0.01119,0.00908
884.79,-0.0082,-0.00781,-0.0054,-0.00026,0.01111,0.00904
885.09,-0.00809,-0.00798,-0.00559,-0.00054,0.01097,0.00924
885.4,-0.00782,-0.00818,-0.00584,-0.00036,0.01091,0.00918
885.71,-0.00783,-0.00821,-0.00578,-0.00041,0.01107,0.00925
886.02,-0.00805,-0.00843,-0.00573,-0.0004,0.01107,0.00928
886.33,-0.00801,-0.00825,-0.00541,-0.00035,0.01131,0.00925
886.64,-0.00813,-0.00841,-0.00598,-0.0009,0.01112,0.00881
886.95,-0.00798,-0.00835,-0.00618,-0.00103,0.01125,0.00887
887.26,-0.0076,-0.00805,-0.00611,-0.00102,0.0114,0.00902
887.57,-0.00738,-0.00761,-0.00564,-0.00079,0.01155,0.00936
887.87,-0.00738,-0.00779,-0.00559,-0.00078,0.01151,0.00931
888.18,-0.00724,-0.00782,-0.00584,-0.00097,0.0112,0.00903
888.49,-0.00725,-0.00835,-0.00618,-0.00117,0.01067,0.00879
888.8,-0.00739,-0.00819,-0.00599,-0.00083,0.01056,0.00898
889.11,-0.00741,-0.00828,-0.00568,-0.00067,0.01045,0.00905
889.42,-0.00778,-0.00864,-0.00609,-0.0009,0.00993,0.00863
889.72,-0.0078,-0.00886,-0.00611,-0.00114,0.00985,0.00845
890.03,-0.00757,-0.00895,-0.00628,-0.00131,0.00982,0.00825
890.34,-0.00759,-0.00893,-0.00608,-0.00125,0.01003,0.00837
890.65,-0.00751,-0.00868,-0.00599,-0.00118,0.0103,0.00844
890.96,-0.00739,-0.00861,-0.00573,-0.00095,0.01073,0.0085
891.27,-0.00744,-0.0086,-0.00571,-0.00106,0.01047,0.00836
891.57,-0.00676,-0.0083,-0.00518,-0.0004,0.01123,0.00892
891.88,-0.00686,-0.00852,-0.00518,-0.00049,0.01102,0.00859
892.19,-0.00684,-0.00841,-0.00499,-0.00038,0.01115,0.00875
892.5,-0.00692,-0.00847,-0.00519,-0.00024,0.01104,0.0088
892.8,-0.00699,-0.00854,-0.0055,-0.00024,0.01082,0.00858
893.11,-0.00695,-0.00875,-0.00574,-0.0006,0.01046,0.00841
893.42,-0.00678,-0.00865,-0.00594,-0.00053,0.01082,0.00867
893.73,-0.00757,-0.00901,-0.00646,-0.00129,0.01055,0.00811
894.04,-0.00799,-0.00922,-0.00698,-0.00168,0.01028,0.00818
894.34,-0.00802,-0.00923,-0.00708,-0.0017,0.01028,0.00826
894.65,-0.00796,-0.00896,-0.00686,-0.00182,0.01066,0.00825
894.96,-0.00787,-0.00883,-0.00659,-0.00167,0.01095,0.00839
895.26,-0.00793,-0.00867,-0.00621,-0.00141,0.01123,0.00879
895.57,-0.00805,-0.00887,-0.00628,-0.00168,0.01098,0.00857
895.88,-0.00791,-0.00868,-0.00593,-0.00144,0.01072,0.00875
896.19,-0.00741,-0.00828,-0.0055,-0.00085,0.01153,0.00916
896.49,-0.00741,-0.00841,-0.00541,-0.001,0.01141,0.00894
896.8,-0.00739,-0.00846,-0.00527,-0.00093,0.01105,0.00913
897.11,-0.00756,-0.00873,-0.00537,-0.00113,0.01104,0.0094
897.42,-0.00741,-0.00842,-0.00543,-0.00088,0.01109,0.0095
897.72,-0.0073,-0.00851,-0.00532,-0.00073,0.01107,0.00952
898.03,-0.00763,-0.00888,-0.00567,-0.00101,0.01127,0.00921
898.34,-0.00788,-0.00923,-0.00595,-0.00134,0.01064,0.00865
898.64,-0.00866,-0.00945,-0.00643,-0.00166,0.01027,0.00832
898.95,-0.00876,-0.00965,-0.00681,-0.00165,0.01031,0.00822
899.26,-0.00884,-0.00952,-0.00641,-0.00173,0.01024,0.0082
899.56,-0.00891,-0.00978,-0.00626,-0.00201,0.01034,0.00787
899.87,-0.00917,-0.00961,-0.00629,-0.00198,0.01052,0.00797
900.18,-0.00867,-0.00929,-0.00594,-0.00165,0.01072,0.00832
900.48,-0.00861,-0.00896,-0.00564,-0.00152,0.01088,0.00871
900.79,-0.00803,-0.00865,-0.00523,-0.0008,0.0114,0.00931
901.1,-0.00793,-0.00837,-0.00525,-0.00086,0.01142,0.0093
901.4,-0.00789,-0.0085,-0.00567,-0.00079,0.01134,0.00937
901.71,-0.00827,-0.00873,-0.00632,-0.00123,0.01096,0.00926
902.01,-0.00844,-0.00904,-0.00651,-0.00136,0.01064,0.00908
902.32,-0.00862,-0.0089,-0.00675,-0.00154,0.01039,0.00908
902.63,-0.00876,-0.00893,-0.00701,-0.00146,0.01052,0.00909
902.93,-0.00891,-0.00908,-0.00727,-0.00183,0.01009,0.00885
903.24,-0.00881,-0.0093,-0.00705,-0.00178,0.01031,0.00885
903.54,-0.00851,-0.00926,-0.00687,-0.00178,0.01045,0.00878
903.85,-0.0083,-0.00906,-0.00656,-0.0013,0.01087,0.00906
904.16,-0.00837,-0.00929,-0.00678,-0.00136,0.01096,0.00898
904.46,-0.00859,-0.0096,-0.0069,-0.00126,0.01083,0.00903
904.77,-0.00877,-0.01003,-0.00694,-0.0013,0.01058,0.00868
905.07,-0.00869,-0.01002,-0.00685,-0.00117,0.01077,0.00861
905.38,-0.00906,-0.01005,-0.00721,-0.00125,0.01036,0.00842
905.68,-0.00941,-0.01011,-0.00742,-0.00147,0.01012,0.00813
905.99,-0.00922,-0.01022,-0.00729,-0.00178,0.00985,0.00799
906.3,-0.00904,-0.00995,-0.00721,-0.00171,0.00992,0.00788
906.6,-0.00863,-0.00965,-0.00723,-0.00153,0.00991,0.00782
906.91,-0.00818,-0.00906,-0.00704,-0.00152,0.00992,0.00796
907.21,-0.00829,-0.00936,-0.00721,-0.00169,0.00969,0.00797
907.52,-0.00848,-0.00959,-0.00713,-0.0018,0.00981,0.00793
907.82,-0.00801,-0.00964,-0.00726,-0.00186,0.00991,0.00832
908.13,-0.00829,-0.00984,-0.0077,-0.00188,0.00964,0.00817
908.43,-0.00815,-0.00961,-0.00747,-0.00176,0.00995,0.00846
908.74,-0.00875,-0.0101,-0.0074,-0.00211,0.00992,0.00821
909.04,-0.00903,-0.01044,-0.00751,-0.00208,0.01002,0.00843
909.35,-0.00922,-0.01053,-0.00748,-0.00208,0.0102,0.00874
909.65,-0.00894,-0.01047,-0.00729,-0.00182,0.01042,0.00915
909.96,-0.00943,-0.01024,-0.00705,-0.00159,0.01036,0.00906
910.26,-0.00959,-0.01028,-0.00698,-0.00148,0.01036,0.00889
910.57,-0.00976,-0.01078,-0.00683,-0.00157,0.01001,0.00867
910.87,-0.00976,-0.01076,-0.00692,-0.00148,0.00999,0.00856
911.18,-0.00987,-0.01075,-0.00704,-0.00169,0.0098,0.00811
911.48,-0.01002,-0.01063,-0.00712,-0.00174,0.00987,0.00758
911.79,-0.00995,-0.01032,-0.00729,-0.00186,0.00977,0.00758
912.09,-0.01013,-0.01075,-0.00772,-0.00208,0.00961,0.00709
912.39,-0.01005,-0.0107,-0.00784,-0.00217,0.00977,0.00711
912.7,-0.01008,-0.01019,-0.00848,-0.00212,0.00974,0.00698
913,-0.01051,-0.01065,-0.00847,-0.00233,0.00954,0.00687
913.31,-0.01057,-0.01066,-0.00874,-0.00249,0.00968,0.00719
913.61,-0.00985,-0.01038,-0.00872,-0.00251,0.00935,0.00728
913.92,-0.01026,-0.01069,-0.00892,-0.00258,0.0088,0.00667
914.22,-0.01034,-0.01042,-0.00887,-0.00278,0.00865,0.00663
914.52,-0.01045,-0.01036,-0.00879,-0.00289,0.00847,0.00633
914.83,-0.01045,-0.01068,-0.00851,-0.00318,0.00829,0.00638
915.13,-0.01033,-0.01072,-0.0091,-0.00367,0.00849,0.00605
915.44,-0.01064,-0.01114,-0.0092,-0.00413,0.00791,0.00538
915.74,-0.01103,-0.01133,-0.00903,-0.00434,0.00832,0.00545
916.04,-0.0108,-0.01144,-0.00906,-0.00474,0.00871,0.00578
916.35,-0.01113,-0.01221,-0.00932,-0.00507,0.00845,0.00554
916.65,-0.01127,-0.01256,-0.00934,-0.00504,0.0085,0.00564
916.96,-0.01125,-0.01259,-0.00928,-0.00463,0.00871,0.00585
917.26,-0.0111,-0.0123,-0.00897,-0.0043,0.00837,0.00642
917.56,-0.01088,-0.01229,-0.00873,-0.00383,0.00909,0.00671
917.87,-0.01137,-0.01266,-0.00926,-0.00389,0.00831,0.00652
918.17,-0.01161,-0.01294,-0.00923,-0.00363,0.00835,0.00605
918.47,-0.01093,-0.01239,-0.00872,-0.00329,0.00868,0.0064
918.78,-0.01085,-0.0124,-0.00883,-0.00339,0.00856,0.00659
919.08,-0.01108,-0.01248,-0.00894,-0.00385,0.00816,0.00646
919.38,-0.01112,-0.01255,-0.00909,-0.00401,0.00845,0.00624
919.69,-0.01145,-0.01252,-0.00948,-0.00443,0.00765,0.00599
919.99,-0.0113,-0.01262,-0.00924,-0.00475,0.00785,0.00541
920.29,-0.01133,-0.01248,-0.00927,-0.00497,0.0076,0.00545
920.59,-0.01187,-0.01301,-0.01014,-0.00517,0.00767,0.00496
920.9,-0.01196,-0.01284,-0.01033,-0.00521,0.00746,0.00502
921.2,-0.01236,-0.0131,-0.01107,-0.0055,0.00723,0.00449
921.5,-0.01238,-0.01327,-0.01077,-0.00542,0.00692,0.00455
921.81,-0.01221,-0.01358,-0.01058,-0.00549,0.00692,0.00481
922.11,-0.01251,-0.01385,-0.01071,-0.00555,0.00667,0.00523
922.41,-0.01263,-0.01421,-0.01107,-0.00617,0.00616,0.0049
922.71,-0.0124,-0.01366,-0.01052,-0.00574,0.00633,0.00553
923.02,-0.01267,-0.01411,-0.01034,-0.006,0.00631,0.00503
923.32,-0.01224,-0.0139,-0.00968,-0.00579,0.00657,0.005
923.62,-0.01253,-0.01393,-0.00992,-0.0059,0.00667,0.00461
923.92,-0.01237,-0.014,-0.00977,-0.00583,0.00661,0.00415
924.23,-0.01252,-0.01413,-0.01015,-0.00602,0.00625,0.00394
924.53,-0.01254,-0.01403,-0.00998,-0.00581,0.00642,0.00421
924.83,-0.01294,-0.01446,-0.01027,-0.00627,0.00585,0.00364
925.13,-0.01307,-0.01483,-0.01097,-0.00631,0.00547,0.00293
925.44,-0.01325,-0.01484,-0.01119,-0.00657,0.00571,0.00306
925.74,-0.01298,-0.01501,-0.0115,-0.00667,0.00532,0.00325
926.04,-0.01372,-0.01498,-0.01218,-0.00677,0.00561,0.00352
926.34,-0.01365,-0.01471,-0.01206,-0.00639,0.00588,0.00341
926.64,-0.01383,-0.01451,-0.01219,-0.00628,0.00575,0.00311
926.95,-0.01379,-0.01467,-0.01232,-0.00674,0.0057,0.00301
927.25,-0.01411,-0.01434,-0.01235,-0.00685,0.00613,0.00362
927.55,-0.0146,-0.01512,-0.0128,-0.00715,0.00525,0.00338
927.85,-0.01461,-0.01511,-0.01275,-0.00704,0.00546,0.00305
928.15,-0.01413,-0.01536,-0.01253,-0.00715,0.00511,0.0023
928.46,-0.01422,-0.01586,-0.01301,-0.00771,0.00489,0.00195
928.76,-0.01422,-0.01649,-0.01343,-0.00779,0.00503,0.00217
929.06,-0.01458,-0.01673,-0.01368,-0.00805,0.00464,0.00184
929.36,-0.01419,-0.01674,-0.01356,-0.00812,0.00478,0.00175
929.66,-0.01401,-0.01641,-0.01346,-0.00783,0.00524,0.00175
929.96,-0.01441,-0.0167,-0.01409,-0.00849,0.00488,0.00159
930.26,-0.01493,-0.01688,-0.01514,-0.00863,0.00462,0.00187
930.57,-0.01436,-0.01639,-0.01479,-0.00831,0.00504,0.0022
930.87,-0.01472,-0.01636,-0.0148,-0.00877,0.00504,0.00159
931.17,-0.01469,-0.01655,-0.01494,-0.00828,0.00532,0.00181
931.47,-0.01428,-0.01641,-0.01462,-0.00806,0.00495,0.00183
931.77,-0.01457,-0.01646,-0.01526,-0.00874,0.0045,0.00149
932.07,-0.01495,-0.01603,-0.01504,-0.00833,0.00462,0.00133
932.37,-0.01517,-0.01632,-0.01474,-0.0085,0.00427,0.00088
932.67,-0.01555,-0.01626,-0.01464,-0.00858,0.00414,0.00087
932.97,-0.01565,-0.01685,-0.0146,-0.00853,0.00363,0.00077
933.27,-0.01562,-0.01664,-0.01431,-0.00892,0.00283,0.00068
933.58,-0.01635,-0.01713,-0.01487,-0.00958,0.00248,0.00047
933.88,-0.01675,-0.01767,-0.01473,-0.00972,0.00193,0.00038
934.18,-0.01636,-0.01774,-0.01433,-0.00981,0.0018,0.0005
934.48,-0.01673,-0.01791,-0.0142,-0.00967,0.00225,0.00076
934.78,-0.0173,-0.0183,-0.01469,-0.01003,0.00227,-0.00019
935.08,-0.01697,-0.01767,-0.01515,-0.01026,0.00246,-0.00029
935.38,-0.0175,-0.0178,-0.01553,-0.01045,0.00257,-0.00083
935.68,-0.01778,-0.01819,-0.01578,-0.01058,0.00202,-0.00124
935.98,-0.01749,-0.01812,-0.01513,-0.0104,0.00284,-0.00098
936.28,-0.01814,-0.01923,-0.01631,-0.01162,0.00203,-0.00181
936.58,-0.01802,-0.01939,-0.01646,-0.01253,0.00076,-0.00217
936.88,-0.01829,-0.02013,-0.01713,-0.01276,-6.00E-05,-0.00187
937.18,-0.01914,-0.02064,-0.01714,-0.01295,-0.00074,-0.00237
937.48,-0.01922,-0.02107,-0.01755,-0.0131,-0.00078,-0.00296
937.78,-0.01936,-0.02126,-0.01787,-0.01315,-0.00123,-0.00314
938.08,-0.01963,-0.02161,-0.01846,-0.0135,-0.0019,-0.00417
938.38,-0.019,-0.02117,-0.01778,-0.0125,-0.00156,-0.00355
938.68,-0.01943,-0.02102,-0.01829,-0.01259,-0.00119,-0.00387
938.98,-0.01917,-0.02025,-0.01723,-0.0122,-0.00111,-0.00356
939.28,-0.01894,-0.02034,-0.0177,-0.01244,-0.00112,-0.0033
939.58,-0.01818,-0.01981,-0.01748,-0.01188,-0.0009,-0.00309
939.88,-0.01762,-0.0193,-0.01679,-0.01115,0.00018,-0.00221
940.18,-0.01739,-0.01871,-0.01622,-0.01092,0.0001,-0.00147
940.48,-0.01829,-0.01908,-0.01712,-0.01115,0.0001,-0.00236
940.78,-0.01789,-0.01867,-0.01681,-0.01094,1.00E-05,-0.00255
941.08,-0.01832,-0.01913,-0.01748,-0.01137,8.00E-05,-0.00313
941.38,-0.01821,-0.01898,-0.01667,-0.0112,0.00019,-0.0027
941.68,-0.01862,-0.01897,-0.01629,-0.01141,0.00047,-0.00182
941.98,-0.01886,-0.01893,-0.01659,-0.01249,0.00019,-0.00208
942.27,-0.01921,-0.01902,-0.01709,-0.01258,0.00072,-0.00237
942.57,-0.01921,-0.01911,-0.01692,-0.0133,0.00044,-0.00197
942.87,-0.01933,-0.01983,-0.01706,-0.01294,0.00024,-0.00162
943.17,-0.01927,-0.02035,-0.01746,-0.01285,-8.00E-05,-0.0018
943.47,-0.01964,-0.0205,-0.01801,-0.01261,-3.00E-05,-0.00214
943.77,-0.02035,-0.02161,-0.0188,-0.01336,-0.00132,-0.00325
944.07,-0.02121,-0.02302,-0.02005,-0.01342,-0.00243,-0.00513
944.37,-0.02161,-0.02402,-0.02111,-0.01399,-0.00338,-0.00576
944.67,-0.0217,-0.02453,-0.02158,-0.0144,-0.00307,-0.00665
944.97,-0.02227,-0.02466,-0.02172,-0.01519,-0.00314,-0.00657
945.26,-0.02269,-0.02504,-0.02191,-0.01596,-0.00311,-0.00672
945.56,-0.02304,-0.02587,-0.02318,-0.01711,-0.00386,-0.00782
945.86,-0.02287,-0.02567,-0.02304,-0.01707,-0.0032,-0.00703
946.16,-0.02333,-0.02574,-0.02267,-0.01782,-0.00294,-0.00661
946.46,-0.02329,-0.02549,-0.02246,-0.01797,-0.00287,-0.00641
946.76,-0.02278,-0.02449,-0.0218,-0.01689,-0.00311,-0.00498
947.05,-0.02252,-0.02412,-0.02109,-0.01657,-0.00217,-0.00478
947.35,-0.02325,-0.02424,-0.02118,-0.01727,-0.00297,-0.00585
947.65,-0.02299,-0.02339,-0.01996,-0.01664,-0.00279,-0.00495
947.95,-0.02321,-0.02301,-0.0203,-0.01651,-0.00303,-0.00564
948.25,-0.02321,-0.0226,-0.02062,-0.01635,-0.00342,-0.00624
948.55,-0.02359,-0.02271,-0.02039,-0.01628,-0.00359,-0.00649
948.84,-0.02476,-0.02379,-0.02072,-0.01731,-0.00462,-0.00739
949.14,-0.02511,-0.02478,-0.02199,-0.01755,-0.00571,-0.00838
949.44,-0.02403,-0.02421,-0.02228,-0.01667,-0.00476,-0.00754
949.74,-0.02435,-0.02483,-0.02294,-0.01665,-0.00495,-0.0077
950.04,-0.02444,-0.0247,-0.02277,-0.01632,-0.00517,-0.00748
950.33,-0.02468,-0.02478,-0.02352,-0.01644,-0.0059,-0.00726
950.63,-0.02454,-0.02517,-0.0249,-0.01681,-0.00639,-0.00674
950.93,-0.02429,-0.02507,-0.02569,-0.0164,-0.00622,-0.0069
951.23,-0.02408,-0.02507,-0.02576,-0.01673,-0.00575,-0.00646
951.52,-0.02498,-0.02554,-0.02601,-0.01771,-0.00659,-0.00717
951.82,-0.02472,-0.02574,-0.02641,-0.01811,-0.00669,-0.008
952.12,-0.02548,-0.02692,-0.02757,-0.0194,-0.00765,-0.00922
952.42,-0.02537,-0.02697,-0.02654,-0.01915,-0.00691,-0.00998
952.71,-0.0252,-0.02624,-0.02492,-0.01899,-0.00653,-0.01048
953.01,-0.02543,-0.02707,-0.02455,-0.01987,-0.00665,-0.01134
953.31,-0.02557,-0.02689,-0.02457,-0.01968,-0.0072,-0.01204
953.61,-0.02562,-0.02707,-0.02463,-0.01965,-0.00742,-0.01226
953.9,-0.02738,-0.02753,-0.0254,-0.02072,-0.00859,-0.01292
954.2,-0.02731,-0.0274,-0.02482,-0.01976,-0.00816,-0.01243
954.5,-0.02677,-0.02776,-0.02575,-0.01955,-0.0076,-0.01129
954.79,-0.028,-0.02894,-0.02772,-0.02003,-0.00812,-0.01266
955.09,-0.027,-0.02771,-0.02739,-0.01922,-0.00733,-0.01213
955.39,-0.02758,-0.02807,-0.02776,-0.02032,-0.00733,-0.01288
955.68,-0.02894,-0.02853,-0.02864,-0.02065,-0.00841,-0.01286
955.98,-0.02776,-0.02837,-0.02847,-0.02036,-0.00793,-0.01249
956.28,-0.02798,-0.02969,-0.03001,-0.02162,-0.00856,-0.01391
956.57,-0.02867,-0.03085,-0.03055,-0.02301,-0.00993,-0.01445
956.87,-0.02858,-0.03179,-0.03054,-0.02309,-0.01105,-0.01482
957.17,-0.03059,-0.03286,-0.03149,-0.02359,-0.0124,-0.01503
957.46,-0.03084,-0.03252,-0.03153,-0.0229,-0.0127,-0.01464
957.76,-0.0308,-0.03348,-0.03163,-0.02317,-0.01255,-0.01562
958.06,-0.03024,-0.03355,-0.03178,-0.02319,-0.01243,-0.01617
958.35,-0.03061,-0.03375,-0.03135,-0.02352,-0.01226,-0.0168
958.65,-0.03065,-0.03343,-0.03017,-0.02382,-0.0126,-0.01706
958.95,-0.03033,-0.03174,-0.02971,-0.02449,-0.01209,-0.01615
959.24,-0.02979,-0.03077,-0.02984,-0.02548,-0.0122,-0.01602
959.54,-0.031,-0.03252,-0.03064,-0.02676,-0.01272,-0.0165
959.83,-0.03003,-0.03297,-0.02984,-0.0273,-0.01295,-0.01544
960.13,-0.03209,-0.03403,-0.03053,-0.02754,-0.01395,-0.01573
960.43,-0.03364,-0.03412,-0.03127,-0.0288,-0.01529,-0.01501
960.72,-0.03408,-0.0342,-0.0325,-0.02817,-0.01508,-0.01522
961.02,-0.03552,-0.03613,-0.03348,-0.02866,-0.01584,-0.01603
961.31,-0.03704,-0.03822,-0.03466,-0.0298,-0.01736,-0.0185
961.61,-0.03551,-0.03703,-0.03559,-0.03005,-0.01841,-0.01939
961.9,-0.03585,-0.03634,-0.03634,-0.02978,-0.01794,-0.02076
962.2,-0.03674,-0.03627,-0.03704,-0.03124,-0.01867,-0.02137
962.5,-0.03566,-0.03656,-0.03691,-0.03045,-0.01854,-0.02169
962.79,-0.03518,-0.03737,-0.03735,-0.03108,-0.0184,-0.02121
963.09,-0.03546,-0.03852,-0.03839,-0.03207,-0.01904,-0.02154
963.38,-0.0344,-0.03898,-0.0378,-0.03227,-0.01766,-0.02115
963.68,-0.03616,-0.03973,-0.03723,-0.03243,-0.01775,-0.02144
963.97,-0.03619,-0.03989,-0.03768,-0.03265,-0.01802,-0.02097
964.27,-0.03524,-0.04018,-0.03666,-0.03183,-0.01769,-0.02136
964.56,-0.03511,-0.03849,-0.03581,-0.03235,-0.01662,-0.02087
964.86,-0.03555,-0.03772,-0.03463,-0.03211,-0.01724,-0.02244
965.15,-0.03429,-0.03566,-0.03281,-0.03011,-0.01715,-0.02212
965.45,-0.03539,-0.03621,-0.03336,-0.0299,-0.01781,-0.02235
965.74,-0.03496,-0.03685,-0.034,-0.03056,-0.01881,-0.02372
966.04,-0.03524,-0.03726,-0.03362,-0.03145,-0.01997,-0.02465
966.33,-0.03425,-0.03748,-0.03429,-0.03152,-0.01903,-0.02458
966.63,-0.03496,-0.03889,-0.03519,-0.03124,-0.02015,-0.02509
966.92,-0.0375,-0.04044,-0.0382,-0.03272,-0.02157,-0.02647
967.22,-0.0389,-0.04227,-0.03957,-0.0347,-0.02169,-0.02751
967.51,-0.03909,-0.04173,-0.04012,-0.03559,-0.02253,-0.02765
967.81,-0.03863,-0.04129,-0.04008,-0.03514,-0.02163,-0.02607
968.1,-0.04062,-0.04186,-0.04182,-0.03615,-0.02166,-0.02651
968.4,-0.04165,-0.04206,-0.04238,-0.03679,-0.02329,-0.02709
968.69,-0.04319,-0.04317,-0.04365,-0.03886,-0.02468,-0.02827
968.98,-0.0433,-0.04342,-0.04253,-0.03992,-0.02513,-0.0276
969.28,-0.04406,-0.04408,-0.0437,-0.04057,-0.02522,-0.02852
969.57,-0.04429,-0.04352,-0.04361,-0.04007,-0.02515,-0.0289
969.87,-0.04444,-0.04364,-0.0428,-0.0395,-0.02489,-0.02897
970.16,-0.04207,-0.04285,-0.04097,-0.03742,-0.02487,-0.02759
970.46,-0.04365,-0.04261,-0.04172,-0.03754,-0.0255,-0.02709
970.75,-0.04235,-0.04201,-0.04202,-0.03657,-0.02498,-0.02741
971.04,-0.04108,-0.04176,-0.04262,-0.0366,-0.02392,-0.02769
971.34,-0.04064,-0.04091,-0.04279,-0.03503,-0.02364,-0.02772
971.63,-0.04013,-0.04144,-0.04247,-0.03471,-0.02442,-0.02771
971.93,-0.04248,-0.04314,-0.04474,-0.03772,-0.02601,-0.02907
972.22,-0.0454,-0.04353,-0.04637,-0.0401,-0.02674,-0.03142
972.51,-0.04504,-0.04504,-0.04639,-0.0402,-0.02615,-0.03214
972.81,-0.04672,-0.04662,-0.04758,-0.04163,-0.02779,-0.03364
973.1,-0.0478,-0.04505,-0.04655,-0.04138,-0.02844,-0.03367
973.39,-0.04857,-0.04581,-0.04574,-0.04306,-0.02943,-0.03365
973.69,-0.04933,-0.04546,-0.04643,-0.04326,-0.02906,-0.03294
973.98,-0.04905,-0.04464,-0.04553,-0.0427,-0.03027,-0.03301
974.27,-0.04781,-0.04632,-0.04667,-0.04158,-0.02965,-0.03291
974.57,-0.04828,-0.04617,-0.04596,-0.0428,-0.03052,-0.03315
974.86,-0.04647,-0.04499,-0.04467,-0.0416,-0.02854,-0.03183
975.15,-0.04654,-0.04777,-0.04716,-0.04357,-0.03052,-0.03266
975.45,-0.04874,-0.04988,-0.04978,-0.04591,-0.03293,-0.03469
975.74,-0.04784,-0.04957,-0.04812,-0.04526,-0.03283,-0.03383
976.03,-0.04788,-0.04966,-0.04873,-0.04523,-0.03172,-0.03522
976.33,-0.04933,-0.04931,-0.04909,-0.0473,-0.03288,-0.03596
976.62,-0.05019,-0.04938,-0.05051,-0.0484,-0.03379,-0.03759
976.91,-0.05281,-0.05112,-0.05104,-0.05107,-0.03618,-0.04022
977.21,-0.05277,-0.05098,-0.05029,-0.05131,-0.0353,-0.04033
977.5,-0.05122,-0.04951,-0.04865,-0.04959,-0.03343,-0.0412
977.79,-0.05397,-0.05271,-0.05288,-0.05308,-0.03549,-0.04523
978.08,-0.05364,-0.05278,-0.05363,-0.05291,-0.03582,-0.04425
978.38,-0.05413,-0.05457,-0.05434,-0.05289,-0.03735,-0.04555
978.67,-0.05359,-0.05523,-0.0542,-0.05274,-0.03682,-0.04515
978.96,-0.05232,-0.05464,-0.0545,-0.05217,-0.03613,-0.04515
979.25,-0.05178,-0.05427,-0.05313,-0.05164,-0.03593,-0.04506
979.55,-0.05282,-0.05634,-0.05611,-0.05315,-0.03834,-0.04495
979.84,-0.05206,-0.05544,-0.05413,-0.05314,-0.03849,-0.04452
980.13,-0.05243,-0.05741,-0.05395,-0.05488,-0.03881,-0.04492
980.42,-0.05292,-0.0563,-0.05352,-0.05618,-0.03933,-0.04517
980.71,-0.05422,-0.05784,-0.0546,-0.05788,-0.04023,-0.04674
981.01,-0.0555,-0.06039,-0.05618,-0.05913,-0.04212,-0.04665
981.3,-0.05681,-0.06048,-0.05744,-0.05909,-0.04294,-0.04812
981.59,-0.05615,-0.06026,-0.05604,-0.05968,-0.04302,-0.04774
981.88,-0.05695,-0.06135,-0.05738,-0.06028,-0.04425,-0.04885
982.18,-0.05783,-0.06197,-0.05873,-0.06039,-0.04526,-0.05058
982.47,-0.04492,-0.04881,-0.04573,-0.04713,-0.02994,-0.03417
982.76,-0.04616,-0.04934,-0.04618,-0.04773,-0.03057,-0.03437
983.05,-0.04607,-0.04888,-0.04522,-0.04726,-0.03101,-0.03491
983.34,-0.04841,-0.05223,-0.04851,-0.04952,-0.03295,-0.03686
983.63,-0.04999,-0.05501,-0.04979,-0.05183,-0.03365,-0.03814
983.93,-0.05004,-0.05499,-0.05084,-0.05148,-0.03383,-0.03955
984.22,-0.04945,-0.05473,-0.0506,-0.05122,-0.03422,-0.03878
984.51,-0.06313,-0.06972,-0.06593,-0.067,-0.05214,-0.05811
984.8,-0.06375,-0.06998,-0.06752,-0.06565,-0.05424,-0.05807
985.09,-0.06492,-0.07103,-0.06802,-0.06514,-0.05324,-0.05744
985.38,-0.06558,-0.07227,-0.06878,-0.06528,-0.05506,-0.05835
985.67,-0.06368,-0.06935,-0.06763,-0.06188,-0.0535,-0.05716
985.96,-0.06347,-0.07017,-0.06844,-0.06326,-0.05216,-0.05488
986.26,-0.06424,-0.07136,-0.06764,-0.06332,-0.05362,-0.0558
986.55,-0.06728,-0.07372,-0.06953,-0.0633,-0.05488,-0.05736
986.84,-0.068,-0.07664,-0.07219,-0.06664,-0.05608,-0.0598
987.13,-0.069,-0.07623,-0.07471,-0.0671,-0.05816,-0.06136
987.42,-0.06595,-0.07362,-0.07332,-0.06545,-0.05434,-0.06005
987.71,-0.06815,-0.07548,-0.07531,-0.0683,-0.05546,-0.06257
988,-0.06869,-0.07556,-0.07571,-0.06828,-0.05648,-0.06386
988.29,-0.07204,-0.07738,-0.08077,-0.07241,-0.05949,-0.06747
988.58,-0.07127,-0.07894,-0.0822,-0.07393,-0.06096,-0.06682
988.87,-0.07288,-0.08002,-0.08191,-0.07424,-0.06193,-0.06799
989.16,-0.07175,-0.08016,-0.08016,-0.07615,-0.05916,-0.0657
989.46,-0.07493,-0.08047,-0.07905,-0.07672,-0.06148,-0.06749
989.75,-0.0757,-0.08078,-0.07913,-0.07722,-0.06275,-0.06929
990.04,-0.08118,-0.0839,-0.08165,-0.08197,-0.06718,-0.07491
990.33,-0.08326,-0.08615,-0.08152,-0.08206,-0.06698,-0.07615
990.62,-0.08482,-0.08735,-0.0835,-0.08145,-0.06671,-0.07868
990.91,-0.08679,-0.08734,-0.08556,-0.08456,-0.06852,-0.07903
991.2,-0.09011,-0.08894,-0.08791,-0.08669,-0.0748,-0.08306
991.49,-0.09277,-0.09133,-0.092,-0.08995,-0.07699,-0.08412
991.78,-0.09547,-0.09172,-0.09402,-0.09235,-0.08001,-0.08469
992.07,-0.09164,-0.0889,-0.09141,-0.08761,-0.07692,-0.07932
992.36,-0.09077,-0.08746,-0.09031,-0.08719,-0.07634,-0.07506
992.65,-0.09155,-0.08776,-0.08871,-0.09009,-0.07753,-0.0752
992.94,-0.08776,-0.08546,-0.08516,-0.08405,-0.07426,-0.07258
993.23,-0.08719,-0.08608,-0.08882,-0.08531,-0.07289,-0.0738
993.52,-0.08873,-0.08879,-0.09255,-0.08746,-0.07589,-0.07717
993.81,-0.09072,-0.09206,-0.09303,-0.08754,-0.07666,-0.0795
994.1,-0.09245,-0.09743,-0.09457,-0.08898,-0.08022,-0.08264
994.39,-0.0937,-0.09698,-0.09707,-0.08894,-0.08003,-0.08529
994.68,-0.09421,-0.0966,-0.09849,-0.08683,-0.07958,-0.08412
994.96,-0.0961,-0.09633,-0.0976,-0.09086,-0.08125,-0.08496
995.25,-0.09727,-0.09629,-0.09611,-0.09011,-0.08418,-0.08558
995.54,-0.09475,-0.09528,-0.09506,-0.08933,-0.08111,-0.08266
995.83,-0.09337,-0.09586,-0.09675,-0.09171,-0.08208,-0.08145
996.12,-0.09377,-0.09459,-0.09864,-0.09369,-0.08227,-0.0822
996.41,-0.09395,-0.09819,-0.09927,-0.09742,-0.08412,-0.08479
996.7,-0.0933,-0.09755,-0.09885,-0.0981,-0.08659,-0.0861
996.99,-0.09391,-0.10035,-0.1,-0.09627,-0.08656,-0.09015
997.28,-0.09527,-0.10279,-0.1038,-0.09774,-0.0862,-0.09221
997.57,-0.09527,-0.10144,-0.10098,-0.09627,-0.08747,-0.09365
997.86,-0.09584,-0.10093,-0.10152,-0.09525,-0.08329,-0.0929
998.15,-0.0981,-0.1024,-0.10535,-0.0963,-0.08541,-0.09413
998.43,-0.10082,-0.10597,-0.10877,-0.09674,-0.08893,-0.09753
998.72,-0.10518,-0.10789,-0.11068,-0.0981,-0.0882,-0.10023
999.01,-0.11003,-0.11243,-0.11769,-0.10652,-0.09303,-0.10316
999.3,-0.11166,-0.11347,-0.11716,-0.10839,-0.09529,-0.10541
999.59,-0.11508,-0.11682,-0.11949,-0.10949,-0.0995,-0.10691
999.88,-0.11394,-0.11714,-0.1196,-0.10932,-0.10387,-0.11046
1000.17,-0.11588,-0.11781,-0.12113,-0.11476,-0.10664,-0.11394
1000.45,-0.11528,-0.11741,-0.12137,-0.11614,-0.1083,-0.11443
1000.74,-0.1138,-0.11839,-0.12051,-0.11911,-0.11024,-0.11319
1001.03,-0.10964,-0.11333,-0.11843,-0.11624,-0.10581,-0.1118
1001.32,-0.10869,-0.11531,-0.119,-0.11755,-0.10754,-0.11203
1001.61,-0.10908,-0.11788,-0.12392,-0.11956,-0.10953,-0.11249
1001.9,-0.11125,-0.12119,-0.12398,-0.1231,-0.11427,-0.11328
1002.18,-0.11367,-0.1242,-0.12538,-0.12306,-0.11528,-0.11149
1002.47,-0.11481,-0.12334,-0.12844,-0.12452,-0.11315,-0.11129
1002.76,-0.11503,-0.12481,-0.13352,-0.12534,-0.11452,-0.11258
1003.05,-0.11857,-0.12928,-0.13316,-0.12795,-0.11814,-0.11291
1003.34,-0.12176,-0.12878,-0.13525,-0.13,-0.11787,-0.11485
1003.62,-0.12657,-0.13366,-0.13914,-0.13797,-0.12089,-0.12186
1003.91,-0.1316,-0.1359,-0.14524,-0.14064,-0.11899,-0.12346
1004.2,-0.12648,-0.13416,-0.14355,-0.13921,-0.11714,-0.12494
1004.49,-0.1273,-0.13376,-0.14034,-0.13867,-0.11805,-0.1261
1004.77,-0.13109,-0.13312,-0.14057,-0.14243,-0.12076,-0.13205
1005.06,-0.1333,-0.13429,-0.14728,-0.14464,-0.12502,-0.13479
1005.35,-0.13373,-0.138,-0.14934,-0.14516,-0.12717,-0.13373
1005.64,-0.13602,-0.13733,-0.14883,-0.14213,-0.12972,-0.13465
1005.92,-0.13366,-0.13829,-0.14547,-0.13953,-0.13504,-0.13607
1006.21,-0.14248,-0.14368,-0.14751,-0.14429,-0.14092,-0.14127
1006.5,-0.15016,-0.15188,-0.15361,-0.14924,-0.14731,-0.14618
1006.79,-0.14806,-0.15864,-0.15753,-0.15077,-0.15214,-0.14625
1007.07,-0.15047,-0.16116,-0.15861,-0.15112,-0.15582,-0.14732
1007.36,-0.15196,-0.16186,-0.15878,-0.15465,-0.15773,-0.15058
1007.65,-0.14898,-0.16135,-0.15944,-0.15658,-0.15648,-0.1508
1007.93,-0.15146,-0.16276,-0.16387,-0.15925,-0.15559,-0.15128
1008.22,-0.15121,-0.16973,-0.16937,-0.16347,-0.16037,-0.1606
1008.51,-0.14775,-0.16435,-0.16742,-0.16303,-0.1591,-0.16024
1008.8,-0.15277,-0.16023,-0.16472,-0.16126,-0.15201,-0.16164
1009.08,-0.15754,-0.16013,-0.1669,-0.16632,-0.15336,-0.16853
1009.37,-0.16024,-0.16712,-0.17036,-0.16858,-0.15419,-0.17248
1009.66,-0.16445,-0.1695,-0.17201,-0.17095,-0.15663,-0.17153
1009.94,-0.1668,-0.17015,-0.17453,-0.17518,-0.15979,-0.17731
1010.23,-0.16951,-0.17025,-0.17871,-0.17571,-0.15817,-0.17417
1010.52,-0.17244,-0.17268,-0.18015,-0.18152,-0.16226,-0.17784
1010.8,-0.17246,-0.18341,-0.18557,-0.18828,-0.17211,-0.17938
1011.09,-0.17228,-0.18965,-0.18661,-0.18933,-0.17576,-0.18107
1011.37,-0.17638,-0.18917,-0.19005,-0.1923,-0.18226,-0.18844
1011.66,-0.17493,-0.18799,-0.18493,-0.1908,-0.17523,-0.18677
1011.95,-0.18225,-0.19552,-0.1874,-0.19997,-0.18376,-0.19279
1012.23,-0.18501,-0.19186,-0.18549,-0.20264,-0.18717,-0.19617
1012.52,-0.18596,-0.19811,-0.18941,-0.20151,-0.18518,-0.19878
1012.8,-0.18591,-0.19,-0.18705,-0.19923,-0.1791,-0.19804
1013.09,-0.18588,-0.18774,-0.18871,-0.19957,-0.1721,-0.19457
1013.38,-0.18271,-0.17843,-0.18291,-0.19387,-0.1647,-0.18257
1013.66,-0.18509,-0.18399,-0.19148,-0.19934,-0.17529,-0.18713
1013.95,-0.18677,-0.18472,-0.19451,-0.19691,-0.17143,-0.18627
1014.23,-0.18963,-0.19516,-0.1997,-0.19966,-0.17599,-0.18925
1014.52,-0.19296,-0.19425,-0.20344,-0.20371,-0.18115,-0.18622
1014.81,-0.20051,-0.20833,-0.21693,-0.21336,-0.19602,-0.19508
1015.09,-0.20553,-0.22311,-0.22539,-0.22476,-0.21183,-0.20469
1015.38,-0.21379,-0.2442,-0.23616,-0.23656,-0.22606,-0.22121
1015.66,-0.21581,-0.24703,-0.236,-0.24073,-0.22903,-0.22303
1015.95,-0.21705,-0.24495,-0.23819,-0.24237,-0.23205,-0.22438
1016.23,-0.20897,-0.22839,-0.23239,-0.2362,-0.22379,-0.21109
1016.52,-0.21395,-0.23275,-0.23216,-0.23974,-0.22672,-0.21903
1016.8,-0.21726,-0.23357,-0.22514,-0.23834,-0.22592,-0.22208
1017.09,-0.22396,-0.23067,-0.22403,-0.2366,-0.22644,-0.22996
1017.37,-0.22437,-0.22651,-0.2291,-0.24722,-0.22517,-0.23249
1017.66,-0.22975,-0.23525,-0.24089,-0.25316,-0.22645,-0.24104
1017.94,-0.23022,-0.23932,-0.24285,-0.25728,-0.22635,-0.23848
1018.23,-0.2407,-0.25149,-0.24909,-0.26769,-0.23363,-0.25831
1018.51,-0.23909,-0.25165,-0.25183,-0.26846,-0.23882,-0.26068
1018.8,-0.24232,-0.25341,-0.25588,-0.27267,-0.23726,-0.25699
1019.08,-0.22803,-0.24991,-0.25093,-0.26812,-0.23139,-0.24647
1019.37,-0.2268,-0.25039,-0.24388,-0.25659,-0.22582,-0.23865
1019.65,-0.22809,-0.24781,-0.24313,-0.26686,-0.23056,-0.2447
1019.94,-0.22452,-0.24225,-0.23771,-0.26041,-0.23236,-0.24971
1020.22,-0.2313,-0.24978,-0.24486,-0.26566,-0.2437,-0.24762
1020.51,-0.22954,-0.2546,-0.25237,-0.26972,-0.24324,-0.24626
1020.79,-0.23272,-0.25407,-0.25257,-0.27593,-0.24832,-0.25723
1021.08,-0.2415,-0.26227,-0.26479,-0.28373,-0.25856,-0.27166
1021.36,-0.24946,-0.26575,-0.26989,-0.29094,-0.27484,-0.28226
1021.64,-0.25238,-0.26361,-0.26783,-0.28257,-0.27935,-0.27929
1021.93,-0.26664,-0.27622,-0.2836,-0.30207,-0.29859,-0.28897
1022.21,-0.27371,-0.2793,-0.28681,-0.31081,-0.30701,-0.29612
1022.5,-0.29011,-0.28547,-0.29206,-0.32286,-0.32522,-0.30894
1022.78,-0.32583,-0.29795,-0.32045,-0.35989,-0.37244,-0.31866
1023.07,-0.32583,-0.29795,-0.32045,-0.35989,-0.37244,-0.31866
1023.35,-0.32583,-0.29795,-0.32045,-0.35989,-0.37244,-0.31866