EXMPC,0,0,0,0,0,0
WAC,0,0,0,0,0,0
G07,0,0,0,0,0,0
740,0,0,0,0,0,0
15,0,0,0,0,0,0
nm,0,0,0,0,0,0
Angular Dependence,0,0,0,0,0,0
Wavelengths,0,8,16,24,32,40
360.52,-0.5478,-0.52407,-0.54337,-0.54897,-0.56961,-0.56201
360.9,-0.55427,-0.52574,-0.52574,-0.54288,-0.5628,-0.54566
361.27,-0.54498,-0.50265,-0.51092,-0.52747,-0.53647,-0.56426
361.65,-0.51224,-0.48869,-0.52007,-0.50279,-0.51302,-0.53611
362.02,-0.45601,-0.45301,-0.4674,-0.44777,-0.49243,-0.50247
362.4,-0.41892,-0.4088,-0.42456,-0.40067,-0.45037,-0.46684
362.77,-0.39602,-0.39066,-0.39279,-0.37073,-0.40433,-0.43456
363.15,-0.38145,-0.40084,-0.39264,-0.36423,-0.39915,-0.41888
363.52,-0.38463,-0.3935,-0.3941,-0.37321,-0.41137,-0.42379
363.9,-0.38807,-0.39456,-0.40964,-0.3805,-0.39402,-0.40877
364.27,-0.35408,-0.35857,-0.37496,-0.37654,-0.37839,-0.38203
364.64,-0.36633,-0.37891,-0.40293,-0.40226,-0.37168,-0.39764
365.02,-0.38295,-0.41957,-0.42156,-0.4483,-0.423,-0.40366
365.39,-0.39073,-0.42869,-0.42382,-0.45999,-0.43844,-0.43459
365.77,-0.36988,-0.40669,-0.41959,-0.45498,-0.41527,-0.42459
366.14,-0.35662,-0.39692,-0.39952,-0.42669,-0.38457,-0.40478
366.52,-0.32419,-0.39167,-0.38267,-0.41103,-0.38198,-0.38798
366.89,-0.34053,-0.40475,-0.3961,-0.41438,-0.40653,-0.40561
367.26,-0.35149,-0.37861,-0.37372,-0.38303,-0.39624,-0.3906
367.64,-0.32261,-0.34346,-0.33722,-0.32989,-0.35139,-0.36578
368.01,-0.30935,-0.32514,-0.31181,-0.30061,-0.3277,-0.33074
368.39,-0.32398,-0.33413,-0.3122,-0.29418,-0.34195,-0.32155
368.76,-0.3084,-0.33448,-0.31241,-0.28972,-0.34197,-0.31928
369.13,-0.31221,-0.33901,-0.30669,-0.29503,-0.34371,-0.31681
369.51,-0.29505,-0.31954,-0.29025,-0.28986,-0.31879,-0.29935
369.88,-0.28254,-0.31736,-0.29276,-0.29464,-0.32161,-0.29523
370.25,-0.26951,-0.30172,-0.28542,-0.30119,-0.32281,-0.2862
370.63,-0.26772,-0.30308,-0.28745,-0.31189,-0.33057,-0.29364
371,-0.24559,-0.26865,-0.26847,-0.2861,-0.29523,-0.28276
371.38,-0.22658,-0.24727,-0.25249,-0.27884,-0.28578,-0.26202
371.75,-0.22134,-0.22707,-0.24322,-0.25762,-0.27218,-0.2448
372.12,-0.24035,-0.23,-0.24521,-0.24467,-0.27224,-0.24924
372.5,-0.23244,-0.24198,-0.23599,-0.2474,-0.2719,-0.25947
372.87,-0.23752,-0.23661,-0.24452,-0.23908,-0.27164,-0.26429
373.24,-0.22082,-0.22317,-0.23178,-0.22514,-0.24663,-0.24266
373.62,-0.22167,-0.23359,-0.23218,-0.22837,-0.26466,-0.24002
373.99,-0.23064,-0.23149,-0.22845,-0.22737,-0.24648,-0.25005
374.36,-0.21885,-0.2191,-0.21842,-0.21291,-0.23975,-0.24043
374.74,-0.19499,-0.2005,-0.19062,-0.20615,-0.23441,-0.23022
375.11,-0.18729,-0.18484,-0.18552,-0.19101,-0.22303,-0.21244
375.48,-0.19274,-0.19609,-0.18149,-0.19894,-0.2166,-0.21786
375.86,-0.19946,-0.19669,-0.1868,-0.19914,-0.22397,-0.22394
376.23,-0.19245,-0.18521,-0.18057,-0.19877,-0.20328,-0.21201
376.6,-0.18771,-0.18476,-0.18281,-0.19422,-0.21122,-0.19819
376.98,-0.18712,-0.1905,-0.18318,-0.20773,-0.21387,-0.20493
377.35,-0.18719,-0.19618,-0.18868,-0.19911,-0.19896,-0.19567
377.72,-0.17751,-0.18497,-0.18105,-0.18695,-0.18194,-0.17952
378.1,-0.15955,-0.17333,-0.17044,-0.17366,-0.16645,-0.16895
378.47,-0.15027,-0.16807,-0.16144,-0.15898,-0.15699,-0.16624
378.84,-0.15316,-0.1724,-0.16402,-0.15776,-0.15835,-0.17694
379.22,-0.15113,-0.16541,-0.16604,-0.15751,-0.15624,-0.17927
379.59,-0.14854,-0.15417,-0.15396,-0.14719,-0.14381,-0.17127
379.96,-0.1399,-0.14441,-0.15346,-0.14919,-0.1412,-0.17319
380.33,-0.14708,-0.14671,-0.15898,-0.15587,-0.14893,-0.18623
380.71,-0.14692,-0.14587,-0.1608,-0.16163,-0.15089,-0.18354
381.08,-0.14356,-0.14078,-0.15385,-0.16072,-0.14621,-0.17513
381.45,-0.14025,-0.13552,-0.14407,-0.15434,-0.14077,-0.16339
381.83,-0.13393,-0.13252,-0.1314,-0.14917,-0.13299,-0.16168
382.2,-0.12612,-0.12825,-0.1303,-0.14022,-0.1308,-0.15356
382.57,-0.12859,-0.1311,-0.13056,-0.13647,-0.13456,-0.14563
382.94,-0.12809,-0.13727,-0.12845,-0.13752,-0.13212,-0.13925
383.32,-0.12898,-0.13381,-0.12621,-0.12638,-0.13129,-0.1316
383.69,-0.12427,-0.12747,-0.12591,-0.12134,-0.12442,-0.12672
384.06,-0.11997,-0.1242,-0.12319,-0.1151,-0.12335,-0.12537
384.43,-0.12084,-0.13031,-0.12654,-0.11271,-0.12183,-0.12467
384.81,-0.12541,-0.13012,-0.12572,-0.11628,-0.1203,-0.12413
385.18,-0.12359,-0.12816,-0.12707,-0.12172,-0.12034,-0.12447
385.55,-0.11147,-0.11732,-0.11727,-0.11344,-0.11267,-0.11685
385.92,-0.11089,-0.11565,-0.11719,-0.11986,-0.11368,-0.1194
386.3,-0.10979,-0.1177,-0.11796,-0.12386,-0.11404,-0.12022
386.67,-0.10452,-0.11959,-0.11619,-0.12177,-0.10867,-0.11738
387.04,-0.09764,-0.10965,-0.11175,-0.11292,-0.10842,-0.10837
387.41,-0.0986,-0.10644,-0.11192,-0.11083,-0.10888,-0.10999
387.78,-0.09122,-0.09853,-0.10462,-0.10065,-0.10059,-0.1022
388.16,-0.09238,-0.09476,-0.10336,-0.09917,-0.09855,-0.10387
388.53,-0.0908,-0.09367,-0.09963,-0.0965,-0.09635,-0.10013
388.9,-0.09031,-0.09253,-0.09499,-0.09463,-0.09503,-0.0918
389.27,-0.09011,-0.08541,-0.09396,-0.0915,-0.09454,-0.08909
389.65,-0.08936,-0.08475,-0.08937,-0.091,-0.09024,-0.08805
390.02,-0.08318,-0.08523,-0.08548,-0.08466,-0.08207,-0.08258
390.39,-0.07813,-0.0805,-0.07884,-0.08061,-0.07929,-0.08021
390.76,-0.0744,-0.0774,-0.07652,-0.0743,-0.07691,-0.074
391.13,-0.06846,-0.07496,-0.07176,-0.06971,-0.07196,-0.06898
391.5,-0.06728,-0.07288,-0.071,-0.06597,-0.07175,-0.06981
391.88,-0.0674,-0.07344,-0.06986,-0.06873,-0.07214,-0.06831
392.25,-0.06491,-0.06848,-0.06761,-0.0698,-0.0694,-0.0651
392.62,-0.0644,-0.06866,-0.06795,-0.07394,-0.07135,-0.06492
392.99,-0.06454,-0.07013,-0.06926,-0.07511,-0.06967,-0.06818
393.36,-0.06515,-0.07287,-0.07112,-0.07861,-0.06916,-0.06972
393.73,-0.06788,-0.06991,-0.07085,-0.078,-0.06841,-0.06839
394.11,-0.06724,-0.06991,-0.07118,-0.07735,-0.06819,-0.07222
394.48,-0.06561,-0.07067,-0.07214,-0.07779,-0.06933,-0.07349
394.85,-0.06705,-0.07233,-0.0743,-0.07772,-0.0697,-0.07307
395.22,-0.06538,-0.0717,-0.07313,-0.07483,-0.06993,-0.07289
395.59,-0.06835,-0.07401,-0.07457,-0.07426,-0.07077,-0.07096
395.96,-0.06443,-0.0706,-0.06819,-0.07181,-0.06767,-0.06921
396.33,-0.06199,-0.06911,-0.06859,-0.06655,-0.06417,-0.07009
396.71,-0.05953,-0.06603,-0.06623,-0.06368,-0.06362,-0.06488
397.08,-0.05895,-0.06218,-0.06283,-0.06033,-0.05923,-0.06398
397.45,-0.05721,-0.05819,-0.05863,-0.05566,-0.05746,-0.06348
397.82,-0.05409,-0.05278,-0.05308,-0.05272,-0.05288,-0.06094
398.19,-0.05363,-0.05181,-0.05357,-0.05076,-0.05118,-0.06079
398.56,-0.05742,-0.05487,-0.05915,-0.05143,-0.05352,-0.06176
398.93,-0.05784,-0.05641,-0.05795,-0.05359,-0.05432,-0.06146
399.3,-0.05822,-0.05634,-0.05818,-0.05339,-0.05356,-0.06176
399.68,-0.0541,-0.05449,-0.05611,-0.0489,-0.0503,-0.05477
400.05,-0.05422,-0.05505,-0.05898,-0.051,-0.04986,-0.05592
400.42,-0.05523,-0.05659,-0.06297,-0.05222,-0.05316,-0.05753
400.79,-0.05231,-0.05452,-0.05977,-0.04999,-0.05173,-0.05635
401.16,-0.04782,-0.0503,-0.0554,-0.04699,-0.04855,-0.05343
401.53,-0.04714,-0.04901,-0.05544,-0.04945,-0.04889,-0.05304
401.9,-0.04711,-0.04703,-0.05305,-0.04927,-0.04748,-0.05141
402.27,-0.04905,-0.04704,-0.05365,-0.05202,-0.04878,-0.05428
402.64,-0.04902,-0.04937,-0.05229,-0.05278,-0.0506,-0.05206
403.01,-0.04916,-0.04742,-0.05124,-0.0523,-0.04884,-0.05078
403.38,-0.0496,-0.04842,-0.05303,-0.05462,-0.05087,-0.05112
403.75,-0.04776,-0.04638,-0.05152,-0.05457,-0.05071,-0.04869
404.12,-0.04658,-0.0452,-0.04812,-0.04988,-0.04955,-0.04717
404.5,-0.04464,-0.04533,-0.04761,-0.04794,-0.04981,-0.04785
404.87,-0.04387,-0.04586,-0.04546,-0.04707,-0.04847,-0.04685
405.24,-0.04275,-0.04326,-0.04451,-0.04454,-0.04524,-0.0464
405.61,-0.04079,-0.04576,-0.04382,-0.04458,-0.04457,-0.04655
405.98,-0.04013,-0.04476,-0.04117,-0.04225,-0.04261,-0.04343
406.35,-0.04216,-0.04699,-0.04097,-0.04184,-0.04512,-0.04542
406.72,-0.04053,-0.0473,-0.04386,-0.044,-0.04373,-0.04619
407.09,-0.04039,-0.04551,-0.04239,-0.04442,-0.04128,-0.0446
407.46,-0.04007,-0.04125,-0.04009,-0.04144,-0.04182,-0.04401
407.83,-0.03751,-0.04025,-0.03826,-0.0391,-0.04234,-0.04268
408.2,-0.03819,-0.03809,-0.03805,-0.03806,-0.04212,-0.04157
408.57,-0.03573,-0.0359,-0.03587,-0.03749,-0.04,-0.03958
408.94,-0.03521,-0.03329,-0.03621,-0.03621,-0.03639,-0.03743
409.31,-0.03616,-0.03143,-0.03456,-0.03363,-0.03664,-0.03647
409.68,-0.03475,-0.03077,-0.03362,-0.03146,-0.035,-0.03431
410.05,-0.03289,-0.03207,-0.03457,-0.03203,-0.0345,-0.03313
410.42,-0.03353,-0.03212,-0.03504,-0.0327,-0.03393,-0.03389
410.79,-0.03145,-0.03058,-0.03223,-0.03138,-0.03285,-0.03338
411.16,-0.03256,-0.02992,-0.03274,-0.03125,-0.03247,-0.03408
411.53,-0.03165,-0.02966,-0.03229,-0.03058,-0.03222,-0.03368
411.9,-0.02946,-0.0301,-0.03307,-0.03083,-0.03251,-0.03274
412.27,-0.02887,-0.03064,-0.03238,-0.03173,-0.03247,-0.03339
412.64,-0.02897,-0.02988,-0.03123,-0.03087,-0.03107,-0.03233
413.01,-0.0278,-0.02887,-0.03046,-0.03082,-0.03012,-0.03081
413.38,-0.02851,-0.02936,-0.03215,-0.03049,-0.02826,-0.02917
413.75,-0.02695,-0.02906,-0.03128,-0.0297,-0.0286,-0.02925
414.12,-0.02689,-0.02926,-0.03092,-0.03024,-0.02769,-0.03021
414.49,-0.02609,-0.02787,-0.02828,-0.02943,-0.02541,-0.02986
414.86,-0.02578,-0.027,-0.02865,-0.02859,-0.02498,-0.02891
415.23,-0.02515,-0.02686,-0.02893,-0.02886,-0.02562,-0.02977
415.6,-0.02452,-0.02637,-0.02755,-0.02715,-0.02421,-0.02802
415.96,-0.02301,-0.02525,-0.02613,-0.02675,-0.02468,-0.02828
416.33,-0.0231,-0.0255,-0.02685,-0.0273,-0.0244,-0.0278
416.7,-0.02284,-0.02493,-0.02521,-0.02671,-0.02428,-0.02712
417.07,-0.02398,-0.02524,-0.02648,-0.0271,-0.02542,-0.02744
417.44,-0.02396,-0.02537,-0.02711,-0.02827,-0.02575,-0.02801
417.81,-0.02396,-0.02503,-0.02661,-0.02775,-0.02507,-0.02692
418.18,-0.02315,-0.02403,-0.02599,-0.02665,-0.02487,-0.02693
418.55,-0.02416,-0.02493,-0.02611,-0.02598,-0.02523,-0.02684
418.92,-0.02487,-0.02431,-0.02492,-0.02516,-0.02425,-0.0268
419.29,-0.02449,-0.02414,-0.02569,-0.02474,-0.02454,-0.02675
419.66,-0.02327,-0.02271,-0.02511,-0.02398,-0.02346,-0.02469
420.03,-0.02285,-0.02187,-0.02421,-0.02232,-0.02282,-0.02401
420.39,-0.02233,-0.02172,-0.02374,-0.0218,-0.02287,-0.02354
420.76,-0.02333,-0.02268,-0.02423,-0.02261,-0.02353,-0.0234
421.13,-0.0217,-0.0218,-0.0236,-0.02197,-0.02223,-0.02167
421.5,-0.02046,-0.02122,-0.02241,-0.0216,-0.0222,-0.02041
421.87,-0.01996,-0.0206,-0.02136,-0.02093,-0.02117,-0.01905
422.24,-0.0196,-0.02055,-0.02038,-0.02033,-0.02133,-0.01896
422.61,-0.01807,-0.01907,-0.01877,-0.01855,-0.02025,-0.01746
422.98,-0.01802,-0.01896,-0.01946,-0.01906,-0.01958,-0.01824
423.35,-0.01705,-0.01818,-0.01885,-0.01941,-0.01923,-0.01792
423.71,-0.01691,-0.01729,-0.01809,-0.01883,-0.01941,-0.0175
424.08,-0.0171,-0.01673,-0.0181,-0.0183,-0.01958,-0.01784
424.45,-0.01614,-0.01606,-0.01798,-0.0187,-0.0192,-0.01772
424.82,-0.01523,-0.01496,-0.01765,-0.01802,-0.01776,-0.01673
425.19,-0.01742,-0.01598,-0.01795,-0.02028,-0.01967,-0.01787
425.56,-0.01633,-0.01502,-0.01631,-0.0191,-0.01853,-0.01748
425.93,-0.01723,-0.01539,-0.01665,-0.01866,-0.01823,-0.01818
426.29,-0.01748,-0.01507,-0.01695,-0.01929,-0.01806,-0.0187
426.66,-0.01731,-0.01581,-0.01732,-0.01897,-0.01773,-0.01875
427.03,-0.01731,-0.01603,-0.01695,-0.01778,-0.01781,-0.01896
427.4,-0.01794,-0.01645,-0.01622,-0.01744,-0.01718,-0.01967
427.77,-0.01639,-0.0159,-0.01657,-0.01637,-0.01579,-0.01894
428.14,-0.01664,-0.01631,-0.01732,-0.01629,-0.01615,-0.01777
428.5,-0.01559,-0.01613,-0.01684,-0.01587,-0.01505,-0.01744
428.87,-0.01515,-0.0171,-0.01619,-0.01612,-0.01446,-0.01771
429.24,-0.01565,-0.01754,-0.01594,-0.01632,-0.01473,-0.01757
429.61,-0.01571,-0.01764,-0.01597,-0.0165,-0.01491,-0.0169
429.98,-0.01535,-0.01783,-0.0161,-0.01685,-0.01571,-0.01707
430.34,-0.01533,-0.01795,-0.01559,-0.01651,-0.01542,-0.01689
430.71,-0.01546,-0.01771,-0.01515,-0.01663,-0.01578,-0.01718
431.08,-0.01516,-0.01656,-0.01468,-0.01622,-0.01602,-0.01645
431.45,-0.01454,-0.01578,-0.01426,-0.01531,-0.01552,-0.01595
431.82,-0.01303,-0.01489,-0.0134,-0.01465,-0.01406,-0.01523
432.18,-0.01299,-0.01432,-0.01284,-0.01429,-0.01414,-0.01487
432.55,-0.01295,-0.01384,-0.01259,-0.01396,-0.01327,-0.01424
432.92,-0.01348,-0.01366,-0.01251,-0.01378,-0.01331,-0.01442
433.29,-0.01337,-0.01372,-0.0127,-0.01345,-0.01299,-0.01441
433.65,-0.01285,-0.01395,-0.0125,-0.01343,-0.01247,-0.01458
434.02,-0.01305,-0.01371,-0.0121,-0.01345,-0.01267,-0.01425
434.39,-0.01301,-0.01306,-0.01177,-0.0132,-0.01262,-0.01357
434.76,-0.01309,-0.01341,-0.01181,-0.01381,-0.01235,-0.01415
435.12,-0.01276,-0.0135,-0.01163,-0.01354,-0.01197,-0.01392
435.49,-0.01172,-0.01318,-0.01085,-0.01328,-0.01099,-0.0131
435.86,-0.01081,-0.01257,-0.01006,-0.01215,-0.01018,-0.01232
436.23,-0.01112,-0.01265,-0.01048,-0.01192,-0.01081,-0.01251
436.59,-0.01074,-0.01218,-0.01052,-0.01124,-0.0103,-0.01206
436.96,-0.01055,-0.01164,-0.01071,-0.01102,-0.01045,-0.01212
437.33,-0.01003,-0.01103,-0.01084,-0.01051,-0.01014,-0.01163
437.7,-0.01007,-0.0106,-0.01118,-0.00986,-0.01002,-0.01157
438.06,-0.00989,-0.01005,-0.01119,-0.00936,-0.0104,-0.01144
438.43,-0.01042,-0.01005,-0.01152,-0.01011,-0.01105,-0.01163
438.8,-0.01033,-0.00954,-0.01068,-0.00967,-0.00996,-0.0106
439.16,-0.01087,-0.00966,-0.01099,-0.01021,-0.01061,-0.0109
439.53,-0.01091,-0.00976,-0.01095,-0.01019,-0.01036,-0.01107
439.9,-0.01078,-0.0096,-0.01051,-0.00982,-0.01015,-0.01092
440.27,-0.01048,-0.00921,-0.01002,-0.01015,-0.01045,-0.01078
440.63,-0.01061,-0.00906,-0.01038,-0.01058,-0.01031,-0.01058
441,-0.01063,-0.00923,-0.01069,-0.01076,-0.01024,-0.01087
441.37,-0.01043,-0.0093,-0.01118,-0.01104,-0.0106,-0.01141
441.73,-0.01026,-0.00935,-0.01104,-0.01098,-0.0102,-0.01126
442.1,-0.01034,-0.00913,-0.0111,-0.01062,-0.01007,-0.011
442.47,-0.01006,-0.00912,-0.01118,-0.01047,-0.01017,-0.01038
442.83,-0.01036,-0.00952,-0.01127,-0.01032,-0.01007,-0.01019
443.2,-0.01042,-0.00927,-0.01118,-0.00981,-0.00998,-0.01041
443.57,-0.01003,-0.00927,-0.01092,-0.0095,-0.00955,-0.01021
443.93,-0.01001,-0.0087,-0.01045,-0.00942,-0.00945,-0.00997
444.3,-0.00955,-0.00831,-0.01034,-0.00899,-0.00931,-0.00989
444.67,-0.0096,-0.00869,-0.01047,-0.00956,-0.00974,-0.00964
445.03,-0.00893,-0.00816,-0.01019,-0.00944,-0.00885,-0.00983
445.4,-0.00835,-0.00779,-0.0098,-0.00948,-0.00907,-0.00968
445.77,-0.00853,-0.00846,-0.00974,-0.00967,-0.00898,-0.01
446.13,-0.00854,-0.00795,-0.00914,-0.00935,-0.00871,-0.00977
446.5,-0.00842,-0.00783,-0.00895,-0.00909,-0.00876,-0.00943
446.87,-0.00854,-0.00788,-0.00847,-0.00874,-0.00838,-0.00935
447.23,-0.00812,-0.00764,-0.00814,-0.00839,-0.00796,-0.00955
447.6,-0.009,-0.00833,-0.00827,-0.00851,-0.00847,-0.00975
447.96,-0.00922,-0.00857,-0.00851,-0.00858,-0.00852,-0.0105
448.33,-0.00875,-0.00851,-0.00833,-0.00877,-0.00871,-0.01015
448.7,-0.00863,-0.00874,-0.00854,-0.00904,-0.0088,-0.01021
449.06,-0.00852,-0.00856,-0.00877,-0.00891,-0.00842,-0.0099
449.43,-0.0083,-0.00856,-0.00876,-0.00893,-0.00836,-0.00938
449.79,-0.00848,-0.00858,-0.00869,-0.0088,-0.00841,-0.00918
450.16,-0.00824,-0.00835,-0.00845,-0.00874,-0.0084,-0.00905
450.53,-0.00803,-0.0081,-0.008,-0.00858,-0.00808,-0.00791
450.89,-0.008,-0.00767,-0.00781,-0.00832,-0.00775,-0.00765
451.26,-0.0077,-0.00684,-0.00735,-0.00769,-0.00736,-0.00703
451.62,-0.00773,-0.00695,-0.00677,-0.00765,-0.00729,-0.00728
451.99,-0.00777,-0.00666,-0.00684,-0.00767,-0.00728,-0.00762
452.36,-0.00794,-0.00707,-0.00735,-0.008,-0.00757,-0.00782
452.72,-0.00746,-0.0068,-0.00725,-0.00747,-0.00721,-0.00765
453.09,-0.00732,-0.00711,-0.00754,-0.00732,-0.00677,-0.00767
453.45,-0.00688,-0.00688,-0.00756,-0.00707,-0.00673,-0.00767
453.82,-0.00691,-0.00746,-0.00786,-0.00731,-0.00701,-0.00789
454.18,-0.00677,-0.00805,-0.00824,-0.00737,-0.00755,-0.00797
454.55,-0.00673,-0.00818,-0.00834,-0.00746,-0.00801,-0.008
454.92,-0.00639,-0.00771,-0.00781,-0.0072,-0.0077,-0.00787
455.28,-0.00679,-0.00771,-0.00773,-0.00768,-0.00804,-0.008
455.65,-0.0071,-0.00773,-0.00764,-0.00778,-0.00833,-0.00838
456.01,-0.00706,-0.00785,-0.00748,-0.00767,-0.00809,-0.00824
456.38,-0.0069,-0.00781,-0.00726,-0.00752,-0.0079,-0.00829
456.74,-0.00653,-0.00731,-0.00676,-0.0074,-0.00724,-0.0078
457.11,-0.00654,-0.00751,-0.0069,-0.00712,-0.00671,-0.00753
457.47,-0.00628,-0.00735,-0.00681,-0.00677,-0.0063,-0.00744
457.84,-0.00614,-0.00746,-0.00706,-0.00641,-0.00635,-0.00729
458.2,-0.006,-0.00711,-0.0069,-0.00608,-0.00635,-0.00693
458.57,-0.00598,-0.00672,-0.00662,-0.00612,-0.00637,-0.00694
458.93,-0.00612,-0.00672,-0.00684,-0.0065,-0.00666,-0.00716
459.3,-0.00619,-0.00669,-0.00717,-0.00643,-0.00703,-0.00725
459.66,-0.00573,-0.00605,-0.00637,-0.00617,-0.00667,-0.00665
460.03,-0.00563,-0.00626,-0.00645,-0.0063,-0.00683,-0.00657
460.39,-0.00542,-0.00592,-0.00605,-0.00611,-0.0062,-0.00602
460.76,-0.00515,-0.00579,-0.00574,-0.00628,-0.00594,-0.00593
461.12,-0.00538,-0.00622,-0.00617,-0.00645,-0.00594,-0.00583
461.49,-0.00508,-0.00572,-0.00556,-0.00581,-0.00535,-0.00497
461.85,-0.00508,-0.00563,-0.00542,-0.00569,-0.00508,-0.00484
462.22,-0.00521,-0.00594,-0.00571,-0.00577,-0.00538,-0.00526
462.58,-0.00545,-0.00587,-0.00564,-0.00571,-0.00546,-0.00516
462.95,-0.00577,-0.00608,-0.00592,-0.00613,-0.00584,-0.00546
463.31,-0.00571,-0.00608,-0.00611,-0.006,-0.00587,-0.0054
463.68,-0.00571,-0.00554,-0.00564,-0.00538,-0.00573,-0.0052
464.04,-0.00559,-0.00567,-0.00587,-0.00564,-0.00589,-0.00535
464.41,-0.00547,-0.00579,-0.00565,-0.00562,-0.00551,-0.00531
464.77,-0.00521,-0.00549,-0.00564,-0.00545,-0.00532,-0.00519
465.13,-0.00473,-0.00524,-0.00514,-0.00502,-0.00513,-0.00483
465.5,-0.00427,-0.00496,-0.00474,-0.00448,-0.0047,-0.00459
465.86,-0.00431,-0.00472,-0.00461,-0.00432,-0.0046,-0.00447
466.23,-0.0041,-0.005,-0.00476,-0.00456,-0.00435,-0.00466
466.59,-0.00427,-0.00505,-0.00472,-0.00428,-0.00431,-0.00471
466.96,-0.00438,-0.00496,-0.0048,-0.00436,-0.00467,-0.00487
467.32,-0.00461,-0.00505,-0.00463,-0.00437,-0.00452,-0.00472
467.68,-0.00474,-0.00492,-0.00474,-0.0045,-0.0044,-0.00485
468.05,-0.00499,-0.00505,-0.00502,-0.00464,-0.00476,-0.00513
468.41,-0.0048,-0.00519,-0.005,-0.00458,-0.00494,-0.00516
468.78,-0.00473,-0.005,-0.00493,-0.0044,-0.00531,-0.00516
469.14,-0.00466,-0.00496,-0.00486,-0.0043,-0.00535,-0.00508
469.5,-0.00431,-0.00484,-0.00464,-0.00398,-0.00507,-0.00474
469.87,-0.00434,-0.00499,-0.00488,-0.00423,-0.00526,-0.00487
470.23,-0.00444,-0.00507,-0.00505,-0.00424,-0.00527,-0.00492
470.6,-0.00407,-0.00495,-0.00466,-0.00425,-0.00482,-0.00467
470.96,-0.00419,-0.00479,-0.0047,-0.00428,-0.00453,-0.00454
471.32,-0.00414,-0.00486,-0.0044,-0.0043,-0.00415,-0.00427
471.69,-0.00413,-0.00486,-0.00441,-0.00453,-0.00414,-0.00456
472.05,-0.00426,-0.00474,-0.00441,-0.00439,-0.00423,-0.00459
472.42,-0.004,-0.00452,-0.00414,-0.00411,-0.00402,-0.00442
472.78,-0.00377,-0.0044,-0.00392,-0.00394,-0.0039,-0.00412
473.14,-0.00384,-0.00407,-0.00395,-0.0038,-0.00407,-0.00404
473.51,-0.00368,-0.00411,-0.00373,-0.00354,-0.00399,-0.0039
473.87,-0.00352,-0.00395,-0.00388,-0.00352,-0.00414,-0.00373
474.23,-0.00328,-0.00351,-0.00368,-0.00338,-0.00385,-0.0034
474.6,-0.0031,-0.00324,-0.00347,-0.00343,-0.00345,-0.00318
474.96,-0.00305,-0.00315,-0.00354,-0.0034,-0.00347,-0.00316
475.32,-0.00313,-0.00314,-0.0035,-0.00359,-0.00347,-0.00332
475.69,-0.00299,-0.00313,-0.00342,-0.00339,-0.00312,-0.00314
476.05,-0.00291,-0.00293,-0.00321,-0.00332,-0.00285,-0.00311
476.41,-0.00299,-0.00299,-0.00313,-0.00338,-0.0027,-0.00314
476.78,-0.00304,-0.00312,-0.00309,-0.00321,-0.00261,-0.00307
477.14,-0.00298,-0.00322,-0.00317,-0.0031,-0.00265,-0.00318
477.5,-0.00302,-0.00308,-0.00306,-0.00304,-0.00264,-0.00311
477.87,-0.00294,-0.00296,-0.00305,-0.00277,-0.00249,-0.00295
478.23,-0.00301,-0.00291,-0.00311,-0.00285,-0.00266,-0.0031
478.59,-0.00307,-0.00292,-0.00323,-0.00294,-0.00296,-0.00308
478.96,-0.00295,-0.0029,-0.00318,-0.00285,-0.00298,-0.00314
479.32,-0.00284,-0.00292,-0.00322,-0.0029,-0.00296,-0.00302
479.68,-0.00284,-0.00276,-0.00313,-0.00295,-0.00304,-0.0029
480.04,-0.00286,-0.00287,-0.00303,-0.003,-0.00301,-0.00277
480.41,-0.00282,-0.00281,-0.00293,-0.00298,-0.00307,-0.00265
480.77,-0.0028,-0.00303,-0.00286,-0.003,-0.00302,-0.00256
481.13,-0.00274,-0.00301,-0.00293,-0.00316,-0.00301,-0.00254
481.5,-0.00284,-0.00294,-0.00295,-0.00311,-0.00295,-0.00247
481.86,-0.0028,-0.00283,-0.00282,-0.00309,-0.00295,-0.00239
482.22,-0.00289,-0.00285,-0.00281,-0.00302,-0.00289,-0.00236
482.58,-0.00268,-0.00272,-0.00265,-0.00278,-0.00272,-0.0023
482.95,-0.00257,-0.0026,-0.00246,-0.00275,-0.00254,-0.00232
483.31,-0.00246,-0.00238,-0.00248,-0.00259,-0.00254,-0.00222
483.67,-0.00242,-0.00232,-0.00234,-0.00242,-0.00248,-0.00223
484.03,-0.00231,-0.00228,-0.00221,-0.0023,-0.00241,-0.00212
484.4,-0.00228,-0.00225,-0.00228,-0.00217,-0.00238,-0.0022
484.76,-0.00215,-0.0022,-0.00233,-0.00215,-0.0023,-0.00211
485.12,-0.0021,-0.00214,-0.00237,-0.00213,-0.00227,-0.00209
485.48,-0.00212,-0.00231,-0.00249,-0.00213,-0.0024,-0.00219
485.85,-0.00214,-0.00245,-0.0024,-0.0022,-0.00232,-0.00229
486.21,-0.00206,-0.0025,-0.00236,-0.0021,-0.00226,-0.00227
486.57,-0.00199,-0.00231,-0.00234,-0.00206,-0.00221,-0.00218
486.93,-0.00191,-0.00229,-0.00216,-0.00205,-0.0022,-0.00202
487.29,-0.00186,-0.00237,-0.0021,-0.00197,-0.00226,-0.00204
487.66,-0.00194,-0.00242,-0.00211,-0.00199,-0.0023,-0.00207
488.02,-0.00203,-0.00233,-0.00211,-0.00198,-0.00226,-0.00197
488.38,-0.00197,-0.00214,-0.00207,-0.00183,-0.00223,-0.00175
488.74,-0.00196,-0.00214,-0.00214,-0.00191,-0.00221,-0.0017
489.1,-0.00198,-0.00214,-0.00214,-0.0019,-0.00221,-0.00167
489.47,-0.00202,-0.00204,-0.00217,-0.00186,-0.00217,-0.00162
489.83,-0.00206,-0.00191,-0.00216,-0.0019,-0.00207,-0.00151
490.19,-0.00208,-0.00189,-0.00219,-0.00198,-0.00213,-0.00145
490.55,-0.00174,-0.00171,-0.002,-0.00174,-0.00192,-0.00127
490.91,-0.00182,-0.00171,-0.00194,-0.00189,-0.00187,-0.00133
491.27,-0.00178,-0.00157,-0.00178,-0.00183,-0.00172,-0.00121
491.64,-0.00177,-0.00164,-0.00181,-0.00193,-0.00167,-0.00126
492,-0.00174,-0.00173,-0.0018,-0.00204,-0.00161,-0.0013
492.36,-0.0017,-0.00177,-0.00181,-0.002,-0.00159,-0.00127
492.72,-0.0016,-0.00164,-0.00182,-0.00192,-0.00146,-0.00118
493.08,-0.00184,-0.00177,-0.00193,-0.00211,-0.00151,-0.00125
493.44,-0.00169,-0.00176,-0.00195,-0.00194,-0.00139,-0.00116
493.81,-0.00173,-0.00183,-0.00202,-0.00188,-0.00144,-0.00129
494.17,-0.00178,-0.00173,-0.00198,-0.00178,-0.00142,-0.00126
494.53,-0.00181,-0.00171,-0.00198,-0.00168,-0.00144,-0.00138
494.89,-0.00183,-0.00179,-0.00196,-0.00169,-0.00149,-0.00149
495.25,-0.00189,-0.00197,-0.00199,-0.00175,-0.00158,-0.00167
495.61,-0.00193,-0.00193,-0.00202,-0.00173,-0.00162,-0.0017
495.97,-0.00199,-0.00195,-0.00204,-0.00182,-0.0017,-0.00175
496.33,-0.0019,-0.00184,-0.00204,-0.00176,-0.00164,-0.00171
496.7,-0.00187,-0.00198,-0.00208,-0.00184,-0.00158,-0.00187
497.06,-0.00186,-0.00197,-0.00213,-0.00182,-0.00161,-0.00182
497.42,-0.00186,-0.0019,-0.0021,-0.00184,-0.0016,-0.00178
497.78,-0.00185,-0.00178,-0.00202,-0.00177,-0.00149,-0.00173
498.14,-0.00166,-0.00176,-0.00195,-0.00175,-0.00142,-0.00169
498.5,-0.00166,-0.00172,-0.00194,-0.00171,-0.0014,-0.00172
498.86,-0.00171,-0.00174,-0.00191,-0.00179,-0.00144,-0.00171
499.22,-0.00172,-0.00168,-0.00187,-0.00174,-0.0015,-0.00161
499.58,-0.00179,-0.0017,-0.00181,-0.00182,-0.00145,-0.00162
499.94,-0.00169,-0.00162,-0.00171,-0.00173,-0.00136,-0.00151
500.3,-0.0017,-0.00167,-0.00168,-0.00171,-0.0013,-0.00151
500.67,-0.00165,-0.00158,-0.00162,-0.00167,-0.00123,-0.00147
501.03,-0.00167,-0.00164,-0.0016,-0.00166,-0.0012,-0.00149
501.39,-0.00166,-0.00171,-0.00154,-0.00162,-0.00119,-0.00151
501.75,-0.00166,-0.00174,-0.00149,-0.00161,-0.00114,-0.00148
502.11,-0.00155,-0.00176,-0.00149,-0.00148,-0.00117,-0.00152
502.47,-0.00146,-0.00169,-0.00146,-0.00146,-0.00112,-0.00158
502.83,-0.00145,-0.00167,-0.0015,-0.00145,-0.00125,-0.00154
503.19,-0.00159,-0.00178,-0.00156,-0.00141,-0.00135,-0.0016
503.55,-0.00151,-0.00175,-0.0015,-0.00137,-0.00137,-0.00148
503.91,-0.00156,-0.00172,-0.00159,-0.00141,-0.00136,-0.00135
504.27,-0.00143,-0.00175,-0.00162,-0.00137,-0.00139,-0.00134
504.63,-0.0014,-0.00169,-0.00162,-0.00133,-0.00139,-0.00121
504.99,-0.00153,-0.00182,-0.00169,-0.00133,-0.00149,-0.00128
505.35,-0.00151,-0.00184,-0.00169,-0.00132,-0.00139,-0.00137
505.71,-0.00142,-0.00176,-0.00167,-0.00128,-0.00138,-0.00133
506.07,-0.00141,-0.00173,-0.00171,-0.00123,-0.00133,-0.00143
506.43,-0.00135,-0.00172,-0.00162,-0.00116,-0.00128,-0.00147
506.79,-0.00147,-0.00168,-0.00162,-0.00122,-0.00131,-0.00152
507.15,-0.00148,-0.00172,-0.00157,-0.00118,-0.00123,-0.00157
507.51,-0.00155,-0.0017,-0.00165,-0.00125,-0.00127,-0.00155
507.87,-0.00152,-0.00166,-0.00158,-0.00124,-0.00126,-0.00144
508.23,-0.00155,-0.00175,-0.00165,-0.00127,-0.00124,-0.00148
508.59,-0.00146,-0.00165,-0.00161,-0.00128,-0.00131,-0.00148
508.95,-0.00142,-0.00162,-0.00168,-0.00127,-0.00135,-0.00155
509.31,-0.00136,-0.00159,-0.00162,-0.00119,-0.00131,-0.00156
509.67,-0.00135,-0.00153,-0.00159,-0.00124,-0.00135,-0.00162
510.03,-0.00128,-0.00153,-0.00139,-0.00119,-0.00128,-0.00156
510.39,-0.00126,-0.00149,-0.00134,-0.00119,-0.00129,-0.00159
510.75,-0.00124,-0.00142,-0.00125,-0.00117,-0.00126,-0.00152
511.11,-0.00127,-0.00139,-0.00121,-0.00114,-0.00119,-0.00144
511.47,-0.00125,-0.00136,-0.00111,-0.00113,-0.00116,-0.00138
511.83,-0.00119,-0.00132,-0.00106,-0.0011,-0.00118,-0.00138
512.19,-0.00114,-0.00131,-0.00102,-0.00116,-0.00112,-0.00126
512.55,-0.00121,-0.00134,-0.0011,-0.00118,-0.00122,-0.00129
512.91,-0.0012,-0.00129,-0.00107,-0.00112,-0.00121,-0.00123
513.27,-0.0013,-0.00133,-0.00108,-0.00117,-0.00128,-0.00133
513.62,-0.00131,-0.00133,-0.00102,-0.00115,-0.00125,-0.00132
513.98,-0.00132,-0.00125,-0.00087,-0.00102,-0.00116,-0.00124
514.34,-0.00131,-0.00119,-0.00086,-0.00103,-0.00115,-0.00116
514.7,-0.00136,-0.00118,-0.00084,-0.00098,-0.0012,-0.00119
515.06,-0.00125,-0.0011,-0.0008,-0.00099,-0.0011,-0.00112
515.42,-0.00125,-0.00112,-0.00081,-0.00098,-0.00112,-0.00117
515.78,-0.00112,-0.001,-0.00079,-0.00095,-0.00111,-0.00106
516.14,-0.00111,-0.00106,-0.0008,-0.00099,-0.00114,-0.00107
516.5,-0.00111,-0.00117,-0.00097,-0.00109,-0.00126,-0.00117
516.86,-0.00113,-0.00119,-0.00102,-0.00108,-0.00124,-0.00123
517.22,-0.00105,-0.00117,-0.00106,-0.00108,-0.00125,-0.00126
517.57,-0.00108,-0.00112,-0.00107,-0.00101,-0.00125,-0.00137
517.93,-0.00097,-0.00106,-0.00106,-0.00103,-0.00124,-0.00136
518.29,-0.00097,-0.00107,-0.00102,-0.00101,-0.00119,-0.00143
518.65,-0.00092,-0.001,-0.00102,-0.001,-0.00119,-0.0014
519.01,-0.00089,-0.00092,-0.00107,-0.00101,-0.00117,-0.00134
519.37,-0.00074,-0.00087,-0.00101,-0.00101,-0.00112,-0.00131
519.73,-0.00075,-0.00074,-0.00102,-0.00097,-0.00108,-0.00129
520.08,-0.00064,-0.00069,-0.00105,-0.00098,-0.00104,-0.0012
520.44,-0.00065,-0.00065,-0.00107,-0.00096,-0.00096,-0.00117
520.8,-0.00056,-0.00063,-0.00111,-0.00091,-0.00095,-0.00113
521.16,-0.0005,-0.00067,-0.00108,-0.00084,-0.0009,-0.00115
521.52,-0.00043,-0.00066,-0.00098,-0.00084,-0.00087,-0.00109
521.88,-0.00045,-0.00072,-0.00098,-0.00085,-0.00092,-0.00102
522.24,-0.00041,-0.00086,-0.00096,-0.00088,-0.00094,-0.001
522.59,-0.00042,-0.00094,-0.00096,-0.00096,-0.00099,-0.00106
522.95,-0.00049,-0.00105,-0.00102,-0.00099,-0.00112,-0.00106
523.31,-0.00062,-0.00115,-0.00103,-0.00104,-0.00116,-0.00112
523.67,-0.00075,-0.00118,-0.00112,-0.00114,-0.00124,-0.00115
524.03,-0.00083,-0.00122,-0.00116,-0.00115,-0.00127,-0.0012
524.38,-0.00094,-0.00127,-0.00119,-0.00112,-0.00127,-0.00123
524.74,-0.00103,-0.00124,-0.00117,-0.00107,-0.00127,-0.0012
525.1,-0.00109,-0.00123,-0.00116,-0.00097,-0.00126,-0.00114
525.46,-0.00109,-0.00115,-0.00112,-0.00093,-0.00113,-0.00108
525.82,-0.00108,-0.00107,-0.00111,-0.00092,-0.00115,-0.00103
526.17,-0.00104,-0.00103,-0.00106,-0.00092,-0.00112,-0.00098
526.53,-0.001,-0.00099,-0.00102,-0.00086,-0.00101,-0.00091
526.89,-0.00097,-0.00099,-0.00109,-0.00088,-0.001,-0.0009
527.25,-0.00094,-0.00096,-0.00114,-0.0009,-0.00094,-0.0009
527.61,-0.00087,-0.00094,-0.00114,-0.00097,-0.00093,-0.00088
527.96,-0.00083,-0.00094,-0.00109,-0.00092,-0.00096,-0.00086
528.32,-0.00079,-0.00097,-0.00105,-0.00096,-0.00088,-0.00084
528.68,-0.00076,-0.00094,-0.00102,-0.00093,-0.00084,-0.00084
529.04,-0.00081,-0.00097,-0.00105,-0.00101,-0.00087,-0.00093
529.39,-0.00074,-0.00084,-0.00094,-0.00093,-0.00081,-0.00085
529.75,-0.0007,-0.00085,-0.00083,-0.00092,-0.00086,-0.00084
530.11,-0.00073,-0.00086,-0.00079,-0.00089,-0.00086,-0.0008
530.47,-0.00074,-0.00092,-0.00079,-0.00096,-0.00088,-0.00088
530.82,-0.00076,-0.0009,-0.00079,-0.00091,-0.00091,-0.00089
531.18,-0.00078,-0.00096,-0.00079,-0.00094,-0.00096,-0.00095
531.54,-0.00074,-0.00092,-0.00074,-0.00089,-0.001,-0.0009
531.9,-0.00082,-0.00097,-0.00076,-0.00092,-0.00108,-0.00096
532.25,-0.00083,-0.00095,-0.00077,-0.00086,-0.00104,-0.00095
532.61,-0.0009,-0.00096,-0.00084,-0.00087,-0.00104,-0.001
532.97,-0.00096,-0.00096,-0.00084,-0.00091,-0.00108,-0.00103
533.32,-0.00095,-0.00096,-0.00082,-0.00091,-0.00109,-0.00098
533.68,-0.00097,-0.00097,-0.00088,-0.0009,-0.00111,-0.00091
534.04,-0.00105,-0.00099,-0.00097,-0.00092,-0.00115,-0.00097
534.4,-0.00109,-0.001,-0.00103,-0.00097,-0.00116,-0.00094
534.75,-0.00112,-0.00101,-0.00107,-0.00108,-0.0012,-0.00091
535.11,-0.00111,-0.0011,-0.00109,-0.0011,-0.00132,-0.00097
535.47,-0.0011,-0.00108,-0.00116,-0.0011,-0.00129,-0.00093
535.82,-0.0011,-0.00105,-0.00119,-0.00107,-0.00128,-0.00092
536.18,-0.00104,-0.00102,-0.00116,-0.00107,-0.00122,-0.00091
536.54,-0.00099,-0.00102,-0.00114,-0.00108,-0.00116,-0.00083
536.89,-0.00085,-0.00093,-0.00105,-0.001,-0.00106,-0.00078
537.25,-0.00082,-0.00092,-0.00105,-0.001,-0.001,-0.00087
537.61,-0.00077,-0.00083,-0.00105,-0.001,-0.00088,-0.00088
537.96,-0.00068,-0.00083,-0.00099,-0.00096,-0.00078,-0.00086
538.32,-0.00062,-0.00085,-0.00098,-0.00099,-0.00073,-0.0009
538.68,-0.00065,-0.00082,-0.00096,-0.00096,-0.0007,-0.00089
539.03,-0.00066,-0.00086,-0.00096,-0.00098,-0.00072,-0.00099
539.39,-0.00077,-0.00102,-0.00104,-0.001,-0.00077,-0.0011
539.75,-0.00077,-0.00106,-0.00102,-0.00091,-0.00081,-0.00111
540.1,-0.00075,-0.00101,-0.00093,-0.00082,-0.00082,-0.00103
540.46,-0.00081,-0.00098,-0.00096,-0.00078,-0.00086,-0.00103
540.81,-0.00086,-0.00099,-0.00092,-0.00075,-0.00092,-0.00104
541.17,-0.00094,-0.00104,-0.00099,-0.00085,-0.00102,-0.00114
541.53,-0.00088,-0.00094,-0.00093,-0.00078,-0.001,-0.00103
541.88,-0.00088,-0.00086,-0.00092,-0.00078,-0.00102,-0.00099
542.24,-0.00083,-0.00084,-0.00087,-0.00081,-0.00101,-0.00091
542.59,-0.00085,-0.00088,-0.00089,-0.00085,-0.00098,-0.00087
542.95,-0.00087,-0.00094,-0.00086,-0.00094,-0.00101,-0.00084
543.31,-0.00085,-0.00093,-0.00088,-0.00098,-0.00095,-0.00081
543.66,-0.00082,-0.00087,-0.00082,-0.0009,-0.00084,-0.0007
544.02,-0.00084,-0.0009,-0.00083,-0.00089,-0.00079,-0.0007
544.37,-0.00085,-0.00086,-0.00078,-0.0009,-0.00073,-0.00066
544.73,-0.00095,-0.00088,-0.00082,-0.00089,-0.00072,-0.00071
545.09,-0.00098,-0.0009,-0.00083,-0.0009,-0.0007,-0.00079
545.44,-0.00099,-0.00085,-0.00086,-0.00086,-0.00066,-0.00081
545.8,-0.00103,-0.00083,-0.00088,-0.00083,-0.00063,-0.00084
546.15,-0.00098,-0.00083,-0.00091,-0.00083,-0.00065,-0.00088
546.51,-0.001,-0.00081,-0.00097,-0.00088,-0.00068,-0.00094
546.86,-0.00098,-0.0008,-0.00102,-0.0009,-0.00073,-0.001
547.22,-0.00091,-0.00066,-0.001,-0.00086,-0.00069,-0.00096
547.58,-0.0009,-0.0006,-0.00107,-0.0009,-0.00071,-0.00095
547.93,-0.00081,-0.00057,-0.00109,-0.00084,-0.0007,-0.00095
548.29,-0.00072,-0.00057,-0.00108,-0.00086,-0.00073,-0.00097
548.64,-0.00062,-0.00057,-0.00109,-0.00082,-0.0007,-0.00094
549,-0.0006,-0.0006,-0.0011,-0.0008,-0.00071,-0.00089
549.35,-0.00056,-0.0006,-0.00108,-0.00075,-0.00067,-0.00085
549.71,-0.00053,-0.00072,-0.00107,-0.00077,-0.00067,-0.0008
550.06,-0.00047,-0.00078,-0.00104,-0.00072,-0.00064,-0.00073
550.42,-0.00049,-0.0008,-0.001,-0.00072,-0.00065,-0.00066
550.77,-0.00049,-0.00077,-0.00096,-0.00063,-0.00062,-0.00063
551.13,-0.00057,-0.00079,-0.00091,-0.00062,-0.00067,-0.00067
551.48,-0.00052,-0.00072,-0.00081,-0.00053,-0.00058,-0.00067
551.84,-0.00058,-0.00077,-0.00075,-0.00054,-0.00057,-0.00069
552.19,-0.0006,-0.00076,-0.00072,-0.00057,-0.00057,-0.00078
552.55,-0.00066,-0.00076,-0.00064,-0.00055,-0.00061,-0.00082
552.9,-0.00072,-0.00084,-0.00062,-0.00061,-0.00065,-0.00091
553.26,-0.00073,-0.00088,-0.00055,-0.00068,-0.00067,-0.00091
553.61,-0.00082,-0.00094,-0.00055,-0.00077,-0.00073,-0.00091
553.97,-0.00092,-0.00104,-0.0006,-0.00088,-0.00084,-0.00098
554.32,-0.00087,-0.00098,-0.00062,-0.00079,-0.00077,-0.00096
554.68,-0.00093,-0.00102,-0.00071,-0.0008,-0.00079,-0.00097
555.03,-0.00092,-0.00102,-0.00079,-0.00082,-0.00079,-0.00105
555.39,-0.0009,-0.00096,-0.00083,-0.00078,-0.00073,-0.00109
555.74,-0.00095,-0.00096,-0.00094,-0.00075,-0.00075,-0.00109
556.1,-0.00087,-0.00085,-0.00093,-0.00063,-0.00068,-0.00106
556.45,-0.00087,-0.00075,-0.00092,-0.00056,-0.00066,-0.001
556.8,-0.00087,-0.00076,-0.00101,-0.00059,-0.00078,-0.00107
557.16,-0.00087,-0.00067,-0.00098,-0.00056,-0.0008,-0.00105
557.51,-0.00087,-0.00061,-0.00096,-0.0005,-0.00079,-0.00099
557.87,-0.00084,-0.00062,-0.00099,-0.00045,-0.00088,-0.00098
558.22,-0.00079,-0.00061,-0.00102,-0.00044,-0.00091,-0.00102
558.58,-0.00074,-0.00063,-0.00106,-0.00046,-0.00094,-0.00109
558.93,-0.00063,-0.00067,-0.00107,-0.00047,-0.00094,-0.0011
559.28,-0.00056,-0.00067,-0.00101,-0.00051,-0.00093,-0.00105
559.64,-0.00048,-0.00073,-0.00101,-0.00058,-0.00093,-0.00108
559.99,-0.00045,-0.00079,-0.00099,-0.00066,-0.00091,-0.00113
560.35,-0.00044,-0.00081,-0.00092,-0.00077,-0.00085,-0.00112
560.7,-0.00044,-0.00081,-0.00081,-0.00081,-0.00077,-0.0011
561.05,-0.00048,-0.00086,-0.00071,-0.00079,-0.00072,-0.00104
561.41,-0.00059,-0.00089,-0.00065,-0.00079,-0.00069,-0.00101
561.76,-0.00068,-0.00093,-0.00058,-0.00078,-0.00066,-0.00101
562.12,-0.00076,-0.00095,-0.00056,-0.00071,-0.00064,-0.00099
562.47,-0.00081,-0.0009,-0.00053,-0.00063,-0.00064,-0.00091
562.82,-0.00089,-0.00089,-0.00053,-0.00058,-0.00066,-0.00092
563.18,-0.00095,-0.00094,-0.00056,-0.00052,-0.00072,-0.00094
563.53,-0.00099,-0.00092,-0.00064,-0.00049,-0.00076,-0.001
563.88,-0.00101,-0.00094,-0.00071,-0.00048,-0.00086,-0.00108
564.24,-0.00104,-0.00099,-0.00078,-0.00046,-0.0009,-0.00113
564.59,-0.00099,-0.00095,-0.00082,-0.0004,-0.00093,-0.00109
564.95,-0.00098,-0.00099,-0.00088,-0.00047,-0.00097,-0.00114
565.3,-0.00088,-0.00099,-0.00088,-0.00045,-0.00097,-0.0011
565.65,-0.00088,-0.00095,-0.00089,-0.00051,-0.00098,-0.00104
566.01,-0.00089,-0.00094,-0.00092,-0.00062,-0.001,-0.00102
566.36,-0.0008,-0.00081,-0.00087,-0.00061,-0.00089,-0.00093
566.71,-0.00078,-0.00067,-0.00084,-0.00063,-0.0009,-0.0009
567.07,-0.00082,-0.00062,-0.00081,-0.00074,-0.00093,-0.00096
567.42,-0.00076,-0.0005,-0.00077,-0.00075,-0.00092,-0.00089
567.77,-0.00073,-0.00039,-0.00078,-0.00076,-0.00089,-0.00089
568.13,-0.00059,-0.00034,-0.00073,-0.00072,-0.00089,-0.00089
568.48,-0.00045,-0.00027,-0.00061,-0.00065,-0.00087,-0.00083
568.83,-0.00038,-0.00031,-0.0006,-0.00066,-0.00091,-0.00086
569.18,-0.00026,-0.00038,-0.00059,-0.00069,-0.0009,-0.00086
569.54,-0.00014,-0.00046,-0.00057,-0.00057,-0.0009,-0.00084
569.89,-0.00011,-0.00052,-0.00051,-0.00047,-0.00084,-0.00085
570.24,-0.00011,-0.0006,-0.00043,-0.00047,-0.00085,-0.00083
570.6,-0.0002,-0.00066,-0.00042,-0.00052,-0.00087,-0.0009
570.95,-0.0003,-0.00075,-0.00047,-0.00056,-0.0009,-0.00097
571.3,-0.0004,-0.00084,-0.00048,-0.0006,-0.0009,-0.00099
571.65,-0.00051,-0.00085,-0.00044,-0.00061,-0.00089,-0.00099
572.01,-0.00065,-0.00085,-0.00044,-0.00076,-0.00092,-0.00101
572.36,-0.00075,-0.00092,-0.00053,-0.00086,-0.00098,-0.00109
572.71,-0.00079,-0.00089,-0.00054,-0.00086,-0.00092,-0.00108
573.06,-0.0008,-0.00087,-0.00053,-0.00085,-0.00087,-0.00104
573.42,-0.00084,-0.00089,-0.00059,-0.00085,-0.00089,-0.001
573.77,-0.00082,-0.00077,-0.00056,-0.00085,-0.00084,-0.00097
574.12,-0.0008,-0.0007,-0.0006,-0.00082,-0.00082,-0.00094
574.47,-0.00079,-0.00062,-0.00057,-0.00076,-0.00079,-0.00091
574.83,-0.00075,-0.00046,-0.00055,-0.00075,-0.00077,-0.0009
575.18,-0.00077,-0.0004,-0.00054,-0.00078,-0.0008,-0.00091
575.53,-0.00077,-0.00031,-0.00056,-0.00079,-0.00085,-0.00093
575.88,-0.00068,-0.00019,-0.00051,-0.00081,-0.0008,-0.00091
576.24,-0.00058,-0.00023,-0.00054,-0.00081,-0.00086,-0.0009
576.59,-0.00039,-0.00022,-0.00047,-0.00082,-0.00089,-0.0009
576.94,-0.00026,-0.00027,-0.00047,-0.00087,-0.0009,-0.0009
577.29,-0.0001,-0.00036,-0.00039,-0.00084,-0.00092,-0.00087
577.64,-2.00E-05,-0.00045,-0.00041,-0.00083,-0.00096,-0.00091
578,7.00E-05,-0.00055,-0.00037,-0.00079,-0.00094,-0.0009
578.35,6.00E-05,-0.00061,-0.00033,-0.00076,-0.00094,-0.00088
578.7,-6.00E-05,-0.00071,-0.00038,-0.00077,-0.00099,-0.00095
579.05,-0.00024,-0.00081,-0.0005,-0.0008,-0.00099,-0.00101
579.4,-0.00031,-0.00083,-0.00056,-0.00075,-0.00096,-0.00099
579.76,-0.00046,-0.00083,-0.00069,-0.00079,-0.00095,-0.00097
580.11,-0.00056,-0.00077,-0.00077,-0.00083,-0.00097,-0.00092
580.46,-0.00067,-0.00065,-0.00085,-0.00084,-0.00095,-0.00091
580.81,-0.00072,-0.00053,-0.00094,-0.00085,-0.001,-0.00094
581.16,-0.00078,-0.00032,-0.00094,-0.00083,-0.00096,-0.0009
581.51,-0.00079,-7.00E-05,-0.00092,-0.00082,-0.00096,-0.00089
581.87,-0.00079,0.00011,-0.0009,-0.00084,-0.00099,-0.00093
582.22,-0.00073,0.00022,-0.00089,-0.00081,-0.00097,-0.00094
582.57,-0.00056,0.00026,-0.00091,-0.0008,-0.00099,-0.00091
582.92,-0.00028,0.00021,-0.00092,-0.00081,-0.00102,-0.00093
583.27,4.00E-05,0.00012,-0.00093,-0.00079,-0.00097,-0.00095
583.62,0.00033,1.00E-05,-0.00095,-0.0008,-0.00093,-0.00093
583.97,0.00047,-0.00023,-0.00098,-0.00084,-0.00095,-0.00093
584.33,0.00053,-0.00041,-0.00098,-0.00077,-0.00086,-0.00085
584.68,0.00052,-0.00055,-0.00095,-0.00074,-0.00085,-0.00088
585.03,0.00042,-0.00067,-0.00096,-0.00071,-0.00084,-0.00091
585.38,0.00016,-0.00075,-0.00093,-0.0007,-0.00079,-0.00091
585.73,-0.00013,-0.00081,-0.00088,-0.00074,-0.00083,-0.0009
586.08,-0.00038,-0.00088,-0.00084,-0.00073,-0.00083,-0.00088
586.43,-0.00059,-0.00097,-0.00085,-0.00076,-0.00088,-0.0009
586.78,-0.00066,-0.00095,-0.00081,-0.00078,-0.00093,-0.00092
587.13,-0.00074,-0.0009,-0.00082,-0.0008,-0.00095,-0.00087
587.48,-0.00083,-0.0009,-0.00078,-0.0008,-0.00092,-0.00088
587.84,-0.00087,-0.00091,-0.00084,-0.00081,-0.001,-0.00086
588.19,-0.00088,-0.00089,-0.00087,-0.00078,-0.00096,-0.00082
588.54,-0.00089,-0.00086,-0.0009,-0.00077,-0.00096,-0.00083
588.89,-0.0008,-0.00075,-0.00083,-0.00071,-0.00087,-0.00077
589.24,-0.00084,-0.00079,-0.00085,-0.00072,-0.00082,-0.0008
589.59,-0.00084,-0.00083,-0.00088,-0.0007,-0.00081,-0.00077
589.94,-0.00084,-0.00084,-0.00088,-0.00068,-0.00082,-0.00075
590.29,-0.00087,-0.00086,-0.00089,-0.00071,-0.0008,-0.00073
590.64,-0.0009,-0.00088,-0.0009,-0.00072,-0.00083,-0.00076
590.99,-0.00087,-0.00089,-0.00091,-0.00072,-0.00084,-0.00075
591.34,-0.00091,-0.0009,-0.00091,-0.00072,-0.00083,-0.00076
591.69,-0.00093,-0.0009,-0.00096,-0.00076,-0.00088,-0.0008
592.04,-0.00098,-0.00096,-0.00097,-0.0009,-0.00094,-0.00089
592.39,-0.00092,-0.00088,-0.00093,-0.00091,-0.00087,-0.00088
592.74,-0.00086,-0.00087,-0.00088,-0.0009,-0.00083,-0.00088
593.09,-0.00088,-0.00088,-0.00089,-0.00092,-0.00084,-0.00091
593.44,-0.00088,-0.0009,-0.00086,-0.00095,-0.00085,-0.00096
593.79,-0.00084,-0.00092,-0.00084,-0.00092,-0.00086,-0.00097
594.14,-0.00079,-0.00089,-0.00082,-0.00086,-0.00083,-0.00093
594.49,-0.00078,-0.00087,-0.00083,-0.00079,-0.00083,-0.00093
594.84,-0.00084,-0.00095,-0.00088,-0.0008,-0.00087,-0.00096
595.19,-0.00084,-0.00091,-0.00089,-0.00079,-0.00091,-0.00095
595.54,-0.00079,-0.00091,-0.00084,-0.00074,-0.00088,-0.00089
595.89,-0.00078,-0.00089,-0.0008,-0.0007,-0.00082,-0.00082
596.24,-0.00084,-0.00086,-0.00078,-0.00073,-0.00082,-0.00082
596.59,-0.00089,-0.00093,-0.00083,-0.0008,-0.00089,-0.00086
596.94,-0.00086,-0.0009,-0.00076,-0.00078,-0.00085,-0.00081
597.29,-0.00083,-0.00087,-0.00072,-0.00073,-0.00082,-0.00077
597.64,-0.00082,-0.00086,-0.00068,-0.00071,-0.00078,-0.00079
597.99,-0.00085,-0.00084,-0.00073,-0.00077,-0.00078,-0.00087
598.34,-0.00087,-0.00086,-0.00079,-0.00079,-0.00083,-0.00093
598.69,-0.00084,-0.0009,-0.00085,-0.00081,-0.00084,-0.00092
599.04,-0.00082,-0.00086,-0.0008,-0.00079,-0.00081,-0.0009
599.39,-0.00081,-0.00086,-0.00084,-0.00081,-0.00082,-0.0009
599.74,-0.00084,-0.00092,-0.00086,-0.00087,-0.00089,-0.00094
600.09,-0.00086,-0.00093,-0.00088,-0.00084,-0.00087,-0.00092
600.44,-0.00088,-0.00094,-0.00087,-0.00078,-0.00086,-0.00085
600.79,-0.00091,-0.00098,-0.00089,-0.00081,-0.00088,-0.00083
601.14,-0.00094,-0.00099,-0.00088,-0.00082,-0.00091,-0.00084
601.49,-0.00095,-0.00094,-0.00092,-0.00083,-0.0009,-0.00081
601.83,-0.00097,-0.00093,-0.00089,-0.00083,-0.0009,-0.00083
602.18,-0.00096,-0.00086,-0.00086,-0.0008,-0.00089,-0.0008
602.53,-0.001,-0.00089,-0.00089,-0.00087,-0.00097,-0.00085
602.88,-0.00093,-0.00091,-0.00089,-0.00088,-0.00097,-0.00086
603.23,-0.00087,-0.00086,-0.00085,-0.00085,-0.00092,-0.00085
603.58,-0.00082,-0.00083,-0.00082,-0.00081,-0.0009,-0.00083
603.93,-0.00078,-0.00081,-0.0008,-0.00077,-0.00087,-0.00083
604.28,-0.00075,-0.00082,-0.00074,-0.00074,-0.00087,-0.00081
604.63,-0.00072,-0.00086,-0.00076,-0.00074,-0.00084,-0.00087
604.97,-0.0007,-0.00084,-0.00074,-0.00072,-0.00081,-0.00081
605.32,-0.00075,-0.0008,-0.00078,-0.00076,-0.00078,-0.00084
605.67,-0.00077,-0.00081,-0.0008,-0.00076,-0.00082,-0.00086
606.02,-0.00079,-0.0008,-0.00082,-0.00078,-0.00086,-0.00087
606.37,-0.00081,-0.00083,-0.00079,-0.00076,-0.00088,-0.00085
606.72,-0.00085,-0.00087,-0.00086,-0.00075,-0.00089,-0.00086
607.07,-0.00087,-0.00085,-0.00089,-0.00072,-0.00086,-0.00083
607.42,-0.00089,-0.00085,-0.00086,-0.00071,-0.00086,-0.00086
607.76,-0.00093,-0.00091,-0.00084,-0.00069,-0.00092,-0.00088
608.11,-0.00093,-0.0009,-0.00086,-0.00071,-0.00089,-0.00088
608.46,-0.00096,-0.00094,-0.00087,-0.00076,-0.00086,-0.00089
608.81,-0.00094,-0.00095,-0.00093,-0.00079,-0.00085,-0.00089
609.16,-0.00094,-0.00091,-0.00095,-0.00078,-0.00086,-0.00087
609.51,-0.00094,-0.00095,-0.00096,-0.00084,-0.00092,-0.00086
609.85,-0.00088,-0.00091,-0.00093,-0.00083,-0.00084,-0.00082
610.2,-0.00085,-0.00087,-0.001,-0.00084,-0.00085,-0.0008
610.55,-0.00083,-0.00087,-0.00095,-0.0008,-0.00085,-0.00077
610.9,-0.00078,-0.00085,-0.00094,-0.00074,-0.00085,-0.00078
611.25,-0.00078,-0.00086,-0.0009,-0.00075,-0.00085,-0.00079
611.59,-0.00074,-0.00088,-0.00088,-0.00079,-0.00084,-0.00081
611.94,-0.0008,-0.00091,-0.00091,-0.0008,-0.00086,-0.00087
612.29,-0.00085,-0.00098,-0.00099,-0.00088,-0.00093,-0.00092
612.64,-0.00082,-0.00096,-0.0009,-0.00084,-0.00093,-0.00092
612.99,-0.00087,-0.00095,-0.00092,-0.00087,-0.00093,-0.00096
613.33,-0.00087,-0.00091,-0.00088,-0.00091,-0.0009,-0.00096
613.68,-0.00093,-0.00094,-0.00095,-0.00094,-0.00095,-0.00095
614.03,-0.00097,-0.00093,-0.00096,-0.00092,-0.00099,-0.00096
614.38,-0.00088,-0.00086,-0.0009,-0.00084,-0.00092,-0.00087
614.72,-0.00089,-0.00085,-0.00089,-0.00084,-0.00092,-0.00085
615.07,-0.00094,-0.00087,-0.00094,-0.0009,-0.00094,-0.00089
615.42,-0.00091,-0.00088,-0.00094,-0.00089,-0.00097,-0.00088
615.77,-0.00091,-0.00089,-0.00098,-0.00086,-0.00099,-0.00088
616.11,-0.00089,-0.00085,-0.00094,-0.00084,-0.00097,-0.00089
616.46,-0.00083,-0.00083,-0.00088,-0.00084,-0.0009,-0.00087
616.81,-0.00082,-0.00084,-0.00087,-0.00083,-0.0009,-0.00086
617.16,-0.00083,-0.00082,-0.00085,-0.00082,-0.0009,-0.00085
617.5,-0.00081,-0.00081,-0.00079,-0.00079,-0.00088,-0.00085
617.85,-0.00081,-0.00082,-0.00077,-0.0008,-0.00086,-0.00083
618.2,-0.0008,-0.00085,-0.00076,-0.00081,-0.00087,-0.00085
618.54,-0.00076,-0.00089,-0.00075,-0.00081,-0.00082,-0.00086
618.89,-0.00076,-0.00086,-0.00078,-0.00081,-0.00082,-0.00087
619.24,-0.00084,-0.0009,-0.00085,-0.00088,-0.0009,-0.00094
619.59,-0.00081,-0.00088,-0.00083,-0.00084,-0.00088,-0.00094
619.93,-0.00075,-0.00089,-0.00085,-0.00082,-0.00084,-0.00088
620.28,-0.00074,-0.00089,-0.00086,-0.00079,-0.00083,-0.00088
620.63,-0.00081,-0.00089,-0.00088,-0.00082,-0.00086,-0.00089
620.97,-0.00084,-0.0009,-0.00093,-0.00082,-0.00094,-0.00089
621.32,-0.00084,-0.0009,-0.00093,-0.00087,-0.00096,-0.00087
621.67,-0.00075,-0.00085,-0.00085,-0.0008,-0.00088,-0.00081
622.01,-0.00073,-0.00083,-0.00086,-0.00074,-0.00084,-0.00076
622.36,-0.00081,-0.00081,-0.00091,-0.0008,-0.0009,-0.00084
622.71,-0.00085,-0.00079,-0.00093,-0.00087,-0.00092,-0.00086
623.05,-0.00079,-0.00079,-0.00091,-0.00084,-0.00088,-0.00082
623.4,-0.00079,-0.00071,-0.00092,-0.00081,-0.00083,-0.00078
623.75,-0.00085,-0.00075,-0.00092,-0.00077,-0.00084,-0.0008
624.09,-0.00094,-0.00079,-0.00098,-0.00082,-0.00091,-0.00086
624.44,-0.00097,-0.00084,-0.00099,-0.0009,-0.00095,-0.00092
624.79,-0.00095,-0.00089,-0.00098,-0.00089,-0.00089,-0.0009
625.13,-0.00095,-0.00089,-0.00098,-0.00087,-0.00089,-0.00088
625.48,-0.00098,-0.00087,-0.00094,-0.00085,-0.00082,-0.00084
625.82,-0.00099,-0.00092,-0.00085,-0.00083,-0.00078,-0.00084
626.17,-0.00096,-0.00091,-0.00086,-0.00086,-0.00082,-0.00086
626.52,-0.00094,-0.00089,-0.00088,-0.00085,-0.0008,-0.00084
626.86,-0.00092,-0.00089,-0.00089,-0.0008,-0.00084,-0.00081
627.21,-0.00088,-0.00083,-0.00083,-0.00071,-0.00079,-0.00076
627.55,-0.00087,-0.00086,-0.00083,-0.00069,-0.00078,-0.00077
627.9,-0.00083,-0.00082,-0.00085,-0.00074,-0.00086,-0.00079
628.25,-0.00082,-0.00081,-0.00089,-0.00076,-0.00084,-0.0008
628.59,-0.00084,-0.00082,-0.00087,-0.00077,-0.00084,-0.00077
628.94,-0.00086,-0.00087,-0.00085,-0.00078,-0.00084,-0.00079
629.28,-0.00088,-0.00089,-0.00087,-0.00084,-0.00083,-0.00084
629.63,-0.00095,-0.00096,-0.00093,-0.00091,-0.00086,-0.00087
629.98,-0.00095,-0.00094,-0.00094,-0.00092,-0.00088,-0.00081
630.32,-0.00099,-0.00099,-0.00097,-0.00095,-0.00093,-0.00083
630.67,-0.001,-0.00099,-0.00098,-0.001,-0.001,-0.00084
631.01,-0.00103,-0.00101,-0.00107,-0.001,-0.00102,-0.00086
631.36,-0.00097,-0.00096,-0.00104,-0.00098,-0.001,-0.00081
631.7,-0.00094,-0.00092,-0.00103,-0.00095,-0.00098,-0.00078
632.05,-0.00092,-0.00091,-0.00103,-0.00095,-0.00105,-0.00079
632.39,-0.00092,-0.00093,-0.00102,-0.00091,-0.00103,-0.00082
632.74,-0.0009,-0.00092,-0.00101,-0.00088,-0.00097,-0.00082
633.09,-0.0009,-0.00093,-0.001,-0.00083,-0.00098,-0.00085
633.43,-0.00086,-0.0009,-0.00101,-0.00083,-0.00095,-0.0008
633.78,-0.00085,-0.00088,-0.00099,-0.00079,-0.00093,-0.00077
634.12,-0.00089,-0.0009,-0.00101,-0.00078,-0.0009,-0.00076
634.47,-0.00085,-0.00086,-0.00101,-0.0008,-0.00087,-0.00074
634.81,-0.00082,-0.00084,-0.00099,-0.00083,-0.00085,-0.00075
635.16,-0.00089,-0.00089,-0.001,-0.00089,-0.00089,-0.00075
635.5,-0.00087,-0.0009,-0.00103,-0.00086,-0.00084,-0.00071
635.85,-0.00081,-0.00091,-0.00094,-0.00083,-0.00083,-0.0007
636.19,-0.00085,-0.00095,-0.00093,-0.00089,-0.00081,-0.00073
636.54,-0.00085,-0.00092,-0.00088,-0.0009,-0.00081,-0.00071
636.88,-0.00088,-0.00092,-0.00082,-0.00083,-0.00079,-0.00068
637.23,-0.00095,-0.00096,-0.00087,-0.00086,-0.00085,-0.00066
637.57,-0.00086,-0.0009,-0.00079,-0.00078,-0.00078,-0.00063
637.92,-0.00086,-0.00086,-0.00074,-0.00082,-0.00079,-0.00059
638.26,-0.00087,-0.00082,-0.00074,-0.00083,-0.00079,-0.00057
638.6,-0.0009,-0.00086,-0.0008,-0.00085,-0.00081,-0.00057
638.95,-0.00089,-0.00087,-0.00084,-0.00085,-0.00086,-0.00057
639.29,-0.00081,-0.00083,-0.00082,-0.00083,-0.00083,-0.00052
639.64,-0.00077,-0.00082,-0.00078,-0.00078,-0.00079,-0.00049
639.98,-0.00078,-0.00085,-0.00083,-0.00076,-0.00079,-0.0005
640.33,-0.00082,-0.00089,-0.00087,-0.00072,-0.0008,-0.00054
640.67,-0.00081,-0.00094,-0.00088,-0.00071,-0.00082,-0.00055
641.02,-0.00079,-0.0009,-0.00087,-0.00069,-0.0008,-0.00052
641.36,-0.00083,-0.00099,-0.00086,-0.00074,-0.00081,-0.00052
641.7,-0.00089,-0.00104,-0.00095,-0.00074,-0.00086,-0.0005
642.05,-0.00084,-0.00105,-0.00095,-0.00071,-0.00083,-0.00045
642.39,-0.00082,-0.00103,-0.00096,-0.00072,-0.00084,-0.00038
642.74,-0.00087,-0.00108,-0.00097,-0.00081,-0.00088,-0.00037
643.08,-0.00092,-0.00105,-0.00098,-0.00085,-0.00086,-0.00036
643.43,-0.00093,-0.00108,-0.00103,-0.00083,-0.00089,-0.00037
643.77,-0.00089,-0.00103,-0.00102,-0.0008,-0.0009,-0.00035
644.11,-0.00092,-0.00098,-0.001,-0.00086,-0.00092,-0.0004
644.46,-0.00096,-0.00094,-0.00099,-0.00089,-0.00092,-0.00041
644.8,-0.00101,-0.00095,-0.00102,-0.00097,-0.00091,-0.0004
645.14,-0.00098,-0.00091,-0.001,-0.00091,-0.00091,-0.00036
645.49,-0.00097,-0.00094,-0.00101,-0.00085,-0.00093,-0.0003
645.83,-0.00099,-0.00096,-0.00097,-0.00086,-0.00089,-0.00025
646.18,-0.001,-0.00095,-0.00097,-0.00088,-0.00087,-0.00019
646.52,-0.00099,-0.00099,-0.00096,-0.00085,-0.00085,-0.00016
646.86,-0.00099,-0.00102,-0.00095,-0.00083,-0.00085,-0.00011
647.21,-0.00098,-0.00101,-0.00092,-0.0008,-0.00082,-8.00E-05
647.55,-0.00094,-0.00103,-0.00094,-0.00082,-0.00081,-3.00E-05
647.89,-0.00097,-0.00099,-0.00094,-0.00087,-0.00081,-3.00E-05
648.24,-0.00096,-0.00097,-0.00096,-0.0009,-0.00085,0
648.58,-0.00092,-0.001,-0.00097,-0.00092,-0.00084,-2.00E-05
648.92,-0.00087,-0.00097,-0.00096,-0.00092,-0.00087,2.00E-05
649.27,-0.00081,-0.00094,-0.00096,-0.00091,-0.00092,2.00E-05
649.61,-0.0008,-0.00096,-0.00095,-0.00092,-0.00099,2.00E-05
649.95,-0.00082,-0.00096,-0.00092,-0.00087,-0.00099,-1.00E-05
650.3,-0.00084,-0.00103,-0.00095,-0.00089,-0.00097,-1.00E-05
650.64,-0.00083,-0.00104,-0.00095,-0.00084,-0.00098,3.00E-05
650.98,-0.00083,-0.00101,-0.00089,-0.00079,-0.00094,0.00011
651.33,-0.00087,-0.00101,-0.00086,-0.00074,-0.00092,0.00016
651.67,-0.00095,-0.00107,-0.00089,-0.00077,-0.00093,0.00019
652.01,-0.00097,-0.00102,-0.00088,-0.00071,-0.00087,0.00026
652.36,-0.00094,-0.00094,-0.00081,-0.0007,-0.00082,0.00037
652.7,-0.00091,-0.00094,-0.00077,-0.0007,-0.00084,0.00042
653.04,-0.00092,-0.00094,-0.0008,-0.00073,-0.00086,0.00044
653.38,-0.00092,-0.00091,-0.00083,-0.00069,-0.00083,0.0005
653.73,-0.00092,-0.0009,-0.00083,-0.00071,-0.00079,0.0005
654.07,-0.00094,-0.00093,-0.00083,-0.00072,-0.00075,0.0005
654.41,-0.00095,-0.00091,-0.00083,-0.00074,-0.00075,0.0005
654.75,-0.00089,-0.00096,-0.0009,-0.00075,-0.00078,0.00051
655.1,-0.00091,-0.0009,-0.00094,-0.00072,-0.00078,0.0005
655.44,-0.00088,-0.00083,-0.00088,-0.00062,-0.00071,0.00057
655.78,-0.00094,-0.0009,-0.0009,-0.00073,-0.00076,0.00058
656.12,-0.00095,-0.00094,-0.00095,-0.00074,-0.00078,0.00061
656.47,-0.0009,-0.00084,-0.00091,-0.00073,-0.00072,0.00074
656.81,-0.00084,-0.00081,-0.00089,-0.00075,-0.00068,0.00084
657.15,-0.00093,-0.00084,-0.00095,-0.00083,-0.00068,0.00087
657.49,-0.00092,-0.00082,-0.00085,-0.00082,-0.00066,0.00096
657.84,-0.0009,-0.00084,-0.00085,-0.00083,-0.00065,0.00102
658.18,-0.00086,-0.00084,-0.00084,-0.00081,-0.00066,0.00109
658.52,-0.00087,-0.0008,-0.00078,-0.00083,-0.00063,0.00118
658.86,-0.00089,-0.00087,-0.00086,-0.00089,-0.0007,0.00123
659.2,-0.00093,-0.0009,-0.00087,-0.00087,-0.00075,0.00135
659.55,-0.00087,-0.00085,-0.00076,-0.00079,-0.00074,0.00158
659.89,-0.00085,-0.00088,-0.00081,-0.00078,-0.0007,0.00185
660.23,-0.00086,-0.0009,-0.00085,-0.00083,-0.00071,0.00218
660.57,-0.00084,-0.00084,-0.0008,-0.00077,-0.00067,0.00263
660.91,-0.0008,-0.00086,-0.00085,-0.0008,-0.00069,0.00319
661.26,-0.0008,-0.00081,-0.00082,-0.00077,-0.00063,0.00401
661.6,-0.00077,-0.00084,-0.00082,-0.00078,-0.00059,0.00507
661.94,-0.00081,-0.00088,-0.00091,-0.00084,-0.00059,0.00657
662.28,-0.00086,-0.00088,-0.00092,-0.00086,-0.00058,0.00877
662.62,-0.00089,-0.00091,-0.00091,-0.00086,-0.00059,0.01184
662.96,-0.00096,-0.00096,-0.00102,-0.00095,-0.00063,0.01598
663.31,-0.00095,-0.00099,-0.00102,-0.00093,-0.00058,0.02161
663.65,-0.00096,-0.00105,-0.00102,-0.00092,-0.00057,0.02885
663.99,-0.00101,-0.00106,-0.00105,-0.00098,-0.00056,0.03781
664.33,-0.001,-0.00108,-0.00105,-0.00096,-0.00049,0.04876
664.67,-0.00095,-0.00105,-0.00102,-0.00096,-0.00043,0.06153
665.01,-0.001,-0.0011,-0.00107,-0.00101,-0.00044,0.07605
665.35,-0.001,-0.00112,-0.001,-0.00103,-0.00042,0.09244
665.69,-0.00104,-0.0011,-0.00102,-0.00106,-0.00043,0.11034
666.04,-0.00106,-0.00104,-0.00104,-0.00103,-0.00041,0.12956
666.38,-0.00101,-0.00105,-0.00099,-0.00095,-0.00035,0.15017
666.72,-0.00109,-0.00113,-0.00104,-0.00097,-0.00038,0.1716
667.06,-0.00115,-0.00112,-0.0011,-0.00095,-0.00045,0.19389
667.4,-0.00105,-0.00108,-0.00104,-0.00091,-0.00035,0.21662
667.74,-0.00104,-0.00103,-0.00105,-0.00083,-0.00027,0.23946
668.08,-0.00108,-0.00103,-0.0011,-0.00085,-0.00027,0.26205
668.42,-0.00104,-0.00107,-0.0011,-0.00088,-0.00026,0.28411
668.76,-0.00104,-0.00107,-0.00109,-0.00091,-0.00025,0.30515
669.1,-0.00095,-0.00095,-0.00102,-0.00084,-0.00014,0.32491
669.44,-0.00093,-0.00098,-0.00096,-0.00087,-7.00E-05,0.34317
669.79,-0.00098,-0.001,-0.00103,-0.0009,-8.00E-05,0.35935
670.13,-0.00094,-0.00104,-0.00103,-0.00092,-0.00011,0.3734
670.47,-0.0009,-0.00109,-0.00103,-0.0009,-6.00E-05,0.38511
670.81,-0.00094,-0.00112,-0.00107,-0.00089,-9.00E-05,0.39406
671.15,-0.00095,-0.00113,-0.00109,-0.0009,-7.00E-05,0.4006
671.49,-0.001,-0.00123,-0.00115,-0.00097,-0.00011,0.40469
671.83,-0.00099,-0.00126,-0.00119,-0.00094,-0.0001,0.40642
672.17,-0.00099,-0.00123,-0.00115,-0.0009,-6.00E-05,0.40638
672.51,-0.00103,-0.00121,-0.00115,-0.00092,-2.00E-05,0.40506
672.85,-0.00102,-0.00117,-0.0011,-0.00092,-2.00E-05,0.4029
673.19,-0.001,-0.00112,-0.00106,-0.00093,1.00E-05,0.40062
673.53,-0.00106,-0.00113,-0.00113,-0.00095,2.00E-05,0.39889
673.87,-0.00104,-0.00108,-0.00105,-0.00092,4.00E-05,0.39787
674.21,-0.00099,-0.00107,-0.00102,-0.00093,0.00011,0.39796
674.55,-0.00096,-0.00107,-0.00103,-0.00095,0.00015,0.39978
674.89,-0.00098,-0.00107,-0.00103,-0.00091,0.00018,0.40279
675.23,-0.00104,-0.00111,-0.001,-0.00092,0.00022,0.4069
675.57,-0.00108,-0.00111,-0.00104,-0.0009,0.00028,0.41221
675.91,-0.00109,-0.0011,-0.00102,-0.0009,0.00026,0.41772
676.25,-0.00106,-0.00104,-0.001,-0.00086,0.00031,0.42375
676.59,-0.00109,-0.001,-0.00106,-0.00089,0.00035,0.42944
676.93,-0.00112,-0.00096,-0.00106,-0.00087,0.00038,0.43407
677.27,-0.00111,-0.00096,-0.00111,-0.00086,0.00037,0.4381
677.61,-0.00105,-0.00091,-0.00112,-0.00082,0.0004,0.44083
677.95,-0.00105,-0.00093,-0.00111,-0.00079,0.00043,0.44233
678.29,-0.00103,-0.00089,-0.00109,-0.00074,0.00055,0.44258
678.63,-0.00109,-0.001,-0.00122,-0.00078,0.00058,0.4414
678.97,-0.00113,-0.00099,-0.0012,-0.00074,0.00066,0.43937
679.31,-0.00107,-0.00102,-0.00118,-0.00069,0.00074,0.43666
679.65,-0.00103,-0.00104,-0.00116,-0.00068,0.00085,0.43331
679.98,-0.00108,-0.00105,-0.00116,-0.00068,0.00096,0.43029
680.32,-0.00102,-0.00102,-0.00113,-0.00063,0.00113,0.42728
680.66,-0.00105,-0.00108,-0.00117,-0.00063,0.00123,0.42478
681,-0.00102,-0.00103,-0.0011,-0.00061,0.00144,0.4232
681.34,-0.00103,-0.00108,-0.0011,-0.00059,0.00162,0.42253
681.68,-0.0011,-0.00109,-0.00111,-0.0006,0.00189,0.4229
682.02,-0.00114,-0.0011,-0.00114,-0.00066,0.00223,0.42436
682.36,-0.00115,-0.00112,-0.00118,-0.00066,0.00272,0.42643
682.7,-0.0012,-0.00117,-0.00117,-0.00071,0.00331,0.42938
683.04,-0.00109,-0.00111,-0.00115,-0.00063,0.00424,0.43308
683.38,-0.00106,-0.00112,-0.00113,-0.00056,0.00539,0.43695
683.71,-0.00106,-0.00113,-0.00113,-0.00058,0.00706,0.44088
684.05,-0.00102,-0.00112,-0.00107,-0.00054,0.00933,0.44496
684.39,-0.00099,-0.00107,-0.00101,-0.00044,0.01238,0.44844
684.73,-0.00102,-0.0011,-0.0011,-0.00042,0.01621,0.45183
685.07,-0.001,-0.00105,-0.00111,-0.00037,0.02119,0.45474
685.41,-0.00102,-0.00111,-0.00109,-0.00037,0.0274,0.45702
685.75,-0.00107,-0.00108,-0.00116,-0.00042,0.03513,0.4587
686.09,-0.00109,-0.00106,-0.0012,-0.00034,0.04439,0.46038
686.42,-0.00108,-0.00106,-0.00123,-0.00033,0.05536,0.46133
686.76,-0.00109,-0.00107,-0.00121,-0.00035,0.06818,0.46243
687.1,-0.00102,-0.00104,-0.00105,-0.00023,0.08295,0.46324
687.44,-0.00107,-0.00108,-0.00109,-0.00018,0.09963,0.46385
687.78,-0.00113,-0.00107,-0.00113,-0.00017,0.1184,0.46444
688.12,-0.00112,-0.00106,-0.00112,-0.00013,0.13922,0.4653
688.45,-0.00109,-0.00107,-0.00107,-5.00E-05,0.16181,0.46567
688.79,-0.0011,-0.00112,-0.00108,-3.00E-05,0.18599,0.4662
689.13,-0.00109,-0.00114,-0.00107,1.00E-05,0.21133,0.46622
689.47,-0.00113,-0.00115,-0.00108,3.00E-05,0.23762,0.4659
689.81,-0.0011,-0.00123,-0.00103,8.00E-05,0.26395,0.46529
690.14,-0.00108,-0.00119,-0.00097,0.0001,0.2903,0.46436
690.48,-0.00106,-0.00119,-0.00091,0.00023,0.3148,0.46246
690.82,-0.00103,-0.00118,-0.00095,0.00026,0.33792,0.46025
691.16,-0.00108,-0.00117,-0.00093,0.00031,0.35858,0.45752
691.5,-0.00104,-0.00111,-0.00085,0.00046,0.37668,0.45465
691.83,-0.00098,-0.00104,-0.0008,0.00055,0.3916,0.45176
692.17,-0.00095,-0.00094,-0.00077,0.00059,0.40315,0.44921
692.51,-0.00097,-0.00102,-0.00078,0.00063,0.41109,0.44656
692.85,-0.00098,-0.00106,-0.00077,0.00066,0.41667,0.44497
693.18,-0.00105,-0.00112,-0.00077,0.00066,0.41933,0.44388
693.52,-0.00109,-0.00116,-0.00079,0.00063,0.42019,0.44356
693.86,-0.00109,-0.00119,-0.00089,0.00055,0.41967,0.44362
694.2,-0.00113,-0.0012,-0.0009,0.00056,0.41845,0.44432
694.53,-0.00116,-0.00123,-0.00095,0.00059,0.41707,0.44462
694.87,-0.00118,-0.00115,-0.00093,0.00065,0.41625,0.44485
695.21,-0.00114,-0.00113,-0.00082,0.00074,0.41583,0.44431
695.55,-0.00112,-0.00108,-0.00073,0.00077,0.41645,0.44275
695.88,-0.0011,-0.00098,-0.00068,0.00095,0.41779,0.43951
696.22,-0.00119,-0.00103,-0.00065,0.00103,0.41993,0.43508
696.56,-0.00115,-0.00105,-0.00064,0.00106,0.42248,0.42871
696.9,-0.0011,-0.00094,-0.00052,0.00117,0.4257,0.42126
697.23,-0.00104,-0.00094,-0.00045,0.00127,0.42907,0.41293
697.57,-0.00112,-0.00093,-0.00049,0.00125,0.43231,0.40401
697.91,-0.00113,-0.00092,-0.00047,0.00138,0.43554,0.3952
698.24,-0.0011,-0.00096,-0.00045,0.00147,0.43857,0.38755
698.58,-0.00104,-0.00097,-0.0004,0.00168,0.44109,0.38115
698.92,-0.0011,-0.00093,-0.00035,0.00191,0.44357,0.37683
699.25,-0.00116,-0.00099,-0.00037,0.00222,0.44565,0.37427
699.59,-0.00125,-0.00106,-0.00037,0.00249,0.44754,0.37352
699.93,-0.00116,-0.00107,-0.00029,0.00299,0.44974,0.37364
700.26,-0.00119,-0.00104,-0.00029,0.0036,0.45177,0.37411
700.6,-0.00119,-0.00109,-0.00026,0.0043,0.4536,0.37339
700.94,-0.00126,-0.00105,-0.00027,0.00529,0.45571,0.37025
701.27,-0.00127,-0.00108,-0.00025,0.00652,0.4583,0.36325
701.61,-0.00121,-0.00102,-0.00019,0.00812,0.46171,0.35198
701.95,-0.00119,-0.00098,-0.00011,0.01024,0.46595,0.33559
702.28,-0.00125,-0.00098,-0.00012,0.01287,0.47142,0.31421
702.62,-0.00116,-0.00086,4.00E-05,0.01636,0.4784,0.28847
702.96,-0.00113,-0.00071,0.00019,0.02072,0.48707,0.25944
703.29,-0.00103,-0.00064,0.00033,0.02618,0.49705,0.22823
703.63,-0.00099,-0.00064,0.00034,0.03297,0.50783,0.19679
703.96,-0.00101,-0.00066,0.00045,0.04149,0.51873,0.16618
704.3,-0.00103,-0.00067,0.00042,0.05213,0.52933,0.13764
704.64,-0.00097,-0.00065,0.00048,0.0653,0.53832,0.11232
704.97,-0.00096,-0.00073,0.00046,0.08118,0.54468,0.0902
705.31,-0.00092,-0.00073,0.00046,0.10022,0.54817,0.07183
705.64,-0.00096,-0.0007,0.0004,0.12238,0.54826,0.05675
705.98,-0.00092,-0.00066,0.00045,0.14763,0.54506,0.04461
706.32,-0.00084,-0.00064,0.00046,0.17564,0.53909,0.03506
706.65,-0.00069,-0.0005,0.00064,0.20584,0.53073,0.0277
706.99,-0.00063,-0.00041,0.00071,0.23699,0.52132,0.02192
707.32,-0.00057,-0.00025,0.00082,0.26843,0.5119,0.01754
707.66,-0.00054,-0.00018,0.00088,0.29876,0.50279,0.01392
707.99,-0.00047,-0.00023,0.00093,0.32681,0.49477,0.0112
708.33,-0.00044,-0.00017,0.00094,0.35163,0.4881,0.00916
708.67,-0.00041,-9.00E-05,0.00092,0.3723,0.48276,0.00749
709,-0.00032,0,0.00091,0.38883,0.47897,0.00616
709.34,-0.00031,6.00E-05,0.00097,0.40104,0.47585,0.00515
709.67,-0.00023,-3.00E-05,0.00096,0.40912,0.47316,0.0042
710.01,-0.00012,7.00E-05,0.00107,0.41395,0.47084,0.00353
710.34,-4.00E-05,0.00021,0.00115,0.41659,0.46869,0.00299
710.68,0.0001,0.00034,0.0013,0.41827,0.4661,0.00249
711.01,0.00014,0.00033,0.00135,0.41956,0.46327,0.00201
711.35,0.00016,0.00031,0.00142,0.42123,0.45908,0.00163
711.68,0.00022,0.00032,0.00145,0.42423,0.45416,0.00131
712.02,0.00019,0.0004,0.00149,0.42884,0.44815,0.00105
712.35,0.00019,0.00032,0.00152,0.43535,0.44108,0.00082
712.69,0.00016,0.00028,0.00164,0.44349,0.43327,0.00057
713.02,0.00011,0.00024,0.00173,0.45354,0.42502,0.00041
713.36,0.00017,0.00027,0.0019,0.46565,0.41679,0.00029
713.69,0.00017,0.00038,0.0021,0.48019,0.40965,0.00016
714.03,0.00025,0.00043,0.00235,0.49763,0.40388,1.00E-05
714.36,0.00038,0.00052,0.00272,0.51858,0.39968,-2.00E-05
714.7,0.00049,0.00067,0.00313,0.54328,0.39696,-7.00E-05
715.03,0.00071,0.0008,0.00369,0.5722,0.39501,0
715.37,0.00081,0.00094,0.00437,0.60499,0.39292,-5.00E-05
715.7,0.00087,0.00101,0.00515,0.64174,0.38917,-0.00012
716.04,0.00085,0.0009,0.00605,0.68069,0.38233,-0.00022
716.37,0.00085,0.00098,0.00731,0.72119,0.37126,-0.00022
716.7,0.00095,0.00109,0.00886,0.76118,0.35485,-0.00032
717.04,0.0009,0.00105,0.0109,0.79917,0.33285,-0.00047
717.37,0.00083,0.00106,0.01355,0.83383,0.30553,-0.00057
717.71,0.00088,0.00105,0.01694,0.86423,0.27426,-0.00054
718.04,0.0009,0.0012,0.02129,0.88907,0.24043,-0.00058
718.38,0.00096,0.00137,0.02712,0.90861,0.20568,-0.00059
718.71,0.00103,0.0014,0.03438,0.92105,0.17158,-0.00068
719.04,0.00098,0.00134,0.04393,0.92785,0.13979,-0.00076
719.38,0.00106,0.00137,0.05603,0.9285,0.11162,-0.00073
719.71,0.00116,0.00144,0.07126,0.92245,0.08764,-0.00071
720.05,0.00118,0.00153,0.09048,0.91029,0.06763,-0.00076
720.38,0.00133,0.00158,0.11386,0.89211,0.05164,-0.00067
720.71,0.00142,0.00166,0.14145,0.86772,0.03912,-0.00072
721.05,0.00145,0.00175,0.17315,0.83958,0.02956,-0.00072
721.38,0.00156,0.00192,0.20802,0.80734,0.02239,-0.00066
721.72,0.0016,0.00213,0.24494,0.77253,0.01701,-0.00067
722.05,0.00176,0.00231,0.28312,0.73684,0.01302,-0.0007
722.38,0.0018,0.00249,0.3204,0.70087,0.01001,-0.00087
722.72,0.00185,0.00283,0.35642,0.6663,0.00799,-0.00096
723.05,0.00194,0.00314,0.39104,0.63428,0.00628,-0.001
723.38,0.00207,0.00368,0.42432,0.60536,0.0052,-0.00092
723.72,0.00216,0.00428,0.45802,0.57905,0.00423,-0.00103
724.05,0.00234,0.00512,0.49325,0.55617,0.00353,-0.00097
724.38,0.00242,0.00602,0.53158,0.5365,0.00289,-0.00108
724.72,0.00279,0.0073,0.57438,0.51969,0.00262,-0.00092
725.05,0.00315,0.0088,0.62148,0.50553,0.00213,-0.00096
725.38,0.00366,0.01085,0.672,0.49333,0.00195,-0.0009
725.72,0.00428,0.01323,0.72349,0.48295,0.00163,-0.00105
726.05,0.00489,0.01625,0.77435,0.47468,0.00135,-0.00106
726.38,0.00575,0.01993,0.82192,0.46761,0.001,-0.00119
726.72,0.00686,0.02488,0.86347,0.46169,0.0009,-0.00115
727.05,0.0082,0.03127,0.89891,0.45703,0.00064,-0.00123
727.38,0.00981,0.03957,0.92669,0.45222,0.00048,-0.00123
727.71,0.01188,0.05073,0.94845,0.4467,0.00029,-0.00132
728.05,0.01432,0.06612,0.96434,0.43887,0.00019,-0.00135
728.38,0.01758,0.08714,0.97495,0.42677,0.00014,-0.00135
728.71,0.02167,0.11608,0.98227,0.40981,0.00015,-0.00139
729.05,0.0268,0.15479,0.98734,0.38682,1.00E-05,-0.00144
729.38,0.03339,0.20465,0.98987,0.35749,-5.00E-05,-0.00138
729.71,0.04203,0.26636,0.99084,0.32269,-0.00011,-0.00147
730.04,0.05361,0.33908,0.9904,0.284,-0.00027,-0.00146
730.38,0.06976,0.41998,0.98916,0.24336,-0.00041,-0.00146
730.71,0.0924,0.50636,0.98801,0.20308,-0.00047,-0.00153
731.04,0.12418,0.59278,0.98669,0.16511,-0.00046,-0.00142
731.37,0.16789,0.67446,0.98541,0.13108,-0.00051,-0.00151
731.71,0.22542,0.74769,0.98339,0.10186,-0.00056,-0.00158
732.04,0.29732,0.81031,0.98173,0.0777,-0.00057,-0.0015
732.37,0.38127,0.86009,0.97987,0.05846,-0.00045,-0.00154
732.7,0.4732,0.89862,0.97853,0.04376,-0.00034,-0.00144
733.04,0.56714,0.92678,0.97643,0.03252,-0.00042,-0.00141
733.37,0.65733,0.94669,0.97341,0.02406,-0.00052,-0.00153
733.7,0.73887,0.9611,0.96923,0.01796,-0.00051,-0.00143
734.03,0.80734,0.97142,0.96378,0.0134,-0.00058,-0.00158
734.36,0.86149,0.979,0.95624,0.01023,-0.00063,-0.00162
734.7,0.90129,0.98501,0.94506,0.00793,-0.00071,-0.0016
735.03,0.92867,0.98936,0.92868,0.00615,-0.00088,-0.00171
735.36,0.94798,0.99286,0.90738,0.00497,-0.00088,-0.00171
735.69,0.96132,0.99551,0.87968,0.00417,-0.00091,-0.00174
736.02,0.9708,0.99754,0.84651,0.00342,-0.00092,-0.0018
736.35,0.97802,0.99914,0.80879,0.00295,-0.00087,-0.00167
736.69,0.98437,1.00055,0.76776,0.00244,-0.00091,-0.0017
737.02,0.98878,1.00111,0.72514,0.00206,-0.00093,-0.00175
737.35,0.99296,1.0017,0.68304,0.00182,-0.00094,-0.00174
737.68,0.99596,1.00144,0.64191,0.00165,-0.00087,-0.00174
738.01,0.9988,1.00106,0.60293,0.00133,-0.00094,-0.00171
738.34,1.00079,1.00012,0.5652,0.00116,-0.00105,-0.00175
738.68,1.00257,0.99887,0.52796,0.00097,-0.00109,-0.00184
739.01,1.00315,0.99661,0.48917,0.00084,-0.00112,-0.00182
739.34,1.0036,0.99435,0.4479,0.00072,-0.00118,-0.00178
739.67,1.00377,0.99157,0.40371,0.0005,-0.00128,-0.00186
740,1.00339,0.98858,0.35689,0.00028,-0.00135,-0.00185
740.33,1.00304,0.98547,0.30901,0.0003,-0.00126,-0.00185
740.66,1.00236,0.98228,0.26134,0.00021,-0.00125,-0.0019
740.99,1.00084,0.97908,0.21555,0.00015,-0.00128,-0.00186
741.32,0.99892,0.97573,0.17353,0.00014,-0.0012,-0.00188
741.66,0.99744,0.97291,0.13677,7.00E-05,-0.00128,-0.00194
741.99,0.99443,0.96962,0.10601,0.0001,-0.0011,-0.0018
742.32,0.99135,0.96688,0.08082,0.00011,-0.00111,-0.00181
742.65,0.98781,0.96368,0.0608,-1.00E-05,-0.00113,-0.00175
742.98,0.98445,0.95903,0.04521,-8.00E-05,-0.00109,-0.00172
743.31,0.98112,0.95135,0.03355,-9.00E-05,-0.00111,-0.00171
743.64,0.97784,0.93832,0.02481,-0.00025,-0.0013,-0.00168
743.97,0.97467,0.91692,0.01847,-0.00022,-0.00126,-0.0016
744.3,0.97257,0.88515,0.0136,-0.00035,-0.00142,-0.00169
744.63,0.97087,0.84036,0.01004,-0.00058,-0.00161,-0.00187
744.96,0.96943,0.78259,0.00757,-0.00064,-0.00169,-0.00196
745.29,0.96773,0.71283,0.00578,-0.00066,-0.00178,-0.00205
745.62,0.96468,0.63374,0.00452,-0.00073,-0.00174,-0.00221
745.95,0.95712,0.54985,0.00367,-0.00073,-0.00171,-0.00234
746.28,0.94149,0.46491,0.00298,-0.00085,-0.00171,-0.00244
746.61,0.91364,0.38355,0.00264,-0.00086,-0.00171,-0.00248
746.94,0.8712,0.30951,0.00235,-0.00076,-0.00159,-0.00242
747.28,0.81305,0.24463,0.00212,-0.00077,-0.0016,-0.00241
747.61,0.74101,0.19009,0.00203,-0.00076,-0.00146,-0.00229
747.94,0.65686,0.14539,0.00176,-0.00074,-0.00157,-0.00226
748.27,0.56653,0.10988,0.00151,-0.00069,-0.00155,-0.00219
748.6,0.47482,0.08238,0.00129,-0.00064,-0.00152,-0.00212
748.93,0.38801,0.06121,0.0011,-0.00072,-0.00154,-0.00211
749.26,0.30979,0.04538,0.00102,-0.00079,-0.00159,-0.00205
749.58,0.2427,0.03368,0.00085,-0.0008,-0.00173,-0.00212
749.91,0.18717,0.02504,0.00071,-0.00076,-0.00176,-0.00205
750.24,0.14273,0.01883,0.00061,-0.00092,-0.00179,-0.00196
750.57,0.10746,0.01427,0.00052,-0.00104,-0.00178,-0.00193
750.9,0.08044,0.01099,0.00045,-0.00104,-0.00178,-0.00195
751.23,0.05993,0.00863,0.00036,-0.00106,-0.0018,-0.00201
751.56,0.04446,0.00692,0.00035,-0.00107,-0.00178,-0.00196
751.89,0.03306,0.00552,0.00035,-0.00104,-0.00163,-0.00192
752.22,0.02467,0.00441,0.00017,-0.00126,-0.00186,-0.00202
752.55,0.01869,0.00373,0.00015,-0.00119,-0.00175,-0.00198
752.88,0.01429,0.00312,0.0001,-0.00123,-0.00177,-0.00196
753.21,0.01103,0.00256,6.00E-05,-0.00135,-0.00181,-0.00199
753.54,0.00869,0.00224,7.00E-05,-0.00131,-0.0017,-0.00189
753.87,0.0069,0.00176,-0.00017,-0.00148,-0.00175,-0.00196
754.2,0.00546,0.00146,-0.00028,-0.00163,-0.00184,-0.00203
754.53,0.00451,0.00135,-0.00032,-0.00163,-0.00173,-0.00197
754.86,0.00375,0.00119,-0.00026,-0.00157,-0.00181,-0.00193
755.19,0.00308,0.00102,-0.00034,-0.00166,-0.00196,-0.00208
755.51,0.00253,0.0009,-0.00051,-0.00174,-0.00219,-0.00216
755.84,0.00215,0.00079,-0.00055,-0.00179,-0.00226,-0.00216
756.17,0.00195,0.00085,-0.00049,-0.00164,-0.00222,-0.00217
756.5,0.00181,0.00081,-0.00051,-0.00162,-0.00218,-0.00216
756.83,0.00156,0.00055,-0.00062,-0.00168,-0.00227,-0.00226
757.16,0.00136,0.00042,-0.00078,-0.00177,-0.00237,-0.00233
757.49,0.00125,0.00037,-0.00073,-0.00174,-0.00221,-0.00225
757.82,0.00122,0.00028,-0.00062,-0.00164,-0.00199,-0.00222
758.14,0.00107,0.00018,-0.00072,-0.00166,-0.00208,-0.00234
758.47,0.0009,-6.00E-05,-0.00079,-0.00174,-0.00205,-0.00239
758.8,0.00087,-3.00E-05,-0.00076,-0.00172,-0.00211,-0.00229
759.13,0.00071,1.00E-05,-0.00073,-0.00173,-0.00215,-0.00227
759.46,0.00064,-4.00E-05,-0.00074,-0.00173,-0.00204,-0.0023
759.79,0.00054,-0.0001,-0.00086,-0.00171,-0.00215,-0.00233
760.12,0.00042,-9.00E-05,-0.00094,-0.00185,-0.00229,-0.00236
760.44,0.00035,-0.00025,-0.00108,-0.00186,-0.00234,-0.00232
760.77,0.00033,-0.00032,-0.00119,-0.00187,-0.00249,-0.00233
761.1,0.00019,-0.00045,-0.00134,-0.00204,-0.00254,-0.00254
761.43,0.00023,-0.00044,-0.00135,-0.00205,-0.00251,-0.00262
761.76,0.00024,-0.00039,-0.00123,-0.00214,-0.00249,-0.00254
762.08,0.00011,-0.00045,-0.00136,-0.00216,-0.00243,-0.00256
762.41,-1.00E-05,-0.00044,-0.0014,-0.00214,-0.00238,-0.00254
762.74,-5.00E-05,-0.00048,-0.00135,-0.00213,-0.00229,-0.00255
763.07,-0.00013,-0.00041,-0.00126,-0.00211,-0.00218,-0.00245
763.4,-0.00025,-0.00047,-0.00123,-0.002,-0.00209,-0.00239
763.72,-0.0003,-0.00055,-0.00122,-0.00196,-0.00205,-0.00232
764.05,-0.0005,-0.00075,-0.00145,-0.00201,-0.002,-0.00246
764.38,-0.00044,-0.00073,-0.00136,-0.00195,-0.00195,-0.00241
764.71,-0.00038,-0.00092,-0.00149,-0.00206,-0.00204,-0.0025
765.04,-0.00042,-0.00083,-0.00153,-0.00224,-0.00205,-0.00253
765.36,-0.00058,-0.00086,-0.0017,-0.00234,-0.00221,-0.00266
765.69,-0.00063,-0.00081,-0.00176,-0.0024,-0.00221,-0.00266
766.02,-0.00055,-0.00086,-0.00181,-0.00235,-0.0022,-0.0026
766.35,-0.00058,-0.00091,-0.00179,-0.0024,-0.00233,-0.00265
766.67,-0.00067,-0.00088,-0.00174,-0.00241,-0.00246,-0.0027
767,-0.00065,-0.00079,-0.00171,-0.00228,-0.00238,-0.00251
767.33,-0.00081,-0.0009,-0.0017,-0.00214,-0.00244,-0.00246
767.65,-0.00082,-0.00096,-0.00157,-0.00208,-0.00238,-0.00248
767.98,-0.00069,-0.00101,-0.00156,-0.00203,-0.00227,-0.00237
768.31,-0.00087,-0.00113,-0.00175,-0.00219,-0.00238,-0.00257
768.64,-0.00097,-0.00129,-0.00191,-0.00225,-0.00236,-0.00255
768.96,-0.00096,-0.0015,-0.0021,-0.00242,-0.00246,-0.00256
769.29,-0.00104,-0.0016,-0.00214,-0.00259,-0.00248,-0.00269
769.62,-0.0011,-0.00179,-0.00232,-0.00269,-0.0025,-0.00276
769.94,-0.0012,-0.00194,-0.00255,-0.0028,-0.00263,-0.00285
770.27,-0.00128,-0.00204,-0.00255,-0.0028,-0.00283,-0.003
770.6,-0.00126,-0.002,-0.00247,-0.00273,-0.00271,-0.00289
770.92,-0.00124,-0.00201,-0.00242,-0.00269,-0.00273,-0.00284
771.25,-0.00127,-0.00195,-0.00239,-0.00254,-0.00263,-0.00285
771.58,-0.00132,-0.00195,-0.00244,-0.00252,-0.00257,-0.00287
771.9,-0.00128,-0.00197,-0.00234,-0.00239,-0.00259,-0.00284
772.23,-0.00115,-0.00179,-0.0022,-0.00229,-0.00244,-0.00265
772.56,-0.00127,-0.00184,-0.0023,-0.00239,-0.00237,-0.00255
772.88,-0.00133,-0.00181,-0.00218,-0.00229,-0.0023,-0.00244
773.21,-0.0013,-0.00175,-0.00204,-0.00222,-0.00226,-0.00243
773.54,-0.00133,-0.00181,-0.00207,-0.00223,-0.00226,-0.00246
773.86,-0.00141,-0.0019,-0.00208,-0.00214,-0.00226,-0.00248
774.19,-0.00149,-0.00179,-0.00231,-0.00231,-0.00231,-0.00266
774.52,-0.00159,-0.00194,-0.00228,-0.00235,-0.00236,-0.00275
774.84,-0.00163,-0.00204,-0.00232,-0.00233,-0.00256,-0.00288
775.17,-0.00179,-0.0023,-0.00251,-0.0025,-0.0028,-0.00309
775.5,-0.00188,-0.00219,-0.00261,-0.00245,-0.00281,-0.00308
775.82,-0.00203,-0.00224,-0.00267,-0.00256,-0.00288,-0.00318
776.15,-0.00202,-0.00222,-0.00269,-0.00256,-0.003,-0.00311
776.47,-0.00191,-0.00222,-0.00245,-0.00257,-0.00293,-0.00295
776.8,-0.00179,-0.00217,-0.00246,-0.00263,-0.00292,-0.00291
777.12,-0.00172,-0.0021,-0.00243,-0.00263,-0.00286,-0.00287
777.45,-0.00164,-0.002,-0.00254,-0.00265,-0.00284,-0.00294
777.78,-0.00163,-0.00213,-0.00259,-0.00269,-0.00292,-0.00298
778.1,-0.00157,-0.00206,-0.00257,-0.00269,-0.00284,-0.00271
778.43,-0.00168,-0.00218,-0.00252,-0.00271,-0.00284,-0.00279
778.75,-0.00174,-0.00219,-0.00263,-0.00265,-0.00295,-0.00286
779.08,-0.00194,-0.00249,-0.00277,-0.00277,-0.00292,-0.00299
779.4,-0.00209,-0.0025,-0.00285,-0.00285,-0.00286,-0.00305
779.73,-0.00213,-0.0024,-0.00272,-0.00284,-0.00286,-0.00298
780.06,-0.00227,-0.00256,-0.00284,-0.00287,-0.00283,-0.00302
780.38,-0.00228,-0.00273,-0.00286,-0.00293,-0.00292,-0.00325
780.71,-0.00229,-0.00276,-0.00292,-0.00294,-0.00281,-0.00324
781.03,-0.00236,-0.00289,-0.00293,-0.00289,-0.00282,-0.00319
781.36,-0.00233,-0.00273,-0.00296,-0.00273,-0.00291,-0.00306
781.68,-0.0018,-0.0023,-0.00229,-0.00213,-0.00235,-0.00247
782.01,-0.00174,-0.00239,-0.0022,-0.00199,-0.00218,-0.00228
782.33,-0.0017,-0.00237,-0.00219,-0.00196,-0.00229,-0.00221
782.66,-0.00182,-0.00228,-0.00218,-0.00187,-0.00211,-0.00216
782.98,-0.00188,-0.00232,-0.00213,-0.00196,-0.00233,-0.00219
783.31,-0.00189,-0.00233,-0.00215,-0.00191,-0.0023,-0.00225
783.63,-0.00195,-0.0024,-0.00224,-0.00187,-0.00234,-0.0023
783.96,-0.00244,-0.00291,-0.00292,-0.00246,-0.00291,-0.00285
784.28,-0.00256,-0.00306,-0.00315,-0.00262,-0.00313,-0.00301
784.61,-0.00256,-0.00286,-0.00304,-0.00256,-0.00303,-0.00297
784.93,-0.00258,-0.0031,-0.00322,-0.00262,-0.00325,-0.00307
785.26,-0.00247,-0.00297,-0.00321,-0.00253,-0.00308,-0.00297
785.58,-0.00244,-0.00288,-0.00316,-0.00259,-0.00301,-0.00285
785.91,-0.00247,-0.00279,-0.00304,-0.00264,-0.003,-0.00286
786.23,-0.00267,-0.00284,-0.00305,-0.00269,-0.00307,-0.0029
786.56,-0.00261,-0.00273,-0.00295,-0.00265,-0.00296,-0.00287
786.88,-0.0027,-0.00279,-0.003,-0.0028,-0.00305,-0.00306
787.2,-0.00263,-0.00259,-0.00279,-0.00266,-0.00294,-0.00296
787.53,-0.00261,-0.00263,-0.00285,-0.00271,-0.00293,-0.00301
787.85,-0.00283,-0.00279,-0.00303,-0.00289,-0.00298,-0.00322
788.18,-0.00276,-0.00283,-0.00306,-0.00274,-0.00292,-0.00313
788.5,-0.0026,-0.00279,-0.00283,-0.00251,-0.00284,-0.00299
788.83,-0.00252,-0.00266,-0.00271,-0.00256,-0.00273,-0.00285
789.15,-0.00235,-0.00264,-0.00258,-0.00236,-0.00259,-0.00266
789.47,-0.00236,-0.0026,-0.00254,-0.00242,-0.00262,-0.00272
789.8,-0.00245,-0.00259,-0.00245,-0.0023,-0.00269,-0.0027
790.12,-0.00228,-0.00237,-0.00215,-0.00206,-0.00263,-0.00256
790.45,-0.00242,-0.00225,-0.00219,-0.00224,-0.00269,-0.00266
790.77,-0.00232,-0.00223,-0.00241,-0.00236,-0.00275,-0.00266
791.09,-0.00252,-0.00245,-0.00261,-0.00238,-0.00294,-0.00296
791.42,-0.00274,-0.00272,-0.00277,-0.00263,-0.00308,-0.00319
791.74,-0.00268,-0.00273,-0.00286,-0.00274,-0.0031,-0.00314
792.06,-0.00255,-0.00268,-0.00284,-0.00272,-0.00308,-0.00315
792.39,-0.00262,-0.0027,-0.00297,-0.00282,-0.00306,-0.00313
792.71,-0.00244,-0.00281,-0.00289,-0.00286,-0.0029,-0.00307
793.04,-0.00266,-0.00293,-0.00299,-0.00303,-0.003,-0.00329
793.36,-0.00252,-0.00289,-0.00302,-0.00304,-0.00295,-0.00321
793.68,-0.0025,-0.00269,-0.00302,-0.00301,-0.00299,-0.00321
794.01,-0.00262,-0.00282,-0.00316,-0.00303,-0.00296,-0.00331
794.33,-0.00277,-0.00294,-0.00324,-0.00318,-0.00305,-0.00331
794.65,-0.00276,-0.0031,-0.00326,-0.00325,-0.00311,-0.00336
794.98,-0.00285,-0.00318,-0.00339,-0.00327,-0.0032,-0.00336
795.3,-0.00275,-0.0032,-0.00325,-0.00314,-0.00311,-0.00325
795.62,-0.00301,-0.00316,-0.0032,-0.00308,-0.0031,-0.00334
795.94,-0.00312,-0.00329,-0.00319,-0.00318,-0.00306,-0.0033
796.27,-0.00303,-0.00322,-0.00311,-0.00312,-0.00318,-0.00316
796.59,-0.00302,-0.00324,-0.00318,-0.00318,-0.00313,-0.00325
796.91,-0.00306,-0.00307,-0.00318,-0.00319,-0.00312,-0.00327
797.24,-0.00303,-0.00294,-0.00296,-0.00313,-0.00311,-0.00331
797.56,-0.00299,-0.00281,-0.00292,-0.00308,-0.00312,-0.00336
797.88,-0.00284,-0.00291,-0.00291,-0.00322,-0.00313,-0.00323
798.21,-0.0028,-0.00291,-0.00302,-0.00317,-0.00328,-0.00328
798.53,-0.00281,-0.00294,-0.00302,-0.00315,-0.00322,-0.00332
798.85,-0.00281,-0.0029,-0.00295,-0.00315,-0.00339,-0.00324
799.17,-0.00288,-0.00304,-0.00294,-0.00324,-0.00339,-0.00327
799.5,-0.00288,-0.00306,-0.00288,-0.00314,-0.0033,-0.00324
799.82,-0.003,-0.00322,-0.0029,-0.00327,-0.0033,-0.00326
800.14,-0.00303,-0.00313,-0.00288,-0.00333,-0.00335,-0.00329
800.46,-0.00277,-0.00281,-0.00262,-0.00323,-0.00309,-0.00309
800.79,-0.00279,-0.00267,-0.0025,-0.00322,-0.00298,-0.00318
801.11,-0.0027,-0.00264,-0.00242,-0.00312,-0.00277,-0.00309
801.43,-0.00258,-0.00264,-0.00245,-0.00301,-0.00272,-0.00302
801.75,-0.00269,-0.00271,-0.00266,-0.00312,-0.00292,-0.00316
802.07,-0.0027,-0.00261,-0.00278,-0.00316,-0.00296,-0.0032
802.4,-0.00272,-0.00258,-0.00292,-0.00298,-0.003,-0.00322
802.72,-0.003,-0.00285,-0.0031,-0.00301,-0.00315,-0.00332
803.04,-0.003,-0.00295,-0.00315,-0.00291,-0.00326,-0.00328
803.36,-0.00324,-0.00313,-0.00325,-0.00293,-0.00338,-0.00344
803.68,-0.00342,-0.00338,-0.00335,-0.0032,-0.00354,-0.00359
804.01,-0.00345,-0.00334,-0.00329,-0.00321,-0.0035,-0.00355
804.33,-0.00338,-0.00342,-0.00318,-0.0032,-0.00358,-0.00345
804.65,-0.0033,-0.00345,-0.00326,-0.00325,-0.00345,-0.00337
804.97,-0.00343,-0.00351,-0.00323,-0.00332,-0.00342,-0.00345
805.29,-0.00353,-0.00357,-0.0033,-0.00353,-0.00338,-0.00356
805.62,-0.00356,-0.00342,-0.00331,-0.0037,-0.0035,-0.00358
805.94,-0.00331,-0.00317,-0.00312,-0.00339,-0.0034,-0.00344
806.26,-0.00324,-0.00307,-0.00316,-0.00335,-0.00341,-0.00344
806.58,-0.00334,-0.00304,-0.0032,-0.00329,-0.00339,-0.00342
806.9,-0.00332,-0.00307,-0.00287,-0.00322,-0.00348,-0.00347
807.22,-0.00324,-0.00303,-0.00273,-0.00324,-0.00351,-0.00355
807.54,-0.00324,-0.00313,-0.00288,-0.00325,-0.00377,-0.00357
807.87,-0.00297,-0.00323,-0.00279,-0.00297,-0.00374,-0.00342
808.19,-0.00304,-0.00316,-0.0028,-0.00292,-0.00372,-0.00342
808.51,-0.00307,-0.00315,-0.00285,-0.003,-0.00373,-0.00344
808.83,-0.00311,-0.00318,-0.00296,-0.00301,-0.00367,-0.00353
809.15,-0.00309,-0.00313,-0.00302,-0.00299,-0.00354,-0.00332
809.47,-0.00311,-0.00325,-0.0034,-0.00299,-0.00368,-0.00325
809.79,-0.00324,-0.0031,-0.00339,-0.00284,-0.00362,-0.00325
810.11,-0.00345,-0.00314,-0.00351,-0.00301,-0.00358,-0.00338
810.43,-0.00356,-0.00334,-0.00377,-0.00313,-0.0037,-0.00356
810.76,-0.00357,-0.00362,-0.00374,-0.00332,-0.00368,-0.00366
811.08,-0.00349,-0.00361,-0.00369,-0.00347,-0.00379,-0.0037
811.4,-0.00354,-0.00372,-0.00379,-0.00363,-0.00397,-0.00387
811.72,-0.00353,-0.00366,-0.00368,-0.00365,-0.00394,-0.00381
812.04,-0.00349,-0.00377,-0.00355,-0.00381,-0.00368,-0.00375
812.36,-0.00343,-0.00381,-0.00366,-0.00385,-0.00373,-0.00369
812.68,-0.0033,-0.0038,-0.00343,-0.00391,-0.00367,-0.00365
813,-0.00339,-0.00383,-0.0034,-0.00396,-0.00379,-0.00372
813.32,-0.00348,-0.00384,-0.00331,-0.0038,-0.00379,-0.0037
813.64,-0.00357,-0.00394,-0.00355,-0.00373,-0.00371,-0.00385
813.96,-0.00341,-0.00385,-0.00353,-0.00377,-0.00351,-0.00385
814.28,-0.00344,-0.00388,-0.00367,-0.00375,-0.00374,-0.00395
814.6,-0.00357,-0.0038,-0.00373,-0.00367,-0.00373,-0.00401
814.92,-0.0035,-0.00362,-0.0037,-0.00353,-0.00363,-0.00387
815.24,-0.00351,-0.00364,-0.0037,-0.00329,-0.00366,-0.00376
815.56,-0.00353,-0.00366,-0.00388,-0.00347,-0.00369,-0.00377
815.88,-0.00352,-0.00347,-0.00364,-0.00354,-0.00379,-0.00365
816.2,-0.00342,-0.00362,-0.00348,-0.0035,-0.00381,-0.0037
816.52,-0.00325,-0.00368,-0.00356,-0.00358,-0.00384,-0.00373
816.84,-0.00317,-0.00344,-0.0033,-0.0036,-0.00371,-0.00365
817.16,-0.00356,-0.00372,-0.00361,-0.00396,-0.0041,-0.00394
817.48,-0.00334,-0.00345,-0.00375,-0.00396,-0.00414,-0.00391
817.8,-0.00326,-0.00333,-0.00346,-0.0038,-0.00399,-0.00379
818.12,-0.00337,-0.00349,-0.00363,-0.00396,-0.00407,-0.00401
818.44,-0.00353,-0.00346,-0.0036,-0.00384,-0.00418,-0.00411
818.76,-0.00377,-0.00343,-0.00348,-0.00389,-0.00425,-0.00423
819.08,-0.00393,-0.00383,-0.00378,-0.00413,-0.00439,-0.00458
819.4,-0.00381,-0.00377,-0.00377,-0.00386,-0.00419,-0.00459
819.72,-0.00403,-0.00396,-0.00379,-0.00388,-0.00407,-0.00459
820.04,-0.00405,-0.00402,-0.00384,-0.00386,-0.00417,-0.00479
820.36,-0.00404,-0.00405,-0.0038,-0.00386,-0.00404,-0.00481
820.68,-0.00415,-0.00414,-0.00408,-0.00394,-0.00397,-0.00481
821,-0.004,-0.00413,-0.00415,-0.00401,-0.00375,-0.00461
821.32,-0.00395,-0.00404,-0.00409,-0.00396,-0.00367,-0.00446
821.64,-0.00401,-0.0041,-0.00412,-0.00407,-0.00372,-0.00445
821.96,-0.00415,-0.00426,-0.00419,-0.00425,-0.00396,-0.00464
822.27,-0.00418,-0.00439,-0.00436,-0.00433,-0.00376,-0.00454
822.59,-0.00409,-0.00407,-0.00425,-0.00408,-0.00371,-0.00433
822.91,-0.00421,-0.00413,-0.0043,-0.00415,-0.00393,-0.0044
823.23,-0.0044,-0.00409,-0.00419,-0.00392,-0.00405,-0.00445
823.55,-0.00428,-0.00394,-0.00401,-0.00387,-0.00396,-0.00437
823.87,-0.00417,-0.00375,-0.00377,-0.00374,-0.00392,-0.00433
824.19,-0.00397,-0.00351,-0.0037,-0.00352,-0.00379,-0.00423
824.51,-0.0039,-0.00355,-0.00395,-0.00359,-0.0042,-0.00426
824.83,-0.00389,-0.00394,-0.00411,-0.004,-0.00444,-0.00448
825.14,-0.00357,-0.00372,-0.00392,-0.00393,-0.00417,-0.00438
825.46,-0.00348,-0.0038,-0.0039,-0.00406,-0.00414,-0.00436
825.78,-0.00351,-0.00401,-0.004,-0.00398,-0.00419,-0.00446
826.1,-0.00376,-0.00416,-0.00425,-0.0042,-0.00435,-0.00446
826.42,-0.00367,-0.00428,-0.00417,-0.00426,-0.00427,-0.0045
826.74,-0.00375,-0.00435,-0.00398,-0.00413,-0.0041,-0.00449
827.06,-0.00371,-0.0042,-0.00395,-0.00383,-0.00411,-0.00441
827.37,-0.00404,-0.00435,-0.00417,-0.00391,-0.00441,-0.00458
827.69,-0.00398,-0.00448,-0.00427,-0.00403,-0.00454,-0.00472
828.01,-0.00402,-0.00442,-0.00438,-0.00415,-0.00463,-0.00455
828.33,-0.00383,-0.00435,-0.00433,-0.00416,-0.00444,-0.00459
828.65,-0.00414,-0.00449,-0.00453,-0.00425,-0.00472,-0.00473
828.96,-0.0043,-0.00444,-0.00468,-0.00445,-0.00493,-0.0049
829.28,-0.00432,-0.00429,-0.00459,-0.00439,-0.00471,-0.00493
829.6,-0.00425,-0.00426,-0.00451,-0.00451,-0.00463,-0.00495
829.92,-0.00433,-0.0041,-0.00439,-0.00444,-0.00446,-0.00493
830.24,-0.00448,-0.00414,-0.00455,-0.00441,-0.00456,-0.00522
830.55,-0.00453,-0.0043,-0.00456,-0.00464,-0.00477,-0.00521
830.87,-0.00438,-0.00425,-0.00446,-0.00466,-0.00456,-0.00509
831.19,-0.00419,-0.00412,-0.00409,-0.00456,-0.00434,-0.00492
831.51,-0.00417,-0.00422,-0.00412,-0.0047,-0.00427,-0.00496
831.83,-0.00416,-0.00427,-0.00418,-0.00469,-0.00419,-0.00495
832.14,-0.00409,-0.00433,-0.00442,-0.00478,-0.00434,-0.00496
832.46,-0.00392,-0.00439,-0.00443,-0.00497,-0.00459,-0.00511
832.78,-0.00415,-0.00428,-0.00448,-0.00471,-0.00467,-0.00516
833.1,-0.0042,-0.00432,-0.0045,-0.00455,-0.0047,-0.00519
833.41,-0.00448,-0.00445,-0.00501,-0.00455,-0.00483,-0.0052
833.73,-0.00476,-0.00466,-0.00525,-0.00468,-0.00511,-0.00529
834.05,-0.00464,-0.00467,-0.0052,-0.00457,-0.00519,-0.00523
834.36,-0.00491,-0.00469,-0.00535,-0.00454,-0.00522,-0.00535
834.68,-0.00489,-0.00451,-0.00502,-0.00439,-0.00494,-0.00501
835,-0.00464,-0.00458,-0.00489,-0.00415,-0.00471,-0.00473
835.32,-0.00441,-0.00437,-0.00471,-0.00406,-0.00461,-0.00433
835.63,-0.00437,-0.00451,-0.00455,-0.00408,-0.00455,-0.00438
835.95,-0.00415,-0.00437,-0.00438,-0.00385,-0.00441,-0.00428
836.27,-0.00425,-0.00451,-0.00433,-0.00402,-0.00442,-0.00434
836.58,-0.00421,-0.00461,-0.00435,-0.00438,-0.0047,-0.00433
836.9,-0.00424,-0.00485,-0.00457,-0.00449,-0.00487,-0.00454
837.22,-0.00409,-0.00478,-0.00464,-0.00472,-0.00472,-0.00483
837.53,-0.00435,-0.00509,-0.00486,-0.00503,-0.00474,-0.00513
837.85,-0.00427,-0.00502,-0.00489,-0.00516,-0.00479,-0.00524
838.17,-0.00416,-0.00514,-0.0049,-0.00522,-0.00498,-0.00521
838.48,-0.00411,-0.00505,-0.00529,-0.00528,-0.0053,-0.00539
838.8,-0.00422,-0.00522,-0.00533,-0.00517,-0.00513,-0.00531
839.12,-0.00427,-0.00512,-0.00529,-0.00512,-0.00497,-0.00522
839.43,-0.00405,-0.00496,-0.00519,-0.00509,-0.00515,-0.00501
839.75,-0.00386,-0.00472,-0.00498,-0.00485,-0.00522,-0.00515
840.07,-0.00402,-0.00488,-0.00518,-0.00506,-0.00538,-0.00526
840.38,-0.00453,-0.00506,-0.00534,-0.00538,-0.00557,-0.00549
840.7,-0.00466,-0.00527,-0.00514,-0.00507,-0.00544,-0.00534
841.01,-0.00445,-0.00515,-0.00504,-0.00492,-0.00563,-0.00541
841.33,-0.00456,-0.00524,-0.00512,-0.00483,-0.00576,-0.00534
841.65,-0.0051,-0.00549,-0.00522,-0.00484,-0.00608,-0.00545
841.96,-0.0054,-0.00561,-0.00552,-0.00508,-0.00624,-0.00559
842.28,-0.00517,-0.00534,-0.00532,-0.00494,-0.00602,-0.0054
842.6,-0.00484,-0.00537,-0.00526,-0.00485,-0.00586,-0.00526
842.91,-0.00486,-0.00529,-0.00532,-0.00533,-0.0058,-0.00537
843.23,-0.00493,-0.0053,-0.0055,-0.00529,-0.00564,-0.00549
843.54,-0.00476,-0.00532,-0.00545,-0.00534,-0.00545,-0.00555
843.86,-0.00472,-0.00534,-0.00559,-0.00551,-0.00521,-0.00557
844.17,-0.00463,-0.00546,-0.0056,-0.00542,-0.00511,-0.00549
844.49,-0.00468,-0.00557,-0.00545,-0.00528,-0.00512,-0.0055
844.81,-0.00474,-0.00525,-0.0054,-0.00512,-0.00503,-0.00541
845.12,-0.00471,-0.00515,-0.00524,-0.00476,-0.00506,-0.00518
845.44,-0.00476,-0.00537,-0.00501,-0.00487,-0.00509,-0.00498
845.75,-0.00485,-0.00531,-0.00479,-0.00483,-0.0051,-0.00497
846.07,-0.00453,-0.00511,-0.00455,-0.0045,-0.00482,-0.00497
846.38,-0.00456,-0.00486,-0.00442,-0.00443,-0.00455,-0.00474
846.7,-0.0045,-0.00495,-0.00445,-0.00453,-0.00456,-0.00464
847.01,-0.00455,-0.00512,-0.00478,-0.00461,-0.00477,-0.00477
847.33,-0.00448,-0.00506,-0.00491,-0.00493,-0.00486,-0.00505
847.64,-0.00441,-0.00473,-0.00477,-0.00464,-0.00461,-0.00514
847.96,-0.00454,-0.00488,-0.00511,-0.00484,-0.00486,-0.00539
848.27,-0.00469,-0.00511,-0.00535,-0.00501,-0.00529,-0.00563
848.59,-0.00469,-0.00539,-0.00548,-0.00526,-0.00551,-0.00572
848.9,-0.00489,-0.00543,-0.00548,-0.00534,-0.00554,-0.00597
849.22,-0.0049,-0.00555,-0.00518,-0.00535,-0.00554,-0.00603
849.53,-0.00478,-0.00573,-0.00509,-0.00529,-0.00556,-0.00592
849.85,-0.00482,-0.00578,-0.00523,-0.00543,-0.00573,-0.00591
850.16,-0.00488,-0.0059,-0.00545,-0.00532,-0.00575,-0.00592
850.48,-0.00499,-0.0058,-0.00536,-0.00549,-0.00567,-0.00558
850.79,-0.00487,-0.00576,-0.00541,-0.00556,-0.00589,-0.00561
851.11,-0.00495,-0.00558,-0.00569,-0.00561,-0.00631,-0.00554
851.42,-0.00516,-0.00579,-0.00613,-0.00586,-0.0064,-0.00569
851.74,-0.00538,-0.0058,-0.00626,-0.00575,-0.0062,-0.00569
852.05,-0.0054,-0.00591,-0.0062,-0.00585,-0.00614,-0.00589
852.36,-0.00543,-0.00582,-0.00599,-0.00605,-0.00605,-0.00599
852.68,-0.00544,-0.00586,-0.00621,-0.0061,-0.006,-0.00621
852.99,-0.0058,-0.00583,-0.00633,-0.00585,-0.00589,-0.00644
853.31,-0.0057,-0.00593,-0.00637,-0.00601,-0.00577,-0.00646
853.62,-0.00599,-0.00591,-0.00633,-0.00635,-0.00611,-0.00653
853.94,-0.00618,-0.00596,-0.00631,-0.00651,-0.00629,-0.00644
854.25,-0.00616,-0.0058,-0.00642,-0.00658,-0.00647,-0.00628
854.56,-0.00621,-0.00605,-0.00652,-0.00657,-0.00659,-0.00626
854.88,-0.00631,-0.00585,-0.0064,-0.00665,-0.00683,-0.00611
855.19,-0.00652,-0.00614,-0.00662,-0.00677,-0.00736,-0.00611
855.51,-0.00649,-0.00614,-0.00667,-0.00632,-0.00719,-0.00628
855.82,-0.00591,-0.00587,-0.00641,-0.00549,-0.00654,-0.00599
856.13,-0.00564,-0.00572,-0.00641,-0.00546,-0.00646,-0.00606
856.45,-0.00563,-0.00574,-0.00658,-0.00563,-0.00635,-0.00589
856.76,-0.00556,-0.00572,-0.00649,-0.00545,-0.00648,-0.00567
857.07,-0.00533,-0.00601,-0.00625,-0.00525,-0.00616,-0.00572
857.39,-0.00496,-0.00592,-0.00593,-0.00539,-0.00563,-0.00587
857.7,-0.00478,-0.00574,-0.00573,-0.00555,-0.00524,-0.00576
858.02,-0.0052,-0.00602,-0.00591,-0.00606,-0.00563,-0.00611
858.33,-0.00549,-0.00608,-0.00602,-0.00621,-0.00581,-0.00638
858.64,-0.00547,-0.00628,-0.00581,-0.0062,-0.006,-0.00661
858.96,-0.00539,-0.00629,-0.00574,-0.00634,-0.00588,-0.0068
859.27,-0.0052,-0.00605,-0.00562,-0.0062,-0.00551,-0.00652
859.58,-0.00521,-0.0061,-0.00581,-0.00623,-0.00569,-0.00637
859.9,-0.00551,-0.00628,-0.00605,-0.00625,-0.00625,-0.00627
860.21,-0.00502,-0.00617,-0.00598,-0.00603,-0.00602,-0.00608
860.52,-0.00515,-0.00644,-0.00601,-0.00591,-0.00584,-0.00581
860.83,-0.00527,-0.00655,-0.00623,-0.00587,-0.00584,-0.00601
861.15,-0.00535,-0.00621,-0.00642,-0.00583,-0.00586,-0.00635
861.46,-0.00581,-0.00647,-0.00689,-0.00614,-0.00641,-0.00686
861.77,-0.00561,-0.0062,-0.00671,-0.00596,-0.00609,-0.00648
862.09,-0.00593,-0.00635,-0.00665,-0.00603,-0.00615,-0.00677
862.4,-0.00647,-0.0064,-0.0068,-0.00605,-0.0064,-0.00676
862.71,-0.006,-0.00606,-0.00679,-0.00608,-0.00665,-0.00692
863.02,-0.00584,-0.00586,-0.0068,-0.00622,-0.0064,-0.00661
863.34,-0.00603,-0.00583,-0.00658,-0.00626,-0.00638,-0.00608
863.65,-0.00632,-0.00609,-0.00649,-0.00639,-0.00657,-0.00627
863.96,-0.0068,-0.00628,-0.00646,-0.00686,-0.00702,-0.00692
864.27,-0.00637,-0.00635,-0.0065,-0.00705,-0.00681,-0.00664
864.59,-0.00612,-0.00626,-0.00642,-0.00712,-0.00656,-0.00659
864.9,-0.00623,-0.00636,-0.00619,-0.00686,-0.00634,-0.00643
865.21,-0.00666,-0.00671,-0.00596,-0.00664,-0.00658,-0.0066
865.52,-0.0066,-0.00701,-0.00631,-0.00689,-0.0067,-0.00683
865.84,-0.00618,-0.00694,-0.00628,-0.0069,-0.00699,-0.00667
866.15,-0.00612,-0.00716,-0.00655,-0.00671,-0.00669,-0.00664
866.46,-0.00628,-0.00697,-0.00627,-0.00646,-0.00682,-0.00674
866.77,-0.00647,-0.00709,-0.00643,-0.00675,-0.00712,-0.00732
867.08,-0.00689,-0.00729,-0.00656,-0.00698,-0.00724,-0.00762
867.4,-0.00649,-0.00651,-0.00625,-0.0068,-0.00694,-0.00722
867.71,-0.00652,-0.00638,-0.00625,-0.00652,-0.00664,-0.00696
868.02,-0.00655,-0.00617,-0.00628,-0.00615,-0.00615,-0.00668
868.33,-0.0064,-0.00585,-0.00603,-0.00615,-0.00636,-0.00638
868.64,-0.00663,-0.00594,-0.0064,-0.00625,-0.00629,-0.0067
868.96,-0.00675,-0.00596,-0.00631,-0.00627,-0.00642,-0.00625
869.27,-0.00674,-0.00625,-0.00668,-0.0067,-0.00665,-0.00625
869.58,-0.0068,-0.00678,-0.00704,-0.007,-0.00697,-0.00671
869.89,-0.00681,-0.00688,-0.00681,-0.00699,-0.0073,-0.00692
870.2,-0.00694,-0.00702,-0.00658,-0.00704,-0.00726,-0.0072
870.51,-0.00694,-0.00727,-0.00655,-0.00721,-0.00708,-0.00735
870.82,-0.00657,-0.00725,-0.00627,-0.00698,-0.00685,-0.00718
871.14,-0.00612,-0.00692,-0.00616,-0.00689,-0.0066,-0.00718
871.45,-0.00598,-0.0065,-0.00575,-0.00646,-0.00646,-0.00728
871.76,-0.00623,-0.00648,-0.00597,-0.00652,-0.00644,-0.00714
872.07,-0.00623,-0.00659,-0.00622,-0.00684,-0.00658,-0.00725
872.38,-0.00638,-0.00672,-0.00662,-0.00686,-0.00684,-0.0073
872.69,-0.0061,-0.00645,-0.00666,-0.00624,-0.00677,-0.0069
873,-0.00633,-0.00673,-0.00706,-0.00661,-0.00738,-0.00711
873.31,-0.00705,-0.00733,-0.00778,-0.00683,-0.00789,-0.00765
873.63,-0.00707,-0.00733,-0.00818,-0.00689,-0.00791,-0.00745
873.94,-0.00712,-0.00752,-0.00807,-0.00662,-0.00783,-0.00759
874.25,-0.00705,-0.00742,-0.00818,-0.00665,-0.00777,-0.0077
874.56,-0.007,-0.00753,-0.00829,-0.00713,-0.0081,-0.00777
874.87,-0.0073,-0.00764,-0.00837,-0.00765,-0.00848,-0.00807
875.18,-0.00716,-0.00773,-0.0081,-0.0076,-0.00822,-0.0077
875.49,-0.00658,-0.00739,-0.00747,-0.00704,-0.00757,-0.00709
875.8,-0.00662,-0.00729,-0.00737,-0.00716,-0.00749,-0.00724
876.11,-0.00624,-0.00718,-0.00719,-0.00743,-0.0074,-0.00689
876.42,-0.00627,-0.00717,-0.00689,-0.00717,-0.00722,-0.00704
876.73,-0.0064,-0.00702,-0.00684,-0.00721,-0.00692,-0.00696
877.04,-0.00666,-0.00725,-0.00733,-0.00704,-0.00699,-0.00707
877.35,-0.00668,-0.00703,-0.00722,-0.00711,-0.00697,-0.0071
877.66,-0.00682,-0.00684,-0.00716,-0.00742,-0.0072,-0.00734
877.97,-0.00663,-0.00694,-0.00674,-0.00749,-0.00709,-0.007
878.28,-0.00711,-0.00693,-0.00697,-0.00758,-0.00715,-0.00735
878.59,-0.00711,-0.00711,-0.00726,-0.00785,-0.0074,-0.0075
878.9,-0.0069,-0.00722,-0.0073,-0.00771,-0.00765,-0.00765
879.21,-0.00665,-0.00716,-0.00688,-0.00771,-0.0074,-0.00768
879.52,-0.00665,-0.00741,-0.00718,-0.00777,-0.00772,-0.00773
879.83,-0.00664,-0.00777,-0.00722,-0.00775,-0.00776,-0.0078
880.14,-0.00687,-0.00812,-0.00757,-0.00782,-0.0081,-0.0083
880.45,-0.00669,-0.0083,-0.0078,-0.00811,-0.00864,-0.00852
880.76,-0.00628,-0.00767,-0.00725,-0.00744,-0.00799,-0.00754
881.07,-0.00651,-0.00761,-0.00738,-0.0074,-0.00773,-0.0073
881.38,-0.00684,-0.00771,-0.0073,-0.00757,-0.00754,-0.00738
881.69,-0.00684,-0.0075,-0.00719,-0.00741,-0.0073,-0.00766
882,-0.00663,-0.00732,-0.00706,-0.00705,-0.00685,-0.00735
882.31,-0.00643,-0.00728,-0.00689,-0.00664,-0.0063,-0.00678
882.62,-0.00667,-0.00742,-0.00675,-0.00617,-0.0061,-0.00667
882.93,-0.00685,-0.00782,-0.00697,-0.00644,-0.00647,-0.00729
883.24,-0.00674,-0.00813,-0.00697,-0.00637,-0.00647,-0.00767
883.55,-0.00671,-0.0082,-0.00719,-0.00644,-0.00717,-0.00811
883.86,-0.00699,-0.00837,-0.00733,-0.00705,-0.00745,-0.00806
884.17,-0.00731,-0.00836,-0.00753,-0.00754,-0.00779,-0.00834
884.48,-0.00753,-0.00846,-0.00761,-0.0076,-0.00807,-0.00854
884.79,-0.00727,-0.00849,-0.00789,-0.00811,-0.00804,-0.00891
885.09,-0.00788,-0.00911,-0.00831,-0.00874,-0.00844,-0.00928
885.4,-0.00817,-0.00915,-0.00837,-0.00899,-0.00842,-0.00917
885.71,-0.00804,-0.00872,-0.00827,-0.0087,-0.00802,-0.00841
886.02,-0.00796,-0.00862,-0.00819,-0.00833,-0.00787,-0.0086
886.33,-0.00814,-0.00884,-0.00821,-0.00862,-0.00793,-0.0086
886.64,-0.00817,-0.00878,-0.00837,-0.00896,-0.00806,-0.00875
886.95,-0.00836,-0.00872,-0.00823,-0.00893,-0.00816,-0.00853
887.26,-0.00854,-0.00862,-0.00822,-0.00863,-0.00803,-0.00834
887.57,-0.00855,-0.00851,-0.00811,-0.00869,-0.00809,-0.0082
887.87,-0.00891,-0.00891,-0.00855,-0.00909,-0.00832,-0.0087
888.18,-0.00909,-0.00902,-0.0087,-0.00905,-0.00811,-0.00886
888.49,-0.00893,-0.0092,-0.00904,-0.00891,-0.00855,-0.00893
888.8,-0.00885,-0.00927,-0.00891,-0.00892,-0.0087,-0.00903
889.11,-0.00852,-0.00879,-0.00873,-0.00842,-0.00837,-0.0088
889.42,-0.00856,-0.00884,-0.0089,-0.00897,-0.00882,-0.00904
889.72,-0.0083,-0.00884,-0.00882,-0.00888,-0.0089,-0.00892
890.03,-0.00847,-0.00895,-0.00867,-0.00919,-0.00904,-0.0091
890.34,-0.00847,-0.00919,-0.00882,-0.0094,-0.00946,-0.00906
890.65,-0.00841,-0.00887,-0.00832,-0.00916,-0.0093,-0.00907
890.96,-0.00848,-0.00881,-0.00865,-0.00913,-0.00926,-0.00934
891.27,-0.00851,-0.00894,-0.00902,-0.0096,-0.00944,-0.00959
891.57,-0.00802,-0.00868,-0.00871,-0.00916,-0.00882,-0.00915
891.88,-0.0085,-0.00864,-0.00937,-0.0093,-0.00899,-0.00958
892.19,-0.00809,-0.00852,-0.00953,-0.00919,-0.00911,-0.00939
892.5,-0.00794,-0.00801,-0.00929,-0.00896,-0.00878,-0.00892
892.8,-0.00789,-0.00827,-0.0097,-0.00914,-0.00877,-0.00906
893.11,-0.00777,-0.0083,-0.00935,-0.00895,-0.00833,-0.00867
893.42,-0.00751,-0.00818,-0.00881,-0.00812,-0.00805,-0.00829
893.73,-0.00754,-0.00804,-0.00856,-0.00794,-0.00812,-0.00852
894.04,-0.00698,-0.00791,-0.00776,-0.00759,-0.00789,-0.00844
894.34,-0.00657,-0.00791,-0.00708,-0.00727,-0.00713,-0.00803
894.65,-0.00655,-0.00795,-0.00678,-0.00717,-0.00695,-0.008
894.96,-0.00704,-0.0079,-0.00647,-0.00709,-0.00664,-0.00797
895.26,-0.00763,-0.00811,-0.00682,-0.00736,-0.00734,-0.00862
895.57,-0.00795,-0.00839,-0.00712,-0.00769,-0.00742,-0.00903
895.88,-0.00789,-0.00835,-0.00719,-0.00782,-0.00752,-0.00899
896.19,-0.0078,-0.00853,-0.00771,-0.00784,-0.00768,-0.00883
896.49,-0.00815,-0.00818,-0.00773,-0.00818,-0.00833,-0.00925
896.8,-0.00834,-0.0084,-0.00807,-0.00849,-0.00825,-0.00912
897.11,-0.00828,-0.00832,-0.00859,-0.00889,-0.00864,-0.00949
897.42,-0.00795,-0.00786,-0.00841,-0.00845,-0.0086,-0.00901
897.72,-0.00836,-0.00797,-0.00847,-0.00924,-0.00921,-0.0088
898.03,-0.0087,-0.00825,-0.00886,-0.00935,-0.00954,-0.00895
898.34,-0.00874,-0.00806,-0.00829,-0.00922,-0.00945,-0.00874
898.64,-0.00863,-0.00858,-0.00863,-0.00892,-0.00922,-0.00852
898.95,-0.00915,-0.00868,-0.00885,-0.0089,-0.00982,-0.00897
899.26,-0.00871,-0.00871,-0.00845,-0.00854,-0.0095,-0.00845
899.56,-0.00866,-0.0091,-0.00855,-0.0089,-0.00916,-0.00874
899.87,-0.0082,-0.00866,-0.00839,-0.0082,-0.00863,-0.00902
900.18,-0.00782,-0.0084,-0.00816,-0.00829,-0.00824,-0.00877
900.48,-0.00823,-0.00856,-0.00864,-0.0088,-0.00839,-0.00943
900.79,-0.00862,-0.00822,-0.00923,-0.00881,-0.00886,-0.00992
901.1,-0.00796,-0.00787,-0.00873,-0.00849,-0.00862,-0.00977
901.4,-0.00788,-0.00793,-0.00885,-0.00837,-0.00896,-0.00991
901.71,-0.00786,-0.00742,-0.00866,-0.00826,-0.00879,-0.00938
902.01,-0.00818,-0.00819,-0.00907,-0.00862,-0.00917,-0.00944
902.32,-0.00831,-0.008,-0.00906,-0.00866,-0.00929,-0.00946
902.63,-0.00829,-0.00814,-0.00945,-0.00852,-0.00947,-0.00932
902.93,-0.00825,-0.00867,-0.0091,-0.00901,-0.00931,-0.00916
903.24,-0.00834,-0.00872,-0.00929,-0.0097,-0.0093,-0.00896
903.54,-0.00851,-0.00866,-0.00929,-0.01017,-0.00911,-0.00889
903.85,-0.00876,-0.00888,-0.00938,-0.0106,-0.00953,-0.00926
904.16,-0.00884,-0.00885,-0.00937,-0.01091,-0.00979,-0.0092
904.46,-0.0092,-0.00918,-0.00954,-0.01082,-0.00984,-0.00944
904.77,-0.00896,-0.00891,-0.00903,-0.01056,-0.00948,-0.00922
905.07,-0.0091,-0.00832,-0.00902,-0.01025,-0.00935,-0.00924
905.38,-0.0088,-0.00813,-0.00887,-0.00925,-0.00901,-0.00923
905.68,-0.00879,-0.00818,-0.00881,-0.00849,-0.00913,-0.00906
905.99,-0.00863,-0.0086,-0.00899,-0.00816,-0.00916,-0.00924
906.3,-0.00857,-0.00783,-0.00888,-0.0078,-0.00884,-0.00907
906.6,-0.00807,-0.00748,-0.00858,-0.00755,-0.00868,-0.00861
906.91,-0.00871,-0.00808,-0.00889,-0.00799,-0.00879,-0.00902
907.21,-0.00868,-0.00875,-0.0092,-0.00838,-0.00884,-0.00946
907.52,-0.00938,-0.00898,-0.00973,-0.00908,-0.00898,-0.00974
907.82,-0.00977,-0.00916,-0.01011,-0.01001,-0.0092,-0.01045
908.13,-0.00988,-0.00872,-0.01003,-0.01017,-0.00917,-0.01023
908.43,-0.01003,-0.00948,-0.01008,-0.01057,-0.00926,-0.01079
908.74,-0.01054,-0.01019,-0.01054,-0.01123,-0.00957,-0.01144
909.04,-0.01048,-0.01007,-0.01052,-0.01133,-0.00991,-0.01131
909.35,-0.01023,-0.00977,-0.01025,-0.01109,-0.00986,-0.01074
909.65,-0.00946,-0.0099,-0.01021,-0.01087,-0.01028,-0.01055
909.96,-0.00894,-0.0096,-0.00937,-0.01045,-0.01009,-0.01014
910.26,-0.00871,-0.01009,-0.00955,-0.01071,-0.01039,-0.01008
910.57,-0.0086,-0.00982,-0.00927,-0.01042,-0.01027,-0.00967
910.87,-0.00835,-0.00968,-0.00931,-0.01018,-0.01027,-0.00967
911.18,-0.00843,-0.00997,-0.00952,-0.01039,-0.0102,-0.00984
911.48,-0.00836,-0.0097,-0.00925,-0.00989,-0.01023,-0.0098
911.79,-0.00887,-0.01017,-0.00916,-0.01028,-0.01029,-0.01076
912.09,-0.00939,-0.01017,-0.01002,-0.01057,-0.01042,-0.01089
912.39,-0.00973,-0.00995,-0.01015,-0.01017,-0.01067,-0.01113
912.7,-0.00997,-0.00993,-0.01023,-0.00969,-0.01094,-0.01137
913,-0.01068,-0.00989,-0.01037,-0.00987,-0.01108,-0.01171
913.31,-0.01034,-0.00962,-0.01029,-0.0095,-0.01092,-0.0116
913.61,-0.01053,-0.00983,-0.0104,-0.00971,-0.01102,-0.01202
913.92,-0.01082,-0.01026,-0.01037,-0.00998,-0.01124,-0.0121
914.22,-0.01084,-0.01055,-0.01021,-0.00954,-0.01146,-0.01238
914.52,-0.01074,-0.01086,-0.00992,-0.0102,-0.01141,-0.0123
914.83,-0.01019,-0.01035,-0.00964,-0.01021,-0.01074,-0.01172
915.13,-0.00979,-0.01096,-0.00946,-0.0102,-0.01101,-0.01141
915.44,-0.00955,-0.01086,-0.00914,-0.00991,-0.01107,-0.01138
915.74,-0.00948,-0.01073,-0.00886,-0.01037,-0.011,-0.01116
916.04,-0.00948,-0.01026,-0.00928,-0.01038,-0.01098,-0.01058
916.35,-0.00992,-0.01072,-0.00995,-0.01132,-0.0113,-0.0109
916.65,-0.01018,-0.01067,-0.01018,-0.01097,-0.01094,-0.01182
916.96,-0.01094,-0.01166,-0.01114,-0.01161,-0.01181,-0.01251
917.26,-0.01107,-0.01151,-0.01098,-0.01145,-0.01168,-0.01271
917.56,-0.01153,-0.01162,-0.01124,-0.01196,-0.01203,-0.01276
917.87,-0.01154,-0.01187,-0.01157,-0.0114,-0.01195,-0.01269
918.17,-0.01134,-0.0113,-0.0112,-0.011,-0.0117,-0.01313
918.47,-0.01144,-0.01155,-0.01084,-0.01137,-0.01178,-0.01348
918.78,-0.01143,-0.01156,-0.01084,-0.01145,-0.01196,-0.01295
919.08,-0.01113,-0.01116,-0.01047,-0.0113,-0.01185,-0.01271
919.38,-0.01134,-0.01123,-0.01126,-0.01158,-0.01202,-0.01308
919.69,-0.01165,-0.01162,-0.01179,-0.01214,-0.01233,-0.01324
919.99,-0.01214,-0.01224,-0.01247,-0.01291,-0.01304,-0.01401
920.29,-0.01258,-0.01364,-0.01296,-0.0134,-0.01325,-0.01392
920.59,-0.01246,-0.01324,-0.01281,-0.01225,-0.01293,-0.01318
920.9,-0.01233,-0.01304,-0.01305,-0.01222,-0.01274,-0.01278
921.2,-0.01238,-0.01378,-0.01395,-0.01223,-0.01283,-0.01328
921.5,-0.01258,-0.01369,-0.01358,-0.01227,-0.01275,-0.01343
921.81,-0.01217,-0.01294,-0.013,-0.01166,-0.01202,-0.01337
922.11,-0.01245,-0.01306,-0.01354,-0.01202,-0.01194,-0.01337
922.41,-0.01259,-0.01259,-0.0134,-0.01217,-0.01225,-0.0135
922.71,-0.01279,-0.0125,-0.01399,-0.01301,-0.01213,-0.0139
923.02,-0.01338,-0.01357,-0.01428,-0.01308,-0.01273,-0.01464
923.32,-0.01333,-0.0133,-0.01348,-0.01374,-0.01244,-0.01411
923.62,-0.01239,-0.01323,-0.01336,-0.01367,-0.01185,-0.01357
923.92,-0.01219,-0.0132,-0.01368,-0.01404,-0.01217,-0.0135
924.23,-0.01211,-0.01304,-0.01351,-0.01313,-0.01222,-0.01356
924.53,-0.01149,-0.01296,-0.01354,-0.01266,-0.01213,-0.01376
924.83,-0.01071,-0.01317,-0.01324,-0.0123,-0.01191,-0.01347
925.13,-0.0111,-0.01344,-0.01398,-0.01291,-0.01185,-0.0137
925.44,-0.0114,-0.01431,-0.01439,-0.01286,-0.01292,-0.01388
925.74,-0.01208,-0.01471,-0.01426,-0.01314,-0.01326,-0.01383
926.04,-0.01241,-0.01528,-0.0142,-0.01273,-0.01315,-0.01393
926.34,-0.01186,-0.01537,-0.01351,-0.01311,-0.01243,-0.01355
926.64,-0.01201,-0.01486,-0.01327,-0.01324,-0.01251,-0.01317
926.95,-0.01234,-0.01518,-0.01345,-0.0137,-0.01292,-0.01335
927.25,-0.01109,-0.0134,-0.01182,-0.01287,-0.01219,-0.01251
927.55,-0.01151,-0.01293,-0.01181,-0.01342,-0.01199,-0.01271
927.85,-0.01197,-0.01255,-0.01243,-0.01358,-0.01258,-0.01277
928.15,-0.01199,-0.01316,-0.01294,-0.01446,-0.01324,-0.01336
928.46,-0.01261,-0.0137,-0.0134,-0.01461,-0.01417,-0.01382
928.76,-0.0127,-0.01413,-0.01389,-0.0149,-0.0137,-0.01394
929.06,-0.01274,-0.01465,-0.01379,-0.01466,-0.01392,-0.01448
929.36,-0.0138,-0.01563,-0.01458,-0.01521,-0.0149,-0.01516
929.66,-0.0141,-0.01615,-0.01539,-0.01477,-0.01487,-0.01579
929.96,-0.01339,-0.01532,-0.015,-0.01386,-0.01448,-0.01599
930.26,-0.01329,-0.01488,-0.01495,-0.01386,-0.0147,-0.01633
930.57,-0.01337,-0.01445,-0.01515,-0.0142,-0.01419,-0.01686
930.87,-0.01402,-0.01497,-0.0156,-0.0148,-0.01483,-0.018
931.17,-0.01403,-0.01394,-0.0156,-0.01519,-0.01555,-0.01777
931.47,-0.01417,-0.01463,-0.01646,-0.01512,-0.01516,-0.0182
931.77,-0.01425,-0.01383,-0.01601,-0.01512,-0.01534,-0.01805
932.07,-0.01486,-0.01473,-0.0165,-0.01599,-0.01586,-0.0183
932.37,-0.0156,-0.01544,-0.01592,-0.0156,-0.01514,-0.01819
932.67,-0.01566,-0.01513,-0.01649,-0.01596,-0.01599,-0.01765
932.97,-0.01556,-0.0148,-0.01567,-0.01554,-0.0154,-0.01669
933.27,-0.01598,-0.01472,-0.01595,-0.01512,-0.01459,-0.01666
933.58,-0.01569,-0.01438,-0.015,-0.01562,-0.01517,-0.01569
933.88,-0.01559,-0.01527,-0.01512,-0.01667,-0.01564,-0.01622
934.18,-0.01576,-0.01521,-0.01565,-0.01629,-0.01565,-0.01575
934.48,-0.01591,-0.0145,-0.01581,-0.01657,-0.01603,-0.01483
934.78,-0.01569,-0.01398,-0.01485,-0.01647,-0.01543,-0.01492
935.08,-0.01544,-0.0138,-0.01557,-0.01646,-0.01504,-0.01508
935.38,-0.01516,-0.01441,-0.01482,-0.01667,-0.01519,-0.01545
935.68,-0.01525,-0.01498,-0.01592,-0.01735,-0.01536,-0.01693
935.98,-0.0154,-0.01503,-0.01629,-0.01721,-0.01507,-0.01735
936.28,-0.01511,-0.01495,-0.01578,-0.01775,-0.01477,-0.01792
936.58,-0.01537,-0.01566,-0.01663,-0.01781,-0.01503,-0.01932
936.88,-0.01615,-0.01703,-0.01739,-0.01782,-0.0159,-0.01955
937.18,-0.01654,-0.01857,-0.01802,-0.01801,-0.0176,-0.01929
937.48,-0.01688,-0.01903,-0.01856,-0.01783,-0.01733,-0.01892
937.78,-0.01672,-0.01944,-0.01834,-0.01743,-0.01732,-0.01848
938.08,-0.01653,-0.01852,-0.0176,-0.01601,-0.0161,-0.01718
938.38,-0.01742,-0.01948,-0.01805,-0.01618,-0.01672,-0.01758
938.68,-0.01776,-0.0198,-0.01843,-0.01725,-0.01764,-0.01781
938.98,-0.01731,-0.01917,-0.01851,-0.01754,-0.0182,-0.01908
939.28,-0.01743,-0.01826,-0.018,-0.01745,-0.01837,-0.02023
939.58,-0.01758,-0.01791,-0.01808,-0.01816,-0.01933,-0.01983
939.88,-0.01646,-0.01637,-0.01686,-0.01696,-0.01865,-0.019
940.18,-0.01575,-0.01716,-0.01653,-0.0174,-0.02015,-0.01979
940.48,-0.01479,-0.01611,-0.01643,-0.01728,-0.02049,-0.01941
940.78,-0.0143,-0.01561,-0.01593,-0.01697,-0.02063,-0.01829
941.08,-0.01364,-0.01544,-0.01579,-0.01623,-0.01972,-0.01709
941.38,-0.0142,-0.01637,-0.01629,-0.01758,-0.02058,-0.01716
941.68,-0.01398,-0.01635,-0.0166,-0.01734,-0.02021,-0.01745
941.98,-0.01537,-0.01694,-0.01781,-0.01903,-0.02176,-0.01848
942.27,-0.01583,-0.01675,-0.01911,-0.01902,-0.02176,-0.01829
942.57,-0.016,-0.01775,-0.01985,-0.01909,-0.02114,-0.01874
942.87,-0.01617,-0.01879,-0.01984,-0.01905,-0.02061,-0.01909
943.17,-0.01675,-0.0193,-0.01876,-0.01951,-0.02053,-0.01859
943.47,-0.01615,-0.0183,-0.01815,-0.01919,-0.01982,-0.01785
943.77,-0.017,-0.01853,-0.01863,-0.02021,-0.01991,-0.01899
944.07,-0.01786,-0.01947,-0.01934,-0.0204,-0.0198,-0.01948
944.37,-0.01733,-0.01821,-0.01823,-0.02008,-0.01886,-0.01899
944.67,-0.01827,-0.01968,-0.01872,-0.021,-0.01917,-0.01966
944.97,-0.01761,-0.01801,-0.018,-0.02062,-0.01815,-0.01906
945.26,-0.01936,-0.02029,-0.01973,-0.02168,-0.01989,-0.02101
945.56,-0.01913,-0.02031,-0.01935,-0.02085,-0.01933,-0.02143
945.86,-0.01844,-0.0205,-0.01901,-0.02028,-0.01929,-0.0207
946.16,-0.01812,-0.02009,-0.01863,-0.01949,-0.01887,-0.01963
946.46,-0.01986,-0.02154,-0.01995,-0.02112,-0.02045,-0.01971
946.76,-0.01921,-0.02003,-0.01811,-0.02099,-0.02007,-0.01916
947.05,-0.01923,-0.02091,-0.01905,-0.02166,-0.02095,-0.02002
947.35,-0.01874,-0.01948,-0.01815,-0.021,-0.01924,-0.019
947.65,-0.01976,-0.02019,-0.01934,-0.02138,-0.0204,-0.01898
947.95,-0.0201,-0.02037,-0.01956,-0.02192,-0.02155,-0.01957
948.25,-0.01956,-0.01985,-0.01889,-0.02222,-0.02138,-0.02002
948.55,-0.01963,-0.02082,-0.01897,-0.02184,-0.02105,-0.02112
948.84,-0.02018,-0.02117,-0.0196,-0.02167,-0.02229,-0.02141
949.14,-0.02063,-0.02151,-0.02062,-0.02177,-0.02275,-0.02264
949.44,-0.02029,-0.02107,-0.02205,-0.0219,-0.02331,-0.02297
949.74,-0.02108,-0.02106,-0.02243,-0.02364,-0.02278,-0.02399
950.04,-0.02171,-0.02176,-0.02344,-0.02361,-0.02224,-0.02447
950.33,-0.02273,-0.02248,-0.02372,-0.02328,-0.02301,-0.02491
950.63,-0.02227,-0.02136,-0.0236,-0.0234,-0.02369,-0.02506
950.93,-0.02206,-0.02186,-0.02416,-0.02375,-0.0232,-0.02511
951.23,-0.02296,-0.02259,-0.02426,-0.02422,-0.02457,-0.02504
951.52,-0.02353,-0.02411,-0.0244,-0.02551,-0.02593,-0.02625
951.82,-0.02302,-0.02456,-0.02468,-0.02518,-0.02631,-0.02576
952.12,-0.02371,-0.02463,-0.02414,-0.02427,-0.0269,-0.02494
952.42,-0.0227,-0.02422,-0.02401,-0.02477,-0.02595,-0.02514
952.71,-0.0227,-0.02478,-0.02449,-0.02527,-0.02547,-0.02571
953.01,-0.02296,-0.0248,-0.02499,-0.02554,-0.02566,-0.026
953.31,-0.02289,-0.02471,-0.02584,-0.02463,-0.02537,-0.02598
953.61,-0.02363,-0.02413,-0.02575,-0.02484,-0.02569,-0.02582
953.9,-0.02297,-0.02454,-0.02501,-0.02441,-0.02589,-0.02687
954.2,-0.02366,-0.02437,-0.0259,-0.02509,-0.02533,-0.02805
954.5,-0.02495,-0.02519,-0.02657,-0.02509,-0.02621,-0.02736
954.79,-0.02438,-0.02437,-0.02581,-0.02456,-0.02563,-0.0272
955.09,-0.02508,-0.02422,-0.02495,-0.02503,-0.02631,-0.02715
955.39,-0.02341,-0.02209,-0.02251,-0.0245,-0.02391,-0.02541
955.68,-0.0211,-0.02027,-0.02132,-0.02294,-0.02168,-0.02311
955.98,-0.0219,-0.01979,-0.02137,-0.02305,-0.02145,-0.02234
956.28,-0.02017,-0.0199,-0.02039,-0.02331,-0.02186,-0.02107
956.57,-0.02056,-0.02104,-0.02162,-0.02446,-0.02278,-0.0227
956.87,-0.02192,-0.02381,-0.0229,-0.02638,-0.02441,-0.02316
957.17,-0.02081,-0.02322,-0.02278,-0.02575,-0.02334,-0.02292
957.46,-0.02273,-0.02514,-0.02354,-0.02809,-0.02518,-0.02454
957.76,-0.02463,-0.02766,-0.02474,-0.02868,-0.02707,-0.02681
958.06,-0.02451,-0.02834,-0.02524,-0.02836,-0.02651,-0.02692
958.35,-0.02601,-0.02892,-0.02712,-0.02895,-0.02741,-0.02846
958.65,-0.02518,-0.02907,-0.02695,-0.02881,-0.02644,-0.02819
958.95,-0.02328,-0.02711,-0.02617,-0.02779,-0.02522,-0.02826
959.24,-0.0256,-0.02722,-0.02759,-0.02769,-0.02561,-0.0281
959.54,-0.02651,-0.02841,-0.02885,-0.02817,-0.0266,-0.02933
959.83,-0.0249,-0.02618,-0.02609,-0.02673,-0.02366,-0.02653
960.13,-0.02512,-0.02521,-0.02669,-0.02618,-0.02398,-0.02607
960.43,-0.02452,-0.02517,-0.02503,-0.02618,-0.02286,-0.02623
960.72,-0.02603,-0.02549,-0.02511,-0.02617,-0.0246,-0.02599
961.02,-0.02838,-0.02574,-0.02492,-0.02597,-0.02521,-0.0253
961.31,-0.02745,-0.02701,-0.02473,-0.02715,-0.02696,-0.02693
961.61,-0.02724,-0.02616,-0.02444,-0.0265,-0.02714,-0.02713
961.9,-0.02882,-0.02801,-0.02728,-0.02758,-0.0292,-0.02922
962.2,-0.02839,-0.02835,-0.02704,-0.02866,-0.03011,-0.02962
962.5,-0.02824,-0.02906,-0.02627,-0.02881,-0.03082,-0.02851
962.79,-0.02951,-0.02924,-0.02756,-0.03009,-0.03144,-0.03038
963.09,-0.02918,-0.02982,-0.02943,-0.03083,-0.03156,-0.03098
963.38,-0.0291,-0.03018,-0.03042,-0.03066,-0.03145,-0.0317
963.68,-0.02996,-0.03222,-0.03221,-0.03122,-0.03085,-0.0333
963.97,-0.03022,-0.03134,-0.03285,-0.03296,-0.03109,-0.03303
964.27,-0.03196,-0.03213,-0.03382,-0.03418,-0.03174,-0.03434
964.56,-0.03348,-0.0326,-0.03648,-0.03586,-0.03214,-0.03671
964.86,-0.0316,-0.0307,-0.0339,-0.03577,-0.03053,-0.0348
965.15,-0.03231,-0.03155,-0.03386,-0.03586,-0.03128,-0.03542
965.45,-0.0333,-0.03165,-0.03423,-0.03671,-0.03204,-0.03532
965.74,-0.03355,-0.03048,-0.03393,-0.03662,-0.03283,-0.03295
966.04,-0.03349,-0.03256,-0.0342,-0.03732,-0.03386,-0.03425
966.33,-0.03288,-0.03344,-0.03411,-0.03646,-0.03375,-0.03331
966.63,-0.03318,-0.03397,-0.03432,-0.03619,-0.03484,-0.03292
966.92,-0.03202,-0.03329,-0.03469,-0.03396,-0.03427,-0.03302
967.22,-0.03128,-0.03309,-0.03377,-0.0339,-0.03503,-0.03311
967.51,-0.03043,-0.03281,-0.03331,-0.03332,-0.03372,-0.03305
967.81,-0.02914,-0.03227,-0.03168,-0.03442,-0.03383,-0.03316
968.1,-0.03007,-0.03248,-0.0315,-0.03408,-0.03455,-0.03326
968.4,-0.0317,-0.03305,-0.0332,-0.03503,-0.03481,-0.03646
968.69,-0.03207,-0.03345,-0.03253,-0.03564,-0.03482,-0.03628
968.98,-0.03431,-0.03703,-0.03418,-0.03935,-0.03742,-0.0393
969.28,-0.036,-0.03775,-0.03527,-0.03853,-0.03696,-0.04075
969.57,-0.03788,-0.04124,-0.03701,-0.03914,-0.03942,-0.04248
969.87,-0.04023,-0.04291,-0.03892,-0.03886,-0.03974,-0.04469
970.16,-0.0412,-0.04335,-0.04019,-0.03957,-0.04078,-0.04703
970.46,-0.04067,-0.04306,-0.04003,-0.03851,-0.04262,-0.04567
970.75,-0.04032,-0.04112,-0.03884,-0.03728,-0.04262,-0.04578
971.04,-0.04135,-0.03958,-0.03816,-0.03426,-0.04311,-0.04537
971.34,-0.03989,-0.03806,-0.03896,-0.03561,-0.0455,-0.04453
971.63,-0.0404,-0.03585,-0.03839,-0.03457,-0.04505,-0.04356
971.93,-0.04018,-0.0367,-0.03951,-0.03584,-0.04656,-0.0433
972.22,-0.0387,-0.03523,-0.03874,-0.03467,-0.04689,-0.04079
972.51,-0.0401,-0.03671,-0.03975,-0.03797,-0.04718,-0.04157
972.81,-0.03881,-0.038,-0.04192,-0.03873,-0.04647,-0.04128
973.1,-0.03704,-0.03919,-0.04364,-0.03916,-0.04483,-0.04069
973.39,-0.03919,-0.04092,-0.04335,-0.03978,-0.04164,-0.04231
973.69,-0.03874,-0.0402,-0.04481,-0.04106,-0.04097,-0.04255
973.98,-0.03873,-0.03919,-0.04351,-0.03884,-0.03887,-0.04342
974.27,-0.03884,-0.0401,-0.04539,-0.03921,-0.03874,-0.04513
974.57,-0.04024,-0.04212,-0.04538,-0.03897,-0.03914,-0.04678
974.86,-0.04149,-0.04224,-0.04669,-0.03944,-0.04071,-0.04702
975.15,-0.04438,-0.04316,-0.04783,-0.04287,-0.04252,-0.04891
975.45,-0.0442,-0.04434,-0.04786,-0.04415,-0.04448,-0.04819
975.74,-0.04308,-0.04567,-0.04526,-0.0434,-0.04248,-0.04638
976.03,-0.04413,-0.04637,-0.04591,-0.04401,-0.0433,-0.04488
976.33,-0.04463,-0.04767,-0.04701,-0.04542,-0.04387,-0.04621
976.62,-0.04115,-0.04142,-0.04421,-0.04291,-0.04004,-0.04222
976.91,-0.04295,-0.04239,-0.04321,-0.04363,-0.04034,-0.04272
977.21,-0.04194,-0.04156,-0.04298,-0.0408,-0.03943,-0.04085
977.5,-0.04125,-0.04209,-0.04355,-0.0393,-0.03902,-0.04137
977.79,-0.04532,-0.04494,-0.04708,-0.04277,-0.04403,-0.04542
978.08,-0.04444,-0.04665,-0.04751,-0.04283,-0.04369,-0.04469
978.38,-0.04772,-0.04837,-0.04756,-0.04533,-0.04702,-0.04718
978.67,-0.0482,-0.05079,-0.04816,-0.04428,-0.04834,-0.04827
978.96,-0.04683,-0.05146,-0.04834,-0.04287,-0.04877,-0.04907
979.25,-0.04609,-0.05049,-0.04864,-0.0441,-0.04768,-0.04731
979.55,-0.04669,-0.04814,-0.04738,-0.04516,-0.04763,-0.04664
979.84,-0.04542,-0.04668,-0.04711,-0.04454,-0.04671,-0.04612
980.13,-0.04555,-0.04575,-0.04647,-0.04578,-0.04735,-0.04884
980.42,-0.04407,-0.04507,-0.04458,-0.04526,-0.04438,-0.04766
980.71,-0.04686,-0.04558,-0.046,-0.04762,-0.04665,-0.04847
981.01,-0.04547,-0.04433,-0.04519,-0.05036,-0.04717,-0.04801
981.3,-0.04693,-0.04529,-0.04381,-0.05026,-0.04823,-0.05075
981.59,-0.04972,-0.04912,-0.04715,-0.05309,-0.05128,-0.05398
981.88,-0.04655,-0.04727,-0.04579,-0.05065,-0.04976,-0.05207
982.18,-0.04578,-0.04568,-0.04565,-0.04921,-0.05257,-0.05134
982.47,-0.03759,-0.03865,-0.03845,-0.03962,-0.04683,-0.04174
982.76,-0.03467,-0.03758,-0.03734,-0.03704,-0.04556,-0.04068
983.05,-0.03697,-0.03812,-0.03884,-0.03625,-0.04647,-0.04188
983.34,-0.03842,-0.03812,-0.04105,-0.03741,-0.04792,-0.04304
983.63,-0.04002,-0.04117,-0.04356,-0.03724,-0.04933,-0.04225
983.93,-0.04377,-0.04552,-0.04369,-0.04135,-0.05153,-0.04338
984.22,-0.0438,-0.04829,-0.04597,-0.04434,-0.05105,-0.04483
984.51,-0.05515,-0.05565,-0.05691,-0.053,-0.05827,-0.05365
984.8,-0.05967,-0.06347,-0.06242,-0.06227,-0.06298,-0.06061
985.09,-0.05935,-0.06312,-0.06383,-0.06256,-0.0607,-0.06263
985.38,-0.06055,-0.06666,-0.06521,-0.06496,-0.06442,-0.0637
985.67,-0.05814,-0.06053,-0.06193,-0.06444,-0.06241,-0.06238
985.96,-0.06099,-0.0606,-0.06541,-0.06477,-0.06271,-0.06435
986.26,-0.06476,-0.06247,-0.06445,-0.06701,-0.06498,-0.0649
986.55,-0.06475,-0.06521,-0.06426,-0.06983,-0.06525,-0.06678
986.84,-0.06333,-0.06515,-0.06552,-0.06645,-0.06453,-0.06582
987.13,-0.06165,-0.06589,-0.06759,-0.06476,-0.06581,-0.06468
987.42,-0.05904,-0.06528,-0.06789,-0.06521,-0.06359,-0.06524
987.71,-0.06103,-0.06752,-0.06917,-0.06478,-0.06381,-0.06947
988,-0.05755,-0.0672,-0.06794,-0.06621,-0.06398,-0.07278
988.29,-0.05451,-0.0655,-0.06597,-0.06348,-0.06136,-0.07062
988.58,-0.05424,-0.06304,-0.06617,-0.06164,-0.06153,-0.07016
988.87,-0.05603,-0.06324,-0.06497,-0.06388,-0.06213,-0.07113
989.16,-0.05895,-0.06334,-0.06415,-0.06831,-0.06141,-0.07086
989.46,-0.05966,-0.06389,-0.06503,-0.06854,-0.06344,-0.07116
989.75,-0.05982,-0.06751,-0.06665,-0.07005,-0.06386,-0.06904
990.04,-0.06081,-0.06409,-0.06696,-0.0669,-0.06419,-0.0646
990.33,-0.06403,-0.06601,-0.07396,-0.07076,-0.06705,-0.06837
990.62,-0.06526,-0.0662,-0.07531,-0.07099,-0.06743,-0.07043
990.91,-0.06591,-0.06202,-0.07368,-0.06924,-0.0669,-0.06971
991.2,-0.06952,-0.06619,-0.07455,-0.07036,-0.07147,-0.0723
991.49,-0.07427,-0.07295,-0.07463,-0.07392,-0.07396,-0.07669
991.78,-0.07516,-0.07463,-0.07238,-0.07486,-0.07614,-0.07835
992.07,-0.07583,-0.08053,-0.07695,-0.08001,-0.07948,-0.08227
992.36,-0.0736,-0.08144,-0.07319,-0.0768,-0.07823,-0.08158
992.65,-0.07253,-0.08434,-0.07178,-0.08155,-0.07911,-0.08339
992.94,-0.0701,-0.08394,-0.07013,-0.07837,-0.07696,-0.08034
993.23,-0.06959,-0.08516,-0.07194,-0.08008,-0.07999,-0.08219
993.52,-0.06461,-0.07905,-0.07021,-0.07958,-0.07886,-0.07788
993.81,-0.06295,-0.07746,-0.07089,-0.08139,-0.07968,-0.07904
994.1,-0.0644,-0.07739,-0.06941,-0.0831,-0.07555,-0.07915
994.39,-0.06897,-0.07675,-0.07331,-0.08469,-0.07984,-0.081
994.68,-0.07099,-0.07367,-0.06996,-0.08451,-0.07591,-0.07607
994.96,-0.07161,-0.07529,-0.07149,-0.08919,-0.0766,-0.07676
995.25,-0.07012,-0.07535,-0.0709,-0.0858,-0.07057,-0.07118
995.54,-0.07109,-0.07683,-0.07243,-0.08158,-0.06952,-0.0702
995.83,-0.07471,-0.07671,-0.07451,-0.08193,-0.07011,-0.06824
996.12,-0.07381,-0.07591,-0.07473,-0.07826,-0.0749,-0.06648
996.41,-0.07187,-0.07457,-0.07432,-0.08151,-0.07332,-0.06717
996.7,-0.06981,-0.07902,-0.08011,-0.07953,-0.07951,-0.07148
996.99,-0.07638,-0.08103,-0.0807,-0.08061,-0.08487,-0.07287
997.28,-0.07365,-0.07913,-0.07933,-0.08183,-0.08555,-0.07837
997.57,-0.0802,-0.08035,-0.08195,-0.08773,-0.08748,-0.08518
997.86,-0.07685,-0.08048,-0.0804,-0.08422,-0.08649,-0.08542
998.15,-0.07954,-0.08044,-0.07627,-0.08524,-0.08657,-0.08915
998.43,-0.085,-0.086,-0.08054,-0.08636,-0.08664,-0.09227
998.72,-0.08655,-0.08954,-0.08316,-0.09266,-0.0886,-0.09321
999.01,-0.0822,-0.08709,-0.08361,-0.0936,-0.08544,-0.09483
999.3,-0.08708,-0.08755,-0.08556,-0.0955,-0.0895,-0.09804
999.59,-0.08713,-0.08679,-0.08469,-0.09576,-0.08839,-0.09407
999.88,-0.09034,-0.08996,-0.08876,-0.10083,-0.08701,-0.09721
1000.17,-0.09123,-0.09488,-0.09383,-0.10481,-0.08786,-0.10042
1000.45,-0.08812,-0.09465,-0.0918,-0.10616,-0.09391,-0.10354
1000.74,-0.08753,-0.09555,-0.09067,-0.10271,-0.09299,-0.10137
1001.03,-0.09124,-0.10388,-0.09839,-0.10574,-0.09984,-0.10635
1001.32,-0.09501,-0.10858,-0.10802,-0.10894,-0.10442,-0.10776
1001.61,-0.08877,-0.1117,-0.10964,-0.10705,-0.10376,-0.11001
1001.9,-0.08961,-0.1054,-0.11012,-0.10565,-0.10852,-0.10882
1002.18,-0.08647,-0.10788,-0.11168,-0.09965,-0.10894,-0.10755
1002.47,-0.08625,-0.10556,-0.11031,-0.09946,-0.10112,-0.1055
1002.76,-0.09202,-0.10403,-0.11456,-0.10121,-0.10307,-0.11094
1003.05,-0.08966,-0.10349,-0.11327,-0.09841,-0.09992,-0.108
1003.34,-0.08889,-0.10057,-0.09845,-0.09203,-0.09381,-0.10401
1003.62,-0.09534,-0.1028,-0.09592,-0.09376,-0.09949,-0.10324
1003.91,-0.1004,-0.1137,-0.0965,-0.10046,-0.10189,-0.108
1004.2,-0.10611,-0.11075,-0.09842,-0.10752,-0.10506,-0.10821
1004.49,-0.10634,-0.11138,-0.09784,-0.10131,-0.10751,-0.10176
1004.77,-0.10496,-0.11761,-0.10043,-0.10638,-0.11063,-0.10437
1005.06,-0.1054,-0.11713,-0.09995,-0.11097,-0.11492,-0.1059
1005.35,-0.10918,-0.12645,-0.11488,-0.12288,-0.12546,-0.11246
1005.64,-0.10942,-0.12526,-0.12034,-0.12836,-0.12227,-0.11112
1005.92,-0.10848,-0.12477,-0.12551,-0.12574,-0.12409,-0.11027
1006.21,-0.10901,-0.12744,-0.12593,-0.12574,-0.12251,-0.10981
1006.5,-0.11873,-0.13513,-0.13493,-0.13526,-0.12849,-0.11387
1006.79,-0.11892,-0.13061,-0.13222,-0.13477,-0.12886,-0.11259
1007.07,-0.12184,-0.12666,-0.12953,-0.13087,-0.12896,-0.11343
1007.36,-0.12131,-0.12195,-0.1268,-0.12756,-0.12745,-0.11375
1007.65,-0.12096,-0.12127,-0.12724,-0.12412,-0.12827,-0.12182
1007.93,-0.1152,-0.11965,-0.12347,-0.12195,-0.12467,-0.12549
1008.22,-0.1172,-0.12206,-0.12285,-0.12766,-0.12991,-0.1315
1008.51,-0.10774,-0.11488,-0.11351,-0.12636,-0.12435,-0.1302
1008.8,-0.1115,-0.11639,-0.11156,-0.12384,-0.12667,-0.12675
1009.08,-0.10709,-0.11357,-0.11337,-0.12067,-0.12382,-0.12094
1009.37,-0.10507,-0.11224,-0.11356,-0.11931,-0.11879,-0.11832
1009.66,-0.10578,-0.11238,-0.1131,-0.11503,-0.12231,-0.11505
1009.94,-0.11332,-0.1132,-0.11679,-0.11381,-0.12809,-0.11681
1010.23,-0.11835,-0.11416,-0.12284,-0.1151,-0.1284,-0.11965
1010.52,-0.12206,-0.12545,-0.12894,-0.11523,-0.13564,-0.12769
1010.8,-0.1209,-0.12506,-0.13122,-0.12129,-0.13674,-0.13326
1011.09,-0.127,-0.13224,-0.1303,-0.12695,-0.13675,-0.14141
1011.37,-0.13093,-0.13389,-0.12936,-0.12653,-0.14289,-0.14563
1011.66,-0.13562,-0.13575,-0.13762,-0.13688,-0.14684,-0.14805
1011.95,-0.1401,-0.1334,-0.13566,-0.14278,-0.14879,-0.15129
1012.23,-0.13816,-0.13201,-0.1313,-0.14257,-0.14567,-0.14863
1012.52,-0.14449,-0.13206,-0.13596,-0.14952,-0.15313,-0.15015
1012.8,-0.15149,-0.13735,-0.13865,-0.14636,-0.15226,-0.1573
1013.09,-0.15333,-0.14082,-0.14252,-0.157,-0.15926,-0.16111
1013.38,-0.15715,-0.15058,-0.1432,-0.16558,-0.1554,-0.1567
1013.66,-0.15709,-0.14875,-0.13475,-0.16254,-0.15886,-0.16061
1013.95,-0.15376,-0.16202,-0.13424,-0.16495,-0.15711,-0.15854
1014.23,-0.15612,-0.16493,-0.14139,-0.16802,-0.16206,-0.15818
1014.52,-0.15432,-0.15712,-0.14286,-0.16811,-0.15108,-0.16041
1014.81,-0.14422,-0.15208,-0.14204,-0.16355,-0.14302,-0.15259
1015.09,-0.14311,-0.15449,-0.14526,-0.15874,-0.14533,-0.1473
1015.38,-0.13733,-0.14591,-0.14472,-0.1565,-0.14668,-0.15263
1015.66,-0.14066,-0.15019,-0.15096,-0.15515,-0.14224,-0.1532
1015.95,-0.14702,-0.14577,-0.15725,-0.16662,-0.14704,-0.15514
1016.23,-0.14925,-0.15038,-0.15557,-0.17252,-0.15244,-0.164
1016.52,-0.15592,-0.16206,-0.16064,-0.17632,-0.16377,-0.16849
1016.8,-0.1598,-0.16981,-0.16405,-0.18729,-0.17587,-0.17444
1017.09,-0.15852,-0.17248,-0.16089,-0.18405,-0.17341,-0.17626
1017.37,-0.16222,-0.18072,-0.16753,-0.18489,-0.17966,-0.18616
1017.66,-0.1679,-0.19152,-0.17501,-0.18781,-0.18131,-0.18795
1017.94,-0.15796,-0.18567,-0.1769,-0.18323,-0.1742,-0.18445
1018.23,-0.14806,-0.17871,-0.17461,-0.17373,-0.16444,-0.17486
1018.51,-0.14525,-0.17963,-0.17717,-0.178,-0.16496,-0.17277
1018.8,-0.15528,-0.17965,-0.17809,-0.18098,-0.16715,-0.17347
1019.08,-0.16605,-0.18321,-0.19585,-0.19614,-0.17592,-0.19062
1019.37,-0.16741,-0.18026,-0.19461,-0.19611,-0.17317,-0.18308
1019.65,-0.16019,-0.18061,-0.20056,-0.20891,-0.18612,-0.19418
1019.94,-0.16951,-0.18869,-0.20387,-0.21421,-0.19649,-0.20369
1020.22,-0.18163,-0.20089,-0.21268,-0.22594,-0.20815,-0.21421
1020.51,-0.18903,-0.20256,-0.20925,-0.22068,-0.20997,-0.21834
1020.79,-0.19293,-0.21857,-0.22379,-0.2316,-0.22016,-0.2268
1021.08,-0.20334,-0.22651,-0.2363,-0.24341,-0.22752,-0.23453
1021.36,-0.2146,-0.23967,-0.24873,-0.26016,-0.23971,-0.24889
1021.64,-0.2167,-0.23336,-0.22969,-0.25142,-0.23072,-0.23777
1021.93,-0.21603,-0.2313,-0.22533,-0.24114,-0.22883,-0.23054
1022.21,-0.21367,-0.2209,-0.2188,-0.22868,-0.22602,-0.22133
1022.5,-0.20741,-0.21266,-0.21349,-0.22423,-0.2224,-0.21396
1022.78,-0.19214,-0.17272,-0.17181,-0.17501,-0.19808,-0.17409
1023.07,-0.19214,-0.17272,-0.17181,-0.17501,-0.19808,-0.17409
1023.35,-0.19214,-0.17272,-0.17181,-0.17501,-0.19808,-0.17409