EXMPC,0,0,0,0,0,0
WAC,0,0,0,0,0,0
G08,0,0,0,0,0,0
780,0,0,0,0,0,0
20,0,0,0,0,0,0
nm,0,0,0,0,0,0
Angular Dependence,0,0,0,0,0,0
Wavelengths,0,8,16,24,32,40
360.15,-0.02055,-0.02667,-0.00923,-0.04191,-0.02147,-0.06846
360.52,-0.01981,-0.02156,-0.01711,-0.03254,-0.02921,-0.06647
360.9,-0.02216,-0.02785,-0.02357,-0.03049,-0.02467,-0.06318
361.27,-0.03789,-0.01982,-0.02841,-0.03619,-0.03234,-0.06253
361.65,-0.02725,0.00158,-0.02424,-0.02023,-0.03446,-0.04639
362.02,-0.01551,0.00096,-0.01403,-0.02062,-0.03085,-0.0458
362.4,-0.01001,0.01452,-0.01099,-0.02364,-0.02808,-0.04883
362.77,-0.01652,0.00959,-0.02036,-0.03312,-0.03928,-0.0506
363.15,-0.01804,0.0167,-0.01459,-0.03939,-0.03391,-0.05043
363.52,-0.0116,0.01764,-0.00575,-0.04386,-0.04083,-0.05918
363.9,-0.00753,0.01965,-0.00615,-0.0357,-0.03744,-0.06809
364.27,-0.01822,0.0054,-0.01667,-0.04867,-0.0432,-0.08718
364.64,-0.01491,0.00302,-0.01171,-0.04011,-0.04026,-0.0885
365.02,-0.01632,-0.0062,-0.01792,-0.0437,-0.04794,-0.08081
365.39,-0.00828,-0.00775,-0.01719,-0.04397,-0.06024,-0.07533
365.77,-0.00546,-0.01577,-0.01254,-0.04234,-0.05516,-0.07785
366.14,-0.00359,-0.00955,-0.01275,-0.03082,-0.04642,-0.07064
366.52,0.00927,-0.0045,-0.00849,-0.02837,-0.03453,-0.05272
366.89,0.00166,-0.00685,0.00042,-0.0285,-0.03848,-0.04434
367.26,-0.00256,-0.01445,0.00388,-0.0245,-0.04309,-0.04242
367.64,-0.0017,-0.01107,0.01719,-0.02105,-0.04007,-0.04374
368.01,-0.00048,-0.00919,0.02396,-0.02499,-0.02667,-0.04855
368.39,-0.0032,-0.01545,0.01692,-0.03153,-0.04173,-0.0517
368.76,-0.00557,-0.01695,0.01027,-0.03991,-0.04611,-0.05493
369.13,-0.01153,-0.01637,0.01182,-0.04481,-0.042,-0.05202
369.51,-0.00625,-0.01757,0.00887,-0.05093,-0.03667,-0.06282
369.88,-0.00837,-0.00708,0.00123,-0.05482,-0.03828,-0.05943
370.25,0.00076,0.00144,-0.00601,-0.04679,-0.02492,-0.05094
370.63,0.00182,0.00323,-0.00375,-0.03515,-0.02535,-0.04263
371,0.00291,0.00654,-0.00275,-0.02749,-0.01188,-0.03449
371.38,0.00765,0.01054,0.00742,-0.0186,-0.0079,-0.03126
371.75,0.00638,0.005,0.00038,-0.02078,-0.0196,-0.04083
372.12,0.00533,0.00824,-0.00084,-0.0101,-0.01637,-0.03187
372.5,0.00648,0.00288,-0.00043,-0.01085,-0.01737,-0.03643
372.87,0.00024,-0.00768,-0.00726,-0.01746,-0.02743,-0.04341
373.24,-0.00071,-0.00808,-0.00689,-0.0201,-0.02796,-0.04558
373.62,0.00072,-0.00818,-0.00987,-0.01939,-0.02862,-0.04924
373.99,-0.0053,-0.01211,-0.01923,-0.02211,-0.02826,-0.04553
374.36,-0.00683,-0.01028,-0.01015,-0.01607,-0.02021,-0.04554
374.74,-0.00571,-0.01342,-0.00505,-0.01944,-0.02568,-0.04696
375.11,-0.01117,-0.01311,-0.00235,-0.01816,-0.02724,-0.046
375.48,-0.01017,-0.01052,0.00355,-0.0184,-0.02718,-0.03955
375.86,-0.01406,-0.01147,-0.00439,-0.02273,-0.03167,-0.04211
376.23,-0.01299,-0.00734,-0.00064,-0.02444,-0.02946,-0.03726
376.6,-0.00536,-0.00745,0.00559,-0.02497,-0.02889,-0.03546
376.98,-0.00526,-0.01204,-0.00349,-0.03314,-0.02891,-0.03195
377.35,-0.00297,-0.00669,-0.00599,-0.029,-0.02425,-0.02735
377.72,0.00227,-0.0041,-0.00814,-0.03043,-0.01822,-0.02232
378.1,0.00303,-0.00493,-0.0116,-0.03262,-0.01787,-0.02724
378.47,0.00726,-0.00044,-0.00352,-0.025,-0.01186,-0.0247
378.84,0.00498,-0.00221,-0.00526,-0.02759,-0.01452,-0.02877
379.22,0.00099,-0.00372,-0.0033,-0.02404,-0.01236,-0.03141
379.59,-0.00036,0.00267,-0.00087,-0.02389,-0.01529,-0.03193
379.96,0.00162,0.0005,-0.00105,-0.0274,-0.01546,-0.032
380.33,0.00518,-0.00011,0.00193,-0.02192,-0.01299,-0.03019
380.71,0.00532,0.00106,0.00461,-0.01869,-0.01142,-0.02835
381.08,0.00393,-0.00128,-0.00149,-0.01874,-0.01244,-0.02478
381.45,0.00141,-0.00404,-0.00221,-0.01892,-0.01262,-0.02523
381.83,0.00035,-0.00477,-0.00486,-0.02044,-0.01781,-0.02388
382.2,0.00073,-0.01072,-0.00371,-0.01807,-0.01668,-0.02053
382.57,-0.00448,-0.01254,-0.00529,-0.01807,-0.01619,-0.02176
382.94,-0.00859,-0.01322,-0.00484,-0.01876,-0.01499,-0.02056
383.32,-0.01247,-0.01599,-0.00876,-0.01984,-0.01677,-0.02192
383.69,-0.01408,-0.0153,-0.00415,-0.02532,-0.01488,-0.02589
384.06,-0.0106,-0.01348,-0.00179,-0.0209,-0.01506,-0.02047
384.43,-0.00612,-0.01106,-0.00063,-0.0189,-0.00889,-0.01607
384.81,-0.00098,-0.00425,0.00194,-0.01403,-0.00643,-0.01687
385.18,0.00157,-0.00311,0.0044,-0.01078,-0.00595,-0.01477
385.55,0.00499,-0.00064,0.00379,-0.01167,-0.00809,-0.01797
385.92,0.00498,0.00131,0.00571,-0.01271,-0.00402,-0.0141
386.3,0.00654,0.00313,0.00174,-0.00853,-0.00269,-0.00912
386.67,0.00495,0.00218,-0.00054,-0.01106,-0.0036,-0.01413
387.04,0.00113,0.00216,0.00117,-0.01366,-0.01019,-0.01685
387.41,-0.00405,0.00032,0.00049,-0.01427,-0.01143,-0.01736
387.78,-0.00454,0.00135,-0.0024,-0.01302,-0.0106,-0.01841
388.16,-0.00777,-0.00323,-0.00467,-0.01236,-0.01468,-0.01871
388.53,-0.0049,-0.00317,-0.00216,-0.0098,-0.01663,-0.01671
388.9,-0.00404,-0.00637,-0.0006,-0.01132,-0.01936,-0.01906
389.27,-0.00025,-0.00428,-0.00108,-0.0066,-0.01812,-0.01575
389.65,0.00253,-0.00306,-0.00249,-0.00262,-0.01274,-0.01618
390.02,0.00488,-0.00455,-0.00226,-0.00312,-0.01393,-0.01653
390.39,0.00577,-0.00613,-0.0008,-0.0044,-0.0141,-0.01598
390.76,0.00551,-0.0038,0.00035,-0.00503,-0.01028,-0.01378
391.13,0.00423,-0.00109,-0.00024,-0.00368,-0.00697,-0.01404
391.5,0.00512,0.00221,0.00247,0.00012,-0.00392,-0.01243
391.88,0.00331,0.00107,0.00332,-0.00166,-0.00457,-0.01131
392.25,0.00157,-0.00044,0.00188,-0.00242,-0.00601,-0.00954
392.62,0.00128,-2.00E-05,0.00016,-0.00434,-0.00355,-0.01004
392.99,0.00224,0.00114,-0.00168,-0.00524,-0.00297,-0.01032
393.36,0.00333,0.00133,-0.00113,-0.00395,-0.0037,-0.00985
393.73,0.0034,-0.00325,-0.00197,-0.00406,-0.00675,-0.01032
394.11,0.00187,-0.00603,-0.00371,-0.00651,-0.00867,-0.01105
394.48,0.00237,-0.00517,-0.002,-0.0065,-0.00788,-0.01213
394.85,-0.00153,-0.0076,-0.00455,-0.00979,-0.0105,-0.01371
395.22,-0.0015,-0.00663,-0.00281,-0.00857,-0.01035,-0.01266
395.59,-0.0029,-0.00701,-0.0021,-0.00711,-0.0115,-0.01195
395.96,-0.00535,-0.00855,-0.00326,-0.00877,-0.01264,-0.01338
396.33,-0.00487,-0.00574,-0.00237,-0.00971,-0.01119,-0.01553
396.71,-0.00447,-0.00532,-0.00306,-0.00846,-0.01012,-0.01449
397.08,-0.00515,-0.00631,-0.00491,-0.00981,-0.0097,-0.01457
397.45,-0.00319,-0.00353,-0.00173,-0.00772,-0.00714,-0.01243
397.82,-0.0037,-0.00493,-0.00266,-0.00794,-0.00917,-0.01427
398.19,-0.00372,-0.00443,-0.00066,-0.00841,-0.00872,-0.01471
398.56,-0.00059,-0.00246,-0.0002,-0.00629,-0.0069,-0.01516
398.93,0.00069,-0.00268,-0.00074,-0.00454,-0.00563,-0.01364
399.3,1.00E-05,-0.00223,-0.00011,-0.00733,-0.00643,-0.01496
399.68,-0.00141,-0.00115,0.00224,-0.00665,-0.00577,-0.01356
400.05,-0.00067,-0.00057,0.00173,-0.0075,-0.00412,-0.01344
400.42,0.0006,0.00143,0.00272,-0.00564,-0.00209,-0.00799
400.79,-0.00063,0.00038,0.00034,-0.00693,-0.00289,-0.008
401.16,-0.00076,0.00061,0.00086,-0.00649,-0.00228,-0.00603
401.53,-0.00205,0.00036,-0.00057,-0.00785,-0.0041,-0.00432
401.9,-0.00154,0.00088,7.00E-05,-0.00561,-0.00426,-0.00455
402.27,0.00115,0.00155,-6.00E-05,-0.00386,-0.00249,-0.00379
402.64,0.00272,0.00115,0.00119,-0.00224,-0.00369,-0.00388
403.01,0.00062,-0.00054,0.00027,-0.00343,-0.00388,-0.00644
403.38,0.00214,0.00103,0.00184,-0.00186,-0.00208,-0.00567
403.75,-0.00077,-0.00102,-0.00071,-0.00428,-0.00476,-0.00814
404.12,6.00E-05,-0.00088,-0.00035,-0.00387,-0.00453,-0.00881
404.5,-0.00101,-0.0009,-0.00092,-0.0045,-0.00484,-0.00788
404.87,-0.00172,-0.00192,-0.00166,-0.0058,-0.0069,-0.00811
405.24,-0.00282,-0.00142,-0.00302,-0.00656,-0.00751,-0.00792
405.61,-0.00179,-0.0013,-0.00401,-0.00621,-0.00835,-0.00913
405.98,-0.00278,-0.00173,-0.0036,-0.0057,-0.00857,-0.00961
406.35,-0.00076,0.00041,-0.00193,-0.00595,-0.00551,-0.00728
406.72,-0.002,0.00032,-0.00281,-0.00658,-0.00462,-0.00797
407.09,-0.00058,4.00E-05,-0.00247,-0.00644,-0.00443,-0.00857
407.46,-0.001,0.00098,-0.00206,-0.00486,-0.00392,-0.00771
407.83,-0.00072,0.00097,-0.00201,-0.00389,-0.00403,-0.00895
408.2,-7.00E-05,0.00216,-0.00104,-0.00336,-0.00275,-0.0065
408.57,0.00054,0.0023,-0.00183,-0.00335,-0.00322,-0.00575
408.94,0.00083,0.00239,-0.00099,-0.00286,-0.00357,-0.0054
409.31,0.00064,0.00155,-0.00092,-0.00222,-0.0043,-0.00498
409.68,-1.00E-05,0.00152,-0.00089,-0.00157,-0.00368,-0.00357
410.05,0.00019,0.00087,-0.00136,-0.0021,-0.00352,-0.00284
410.42,-0.00035,0.00026,-0.0016,-0.00275,-0.00267,-0.00221
410.79,-0.00075,-0.00069,-0.00295,-0.00424,-0.00467,-0.0034
411.16,0.00029,-0.00031,-0.00226,-0.00387,-0.00262,-0.00291
411.53,0,-0.00151,-0.00342,-0.00345,-0.00312,-0.0042
411.9,0.00024,-0.00037,-0.00252,-0.00346,-0.00299,-0.00407
412.27,0.00157,0.00091,-0.00163,-0.00241,-0.00208,-0.00375
412.64,0.00117,0.00129,-0.00159,-0.00213,-0.00212,-0.00536
413.01,0.00255,0.00175,-0.00069,-0.00192,-0.00183,-0.00483
413.38,0.00205,0.00205,0.00015,-0.00097,-0.00123,-0.00451
413.75,0.00128,0.00221,0.0006,-0.00106,-0.0018,-0.00451
414.12,0.00106,0.00302,0.00206,-0.00064,-0.0014,-0.00321
414.49,0.00063,0.00294,0.00236,-0.00032,-0.00151,-0.00345
414.86,-0.00039,0.0016,0.00198,-0.0012,-0.0019,-0.00407
415.23,-0.00045,0.00074,0.00189,-0.00174,-0.00155,-0.0036
415.6,-0.00118,0.00057,0.00155,-0.00082,-0.00075,-0.00315
415.96,-0.00056,0.00062,0.00192,-0.00093,0.00055,-0.00314
416.33,-0.00093,-0.00034,0.00094,-0.00143,-0.0008,-0.00371
416.7,6.00E-05,-0.00056,0.00129,-0.00143,-0.00073,-0.00289
417.07,0.00026,-0.00079,0.00155,-0.00131,-0.00063,-0.00246
417.44,0.00046,-0.00078,0.00152,-0.00109,-0.00109,-0.00188
417.81,0.00024,-0.00061,0.00105,-0.00175,-0.00139,-0.0021
418.18,0.00025,-0.00121,0.00102,-0.00208,-0.00279,-0.00228
418.55,0.00014,-0.0008,0.00128,-0.0019,-0.004,-0.00251
418.92,0.00043,-0.00036,0.00117,-0.00129,-0.0031,-0.00198
419.29,-0.00038,-0.00083,-0.0003,-0.00221,-0.00378,-0.00327
419.66,0.00038,-0.00088,0,-0.00207,-0.00318,-0.00353
420.03,0.00022,-0.00052,-0.00022,-0.0024,-0.00293,-0.00393
420.39,0.00072,2.00E-05,0.00058,-0.00182,-0.00276,-0.00422
420.76,0.00019,-0.00026,-0.00045,-0.00275,-0.00291,-0.0051
421.13,-0.00028,-0.00111,-0.00141,-0.0029,-0.00249,-0.00529
421.5,-0.00023,-0.00137,-0.00091,-0.0029,-0.00264,-0.00523
421.87,-0.00038,-0.00145,-0.00105,-0.00236,-0.00315,-0.00558
422.24,-0.00099,-0.00123,-0.00199,-0.00278,-0.00424,-0.00557
422.61,-0.00108,-0.00158,-0.00235,-0.00315,-0.00418,-0.00568
422.98,-0.00121,-0.00207,-0.00228,-0.00307,-0.00416,-0.00528
423.35,-0.00029,-0.00092,-0.00128,-0.00226,-0.00358,-0.00417
423.71,-0.00026,-0.00045,-0.00129,-0.00255,-0.0037,-0.00373
424.08,-0.00031,0.00043,-0.00185,-0.00227,-0.00367,-0.00364
424.45,-5.00E-05,0.00086,-0.00144,-0.00202,-0.00341,-0.00278
424.82,0.00033,0.00132,-0.00022,-0.00158,-0.00209,-0.00208
425.19,0.00026,0.00092,-0.00017,-0.00155,-0.0024,-0.0021
425.56,0.00014,0.00091,-0.0008,-0.00159,-0.00259,-0.00192
425.93,-0.00037,9.00E-05,-0.00085,-0.00165,-0.00266,-0.00244
426.29,4.00E-05,0.00024,-0.00081,-0.00145,-0.00224,-0.00219
426.66,0.00041,0.00016,-0.00011,-0.00211,-0.00164,-0.00235
427.03,0.00029,-7.00E-05,-0.00039,-0.00213,-0.00127,-0.00287
427.4,0.00035,-0.0007,-0.00148,-0.00244,-0.0022,-0.00315
427.77,0.0005,-7.00E-05,-0.00178,-0.00211,-0.00165,-0.00272
428.14,0.00152,0.00027,-0.00138,-0.00167,-0.00102,-0.00232
428.5,0.0019,0.00099,-0.00125,-0.00159,-0.00043,-0.00182
428.87,0.00174,0.00035,-0.001,-0.00181,-0.00098,-0.00227
429.24,0.00136,-0.00028,-0.00112,-0.00156,-0.00132,-0.0024
429.61,0.00141,2.00E-05,-0.00085,-0.00168,-0.00114,-0.00225
429.98,0.00143,0.00048,-0.00053,-0.00164,-0.00032,-0.00167
430.34,0.00161,0.0004,3.00E-05,-0.00115,-0.00033,-0.00156
430.71,0.00062,0.00014,0.00027,-0.00158,-0.00062,-0.00174
431.08,0.00012,0.0001,0.00023,-0.00185,-0.00078,-0.0017
431.45,-0.00014,7.00E-05,0.00022,-0.0014,-0.00055,-0.00178
431.82,-7.00E-05,0.00045,0.00042,-0.00112,-0.00025,-0.00134
432.18,-9.00E-05,0.00016,0.00059,-0.00091,-0.00016,-0.00079
432.55,-0.00044,-0.0002,0.00074,-0.00081,-0.00034,-0.00116
432.92,-0.0007,-1.00E-05,0.00052,-0.001,-0.00018,-0.00111
433.29,-0.00054,8.00E-05,0.00038,-0.00141,5.00E-05,-0.00099
433.65,-0.0002,-0.00065,0.00021,-0.00134,-0.00017,-0.0012
434.02,0.0001,-0.00053,0.00044,-0.00167,0.00013,-0.00088
434.39,-0.00027,-0.00108,-0.00034,-0.00226,-0.00029,-0.00138
434.76,-3.00E-05,-0.001,-0.00043,-0.00219,-0.00042,-0.00156
435.12,-0.00029,-0.00135,-0.00102,-0.00234,-0.00084,-0.00183
435.49,-0.00033,-0.00178,-0.0011,-0.00266,-0.00127,-0.00178
435.86,-0.00029,-0.00171,-0.0011,-0.00208,-0.00133,-0.00185
436.23,-0.00086,-0.00131,-0.00088,-0.00199,-0.00121,-0.00208
436.59,-0.00107,-0.00134,-0.00126,-0.00131,-0.00131,-0.00182
436.96,-0.00076,-0.00078,-0.00062,-0.00085,-0.00106,-0.00149
437.33,-0.00098,-0.00049,-0.00066,-0.00097,-0.00096,-0.00146
437.7,-0.00065,-0.0002,-7.00E-05,-0.00093,-0.00067,-0.00108
438.06,-0.00023,-2.00E-05,0.0002,-0.00081,-0.0003,-0.00128
438.43,-6.00E-05,-0.00014,0.00021,-0.00071,-0.00039,-0.00141
438.8,0.00053,6.00E-05,0.00016,-0.00057,-0.00036,-0.00129
439.16,0.00094,0.00047,0.00019,-0.0008,-0.00014,-0.00129
439.53,0.00092,0.00032,5.00E-05,-0.00061,-0.00013,-0.00124
439.9,0.00103,3.00E-05,-1.00E-05,-0.00066,-9.00E-05,-0.0012
440.27,0.0008,-7.00E-05,-0.00055,-0.00081,-0.00034,-0.00143
440.63,0.00072,6.00E-05,-0.00068,-0.00045,-0.00046,-0.0012
441,0.00067,0.0002,-0.00068,-0.00063,-0.00038,-0.00114
441.37,0.00079,0.00023,-0.00064,-0.00056,-0.00026,-0.00065
441.73,0.00074,0.00021,-0.00015,-0.00046,1.00E-05,-0.0004
442.1,0.00044,0,-0.00017,-0.0009,-0.00038,-0.00035
442.47,0.0003,2.00E-05,-7.00E-05,-0.00101,-0.00047,-0.0002
442.83,-1.00E-05,0.00011,0.00031,-0.00103,-0.00034,-0.00027
443.2,-6.00E-05,-9.00E-05,-1.00E-05,-0.00153,-0.00039,-0.00052
443.57,7.00E-05,0.00012,0.00023,-0.00143,-0.00032,-0.00057
443.93,-0.00047,-0.00025,-9.00E-05,-0.00168,-0.00038,-0.00085
444.3,-0.00073,-0.00055,-0.00052,-0.00203,-0.00073,-0.00129
444.67,-0.00029,-0.00035,-0.0004,-0.00158,-0.00032,-0.00132
445.03,-0.00022,-0.00024,-0.00042,-0.00141,-0.00013,-0.00144
445.4,0.00058,9.00E-05,-0.00016,-0.00093,9.00E-05,-0.00084
445.77,0.00059,0.00029,0.00013,-0.00054,0.0002,-0.00076
446.13,0.00025,2.00E-05,-0.00023,-0.00048,0.00024,-0.00069
446.5,0.0007,0.00035,-0.00012,-0.00036,0.00021,-0.00058
446.87,0.00102,0.00089,0.00027,-0.00018,0.00026,-0.00034
447.23,0.00073,0.00063,0.00015,-0.00049,6.00E-05,-0.00032
447.6,0.00065,0.00074,0.00013,-0.00039,-3.00E-05,-8.00E-05
447.96,0.00043,0.00057,-0.00022,-0.00052,-3.00E-05,-0.00041
448.33,0.00058,0.00048,-0.00024,-0.00077,-7.00E-05,-0.00043
448.7,0.00055,0.00042,-0.00029,-0.0011,-0.00029,-0.00073
449.06,0.00062,0.00043,-0.00015,-0.00087,-0.00018,-0.00078
449.43,0.00033,3.00E-05,-0.00041,-0.00086,-0.0006,-0.00082
449.79,0.00014,-0.0002,-0.00052,-0.00117,-0.0009,-0.001
450.16,0.00035,-0.00018,-0.00042,-0.00118,-0.00097,-0.00107
450.53,0.00054,-0.0001,-0.00032,-0.0009,-0.00069,-0.00087
450.89,0.0003,-0.00011,-0.00027,-0.00073,-0.00059,-0.00069
451.26,0.00063,0.00012,-3.00E-05,-0.00019,-6.00E-05,-0.00012
451.62,0.00062,-6.00E-05,-0.00033,-0.0004,-0.00019,-0.00012
451.99,0.00076,-0.00019,-0.00033,-0.00039,2.00E-05,-1.00E-05
452.36,0.00096,6.00E-05,-0.00044,-0.00016,0.00027,0.00023
452.72,0.00073,-0.00019,-0.00051,-0.00015,0.00029,6.00E-05
453.09,0.00044,-0.00044,-0.00078,-0.00072,5.00E-05,-0.00018
453.45,0.00062,-0.00036,-0.00065,-0.00064,-0.00013,-0.00011
453.82,0.00053,-0.0005,-0.00055,-0.00083,-0.00062,-0.00018
454.18,0.00025,-0.00074,-0.00048,-0.00078,-0.00073,-0.00027
454.55,1.00E-05,-0.00058,-0.00045,-0.00077,-0.00062,-0.00035
454.92,0.0002,-0.00056,-0.00038,-0.00081,-0.00056,-0.00055
455.28,0.00023,-0.00039,-0.0004,-0.00079,-0.0005,-0.0006
455.65,0.00049,-0.00024,-4.00E-05,-0.00047,-0.00049,-0.00036
456.01,0.00043,-0.00027,-6.00E-05,-0.00047,-0.00022,-0.00047
456.38,0.00041,-0.00018,-0.00019,-0.00031,-4.00E-05,-0.0005
456.74,0.00034,-0.00018,-6.00E-05,-0.00051,-0.00016,-0.00054
457.11,0.00053,-0.00021,6.00E-05,-0.00049,-0.00014,-0.00046
457.47,0.00021,-8.00E-05,0.00015,-0.00044,-6.00E-05,-0.00016
457.84,0.00013,-5.00E-05,0.00026,-0.00046,6.00E-05,-0.00015
458.2,4.00E-05,-0.00012,0.0002,-0.00061,7.00E-05,-0.00012
458.57,0.00022,-5.00E-05,0.0002,-0.00054,-6.00E-05,-2.00E-05
458.93,0.00019,-0.00014,0.00025,-0.00053,-0.00015,-3.00E-05
459.3,0.00053,0.0002,0.00024,-0.00042,0.00015,0.00026
459.66,0.00063,0.0003,0.00018,-0.00041,0.00018,0.00024
460.03,0.00085,0.00021,0.00018,-0.00034,0.00016,0.00016
460.39,0.00079,7.00E-05,1.00E-05,-0.00021,0.00014,0.00016
460.76,0.00066,0.00015,0,-0.00019,-4.00E-05,-6.00E-05
461.12,0.00042,0.0001,-0.00016,-0.00034,-0.00012,-0.00012
461.49,0.00046,0.00014,-7.00E-05,-0.0004,-7.00E-05,-6.00E-05
461.85,0.00024,-3.00E-05,-0.00014,-0.00033,-0.00032,-0.00019
462.22,5.00E-05,-0.00017,-0.00033,-0.00033,-0.00047,-0.00023
462.58,0.0001,-0.00018,-0.00036,-0.00044,-0.00051,-0.00021
462.95,0.00011,-0.00028,-0.00044,-0.0006,-0.00066,-0.00012
463.31,0.00025,-0.00022,-0.00046,-0.00038,-0.00065,-1.00E-05
463.68,0.00031,-0.00014,-0.00046,-0.00017,-0.0007,0
464.04,0.00039,-5.00E-05,-0.00044,1.00E-05,-0.00051,0
464.41,0.00048,4.00E-05,-0.00042,8.00E-05,-0.00031,-0.00015
464.77,0.00047,2.00E-05,-0.00024,0.00017,-0.00013,7.00E-05
465.13,0.00038,0,-0.00014,0.00032,6.00E-05,0.0001
465.5,0.00069,0.00025,0.00013,0.00057,0.00028,0.00022
465.86,0.0007,0.00023,0.00017,0.0005,0.00047,0.00026
466.23,0.00078,0.00031,0.00036,0.00039,0.00061,0.00052
466.59,0.00077,0.00027,0.00019,0.0002,0.00054,0.00062
466.96,0.00083,0.00035,0.00029,0.00022,0.00053,0.00084
467.32,0.00098,0.00044,0.00043,0.00019,0.00062,0.00064
467.68,0.0012,0.00061,0.00048,0.00024,0.00054,0.00079
468.05,0.00107,0.0005,0.00036,8.00E-05,0.00041,0.00072
468.41,0.00107,0.00049,0.00044,6.00E-05,0.00046,0.00071
468.78,0.00098,0.00034,0.00033,8.00E-05,0.0005,0.00059
469.14,0.00094,0.00031,0.00048,8.00E-05,0.00034,0.00041
469.5,0.00081,0.0001,0.00042,-0.00013,0.00028,0.00039
469.87,0.00079,0.00031,0.00046,-6.00E-05,0.00026,0.00051
470.23,0.00069,0.00027,0.00039,2.00E-05,0.00027,0.00053
470.6,0.00055,0.00028,0.00042,1.00E-05,0.00028,0.00049
470.96,0.00049,0.00037,0.0003,8.00E-05,0.00019,0.0006
471.32,0.00038,0.00034,0.0003,-2.00E-05,4.00E-05,0.0005
471.69,0.00027,0.00029,7.00E-05,-8.00E-05,5.00E-05,0.00044
472.05,0.00045,0.00047,0.00011,-2.00E-05,0.00019,0.00042
472.42,0.00039,0.00028,-0.00012,-0.00012,9.00E-05,0.00029
472.78,0.00051,0.00039,4.00E-05,-0.00014,0.00017,0.00033
473.14,0.00055,0.00031,0.00014,-0.00015,0.00018,0.00045
473.51,0.00058,0.00017,9.00E-05,-0.00028,0.00019,0.00036
473.87,0.00065,0.00017,7.00E-05,-0.00016,0.00033,0.00033
474.23,0.00081,0.00019,0.00019,0,0.00037,0.00052
474.6,0.00064,3.00E-05,0.00017,0,0.0003,0.00054
474.96,0.00064,-3.00E-05,0.00019,-3.00E-05,0.00033,0.00064
475.32,0.00052,-0.00028,3.00E-05,-0.00014,0.00028,0.00052
475.69,0.00054,-0.0002,-5.00E-05,-4.00E-05,0.00036,0.00054
476.05,0.00051,-0.00023,4.00E-05,8.00E-05,0.00039,0.0006
476.41,0.00057,-0.0001,5.00E-05,5.00E-05,0.00047,0.00066
476.78,0.00042,-7.00E-05,7.00E-05,-5.00E-05,0.00056,0.00062
477.14,0.00049,7.00E-05,0.00015,7.00E-05,0.00059,0.00067
477.5,0.00056,0.0003,0.00031,0.00021,0.0007,0.00066
477.87,0.00053,0.00049,0.00041,0.0003,0.0007,0.00079
478.23,0.00061,0.00053,0.0004,0.00031,0.00069,0.00075
478.59,0.00072,0.0007,0.00053,0.00043,0.00076,0.00081
478.96,0.00068,0.0006,0.00053,0.00041,0.0007,0.00079
479.32,0.00075,0.00052,0.00048,0.00042,0.00067,0.00073
479.68,0.00072,0.00046,0.00045,0.0003,0.00067,0.00077
480.04,0.00065,0.00037,0.0004,0.00024,0.00058,0.00078
480.41,0.00067,0.00033,0.0004,0.00026,0.00063,0.00071
480.77,0.00058,0.00026,0.00035,0.00024,0.00058,0.00067
481.13,0.00043,6.00E-05,0.00018,6.00E-05,0.00042,0.0006
481.5,0.00042,5.00E-05,0.00018,9.00E-05,0.00041,0.00066
481.86,0.00044,0.00018,0.00024,0.00014,0.00041,0.0008
482.22,0.00042,0.00017,0.00018,0.00021,0.00041,0.00075
482.58,0.00043,0.0001,0.00019,0.00023,0.00043,0.00076
482.95,0.00036,3.00E-05,0.00012,0.00024,0.00035,0.00078
483.31,0.00041,6.00E-05,0.0002,0.0002,0.00037,0.00081
483.67,0.00038,8.00E-05,0.00016,0.00022,0.00033,0.0008
484.03,0.00043,7.00E-05,0.00019,0.00027,0.0004,0.00083
484.4,0.0004,4.00E-05,0.00013,0.00026,0.0004,0.0008
484.76,0.00032,6.00E-05,0.00023,0.00017,0.00041,0.00084
485.12,0.0003,5.00E-05,0.00014,0.00014,0.0004,0.00081
485.48,0.0003,0.0001,0.00016,6.00E-05,0.00042,0.00077
485.85,0.00039,0.00017,0.00019,0.00017,0.0005,0.00089
486.21,0.00045,0.0002,0.00025,0.00015,0.00061,0.00092
486.57,0.00041,0.00019,0.00021,9.00E-05,0.00054,0.00085
486.93,0.00044,0.00017,0.00025,8.00E-05,0.00055,0.00084
487.29,0.00054,0.00014,0.00021,0.00014,0.00057,0.00085
487.66,0.00056,0.00017,0.00024,0.00015,0.00054,0.00091
488.02,0.00062,0.00014,0.00022,0.00019,0.0006,0.00099
488.38,0.00059,0.00011,0.00021,0.00019,0.00055,0.00096
488.74,0.00059,5.00E-05,0.00019,0.00019,0.00056,0.00094
489.1,0.00066,6.00E-05,0.00025,0.00022,0.00056,0.00101
489.47,0.00061,0.00012,0.00025,0.0002,0.00059,0.00098
489.83,0.00063,0.00016,0.00026,0.00021,0.00055,0.00095
490.19,0.00065,0.00016,0.00029,0.00023,0.00067,0.00093
490.55,0.00065,0.00012,0.00027,0.00026,0.00062,0.0009
490.91,0.00065,0.00011,0.00031,0.00022,0.00062,0.00088
491.27,0.00071,0.00024,0.00039,0.00029,0.00066,0.00089
491.64,0.00061,0.00016,0.00027,0.00021,0.00063,0.00083
492,0.00056,5.00E-05,0.00024,0.0002,0.00055,0.00076
492.36,0.00055,6.00E-05,0.00023,0.00022,0.00054,0.00076
492.72,0.00061,9.00E-05,0.00021,0.00025,0.00052,0.00075
493.08,0.0006,0.00017,0.00028,0.00023,0.00051,0.00069
493.44,0.00054,0.00013,0.0002,0.00023,0.00055,0.00064
493.81,0.00049,5.00E-05,0.00014,0.00018,0.0005,0.00063
494.17,0.00056,0.0001,0.00021,0.00021,0.00055,0.00067
494.53,0.0006,0.00018,0.00029,0.00025,0.00058,0.00076
494.89,0.00059,0.00012,0.0003,0.00028,0.00066,0.00077
495.25,0.00054,0.0001,0.00029,0.00029,0.00062,0.00073
495.61,0.00049,5.00E-05,0.00025,0.00029,0.00058,0.00078
495.97,0.00049,7.00E-05,0.00025,0.0003,0.00059,0.00078
496.33,0.00047,8.00E-05,0.00026,0.00033,0.0006,0.00077
496.7,0.00044,8.00E-05,0.00024,0.0003,0.00057,0.00076
497.06,0.00047,0.0001,0.00017,0.00031,0.00059,0.00079
497.42,0.00045,0.00012,0.00017,0.00028,0.00055,0.00079
497.78,0.00041,9.00E-05,0.00016,0.00024,0.00058,0.00083
498.14,0.00045,7.00E-05,0.00012,0.00025,0.00064,0.00082
498.5,0.00045,8.00E-05,0.00012,0.00017,0.00059,0.00084
498.86,0.00048,0.00016,0.00016,0.00018,0.00063,0.00088
499.22,0.00044,0.00016,0.00012,0.00024,0.00064,0.00087
499.58,0.0004,0.00012,0.00013,0.00021,0.00068,0.00083
499.94,0.00045,0.00018,0.00012,0.00025,0.00075,0.00087
500.3,0.00044,0.00022,0.00018,0.00031,0.00075,0.00091
500.67,0.0004,0.00023,0.0002,0.00029,0.00077,0.00088
501.03,0.0004,0.00024,0.00017,0.00039,0.00085,0.00091
501.39,0.00038,0.00021,0.00017,0.00041,0.00085,0.00093
501.75,0.00037,0.00024,0.00017,0.0004,0.00082,0.00088
502.11,0.0004,0.00025,0.00021,0.00042,0.00072,0.00088
502.47,0.00039,0.00025,0.00022,0.00039,0.0007,0.00082
502.83,0.00047,0.00027,0.00019,0.00037,0.00068,0.00081
503.19,0.00055,0.00027,0.00021,0.00034,0.00065,0.00083
503.55,0.00058,0.00029,0.00023,0.00035,0.00058,0.00088
503.91,0.00054,0.00025,0.0002,0.00027,0.00052,0.00085
504.27,0.00056,0.00023,0.00025,0.00025,0.00054,0.00091
504.63,0.00057,0.00019,0.0002,0.00022,0.00057,0.00088
504.99,0.00052,0.00013,0.00013,0.00018,0.00051,0.0009
505.35,0.00045,6.00E-05,0.00011,0.00018,0.00053,0.00089
505.71,0.00041,0.00011,0.00013,0.00019,0.00055,0.00092
506.07,0.00038,0.0001,0.00013,0.00013,0.00055,0.00082
506.43,0.00041,9.00E-05,0.00016,0.00015,0.00059,0.0008
506.79,0.00037,8.00E-05,0.00012,0.00015,0.0006,0.00078
507.15,0.00036,0.00013,0.00018,0.00021,0.00062,0.00085
507.51,0.00038,0.0002,0.00024,0.00026,0.00065,0.00089
507.87,0.00042,0.00024,0.00031,0.00026,0.00066,0.00087
508.23,0.00038,0.00021,0.00029,0.00028,0.00061,0.0008
508.59,0.00037,0.00019,0.00027,0.00026,0.00055,0.00083
508.95,0.00042,0.00024,0.00026,0.00028,0.00059,0.00084
509.31,0.00046,0.00025,0.00033,0.00029,0.00061,0.00088
509.67,0.00043,0.00022,0.00029,0.00017,0.00058,0.00083
510.03,0.00045,0.00014,0.00026,0.0001,0.00057,0.00075
510.39,0.00042,0.00013,0.00019,0.00011,0.00054,0.00073
510.75,0.00042,0.0001,0.00019,9.00E-05,0.00052,0.00078
511.11,0.0004,9.00E-05,0.00019,0.0001,0.00057,0.00075
511.47,0.00037,8.00E-05,0.0002,0.00012,0.00057,0.00081
511.83,0.00042,0.00012,0.00025,0.00018,0.00059,0.00084
512.19,0.00043,0.00016,0.00031,0.0003,0.00066,0.00085
512.55,0.00042,0.00023,0.00035,0.00038,0.00065,0.00087
512.91,0.00043,0.00025,0.00039,0.00034,0.00069,0.00092
513.27,0.00048,0.0003,0.00042,0.00039,0.00074,0.00089
513.62,0.0005,0.00032,0.00042,0.00041,0.00072,0.00094
513.98,0.00054,0.00033,0.0004,0.00042,0.00069,0.00089
514.34,0.00052,0.00031,0.00029,0.00037,0.00066,0.00086
514.7,0.00057,0.00029,0.00025,0.00037,0.0006,0.00088
515.06,0.00053,0.00022,0.00017,0.00033,0.00055,0.00086
515.42,0.00055,0.00022,0.00017,0.00037,0.00054,0.00086
515.78,0.0006,0.00021,0.00018,0.0004,0.00057,0.00089
516.14,0.00066,0.00025,0.00022,0.00044,0.00062,0.00087
516.5,0.00064,0.00024,0.00023,0.00042,0.0006,0.00086
516.86,0.00066,0.00029,0.00029,0.00043,0.00063,0.00086
517.22,0.00065,0.00034,0.0003,0.00041,0.00064,0.00083
517.57,0.00066,0.00036,0.00034,0.00045,0.00064,0.00082
517.93,0.00064,0.00033,0.00032,0.0004,0.00063,0.00076
518.29,0.00056,0.0003,0.00028,0.00031,0.00059,0.0007
518.65,0.00052,0.00028,0.00025,0.00024,0.00055,0.00069
519.01,0.00052,0.00026,0.00021,0.00021,0.00055,0.00069
519.37,0.00053,0.00022,0.00017,0.00022,0.00056,0.00068
519.73,0.00059,0.00018,0.0002,0.00026,0.00062,0.00073
520.08,0.00062,0.00018,0.00017,0.00024,0.00061,0.00076
520.44,0.00061,0.00014,0.00015,0.00024,0.00058,0.00078
520.8,0.0006,0.00012,0.00016,0.00025,0.00058,0.0008
521.16,0.00062,9.00E-05,0.00016,0.00029,0.00058,0.00084
521.52,0.00059,4.00E-05,0.00018,0.0003,0.00055,0.00084
521.88,0.00055,3.00E-05,0.00018,0.00026,0.00052,0.00081
522.24,0.0005,2.00E-05,0.00014,0.00022,0.00047,0.00079
522.59,0.00044,4.00E-05,0.00015,0.00023,0.00048,0.00078
522.95,0.00044,9.00E-05,0.00019,0.00019,0.0005,0.00083
523.31,0.00048,0.00013,0.00024,0.00023,0.00052,0.00086
523.67,0.00046,0.00016,0.00028,0.00023,0.00051,0.00087
524.03,0.00045,0.00027,0.00031,0.00024,0.00054,0.0009
524.38,0.00041,0.00025,0.00032,0.00024,0.00052,0.0009
524.74,0.00041,0.00021,0.00035,0.00025,0.00053,0.00089
525.1,0.00041,0.00021,0.00041,0.00023,0.00058,0.00091
525.46,0.00044,0.00016,0.00041,0.00028,0.00056,0.00086
525.82,0.00041,0.00015,0.00042,0.00026,0.00057,0.00084
526.17,0.00041,9.00E-05,0.00039,0.00023,0.00057,0.00081
526.53,0.00043,1.00E-05,0.00037,0.00019,0.00055,0.00075
526.89,0.00046,1.00E-05,0.0004,0.00022,0.0006,0.00079
527.25,0.00046,7.00E-05,0.00041,0.00022,0.00062,0.00078
527.61,0.00052,9.00E-05,0.0004,0.00023,0.00062,0.00079
527.96,0.00049,0.00013,0.00038,0.0002,0.00062,0.00079
528.32,0.00049,0.00014,0.00036,0.00022,0.00061,0.00078
528.68,0.0005,0.00018,0.00034,0.00025,0.00062,0.00076
529.04,0.00053,0.00025,0.0004,0.00032,0.00064,0.00077
529.39,0.00057,0.00029,0.00042,0.00031,0.00064,0.00078
529.75,0.00062,0.00036,0.00042,0.00033,0.00062,0.00084
530.11,0.00062,0.00044,0.00041,0.00036,0.00061,0.00087
530.47,0.00065,0.00053,0.00043,0.00037,0.00064,0.0009
530.82,0.00064,0.00054,0.00038,0.00035,0.00061,0.0009
531.18,0.00071,0.00065,0.00041,0.00038,0.00067,0.00099
531.54,0.00073,0.00068,0.00037,0.00038,0.00066,0.00104
531.9,0.00073,0.00067,0.00033,0.00037,0.00067,0.00102
532.25,0.00075,0.00063,0.00032,0.00034,0.00067,0.00098
532.61,0.0008,0.00055,0.00031,0.00033,0.00069,0.00094
532.97,0.00083,0.0005,0.00028,0.00033,0.00071,0.00097
533.32,0.00091,0.00052,0.00027,0.00031,0.00074,0.00095
533.68,0.00091,0.00045,0.00024,0.00025,0.00068,0.00089
534.04,0.00091,0.0004,0.00021,0.0002,0.00067,0.00083
534.4,0.00088,0.00037,0.00018,0.00017,0.00064,0.00082
534.75,0.00086,0.00035,0.00018,0.00018,0.00067,0.00083
535.11,0.00082,0.00033,0.00017,0.00014,0.00062,0.00081
535.47,0.00079,0.0003,0.00017,0.0001,0.00059,0.00079
535.82,0.00072,0.00026,0.00017,9.00E-05,0.00054,0.00077
536.18,0.0007,0.00021,0.00018,9.00E-05,0.00057,0.00078
536.54,0.0007,0.00021,0.00019,0.0001,0.00058,0.00079
536.89,0.00073,0.00019,0.00022,0.00012,0.0006,0.00079
537.25,0.00072,0.00015,0.00021,0.00013,0.00059,0.00081
537.61,0.00073,0.00015,0.00022,0.00016,0.00067,0.00084
537.96,0.00071,0.00012,0.00021,0.00019,0.00066,0.00084
538.32,0.00072,0.00013,0.00023,0.00022,0.00071,0.00087
538.68,0.00067,9.00E-05,0.0002,0.00025,0.00069,0.00089
539.03,0.00061,7.00E-05,0.00015,0.00023,0.00067,0.00087
539.39,0.00059,0.00011,0.00016,0.00026,0.00067,0.0009
539.75,0.00055,0.00014,0.00012,0.00025,0.00061,0.00083
540.1,0.0005,0.00013,0.00014,0.00024,0.00059,0.00084
540.46,0.00048,0.00012,0.00015,0.00021,0.00056,0.00084
540.81,0.00045,0.00015,0.00014,0.00022,0.00053,0.00086
541.17,0.00045,0.00021,0.00019,0.00024,0.0005,0.00086
541.53,0.00044,0.00022,0.00025,0.00027,0.00052,0.00089
541.88,0.0004,0.00018,0.00024,0.00027,0.0005,0.00084
542.24,0.00039,0.00016,0.00026,0.00024,0.00051,0.00087
542.59,0.00043,0.0002,0.00028,0.00026,0.00051,0.00086
542.95,0.00045,0.00025,0.0003,0.0003,0.00057,0.0009
543.31,0.00047,0.0002,0.0003,0.0003,0.00059,0.00085
543.66,0.0005,0.00019,0.00029,0.00028,0.00065,0.00084
544.02,0.00053,0.00019,0.00024,0.00025,0.00066,0.00081
544.37,0.00056,0.00021,0.00026,0.00025,0.00068,0.00085
544.73,0.00055,0.00022,0.00025,0.00029,0.00071,0.00088
545.09,0.00053,0.00016,0.00021,0.00025,0.00074,0.00089
545.44,0.00051,0.00012,0.00016,0.00023,0.00069,0.00084
545.8,0.0005,9.00E-05,0.00015,0.00024,0.00069,0.00086
546.15,0.00049,8.00E-05,0.00014,0.00023,0.00068,0.00086
546.51,0.00046,7.00E-05,0.00017,0.00022,0.00067,0.00085
546.86,0.00049,9.00E-05,0.00016,0.00024,0.0007,0.00083
547.22,0.00048,9.00E-05,0.00015,0.00021,0.00069,0.0008
547.58,0.00049,0.00012,0.00014,0.00022,0.00066,0.00079
547.93,0.00055,0.00014,0.00018,0.00022,0.0007,0.0008
548.29,0.00057,0.00019,0.0002,0.00022,0.00068,0.00081
548.64,0.00056,0.00023,0.00021,0.00025,0.00066,0.00082
549,0.00059,0.0003,0.00025,0.00028,0.00064,0.00086
549.35,0.00055,0.00029,0.00025,0.00026,0.00059,0.00086
549.71,0.00057,0.00028,0.00027,0.00028,0.00058,0.00088
550.06,0.00057,0.00026,0.00029,0.0003,0.00056,0.00087
550.42,0.00048,0.00024,0.00025,0.00026,0.00051,0.00086
550.77,0.0005,0.00023,0.00027,0.00031,0.00053,0.00091
551.13,0.00051,0.00017,0.00024,0.00027,0.00051,0.00092
551.48,0.0005,0.00011,0.00023,0.00026,0.00048,0.00093
551.84,0.0005,9.00E-05,0.00026,0.00027,0.00046,0.00095
552.19,0.00051,0.0001,0.00026,0.00027,0.00047,0.00097
552.55,0.00049,7.00E-05,0.0002,0.00022,0.00048,0.00097
552.9,0.00053,6.00E-05,0.00019,0.00026,0.0005,0.00097
553.26,0.00051,5.00E-05,0.00015,0.00023,0.00051,0.00092
553.61,0.00053,9.00E-05,0.00017,0.00029,0.00063,0.00094
553.97,0.00054,9.00E-05,0.00013,0.0003,0.00069,0.00091
554.32,0.00054,7.00E-05,0.0001,0.00031,0.00075,0.00088
554.68,0.0005,6.00E-05,7.00E-05,0.0003,0.00076,0.00083
555.03,0.00051,0.0001,0.00011,0.00036,0.00082,0.00085
555.39,0.00049,0.00015,0.00013,0.00037,0.00084,0.00083
555.74,0.00048,0.00018,0.00015,0.00035,0.00086,0.00084
556.1,0.00047,0.00019,0.00011,0.00029,0.0008,0.00082
556.45,0.00043,0.00022,0.0001,0.00026,0.00078,0.00079
556.8,0.00043,0.00029,0.00013,0.00028,0.00075,0.00081
557.16,0.00045,0.00032,0.00011,0.00027,0.00068,0.00078
557.51,0.00045,0.00033,0.0001,0.00023,0.00061,0.00074
557.87,0.00051,0.00036,0.00013,0.00028,0.00061,0.00081
558.22,0.00052,0.00035,9.00E-05,0.00029,0.00058,0.00078
558.58,0.00053,0.00035,0.00013,0.00032,0.00055,0.00077
558.93,0.00057,0.00032,0.00018,0.00035,0.00055,0.0008
559.28,0.00058,0.00026,0.00013,0.00033,0.00053,0.00079
559.64,0.00064,0.00025,0.00019,0.00037,0.00058,0.00084
559.99,0.00069,0.00023,0.00018,0.00039,0.00062,0.00088
560.35,0.00067,0.00016,0.00019,0.00035,0.0006,0.00084
560.7,0.00064,0.00013,0.00022,0.00032,0.00059,0.00085
561.05,0.00064,0.00015,0.00024,0.00033,0.00062,0.0009
561.41,0.00063,0.00013,0.00024,0.00028,0.00061,0.00087
561.76,0.00062,0.00013,0.00024,0.00028,0.00063,0.00088
562.12,0.00057,0.00012,0.00026,0.00027,0.00068,0.00088
562.47,0.0005,9.00E-05,0.00028,0.00025,0.00069,0.00086
562.82,0.00051,0.0001,0.00031,0.0002,0.00075,0.00083
563.18,0.00051,7.00E-05,0.00034,0.00022,0.00078,0.00082
563.53,0.0005,1.00E-05,0.00036,0.00023,0.0008,0.00077
563.88,0.00049,0,0.00034,0.00025,0.00084,0.00075
564.24,0.00047,4.00E-05,0.00036,0.00026,0.00087,0.00075
564.59,0.00043,1.00E-05,0.0003,0.00025,0.00085,0.00071
564.95,0.00046,4.00E-05,0.00028,0.00027,0.00083,0.00073
565.3,0.00042,4.00E-05,0.00024,0.00032,0.00077,0.00074
565.65,0.00047,9.00E-05,0.00023,0.00032,0.00074,0.00073
566.01,0.00045,8.00E-05,0.00017,0.0003,0.00068,0.0007
566.36,0.00048,0.00013,0.0002,0.00032,0.00066,0.00074
566.71,0.00051,0.00013,0.00021,0.00032,0.00063,0.00076
567.07,0.00059,0.00019,0.00026,0.00036,0.00065,0.00078
567.42,0.00058,0.00023,0.0003,0.00037,0.00065,0.00079
567.77,0.00058,0.00029,0.00031,0.00037,0.00067,0.00082
568.13,0.00057,0.00034,0.0003,0.00039,0.00068,0.00088
568.48,0.00056,0.00041,0.00029,0.00038,0.00069,0.00093
568.83,0.00053,0.00041,0.00026,0.00037,0.00067,0.00094
569.18,0.00052,0.0004,0.00025,0.00037,0.00069,0.00094
569.54,0.00049,0.00037,0.00019,0.00033,0.00065,0.00093
569.89,0.00052,0.00034,0.00018,0.0003,0.00064,0.00092
570.24,0.00058,0.00031,0.0002,0.00027,0.00061,0.00093
570.6,0.00065,0.00027,0.00023,0.00026,0.00059,0.00094
570.95,0.00072,0.00022,0.0003,0.00024,0.00061,0.00094
571.3,0.0008,0.0002,0.00034,0.00026,0.00061,0.00091
571.65,0.00086,0.00019,0.00037,0.00025,0.00063,0.00089
572.01,0.00084,0.00013,0.00038,0.00021,0.00064,0.00087
572.36,0.00082,9.00E-05,0.00039,0.00023,0.00067,0.00086
572.71,0.00079,8.00E-05,0.00041,0.00026,0.0007,0.00083
573.06,0.00072,5.00E-05,0.00038,0.00025,0.00072,0.00077
573.42,0.00066,4.00E-05,0.00034,0.00027,0.00073,0.00072
573.77,0.00061,3.00E-05,0.00031,0.00029,0.00077,0.00072
574.12,0.00058,5.00E-05,0.00028,0.00032,0.00074,0.00074
574.47,0.00059,8.00E-05,0.0003,0.00036,0.00073,0.00079
574.83,0.00058,0.00011,0.00028,0.00039,0.00072,0.00081
575.18,0.00057,0.00013,0.00025,0.00035,0.0007,0.00085
575.53,0.00056,0.00013,0.00024,0.00037,0.00068,0.00089
575.88,0.00055,0.00014,0.00024,0.0004,0.00066,0.00095
576.24,0.00055,0.00016,0.00025,0.00041,0.00061,0.00099
576.59,0.00053,0.00017,0.00023,0.00041,0.0006,0.00098
576.94,0.00052,0.00023,0.00023,0.00043,0.00061,0.00099
577.29,0.00054,0.0003,0.00023,0.00041,0.00061,0.001
577.64,0.00053,0.00033,0.00019,0.00044,0.0006,0.00095
578,0.00058,0.00045,0.00022,0.00044,0.00065,0.00095
578.35,0.00056,0.00046,0.00022,0.00037,0.00062,0.00089
578.7,0.00058,0.00053,0.00025,0.00035,0.00064,0.00088
579.05,0.00058,0.00054,0.0003,0.00034,0.00067,0.00088
579.4,0.00057,0.0005,0.00032,0.00031,0.00065,0.00085
579.76,0.0006,0.00046,0.00034,0.00028,0.00061,0.00079
580.11,0.00072,0.00045,0.00041,0.00028,0.00066,0.00078
580.46,0.00075,0.00034,0.00038,0.00028,0.00066,0.00073
580.81,0.00084,0.00033,0.0004,0.00031,0.00069,0.00075
581.16,0.00088,0.00029,0.00039,0.00028,0.00073,0.00075
581.51,0.00093,0.00027,0.00038,0.00028,0.00073,0.00075
581.87,0.00097,0.00027,0.00039,0.00028,0.00076,0.00075
582.22,0.00092,0.00026,0.0004,0.00031,0.00078,0.00077
582.57,0.00083,0.00022,0.00039,0.00035,0.00074,0.00079
582.92,0.0008,0.00022,0.00042,0.00038,0.00069,0.00082
583.27,0.00075,0.00021,0.00043,0.00046,0.00069,0.00084
583.62,0.00064,0.00016,0.00041,0.0005,0.0006,0.00078
583.97,0.00063,0.00015,0.00037,0.00053,0.00056,0.00074
584.33,0.00058,0.00016,0.00032,0.00057,0.00053,0.00074
584.68,0.00061,0.00017,0.0003,0.00058,0.00053,0.00075
585.03,0.00059,0.00018,0.00027,0.00056,0.00057,0.00073
585.38,0.00054,0.00018,0.00023,0.00051,0.00056,0.00075
585.73,0.00054,0.00019,0.0002,0.00044,0.00055,0.00072
586.08,0.00056,0.00024,0.0002,0.00043,0.00061,0.00075
586.43,0.00051,0.00028,0.0002,0.0004,0.00062,0.00078
586.78,0.00054,0.00031,0.00023,0.00036,0.00066,0.00078
587.13,0.00053,0.00036,0.0002,0.00035,0.00068,0.00078
587.48,0.00055,0.00043,0.00021,0.00036,0.00068,0.0008
587.84,0.00058,0.00051,0.00025,0.00037,0.00073,0.00079
588.19,0.00053,0.00053,0.00026,0.00035,0.00072,0.00078
588.54,0.00055,0.00055,0.00027,0.00033,0.00073,0.00077
588.89,0.00057,0.00052,0.00029,0.00033,0.00069,0.00076
589.24,0.00059,0.00047,0.00029,0.00036,0.00066,0.00075
589.59,0.00063,0.00042,0.00032,0.00035,0.00062,0.00074
589.94,0.0007,0.00036,0.0003,0.00034,0.00057,0.00071
590.29,0.00082,0.00031,0.0003,0.00039,0.00055,0.00069
590.64,0.00093,0.00027,0.0003,0.00046,0.00053,0.00071
590.99,0.00102,0.00025,0.00033,0.00053,0.00052,0.00074
591.34,0.00105,0.00024,0.00036,0.00055,0.00054,0.00078
591.69,0.00103,0.00023,0.00039,0.00055,0.00054,0.00081
592.04,0.001,0.00021,0.0004,0.00057,0.00056,0.00083
592.39,0.00092,0.0002,0.00042,0.00054,0.00055,0.00086
592.74,0.00081,0.00017,0.0004,0.00049,0.00054,0.00085
593.09,0.00073,0.00017,0.00039,0.00045,0.00056,0.00085
593.44,0.0006,0.00013,0.00031,0.00033,0.0005,0.00081
593.79,0.00059,0.00012,0.00028,0.00031,0.00049,0.00082
594.14,0.00059,0.00012,0.00024,0.00029,0.00048,0.00079
594.49,0.00058,0.00013,0.00024,0.00027,0.00048,0.00077
594.84,0.00057,0.00014,0.00022,0.00026,0.00049,0.00078
595.19,0.00055,0.00014,0.00023,0.00023,0.00046,0.00077
595.54,0.00056,0.00018,0.00028,0.00021,0.00047,0.00076
595.89,0.0006,0.00025,0.00036,0.00026,0.00052,0.00079
596.24,0.00057,0.00037,0.00042,0.0003,0.00056,0.00079
596.59,0.00055,0.00047,0.00045,0.00032,0.00054,0.00081
596.94,0.00054,0.00057,0.00045,0.00035,0.00055,0.00083
597.29,0.00052,0.0006,0.00047,0.00036,0.00054,0.00079
597.64,0.00053,0.00065,0.00045,0.00038,0.00056,0.00081
597.99,0.00056,0.00066,0.00044,0.00047,0.00058,0.00085
598.34,0.00059,0.00062,0.00041,0.00048,0.00056,0.00086
598.69,0.00067,0.00053,0.00035,0.00041,0.00052,0.00084
599.04,0.00077,0.00044,0.00036,0.00038,0.00053,0.00084
599.39,0.00093,0.0004,0.00041,0.00037,0.00054,0.00086
599.74,0.00104,0.00031,0.00044,0.00034,0.00054,0.00085
600.09,0.00111,0.00026,0.00044,0.00032,0.00053,0.00085
600.44,0.00111,0.0002,0.00046,0.00028,0.00052,0.00083
600.79,0.00108,0.00018,0.00047,0.00026,0.00052,0.00083
601.14,0.00105,0.00017,0.00048,0.00025,0.00053,0.00084
601.49,0.00097,0.00014,0.00046,0.00023,0.00053,0.00084
601.83,0.0008,6.00E-05,0.00037,0.00014,0.00049,0.00078
602.18,0.00068,8.00E-05,0.00035,0.00017,0.00049,0.0008
602.53,0.00063,0.0001,0.00036,0.00015,0.0005,0.00083
602.88,0.00064,0.00014,0.00037,0.00018,0.00053,0.00085
603.23,0.00061,0.00017,0.00035,0.00016,0.00054,0.00082
603.58,0.00059,0.00021,0.00034,0.00017,0.00055,0.00083
603.93,0.00058,0.00032,0.00032,0.0002,0.00056,0.00085
604.28,0.00058,0.0004,0.0003,0.00022,0.00058,0.00087
604.63,0.00056,0.00048,0.00029,0.00023,0.0006,0.00089
604.97,0.00054,0.00057,0.00029,0.00024,0.00061,0.00088
605.32,0.00049,0.00058,0.00028,0.00018,0.00057,0.00084
605.67,0.0005,0.00063,0.00036,0.00019,0.00056,0.00085
606.02,0.00049,0.00062,0.0004,0.00016,0.00054,0.00081
606.37,0.0005,0.00053,0.00044,0.00014,0.00053,0.00079
606.72,0.00061,0.00046,0.00048,0.00015,0.0005,0.00078
607.07,0.00079,0.00038,0.00049,0.00013,0.00051,0.00075
607.42,0.00095,0.00027,0.00048,0.00015,0.0005,0.00072
607.76,0.00109,0.00021,0.00045,0.00017,0.00049,0.00074
608.11,0.00114,0.00014,0.00037,0.00017,0.00049,0.00072
608.46,0.00119,9.00E-05,0.00031,0.00019,0.00052,0.00075
608.81,0.00121,0.00011,0.00028,0.0002,0.00054,0.00075
609.16,0.00112,0.00013,0.00025,0.00019,0.00058,0.00077
609.51,0.00098,0.00014,0.00019,0.00018,0.00055,0.00079
609.85,0.00083,0.0002,0.00016,0.00018,0.00057,0.00083
610.2,0.00071,0.00026,0.00016,0.00016,0.00059,0.00083
610.55,0.00065,0.00032,0.00014,0.00014,0.00057,0.00082
610.9,0.00056,0.00039,0.00013,0.00014,0.00055,0.00082
611.25,0.00053,0.00043,0.00011,0.00015,0.00054,0.00083
611.59,0.00054,0.00048,9.00E-05,0.00016,0.00053,0.00083
611.94,0.00054,0.00053,0.00012,0.00018,0.00055,0.00085
612.29,0.00055,0.00049,0.00012,0.0002,0.00051,0.00085
612.64,0.00057,0.00044,0.00012,0.00018,0.00048,0.00086
612.99,0.00068,0.00041,0.00013,0.00021,0.00051,0.00091
613.33,0.00083,0.00037,0.00015,0.00021,0.00052,0.00092
613.68,0.00091,0.0003,0.00014,0.00019,0.00053,0.00094
614.03,0.00097,0.00023,0.00015,0.00023,0.00055,0.00095
614.38,0.001,0.00018,0.00012,0.00023,0.00055,0.00096
614.72,0.00098,0.00015,0.00012,0.0002,0.00055,0.00096
615.07,0.00098,0.00014,0.0001,0.00021,0.00056,0.00093
615.42,0.00088,7.00E-05,9.00E-05,0.00019,0.00054,0.0009
615.77,0.00075,6.00E-05,9.00E-05,0.00018,0.00055,0.0009
616.11,0.00068,0.0001,0.0001,0.00018,0.00056,0.0009
616.46,0.00062,0.00012,0.00013,0.00016,0.00056,0.00091
616.81,0.00058,0.00013,0.00015,0.00016,0.00056,0.00088
617.16,0.00057,0.00013,0.00015,0.00019,0.00057,0.00086
617.5,0.00052,0.00013,0.00012,0.00018,0.00058,0.00086
617.85,0.00048,0.00014,0.00013,0.00018,0.00059,0.00084
618.2,0.00047,0.0001,0.00011,0.00015,0.00057,0.00082
618.54,0.00043,7.00E-05,0.00011,0.00015,0.00055,0.0008
618.89,0.00042,5.00E-05,6.00E-05,0.00015,0.00055,0.00077
619.24,0.00041,1.00E-05,4.00E-05,0.00014,0.00055,0.00072
619.59,0.0004,-1.00E-05,1.00E-05,9.00E-05,0.00055,0.00071
619.93,0.00042,1.00E-05,4.00E-05,0.00011,0.00056,0.00075
620.28,0.00047,4.00E-05,5.00E-05,0.00015,0.00058,0.00077
620.63,0.00048,5.00E-05,7.00E-05,0.00017,0.00059,0.00079
620.97,0.00049,7.00E-05,4.00E-05,0.00019,0.00058,0.0008
621.32,0.00046,7.00E-05,7.00E-05,0.00018,0.00058,0.00083
621.67,0.00044,8.00E-05,9.00E-05,0.00019,0.00056,0.00083
622.01,0.00046,0.00011,0.0001,0.00024,0.00058,0.00084
622.36,0.00046,9.00E-05,9.00E-05,0.00024,0.00056,0.00081
622.71,0.00042,6.00E-05,6.00E-05,0.00021,0.00054,0.0008
623.05,0.00045,8.00E-05,8.00E-05,0.00024,0.00053,0.0008
623.4,0.00046,8.00E-05,0.0001,0.00022,0.00056,0.00078
623.75,0.00048,9.00E-05,9.00E-05,0.00023,0.00059,0.00079
624.09,0.0005,8.00E-05,6.00E-05,0.0002,0.00061,0.00081
624.44,0.00051,6.00E-05,6.00E-05,0.00016,0.00059,0.00082
624.79,0.00046,5.00E-05,5.00E-05,0.00013,0.00058,0.00082
625.13,0.00048,9.00E-05,0.0001,0.00017,0.00063,0.00083
625.48,0.00045,0.0001,7.00E-05,0.00015,0.00062,0.00083
625.82,0.00044,7.00E-05,5.00E-05,0.00014,0.00059,0.00086
626.17,0.00042,5.00E-05,6.00E-05,0.00015,0.00056,0.00086
626.52,0.00041,6.00E-05,0.0001,0.00019,0.00055,0.00089
626.86,0.00041,5.00E-05,0.00013,0.00022,0.00056,0.00092
627.21,0.00043,6.00E-05,0.00013,0.00023,0.00055,0.00091
627.55,0.00044,5.00E-05,0.00013,0.00021,0.00054,0.00092
627.9,0.00045,2.00E-05,0.0001,0.00024,0.00053,0.00094
628.25,0.00044,3.00E-05,0.00016,0.00026,0.00055,0.00096
628.59,0.00048,5.00E-05,0.00019,0.00025,0.00058,0.00094
628.94,0.00048,1.00E-05,0.00016,0.00022,0.00056,0.0009
629.28,0.00042,-1.00E-05,0.00014,0.0002,0.00057,0.00085
629.63,0.00046,2.00E-05,0.00014,0.00024,0.00061,0.00086
629.98,0.00045,-1.00E-05,0.00013,0.00023,0.00061,0.00088
630.32,0.00044,4.00E-05,0.00016,0.00022,0.00065,0.00088
630.67,0.00047,3.00E-05,0.00014,0.00022,0.00062,0.00084
631.01,0.00044,-1.00E-05,0.00011,0.0002,0.00058,0.00085
631.36,0.00044,1.00E-05,0.00011,0.0002,0.00062,0.00087
631.7,0.00048,6.00E-05,0.00014,0.00022,0.0006,0.00089
632.05,0.00047,6.00E-05,0.00013,0.00021,0.0006,0.00092
632.39,0.00045,5.00E-05,0.00013,0.0002,0.00056,0.00089
632.74,0.00048,5.00E-05,0.00015,0.00021,0.00058,0.00092
633.09,0.00045,5.00E-05,0.00015,0.00018,0.0006,0.00091
633.43,0.00045,7.00E-05,0.00015,0.0002,0.00061,0.00088
633.78,0.00044,8.00E-05,0.00013,0.00019,0.00059,0.00088
634.12,0.00044,6.00E-05,0.00011,0.00019,0.00061,0.00087
634.47,0.00045,6.00E-05,0.00015,0.00017,0.00061,0.00087
634.81,0.00043,6.00E-05,0.00014,0.00019,0.00063,0.00087
635.16,0.00043,3.00E-05,0.00012,0.00017,0.0006,0.00085
635.5,0.00043,4.00E-05,0.0001,0.00017,0.00058,0.00086
635.85,0.00043,3.00E-05,0.0001,0.00015,0.00059,0.00088
636.19,0.00044,7.00E-05,0.00011,0.00017,0.00058,0.00089
636.54,0.00043,0.0001,0.00014,0.00015,0.0006,0.00091
636.88,0.00043,6.00E-05,0.00011,0.00016,0.0006,0.00091
637.23,0.00044,5.00E-05,0.00011,0.00015,0.00057,0.0009
637.57,0.00043,6.00E-05,0.00012,0.00017,0.00058,0.00089
637.92,0.00043,6.00E-05,0.00014,0.00019,0.0006,0.0009
638.26,0.00044,5.00E-05,0.00013,0.00022,0.00061,0.0009
638.6,0.00044,3.00E-05,0.00013,0.00022,0.00061,0.00086
638.95,0.00039,-3.00E-05,8.00E-05,0.00019,0.00056,0.00082
639.29,0.00039,0,0.0001,0.00023,0.00058,0.00083
639.64,0.0004,3.00E-05,0.00012,0.00022,0.00062,0.00085
639.98,0.00041,5.00E-05,0.00011,0.00021,0.00061,0.00085
640.33,0.00041,6.00E-05,8.00E-05,0.00022,0.0006,0.00086
640.67,0.00039,9.00E-05,6.00E-05,0.0002,0.00059,0.00087
641.02,0.00043,9.00E-05,0.00011,0.00023,0.00061,0.00095
641.36,0.00045,0.00013,0.00016,0.00027,0.00066,0.00097
641.7,0.00045,0.00012,0.00016,0.00023,0.00066,0.00096
642.05,0.00048,9.00E-05,0.00016,0.00022,0.00068,0.00091
642.39,0.00046,0.00013,0.00019,0.00025,0.0007,0.00093
642.74,0.00048,8.00E-05,0.00021,0.00023,0.00068,0.0009
643.08,0.0005,0.00011,0.00025,0.00025,0.00068,0.00091
643.43,0.00051,0.00015,0.00026,0.00025,0.00069,0.00091
643.77,0.00052,0.00016,0.00026,0.00024,0.00068,0.0009
644.11,0.00049,0.00015,0.00024,0.00028,0.00067,0.00091
644.46,0.00049,0.00018,0.00024,0.00029,0.00066,0.00096
644.8,0.00052,0.00016,0.00024,0.00027,0.00065,0.00099
645.14,0.00049,0.00018,0.00026,0.00027,0.00067,0.001
645.49,0.0005,0.00016,0.00026,0.00028,0.00069,0.00103
645.83,0.00045,0.00015,0.00022,0.0003,0.00069,0.00102
646.18,0.00044,0.00012,0.00019,0.00028,0.00071,0.00105
646.52,0.00047,0.00015,0.00021,0.00029,0.00071,0.00109
646.86,0.00045,0.00012,0.00019,0.00031,0.00069,0.00108
647.21,0.0004,9.00E-05,0.00017,0.00031,0.00068,0.00104
647.55,0.00044,0.0001,0.00015,0.00032,0.00071,0.00105
647.89,0.00043,0.00012,0.00014,0.00029,0.00076,0.00106
648.24,0.00047,0.00011,0.00016,0.00029,0.00076,0.00108
648.58,0.0005,0.00011,0.00016,0.0003,0.00075,0.00106
648.92,0.00051,0.0001,0.00017,0.00027,0.00075,0.00104
649.27,0.00054,0.00015,0.00019,0.00028,0.00078,0.00105
649.61,0.00055,0.00016,0.00019,0.00025,0.00078,0.00105
649.95,0.00054,0.0002,0.00019,0.00025,0.00075,0.00106
650.3,0.00052,0.00016,0.00019,0.00026,0.00071,0.00104
650.64,0.00046,0.00012,0.00016,0.00024,0.00068,0.00099
650.98,0.00045,0.00017,0.00021,0.00025,0.0007,0.00104
651.33,0.00041,0.00011,0.00015,0.00024,0.00066,0.00101
651.67,0.00036,8.00E-05,0.00011,0.0002,0.00063,0.00099
652.01,0.00039,0.00011,0.00013,0.00021,0.00066,0.00101
652.36,0.00035,6.00E-05,0.00014,0.00022,0.00064,0.00101
652.7,0.00033,3.00E-05,0.00011,0.00021,0.00064,0.001
653.04,0.00036,6.00E-05,0.00015,0.00021,0.00064,0.00104
653.38,0.00033,1.00E-05,7.00E-05,0.00018,0.0006,0.00098
653.73,0.00037,8.00E-05,0.00011,0.00021,0.00064,0.00102
654.07,0.00038,0.0001,0.00012,0.00024,0.00067,0.00106
654.41,0.00037,9.00E-05,0.00012,0.00027,0.00063,0.00107
654.75,0.0004,8.00E-05,0.00012,0.00025,0.00068,0.00107
655.1,0.0004,9.00E-05,0.00014,0.00024,0.00065,0.00109
655.44,0.00038,6.00E-05,8.00E-05,0.00021,0.00064,0.0011
655.78,0.00043,0.0001,0.00014,0.00026,0.00069,0.00117
656.12,0.00047,7.00E-05,0.00016,0.00027,0.00071,0.00119
656.47,0.00048,3.00E-05,0.00019,0.00025,0.00068,0.00115
656.81,0.00048,6.00E-05,0.0002,0.00024,0.00074,0.00115
657.15,0.00045,8.00E-05,0.00019,0.00023,0.00074,0.00113
657.49,0.00047,0.00011,0.00018,0.00027,0.00079,0.00113
657.84,0.0005,0.00016,0.00023,0.00033,0.00082,0.00115
658.18,0.00049,0.00014,0.00021,0.00033,0.00083,0.00112
658.52,0.0004,0.00012,0.00017,0.00028,0.0008,0.00109
658.86,0.00035,0.00012,0.00015,0.00027,0.00079,0.00104
659.2,0.00033,9.00E-05,0.00012,0.00024,0.00078,0.00106
659.55,0.00032,6.00E-05,0.00011,0.00024,0.00079,0.0011
659.89,0.00033,4.00E-05,0.00013,0.00021,0.00078,0.00111
660.23,0.00033,1.00E-05,0.00014,0.00021,0.0008,0.00112
660.57,0.00028,0,9.00E-05,0.00018,0.00076,0.0011
660.91,0.00032,-1.00E-05,0.00012,0.00021,0.00076,0.00111
661.26,0.00039,1.00E-05,0.00014,0.00025,0.00082,0.00122
661.6,0.00038,-4.00E-05,0.00013,0.00025,0.00079,0.0012
661.94,0.00038,-1.00E-05,0.00015,0.00027,0.00079,0.00124
662.28,0.0004,3.00E-05,0.00015,0.00031,0.0008,0.00126
662.62,0.00042,5.00E-05,0.00016,0.0003,0.00083,0.00126
662.96,0.00045,4.00E-05,0.0002,0.0003,0.00082,0.0013
663.31,0.00044,8.00E-05,0.0002,0.0003,0.00084,0.00133
663.65,0.00045,6.00E-05,0.00019,0.0003,0.00081,0.0013
663.99,0.00047,0.0001,0.00021,0.00033,0.00083,0.00134
664.33,0.0005,0.00013,0.00024,0.00035,0.00084,0.00133
664.67,0.00053,0.00014,0.00027,0.00035,0.00085,0.00137
665.01,0.00052,0.00016,0.00025,0.00039,0.00082,0.00138
665.35,0.00052,0.00018,0.00026,0.00038,0.00085,0.0014
665.69,0.00053,0.00017,0.00025,0.00037,0.00084,0.00141
666.04,0.00049,0.00017,0.00027,0.00035,0.00085,0.00143
666.38,0.0005,0.00019,0.00029,0.00034,0.00088,0.00146
666.72,0.00051,0.00015,0.00029,0.00035,0.00088,0.00147
667.06,0.00049,0.00014,0.00027,0.00034,0.00089,0.00146
667.4,0.00049,0.00014,0.00029,0.00031,0.00092,0.00153
667.74,0.00049,0.00016,0.00026,0.00034,0.00095,0.00154
668.08,0.00048,0.00011,0.00025,0.00033,0.00094,0.00157
668.42,0.00048,0.00013,0.00026,0.00034,0.00096,0.00158
668.76,0.00048,0.00012,0.00022,0.00035,0.00094,0.00158
669.1,0.00046,0.00011,0.00017,0.00032,0.00093,0.00159
669.44,0.00046,9.00E-05,0.00017,0.00029,0.00091,0.00163
669.79,0.00044,8.00E-05,0.00016,0.00029,0.00088,0.00161
670.13,0.00042,7.00E-05,0.00017,0.00028,0.0009,0.00165
670.47,0.00041,0.00011,0.0002,0.00032,0.00093,0.00167
670.81,0.00046,0.00015,0.00024,0.00039,0.00097,0.00175
671.15,0.00047,0.00018,0.00026,0.00041,0.00099,0.00179
671.49,0.00049,0.0002,0.00024,0.00041,0.001,0.00184
671.83,0.00048,0.00021,0.00022,0.00043,0.001,0.00186
672.17,0.00051,0.00022,0.00022,0.00045,0.00101,0.0019
672.51,0.00052,0.00022,0.0002,0.00042,0.00097,0.00194
672.85,0.00051,0.00024,0.00016,0.00042,0.00097,0.00199
673.19,0.00051,0.00019,0.00011,0.00036,0.00092,0.00199
673.53,0.00051,0.00016,0.00011,0.00036,0.00095,0.00205
673.87,0.00045,0.00016,0.00014,0.00034,0.00094,0.00205
674.21,0.00045,0.00014,0.00016,0.00031,0.00097,0.00207
674.55,0.00046,0.00011,0.00016,0.00032,0.00101,0.00207
674.89,0.00049,0.00011,0.00018,0.00034,0.00106,0.00212
675.23,0.00053,0.0001,0.00023,0.00035,0.0011,0.00217
675.57,0.00049,0.00011,0.00026,0.00034,0.00114,0.0022
675.91,0.00046,0.00011,0.00024,0.00032,0.00113,0.0022
676.25,0.00047,9.00E-05,0.00024,0.00035,0.00114,0.00224
676.59,0.00049,0.00011,0.00025,0.0004,0.00115,0.00231
676.93,0.00048,0.00012,0.00026,0.00041,0.00115,0.00237
677.27,0.00044,0.00011,0.00023,0.00043,0.00116,0.00238
677.61,0.0004,8.00E-05,0.00023,0.00041,0.00114,0.00239
677.95,0.00043,0.0001,0.00024,0.00044,0.00116,0.00246
678.29,0.00041,9.00E-05,0.00023,0.00046,0.00113,0.00248
678.63,0.0004,0.0001,0.00019,0.00046,0.00117,0.0025
678.97,0.00041,0.00013,0.00021,0.00048,0.00123,0.00257
679.31,0.00042,0.00016,0.00023,0.00046,0.00127,0.00266
679.65,0.00043,0.00015,0.00025,0.00046,0.00131,0.00269
679.98,0.00043,0.00017,0.00021,0.0005,0.00131,0.00277
680.32,0.00042,0.00017,0.00021,0.00052,0.00129,0.0028
680.66,0.00045,0.00016,0.00024,0.0005,0.00132,0.00289
681,0.00051,0.00018,0.0003,0.00053,0.00136,0.00303
681.34,0.00045,0.00012,0.00023,0.00048,0.0013,0.00304
681.68,0.00042,8.00E-05,0.00021,0.00046,0.00128,0.00303
682.02,0.00042,9.00E-05,0.0002,0.00045,0.00126,0.00309
682.36,0.00043,0.00013,0.00022,0.00044,0.00128,0.00313
682.7,0.00042,0.00013,0.00023,0.00043,0.00135,0.00322
683.04,0.00044,0.00017,0.00021,0.00047,0.00141,0.0033
683.38,0.00044,0.00017,0.00021,0.0005,0.00145,0.00337
683.71,0.0005,0.00017,0.00024,0.00049,0.00148,0.00341
684.05,0.00053,0.00022,0.00029,0.00055,0.00155,0.00355
684.39,0.00057,0.00025,0.00034,0.00061,0.00162,0.00366
684.73,0.00057,0.00024,0.00032,0.00061,0.00163,0.00373
685.07,0.00054,0.00023,0.00029,0.00061,0.00162,0.00379
685.41,0.00054,0.00022,0.00032,0.00059,0.00163,0.00386
685.75,0.00051,0.00025,0.00033,0.00056,0.0016,0.00391
686.09,0.00049,0.00023,0.00031,0.00057,0.00159,0.00406
686.42,0.00045,0.00022,0.00028,0.00055,0.00158,0.00414
686.76,0.00045,0.0002,0.00027,0.00054,0.00159,0.00431
687.1,0.00043,0.00018,0.00026,0.00049,0.00159,0.00445
687.44,0.00044,0.00018,0.00028,0.0005,0.00166,0.00463
687.78,0.00046,0.00018,0.00026,0.0005,0.00169,0.00485
688.12,0.0005,0.00016,0.00027,0.00055,0.00173,0.00515
688.45,0.00049,0.0002,0.00033,0.0006,0.00182,0.00548
688.79,0.00048,0.0002,0.00034,0.0006,0.00186,0.00589
689.13,0.00046,0.00015,0.0003,0.0006,0.00188,0.00634
689.47,0.00048,0.00016,0.00034,0.00065,0.00197,0.007
689.81,0.00048,0.00015,0.00029,0.00064,0.00194,0.00777
690.14,0.00047,0.00013,0.0003,0.00066,0.00194,0.00879
690.48,0.0005,0.00018,0.00033,0.00068,0.00202,0.01013
690.82,0.00053,0.00015,0.00031,0.00068,0.00206,0.01179
691.16,0.00057,0.00018,0.00034,0.00072,0.00214,0.01403
691.5,0.00061,0.00026,0.00042,0.00076,0.00218,0.01691
691.83,0.00061,0.00029,0.00041,0.0008,0.00219,0.02053
692.17,0.00063,0.0003,0.00045,0.00083,0.00226,0.02521
692.51,0.00065,0.00033,0.0005,0.00087,0.00236,0.03103
692.85,0.00061,0.0003,0.00051,0.00082,0.00235,0.03819
693.18,0.0006,0.00032,0.0005,0.00085,0.00239,0.04696
693.52,0.00056,0.00024,0.00046,0.00083,0.00236,0.05755
693.86,0.00051,0.00016,0.00037,0.00072,0.00231,0.06998
694.2,0.00052,0.00013,0.00034,0.00072,0.00235,0.08419
694.53,0.00048,0.00013,0.00031,0.00067,0.00238,0.10012
694.87,0.00049,0.00011,0.00031,0.00064,0.00244,0.11751
695.21,0.00049,0.00013,0.00028,0.00069,0.0025,0.13601
695.55,0.00049,0.00013,0.00031,0.00069,0.00256,0.15523
695.88,0.00052,0.00024,0.00033,0.00076,0.00266,0.17447
696.22,0.00055,0.00029,0.00037,0.00088,0.0028,0.19325
696.56,0.00056,0.00031,0.00043,0.00091,0.00293,0.21133
696.9,0.00058,0.0003,0.0005,0.00099,0.00301,0.22839
697.23,0.00055,0.0003,0.00046,0.00098,0.00307,0.24406
697.57,0.00056,0.00027,0.00042,0.00096,0.0031,0.25823
697.91,0.00053,0.00026,0.00041,0.00096,0.00316,0.27085
698.24,0.00052,0.0002,0.0004,0.00094,0.00324,0.28196
698.58,0.00055,0.00023,0.00043,0.00098,0.00333,0.29175
698.92,0.00053,0.00024,0.00042,0.00101,0.00336,0.30024
699.25,0.00061,0.0003,0.00046,0.00105,0.00345,0.30769
699.59,0.00062,0.00029,0.0004,0.00107,0.0035,0.31438
699.93,0.00063,0.00032,0.00043,0.00111,0.00358,0.32095
700.26,0.00067,0.00031,0.00044,0.00114,0.00365,0.32743
700.6,0.00068,0.00033,0.00046,0.00117,0.00372,0.33409
700.94,0.00065,0.00027,0.00041,0.00108,0.00369,0.34134
701.27,0.00067,0.00028,0.00041,0.00108,0.00379,0.34904
701.61,0.0006,0.00028,0.00035,0.00109,0.00382,0.35714
701.95,0.00057,0.00028,0.00037,0.0011,0.00383,0.36553
702.28,0.00061,0.00031,0.00045,0.00116,0.00397,0.37362
702.62,0.00065,0.00039,0.0005,0.00119,0.00407,0.38179
702.96,0.00065,0.0004,0.00049,0.00116,0.00411,0.38923
703.29,0.00067,0.00044,0.00054,0.00121,0.00424,0.39589
703.63,0.00069,0.00046,0.00058,0.00123,0.00431,0.40197
703.96,0.00065,0.00041,0.00057,0.0012,0.00437,0.40727
704.3,0.00069,0.00043,0.00063,0.00124,0.00451,0.41185
704.64,0.00066,0.00043,0.00059,0.00123,0.00452,0.41607
704.97,0.0006,0.00036,0.00053,0.00118,0.00454,0.41949
705.31,0.00059,0.00034,0.00053,0.00123,0.00463,0.42289
705.64,0.00059,0.00035,0.00055,0.00128,0.00469,0.42601
705.98,0.0006,0.00031,0.00056,0.00133,0.00478,0.42887
706.32,0.00063,0.00035,0.00058,0.00141,0.0049,0.43172
706.65,0.00064,0.00038,0.00063,0.00149,0.00501,0.43463
706.99,0.00064,0.00038,0.00069,0.00154,0.00515,0.43735
707.32,0.00066,0.00037,0.00071,0.0016,0.00527,0.44022
707.66,0.00062,0.00036,0.00071,0.0016,0.00539,0.44275
707.99,0.00055,0.00031,0.00063,0.00158,0.00548,0.4449
708.33,0.00052,0.00037,0.00064,0.00162,0.00563,0.44682
708.67,0.00056,0.00037,0.00071,0.00164,0.00582,0.44834
709,0.00059,0.00039,0.00073,0.00168,0.00597,0.44913
709.34,0.00055,0.00037,0.00066,0.00164,0.00607,0.44914
709.67,0.00055,0.00045,0.00071,0.00171,0.00627,0.44855
710.01,0.00058,0.00045,0.00073,0.00176,0.00646,0.44735
710.34,0.00062,0.0005,0.00078,0.00178,0.00669,0.44585
710.68,0.00065,0.00052,0.00078,0.00182,0.0069,0.44413
711.01,0.00067,0.00056,0.00076,0.00187,0.00715,0.44218
711.35,0.00064,0.00056,0.0007,0.00188,0.00742,0.44018
711.68,0.00065,0.00057,0.0007,0.00194,0.00778,0.43839
712.02,0.00069,0.00055,0.00069,0.00198,0.00818,0.43707
712.35,0.00069,0.00057,0.00071,0.00201,0.00861,0.43623
712.69,0.00072,0.00055,0.00072,0.00207,0.00911,0.43602
713.02,0.00071,0.00052,0.00073,0.00209,0.00967,0.43607
713.36,0.00066,0.00054,0.00073,0.00209,0.01028,0.43666
713.69,0.00064,0.0005,0.00075,0.00205,0.01109,0.43779
714.03,0.00066,0.00048,0.00079,0.00206,0.01209,0.43971
714.36,0.00066,0.00046,0.00081,0.00212,0.01336,0.44144
714.7,0.00072,0.00052,0.00088,0.0022,0.01515,0.4434
715.03,0.00073,0.00052,0.00089,0.00224,0.01761,0.4454
715.37,0.00075,0.00052,0.00092,0.00226,0.02113,0.44727
715.7,0.00076,0.00046,0.00092,0.0023,0.02598,0.44897
716.04,0.00075,0.0005,0.00094,0.00236,0.03253,0.45049
716.37,0.00079,0.00058,0.00097,0.00247,0.04121,0.45148
716.7,0.00082,0.00063,0.00094,0.00247,0.0522,0.45227
717.04,0.0008,0.00063,0.00087,0.00249,0.06561,0.45281
717.37,0.00079,0.00064,0.00094,0.00254,0.08148,0.45302
717.71,0.00078,0.00067,0.00092,0.00261,0.09965,0.45314
718.04,0.00081,0.00067,0.00091,0.00265,0.11971,0.45308
718.38,0.00084,0.00067,0.00097,0.00273,0.14138,0.45304
718.71,0.00079,0.00067,0.00096,0.0028,0.16395,0.45301
719.04,0.00071,0.00063,0.00096,0.00287,0.18717,0.45304
719.38,0.0007,0.00062,0.00099,0.00293,0.21021,0.45291
719.71,0.0007,0.00066,0.00096,0.00297,0.2327,0.45272
720.05,0.00065,0.00066,0.00096,0.003,0.25419,0.4525
720.38,0.00064,0.00067,0.001,0.00305,0.27422,0.45235
720.71,0.00068,0.00069,0.00101,0.00315,0.29268,0.45207
721.05,0.00071,0.00067,0.00099,0.00317,0.30927,0.45174
721.38,0.00075,0.00073,0.00105,0.00325,0.3241,0.45138
721.72,0.00078,0.00076,0.0011,0.00335,0.33729,0.45095
722.05,0.00079,0.00081,0.00118,0.00343,0.34886,0.45074
722.38,0.00084,0.00082,0.00123,0.00352,0.35925,0.45065
722.72,0.00084,0.00088,0.00121,0.00359,0.36879,0.45062
723.05,0.0008,0.00082,0.0012,0.00366,0.3776,0.45046
723.38,0.00083,0.00088,0.00126,0.00374,0.38614,0.45039
723.72,0.00081,0.00084,0.00125,0.00374,0.39442,0.45044
724.05,0.00078,0.00081,0.00123,0.00372,0.4023,0.4505
724.38,0.00082,0.0008,0.00125,0.00383,0.41026,0.45064
724.72,0.00081,0.0008,0.00124,0.00392,0.41782,0.45079
725.05,0.00081,0.00077,0.00129,0.004,0.42461,0.45064
725.38,0.00083,0.00079,0.00129,0.00404,0.43086,0.45073
725.72,0.0008,0.00075,0.0013,0.00411,0.43602,0.4506
726.05,0.00082,0.00073,0.00133,0.00419,0.44043,0.45006
726.38,0.00088,0.00079,0.00137,0.00435,0.4438,0.4496
726.72,0.00089,0.0008,0.00138,0.00445,0.44605,0.4486
727.05,0.00095,0.00089,0.00144,0.00455,0.44732,0.44732
727.38,0.00095,0.00091,0.00148,0.00467,0.448,0.44598
727.71,0.00093,0.00092,0.00149,0.00479,0.44792,0.44412
728.05,0.00091,0.00094,0.00149,0.00492,0.44741,0.44226
728.38,0.00085,0.00094,0.0015,0.005,0.44643,0.44038
728.71,0.00082,0.00092,0.0015,0.00509,0.44535,0.43836
729.05,0.00085,0.00092,0.00152,0.00522,0.44431,0.43653
729.38,0.00084,0.00088,0.00152,0.00536,0.44334,0.43457
729.71,0.00088,0.00091,0.00155,0.00551,0.44248,0.43282
730.04,0.00089,0.00095,0.00159,0.00563,0.44204,0.43144
730.38,0.00101,0.00097,0.00163,0.0058,0.44179,0.4303
730.71,0.00104,0.00106,0.00168,0.00607,0.44199,0.42963
731.04,0.00107,0.00107,0.00177,0.00631,0.44293,0.42926
731.37,0.001,0.00111,0.00179,0.00648,0.44401,0.42918
731.71,0.00102,0.00109,0.00188,0.00669,0.44537,0.42935
732.04,0.00105,0.00112,0.00192,0.00698,0.44732,0.42958
732.37,0.00112,0.00114,0.00202,0.00737,0.44951,0.42961
732.7,0.00102,0.00117,0.00207,0.00774,0.45222,0.42895
733.04,0.0011,0.0012,0.00214,0.00824,0.45511,0.42776
733.37,0.00109,0.00121,0.0022,0.00877,0.4577,0.42567
733.7,0.00108,0.0012,0.00225,0.00954,0.46067,0.42253
734.03,0.00106,0.00119,0.00226,0.01057,0.46378,0.41867
734.36,0.00104,0.00116,0.00231,0.01189,0.46688,0.41378
734.7,0.00101,0.00113,0.00233,0.01377,0.47017,0.40822
735.03,0.00098,0.0011,0.00234,0.0165,0.47371,0.40251
735.36,0.00097,0.00112,0.0024,0.02035,0.47794,0.39627
735.69,0.00102,0.00112,0.00243,0.02596,0.48357,0.39001
736.02,0.00112,0.00115,0.00252,0.03381,0.49043,0.38382
736.35,0.00111,0.00122,0.00262,0.04427,0.49854,0.37741
736.69,0.00111,0.00125,0.00267,0.05789,0.50783,0.37032
737.02,0.0011,0.00125,0.00271,0.0748,0.51798,0.36228
737.35,0.00119,0.00132,0.00289,0.0953,0.5288,0.35247
737.68,0.00117,0.00132,0.00295,0.11908,0.5392,0.34079
738.01,0.00115,0.00139,0.00304,0.14572,0.54828,0.32643
738.34,0.00109,0.00138,0.00306,0.17452,0.55561,0.30885
738.68,0.00113,0.00137,0.00309,0.20463,0.56044,0.28828
739.01,0.00114,0.00141,0.00315,0.23515,0.56236,0.26511
739.34,0.00121,0.00151,0.00321,0.26475,0.56072,0.23966
739.67,0.00118,0.00154,0.00315,0.29254,0.5557,0.21291
740,0.00123,0.00163,0.00322,0.31764,0.54792,0.18561
740.33,0.00123,0.00165,0.00327,0.33944,0.53804,0.15893
740.66,0.00123,0.00172,0.0034,0.35766,0.52653,0.13386
740.99,0.00125,0.00177,0.00346,0.37224,0.51462,0.11109
741.32,0.00123,0.00175,0.00354,0.38338,0.50321,0.09114
741.66,0.00124,0.00182,0.00369,0.39199,0.49323,0.07413
741.99,0.00132,0.00186,0.00387,0.39828,0.48491,0.06033
742.32,0.00133,0.00188,0.00394,0.40313,0.47813,0.04924
742.65,0.00136,0.00193,0.00405,0.40706,0.47303,0.04072
742.98,0.00147,0.00196,0.00408,0.41061,0.46964,0.03424
743.31,0.00154,0.00211,0.0042,0.41422,0.46738,0.02945
743.64,0.00169,0.00229,0.00432,0.41789,0.46579,0.02593
743.97,0.00174,0.00229,0.00435,0.42158,0.46443,0.02332
744.3,0.00181,0.00238,0.00442,0.42538,0.46362,0.02146
744.63,0.00187,0.00242,0.00451,0.42924,0.46289,0.02012
744.96,0.00192,0.00251,0.00463,0.43269,0.46218,0.01916
745.29,0.002,0.00269,0.00475,0.43612,0.46122,0.01849
745.62,0.00202,0.00264,0.0048,0.43929,0.46015,0.01795
745.95,0.002,0.00268,0.00488,0.44264,0.45879,0.01749
746.28,0.00206,0.00277,0.005,0.44636,0.45741,0.01722
746.61,0.0021,0.00282,0.00515,0.45064,0.45605,0.017
746.94,0.00211,0.00283,0.00526,0.45602,0.455,0.01681
747.28,0.00221,0.00289,0.00537,0.46296,0.45406,0.01671
747.61,0.00214,0.0028,0.00557,0.47185,0.4531,0.01658
747.94,0.00217,0.00286,0.0058,0.48304,0.45214,0.01644
748.27,0.00228,0.00292,0.00604,0.49718,0.4516,0.01645
748.6,0.00231,0.00302,0.00629,0.51441,0.45118,0.01646
748.93,0.00229,0.00304,0.00654,0.5356,0.45019,0.01635
749.26,0.00233,0.00313,0.00691,0.56069,0.4488,0.01635
749.58,0.00236,0.00317,0.00733,0.58971,0.44682,0.01632
749.91,0.00247,0.00324,0.00781,0.62237,0.44442,0.01626
750.24,0.00252,0.0034,0.00851,0.65783,0.44173,0.01629
750.57,0.00257,0.00345,0.00945,0.69531,0.43841,0.01622
750.9,0.00263,0.00349,0.01074,0.73366,0.43477,0.01621
751.23,0.00275,0.00357,0.01249,0.77058,0.43126,0.01621
751.56,0.00286,0.00367,0.01498,0.80561,0.42755,0.01622
751.89,0.00288,0.00376,0.01846,0.83777,0.42385,0.01619
752.22,0.00298,0.00391,0.02343,0.86546,0.41982,0.01629
752.55,0.00307,0.00389,0.03035,0.88868,0.41471,0.01628
752.88,0.00311,0.00395,0.04007,0.90702,0.40825,0.01636
753.21,0.00314,0.00405,0.05338,0.92172,0.39948,0.01639
753.54,0.00314,0.00414,0.0706,0.93254,0.38734,0.01639
753.87,0.00319,0.00418,0.09233,0.93946,0.37144,0.0164
754.2,0.0033,0.00428,0.11857,0.94374,0.35148,0.01646
754.53,0.00324,0.00435,0.14849,0.94566,0.32725,0.01638
754.86,0.00338,0.0045,0.18132,0.94566,0.2996,0.0165
755.19,0.00342,0.00458,0.21533,0.94368,0.26891,0.01646
755.51,0.00353,0.00463,0.24899,0.93898,0.23671,0.01642
755.84,0.0037,0.00486,0.28083,0.93212,0.20438,0.01657
756.17,0.00387,0.00505,0.30973,0.92301,0.17322,0.0167
756.5,0.00396,0.00515,0.33502,0.9103,0.14396,0.01676
756.83,0.0042,0.00538,0.35699,0.89429,0.11796,0.01694
757.16,0.0042,0.00546,0.37601,0.87482,0.09525,0.01685
757.49,0.00432,0.00565,0.39354,0.85156,0.07641,0.01694
757.82,0.00442,0.00587,0.41114,0.82467,0.06122,0.01707
758.14,0.00447,0.00591,0.43017,0.79468,0.04916,0.017
758.47,0.00443,0.00602,0.45201,0.76246,0.03994,0.01693
758.8,0.00456,0.00622,0.47833,0.72848,0.03309,0.01691
759.13,0.00458,0.00636,0.50973,0.6936,0.02789,0.01685
759.46,0.00472,0.00666,0.54597,0.65922,0.02427,0.0169
759.79,0.00478,0.00705,0.58724,0.62554,0.02162,0.01689
760.12,0.00489,0.00751,0.6317,0.59457,0.01974,0.01687
760.44,0.00495,0.00807,0.67845,0.56662,0.01839,0.01689
760.77,0.00508,0.00882,0.72592,0.54197,0.01736,0.01693
761.1,0.00522,0.00979,0.77143,0.52164,0.01665,0.01695
761.43,0.00538,0.01092,0.81327,0.5053,0.01617,0.017
761.76,0.00549,0.01239,0.85073,0.49229,0.01578,0.01703
762.08,0.00567,0.0142,0.88231,0.4833,0.0155,0.01714
762.41,0.00588,0.01657,0.908,0.47702,0.01531,0.01717
762.74,0.00618,0.02005,0.9285,0.47265,0.0152,0.01722
763.07,0.00652,0.02536,0.94318,0.46999,0.01509,0.01726
763.4,0.00685,0.03369,0.95401,0.46813,0.015,0.01736
763.72,0.00735,0.0469,0.96139,0.46687,0.015,0.01736
764.05,0.00798,0.0667,0.96614,0.46577,0.01491,0.01742
764.38,0.00876,0.09502,0.96965,0.46424,0.01486,0.01735
764.71,0.00951,0.13329,0.97133,0.46235,0.01476,0.01732
765.04,0.01045,0.18209,0.97221,0.46032,0.01465,0.01738
765.36,0.01168,0.24124,0.97264,0.45815,0.01471,0.01745
765.69,0.01315,0.30972,0.97248,0.45549,0.01468,0.01738
766.02,0.01484,0.38569,0.97228,0.45207,0.01456,0.01741
766.35,0.01709,0.46567,0.97218,0.4473,0.01441,0.0174
766.67,0.02026,0.54639,0.97167,0.44042,0.01432,0.01746
767,0.02513,0.62421,0.97113,0.43054,0.01434,0.01753
767.33,0.03257,0.69603,0.97054,0.41635,0.01441,0.01755
767.65,0.04483,0.76003,0.97021,0.39748,0.01427,0.01749
767.98,0.06573,0.81424,0.97022,0.37346,0.01426,0.01753
768.31,0.10014,0.85823,0.96998,0.34418,0.01432,0.01759
768.64,0.15197,0.89251,0.96996,0.3108,0.01445,0.01761
768.96,0.22226,0.91784,0.96981,0.27444,0.01446,0.01756
769.29,0.30936,0.93693,0.97017,0.23659,0.01434,0.01758
769.62,0.40712,0.95043,0.97052,0.19963,0.01433,0.01761
769.94,0.50965,0.95959,0.97067,0.16444,0.01431,0.01764
770.27,0.60926,0.96603,0.9705,0.13258,0.0143,0.01767
770.6,0.6997,0.97072,0.97055,0.10518,0.01423,0.01763
770.92,0.77587,0.97323,0.97009,0.08232,0.01421,0.01763
771.25,0.83476,0.97477,0.96937,0.06389,0.01423,0.01778
771.58,0.87772,0.97544,0.96834,0.04958,0.0143,0.01779
771.9,0.90821,0.97584,0.96615,0.03864,0.01426,0.01781
772.23,0.93027,0.97659,0.96258,0.03033,0.01436,0.01788
772.56,0.94663,0.97674,0.95786,0.02432,0.01435,0.01794
772.88,0.95825,0.97632,0.95004,0.01987,0.0144,0.01804
773.21,0.96598,0.97659,0.93944,0.01669,0.01447,0.01808
773.54,0.97152,0.97693,0.92544,0.01441,0.01452,0.01799
773.86,0.97425,0.97656,0.90741,0.01271,0.01458,0.018
774.19,0.97566,0.9756,0.88503,0.0115,0.01457,0.01795
774.52,0.97644,0.97501,0.85874,0.01072,0.01454,0.01793
774.84,0.97689,0.97464,0.8276,0.01001,0.01456,0.01789
775.17,0.97758,0.97455,0.79333,0.00939,0.01445,0.0179
775.5,0.97849,0.97464,0.75624,0.00898,0.01441,0.01796
775.82,0.97851,0.97444,0.71707,0.00866,0.01431,0.01802
776.15,0.97868,0.97447,0.67696,0.0085,0.01425,0.01814
776.47,0.9793,0.97521,0.63848,0.00834,0.01425,0.01824
776.8,0.97932,0.97537,0.60161,0.00819,0.0143,0.01825
777.12,0.97886,0.97538,0.56818,0.00809,0.01434,0.01837
777.45,0.97827,0.97537,0.53881,0.00799,0.01447,0.01839
777.78,0.97779,0.97556,0.51334,0.00798,0.01446,0.01841
778.1,0.9776,0.97603,0.49091,0.00788,0.01454,0.01841
778.43,0.97744,0.9763,0.46987,0.00774,0.01457,0.01837
778.75,0.97677,0.97596,0.4481,0.00766,0.01463,0.01839
779.08,0.97705,0.97549,0.42429,0.00753,0.0145,0.01839
779.4,0.97729,0.97461,0.39701,0.00738,0.01444,0.01838
779.73,0.97749,0.97389,0.36538,0.00745,0.0144,0.01838
780.06,0.97769,0.97314,0.32936,0.00729,0.01441,0.0184
780.38,0.97801,0.97243,0.29044,0.00732,0.01442,0.0185
780.71,0.97829,0.97178,0.25004,0.00725,0.0144,0.01856
781.03,0.9788,0.97144,0.21052,0.0071,0.0143,0.01856
781.36,0.97901,0.97108,0.17318,0.00703,0.01436,0.01856
781.68,0.97946,0.97089,0.13945,0.00721,0.01435,0.01865
782.01,0.98012,0.97132,0.11049,0.00706,0.01425,0.01868
782.33,0.97952,0.97069,0.08617,0.00703,0.01422,0.01868
782.66,0.97898,0.96992,0.06653,0.00692,0.01423,0.01873
782.98,0.97853,0.96925,0.05102,0.00693,0.0142,0.01881
783.31,0.97777,0.9678,0.03903,0.00695,0.01426,0.01887
783.63,0.97712,0.96538,0.03001,0.00702,0.01423,0.01897
783.96,0.97651,0.96084,0.02323,0.00684,0.01423,0.01892
784.28,0.97579,0.95263,0.01832,0.00687,0.01431,0.01889
784.61,0.97613,0.94018,0.01478,0.00695,0.01442,0.01896
784.93,0.97667,0.92147,0.01216,0.00696,0.01439,0.01893
785.26,0.97705,0.89454,0.01031,0.00686,0.01436,0.01882
785.58,0.97758,0.85783,0.00895,0.0069,0.01449,0.01886
785.91,0.97776,0.81156,0.00797,0.00679,0.01449,0.01889
786.23,0.97789,0.75479,0.00728,0.00677,0.0145,0.0189
786.56,0.97766,0.68814,0.00674,0.00669,0.01454,0.019
786.88,0.977,0.61457,0.00621,0.00659,0.01444,0.01906
787.2,0.97539,0.53626,0.006,0.00663,0.01441,0.01908
787.53,0.97393,0.45722,0.00576,0.00666,0.01447,0.01917
787.85,0.97157,0.38064,0.00565,0.00649,0.01424,0.01916
788.18,0.96832,0.30975,0.00553,0.00652,0.01438,0.01919
788.5,0.96335,0.24671,0.00539,0.0064,0.01439,0.01928
788.83,0.95338,0.19265,0.00531,0.00641,0.01439,0.01934
789.15,0.93479,0.1482,0.00526,0.00639,0.01442,0.01927
789.47,0.90309,0.1129,0.0051,0.00632,0.01446,0.0192
789.8,0.85421,0.08529,0.00503,0.00628,0.01446,0.01923
790.12,0.789,0.06429,0.00501,0.00636,0.0146,0.01933
790.45,0.70903,0.0483,0.00489,0.00632,0.01456,0.01938
790.77,0.61782,0.03627,0.00476,0.00625,0.01449,0.01924
791.09,0.52148,0.02742,0.00477,0.00619,0.0145,0.01922
791.42,0.42589,0.02109,0.00472,0.00608,0.01447,0.0192
791.74,0.33788,0.0165,0.00477,0.00613,0.01441,0.01941
792.06,0.26226,0.01332,0.00472,0.00617,0.01445,0.01943
792.39,0.20063,0.01095,0.00461,0.00614,0.01456,0.01943
792.71,0.15165,0.00945,0.00467,0.00614,0.01459,0.01951
793.04,0.1138,0.00828,0.00466,0.00622,0.01466,0.01969
793.36,0.08456,0.00747,0.00458,0.00623,0.01471,0.01976
793.68,0.06253,0.00683,0.00459,0.00628,0.01477,0.01977
794.01,0.04616,0.00644,0.00449,0.00623,0.01497,0.01975
794.33,0.03414,0.00611,0.00454,0.0061,0.01504,0.01978
794.65,0.02552,0.00586,0.00443,0.00602,0.0149,0.01969
794.98,0.01939,0.00552,0.0043,0.00597,0.01493,0.01966
795.3,0.01519,0.00538,0.00425,0.00595,0.01497,0.0196
795.62,0.0124,0.00525,0.0042,0.00607,0.01502,0.01965
795.94,0.01043,0.00521,0.00413,0.00613,0.01505,0.0197
796.27,0.00887,0.00494,0.00406,0.00599,0.01498,0.01966
796.59,0.00781,0.00483,0.004,0.00602,0.01495,0.01965
796.91,0.00709,0.00478,0.00407,0.00607,0.0151,0.01981
797.24,0.00656,0.00471,0.00409,0.0061,0.0151,0.01987
797.56,0.00606,0.0047,0.00409,0.00608,0.01519,0.01991
797.88,0.00586,0.00467,0.00419,0.00611,0.01533,0.01995
798.21,0.00558,0.00459,0.00417,0.00607,0.01529,0.01996
798.53,0.00539,0.00468,0.00414,0.00612,0.01532,0.01999
798.85,0.00517,0.00457,0.00407,0.00616,0.01523,0.02008
799.17,0.00492,0.00442,0.00398,0.0061,0.01505,0.02002
799.5,0.00471,0.00436,0.00394,0.00611,0.01511,0.02004
799.82,0.00468,0.00436,0.0039,0.00611,0.01507,0.02007
800.14,0.00445,0.00429,0.00376,0.00606,0.01503,0.02012
800.46,0.00435,0.00429,0.00365,0.00607,0.0151,0.02023
800.79,0.00442,0.00414,0.00362,0.00614,0.01518,0.02022
801.11,0.00435,0.00408,0.00362,0.00617,0.01531,0.02028
801.43,0.00428,0.00403,0.00352,0.00622,0.01537,0.02023
801.75,0.00435,0.00404,0.0035,0.00622,0.01538,0.02023
802.07,0.0042,0.00396,0.00343,0.00628,0.01541,0.02025
802.4,0.00416,0.00386,0.00334,0.00617,0.01526,0.02021
802.72,0.00411,0.00381,0.0034,0.00623,0.01525,0.02025
803.04,0.00394,0.00385,0.00339,0.00618,0.01519,0.02035
803.36,0.0039,0.00385,0.00335,0.00619,0.01518,0.02026
803.68,0.00392,0.00383,0.00343,0.00624,0.01527,0.02047
804.01,0.0038,0.00382,0.00336,0.00629,0.01521,0.0206
804.33,0.00381,0.00373,0.00336,0.00622,0.01514,0.02066
804.65,0.00369,0.0037,0.00339,0.00626,0.01528,0.02054
804.97,0.00365,0.00364,0.00337,0.00621,0.01531,0.02054
805.29,0.00378,0.00366,0.00341,0.00628,0.01546,0.02061
805.62,0.00381,0.00372,0.00335,0.00623,0.01544,0.02068
805.94,0.00376,0.00371,0.00321,0.0061,0.0154,0.02058
806.26,0.00358,0.00355,0.0031,0.00598,0.01535,0.02048
806.58,0.00346,0.00347,0.00309,0.0059,0.01538,0.02053
806.9,0.00347,0.00346,0.00305,0.00586,0.01532,0.02068
807.22,0.00338,0.00346,0.0031,0.0059,0.01537,0.02063
807.54,0.00313,0.00341,0.00304,0.00585,0.01532,0.0206
807.87,0.00304,0.00328,0.00307,0.00581,0.01536,0.02053
808.19,0.00297,0.00321,0.00311,0.00577,0.0154,0.02047
808.51,0.00304,0.00322,0.00325,0.00581,0.01554,0.02044
808.83,0.00293,0.00325,0.00318,0.00595,0.01564,0.02045
809.15,0.00301,0.00332,0.0033,0.00607,0.01578,0.02045
809.47,0.00298,0.00326,0.00316,0.00598,0.01579,0.02052
809.79,0.00296,0.00314,0.00306,0.00596,0.01577,0.02047
810.11,0.00289,0.00309,0.00308,0.00597,0.01584,0.02062
810.43,0.00277,0.00309,0.00304,0.00595,0.01584,0.02075
810.76,0.00272,0.00304,0.00295,0.00597,0.01584,0.02084
811.08,0.00277,0.0031,0.00292,0.00595,0.01586,0.02085
811.4,0.00266,0.00298,0.00285,0.0059,0.01568,0.02084
811.72,0.00268,0.00284,0.0028,0.00592,0.01566,0.02086
812.04,0.00264,0.00275,0.00282,0.00591,0.01557,0.02084
812.36,0.00259,0.00269,0.00278,0.00601,0.01559,0.02082
812.68,0.00265,0.00269,0.00281,0.00619,0.01569,0.02085
813,0.0026,0.00269,0.00275,0.00615,0.01561,0.0208
813.32,0.00263,0.00254,0.00279,0.00619,0.01559,0.02076
813.64,0.00258,0.00246,0.00271,0.00606,0.01568,0.02077
813.96,0.00247,0.00243,0.00273,0.00602,0.01568,0.02079
814.28,0.00256,0.00258,0.00288,0.00605,0.01576,0.02091
814.6,0.00255,0.00262,0.00286,0.00603,0.01583,0.02085
814.92,0.00247,0.00249,0.00283,0.00596,0.01583,0.02089
815.24,0.00246,0.00243,0.00283,0.00604,0.0159,0.02091
815.56,0.00234,0.00247,0.0028,0.00603,0.01594,0.02094
815.88,0.00241,0.00267,0.00288,0.00632,0.01606,0.02104
816.2,0.00252,0.00274,0.00303,0.00643,0.01603,0.02104
816.52,0.00237,0.00262,0.00291,0.00649,0.01601,0.02104
816.84,0.00229,0.00247,0.00283,0.00625,0.01592,0.02108
817.16,0.00238,0.00262,0.00291,0.00633,0.01601,0.02117
817.48,0.00233,0.00252,0.00299,0.00634,0.01597,0.02121
817.8,0.00241,0.00243,0.00305,0.00639,0.01597,0.02132
818.12,0.00228,0.00223,0.003,0.00619,0.01598,0.02139
818.44,0.00214,0.00226,0.00285,0.00615,0.01606,0.02142
818.76,0.00201,0.00209,0.00277,0.00595,0.01602,0.02136
819.08,0.00214,0.00224,0.00288,0.00618,0.01612,0.0215
819.4,0.00217,0.00215,0.00274,0.00625,0.01599,0.02138
819.72,0.00225,0.00229,0.00276,0.00625,0.01605,0.02132
820.04,0.00218,0.00229,0.00272,0.00621,0.01603,0.02132
820.36,0.00206,0.0023,0.00275,0.0062,0.01603,0.02134
820.68,0.00205,0.0022,0.00275,0.00629,0.01601,0.02133
821,0.00213,0.00238,0.00288,0.00656,0.01614,0.02139
821.32,0.00205,0.00228,0.00281,0.00657,0.01611,0.02127
821.64,0.00195,0.00224,0.00295,0.00654,0.0163,0.02128
821.96,0.00193,0.00225,0.00293,0.00644,0.01649,0.02142
822.27,0.00196,0.00223,0.00296,0.00641,0.01666,0.02138
822.59,0.0021,0.00231,0.00301,0.00656,0.01659,0.02148
822.91,0.00201,0.00218,0.003,0.00645,0.01661,0.02153
823.23,0.00206,0.00225,0.003,0.00634,0.01672,0.02166
823.55,0.00206,0.00225,0.00313,0.00622,0.01684,0.02177
823.87,0.00201,0.00225,0.00303,0.0062,0.0167,0.0218
824.19,0.00195,0.00218,0.00301,0.00627,0.01656,0.02171
824.51,0.00187,0.00213,0.00295,0.00619,0.0165,0.02176
824.83,0.00167,0.00205,0.00286,0.00602,0.01647,0.02151
825.14,0.00193,0.00221,0.00298,0.00614,0.01663,0.02168
825.46,0.00206,0.0022,0.00304,0.00623,0.01669,0.02167
825.78,0.00199,0.00224,0.00295,0.0063,0.01649,0.02157
826.1,0.002,0.00233,0.00303,0.00633,0.01651,0.02155
826.42,0.00196,0.00232,0.00301,0.00621,0.01652,0.02165
826.74,0.00184,0.0024,0.00296,0.00631,0.0165,0.02159
827.06,0.00182,0.0023,0.00296,0.00634,0.01655,0.02174
827.37,0.00158,0.00232,0.00286,0.00621,0.01634,0.02162
827.69,0.00147,0.00232,0.0029,0.00616,0.01626,0.02168
828.01,0.00163,0.00227,0.00284,0.00612,0.01629,0.0218
828.33,0.00155,0.00218,0.00283,0.006,0.01629,0.0219
828.65,0.00162,0.0023,0.00281,0.00598,0.01626,0.0219
828.96,0.00156,0.00215,0.00283,0.00591,0.01624,0.02184
829.28,0.00165,0.00215,0.00299,0.00599,0.01637,0.02195
829.6,0.00174,0.00221,0.00302,0.00594,0.01646,0.02186
829.92,0.00162,0.00207,0.00286,0.00596,0.01637,0.02169
830.24,0.00143,0.00204,0.00287,0.00601,0.01637,0.02164
830.55,0.0014,0.00199,0.00274,0.00592,0.01645,0.02157
830.87,0.00148,0.00186,0.00289,0.00619,0.01661,0.02163
831.19,0.00172,0.002,0.00303,0.00623,0.01671,0.02172
831.51,0.00159,0.00204,0.00285,0.00619,0.01666,0.02166
831.83,0.00161,0.00195,0.00278,0.00623,0.0167,0.02173
832.14,0.00172,0.00206,0.00288,0.00615,0.01683,0.02182
832.46,0.00157,0.00209,0.00284,0.00606,0.01676,0.02168
832.78,0.00163,0.00218,0.00288,0.00628,0.01678,0.02168
833.1,0.00142,0.00224,0.00262,0.00603,0.01656,0.02151
833.41,0.0013,0.00221,0.00252,0.00608,0.01649,0.0216
833.73,0.00139,0.00223,0.00254,0.00612,0.01652,0.0216
834.05,0.00141,0.00229,0.00261,0.0063,0.0166,0.02174
834.36,0.00136,0.00226,0.00264,0.00636,0.01654,0.0218
834.68,0.00152,0.00243,0.00298,0.00665,0.0166,0.02204
835,0.00151,0.00245,0.00307,0.00647,0.01658,0.02212
835.32,0.00158,0.00232,0.0033,0.00661,0.01669,0.02229
835.63,0.0015,0.00227,0.0033,0.00642,0.01666,0.02217
835.95,0.00154,0.00226,0.00332,0.00649,0.01665,0.02216
836.27,0.00144,0.00224,0.00329,0.00644,0.01656,0.02222
836.58,0.00137,0.00216,0.00318,0.00633,0.01661,0.02213
836.9,0.00146,0.00214,0.00309,0.00622,0.01663,0.02218
837.22,0.0015,0.00212,0.00297,0.00641,0.01676,0.0223
837.53,0.00147,0.0022,0.00291,0.00634,0.01669,0.02235
837.85,0.00149,0.00231,0.00312,0.00664,0.01675,0.02252
838.17,0.00146,0.0024,0.00307,0.00653,0.01677,0.02245
838.48,0.00161,0.00247,0.00315,0.00644,0.01694,0.02232
838.8,0.00172,0.00242,0.00316,0.00667,0.01704,0.02248
839.12,0.00166,0.00227,0.00293,0.00649,0.01709,0.02229
839.43,0.00142,0.00213,0.00286,0.0064,0.01685,0.02224
839.75,0.00143,0.00218,0.00282,0.00649,0.01698,0.02232
840.07,0.00156,0.00208,0.00263,0.00626,0.01701,0.02217
840.38,0.00149,0.002,0.00271,0.00632,0.01714,0.02233
840.7,0.00141,0.0019,0.00274,0.00646,0.01709,0.02248
841.01,0.00145,0.00212,0.00284,0.00629,0.01713,0.02239
841.33,0.00141,0.00222,0.00301,0.00652,0.01743,0.02259
841.65,0.00153,0.00238,0.00302,0.0066,0.01765,0.02263
841.96,0.00159,0.00247,0.00319,0.00662,0.01783,0.02274
842.28,0.00158,0.00265,0.00312,0.00676,0.01787,0.02298
842.6,0.00153,0.00258,0.003,0.00656,0.01767,0.02283
842.91,0.00149,0.00255,0.00292,0.00652,0.0177,0.02264
843.23,0.0014,0.00253,0.00294,0.0065,0.01768,0.02258
843.54,0.00144,0.00242,0.00276,0.00633,0.01745,0.0225
843.86,0.00166,0.00257,0.00299,0.00642,0.01758,0.02257
844.17,0.00178,0.00261,0.00296,0.00645,0.01759,0.02245
844.49,0.00186,0.00262,0.00323,0.00656,0.01776,0.02249
844.81,0.00201,0.0028,0.00333,0.00676,0.01786,0.0225
845.12,0.00204,0.00302,0.00338,0.00686,0.01778,0.02266
845.44,0.00212,0.00289,0.00327,0.00685,0.01764,0.02279
845.75,0.00216,0.00292,0.00339,0.00696,0.01792,0.02293
846.07,0.00186,0.00254,0.00322,0.00675,0.01757,0.02265
846.38,0.0016,0.00252,0.0032,0.00671,0.01749,0.02264
846.7,0.00164,0.00244,0.00301,0.00657,0.01719,0.02248
847.01,0.00171,0.00238,0.00311,0.00663,0.01718,0.02258
847.33,0.00165,0.00216,0.00311,0.00637,0.01715,0.02238
847.64,0.00148,0.00208,0.0032,0.0064,0.01711,0.02232
847.96,0.00155,0.00215,0.00323,0.00648,0.01684,0.02232
848.27,0.00165,0.00227,0.00308,0.0065,0.01691,0.02247
848.59,0.00176,0.00227,0.00305,0.00652,0.01692,0.02246
848.9,0.00166,0.00227,0.00314,0.00659,0.01709,0.02266
849.22,0.0015,0.00222,0.00295,0.00654,0.01719,0.02278
849.53,0.00159,0.00223,0.00293,0.00691,0.01731,0.02297
849.85,0.00165,0.00239,0.00287,0.00699,0.01738,0.02302
850.16,0.00154,0.00258,0.00303,0.00701,0.01756,0.02301
850.48,0.00168,0.00269,0.00331,0.00717,0.01764,0.02325
850.79,0.00179,0.00276,0.00332,0.00715,0.01755,0.02333
851.11,0.00186,0.00283,0.00324,0.00726,0.01752,0.02333
851.42,0.00189,0.00272,0.00331,0.00717,0.01733,0.02334
851.74,0.00197,0.00269,0.00332,0.00709,0.01738,0.02342
852.05,0.00197,0.00267,0.0032,0.00713,0.01742,0.0236
852.36,0.00196,0.00239,0.00292,0.00692,0.0174,0.02365
852.68,0.00175,0.00226,0.00266,0.00672,0.01738,0.02352
852.99,0.00153,0.00205,0.00274,0.00673,0.0175,0.02349
853.31,0.00146,0.0019,0.00283,0.00668,0.01744,0.02345
853.62,0.00143,0.00194,0.0028,0.00675,0.0175,0.02321
853.94,0.00132,0.00196,0.00293,0.0067,0.01748,0.02314
854.25,0.00129,0.00194,0.003,0.00674,0.01753,0.023
854.56,0.00152,0.00205,0.00324,0.00678,0.01742,0.02301
854.88,0.00169,0.00219,0.00359,0.00699,0.01746,0.02315
855.19,0.00177,0.00215,0.00343,0.00714,0.01733,0.02311
855.51,0.00178,0.00218,0.00335,0.00713,0.0175,0.02302
855.82,0.00185,0.00222,0.00325,0.00701,0.01758,0.02303
856.13,0.00204,0.00225,0.00319,0.00697,0.01768,0.02326
856.45,0.00216,0.00235,0.00336,0.00689,0.01788,0.02325
856.76,0.00178,0.00222,0.00313,0.0069,0.01777,0.02301
857.07,0.00175,0.00213,0.0029,0.00685,0.0178,0.02278
857.39,0.00198,0.00233,0.00306,0.00674,0.01791,0.02289
857.7,0.00207,0.00255,0.00315,0.00701,0.01812,0.02314
858.02,0.00201,0.00268,0.0033,0.00702,0.01796,0.02335
858.33,0.00195,0.0028,0.00324,0.00695,0.0179,0.02312
858.64,0.00187,0.00247,0.00288,0.00677,0.0177,0.02301
858.96,0.00237,0.00272,0.00319,0.00716,0.01803,0.02336
859.27,0.00219,0.00263,0.00315,0.00711,0.01811,0.02338
859.58,0.00216,0.00262,0.00313,0.00701,0.01806,0.02347
859.9,0.00218,0.00247,0.00301,0.0068,0.01802,0.02347
860.21,0.00217,0.0023,0.00277,0.00687,0.01822,0.02336
860.52,0.00184,0.00196,0.00251,0.00678,0.01814,0.02318
860.83,0.00203,0.00218,0.00273,0.00704,0.01834,0.02344
861.15,0.0016,0.0019,0.00253,0.00653,0.01812,0.02321
861.46,0.00189,0.002,0.00282,0.00659,0.01816,0.02313
861.77,0.00192,0.00218,0.00298,0.0069,0.01832,0.02337
862.09,0.00171,0.00215,0.00289,0.00676,0.01806,0.02313
862.4,0.00181,0.00229,0.00322,0.00689,0.01823,0.02337
862.71,0.00212,0.00248,0.00343,0.00717,0.01828,0.02378
863.02,0.0021,0.00244,0.00352,0.00716,0.01821,0.02382
863.34,0.00233,0.00255,0.00346,0.00725,0.01823,0.02402
863.65,0.00211,0.00244,0.00311,0.00697,0.01815,0.0242
863.96,0.00198,0.00222,0.00297,0.00675,0.01806,0.02374
864.27,0.00222,0.0024,0.00326,0.0068,0.01815,0.02394
864.59,0.00227,0.00242,0.00318,0.00685,0.01817,0.02395
864.9,0.00232,0.00259,0.00321,0.00663,0.01837,0.02387
865.21,0.00227,0.0027,0.00341,0.0066,0.01834,0.02387
865.52,0.00206,0.00264,0.00342,0.00665,0.01833,0.02367
865.84,0.00212,0.0027,0.00362,0.00677,0.01839,0.02378
866.15,0.00197,0.00257,0.00344,0.00682,0.01827,0.02366
866.46,0.00189,0.00234,0.00319,0.00678,0.01829,0.02361
866.77,0.00179,0.00224,0.0031,0.00655,0.018,0.0234
867.08,0.00167,0.00215,0.00315,0.00667,0.01776,0.02338
867.4,0.00179,0.00232,0.00294,0.00666,0.01765,0.02332
867.71,0.00189,0.0025,0.00301,0.00658,0.01794,0.0235
868.02,0.00194,0.00275,0.00307,0.00681,0.01805,0.02362
868.33,0.00196,0.00274,0.00314,0.00672,0.01788,0.02384
868.64,0.00169,0.00289,0.00319,0.00677,0.01796,0.0239
868.96,0.00161,0.00299,0.0033,0.00687,0.01806,0.02409
869.27,0.00157,0.00279,0.00307,0.00679,0.01792,0.02407
869.58,0.00151,0.00256,0.00302,0.00689,0.01804,0.02423
869.89,0.00143,0.00244,0.00291,0.00688,0.01755,0.02424
870.2,0.00156,0.00236,0.00298,0.00673,0.01758,0.02407
870.51,0.00167,0.00243,0.00298,0.00668,0.01801,0.02396
870.82,0.00159,0.00217,0.00285,0.00633,0.01759,0.0236
871.14,0.00176,0.00215,0.00309,0.00641,0.01755,0.02358
871.45,0.00178,0.00229,0.0031,0.00638,0.01764,0.02361
871.76,0.0018,0.00239,0.00315,0.0061,0.0176,0.02368
872.07,0.00183,0.00259,0.00326,0.00656,0.01809,0.02374
872.38,0.00164,0.00251,0.00297,0.00665,0.01795,0.02379
872.69,0.00159,0.00289,0.00314,0.00688,0.01796,0.02404
873,0.00168,0.00299,0.00322,0.0072,0.0183,0.02423
873.31,0.00151,0.003,0.00308,0.00723,0.01827,0.02421
873.63,0.00149,0.00325,0.00337,0.00749,0.01859,0.02431
873.94,0.00126,0.00304,0.00318,0.00742,0.01852,0.02427
874.25,0.00122,0.00257,0.00295,0.00716,0.01827,0.02421
874.56,0.00127,0.00259,0.00317,0.00719,0.01841,0.02416
874.87,0.00144,0.00226,0.00314,0.00717,0.01838,0.02416
875.18,0.00153,0.00249,0.00337,0.00726,0.01827,0.02438
875.49,0.00155,0.00239,0.00315,0.00693,0.01823,0.0243
875.8,0.00173,0.00231,0.00334,0.00683,0.01828,0.02427
876.11,0.00199,0.00257,0.00362,0.00736,0.01863,0.02453
876.42,0.00183,0.00293,0.00368,0.00723,0.0186,0.0245
876.73,0.0019,0.00286,0.00377,0.00733,0.01846,0.0247
877.04,0.00182,0.00298,0.00384,0.00742,0.01837,0.02471
877.35,0.00188,0.00263,0.00374,0.00743,0.0185,0.0245
877.66,0.00184,0.00266,0.00387,0.00762,0.01871,0.02437
877.97,0.00201,0.00273,0.00392,0.00763,0.01878,0.02438
878.28,0.00187,0.00242,0.00375,0.00729,0.01861,0.02393
878.59,0.00215,0.00245,0.004,0.00745,0.01884,0.02399
878.9,0.00199,0.00239,0.00396,0.00719,0.01896,0.02378
879.21,0.00203,0.00221,0.0038,0.00701,0.01897,0.02372
879.52,0.00237,0.0028,0.00395,0.00747,0.01931,0.02423
879.83,0.00262,0.00294,0.00391,0.00755,0.01947,0.02446
880.14,0.00229,0.00269,0.00348,0.00747,0.01913,0.02443
880.45,0.00218,0.0029,0.0034,0.00744,0.01903,0.02444
880.76,0.00188,0.0026,0.00338,0.00737,0.01897,0.02427
881.07,0.00202,0.00267,0.00345,0.00766,0.01907,0.02455
881.38,0.00193,0.00274,0.00335,0.00767,0.01906,0.02451
881.69,0.0015,0.00228,0.00312,0.00705,0.01851,0.02419
882,0.00136,0.00218,0.00332,0.00709,0.01837,0.02421
882.31,0.00161,0.00216,0.00355,0.0072,0.0186,0.02438
882.62,0.0017,0.00222,0.00368,0.00727,0.0187,0.02461
882.93,0.00183,0.00241,0.00368,0.00736,0.01855,0.02448
883.24,0.00165,0.00232,0.00333,0.00713,0.01857,0.02429
883.55,0.0017,0.00257,0.00359,0.00718,0.01869,0.02466
883.86,0.00188,0.00234,0.00366,0.00751,0.01898,0.02472
884.17,0.00183,0.00226,0.00355,0.00753,0.01899,0.02469
884.48,0.00201,0.00263,0.00344,0.00755,0.01886,0.02484
884.79,0.00202,0.00237,0.00318,0.00763,0.01859,0.0245
885.09,0.00196,0.00226,0.00294,0.00721,0.0187,0.02448
885.4,0.00209,0.00242,0.00313,0.00723,0.01857,0.02443
885.71,0.00171,0.00203,0.00297,0.00712,0.01827,0.02392
886.02,0.00171,0.00228,0.00307,0.00687,0.01843,0.02363
886.33,0.00169,0.00211,0.00306,0.00671,0.01851,0.02346
886.64,0.00128,0.00183,0.00328,0.00665,0.01839,0.02322
886.95,0.00136,0.00203,0.00384,0.00691,0.01874,0.02373
887.26,0.00156,0.00219,0.00424,0.00733,0.01895,0.02415
887.57,0.00166,0.00214,0.00412,0.00752,0.01913,0.02414
887.87,0.00201,0.00229,0.00423,0.00772,0.01936,0.0243
888.18,0.00202,0.00257,0.0042,0.00789,0.01931,0.02462
888.49,0.00229,0.00289,0.00432,0.00793,0.01914,0.02501
888.8,0.0024,0.00285,0.00411,0.00791,0.01929,0.0251
889.11,0.00256,0.00285,0.00394,0.00776,0.01912,0.02485
889.42,0.00267,0.00292,0.00396,0.00778,0.01892,0.02492
889.72,0.00275,0.00317,0.0042,0.00762,0.01882,0.02511
890.03,0.00264,0.00338,0.00411,0.00746,0.01861,0.02498
890.34,0.00256,0.00328,0.00394,0.00714,0.01852,0.02497
890.65,0.00239,0.00339,0.00378,0.00726,0.01865,0.02495
890.96,0.00227,0.00322,0.00381,0.00728,0.01873,0.02484
891.27,0.00205,0.00313,0.00372,0.00722,0.01875,0.0246
891.57,0.00195,0.00296,0.00347,0.00705,0.01868,0.02434
891.88,0.002,0.00272,0.00336,0.00734,0.0185,0.02428
892.19,0.00219,0.00254,0.00335,0.00723,0.01881,0.02452
892.5,0.0021,0.00243,0.00332,0.00735,0.0187,0.02441
892.8,0.00215,0.0023,0.00349,0.0074,0.0187,0.02432
893.11,0.0021,0.00264,0.00331,0.00729,0.01862,0.02432
893.42,0.00204,0.00269,0.00322,0.00729,0.01867,0.02447
893.73,0.00249,0.00287,0.00334,0.0075,0.01899,0.02473
894.04,0.00222,0.00304,0.00332,0.00729,0.01913,0.02473
894.34,0.00227,0.00325,0.0033,0.00765,0.01915,0.02467
894.65,0.00247,0.00348,0.0036,0.00777,0.0191,0.02474
894.96,0.00242,0.00338,0.00338,0.00763,0.0189,0.02482
895.26,0.00213,0.0029,0.00327,0.00754,0.01883,0.02451
895.57,0.0022,0.00322,0.0033,0.0074,0.01897,0.02473
895.88,0.00172,0.0032,0.00331,0.00726,0.01894,0.02467
896.19,0.00208,0.00316,0.00359,0.00741,0.01913,0.02502
896.49,0.002,0.00288,0.00357,0.00724,0.0189,0.02506
896.8,0.00219,0.00263,0.00352,0.00729,0.019,0.02519
897.11,0.00227,0.0028,0.00367,0.0073,0.01892,0.02497
897.42,0.00254,0.003,0.00385,0.00727,0.01889,0.02494
897.72,0.00225,0.00262,0.0035,0.00719,0.01842,0.02437
898.03,0.00231,0.0025,0.00359,0.0072,0.01814,0.02436
898.34,0.00194,0.0024,0.00318,0.00709,0.0179,0.02388
898.64,0.00189,0.0023,0.00331,0.00693,0.01814,0.02364
898.95,0.0018,0.00224,0.00348,0.00706,0.01829,0.02332
899.26,0.00153,0.00201,0.00331,0.00727,0.0185,0.02358
899.56,0.00152,0.00188,0.00312,0.00726,0.01867,0.02387
899.87,0.00177,0.00202,0.00355,0.00722,0.01888,0.02432
900.18,0.00178,0.00218,0.00334,0.00716,0.01901,0.02422
900.48,0.00181,0.00225,0.00347,0.00692,0.01912,0.02458
900.79,0.00168,0.00257,0.0032,0.00682,0.01895,0.02471
901.1,0.0017,0.00259,0.00294,0.00657,0.01886,0.02506
901.4,0.00201,0.00277,0.00296,0.00642,0.01884,0.02489
901.71,0.00204,0.00302,0.00341,0.00668,0.01884,0.02495
902.01,0.00196,0.00298,0.00351,0.00667,0.01863,0.0249
902.32,0.00205,0.00281,0.00356,0.00694,0.01901,0.02529
902.63,0.00226,0.00283,0.00369,0.00711,0.01905,0.02527
902.93,0.0025,0.00243,0.004,0.00727,0.01926,0.02539
903.24,0.00248,0.00242,0.00405,0.00736,0.01902,0.02509
903.54,0.00225,0.00236,0.00408,0.00735,0.01917,0.02516
903.85,0.0023,0.00212,0.00388,0.00734,0.01917,0.02527
904.16,0.00225,0.00204,0.00372,0.00756,0.01958,0.02537
904.46,0.00208,0.00201,0.00351,0.00721,0.01918,0.02494
904.77,0.00194,0.00195,0.0032,0.00727,0.01932,0.0249
905.07,0.00207,0.00187,0.00309,0.00724,0.01924,0.02501
905.38,0.00199,0.00185,0.00298,0.00721,0.01952,0.02539
905.68,0.00239,0.00191,0.0033,0.00746,0.01961,0.02564
905.99,0.00263,0.00246,0.00346,0.00749,0.01987,0.02571
906.3,0.00279,0.00268,0.00351,0.00762,0.01982,0.02572
906.6,0.00281,0.00272,0.0038,0.00759,0.0199,0.02596
906.91,0.0031,0.00289,0.00439,0.0076,0.02001,0.0261
907.21,0.00274,0.00337,0.00427,0.00765,0.02001,0.0259
907.52,0.00266,0.00361,0.00435,0.00786,0.02012,0.02571
907.82,0.00224,0.00357,0.00408,0.00786,0.02001,0.02547
908.13,0.00209,0.00319,0.00393,0.00786,0.01963,0.02513
908.43,0.00201,0.00309,0.00411,0.0077,0.01971,0.02509
908.74,0.00209,0.00341,0.00439,0.00795,0.01991,0.02488
909.04,0.00193,0.00303,0.00408,0.00804,0.01967,0.02472
909.35,0.00195,0.00282,0.00408,0.008,0.01959,0.02465
909.65,0.0023,0.00275,0.00437,0.00794,0.01969,0.02466
909.96,0.00257,0.00286,0.00445,0.00762,0.01981,0.0247
910.26,0.00245,0.00298,0.00435,0.00762,0.01998,0.02486
910.57,0.0026,0.00311,0.00426,0.00773,0.01999,0.02479
910.87,0.00256,0.00279,0.00406,0.00768,0.02,0.02486
911.18,0.00227,0.0028,0.00387,0.00768,0.01993,0.02453
911.48,0.00221,0.00266,0.00394,0.00785,0.02003,0.02452
911.79,0.00174,0.00268,0.00349,0.0075,0.02005,0.02438
912.09,0.00152,0.00258,0.00326,0.00734,0.01987,0.02441
912.39,0.00168,0.00259,0.00346,0.0073,0.01981,0.02462
912.7,0.00146,0.00208,0.00346,0.00711,0.01969,0.02471
913,0.0015,0.00211,0.00349,0.007,0.01945,0.02473
913.31,0.00181,0.00257,0.00379,0.00685,0.0195,0.025
913.61,0.00166,0.0023,0.00361,0.00662,0.01925,0.02486
913.92,0.00222,0.00219,0.00364,0.00678,0.01897,0.02504
914.22,0.00197,0.00196,0.00336,0.00697,0.01863,0.02452
914.52,0.00205,0.00212,0.00319,0.00717,0.01884,0.02469
914.83,0.00211,0.00256,0.00322,0.00716,0.01888,0.02459
915.13,0.00226,0.00249,0.00323,0.0072,0.0187,0.02456
915.44,0.00197,0.00224,0.00297,0.00716,0.01824,0.02449
915.74,0.00227,0.00287,0.0031,0.00711,0.01836,0.02473
916.04,0.00174,0.00303,0.00335,0.007,0.01839,0.02483
916.35,0.00207,0.00307,0.00384,0.00707,0.01857,0.02514
916.65,0.00195,0.00311,0.00413,0.0072,0.01839,0.02481
916.96,0.00203,0.00299,0.00419,0.0076,0.01844,0.02514
917.26,0.00183,0.00338,0.00432,0.00781,0.01869,0.02516
917.56,0.00204,0.003,0.00464,0.00768,0.01927,0.02504
917.87,0.0021,0.00307,0.00468,0.00778,0.0195,0.02514
918.17,0.0023,0.00313,0.00453,0.00789,0.01959,0.02498
918.47,0.00231,0.00325,0.0041,0.00768,0.01957,0.02479
918.78,0.00222,0.00312,0.00419,0.00763,0.0197,0.02506
919.08,0.0019,0.00304,0.00402,0.00734,0.01932,0.02464
919.38,0.00202,0.00253,0.00373,0.00714,0.01928,0.02437
919.69,0.00215,0.00319,0.00352,0.00715,0.01925,0.02484
919.99,0.00198,0.00311,0.00366,0.00754,0.01901,0.02471
920.29,0.00176,0.00274,0.00351,0.00751,0.01881,0.02457
920.59,0.00167,0.00241,0.00377,0.0073,0.01864,0.02465
920.9,0.00148,0.00215,0.00352,0.00705,0.01837,0.02418
921.2,0.00187,0.00241,0.00355,0.00666,0.01852,0.02432
921.5,0.002,0.00289,0.00354,0.00671,0.01878,0.02445
921.81,0.00225,0.00326,0.00392,0.00739,0.01922,0.02454
922.11,0.00278,0.00316,0.00406,0.00731,0.0196,0.025
922.41,0.00324,0.00383,0.00413,0.00757,0.01974,0.02514
922.71,0.00332,0.00385,0.00414,0.00768,0.02036,0.02539
923.02,0.00385,0.00373,0.00401,0.00776,0.02045,0.02548
923.32,0.00352,0.00321,0.00382,0.00782,0.02073,0.02521
923.62,0.00314,0.00287,0.00349,0.00723,0.02049,0.02491
923.92,0.0029,0.00228,0.00296,0.00679,0.02012,0.02482
924.23,0.0026,0.00237,0.00296,0.00679,0.01989,0.02473
924.53,0.00235,0.00163,0.00311,0.0066,0.01953,0.02464
924.83,0.00231,0.00212,0.00352,0.00701,0.01946,0.02467
925.13,0.00183,0.00204,0.00352,0.00664,0.01904,0.02461
925.44,0.00224,0.00253,0.00388,0.0072,0.01905,0.02496
925.74,0.00191,0.00211,0.00401,0.00712,0.01819,0.02473
926.04,0.00163,0.00223,0.00419,0.00739,0.01833,0.02465
926.34,0.00187,0.00243,0.00435,0.00718,0.0185,0.02434
926.64,0.00142,0.00239,0.00426,0.00708,0.01829,0.02404
926.95,0.00164,0.00228,0.00411,0.00708,0.01837,0.02421
927.25,0.00129,0.00264,0.00374,0.00682,0.01848,0.02369
927.55,0.00125,0.00262,0.00362,0.00658,0.01797,0.02373
927.85,0.00185,0.00343,0.00381,0.00701,0.01873,0.02492
928.15,0.00231,0.00347,0.00429,0.00713,0.0186,0.02483
928.46,0.00178,0.00301,0.0041,0.00704,0.01788,0.02465
928.76,0.00217,0.00338,0.00417,0.00698,0.01816,0.02442
929.06,0.00188,0.00348,0.00399,0.00661,0.01753,0.02429
929.36,0.00203,0.00369,0.00409,0.00728,0.01796,0.02469
929.66,0.00173,0.00359,0.00373,0.00723,0.0188,0.02485
929.96,0.00167,0.00331,0.0038,0.00757,0.01899,0.02436
930.26,0.00176,0.00321,0.0033,0.00707,0.01888,0.02451
930.57,0.00197,0.00323,0.00334,0.00725,0.01945,0.02469
930.87,0.00174,0.00306,0.00321,0.00751,0.01989,0.02526
931.17,0.00168,0.00276,0.00329,0.00784,0.02038,0.0254
931.47,0.00225,0.0031,0.0044,0.00796,0.02109,0.02639
931.77,0.00263,0.00342,0.00489,0.00819,0.02086,0.02647
932.07,0.00229,0.0035,0.00426,0.00821,0.02095,0.0265
932.37,0.00156,0.00338,0.00416,0.00793,0.02112,0.02596
932.67,0.00154,0.00352,0.00416,0.00816,0.02148,0.02623
932.97,0.00137,0.0036,0.00429,0.00792,0.02127,0.02623
933.27,0.00152,0.00392,0.0044,0.00821,0.02156,0.02644
933.58,0.0011,0.00349,0.00368,0.00763,0.02061,0.02574
933.88,0.00079,0.00298,0.0035,0.00729,0.02017,0.0251
934.18,0.00084,0.00294,0.00429,0.00699,0.02034,0.02501
934.48,0.00088,0.00292,0.00454,0.00718,0.02001,0.02514
934.78,0.00075,0.00263,0.0041,0.00704,0.01922,0.02429
935.08,0.00156,0.00312,0.00418,0.00764,0.01925,0.02465
935.38,0.00148,0.00278,0.00412,0.00744,0.01852,0.02417
935.68,0.00197,0.00309,0.00445,0.00799,0.01857,0.02437
935.98,0.00159,0.00301,0.00431,0.00805,0.01831,0.02429
936.28,0.00172,0.00338,0.0044,0.00819,0.01769,0.02446
936.58,0.00164,0.00317,0.00405,0.00834,0.01752,0.02443
936.88,0.00176,0.00358,0.00459,0.00754,0.01785,0.02512
937.18,0.001,0.00304,0.00374,0.00698,0.01748,0.02457
937.48,0.00156,0.00371,0.00424,0.00697,0.01788,0.02492
937.78,0.00115,0.00265,0.00395,0.0064,0.01789,0.02477
938.08,0.00166,0.00279,0.00409,0.00656,0.01873,0.02524
938.38,0.00162,0.00231,0.00398,0.00679,0.01906,0.02502
938.68,0.0016,0.00195,0.00385,0.00658,0.0188,0.02484
938.98,0.00125,0.00136,0.0035,0.00699,0.0181,0.02417
939.28,0.00124,0.00119,0.00427,0.00715,0.01844,0.0243
939.58,0.00026,0.00032,0.00296,0.00706,0.01774,0.02372
939.88,0.00025,0.00094,0.00255,0.00689,0.0181,0.02309
940.18,0.00054,0.00171,0.0024,0.00684,0.01721,0.02303
940.48,0.00073,0.00165,0.00246,0.00676,0.0176,0.02296
940.78,0.00117,0.00205,0.00282,0.00711,0.01838,0.02349
941.08,0.00139,0.00226,0.00311,0.00745,0.01922,0.02426
941.38,0.00208,0.00332,0.00338,0.00778,0.01946,0.02424
941.68,0.00293,0.00359,0.00377,0.00729,0.02019,0.02412
941.98,0.00349,0.00406,0.00407,0.00821,0.02054,0.02504
942.27,0.00366,0.00362,0.00476,0.00803,0.0211,0.025
942.57,0.00334,0.00386,0.0047,0.00771,0.02062,0.02513
942.87,0.00335,0.00435,0.00491,0.00775,0.02038,0.02494
943.17,0.00361,0.00509,0.00535,0.00779,0.02012,0.02433
943.47,0.00331,0.0047,0.00506,0.00775,0.02008,0.02442
943.77,0.0025,0.00466,0.00494,0.00812,0.01991,0.02441
944.07,0.00273,0.00472,0.00549,0.00777,0.0193,0.02463
944.37,0.00213,0.00409,0.00458,0.0077,0.01876,0.02475
944.67,0.0027,0.00429,0.00419,0.00771,0.01893,0.02458
944.97,0.00188,0.00375,0.00412,0.00763,0.01891,0.02434
945.26,0.00126,0.00365,0.00317,0.0074,0.01911,0.02467
945.56,0.00085,0.00335,0.00324,0.00704,0.01898,0.02481
945.86,0.00128,0.0032,0.00374,0.00625,0.01904,0.025
946.16,-6.00E-05,0.00252,0.00246,0.00553,0.0188,0.02368
946.46,5.00E-05,0.00277,0.0031,0.0056,0.01946,0.02367
946.76,-0.00052,0.00212,0.00327,0.00541,0.01947,0.02353
947.05,0.00056,0.00267,0.00358,0.00545,0.01958,0.02397
947.35,0.00129,0.00259,0.00397,0.00538,0.01961,0.02386
947.65,0.00157,0.00148,0.00336,0.00453,0.01915,0.02335
947.95,0.00148,0.002,0.00355,0.00544,0.01936,0.02386
948.25,0.00171,0.00258,0.00463,0.00648,0.01977,0.02475
948.55,0.00236,0.00283,0.0045,0.00688,0.02017,0.02462
948.84,0.00235,0.00247,0.00343,0.00646,0.0193,0.02471
949.14,0.00205,0.00233,0.00302,0.00643,0.01912,0.0245
949.44,0.0022,0.00178,0.00273,0.00644,0.01878,0.02462
949.74,0.00203,0.002,0.00261,0.00682,0.01832,0.02388
950.04,0.00275,0.00153,0.00248,0.00648,0.01807,0.02322
950.33,0.00259,0.00081,0.00137,0.00545,0.01744,0.02232
950.63,0.00206,0.00075,0.00038,0.00483,0.01663,0.02149
950.93,0.00165,0.00119,0.00062,0.00492,0.01644,0.02065
951.23,0.00157,0.00051,-3.00E-05,0.00453,0.01592,0.02062
951.52,0.0021,0.00103,0.00038,0.00444,0.01635,0.02077
951.82,0.00294,0.00206,0.00153,0.00537,0.01788,0.02201
952.12,0.002,0.00243,0.00147,0.00568,0.01785,0.02174
952.42,0.00268,0.00248,0.00204,0.00614,0.01841,0.02209
952.71,0.00218,0.0024,0.00256,0.00634,0.01865,0.02289
953.01,0.00368,0.00376,0.00394,0.00808,0.02092,0.02431
953.31,0.00342,0.00419,0.00451,0.00764,0.02123,0.02422
953.61,0.0027,0.00419,0.00413,0.00798,0.02096,0.02447
953.9,0.00171,0.00403,0.00306,0.00708,0.02046,0.02423
954.2,0.00145,0.00372,0.00282,0.00651,0.02055,0.02403
954.5,0.00143,0.00377,0.00273,0.00582,0.01976,0.0239
954.79,0.00241,0.00402,0.0029,0.00645,0.01977,0.02352
955.09,0.00212,0.00294,0.00251,0.0055,0.01807,0.02302
955.39,0.00173,0.00254,0.00187,0.00578,0.01787,0.02268
955.68,0.00123,0.00197,0.00145,0.00599,0.01751,0.02222
955.98,0.00227,0.00255,0.00271,0.00604,0.01717,0.02292
956.28,0.00315,0.0031,0.00246,0.00685,0.01752,0.0237
956.57,0.00379,0.00368,0.00336,0.00817,0.01874,0.02452
956.87,0.0028,0.0034,0.00381,0.00724,0.01855,0.02422
957.17,0.00183,0.00313,0.00398,0.00673,0.01872,0.02491
957.46,0.00276,0.00379,0.00441,0.0072,0.01905,0.0247
957.76,0.00341,0.00459,0.00526,0.00722,0.01951,0.02478
958.06,0.00245,0.00406,0.00447,0.00775,0.01961,0.02307
958.35,0.00244,0.0037,0.00557,0.00747,0.0195,0.02277
958.65,0.00153,0.00261,0.00483,0.00646,0.01743,0.02175
958.95,0.0023,0.00246,0.00391,0.00675,0.01671,0.02209
959.24,0.00253,0.00277,0.0029,0.00724,0.01641,0.02137
959.54,0.0022,0.00233,0.00323,0.00703,0.01727,0.02172
959.83,0.00244,0.00203,0.00325,0.00679,0.01754,0.02217
960.13,0.00279,0.00203,0.00297,0.00576,0.0175,0.02265
960.43,0.00321,0.00177,0.0031,0.0055,0.01763,0.0233
960.72,0.00358,0.00177,0.00336,0.0059,0.01805,0.02387
961.02,0.00325,0.00256,0.0039,0.00645,0.01968,0.02439
961.31,0.00276,0.00285,0.0042,0.00517,0.01977,0.024
961.61,0.00335,0.00323,0.00335,0.00463,0.01844,0.02279
961.9,0.00273,0.00354,0.00278,0.00502,0.01821,0.02197
962.2,0.0026,0.00321,0.00298,0.00539,0.01763,0.02223
962.5,0.00213,0.00341,0.00171,0.00536,0.01665,0.02279
962.79,0.00227,0.00432,0.00177,0.0055,0.01804,0.0225
963.09,0.00163,0.00304,0.0015,0.0047,0.01699,0.02117
963.38,0.00224,0.00278,0.0018,0.00562,0.01737,0.02089
963.68,0.00166,0.00227,0.00258,0.00553,0.01723,0.02145
963.97,0.00081,0.00232,0.00199,0.00478,0.01739,0.02278
964.27,0.00132,0.00264,0.00241,0.00524,0.01814,0.02242
964.56,0.00219,0.00311,0.00335,0.00572,0.0184,0.02171
964.86,0.00117,0.00274,0.00222,0.00449,0.01668,0.02111
965.15,0.0009,0.00422,0.00278,0.004,0.01721,0.02121
965.45,0.00024,0.00477,0.00305,0.00361,0.01702,0.02169
965.74,0.00048,0.00637,0.00327,0.00488,0.01756,0.02287
966.04,0.00103,0.0049,0.00392,0.00435,0.0174,0.02169
966.33,0.00159,0.00469,0.00375,0.00425,0.01674,0.02206
966.63,0.00025,0.00326,0.00253,0.00386,0.01668,0.02143
966.92,0.00192,0.00432,0.00383,0.00594,0.01847,0.02221
967.22,0.00261,0.00366,0.00358,0.00705,0.0177,0.02283
967.51,0.00403,0.00353,0.00361,0.00745,0.01782,0.02317
967.81,0.00357,0.00283,0.00424,0.00667,0.01868,0.02188
968.1,0.00335,0.0041,0.00401,0.00607,0.01869,0.02155
968.4,0.0023,0.00467,0.00393,0.00593,0.01895,0.02114
968.69,0.00212,0.00518,0.00312,0.0053,0.01944,0.02027
968.98,0.00058,0.00497,0.00247,0.00366,0.01813,0.01994
969.28,0.00058,0.00436,0.00262,0.00283,0.01798,0.02028
969.57,0.00104,0.00424,0.00331,0.00444,0.01806,0.02142
969.87,0.00154,0.00366,0.00313,0.00451,0.01714,0.02126
970.16,0.00189,0.00329,0.00309,0.0047,0.01654,0.02119
970.46,0.00162,0.00244,0.00275,0.00457,0.01629,0.02216
970.75,0.00098,0.00252,0.00393,0.00465,0.01484,0.02231
971.04,0.00131,0.00188,0.0041,0.00553,0.01498,0.02243
971.34,0.00045,0.00189,0.00237,0.00422,0.01405,0.02032
971.63,-0.00059,0.00182,0.0011,0.00202,0.0131,0.0191
971.93,-0.00053,0.00092,-0.00067,0.00118,0.01163,0.01917
972.22,-0.0007,-8.00E-05,-0.0006,0.00024,0.01115,0.01867
972.51,-0.0011,2.00E-05,8.00E-05,-0.00018,0.0115,0.01796
972.81,-0.00023,-0.00033,0.00051,-0.00068,0.01187,0.01839
973.1,0.00026,-0.00086,0.00035,-0.00202,0.01134,0.01853
973.39,0.00151,-0.00098,0.00205,-0.00194,0.01125,0.01966
973.69,0.0017,-0.00151,0.00179,-0.00195,0.01185,0.01864
973.98,0.00164,0.00029,0.0029,-0.00096,0.01375,0.02012
974.27,0.00184,0.00175,0.00389,0.00053,0.01444,0.0215
974.57,0.00247,0.00128,0.00186,-0.00063,0.01333,0.02074
974.86,0.00228,0.00238,0.00181,-0.00102,0.01256,0.02068
975.15,0.00121,0.00246,0.00204,-0.00124,0.01349,0.02084
975.45,0.00103,0.00323,0.00336,0.00025,0.01532,0.02237
975.74,-0.0006,0.00349,0.00459,0.00122,0.0152,0.02235
976.03,-0.00239,0.00129,0.00409,-0.00081,0.01314,0.02108
976.33,-0.00331,0.00024,0.00322,-0.00042,0.01252,0.02081
976.62,-0.00269,0.00044,0.00516,0.00043,0.01342,0.02053
976.91,-0.0013,-0.00064,0.00541,0.00124,0.01441,0.02138
977.21,-0.00021,-0.0002,0.00527,0.00368,0.01427,0.01992
977.5,0.00075,6.00E-05,0.00426,0.00343,0.01314,0.01847
977.79,0.0029,-0.00036,0.00368,0.00151,0.01238,0.01773
978.08,0.00543,0.00181,0.00516,0.00345,0.01367,0.01865
978.38,0.00597,0.00099,0.00544,0.00195,0.01257,0.01673
978.67,0.00471,0.00192,0.00539,0.002,0.01359,0.01718
978.96,0.003,0.00317,0.00512,0.00252,0.01274,0.017
979.25,0.00313,0.00363,0.00674,0.00204,0.01229,0.01718
979.55,0.00081,0.00344,0.00638,0.00216,0.01247,0.01744
979.84,-0.00087,0.00427,0.00575,0.00327,0.01326,0.01853
980.13,-0.00085,0.00399,0.00539,0.00171,0.01363,0.01804
980.42,-4.00E-05,0.00656,0.006,0.00409,0.01534,0.01935
980.71,0.00074,0.00481,0.00361,0.00354,0.01373,0.01707
981.01,0.00121,0.00563,0.0036,0.00378,0.01477,0.01548
981.3,0.00133,0.00559,0.00224,0.00489,0.01559,0.01639
981.59,0.00255,0.00519,0.00223,0.00319,0.01575,0.0157
981.88,0.00394,0.00409,0.00329,0.00182,0.01543,0.01451
982.18,0.00377,0.00422,0.0032,0.00293,0.01635,0.01374
982.47,0.00245,0.00319,0.00054,0.00476,0.01825,0.0158
982.76,0.00389,0.00623,0.00442,0.00788,0.01964,0.01978
983.05,0.00485,0.00602,0.00561,0.00777,0.02079,0.02142
983.34,0.00577,0.00547,0.00637,0.0063,0.02192,0.02185
983.63,0.00628,0.00708,0.00572,0.00908,0.02387,0.02312
983.93,0.00586,0.00918,0.00567,0.01152,0.02404,0.02469
984.22,0.00318,0.0086,0.00398,0.01046,0.02141,0.02394
984.51,0.00429,0.00868,0.00617,0.00751,0.01974,0.02081
984.8,0.0031,0.00698,0.00453,0.0054,0.01873,0.01918
985.09,0.00217,0.00432,0.00241,0.00389,0.01631,0.01914
985.38,0.00069,0.00303,0.00071,0.00367,0.01434,0.01743
985.67,-1.00E-05,-0.00026,0.00059,0.00237,0.01203,0.01639
985.96,-0.00054,-0.00328,-0.00161,0.00118,0.0115,0.01432
986.26,0.00041,-0.00312,-0.00192,0.00266,0.01194,0.01527
986.55,-0.00067,-0.00384,-0.00167,0.00183,0.01159,0.01605
986.84,-0.00098,-0.00303,0.00016,0.0019,0.01424,0.01682
987.13,5.00E-05,-0.00033,0.00319,0.00236,0.01566,0.01568
987.42,-0.00111,0.00069,0.00514,-0.00019,0.01585,0.01575
987.71,-0.0015,0.00256,0.00513,-0.00118,0.01582,0.01601
988,-0.00209,0.00362,0.00684,-0.00249,0.01565,0.01637
988.29,0.00115,0.00432,0.01016,-0.00225,0.01788,0.0174
988.58,0.00203,0.00488,0.00948,-0.00423,0.01657,0.01695
988.87,0.00171,0.00236,0.006,-0.0049,0.01165,0.01456
989.16,0.00105,0.00042,0.00353,-0.00432,0.01212,0.01499
989.46,0.00163,0.00057,0.00054,-0.00389,0.01122,0.01427
989.75,0.00102,-0.00076,0.0016,-0.00285,0.01069,0.01243
990.04,0.00379,0.00315,0.00314,0.00065,0.01389,0.01425
990.33,0.00048,0.00202,0.00106,-0.00012,0.01092,0.01141
990.62,0.00035,0.00041,0.00065,-0.00031,0.01072,0.01057
990.91,-0.0002,0.00223,0.00319,-0.00064,0.01215,0.00996
991.2,-0.00015,0.0035,0.00412,-0.00236,0.01235,0.00918
991.49,0.00173,0.00442,0.0062,-0.00053,0.0142,0.01094
991.78,0.00316,0.00713,0.00625,-0.00018,0.0165,0.01393
992.07,-0.00144,0.00253,0.00176,-0.00459,0.01254,0.00974
992.36,-0.00026,0.00242,0.00116,-0.00496,0.01359,0.00992
992.65,-0.00056,0.0045,0.00084,-0.00266,0.01473,0.00985
992.94,0.00015,0.00551,0.00193,-0.00089,0.01618,0.01219
993.23,0.00113,0.0065,0.0018,0.00262,0.0161,0.01263
993.52,-0.00278,0.00324,-0.00022,0.0001,0.01311,0.0095
993.81,-0.00346,0.00011,-0.0022,-0.00114,0.0112,0.00687
994.1,-0.00204,0.00061,0.00215,0.00071,0.01228,0.01052
994.39,-0.00216,-0.00053,0.00289,0.00059,0.01287,0.01029
994.68,-0.00104,0.00022,0.00363,0.00295,0.01448,0.0121
994.96,-0.0009,-0.00055,0.00207,0.00188,0.01496,0.01217
995.25,-0.0023,-0.00257,0.00141,0.00063,0.01353,0.0116
995.54,0.00094,0.00152,0.00261,0.00173,0.01607,0.01363
995.83,0.00135,0.00325,0.00239,0.00326,0.01535,0.01396
996.12,0.00286,0.00305,0.00066,0.0039,0.01448,0.01195
996.41,0.00097,0.00378,0.00064,0.00277,0.01377,0.01464
996.7,0.00215,0.00245,0.00135,0.00217,0.01189,0.01354
996.99,0.00247,-0.00042,0.00072,0.00071,0.01027,0.01183
997.28,0.00249,-0.00023,0.001,0.00088,0.01101,0.01293
997.57,0.00373,-0.00166,0.00209,0.00347,0.01173,0.01273
997.86,0.0038,-0.00297,0.00219,0.00057,0.01253,0.01124
998.15,0.00341,-0.00257,0.00123,0.00178,0.01423,0.01433
998.43,0.00398,-0.00188,-0.0001,0.00395,0.01232,0.01285
998.72,0.00246,-0.00091,0.00332,0.00462,0.01341,0.01292
999.01,0.0008,-0.0009,0.00025,0.00396,0.01213,0.01066
999.3,0.00073,-0.00134,-9.00E-05,0.00348,0.01226,0.00675
999.59,-0.0012,0.00011,-0.00128,3.00E-05,0.01112,0.00819
999.88,-0.00271,0.00079,-0.00105,0.00106,0.00956,0.01016
1000.17,-0.00449,-0.00083,-0.00049,-0.00173,0.00532,0.0073
1000.45,0.00018,-0.00237,0.00223,-0.00088,0.00897,0.00879
1000.74,0.00148,-0.00383,-0.00241,-0.00345,0.0068,0.00813
1001.03,0.00416,-0.00286,-0.00111,-0.00126,0.00725,0.01147
1001.32,0.00865,0.0008,0.00135,0.00187,0.00893,0.01769
1001.61,0.00653,0.00019,0.00203,0.00573,0.00755,0.01954
1001.9,0.00536,-0.00119,0.00053,0.00358,0.00464,0.01674
1002.18,0.00715,-0.00092,-0.00095,0.00381,0.00549,0.01779
1002.47,0.00305,0.0013,-0.00251,0.00257,0.00297,0.0143
1002.76,0.00138,0.0007,-0.00388,0.00167,0.00422,0.01302
1003.05,-0.00022,0.00356,-0.00308,0.00066,0.00299,0.01445
1003.34,-0.00389,0.00124,-0.00464,-0.00389,-0.00262,0.01053
1003.62,-0.00292,-0.002,-0.00606,-0.00848,-0.0037,0.00431
1003.91,-0.00306,-0.00218,-0.00311,-0.00594,-0.00102,0.00361
1004.2,-0.00456,-0.00041,-0.00238,-0.00677,0.00125,0.00126
1004.49,-0.00053,0.00318,0.00079,-0.00395,0.00437,0.00582
1004.77,-0.00068,0.0013,0.00138,-0.00371,0.00238,0.00484
1005.06,0.00207,0.00079,0.00272,0.00117,0.00356,0.00645
1005.35,0.00031,-0.00032,-0.00096,0.00083,0.00581,0.00858
1005.64,0.00395,0.00282,-0.00074,0.00222,0.00744,0.0085
1005.92,0.00878,0.00356,0.00117,0.00467,0.00976,0.01445
1006.21,0.01002,0.00299,0.00322,0.00729,0.00632,0.01402
1006.5,0.00681,-0.00064,0.00017,0.00143,0.00261,0.00995
1006.79,0.00592,-0.00167,0.0013,-0.00195,0.0042,0.01272
1007.07,0.00151,-0.00422,0.00068,-0.00854,0.00329,0.00874
1007.36,0.00292,-0.00334,0.00291,-0.00651,0.00406,0.00631
1007.65,0.0002,-0.00166,0.00331,-0.00633,0.00301,0.00762
1007.93,-0.00451,-0.00425,-0.00042,-0.01208,-0.00213,0.00103
1008.22,-0.00127,-0.00367,-0.00173,-0.01185,0.00398,0.00602
1008.51,-0.00636,-0.00806,-0.00434,-0.01342,-0.00259,0.00146
1008.8,-0.00399,-0.00603,-0.0068,-0.01152,-0.00339,-0.00081
1009.08,-0.00242,-0.00442,-0.00783,-0.01003,-0.00254,-0.00017
1009.37,-0.00378,-0.00628,-0.00627,-0.01123,-0.00065,-0.00095
1009.66,-0.00126,-0.01083,-0.01056,-0.01339,-0.00076,-0.00129
1009.94,0.00544,-0.00673,-0.00804,-0.00836,0.00508,0.00288
1010.23,0.00122,-0.00672,-0.00666,-0.00956,0.00011,0.0001
1010.52,0.00438,-0.0064,-0.00839,-0.00737,0.00345,0.00421
1010.8,0.00243,-0.006,-0.01097,-0.00671,0.00386,0.00707
1011.09,-0.00159,-0.00999,-0.01228,-0.01175,-7.00E-05,0.00212
1011.37,0.00162,-0.00802,-0.01328,-0.01411,-0.00106,0.00145
1011.66,-0.0021,-0.01021,-0.00952,-0.01737,-0.00236,0.00047
1011.95,-0.00343,-0.00671,-0.00614,-0.01762,-0.00117,0.00196
1012.23,-0.00415,-0.01119,-0.00829,-0.01975,-0.00252,-0.00446
1012.52,-0.0043,-0.00862,-0.00466,-0.02211,0.00269,-0.00759
1012.8,-0.00323,-0.00721,0.00055,-0.02284,0.00081,-0.01196
1013.09,0.00401,-0.0046,0.0015,-0.0186,0.00352,-0.00776
1013.38,-0.00213,-0.00784,-0.00461,-0.02112,-0.00361,-0.0108
1013.66,0.0004,-0.00534,-0.0015,-0.02006,-0.00337,-0.00852
1013.95,-0.00685,-0.0151,-0.01177,-0.02342,-0.00895,-0.01716
1014.23,-0.00543,-0.01224,-0.01127,-0.02301,-0.00746,-0.01415
1014.52,-0.00338,-0.01516,-0.00947,-0.01611,-0.01137,-0.0126
1014.81,-0.00529,-0.0154,-0.00705,-0.01211,-0.00869,-0.01005
1015.09,-0.01385,-0.01912,-0.01063,-0.01361,-0.01321,-0.01566
1015.38,-0.0082,-0.01791,-0.00428,-0.01305,-0.00372,-0.01188
1015.66,-0.00987,-0.01688,-0.00212,-0.00794,-0.00018,-0.01077
1015.95,-0.00717,-0.0121,0.00036,-0.00831,-0.00307,-0.00923
1016.23,-0.00467,-0.01029,0.00112,-0.00692,-0.00152,-0.00568
1016.52,-0.0096,-0.00942,-0.0021,-0.01112,-0.00209,-0.00801
1016.8,-0.00777,-0.00786,-0.00277,-0.01643,-0.00402,-0.00648
1017.09,0.00234,-0.00366,0.00263,-0.01078,0.00492,0.00104
1017.37,-0.00086,-0.00579,-0.00092,-0.00842,0.00126,-0.00123
1017.66,0.00112,-0.0104,-0.00425,-0.01106,-0.00353,-0.00422
1017.94,0.01068,-0.00264,0.00058,-0.00143,0.003,0.0025
1018.23,0.00782,-0.00087,0.00122,0,-0.00186,0.00114
1018.51,0.01118,-0.00132,0.00306,-0.00571,0.00015,0.00186
1018.8,0.01214,0.00353,0.00714,0.00068,0.00298,-0.00082
1019.08,0.00919,0.00977,0.01129,-0.00203,8.00E-05,-0.00487
1019.37,0.01085,0.01814,0.02035,0.00323,-0.00095,-0.00072
1019.65,0.00535,0.02079,0.01544,0.00786,0.00117,-0.00256
1019.94,-0.00358,0.01542,0.01287,-0.00057,-0.00339,-0.01119
1020.22,0.00389,0.02252,0.01744,0.00037,0.01128,-0.00488
1020.51,0.00711,0.0256,0.01619,0.0073,0.01839,-0.00049
1020.79,0.00302,0.01434,0.0093,0.00121,0.01431,-0.01028
1021.08,0.00297,0.00606,0.00492,-0.00427,0.01263,-0.01228
1021.36,0.00461,0.00045,-0.00398,-0.01133,0.01161,-0.01465
1021.64,0.00314,-0.00034,-0.00603,-0.01746,0.00661,-0.01791
1021.93,0.00867,0.00208,-0.00465,-0.01871,0.00634,-0.01181
1022.21,0.00716,-0.00413,-0.01025,-0.02318,-0.00788,-0.018
1022.5,0.00977,-0.00068,-0.00948,-0.02545,-0.01832,-0.01816
1022.78,0.0327,0.02568,0.00015,-0.01796,-0.0249,0.00167
1023.07,0.0327,0.02568,0.00015,-0.01796,-0.0249,0.00167
1023.35,0.0327,0.02568,0.00015,-0.01796,-0.0249,0.00167