EXMPC,0,0,0,0,0,0
WAC,0,0,0,0,0,0
G09,0,0,0,0,0,0
840,0,0,0,0,0,0
25,0,0,0,0,0,0
nm,0,0,0,0,0,0
Angular Dependence,0,0,0,0,0,0
Wavelengths,0,8,16,24,32,40
360.52,-0.09758,-0.12951,-0.13482,-0.12969,-0.1223,-0.11456
360.9,-0.09194,-0.13214,-0.12967,-0.12914,-0.11871,-0.12073
361.27,-0.10114,-0.14098,-0.13792,-0.12798,-0.13761,-0.13669
361.65,-0.09926,-0.13343,-0.11782,-0.11913,-0.12822,-0.13042
362.02,-0.08894,-0.11596,-0.11372,-0.11983,-0.12498,-0.12719
362.4,-0.10355,-0.10785,-0.10252,-0.12699,-0.12375,-0.13846
362.77,-0.12594,-0.11873,-0.10953,-0.13941,-0.13734,-0.15122
363.15,-0.12683,-0.11953,-0.10968,-0.1409,-0.13294,-0.14521
363.52,-0.13274,-0.12026,-0.11394,-0.15059,-0.13299,-0.15232
363.9,-0.12283,-0.11112,-0.10712,-0.15043,-0.11099,-0.14581
364.27,-0.13643,-0.11352,-0.1084,-0.15369,-0.12348,-0.15246
364.64,-0.13578,-0.11076,-0.10319,-0.15369,-0.11755,-0.14775
365.02,-0.13095,-0.1296,-0.1152,-0.14477,-0.12538,-0.14211
365.39,-0.11184,-0.1164,-0.12128,-0.13801,-0.12685,-0.14794
365.77,-0.1105,-0.10565,-0.11546,-0.1318,-0.13936,-0.14586
366.14,-0.10107,-0.10701,-0.11421,-0.11554,-0.12701,-0.1365
366.52,-0.09986,-0.1013,-0.09917,-0.11242,-0.11891,-0.11759
366.89,-0.09955,-0.09733,-0.10631,-0.12262,-0.11693,-0.12101
367.26,-0.09678,-0.09338,-0.10624,-0.11323,-0.11702,-0.12234
367.64,-0.08811,-0.07881,-0.10494,-0.11261,-0.11093,-0.12191
368.01,-0.08713,-0.09423,-0.0995,-0.10865,-0.10252,-0.10994
368.39,-0.08746,-0.11262,-0.11404,-0.11664,-0.10613,-0.1175
368.76,-0.09048,-0.10699,-0.10806,-0.12469,-0.11634,-0.11689
369.13,-0.08822,-0.10523,-0.11054,-0.12193,-0.11926,-0.12132
369.51,-0.08316,-0.11471,-0.11228,-0.1142,-0.12149,-0.11653
369.88,-0.08285,-0.11527,-0.10282,-0.11269,-0.11848,-0.11914
370.25,-0.0848,-0.10508,-0.09174,-0.10316,-0.10468,-0.10426
370.63,-0.08968,-0.09331,-0.08738,-0.10343,-0.10532,-0.10015
371,-0.08312,-0.08137,-0.07579,-0.10036,-0.09374,-0.08982
371.38,-0.07518,-0.07554,-0.07167,-0.08744,-0.07945,-0.07699
371.75,-0.07848,-0.08199,-0.08221,-0.08784,-0.08005,-0.08057
372.12,-0.07428,-0.06559,-0.06811,-0.08059,-0.06795,-0.07622
372.5,-0.07351,-0.06175,-0.0733,-0.07811,-0.06039,-0.07241
372.87,-0.07108,-0.06368,-0.07137,-0.08402,-0.06758,-0.07823
373.24,-0.06006,-0.05693,-0.07178,-0.0783,-0.06753,-0.07727
373.62,-0.06102,-0.05532,-0.07111,-0.07579,-0.06485,-0.07552
373.99,-0.05988,-0.05954,-0.07421,-0.07815,-0.07926,-0.08416
374.36,-0.05844,-0.05266,-0.06198,-0.07359,-0.07538,-0.07921
374.74,-0.06158,-0.06319,-0.07207,-0.07785,-0.07659,-0.07482
375.11,-0.05673,-0.06377,-0.0732,-0.07763,-0.08082,-0.07298
375.48,-0.06005,-0.06567,-0.07706,-0.07555,-0.0739,-0.07513
375.86,-0.06469,-0.07325,-0.07357,-0.07585,-0.07004,-0.07322
376.23,-0.05988,-0.07175,-0.07329,-0.0692,-0.06234,-0.07358
376.6,-0.05655,-0.06809,-0.06664,-0.06899,-0.05271,-0.06909
376.98,-0.05643,-0.07005,-0.07225,-0.07076,-0.05601,-0.07035
377.35,-0.0516,-0.06099,-0.0654,-0.06197,-0.05179,-0.06766
377.72,-0.05193,-0.05652,-0.05915,-0.05529,-0.04917,-0.06488
378.1,-0.05429,-0.05331,-0.05831,-0.05159,-0.05343,-0.06316
378.47,-0.04843,-0.04622,-0.05693,-0.04898,-0.05178,-0.05964
378.84,-0.05214,-0.04754,-0.05623,-0.05106,-0.05776,-0.05828
379.22,-0.05219,-0.04631,-0.05738,-0.04416,-0.05267,-0.05917
379.59,-0.04911,-0.04181,-0.05349,-0.04129,-0.05302,-0.05615
379.96,-0.04729,-0.04096,-0.05051,-0.04189,-0.05282,-0.05944
380.33,-0.042,-0.04346,-0.04815,-0.04248,-0.05053,-0.05595
380.71,-0.03701,-0.04235,-0.04164,-0.03989,-0.04478,-0.05107
381.08,-0.03955,-0.04216,-0.04144,-0.04264,-0.03837,-0.05254
381.45,-0.04155,-0.04103,-0.04237,-0.04571,-0.03826,-0.05293
381.83,-0.04304,-0.03864,-0.04287,-0.05105,-0.0447,-0.05434
382.2,-0.04043,-0.03944,-0.03877,-0.05167,-0.04404,-0.0529
382.57,-0.0421,-0.04411,-0.04104,-0.0566,-0.04829,-0.05497
382.94,-0.0455,-0.0402,-0.04182,-0.05847,-0.04369,-0.05513
383.32,-0.04788,-0.04351,-0.0493,-0.06109,-0.04887,-0.06003
383.69,-0.04585,-0.04249,-0.04892,-0.05854,-0.0557,-0.05916
384.06,-0.04004,-0.03904,-0.046,-0.04908,-0.05308,-0.05484
384.43,-0.03623,-0.03418,-0.0416,-0.04081,-0.04379,-0.04788
384.81,-0.03496,-0.03131,-0.04163,-0.03328,-0.03937,-0.04442
385.18,-0.03099,-0.02568,-0.04164,-0.0295,-0.03336,-0.04037
385.55,-0.02666,-0.02383,-0.03817,-0.02503,-0.03606,-0.03662
385.92,-0.02396,-0.01928,-0.0329,-0.02455,-0.03306,-0.031
386.3,-0.02164,-0.01785,-0.0272,-0.02239,-0.03059,-0.02664
386.67,-0.02126,-0.01902,-0.02623,-0.02648,-0.03007,-0.02938
387.04,-0.0222,-0.0225,-0.02898,-0.02761,-0.03345,-0.0318
387.41,-0.02339,-0.02247,-0.02789,-0.03026,-0.03359,-0.03155
387.78,-0.02598,-0.02502,-0.02754,-0.03058,-0.0365,-0.0298
388.16,-0.02964,-0.03062,-0.03344,-0.03422,-0.04061,-0.03443
388.53,-0.02617,-0.03046,-0.03241,-0.03052,-0.03837,-0.03192
388.9,-0.0255,-0.03167,-0.03428,-0.03121,-0.03626,-0.03486
389.27,-0.02544,-0.0273,-0.03059,-0.02695,-0.03316,-0.03033
389.65,-0.023,-0.02494,-0.02963,-0.02597,-0.03097,-0.02822
390.02,-0.02108,-0.02523,-0.02733,-0.025,-0.02912,-0.02747
390.39,-0.02032,-0.02293,-0.0263,-0.0251,-0.02743,-0.02561
390.76,-0.01852,-0.01837,-0.02318,-0.02431,-0.02129,-0.0223
391.13,-0.01834,-0.01701,-0.02291,-0.02363,-0.02081,-0.02072
391.5,-0.01629,-0.01343,-0.02052,-0.02086,-0.01854,-0.01694
391.88,-0.01584,-0.0139,-0.02321,-0.0224,-0.01841,-0.01921
392.25,-0.01642,-0.01459,-0.02247,-0.02282,-0.01953,-0.02047
392.62,-0.01934,-0.01469,-0.02414,-0.02389,-0.02121,-0.02207
392.99,-0.01889,-0.01555,-0.02349,-0.0213,-0.02095,-0.02465
393.36,-0.01729,-0.01567,-0.02321,-0.02,-0.02244,-0.02411
393.73,-0.0192,-0.01868,-0.02336,-0.02267,-0.02317,-0.02679
394.11,-0.02075,-0.01999,-0.02585,-0.02374,-0.02533,-0.02723
394.48,-0.022,-0.02093,-0.02444,-0.02499,-0.02783,-0.02623
394.85,-0.02559,-0.02537,-0.02586,-0.02867,-0.03083,-0.02793
395.22,-0.0234,-0.02375,-0.02592,-0.0283,-0.02987,-0.02402
395.59,-0.02476,-0.02298,-0.02691,-0.02922,-0.02907,-0.02246
395.96,-0.02761,-0.02575,-0.02853,-0.03057,-0.02958,-0.0244
396.33,-0.0255,-0.0255,-0.02764,-0.02776,-0.02926,-0.02406
396.71,-0.02607,-0.0256,-0.02665,-0.02596,-0.02864,-0.02591
397.08,-0.0246,-0.02451,-0.02912,-0.0238,-0.02828,-0.0267
397.45,-0.01884,-0.02021,-0.02545,-0.01947,-0.02391,-0.02259
397.82,-0.01748,-0.02075,-0.02434,-0.02007,-0.02466,-0.02447
398.19,-0.01579,-0.02098,-0.02403,-0.01967,-0.02494,-0.02371
398.56,-0.01367,-0.01844,-0.01986,-0.01787,-0.0227,-0.0204
398.93,-0.01252,-0.01569,-0.01843,-0.01792,-0.01948,-0.01841
399.3,-0.01246,-0.01618,-0.01863,-0.01875,-0.02049,-0.01763
399.68,-0.01283,-0.01683,-0.01641,-0.01887,-0.01895,-0.0166
400.05,-0.0148,-0.01652,-0.01776,-0.01989,-0.01866,-0.01698
400.42,-0.01416,-0.01461,-0.01592,-0.01824,-0.01484,-0.01611
400.79,-0.01399,-0.0158,-0.01532,-0.01803,-0.01549,-0.01693
401.16,-0.0138,-0.01492,-0.01521,-0.01644,-0.01552,-0.0177
401.53,-0.01629,-0.01595,-0.01653,-0.01761,-0.01708,-0.01813
401.9,-0.01633,-0.01623,-0.01438,-0.01721,-0.01548,-0.01802
402.27,-0.01466,-0.01549,-0.01443,-0.0166,-0.01323,-0.01671
402.64,-0.01452,-0.01531,-0.01183,-0.01644,-0.01325,-0.01645
403.01,-0.01591,-0.01729,-0.01392,-0.01743,-0.01531,-0.01656
403.38,-0.0143,-0.01416,-0.01295,-0.01551,-0.01357,-0.01426
403.75,-0.01609,-0.01524,-0.01443,-0.01692,-0.0147,-0.01543
404.12,-0.01527,-0.01431,-0.0132,-0.01672,-0.01453,-0.01577
404.5,-0.01431,-0.01392,-0.01568,-0.01739,-0.01453,-0.01412
404.87,-0.01475,-0.01361,-0.01533,-0.01715,-0.01641,-0.01398
405.24,-0.01455,-0.01316,-0.01846,-0.01735,-0.01624,-0.01395
405.61,-0.0139,-0.01284,-0.01834,-0.01741,-0.01582,-0.01503
405.98,-0.01492,-0.01291,-0.01852,-0.01722,-0.01653,-0.01606
406.35,-0.01227,-0.01302,-0.01715,-0.01596,-0.01532,-0.01403
406.72,-0.01151,-0.01329,-0.01717,-0.01416,-0.01665,-0.01405
407.09,-0.01216,-0.01265,-0.01573,-0.01332,-0.01592,-0.01578
407.46,-0.01107,-0.01257,-0.01494,-0.01335,-0.01456,-0.01602
407.83,-0.01163,-0.01259,-0.01457,-0.01291,-0.01542,-0.01565
408.2,-0.0101,-0.01193,-0.01425,-0.011,-0.01478,-0.01465
408.57,-0.00823,-0.01172,-0.01344,-0.01101,-0.0128,-0.01344
408.94,-0.00833,-0.01139,-0.01266,-0.01024,-0.01172,-0.01324
409.31,-0.00948,-0.01136,-0.01309,-0.01089,-0.01072,-0.01261
409.68,-0.00821,-0.01097,-0.01312,-0.01027,-0.0107,-0.01218
410.05,-0.00847,-0.01072,-0.01275,-0.01049,-0.01001,-0.01144
410.42,-0.00779,-0.01082,-0.01173,-0.0103,-0.00953,-0.01182
410.79,-0.00962,-0.01102,-0.01132,-0.01088,-0.01022,-0.01069
411.16,-0.00938,-0.01126,-0.01035,-0.01104,-0.0104,-0.01042
411.53,-0.00984,-0.01102,-0.01123,-0.01247,-0.01112,-0.01038
411.9,-0.00858,-0.011,-0.01084,-0.01165,-0.01143,-0.0104
412.27,-0.00832,-0.01031,-0.00923,-0.01041,-0.01063,-0.00803
412.64,-0.00903,-0.01083,-0.00843,-0.00958,-0.01076,-0.00775
413.01,-0.00839,-0.01027,-0.00776,-0.00838,-0.01036,-0.0061
413.38,-0.00771,-0.00989,-0.00764,-0.00855,-0.01037,-0.006
413.75,-0.00856,-0.00911,-0.00746,-0.00833,-0.01043,-0.00597
414.12,-0.00759,-0.00787,-0.00635,-0.00706,-0.00944,-0.00561
414.49,-0.00702,-0.00718,-0.00613,-0.00704,-0.00869,-0.00512
414.86,-0.00738,-0.008,-0.00742,-0.00802,-0.00953,-0.00623
415.23,-0.00684,-0.00813,-0.00824,-0.00877,-0.00981,-0.00706
415.6,-0.00681,-0.00806,-0.0078,-0.00814,-0.00868,-0.00743
415.96,-0.00667,-0.00764,-0.00749,-0.00798,-0.00847,-0.00762
416.33,-0.00682,-0.00898,-0.00812,-0.00787,-0.00912,-0.00867
416.7,-0.00672,-0.00881,-0.00773,-0.00736,-0.00925,-0.00826
417.07,-0.00703,-0.00914,-0.00793,-0.00777,-0.00865,-0.00797
417.44,-0.00735,-0.00859,-0.00725,-0.00758,-0.00804,-0.00801
417.81,-0.00748,-0.00866,-0.00683,-0.00757,-0.00785,-0.00715
418.18,-0.00804,-0.00854,-0.00733,-0.00836,-0.00829,-0.00775
418.55,-0.0079,-0.00898,-0.0074,-0.00847,-0.00752,-0.0079
418.92,-0.00784,-0.0086,-0.0072,-0.00862,-0.00704,-0.00685
419.29,-0.00827,-0.00941,-0.00843,-0.00999,-0.0077,-0.00817
419.66,-0.00808,-0.00862,-0.00768,-0.00984,-0.00729,-0.00803
420.03,-0.00749,-0.00854,-0.00778,-0.00954,-0.0072,-0.00832
420.39,-0.00671,-0.00718,-0.00792,-0.00839,-0.00739,-0.00839
420.76,-0.00737,-0.00813,-0.00852,-0.00926,-0.00796,-0.00882
421.13,-0.00715,-0.00824,-0.00812,-0.00912,-0.00804,-0.00925
421.5,-0.00662,-0.00814,-0.00838,-0.00865,-0.0077,-0.00921
421.87,-0.00718,-0.00816,-0.00817,-0.00808,-0.00719,-0.00836
422.24,-0.00741,-0.00905,-0.00814,-0.00773,-0.00767,-0.00856
422.61,-0.00755,-0.00901,-0.00875,-0.00781,-0.00826,-0.00822
422.98,-0.00768,-0.0092,-0.00879,-0.00812,-0.00825,-0.00839
423.35,-0.00612,-0.00798,-0.00763,-0.00712,-0.00765,-0.00745
423.71,-0.00607,-0.00759,-0.00801,-0.00684,-0.00799,-0.00718
424.08,-0.00602,-0.00642,-0.00698,-0.00689,-0.00745,-0.00728
424.45,-0.00525,-0.00609,-0.00652,-0.00627,-0.00761,-0.00716
424.82,-0.0043,-0.00538,-0.00638,-0.00592,-0.00724,-0.00653
425.19,-0.00452,-0.00513,-0.006,-0.00638,-0.00707,-0.00642
425.56,-0.00444,-0.0054,-0.00587,-0.0066,-0.00643,-0.00623
425.93,-0.0047,-0.00574,-0.0061,-0.00697,-0.00645,-0.00664
426.29,-0.00498,-0.00551,-0.00585,-0.00618,-0.00589,-0.00615
426.66,-0.00499,-0.00564,-0.00569,-0.00559,-0.00553,-0.00555
427.03,-0.00489,-0.00603,-0.00613,-0.00573,-0.00571,-0.00602
427.4,-0.00563,-0.00629,-0.00626,-0.00564,-0.00601,-0.00656
427.77,-0.00505,-0.00656,-0.00539,-0.00481,-0.00539,-0.00634
428.14,-0.00452,-0.00557,-0.00485,-0.00416,-0.00507,-0.0057
428.5,-0.00427,-0.00511,-0.00475,-0.00366,-0.00473,-0.00496
428.87,-0.00432,-0.00525,-0.00493,-0.00434,-0.00481,-0.00554
429.24,-0.00397,-0.00568,-0.00542,-0.00499,-0.00543,-0.00572
429.61,-0.0042,-0.00521,-0.00501,-0.00502,-0.00515,-0.00548
429.98,-0.00378,-0.00456,-0.00511,-0.00501,-0.00455,-0.00487
430.34,-0.00374,-0.00422,-0.00493,-0.00478,-0.00447,-0.0044
430.71,-0.00381,-0.00466,-0.00546,-0.00497,-0.00507,-0.00478
431.08,-0.00397,-0.00424,-0.00532,-0.00509,-0.00472,-0.00454
431.45,-0.00363,-0.00456,-0.0053,-0.00514,-0.00508,-0.00404
431.82,-0.00343,-0.00434,-0.00503,-0.00477,-0.00474,-0.00374
432.18,-0.00316,-0.00414,-0.00497,-0.00477,-0.00466,-0.00345
432.55,-0.00324,-0.00431,-0.00504,-0.00477,-0.0048,-0.00381
432.92,-0.00348,-0.00408,-0.0053,-0.00506,-0.00497,-0.00396
433.29,-0.00348,-0.00437,-0.00509,-0.005,-0.00464,-0.00347
433.65,-0.00366,-0.00476,-0.00513,-0.00512,-0.00477,-0.00378
434.02,-0.00335,-0.00385,-0.00469,-0.00474,-0.0039,-0.00361
434.39,-0.00425,-0.00387,-0.00522,-0.0052,-0.00418,-0.00414
434.76,-0.0042,-0.00353,-0.00493,-0.00517,-0.00387,-0.00404
435.12,-0.00432,-0.00367,-0.00488,-0.00542,-0.00405,-0.00416
435.49,-0.00404,-0.00408,-0.00494,-0.00546,-0.00405,-0.00447
435.86,-0.00392,-0.00362,-0.00469,-0.00518,-0.00373,-0.00462
436.23,-0.00392,-0.0037,-0.00465,-0.00491,-0.00395,-0.00452
436.59,-0.00424,-0.00386,-0.00473,-0.00506,-0.00426,-0.0045
436.96,-0.00365,-0.00356,-0.00432,-0.00442,-0.00379,-0.00411
437.33,-0.0036,-0.00362,-0.00436,-0.00419,-0.00365,-0.00406
437.7,-0.00326,-0.00342,-0.00398,-0.00393,-0.00352,-0.00369
438.06,-0.00308,-0.00304,-0.00393,-0.00393,-0.00346,-0.00343
438.43,-0.00329,-0.00302,-0.00376,-0.00439,-0.00367,-0.00356
438.8,-0.00281,-0.00278,-0.00363,-0.00457,-0.00349,-0.00336
439.16,-0.0024,-0.00273,-0.00349,-0.00436,-0.00343,-0.00359
439.53,-0.00247,-0.00289,-0.00325,-0.00431,-0.00327,-0.00334
439.9,-0.00228,-0.00289,-0.00317,-0.00437,-0.00326,-0.00322
440.27,-0.00222,-0.00315,-0.00343,-0.00469,-0.00336,-0.00345
440.63,-0.00234,-0.00315,-0.00309,-0.00441,-0.00279,-0.00353
441,-0.00216,-0.00326,-0.00301,-0.00419,-0.00243,-0.00325
441.37,-0.00226,-0.00293,-0.00286,-0.00359,-0.00208,-0.00332
441.73,-0.00177,-0.0025,-0.00236,-0.00292,-0.00145,-0.00255
442.1,-0.00179,-0.00248,-0.00264,-0.00307,-0.0019,-0.00279
442.47,-0.00189,-0.00269,-0.0029,-0.00293,-0.00198,-0.0028
442.83,-0.00215,-0.00257,-0.00276,-0.00286,-0.00166,-0.00266
443.2,-0.00224,-0.00264,-0.00317,-0.0033,-0.00207,-0.0026
443.57,-0.00241,-0.00233,-0.00327,-0.003,-0.00228,-0.00253
443.93,-0.00264,-0.00289,-0.00365,-0.00318,-0.0027,-0.0027
444.3,-0.0032,-0.00329,-0.00413,-0.00403,-0.00319,-0.00316
444.67,-0.00299,-0.00305,-0.00381,-0.00387,-0.00292,-0.00283
445.03,-0.00294,-0.00286,-0.00329,-0.00396,-0.00292,-0.0026
445.4,-0.00238,-0.00243,-0.00277,-0.00351,-0.00273,-0.00207
445.77,-0.00237,-0.00237,-0.00256,-0.00311,-0.00237,-0.00203
446.13,-0.00225,-0.00243,-0.00265,-0.00314,-0.00245,-0.00207
446.5,-0.00166,-0.00213,-0.00237,-0.00298,-0.00201,-0.00156
446.87,-0.00156,-0.00197,-0.00218,-0.00272,-0.0018,-0.00157
447.23,-0.0017,-0.00218,-0.00262,-0.00274,-0.00177,-0.00163
447.6,-0.00157,-0.00229,-0.00282,-0.00268,-0.0018,-0.00201
447.96,-0.00196,-0.00278,-0.00314,-0.00272,-0.00206,-0.00221
448.33,-0.00183,-0.0025,-0.00329,-0.00285,-0.00223,-0.00224
448.7,-0.00201,-0.00276,-0.00344,-0.00313,-0.00234,-0.00248
449.06,-0.00244,-0.00253,-0.00315,-0.00307,-0.00242,-0.00251
449.43,-0.00262,-0.00277,-0.00309,-0.003,-0.00267,-0.00261
449.79,-0.00286,-0.0029,-0.00293,-0.00339,-0.00321,-0.0029
450.16,-0.00286,-0.00275,-0.00296,-0.00318,-0.00313,-0.00249
450.53,-0.00281,-0.00237,-0.00269,-0.00288,-0.00292,-0.00258
450.89,-0.00296,-0.00232,-0.00226,-0.00269,-0.00279,-0.00241
451.26,-0.00265,-0.00228,-0.00195,-0.00224,-0.00249,-0.00206
451.62,-0.00258,-0.00248,-0.00228,-0.00254,-0.00271,-0.00226
451.99,-0.00214,-0.00219,-0.00229,-0.00257,-0.0025,-0.00197
452.36,-0.0019,-0.0021,-0.00237,-0.0024,-0.00229,-0.002
452.72,-0.00201,-0.00203,-0.00226,-0.00258,-0.00238,-0.00219
453.09,-0.00216,-0.00206,-0.00278,-0.00293,-0.00258,-0.00232
453.45,-0.00183,-0.00213,-0.00273,-0.00273,-0.00243,-0.0024
453.82,-0.00196,-0.00215,-0.00275,-0.00303,-0.00244,-0.00262
454.18,-0.00219,-0.00232,-0.00276,-0.00285,-0.00238,-0.00271
454.55,-0.00238,-0.0026,-0.00275,-0.00271,-0.00235,-0.00271
454.92,-0.0022,-0.00227,-0.00272,-0.00254,-0.00225,-0.00257
455.28,-0.00205,-0.00234,-0.00273,-0.00248,-0.00198,-0.00246
455.65,-0.00181,-0.00224,-0.00223,-0.00212,-0.00181,-0.00231
456.01,-0.00159,-0.00233,-0.00221,-0.00218,-0.00191,-0.00206
456.38,-0.00134,-0.00213,-0.00221,-0.00206,-0.00191,-0.00187
456.74,-0.00099,-0.00209,-0.00234,-0.00219,-0.00207,-0.002
457.11,-0.00097,-0.00176,-0.00245,-0.00215,-0.002,-0.0021
457.47,-0.00121,-0.00202,-0.00232,-0.00215,-0.00185,-0.00187
457.84,-0.00152,-0.00193,-0.00214,-0.00213,-0.00196,-0.00193
458.2,-0.00152,-0.00197,-0.0022,-0.00225,-0.00192,-0.00188
458.57,-0.00173,-0.00165,-0.00239,-0.00227,-0.00182,-0.00172
458.93,-0.00177,-0.00154,-0.00235,-0.0023,-0.00169,-0.0017
459.3,-0.00164,-0.00129,-0.00208,-0.00213,-0.00142,-0.0013
459.66,-0.0016,-0.00128,-0.00196,-0.00209,-0.00142,-0.00128
460.03,-0.00136,-0.00115,-0.00195,-0.00216,-0.00146,-0.00139
460.39,-0.00109,-0.00122,-0.00199,-0.00209,-0.00152,-0.00129
460.76,-0.00102,-0.0013,-0.00191,-0.00216,-0.00164,-0.00138
461.12,-0.00106,-0.00175,-0.00203,-0.00218,-0.00172,-0.00172
461.49,-0.00094,-0.00173,-0.00195,-0.00195,-0.0017,-0.0016
461.85,-0.00113,-0.0018,-0.002,-0.00211,-0.00189,-0.00183
462.22,-0.00124,-0.00203,-0.00208,-0.00226,-0.00191,-0.00183
462.58,-0.00119,-0.002,-0.00194,-0.00206,-0.00189,-0.00178
462.95,-0.00123,-0.00204,-0.00211,-0.00202,-0.00198,-0.00173
463.31,-0.00127,-0.00193,-0.00222,-0.00204,-0.00186,-0.00148
463.68,-0.00117,-0.00181,-0.00206,-0.00199,-0.00183,-0.00145
464.04,-0.00125,-0.00168,-0.002,-0.00198,-0.00174,-0.00146
464.41,-0.00133,-0.00171,-0.00201,-0.00191,-0.0016,-0.00141
464.77,-0.00106,-0.00156,-0.0018,-0.00169,-0.00148,-0.00124
465.13,-0.00105,-0.00142,-0.00179,-0.00169,-0.00134,-0.00129
465.5,-0.00086,-0.00119,-0.00165,-0.00156,-0.00094,-0.00124
465.86,-0.00071,-0.00101,-0.00162,-0.00142,-0.00083,-0.00136
466.23,-0.00065,-0.00086,-0.00145,-0.00134,-0.00071,-0.00118
466.59,-0.00047,-0.00096,-0.00148,-0.00136,-0.00088,-0.0012
466.96,-0.0003,-0.00089,-0.0014,-0.00113,-0.00077,-0.00107
467.32,-0.00032,-0.0009,-0.00153,-0.00104,-0.00068,-0.00117
467.68,-0.00019,-0.00096,-0.00144,-0.00095,-0.00061,-0.00099
468.05,-0.00044,-0.00113,-0.00151,-0.00103,-0.00083,-0.00111
468.41,-0.00057,-0.00119,-0.00141,-0.00096,-0.00071,-0.00098
468.78,-0.0006,-0.00118,-0.00151,-0.00105,-0.00077,-0.00106
469.14,-0.00079,-0.00129,-0.00157,-0.00094,-0.00068,-0.00098
469.5,-0.00082,-0.00133,-0.0016,-0.00112,-0.00076,-0.00101
469.87,-0.00065,-0.00123,-0.00138,-0.00109,-0.00073,-0.00082
470.23,-0.0007,-0.00118,-0.00131,-0.00102,-0.00061,-0.00077
470.6,-0.00063,-0.00104,-0.00119,-0.00106,-0.00057,-0.00059
470.96,-0.00061,-0.00104,-0.0012,-0.00113,-0.00067,-0.00067
471.32,-0.00065,-0.00107,-0.00123,-0.00115,-0.00065,-0.00062
471.69,-0.0006,-0.00104,-0.00124,-0.00126,-0.00069,-0.00073
472.05,-0.00044,-0.00091,-0.0011,-0.00109,-0.00054,-0.00066
472.42,-0.00064,-0.00103,-0.00121,-0.00121,-0.00075,-0.00076
472.78,-0.00057,-0.00091,-0.00109,-0.00113,-0.00078,-0.00071
473.14,-0.00047,-0.00093,-0.00115,-0.00115,-0.00072,-0.00076
473.51,-0.00036,-0.0009,-0.00118,-0.0011,-0.00074,-0.00077
473.87,-0.00039,-0.00087,-0.00109,-0.00095,-0.00079,-0.00072
474.23,-0.00038,-0.00079,-0.00096,-0.00088,-0.00063,-0.00062
474.6,-0.00047,-0.00088,-0.00108,-0.00097,-0.00065,-0.00072
474.96,-0.00054,-0.00093,-0.0011,-0.001,-0.00049,-0.00073
475.32,-0.00064,-0.00107,-0.00121,-0.00115,-0.00056,-0.0008
475.69,-0.00061,-0.00107,-0.00113,-0.00096,-0.00052,-0.00068
476.05,-0.00059,-0.00114,-0.00112,-0.00088,-0.00041,-0.00053
476.41,-0.00053,-0.00108,-0.00108,-0.00083,-0.00027,-0.00041
476.78,-0.00053,-0.00106,-0.00112,-0.00084,-0.00034,-0.00039
477.14,-0.00052,-0.00096,-0.00093,-0.00069,-0.00028,-0.00013
477.5,-0.00045,-0.00071,-0.00077,-0.00059,-0.00024,-5.00E-05
477.87,-0.00034,-0.00059,-0.00073,-0.00048,-0.00013,0
478.23,-0.00035,-0.00053,-0.00064,-0.00049,-0.0001,-2.00E-05
478.59,-0.00034,-0.00034,-0.00053,-0.00048,-8.00E-05,-2.00E-05
478.96,-0.00021,-0.00036,-0.00053,-0.00053,-0.00021,-0.0001
479.32,-0.00017,-0.00041,-0.00055,-0.00054,-0.00023,-0.00019
479.68,-0.0002,-0.00049,-0.00062,-0.00059,-0.00018,-0.00035
480.04,-0.00012,-0.00055,-0.00067,-0.00059,-0.00012,-0.00029
480.41,-0.00015,-0.00058,-0.00066,-0.00059,-0.00023,-0.00035
480.77,-0.00016,-0.00063,-0.00079,-0.00067,-0.00029,-0.00044
481.13,-0.00019,-0.00074,-0.00095,-0.00073,-0.00038,-0.00058
481.5,-0.00022,-0.00073,-0.00095,-0.00064,-0.00024,-0.0005
481.86,-0.00026,-0.00067,-0.00082,-0.00054,-0.00012,-0.00039
482.22,-0.00021,-0.00061,-0.00079,-0.0005,-0.00015,-0.00029
482.58,-0.00021,-0.00061,-0.00085,-0.00055,-0.00024,-0.00032
482.95,-0.00024,-0.00062,-0.00087,-0.00051,-0.0002,-0.00034
483.31,-0.00016,-0.00063,-0.00084,-0.00047,-0.00014,-0.00029
483.67,-0.0002,-0.00066,-0.00074,-0.00054,-0.0001,-0.00023
484.03,-0.00017,-0.00058,-0.00069,-0.00053,-0.00012,-0.00024
484.4,-2.00E-05,-0.00054,-0.00077,-0.00056,-0.00015,-0.00023
484.76,0,-0.00054,-0.00077,-0.00061,-0.00018,-0.00022
485.12,-3.00E-05,-0.00055,-0.00072,-0.00056,-0.00022,-0.00014
485.48,7.00E-05,-0.00054,-0.00072,-0.00064,-0.00021,-1.00E-05
485.85,8.00E-05,-0.00043,-0.00063,-0.00054,-0.00016,5.00E-05
486.21,0.00012,-0.00045,-0.00061,-0.00045,-0.00015,5.00E-05
486.57,8.00E-05,-0.00057,-0.00072,-0.00047,-0.00019,1.00E-05
486.93,-9.00E-05,-0.00062,-0.00069,-0.00049,-0.00022,-4.00E-05
487.29,-6.00E-05,-0.00055,-0.00066,-0.00041,-0.00021,-4.00E-05
487.66,-5.00E-05,-0.00055,-0.00064,-0.00042,-0.00015,-0.0001
488.02,-6.00E-05,-0.00055,-0.00067,-0.00034,-0.00013,-0.00017
488.38,-2.00E-05,-0.00059,-0.00069,-0.00031,-0.0001,-0.00017
488.74,-6.00E-05,-0.0006,-0.00069,-0.00033,-0.0001,-0.00014
489.1,-5.00E-05,-0.00052,-0.00058,-0.00033,-5.00E-05,-2.00E-05
489.47,5.00E-05,-0.0005,-0.00054,-0.00031,-1.00E-05,6.00E-05
489.83,5.00E-05,-0.00052,-0.00053,-0.00035,-4.00E-05,8.00E-05
490.19,0.0001,-0.00049,-0.0005,-0.00033,-8.00E-05,0.00012
490.55,6.00E-05,-0.0004,-0.00047,-0.00033,-0.0001,0.00015
490.91,7.00E-05,-0.00037,-0.00043,-0.00035,-0.0001,0.00016
491.27,0.00021,-0.00029,-0.00037,-0.00027,-5.00E-05,0.00022
491.64,0.00014,-0.00037,-0.00045,-0.00037,-0.00013,0.00012
492,0.0001,-0.0004,-0.00058,-0.00037,-0.00019,2.00E-05
492.36,9.00E-05,-0.00045,-0.00061,-0.00036,-0.00016,-2.00E-05
492.72,0.00011,-0.00042,-0.00058,-0.00035,-6.00E-05,1.00E-05
493.08,0.0001,-0.00049,-0.00055,-0.00037,-3.00E-05,5.00E-05
493.44,7.00E-05,-0.00046,-0.00059,-0.00036,-5.00E-05,6.00E-05
493.81,2.00E-05,-0.00051,-0.00062,-0.00039,-0.00011,0
494.17,6.00E-05,-0.00041,-0.00056,-0.00034,-2.00E-05,4.00E-05
494.53,0.00011,-0.00038,-0.00044,-0.00027,9.00E-05,0.00016
494.89,0.00012,-0.00038,-0.00041,-0.00024,7.00E-05,0.00016
495.25,7.00E-05,-0.00041,-0.00044,-0.00021,2.00E-05,0.00013
495.61,0.00011,-0.00042,-0.00044,-0.00021,3.00E-05,8.00E-05
495.97,0.00013,-0.00047,-0.0004,-0.00028,0,6.00E-05
496.33,7.00E-05,-0.00045,-0.00036,-0.00029,-1.00E-05,0.0001
496.7,4.00E-05,-0.00048,-0.00039,-0.00027,-6.00E-05,8.00E-05
497.06,-1.00E-05,-0.00046,-0.00039,-0.00029,-9.00E-05,7.00E-05
497.42,-1.00E-05,-0.00046,-0.00038,-0.00031,-9.00E-05,0.0001
497.78,4.00E-05,-0.00046,-0.00039,-0.00033,-0.00011,9.00E-05
498.14,-2.00E-05,-0.00044,-0.0004,-0.00031,-0.00013,0.00015
498.5,-9.00E-05,-0.00046,-0.00042,-0.00032,-0.00016,0.00014
498.86,-3.00E-05,-0.00041,-0.00039,-0.0003,-0.00014,0.00016
499.22,0,-0.00039,-0.00036,-0.00033,-0.00015,0.00015
499.58,1.00E-05,-0.0004,-0.00035,-0.00038,-0.00014,0.00011
499.94,1.00E-05,-0.00035,-0.00031,-0.00033,-7.00E-05,0.00015
500.3,0,-0.0003,-0.00028,-0.00035,-3.00E-05,0.00021
500.67,2.00E-05,-0.00033,-0.00026,-0.00035,-5.00E-05,0.00017
501.03,7.00E-05,-0.0003,-0.00026,-0.00029,-4.00E-05,0.00017
501.39,5.00E-05,-0.00031,-0.00027,-0.00029,4.00E-05,0.00012
501.75,7.00E-05,-0.00033,-0.00035,-0.00028,4.00E-05,0.00011
502.11,0.00012,-0.00031,-0.00037,-0.00027,1.00E-05,8.00E-05
502.47,0.0001,-0.00031,-0.00042,-0.00034,-1.00E-05,4.00E-05
502.83,0.00016,-0.00032,-0.00041,-0.00035,0,-1.00E-05
503.19,0.00021,-0.00025,-0.00038,-0.00035,3.00E-05,0
503.55,0.0002,-0.0002,-0.0004,-0.00032,3.00E-05,5.00E-05
503.91,0.00023,-0.00024,-0.00044,-0.00034,-4.00E-05,4.00E-05
504.27,0.00023,-0.00022,-0.00038,-0.00028,1.00E-05,8.00E-05
504.63,0.00024,-0.00025,-0.00041,-0.00028,1.00E-05,0.0001
504.99,0.00022,-0.00026,-0.00043,-0.00029,0,4.00E-05
505.35,0.00013,-0.0003,-0.00048,-0.00026,-3.00E-05,5.00E-05
505.71,0.00016,-0.00034,-0.00051,-0.00025,-2.00E-05,4.00E-05
506.07,9.00E-05,-0.00038,-0.00054,-0.0003,-1.00E-05,-1.00E-05
506.43,8.00E-05,-0.00037,-0.00052,-0.00032,-3.00E-05,3.00E-05
506.79,6.00E-05,-0.00036,-0.00053,-0.00033,-4.00E-05,3.00E-05
507.15,7.00E-05,-0.00029,-0.00048,-0.00025,1.00E-05,0.00011
507.51,0.00013,-0.00032,-0.00042,-0.00017,4.00E-05,0.00017
507.87,0.00022,-0.00023,-0.00033,-0.00014,9.00E-05,0.00024
508.23,0.00019,-0.0002,-0.00033,-0.00015,7.00E-05,0.00022
508.59,0.00028,-0.00024,-0.00032,-0.00015,4.00E-05,0.00018
508.95,0.0003,-0.0002,-0.00027,-9.00E-05,0.0001,0.00021
509.31,0.00032,-0.0002,-0.00022,-9.00E-05,0.00013,0.00019
509.67,0.00027,-0.00027,-0.00027,-0.00016,9.00E-05,0.00015
510.03,0.00021,-0.00027,-0.00033,-0.00022,4.00E-05,8.00E-05
510.39,0.00019,-0.00032,-0.00036,-0.0002,2.00E-05,8.00E-05
510.75,0.00015,-0.00038,-0.00042,-0.00023,4.00E-05,5.00E-05
511.11,0.0001,-0.00037,-0.00048,-0.00023,7.00E-05,9.00E-05
511.47,0.00012,-0.00039,-0.00052,-0.00023,4.00E-05,7.00E-05
511.83,0.00013,-0.00038,-0.00049,-0.00018,3.00E-05,0.0001
512.19,0.00014,-0.00033,-0.00044,-0.00014,4.00E-05,0.0001
512.55,0.00017,-0.00029,-0.0004,-0.00012,9.00E-05,0.00015
512.91,0.00015,-0.00029,-0.00042,-0.00014,8.00E-05,0.00012
513.27,0.00019,-0.00019,-0.00032,-8.00E-05,9.00E-05,0.00016
513.62,0.00021,-0.00017,-0.00025,-3.00E-05,0.00012,0.00012
513.98,0.00021,-0.00018,-0.00024,-1.00E-05,0.00014,8.00E-05
514.34,0.00021,-0.0002,-0.00028,-8.00E-05,0.00011,5.00E-05
514.7,0.00023,-0.00024,-0.0003,-0.0001,0.00012,7.00E-05
515.06,0.0002,-0.00028,-0.00033,-0.00013,7.00E-05,1.00E-05
515.42,0.00019,-0.00028,-0.00031,-0.00013,8.00E-05,6.00E-05
515.78,0.00024,-0.00031,-0.00032,-9.00E-05,0.0001,0.00012
516.14,0.0003,-0.00032,-0.0003,-0.0001,0.00012,0.00025
516.5,0.00025,-0.00031,-0.00031,-0.00016,0.0001,0.0003
516.86,0.00025,-0.00028,-0.00028,-0.00011,0.0001,0.00038
517.22,0.00024,-0.00026,-0.00025,-6.00E-05,0.0001,0.00041
517.57,0.00027,-0.00026,-0.00023,-5.00E-05,0.00012,0.00045
517.93,0.00024,-0.00028,-0.00025,-0.00011,8.00E-05,0.00038
518.29,0.00014,-0.00033,-0.0003,-0.00019,4.00E-05,0.00029
518.65,8.00E-05,-0.00033,-0.00037,-0.00021,-2.00E-05,0.00023
519.01,8.00E-05,-0.00032,-0.00038,-0.0002,-2.00E-05,0.0002
519.37,6.00E-05,-0.00038,-0.00041,-0.00022,-2.00E-05,0.00018
519.73,0.00011,-0.00037,-0.0004,-0.0002,2.00E-05,0.00022
520.08,0.00012,-0.00035,-0.00039,-0.00021,4.00E-05,0.0002
520.44,0.00016,-0.00037,-0.00035,-0.0002,8.00E-05,0.00024
520.8,0.0002,-0.00032,-0.00033,-0.00016,9.00E-05,0.00028
521.16,0.00022,-0.00029,-0.00027,-0.00012,9.00E-05,0.00028
521.52,0.00019,-0.00032,-0.00024,-7.00E-05,6.00E-05,0.00029
521.88,0.00024,-0.00027,-0.00019,-5.00E-05,6.00E-05,0.00026
522.24,0.00021,-0.00029,-0.0002,-6.00E-05,5.00E-05,0.00019
522.59,0.00022,-0.00027,-0.00022,-5.00E-05,4.00E-05,0.00022
522.95,0.00023,-0.00027,-0.00023,-3.00E-05,8.00E-05,0.00022
523.31,0.00024,-0.00027,-0.0002,-5.00E-05,9.00E-05,0.00023
523.67,0.00027,-0.00031,-0.00021,-0.0001,0.00014,0.00021
524.03,0.00035,-0.00028,-0.0002,-0.00013,0.00018,0.00024
524.38,0.0003,-0.00031,-0.00022,-0.00018,0.00017,0.00019
524.74,0.00029,-0.00033,-0.00023,-0.0002,0.00014,0.00022
525.1,0.00033,-0.00034,-0.00018,-0.00018,0.00015,0.00023
525.46,0.0003,-0.00029,-0.00018,-0.00019,0.00012,0.00022
525.82,0.00029,-0.00027,-0.00015,-0.00018,0.00013,0.00025
526.17,0.00023,-0.00028,-0.00019,-0.00019,6.00E-05,0.00025
526.53,0.00022,-0.00029,-0.00021,-0.00019,4.00E-05,0.00017
526.89,0.0003,-0.00021,-0.00017,-0.00016,5.00E-05,0.00026
527.25,0.00033,-0.00013,-0.00015,-0.00015,9.00E-05,0.00023
527.61,0.00033,-7.00E-05,-0.00013,-0.00017,0.00012,0.00025
527.96,0.00036,-6.00E-05,-0.00014,-0.00018,0.00014,0.00026
528.32,0.0004,-7.00E-05,-0.00017,-0.00019,0.00011,0.00022
528.68,0.00047,-5.00E-05,-0.00016,-0.00019,0.00015,0.00023
529.04,0.00051,-2.00E-05,-0.00017,-0.00018,0.0002,0.00029
529.39,0.00053,-4.00E-05,-0.0002,-0.0002,0.00023,0.00027
529.75,0.00059,-2.00E-05,-0.0002,-0.00018,0.00023,0.00033
530.11,0.00064,-4.00E-05,-0.0002,-0.00013,0.00025,0.00036
530.47,0.00066,-6.00E-05,-0.00024,-9.00E-05,0.00027,0.00038
530.82,0.00061,-0.0001,-0.00025,-9.00E-05,0.0003,0.00037
531.18,0.00066,-3.00E-05,-0.00022,-3.00E-05,0.00036,0.00043
531.54,0.00067,-2.00E-05,-0.00015,0,0.00038,0.00045
531.9,0.00061,-4.00E-05,-0.00014,3.00E-05,0.00036,0.00043
532.25,0.00058,-0.00011,-0.00012,-1.00E-05,0.00037,0.00039
532.61,0.00052,-0.00015,-0.00015,-3.00E-05,0.00034,0.00032
532.97,0.00053,-0.00013,-0.00011,-4.00E-05,0.00031,0.00033
533.32,0.00057,-8.00E-05,-7.00E-05,-4.00E-05,0.00033,0.00033
533.68,0.0005,-0.00012,-9.00E-05,-8.00E-05,0.00028,0.00028
534.04,0.00043,-0.00015,-0.00018,-0.00013,0.00023,0.00026
534.4,0.00041,-0.00018,-0.00021,-0.00015,0.00018,0.00024
534.75,0.00042,-0.00015,-0.00024,-0.00013,0.00017,0.00027
535.11,0.0004,-0.00018,-0.00024,-0.00014,0.0001,0.00024
535.47,0.00039,-0.0002,-0.00024,-0.00016,0.0001,0.0002
535.82,0.00036,-0.00024,-0.00027,-0.00018,7.00E-05,0.00018
536.18,0.00038,-0.00021,-0.00027,-0.0002,6.00E-05,0.00019
536.54,0.00043,-0.00022,-0.00023,-0.00018,7.00E-05,0.00022
536.89,0.00045,-0.00021,-0.00019,-0.00018,0.0001,0.00022
537.25,0.00047,-0.00023,-0.00017,-0.00018,0.0001,0.00021
537.61,0.00049,-0.00021,-0.00016,-0.00015,0.00016,0.00025
537.96,0.00047,-0.00024,-0.00017,-0.00015,0.00015,0.00026
538.32,0.00047,-0.00022,-0.00017,-0.00012,0.00017,0.00029
538.68,0.00043,-0.00027,-0.00017,-0.00011,0.00019,0.00027
539.03,0.00037,-0.00026,-0.00017,-0.00015,0.00017,0.00023
539.39,0.0004,-0.00025,-0.00014,-0.00012,0.0002,0.00026
539.75,0.00034,-0.00029,-0.0002,-0.00015,0.00016,0.00024
540.1,0.00033,-0.00025,-0.00022,-0.00017,0.00015,0.00026
540.46,0.00031,-0.00024,-0.00022,-0.00021,0.00011,0.00026
540.81,0.00032,-0.00026,-0.00022,-0.00021,0.0001,0.00025
541.17,0.00035,-0.00022,-0.00021,-0.00021,0.0001,0.00025
541.53,0.00037,-0.00022,-0.0002,-0.00019,0.00011,0.00027
541.88,0.00031,-0.00024,-0.00026,-0.00022,6.00E-05,0.00023
542.24,0.00032,-0.00022,-0.00024,-0.00015,7.00E-05,0.00024
542.59,0.00034,-0.00022,-0.00018,-0.00011,0.0001,0.00023
542.95,0.00037,-0.0002,-0.00017,-4.00E-05,0.00016,0.00028
543.31,0.00037,-0.00017,-0.00016,-5.00E-05,0.00016,0.00028
543.66,0.00038,-0.00017,-0.00017,-8.00E-05,0.00016,0.0003
544.02,0.00038,-0.00018,-0.00018,-6.00E-05,0.00017,0.00029
544.37,0.00043,-0.00017,-0.00015,-5.00E-05,0.00016,0.00031
544.73,0.00049,-0.00016,-0.00013,-7.00E-05,0.00015,0.00029
545.09,0.00048,-0.00015,-0.00012,-0.00011,0.00011,0.00026
545.44,0.00046,-0.00012,-0.00012,-0.00015,8.00E-05,0.00023
545.8,0.00048,-9.00E-05,-9.00E-05,-0.00014,9.00E-05,0.00025
546.15,0.00051,-0.0001,-9.00E-05,-0.00013,7.00E-05,0.00024
546.51,0.00056,-0.00014,-0.00013,-0.00012,9.00E-05,0.00022
546.86,0.0006,-9.00E-05,-0.0001,-0.00012,0.00016,0.00026
547.22,0.00059,-8.00E-05,-0.00011,-0.00015,0.00018,0.00027
547.58,0.0006,-0.0001,-0.00011,-0.00015,0.0002,0.00028
547.93,0.00065,-0.0001,-9.00E-05,-0.00014,0.00022,0.00031
548.29,0.00065,-0.00014,-0.00012,-0.00015,0.00023,0.00029
548.64,0.00064,-0.00011,-8.00E-05,-0.00014,0.00027,0.00031
549,0.00061,-1.00E-05,-2.00E-05,-0.00013,0.0003,0.00034
549.35,0.00057,-4.00E-05,-0.0001,-0.00014,0.00027,0.00031
549.71,0.00055,-2.00E-05,-0.0001,-0.00013,0.00028,0.00034
550.06,0.00051,-1.00E-05,-0.00013,-0.00014,0.00025,0.00036
550.42,0.00047,-3.00E-05,-0.0002,-0.00017,0.00021,0.00031
550.77,0.00051,3.00E-05,-0.00018,-0.00013,0.00022,0.00034
551.13,0.00049,-1.00E-05,-0.00025,-0.00017,0.00016,0.0003
551.48,0.00053,-4.00E-05,-0.00029,-0.00019,0.00011,0.00027
551.84,0.00059,-4.00E-05,-0.00025,-0.00017,0.00012,0.00025
552.19,0.00061,-7.00E-05,-0.00026,-0.00016,0.00011,0.00025
552.55,0.00064,-0.00013,-0.00027,-0.00017,0.00012,0.00022
552.9,0.00064,-0.00016,-0.00025,-0.00016,0.00013,0.00024
553.26,0.00062,-0.0002,-0.00025,-0.00018,0.00011,0.00022
553.61,0.00066,-0.00017,-0.0002,-0.00015,0.00014,0.00024
553.97,0.00062,-0.00021,-0.00021,-0.00016,0.00012,0.00025
554.32,0.00059,-0.00024,-0.00023,-0.00019,0.00011,0.00024
554.68,0.00055,-0.00025,-0.00022,-0.00023,8.00E-05,0.00021
555.03,0.00056,-0.00021,-0.00017,-0.00019,9.00E-05,0.00024
555.39,0.00058,-0.00019,-0.00015,-0.0002,0.0001,0.00025
555.74,0.00057,-0.00019,-0.00017,-0.00019,0.00011,0.00027
556.1,0.00053,-0.0002,-0.00016,-0.00019,0.00013,0.00028
556.45,0.00052,-0.00019,-0.00015,-0.00016,0.00013,0.00032
556.8,0.0005,-0.00013,-0.00012,-0.00013,0.00017,0.00036
557.16,0.00047,-0.00016,-0.00017,-0.00016,0.00018,0.00031
557.51,0.00045,-0.00018,-0.0002,-0.00018,0.00017,0.00029
557.87,0.00048,-0.00011,-0.00016,-0.00014,0.00018,0.00031
558.22,0.00049,-0.00013,-0.00016,-0.00015,0.00019,0.00029
558.58,0.00049,-0.0001,-0.00021,-0.00016,0.00018,0.00029
558.93,0.0005,-8.00E-05,-0.00018,-0.00015,0.0002,0.00029
559.28,0.00047,-0.00011,-0.00023,-0.00019,0.00016,0.00023
559.64,0.00053,-8.00E-05,-0.0002,-0.0001,0.00018,0.00029
559.99,0.00055,-7.00E-05,-0.0002,-7.00E-05,0.00021,0.00028
560.35,0.00053,-0.00012,-0.00025,-9.00E-05,0.00018,0.00026
560.7,0.00052,-0.00014,-0.00026,-0.00012,0.00014,0.00025
561.05,0.00056,-0.00014,-0.00022,-8.00E-05,0.00015,0.00027
561.41,0.00055,-0.00018,-0.00027,-0.00011,0.00017,0.00026
561.76,0.00058,-0.00019,-0.00025,-7.00E-05,0.00017,0.0003
562.12,0.0006,-0.00017,-0.00022,-8.00E-05,0.00019,0.00031
562.47,0.00059,-0.00022,-0.00025,-0.00011,0.00015,0.00033
562.82,0.00059,-0.00022,-0.00023,-0.00011,0.00018,0.00035
563.18,0.00057,-0.00022,-0.00022,-9.00E-05,0.0002,0.00034
563.53,0.00054,-0.00026,-0.00025,-0.00011,0.00016,0.0003
563.88,0.00055,-0.00025,-0.00024,-0.00012,0.00014,0.00029
564.24,0.00053,-0.00023,-0.00023,-0.00014,0.00014,0.00029
564.59,0.00052,-0.00025,-0.00024,-0.00017,0.00015,0.00029
564.95,0.0005,-0.00024,-0.00023,-0.00014,0.00017,0.00031
565.3,0.00053,-0.00026,-0.00024,-0.00016,0.00018,0.00032
565.65,0.00055,-0.00022,-0.0002,-0.00014,0.00022,0.00036
566.01,0.00054,-0.00024,-0.0002,-0.00015,0.00021,0.00035
566.36,0.00058,-0.00021,-0.00015,-0.00011,0.00025,0.00037
566.71,0.00059,-0.00022,-0.00013,-7.00E-05,0.00028,0.0004
567.07,0.0006,-0.0002,-0.00011,-3.00E-05,0.00028,0.00042
567.42,0.00062,-0.00016,-7.00E-05,-4.00E-05,0.0003,0.00042
567.77,0.00062,-0.00013,-7.00E-05,-2.00E-05,0.00028,0.0004
568.13,0.00064,-0.00012,-8.00E-05,-1.00E-05,0.00026,0.0004
568.48,0.00064,-0.00014,-7.00E-05,-2.00E-05,0.00028,0.00042
568.83,0.00057,-0.00018,-0.00011,-3.00E-05,0.00024,0.00041
569.18,0.00055,-0.00019,-0.00014,-6.00E-05,0.00019,0.00039
569.54,0.0005,-0.00023,-0.00016,-0.0001,0.00018,0.00032
569.89,0.0005,-0.00027,-0.00019,-0.00013,0.00016,0.00031
570.24,0.00049,-0.00028,-0.0002,-0.00013,0.00015,0.0003
570.6,0.00048,-0.00026,-0.00018,-0.00012,0.00018,0.00028
570.95,0.00048,-0.00021,-0.00018,-9.00E-05,0.0002,0.00028
571.3,0.00053,-0.00018,-0.00017,-6.00E-05,0.00023,0.00027
571.65,0.00052,-0.00015,-0.00016,-3.00E-05,0.00026,0.00025
572.01,0.00049,-0.00014,-0.00018,-4.00E-05,0.00026,0.00026
572.36,0.00049,-0.00012,-0.00019,-6.00E-05,0.00025,0.00026
572.71,0.0005,-0.00013,-0.00019,-8.00E-05,0.00028,0.00027
573.06,0.00051,-0.00015,-0.00026,-0.00011,0.00024,0.00027
573.42,0.00053,-0.00016,-0.00028,-0.00014,0.00022,0.00025
573.77,0.00055,-0.00017,-0.0003,-0.00013,0.00019,0.00026
574.12,0.00058,-0.00017,-0.00032,-0.00013,0.00019,0.00027
574.47,0.00065,-0.00017,-0.0003,-0.0001,0.00021,0.00029
574.83,0.00068,-0.00014,-0.0003,-6.00E-05,0.00022,0.0003
575.18,0.00069,-0.00013,-0.00023,-2.00E-05,0.00021,0.00031
575.53,0.00066,-0.00013,-0.00022,2.00E-05,0.00022,0.00033
575.88,0.00066,-0.00013,-0.00021,0,0.00023,0.00039
576.24,0.00063,-0.00014,-0.00019,-2.00E-05,0.00024,0.00041
576.59,0.00062,-0.00017,-0.00019,-6.00E-05,0.00024,0.00043
576.94,0.00059,-0.00017,-0.00018,-6.00E-05,0.00024,0.00046
577.29,0.00057,-0.0002,-0.0002,-5.00E-05,0.00025,0.0005
577.64,0.00055,-0.00022,-0.00024,-8.00E-05,0.00025,0.00048
578,0.0006,-0.00019,-0.0002,-7.00E-05,0.00031,0.00053
578.35,0.00058,-0.00021,-0.00019,-7.00E-05,0.00031,0.0005
578.7,0.00062,-0.00019,-0.00018,-8.00E-05,0.00035,0.00055
579.05,0.00064,-0.00015,-0.00014,-5.00E-05,0.00034,0.00056
579.4,0.00063,-0.00016,-0.00013,-5.00E-05,0.00035,0.00056
579.76,0.00064,-0.00016,-0.00012,-8.00E-05,0.00032,0.00053
580.11,0.00064,-0.00012,-0.00011,-9.00E-05,0.00033,0.00055
580.46,0.00058,-0.00015,-0.00014,-0.00013,0.00029,0.0005
580.81,0.00059,-0.00011,-0.00013,-0.00011,0.00029,0.00049
581.16,0.00057,-0.00011,-0.00014,-7.00E-05,0.0003,0.00044
581.51,0.00055,-0.00013,-0.00018,-7.00E-05,0.00031,0.0004
581.87,0.0006,-0.00014,-0.00018,-7.00E-05,0.0003,0.00041
582.22,0.00059,-0.00015,-0.00015,-6.00E-05,0.00031,0.00039
582.57,0.00057,-0.00018,-0.00017,-5.00E-05,0.00031,0.00036
582.92,0.00061,-0.00019,-0.00015,-5.00E-05,0.00031,0.00035
583.27,0.00065,-0.00018,-0.00016,-3.00E-05,0.00034,0.00035
583.62,0.0006,-0.00022,-0.00019,-8.00E-05,0.00028,0.00032
583.97,0.0006,-0.00021,-0.00019,-8.00E-05,0.00023,0.00033
584.33,0.00057,-0.00022,-0.00019,-9.00E-05,0.00024,0.00031
584.68,0.00059,-0.0002,-0.00024,-7.00E-05,0.00026,0.00033
585.03,0.00059,-0.00015,-0.00023,-3.00E-05,0.00028,0.00032
585.38,0.00057,-0.00012,-0.00028,0,0.00029,0.00033
585.73,0.00055,-0.00011,-0.00027,-3.00E-05,0.00028,0.00031
586.08,0.00058,-9.00E-05,-0.00028,0,0.00031,0.00034
586.43,0.00061,-0.0001,-0.00027,-2.00E-05,0.00034,0.00033
586.78,0.00065,-8.00E-05,-0.00026,2.00E-05,0.00036,0.00035
587.13,0.00064,-7.00E-05,-0.00026,-1.00E-05,0.00033,0.00034
587.48,0.00069,-9.00E-05,-0.00023,-1.00E-05,0.0003,0.00038
587.84,0.0007,-0.00012,-0.0002,1.00E-05,0.00029,0.00038
588.19,0.00073,-0.00016,-0.00024,0,0.00025,0.00041
588.54,0.00075,-0.00017,-0.0002,1.00E-05,0.00025,0.00042
588.89,0.00071,-0.00018,-0.00025,-1.00E-05,0.00021,0.00045
589.24,0.0007,-0.00016,-0.00024,-2.00E-05,0.00021,0.00047
589.59,0.00069,-0.00018,-0.00021,-1.00E-05,0.00023,0.00051
589.94,0.00064,-0.00019,-0.00026,-6.00E-05,0.00024,0.00051
590.29,0.00065,-0.00018,-0.00025,-7.00E-05,0.00027,0.00057
590.64,0.00064,-0.00018,-0.00023,-8.00E-05,0.00029,0.00059
590.99,0.00063,-0.00016,-0.00021,-8.00E-05,0.00032,0.00062
591.34,0.00066,-0.00014,-0.00018,-5.00E-05,0.00036,0.00065
591.69,0.00063,-0.00015,-0.00018,-5.00E-05,0.00035,0.00063
592.04,0.00064,-0.00016,-0.00016,-4.00E-05,0.00035,0.00061
592.39,0.00066,-0.00016,-0.00013,-1.00E-05,0.00035,0.00062
592.74,0.00062,-0.00018,-0.00013,-2.00E-05,0.00033,0.00057
593.09,0.00061,-0.00014,-0.0001,0,0.00036,0.00058
593.44,0.00055,-0.00019,-0.00012,-6.00E-05,0.0003,0.0005
593.79,0.00053,-0.0002,-8.00E-05,-7.00E-05,0.0003,0.00048
594.14,0.00053,-0.00019,-7.00E-05,-7.00E-05,0.0003,0.00048
594.49,0.00052,-0.00017,-7.00E-05,-5.00E-05,0.00032,0.00049
594.84,0.00054,-0.00017,-6.00E-05,-5.00E-05,0.0003,0.00048
595.19,0.00054,-0.00017,-7.00E-05,-9.00E-05,0.0003,0.00043
595.54,0.00052,-0.00018,-9.00E-05,-7.00E-05,0.00026,0.00042
595.89,0.00055,-0.00012,-6.00E-05,-1.00E-05,0.00032,0.00047
596.24,0.0006,-9.00E-05,-3.00E-05,5.00E-05,0.00038,0.0005
596.59,0.00059,-0.00012,-6.00E-05,4.00E-05,0.00042,0.00049
596.94,0.0006,-0.00011,-6.00E-05,1.00E-05,0.0004,0.0005
597.29,0.00058,-0.00016,-7.00E-05,0,0.00038,0.00047
597.64,0.00054,-0.00018,-6.00E-05,0,0.00037,0.00052
597.99,0.00058,-0.00015,-2.00E-05,2.00E-05,0.00041,0.00054
598.34,0.00064,-0.00015,-5.00E-05,2.00E-05,0.00038,0.00055
598.69,0.00058,-0.00017,-0.00011,-4.00E-05,0.0003,0.00051
599.04,0.00057,-0.00016,-9.00E-05,-6.00E-05,0.00024,0.00049
599.39,0.0006,-0.00016,-7.00E-05,-3.00E-05,0.00029,0.00051
599.74,0.00062,-0.00011,-8.00E-05,-4.00E-05,0.00029,0.0005
600.09,0.00067,-0.0001,-8.00E-05,0,0.00031,0.00048
600.44,0.00063,-0.00012,-0.00013,-1.00E-05,0.00026,0.00043
600.79,0.0006,-0.00012,-0.00012,-1.00E-05,0.00027,0.00041
601.14,0.00059,-0.00012,-0.00011,2.00E-05,0.00027,0.00042
601.49,0.00057,-0.00012,-0.00011,6.00E-05,0.0003,0.00041
601.83,0.00051,-0.00017,-0.00018,0,0.00022,0.00033
602.18,0.00051,-0.00015,-0.00018,2.00E-05,0.00024,0.00033
602.53,0.00052,-9.00E-05,-0.00017,0,0.00024,0.00035
602.88,0.00059,-5.00E-05,-0.00014,4.00E-05,0.00031,0.00042
603.23,0.00064,-7.00E-05,-0.00014,5.00E-05,0.00033,0.00048
603.58,0.00072,-7.00E-05,-0.00013,3.00E-05,0.00039,0.00052
603.93,0.00079,-2.00E-05,-0.0001,5.00E-05,0.00042,0.00065
604.28,0.00083,0,-9.00E-05,7.00E-05,0.00043,0.00077
604.63,0.00085,-4.00E-05,-9.00E-05,7.00E-05,0.00046,0.00091
604.97,0.00083,-0.0001,-0.0001,8.00E-05,0.00048,0.00104
605.32,0.00077,-0.00018,-0.00015,2.00E-05,0.00043,0.0011
605.67,0.00074,-0.00017,-0.00013,0,0.00042,0.00114
606.02,0.0007,-0.00018,-0.00013,-1.00E-05,0.00037,0.00116
606.37,0.00066,-0.00023,-0.00017,-1.00E-05,0.00035,0.00111
606.72,0.00065,-0.00023,-0.00012,-1.00E-05,0.00035,0.00105
607.07,0.0006,-0.00023,-0.00011,-4.00E-05,0.00031,0.00094
607.42,0.00058,-0.00022,-8.00E-05,-5.00E-05,0.0003,0.0008
607.76,0.00058,-0.0002,-6.00E-05,-5.00E-05,0.00031,0.00069
608.11,0.00056,-0.00021,-6.00E-05,-3.00E-05,0.00031,0.0006
608.46,0.00056,-0.00023,-6.00E-05,-2.00E-05,0.00033,0.00053
608.81,0.00057,-0.00019,-3.00E-05,1.00E-05,0.00033,0.00047
609.16,0.00055,-0.00019,-6.00E-05,4.00E-05,0.00035,0.00043
609.51,0.00053,-0.0002,-6.00E-05,7.00E-05,0.00039,0.0004
609.85,0.00057,-0.00016,-5.00E-05,0.00012,0.00038,0.00041
610.2,0.00059,-0.00016,-7.00E-05,0.00015,0.00039,0.00039
610.55,0.00057,-0.00015,-7.00E-05,0.00012,0.00037,0.00037
610.9,0.00056,-0.00012,-7.00E-05,0.00011,0.00034,0.00036
611.25,0.00054,-0.00013,-0.00011,0.0001,0.00032,0.00037
611.59,0.00053,-0.00012,-0.00013,8.00E-05,0.0003,0.00037
611.94,0.00056,-0.0001,-0.00014,8.00E-05,0.00029,0.0004
612.29,0.00055,-0.00013,-0.00017,4.00E-05,0.00026,0.00039
612.64,0.00053,-0.00012,-0.00016,2.00E-05,0.00022,0.00039
612.99,0.00055,-9.00E-05,-0.00017,2.00E-05,0.00026,0.00041
613.33,0.00057,-8.00E-05,-0.00018,3.00E-05,0.00027,0.00042
613.68,0.0006,-5.00E-05,-0.00016,-2.00E-05,0.00027,0.0004
614.03,0.00059,-2.00E-05,-0.00017,-1.00E-05,0.00029,0.00043
614.38,0.00059,-1.00E-05,-0.00015,1.00E-05,0.00031,0.00045
614.72,0.00059,3.00E-05,-0.00016,2.00E-05,0.00031,0.00054
615.07,0.0006,2.00E-05,-0.00015,1.00E-05,0.00032,0.00065
615.42,0.0006,2.00E-05,-0.00017,5.00E-05,0.00031,0.00077
615.77,0.00061,-2.00E-05,-0.00019,6.00E-05,0.0003,0.00096
616.11,0.00064,-4.00E-05,-0.00017,9.00E-05,0.00031,0.00117
616.46,0.00071,-4.00E-05,-0.00014,7.00E-05,0.00032,0.00141
616.81,0.00074,-6.00E-05,-0.00014,4.00E-05,0.00032,0.00159
617.16,0.00076,-0.00011,-0.00015,1.00E-05,0.00036,0.00172
617.5,0.00076,-0.00013,-0.00017,0,0.00038,0.00176
617.85,0.00079,-0.00016,-0.00018,-6.00E-05,0.00041,0.00175
618.2,0.00075,-0.00015,-0.00018,-0.00011,0.00043,0.00163
618.54,0.00069,-0.00017,-0.00021,-0.00014,0.00046,0.00145
618.89,0.00062,-0.00019,-0.00022,-0.00014,0.00051,0.00125
619.24,0.00058,-0.00021,-0.00023,-0.00014,0.00052,0.00105
619.59,0.00054,-0.00021,-0.00021,-0.00011,0.0005,0.00086
619.93,0.00054,-0.00021,-0.00017,-0.0001,0.00051,0.00076
620.28,0.00052,-0.00019,-0.0001,-5.00E-05,0.00047,0.00064
620.63,0.00051,-0.0002,-8.00E-05,0,0.00046,0.00057
620.97,0.00051,-0.0002,-5.00E-05,5.00E-05,0.00044,0.00052
621.32,0.00051,-0.00021,-4.00E-05,7.00E-05,0.00036,0.00048
621.67,0.00051,-0.0002,0,7.00E-05,0.00031,0.00044
622.01,0.00054,-0.00017,2.00E-05,8.00E-05,0.00031,0.00043
622.36,0.00055,-0.00019,0,8.00E-05,0.00029,0.00035
622.71,0.00055,-0.0002,-6.00E-05,7.00E-05,0.00025,0.00033
623.05,0.00058,-0.0002,-5.00E-05,4.00E-05,0.00025,0.00032
623.4,0.00059,-0.0002,-3.00E-05,3.00E-05,0.00022,0.00036
623.75,0.00061,-0.00022,-2.00E-05,3.00E-05,0.00024,0.00034
624.09,0.0006,-0.00022,-4.00E-05,-1.00E-05,0.00022,0.00032
624.44,0.00056,-0.00023,-5.00E-05,-1.00E-05,0.00023,0.00032
624.79,0.00055,-0.00022,-7.00E-05,-2.00E-05,0.00021,0.00034
625.13,0.00056,-0.00018,-3.00E-05,2.00E-05,0.00025,0.00036
625.48,0.00055,-0.00016,-6.00E-05,3.00E-05,0.00026,0.00036
625.82,0.00055,-0.00016,-8.00E-05,1.00E-05,0.00025,0.00033
626.17,0.00052,-0.00017,-0.00011,1.00E-05,0.00025,0.00034
626.52,0.00054,-0.00014,-0.00013,6.00E-05,0.00028,0.00035
626.86,0.00053,-0.00013,-0.00014,5.00E-05,0.00027,0.00035
627.21,0.00055,-0.00013,-0.00015,7.00E-05,0.00026,0.00033
627.55,0.00055,-0.0001,-0.00017,5.00E-05,0.00028,0.00033
627.9,0.00056,-0.0001,-0.00014,7.00E-05,0.00027,0.00032
628.25,0.00059,-5.00E-05,-0.00013,0.00011,0.00032,0.00031
628.59,0.00063,1.00E-05,-0.00011,0.00014,0.00038,0.00029
628.94,0.00063,0,-0.00012,0.00014,0.0004,0.00029
629.28,0.00068,0,-0.00013,0.00016,0.00044,0.0003
629.63,0.00074,5.00E-05,-0.0001,0.00016,0.00051,0.00033
629.98,0.00077,1.00E-05,-0.00011,0.00014,0.00053,0.00031
630.32,0.00084,2.00E-05,-9.00E-05,0.00015,0.00059,0.00034
630.67,0.00088,0,-0.00011,0.00012,0.00061,0.00039
631.01,0.0009,-5.00E-05,-0.00014,0.0001,0.00058,0.00037
631.36,0.00094,-7.00E-05,-0.00014,0.0001,0.00056,0.00034
631.7,0.00094,-0.00011,-0.00015,0.0001,0.00053,0.00031
632.05,0.00088,-0.00015,-0.00014,0.00012,0.0005,0.00031
632.39,0.00084,-0.00016,-0.00015,0.00014,0.00045,0.0003
632.74,0.00077,-0.00014,-0.00015,0.00018,0.00041,0.00031
633.09,0.00071,-0.00013,-0.00015,0.00015,0.00036,0.0003
633.43,0.00067,-0.00013,-0.00013,0.00013,0.00032,0.00033
633.78,0.00061,-0.00015,-0.00011,8.00E-05,0.00028,0.00037
634.12,0.00058,-0.00014,-0.0001,6.00E-05,0.00026,0.00039
634.47,0.00061,-0.00013,-7.00E-05,4.00E-05,0.00026,0.0004
634.81,0.00061,-0.00013,-5.00E-05,2.00E-05,0.00026,0.00039
635.16,0.0006,-0.00016,-5.00E-05,-7.00E-05,0.00023,0.00037
635.5,0.00059,-0.00019,-4.00E-05,-6.00E-05,0.00022,0.00036
635.85,0.00059,-0.00017,-1.00E-05,-9.00E-05,0.00023,0.00035
636.19,0.0006,-0.00014,2.00E-05,-7.00E-05,0.00028,0.00033
636.54,0.00062,-0.00014,6.00E-05,-8.00E-05,0.00032,0.00032
636.88,0.00055,-0.00016,5.00E-05,-0.0001,0.00029,0.00031
637.23,0.00054,-0.00017,9.00E-05,-0.00011,0.00027,0.0003
637.57,0.00054,-0.00017,5.00E-05,-3.00E-05,0.00027,0.00028
637.92,0.00055,-0.00013,6.00E-05,-1.00E-05,0.0003,0.00031
638.26,0.00054,-0.00015,6.00E-05,1.00E-05,0.0003,0.00029
638.6,0.00055,-0.00014,2.00E-05,7.00E-05,0.00027,0.0003
638.95,0.00051,-0.00017,-7.00E-05,7.00E-05,0.0002,0.00027
639.29,0.00056,-0.00013,-7.00E-05,0.00012,0.00022,0.00027
639.64,0.00058,-0.0001,-0.00011,0.00018,0.00023,0.00029
639.98,0.00057,-0.00013,-9.00E-05,0.00013,0.00023,0.00028
640.33,0.00056,-0.0001,-0.0001,0.00013,0.0002,0.00027
640.67,0.00057,-7.00E-05,-0.00014,0.00012,0.00017,0.00027
641.02,0.00058,2.00E-05,-0.00013,0.00011,0.00019,0.00031
641.36,0.00061,0.0001,-9.00E-05,0.0001,0.00022,0.00036
641.7,0.00063,0.00013,-0.00012,8.00E-05,0.0002,0.00035
642.05,0.00062,0.00011,-0.00011,3.00E-05,0.00021,0.00031
642.39,0.00067,0.00017,-0.0001,5.00E-05,0.00024,0.00033
642.74,0.00066,0.00012,-0.00015,1.00E-05,0.00023,0.00031
643.08,0.00075,0.00014,-0.00013,2.00E-05,0.00028,0.00033
643.43,0.00082,9.00E-05,-0.00013,-1.00E-05,0.00027,0.00033
643.77,0.00088,5.00E-05,-0.00013,0,0.00028,0.0003
644.11,0.00092,4.00E-05,-0.00012,-2.00E-05,0.0003,0.00031
644.46,0.00098,6.00E-05,-0.00011,0,0.00031,0.00035
644.8,0.00102,4.00E-05,-3.00E-05,-1.00E-05,0.00029,0.00038
645.14,0.00106,2.00E-05,4.00E-05,0,0.00029,0.00038
645.49,0.00103,-2.00E-05,8.00E-05,0,0.0003,0.00041
645.83,0.00095,-5.00E-05,8.00E-05,0,0.0003,0.0004
646.18,0.00089,-7.00E-05,0.00011,-1.00E-05,0.00028,0.00042
646.52,0.00083,-9.00E-05,0.00014,-1.00E-05,0.0003,0.00044
646.86,0.00076,-0.00012,0.00013,-4.00E-05,0.0003,0.00043
647.21,0.00067,-0.00015,9.00E-05,-5.00E-05,0.00028,0.00042
647.55,0.00063,-0.00014,9.00E-05,-5.00E-05,0.00031,0.00043
647.89,0.00059,-0.00012,8.00E-05,-7.00E-05,0.0003,0.00046
648.24,0.00056,-0.0001,0.00012,-7.00E-05,0.0003,0.00046
648.58,0.00053,-0.00012,0.00013,-0.0001,0.00031,0.00043
648.92,0.00051,-0.00011,0.00013,-0.0001,0.00029,0.00043
649.27,0.00052,-9.00E-05,0.00014,-6.00E-05,0.0003,0.00045
649.61,0.00049,-9.00E-05,0.0001,-6.00E-05,0.00029,0.00043
649.95,0.00049,-9.00E-05,8.00E-05,-4.00E-05,0.00027,0.00042
650.3,0.00048,-0.0001,6.00E-05,0,0.00025,0.00039
650.64,0.00046,-0.00012,-2.00E-05,-2.00E-05,0.00022,0.00036
650.98,0.00048,-5.00E-05,-3.00E-05,3.00E-05,0.00026,0.00039
651.33,0.00047,-5.00E-05,-7.00E-05,0,0.00024,0.00038
651.67,0.00044,-4.00E-05,-0.00013,-4.00E-05,0.00022,0.0003
652.01,0.00047,4.00E-05,-0.00013,-4.00E-05,0.00026,0.00031
652.36,0.00046,0.00011,-0.00018,-5.00E-05,0.00023,0.0003
652.7,0.00043,0.00016,-0.00022,-0.0001,0.00021,0.00025
653.04,0.00045,0.00024,-0.00018,-8.00E-05,0.00024,0.00027
653.38,0.00043,0.00023,-0.00023,-0.00014,0.00017,0.00025
653.73,0.00048,0.00025,-0.00022,-0.00011,0.00021,0.00028
654.07,0.00056,0.00026,-0.0002,-0.00012,0.0002,0.00032
654.41,0.00066,0.00022,-0.00019,-0.00011,0.00019,0.00035
654.75,0.0008,0.00014,-0.00018,-0.00013,0.00025,0.00038
655.1,0.00095,8.00E-05,-0.00015,-0.0001,0.00025,0.00041
655.44,0.00102,-1.00E-05,-0.00016,-0.00011,0.00022,0.0004
655.78,0.00112,-2.00E-05,-0.00011,-6.00E-05,0.00026,0.00042
656.12,0.00113,-6.00E-05,-0.00011,-4.00E-05,0.00027,0.00042
656.47,0.00109,-0.0001,-0.00012,-2.00E-05,0.00029,0.00044
656.81,0.00104,-0.00012,-0.00013,-2.00E-05,0.00029,0.00042
657.15,0.00092,-0.00015,-0.00013,-2.00E-05,0.00025,0.00041
657.49,0.0008,-0.00015,-0.00015,-4.00E-05,0.00027,0.00044
657.84,0.00072,-0.00014,-0.00015,-3.00E-05,0.0003,0.00044
658.18,0.00063,-0.00015,-0.00017,-3.00E-05,0.00031,0.00044
658.52,0.00056,-0.00018,-0.0002,-7.00E-05,0.00028,0.00041
658.86,0.00051,-0.00019,-0.00023,-0.00011,0.00024,0.00041
659.2,0.00049,-0.00022,-0.00023,-0.00016,0.00023,0.00041
659.55,0.00046,-0.0002,-0.00022,-0.00015,0.00027,0.00041
659.89,0.00044,-0.0002,-0.0002,-0.00013,0.00025,0.00038
660.23,0.00045,-0.00021,-0.0002,-0.00011,0.00028,0.0004
660.57,0.00041,-0.00022,-0.00022,-0.00015,0.00025,0.00041
660.91,0.0004,-0.00025,-0.00022,-0.00015,0.00027,0.00043
661.26,0.00045,-0.0002,-0.00015,-0.0001,0.00033,0.00043
661.6,0.0004,-0.00022,-0.00019,-6.00E-05,0.00033,0.00043
661.94,0.00041,-0.00018,-0.00018,-4.00E-05,0.00032,0.00044
662.28,0.00044,-0.00018,-0.00019,-1.00E-05,0.00034,0.00049
662.62,0.00045,-0.00016,-0.00021,-1.00E-05,0.00034,0.00052
662.96,0.00045,-0.00021,-0.0002,1.00E-05,0.00033,0.0005
663.31,0.00046,-0.00016,-0.00017,2.00E-05,0.00035,0.00051
663.65,0.00044,-0.00019,-0.0002,2.00E-05,0.00034,0.00049
663.99,0.00048,-0.00016,-0.00015,5.00E-05,0.00038,0.0005
664.33,0.00049,-0.00019,-0.00018,3.00E-05,0.00039,0.0005
664.67,0.00051,-0.00017,-0.00015,2.00E-05,0.0004,0.00049
665.01,0.00049,-0.00017,-0.00011,2.00E-05,0.00039,0.00049
665.35,0.00052,-0.00015,-0.00012,4.00E-05,0.00041,0.0005
665.69,0.00051,-0.00016,-0.00015,4.00E-05,0.00037,0.00051
666.04,0.00049,-0.00019,-0.00016,3.00E-05,0.00034,0.00051
666.38,0.00047,-0.00014,-0.00015,1.00E-05,0.00036,0.00053
666.72,0.00048,-0.00014,-0.00013,1.00E-05,0.00036,0.00055
667.06,0.00048,-0.00015,-0.00013,1.00E-05,0.00038,0.00056
667.4,0.0005,-0.00014,-0.00014,2.00E-05,0.00042,0.00053
667.74,0.0005,-0.00014,-0.00013,1.00E-05,0.00042,0.00057
668.08,0.0005,-0.00015,-0.00013,1.00E-05,0.00042,0.00053
668.42,0.00049,-0.00015,-0.00011,-1.00E-05,0.00042,0.00056
668.76,0.00049,-0.0002,-0.00013,-2.00E-05,0.0004,0.00054
669.1,0.00049,-0.0002,-0.00015,-2.00E-05,0.00041,0.00053
669.44,0.00049,-0.00023,-0.00016,-3.00E-05,0.00041,0.00053
669.79,0.00049,-0.00026,-0.00019,-5.00E-05,0.00038,0.00056
670.13,0.00051,-0.00023,-0.00018,-5.00E-05,0.00042,0.00056
670.47,0.00052,-0.00021,-0.00017,-5.00E-05,0.00044,0.00061
670.81,0.00058,-0.00014,-0.00013,1.00E-05,0.00046,0.00063
671.15,0.00059,-0.00011,-0.00013,0,0.00049,0.00067
671.49,0.00056,-0.00011,-0.00017,-1.00E-05,0.00048,0.00067
671.83,0.00052,-9.00E-05,-0.00018,-2.00E-05,0.00048,0.00067
672.17,0.00051,-9.00E-05,-0.00016,0,0.00047,0.00066
672.51,0.0005,-0.0001,-0.00017,-2.00E-05,0.00043,0.00065
672.85,0.00049,-0.00012,-0.0002,0,0.00044,0.00064
673.19,0.00044,-0.00017,-0.00026,-4.00E-05,0.00045,0.00064
673.53,0.00045,-0.00019,-0.00024,1.00E-05,0.00042,0.00064
673.87,0.00045,-0.00021,-0.00021,1.00E-05,0.00042,0.00063
674.21,0.00042,-0.00022,-0.00019,3.00E-05,0.00044,0.00066
674.55,0.00041,-0.00022,-0.00022,5.00E-05,0.00042,0.00066
674.89,0.00045,-0.00019,-0.0002,8.00E-05,0.00048,0.0007
675.23,0.00046,-0.0002,-0.00017,9.00E-05,0.00049,0.00071
675.57,0.00046,-0.00019,-0.00016,9.00E-05,0.00049,0.00071
675.91,0.00043,-0.00021,-0.00021,6.00E-05,0.00048,0.00068
676.25,0.00045,-0.00021,-0.0002,6.00E-05,0.00051,0.00069
676.59,0.00049,-0.00019,-0.00022,6.00E-05,0.0005,0.0007
676.93,0.00051,-0.0002,-0.0002,1.00E-05,0.00054,0.0007
677.27,0.00047,-0.00022,-0.00022,-2.00E-05,0.00051,0.00069
677.61,0.00044,-0.00023,-0.00026,-5.00E-05,0.00052,0.00071
677.95,0.00047,-0.00023,-0.00021,-6.00E-05,0.00057,0.00073
678.29,0.00045,-0.00025,-0.0002,-7.00E-05,0.00061,0.00074
678.63,0.00041,-0.00025,-0.00022,-0.0001,0.00058,0.00075
678.97,0.00043,-0.00021,-0.00021,-8.00E-05,0.00063,0.00078
679.31,0.00044,-0.00021,-0.00019,-4.00E-05,0.00065,0.00081
679.65,0.00042,-0.0002,-0.0002,-1.00E-05,0.00066,0.00083
679.98,0.00044,-0.00021,-0.00017,0,0.00065,0.00082
680.32,0.00042,-0.00019,-0.00021,3.00E-05,0.00063,0.00083
680.66,0.00044,-0.00017,-0.00022,7.00E-05,0.00062,0.00087
681,0.00048,-0.00016,-0.00018,0.00012,0.00068,0.00091
681.34,0.00042,-0.00024,-0.0002,9.00E-05,0.00063,0.00091
681.68,0.0004,-0.00025,-0.00024,0.0001,0.00062,0.0009
682.02,0.00041,-0.00028,-0.00024,9.00E-05,0.00064,0.00092
682.36,0.00042,-0.00028,-0.00023,8.00E-05,0.00067,0.00094
682.7,0.00042,-0.00028,-0.00022,9.00E-05,0.00072,0.00094
683.04,0.00042,-0.00026,-0.00018,9.00E-05,0.00076,0.00094
683.38,0.00043,-0.00024,-0.00018,0.00012,0.00075,0.00096
683.71,0.00045,-0.00022,-0.0002,9.00E-05,0.0008,0.00095
684.05,0.00045,-0.00018,-0.00016,0.00013,0.00081,0.001
684.39,0.00047,-0.00016,-9.00E-05,0.00018,0.00084,0.00103
684.73,0.00046,-0.00014,-8.00E-05,0.00017,0.00084,0.00105
685.07,0.00046,-0.00015,-9.00E-05,0.00013,0.00081,0.00104
685.41,0.00047,-0.00018,-0.0001,0.00014,0.00084,0.00108
685.75,0.00047,-0.00021,-0.00013,0.00011,0.00087,0.00108
686.09,0.00044,-0.0002,-0.00016,0.00012,0.00087,0.0011
686.42,0.00044,-0.00022,-0.00019,8.00E-05,0.00088,0.00111
686.76,0.00042,-0.00022,-0.00023,9.00E-05,0.00091,0.00111
687.1,0.00041,-0.00025,-0.00026,0.00011,0.00089,0.00111
687.44,0.0004,-0.00025,-0.00028,0.00011,0.0009,0.00116
687.78,0.0004,-0.00024,-0.00027,0.0001,0.0009,0.00117
688.12,0.00037,-0.0002,-0.00028,0.00011,0.00088,0.0012
688.45,0.00039,-0.00019,-0.00023,0.00013,0.0009,0.00127
688.79,0.0004,-0.00021,-0.00023,0.00014,0.00092,0.00127
689.13,0.0004,-0.00023,-0.00026,0.0001,0.00089,0.00127
689.47,0.00041,-0.00016,-0.00022,0.00013,0.00092,0.00133
689.81,0.00041,-0.00016,-0.00025,0.00011,0.00093,0.00133
690.14,0.00041,-0.00016,-0.00027,0.00015,0.00093,0.00138
690.48,0.00047,-0.00015,-0.0002,0.0002,0.00099,0.00146
690.82,0.00047,-0.00017,-0.00019,0.00022,0.001,0.00146
691.16,0.00047,-0.00014,-0.00019,0.00026,0.00101,0.0015
691.5,0.0005,-0.0001,-0.00015,0.00032,0.0011,0.00156
691.83,0.00048,-0.00018,-0.00018,0.0003,0.0011,0.00158
692.17,0.00051,-0.00018,-0.00013,0.00034,0.00112,0.00162
692.51,0.00052,-0.00013,-7.00E-05,0.00037,0.00119,0.00168
692.85,0.00049,-0.00016,-0.00013,0.00029,0.00119,0.00161
693.18,0.00052,-0.00014,-0.0001,0.00031,0.00119,0.00163
693.52,0.00049,-0.00018,-0.00012,0.00025,0.00122,0.00166
693.86,0.00042,-0.00026,-0.00017,0.00018,0.00116,0.00163
694.2,0.00037,-0.00024,-0.0002,0.00015,0.00119,0.00161
694.53,0.00032,-0.00028,-0.00027,0.00014,0.00115,0.00158
694.87,0.0003,-0.00034,-0.0003,0.00017,0.00114,0.00157
695.21,0.00028,-0.00036,-0.00026,0.00024,0.00119,0.00165
695.55,0.00025,-0.00033,-0.00029,0.0002,0.00123,0.0017
695.88,0.00029,-0.00029,-0.00027,0.00025,0.00124,0.00174
696.22,0.00034,-0.00024,-0.00024,0.0003,0.0013,0.00183
696.56,0.00039,-0.00025,-0.00018,0.00035,0.00136,0.00193
696.9,0.00043,-0.00022,-0.00012,0.00034,0.00146,0.002
697.23,0.00042,-0.00022,-0.00015,0.00028,0.00145,0.00201
697.57,0.00042,-0.0002,-0.0002,0.00026,0.00143,0.00204
697.91,0.00041,-0.00022,-0.00018,0.00031,0.00145,0.00207
698.24,0.00039,-0.00022,-0.00018,0.00031,0.0015,0.00209
698.58,0.00041,-0.00021,-0.00015,0.00036,0.00153,0.00216
698.92,0.00044,-0.00017,-0.00013,0.00034,0.00157,0.00219
699.25,0.00047,-0.00015,-8.00E-05,0.00043,0.00164,0.00229
699.59,0.00047,-0.00018,-7.00E-05,0.00042,0.00167,0.00232
699.93,0.00045,-0.00019,-3.00E-05,0.00042,0.0017,0.00232
700.26,0.00046,-0.00019,-2.00E-05,0.00038,0.0017,0.00235
700.6,0.00049,-0.0002,-1.00E-05,0.00039,0.00172,0.00239
700.94,0.00045,-0.00022,-3.00E-05,0.00037,0.00175,0.00234
701.27,0.00044,-0.00022,-7.00E-05,0.00042,0.00176,0.00235
701.61,0.00044,-0.00021,-0.00011,0.00039,0.00176,0.00235
701.95,0.00042,-0.00022,-0.00014,0.00041,0.00177,0.00235
702.28,0.00047,-0.00019,-9.00E-05,0.00046,0.00184,0.00244
702.62,0.00053,-0.00019,-7.00E-05,0.00049,0.00194,0.00251
702.96,0.00051,-0.0002,-8.00E-05,0.00049,0.00196,0.00255
703.29,0.00053,-0.00019,-0.0001,0.00052,0.00202,0.00258
703.63,0.00054,-0.00018,-7.00E-05,0.00049,0.00208,0.00266
703.96,0.0005,-0.00024,-0.00011,0.00049,0.00207,0.00268
704.3,0.00052,-0.00017,-0.0001,0.00055,0.00215,0.00277
704.64,0.00052,-0.00019,-0.00015,0.00059,0.00219,0.00282
704.97,0.00046,-0.00019,-0.0002,0.00058,0.00218,0.00279
705.31,0.00044,-0.00023,-0.00022,0.0006,0.00224,0.00284
705.64,0.00042,-0.00021,-0.00019,0.00061,0.00225,0.00291
705.98,0.00042,-0.00022,-0.00018,0.00063,0.00227,0.00298
706.32,0.00043,-0.00021,-0.00011,0.00065,0.00231,0.00306
706.65,0.00045,-0.00022,-6.00E-05,0.00064,0.00237,0.00313
706.99,0.00047,-0.00023,-5.00E-05,0.00062,0.00241,0.00316
707.32,0.00048,-0.00021,-7.00E-05,0.00063,0.00245,0.00327
707.66,0.00046,-0.0002,-6.00E-05,0.00065,0.00246,0.00329
707.99,0.00042,-0.00026,-0.00012,0.00057,0.00244,0.0033
708.33,0.00042,-0.00022,-0.0001,0.00064,0.00251,0.00334
708.67,0.00044,-0.00019,-0.00013,0.00066,0.00256,0.00338
709,0.00051,-0.00013,-0.0001,0.0007,0.00264,0.00345
709.34,0.00047,-0.00014,-9.00E-05,0.00072,0.00261,0.00349
709.67,0.00052,-0.00012,-1.00E-05,0.00073,0.00267,0.00352
710.01,0.00057,-0.00013,1.00E-05,0.00073,0.00269,0.00358
710.34,0.00058,-0.0001,7.00E-05,0.00079,0.00274,0.00368
710.68,0.00058,-0.0001,0.00011,0.00078,0.0028,0.0037
711.01,0.0006,-8.00E-05,0.00015,0.00081,0.00285,0.00374
711.35,0.00055,-0.00014,0.00013,0.00079,0.0028,0.00377
711.68,0.00052,-0.00015,9.00E-05,0.00077,0.00285,0.00381
712.02,0.0005,-0.00016,7.00E-05,0.00082,0.00289,0.00387
712.35,0.00049,-0.00012,6.00E-05,0.00085,0.00295,0.0039
712.69,0.00049,-0.00013,5.00E-05,0.00088,0.00298,0.00396
713.02,0.00047,-0.00014,-3.00E-05,0.00088,0.00299,0.00401
713.36,0.00047,-0.00016,-6.00E-05,0.00088,0.00303,0.00404
713.69,0.00041,-0.00017,-0.0001,0.00086,0.00305,0.00401
714.03,0.00045,-0.00012,-0.00011,0.0009,0.0031,0.00404
714.36,0.00046,-0.00016,-0.0001,0.00091,0.00312,0.00408
714.7,0.0005,-0.00014,-3.00E-05,0.00091,0.00319,0.0042
715.03,0.00054,-0.00013,-5.00E-05,0.00093,0.00324,0.00423
715.37,0.00051,-0.00015,-2.00E-05,0.00096,0.00328,0.00428
715.7,0.00048,-0.00016,-1.00E-05,0.00096,0.00332,0.00429
716.04,0.00052,-0.00018,4.00E-05,0.00102,0.0034,0.0044
716.37,0.00055,-0.00018,0.0001,0.00104,0.00351,0.00454
716.7,0.00055,-0.00012,0.00013,0.00104,0.00358,0.00464
717.04,0.00049,-0.00011,6.00E-05,0.00108,0.00358,0.00464
717.37,0.00045,-0.00014,0.00011,0.00111,0.00364,0.00471
717.71,0.00047,-0.00011,0.0001,0.00109,0.00365,0.00479
718.04,0.00047,-0.00012,9.00E-05,0.00109,0.0037,0.00491
718.38,0.00044,-0.0001,0.0001,0.00107,0.00374,0.00501
718.71,0.00041,-5.00E-05,0.0001,0.0011,0.00376,0.005
719.04,0.00036,-9.00E-05,4.00E-05,0.00114,0.0038,0.00499
719.38,0.00039,-9.00E-05,5.00E-05,0.00116,0.00388,0.00504
719.71,0.00043,-7.00E-05,4.00E-05,0.00114,0.00392,0.00509
720.05,0.00043,-9.00E-05,5.00E-05,0.00116,0.00396,0.0051
720.38,0.00045,-8.00E-05,6.00E-05,0.0012,0.00396,0.00514
720.71,0.0005,-2.00E-05,0.0001,0.00127,0.00403,0.00521
721.05,0.00048,-0.00011,7.00E-05,0.00131,0.00404,0.00528
721.38,0.00051,-9.00E-05,0.00011,0.00134,0.00409,0.0054
721.72,0.00052,-6.00E-05,0.00016,0.00138,0.00413,0.00552
722.05,0.00052,2.00E-05,0.00022,0.00144,0.00419,0.00565
722.38,0.0005,0,0.00021,0.00148,0.0043,0.00572
722.72,0.00049,0,0.00025,0.00156,0.00441,0.00581
723.05,0.00046,-4.00E-05,0.00025,0.00158,0.00445,0.00586
723.38,0.00048,4.00E-05,0.00031,0.00159,0.00455,0.00599
723.72,0.00043,5.00E-05,0.00029,0.00154,0.00457,0.00607
724.05,0.0004,0,0.00029,0.00151,0.0046,0.00606
724.38,0.00042,-2.00E-05,0.00027,0.00156,0.00471,0.00614
724.72,0.00041,-2.00E-05,0.0003,0.00155,0.0047,0.0062
725.05,0.00042,-2.00E-05,0.00026,0.00151,0.00473,0.00629
725.38,0.00043,1.00E-05,0.00026,0.00153,0.00479,0.00639
725.72,0.00041,-1.00E-05,0.00023,0.00153,0.00478,0.00642
726.05,0.00046,0,0.00029,0.00157,0.00485,0.00649
726.38,0.00051,3.00E-05,0.00032,0.00164,0.00492,0.00665
726.72,0.0005,7.00E-05,0.00033,0.00161,0.00488,0.00675
727.05,0.00056,0.00012,0.00036,0.00166,0.00492,0.0069
727.38,0.00057,0.00018,0.00044,0.00171,0.005,0.00698
727.71,0.00057,0.00013,0.00039,0.00171,0.00497,0.00704
728.05,0.00056,7.00E-05,0.00038,0.00175,0.00499,0.00715
728.38,0.00047,-1.00E-05,0.00033,0.00172,0.00498,0.0072
728.71,0.00047,4.00E-05,0.00028,0.00173,0.005,0.00726
729.05,0.00042,1.00E-05,0.00028,0.00178,0.00511,0.00735
729.38,0.00039,1.00E-05,0.00026,0.00176,0.00518,0.00746
729.71,0.00042,5.00E-05,0.00026,0.00181,0.00521,0.00761
730.04,0.00041,5.00E-05,0.00027,0.00178,0.00536,0.0077
730.38,0.00048,0.00011,0.00028,0.00181,0.00548,0.00781
730.71,0.00057,0.00017,0.00032,0.00191,0.00556,0.00799
731.04,0.00055,0.00017,0.00036,0.00196,0.00565,0.00812
731.37,0.0006,0.00014,0.00032,0.00194,0.00564,0.00818
731.71,0.0006,0.00012,0.00034,0.00202,0.0057,0.00825
732.04,0.00059,8.00E-05,0.00032,0.00208,0.00575,0.00832
732.37,0.00066,0.00013,0.00041,0.00217,0.0058,0.00848
732.7,0.0006,0.00014,0.00044,0.00218,0.00583,0.0086
733.04,0.00062,0.00016,0.00047,0.0022,0.00595,0.00868
733.37,0.00068,0.00013,0.00046,0.00217,0.00602,0.0088
733.7,0.00069,0.0001,0.0005,0.00222,0.00611,0.00892
734.03,0.00071,8.00E-05,0.00052,0.00222,0.00619,0.00911
734.36,0.00072,3.00E-05,0.00049,0.00215,0.00618,0.00924
734.7,0.00067,2.00E-05,0.00045,0.00216,0.0062,0.00933
735.03,0.00065,-3.00E-05,0.0004,0.00214,0.00618,0.0094
735.36,0.00063,0,0.0004,0.00214,0.00619,0.00959
735.69,0.00059,-6.00E-05,0.00039,0.00218,0.0062,0.00974
736.02,0.00062,1.00E-05,0.00044,0.00222,0.00624,0.01001
736.35,0.00063,1.00E-05,0.0004,0.00221,0.00622,0.01016
736.69,0.00064,7.00E-05,0.00048,0.00227,0.00635,0.0104
737.02,0.00064,5.00E-05,0.00041,0.00229,0.00638,0.01059
737.35,0.00071,0.00014,0.00048,0.0023,0.00651,0.01091
737.68,0.00067,0.00011,0.00046,0.00224,0.00656,0.01107
738.01,0.0007,0.00021,0.00048,0.00223,0.00659,0.01135
738.34,0.00065,0.00021,0.00046,0.00221,0.00663,0.01149
738.68,0.00062,0.00023,0.00044,0.00222,0.0067,0.01178
739.01,0.00062,0.00024,0.00041,0.00217,0.00675,0.01204
739.34,0.00066,0.00025,0.00047,0.00216,0.00674,0.01239
739.67,0.00062,0.0002,0.00045,0.00217,0.00674,0.01268
740,0.00065,0.0002,0.00049,0.00224,0.00682,0.01312
740.33,0.00059,0.00016,0.0005,0.00226,0.00688,0.01357
740.66,0.00062,0.00015,0.00051,0.0023,0.0069,0.0141
740.99,0.00064,0.00015,0.00054,0.00236,0.00694,0.01462
741.32,0.00061,7.00E-05,0.00047,0.00238,0.00693,0.01517
741.66,0.0006,0.00013,0.00049,0.00245,0.00709,0.01585
741.99,0.00062,0.00015,0.00052,0.00254,0.00718,0.01675
742.32,0.00061,0.00015,0.00054,0.00258,0.00715,0.01759
742.65,0.00066,0.00014,0.00049,0.00263,0.00722,0.01849
742.98,0.00064,0.00013,0.00048,0.00267,0.00731,0.01957
743.31,0.00069,0.00016,0.00053,0.0027,0.0073,0.02075
743.64,0.00075,0.00028,0.00065,0.0028,0.00748,0.02214
743.97,0.00073,0.00023,0.00063,0.00281,0.00748,0.02355
744.3,0.00074,0.00022,0.00063,0.0028,0.0075,0.02506
744.63,0.00075,0.00023,0.00063,0.00286,0.00754,0.02682
744.96,0.00076,0.00029,0.0007,0.00292,0.00759,0.02877
745.29,0.00081,0.00033,0.00075,0.00296,0.00764,0.0309
745.62,0.0008,0.00028,0.00072,0.00296,0.00768,0.03338
745.95,0.00078,0.00031,0.0007,0.00294,0.00765,0.03618
746.28,0.00081,0.00035,0.00075,0.00288,0.00771,0.0395
746.61,0.00085,0.00037,0.00078,0.00295,0.00774,0.04334
746.94,0.00085,0.00036,0.00079,0.00293,0.00788,0.04781
747.28,0.00086,0.00031,0.00082,0.00293,0.00793,0.05303
747.61,0.0008,0.00024,0.00078,0.00292,0.00798,0.05909
747.94,0.00077,0.00028,0.00073,0.00292,0.0081,0.06611
748.27,0.0008,0.00026,0.00076,0.00301,0.00819,0.07421
748.6,0.00083,0.00019,0.00075,0.00309,0.0082,0.08342
748.93,0.00071,0.00014,0.00069,0.00297,0.00822,0.09382
749.26,0.0007,0.00012,0.00069,0.00289,0.00818,0.10552
749.58,0.00069,0.00014,0.00063,0.00286,0.00825,0.11848
749.91,0.00066,0.0002,0.00058,0.00284,0.00826,0.13244
750.24,0.0007,0.00024,0.00067,0.00286,0.00836,0.14749
750.57,0.0006,0.00019,0.00067,0.00286,0.00842,0.16334
750.9,0.00053,0.00021,0.00068,0.00289,0.00851,0.17982
751.23,0.00054,0.00024,0.00071,0.00293,0.00856,0.19662
751.56,0.00057,0.00027,0.00076,0.0031,0.00868,0.21381
751.89,0.0005,0.00023,0.0007,0.00309,0.00866,0.23089
752.22,0.00054,0.0002,0.00079,0.00312,0.00875,0.24807
752.55,0.00047,0.00015,0.00076,0.00308,0.00869,0.26475
752.88,0.00048,0.00017,0.00075,0.00309,0.00873,0.281
753.21,0.00051,0.00023,0.00077,0.00313,0.00881,0.2968
753.54,0.0005,0.00016,0.00069,0.00314,0.00889,0.31186
753.87,0.00053,0.00015,0.00071,0.00315,0.00896,0.32574
754.2,0.00065,0.00017,0.00077,0.00322,0.00908,0.33898
754.53,0.00059,0.00015,0.0007,0.00323,0.00909,0.35087
754.86,0.00065,0.0002,0.0008,0.00336,0.00927,0.36184
755.19,0.00071,0.00019,0.0008,0.00326,0.00929,0.37161
755.51,0.00072,0.00017,0.00082,0.00319,0.0093,0.38018
755.84,0.00082,0.0003,0.00095,0.00329,0.00941,0.3875
756.17,0.00092,0.00036,0.00099,0.00332,0.00946,0.39384
756.5,0.00087,0.00041,0.00106,0.00331,0.00953,0.39905
756.83,0.00101,0.00054,0.00117,0.0034,0.00968,0.40347
757.16,0.00091,0.00052,0.00106,0.00333,0.00963,0.4071
757.49,0.00087,0.00054,0.00109,0.00342,0.00967,0.41006
757.82,0.00089,0.00055,0.00105,0.00353,0.00979,0.41259
758.14,0.00084,0.00044,0.00097,0.00355,0.00987,0.41483
758.47,0.00069,0.00036,0.00093,0.00349,0.00989,0.41671
758.8,0.00072,0.00035,0.00096,0.00357,0.01001,0.41861
759.13,0.00065,0.0002,0.00091,0.00349,0.01012,0.42059
759.46,0.00068,0.00017,0.00095,0.00355,0.01025,0.42258
759.79,0.00064,0.00017,0.00093,0.00357,0.01041,0.42486
760.12,0.00059,0.00011,0.00094,0.00354,0.0105,0.42736
760.44,0.00056,0.00011,0.00098,0.00352,0.01063,0.42982
760.77,0.00052,0.00011,0.00093,0.00353,0.01079,0.43258
761.1,0.00056,0.00015,0.00089,0.00353,0.01089,0.43526
761.43,0.00052,0.0002,0.00087,0.00357,0.01097,0.43798
761.76,0.00056,0.00027,0.00088,0.00358,0.01121,0.44055
762.08,0.00057,0.00026,0.00095,0.00363,0.01142,0.44299
762.41,0.00062,0.00028,0.00096,0.00366,0.01164,0.44508
762.74,0.00071,0.00039,0.00093,0.00371,0.01182,0.44707
763.07,0.00076,0.00046,0.00093,0.00371,0.01198,0.44899
763.4,0.00071,0.00044,0.00089,0.00374,0.01218,0.45064
763.72,0.00079,0.00051,0.001,0.00383,0.01246,0.45207
764.05,0.00082,0.00049,0.00105,0.00384,0.01268,0.45346
764.38,0.00088,0.00048,0.00104,0.0038,0.01286,0.45464
764.71,0.00081,0.00048,0.00107,0.00378,0.01301,0.45576
765.04,0.00077,0.00039,0.00105,0.00381,0.01322,0.45697
765.36,0.00086,0.00039,0.00117,0.00392,0.01357,0.45807
765.69,0.00089,0.00044,0.00129,0.00397,0.0139,0.45915
766.02,0.00085,0.00039,0.00126,0.00395,0.01409,0.45998
766.35,0.00081,0.00028,0.00121,0.00389,0.01429,0.46091
766.67,0.00074,0.00026,0.0011,0.0039,0.01459,0.46173
767,0.00086,0.00032,0.00112,0.004,0.01504,0.4626
767.33,0.00083,0.0004,0.00121,0.00401,0.01553,0.46349
767.65,0.0007,0.00032,0.00114,0.00389,0.01596,0.46396
767.98,0.00068,0.00027,0.00107,0.0039,0.0165,0.46438
768.31,0.00071,0.00032,0.00106,0.00399,0.01738,0.46505
768.64,0.00072,0.00044,0.00112,0.00411,0.01833,0.46546
768.96,0.00074,0.00043,0.00117,0.00417,0.01931,0.46587
769.29,0.00066,0.00041,0.00118,0.0042,0.02042,0.4664
769.62,0.00074,0.00044,0.0012,0.00417,0.02175,0.46673
769.94,0.00069,0.00044,0.00117,0.00424,0.02336,0.46712
770.27,0.00066,0.00043,0.00114,0.00421,0.02508,0.46761
770.6,0.00061,0.00039,0.00106,0.00414,0.02701,0.46805
770.92,0.00059,0.00032,0.001,0.00413,0.02917,0.46839
771.25,0.00058,0.00041,0.00107,0.00414,0.03174,0.46894
771.58,0.00055,0.00045,0.00105,0.00411,0.03444,0.4691
771.9,0.00053,0.00043,0.00102,0.00424,0.03743,0.46937
772.23,0.00062,0.0005,0.001,0.00436,0.04063,0.46975
772.56,0.00058,0.0005,0.00101,0.00448,0.04436,0.4701
772.88,0.00059,0.00056,0.00119,0.00465,0.04836,0.47042
773.21,0.00062,0.0006,0.00116,0.00466,0.05276,0.47104
773.54,0.00063,0.00051,0.00103,0.00469,0.05758,0.4714
773.86,0.00066,0.0005,0.00104,0.00479,0.0631,0.47176
774.19,0.00061,0.00045,0.00108,0.00478,0.06917,0.47238
774.52,0.00067,0.00046,0.00111,0.00485,0.07622,0.47323
774.84,0.00071,0.00042,0.00114,0.0048,0.08411,0.47385
775.17,0.00067,0.00036,0.00096,0.00469,0.09308,0.47477
775.5,0.00064,0.00038,0.00103,0.00485,0.10357,0.47554
775.82,0.00056,0.00038,0.00104,0.00491,0.11532,0.47641
776.15,0.00059,0.00039,0.00106,0.005,0.12872,0.47741
776.47,0.00062,0.00037,0.00099,0.00509,0.14359,0.47845
776.8,0.00057,0.00034,0.00103,0.00516,0.15998,0.47993
777.12,0.00063,0.0004,0.00103,0.00531,0.17758,0.4823
777.45,0.00065,0.00041,0.00102,0.00547,0.19634,0.48497
777.78,0.00073,0.00041,0.00101,0.00554,0.21575,0.48814
778.1,0.00079,0.00048,0.00107,0.00569,0.23579,0.4922
778.43,0.00079,0.00047,0.00098,0.0057,0.25602,0.49716
778.75,0.00083,0.00056,0.00103,0.00589,0.27612,0.50206
779.08,0.00084,0.00047,0.00096,0.00593,0.29569,0.50694
779.4,0.00071,0.00042,0.00088,0.00594,0.31466,0.51152
779.73,0.00079,0.00045,0.00102,0.00602,0.33254,0.51574
780.06,0.00078,0.00042,0.00106,0.00607,0.34928,0.51944
780.38,0.00082,0.00038,0.00107,0.00617,0.36486,0.52217
780.71,0.00077,0.00028,0.00115,0.00631,0.37916,0.52364
781.03,0.00071,0.0002,0.0011,0.00628,0.392,0.52407
781.36,0.00066,0.00028,0.00119,0.00643,0.40312,0.52257
781.68,0.00087,0.00054,0.00142,0.00675,0.41339,0.51981
782.01,0.00078,0.00049,0.00137,0.00687,0.42171,0.51503
782.33,0.0007,0.00051,0.00136,0.00707,0.42935,0.50922
782.66,0.00072,0.00051,0.00144,0.00724,0.43558,0.50252
782.98,0.00067,0.00059,0.00146,0.00754,0.4407,0.49555
783.31,0.00068,0.00057,0.00154,0.0079,0.44492,0.48869
783.63,0.00077,0.00059,0.0016,0.00837,0.44867,0.4826
783.96,0.00059,0.00031,0.00157,0.00864,0.45088,0.47717
784.28,0.00064,0.00034,0.00154,0.00902,0.45336,0.47324
784.61,0.00072,0.0004,0.0016,0.00957,0.45501,0.47014
784.93,0.00076,0.00044,0.00152,0.01011,0.45637,0.46823
785.26,0.0008,0.00035,0.00147,0.01058,0.45782,0.46679
785.58,0.00091,0.00046,0.00153,0.01121,0.45903,0.46592
785.91,0.00076,0.00044,0.00143,0.01166,0.46018,0.46542
786.23,0.00085,0.00052,0.00134,0.01224,0.46202,0.46553
786.56,0.00081,0.00048,0.00127,0.01301,0.46342,0.46552
786.88,0.00072,0.00043,0.00125,0.01368,0.46531,0.46585
787.2,0.0006,0.00042,0.00141,0.0145,0.46729,0.4659
787.53,0.00056,0.00043,0.00147,0.01532,0.46925,0.46625
787.85,0.00041,0.00036,0.00145,0.01619,0.47159,0.46683
788.18,0.0005,0.00042,0.00155,0.01729,0.47382,0.46753
788.5,0.00046,0.00034,0.00165,0.01845,0.47582,0.46767
788.83,0.00053,0.00034,0.0018,0.01973,0.47816,0.46797
789.15,0.00053,0.00032,0.00183,0.02113,0.48031,0.46844
789.47,0.00055,0.00032,0.00172,0.02266,0.48264,0.46842
789.8,0.00063,0.00037,0.00172,0.02455,0.48482,0.46816
790.12,0.00075,0.00049,0.00183,0.02674,0.48703,0.46778
790.45,0.00078,0.00053,0.00192,0.02914,0.48923,0.46678
790.77,0.00075,0.00055,0.00186,0.0319,0.49208,0.4658
791.09,0.0007,0.00057,0.00189,0.03527,0.4953,0.46492
791.42,0.00067,0.0006,0.00188,0.03927,0.49878,0.46297
791.74,0.0007,0.00062,0.00208,0.04393,0.50294,0.46087
792.06,0.00074,0.00072,0.00216,0.0494,0.50815,0.45822
792.39,0.00071,0.00065,0.00222,0.05569,0.51416,0.45508
792.71,0.00075,0.00064,0.00235,0.06329,0.52226,0.45201
793.04,0.00085,0.00069,0.00253,0.0719,0.53128,0.44816
793.36,0.0008,0.00066,0.00267,0.08159,0.54175,0.4437
793.68,0.00089,0.00069,0.00281,0.09254,0.55402,0.43875
794.01,0.00097,0.00076,0.00286,0.10503,0.56848,0.43405
794.33,0.00102,0.00076,0.00299,0.11862,0.58507,0.42923
794.65,0.00103,0.00069,0.00304,0.13348,0.60394,0.42406
794.98,0.00103,0.00065,0.00298,0.14936,0.62412,0.41875
795.3,0.00099,0.00069,0.00303,0.16704,0.64666,0.41396
795.62,0.00105,0.00081,0.00304,0.18563,0.67069,0.40925
795.94,0.00104,0.00083,0.00307,0.20544,0.69631,0.40508
796.27,0.00093,0.00078,0.00313,0.22617,0.7223,0.40104
796.59,0.00094,0.00075,0.00322,0.248,0.74805,0.39738
796.91,0.00101,0.00099,0.00334,0.27039,0.77315,0.39421
797.24,0.00103,0.00109,0.00352,0.29307,0.79741,0.3916
797.56,0.00112,0.00117,0.00368,0.31515,0.81957,0.38889
797.88,0.00125,0.00127,0.00401,0.33706,0.83994,0.38651
798.21,0.00125,0.00132,0.0042,0.35794,0.85816,0.38369
798.53,0.00129,0.0014,0.00436,0.3772,0.87409,0.38051
798.85,0.00122,0.00144,0.00456,0.39495,0.88806,0.37644
799.17,0.00111,0.00136,0.00473,0.41049,0.89934,0.37074
799.5,0.0011,0.00136,0.00494,0.42429,0.90835,0.36306
799.82,0.00104,0.00135,0.00518,0.43576,0.91435,0.35312
800.14,0.0011,0.00137,0.00535,0.44542,0.91816,0.34074
800.46,0.00121,0.00138,0.00562,0.45329,0.91868,0.32574
800.79,0.0013,0.00143,0.00589,0.45984,0.91699,0.30825
801.11,0.00138,0.00151,0.00615,0.46514,0.9118,0.28823
801.43,0.00133,0.00161,0.00648,0.47008,0.90395,0.26659
801.75,0.00146,0.00177,0.00683,0.47444,0.89322,0.24384
802.07,0.00156,0.00186,0.00716,0.47892,0.88007,0.22034
802.4,0.00147,0.00179,0.00743,0.48325,0.86432,0.19641
802.72,0.00159,0.00199,0.00796,0.48799,0.84654,0.17343
803.04,0.00158,0.00203,0.0084,0.49324,0.8264,0.15132
803.36,0.00167,0.00217,0.0089,0.49894,0.8047,0.13102
803.68,0.00192,0.00218,0.00938,0.50585,0.78245,0.11287
804.01,0.00199,0.00232,0.00996,0.51363,0.75969,0.09656
804.33,0.00198,0.00228,0.01068,0.52346,0.73688,0.08241
804.65,0.00205,0.00239,0.0115,0.53533,0.71403,0.0704
804.97,0.00211,0.00251,0.01241,0.54916,0.69184,0.06036
805.29,0.00234,0.00267,0.01353,0.5659,0.67043,0.05218
805.62,0.00234,0.00274,0.01477,0.58528,0.65017,0.04544
805.94,0.00236,0.00294,0.01608,0.60714,0.63134,0.03988
806.26,0.00233,0.00287,0.01747,0.63191,0.61331,0.03528
806.58,0.00251,0.00314,0.01907,0.65859,0.59633,0.03167
806.9,0.00265,0.0033,0.02098,0.68653,0.58062,0.02876
807.22,0.00274,0.00343,0.023,0.71621,0.56664,0.02646
807.54,0.00274,0.00355,0.02532,0.74592,0.55346,0.02457
807.87,0.00284,0.00372,0.02792,0.77495,0.54199,0.02303
808.19,0.00295,0.00388,0.03086,0.80289,0.53175,0.02188
808.51,0.00306,0.00422,0.03422,0.82919,0.52259,0.021
808.83,0.00316,0.00438,0.0378,0.85271,0.51503,0.02035
809.15,0.00351,0.00465,0.042,0.87361,0.50827,0.01986
809.47,0.00359,0.00482,0.04659,0.89143,0.50238,0.01927
809.79,0.00379,0.0051,0.05194,0.90659,0.49749,0.01882
810.11,0.00392,0.00538,0.05798,0.91966,0.49288,0.01848
810.43,0.00415,0.00571,0.06524,0.92979,0.48838,0.01805
810.76,0.00434,0.006,0.07373,0.93816,0.48452,0.01767
811.08,0.00451,0.00634,0.08408,0.94585,0.48075,0.01743
811.4,0.00447,0.00686,0.0961,0.952,0.47734,0.01717
811.72,0.00473,0.00735,0.11073,0.95751,0.47373,0.01706
812.04,0.0049,0.00774,0.12777,0.96176,0.47036,0.01692
812.36,0.00535,0.00825,0.14796,0.96513,0.46694,0.0168
812.68,0.00566,0.00881,0.17112,0.96788,0.46326,0.01673
813,0.00595,0.0095,0.19732,0.97009,0.45951,0.01671
813.32,0.00636,0.01036,0.22591,0.97146,0.45621,0.01663
813.64,0.0069,0.01111,0.25693,0.97205,0.45246,0.01665
813.96,0.00746,0.01192,0.28971,0.97223,0.44936,0.01659
814.28,0.00799,0.01316,0.32365,0.97284,0.44649,0.0166
814.6,0.00847,0.01435,0.35763,0.97358,0.4444,0.01656
814.92,0.00919,0.01577,0.39131,0.97404,0.44276,0.01661
815.24,0.00987,0.01721,0.42384,0.97429,0.44134,0.01661
815.56,0.01054,0.01859,0.4554,0.9744,0.43989,0.01656
815.88,0.01134,0.02036,0.48611,0.97522,0.43917,0.0166
816.2,0.01218,0.02224,0.51587,0.97568,0.43749,0.0167
816.52,0.01321,0.02399,0.54441,0.97574,0.43528,0.01653
816.84,0.01421,0.02601,0.57329,0.97542,0.43096,0.01633
817.16,0.0154,0.02822,0.60242,0.97499,0.42504,0.01642
817.48,0.01678,0.03065,0.63207,0.97432,0.41688,0.01643
817.8,0.01836,0.03358,0.66281,0.97365,0.40563,0.01649
818.12,0.01991,0.03672,0.69411,0.97254,0.39067,0.01627
818.44,0.02156,0.0404,0.7262,0.97055,0.37261,0.01619
818.76,0.02343,0.04459,0.75865,0.96776,0.35079,0.0162
819.08,0.02567,0.04996,0.79023,0.96414,0.32686,0.01636
819.4,0.02766,0.05612,0.82077,0.95934,0.30046,0.01622
819.72,0.0301,0.06384,0.84971,0.95298,0.27263,0.0162
820.04,0.03259,0.07334,0.87551,0.9439,0.24407,0.01605
820.36,0.03558,0.08517,0.89878,0.93353,0.21605,0.01613
820.68,0.03889,0.10014,0.91867,0.92044,0.18881,0.0162
821,0.04248,0.11882,0.93555,0.90556,0.16381,0.01639
821.32,0.04643,0.14117,0.94922,0.88809,0.14047,0.01645
821.64,0.05118,0.16845,0.9597,0.86837,0.11969,0.01649
821.96,0.05677,0.2008,0.96768,0.84616,0.1016,0.01658
822.27,0.06352,0.23862,0.97379,0.82237,0.08586,0.01668
822.59,0.07164,0.28178,0.97847,0.7966,0.07248,0.01677
822.91,0.08135,0.32939,0.98157,0.77015,0.06144,0.01665
823.23,0.09372,0.38101,0.98367,0.74261,0.05228,0.01662
823.55,0.1089,0.43538,0.98486,0.71557,0.04483,0.01657
823.87,0.12763,0.49133,0.98573,0.68861,0.03883,0.01647
824.19,0.15031,0.54779,0.9858,0.6627,0.03388,0.01634
824.51,0.17824,0.60362,0.98625,0.63846,0.02999,0.01626
824.83,0.21159,0.65696,0.98601,0.61495,0.02688,0.01605
825.14,0.25078,0.70725,0.98558,0.59313,0.02458,0.01623
825.46,0.29585,0.75381,0.98486,0.57302,0.02262,0.01627
825.78,0.34644,0.79637,0.98491,0.55455,0.02113,0.01616
826.1,0.40114,0.83405,0.98471,0.53877,0.01992,0.01619
826.42,0.45958,0.86665,0.98502,0.52481,0.01895,0.01603
826.74,0.51902,0.89356,0.9847,0.51227,0.0181,0.01605
827.06,0.57855,0.91585,0.98469,0.50237,0.01753,0.01616
827.37,0.63659,0.93391,0.98489,0.49466,0.01695,0.01583
827.69,0.69145,0.94759,0.9851,0.48853,0.01658,0.01573
828.01,0.74239,0.95825,0.98504,0.48423,0.01625,0.01572
828.33,0.78801,0.96575,0.98511,0.48053,0.01588,0.01583
828.65,0.82812,0.97152,0.98499,0.47713,0.01563,0.01613
828.96,0.86266,0.97551,0.9851,0.47463,0.01543,0.01606
829.28,0.89183,0.97864,0.98484,0.47145,0.01526,0.01615
829.6,0.91564,0.981,0.9849,0.46725,0.01507,0.0163
829.92,0.93451,0.98316,0.98505,0.46132,0.01487,0.01629
830.24,0.94898,0.98442,0.98494,0.45225,0.01462,0.01636
830.55,0.96058,0.9858,0.9852,0.4397,0.01451,0.01626
830.87,0.96878,0.98662,0.98532,0.42406,0.0144,0.01608
831.19,0.97479,0.98704,0.98544,0.4041,0.01452,0.01612
831.51,0.97866,0.98783,0.98602,0.38021,0.01449,0.01601
831.83,0.98193,0.98802,0.98624,0.35273,0.01442,0.01593
832.14,0.98427,0.98779,0.9861,0.32264,0.01431,0.01592
832.46,0.98611,0.98741,0.98601,0.29087,0.01429,0.0158
832.78,0.98724,0.98736,0.98624,0.25875,0.01424,0.01571
833.1,0.98789,0.98699,0.98583,0.22662,0.01404,0.01563
833.41,0.98895,0.98719,0.986,0.1961,0.01387,0.01565
833.73,0.98993,0.98641,0.98571,0.1677,0.01377,0.01572
834.05,0.9899,0.98658,0.98517,0.14207,0.0139,0.01593
834.36,0.99023,0.98675,0.9854,0.11924,0.01389,0.0159
834.68,0.9897,0.98683,0.9856,0.09951,0.01391,0.01619
835,0.98918,0.9862,0.98463,0.08261,0.0139,0.01621
835.32,0.98975,0.98687,0.98463,0.06833,0.01395,0.01638
835.63,0.98931,0.98667,0.98372,0.05634,0.01385,0.01623
835.95,0.98876,0.98727,0.98254,0.04673,0.01391,0.01614
836.27,0.98843,0.9865,0.98108,0.03891,0.01372,0.01612
836.58,0.98846,0.98684,0.97867,0.03264,0.01364,0.01613
836.9,0.98917,0.98718,0.97517,0.02763,0.01368,0.01608
837.22,0.98978,0.98792,0.9714,0.02365,0.01368,0.01627
837.53,0.98972,0.98758,0.96569,0.02036,0.0136,0.01621
837.85,0.98995,0.98809,0.95799,0.0178,0.01356,0.0163
838.17,0.99059,0.9889,0.94874,0.01571,0.01338,0.01635
838.48,0.99132,0.98963,0.93624,0.01417,0.01347,0.01629
838.8,0.9912,0.9898,0.92093,0.01283,0.0135,0.01634
839.12,0.99072,0.98999,0.9026,0.01167,0.01341,0.01629
839.43,0.9913,0.99035,0.88178,0.01085,0.01336,0.0162
839.75,0.99146,0.99068,0.85716,0.01041,0.01344,0.01625
840.07,0.99141,0.99094,0.83053,0.00989,0.01353,0.01631
840.38,0.99167,0.99027,0.80135,0.00931,0.01356,0.01639
840.7,0.99175,0.98974,0.77111,0.00887,0.01354,0.01653
841.01,0.9922,0.98898,0.74004,0.00857,0.01356,0.0166
841.33,0.99296,0.9884,0.70876,0.00834,0.0136,0.01656
841.65,0.99268,0.98765,0.67674,0.00801,0.01359,0.01669
841.96,0.99245,0.98677,0.64482,0.00783,0.01355,0.01681
842.28,0.99337,0.98636,0.61305,0.00783,0.0136,0.01687
842.6,0.9937,0.98626,0.58008,0.00772,0.01365,0.01679
842.91,0.99352,0.9865,0.54614,0.00767,0.01351,0.01663
843.23,0.99403,0.98747,0.51017,0.00735,0.01342,0.01647
843.54,0.99388,0.98796,0.47191,0.00727,0.01335,0.01648
843.86,0.99383,0.98857,0.43198,0.00731,0.01343,0.01654
844.17,0.99408,0.98918,0.39095,0.00713,0.0135,0.01635
844.49,0.99326,0.98891,0.34858,0.00711,0.01356,0.01635
844.81,0.99259,0.9889,0.30707,0.00708,0.0136,0.01647
845.12,0.99232,0.98863,0.26713,0.00685,0.0137,0.01657
845.44,0.99122,0.98766,0.22971,0.00686,0.01368,0.01664
845.75,0.9908,0.98662,0.19536,0.00684,0.01372,0.01665
846.07,0.99073,0.98551,0.16422,0.00657,0.01355,0.01636
846.38,0.99049,0.98438,0.13715,0.00657,0.01354,0.01659
846.7,0.99043,0.98346,0.11405,0.00627,0.01337,0.01657
847.01,0.99022,0.98201,0.09428,0.00626,0.01323,0.01661
847.33,0.99072,0.97981,0.07716,0.00626,0.01312,0.01643
847.64,0.99028,0.97554,0.063,0.00631,0.01302,0.01651
847.96,0.99014,0.9699,0.05145,0.00623,0.01296,0.01643
848.27,0.9894,0.95974,0.04201,0.00622,0.01291,0.01637
848.59,0.98947,0.94549,0.03433,0.00613,0.0128,0.01631
848.9,0.98952,0.92457,0.02832,0.00624,0.01289,0.0165
849.22,0.98957,0.89569,0.02338,0.0061,0.01288,0.01644
849.53,0.98928,0.85883,0.01968,0.00617,0.01312,0.0166
849.85,0.99006,0.81335,0.01667,0.00602,0.01334,0.01656
850.16,0.99055,0.75973,0.01443,0.00591,0.01352,0.01673
850.48,0.99145,0.69969,0.01267,0.0059,0.01362,0.01698
850.79,0.99063,0.63433,0.01123,0.00571,0.01365,0.01693
851.11,0.98867,0.56611,0.00989,0.00555,0.01373,0.01674
851.42,0.98439,0.49767,0.00868,0.00545,0.01377,0.01666
851.74,0.97648,0.43139,0.00797,0.00515,0.01352,0.01659
852.05,0.96219,0.36971,0.00728,0.0052,0.01352,0.01673
852.36,0.94043,0.31234,0.00657,0.00521,0.01333,0.01668
852.68,0.90933,0.26131,0.00582,0.00515,0.01325,0.01667
852.99,0.86858,0.21675,0.0054,0.00508,0.01317,0.01664
853.31,0.8174,0.17877,0.00501,0.00512,0.01299,0.01676
853.62,0.75712,0.14607,0.00486,0.00523,0.01282,0.01666
853.94,0.68888,0.1188,0.00447,0.00539,0.01273,0.01665
854.25,0.61696,0.09605,0.00422,0.00538,0.01258,0.01651
854.56,0.54408,0.07767,0.00407,0.00535,0.01265,0.01659
854.88,0.47218,0.06264,0.00404,0.00552,0.0128,0.01649
855.19,0.40476,0.05037,0.00389,0.0054,0.0127,0.01651
855.51,0.34288,0.04059,0.00383,0.00546,0.01291,0.01644
855.82,0.28731,0.0329,0.00369,0.00536,0.01293,0.01656
856.13,0.23903,0.02684,0.00359,0.00537,0.01304,0.01686
856.45,0.19758,0.02235,0.00361,0.00523,0.01312,0.01703
856.76,0.16179,0.01845,0.00339,0.00511,0.01288,0.01685
857.07,0.13173,0.01525,0.00342,0.00492,0.01278,0.01689
857.39,0.10679,0.01309,0.00345,0.00526,0.01306,0.017
857.7,0.08649,0.01137,0.00349,0.00525,0.01307,0.0171
858.02,0.06996,0.00994,0.00357,0.00512,0.01316,0.01721
858.33,0.05643,0.00869,0.0036,0.00506,0.0132,0.01708
858.64,0.04543,0.00741,0.00329,0.00494,0.01298,0.01668
858.96,0.03709,0.00672,0.00336,0.00525,0.01333,0.017
859.27,0.03034,0.00601,0.00312,0.00521,0.0134,0.01699
859.58,0.02501,0.00531,0.00302,0.00521,0.01345,0.017
859.9,0.02079,0.00459,0.00278,0.00527,0.01343,0.0169
860.21,0.01736,0.00417,0.00262,0.00538,0.01333,0.01672
860.52,0.01455,0.00377,0.00241,0.0051,0.01314,0.0166
860.83,0.0126,0.00381,0.00248,0.00545,0.01339,0.01699
861.15,0.01059,0.00345,0.00235,0.00522,0.01315,0.01678
861.46,0.00936,0.00348,0.00248,0.00538,0.01319,0.017
861.77,0.00858,0.0035,0.00255,0.00543,0.0133,0.01706
862.09,0.00754,0.0033,0.00254,0.00539,0.01323,0.01709
862.4,0.00683,0.0033,0.00238,0.00537,0.01331,0.01732
862.71,0.00646,0.00338,0.00219,0.00556,0.01352,0.01742
863.02,0.00598,0.00325,0.00222,0.00527,0.01358,0.01735
863.34,0.00563,0.00309,0.00215,0.00521,0.01368,0.01724
863.65,0.00499,0.00271,0.00176,0.00479,0.01354,0.01689
863.96,0.00437,0.00259,0.0015,0.00468,0.01336,0.01674
864.27,0.00403,0.00243,0.00132,0.00459,0.01347,0.01676
864.59,0.00383,0.00233,0.00148,0.00457,0.0136,0.01678
864.9,0.0036,0.00197,0.00161,0.00469,0.01358,0.01664
865.21,0.00354,0.00176,0.00139,0.0048,0.01363,0.01672
865.52,0.00343,0.00166,0.00118,0.00479,0.01347,0.01674
865.84,0.00329,0.00162,0.00123,0.0052,0.01353,0.01691
866.15,0.00298,0.00124,0.00099,0.00495,0.01345,0.01667
866.46,0.00274,0.00114,0.00108,0.00479,0.01334,0.01656
866.77,0.00254,0.00088,0.00093,0.0047,0.01333,0.01657
867.08,0.00245,0.00095,0.00082,0.00457,0.0132,0.01672
867.4,0.00209,0.00077,0.00097,0.00452,0.01298,0.01673
867.71,0.00204,0.00084,0.00124,0.00454,0.01329,0.0168
868.02,0.00218,0.00096,0.00144,0.00449,0.01342,0.01686
868.33,0.00215,0.00103,0.00136,0.00446,0.01326,0.01697
868.64,0.00223,0.00106,0.00118,0.00464,0.01335,0.01711
868.96,0.0024,0.00104,0.00117,0.00474,0.01328,0.01696
869.27,0.00222,0.00099,0.00095,0.00477,0.01329,0.01687
869.58,0.00208,0.00109,0.00077,0.0047,0.01338,0.01684
869.89,0.0019,0.00088,0.00066,0.00458,0.0132,0.01675
870.2,0.0018,0.00077,0.00068,0.00432,0.0132,0.01683
870.51,0.00191,0.0008,0.00084,0.00446,0.01336,0.01715
870.82,0.00172,0.00072,0.00068,0.00409,0.01305,0.01681
871.14,0.00159,0.00074,0.00085,0.00423,0.01322,0.01677
871.45,0.0015,0.00062,0.00097,0.00392,0.01319,0.01684
871.76,0.00166,0.00032,0.00089,0.00393,0.01327,0.01689
872.07,0.00178,0.0004,0.00094,0.00417,0.01346,0.01709
872.38,0.00156,0.00033,0.00094,0.00438,0.01327,0.01702
872.69,0.0014,0.00046,0.00097,0.00447,0.01347,0.01695
873,0.0012,0.00051,0.00128,0.00472,0.0136,0.01696
873.31,0.00104,0.00026,0.00123,0.00467,0.01352,0.01693
873.63,0.00124,0.00037,0.00119,0.00531,0.01388,0.01707
873.94,0.00102,0.00056,0.00106,0.0052,0.01375,0.01695
874.25,0.00067,0.00037,0.0009,0.00504,0.01349,0.01672
874.56,0.00064,0.00038,0.00078,0.00479,0.01358,0.01661
874.87,0.00081,0.00018,0.00091,0.00463,0.01354,0.01646
875.18,0.00099,6.00E-05,0.00082,0.0047,0.0136,0.01688
875.49,0.00071,0.00018,0.00058,0.00446,0.01324,0.01687
875.8,0.00054,0.00011,0.00089,0.00428,0.01313,0.01669
876.11,0.00084,0.00028,0.00143,0.00469,0.01325,0.01678
876.42,0.0009,6.00E-05,0.00128,0.0046,0.01336,0.01683
876.73,0.00108,0.00011,0.00146,0.00482,0.01325,0.01716
877.04,0.00075,0.00016,0.00112,0.00493,0.0132,0.01735
877.35,0.00055,3.00E-05,0.00082,0.00459,0.01303,0.01717
877.66,0.00065,-0.00024,0.00073,0.00472,0.0133,0.01725
877.97,0.00062,-0.00019,0.00082,0.00452,0.01343,0.01743
878.28,0.00026,-0.00058,0.00045,0.0042,0.01355,0.01718
878.59,0.00032,-0.0005,0.00077,0.0044,0.01367,0.01723
878.9,8.00E-05,-0.00076,0.00053,0.0043,0.01381,0.01696
879.21,-0.00013,-0.00102,0.00053,0.00399,0.01367,0.01687
879.52,0.00044,-0.00075,0.00103,0.00459,0.01413,0.01739
879.83,0.00051,-0.00052,0.00109,0.0047,0.01412,0.01748
880.14,0.00043,-0.00074,0.00077,0.00452,0.01362,0.01704
880.45,0.00046,-0.00057,0.00066,0.00448,0.0133,0.01714
880.76,0.00037,-0.00066,0.00034,0.0043,0.01303,0.0173
881.07,0.00059,-0.00052,0.00051,0.00434,0.01302,0.0175
881.38,0.00067,-0.00054,0.00063,0.00447,0.0131,0.01728
881.69,0.0001,-0.00078,0.00021,0.00409,0.01293,0.01671
882,4.00E-05,-0.00061,0.00018,0.00389,0.01289,0.01668
882.31,0.0002,-0.00052,0.00023,0.00423,0.01346,0.01711
882.62,9.00E-05,-0.00063,0.0005,0.00444,0.01369,0.01737
882.93,1.00E-05,-0.00049,0.00066,0.00439,0.01388,0.01727
883.24,-0.0003,-0.00057,0.00072,0.00415,0.01392,0.01698
883.55,-0.0001,-0.00052,0.00105,0.00414,0.01393,0.01739
883.86,-8.00E-05,-0.00053,0.0012,0.00424,0.01391,0.01755
884.17,-0.00013,-0.00089,0.00115,0.00427,0.0141,0.01745
884.48,-4.00E-05,-0.00078,0.00114,0.00453,0.01404,0.01764
884.79,-0.00026,-0.00082,0.00082,0.00439,0.01378,0.0173
885.09,-0.0003,-0.00076,0.00036,0.00421,0.01369,0.01705
885.4,-1.00E-05,-0.00061,6.00E-05,0.00451,0.01367,0.0172
885.71,-0.00022,-0.00068,-0.00042,0.00451,0.01356,0.01688
886.02,-0.00011,-0.00063,-0.00027,0.00433,0.01347,0.01666
886.33,-0.00027,-0.00053,-0.00029,0.00439,0.01336,0.0166
886.64,-0.00067,-0.00066,-0.00023,0.00398,0.01318,0.0163
886.95,-0.00029,-0.00055,5.00E-05,0.00406,0.01352,0.01675
887.26,-0.0003,-0.00073,0.0005,0.00418,0.01374,0.01702
887.57,-0.00046,-0.00083,0.00042,0.00402,0.01358,0.01683
887.87,-0.00035,-0.00073,0.00062,0.00415,0.01371,0.0171
888.18,-0.00043,-0.0004,0.00051,0.00429,0.01396,0.01753
888.49,-0.00024,-0.00043,0.00066,0.00429,0.01406,0.01759
888.8,6.00E-05,-0.00047,0.0006,0.00414,0.01394,0.0176
889.11,-8.00E-05,-0.00043,0.00059,0.00432,0.01382,0.01743
889.42,-1.00E-05,-0.00033,0.00078,0.00468,0.0139,0.01759
889.72,4.00E-05,-0.00029,0.00113,0.00495,0.01421,0.018
890.03,-2.00E-05,-0.00022,0.00103,0.00479,0.01425,0.01757
890.34,-3.00E-05,-0.00054,0.00077,0.00464,0.01396,0.01725
890.65,-0.00022,-0.00065,0.0008,0.00448,0.01406,0.01736
890.96,-0.00041,-0.00062,0.00062,0.00438,0.01389,0.01735
891.27,-0.00073,-0.00084,0.00038,0.00394,0.01367,0.01708
891.57,-0.00079,-0.00075,0.00015,0.00375,0.01352,0.01689
891.88,-0.00089,-0.00062,-6.00E-05,0.00379,0.01346,0.0169
892.19,-0.00094,-0.00059,-0.0001,0.0039,0.01345,0.01716
892.5,-0.00111,-0.00072,6.00E-05,0.00384,0.01343,0.01704
892.8,-0.00108,-0.00043,-0.0001,0.00411,0.01315,0.01717
893.11,-0.00099,-0.00055,-1.00E-05,0.00444,0.01366,0.01727
893.42,-0.00086,-0.00047,0.00017,0.00471,0.01376,0.0176
893.73,-0.00052,-0.00034,0.00037,0.00495,0.01404,0.01801
894.04,-0.00031,-0.00035,0.00042,0.00487,0.01394,0.018
894.34,-0.00035,-0.00054,0.00056,0.00466,0.01404,0.01781
894.65,-0.0001,-0.00036,0.00078,0.00491,0.01409,0.01815
894.96,-1.00E-05,-0.00051,0.00089,0.0047,0.0143,0.01794
895.26,-0.00032,-0.0009,0.00077,0.00444,0.01406,0.01767
895.57,0.00018,-0.00074,0.00078,0.00458,0.01419,0.01768
895.88,-0.00014,-0.00085,0.00053,0.00437,0.01375,0.01745
896.19,-0.00036,-0.00074,0.00067,0.00472,0.01394,0.01749
896.49,-0.00011,-0.00071,0.00071,0.00524,0.01391,0.01768
896.8,-2.00E-05,-0.00073,0.00062,0.00542,0.01401,0.01779
897.11,-6.00E-05,-0.00057,0.00065,0.00531,0.01391,0.01783
897.42,0.00011,-0.00033,0.00053,0.00539,0.01391,0.01765
897.72,-0.00066,-0.00084,0.00033,0.00468,0.01358,0.01724
898.03,-0.00059,-0.00083,0.00041,0.00461,0.01387,0.01706
898.34,-0.00068,-0.00108,0.00012,0.00419,0.01366,0.01679
898.64,-0.00096,-0.00115,-0.00021,0.00386,0.01357,0.01656
898.95,-0.00109,-0.00117,-8.00E-05,0.00404,0.01368,0.01657
899.26,-0.00117,-0.00136,-0.0003,0.00407,0.01356,0.01661
899.56,-0.00138,-0.00119,-0.00014,0.00422,0.01343,0.01689
899.87,-0.00097,-0.00077,5.00E-05,0.00466,0.01371,0.01722
900.18,-0.00094,-0.00078,5.00E-05,0.00496,0.01367,0.01747
900.48,-0.00087,-0.00087,0.00015,0.00506,0.0137,0.01748
900.79,-0.00086,-0.00099,0.00046,0.00518,0.01386,0.01783
901.1,-0.00073,-0.00097,0.00024,0.00482,0.01389,0.01768
901.4,-0.00071,-0.00106,0.00021,0.00503,0.01405,0.01752
901.71,-0.00046,-0.00095,-7.00E-05,0.00501,0.01416,0.01753
902.01,-0.00056,-0.00106,-0.00012,0.00512,0.01411,0.01757
902.32,-0.00066,-0.00118,-0.00021,0.00498,0.01424,0.01765
902.63,-0.0009,-0.001,-0.0001,0.00488,0.01441,0.0179
902.93,-0.00079,-0.00079,-0.00016,0.00481,0.01424,0.01747
903.24,-0.00092,-0.0008,-5.00E-05,0.00477,0.01386,0.01737
903.54,-0.00075,-0.00062,0.00027,0.00479,0.01384,0.01762
903.85,-0.00079,-0.00059,0.00061,0.00453,0.01377,0.01755
904.16,-0.0009,-0.00055,0.00043,0.00438,0.01358,0.0175
904.46,-0.00112,-0.00057,0.00021,0.00397,0.01298,0.01702
904.77,-0.00066,-0.00041,0,0.00394,0.01268,0.01672
905.07,-0.00059,-0.0003,-7.00E-05,0.00372,0.01281,0.01706
905.38,-0.00069,-0.00017,-0.0004,0.0037,0.01301,0.01711
905.68,-0.00085,-0.00023,-0.00019,0.00374,0.01325,0.01759
905.99,-0.00067,-0.00019,-7.00E-05,0.00425,0.01359,0.01803
906.3,-0.00034,3.00E-05,0.00048,0.00444,0.01396,0.01807
906.6,-5.00E-05,-6.00E-05,0.0009,0.00481,0.0145,0.01829
906.91,0,-0.00013,0.00117,0.0052,0.0149,0.01834
907.21,-0.00019,-0.00062,0.0012,0.0052,0.0147,0.01846
907.52,-0.00023,-0.00056,0.00145,0.00545,0.01488,0.01866
907.82,-0.00028,-0.00072,0.00107,0.0052,0.01451,0.01837
908.13,-0.00061,-0.00098,0.00072,0.00477,0.01414,0.01791
908.43,-0.00062,-0.00121,0.00039,0.00476,0.01402,0.01787
908.74,-0.0006,-0.00099,0.00017,0.00467,0.01406,0.01805
909.04,-0.0004,-0.00116,8.00E-05,0.00451,0.01381,0.01838
909.35,-0.00037,-0.00108,6.00E-05,0.00441,0.01381,0.01808
909.65,-2.00E-05,-0.00115,0.00018,0.0043,0.01395,0.01816
909.96,0.00023,-0.00087,0.00067,0.00447,0.01407,0.01787
910.26,0.00039,-0.00105,0.00059,0.00456,0.01422,0.01783
910.57,0.00035,-0.00136,0.00049,0.004,0.01413,0.01798
910.87,0.00033,-0.00138,0.00066,0.00378,0.01367,0.01783
911.18,-8.00E-05,-0.00116,0.00057,0.0036,0.01374,0.01771
911.48,-0.00023,-0.00096,0.00063,0.00392,0.01374,0.01801
911.79,-0.00069,-0.00106,0.00039,0.00391,0.01348,0.01787
912.09,-0.00092,-0.0015,-0.00021,0.00365,0.01289,0.01768
912.39,-0.00077,-0.0013,-0.00013,0.00363,0.01298,0.01801
912.7,-0.00109,-0.00097,6.00E-05,0.00375,0.0132,0.01762
913,-0.00102,-0.0009,-0.00023,0.00379,0.0136,0.01777
913.31,-0.00098,-0.00147,-0.00043,0.0037,0.01352,0.01752
913.61,-0.00096,-0.00168,-0.00101,0.00327,0.01339,0.01712
913.92,-0.00092,-0.00182,-0.00128,0.00304,0.01316,0.01694
914.22,-0.00121,-0.00166,-0.00153,0.00276,0.01339,0.01693
914.52,-0.00126,-0.00141,-0.00124,0.00298,0.01336,0.01698
914.83,-0.00104,-0.00129,-0.00115,0.00314,0.01329,0.01699
915.13,-0.00119,-0.00133,-0.00082,0.0034,0.01328,0.01697
915.44,-0.00128,-0.00131,-0.00085,0.00326,0.01313,0.017
915.74,-0.0011,-0.00151,-0.0004,0.00321,0.01328,0.01713
916.04,-0.00108,-0.0014,-3.00E-05,0.00361,0.01331,0.0171
916.35,-0.00086,-0.00148,0.00019,0.00391,0.01366,0.01753
916.65,-0.00099,-0.00146,2.00E-05,0.00384,0.01347,0.01768
916.96,-0.00066,-0.00126,-0.00011,0.00396,0.01357,0.01797
917.26,-0.00045,-0.00138,-0.00017,0.00387,0.01347,0.01787
917.56,-0.00075,-0.0012,-9.00E-05,0.00362,0.01363,0.01762
917.87,-0.00082,-0.00076,0,0.00418,0.01363,0.01763
918.17,-0.00072,-0.00072,0.0002,0.0042,0.01373,0.0176
918.47,-0.00067,-0.00056,-5.00E-05,0.00421,0.01333,0.01741
918.78,-0.00083,-0.00095,-0.00018,0.00391,0.01347,0.01704
919.08,-0.0014,-0.0017,-0.00067,0.00367,0.01292,0.01648
919.38,-0.00223,-0.00185,-0.00068,0.00364,0.01281,0.01608
919.69,-0.00197,-0.00184,-0.00048,0.00406,0.01266,0.01664
919.99,-0.0021,-0.00173,-0.00061,0.00404,0.01259,0.01657
920.29,-0.00222,-0.00172,-0.00112,0.0039,0.01256,0.01651
920.59,-0.00258,-0.00212,-0.00123,0.00383,0.01267,0.01596
920.9,-0.00252,-0.00203,-0.00145,0.00355,0.01245,0.01575
921.2,-0.00249,-0.00187,-0.00111,0.00375,0.0129,0.01601
921.5,-0.00194,-0.00178,-0.00142,0.00345,0.01309,0.01601
921.81,-0.00132,-0.00132,-0.00086,0.00373,0.01345,0.01622
922.11,-0.00114,-0.00138,-0.00077,0.00408,0.01407,0.01705
922.41,-0.00078,-0.00149,-0.00027,0.00382,0.01399,0.01731
922.71,-0.00036,-0.00101,0.00027,0.00389,0.01424,0.01768
923.02,-0.00061,-0.00112,0.00022,0.00429,0.01432,0.01785
923.32,-0.00086,-0.00129,-0.00033,0.00413,0.01433,0.01798
923.62,-0.00125,-0.0018,-0.00039,0.00391,0.01376,0.01782
923.92,-0.0021,-0.0025,-0.00124,0.00358,0.01376,0.01712
924.23,-0.00196,-0.00266,-0.00104,0.00306,0.01341,0.01628
924.53,-0.00221,-0.00308,-0.0016,0.00277,0.01354,0.01594
924.83,-0.00236,-0.00351,-0.00163,0.00272,0.01351,0.01589
925.13,-0.00258,-0.00383,-0.00151,0.00232,0.01328,0.01542
925.44,-0.00216,-0.00328,-0.00104,0.00238,0.01289,0.01558
925.74,-0.00244,-0.00334,-0.00172,0.00204,0.01248,0.01544
926.04,-0.00233,-0.00295,-0.00154,0.00189,0.0122,0.01572
926.34,-0.00271,-0.00298,-0.00173,0.00181,0.01239,0.01582
926.64,-0.0031,-0.00285,-0.00149,0.00213,0.01186,0.01544
926.95,-0.00276,-0.00255,-0.00127,0.00223,0.01192,0.01595
927.25,-0.00269,-0.00276,-0.00158,0.00224,0.01197,0.01602
927.55,-0.00274,-0.00338,-0.00178,0.00243,0.01246,0.01575
927.85,-0.00238,-0.00255,-0.00097,0.00306,0.01326,0.01681
928.15,-0.00215,-0.00245,-0.00113,0.00335,0.01294,0.01675
928.46,-0.00239,-0.0025,-0.00169,0.00326,0.01234,0.01655
928.76,-0.00294,-0.00253,-0.00231,0.00291,0.0127,0.01697
929.06,-0.00312,-0.00226,-0.00262,0.00259,0.01265,0.01676
929.36,-0.00276,-0.00133,-0.00192,0.00307,0.01273,0.01712
929.66,-0.00287,-0.00094,-0.00182,0.00299,0.01248,0.01713
929.96,-0.00309,-0.00148,-0.00179,0.00346,0.01264,0.01662
930.26,-0.00322,-0.00184,-0.00179,0.00324,0.0129,0.01656
930.57,-0.00283,-0.00166,-0.00144,0.00328,0.01315,0.01693
930.87,-0.00198,-0.00127,-0.00099,0.00377,0.01331,0.01687
931.17,-0.00194,-0.00143,-0.00099,0.00386,0.0132,0.01663
931.47,-0.00137,-0.00047,-0.00068,0.00439,0.01416,0.01718
931.77,-0.00125,-0.00048,-0.00023,0.00417,0.01432,0.0175
932.07,-0.00084,-0.00045,-0.0006,0.0037,0.01394,0.01772
932.37,-0.00091,-0.00088,-0.00037,0.00338,0.0136,0.0179
932.67,-0.00086,-0.00075,-0.0002,0.00354,0.01366,0.01822
932.97,-0.00115,-0.00093,9.00E-05,0.00345,0.0135,0.01847
933.27,-0.00104,-0.00122,-4.00E-05,0.00383,0.01391,0.01888
933.58,-0.00137,-0.00271,-0.00065,0.00315,0.01285,0.01786
933.88,-0.00171,-0.0034,-0.00135,0.00275,0.01237,0.01751
934.18,-0.00183,-0.00366,-0.00144,0.00273,0.01228,0.01683
934.48,-0.00197,-0.00356,-0.00178,0.00285,0.01237,0.01639
934.78,-0.00232,-0.00394,-0.00241,0.00269,0.01195,0.01558
935.08,-0.00186,-0.00395,-0.002,0.00286,0.01202,0.01569
935.38,-0.00195,-0.00393,-0.00227,0.00221,0.01137,0.01524
935.68,-0.00228,-0.00372,-0.00202,0.0026,0.01183,0.01551
935.98,-0.00223,-0.00329,-0.00205,0.00274,0.01167,0.01568
936.28,-0.0023,-0.00314,-0.0018,0.00283,0.01163,0.01576
936.58,-0.00241,-0.00296,-0.00187,0.00267,0.01222,0.01554
936.88,-0.00262,-0.00269,-0.00115,0.00256,0.01233,0.0158
937.18,-0.00287,-0.00283,-0.00225,0.00222,0.01231,0.015
937.48,-0.00295,-0.00267,-0.00157,0.00245,0.01297,0.01543
937.78,-0.00322,-0.00324,-0.00213,0.00155,0.01186,0.01534
938.08,-0.00317,-0.00369,-0.00186,0.00193,0.01212,0.01486
938.38,-0.00261,-0.0033,-0.00133,0.00212,0.01193,0.01519
938.68,-0.00259,-0.00343,-0.00166,0.00193,0.01108,0.0151
938.98,-0.00289,-0.00426,-0.00243,0.0018,0.0107,0.0147
939.28,-0.00317,-0.00406,-0.00226,0.00108,0.01032,0.01506
939.58,-0.00398,-0.00487,-0.00323,0.00088,0.00938,0.01395
939.88,-0.00383,-0.00482,-0.00285,0.00144,0.01001,0.01384
940.18,-0.00353,-0.00461,-0.00308,0.0011,0.0099,0.01447
940.48,-0.00381,-0.00449,-0.00345,0.00112,0.01038,0.0144
940.78,-0.00341,-0.00456,-0.00345,0.00175,0.0105,0.01448
941.08,-0.00269,-0.00413,-0.00285,0.00204,0.01119,0.01469
941.38,-0.00251,-0.0045,-0.0022,0.00268,0.01176,0.01478
941.68,-0.00229,-0.00411,-0.00216,0.00274,0.01198,0.01525
941.98,-0.00169,-0.00343,-0.00155,0.00234,0.0126,0.0159
942.27,-0.00153,-0.0033,-0.0017,0.00237,0.01292,0.01522
942.57,-0.00201,-0.00357,-0.00159,0.00175,0.01277,0.01537
942.87,-0.00219,-0.00313,-0.00141,0.00165,0.01346,0.01607
943.17,-0.00209,-0.00279,-0.00154,0.00105,0.01344,0.01653
943.47,-0.00228,-0.00259,-0.00223,0.00157,0.01317,0.01639
943.77,-0.00217,-0.00228,-0.00241,0.00089,0.01293,0.01641
944.07,-0.0027,-0.0023,-0.00317,0.00128,0.01238,0.01575
944.37,-0.00334,-0.00274,-0.00326,0.00096,0.01166,0.01579
944.67,-0.00266,-0.00287,-0.00324,0.00088,0.01169,0.01623
944.97,-0.00352,-0.00337,-0.00355,0.0001,0.01085,0.0157
945.26,-0.00415,-0.00417,-0.00387,0.0003,0.01018,0.01571
945.56,-0.0041,-0.00402,-0.00372,-0.0003,0.00978,0.01623
945.86,-0.0038,-0.00444,-0.00387,0.00043,0.00982,0.01651
946.16,-0.00441,-0.00569,-0.00463,-0.00041,0.00926,0.01553
946.46,-0.00457,-0.00475,-0.0044,-2.00E-05,0.00987,0.01588
946.76,-0.00522,-0.00528,-0.0054,-8.00E-05,0.00937,0.01473
947.05,-0.0043,-0.00481,-0.0049,0.00069,0.00996,0.01531
947.35,-0.00365,-0.00455,-0.00546,0.00087,0.00959,0.01449
947.65,-0.00361,-0.00549,-0.00605,0.00035,0.00958,0.01357
947.95,-0.00359,-0.00493,-0.00564,0.0009,0.00987,0.01298
948.25,-0.00252,-0.00435,-0.0046,0.00183,0.01052,0.01459
948.55,-0.00255,-0.00493,-0.00425,0.00162,0.01041,0.01454
948.84,-0.00224,-0.00518,-0.00493,0.00155,0.01034,0.01462
949.14,-0.00153,-0.0054,-0.00517,0.00102,0.01002,0.01392
949.44,-0.00159,-0.00511,-0.00469,0.001,0.01089,0.01444
949.74,-0.0024,-0.00543,-0.00496,0.00054,0.00992,0.01372
950.04,-0.00243,-0.00602,-0.00501,0.00016,0.00917,0.01421
950.33,-0.00355,-0.00651,-0.00582,-0.00101,0.00867,0.01323
950.63,-0.00363,-0.00684,-0.0065,-0.0012,0.00797,0.01233
950.93,-0.00446,-0.00675,-0.00581,-0.00162,0.00792,0.01194
951.23,-0.00607,-0.00709,-0.00569,-0.00229,0.00796,0.01208
951.52,-0.00575,-0.00639,-0.00537,-0.00196,0.0077,0.01223
951.82,-0.00501,-0.00513,-0.00384,-0.00064,0.00959,0.01341
952.12,-0.00602,-0.00495,-0.0044,-0.0015,0.01045,0.01249
952.42,-0.00561,-0.00405,-0.00415,-0.00138,0.01006,0.01241
952.71,-0.00543,-0.00401,-0.00435,-0.0013,0.01036,0.01289
953.01,-0.00383,-0.00218,-0.00294,-0.00044,0.01231,0.01442
953.31,-0.00382,-0.00206,-0.00349,-0.00068,0.01221,0.01422
953.61,-0.00395,-0.00259,-0.00383,-0.00185,0.01194,0.01377
953.9,-0.00463,-0.00312,-0.00453,-0.00321,0.01074,0.01362
954.2,-0.00399,-0.00341,-0.00368,-0.00322,0.01002,0.01405
954.5,-0.00397,-0.00415,-0.004,-0.00268,0.01049,0.01406
954.79,-0.00368,-0.00316,-0.00354,-0.00216,0.01056,0.01428
955.09,-0.00445,-0.00463,-0.00438,-0.00228,0.00864,0.01336
955.39,-0.00444,-0.00527,-0.00476,-0.00202,0.00774,0.01325
955.68,-0.00483,-0.00543,-0.00422,-0.00162,0.00758,0.01257
955.98,-0.00412,-0.00546,-0.0044,-0.00089,0.00813,0.01292
956.28,-0.00359,-0.00473,-0.00448,-0.0006,0.00881,0.01357
956.57,-0.00291,-0.00363,-0.00417,-0.00071,0.00939,0.01465
956.87,-0.00411,-0.00487,-0.00505,-0.00186,0.00852,0.01363
957.17,-0.00521,-0.00483,-0.00569,-0.00216,0.00892,0.01305
957.46,-0.00494,-0.00442,-0.0053,-0.00179,0.00943,0.01248
957.76,-0.00579,-0.00468,-0.00597,-0.0014,0.00935,0.01342
958.06,-0.0066,-0.00461,-0.00671,-0.00154,0.00873,0.01233
958.35,-0.00679,-0.00477,-0.00692,-0.00118,0.00768,0.01232
958.65,-0.00791,-0.00564,-0.00763,-0.00157,0.00684,0.01162
958.95,-0.0068,-0.0055,-0.00737,-0.00209,0.00745,0.01179
959.24,-0.00575,-0.00494,-0.00688,-0.00234,0.00766,0.01257
959.54,-0.00495,-0.00453,-0.0065,-0.00202,0.00759,0.01326
959.83,-0.00462,-0.00433,-0.00651,-0.00209,0.00779,0.01332
960.13,-0.00469,-0.00427,-0.00593,-0.00269,0.00731,0.01336
960.43,-0.00445,-0.00455,-0.00546,-0.00265,0.00766,0.01344
960.72,-0.00456,-0.00497,-0.00534,-0.0025,0.00795,0.01319
961.02,-0.00446,-0.00404,-0.00465,-0.00169,0.00863,0.01358
961.31,-0.00573,-0.00458,-0.0053,-0.00213,0.00772,0.01314
961.61,-0.00726,-0.0053,-0.00574,-0.00301,0.00756,0.01267
961.9,-0.00688,-0.0052,-0.006,-0.00307,0.00812,0.0129
962.2,-0.00651,-0.00582,-0.00668,-0.00314,0.00844,0.01312
962.5,-0.0068,-0.0064,-0.00783,-0.00381,0.00941,0.01282
962.79,-0.007,-0.00587,-0.00823,-0.00397,0.0086,0.01254
963.09,-0.00769,-0.00659,-0.00882,-0.00472,0.00779,0.01225
963.38,-0.00718,-0.00731,-0.00759,-0.00409,0.00823,0.01239
963.68,-0.00619,-0.00715,-0.00779,-0.00399,0.00821,0.01181
963.97,-0.00627,-0.00701,-0.0082,-0.00425,0.00716,0.0103
964.27,-0.00592,-0.00704,-0.00767,-0.00336,0.00764,0.01078
964.56,-0.00666,-0.00655,-0.0071,-0.00324,0.00771,0.01072
964.86,-0.00695,-0.0074,-0.00701,-0.00465,0.00681,0.00981
965.15,-0.00753,-0.00713,-0.00739,-0.00442,0.00688,0.00962
965.45,-0.00752,-0.00656,-0.0088,-0.00536,0.00645,0.00934
965.74,-0.00734,-0.00614,-0.00804,-0.00429,0.00728,0.01021
966.04,-0.007,-0.00681,-0.00736,-0.00495,0.00765,0.01075
966.33,-0.00722,-0.00647,-0.00683,-0.00593,0.0064,0.01006
966.63,-0.00707,-0.00718,-0.00683,-0.00666,0.00516,0.00804
966.92,-0.00576,-0.00578,-0.00526,-0.00497,0.00689,0.00948
967.22,-0.00442,-0.00626,-0.00532,-0.00399,0.00667,0.00961
967.51,-0.00461,-0.00634,-0.00592,-0.00244,0.00652,0.00938
967.81,-0.00585,-0.00633,-0.00645,-0.00254,0.00604,0.00805
968.1,-0.00712,-0.00668,-0.00748,-0.00225,0.00496,0.00789
968.4,-0.00883,-0.00799,-0.00937,-0.00244,0.00502,0.00697
968.69,-0.00989,-0.00807,-0.00972,-0.00173,0.00433,0.00838
968.98,-0.0108,-0.00836,-0.01162,-0.00255,0.00379,0.00821
969.28,-0.01186,-0.0095,-0.01175,-0.00309,0.00301,0.00789
969.57,-0.01155,-0.00905,-0.0107,-0.0034,0.00353,0.00798
969.87,-0.01127,-0.00905,-0.01062,-0.00431,0.00323,0.0093
970.16,-0.0116,-0.00933,-0.01103,-0.00494,0.0031,0.00878
970.46,-0.00974,-0.00814,-0.01079,-0.00495,0.00372,0.00815
970.75,-0.0097,-0.00902,-0.01214,-0.0056,0.00497,0.00691
971.04,-0.01034,-0.0104,-0.01193,-0.00574,0.00406,0.00665
971.34,-0.01229,-0.01085,-0.01287,-0.00729,0.00388,0.00481
971.63,-0.0135,-0.01184,-0.01215,-0.00785,0.00311,0.00435
971.93,-0.01418,-0.01297,-0.01324,-0.00808,0.002,0.00321
972.22,-0.01411,-0.01351,-0.01305,-0.00865,0.00176,0.00172
972.51,-0.01429,-0.01423,-0.01226,-0.00809,0.00155,0.00251
972.81,-0.01393,-0.01369,-0.01222,-0.00874,0.00097,0.00243
973.1,-0.01313,-0.0125,-0.01088,-0.00814,0.00189,0.0024
973.39,-0.01207,-0.01304,-0.01069,-0.0081,0.00289,0.00406
973.69,-0.0114,-0.01283,-0.0118,-0.00849,0.00279,0.00371
973.98,-0.01064,-0.01225,-0.01145,-0.00855,0.00329,0.00402
974.27,-0.00898,-0.01161,-0.01088,-0.00744,0.00493,0.00677
974.57,-0.01008,-0.01226,-0.01235,-0.00811,0.00362,0.00659
974.86,-0.01025,-0.01265,-0.01128,-0.00869,0.00243,0.00771
975.15,-0.01083,-0.0139,-0.01306,-0.00958,0.00156,0.00709
975.45,-0.01048,-0.01215,-0.01177,-0.00808,0.00027,0.00715
975.74,-0.00968,-0.01262,-0.01192,-0.00682,0.00053,0.0084
976.03,-0.01145,-0.01343,-0.01283,-0.00792,-1.00E-05,0.00756
976.33,-0.01374,-0.01334,-0.01297,-0.00791,-0.00071,0.00575
976.62,-0.01314,-0.0136,-0.0126,-0.00745,-0.00085,0.00609
976.91,-0.01123,-0.01219,-0.01216,-0.00595,0.00031,0.00673
977.21,-0.01084,-0.01217,-0.01145,-0.00372,0.00151,0.00641
977.5,-0.0114,-0.0115,-0.01139,-0.00402,0.00247,0.00623
977.79,-0.01323,-0.01212,-0.01213,-0.0063,0.00182,0.00553
978.08,-0.01086,-0.01087,-0.00995,-0.00457,0.00251,0.00603
978.38,-0.01084,-0.01249,-0.01088,-0.00653,0.00153,0.0058
978.67,-0.0097,-0.01193,-0.01066,-0.00748,0.00381,0.00506
978.96,-0.01083,-0.01265,-0.01096,-0.00792,0.00315,0.00471
979.25,-0.01206,-0.01296,-0.01136,-0.01045,0.00157,0.00552
979.55,-0.01215,-0.01471,-0.01248,-0.01052,0.001,0.00596
979.84,-0.01092,-0.01459,-0.01161,-0.01093,0.00168,0.00559
980.13,-0.01121,-0.0151,-0.01323,-0.01274,0.00131,0.00611
980.42,-0.00972,-0.01262,-0.01324,-0.01072,0.00224,0.00727
980.71,-0.01129,-0.01359,-0.01417,-0.01132,-0.00102,0.00596
981.01,-0.01198,-0.0127,-0.01578,-0.01101,-0.00119,0.00444
981.3,-0.01075,-0.01232,-0.01469,-0.00856,-0.00037,0.00351
981.59,-0.01037,-0.01184,-0.0144,-0.00918,-0.0008,0.00427
981.88,-0.01141,-0.01202,-0.01505,-0.00771,-0.00229,0.00231
982.18,-0.01258,-0.01184,-0.01523,-0.00679,-0.00079,0.00175
982.47,-0.01066,-0.00729,-0.00964,-0.00246,0.00406,0.0079
982.76,-0.00839,-0.00458,-0.00595,-0.00093,0.00705,0.01122
983.05,-0.00781,-0.00384,-0.00345,0.00041,0.00782,0.01323
983.34,-0.0081,-0.00303,-0.0044,-0.00117,0.00826,0.01343
983.63,-0.00618,-0.00221,-0.00328,-1.00E-05,0.00957,0.01397
983.93,-0.00367,8.00E-05,-0.00174,0.00019,0.01114,0.01707
984.22,-0.00358,-0.00241,-0.00202,-0.00114,0.008,0.01477
984.51,-0.0056,-0.00767,-0.00777,-0.00684,0.00267,0.00679
984.8,-0.00714,-0.00977,-0.01181,-0.00848,0.00216,0.00445
985.09,-0.00871,-0.01209,-0.01412,-0.01185,0.00156,0.00072
985.38,-0.00989,-0.0129,-0.01542,-0.01237,-0.00042,0.00152
985.67,-0.01225,-0.01389,-0.0199,-0.01389,-0.00306,-0.0002
985.96,-0.014,-0.01667,-0.02312,-0.01473,-0.00354,-0.00089
986.26,-0.01474,-0.0159,-0.02359,-0.01533,-0.0025,0.00265
986.55,-0.01563,-0.01824,-0.02417,-0.01732,-0.00167,0.00475
986.84,-0.01704,-0.01767,-0.0234,-0.01627,-0.00069,0.00565
987.13,-0.01632,-0.01718,-0.02288,-0.01401,0.00078,0.00769
987.42,-0.01645,-0.01833,-0.02292,-0.01669,-0.00065,0.0066
987.71,-0.01536,-0.01811,-0.02166,-0.01667,0.0004,0.00584
988,-0.01529,-0.01648,-0.02002,-0.01719,-0.0015,0.00342
988.29,-0.01425,-0.01445,-0.01991,-0.01441,0.00022,0.00298
988.58,-0.01621,-0.0155,-0.02126,-0.01373,-0.0026,4.00E-05
988.87,-0.01758,-0.01791,-0.02251,-0.01473,-0.00632,-0.00099
989.16,-0.01899,-0.01774,-0.0239,-0.01683,-0.00929,-0.00211
989.46,-0.01992,-0.01906,-0.02476,-0.01707,-0.00719,-0.00428
989.75,-0.01995,-0.0194,-0.02287,-0.01806,-0.00827,-0.00567
990.04,-0.01833,-0.01802,-0.02192,-0.01554,-0.00519,-0.00244
990.33,-0.02024,-0.02066,-0.02108,-0.01634,-0.00697,-0.00239
990.62,-0.02003,-0.01997,-0.01985,-0.01652,-0.00967,-0.00211
990.91,-0.01759,-0.01864,-0.0185,-0.01604,-0.00888,-0.00177
991.2,-0.01669,-0.01937,-0.01581,-0.01539,-0.00671,-0.00077
991.49,-0.01558,-0.01759,-0.01396,-0.01387,-0.00723,0.00289
991.78,-0.01341,-0.01508,-0.01239,-0.01126,-0.00367,0.00469
992.07,-0.01657,-0.01995,-0.01596,-0.01603,-0.00778,5.00E-05
992.36,-0.01583,-0.0205,-0.01708,-0.0186,-0.00867,-0.0014
992.65,-0.01442,-0.01896,-0.01741,-0.01759,-0.00343,-0.00116
992.94,-0.01509,-0.01823,-0.01666,-0.0182,-0.0032,-0.00054
993.23,-0.01453,-0.01547,-0.01745,-0.01606,-0.00394,-0.0016
993.52,-0.01565,-0.01675,-0.02095,-0.01859,-0.00532,-0.00589
993.81,-0.01934,-0.01977,-0.0238,-0.02057,-0.00989,-0.00772
994.1,-0.02085,-0.01847,-0.02181,-0.01807,-0.00843,-0.00596
994.39,-0.02172,-0.01752,-0.02173,-0.0155,-0.00954,-0.007
994.68,-0.02129,-0.01635,-0.02079,-0.01388,-0.01031,-0.00641
994.96,-0.0205,-0.01494,-0.0217,-0.01149,-0.01036,-0.00528
995.25,-0.0215,-0.01789,-0.02277,-0.01259,-0.01102,-0.00519
995.54,-0.02067,-0.01674,-0.01892,-0.01017,-0.00828,-0.003
995.83,-0.02162,-0.01922,-0.01854,-0.01181,-0.00805,-0.00304
996.12,-0.0188,-0.01841,-0.02053,-0.01326,-0.00763,-0.00381
996.41,-0.01664,-0.01706,-0.02276,-0.01427,-0.00661,-0.00415
996.7,-0.01785,-0.01911,-0.0237,-0.01481,-0.00848,-0.00681
996.99,-0.02078,-0.02354,-0.02385,-0.01859,-0.00993,-0.01087
997.28,-0.01865,-0.02508,-0.02453,-0.0205,-0.01036,-0.01153
997.57,-0.01486,-0.02429,-0.02372,-0.01991,-0.00939,-0.00928
997.86,-0.01604,-0.02252,-0.02396,-0.02021,-0.0079,-0.0097
998.15,-0.01632,-0.02156,-0.02278,-0.01836,-0.00884,-0.00835
998.43,-0.01998,-0.02383,-0.02139,-0.01996,-0.00752,-0.00854
998.72,-0.01936,-0.0223,-0.01879,-0.02121,-0.00412,-0.00627
999.01,-0.0197,-0.02314,-0.02304,-0.02196,-0.00323,-0.00868
999.3,-0.02159,-0.02291,-0.02457,-0.0227,-0.0054,-0.00809
999.59,-0.02759,-0.02321,-0.02586,-0.0232,-0.00683,-0.01002
999.88,-0.02545,-0.02552,-0.02714,-0.02246,-0.00803,-0.01025
1000.17,-0.02872,-0.02792,-0.02999,-0.02707,-0.00986,-0.01294
1000.45,-0.02676,-0.02649,-0.02896,-0.02363,-0.01132,-0.01267
1000.74,-0.02804,-0.02927,-0.03147,-0.02369,-0.01401,-0.01234
1001.03,-0.02518,-0.02726,-0.03188,-0.02251,-0.01484,-0.0098
1001.32,-0.02255,-0.02359,-0.02924,-0.01975,-0.01062,-0.00658
1001.61,-0.0204,-0.02296,-0.02975,-0.01917,-0.01025,-0.0072
1001.9,-0.02494,-0.02251,-0.03246,-0.0216,-0.01173,-0.00862
1002.18,-0.02305,-0.02414,-0.0297,-0.01859,-0.01076,-0.00811
1002.47,-0.02257,-0.02544,-0.03127,-0.02502,-0.011,-0.01079
1002.76,-0.02348,-0.02531,-0.0332,-0.02784,-0.01361,-0.01407
1003.05,-0.0252,-0.02463,-0.02947,-0.02984,-0.01374,-0.0132
1003.34,-0.02953,-0.02617,-0.0312,-0.03248,-0.01735,-0.01859
1003.62,-0.03182,-0.02989,-0.0339,-0.03543,-0.02237,-0.01969
1003.91,-0.02874,-0.03139,-0.02953,-0.034,-0.0221,-0.01966
1004.2,-0.02914,-0.03155,-0.03199,-0.0355,-0.01912,-0.02425
1004.49,-0.02741,-0.02823,-0.02614,-0.03016,-0.01217,-0.0179
1004.77,-0.02677,-0.02935,-0.02972,-0.03391,-0.01555,-0.02163
1005.06,-0.02411,-0.02864,-0.02631,-0.02829,-0.01538,-0.02213
1005.35,-0.02436,-0.03292,-0.02537,-0.02672,-0.01565,-0.02224
1005.64,-0.02115,-0.02953,-0.02544,-0.02482,-0.01415,-0.02382
1005.92,-0.01789,-0.02645,-0.02778,-0.02079,-0.01053,-0.0197
1006.21,-0.01851,-0.02897,-0.03064,-0.0229,-0.01359,-0.01542
1006.5,-0.01971,-0.03331,-0.0367,-0.02322,-0.02333,-0.01892
1006.79,-0.02185,-0.03518,-0.03688,-0.01975,-0.02106,-0.0153
1007.07,-0.02568,-0.03954,-0.04236,-0.02444,-0.02277,-0.01857
1007.36,-0.02403,-0.03869,-0.04292,-0.02783,-0.02507,-0.02162
1007.65,-0.02417,-0.04249,-0.04427,-0.03007,-0.02554,-0.02116
1007.93,-0.03018,-0.04415,-0.04558,-0.03825,-0.02997,-0.02244
1008.22,-0.02641,-0.04177,-0.0399,-0.03686,-0.02921,-0.02056
1008.51,-0.03554,-0.04871,-0.04499,-0.04318,-0.0329,-0.02934
1008.8,-0.03147,-0.04829,-0.03995,-0.04353,-0.02938,-0.03183
1009.08,-0.03219,-0.04728,-0.04015,-0.04403,-0.02881,-0.03156
1009.37,-0.03295,-0.04484,-0.04005,-0.04205,-0.02497,-0.02957
1009.66,-0.03514,-0.04419,-0.04129,-0.04343,-0.02537,-0.03138
1009.94,-0.02798,-0.03964,-0.03778,-0.03569,-0.02304,-0.02966
1010.23,-0.03349,-0.03898,-0.03738,-0.03908,-0.02445,-0.03139
1010.52,-0.03312,-0.03237,-0.03216,-0.03649,-0.01972,-0.02625
1010.8,-0.03651,-0.03434,-0.0346,-0.03408,-0.02448,-0.02455
1011.09,-0.04147,-0.03712,-0.03861,-0.03832,-0.02776,-0.02377
1011.37,-0.04403,-0.03981,-0.04103,-0.04028,-0.02786,-0.0244
1011.66,-0.04878,-0.04265,-0.04408,-0.04108,-0.02745,-0.02602
1011.95,-0.05039,-0.04416,-0.04716,-0.04235,-0.02552,-0.02699
1012.23,-0.05246,-0.04527,-0.05416,-0.03979,-0.02989,-0.03279
1012.52,-0.0484,-0.04766,-0.05325,-0.03763,-0.03017,-0.03307
1012.8,-0.04751,-0.0468,-0.05049,-0.03838,-0.02862,-0.03141
1013.09,-0.04194,-0.04125,-0.04797,-0.0365,-0.02766,-0.03126
1013.38,-0.04209,-0.04517,-0.04917,-0.03775,-0.03122,-0.03121
1013.66,-0.0368,-0.04375,-0.04239,-0.03289,-0.03339,-0.02956
1013.95,-0.04671,-0.05292,-0.04243,-0.04432,-0.04187,-0.03769
1014.23,-0.04226,-0.05526,-0.03875,-0.04332,-0.03724,-0.03344
1014.52,-0.04194,-0.05614,-0.04397,-0.04822,-0.04066,-0.03559
1014.81,-0.03845,-0.05407,-0.04532,-0.05071,-0.03784,-0.03589
1015.09,-0.04301,-0.05993,-0.04913,-0.05137,-0.04258,-0.03772
1015.38,-0.04044,-0.05933,-0.04642,-0.05126,-0.04149,-0.03303
1015.66,-0.0436,-0.05828,-0.04853,-0.05478,-0.04632,-0.02873
1015.95,-0.04019,-0.05331,-0.05303,-0.05214,-0.04453,-0.02982
1016.23,-0.04332,-0.05091,-0.05553,-0.05166,-0.04632,-0.03094
1016.52,-0.04569,-0.05315,-0.05653,-0.05357,-0.05002,-0.03203
1016.8,-0.05116,-0.05354,-0.05908,-0.05453,-0.05492,-0.03748
1017.09,-0.0464,-0.05117,-0.05393,-0.05486,-0.04983,-0.0394
1017.37,-0.04993,-0.04668,-0.05897,-0.05654,-0.05127,-0.04457
1017.66,-0.05138,-0.05083,-0.06538,-0.06113,-0.05085,-0.05129
1017.94,-0.03875,-0.04551,-0.05771,-0.05138,-0.04371,-0.04338
1018.23,-0.03497,-0.04369,-0.0549,-0.05411,-0.04737,-0.046
1018.51,-0.0315,-0.04026,-0.0567,-0.05204,-0.04064,-0.04775
1018.8,-0.03308,-0.03535,-0.05366,-0.04874,-0.04049,-0.04485
1019.08,-0.03262,-0.02978,-0.05599,-0.04674,-0.04161,-0.04279
1019.37,-0.02688,-0.03402,-0.05565,-0.04487,-0.04577,-0.03736
1019.65,-0.02339,-0.03346,-0.05025,-0.04141,-0.04729,-0.03919
1019.94,-0.0379,-0.04218,-0.05725,-0.05099,-0.06029,-0.04812
1020.22,-0.03453,-0.03945,-0.05489,-0.04263,-0.05354,-0.04046
1020.51,-0.03377,-0.03673,-0.05215,-0.0369,-0.05471,-0.03507
1020.79,-0.03732,-0.04922,-0.05751,-0.04573,-0.05896,-0.04028
1021.08,-0.04393,-0.05516,-0.05965,-0.0499,-0.06099,-0.04479
1021.36,-0.04866,-0.05087,-0.06306,-0.05282,-0.05751,-0.05335
1021.64,-0.05533,-0.05687,-0.07225,-0.05704,-0.05537,-0.05398
1021.93,-0.05422,-0.05655,-0.07157,-0.05264,-0.05081,-0.05379
1022.21,-0.0654,-0.06473,-0.07872,-0.06198,-0.05863,-0.06398
1022.5,-0.0697,-0.07064,-0.08025,-0.06718,-0.06197,-0.06862
1022.78,-0.07025,-0.07251,-0.07057,-0.05087,-0.06121,-0.06977
1023.07,-0.07025,-0.07251,-0.07057,-0.05087,-0.06121,-0.06977
1023.35,-0.07025,-0.07251,-0.07057,-0.05087,-0.06121,-0.06977