EXMPC,0,0,0,0,0,0
WAC,0,0,0,0,0,0
G10,0,0,0,0,0,0
900,0,0,0,0,0,0
30,0,0,0,0,0,0
nm,0,0,0,0,0,0
Angular Dependence,0,0,0,0,0,0
Wavelengths,0,8,16,24,32,40
360.15,-0.21278,-0.23376,-0.23274,-0.20412,-0.2326,-0.22778
360.52,-0.20843,-0.21289,-0.22332,-0.21345,-0.21458,-0.22308
360.9,-0.2015,-0.19772,-0.22186,-0.21389,-0.23052,-0.2126
361.27,-0.21958,-0.19956,-0.21664,-0.23029,-0.23322,-0.2171
361.65,-0.19551,-0.18291,-0.21163,-0.21579,-0.21411,-0.20662
362.02,-0.17632,-0.16526,-0.20458,-0.20378,-0.19676,-0.19707
362.4,-0.17858,-0.16672,-0.18952,-0.2115,-0.20143,-0.19629
362.77,-0.18422,-0.17767,-0.18778,-0.21873,-0.21722,-0.20724
363.15,-0.18157,-0.17468,-0.18303,-0.20839,-0.22207,-0.20804
363.52,-0.17607,-0.18351,-0.17816,-0.22187,-0.20807,-0.20963
363.9,-0.16313,-0.17749,-0.16527,-0.22007,-0.20216,-0.20632
364.27,-0.17597,-0.18593,-0.16978,-0.23012,-0.21678,-0.21125
364.64,-0.1837,-0.18716,-0.16647,-0.2243,-0.223,-0.2056
365.02,-0.19134,-0.19597,-0.18396,-0.23254,-0.21185,-0.20748
365.39,-0.20473,-0.19494,-0.1769,-0.22169,-0.20723,-0.2039
365.77,-0.20187,-0.18249,-0.18029,-0.21545,-0.20032,-0.20346
366.14,-0.19794,-0.17519,-0.17832,-0.20737,-0.19481,-0.20151
366.52,-0.17664,-0.15992,-0.16676,-0.18729,-0.17772,-0.18506
366.89,-0.17332,-0.15371,-0.17306,-0.18594,-0.17571,-0.184
367.26,-0.1705,-0.15232,-0.16744,-0.18773,-0.17133,-0.17166
367.64,-0.14754,-0.13915,-0.14313,-0.15864,-0.15977,-0.15744
368.01,-0.12574,-0.13317,-0.14332,-0.15589,-0.15462,-0.15576
368.39,-0.13457,-0.15935,-0.15372,-0.15348,-0.15976,-0.15382
368.76,-0.13579,-0.15826,-0.15107,-0.15141,-0.15701,-0.14513
369.13,-0.13799,-0.1682,-0.15235,-0.15377,-0.16054,-0.1477
369.51,-0.14258,-0.17112,-0.15157,-0.15219,-0.15667,-0.1485
369.88,-0.13335,-0.17271,-0.14421,-0.14969,-0.15856,-0.1486
370.25,-0.13563,-0.17039,-0.14445,-0.14291,-0.15551,-0.14335
370.63,-0.1323,-0.16686,-0.14416,-0.13536,-0.14774,-0.13412
371,-0.11561,-0.14138,-0.12608,-0.13516,-0.13659,-0.12394
371.38,-0.09711,-0.13255,-0.11532,-0.11917,-0.13067,-0.1181
371.75,-0.1072,-0.12309,-0.11937,-0.11699,-0.124,-0.11321
372.12,-0.09243,-0.11077,-0.10918,-0.10303,-0.12378,-0.10306
372.5,-0.10157,-0.10135,-0.1155,-0.10264,-0.11359,-0.10089
372.87,-0.10441,-0.09822,-0.1194,-0.11653,-0.11905,-0.11704
373.24,-0.10618,-0.09359,-0.11179,-0.11584,-0.12155,-0.11757
373.62,-0.10531,-0.09559,-0.11273,-0.10881,-0.11369,-0.11429
373.99,-0.11422,-0.10034,-0.11515,-0.11403,-0.11765,-0.1153
374.36,-0.10309,-0.09875,-0.10739,-0.1142,-0.1174,-0.11286
374.74,-0.10343,-0.09849,-0.1096,-0.11237,-0.11108,-0.11647
375.11,-0.09661,-0.0998,-0.10456,-0.11465,-0.11063,-0.1172
375.48,-0.09174,-0.09972,-0.1046,-0.1099,-0.11121,-0.10411
375.86,-0.0892,-0.09362,-0.10844,-0.1111,-0.10938,-0.10446
376.23,-0.08384,-0.08643,-0.10319,-0.10716,-0.11007,-0.10151
376.6,-0.07662,-0.08058,-0.0981,-0.09871,-0.10485,-0.09863
376.98,-0.08367,-0.08422,-0.10204,-0.09553,-0.10687,-0.10673
377.35,-0.08159,-0.08583,-0.09723,-0.09548,-0.10626,-0.10066
377.72,-0.078,-0.08534,-0.09375,-0.08628,-0.10087,-0.09642
378.1,-0.07833,-0.08418,-0.09265,-0.08301,-0.0913,-0.09359
378.47,-0.07557,-0.08355,-0.08387,-0.07787,-0.08524,-0.08863
378.84,-0.07854,-0.09125,-0.08797,-0.08154,-0.08552,-0.09226
379.22,-0.07716,-0.08942,-0.08376,-0.08481,-0.07984,-0.09194
379.59,-0.07208,-0.08688,-0.07942,-0.083,-0.07471,-0.08055
379.96,-0.06908,-0.08549,-0.0766,-0.08053,-0.06973,-0.07754
380.33,-0.06638,-0.08183,-0.07759,-0.07701,-0.0672,-0.07384
380.71,-0.06487,-0.07724,-0.07349,-0.07726,-0.06752,-0.07101
381.08,-0.06064,-0.07647,-0.0736,-0.08024,-0.06723,-0.06659
381.45,-0.06177,-0.07281,-0.07264,-0.08031,-0.06978,-0.06711
381.83,-0.0636,-0.07143,-0.07489,-0.07886,-0.07022,-0.06924
382.2,-0.06192,-0.06813,-0.0756,-0.07729,-0.06719,-0.07104
382.57,-0.06678,-0.06578,-0.07226,-0.07846,-0.07127,-0.07319
382.94,-0.06876,-0.06253,-0.06692,-0.07927,-0.0711,-0.07301
383.32,-0.06992,-0.06428,-0.06807,-0.08139,-0.07268,-0.07745
383.69,-0.07103,-0.06345,-0.07055,-0.07855,-0.07241,-0.07925
384.06,-0.06476,-0.0582,-0.06656,-0.07132,-0.06905,-0.07199
384.43,-0.06048,-0.05609,-0.05732,-0.06928,-0.06635,-0.06172
384.81,-0.05519,-0.05248,-0.05393,-0.06632,-0.06461,-0.05985
385.18,-0.04958,-0.05104,-0.05109,-0.06406,-0.05919,-0.05661
385.55,-0.04539,-0.05036,-0.04992,-0.06046,-0.05614,-0.05594
385.92,-0.04311,-0.04765,-0.04789,-0.05516,-0.05272,-0.05392
386.3,-0.04188,-0.04732,-0.04572,-0.05368,-0.04902,-0.05082
386.67,-0.04349,-0.04901,-0.04478,-0.05507,-0.04906,-0.0525
387.04,-0.04315,-0.0486,-0.04967,-0.05153,-0.04905,-0.05292
387.41,-0.04488,-0.0491,-0.04976,-0.05188,-0.047,-0.04941
387.78,-0.04489,-0.04725,-0.05082,-0.049,-0.04991,-0.04841
388.16,-0.04888,-0.04782,-0.05583,-0.05233,-0.05213,-0.04971
388.53,-0.04632,-0.04717,-0.05532,-0.05244,-0.05007,-0.04684
388.9,-0.04748,-0.04402,-0.05195,-0.04915,-0.05064,-0.04538
389.27,-0.04424,-0.04032,-0.04978,-0.04492,-0.04571,-0.04161
389.65,-0.03975,-0.03788,-0.04735,-0.04305,-0.04649,-0.03793
390.02,-0.03758,-0.03324,-0.04548,-0.04038,-0.04426,-0.0372
390.39,-0.03726,-0.03205,-0.04647,-0.04176,-0.04131,-0.03592
390.76,-0.03495,-0.03032,-0.04093,-0.03852,-0.04066,-0.03208
391.13,-0.03436,-0.02624,-0.03789,-0.03418,-0.03965,-0.02852
391.5,-0.02963,-0.02558,-0.03709,-0.03408,-0.03778,-0.02705
391.88,-0.03031,-0.02819,-0.03694,-0.03709,-0.03997,-0.0268
392.25,-0.03423,-0.02809,-0.03758,-0.03937,-0.03751,-0.02927
392.62,-0.03432,-0.03038,-0.03912,-0.04153,-0.03887,-0.03011
392.99,-0.03331,-0.031,-0.03677,-0.03999,-0.0395,-0.03037
393.36,-0.03062,-0.03188,-0.03585,-0.03954,-0.03855,-0.03073
393.73,-0.03112,-0.03462,-0.03736,-0.0421,-0.04105,-0.03198
394.11,-0.03383,-0.0346,-0.03878,-0.04302,-0.04245,-0.03367
394.48,-0.03283,-0.03275,-0.03795,-0.04191,-0.03974,-0.03554
394.85,-0.03274,-0.03631,-0.03925,-0.04288,-0.04281,-0.03815
395.22,-0.03043,-0.03619,-0.03598,-0.04053,-0.04078,-0.03518
395.59,-0.03125,-0.03838,-0.03725,-0.0411,-0.03918,-0.03617
395.96,-0.0318,-0.03899,-0.03975,-0.04235,-0.04001,-0.0381
396.33,-0.02902,-0.0383,-0.03753,-0.04068,-0.03666,-0.03704
396.71,-0.0272,-0.03929,-0.0338,-0.03831,-0.03524,-0.03557
397.08,-0.02824,-0.04021,-0.03491,-0.03703,-0.03461,-0.03397
397.45,-0.02687,-0.03479,-0.0313,-0.03442,-0.02945,-0.0304
397.82,-0.0289,-0.03562,-0.0333,-0.03625,-0.03099,-0.03283
398.19,-0.02734,-0.03237,-0.03093,-0.03494,-0.02891,-0.0313
398.56,-0.02717,-0.02932,-0.02942,-0.03361,-0.02608,-0.02944
398.93,-0.0257,-0.02855,-0.02794,-0.03258,-0.02566,-0.02868
399.3,-0.02662,-0.02935,-0.02941,-0.03306,-0.02552,-0.0291
399.68,-0.02609,-0.02763,-0.02751,-0.03249,-0.02544,-0.02811
400.05,-0.02635,-0.02844,-0.02763,-0.03201,-0.02648,-0.02888
400.42,-0.02444,-0.0255,-0.02381,-0.02778,-0.02537,-0.0267
400.79,-0.02589,-0.02624,-0.02526,-0.02866,-0.02749,-0.0273
401.16,-0.02416,-0.02557,-0.02424,-0.02759,-0.02722,-0.02612
401.53,-0.02666,-0.02655,-0.02594,-0.02748,-0.02799,-0.02615
401.9,-0.02613,-0.02409,-0.02475,-0.02703,-0.02663,-0.02574
402.27,-0.02489,-0.02254,-0.02332,-0.02534,-0.02475,-0.02489
402.64,-0.0237,-0.02059,-0.02206,-0.02467,-0.0241,-0.02241
403.01,-0.02513,-0.02181,-0.02413,-0.02638,-0.02516,-0.02388
403.38,-0.0219,-0.0205,-0.02201,-0.02432,-0.02213,-0.02145
403.75,-0.02309,-0.02376,-0.02332,-0.02577,-0.02388,-0.02281
404.12,-0.0227,-0.02162,-0.02106,-0.02485,-0.02388,-0.02396
404.5,-0.02206,-0.02221,-0.02165,-0.02416,-0.024,-0.02306
404.87,-0.0229,-0.02355,-0.02271,-0.02524,-0.02505,-0.02404
405.24,-0.02256,-0.02564,-0.02352,-0.02566,-0.02536,-0.02601
405.61,-0.02137,-0.02579,-0.02348,-0.02495,-0.02396,-0.02577
405.98,-0.02239,-0.0254,-0.02392,-0.02449,-0.02564,-0.02734
406.35,-0.02091,-0.02245,-0.02191,-0.02355,-0.02391,-0.02532
406.72,-0.02022,-0.02307,-0.02314,-0.02466,-0.02339,-0.02478
407.09,-0.02016,-0.02248,-0.02295,-0.02427,-0.02327,-0.02407
407.46,-0.01735,-0.02009,-0.02213,-0.02293,-0.02172,-0.0228
407.83,-0.01754,-0.01915,-0.02142,-0.02221,-0.02246,-0.02185
408.2,-0.01769,-0.0182,-0.01953,-0.02203,-0.02203,-0.02062
408.57,-0.01708,-0.01755,-0.01811,-0.02157,-0.02042,-0.01932
408.94,-0.01627,-0.0163,-0.01766,-0.01948,-0.01966,-0.01869
409.31,-0.01645,-0.01582,-0.01746,-0.01894,-0.01888,-0.01848
409.68,-0.01531,-0.01531,-0.01654,-0.01863,-0.01879,-0.01793
410.05,-0.01509,-0.01531,-0.01606,-0.01914,-0.01837,-0.01744
410.42,-0.01563,-0.01512,-0.01633,-0.01944,-0.01759,-0.01737
410.79,-0.01614,-0.01516,-0.0172,-0.01976,-0.01734,-0.01714
411.16,-0.01512,-0.01458,-0.01766,-0.01969,-0.01737,-0.01695
411.53,-0.01578,-0.01638,-0.01763,-0.02036,-0.01782,-0.01666
411.9,-0.01577,-0.01567,-0.01673,-0.01965,-0.0169,-0.01595
412.27,-0.01507,-0.01388,-0.01621,-0.01815,-0.01517,-0.01482
412.64,-0.01532,-0.01459,-0.0156,-0.0177,-0.01523,-0.01475
413.01,-0.01359,-0.01453,-0.01505,-0.01654,-0.01386,-0.01446
413.38,-0.01282,-0.01423,-0.01439,-0.01512,-0.01368,-0.01416
413.75,-0.01249,-0.01422,-0.01389,-0.0141,-0.01318,-0.01421
414.12,-0.01132,-0.01242,-0.01344,-0.01329,-0.01197,-0.01426
414.49,-0.01091,-0.01298,-0.01311,-0.01239,-0.01235,-0.01367
414.86,-0.01154,-0.01444,-0.01337,-0.01371,-0.01304,-0.0147
415.23,-0.01148,-0.0136,-0.01371,-0.01357,-0.01362,-0.01445
415.6,-0.01101,-0.01308,-0.01292,-0.01302,-0.01275,-0.01347
415.96,-0.0107,-0.01265,-0.01252,-0.01285,-0.0123,-0.0139
416.33,-0.01121,-0.01271,-0.0137,-0.01268,-0.01255,-0.01331
416.7,-0.01127,-0.01233,-0.01308,-0.01185,-0.01245,-0.0129
417.07,-0.01072,-0.01202,-0.01216,-0.01217,-0.01148,-0.01323
417.44,-0.01033,-0.01104,-0.01196,-0.01178,-0.01069,-0.01338
417.81,-0.01058,-0.01125,-0.01226,-0.01162,-0.00991,-0.01267
418.18,-0.01122,-0.01078,-0.01311,-0.01219,-0.01026,-0.01342
418.55,-0.0111,-0.01076,-0.01289,-0.01272,-0.0106,-0.01287
418.92,-0.01183,-0.01048,-0.01167,-0.01309,-0.01028,-0.01289
419.29,-0.01228,-0.01152,-0.01253,-0.0141,-0.01112,-0.01296
419.66,-0.01148,-0.01084,-0.01315,-0.01322,-0.01109,-0.01186
420.03,-0.01102,-0.01086,-0.0129,-0.01272,-0.01094,-0.01075
420.39,-0.01056,-0.01066,-0.01206,-0.01184,-0.01092,-0.01123
420.76,-0.01151,-0.01149,-0.01223,-0.01234,-0.01165,-0.01147
421.13,-0.01099,-0.01172,-0.01254,-0.01208,-0.0109,-0.0115
421.5,-0.01059,-0.01255,-0.0128,-0.01188,-0.01096,-0.01143
421.87,-0.01156,-0.01236,-0.01227,-0.01119,-0.01071,-0.01159
422.24,-0.01198,-0.01262,-0.01277,-0.01189,-0.01119,-0.01158
422.61,-0.01222,-0.01272,-0.01285,-0.01227,-0.01126,-0.01229
422.98,-0.01218,-0.01271,-0.0124,-0.01261,-0.01088,-0.01236
423.35,-0.01059,-0.01187,-0.01147,-0.01095,-0.01022,-0.01088
423.71,-0.01108,-0.01163,-0.0114,-0.01076,-0.01015,-0.01084
424.08,-0.01045,-0.01017,-0.01115,-0.01047,-0.00954,-0.01039
424.45,-0.00884,-0.00992,-0.01091,-0.01037,-0.00926,-0.00975
424.82,-0.00855,-0.00948,-0.01006,-0.00961,-0.00865,-0.00943
425.19,-0.00863,-0.00957,-0.00963,-0.00947,-0.00875,-0.00926
425.56,-0.00868,-0.00934,-0.01036,-0.00904,-0.00892,-0.00891
425.93,-0.00957,-0.00925,-0.01014,-0.00969,-0.00901,-0.00973
426.29,-0.00935,-0.00859,-0.00967,-0.00946,-0.00926,-0.00958
426.66,-0.00934,-0.00829,-0.00967,-0.00873,-0.00919,-0.00907
427.03,-0.00969,-0.00807,-0.00975,-0.00902,-0.00926,-0.00945
427.4,-0.00948,-0.00836,-0.01,-0.0095,-0.00958,-0.01
427.77,-0.00926,-0.00765,-0.00976,-0.00875,-0.00902,-0.0094
428.14,-0.00895,-0.00682,-0.00871,-0.00882,-0.0083,-0.00896
428.5,-0.00838,-0.00648,-0.00848,-0.00844,-0.00767,-0.00863
428.87,-0.00813,-0.00705,-0.00873,-0.00828,-0.00763,-0.00867
429.24,-0.00788,-0.00781,-0.00807,-0.00857,-0.00771,-0.00893
429.61,-0.0076,-0.00764,-0.00791,-0.00822,-0.00753,-0.00847
429.98,-0.00767,-0.00696,-0.00728,-0.00763,-0.00719,-0.00763
430.34,-0.00737,-0.00699,-0.00731,-0.00753,-0.00705,-0.00756
430.71,-0.00734,-0.00724,-0.00747,-0.00727,-0.00723,-0.00772
431.08,-0.00682,-0.0073,-0.00722,-0.00713,-0.00735,-0.00726
431.45,-0.00696,-0.00682,-0.00731,-0.00714,-0.00734,-0.00678
431.82,-0.00694,-0.00657,-0.00712,-0.00683,-0.00667,-0.00658
432.18,-0.00684,-0.00646,-0.00695,-0.00661,-0.00629,-0.00633
432.55,-0.00672,-0.00671,-0.00675,-0.0066,-0.00651,-0.00645
432.92,-0.00645,-0.00683,-0.00656,-0.00688,-0.00622,-0.00628
433.29,-0.00635,-0.00717,-0.00647,-0.00719,-0.00618,-0.00608
433.65,-0.0067,-0.00752,-0.00671,-0.00703,-0.00644,-0.00636
434.02,-0.00637,-0.00745,-0.0063,-0.00658,-0.0061,-0.00612
434.39,-0.00656,-0.00752,-0.00659,-0.00689,-0.00687,-0.0065
434.76,-0.00629,-0.00739,-0.00632,-0.00697,-0.0066,-0.00647
435.12,-0.00649,-0.00755,-0.0068,-0.00719,-0.00656,-0.00682
435.49,-0.00668,-0.00767,-0.00686,-0.00739,-0.00714,-0.00692
435.86,-0.00634,-0.00727,-0.00663,-0.00676,-0.00689,-0.00679
436.23,-0.00619,-0.00686,-0.00654,-0.00686,-0.00653,-0.00684
436.59,-0.00613,-0.00679,-0.00638,-0.00711,-0.0064,-0.00675
436.96,-0.00565,-0.00625,-0.00609,-0.00674,-0.00572,-0.00609
437.33,-0.00589,-0.00648,-0.00622,-0.00631,-0.00553,-0.00613
437.7,-0.00552,-0.00641,-0.00594,-0.00606,-0.00528,-0.00578
438.06,-0.00516,-0.00612,-0.00557,-0.00565,-0.00521,-0.00554
438.43,-0.00534,-0.00616,-0.00595,-0.00616,-0.0053,-0.00571
438.8,-0.00507,-0.00616,-0.00585,-0.00609,-0.00545,-0.00522
439.16,-0.00492,-0.00592,-0.00593,-0.00559,-0.00535,-0.0053
439.53,-0.00485,-0.00577,-0.00592,-0.00565,-0.00532,-0.00528
439.9,-0.00481,-0.00551,-0.00546,-0.00569,-0.00541,-0.0051
440.27,-0.00491,-0.00519,-0.00557,-0.0058,-0.00551,-0.00526
440.63,-0.00478,-0.0051,-0.00558,-0.00529,-0.0053,-0.00521
441,-0.00464,-0.00518,-0.00559,-0.00504,-0.00549,-0.00491
441.37,-0.00468,-0.00464,-0.00515,-0.00468,-0.00493,-0.00484
441.73,-0.00438,-0.00427,-0.00467,-0.00446,-0.00452,-0.00442
442.1,-0.00435,-0.00443,-0.00469,-0.0045,-0.00483,-0.00491
442.47,-0.00414,-0.00449,-0.00495,-0.00457,-0.00476,-0.00473
442.83,-0.0044,-0.00459,-0.00491,-0.00458,-0.00479,-0.00479
443.2,-0.00445,-0.00471,-0.00494,-0.00505,-0.00472,-0.00489
443.57,-0.00434,-0.00404,-0.00431,-0.00491,-0.00427,-0.00446
443.93,-0.00461,-0.00456,-0.00479,-0.00547,-0.00464,-0.00508
444.3,-0.00485,-0.00489,-0.00497,-0.00587,-0.00521,-0.00538
444.67,-0.00463,-0.00457,-0.00491,-0.00573,-0.00474,-0.00453
445.03,-0.00463,-0.00425,-0.00475,-0.00556,-0.00467,-0.00466
445.4,-0.00385,-0.00395,-0.0043,-0.00496,-0.00422,-0.00412
445.77,-0.00379,-0.0039,-0.00414,-0.00461,-0.00416,-0.00397
446.13,-0.00368,-0.00431,-0.00464,-0.00479,-0.00435,-0.00445
446.5,-0.00334,-0.00403,-0.00448,-0.00435,-0.00418,-0.00371
446.87,-0.00336,-0.00408,-0.00454,-0.0041,-0.00382,-0.00352
447.23,-0.00367,-0.00423,-0.00452,-0.00432,-0.00386,-0.00397
447.6,-0.00354,-0.0041,-0.00451,-0.00434,-0.00382,-0.00371
447.96,-0.00392,-0.00429,-0.0048,-0.00476,-0.00398,-0.00382
448.33,-0.00403,-0.00424,-0.00497,-0.00482,-0.00419,-0.00391
448.7,-0.00423,-0.00437,-0.00468,-0.0047,-0.00429,-0.00412
449.06,-0.00416,-0.00423,-0.00453,-0.00485,-0.00419,-0.00403
449.43,-0.00406,-0.00398,-0.00436,-0.00512,-0.00427,-0.00398
449.79,-0.00434,-0.00443,-0.00451,-0.00512,-0.0046,-0.0041
450.16,-0.0042,-0.00438,-0.00454,-0.00478,-0.00486,-0.00414
450.53,-0.00405,-0.00441,-0.00439,-0.00444,-0.00474,-0.00383
450.89,-0.00396,-0.00421,-0.00418,-0.00421,-0.00438,-0.00358
451.26,-0.00367,-0.0038,-0.00399,-0.00377,-0.00391,-0.00308
451.62,-0.00366,-0.00397,-0.00408,-0.00369,-0.00413,-0.00316
451.99,-0.00376,-0.00408,-0.00422,-0.00355,-0.0041,-0.00309
452.36,-0.00372,-0.00378,-0.00429,-0.00323,-0.00403,-0.003
452.72,-0.00382,-0.00406,-0.00444,-0.00351,-0.00397,-0.00318
453.09,-0.00399,-0.00413,-0.00461,-0.00378,-0.0041,-0.0036
453.45,-0.00385,-0.00392,-0.00467,-0.00386,-0.00394,-0.00376
453.82,-0.00389,-0.00406,-0.00484,-0.00434,-0.00425,-0.00397
454.18,-0.00405,-0.00414,-0.00471,-0.00411,-0.00399,-0.00412
454.55,-0.0039,-0.00422,-0.00456,-0.0039,-0.0039,-0.00427
454.92,-0.00344,-0.00393,-0.00439,-0.00393,-0.00374,-0.00419
455.28,-0.00349,-0.00359,-0.00414,-0.00389,-0.00362,-0.00397
455.65,-0.00302,-0.00295,-0.00404,-0.00356,-0.00328,-0.00375
456.01,-0.00302,-0.00294,-0.00383,-0.00332,-0.0034,-0.00359
456.38,-0.00301,-0.0028,-0.00352,-0.00291,-0.00327,-0.00319
456.74,-0.00286,-0.00271,-0.00378,-0.00316,-0.00334,-0.00329
457.11,-0.00259,-0.00244,-0.00371,-0.00329,-0.00332,-0.00329
457.47,-0.00266,-0.00255,-0.0035,-0.00324,-0.00321,-0.003
457.84,-0.0026,-0.00262,-0.00353,-0.00307,-0.00317,-0.00299
458.2,-0.00283,-0.0028,-0.00319,-0.00338,-0.00319,-0.00285
458.57,-0.0026,-0.0027,-0.00315,-0.00349,-0.00318,-0.00281
458.93,-0.00258,-0.00276,-0.00328,-0.0035,-0.00312,-0.00299
459.3,-0.00239,-0.00252,-0.00287,-0.00318,-0.00283,-0.00254
459.66,-0.0024,-0.00271,-0.00276,-0.00294,-0.00263,-0.00239
460.03,-0.00237,-0.00276,-0.00286,-0.00271,-0.0026,-0.00237
460.39,-0.00241,-0.00278,-0.0029,-0.00288,-0.00255,-0.00239
460.76,-0.00255,-0.00286,-0.00313,-0.00277,-0.00261,-0.00247
461.12,-0.00277,-0.00301,-0.00343,-0.00293,-0.0027,-0.00252
461.49,-0.00264,-0.00293,-0.00341,-0.00293,-0.00251,-0.00243
461.85,-0.00272,-0.00309,-0.00343,-0.00311,-0.00254,-0.0025
462.22,-0.00294,-0.00316,-0.00352,-0.00328,-0.00278,-0.00264
462.58,-0.00283,-0.00301,-0.00349,-0.0034,-0.00276,-0.00278
462.95,-0.00282,-0.00304,-0.00341,-0.00321,-0.00271,-0.00277
463.31,-0.00274,-0.00295,-0.00324,-0.00315,-0.00243,-0.00269
463.68,-0.00275,-0.00296,-0.00308,-0.00312,-0.00235,-0.00261
464.04,-0.00269,-0.00298,-0.00287,-0.00305,-0.00233,-0.00253
464.41,-0.0027,-0.00297,-0.00295,-0.00291,-0.00236,-0.00265
464.77,-0.00253,-0.00276,-0.00285,-0.00279,-0.00196,-0.00235
465.13,-0.00245,-0.00264,-0.00264,-0.00269,-0.0019,-0.00219
465.5,-0.00225,-0.00242,-0.00244,-0.0026,-0.00173,-0.00201
465.86,-0.00201,-0.00236,-0.00237,-0.00252,-0.00185,-0.00187
466.23,-0.00177,-0.00218,-0.00208,-0.00244,-0.00148,-0.00179
466.59,-0.00193,-0.002,-0.00211,-0.00235,-0.00154,-0.00175
466.96,-0.00181,-0.00173,-0.00195,-0.00224,-0.00146,-0.00167
467.32,-0.00174,-0.00164,-0.00186,-0.00219,-0.00148,-0.00167
467.68,-0.00167,-0.00159,-0.00174,-0.00213,-0.00134,-0.00147
468.05,-0.00177,-0.00177,-0.00187,-0.0021,-0.00147,-0.00157
468.41,-0.00172,-0.00173,-0.00171,-0.00196,-0.00145,-0.00159
468.78,-0.00179,-0.00176,-0.00183,-0.00209,-0.00154,-0.00155
469.14,-0.00167,-0.00189,-0.00194,-0.00216,-0.00147,-0.00163
469.5,-0.0018,-0.00209,-0.00203,-0.00219,-0.00156,-0.00152
469.87,-0.00173,-0.00203,-0.00186,-0.00208,-0.00157,-0.00143
470.23,-0.00168,-0.0021,-0.00191,-0.00202,-0.00147,-0.0015
470.6,-0.00157,-0.00195,-0.00176,-0.00214,-0.00135,-0.00138
470.96,-0.00157,-0.00192,-0.00186,-0.00206,-0.00126,-0.0015
471.32,-0.00156,-0.00203,-0.002,-0.00186,-0.00146,-0.00154
471.69,-0.00164,-0.00203,-0.00194,-0.00186,-0.0015,-0.00153
472.05,-0.00155,-0.00185,-0.00181,-0.00171,-0.00137,-0.00149
472.42,-0.0016,-0.00196,-0.00203,-0.00178,-0.00151,-0.0016
472.78,-0.00155,-0.00183,-0.00187,-0.00165,-0.00157,-0.00148
473.14,-0.00155,-0.00189,-0.00197,-0.00164,-0.00158,-0.00154
473.51,-0.00157,-0.00183,-0.00194,-0.00175,-0.00158,-0.00148
473.87,-0.00152,-0.00179,-0.00174,-0.00172,-0.00146,-0.00142
474.23,-0.00135,-0.00169,-0.00168,-0.00174,-0.00144,-0.00127
474.6,-0.00121,-0.00174,-0.00169,-0.00187,-0.00151,-0.00128
474.96,-0.00125,-0.00169,-0.00156,-0.00187,-0.00139,-0.00125
475.32,-0.00127,-0.00177,-0.00171,-0.00203,-0.00147,-0.00137
475.69,-0.00113,-0.00168,-0.00148,-0.00191,-0.00136,-0.00128
476.05,-0.00105,-0.00169,-0.00146,-0.00181,-0.00132,-0.00115
476.41,-0.001,-0.00167,-0.0014,-0.00166,-0.00125,-0.00113
476.78,-0.00111,-0.0016,-0.00135,-0.00159,-0.00114,-0.00114
477.14,-0.00099,-0.00148,-0.00134,-0.00145,-0.00105,-0.0011
477.5,-0.00085,-0.00136,-0.00129,-0.00133,-0.00103,-0.00103
477.87,-0.00077,-0.00131,-0.00119,-0.00121,-0.00093,-0.00098
478.23,-0.00079,-0.00133,-0.00124,-0.00114,-0.00095,-0.00097
478.59,-0.00078,-0.00123,-0.00114,-0.00101,-0.00087,-0.00091
478.96,-0.00083,-0.00113,-0.00111,-0.00103,-0.00083,-0.00098
479.32,-0.00077,-0.00113,-0.00119,-0.00102,-0.00088,-0.00098
479.68,-0.0009,-0.00121,-0.00115,-0.00101,-0.00085,-0.00096
480.04,-0.00082,-0.0012,-0.00105,-0.00103,-0.00081,-0.00081
480.41,-0.00078,-0.00109,-0.00101,-0.00105,-0.00074,-0.00074
480.77,-0.00081,-0.00114,-0.00109,-0.00103,-0.00076,-0.00079
481.13,-0.00092,-0.00127,-0.00122,-0.00111,-0.00088,-0.00093
481.5,-0.00083,-0.00115,-0.00129,-0.00113,-0.00087,-0.00086
481.86,-0.00075,-0.00114,-0.0012,-0.00104,-0.00081,-0.00086
482.22,-0.00073,-0.00109,-0.00119,-0.00104,-0.00082,-0.00082
482.58,-0.00083,-0.00109,-0.00127,-0.00101,-0.00082,-0.00085
482.95,-0.00092,-0.00112,-0.00137,-0.001,-0.0009,-0.00091
483.31,-0.00094,-0.00098,-0.00128,-0.00102,-0.0009,-0.00082
483.67,-0.00085,-0.00092,-0.00131,-0.00104,-0.00081,-0.00081
484.03,-0.0008,-0.00091,-0.00119,-0.00098,-0.00073,-0.0007
484.4,-0.00081,-0.00092,-0.0011,-0.00091,-0.00069,-0.00064
484.76,-0.00078,-0.00092,-0.00105,-0.00094,-0.00067,-0.00063
485.12,-0.00075,-0.00095,-0.001,-0.00093,-0.00068,-0.00066
485.48,-0.00072,-0.001,-0.0009,-0.00092,-0.00062,-0.00062
485.85,-0.00057,-0.00102,-0.00085,-0.00086,-0.00048,-0.00054
486.21,-0.00058,-0.00105,-0.00077,-0.00081,-0.00052,-0.00045
486.57,-0.0006,-0.00115,-0.00082,-0.00087,-0.00057,-0.00049
486.93,-0.0006,-0.0011,-0.00088,-0.00093,-0.00055,-0.00053
487.29,-0.00057,-0.00105,-0.00087,-0.00081,-0.00055,-0.00051
487.66,-0.00058,-0.00106,-0.0009,-0.00081,-0.00045,-0.00053
488.02,-0.00053,-0.00099,-0.00091,-0.00084,-0.00046,-0.00051
488.38,-0.00052,-0.00088,-0.00092,-0.00085,-0.00049,-0.00049
488.74,-0.00053,-0.00084,-0.00091,-0.00087,-0.00047,-0.00051
489.1,-0.00048,-0.00078,-0.00088,-0.00078,-0.00048,-0.00051
489.47,-0.00047,-0.00077,-0.00083,-0.00075,-0.00049,-0.00044
489.83,-0.00045,-0.00076,-0.0008,-0.00082,-0.00041,-0.00041
490.19,-0.0004,-0.00066,-0.00079,-0.00082,-0.00044,-0.00038
490.55,-0.00043,-0.00072,-0.0008,-0.00077,-0.00039,-0.00033
490.91,-0.00045,-0.00079,-0.00074,-0.00072,-0.00036,-0.00035
491.27,-0.00036,-0.00073,-0.00066,-0.00071,-0.00037,-0.00028
491.64,-0.00044,-0.0008,-0.00074,-0.00075,-0.00045,-0.0003
492,-0.00042,-0.00086,-0.00082,-0.00078,-0.00052,-0.00036
492.36,-0.00045,-0.00084,-0.00086,-0.00071,-0.0006,-0.00037
492.72,-0.00045,-0.0008,-0.00083,-0.00065,-0.00059,-0.0003
493.08,-0.00042,-0.00073,-0.00078,-0.00069,-0.00061,-0.00033
493.44,-0.00045,-0.00069,-0.00082,-0.00071,-0.00066,-0.00035
493.81,-0.00048,-0.00067,-0.00082,-0.00067,-0.00065,-0.00036
494.17,-0.00044,-0.00059,-0.00077,-0.00067,-0.00051,-0.00036
494.53,-0.00043,-0.0005,-0.0007,-0.00067,-0.00041,-0.00029
494.89,-0.00038,-0.00051,-0.00069,-0.0007,-0.0004,-0.00028
495.25,-0.00038,-0.00059,-0.0007,-0.00073,-0.00039,-0.00033
495.61,-0.00037,-0.0006,-0.00071,-0.00071,-0.00036,-0.0003
495.97,-0.00032,-0.00061,-0.00071,-0.00072,-0.00036,-0.00029
496.33,-0.00033,-0.00066,-0.00078,-0.0008,-0.00034,-0.00034
496.7,-0.0003,-0.00067,-0.00078,-0.00082,-0.00034,-0.00028
497.06,-0.00033,-0.00071,-0.00075,-0.00077,-0.00032,-0.00029
497.42,-0.00035,-0.00069,-0.00074,-0.00076,-0.00033,-0.00029
497.78,-0.00031,-0.00065,-0.00071,-0.00079,-0.00035,-0.00033
498.14,-0.00029,-0.00065,-0.00073,-0.00073,-0.00036,-0.00031
498.5,-0.00034,-0.00069,-0.00073,-0.00075,-0.00034,-0.00032
498.86,-0.00031,-0.00066,-0.00064,-0.00067,-0.00031,-0.00023
499.22,-0.00031,-0.00067,-0.00062,-0.00069,-0.00041,-0.0003
499.58,-0.00029,-0.0007,-0.00069,-0.00071,-0.00046,-0.00033
499.94,-0.00026,-0.00065,-0.00063,-0.00067,-0.00036,-0.00028
500.3,-0.00028,-0.00064,-0.00065,-0.00056,-0.00034,-0.00017
500.67,-0.00033,-0.00067,-0.00066,-0.00059,-0.00033,-0.00023
501.03,-0.00032,-0.00066,-0.00067,-0.00056,-0.00028,-0.00019
501.39,-0.00029,-0.00066,-0.00064,-0.00052,-0.00026,-0.00019
501.75,-0.00033,-0.00069,-0.00067,-0.0005,-0.00021,-0.00016
502.11,-0.00038,-0.00069,-0.00064,-0.00044,-0.00019,-0.00015
502.47,-0.0004,-0.00074,-0.00067,-0.00048,-0.00022,-0.00018
502.83,-0.00038,-0.00071,-0.00065,-0.00055,-0.00024,-0.0002
503.19,-0.00039,-0.0007,-0.00061,-0.00054,-0.00024,-0.00014
503.55,-0.00036,-0.00063,-0.0006,-0.00049,-0.00027,-0.00013
503.91,-0.00041,-0.00067,-0.00066,-0.00054,-0.00029,-0.00015
504.27,-0.00039,-0.00059,-0.00063,-0.0005,-0.00025,-0.00012
504.63,-0.00036,-0.00055,-0.00065,-0.00054,-0.00029,-0.00016
504.99,-0.00038,-0.00056,-0.00064,-0.00054,-0.00034,-0.00019
505.35,-0.0004,-0.00063,-0.0007,-0.00054,-0.00033,-0.00024
505.71,-0.00038,-0.00064,-0.00065,-0.0005,-0.00031,-0.00023
506.07,-0.00044,-0.00071,-0.00067,-0.00058,-0.00034,-0.00028
506.43,-0.00042,-0.00064,-0.00069,-0.00059,-0.00038,-0.00028
506.79,-0.00046,-0.00069,-0.00072,-0.00059,-0.00042,-0.00027
507.15,-0.00042,-0.00062,-0.00065,-0.00058,-0.00035,-0.00019
507.51,-0.00037,-0.0006,-0.00064,-0.00056,-0.00029,-0.00015
507.87,-0.00036,-0.00052,-0.00055,-0.00052,-0.00024,-0.00011
508.23,-0.00036,-0.00052,-0.00059,-0.00059,-0.00027,-0.00015
508.59,-0.00032,-0.00051,-0.00061,-0.00058,-0.00025,-0.00016
508.95,-0.00032,-0.00045,-0.00053,-0.00052,-0.00017,-0.00012
509.31,-0.00027,-0.00043,-0.00049,-0.0005,-0.00011,-0.0001
509.67,-0.0003,-0.00053,-0.00053,-0.00054,-0.00014,-0.00011
510.03,-0.00036,-0.00062,-0.00061,-0.00058,-0.0002,-0.00013
510.39,-0.00036,-0.00066,-0.00062,-0.00059,-0.00019,-0.00013
510.75,-0.00038,-0.00067,-0.0006,-0.00059,-0.00023,-0.00016
511.11,-0.00038,-0.00067,-0.0006,-0.00059,-0.00024,-0.00015
511.47,-0.00035,-0.00075,-0.00063,-0.00059,-0.00028,-0.00014
511.83,-0.00031,-0.0007,-0.00062,-0.0006,-0.00029,-0.00012
512.19,-0.00029,-0.00068,-0.0006,-0.00053,-0.00027,-0.00016
512.55,-0.00026,-0.00059,-0.00053,-0.00051,-0.00024,-0.00016
512.91,-0.00022,-0.00057,-0.0005,-0.00048,-0.00028,-0.00013
513.27,-0.00013,-0.00051,-0.00049,-0.00043,-0.00017,-9.00E-05
513.62,-0.00014,-0.00047,-0.00046,-0.00039,-0.00012,-5.00E-05
513.98,-0.00013,-0.00044,-0.00044,-0.00043,-0.00012,-0.00011
514.34,-0.00014,-0.0005,-0.00043,-0.00041,-0.00016,-0.00013
514.7,-0.00012,-0.00051,-0.00043,-0.00043,-0.00018,-0.00013
515.06,-0.0001,-0.00056,-0.00045,-0.00047,-0.00018,-0.00012
515.42,-0.00011,-0.00056,-0.00049,-0.00047,-0.00018,-0.00015
515.78,-0.00014,-0.00056,-0.00045,-0.00045,-0.00016,-0.00011
516.14,-6.00E-05,-0.00057,-0.00039,-0.00044,-0.00017,-0.00011
516.5,-8.00E-05,-0.00059,-0.00041,-0.00046,-0.00017,-9.00E-05
516.86,-8.00E-05,-0.00054,-0.00041,-0.00048,-0.00012,-8.00E-05
517.22,-6.00E-05,-0.00052,-0.00042,-0.00043,-6.00E-05,-3.00E-05
517.57,-8.00E-05,-0.00048,-0.00045,-0.00042,-4.00E-05,-3.00E-05
517.93,-0.00012,-0.0005,-0.00049,-0.00047,-5.00E-05,-4.00E-05
518.29,-0.00018,-0.00055,-0.00057,-0.0005,-0.00014,-9.00E-05
518.65,-0.00026,-0.00057,-0.00064,-0.00052,-0.00017,-0.00011
519.01,-0.00031,-0.00056,-0.00062,-0.00053,-0.00015,-0.00014
519.37,-0.00035,-0.00058,-0.00063,-0.00052,-0.00019,-0.00018
519.73,-0.00032,-0.00054,-0.00058,-0.0005,-0.00019,-0.00017
520.08,-0.0003,-0.00055,-0.00055,-0.00048,-0.00018,-0.00018
520.44,-0.00031,-0.00053,-0.00049,-0.00044,-0.00018,-0.00018
520.8,-0.00027,-0.0005,-0.00047,-0.00044,-0.00015,-0.0002
521.16,-0.00026,-0.00048,-0.00047,-0.00043,-0.00014,-0.0002
521.52,-0.00023,-0.00047,-0.00049,-0.00042,-0.00012,-0.00017
521.88,-0.00019,-0.00049,-0.00046,-0.00042,-0.00012,-0.00016
522.24,-0.00022,-0.00051,-0.0005,-0.00047,-0.00013,-0.00016
522.59,-0.00024,-0.0005,-0.0005,-0.00047,-0.00012,-0.00016
522.95,-0.00023,-0.00051,-0.00052,-0.00047,-9.00E-05,-0.00012
523.31,-0.0002,-0.00049,-0.0005,-0.00047,-7.00E-05,-6.00E-05
523.67,-0.00018,-0.00048,-0.0005,-0.00047,-6.00E-05,-2.00E-05
524.03,-0.0002,-0.00047,-0.00046,-0.00043,-8.00E-05,-3.00E-05
524.38,-0.00024,-0.00049,-0.0005,-0.00043,-6.00E-05,-5.00E-05
524.74,-0.00027,-0.00049,-0.00051,-0.0004,-9.00E-05,-5.00E-05
525.1,-0.00023,-0.00047,-0.00048,-0.00036,-0.00011,-3.00E-05
525.46,-0.00019,-0.00046,-0.00046,-0.00036,-0.00016,-6.00E-05
525.82,-0.00019,-0.00045,-0.00042,-0.00036,-0.00015,-6.00E-05
526.17,-0.00018,-0.0005,-0.00041,-0.00038,-0.00017,-8.00E-05
526.53,-0.00015,-0.00052,-0.00046,-0.00039,-0.00015,-9.00E-05
526.89,-9.00E-05,-0.00047,-0.0004,-0.00038,-0.00013,-5.00E-05
527.25,-7.00E-05,-0.00044,-0.00034,-0.00039,-6.00E-05,-6.00E-05
527.61,-4.00E-05,-0.00043,-0.00035,-0.00037,-4.00E-05,-4.00E-05
527.96,-7.00E-05,-0.00045,-0.00034,-0.0004,-4.00E-05,-1.00E-05
528.32,-9.00E-05,-0.00048,-0.00038,-0.00037,-8.00E-05,-4.00E-05
528.68,-0.0001,-0.00047,-0.00039,-0.00036,-8.00E-05,-3.00E-05
529.04,-0.0001,-0.00044,-0.00034,-0.00032,-7.00E-05,-2.00E-05
529.39,-8.00E-05,-0.00042,-0.00039,-0.00028,-4.00E-05,-2.00E-05
529.75,-5.00E-05,-0.00042,-0.00039,-0.00023,-5.00E-05,2.00E-05
530.11,-4.00E-05,-0.00039,-0.00032,-0.00022,-1.00E-05,6.00E-05
530.47,-1.00E-05,-0.00037,-0.0003,-0.00017,3.00E-05,8.00E-05
530.82,-4.00E-05,-0.00037,-0.00029,-0.0002,4.00E-05,5.00E-05
531.18,3.00E-05,-0.00031,-0.00022,-0.00013,0.00012,0.00012
531.54,6.00E-05,-0.00026,-0.00022,-0.00013,0.00012,0.00017
531.9,5.00E-05,-0.00025,-0.00019,-0.00018,0.0001,0.00018
532.25,4.00E-05,-0.00026,-0.00023,-0.00021,9.00E-05,0.00016
532.61,3.00E-05,-0.00027,-0.00026,-0.00024,8.00E-05,0.00012
532.97,5.00E-05,-0.00024,-0.00028,-0.00022,8.00E-05,0.0001
533.32,9.00E-05,-0.00021,-0.00027,-0.00019,0.00013,0.00013
533.68,4.00E-05,-0.00025,-0.00035,-0.00026,6.00E-05,5.00E-05
534.04,0,-0.00028,-0.00037,-0.00032,2.00E-05,0
534.4,-4.00E-05,-0.00031,-0.00042,-0.00033,-2.00E-05,-3.00E-05
534.75,-5.00E-05,-0.00032,-0.0004,-0.00031,0,-5.00E-05
535.11,-9.00E-05,-0.00033,-0.00047,-0.00032,-5.00E-05,-8.00E-05
535.47,-0.00015,-0.00039,-0.00052,-0.00035,-7.00E-05,-0.0001
535.82,-0.00019,-0.00041,-0.00055,-0.0004,-0.00016,-0.00017
536.18,-0.00018,-0.00039,-0.00051,-0.00037,-0.00015,-0.00018
536.54,-0.00015,-0.00042,-0.00048,-0.00037,-0.00015,-0.00016
536.89,-0.00011,-0.0004,-0.00044,-0.00037,-0.00011,-0.00015
537.25,-8.00E-05,-0.0004,-0.00041,-0.00038,-0.00014,-0.00013
537.61,-2.00E-05,-0.00039,-0.00032,-0.00037,-0.00013,-8.00E-05
537.96,-1.00E-05,-0.00041,-0.00029,-0.00038,-0.00013,-9.00E-05
538.32,3.00E-05,-0.00042,-0.00027,-0.00034,-0.00011,-3.00E-05
538.68,2.00E-05,-0.00044,-0.0003,-0.00034,-0.00012,1.00E-05
539.03,-7.00E-05,-0.00047,-0.00034,-0.00032,-0.00012,-2.00E-05
539.39,-7.00E-05,-0.00046,-0.00033,-0.0003,-0.00011,1.00E-05
539.75,-0.00015,-0.0005,-0.00038,-0.00037,-0.00013,-3.00E-05
540.1,-0.00019,-0.0005,-0.00041,-0.00039,-0.0001,-4.00E-05
540.46,-0.0002,-0.00049,-0.00042,-0.00039,-0.0001,-7.00E-05
540.81,-0.0002,-0.00047,-0.00044,-0.0004,-9.00E-05,-6.00E-05
541.17,-0.00022,-0.00044,-0.00041,-0.00038,-7.00E-05,-9.00E-05
541.53,-0.00018,-0.00042,-0.0004,-0.00038,-7.00E-05,-7.00E-05
541.88,-0.00021,-0.00047,-0.00042,-0.00039,-0.00011,-0.0001
542.24,-0.00018,-0.00044,-0.00042,-0.00033,-0.00011,-9.00E-05
542.59,-0.00013,-0.00039,-0.0004,-0.0003,-0.0001,-4.00E-05
542.95,-0.0001,-0.00035,-0.00037,-0.0003,-7.00E-05,0
543.31,-0.0001,-0.00035,-0.00037,-0.00029,-6.00E-05,1.00E-05
543.66,-6.00E-05,-0.00037,-0.00038,-0.00029,-6.00E-05,3.00E-05
544.02,-2.00E-05,-0.00038,-0.00037,-0.00033,-5.00E-05,3.00E-05
544.37,3.00E-05,-0.00039,-0.00034,-0.00033,-3.00E-05,7.00E-05
544.73,6.00E-05,-0.00037,-0.0003,-0.00031,1.00E-05,9.00E-05
545.09,5.00E-05,-0.00045,-0.00035,-0.00033,-2.00E-05,5.00E-05
545.44,5.00E-05,-0.0005,-0.00035,-0.0003,-6.00E-05,5.00E-05
545.8,5.00E-05,-0.00052,-0.00033,-0.00029,-6.00E-05,5.00E-05
546.15,1.00E-05,-0.00053,-0.00032,-0.00031,-7.00E-05,3.00E-05
546.51,-3.00E-05,-0.00051,-0.00034,-0.00028,-7.00E-05,3.00E-05
546.86,-2.00E-05,-0.00046,-0.00035,-0.00023,-3.00E-05,5.00E-05
547.22,-5.00E-05,-0.00049,-0.00037,-0.00024,-6.00E-05,4.00E-05
547.58,-9.00E-05,-0.00046,-0.00036,-0.00021,-8.00E-05,0
547.93,-0.0001,-0.00042,-0.00036,-0.00024,-4.00E-05,0
548.29,-8.00E-05,-0.0004,-0.00036,-0.00023,-6.00E-05,0
548.64,-2.00E-05,-0.00037,-0.00034,-0.00019,-6.00E-05,3.00E-05
549,6.00E-05,-0.00036,-0.00032,-0.00017,-1.00E-05,4.00E-05
549.35,3.00E-05,-0.00036,-0.00033,-0.00022,-5.00E-05,-1.00E-05
549.71,8.00E-05,-0.00033,-0.00031,-0.00019,-4.00E-05,-1.00E-05
550.06,7.00E-05,-0.0003,-0.00031,-0.00021,-2.00E-05,2.00E-05
550.42,3.00E-05,-0.00035,-0.00033,-0.00025,-6.00E-05,-1.00E-05
550.77,5.00E-05,-0.00029,-0.0003,-0.00023,-1.00E-05,1.00E-05
551.13,-2.00E-05,-0.00031,-0.00034,-0.00028,-2.00E-05,-7.00E-05
551.48,-7.00E-05,-0.00032,-0.00035,-0.0003,-4.00E-05,-7.00E-05
551.84,-8.00E-05,-0.00034,-0.00034,-0.00031,-5.00E-05,-3.00E-05
552.19,-9.00E-05,-0.00037,-0.00031,-0.00034,-3.00E-05,-5.00E-05
552.55,-7.00E-05,-0.00042,-0.00032,-0.00033,-5.00E-05,-8.00E-05
552.9,-5.00E-05,-0.00044,-0.00032,-0.00032,-6.00E-05,-7.00E-05
553.26,-6.00E-05,-0.0005,-0.00037,-0.00036,-9.00E-05,-7.00E-05
553.61,0,-0.00048,-0.00032,-0.00032,-5.00E-05,6.00E-05
553.97,-3.00E-05,-0.00049,-0.00035,-0.00034,-8.00E-05,7.00E-05
554.32,-4.00E-05,-0.00049,-0.00035,-0.0003,-5.00E-05,9.00E-05
554.68,-7.00E-05,-0.0005,-0.00037,-0.00029,-8.00E-05,0.00014
555.03,-7.00E-05,-0.00044,-0.00033,-0.00027,-5.00E-05,0.0002
555.39,-7.00E-05,-0.00039,-0.00031,-0.00026,-3.00E-05,0.00022
555.74,-7.00E-05,-0.00037,-0.00027,-0.00025,-1.00E-05,0.00023
556.1,-8.00E-05,-0.00037,-0.00024,-0.00024,0,0.00017
556.45,-7.00E-05,-0.00038,-0.00024,-0.00022,4.00E-05,0.00015
556.8,-1.00E-05,-0.00032,-0.00024,-0.00023,3.00E-05,0.00012
557.16,-1.00E-05,-0.00033,-0.00029,-0.00027,1.00E-05,8.00E-05
557.51,1.00E-05,-0.00035,-0.00032,-0.00031,0,3.00E-05
557.87,8.00E-05,-0.00033,-0.0003,-0.00027,3.00E-05,3.00E-05
558.22,8.00E-05,-0.00034,-0.00031,-0.00027,3.00E-05,2.00E-05
558.58,6.00E-05,-0.00036,-0.00033,-0.00029,0,4.00E-05
558.93,0.0001,-0.00032,-0.00029,-0.0003,-2.00E-05,4.00E-05
559.28,5.00E-05,-0.00038,-0.00032,-0.00033,-5.00E-05,3.00E-05
559.64,6.00E-05,-0.00035,-0.00027,-0.00029,3.00E-05,7.00E-05
559.99,6.00E-05,-0.00038,-0.00027,-0.00026,3.00E-05,9.00E-05
560.35,-1.00E-05,-0.0004,-0.00032,-0.0003,3.00E-05,8.00E-05
560.7,-4.00E-05,-0.00041,-0.00036,-0.00032,0,5.00E-05
561.05,-1.00E-05,-0.00038,-0.00038,-0.00029,2.00E-05,5.00E-05
561.41,-4.00E-05,-0.00043,-0.00042,-0.0003,4.00E-05,6.00E-05
561.76,-5.00E-05,-0.00041,-0.0004,-0.00031,4.00E-05,5.00E-05
562.12,-1.00E-05,-0.00039,-0.00041,-0.00031,2.00E-05,5.00E-05
562.47,-2.00E-05,-0.00038,-0.00042,-0.00035,1.00E-05,5.00E-05
562.82,0,-0.00037,-0.00041,-0.00034,2.00E-05,7.00E-05
563.18,0,-0.00032,-0.00038,-0.00034,2.00E-05,0.00011
563.53,-1.00E-05,-0.00031,-0.00038,-0.00038,0,0.00011
563.88,-2.00E-05,-0.00026,-0.00039,-0.00038,-5.00E-05,7.00E-05
564.24,4.00E-05,-0.00025,-0.00039,-0.00037,-5.00E-05,9.00E-05
564.59,3.00E-05,-0.00026,-0.00037,-0.00036,-7.00E-05,8.00E-05
564.95,5.00E-05,-0.00025,-0.00036,-0.00032,-7.00E-05,0.0001
565.3,9.00E-05,-0.00025,-0.00034,-0.00034,-7.00E-05,9.00E-05
565.65,0.00014,-0.00027,-0.00032,-0.00027,-3.00E-05,6.00E-05
566.01,0.00011,-0.00032,-0.00031,-0.00027,-2.00E-05,1.00E-05
566.36,0.00016,-0.00033,-0.00028,-0.00023,1.00E-05,6.00E-05
566.71,0.00014,-0.00032,-0.00027,-0.00021,5.00E-05,7.00E-05
567.07,0.00015,-0.00033,-0.00025,-0.00021,0.0001,8.00E-05
567.42,0.00015,-0.00031,-0.00023,-0.0002,0.00012,8.00E-05
567.77,0.00011,-0.00032,-0.00022,-0.00019,0.00014,7.00E-05
568.13,7.00E-05,-0.00034,-0.00022,-0.00022,0.00013,0.0001
568.48,6.00E-05,-0.00035,-0.00026,-0.00023,0.0001,0.0001
568.83,1.00E-05,-0.00038,-0.00029,-0.00025,0.00011,7.00E-05
569.18,-2.00E-05,-0.00041,-0.0003,-0.00026,8.00E-05,7.00E-05
569.54,-8.00E-05,-0.00045,-0.00034,-0.00029,2.00E-05,3.00E-05
569.89,-0.00013,-0.00047,-0.00038,-0.00034,-3.00E-05,-1.00E-05
570.24,-0.00012,-0.00046,-0.0004,-0.00033,-4.00E-05,-1.00E-05
570.6,-0.0001,-0.00042,-0.00038,-0.0003,-4.00E-05,0
570.95,-0.0001,-0.00039,-0.00037,-0.00027,1.00E-05,4.00E-05
571.3,-5.00E-05,-0.00036,-0.00036,-0.00025,3.00E-05,9.00E-05
571.65,-6.00E-05,-0.00036,-0.00037,-0.00023,3.00E-05,0.00011
572.01,-5.00E-05,-0.0004,-0.00041,-0.00024,6.00E-05,0.00011
572.36,-5.00E-05,-0.00042,-0.00042,-0.00021,6.00E-05,0.00013
572.71,-3.00E-05,-0.00042,-0.00038,-0.00019,5.00E-05,0.00012
573.06,-5.00E-05,-0.00048,-0.00041,-0.00022,0,9.00E-05
573.42,-4.00E-05,-0.0005,-0.00042,-0.00025,-6.00E-05,6.00E-05
573.77,-4.00E-05,-0.00051,-0.0004,-0.00025,-7.00E-05,3.00E-05
574.12,-2.00E-05,-0.00049,-0.00039,-0.00026,-9.00E-05,3.00E-05
574.47,2.00E-05,-0.00044,-0.00032,-0.00025,-0.00012,6.00E-05
574.83,4.00E-05,-0.00042,-0.00026,-0.00024,-0.00011,0.0001
575.18,2.00E-05,-0.00041,-0.00027,-0.00025,-7.00E-05,0.00011
575.53,0,-0.00037,-0.00028,-0.00023,-5.00E-05,0.00013
575.88,2.00E-05,-0.00034,-0.00026,-0.00022,0,0.00015
576.24,1.00E-05,-0.00032,-0.00025,-0.00021,1.00E-05,0.00014
576.59,-1.00E-05,-0.00035,-0.00027,-0.00023,1.00E-05,0.00012
576.94,-5.00E-05,-0.00034,-0.00026,-0.00022,6.00E-05,0.00013
577.29,-6.00E-05,-0.00033,-0.00026,-0.00021,6.00E-05,0.00011
577.64,-4.00E-05,-0.00035,-0.00027,-0.00025,0,9.00E-05
578,2.00E-05,-0.00033,-0.00023,-0.00025,4.00E-05,0.00012
578.35,-2.00E-05,-0.00035,-0.00025,-0.00029,1.00E-05,7.00E-05
578.7,-1.00E-05,-0.00033,-0.00021,-0.00028,4.00E-05,0.00015
579.05,1.00E-05,-0.00032,-0.00019,-0.00025,6.00E-05,0.00017
579.4,0,-0.00034,-0.00023,-0.00025,7.00E-05,0.00014
579.76,1.00E-05,-0.00033,-0.00032,-0.00028,4.00E-05,0.00011
580.11,1.00E-05,-0.00031,-0.00032,-0.00026,9.00E-05,0.00014
580.46,-2.00E-05,-0.00032,-0.00034,-0.00026,5.00E-05,9.00E-05
580.81,2.00E-05,-0.00032,-0.00034,-0.00019,7.00E-05,0.00012
581.16,2.00E-05,-0.00034,-0.00034,-0.00019,5.00E-05,8.00E-05
581.51,3.00E-05,-0.00034,-0.00036,-0.00023,5.00E-05,8.00E-05
581.87,5.00E-05,-0.00032,-0.00034,-0.00025,3.00E-05,0.00011
582.22,8.00E-05,-0.00032,-0.00028,-0.00023,6.00E-05,0.00016
582.57,8.00E-05,-0.00034,-0.00027,-0.00024,3.00E-05,0.00015
582.92,0.00011,-0.00031,-0.00023,-0.00025,6.00E-05,0.00017
583.27,0.00015,-0.00029,-0.00017,-0.00024,9.00E-05,0.00019
583.62,0.00013,-0.00035,-0.00023,-0.00028,5.00E-05,0.00013
583.97,0.0001,-0.00033,-0.00021,-0.00025,2.00E-05,0.00011
584.33,8.00E-05,-0.00034,-0.00022,-0.00022,1.00E-05,0.00013
584.68,5.00E-05,-0.00034,-0.00021,-0.00022,1.00E-05,0.00011
585.03,3.00E-05,-0.00032,-0.0002,-0.00022,6.00E-05,0.00013
585.38,-2.00E-05,-0.00034,-0.00025,-0.00022,2.00E-05,0.00013
585.73,-6.00E-05,-0.00035,-0.00029,-0.00023,-2.00E-05,0.00012
586.08,-7.00E-05,-0.00033,-0.00031,-0.00021,1.00E-05,0.00018
586.43,-8.00E-05,-0.00033,-0.00032,-0.00023,1.00E-05,0.00016
586.78,-7.00E-05,-0.00033,-0.0003,-0.00024,4.00E-05,0.00015
587.13,-6.00E-05,-0.00033,-0.00032,-0.00025,3.00E-05,0.00015
587.48,-4.00E-05,-0.00031,-0.00033,-0.00024,1.00E-05,0.00015
587.84,0,-0.00031,-0.00032,-0.00026,5.00E-05,0.00016
588.19,1.00E-05,-0.00033,-0.00034,-0.00031,4.00E-05,0.00013
588.54,6.00E-05,-0.00029,-0.00031,-0.00027,3.00E-05,0.00011
588.89,6.00E-05,-0.00033,-0.00034,-0.00031,1.00E-05,9.00E-05
589.24,7.00E-05,-0.00033,-0.00036,-0.00031,1.00E-05,8.00E-05
589.59,9.00E-05,-0.00034,-0.00037,-0.00031,1.00E-05,8.00E-05
589.94,0.00012,-0.0004,-0.00041,-0.00034,-2.00E-05,4.00E-05
590.29,0.00013,-0.00039,-0.00041,-0.00031,-2.00E-05,3.00E-05
590.64,0.00012,-0.00037,-0.00038,-0.00028,0,6.00E-05
590.99,9.00E-05,-0.00036,-0.00034,-0.00031,3.00E-05,6.00E-05
591.34,0.00014,-0.00035,-0.0003,-0.00027,7.00E-05,0.0001
591.69,0.00016,-0.00035,-0.00028,-0.00028,5.00E-05,9.00E-05
592.04,0.00012,-0.00035,-0.00027,-0.00025,7.00E-05,0.0001
592.39,0.0001,-0.00033,-0.00023,-0.00022,0.0001,0.00011
592.74,7.00E-05,-0.00033,-0.00024,-0.00023,5.00E-05,0.00012
593.09,6.00E-05,-0.00031,-0.00022,-0.00021,8.00E-05,0.0001
593.44,0,-0.00038,-0.0003,-0.00023,4.00E-05,0.00011
593.79,-1.00E-05,-0.00038,-0.00028,-0.00022,4.00E-05,0.0001
594.14,-3.00E-05,-0.00037,-0.00027,-0.00024,7.00E-05,0.00011
594.49,-1.00E-05,-0.00036,-0.00026,-0.00025,7.00E-05,0.00011
594.84,-1.00E-05,-0.00034,-0.00027,-0.00024,7.00E-05,0.00013
595.19,-3.00E-05,-0.00037,-0.0003,-0.00026,0.0001,0.00011
595.54,-5.00E-05,-0.0004,-0.00033,-0.00029,8.00E-05,0.0001
595.89,1.00E-05,-0.00036,-0.00026,-0.00026,8.00E-05,0.00012
596.24,5.00E-05,-0.00031,-0.00027,-0.00024,0.00014,0.00015
596.59,3.00E-05,-0.00031,-0.00031,-0.00024,0.00012,0.00012
596.94,4.00E-05,-0.0003,-0.00031,-0.00025,0.0001,0.00016
597.29,-2.00E-05,-0.00033,-0.00033,-0.0003,9.00E-05,0.00013
597.64,1.00E-05,-0.00033,-0.0003,-0.0003,5.00E-05,0.00012
597.99,8.00E-05,-0.00027,-0.00027,-0.00027,9.00E-05,0.00016
598.34,7.00E-05,-0.00024,-0.0003,-0.00027,0.00013,0.00016
598.69,1.00E-05,-0.0003,-0.00032,-0.00031,8.00E-05,0.00011
599.04,0,-0.00033,-0.00031,-0.00031,8.00E-05,0.00012
599.39,3.00E-05,-0.00033,-0.00028,-0.0003,0.00012,0.00012
599.74,4.00E-05,-0.00036,-0.00029,-0.00027,0.00012,0.00012
600.09,3.00E-05,-0.00035,-0.0003,-0.00024,0.00012,0.00012
600.44,-1.00E-05,-0.0004,-0.00035,-0.00025,7.00E-05,0.0001
600.79,0,-0.00041,-0.00035,-0.00027,4.00E-05,7.00E-05
601.14,2.00E-05,-0.00039,-0.00033,-0.00024,3.00E-05,0.0001
601.49,3.00E-05,-0.00038,-0.00032,-0.00023,0,0.00012
601.83,-6.00E-05,-0.00044,-0.00041,-0.00026,-6.00E-05,4.00E-05
602.18,-4.00E-05,-0.0004,-0.00037,-0.00027,-5.00E-05,5.00E-05
602.53,-1.00E-05,-0.0004,-0.00033,-0.00026,-3.00E-05,8.00E-05
602.88,-2.00E-05,-0.00034,-0.00027,-0.00024,1.00E-05,0.00012
603.23,-5.00E-05,-0.00034,-0.00027,-0.00021,2.00E-05,0.00012
603.58,-7.00E-05,-0.00033,-0.00027,-0.00021,4.00E-05,0.00011
603.93,-7.00E-05,-0.0003,-0.00025,-0.00018,8.00E-05,0.00014
604.28,-5.00E-05,-0.00029,-0.00023,-0.0002,0.00011,0.00013
604.63,-8.00E-05,-0.00031,-0.00023,-0.0002,0.0001,0.00015
604.97,-9.00E-05,-0.00033,-0.00025,-0.00022,0.00012,0.00013
605.32,-0.00014,-0.00038,-0.00029,-0.00026,0.0001,9.00E-05
605.67,-0.00012,-0.0004,-0.00027,-0.00025,0.00011,0.00012
606.02,-0.00012,-0.00043,-0.00026,-0.00027,8.00E-05,0.00011
606.37,-9.00E-05,-0.00043,-0.00028,-0.00029,8.00E-05,7.00E-05
606.72,-0.0001,-0.00041,-0.00029,-0.00027,5.00E-05,0.0001
607.07,-5.00E-05,-0.0004,-0.0003,-0.00027,8.00E-05,8.00E-05
607.42,-4.00E-05,-0.00039,-0.00031,-0.00028,6.00E-05,8.00E-05
607.76,1.00E-05,-0.00038,-0.0003,-0.0003,5.00E-05,7.00E-05
608.11,1.00E-05,-0.00035,-0.00032,-0.00031,2.00E-05,6.00E-05
608.46,-1.00E-05,-0.00033,-0.00036,-0.00029,4.00E-05,7.00E-05
608.81,-3.00E-05,-0.00034,-0.00035,-0.00028,3.00E-05,8.00E-05
609.16,-1.00E-05,-0.00033,-0.00035,-0.00027,3.00E-05,8.00E-05
609.51,-2.00E-05,-0.00033,-0.00035,-0.00028,1.00E-05,0.00011
609.85,1.00E-05,-0.0003,-0.00032,-0.00026,2.00E-05,0.00012
610.2,1.00E-05,-0.00029,-0.00033,-0.00022,2.00E-05,0.00017
610.55,0,-0.00033,-0.00035,-0.00023,3.00E-05,0.00017
610.9,3.00E-05,-0.00035,-0.00034,-0.00026,3.00E-05,0.00018
611.25,7.00E-05,-0.00035,-0.00036,-0.00026,3.00E-05,0.00019
611.59,9.00E-05,-0.00035,-0.00035,-0.00028,6.00E-05,0.00021
611.94,8.00E-05,-0.00035,-0.00029,-0.00025,8.00E-05,0.0002
612.29,5.00E-05,-0.00039,-0.00029,-0.00026,9.00E-05,0.00021
612.64,2.00E-05,-0.00042,-0.00031,-0.00028,0.00011,0.00021
612.99,3.00E-05,-0.0004,-0.00029,-0.00027,0.00012,0.00023
613.33,3.00E-05,-0.00038,-0.00028,-0.00024,0.00012,0.00024
613.68,0,-0.00038,-0.00026,-0.00028,0.0001,0.00022
614.03,2.00E-05,-0.00036,-0.00022,-0.00027,6.00E-05,0.00022
614.38,3.00E-05,-0.00036,-0.00024,-0.00025,5.00E-05,0.00021
614.72,1.00E-05,-0.00037,-0.00027,-0.00025,3.00E-05,0.00018
615.07,1.00E-05,-0.00036,-0.00025,-0.00027,3.00E-05,0.00015
615.42,-2.00E-05,-0.00038,-0.00025,-0.00028,1.00E-05,0.0001
615.77,-4.00E-05,-0.00039,-0.00026,-0.00026,0,6.00E-05
616.11,-2.00E-05,-0.00037,-0.00025,-0.00021,4.00E-05,7.00E-05
616.46,-3.00E-05,-0.00039,-0.00027,-0.00019,8.00E-05,7.00E-05
616.81,-5.00E-05,-0.0004,-0.00029,-0.00018,5.00E-05,8.00E-05
617.16,-1.00E-05,-0.00039,-0.00027,-0.00016,6.00E-05,8.00E-05
617.5,-1.00E-05,-0.00039,-0.00027,-0.00014,5.00E-05,8.00E-05
617.85,4.00E-05,-0.00039,-0.00027,-0.00013,8.00E-05,9.00E-05
618.2,5.00E-05,-0.0004,-0.00027,-0.00016,8.00E-05,9.00E-05
618.54,2.00E-05,-0.00041,-0.00029,-0.0002,7.00E-05,0.0001
618.89,2.00E-05,-0.00038,-0.00029,-0.0002,5.00E-05,0.00011
619.24,1.00E-05,-0.00036,-0.00031,-0.00027,5.00E-05,0.00011
619.59,-1.00E-05,-0.00034,-0.00035,-0.00029,3.00E-05,0.00011
619.93,3.00E-05,-0.00031,-0.00037,-0.00027,8.00E-05,0.00013
620.28,5.00E-05,-0.00029,-0.00038,-0.00026,8.00E-05,0.00018
620.63,0.0001,-0.00026,-0.00038,-0.00024,0.0001,0.0002
620.97,0.00015,-0.00026,-0.00039,-0.00022,7.00E-05,0.00023
621.32,0.00019,-0.00028,-0.0004,-0.00025,7.00E-05,0.00022
621.67,0.00022,-0.00031,-0.00037,-0.00024,8.00E-05,0.00025
622.01,0.00024,-0.00031,-0.00035,-0.00022,0.00012,0.00031
622.36,0.00024,-0.00034,-0.00035,-0.00024,7.00E-05,0.0003
622.71,0.00017,-0.00036,-0.00037,-0.00026,4.00E-05,0.00029
623.05,0.00014,-0.00036,-0.00035,-0.00029,4.00E-05,0.00031
623.4,0.0001,-0.00038,-0.00031,-0.00029,3.00E-05,0.00032
623.75,7.00E-05,-0.00037,-0.0003,-0.00027,5.00E-05,0.00032
624.09,5.00E-05,-0.00037,-0.00031,-0.00026,6.00E-05,0.00029
624.44,5.00E-05,-0.00036,-0.00028,-0.00026,3.00E-05,0.00026
624.79,2.00E-05,-0.00039,-0.00027,-0.00025,3.00E-05,0.00021
625.13,3.00E-05,-0.00035,-0.00022,-0.00022,9.00E-05,0.00022
625.48,2.00E-05,-0.00034,-0.0002,-0.00022,0.0001,0.00017
625.82,1.00E-05,-0.00033,-0.00021,-0.00022,0.00013,0.00013
626.17,0,-0.00034,-0.00021,-0.00023,0.00015,0.00013
626.52,0,-0.00035,-0.00018,-0.0002,0.00015,0.00013
626.86,-2.00E-05,-0.00038,-0.00018,-0.00019,0.00016,0.00013
627.21,-3.00E-05,-0.00037,-0.00018,-0.00023,0.00016,0.00013
627.55,1.00E-05,-0.00041,-0.00017,-0.00023,0.00013,0.00013
627.9,0,-0.00043,-0.00019,-0.00021,0.00014,0.00012
628.25,1.00E-05,-0.00044,-0.00018,-0.00023,0.00014,0.00011
628.59,2.00E-05,-0.0004,-0.00018,-0.00022,0.00012,8.00E-05
628.94,-1.00E-05,-0.00042,-0.00022,-0.00024,0.0001,3.00E-05
629.28,-1.00E-05,-0.00039,-0.00024,-0.00028,0.0001,1.00E-05
629.63,1.00E-05,-0.00035,-0.00024,-0.00024,0.00011,1.00E-05
629.98,1.00E-05,-0.00034,-0.00024,-0.00027,0.0001,0
630.32,4.00E-05,-0.00033,-0.00022,-0.00023,9.00E-05,5.00E-05
630.67,2.00E-05,-0.00032,-0.00025,-0.00024,9.00E-05,6.00E-05
631.01,0,-0.00035,-0.00027,-0.00025,7.00E-05,0.0001
631.36,3.00E-05,-0.00032,-0.00027,-0.00024,0.0001,0.00015
631.7,7.00E-05,-0.00031,-0.00025,-0.00025,0.00011,0.00022
632.05,0.0001,-0.0003,-0.00024,-0.00024,0.00012,0.00024
632.39,8.00E-05,-0.00028,-0.00026,-0.00024,0.00013,0.00025
632.74,9.00E-05,-0.00028,-0.00028,-0.00024,0.00015,0.00028
633.09,0.00014,-0.00028,-0.00026,-0.00022,0.00015,0.00029
633.43,0.00016,-0.00026,-0.00025,-0.00023,0.00014,0.00028
633.78,0.00016,-0.00028,-0.00024,-0.00026,0.00014,0.00029
634.12,0.00012,-0.00027,-0.00028,-0.00022,0.00014,0.0003
634.47,0.00013,-0.00026,-0.00024,-0.00022,0.00014,0.00036
634.81,0.00013,-0.00026,-0.00025,-0.00024,0.00013,0.00036
635.16,0.00012,-0.00023,-0.00027,-0.00029,0.0001,0.00033
635.5,9.00E-05,-0.00025,-0.00029,-0.0003,9.00E-05,0.00032
635.85,9.00E-05,-0.00029,-0.00031,-0.00031,8.00E-05,0.00031
636.19,0.00011,-0.00028,-0.00033,-0.00028,5.00E-05,0.0003
636.54,0.00015,-0.0003,-0.00028,-0.00027,6.00E-05,0.00026
636.88,0.00012,-0.00035,-0.00035,-0.00029,6.00E-05,0.00022
637.23,0.00011,-0.00035,-0.00036,-0.0003,3.00E-05,0.00018
637.57,0.0001,-0.00036,-0.00033,-0.00029,2.00E-05,0.00015
637.92,0.00012,-0.00033,-0.00031,-0.00025,5.00E-05,0.00017
638.26,8.00E-05,-0.0003,-0.00031,-0.00023,7.00E-05,0.00016
638.6,4.00E-05,-0.00034,-0.00028,-0.00024,9.00E-05,0.00014
638.95,-2.00E-05,-0.00039,-0.00033,-0.00032,6.00E-05,0.0001
639.29,-2.00E-05,-0.00039,-0.00031,-0.0003,7.00E-05,0.0001
639.64,-1.00E-05,-0.00043,-0.00033,-0.00024,0.00012,0.00011
639.98,-4.00E-05,-0.00049,-0.00035,-0.00027,0.00013,9.00E-05
640.33,-7.00E-05,-0.0005,-0.00034,-0.00028,0.00015,0.0001
640.67,-6.00E-05,-0.00055,-0.00033,-0.00027,0.00016,0.00011
641.02,-5.00E-05,-0.00047,-0.00032,-0.00024,0.00021,0.00011
641.36,-3.00E-05,-0.00042,-0.00029,-0.00017,0.00023,0.00015
641.7,-1.00E-05,-0.00039,-0.00031,-0.00014,0.0002,0.00018
642.05,-2.00E-05,-0.00035,-0.00031,-0.00017,0.00017,0.00021
642.39,4.00E-05,-0.00027,-0.00027,-0.00014,0.0002,0.00027
642.74,2.00E-05,-0.00029,-0.00028,-0.00016,0.00014,0.00023
643.08,4.00E-05,-0.00025,-0.00026,-0.00016,0.00017,0.00026
643.43,5.00E-05,-0.00026,-0.00024,-0.00016,0.00014,0.0003
643.77,5.00E-05,-0.00027,-0.00026,-0.00019,0.00013,0.00031
644.11,2.00E-05,-0.00028,-0.00025,-0.0002,0.00013,0.00027
644.46,1.00E-05,-0.00028,-0.00024,-0.00018,0.00014,0.00025
644.8,2.00E-05,-0.0003,-0.00023,-0.00018,0.00013,0.00025
645.14,3.00E-05,-0.0003,-0.00026,-0.00016,0.0001,0.00025
645.49,2.00E-05,-0.00026,-0.00026,-0.00016,9.00E-05,0.00024
645.83,4.00E-05,-0.00028,-0.00029,-0.00016,7.00E-05,0.00019
646.18,5.00E-05,-0.00029,-0.00027,-0.00017,6.00E-05,0.00015
646.52,6.00E-05,-0.00027,-0.00024,-0.00016,8.00E-05,0.0002
646.86,9.00E-05,-0.00029,-0.00026,-0.00019,6.00E-05,0.00019
647.21,3.00E-05,-0.00031,-0.00028,-0.00021,6.00E-05,0.00018
647.55,5.00E-05,-0.00031,-0.00026,-0.0002,0.0001,0.0002
647.89,6.00E-05,-0.00033,-0.00027,-0.00018,0.00012,0.00022
648.24,3.00E-05,-0.00033,-0.00025,-0.00023,0.00014,0.00026
648.58,3.00E-05,-0.00032,-0.00026,-0.0002,0.00015,0.0003
648.92,2.00E-05,-0.00033,-0.00024,-0.0002,0.00014,0.0003
649.27,4.00E-05,-0.00031,-0.0002,-0.00019,0.00019,0.00036
649.61,4.00E-05,-0.00033,-0.00023,-0.0002,0.00019,0.00037
649.95,5.00E-05,-0.0003,-0.00022,-0.00023,0.00019,0.00039
650.3,6.00E-05,-0.00033,-0.00021,-0.00026,0.00017,0.0004
650.64,3.00E-05,-0.00038,-0.00025,-0.00026,0.00014,0.00034
650.98,6.00E-05,-0.00036,-0.00018,-0.00024,0.0002,0.00037
651.33,5.00E-05,-0.00036,-0.00023,-0.00027,0.0002,0.00033
651.67,0,-0.0004,-0.00029,-0.00028,0.00016,0.00027
652.01,-2.00E-05,-0.00037,-0.00027,-0.00028,0.00017,0.00027
652.36,-7.00E-05,-0.00042,-0.00029,-0.00029,0.00021,0.00023
652.7,-0.0001,-0.0004,-0.00033,-0.00033,0.00019,0.00019
653.04,-8.00E-05,-0.00039,-0.00029,-0.0003,0.00022,0.0002
653.38,-0.00013,-0.00043,-0.00035,-0.00035,0.00017,0.00015
653.73,-0.00013,-0.00043,-0.00031,-0.00031,0.0002,0.00017
654.07,-0.00013,-0.00043,-0.00029,-0.00026,0.00022,0.00018
654.41,-9.00E-05,-0.00043,-0.00026,-0.00022,0.00023,0.00016
654.75,-7.00E-05,-0.00039,-0.00026,-0.00019,0.00019,0.00013
655.1,-8.00E-05,-0.00042,-0.00022,-0.00014,0.00019,0.00013
655.44,-0.0001,-0.0004,-0.00022,-0.00015,0.00017,0.00014
655.78,-7.00E-05,-0.00036,-0.00021,-0.0001,0.00017,0.00017
656.12,-5.00E-05,-0.00035,-0.00019,-0.00012,0.00014,0.00014
656.47,-2.00E-05,-0.00034,-0.00021,-0.00016,0.0001,0.00011
656.81,-4.00E-05,-0.00038,-0.00022,-0.00016,7.00E-05,9.00E-05
657.15,-5.00E-05,-0.00038,-0.00025,-0.00019,5.00E-05,0.00011
657.49,-2.00E-05,-0.00035,-0.00028,-0.00019,6.00E-05,0.00012
657.84,4.00E-05,-0.00035,-0.00031,-0.00017,5.00E-05,0.00013
658.18,7.00E-05,-0.00036,-0.00035,-0.00017,6.00E-05,0.00012
658.52,5.00E-05,-0.00037,-0.00039,-0.00015,6.00E-05,0.00012
658.86,2.00E-05,-0.00037,-0.00042,-0.00016,8.00E-05,0.00013
659.2,1.00E-05,-0.00032,-0.00043,-0.00019,0.0001,0.00014
659.55,3.00E-05,-0.00031,-0.00043,-0.00018,0.0001,0.00018
659.89,3.00E-05,-0.00031,-0.00043,-0.00016,0.0001,0.0002
660.23,5.00E-05,-0.0003,-0.00041,-0.00016,0.00013,0.00022
660.57,4.00E-05,-0.00033,-0.00042,-0.00018,0.00012,0.0002
660.91,5.00E-05,-0.00036,-0.0004,-0.00021,0.00014,0.00025
661.26,0.0001,-0.00034,-0.00035,-0.00018,0.00022,0.00032
661.6,0.00011,-0.0004,-0.00037,-0.00019,0.00021,0.00033
661.94,0.00016,-0.0004,-0.00032,-0.00019,0.00031,0.00038
662.28,0.00015,-0.00038,-0.00029,-0.00019,0.00038,0.00043
662.62,0.00015,-0.00037,-0.00029,-0.00018,0.00042,0.00045
662.96,0.00011,-0.00037,-0.00031,-0.0002,0.00045,0.00046
663.31,8.00E-05,-0.00035,-0.00031,-0.00018,0.00049,0.00046
663.65,7.00E-05,-0.00038,-0.00033,-0.00021,0.00049,0.00045
663.99,8.00E-05,-0.00036,-0.00028,-0.00018,0.00056,0.00046
664.33,5.00E-05,-0.00039,-0.0003,-0.00019,0.00056,0.00042
664.67,5.00E-05,-0.0004,-0.00026,-0.00019,0.00055,0.00034
665.01,3.00E-05,-0.00043,-0.00023,-0.00019,0.00052,0.00029
665.35,3.00E-05,-0.00043,-0.00018,-0.0002,0.00051,0.00028
665.69,4.00E-05,-0.00043,-0.00016,-0.00022,0.00047,0.00022
666.04,0,-0.00043,-0.00014,-0.00022,0.00041,0.00018
666.38,1.00E-05,-0.00036,-9.00E-05,-0.0002,0.00037,0.00014
666.72,0,-0.00034,-8.00E-05,-0.00016,0.00033,0.00011
667.06,-1.00E-05,-0.00035,-7.00E-05,-0.00015,0.0003,0.00015
667.4,0,-0.00031,-4.00E-05,-0.00012,0.00027,0.00015
667.74,2.00E-05,-0.00031,-4.00E-05,-9.00E-05,0.00026,0.00017
668.08,1.00E-05,-0.00035,-4.00E-05,-8.00E-05,0.00022,0.00019
668.42,1.00E-05,-0.00035,-4.00E-05,-6.00E-05,0.0002,0.00015
668.76,-2.00E-05,-0.0004,-7.00E-05,-6.00E-05,0.00017,0.00017
669.1,-5.00E-05,-0.00043,-9.00E-05,-6.00E-05,0.00016,0.00019
669.44,-3.00E-05,-0.00046,-0.00011,-6.00E-05,0.00016,0.00015
669.79,-6.00E-05,-0.00051,-0.00013,-8.00E-05,0.00018,0.00014
670.13,-6.00E-05,-0.0005,-0.00014,-9.00E-05,0.00019,0.00015
670.47,-7.00E-05,-0.00046,-0.00013,-0.0001,0.00024,0.00015
670.81,-3.00E-05,-0.00042,-0.00014,-8.00E-05,0.00025,0.00021
671.15,-1.00E-05,-0.00039,-0.0002,-0.0001,0.00025,0.00023
671.49,2.00E-05,-0.00037,-0.00021,-0.00015,0.00025,0.00023
671.83,0,-0.00035,-0.00025,-0.00018,0.00023,0.00023
672.17,1.00E-05,-0.0003,-0.00029,-0.0002,0.00022,0.00025
672.51,1.00E-05,-0.00027,-0.0003,-0.00018,0.0002,0.00022
672.85,0,-0.00022,-0.00032,-0.00015,0.00019,0.00022
673.19,-1.00E-05,-0.00017,-0.00035,-0.00013,0.00021,0.00022
673.53,3.00E-05,-0.00013,-0.00034,-0.0001,0.00026,0.00025
673.87,0,-0.00011,-0.00035,-6.00E-05,0.00027,0.00024
674.21,-1.00E-05,-6.00E-05,-0.00036,-4.00E-05,0.00032,0.00025
674.55,5.00E-05,-7.00E-05,-0.00035,-1.00E-05,0.00036,0.00023
674.89,0.00014,-3.00E-05,-0.00033,2.00E-05,0.00041,0.00025
675.23,0.00024,-6.00E-05,-0.00032,4.00E-05,0.00048,0.0003
675.57,0.0003,-0.00017,-0.00032,3.00E-05,0.00053,0.00029
675.91,0.0003,-0.00026,-0.00032,-2.00E-05,0.00055,0.00026
676.25,0.00033,-0.00031,-0.00032,-4.00E-05,0.00055,0.00025
676.59,0.00039,-0.00031,-0.00029,-5.00E-05,0.00058,0.00029
676.93,0.00034,-0.00032,-0.00031,-9.00E-05,0.00057,0.00031
677.27,0.00027,-0.00041,-0.00035,-0.00011,0.00052,0.00029
677.61,0.0002,-0.00045,-0.00036,-0.00012,0.00047,0.00025
677.95,0.00015,-0.00039,-0.00035,-0.0001,0.00041,0.00029
678.29,6.00E-05,-0.00041,-0.00033,-6.00E-05,0.00035,0.00028
678.63,2.00E-05,-0.00041,-0.00032,-3.00E-05,0.00033,0.00029
678.97,5.00E-05,-0.0004,-0.00025,4.00E-05,0.0003,0.0003
679.31,2.00E-05,-0.00041,-0.00019,9.00E-05,0.0003,0.00035
679.65,0,-0.0004,-0.00017,0.0001,0.00031,0.0004
679.98,-4.00E-05,-0.00038,-0.00014,9.00E-05,0.00028,0.00042
680.32,-0.0001,-0.00041,-0.0001,5.00E-05,0.00028,0.0004
680.66,-7.00E-05,-0.0004,-0.0001,1.00E-05,0.00031,0.00043
681,-4.00E-05,-0.00037,-8.00E-05,-1.00E-05,0.00037,0.00049
681.34,-0.00013,-0.00043,-0.00013,-9.00E-05,0.00033,0.00047
681.68,-0.00013,-0.00043,-0.00015,-0.00015,0.00033,0.00045
682.02,-0.00011,-0.00043,-0.0001,-0.00018,0.00035,0.00045
682.36,-0.00011,-0.00044,-5.00E-05,-0.00021,0.00041,0.00046
682.7,-4.00E-05,-0.00044,-5.00E-05,-0.00021,0.00047,0.00048
683.04,0,-0.00044,-3.00E-05,-0.00021,0.00047,0.00052
683.38,3.00E-05,-0.00043,1.00E-05,-0.0002,0.00049,0.00055
683.71,3.00E-05,-0.00041,0,-0.00022,0.00047,0.00056
684.05,6.00E-05,-0.00043,3.00E-05,-0.00019,0.00051,0.00059
684.39,5.00E-05,-0.00039,0,-0.00015,0.00057,0.00064
684.73,7.00E-05,-0.0004,-8.00E-05,-9.00E-05,0.00056,0.00063
685.07,2.00E-05,-0.00036,-0.00011,-8.00E-05,0.00052,0.00066
685.41,-2.00E-05,-0.00032,-0.00016,-1.00E-05,0.00054,0.00065
685.75,-6.00E-05,-0.00032,-0.0002,2.00E-05,0.00053,0.0006
686.09,-7.00E-05,-0.00029,-0.00021,9.00E-05,0.00056,0.00061
686.42,-9.00E-05,-0.00016,-0.00024,0.00015,0.00055,0.00061
686.76,-7.00E-05,-0.00011,-0.00026,0.00017,0.00054,0.00061
687.1,-0.0001,-1.00E-05,-0.00029,0.00018,0.00051,0.00065
687.44,-7.00E-05,5.00E-05,-0.00029,0.00017,0.00052,0.00064
687.78,-5.00E-05,0.0001,-0.0003,0.00012,0.00051,0.00067
688.12,3.00E-05,0.00012,-0.00032,4.00E-05,0.00051,0.00072
688.45,0.00018,0.00011,-0.00032,0,0.00055,0.00076
688.79,0.00033,2.00E-05,-0.00035,-8.00E-05,0.00059,0.00077
689.13,0.00041,-6.00E-05,-0.00037,-0.00018,0.0006,0.00077
689.47,0.00054,-0.00012,-0.00031,-0.00024,0.00066,0.00079
689.81,0.00059,-0.0002,-0.0003,-0.00029,0.00071,0.00081
690.14,0.0006,-0.0003,-0.00024,-0.00032,0.00073,0.00081
690.48,0.00061,-0.00031,-0.00012,-0.00023,0.00078,0.00087
690.82,0.00052,-0.00035,-8.00E-05,-0.00025,0.00078,0.00085
691.16,0.00039,-0.00036,0,-0.0002,0.00084,0.00089
691.5,0.0003,-0.00035,0.00011,-0.00013,0.00086,0.00095
691.83,0.00018,-0.0004,0.0001,-0.00014,0.00085,0.00095
692.17,0.00011,-0.00039,0.00013,-0.00013,0.00088,0.00096
692.51,0.00011,-0.00036,0.00016,-5.00E-05,0.00097,0.00101
692.85,0,-0.00042,0.0001,-0.00012,0.00095,0.00098
693.18,-3.00E-05,-0.0004,0.00012,-0.00011,0.00097,0.00102
693.52,-8.00E-05,-0.00043,0.00011,-0.00014,0.00092,0.00102
693.86,-0.00014,-0.00048,9.00E-05,-0.00019,0.00088,0.00097
694.2,-0.00013,-0.00048,0.00012,-0.00017,0.00088,0.00096
694.53,-0.00017,-0.00056,8.00E-05,-0.00021,0.00083,0.00094
694.87,-0.00019,-0.00056,4.00E-05,-0.00028,0.00077,0.00095
695.21,-0.00014,-0.00057,1.00E-05,-0.00023,0.00077,0.00097
695.55,-0.00013,-0.00056,-3.00E-05,-0.00025,0.00082,0.00101
695.88,-0.00011,-0.00054,-7.00E-05,-0.00023,0.00088,0.00104
696.22,-8.00E-05,-0.0005,-0.00012,-0.00021,0.00091,0.00109
696.56,-5.00E-05,-0.00045,-0.00017,-0.00022,0.00098,0.00115
696.9,0,-0.00037,-0.00015,-0.00015,0.00105,0.00124
697.23,4.00E-05,-0.00032,-0.00019,-0.00011,0.00104,0.00125
697.57,3.00E-05,-0.00023,-0.00021,-0.00013,0.00107,0.00127
697.91,3.00E-05,-0.00012,-0.00022,-0.00014,0.00107,0.00124
698.24,0,4.00E-05,-0.00025,-0.00014,0.00108,0.00127
698.58,3.00E-05,0.00021,-0.00022,-0.00012,0.00112,0.00134
698.92,1.00E-05,0.00032,-0.00024,-0.0001,0.00114,0.00136
699.25,9.00E-05,0.00048,-0.00022,-7.00E-05,0.00121,0.0014
699.59,0.00014,0.00049,-0.00024,-6.00E-05,0.00125,0.00139
699.93,0.00029,0.00051,-0.00023,-6.00E-05,0.00131,0.00145
700.26,0.00053,0.00043,-0.00025,-5.00E-05,0.00132,0.0015
700.6,0.0008,0.00032,-0.00024,-4.00E-05,0.00133,0.00149
700.94,0.00093,0.00014,-0.00027,-7.00E-05,0.00137,0.00153
701.27,0.00106,3.00E-05,-0.00027,-4.00E-05,0.00139,0.00154
701.61,0.00105,-0.0001,-0.0003,-8.00E-05,0.0014,0.00156
701.95,0.00099,-0.00019,-0.00038,-0.00012,0.00142,0.00159
702.28,0.00087,-0.00026,-0.00036,-0.00012,0.00146,0.00162
702.62,0.0007,-0.00025,-0.00031,-5.00E-05,0.00153,0.00172
702.96,0.0005,-0.00029,-0.00032,-5.00E-05,0.00155,0.00181
703.29,0.00033,-0.00026,-0.00032,-2.00E-05,0.00162,0.00179
703.63,0.00024,-0.00026,-0.0003,-2.00E-05,0.00166,0.00182
703.96,0.00015,-0.00032,-0.00032,-4.00E-05,0.00164,0.00183
704.3,0.00015,-0.00032,-0.00026,0,0.00173,0.00192
704.64,0.00013,-0.00032,-0.00022,3.00E-05,0.00175,0.00194
704.97,4.00E-05,-0.00038,-0.0003,-1.00E-05,0.00172,0.00192
705.31,-2.00E-05,-0.00038,-0.00029,1.00E-05,0.00174,0.00192
705.64,-1.00E-05,-0.0004,-0.00029,1.00E-05,0.00174,0.00198
705.98,-4.00E-05,-0.00044,-0.00027,4.00E-05,0.00176,0.00207
706.32,-1.00E-05,-0.00043,-0.00026,8.00E-05,0.00182,0.00213
706.65,-1.00E-05,-0.00037,-0.00024,0.00013,0.00185,0.00218
706.99,-5.00E-05,-0.00036,-0.00026,0.00014,0.00189,0.00227
707.32,-4.00E-05,-0.00035,-0.00024,0.00011,0.00193,0.00228
707.66,-3.00E-05,-0.00037,-0.00025,0.0001,0.00196,0.00231
707.99,-0.0001,-0.00043,-0.00031,7.00E-05,0.00191,0.00231
708.33,-7.00E-05,-0.00037,-0.00028,0.0001,0.00196,0.00237
708.67,-5.00E-05,-0.00034,-0.00025,0.00012,0.002,0.00243
709,-6.00E-05,-0.00032,-0.00018,0.00014,0.00207,0.00249
709.34,-4.00E-05,-0.00037,-0.00019,0.00012,0.00206,0.00246
709.67,0,-0.00039,-0.00015,0.00015,0.00211,0.00258
710.01,1.00E-05,-0.00039,-0.00016,0.00015,0.00215,0.00263
710.34,2.00E-05,-0.00036,-0.00012,0.00016,0.00221,0.00266
710.68,1.00E-05,-0.00039,-0.00014,0.00015,0.00225,0.00268
711.01,-3.00E-05,-0.00037,-0.00014,0.00015,0.00226,0.00269
711.35,-2.00E-05,-0.00045,-0.00016,0.00014,0.00226,0.00271
711.68,-5.00E-05,-0.00043,-0.00017,0.00014,0.00227,0.00274
712.02,-7.00E-05,-0.00043,-0.00017,0.00022,0.00235,0.00277
712.35,-4.00E-05,-0.00041,-0.00015,0.00022,0.00238,0.0028
712.69,1.00E-05,-0.00042,-0.00014,0.00024,0.00243,0.00288
713.02,-1.00E-05,-0.00047,-0.00015,0.00021,0.00244,0.00292
713.36,0,-0.00052,-0.00013,0.00023,0.00247,0.00294
713.69,-4.00E-05,-0.00054,-0.0002,0.0002,0.00249,0.00293
714.03,-4.00E-05,-0.00058,-0.00023,0.00028,0.00258,0.00297
714.36,-6.00E-05,-0.0006,-0.00023,0.00024,0.00259,0.00302
714.7,-8.00E-05,-0.00057,-0.00023,0.00031,0.00267,0.0031
715.03,-0.00012,-0.00054,-0.00022,0.00036,0.00273,0.00312
715.37,-0.00011,-0.00054,-0.00022,0.00039,0.00278,0.00312
715.7,-0.00014,-0.00054,-0.00023,0.00038,0.00282,0.00315
716.04,-0.00012,-0.00045,-0.00019,0.0004,0.00286,0.00322
716.37,-0.0001,-0.00038,-0.00015,0.00041,0.00287,0.00328
716.7,-8.00E-05,-0.0003,-0.00013,0.00046,0.0029,0.00331
717.04,-0.00012,-0.00033,-0.00012,0.00046,0.00291,0.00333
717.37,-8.00E-05,-0.00036,-0.0001,0.00043,0.0029,0.00341
717.71,-9.00E-05,-0.00036,-7.00E-05,0.0005,0.00292,0.00347
718.04,-8.00E-05,-0.00037,-6.00E-05,0.0005,0.00296,0.00351
718.38,-9.00E-05,-0.00043,-4.00E-05,0.00047,0.003,0.00356
718.71,-0.0001,-0.00042,-1.00E-05,0.00045,0.00306,0.00365
719.04,-0.00015,-0.00051,-1.00E-05,0.00042,0.00309,0.00369
719.38,-0.00015,-0.00048,-1.00E-05,0.0004,0.00315,0.00378
719.71,-0.00014,-0.00048,-3.00E-05,0.00042,0.00321,0.00382
720.05,-0.00017,-0.00048,-8.00E-05,0.00039,0.00324,0.00388
720.38,-0.00019,-0.00045,-0.00012,0.00042,0.00327,0.00395
720.71,-0.00015,-0.00039,-8.00E-05,0.00055,0.00334,0.00405
721.05,-0.00016,-0.00044,-9.00E-05,0.00058,0.00336,0.00409
721.38,-0.00013,-0.00035,-6.00E-05,0.00065,0.00344,0.00418
721.72,-0.0001,-0.00035,-3.00E-05,0.00073,0.00352,0.00423
722.05,-6.00E-05,-0.00033,5.00E-05,0.00077,0.00361,0.00429
722.38,-5.00E-05,-0.00035,0.00011,0.00082,0.00371,0.00432
722.72,1.00E-05,-0.00035,0.00015,0.00084,0.00377,0.00438
723.05,-2.00E-05,-0.00038,0.00011,0.0008,0.00381,0.00447
723.38,5.00E-05,-0.00034,0.00015,0.00084,0.00393,0.00457
723.72,1.00E-05,-0.0004,0.0001,0.0008,0.00392,0.00458
724.05,4.00E-05,-0.00037,9.00E-05,0.00076,0.0039,0.00461
724.38,6.00E-05,-0.00031,0.00013,0.00082,0.00391,0.00469
724.72,7.00E-05,-0.00027,0.00012,0.00078,0.0039,0.00472
725.05,3.00E-05,-0.00029,8.00E-05,0.00082,0.00395,0.00475
725.38,4.00E-05,-0.00025,0.00012,0.00087,0.00399,0.00472
725.72,-2.00E-05,-0.00024,8.00E-05,0.00083,0.00396,0.00471
726.05,-2.00E-05,-0.00019,0.0001,0.00084,0.00402,0.00474
726.38,-9.00E-05,-0.00023,0.00014,0.00089,0.0041,0.00481
726.72,-0.00012,-0.00026,0.00015,0.00086,0.00416,0.00488
727.05,-9.00E-05,-0.00024,0.00013,0.00089,0.00422,0.00496
727.38,-8.00E-05,-0.00022,0.00016,0.00089,0.00428,0.00504
727.71,-0.00011,-0.00024,0.0001,0.00085,0.00427,0.00508
728.05,-8.00E-05,-0.00029,9.00E-05,0.00088,0.00433,0.00512
728.38,-0.00011,-0.00039,8.00E-05,0.00091,0.00431,0.00514
728.71,-6.00E-05,-0.00035,7.00E-05,0.00086,0.00431,0.00517
729.05,-7.00E-05,-0.00036,0.0001,0.0009,0.00434,0.00517
729.38,-6.00E-05,-0.00041,0.00011,0.00097,0.00439,0.00521
729.71,1.00E-05,-0.00036,0.00023,0.00102,0.00447,0.00532
730.04,1.00E-05,-0.00036,0.00027,0.00106,0.0045,0.00538
730.38,2.00E-05,-0.00031,0.00032,0.00109,0.00457,0.00546
730.71,0.00012,-0.00023,0.00035,0.00113,0.00468,0.00552
731.04,0.00011,-0.00027,0.00039,0.00119,0.0048,0.00557
731.37,7.00E-05,-0.0003,0.00032,0.00118,0.00485,0.0056
731.71,0.0001,-0.00021,0.00037,0.00119,0.00496,0.00568
732.04,7.00E-05,-0.00019,0.00031,0.00121,0.00498,0.00567
732.37,0.0001,-0.00017,0.00034,0.00122,0.00508,0.00572
732.7,0.0001,-0.00016,0.00035,0.00121,0.00509,0.00576
733.04,6.00E-05,-0.00012,0.00037,0.00126,0.00512,0.00587
733.37,6.00E-05,-0.00011,0.00035,0.00128,0.00511,0.00595
733.7,8.00E-05,-0.00011,0.00038,0.0013,0.00511,0.00603
734.03,6.00E-05,-0.00011,0.00039,0.0013,0.00504,0.0061
734.36,0,-0.00017,0.00039,0.00126,0.00507,0.00613
734.7,3.00E-05,-0.00016,0.00039,0.00126,0.00514,0.00624
735.03,-6.00E-05,-0.00019,0.00034,0.00128,0.00518,0.00624
735.36,-7.00E-05,-0.00017,0.00038,0.00129,0.00528,0.00628
735.69,-6.00E-05,-0.00017,0.00041,0.00132,0.00535,0.0063
736.02,-2.00E-05,-0.00011,0.00042,0.00138,0.0054,0.00633
736.35,-4.00E-05,-0.00014,0.00041,0.00139,0.00546,0.00636
736.69,2.00E-05,-9.00E-05,0.00046,0.00141,0.00547,0.00644
737.02,-4.00E-05,-0.00013,0.00047,0.00137,0.00546,0.00647
737.35,8.00E-05,-6.00E-05,0.00058,0.00146,0.00554,0.00661
737.68,3.00E-05,-0.00015,0.00051,0.00143,0.0055,0.0066
738.01,7.00E-05,-0.00017,0.0005,0.00145,0.00553,0.00667
738.34,7.00E-05,-0.00024,0.00046,0.00139,0.0056,0.00676
738.68,6.00E-05,-0.00025,0.00045,0.00141,0.00563,0.00681
739.01,4.00E-05,-0.00032,0.00043,0.00141,0.00565,0.00682
739.34,7.00E-05,-0.00028,0.00048,0.00146,0.00568,0.00683
739.67,3.00E-05,-0.00028,0.00042,0.00138,0.00565,0.00677
740,0.00011,-0.00021,0.00048,0.00146,0.00574,0.00691
740.33,4.00E-05,-0.00023,0.00051,0.00143,0.00576,0.00689
740.66,-4.00E-05,-0.00017,0.00053,0.00144,0.00579,0.00694
740.99,1.00E-05,-0.00012,0.00056,0.00148,0.00584,0.00695
741.32,0,-0.00012,0.00052,0.00147,0.00588,0.00698
741.66,-1.00E-05,-0.00014,0.0005,0.00159,0.00592,0.00706
741.99,-1.00E-05,-0.00016,0.00054,0.00169,0.00607,0.00721
742.32,-7.00E-05,-0.00016,0.00051,0.00167,0.0061,0.00723
742.65,-5.00E-05,-0.00015,0.0005,0.00171,0.00609,0.00728
742.98,0,-0.00018,0.00054,0.00177,0.00612,0.0073
743.31,-1.00E-05,-0.00021,0.00062,0.00181,0.00625,0.00742
743.64,7.00E-05,-0.00011,0.0007,0.0019,0.00642,0.00759
743.97,9.00E-05,-0.00014,0.00067,0.00188,0.00648,0.00758
744.3,6.00E-05,-0.00011,0.00063,0.00188,0.00646,0.00763
744.63,0.00011,-0.00013,0.00069,0.00189,0.00646,0.00763
744.96,0.00014,-6.00E-05,0.00073,0.00188,0.00652,0.00771
745.29,0.00016,1.00E-05,0.00079,0.00189,0.00663,0.00777
745.62,0.0001,2.00E-05,0.00071,0.00186,0.0066,0.00777
745.95,7.00E-05,-4.00E-05,0.00069,0.00183,0.00656,0.00774
746.28,6.00E-05,-1.00E-05,0.00072,0.00183,0.00658,0.0078
746.61,8.00E-05,1.00E-05,0.00078,0.00183,0.00667,0.00782
746.94,4.00E-05,0,0.00086,0.00187,0.0067,0.00793
747.28,3.00E-05,-4.00E-05,0.0009,0.00192,0.00677,0.00803
747.61,-4.00E-05,-6.00E-05,0.00081,0.00186,0.00675,0.00803
747.94,-1.00E-05,-9.00E-05,0.00085,0.00186,0.00682,0.00804
748.27,2.00E-05,-6.00E-05,0.00091,0.00195,0.00696,0.00811
748.6,6.00E-05,-0.00011,0.0009,0.00193,0.00704,0.00815
748.93,6.00E-05,-0.00022,0.00089,0.00192,0.00702,0.00812
749.26,8.00E-05,-0.00021,0.00081,0.00194,0.0071,0.00813
749.58,7.00E-05,-0.00021,0.00073,0.00195,0.00713,0.00815
749.91,0.00015,-0.00024,0.00076,0.00199,0.00718,0.00822
750.24,0.0002,-0.00016,0.00082,0.00201,0.00717,0.00839
750.57,0.00014,-0.00017,0.00077,0.00198,0.0071,0.00839
750.9,0.0001,-9.00E-05,0.0008,0.002,0.00707,0.00843
751.23,5.00E-05,-7.00E-05,0.00084,0.00198,0.0071,0.00849
751.56,7.00E-05,-0.0001,0.00088,0.002,0.0071,0.00856
751.89,1.00E-05,-0.00014,0.00087,0.00196,0.00707,0.00856
752.22,4.00E-05,-0.00015,0.00091,0.00202,0.00708,0.0086
752.55,-3.00E-05,-0.00018,0.00083,0.00198,0.00709,0.00853
752.88,-4.00E-05,-0.0002,0.00083,0.00197,0.00714,0.00859
753.21,0,-0.0002,0.00089,0.00204,0.00723,0.00869
753.54,3.00E-05,-0.00021,0.00083,0.00207,0.00719,0.00871
753.87,4.00E-05,-0.00015,0.00084,0.00211,0.00724,0.00873
754.2,0.00013,-0.0001,0.00092,0.00215,0.00733,0.00882
754.53,1.00E-05,-0.00013,0.00088,0.00207,0.00726,0.0088
754.86,4.00E-05,-0.0001,0.00099,0.00218,0.00739,0.00891
755.19,5.00E-05,-0.00013,0.00101,0.00216,0.00737,0.00891
755.51,2.00E-05,-0.00016,0.0009,0.00213,0.00738,0.00888
755.84,8.00E-05,-4.00E-05,0.00103,0.00222,0.00756,0.009
756.17,0.0001,0,0.00107,0.00221,0.00766,0.00905
756.5,8.00E-05,0,0.00104,0.00228,0.00774,0.00909
756.83,0.00022,7.00E-05,0.00115,0.00243,0.00794,0.0093
757.16,0.00013,-4.00E-05,0.0011,0.00238,0.0079,0.00924
757.49,0.00018,5.00E-05,0.00112,0.00243,0.00803,0.00932
757.82,0.00021,9.00E-05,0.00121,0.00246,0.00806,0.0094
758.14,0.00017,0,0.00112,0.00239,0.00799,0.00942
758.47,0.00014,-9.00E-05,0.00105,0.00234,0.00795,0.00934
758.8,0.00013,-6.00E-05,0.0011,0.00235,0.008,0.00931
759.13,3.00E-05,-0.00012,0.00103,0.00227,0.00797,0.00924
759.46,2.00E-05,-0.0001,0.001,0.00227,0.00804,0.0093
759.79,0,-0.00015,0.00099,0.00231,0.00802,0.00927
760.12,-8.00E-05,-0.0002,0.00097,0.0023,0.00803,0.00926
760.44,-9.00E-05,-0.00016,0.00091,0.00236,0.00802,0.00927
760.77,-0.00016,-0.00013,0.00094,0.00236,0.00803,0.00937
761.1,-0.00012,-0.00017,0.00096,0.00227,0.008,0.00946
761.43,-8.00E-05,-0.00018,0.00098,0.00233,0.00801,0.00946
761.76,-3.00E-05,-0.00012,0.00101,0.00237,0.00796,0.00949
762.08,1.00E-05,-5.00E-05,0.00102,0.00244,0.00797,0.0096
762.41,5.00E-05,3.00E-05,0.00105,0.0025,0.00799,0.00964
762.74,7.00E-05,5.00E-05,0.00118,0.00247,0.00808,0.00978
763.07,8.00E-05,5.00E-05,0.00119,0.00256,0.00811,0.00983
763.4,0.00011,0.00014,0.0012,0.00264,0.00814,0.00979
763.72,0.00014,0.00024,0.00119,0.00267,0.00823,0.00988
764.05,0.00023,0.00028,0.00122,0.00273,0.00831,0.00998
764.38,0.00015,0.00028,0.00122,0.00259,0.00827,0.00994
764.71,0.00013,0.00024,0.00123,0.00252,0.00832,0.01
765.04,0.0001,0.00016,0.0012,0.00252,0.00836,0.00997
765.36,0.00019,0.00025,0.00127,0.00254,0.00845,0.01008
765.69,0.00021,0.00027,0.0013,0.00257,0.00851,0.01023
766.02,0.00016,0.00018,0.00133,0.00252,0.00845,0.01024
766.35,4.00E-05,0.0001,0.00129,0.0024,0.00838,0.01024
766.67,4.00E-05,-4.00E-05,0.00132,0.00249,0.00845,0.01029
767,0.00012,-2.00E-05,0.00134,0.0025,0.00852,0.01036
767.33,0.00013,6.00E-05,0.00134,0.00258,0.00846,0.01036
767.65,-3.00E-05,-6.00E-05,0.00127,0.00249,0.00839,0.01026
767.98,-5.00E-05,-0.00015,0.0012,0.00246,0.00841,0.01024
768.31,0,-0.00014,0.00124,0.00253,0.0085,0.01029
768.64,2.00E-05,-0.00012,0.00127,0.0026,0.00862,0.01032
768.96,-3.00E-05,-6.00E-05,0.00121,0.00257,0.00864,0.01032
769.29,-9.00E-05,-8.00E-05,0.00118,0.00254,0.00858,0.01027
769.62,-0.00013,-9.00E-05,0.0012,0.00254,0.00863,0.01028
769.94,-8.00E-05,-0.00013,0.0012,0.00247,0.00863,0.01028
770.27,-8.00E-05,-0.00011,0.00125,0.00249,0.00865,0.01028
770.6,-0.00011,-0.00012,0.00114,0.00246,0.0086,0.01032
770.92,-9.00E-05,-0.00014,0.00114,0.00245,0.00857,0.01023
771.25,-2.00E-05,-0.0001,0.00115,0.00256,0.00863,0.0103
771.58,-3.00E-05,-8.00E-05,0.00116,0.00264,0.00867,0.01045
771.9,3.00E-05,-0.00012,0.00119,0.00266,0.00876,0.01048
772.23,4.00E-05,-3.00E-05,0.00115,0.00277,0.00889,0.01058
772.56,6.00E-05,-7.00E-05,0.00116,0.00276,0.00892,0.01067
772.88,0.00013,4.00E-05,0.00131,0.00283,0.00905,0.01071
773.21,0.00014,0.00014,0.00136,0.00289,0.0091,0.01079
773.54,9.00E-05,0.00013,0.0014,0.00279,0.00902,0.01074
773.86,0.00013,8.00E-05,0.00139,0.00283,0.00905,0.0107
774.19,0.00016,8.00E-05,0.00136,0.0028,0.00897,0.01074
774.52,0.0002,3.00E-05,0.00145,0.00282,0.00895,0.01075
774.84,0.00016,2.00E-05,0.00142,0.00286,0.0089,0.01064
775.17,1.00E-05,-8.00E-05,0.00134,0.00272,0.00876,0.01053
775.5,1.00E-05,-0.00011,0.00132,0.00275,0.00873,0.01058
775.82,1.00E-05,-0.00013,0.00134,0.00281,0.00878,0.01068
776.15,2.00E-05,-6.00E-05,0.0014,0.00286,0.0088,0.01079
776.47,-2.00E-05,-7.00E-05,0.0014,0.00289,0.00892,0.01085
776.8,-6.00E-05,2.00E-05,0.0014,0.00292,0.00899,0.01093
777.12,-3.00E-05,7.00E-05,0.00139,0.00293,0.00909,0.01103
777.45,4.00E-05,8.00E-05,0.00139,0.00296,0.00919,0.01113
777.78,5.00E-05,6.00E-05,0.00143,0.00294,0.00927,0.01128
778.1,5.00E-05,2.00E-05,0.00144,0.00286,0.00931,0.01125
778.43,4.00E-05,1.00E-05,0.00137,0.00282,0.00936,0.01122
778.75,4.00E-05,9.00E-05,0.00145,0.00286,0.00932,0.01133
779.08,5.00E-05,0,0.00147,0.00284,0.00914,0.01134
779.4,-2.00E-05,-9.00E-05,0.00142,0.00274,0.00901,0.01131
779.73,-2.00E-05,-0.00012,0.00141,0.00282,0.00903,0.01134
780.06,-1.00E-05,-0.00012,0.00144,0.00276,0.0091,0.01128
780.38,6.00E-05,-7.00E-05,0.00148,0.00285,0.00922,0.01144
780.71,3.00E-05,-8.00E-05,0.00152,0.00273,0.00916,0.0114
781.03,3.00E-05,-0.0002,0.00136,0.0026,0.00914,0.01132
781.36,-8.00E-05,-0.00015,0.00128,0.00253,0.00924,0.0113
781.68,0.00014,0.00011,0.00162,0.00278,0.00961,0.01166
782.01,0.00014,0.00018,0.0017,0.00282,0.00961,0.01173
782.33,0.00013,0.0002,0.00164,0.00279,0.00953,0.01175
782.66,0.00012,0.0003,0.00161,0.00275,0.00944,0.01178
782.98,0.00017,0.00029,0.0016,0.00294,0.00952,0.01189
783.31,0.0002,0.00027,0.00179,0.00303,0.0096,0.01198
783.63,0.0004,0.00038,0.00188,0.00314,0.00969,0.01208
783.96,0.00023,0.00018,0.00165,0.003,0.00938,0.01193
784.28,0.0002,0.00017,0.00158,0.00293,0.00938,0.01194
784.61,0.00022,0.00019,0.00168,0.003,0.00948,0.01199
784.93,0.0001,6.00E-05,0.00164,0.00301,0.00947,0.01198
785.26,-3.00E-05,-1.00E-05,0.00158,0.00288,0.00945,0.012
785.58,-5.00E-05,0.00011,0.00149,0.00283,0.00946,0.01209
785.91,-0.00018,1.00E-05,0.00144,0.00277,0.00947,0.01207
786.23,-0.00025,7.00E-05,0.00141,0.00273,0.00952,0.01202
786.56,-0.00022,-1.00E-05,0.00141,0.0027,0.00949,0.0121
786.88,-0.00029,-6.00E-05,0.00133,0.00269,0.00945,0.01218
787.2,-0.00023,-4.00E-05,0.00135,0.00276,0.00958,0.0123
787.53,-0.00012,5.00E-05,0.00137,0.00273,0.00954,0.0124
787.85,-0.00014,-7.00E-05,0.00132,0.00278,0.00952,0.01229
788.18,-6.00E-05,-3.00E-05,0.00137,0.00286,0.00951,0.01244
788.5,-3.00E-05,-8.00E-05,0.00135,0.0029,0.00949,0.01256
788.83,-0.0001,1.00E-05,0.00145,0.003,0.00959,0.01269
789.15,-0.00012,5.00E-05,0.00143,0.00301,0.00957,0.01276
789.47,-0.00012,-2.00E-05,0.0015,0.00294,0.00949,0.01273
789.8,-0.00012,-0.0001,0.0016,0.00301,0.00956,0.01286
790.12,-9.00E-05,8.00E-05,0.00171,0.00311,0.00967,0.01311
790.45,-0.00017,9.00E-05,0.00172,0.00313,0.00969,0.01324
790.77,-0.00023,4.00E-05,0.00168,0.00302,0.0097,0.01333
791.09,-0.00025,0,0.00158,0.003,0.00961,0.01338
791.42,-0.00025,-0.0001,0.00158,0.00297,0.00969,0.01349
791.74,-0.00018,1.00E-05,0.00154,0.00303,0.00981,0.01374
792.06,-0.00019,5.00E-05,0.00154,0.0031,0.00988,0.01393
792.39,-0.0002,-2.00E-05,0.00148,0.00304,0.00987,0.01408
792.71,-6.00E-05,-1.00E-05,0.00157,0.00307,0.00995,0.01428
793.04,0,8.00E-05,0.0017,0.00315,0.01002,0.01441
793.36,9.00E-05,9.00E-05,0.00174,0.00317,0.01004,0.01455
793.68,0.00014,0.00015,0.00175,0.00322,0.00996,0.01477
794.01,0.00013,0.00012,0.00176,0.00329,0.00997,0.01488
794.33,0.00013,0.00014,0.00182,0.00325,0.00995,0.01497
794.65,7.00E-05,9.00E-05,0.0018,0.00319,0.00986,0.01512
794.98,-2.00E-05,5.00E-05,0.00172,0.00314,0.00984,0.01521
795.3,-0.0001,-6.00E-05,0.00165,0.00317,0.00985,0.01545
795.62,-0.00012,-7.00E-05,0.0017,0.00321,0.00996,0.01569
795.94,-0.00013,-0.0001,0.00165,0.00314,0.01004,0.0158
796.27,-0.0002,-0.00012,0.00161,0.00308,0.00999,0.01605
796.59,-0.00024,-0.00017,0.00156,0.00311,0.01001,0.01627
796.91,-0.00012,-9.00E-05,0.00165,0.00316,0.01014,0.01648
797.24,-9.00E-05,-9.00E-05,0.00165,0.00308,0.01015,0.01675
797.56,-2.00E-05,0,0.00171,0.00314,0.01017,0.0171
797.88,9.00E-05,0.00018,0.00178,0.00323,0.01026,0.01752
798.21,0,0.00024,0.00185,0.00326,0.01025,0.01801
798.53,2.00E-05,0.0002,0.0019,0.00331,0.0103,0.01846
798.85,7.00E-05,0.00032,0.00194,0.00328,0.01032,0.01904
799.17,-9.00E-05,0.00012,0.00182,0.00332,0.01017,0.01982
799.5,-0.00011,0.00018,0.00188,0.00341,0.01024,0.02076
799.82,-0.00013,0.00018,0.00181,0.00344,0.0102,0.02173
800.14,-0.0002,6.00E-05,0.00172,0.00331,0.01014,0.0229
800.46,-0.00012,6.00E-05,0.00174,0.00329,0.01015,0.02428
800.79,-8.00E-05,8.00E-05,0.00177,0.00326,0.01016,0.02596
801.11,-0.00015,3.00E-05,0.00174,0.00334,0.01016,0.02775
801.43,-0.00014,0.0001,0.00185,0.00327,0.0103,0.02979
801.75,1.00E-05,0.00013,0.0019,0.0033,0.01029,0.03215
802.07,6.00E-05,8.00E-05,0.00193,0.00325,0.01031,0.03488
802.4,3.00E-05,-7.00E-05,0.00195,0.00317,0.01024,0.03789
802.72,0.00014,-9.00E-05,0.00207,0.00337,0.01038,0.04132
803.04,9.00E-05,-6.00E-05,0.00201,0.00334,0.01036,0.04503
803.36,0.00012,-2.00E-05,0.00204,0.00331,0.01039,0.04926
803.68,0.00018,8.00E-05,0.00207,0.00337,0.01036,0.05392
804.01,5.00E-05,6.00E-05,0.00205,0.00336,0.01043,0.05906
804.33,-2.00E-05,4.00E-05,0.00207,0.00336,0.01047,0.06465
804.65,-7.00E-05,8.00E-05,0.00209,0.00336,0.01058,0.07099
804.97,-0.00016,0.00014,0.00195,0.00324,0.01059,0.07792
805.29,-6.00E-05,0.00023,0.00201,0.00329,0.01073,0.08575
805.62,-0.0001,0.00011,0.00199,0.00325,0.01069,0.09438
805.94,-0.00011,4.00E-05,0.00195,0.00316,0.01075,0.10412
806.26,-0.00025,-0.00012,0.00179,0.00311,0.01067,0.11466
806.58,-0.00024,-0.00014,0.00175,0.00311,0.01073,0.12651
806.9,-0.00018,-0.0001,0.00172,0.00313,0.01069,0.13949
807.22,-0.00018,-6.00E-05,0.00184,0.00318,0.01067,0.15354
807.54,-0.00032,-0.00027,0.00184,0.00317,0.01058,0.16834
807.87,-0.00038,-0.00025,0.00181,0.00318,0.01059,0.18411
808.19,-0.00034,-0.00035,0.00174,0.00322,0.01057,0.20029
808.51,-0.00036,-0.00028,0.0018,0.00316,0.01068,0.21702
808.83,-0.00047,-0.00026,0.00179,0.00312,0.01065,0.23411
809.15,-0.00046,-0.00017,0.00199,0.00324,0.01077,0.25036
809.47,-0.00049,-0.00032,0.00191,0.00318,0.01074,0.26652
809.79,-0.0004,-0.00021,0.0018,0.00307,0.01073,0.28174
810.11,-0.00031,-0.00018,0.0018,0.00311,0.01077,0.29603
810.43,-0.00041,-0.00014,0.0018,0.00308,0.01077,0.30891
810.76,-0.00034,-0.00018,0.00176,0.00309,0.01072,0.32028
811.08,-0.00026,-0.00016,0.00176,0.00314,0.01084,0.32973
811.4,-0.00026,-0.00026,0.00164,0.00302,0.01086,0.33781
811.72,-0.00031,-0.00021,0.00157,0.00308,0.01085,0.34407
812.04,-0.00035,-0.00023,0.00168,0.00311,0.01085,0.3488
812.36,-0.00036,-0.00014,0.00174,0.00305,0.01086,0.35195
812.68,-0.00023,-4.00E-05,0.00179,0.00315,0.01095,0.35403
813,-0.00017,3.00E-05,0.00188,0.00312,0.0109,0.35524
813.32,-0.00019,2.00E-05,0.0019,0.00313,0.01087,0.35563
813.64,-0.00017,-4.00E-05,0.00188,0.00309,0.01094,0.35579
813.96,-0.00014,-4.00E-05,0.00198,0.00295,0.01097,0.35603
814.28,0,2.00E-05,0.00208,0.00308,0.01113,0.35711
814.6,3.00E-05,-6.00E-05,0.00206,0.00315,0.01127,0.35877
814.92,-9.00E-05,-0.00017,0.0021,0.00307,0.01122,0.36125
815.24,-0.00011,-0.00025,0.00201,0.003,0.01133,0.36497
815.56,-8.00E-05,-0.00015,0.00204,0.00296,0.01146,0.36979
815.88,-0.00014,-3.00E-05,0.00205,0.00318,0.01151,0.3755
816.2,-0.00011,7.00E-05,0.00208,0.00325,0.0117,0.38197
816.52,-0.00032,7.00E-05,0.00193,0.00311,0.01167,0.38879
816.84,-0.00036,-6.00E-05,0.00189,0.00297,0.01163,0.39611
817.16,-0.00032,1.00E-05,0.00187,0.00317,0.01192,0.40396
817.48,-0.00031,4.00E-05,0.00187,0.0033,0.01206,0.41147
817.8,-0.00025,-6.00E-05,0.0019,0.00329,0.01209,0.41891
818.12,-0.0003,-0.00014,0.00184,0.00315,0.01214,0.42604
818.44,-0.00027,-0.00027,0.00167,0.00318,0.0122,0.43272
818.76,-0.00033,-0.00053,0.00148,0.00319,0.01227,0.43876
819.08,-0.00021,-0.00041,0.00163,0.00336,0.0125,0.44407
819.4,-0.00023,-0.00033,0.0015,0.00318,0.0125,0.44854
819.72,-0.00032,-0.00045,0.00157,0.00313,0.0126,0.45232
820.04,-0.00034,-0.00043,0.00155,0.00312,0.0127,0.45526
820.36,-0.00029,-0.00039,0.00167,0.00323,0.0128,0.45774
820.68,-0.00037,-0.00041,0.00179,0.00321,0.01288,0.4594
821,-0.00018,-0.00022,0.00195,0.00322,0.01324,0.46069
821.32,-0.00031,-0.00027,0.00182,0.00315,0.01334,0.46195
821.64,-0.00042,-0.00036,0.00191,0.0032,0.0135,0.4624
821.96,-0.00041,-0.00022,0.00184,0.00333,0.01378,0.46303
822.27,-0.00054,-0.00034,0.00174,0.00338,0.01394,0.46338
822.59,-0.00051,-0.00017,0.0017,0.00339,0.01425,0.46371
822.91,-0.00064,-0.00033,0.00164,0.00343,0.01454,0.46375
823.23,-0.00069,-0.00035,0.00178,0.00352,0.0148,0.46412
823.55,-0.00064,-0.00037,0.00182,0.00359,0.0152,0.46492
823.87,-0.00048,-0.00045,0.00179,0.00355,0.01548,0.46541
824.19,-0.00052,-0.00048,0.0019,0.00356,0.01577,0.46578
824.51,-0.00044,-0.00041,0.00195,0.00357,0.01634,0.46632
824.83,-0.00047,-0.00065,0.00185,0.00345,0.01676,0.46712
825.14,-0.00027,-0.00039,0.00194,0.0035,0.01742,0.46804
825.46,-0.0002,-0.00034,0.0018,0.00363,0.01812,0.46871
825.78,-0.00033,-0.00038,0.00168,0.00354,0.01868,0.46889
826.1,-0.00038,-0.00035,0.00179,0.0036,0.01952,0.46937
826.42,-0.00045,-0.00038,0.00161,0.00349,0.02038,0.4699
826.74,-0.00057,-0.00053,0.00147,0.00342,0.02119,0.47032
827.06,-0.00062,-0.0006,0.00147,0.00346,0.0222,0.46995
827.37,-0.00085,-0.00075,0.0014,0.00332,0.02312,0.46947
827.69,-0.00108,-0.00079,0.00144,0.00323,0.0241,0.46909
828.01,-0.00104,-0.00076,0.00149,0.00329,0.0254,0.46861
828.33,-0.00107,-0.00077,0.00141,0.00323,0.02665,0.46818
828.65,-0.00102,-0.00082,0.00159,0.00329,0.0281,0.46759
828.96,-0.00101,-0.00077,0.00175,0.00329,0.02955,0.46708
829.28,-0.00084,-0.00076,0.00191,0.00336,0.0313,0.46684
829.6,-0.00082,-0.0008,0.00192,0.00349,0.03338,0.467
829.92,-0.00068,-0.00088,0.00193,0.00337,0.03569,0.46673
830.24,-0.00071,-0.001,0.00187,0.00322,0.03823,0.46653
830.55,-0.00072,-0.00112,0.00178,0.00324,0.0413,0.46659
830.87,-0.00057,-0.00107,0.00171,0.00334,0.04499,0.46669
831.19,-0.00049,-0.00102,0.00168,0.00343,0.04963,0.46724
831.51,-0.0007,-0.00085,0.00153,0.00342,0.05488,0.46782
831.83,-0.00065,-0.00086,0.00145,0.00338,0.06109,0.46879
832.14,-0.00082,-0.00079,0.00144,0.00354,0.06879,0.47016
832.46,-0.00102,-0.00073,0.00146,0.00369,0.07801,0.47183
832.78,-0.00103,-0.00067,0.00149,0.00369,0.08906,0.474
833.1,-0.00113,-0.00071,0.00135,0.00354,0.10155,0.47682
833.41,-0.00126,-0.00069,0.00139,0.00357,0.11577,0.4799
833.73,-0.00127,-0.00075,0.00134,0.0036,0.13185,0.48358
834.05,-0.00122,-0.00063,0.00147,0.00375,0.14941,0.48711
834.36,-0.00112,-0.00059,0.0014,0.0038,0.1681,0.4912
834.68,-0.00082,-0.00044,0.00153,0.00396,0.18769,0.49568
835,-0.00082,-0.00039,0.0016,0.00404,0.20725,0.50007
835.32,-0.00091,-0.00052,0.00173,0.0041,0.2277,0.50422
835.63,-0.00082,-0.00062,0.00167,0.00408,0.24742,0.50821
835.95,-0.00081,-0.00065,0.00185,0.00409,0.26654,0.51206
836.27,-0.00082,-0.00075,0.00187,0.00401,0.28487,0.51583
836.58,-0.00081,-0.00081,0.00198,0.00402,0.30196,0.51944
836.9,-0.00085,-0.00081,0.00196,0.00406,0.31764,0.52215
837.22,-0.0007,-0.00076,0.00206,0.00412,0.33197,0.52472
837.53,-0.00068,-0.00064,0.002,0.00428,0.34423,0.52691
837.85,-0.00064,-0.00048,0.00203,0.00441,0.35519,0.52804
838.17,-0.00057,-0.00045,0.00199,0.00456,0.36469,0.52885
838.48,-0.00045,-0.00031,0.00197,0.00472,0.37232,0.52923
838.8,-0.00032,-0.00013,0.00204,0.00481,0.37877,0.52864
839.12,-0.00046,-0.00015,0.00199,0.00473,0.38451,0.528
839.43,-0.00065,-0.00016,0.00198,0.0048,0.38959,0.52654
839.75,-0.00058,-2.00E-05,0.00205,0.00482,0.39435,0.52479
840.07,-0.00058,-0.00011,0.00217,0.00492,0.399,0.52255
840.38,-0.00057,-9.00E-05,0.00206,0.005,0.40361,0.52025
840.7,-0.0006,-6.00E-05,0.00207,0.00511,0.40848,0.51773
841.01,-0.00077,-0.00022,0.00208,0.00529,0.41378,0.51451
841.33,-0.00056,-0.00013,0.00239,0.00556,0.41925,0.51093
841.65,-0.00058,-0.00016,0.00248,0.0058,0.42526,0.50747
841.96,-0.00053,-0.00017,0.00268,0.00622,0.43126,0.50379
842.28,-0.00055,-1.00E-05,0.0027,0.00638,0.43723,0.50059
842.6,-0.00064,-0.00022,0.00273,0.00644,0.44317,0.49722
842.91,-0.00058,-0.00032,0.00271,0.00653,0.44917,0.49366
843.23,-0.00045,-0.00031,0.00275,0.00666,0.45424,0.49071
843.54,-0.00042,-0.00047,0.00244,0.00678,0.45917,0.48786
843.86,-0.0002,-0.00035,0.00235,0.007,0.46372,0.4853
844.17,-0.00021,-0.0004,0.00224,0.00724,0.46778,0.48271
844.49,-6.00E-05,-0.00033,0.00241,0.0078,0.47147,0.48064
844.81,6.00E-05,-6.00E-05,0.00254,0.00841,0.47457,0.47846
845.12,-2.00E-05,-1.00E-05,0.00258,0.00892,0.47711,0.47667
845.44,-0.00011,5.00E-05,0.00242,0.00935,0.47959,0.47544
845.75,-0.00024,0.00011,0.00252,0.00996,0.48146,0.47397
846.07,-0.0004,-0.00012,0.00241,0.01026,0.48256,0.47293
846.38,-0.00038,-6.00E-05,0.0025,0.01056,0.48355,0.47208
846.7,-0.00052,-0.00031,0.00223,0.01085,0.48458,0.47115
847.01,-0.0006,-0.00039,0.00216,0.01125,0.48551,0.47092
847.33,-0.00069,-0.0005,0.00197,0.01168,0.48657,0.4707
847.64,-0.00086,-0.00065,0.00193,0.01206,0.48771,0.47003
847.96,-0.00091,-0.00072,0.002,0.01254,0.48886,0.47019
848.27,-0.00088,-0.00074,0.00192,0.0133,0.49053,0.47024
848.59,-0.00105,-0.00069,0.00189,0.01429,0.49253,0.47059
848.9,-0.00095,-0.00063,0.00199,0.01527,0.49494,0.47108
849.22,-0.00095,-0.00058,0.00204,0.01625,0.49834,0.47123
849.53,-0.00077,-0.0005,0.00242,0.01755,0.50271,0.47139
849.85,-0.00052,-0.00048,0.00268,0.0189,0.50855,0.47205
850.16,-0.00023,-0.00037,0.00274,0.02044,0.51542,0.47278
850.48,-0.00026,-0.00018,0.0031,0.02223,0.52374,0.47303
850.79,-0.00014,-0.00027,0.00315,0.02408,0.53355,0.47342
851.11,-0.00023,-0.00012,0.00325,0.02639,0.5453,0.47368
851.42,-0.0004,-0.00024,0.00324,0.02931,0.55837,0.47351
851.74,-0.00048,-0.00026,0.00304,0.033,0.57284,0.47362
852.05,-0.00056,-0.00018,0.003,0.03776,0.58867,0.47341
852.36,-0.00081,-0.00028,0.00294,0.04337,0.60701,0.47311
852.68,-0.00091,-0.00041,0.00268,0.05031,0.62688,0.47293
852.99,-0.00093,-0.00054,0.00283,0.05897,0.64793,0.47277
853.31,-0.00092,-0.00068,0.00293,0.06933,0.66901,0.47178
853.62,-0.00092,-0.00065,0.00305,0.0815,0.69119,0.47123
853.94,-0.00096,-0.00072,0.00321,0.09564,0.71471,0.47028
854.25,-0.00088,-0.00073,0.0032,0.1118,0.73769,0.46913
854.56,-0.00078,-0.0006,0.00335,0.12995,0.75978,0.46801
854.88,-0.0006,-0.00051,0.00378,0.14999,0.78132,0.46691
855.19,-0.00071,-0.0003,0.00374,0.17161,0.80242,0.46542
855.51,-0.00059,-0.0001,0.00378,0.19458,0.82269,0.46447
855.82,-0.00036,-0.00014,0.00375,0.21848,0.84156,0.46312
856.13,-8.00E-05,4.00E-05,0.00394,0.24263,0.85773,0.46219
856.45,-4.00E-05,7.00E-05,0.00435,0.26648,0.87263,0.46101
856.76,-0.0002,-5.00E-05,0.00437,0.28972,0.88635,0.45989
857.07,-0.00031,0.00016,0.00438,0.3118,0.89837,0.45891
857.39,-4.00E-05,0.0002,0.00474,0.33243,0.90825,0.45778
857.7,6.00E-05,0.00025,0.00504,0.35102,0.91591,0.45696
858.02,-1.00E-05,0.00038,0.00538,0.36792,0.9226,0.45655
858.33,-0.00021,0.00034,0.00558,0.38263,0.92765,0.45587
858.64,-0.00031,0.00028,0.00545,0.39562,0.93215,0.45589
858.96,1.00E-05,0.00049,0.00598,0.40653,0.93478,0.45537
859.27,-6.00E-05,0.0004,0.00612,0.41593,0.93638,0.45414
859.58,1.00E-05,0.00046,0.00635,0.42399,0.93739,0.45304
859.9,-0.00012,0.00032,0.00654,0.43137,0.93828,0.45138
860.21,4.00E-05,0.00023,0.00691,0.43729,0.93762,0.44836
860.52,-2.00E-05,0.00016,0.007,0.44284,0.93719,0.44415
860.83,9.00E-05,0.00043,0.00753,0.44853,0.93513,0.4388
861.15,-2.00E-05,0.00027,0.00762,0.45389,0.93269,0.43173
861.46,0.00031,0.00053,0.00824,0.4599,0.92936,0.42357
861.77,0.00041,0.00065,0.00886,0.46553,0.92407,0.41282
862.09,0.00046,0.00094,0.00932,0.47137,0.91761,0.39979
862.4,0.00046,0.00139,0.00979,0.47849,0.90882,0.38474
862.71,0.00065,0.00166,0.01062,0.48646,0.89855,0.36827
863.02,0.00078,0.00165,0.01117,0.49512,0.88676,0.34971
863.34,0.00079,0.00185,0.01176,0.506,0.87287,0.3296
863.65,0.00058,0.00165,0.01208,0.51784,0.85731,0.30835
863.96,0.00038,0.00163,0.01243,0.53239,0.83972,0.28663
864.27,0.0005,0.00148,0.01323,0.54905,0.82005,0.26443
864.59,0.00058,0.00131,0.01411,0.56844,0.8007,0.24272
864.9,0.00059,0.00148,0.01512,0.59068,0.77958,0.22124
865.21,0.00061,0.00166,0.01623,0.61535,0.75762,0.20024
865.52,0.00069,0.00171,0.01759,0.64241,0.73531,0.1802
865.84,0.00092,0.00195,0.01932,0.67123,0.71265,0.16128
866.15,0.00095,0.00206,0.02106,0.70149,0.69098,0.14366
866.46,0.00099,0.00219,0.02313,0.73308,0.67066,0.12757
866.77,0.00107,0.00215,0.0257,0.76394,0.64991,0.11301
867.08,0.00131,0.00238,0.02848,0.79288,0.63023,0.09988
867.4,0.00155,0.00244,0.03218,0.82028,0.61183,0.08804
867.71,0.00191,0.0029,0.03691,0.84447,0.59482,0.07802
868.02,0.00205,0.00324,0.04257,0.86691,0.5793,0.06931
868.33,0.0023,0.00338,0.04951,0.88641,0.56516,0.06167
868.64,0.00262,0.0036,0.05782,0.90237,0.55215,0.05534
868.96,0.00274,0.00427,0.06785,0.91559,0.54131,0.04958
869.27,0.00283,0.00443,0.08042,0.9274,0.53172,0.04453
869.58,0.00288,0.00497,0.09516,0.93685,0.52326,0.04049
869.89,0.00298,0.00513,0.11229,0.94443,0.51597,0.03698
870.2,0.00345,0.00552,0.13213,0.94904,0.50909,0.03377
870.51,0.00379,0.00613,0.15456,0.95289,0.50354,0.03118
870.82,0.00376,0.00631,0.1798,0.95649,0.49917,0.02871
871.14,0.00432,0.00649,0.20718,0.95848,0.495,0.02689
871.45,0.00474,0.00694,0.23594,0.95963,0.49161,0.02525
871.76,0.00524,0.00739,0.26628,0.96035,0.48875,0.02387
872.07,0.00576,0.00795,0.29742,0.96117,0.4867,0.02263
872.38,0.00598,0.00826,0.32842,0.96248,0.48525,0.02158
872.69,0.00637,0.00877,0.35863,0.96265,0.48398,0.02072
873,0.00703,0.00971,0.3879,0.962,0.48264,0.02014
873.31,0.00732,0.01052,0.41647,0.96222,0.48146,0.0194
873.63,0.00788,0.01125,0.44457,0.96266,0.48102,0.01919
873.94,0.00831,0.01189,0.47133,0.96243,0.4804,0.01856
874.25,0.00855,0.01278,0.49823,0.96318,0.47971,0.01804
874.56,0.00903,0.01407,0.52561,0.96296,0.47954,0.01792
874.87,0.00987,0.01551,0.55497,0.96262,0.47922,0.01771
875.18,0.0105,0.01713,0.58572,0.96251,0.4788,0.01736
875.49,0.01123,0.01886,0.61759,0.9623,0.47869,0.01706
875.8,0.01209,0.02147,0.65201,0.96178,0.47841,0.01682
876.11,0.01315,0.02456,0.6878,0.96227,0.47856,0.01687
876.42,0.01432,0.02768,0.72265,0.96131,0.47852,0.01672
876.73,0.01568,0.03144,0.75773,0.96122,0.47811,0.01674
877.04,0.01685,0.03601,0.7909,0.96161,0.47761,0.01645
877.35,0.01817,0.04138,0.82133,0.96197,0.47698,0.01614
877.66,0.02001,0.0482,0.84897,0.96229,0.47591,0.01596
877.97,0.02231,0.05643,0.87216,0.96178,0.47399,0.01572
878.28,0.02451,0.0664,0.89288,0.96122,0.47043,0.01529
878.59,0.02763,0.07931,0.90937,0.96031,0.46557,0.01531
878.9,0.03117,0.09482,0.92317,0.95978,0.46006,0.01494
879.21,0.03532,0.11387,0.93439,0.95982,0.45216,0.01474
879.52,0.04085,0.13739,0.94279,0.95959,0.44244,0.01528
879.83,0.04705,0.16548,0.94924,0.95897,0.42992,0.01539
880.14,0.05421,0.19862,0.95462,0.95881,0.41554,0.01514
880.45,0.06344,0.23813,0.95758,0.95876,0.3996,0.01529
880.76,0.07433,0.2834,0.96147,0.95872,0.38145,0.01489
881.07,0.08773,0.33456,0.9635,0.95854,0.36103,0.01502
881.38,0.10393,0.39062,0.96426,0.95705,0.3392,0.01506
881.69,0.12362,0.45034,0.96545,0.95541,0.31609,0.0147
882,0.14769,0.51246,0.96695,0.9541,0.29291,0.01469
882.31,0.17685,0.57478,0.96777,0.95135,0.26888,0.01516
882.62,0.21179,0.63429,0.96848,0.94734,0.24506,0.01522
882.93,0.25331,0.69034,0.96921,0.94315,0.22243,0.01556
883.24,0.30083,0.74048,0.96949,0.9373,0.20015,0.01537
883.55,0.35487,0.78379,0.97024,0.93012,0.17959,0.01523
883.86,0.41389,0.81943,0.97037,0.92058,0.16037,0.01527
884.17,0.47642,0.8488,0.9704,0.90988,0.14299,0.01518
884.48,0.54077,0.8716,0.97037,0.89705,0.12725,0.01488
884.79,0.60492,0.88946,0.97079,0.88331,0.11238,0.01462
885.09,0.66487,0.90328,0.97111,0.86727,0.09903,0.01421
885.4,0.72055,0.91448,0.97247,0.85003,0.08774,0.01407
885.71,0.76935,0.92313,0.97265,0.83113,0.07749,0.01421
886.02,0.81146,0.93066,0.97368,0.81168,0.06876,0.01402
886.33,0.84564,0.9368,0.97461,0.78985,0.06056,0.014
886.64,0.87287,0.94196,0.97524,0.76845,0.05359,0.01395
886.95,0.8933,0.946,0.9752,0.74579,0.04844,0.0145
887.26,0.90928,0.94934,0.97529,0.72324,0.04349,0.01484
887.57,0.92087,0.95234,0.97485,0.70098,0.03907,0.01507
887.87,0.93048,0.95421,0.97513,0.67893,0.03538,0.01501
888.18,0.93739,0.95555,0.97514,0.65766,0.03211,0.01521
888.49,0.94289,0.957,0.97507,0.63771,0.02964,0.01524
888.8,0.94808,0.95778,0.97558,0.61879,0.02719,0.01524
889.11,0.95182,0.95968,0.97594,0.60145,0.02522,0.01474
889.42,0.95539,0.96083,0.97619,0.58563,0.02364,0.01466
889.72,0.95808,0.96101,0.97586,0.57058,0.022,0.01462
890.03,0.95997,0.96217,0.97587,0.5568,0.02065,0.01468
890.34,0.96172,0.96362,0.97594,0.54476,0.0199,0.01461
890.65,0.96334,0.96421,0.97559,0.53436,0.01906,0.01465
890.96,0.96467,0.96631,0.97501,0.5256,0.01819,0.01456
891.27,0.96565,0.9672,0.97432,0.51683,0.01705,0.01437
891.57,0.96591,0.9675,0.97249,0.5089,0.0165,0.01441
891.88,0.96716,0.96902,0.97217,0.50194,0.01613,0.01414
892.19,0.96796,0.97082,0.97182,0.49586,0.01589,0.01394
892.5,0.9683,0.97182,0.97036,0.48858,0.01515,0.01371
892.8,0.9687,0.97318,0.96965,0.48119,0.01472,0.0135
893.11,0.96863,0.97384,0.96899,0.47238,0.0144,0.01349
893.42,0.96925,0.97478,0.9683,0.46304,0.01442,0.01364
893.73,0.96985,0.97646,0.96822,0.45217,0.01414,0.01357
894.04,0.97106,0.97795,0.96806,0.43963,0.01397,0.01396
894.34,0.97151,0.9785,0.96767,0.42491,0.01349,0.01388
894.65,0.97292,0.97951,0.96801,0.40897,0.01339,0.01417
894.96,0.97477,0.9805,0.96825,0.39047,0.01301,0.01456
895.26,0.9756,0.98054,0.96772,0.37064,0.01304,0.01431
895.57,0.97719,0.98094,0.96742,0.3494,0.01299,0.01442
895.88,0.97922,0.98155,0.96777,0.32691,0.01276,0.01447
896.19,0.98052,0.98064,0.96733,0.30372,0.01286,0.01433
896.49,0.98202,0.98032,0.96711,0.28001,0.01314,0.01457
896.8,0.98267,0.97992,0.96683,0.25651,0.01335,0.01451
897.11,0.98289,0.97971,0.96625,0.23358,0.01323,0.01433
897.42,0.98446,0.97975,0.96602,0.21107,0.01293,0.0143
897.72,0.98472,0.9793,0.966,0.18928,0.0124,0.01393
898.03,0.98479,0.97841,0.96507,0.16907,0.0125,0.01387
898.34,0.98453,0.97804,0.96378,0.14977,0.01206,0.01365
898.64,0.98465,0.97733,0.96208,0.1322,0.01169,0.01352
898.95,0.98546,0.97688,0.95977,0.116,0.01144,0.01354
899.26,0.98523,0.97532,0.95659,0.10151,0.01144,0.01341
899.56,0.9842,0.97369,0.95185,0.08836,0.01144,0.01346
899.87,0.98401,0.9728,0.94589,0.07712,0.01151,0.01366
900.18,0.98402,0.97201,0.93899,0.06683,0.01152,0.01383
900.48,0.98338,0.9718,0.92978,0.05821,0.01159,0.014
900.79,0.98247,0.97143,0.91808,0.05046,0.01161,0.01414
901.1,0.98081,0.97071,0.90458,0.04379,0.0115,0.0141
901.4,0.9797,0.97043,0.88838,0.03794,0.01166,0.01417
901.71,0.97819,0.97011,0.87044,0.03298,0.01162,0.01425
902.01,0.97693,0.96966,0.8505,0.02866,0.01164,0.01429
902.32,0.97556,0.96983,0.82769,0.02524,0.01169,0.01429
902.63,0.97467,0.96861,0.8039,0.02174,0.01164,0.01433
902.93,0.97471,0.96892,0.77988,0.0192,0.01162,0.01434
903.24,0.97448,0.96883,0.75399,0.0169,0.01138,0.014
903.54,0.97466,0.96948,0.72684,0.01475,0.01112,0.014
903.85,0.97473,0.97021,0.69892,0.01302,0.01099,0.014
904.16,0.97473,0.97047,0.66949,0.01176,0.01091,0.01386
904.46,0.97441,0.96969,0.63933,0.01026,0.01043,0.01345
904.77,0.97465,0.96989,0.60859,0.00938,0.01065,0.01348
905.07,0.97414,0.96838,0.57585,0.00859,0.01066,0.01347
905.38,0.97379,0.96724,0.54221,0.00782,0.01089,0.01378
905.68,0.97392,0.96549,0.50767,0.00743,0.01132,0.0141
905.99,0.97527,0.96398,0.47271,0.0073,0.01169,0.01438
906.3,0.97586,0.96316,0.43775,0.00707,0.0121,0.01478
906.6,0.97589,0.96272,0.40303,0.0069,0.01222,0.01512
906.91,0.97595,0.96249,0.36852,0.00692,0.01214,0.01527
907.21,0.97549,0.96265,0.33488,0.00655,0.01214,0.01507
907.52,0.97543,0.96364,0.30299,0.00638,0.01205,0.01514
907.82,0.97485,0.9648,0.27292,0.00623,0.01183,0.01476
908.13,0.97439,0.96619,0.24437,0.00562,0.01182,0.01452
908.43,0.97359,0.96683,0.21831,0.00499,0.01155,0.01447
908.74,0.9734,0.96712,0.1945,0.00458,0.01159,0.01455
909.04,0.97249,0.96651,0.17237,0.0039,0.01132,0.01429
909.35,0.9722,0.96538,0.15205,0.00364,0.01125,0.0142
909.65,0.97141,0.96254,0.1339,0.00353,0.01147,0.01422
909.96,0.97143,0.95797,0.11773,0.00347,0.01159,0.01445
910.26,0.97069,0.95031,0.10358,0.00329,0.01123,0.01434
910.57,0.97082,0.93874,0.09035,0.00327,0.01133,0.01404
910.87,0.97143,0.92334,0.0789,0.00315,0.0114,0.01396
911.18,0.97193,0.90307,0.06876,0.00324,0.01129,0.01397
911.48,0.97327,0.87715,0.06021,0.00325,0.01115,0.01395
911.79,0.97474,0.84554,0.05222,0.00301,0.011,0.01368
912.09,0.97549,0.80772,0.0458,0.00258,0.01075,0.0132
912.39,0.97524,0.76541,0.04,0.00292,0.01078,0.01308
912.7,0.97313,0.71792,0.03476,0.00268,0.0104,0.0132
913,0.96848,0.66828,0.03028,0.00262,0.01031,0.01317
913.31,0.96127,0.61651,0.02652,0.00265,0.01055,0.01306
913.61,0.94901,0.56396,0.02329,0.00215,0.0104,0.01324
913.92,0.93214,0.51225,0.02071,0.00191,0.01039,0.01314
914.22,0.9091,0.46154,0.01757,0.00179,0.00992,0.01284
914.52,0.88082,0.4134,0.01558,0.00195,0.01029,0.01323
914.83,0.84684,0.36877,0.01417,0.00222,0.01013,0.01327
915.13,0.80702,0.32701,0.01245,0.00247,0.01009,0.01309
915.44,0.76196,0.28813,0.0108,0.00202,0.00982,0.01279
915.74,0.71362,0.25315,0.00985,0.00229,0.01,0.01271
916.04,0.66232,0.22124,0.009,0.00248,0.01,0.01286
916.35,0.60998,0.19275,0.00848,0.00252,0.01031,0.01334
916.65,0.55656,0.16693,0.00768,0.00218,0.01031,0.01325
916.96,0.50483,0.14473,0.0072,0.00205,0.01113,0.01349
917.26,0.45546,0.12459,0.00683,0.00202,0.01123,0.01355
917.56,0.40793,0.10702,0.00647,0.00209,0.01148,0.01386
917.87,0.36291,0.09148,0.00581,0.00185,0.01178,0.01412
918.17,0.32176,0.07827,0.00501,0.00204,0.01194,0.01418
918.47,0.28346,0.06684,0.00428,0.00194,0.012,0.01411
918.78,0.24906,0.05731,0.00372,0.00148,0.01162,0.01387
919.08,0.21758,0.04837,0.00303,0.00118,0.01066,0.01344
919.38,0.18903,0.04136,0.00244,0.00073,0.0106,0.01335
919.69,0.16405,0.03581,0.00236,0.00099,0.01071,0.01342
919.99,0.14185,0.03073,0.00247,0.00104,0.01061,0.01328
920.29,0.12227,0.02651,0.00239,0.00077,0.01002,0.01323
920.59,0.10561,0.0228,0.00194,0.00053,0.00956,0.0131
920.9,0.09022,0.01906,0.00157,0.0005,0.0093,0.01285
921.2,0.07706,0.01682,0.00147,0.00042,0.00948,0.01277
921.5,0.06628,0.01446,0.00168,0.00049,0.00936,0.01311
921.81,0.05709,0.01283,0.00172,0.00055,0.00991,0.01355
922.11,0.04931,0.01147,0.00141,0.00082,0.00988,0.01375
922.41,0.04252,0.00984,0.00135,0.00052,0.01005,0.01389
922.71,0.03679,0.00866,0.00174,0.00096,0.01038,0.01386
923.02,0.03192,0.00772,0.00163,0.00118,0.01051,0.01408
923.32,0.02764,0.00619,0.00131,0.00108,0.0103,0.01395
923.62,0.02331,0.00515,0.00061,0.00097,0.01026,0.01326
923.92,0.01953,0.00415,0.00017,0.00084,0.0097,0.01247
924.23,0.01635,0.0035,0.0002,0.00062,0.00956,0.01226
924.53,0.01355,0.00252,0.00017,0.00092,0.00926,0.01179
924.83,0.01122,0.00201,0.00044,0.00097,0.00954,0.01183
925.13,0.00954,0.00136,0.00041,0.00075,0.00936,0.01131
925.44,0.00786,0.00125,0.0008,0.00102,0.00994,0.01173
925.74,0.00666,0.00045,0.00049,0.00065,0.00945,0.01126
926.04,0.00605,-5.00E-05,0.00069,0.0004,0.00914,0.01156
926.34,0.00528,-0.00056,0.00039,0.00054,0.00889,0.01143
926.64,0.00459,-0.00107,-0.00021,-0.00012,0.00874,0.01122
926.95,0.004,-0.00112,-0.00034,-0.00033,0.00839,0.01124
927.25,0.00297,-0.00157,-0.00085,-0.00056,0.00813,0.01127
927.55,0.00239,-0.00194,-0.00102,-0.00046,0.00795,0.01103
927.85,0.0021,-0.0017,-0.00031,0.00016,0.00849,0.01246
928.15,0.0014,-0.00202,-0.00034,-0.0001,0.00842,0.01218
928.46,0.00051,-0.00306,-0.00055,-0.00073,0.00851,0.01188
928.76,-0.00051,-0.00294,-0.00053,-0.00054,0.00864,0.0117
929.06,-0.00109,-0.00319,-0.00086,-0.00065,0.00877,0.01184
929.36,-0.0011,-0.00267,-0.00063,-0.00015,0.00959,0.01258
929.66,-0.00142,-0.0025,-0.00036,-0.00021,0.00937,0.01275
929.96,-0.00151,-0.00225,-0.00037,-0.00033,0.00933,0.01224
930.26,-0.00192,-0.00298,-0.00054,-0.00017,0.00934,0.01227
930.57,-0.00173,-0.0024,-0.00048,-5.00E-05,0.00943,0.01246
930.87,-0.00139,-0.0027,-0.0001,-0.00026,0.00986,0.01317
931.17,-0.00149,-0.0029,5.00E-05,-0.00019,0.00988,0.01329
931.47,-0.00143,-0.00292,0.00059,-0.00011,0.01003,0.01357
931.77,-0.00194,-0.00339,0.00013,-0.0005,0.01007,0.01325
932.07,-0.00248,-0.00381,-0.00024,-0.00092,0.00977,0.01296
932.37,-0.00294,-0.00379,-0.00077,-0.00145,0.00954,0.0126
932.67,-0.0033,-0.00402,-0.00087,-0.0013,0.0096,0.01263
932.97,-0.0037,-0.00357,-0.00119,-0.00102,0.00953,0.01216
933.27,-0.00358,-0.00334,-0.00132,-0.00119,0.00967,0.01178
933.58,-0.00377,-0.00389,-0.002,-0.00163,0.00909,0.01095
933.88,-0.00386,-0.00403,-0.00224,-0.0016,0.00879,0.01106
934.18,-0.00399,-0.00422,-0.00233,-0.00147,0.00857,0.01109
934.48,-0.00406,-0.00418,-0.00279,-0.00152,0.0085,0.01106
934.78,-0.00444,-0.00452,-0.00298,-0.00164,0.00781,0.01083
935.08,-0.00412,-0.00443,-0.00247,-0.00141,0.00781,0.01148
935.38,-0.00478,-0.00455,-0.00258,-0.00167,0.00776,0.01133
935.68,-0.00525,-0.00385,-0.00215,-0.00109,0.0081,0.01137
935.98,-0.0058,-0.00358,-0.00236,-0.00136,0.00822,0.01075
936.28,-0.00583,-0.00367,-0.00221,-0.00165,0.00866,0.01031
936.58,-0.00584,-0.00348,-0.00146,-0.00157,0.00873,0.01013
936.88,-0.00527,-0.00299,-0.00167,-0.00171,0.00936,0.01041
937.18,-0.00545,-0.00341,-0.00227,-0.00245,0.00885,0.00988
937.48,-0.00501,-0.00287,-0.00231,-0.00179,0.00853,0.01041
937.78,-0.0052,-0.00404,-0.00291,-0.00298,0.00776,0.01013
938.08,-0.00462,-0.00419,-0.00246,-0.00267,0.00813,0.01057
938.38,-0.00424,-0.0043,-0.00241,-0.00227,0.00822,0.01073
938.68,-0.00425,-0.00504,-0.003,-0.00252,0.00752,0.0107
938.98,-0.00554,-0.00594,-0.00264,-0.00271,0.00674,0.01004
939.28,-0.00616,-0.0061,-0.0029,-0.00237,0.00685,0.01066
939.58,-0.00719,-0.00748,-0.00323,-0.00293,0.00615,0.0099
939.88,-0.00673,-0.00722,-0.00301,-0.00255,0.00652,0.01045
940.18,-0.0068,-0.00723,-0.00303,-0.00246,0.00626,0.01044
940.48,-0.00723,-0.00704,-0.00373,-0.0026,0.0058,0.01053
940.78,-0.00714,-0.00683,-0.00334,-0.00227,0.00614,0.01096
941.08,-0.00629,-0.00663,-0.00347,-0.00226,0.00681,0.01115
941.38,-0.00552,-0.00656,-0.00317,-0.00216,0.00751,0.01061
941.68,-0.00562,-0.00658,-0.00345,-0.00254,0.00773,0.01064
941.98,-0.00572,-0.00597,-0.00287,-0.00252,0.00744,0.01036
942.27,-0.00576,-0.00624,-0.00298,-0.0026,0.0075,0.01021
942.57,-0.00571,-0.00647,-0.00284,-0.00258,0.00745,0.00999
942.87,-0.00571,-0.00551,-0.00305,-0.00225,0.00842,0.00992
943.17,-0.00545,-0.00474,-0.00316,-0.00158,0.00855,0.01012
943.47,-0.006,-0.00527,-0.0034,-0.00119,0.00886,0.00985
943.77,-0.0055,-0.00521,-0.00336,-0.00087,0.00903,0.00934
944.07,-0.00536,-0.00604,-0.00382,-0.00123,0.00942,0.00933
944.37,-0.00599,-0.00614,-0.00438,-0.00152,0.00864,0.009
944.67,-0.00673,-0.00655,-0.00465,-0.00095,0.00812,0.00912
944.97,-0.00723,-0.00776,-0.00485,-0.00151,0.00747,0.00923
945.26,-0.00803,-0.00817,-0.00471,-0.00218,0.00664,0.00898
945.56,-0.00801,-0.00806,-0.00429,-0.00298,0.00605,0.00893
945.86,-0.00824,-0.00827,-0.00387,-0.00373,0.0062,0.00944
946.16,-0.00946,-0.0088,-0.0047,-0.00371,0.00522,0.00904
946.46,-0.009,-0.00912,-0.00458,-0.00383,0.00584,0.00915
946.76,-0.00869,-0.00907,-0.00428,-0.00438,0.00566,0.00876
947.05,-0.00834,-0.00884,-0.00413,-0.00378,0.00569,0.00847
947.35,-0.00862,-0.00955,-0.00412,-0.00397,0.00564,0.00827
947.65,-0.00944,-0.0095,-0.00487,-0.00421,0.00464,0.00765
947.95,-0.00896,-0.00919,-0.00548,-0.00314,0.00476,0.00769
948.25,-0.0082,-0.00824,-0.00515,-0.00237,0.00507,0.00804
948.55,-0.0081,-0.00778,-0.0042,-0.00166,0.00509,0.00805
948.84,-0.00872,-0.00859,-0.00481,-0.00259,0.00528,0.00789
949.14,-0.00893,-0.00849,-0.00399,-0.00304,0.00497,0.00846
949.44,-0.00876,-0.0083,-0.00415,-0.00288,0.00558,0.00852
949.74,-0.00898,-0.00938,-0.00504,-0.0027,0.00525,0.00812
950.04,-0.00975,-0.00985,-0.00504,-0.00297,0.00523,0.00809
950.33,-0.01047,-0.01064,-0.00546,-0.00387,0.00506,0.00763
950.63,-0.01101,-0.01105,-0.00665,-0.00475,0.0043,0.00722
950.93,-0.01077,-0.01089,-0.00697,-0.005,0.00385,0.0068
951.23,-0.01099,-0.01131,-0.00821,-0.00498,0.00336,0.00612
951.52,-0.01044,-0.01072,-0.00861,-0.00496,0.00319,0.0064
951.82,-0.00934,-0.00953,-0.0074,-0.00457,0.00408,0.00817
952.12,-0.00926,-0.00922,-0.0078,-0.00606,0.0029,0.00802
952.42,-0.00864,-0.00912,-0.00747,-0.00581,0.00274,0.00786
952.71,-0.00899,-0.00953,-0.00772,-0.00539,0.00308,0.00802
953.01,-0.00858,-0.00802,-0.00623,-0.00382,0.00454,0.00926
953.31,-0.00887,-0.00786,-0.00645,-0.00416,0.00516,0.00923
953.61,-0.00911,-0.00804,-0.00611,-0.00412,0.00474,0.00957
953.9,-0.01049,-0.00879,-0.00648,-0.00492,0.00413,0.00877
954.2,-0.01022,-0.00876,-0.00547,-0.00419,0.00545,0.00854
954.5,-0.01029,-0.0092,-0.00577,-0.00407,0.00515,0.00893
954.79,-0.00925,-0.00809,-0.0059,-0.00456,0.00468,0.00899
955.09,-0.00954,-0.00894,-0.00708,-0.00537,0.00387,0.00863
955.39,-0.0097,-0.00978,-0.00754,-0.00505,0.00325,0.00799
955.68,-0.00944,-0.01007,-0.00782,-0.00478,0.00274,0.00676
955.98,-0.00822,-0.0099,-0.00715,-0.00406,0.00292,0.00683
956.28,-0.00875,-0.01004,-0.00743,-0.00335,0.0026,0.00673
956.57,-0.00847,-0.00923,-0.00663,-0.00297,0.00353,0.00725
956.87,-0.00962,-0.01015,-0.00706,-0.00365,0.00291,0.00655
957.17,-0.01012,-0.01099,-0.00712,-0.00369,0.00283,0.00612
957.46,-0.01068,-0.00993,-0.00619,-0.00431,0.00246,0.00663
957.76,-0.0107,-0.01063,-0.00586,-0.00509,0.0029,0.00755
958.06,-0.0115,-0.01125,-0.00702,-0.00627,0.00217,0.00647
958.35,-0.0112,-0.01117,-0.00756,-0.00698,0.00194,0.00647
958.65,-0.01238,-0.01248,-0.00847,-0.00873,0.0007,0.00543
958.95,-0.01222,-0.01307,-0.00802,-0.00889,0.00145,0.00583
959.24,-0.01104,-0.01208,-0.00792,-0.00943,0.00104,0.00563
959.54,-0.00886,-0.01209,-0.00778,-0.00886,0.00167,0.00529
959.83,-0.00994,-0.01149,-0.00791,-0.0086,0.00195,0.00501
960.13,-0.00981,-0.01154,-0.00766,-0.0087,0.002,0.00424
960.43,-0.00993,-0.01175,-0.00733,-0.00831,0.00155,0.00539
960.72,-0.00926,-0.01136,-0.00709,-0.00771,0.00157,0.0058
961.02,-0.00878,-0.01022,-0.00671,-0.00739,0.00142,0.00624
961.31,-0.00983,-0.01089,-0.00741,-0.00791,0.00135,0.00556
961.61,-0.01178,-0.01215,-0.00835,-0.00846,0.00069,0.00548
961.9,-0.01159,-0.01238,-0.00889,-0.00822,0.00035,0.00572
962.2,-0.01216,-0.01193,-0.00917,-0.00782,-0.00012,0.00651
962.5,-0.01258,-0.012,-0.01077,-0.00856,0.00056,0.00496
962.79,-0.01379,-0.01209,-0.01086,-0.00969,0.00117,0.00438
963.09,-0.01391,-0.01303,-0.01186,-0.00985,0.00154,0.00346
963.38,-0.01363,-0.01305,-0.01201,-0.01014,0.00172,0.00351
963.68,-0.01461,-0.01252,-0.01181,-0.00996,0.00175,0.00301
963.97,-0.01537,-0.01385,-0.01197,-0.01082,0.00144,0.00139
964.27,-0.01512,-0.01319,-0.01099,-0.01126,0.00221,0.00186
964.56,-0.01505,-0.01343,-0.00956,-0.01128,0.00107,0.00251
964.86,-0.01458,-0.01313,-0.01073,-0.01106,-0.00026,0.00145
965.15,-0.01479,-0.01321,-0.0101,-0.01098,-0.00107,0.00172
965.45,-0.01511,-0.01355,-0.00938,-0.00992,-0.00079,0.00266
965.74,-0.01305,-0.0127,-0.00818,-0.00962,0,0.00428
966.04,-0.01276,-0.01178,-0.0085,-0.0094,0.00053,0.0046
966.33,-0.01257,-0.01222,-0.00983,-0.00877,-0.00043,0.00399
966.63,-0.01326,-0.01233,-0.01073,-0.00926,-0.00154,0.00293
966.92,-0.01283,-0.01172,-0.00965,-0.00767,0.0004,0.00467
967.22,-0.01226,-0.01202,-0.00985,-0.00758,0.00063,0.00414
967.51,-0.01309,-0.0116,-0.00923,-0.00817,0.00077,0.00359
967.81,-0.01415,-0.01285,-0.01123,-0.00913,0.00078,0.00195
968.1,-0.01398,-0.01426,-0.01194,-0.01061,-0.00119,0.00192
968.4,-0.01406,-0.01511,-0.01132,-0.01155,-0.00132,0.00228
968.69,-0.01371,-0.01613,-0.01149,-0.0117,-0.00077,0.00162
968.98,-0.01412,-0.01694,-0.01239,-0.01348,-0.00238,0.00096
969.28,-0.01631,-0.01677,-0.01346,-0.01432,-0.00294,0.0017
969.57,-0.01493,-0.01644,-0.01351,-0.01411,-0.0034,0.00214
969.87,-0.015,-0.01713,-0.01293,-0.01457,-0.00469,0.00262
970.16,-0.01565,-0.01678,-0.01276,-0.01358,-0.00426,0.00213
970.46,-0.01507,-0.01733,-0.01332,-0.01246,-0.00409,0.00174
970.75,-0.01612,-0.01702,-0.01348,-0.01241,-0.00436,0.0024
971.04,-0.0163,-0.01808,-0.01329,-0.0113,-0.00416,0.00126
971.34,-0.01667,-0.0203,-0.0142,-0.01193,-0.00492,0.00016
971.63,-0.01886,-0.02167,-0.01486,-0.01285,-0.00604,-0.00131
971.93,-0.01987,-0.02249,-0.01601,-0.0133,-0.00674,-0.00238
972.22,-0.02046,-0.02309,-0.01619,-0.01396,-0.00664,-0.00393
972.51,-0.02108,-0.022,-0.01761,-0.01411,-0.00561,-0.00386
972.81,-0.02045,-0.02242,-0.01747,-0.01475,-0.00449,-0.00444
973.1,-0.01994,-0.02226,-0.01711,-0.01402,-0.00507,-0.00314
973.39,-0.01925,-0.02154,-0.01658,-0.0137,-0.00521,-0.00467
973.69,-0.018,-0.02111,-0.01734,-0.01367,-0.00513,-0.00423
973.98,-0.01738,-0.02008,-0.01668,-0.0129,-0.00485,-0.00392
974.27,-0.01623,-0.01868,-0.0159,-0.01077,-0.00418,-0.00071
974.57,-0.01781,-0.01963,-0.01695,-0.0124,-0.0059,-0.00058
974.86,-0.01794,-0.02038,-0.01758,-0.01297,-0.00642,-0.00112
975.15,-0.01885,-0.02095,-0.01852,-0.01457,-0.00612,-0.00159
975.45,-0.01736,-0.02034,-0.01788,-0.01326,-0.00548,0.00034
975.74,-0.01696,-0.01919,-0.01781,-0.01283,-0.00489,0.00212
976.03,-0.01822,-0.02004,-0.01994,-0.01434,-0.00604,0.00084
976.33,-0.02032,-0.02212,-0.02126,-0.01705,-0.00659,-0.00076
976.62,-0.01979,-0.02364,-0.01998,-0.01687,-0.00665,-0.00223
976.91,-0.01887,-0.0214,-0.01932,-0.01551,-0.00697,-0.00082
977.21,-0.01759,-0.02057,-0.01913,-0.01625,-0.00668,-5.00E-05
977.5,-0.0193,-0.02007,-0.01928,-0.01638,-0.00663,-0.00083
977.79,-0.02131,-0.02266,-0.02124,-0.01781,-0.00845,-0.00255
978.08,-0.01959,-0.02132,-0.01974,-0.01676,-0.00698,-0.00065
978.38,-0.01778,-0.02143,-0.01956,-0.01792,-0.00783,-0.00159
978.67,-0.01854,-0.02006,-0.01908,-0.01848,-0.00686,-0.00051
978.96,-0.01988,-0.02165,-0.01952,-0.0191,-0.00738,-0.00152
979.25,-0.01902,-0.02209,-0.01947,-0.01802,-0.0074,-0.00207
979.55,-0.01937,-0.02427,-0.02072,-0.01937,-0.00743,-0.00197
979.84,-0.01978,-0.02497,-0.0188,-0.02023,-0.00714,-0.00216
980.13,-0.02043,-0.02632,-0.01825,-0.02128,-0.00752,-0.00288
980.42,-0.02048,-0.02539,-0.01809,-0.01926,-0.00706,-0.00117
980.71,-0.02166,-0.02746,-0.01858,-0.02023,-0.00777,-0.00298
981.01,-0.02131,-0.02686,-0.01902,-0.02015,-0.00774,-0.00303
981.3,-0.02344,-0.02547,-0.02046,-0.02052,-0.00881,-0.00533
981.59,-0.0229,-0.02449,-0.02089,-0.02197,-0.00964,-0.00562
981.88,-0.02204,-0.02363,-0.02174,-0.02098,-0.00934,-0.0063
982.18,-0.02212,-0.02238,-0.0216,-0.02103,-0.00782,-0.00688
982.47,-0.01759,-0.01591,-0.0145,-0.01492,-0.00217,-0.00047
982.76,-0.01387,-0.01301,-0.01208,-0.01258,-0.00148,0.00097
983.05,-0.01384,-0.01432,-0.01131,-0.01319,0.00049,0.00201
983.34,-0.0153,-0.016,-0.01001,-0.01348,0.00209,0.00302
983.63,-0.01379,-0.01358,-0.00746,-0.01141,0.00385,0.00405
983.93,-0.01285,-0.01205,-0.00555,-0.01035,0.00534,0.00494
984.22,-0.01434,-0.01551,-0.00596,-0.0105,0.00246,0.00382
984.51,-0.02012,-0.02261,-0.0132,-0.01763,-0.00403,-0.0039
984.8,-0.02325,-0.02348,-0.01697,-0.01927,-0.00597,-0.0044
985.09,-0.0255,-0.02478,-0.01933,-0.01931,-0.00962,-0.00773
985.38,-0.02501,-0.02565,-0.01977,-0.0195,-0.01161,-0.00899
985.67,-0.02664,-0.02852,-0.02083,-0.02108,-0.014,-0.01057
985.96,-0.02807,-0.03064,-0.02386,-0.02131,-0.01561,-0.01253
986.26,-0.02726,-0.02906,-0.02452,-0.02158,-0.01515,-0.01103
986.55,-0.02842,-0.02979,-0.02565,-0.02186,-0.01488,-0.01236
986.84,-0.02774,-0.03009,-0.02391,-0.02157,-0.01418,-0.01176
987.13,-0.02631,-0.02777,-0.02167,-0.01985,-0.01261,-0.01062
987.42,-0.02803,-0.02814,-0.02205,-0.0223,-0.01312,-0.01146
987.71,-0.02843,-0.02708,-0.02285,-0.02264,-0.0136,-0.01151
988,-0.02869,-0.02791,-0.02191,-0.02487,-0.01278,-0.01116
988.29,-0.02763,-0.02869,-0.02179,-0.0248,-0.01183,-0.01013
988.58,-0.02603,-0.02972,-0.02264,-0.02511,-0.01439,-0.01094
988.87,-0.02706,-0.03268,-0.02424,-0.02685,-0.01616,-0.0132
989.16,-0.02811,-0.03486,-0.0243,-0.02978,-0.01655,-0.01324
989.46,-0.0293,-0.03604,-0.02647,-0.03003,-0.01847,-0.01323
989.75,-0.02836,-0.03779,-0.02677,-0.03066,-0.01612,-0.0152
990.04,-0.02684,-0.03494,-0.0248,-0.0269,-0.01574,-0.01421
990.33,-0.02865,-0.0351,-0.02465,-0.02769,-0.0179,-0.01713
990.62,-0.03019,-0.03394,-0.02415,-0.02919,-0.01807,-0.01815
990.91,-0.03179,-0.03183,-0.02339,-0.02802,-0.01557,-0.01763
991.2,-0.03232,-0.0309,-0.02493,-0.02722,-0.01567,-0.01626
991.49,-0.0297,-0.0296,-0.02297,-0.02173,-0.01318,-0.01472
991.78,-0.03032,-0.02707,-0.02216,-0.01751,-0.01384,-0.01085
992.07,-0.03443,-0.03046,-0.02629,-0.02315,-0.01822,-0.01454
992.36,-0.03416,-0.0288,-0.02788,-0.02177,-0.01897,-0.01459
992.65,-0.03416,-0.0295,-0.02889,-0.02057,-0.01784,-0.01263
992.94,-0.03183,-0.0308,-0.02919,-0.02207,-0.01948,-0.01209
993.23,-0.03123,-0.03121,-0.02919,-0.02254,-0.02152,-0.01281
993.52,-0.03325,-0.03234,-0.03122,-0.02949,-0.02376,-0.01553
993.81,-0.03499,-0.03388,-0.03304,-0.0333,-0.02612,-0.01957
994.1,-0.03124,-0.03382,-0.03143,-0.03078,-0.02402,-0.01835
994.39,-0.03264,-0.03725,-0.03306,-0.03271,-0.02326,-0.02111
994.68,-0.03166,-0.03523,-0.03135,-0.03375,-0.0236,-0.01853
994.96,-0.03327,-0.03473,-0.03227,-0.03153,-0.02364,-0.0194
995.25,-0.03228,-0.03701,-0.03176,-0.03438,-0.02231,-0.02088
995.54,-0.02945,-0.03483,-0.03148,-0.03399,-0.0207,-0.01745
995.83,-0.03126,-0.03771,-0.03153,-0.03555,-0.02005,-0.01737
996.12,-0.0332,-0.03741,-0.03272,-0.03675,-0.02098,-0.01872
996.41,-0.03358,-0.03557,-0.03263,-0.03765,-0.02173,-0.01587
996.7,-0.0363,-0.03714,-0.03372,-0.03767,-0.01882,-0.02033
996.99,-0.03794,-0.03747,-0.03466,-0.03989,-0.02065,-0.02216
997.28,-0.03652,-0.03434,-0.0352,-0.03537,-0.02023,-0.0217
997.57,-0.03796,-0.03468,-0.03424,-0.03212,-0.02015,-0.0219
997.86,-0.03737,-0.03616,-0.037,-0.0323,-0.02285,-0.02424
998.15,-0.03749,-0.03507,-0.0359,-0.03223,-0.02155,-0.02212
998.43,-0.03829,-0.03798,-0.03553,-0.03262,-0.02253,-0.02214
998.72,-0.03677,-0.03663,-0.0338,-0.03161,-0.02417,-0.01991
999.01,-0.03597,-0.03881,-0.03716,-0.03507,-0.02666,-0.02244
999.3,-0.03942,-0.04133,-0.03999,-0.03978,-0.02904,-0.02322
999.59,-0.04043,-0.04248,-0.04006,-0.04096,-0.03052,-0.02561
999.88,-0.04039,-0.04306,-0.03795,-0.04083,-0.03135,-0.02341
1000.17,-0.04225,-0.04584,-0.03931,-0.04316,-0.03603,-0.02794
1000.45,-0.03998,-0.04408,-0.03854,-0.03979,-0.03395,-0.03179
1000.74,-0.04094,-0.04419,-0.04063,-0.04135,-0.03425,-0.03692
1001.03,-0.04036,-0.04162,-0.03624,-0.03822,-0.03029,-0.0355
1001.32,-0.03527,-0.03896,-0.0322,-0.03462,-0.02846,-0.03487
1001.61,-0.03471,-0.0406,-0.03372,-0.03525,-0.02841,-0.03441
1001.9,-0.03631,-0.04139,-0.03528,-0.03543,-0.02906,-0.0365
1002.18,-0.03554,-0.0402,-0.03847,-0.035,-0.02905,-0.03434
1002.47,-0.03848,-0.03968,-0.03903,-0.04001,-0.02935,-0.03257
1002.76,-0.03916,-0.04357,-0.04017,-0.044,-0.03403,-0.03146
1003.05,-0.03789,-0.0439,-0.04137,-0.04403,-0.03543,-0.03162
1003.34,-0.04401,-0.04321,-0.04413,-0.04706,-0.03921,-0.03529
1003.62,-0.04551,-0.04237,-0.04561,-0.04956,-0.04178,-0.03931
1003.91,-0.04475,-0.04065,-0.0433,-0.05323,-0.04,-0.03939
1004.2,-0.04611,-0.04258,-0.04184,-0.05449,-0.03643,-0.04016
1004.49,-0.04093,-0.03792,-0.03588,-0.04744,-0.03474,-0.03706
1004.77,-0.04284,-0.03836,-0.03673,-0.04633,-0.03391,-0.03716
1005.06,-0.04452,-0.03659,-0.03475,-0.04334,-0.02909,-0.03398
1005.35,-0.04565,-0.04212,-0.03488,-0.04169,-0.02647,-0.03359
1005.64,-0.04497,-0.04474,-0.03365,-0.04176,-0.02303,-0.03122
1005.92,-0.04137,-0.04325,-0.03189,-0.03801,-0.02018,-0.02864
1006.21,-0.04065,-0.04392,-0.03133,-0.03809,-0.0234,-0.02869
1006.5,-0.04538,-0.05038,-0.03747,-0.04525,-0.02546,-0.03171
1006.79,-0.0427,-0.05133,-0.03933,-0.04271,-0.02676,-0.03213
1007.07,-0.04099,-0.05444,-0.04359,-0.05056,-0.03695,-0.037
1007.36,-0.04266,-0.05305,-0.04545,-0.05482,-0.04072,-0.038
1007.65,-0.04298,-0.05209,-0.04627,-0.05514,-0.04312,-0.04002
1007.93,-0.04615,-0.05051,-0.05062,-0.05901,-0.04952,-0.04779
1008.22,-0.04434,-0.04665,-0.04721,-0.05901,-0.05038,-0.04788
1008.51,-0.04957,-0.05095,-0.05578,-0.06303,-0.05754,-0.05663
1008.8,-0.05133,-0.04834,-0.05763,-0.06562,-0.05565,-0.06048
1009.08,-0.05122,-0.04775,-0.05957,-0.06303,-0.05134,-0.05842
1009.37,-0.04576,-0.04823,-0.05839,-0.06171,-0.04881,-0.05647
1009.66,-0.04613,-0.04959,-0.05916,-0.06324,-0.0511,-0.05671
1009.94,-0.04032,-0.04755,-0.05729,-0.05922,-0.04771,-0.05115
1010.23,-0.04319,-0.04969,-0.06002,-0.05844,-0.04745,-0.05424
1010.52,-0.03708,-0.04404,-0.05482,-0.05739,-0.04442,-0.05048
1010.8,-0.03938,-0.04729,-0.0516,-0.05863,-0.04763,-0.04841
1011.09,-0.04752,-0.0493,-0.04969,-0.06507,-0.0521,-0.05525
1011.37,-0.046,-0.04637,-0.04698,-0.06601,-0.05392,-0.05914
1011.66,-0.04821,-0.04578,-0.04838,-0.06662,-0.05567,-0.06516
1011.95,-0.05404,-0.04722,-0.04843,-0.06678,-0.05654,-0.06383
1012.23,-0.05403,-0.05335,-0.05153,-0.07126,-0.05879,-0.06629
1012.52,-0.05614,-0.05594,-0.04875,-0.07123,-0.05925,-0.06409
1012.8,-0.0523,-0.05178,-0.04818,-0.0715,-0.06009,-0.06671
1013.09,-0.04334,-0.05077,-0.04752,-0.06604,-0.05723,-0.06144
1013.38,-0.0501,-0.05558,-0.05633,-0.06831,-0.05984,-0.06612
1013.66,-0.04938,-0.05321,-0.05664,-0.06925,-0.06084,-0.06081
1013.95,-0.0535,-0.05958,-0.0662,-0.07981,-0.06215,-0.07253
1014.23,-0.05079,-0.05493,-0.0669,-0.07616,-0.05997,-0.06745
1014.52,-0.05227,-0.05499,-0.07095,-0.07559,-0.06782,-0.0714
1014.81,-0.05491,-0.05394,-0.07494,-0.07686,-0.06857,-0.06944
1015.09,-0.06146,-0.06091,-0.07697,-0.07869,-0.07736,-0.07558
1015.38,-0.05182,-0.05891,-0.07682,-0.0754,-0.07868,-0.06863
1015.66,-0.04549,-0.05643,-0.07255,-0.0745,-0.07614,-0.06951
1015.95,-0.04553,-0.05611,-0.0661,-0.06949,-0.08043,-0.0677
1016.23,-0.04589,-0.05165,-0.06371,-0.07059,-0.08379,-0.07063
1016.52,-0.04424,-0.05312,-0.06696,-0.07394,-0.08259,-0.06992
1016.8,-0.0412,-0.05523,-0.0639,-0.07343,-0.08059,-0.07226
1017.09,-0.03334,-0.04692,-0.06266,-0.07385,-0.07207,-0.06919
1017.37,-0.04055,-0.04518,-0.06104,-0.07927,-0.07404,-0.07104
1017.66,-0.05028,-0.05306,-0.06659,-0.08162,-0.07864,-0.07594
1017.94,-0.03952,-0.04211,-0.06026,-0.07428,-0.07328,-0.06377
1018.23,-0.0362,-0.04631,-0.06283,-0.07927,-0.06925,-0.06053
1018.51,-0.03618,-0.04314,-0.05956,-0.07671,-0.06314,-0.06283
1018.8,-0.03222,-0.04013,-0.05396,-0.07359,-0.06193,-0.06063
1019.08,-0.03308,-0.03945,-0.05169,-0.07058,-0.0609,-0.06164
1019.37,-0.02829,-0.04139,-0.04711,-0.06761,-0.05663,-0.06114
1019.65,-0.02061,-0.0369,-0.04765,-0.07068,-0.05608,-0.0556
1019.94,-0.02803,-0.04433,-0.05629,-0.07889,-0.06395,-0.06476
1020.22,-0.03028,-0.03448,-0.04864,-0.06894,-0.05943,-0.06288
1020.51,-0.02242,-0.02829,-0.04456,-0.06582,-0.0584,-0.05977
1020.79,-0.02884,-0.03545,-0.05611,-0.07566,-0.06483,-0.06487
1021.08,-0.03074,-0.03711,-0.05764,-0.08347,-0.07306,-0.06487
1021.36,-0.03515,-0.03702,-0.06028,-0.08771,-0.07688,-0.06861
1021.64,-0.03684,-0.04068,-0.06039,-0.08593,-0.08152,-0.07661
1021.93,-0.03292,-0.04206,-0.05268,-0.08714,-0.07622,-0.07393
1022.21,-0.03267,-0.05353,-0.05491,-0.09652,-0.08393,-0.0802
1022.5,-0.03723,-0.0616,-0.05275,-0.10265,-0.08618,-0.08063
1022.78,-0.03162,-0.06247,-0.02542,-0.09626,-0.06759,-0.06929
1023.07,-0.03162,-0.06247,-0.02542,-0.09626,-0.06759,-0.06929
1023.35,-0.03162,-0.06247,-0.02542,-0.09626,-0.06759,-0.06929