EXMPC,0,0,0,0,0,0
WAC,0,0,0,0,0,0
G11,0,0,0,0,0,0
950,0,0,0,0,0,0
50,0,0,0,0,0,0
nm,0,0,0,0,0,0
Angular Dependence,0,0,0,0,0,0
Wavelengths,0,8,16,24,32,40
360.15,-0.30724,-0.26813,-0.30992,-0.31443,-0.28167,-0.3411
360.52,-0.30051,-0.26278,-0.3003,-0.30275,-0.27794,-0.32813
360.9,-0.29528,-0.26566,-0.29512,-0.3093,-0.28733,-0.33163
361.27,-0.29307,-0.28663,-0.32405,-0.31214,-0.2954,-0.33338
361.65,-0.2845,-0.27565,-0.3209,-0.30921,-0.29499,-0.32016
362.02,-0.2728,-0.26005,-0.31352,-0.28426,-0.26924,-0.29826
362.4,-0.26413,-0.26071,-0.31552,-0.29355,-0.2795,-0.30015
362.77,-0.26792,-0.27123,-0.33987,-0.31738,-0.30185,-0.30483
363.15,-0.26643,-0.27354,-0.34866,-0.31417,-0.31695,-0.31143
363.52,-0.26407,-0.27436,-0.35441,-0.32387,-0.31505,-0.31629
363.9,-0.26739,-0.25838,-0.32741,-0.31802,-0.30531,-0.30318
364.27,-0.25961,-0.26261,-0.32373,-0.30619,-0.30201,-0.30633
364.64,-0.25538,-0.27306,-0.32156,-0.30912,-0.3126,-0.31247
365.02,-0.26563,-0.2799,-0.3187,-0.3202,-0.31204,-0.30502
365.39,-0.26849,-0.27626,-0.29765,-0.30824,-0.30369,-0.29946
365.77,-0.26154,-0.27455,-0.28675,-0.29427,-0.29036,-0.28933
366.14,-0.25254,-0.26624,-0.27072,-0.27408,-0.27001,-0.27736
366.52,-0.22889,-0.23398,-0.25775,-0.26113,-0.24272,-0.26038
366.89,-0.22861,-0.23132,-0.24865,-0.26095,-0.23426,-0.25143
367.26,-0.22334,-0.22383,-0.24309,-0.25964,-0.22744,-0.23835
367.64,-0.21039,-0.21225,-0.23348,-0.24105,-0.20453,-0.23117
368.01,-0.20816,-0.20663,-0.22811,-0.23935,-0.19233,-0.22643
368.39,-0.2147,-0.2101,-0.23795,-0.25515,-0.20315,-0.23017
368.76,-0.1953,-0.20568,-0.23238,-0.25112,-0.21,-0.2287
369.13,-0.1971,-0.21804,-0.22635,-0.24813,-0.22352,-0.22551
369.51,-0.19375,-0.22011,-0.22291,-0.23937,-0.22601,-0.22702
369.88,-0.19752,-0.22138,-0.21479,-0.23168,-0.22472,-0.22339
370.25,-0.18621,-0.21006,-0.20507,-0.21857,-0.23021,-0.21096
370.63,-0.16801,-0.20475,-0.19645,-0.21103,-0.22597,-0.19561
371,-0.15379,-0.18983,-0.17617,-0.19282,-0.20738,-0.17863
371.38,-0.15921,-0.18389,-0.17146,-0.18056,-0.19296,-0.16742
371.75,-0.15389,-0.18275,-0.16745,-0.18068,-0.18278,-0.166
372.12,-0.14933,-0.16478,-0.15778,-0.17578,-0.17084,-0.15595
372.5,-0.14519,-0.15385,-0.15811,-0.16807,-0.16902,-0.15346
372.87,-0.15335,-0.162,-0.16217,-0.17087,-0.16784,-0.15633
373.24,-0.16296,-0.15705,-0.16429,-0.16254,-0.16443,-0.16424
373.62,-0.15813,-0.14979,-0.16294,-0.15727,-0.16535,-0.16595
373.99,-0.15829,-0.1428,-0.15852,-0.16063,-0.16653,-0.16341
374.36,-0.15656,-0.13569,-0.158,-0.15229,-0.16857,-0.1619
374.74,-0.15668,-0.13892,-0.1558,-0.14648,-0.17038,-0.16237
375.11,-0.15364,-0.13853,-0.14247,-0.14444,-0.15803,-0.16123
375.48,-0.14859,-0.13243,-0.14013,-0.14127,-0.15348,-0.1558
375.86,-0.13708,-0.13379,-0.13204,-0.13917,-0.15831,-0.14902
376.23,-0.131,-0.13149,-0.12768,-0.1306,-0.14684,-0.13724
376.6,-0.12495,-0.13333,-0.12321,-0.12302,-0.14094,-0.13004
376.98,-0.12473,-0.13679,-0.12022,-0.12795,-0.14146,-0.12698
377.35,-0.11953,-0.12844,-0.1187,-0.1237,-0.13895,-0.12123
377.72,-0.11396,-0.12503,-0.12321,-0.11779,-0.13667,-0.11627
378.1,-0.11503,-0.12289,-0.12465,-0.11731,-0.13206,-0.11757
378.47,-0.11042,-0.11417,-0.11757,-0.11213,-0.12332,-0.11258
378.84,-0.11297,-0.11449,-0.11497,-0.1182,-0.13059,-0.11666
379.22,-0.11114,-0.10746,-0.1118,-0.11438,-0.12677,-0.12479
379.59,-0.10939,-0.10178,-0.10779,-0.11517,-0.1155,-0.12123
379.96,-0.10663,-0.10079,-0.10525,-0.11622,-0.10879,-0.11468
380.33,-0.10408,-0.09677,-0.10154,-0.1146,-0.10718,-0.10609
380.71,-0.0947,-0.09225,-0.09325,-0.107,-0.1044,-0.09597
381.08,-0.09409,-0.09405,-0.09585,-0.10786,-0.0986,-0.09574
381.45,-0.09576,-0.09305,-0.09965,-0.10763,-0.09568,-0.09668
381.83,-0.09226,-0.09254,-0.10172,-0.11142,-0.09896,-0.09055
382.2,-0.09138,-0.08932,-0.10235,-0.09819,-0.10003,-0.08667
382.57,-0.09379,-0.09103,-0.10221,-0.10102,-0.10339,-0.08983
382.94,-0.09218,-0.08751,-0.10053,-0.0977,-0.09931,-0.09216
383.32,-0.09295,-0.08813,-0.10395,-0.10024,-0.1018,-0.09664
383.69,-0.09255,-0.08499,-0.10288,-0.09985,-0.09975,-0.09544
384.06,-0.08487,-0.08054,-0.09689,-0.09142,-0.09206,-0.08803
384.43,-0.08193,-0.07838,-0.09234,-0.08585,-0.08652,-0.08151
384.81,-0.07552,-0.07455,-0.08698,-0.08873,-0.08401,-0.08207
385.18,-0.07068,-0.0709,-0.08471,-0.08364,-0.07759,-0.07625
385.55,-0.06926,-0.07004,-0.08094,-0.08458,-0.0759,-0.07226
385.92,-0.0679,-0.06712,-0.0764,-0.07926,-0.06926,-0.06693
386.3,-0.06307,-0.06451,-0.07054,-0.07406,-0.06702,-0.06452
386.67,-0.06495,-0.06758,-0.06959,-0.07804,-0.07059,-0.06639
387.04,-0.06442,-0.06529,-0.06711,-0.07553,-0.06733,-0.06612
387.41,-0.06421,-0.06659,-0.06626,-0.07322,-0.06641,-0.0632
387.78,-0.05952,-0.0674,-0.06349,-0.07218,-0.06765,-0.06482
388.16,-0.06063,-0.06859,-0.06481,-0.07091,-0.07038,-0.06923
388.53,-0.0586,-0.06624,-0.05986,-0.06796,-0.07059,-0.06709
388.9,-0.061,-0.06787,-0.06276,-0.06745,-0.07208,-0.0676
389.27,-0.05865,-0.06191,-0.06011,-0.0611,-0.06343,-0.06605
389.65,-0.05443,-0.06273,-0.05981,-0.05827,-0.06278,-0.0654
390.02,-0.05266,-0.05889,-0.05804,-0.0555,-0.05922,-0.06536
390.39,-0.05509,-0.05619,-0.05899,-0.05275,-0.05648,-0.06075
390.76,-0.05175,-0.05288,-0.05749,-0.05061,-0.05115,-0.05718
391.13,-0.04975,-0.04914,-0.05584,-0.04963,-0.04744,-0.05495
391.5,-0.04427,-0.04222,-0.05015,-0.04682,-0.04498,-0.05111
391.88,-0.04379,-0.04013,-0.04866,-0.04696,-0.04698,-0.05055
392.25,-0.04563,-0.03768,-0.04586,-0.04737,-0.04783,-0.04865
392.62,-0.04901,-0.03925,-0.04688,-0.04827,-0.05134,-0.04745
392.99,-0.04757,-0.03773,-0.04453,-0.04896,-0.05121,-0.05053
393.36,-0.04739,-0.03787,-0.04389,-0.04835,-0.0508,-0.04736
393.73,-0.0483,-0.04144,-0.04686,-0.05113,-0.05401,-0.05131
394.11,-0.05009,-0.04368,-0.05005,-0.05215,-0.05377,-0.05106
394.48,-0.04699,-0.04486,-0.04889,-0.05174,-0.05137,-0.04997
394.85,-0.04958,-0.04633,-0.05344,-0.05382,-0.05217,-0.05343
395.22,-0.04475,-0.04578,-0.05196,-0.05214,-0.04856,-0.05257
395.59,-0.04534,-0.04646,-0.05291,-0.05151,-0.04847,-0.05202
395.96,-0.04622,-0.04649,-0.05231,-0.05201,-0.04966,-0.05365
396.33,-0.045,-0.04499,-0.0479,-0.04925,-0.04521,-0.04897
396.71,-0.04498,-0.04409,-0.04652,-0.04857,-0.04466,-0.04817
397.08,-0.04586,-0.04538,-0.04739,-0.0462,-0.04764,-0.04691
397.45,-0.04191,-0.04173,-0.04234,-0.04127,-0.04348,-0.04327
397.82,-0.04492,-0.04196,-0.04184,-0.04293,-0.04518,-0.04593
398.19,-0.04351,-0.04002,-0.04098,-0.04305,-0.04425,-0.0441
398.56,-0.04187,-0.03918,-0.03997,-0.0402,-0.04276,-0.04179
398.93,-0.04055,-0.03681,-0.04054,-0.03921,-0.04198,-0.04192
399.3,-0.04121,-0.03818,-0.03998,-0.03923,-0.04254,-0.04135
399.68,-0.0406,-0.03655,-0.03898,-0.04113,-0.03918,-0.03924
400.05,-0.03991,-0.03759,-0.03901,-0.04256,-0.03927,-0.03843
400.42,-0.03575,-0.03449,-0.03796,-0.03901,-0.03485,-0.0332
400.79,-0.03591,-0.03671,-0.03751,-0.03848,-0.03596,-0.03368
401.16,-0.03449,-0.0339,-0.0365,-0.03643,-0.03527,-0.03263
401.53,-0.03444,-0.03459,-0.03837,-0.03708,-0.03718,-0.03164
401.9,-0.03178,-0.03237,-0.03807,-0.03609,-0.03466,-0.03223
402.27,-0.03063,-0.02987,-0.03672,-0.03311,-0.03336,-0.03298
402.64,-0.03032,-0.02799,-0.03501,-0.03194,-0.03142,-0.03097
403.01,-0.03144,-0.03034,-0.0351,-0.03346,-0.03317,-0.0326
403.38,-0.02776,-0.02668,-0.0318,-0.03049,-0.03069,-0.02917
403.75,-0.02869,-0.02964,-0.03295,-0.03233,-0.03161,-0.03083
404.12,-0.02835,-0.02928,-0.03113,-0.03128,-0.03003,-0.03051
404.5,-0.02909,-0.02979,-0.02952,-0.03092,-0.03117,-0.02942
404.87,-0.02855,-0.03172,-0.0307,-0.03282,-0.03279,-0.02859
405.24,-0.02826,-0.03234,-0.03183,-0.03365,-0.03321,-0.02992
405.61,-0.02786,-0.03106,-0.03172,-0.03288,-0.03233,-0.0296
405.98,-0.02968,-0.03262,-0.03273,-0.03303,-0.03123,-0.03105
406.35,-0.02759,-0.03107,-0.03035,-0.03316,-0.02913,-0.03002
406.72,-0.02801,-0.03066,-0.03111,-0.03294,-0.02909,-0.03048
407.09,-0.02666,-0.02957,-0.03114,-0.0315,-0.02723,-0.03048
407.46,-0.02493,-0.0269,-0.0283,-0.02955,-0.02614,-0.02952
407.83,-0.02456,-0.02648,-0.02874,-0.02822,-0.02586,-0.02902
408.2,-0.0229,-0.02448,-0.02786,-0.02593,-0.02431,-0.0279
408.57,-0.02273,-0.02261,-0.02684,-0.02489,-0.02429,-0.0268
408.94,-0.02204,-0.02087,-0.02575,-0.02301,-0.02407,-0.02576
409.31,-0.02136,-0.02109,-0.02425,-0.02299,-0.02464,-0.02615
409.68,-0.02146,-0.021,-0.0235,-0.02268,-0.02508,-0.02463
410.05,-0.02161,-0.02158,-0.02302,-0.02189,-0.02448,-0.02357
410.42,-0.02066,-0.02131,-0.02175,-0.02259,-0.02464,-0.02373
410.79,-0.0221,-0.02142,-0.02213,-0.02331,-0.02598,-0.02373
411.16,-0.02094,-0.02102,-0.02184,-0.02339,-0.02477,-0.0238
411.53,-0.0207,-0.0214,-0.02273,-0.02371,-0.02457,-0.02432
411.9,-0.01989,-0.02091,-0.02214,-0.02368,-0.0228,-0.02369
412.27,-0.01723,-0.01972,-0.02061,-0.02197,-0.02015,-0.02272
412.64,-0.01745,-0.01898,-0.02082,-0.02138,-0.01872,-0.02186
413.01,-0.01724,-0.01771,-0.01984,-0.02027,-0.01728,-0.02088
413.38,-0.01585,-0.01723,-0.0183,-0.01958,-0.01661,-0.0209
413.75,-0.01595,-0.01723,-0.01812,-0.01935,-0.01668,-0.01969
414.12,-0.01578,-0.01666,-0.01673,-0.0187,-0.0161,-0.01878
414.49,-0.01535,-0.01605,-0.01649,-0.01841,-0.0163,-0.01774
414.86,-0.01648,-0.01647,-0.01761,-0.01974,-0.01742,-0.01779
415.23,-0.0165,-0.01724,-0.0182,-0.01989,-0.01793,-0.01858
415.6,-0.01581,-0.01777,-0.01807,-0.01878,-0.0177,-0.01772
415.96,-0.01558,-0.01798,-0.01856,-0.01857,-0.01725,-0.01687
416.33,-0.01529,-0.01788,-0.01915,-0.01882,-0.0175,-0.01772
416.7,-0.01461,-0.01747,-0.01924,-0.01765,-0.01716,-0.01666
417.07,-0.01406,-0.01715,-0.01888,-0.01616,-0.01612,-0.01634
417.44,-0.01445,-0.01732,-0.01809,-0.01557,-0.01553,-0.01662
417.81,-0.01382,-0.01622,-0.01718,-0.01503,-0.01583,-0.01687
418.18,-0.01455,-0.01631,-0.01729,-0.01569,-0.01617,-0.01778
418.55,-0.01463,-0.01601,-0.01713,-0.0156,-0.01617,-0.01757
418.92,-0.01442,-0.01608,-0.01581,-0.01473,-0.01548,-0.01646
419.29,-0.01496,-0.01647,-0.01627,-0.01546,-0.01604,-0.01757
419.66,-0.01533,-0.01633,-0.01536,-0.0154,-0.01606,-0.0171
420.03,-0.01457,-0.01544,-0.0155,-0.01554,-0.0158,-0.01651
420.39,-0.01459,-0.01542,-0.01551,-0.01525,-0.01476,-0.01619
420.76,-0.01498,-0.01598,-0.01685,-0.01556,-0.01538,-0.01643
421.13,-0.01471,-0.01603,-0.01652,-0.01609,-0.01551,-0.01674
421.5,-0.01444,-0.01466,-0.01669,-0.01616,-0.01549,-0.01687
421.87,-0.01453,-0.0147,-0.01602,-0.01633,-0.01554,-0.01628
422.24,-0.01458,-0.01482,-0.01696,-0.016,-0.01586,-0.01683
422.61,-0.01477,-0.01474,-0.017,-0.01588,-0.01651,-0.01696
422.98,-0.01477,-0.01467,-0.0169,-0.01655,-0.01696,-0.01671
423.35,-0.01342,-0.01308,-0.01505,-0.01593,-0.01566,-0.01541
423.71,-0.01321,-0.01288,-0.0147,-0.01569,-0.01507,-0.01526
424.08,-0.01278,-0.01356,-0.01442,-0.01559,-0.01424,-0.01441
424.45,-0.01258,-0.01317,-0.01411,-0.01534,-0.01328,-0.01405
424.82,-0.01167,-0.01204,-0.01283,-0.01444,-0.01219,-0.01339
425.19,-0.01134,-0.0121,-0.01245,-0.01416,-0.0116,-0.01296
425.56,-0.01116,-0.01181,-0.01219,-0.01393,-0.0113,-0.01316
425.93,-0.01162,-0.01212,-0.01223,-0.01341,-0.01209,-0.01318
426.29,-0.01165,-0.01188,-0.01195,-0.01258,-0.01177,-0.01221
426.66,-0.01202,-0.01167,-0.01153,-0.01217,-0.01165,-0.01222
427.03,-0.01169,-0.01132,-0.01172,-0.01221,-0.01176,-0.01267
427.4,-0.01155,-0.01176,-0.01167,-0.0129,-0.01252,-0.01226
427.77,-0.01137,-0.01149,-0.01146,-0.01268,-0.01242,-0.01203
428.14,-0.01036,-0.01092,-0.01101,-0.01135,-0.01215,-0.01137
428.5,-0.00985,-0.01047,-0.01048,-0.01111,-0.01149,-0.01085
428.87,-0.00998,-0.01056,-0.01106,-0.01158,-0.01174,-0.01102
429.24,-0.00962,-0.0104,-0.01102,-0.01121,-0.01196,-0.01116
429.61,-0.00941,-0.01051,-0.01096,-0.01068,-0.0117,-0.0103
429.98,-0.0098,-0.01009,-0.01119,-0.01015,-0.0107,-0.01012
430.34,-0.00958,-0.00947,-0.01088,-0.00981,-0.01031,-0.00985
430.71,-0.00971,-0.01004,-0.01106,-0.0104,-0.01022,-0.00974
431.08,-0.00952,-0.00994,-0.01064,-0.01059,-0.00976,-0.00946
431.45,-0.00935,-0.00993,-0.00989,-0.01024,-0.00958,-0.00926
431.82,-0.00903,-0.00947,-0.0096,-0.01041,-0.00936,-0.00878
432.18,-0.00888,-0.00908,-0.00929,-0.01005,-0.00916,-0.00868
432.55,-0.00883,-0.00934,-0.0091,-0.01042,-0.00935,-0.00884
432.92,-0.009,-0.00967,-0.00929,-0.01033,-0.00912,-0.0087
433.29,-0.00894,-0.00912,-0.00881,-0.01005,-0.00884,-0.00848
433.65,-0.0087,-0.00872,-0.00914,-0.0098,-0.00906,-0.00872
434.02,-0.00828,-0.0082,-0.00877,-0.00928,-0.00863,-0.00827
434.39,-0.00857,-0.00878,-0.00902,-0.00981,-0.00906,-0.00873
434.76,-0.00854,-0.0086,-0.00887,-0.00961,-0.00902,-0.00862
435.12,-0.0083,-0.00849,-0.00902,-0.00947,-0.009,-0.00866
435.49,-0.00804,-0.00835,-0.00896,-0.00935,-0.00924,-0.00873
435.86,-0.00789,-0.00792,-0.00901,-0.00898,-0.00909,-0.00833
436.23,-0.0081,-0.00834,-0.00892,-0.00887,-0.0091,-0.0082
436.59,-0.00805,-0.00818,-0.0092,-0.00878,-0.00902,-0.00838
436.96,-0.00732,-0.00756,-0.0087,-0.00774,-0.00839,-0.00812
437.33,-0.00691,-0.00748,-0.00857,-0.00749,-0.00807,-0.00788
437.7,-0.00687,-0.00743,-0.00822,-0.00712,-0.00782,-0.00797
438.06,-0.00696,-0.00718,-0.00782,-0.00715,-0.00707,-0.00782
438.43,-0.00729,-0.00729,-0.00762,-0.00717,-0.00705,-0.00813
438.8,-0.00702,-0.00692,-0.00727,-0.00722,-0.00653,-0.00789
439.16,-0.00672,-0.00678,-0.00703,-0.00723,-0.00645,-0.00781
439.53,-0.00683,-0.00687,-0.00692,-0.00764,-0.00641,-0.00751
439.9,-0.00678,-0.0067,-0.00677,-0.008,-0.00647,-0.00776
440.27,-0.00684,-0.00684,-0.00728,-0.00823,-0.00684,-0.00766
440.63,-0.00672,-0.00672,-0.00721,-0.00824,-0.00708,-0.00753
441,-0.00645,-0.00702,-0.00732,-0.00863,-0.00703,-0.0076
441.37,-0.00621,-0.00704,-0.00717,-0.00814,-0.00696,-0.00778
441.73,-0.00595,-0.00673,-0.00679,-0.00785,-0.00656,-0.00706
442.1,-0.0061,-0.00688,-0.0072,-0.00743,-0.00653,-0.00713
442.47,-0.00606,-0.00703,-0.0073,-0.00736,-0.00659,-0.00689
442.83,-0.006,-0.00685,-0.00684,-0.00724,-0.00628,-0.00676
443.2,-0.00613,-0.00698,-0.00704,-0.00722,-0.00653,-0.00676
443.57,-0.00611,-0.00649,-0.00671,-0.00656,-0.00646,-0.00629
443.93,-0.00638,-0.00666,-0.0071,-0.00681,-0.00685,-0.00622
444.3,-0.00673,-0.00717,-0.00751,-0.00702,-0.00722,-0.00646
444.67,-0.00666,-0.00699,-0.00687,-0.00675,-0.00685,-0.00629
445.03,-0.00676,-0.00678,-0.00637,-0.00642,-0.00659,-0.0062
445.4,-0.00625,-0.00615,-0.00573,-0.00609,-0.0065,-0.00573
445.77,-0.0059,-0.00593,-0.00533,-0.00573,-0.00639,-0.00574
446.13,-0.0061,-0.00632,-0.00537,-0.00598,-0.0065,-0.00585
446.5,-0.00565,-0.00602,-0.00518,-0.0057,-0.00616,-0.00574
446.87,-0.0053,-0.00558,-0.00486,-0.00535,-0.00601,-0.00576
447.23,-0.00559,-0.0056,-0.00506,-0.00576,-0.00642,-0.00591
447.6,-0.00537,-0.0057,-0.0055,-0.00579,-0.00629,-0.00602
447.96,-0.00532,-0.00611,-0.00615,-0.006,-0.0063,-0.00631
448.33,-0.00516,-0.00604,-0.00639,-0.00605,-0.00599,-0.00642
448.7,-0.00494,-0.00608,-0.00683,-0.00608,-0.0058,-0.00641
449.06,-0.00514,-0.00596,-0.00648,-0.00613,-0.00548,-0.00611
449.43,-0.00523,-0.00599,-0.00649,-0.00627,-0.00531,-0.00601
449.79,-0.00503,-0.00608,-0.00676,-0.00622,-0.00546,-0.00617
450.16,-0.00495,-0.00596,-0.00653,-0.00615,-0.00544,-0.0059
450.53,-0.00491,-0.00594,-0.0062,-0.00574,-0.00519,-0.0054
450.89,-0.00495,-0.00608,-0.00601,-0.00545,-0.0053,-0.00508
451.26,-0.00462,-0.0055,-0.0053,-0.00523,-0.00504,-0.00482
451.62,-0.00436,-0.00552,-0.00549,-0.0053,-0.00528,-0.00507
451.99,-0.00427,-0.00531,-0.00539,-0.00534,-0.00541,-0.00532
452.36,-0.00407,-0.00508,-0.00495,-0.00535,-0.00517,-0.00515
452.72,-0.00415,-0.00503,-0.00476,-0.00528,-0.00529,-0.00512
453.09,-0.00433,-0.00495,-0.00478,-0.00561,-0.00553,-0.00558
453.45,-0.00434,-0.00469,-0.00481,-0.00578,-0.00536,-0.00564
453.82,-0.00469,-0.00493,-0.00517,-0.00574,-0.00546,-0.00566
454.18,-0.00496,-0.00496,-0.00532,-0.00573,-0.00535,-0.00538
454.55,-0.00499,-0.00527,-0.00535,-0.00577,-0.00517,-0.00543
454.92,-0.00506,-0.00516,-0.00564,-0.00556,-0.00495,-0.00521
455.28,-0.00503,-0.00506,-0.00577,-0.00563,-0.00459,-0.00503
455.65,-0.00464,-0.0048,-0.00551,-0.00525,-0.00432,-0.00461
456.01,-0.00435,-0.00462,-0.00529,-0.00491,-0.00399,-0.00431
456.38,-0.00396,-0.00421,-0.00501,-0.0046,-0.00404,-0.00407
456.74,-0.00399,-0.00439,-0.00497,-0.00458,-0.00425,-0.00431
457.11,-0.00389,-0.00416,-0.00486,-0.0043,-0.00423,-0.00401
457.47,-0.00373,-0.00425,-0.00444,-0.00415,-0.00425,-0.00399
457.84,-0.00368,-0.00424,-0.00436,-0.00389,-0.00436,-0.00411
458.2,-0.00374,-0.00418,-0.00451,-0.00408,-0.00445,-0.00406
458.57,-0.00384,-0.00422,-0.00436,-0.0041,-0.00456,-0.00409
458.93,-0.00372,-0.00434,-0.00427,-0.00423,-0.00441,-0.00424
459.3,-0.00345,-0.00398,-0.00407,-0.00406,-0.00402,-0.00377
459.66,-0.00337,-0.00404,-0.00397,-0.00401,-0.00376,-0.00372
460.03,-0.00335,-0.0039,-0.00404,-0.00408,-0.00379,-0.00367
460.39,-0.00334,-0.00376,-0.00416,-0.00411,-0.0038,-0.0036
460.76,-0.00326,-0.00387,-0.00412,-0.00393,-0.00367,-0.00361
461.12,-0.00346,-0.00404,-0.0043,-0.00404,-0.00389,-0.00359
461.49,-0.00339,-0.00399,-0.00428,-0.00409,-0.00374,-0.00358
461.85,-0.00345,-0.00402,-0.00421,-0.00422,-0.00384,-0.00376
462.22,-0.00359,-0.004,-0.00452,-0.00441,-0.00416,-0.00392
462.58,-0.00345,-0.00381,-0.00462,-0.00424,-0.00395,-0.00397
462.95,-0.00339,-0.00388,-0.00444,-0.00422,-0.00382,-0.0039
463.31,-0.00346,-0.00375,-0.00424,-0.00425,-0.00394,-0.0038
463.68,-0.00321,-0.00354,-0.00413,-0.00409,-0.00369,-0.00372
464.04,-0.00323,-0.00351,-0.00402,-0.00394,-0.00366,-0.00338
464.41,-0.00331,-0.00347,-0.00406,-0.00388,-0.00364,-0.00341
464.77,-0.00316,-0.00333,-0.00377,-0.00361,-0.00351,-0.00309
465.13,-0.00319,-0.00335,-0.00366,-0.00349,-0.00354,-0.00297
465.5,-0.00288,-0.0033,-0.00354,-0.00331,-0.0034,-0.0028
465.86,-0.00268,-0.00323,-0.00352,-0.00319,-0.00313,-0.00272
466.23,-0.00256,-0.00314,-0.00339,-0.00305,-0.00301,-0.00279
466.59,-0.00253,-0.00315,-0.00342,-0.00293,-0.00305,-0.00298
466.96,-0.00234,-0.00292,-0.00324,-0.00269,-0.00293,-0.00277
467.32,-0.00227,-0.00281,-0.00312,-0.00247,-0.00259,-0.00264
467.68,-0.00196,-0.00275,-0.00281,-0.00237,-0.00249,-0.00244
468.05,-0.0023,-0.00272,-0.00278,-0.0025,-0.0026,-0.00262
468.41,-0.00229,-0.00265,-0.00272,-0.0024,-0.00247,-0.00258
468.78,-0.00217,-0.00267,-0.0028,-0.00249,-0.00241,-0.00242
469.14,-0.00221,-0.00258,-0.00277,-0.0027,-0.00237,-0.00232
469.5,-0.00222,-0.00277,-0.00279,-0.00271,-0.00236,-0.00241
469.87,-0.00211,-0.00264,-0.00267,-0.00273,-0.00235,-0.00238
470.23,-0.00221,-0.00261,-0.00274,-0.00273,-0.00224,-0.00226
470.6,-0.00204,-0.00261,-0.00265,-0.00258,-0.00217,-0.00204
470.96,-0.00199,-0.00255,-0.0027,-0.00259,-0.00215,-0.00194
471.32,-0.00221,-0.00258,-0.00271,-0.00258,-0.00223,-0.002
471.69,-0.00219,-0.00258,-0.00273,-0.00248,-0.00223,-0.00209
472.05,-0.00205,-0.00234,-0.00259,-0.00232,-0.00222,-0.0019
472.42,-0.00217,-0.00248,-0.00275,-0.00243,-0.00233,-0.00202
472.78,-0.002,-0.00227,-0.00258,-0.00237,-0.00216,-0.0019
473.14,-0.00188,-0.00223,-0.00258,-0.00237,-0.00205,-0.00199
473.51,-0.00185,-0.00222,-0.00244,-0.00234,-0.00212,-0.0021
473.87,-0.00175,-0.00214,-0.00238,-0.0023,-0.00207,-0.00204
474.23,-0.00165,-0.00208,-0.00225,-0.0023,-0.00191,-0.00191
474.6,-0.00167,-0.00222,-0.00234,-0.00233,-0.00188,-0.00194
474.96,-0.00159,-0.00212,-0.0022,-0.00233,-0.0018,-0.00187
475.32,-0.00173,-0.00224,-0.00235,-0.00239,-0.00199,-0.00199
475.69,-0.00169,-0.00217,-0.00232,-0.00235,-0.00202,-0.00186
476.05,-0.00166,-0.00216,-0.00225,-0.00229,-0.0019,-0.00174
476.41,-0.00152,-0.0021,-0.0021,-0.0022,-0.00185,-0.00162
476.78,-0.00157,-0.00207,-0.00213,-0.00214,-0.00186,-0.00156
477.14,-0.00148,-0.00196,-0.002,-0.00203,-0.00174,-0.00152
477.5,-0.00139,-0.00187,-0.00199,-0.00185,-0.00165,-0.00144
477.87,-0.00128,-0.00177,-0.00183,-0.00175,-0.0015,-0.00135
478.23,-0.00131,-0.00163,-0.00173,-0.00167,-0.00137,-0.00127
478.59,-0.00118,-0.0015,-0.0017,-0.00162,-0.00129,-0.00115
478.96,-0.00118,-0.00136,-0.00166,-0.00161,-0.00125,-0.00114
479.32,-0.00111,-0.00136,-0.00166,-0.0016,-0.00128,-0.00115
479.68,-0.00112,-0.00133,-0.00169,-0.00162,-0.00132,-0.00108
480.04,-0.00105,-0.0014,-0.00165,-0.00159,-0.00129,-0.00105
480.41,-0.001,-0.0013,-0.00165,-0.00163,-0.00121,-0.00102
480.77,-0.00098,-0.0014,-0.0017,-0.00171,-0.00125,-0.0011
481.13,-0.00116,-0.00142,-0.00182,-0.00183,-0.00129,-0.00119
481.5,-0.00114,-0.00151,-0.00182,-0.00174,-0.0013,-0.00119
481.86,-0.00117,-0.00147,-0.0017,-0.00164,-0.00116,-0.00103
482.22,-0.0012,-0.00143,-0.00163,-0.00158,-0.00114,-0.0011
482.58,-0.00122,-0.00137,-0.00159,-0.00162,-0.00119,-0.00107
482.95,-0.00121,-0.00146,-0.00165,-0.00161,-0.00125,-0.00108
483.31,-0.00115,-0.0014,-0.00159,-0.00157,-0.00126,-0.00101
483.67,-0.00104,-0.00146,-0.00153,-0.00148,-0.00127,-0.00101
484.03,-0.00099,-0.00141,-0.00145,-0.00141,-0.00118,-0.00093
484.4,-0.00086,-0.00138,-0.0014,-0.00141,-0.00124,-0.00098
484.76,-0.00084,-0.00137,-0.00144,-0.00139,-0.00119,-0.00096
485.12,-0.00088,-0.00135,-0.00147,-0.00136,-0.00117,-0.00099
485.48,-0.00093,-0.00131,-0.00145,-0.00134,-0.00113,-0.00098
485.85,-0.00092,-0.0012,-0.00143,-0.00124,-0.00104,-0.00095
486.21,-0.00098,-0.00113,-0.00138,-0.00124,-0.00101,-0.00087
486.57,-0.00104,-0.00115,-0.00145,-0.00131,-0.00108,-0.00086
486.93,-0.00106,-0.00117,-0.00147,-0.00127,-0.00104,-0.00084
487.29,-0.00103,-0.00117,-0.00136,-0.00127,-0.00101,-0.00077
487.66,-0.00096,-0.00117,-0.00133,-0.00128,-0.00096,-0.00072
488.02,-0.00089,-0.00117,-0.00124,-0.00118,-0.00102,-0.00069
488.38,-0.00081,-0.00122,-0.00118,-0.00115,-0.00101,-0.00064
488.74,-0.00075,-0.00122,-0.00121,-0.0011,-0.00102,-0.00065
489.1,-0.00071,-0.00117,-0.00114,-0.001,-0.00091,-0.00067
489.47,-0.00066,-0.00113,-0.00114,-0.00098,-0.00089,-0.00066
489.83,-0.00061,-0.00114,-0.0012,-0.00096,-0.00086,-0.00066
490.19,-0.00059,-0.00109,-0.00116,-0.00088,-0.00086,-0.00063
490.55,-0.0006,-0.00105,-0.00114,-0.00091,-0.00082,-0.00063
490.91,-0.00063,-0.00107,-0.00116,-0.00086,-0.0008,-0.00065
491.27,-0.00055,-0.00103,-0.00106,-0.00079,-0.00071,-0.00058
491.64,-0.00062,-0.0011,-0.00111,-0.00091,-0.00081,-0.00063
492,-0.00068,-0.00113,-0.00118,-0.00097,-0.00085,-0.0007
492.36,-0.00068,-0.00115,-0.00114,-0.00097,-0.0009,-0.00067
492.72,-0.00064,-0.0011,-0.0011,-0.00093,-0.00084,-0.00063
493.08,-0.00065,-0.0011,-0.00118,-0.00096,-0.0008,-0.00061
493.44,-0.0007,-0.00108,-0.00117,-0.00106,-0.00081,-0.00054
493.81,-0.00072,-0.00113,-0.00127,-0.00113,-0.00085,-0.00061
494.17,-0.00066,-0.00107,-0.00119,-0.00106,-0.00077,-0.00052
494.53,-0.00062,-0.00101,-0.00112,-0.001,-0.00073,-0.00043
494.89,-0.00061,-0.00094,-0.00118,-0.00104,-0.00071,-0.00045
495.25,-0.00068,-0.00101,-0.00118,-0.0011,-0.00071,-0.00051
495.61,-0.00068,-0.00106,-0.00113,-0.00108,-0.00076,-0.00051
495.97,-0.00068,-0.00105,-0.00113,-0.00108,-0.00078,-0.00062
496.33,-0.0007,-0.00106,-0.00107,-0.00106,-0.0008,-0.00064
496.7,-0.00071,-0.00113,-0.00112,-0.00109,-0.00081,-0.00063
497.06,-0.00072,-0.00113,-0.00112,-0.00106,-0.00081,-0.00065
497.42,-0.00066,-0.00115,-0.00107,-0.00103,-0.00077,-0.00061
497.78,-0.00063,-0.00116,-0.00106,-0.00101,-0.00076,-0.00059
498.14,-0.00062,-0.00113,-0.00104,-0.00099,-0.00072,-0.0006
498.5,-0.00064,-0.00114,-0.00106,-0.00098,-0.00074,-0.00056
498.86,-0.00063,-0.00105,-0.00107,-0.00096,-0.00066,-0.00048
499.22,-0.0006,-0.001,-0.00107,-0.00093,-0.00068,-0.00049
499.58,-0.00061,-0.00099,-0.00109,-0.00097,-0.00067,-0.00053
499.94,-0.00066,-0.00093,-0.00109,-0.00092,-0.00062,-0.00051
500.3,-0.00064,-0.00089,-0.00109,-0.0009,-0.00063,-0.00047
500.67,-0.00063,-0.00089,-0.0011,-0.00089,-0.0006,-0.00049
501.03,-0.00059,-0.00089,-0.00108,-0.00086,-0.00056,-0.00046
501.39,-0.00056,-0.00088,-0.00108,-0.00081,-0.00057,-0.00049
501.75,-0.00054,-0.00089,-0.00109,-0.00087,-0.00063,-0.00054
502.11,-0.00052,-0.0009,-0.00107,-0.00086,-0.00061,-0.00046
502.47,-0.00053,-0.00094,-0.00106,-0.0009,-0.00062,-0.00046
502.83,-0.00049,-0.00091,-0.00105,-0.00092,-0.0006,-0.00046
503.19,-0.00048,-0.00084,-0.00102,-0.00092,-0.0006,-0.00043
503.55,-0.00046,-0.00084,-0.00099,-0.00092,-0.00058,-0.00045
503.91,-0.00046,-0.00088,-0.00097,-0.00094,-0.0006,-0.00045
504.27,-0.00048,-0.00088,-0.00091,-0.00089,-0.0005,-0.0004
504.63,-0.00046,-0.00091,-0.00091,-0.00085,-0.00054,-0.00047
504.99,-0.00047,-0.00096,-0.00094,-0.00089,-0.00062,-0.00052
505.35,-0.00053,-0.001,-0.00097,-0.00089,-0.00064,-0.00053
505.71,-0.00048,-0.00105,-0.001,-0.00086,-0.00059,-0.0005
506.07,-0.00053,-0.00101,-0.00103,-0.00085,-0.00062,-0.0005
506.43,-0.00054,-0.001,-0.00104,-0.00091,-0.00059,-0.00045
506.79,-0.00054,-0.00101,-0.0011,-0.00092,-0.00066,-0.00046
507.15,-0.00052,-0.00094,-0.00106,-0.00088,-0.00061,-0.00038
507.51,-0.0005,-0.00084,-0.00103,-0.00078,-0.00055,-0.0003
507.87,-0.00043,-0.00075,-0.00096,-0.00076,-0.00053,-0.00029
508.23,-0.00043,-0.00076,-0.00099,-0.00078,-0.00054,-0.00032
508.59,-0.00039,-0.00081,-0.00095,-0.00083,-0.00053,-0.00032
508.95,-0.00035,-0.00078,-0.00089,-0.00068,-0.00048,-0.00029
509.31,-0.00032,-0.00075,-0.00082,-0.00066,-0.0004,-0.00024
509.67,-0.00033,-0.00076,-0.00082,-0.00071,-0.00042,-0.00026
510.03,-0.00033,-0.00087,-0.00083,-0.00082,-0.00046,-0.00035
510.39,-0.00034,-0.00092,-0.00081,-0.00078,-0.00043,-0.00035
510.75,-0.00038,-0.00094,-0.00081,-0.00079,-0.00047,-0.00034
511.11,-0.0004,-0.00093,-0.00084,-0.00079,-0.0005,-0.00034
511.47,-0.00039,-0.00095,-0.00087,-0.00085,-0.00055,-0.00034
511.83,-0.00037,-0.0009,-0.00086,-0.00081,-0.00051,-0.00033
512.19,-0.00036,-0.00091,-0.00086,-0.00077,-0.00048,-0.00031
512.55,-0.00035,-0.00086,-0.00086,-0.00069,-0.00045,-0.00026
512.91,-0.00034,-0.00085,-0.00091,-0.00073,-0.00048,-0.00026
513.27,-0.00028,-0.00076,-0.00086,-0.00067,-0.00045,-0.0002
513.62,-0.00024,-0.00071,-0.00083,-0.00068,-0.00039,-0.00019
513.98,-0.00026,-0.00069,-0.00083,-0.00066,-0.00039,-0.00016
514.34,-0.00028,-0.00071,-0.00085,-0.00068,-0.00043,-0.00019
514.7,-0.00025,-0.00067,-0.00085,-0.00066,-0.00043,-0.0002
515.06,-0.00029,-0.00066,-0.00085,-0.00071,-0.00044,-0.00024
515.42,-0.00028,-0.00067,-0.00082,-0.00071,-0.00044,-0.00023
515.78,-0.00026,-0.00069,-0.00078,-0.00069,-0.00043,-0.00025
516.14,-0.00025,-0.00066,-0.00074,-0.0006,-0.0004,-0.00022
516.5,-0.00025,-0.00066,-0.00074,-0.00063,-0.00041,-0.00028
516.86,-0.00023,-0.00065,-0.00075,-0.00061,-0.0004,-0.00026
517.22,-0.00021,-0.00066,-0.00072,-0.00066,-0.00042,-0.00025
517.57,-0.00018,-0.00065,-0.0007,-0.00065,-0.00041,-0.00024
517.93,-0.00022,-0.00068,-0.00073,-0.00065,-0.00044,-0.00028
518.29,-0.0003,-0.00073,-0.00079,-0.00072,-0.00046,-0.00028
518.65,-0.00031,-0.00073,-0.00083,-0.00076,-0.00051,-0.00032
519.01,-0.00031,-0.00075,-0.00083,-0.00076,-0.00052,-0.00032
519.37,-0.00033,-0.00079,-0.00083,-0.00079,-0.00053,-0.00032
519.73,-0.00029,-0.00073,-0.00081,-0.00074,-0.00045,-0.00028
520.08,-0.00023,-0.00072,-0.00082,-0.00071,-0.00041,-0.00024
520.44,-0.00024,-0.00068,-0.0008,-0.00071,-0.00037,-0.00024
520.8,-0.00018,-0.00064,-0.00081,-0.00068,-0.00038,-0.00024
521.16,-0.00018,-0.00063,-0.00082,-0.00068,-0.00035,-0.00021
521.52,-0.00015,-0.00061,-0.00083,-0.00066,-0.00034,-0.0002
521.88,-0.00011,-0.00054,-0.00078,-0.00064,-0.00034,-0.00019
522.24,-0.00015,-0.00059,-0.00079,-0.00066,-0.00041,-0.00024
522.59,-0.00018,-0.0006,-0.0008,-0.00069,-0.00044,-0.00025
522.95,-0.00014,-0.00061,-0.0008,-0.00067,-0.00046,-0.00026
523.31,-0.00012,-0.00062,-0.00073,-0.00063,-0.00041,-0.00026
523.67,-0.0001,-0.0006,-0.00075,-0.00061,-0.00043,-0.00026
524.03,-7.00E-05,-0.00058,-0.0007,-0.00061,-0.0004,-0.00024
524.38,-0.00013,-0.00063,-0.00077,-0.00066,-0.00041,-0.00026
524.74,-0.00011,-0.00066,-0.00076,-0.00066,-0.0004,-0.00026
525.1,-8.00E-05,-0.00065,-0.00073,-0.00062,-0.00038,-0.0002
525.46,-8.00E-05,-0.00063,-0.00075,-0.00058,-0.00036,-0.0002
525.82,-9.00E-05,-0.00064,-0.00077,-0.0006,-0.00034,-0.00015
526.17,-0.0001,-0.0007,-0.00074,-0.00062,-0.00036,-0.00014
526.53,-0.00017,-0.00072,-0.0008,-0.00064,-0.00035,-0.00015
526.89,-0.00013,-0.00069,-0.00075,-0.00056,-0.0003,-9.00E-05
527.25,-0.00017,-0.00065,-0.00073,-0.00055,-0.00028,-8.00E-05
527.61,-0.00019,-0.00062,-0.00069,-0.00056,-0.00027,-0.00011
527.96,-0.0002,-0.0006,-0.00064,-0.00057,-0.00027,-9.00E-05
528.32,-0.00019,-0.00059,-0.00065,-0.00057,-0.00032,-0.00012
528.68,-0.0002,-0.00059,-0.00063,-0.00056,-0.00032,-0.00016
529.04,-0.00014,-0.00056,-0.00059,-0.00053,-0.00033,-0.00016
529.39,-0.00013,-0.00052,-0.00058,-0.00051,-0.00035,-0.00019
529.75,-9.00E-05,-0.0005,-0.00055,-0.00051,-0.00031,-0.00018
530.11,-4.00E-05,-0.00047,-0.00053,-0.00047,-0.00029,-0.0001
530.47,0,-0.00047,-0.00054,-0.00048,-0.00026,-6.00E-05
530.82,-3.00E-05,-0.00049,-0.00055,-0.00053,-0.00025,-8.00E-05
531.18,4.00E-05,-0.00042,-0.00051,-0.00048,-0.00019,2.00E-05
531.54,6.00E-05,-0.0004,-0.00048,-0.00043,-0.00014,6.00E-05
531.9,3.00E-05,-0.00041,-0.00047,-0.00048,-0.00014,8.00E-05
532.25,2.00E-05,-0.00046,-0.00049,-0.00045,-0.00014,9.00E-05
532.61,-1.00E-05,-0.00046,-0.00052,-0.00046,-0.00012,2.00E-05
532.97,-4.00E-05,-0.00046,-0.00055,-0.00045,-0.00015,1.00E-05
533.32,-6.00E-05,-0.00044,-0.00051,-0.00039,-0.00011,5.00E-05
533.68,-0.00015,-0.00049,-0.00055,-0.00046,-0.00017,-2.00E-05
534.04,-0.0002,-0.00047,-0.00058,-0.00054,-0.00022,-8.00E-05
534.4,-0.00019,-0.00049,-0.00063,-0.00053,-0.00024,-9.00E-05
534.75,-0.00019,-0.00046,-0.00062,-0.00052,-0.00028,-8.00E-05
535.11,-0.0002,-0.0005,-0.00061,-0.00055,-0.00032,-0.00011
535.47,-0.00019,-0.00053,-0.00058,-0.00055,-0.0003,-0.00011
535.82,-0.00019,-0.00057,-0.00067,-0.0006,-0.00035,-0.00015
536.18,-0.00015,-0.00056,-0.00064,-0.00057,-0.00031,-0.00016
536.54,-0.00014,-0.00059,-0.00061,-0.00056,-0.00029,-0.00014
536.89,-0.00011,-0.00063,-0.00057,-0.00056,-0.00028,-0.00014
537.25,-0.00011,-0.00066,-0.00058,-0.00059,-0.00025,-0.00016
537.61,-0.0001,-0.00066,-0.00059,-0.00056,-0.00025,-0.00014
537.96,-0.00012,-0.00066,-0.0006,-0.00057,-0.00024,-0.00016
538.32,-0.0001,-0.00064,-0.00056,-0.00054,-0.00022,-0.00011
538.68,-0.00012,-0.00066,-0.00061,-0.00052,-0.00025,-9.00E-05
539.03,-0.00014,-0.0007,-0.00064,-0.00052,-0.00028,-0.00011
539.39,-0.00014,-0.00065,-0.00065,-0.00048,-0.00026,-8.00E-05
539.75,-0.00017,-0.00067,-0.00068,-0.0005,-0.00032,-0.00011
540.1,-0.00017,-0.00067,-0.00064,-0.00048,-0.0003,-7.00E-05
540.46,-0.00018,-0.00065,-0.00065,-0.0005,-0.00034,-9.00E-05
540.81,-0.00016,-0.00063,-0.00064,-0.00048,-0.00035,-9.00E-05
541.17,-0.00011,-0.00058,-0.00061,-0.00046,-0.00031,-7.00E-05
541.53,-6.00E-05,-0.00055,-0.00057,-0.00045,-0.00028,-3.00E-05
541.88,-8.00E-05,-0.00059,-0.00059,-0.00051,-0.00032,-9.00E-05
542.24,-4.00E-05,-0.00055,-0.00056,-0.00051,-0.00031,-7.00E-05
542.59,-1.00E-05,-0.00051,-0.00055,-0.00051,-0.00029,-7.00E-05
542.95,4.00E-05,-0.00051,-0.00054,-0.0005,-0.00022,-3.00E-05
543.31,3.00E-05,-0.00051,-0.00053,-0.00051,-0.00021,-3.00E-05
543.66,-1.00E-05,-0.00051,-0.00054,-0.00053,-0.00021,-4.00E-05
544.02,-4.00E-05,-0.00053,-0.00057,-0.00055,-0.00019,-8.00E-05
544.37,-5.00E-05,-0.00053,-0.00056,-0.00049,-0.00018,-5.00E-05
544.73,-8.00E-05,-0.00053,-0.00058,-0.00049,-0.00014,-5.00E-05
545.09,-0.00011,-0.00055,-0.00063,-0.00052,-0.00015,-6.00E-05
545.44,-0.0002,-0.00054,-0.00063,-0.00052,-0.00019,-7.00E-05
545.8,-0.00021,-0.00052,-0.00063,-0.00051,-0.00019,-7.00E-05
546.15,-0.00022,-0.00055,-0.00064,-0.00051,-0.00021,-5.00E-05
546.51,-0.00023,-0.00054,-0.00065,-0.00052,-0.00027,-4.00E-05
546.86,-0.00019,-0.00049,-0.00062,-0.0005,-0.00024,-4.00E-05
547.22,-0.00018,-0.00051,-0.00063,-0.00051,-0.00027,-2.00E-05
547.58,-0.00015,-0.00048,-0.00061,-0.0005,-0.00028,-3.00E-05
547.93,-6.00E-05,-0.00052,-0.00058,-0.00049,-0.00024,-2.00E-05
548.29,-2.00E-05,-0.00051,-0.00056,-0.00049,-0.00025,-6.00E-05
548.64,-1.00E-05,-0.00049,-0.00048,-0.00047,-0.00022,-8.00E-05
549,8.00E-05,-0.00047,-0.00044,-0.00042,-0.00018,-3.00E-05
549.35,4.00E-05,-0.00053,-0.00046,-0.00046,-0.00018,-3.00E-05
549.71,6.00E-05,-0.00053,-0.00046,-0.00047,-0.0002,-6.00E-05
550.06,2.00E-05,-0.00057,-0.00048,-0.00047,-0.00022,-8.00E-05
550.42,-2.00E-05,-0.00058,-0.00055,-0.00049,-0.0003,-0.00012
550.77,1.00E-05,-0.00057,-0.00057,-0.00049,-0.00027,-3.00E-05
551.13,-2.00E-05,-0.00063,-0.00063,-0.00051,-0.0003,-5.00E-05
551.48,-8.00E-05,-0.00064,-0.00067,-0.00054,-0.00032,-9.00E-05
551.84,-8.00E-05,-0.00061,-0.00066,-0.00051,-0.00032,-8.00E-05
552.19,-9.00E-05,-0.00059,-0.00067,-0.00048,-0.00031,-6.00E-05
552.55,-0.00011,-0.00057,-0.00068,-0.00052,-0.00029,-4.00E-05
552.9,-0.00012,-0.00053,-0.00068,-0.00051,-0.00025,-3.00E-05
553.26,-0.00016,-0.00054,-0.00067,-0.00051,-0.00026,-0.0001
553.61,-9.00E-05,-0.00048,-0.00063,-0.00046,-0.00026,-6.00E-05
553.97,-4.00E-05,-0.0005,-0.00062,-0.00047,-0.0003,-6.00E-05
554.32,0,-0.0005,-0.00062,-0.00049,-0.00031,-7.00E-05
554.68,1.00E-05,-0.00051,-0.00062,-0.00052,-0.00031,-0.00011
555.03,7.00E-05,-0.00049,-0.00058,-0.00049,-0.00029,-9.00E-05
555.39,8.00E-05,-0.00051,-0.00056,-0.00048,-0.00031,-9.00E-05
555.74,0.0001,-0.0005,-0.00055,-0.00049,-0.0003,-6.00E-05
556.1,7.00E-05,-0.00051,-0.00055,-0.00052,-0.00029,-6.00E-05
556.45,1.00E-05,-0.00051,-0.00055,-0.00053,-0.00026,-5.00E-05
556.8,-1.00E-05,-0.0005,-0.00056,-0.00053,-0.00022,-2.00E-05
557.16,-9.00E-05,-0.00054,-0.00055,-0.00056,-0.00025,-1.00E-05
557.51,-0.0001,-0.00054,-0.00058,-0.00054,-0.00028,-2.00E-05
557.87,-8.00E-05,-0.00048,-0.00054,-0.00053,-0.00023,1.00E-05
558.22,-0.00013,-0.0005,-0.00054,-0.00052,-0.00022,-1.00E-05
558.58,-0.00011,-0.00051,-0.00056,-0.00052,-0.00021,0
558.93,-8.00E-05,-0.00047,-0.00055,-0.00049,-0.00018,-1.00E-05
559.28,-8.00E-05,-0.00047,-0.00059,-0.00049,-0.00021,-3.00E-05
559.64,1.00E-05,-0.00041,-0.00054,-0.00044,-0.00016,1.00E-05
559.99,6.00E-05,-0.00042,-0.00049,-0.00044,-0.00015,0
560.35,6.00E-05,-0.00047,-0.00053,-0.00045,-0.00017,-2.00E-05
560.7,7.00E-05,-0.00047,-0.00054,-0.00049,-0.00019,-3.00E-05
561.05,7.00E-05,-0.00044,-0.00052,-0.00045,-0.00017,-5.00E-05
561.41,6.00E-05,-0.00049,-0.00053,-0.00047,-0.00022,-5.00E-05
561.76,5.00E-05,-0.00051,-0.00051,-0.0005,-0.00021,-6.00E-05
562.12,5.00E-05,-0.00051,-0.00051,-0.00047,-0.0002,-3.00E-05
562.47,-1.00E-05,-0.00054,-0.00058,-0.00051,-0.00022,-8.00E-05
562.82,-4.00E-05,-0.00056,-0.00056,-0.00054,-0.00022,-5.00E-05
563.18,-5.00E-05,-0.00057,-0.00053,-0.00052,-0.00019,-1.00E-05
563.53,-8.00E-05,-0.00061,-0.00057,-0.00055,-0.00021,1.00E-05
563.88,-9.00E-05,-0.00063,-0.00059,-0.00054,-0.0002,-3.00E-05
564.24,-0.00011,-0.0006,-0.00059,-0.00051,-0.00019,-2.00E-05
564.59,-0.00013,-0.0006,-0.00064,-0.00053,-0.00022,-7.00E-05
564.95,-9.00E-05,-0.00055,-0.00062,-0.0005,-0.00019,-1.00E-05
565.3,-6.00E-05,-0.00053,-0.00063,-0.00045,-0.00017,-3.00E-05
565.65,-2.00E-05,-0.00048,-0.00063,-0.00044,-0.00019,-3.00E-05
566.01,1.00E-05,-0.00048,-0.00061,-0.00043,-0.00021,-4.00E-05
566.36,0.0001,-0.00044,-0.00056,-0.0004,-0.00015,2.00E-05
566.71,0.00014,-0.00046,-0.00053,-0.00039,-0.00015,6.00E-05
567.07,0.0002,-0.00043,-0.00047,-0.00035,-0.00011,0.00011
567.42,0.00021,-0.00041,-0.00044,-0.00032,-0.00011,0.00013
567.77,0.0002,-0.00041,-0.00044,-0.00031,-0.00012,0.00017
568.13,0.0002,-0.00047,-0.00044,-0.00029,-8.00E-05,0.00018
568.48,0.00018,-0.00044,-0.00046,-0.0003,-7.00E-05,0.00016
568.83,0.00012,-0.00046,-0.0005,-0.00033,-0.00012,0.00012
569.18,8.00E-05,-0.00044,-0.00056,-0.00032,-0.00012,9.00E-05
569.54,0,-0.0005,-0.00061,-0.00037,-0.00015,4.00E-05
569.89,-5.00E-05,-0.00056,-0.00064,-0.00042,-0.00021,0
570.24,-8.00E-05,-0.00057,-0.00062,-0.00045,-0.00025,-3.00E-05
570.6,-0.0001,-0.00053,-0.00061,-0.00044,-0.00027,-5.00E-05
570.95,-8.00E-05,-0.00053,-0.00058,-0.00045,-0.00026,-2.00E-05
571.3,-7.00E-05,-0.0005,-0.00055,-0.00042,-0.00022,0
571.65,-7.00E-05,-0.0005,-0.00051,-0.00044,-0.00021,1.00E-05
572.01,-8.00E-05,-0.0005,-0.00054,-0.00045,-0.00024,-2.00E-05
572.36,-6.00E-05,-0.00048,-0.00054,-0.00045,-0.0002,-1.00E-05
572.71,-3.00E-05,-0.00045,-0.00055,-0.00043,-0.00018,0
573.06,-4.00E-05,-0.00046,-0.00057,-0.00047,-0.0002,0
573.42,-5.00E-05,-0.0005,-0.00059,-0.00047,-0.00021,-1.00E-05
573.77,-6.00E-05,-0.00051,-0.00061,-0.00047,-0.00023,0
574.12,-3.00E-05,-0.0005,-0.00059,-0.00046,-0.00024,1.00E-05
574.47,4.00E-05,-0.00048,-0.00054,-0.00044,-0.00021,7.00E-05
574.83,8.00E-05,-0.00046,-0.0005,-0.0004,-0.00019,8.00E-05
575.18,9.00E-05,-0.00047,-0.0005,-0.00037,-0.00017,8.00E-05
575.53,0.0001,-0.00047,-0.00048,-0.00036,-0.00015,7.00E-05
575.88,0.00013,-0.00045,-0.00048,-0.00034,-0.00016,8.00E-05
576.24,0.00014,-0.00046,-0.00044,-0.00037,-0.00014,8.00E-05
576.59,0.00013,-0.00049,-0.00049,-0.00039,-0.00014,6.00E-05
576.94,0.00011,-0.00049,-0.00051,-0.0004,-0.00013,6.00E-05
577.29,9.00E-05,-0.00051,-0.00053,-0.00045,-0.00014,5.00E-05
577.64,4.00E-05,-0.00051,-0.00054,-0.0005,-0.00016,5.00E-05
578,9.00E-05,-0.00049,-0.00052,-0.00046,-0.00014,7.00E-05
578.35,3.00E-05,-0.00051,-0.00053,-0.00049,-0.00016,6.00E-05
578.7,6.00E-05,-0.00048,-0.00053,-0.00045,-0.00015,8.00E-05
579.05,6.00E-05,-0.00046,-0.00051,-0.00041,-0.00014,9.00E-05
579.4,4.00E-05,-0.00048,-0.0005,-0.00039,-0.00013,0.00011
579.76,5.00E-05,-0.00046,-0.00052,-0.00038,-0.00016,0.0001
580.11,9.00E-05,-0.00044,-0.00053,-0.00035,-0.00015,0.00012
580.46,5.00E-05,-0.00047,-0.00055,-0.0004,-0.00016,0.0001
580.81,0.00011,-0.00043,-0.00051,-0.00038,-0.00016,0.00011
581.16,7.00E-05,-0.00044,-0.00051,-0.00041,-0.00018,0.0001
581.51,8.00E-05,-0.00046,-0.0005,-0.00041,-0.0002,9.00E-05
581.87,8.00E-05,-0.00045,-0.00046,-0.00042,-0.00019,6.00E-05
582.22,8.00E-05,-0.00048,-0.00043,-0.00038,-0.00017,7.00E-05
582.57,6.00E-05,-0.00051,-0.00041,-0.00038,-0.00019,7.00E-05
582.92,8.00E-05,-0.0005,-0.00038,-0.00036,-0.00017,0.0001
583.27,5.00E-05,-0.00049,-0.00038,-0.00032,-0.00015,0.00014
583.62,4.00E-05,-0.00054,-0.00043,-0.00034,-0.00017,0.0001
583.97,6.00E-05,-0.00052,-0.00047,-0.00035,-0.00018,9.00E-05
584.33,6.00E-05,-0.00052,-0.0005,-0.00038,-0.00019,0.0001
584.68,0.0001,-0.0005,-0.00051,-0.00041,-0.00016,0.00012
585.03,0.00011,-0.00047,-0.00051,-0.00042,-0.00014,9.00E-05
585.38,0.0001,-0.00045,-0.00053,-0.00044,-0.00013,6.00E-05
585.73,0.0001,-0.00046,-0.00055,-0.00046,-0.00013,3.00E-05
586.08,0.0001,-0.00044,-0.00053,-0.00046,-0.00011,5.00E-05
586.43,9.00E-05,-0.00046,-0.00052,-0.00047,-0.00013,7.00E-05
586.78,0.00011,-0.00043,-0.0005,-0.00041,-0.0001,0.00011
587.13,5.00E-05,-0.00045,-0.00052,-0.0004,-0.00015,9.00E-05
587.48,8.00E-05,-0.00045,-0.00055,-0.00039,-0.00012,0.00011
587.84,0.00011,-0.00043,-0.00053,-0.00036,-0.00014,0.00013
588.19,0.00012,-0.00045,-0.00054,-0.00036,-0.00012,0.00012
588.54,0.00015,-0.00045,-0.00052,-0.00033,-0.00012,0.00014
588.89,0.00014,-0.00046,-0.00056,-0.00035,-0.00013,0.0001
589.24,0.00017,-0.00048,-0.00055,-0.00037,-0.00016,8.00E-05
589.59,0.00019,-0.00048,-0.00053,-0.00034,-0.00014,8.00E-05
589.94,0.00016,-0.00051,-0.00051,-0.00036,-0.0002,6.00E-05
590.29,0.00017,-0.00054,-0.00051,-0.00037,-0.0002,7.00E-05
590.64,0.00018,-0.00052,-0.0005,-0.00036,-0.00021,7.00E-05
590.99,0.00017,-0.00051,-0.00048,-0.00036,-0.00018,8.00E-05
591.34,0.00021,-0.00047,-0.00041,-0.00032,-0.00013,0.00012
591.69,0.00019,-0.00047,-0.00042,-0.00031,-0.00012,0.00011
592.04,0.0002,-0.00044,-0.0004,-0.00032,-0.00012,0.00012
592.39,0.00023,-0.00043,-0.00039,-0.00028,-8.00E-05,0.00013
592.74,0.00021,-0.00044,-0.00042,-0.0003,-7.00E-05,0.0001
593.09,0.0002,-0.00044,-0.00042,-0.00032,-8.00E-05,9.00E-05
593.44,0.00015,-0.00048,-0.00048,-0.00036,-0.00013,3.00E-05
593.79,0.00014,-0.0005,-0.00051,-0.00036,-0.00012,0
594.14,0.00013,-0.0005,-0.00053,-0.00038,-0.00013,-1.00E-05
594.49,0.00014,-0.00052,-0.00051,-0.00037,-0.00011,2.00E-05
594.84,0.00014,-0.00052,-0.00052,-0.0004,-0.0001,4.00E-05
595.19,0.00014,-0.00051,-0.00053,-0.00043,-0.00012,4.00E-05
595.54,0.00016,-0.0005,-0.00054,-0.00043,-8.00E-05,4.00E-05
595.89,0.00019,-0.00045,-0.00049,-0.0004,-3.00E-05,7.00E-05
596.24,0.00023,-0.00038,-0.00045,-0.00036,0,0.00011
596.59,0.00023,-0.00038,-0.00046,-0.00034,1.00E-05,0.0001
596.94,0.00023,-0.00036,-0.00045,-0.00035,1.00E-05,9.00E-05
597.29,0.0002,-0.00039,-0.00046,-0.00036,-3.00E-05,6.00E-05
597.64,0.00021,-0.0004,-0.00046,-0.00033,-5.00E-05,6.00E-05
597.99,0.00023,-0.00039,-0.00041,-0.00028,-5.00E-05,0.0001
598.34,0.00021,-0.0004,-0.0004,-0.00029,-7.00E-05,0.00014
598.69,0.00016,-0.00049,-0.00046,-0.00033,-0.00014,0.00011
599.04,0.00014,-0.00051,-0.0005,-0.00037,-0.00017,9.00E-05
599.39,0.00016,-0.00049,-0.0005,-0.00037,-0.00016,0.0001
599.74,0.00017,-0.00047,-0.00055,-0.00038,-0.00019,0.0001
600.09,0.00015,-0.00047,-0.00052,-0.00038,-0.00017,0.00012
600.44,0.00012,-0.0005,-0.00053,-0.00041,-0.0002,0.0001
600.79,0.00013,-0.0005,-0.00053,-0.0004,-0.00019,8.00E-05
601.14,0.00014,-0.00044,-0.00049,-0.00039,-0.00017,5.00E-05
601.49,0.00014,-0.00041,-0.00045,-0.00038,-0.00014,7.00E-05
601.83,9.00E-05,-0.00045,-0.00051,-0.00044,-0.00018,-1.00E-05
602.18,7.00E-05,-0.00045,-0.00048,-0.0004,-0.00012,-2.00E-05
602.53,0.0001,-0.00042,-0.0005,-0.00037,-0.00012,-4.00E-05
602.88,0.00015,-0.0004,-0.00049,-0.00034,-0.0001,-2.00E-05
603.23,0.00017,-0.00039,-0.0005,-0.00036,-8.00E-05,-7.00E-05
603.58,0.00019,-0.00043,-0.00055,-0.00033,-7.00E-05,-1.00E-05
603.93,0.00024,-0.00045,-0.00054,-0.00033,-6.00E-05,0
604.28,0.00026,-0.00044,-0.00055,-0.00032,-6.00E-05,3.00E-05
604.63,0.00027,-0.00046,-0.00053,-0.00035,-0.0001,5.00E-05
604.97,0.00025,-0.00046,-0.00054,-0.00037,-0.00012,9.00E-05
605.32,0.00021,-0.00047,-0.00059,-0.00039,-0.00015,6.00E-05
605.67,0.00021,-0.00049,-0.00057,-0.00037,-0.00014,0.0001
606.02,0.00018,-0.00049,-0.00054,-0.00041,-0.00017,9.00E-05
606.37,0.00014,-0.00048,-0.00055,-0.00043,-0.0002,7.00E-05
606.72,0.00012,-0.00052,-0.00052,-0.00043,-0.0002,9.00E-05
607.07,0.00012,-0.00052,-0.0005,-0.00041,-0.00019,0.0001
607.42,0.0001,-0.00055,-0.00047,-0.00041,-0.00017,7.00E-05
607.76,0.00012,-0.00056,-0.00045,-0.00042,-0.00018,6.00E-05
608.11,0.0001,-0.00054,-0.00048,-0.00043,-0.00023,6.00E-05
608.46,9.00E-05,-0.00054,-0.00049,-0.00041,-0.00021,5.00E-05
608.81,9.00E-05,-0.00055,-0.0005,-0.00039,-0.00019,6.00E-05
609.16,9.00E-05,-0.00053,-0.00052,-0.00038,-0.00017,7.00E-05
609.51,9.00E-05,-0.00051,-0.00057,-0.00037,-0.00017,8.00E-05
609.85,0.00013,-0.00049,-0.00059,-0.00036,-0.00017,0.00011
610.2,0.00013,-0.00049,-0.0006,-0.00037,-0.00016,0.00012
610.55,0.00011,-0.0005,-0.00061,-0.00041,-0.00016,0.0001
610.9,0.0001,-0.00048,-0.00061,-0.00043,-0.00017,0.0001
611.25,0.00014,-0.00049,-0.00059,-0.00043,-0.00018,0.00012
611.59,0.00014,-0.00043,-0.00056,-0.00045,-0.00021,0.00011
611.94,0.00016,-0.00041,-0.00049,-0.00045,-0.00018,0.0001
612.29,0.00015,-0.0004,-0.00049,-0.00047,-0.00016,5.00E-05
612.64,0.00014,-0.00036,-0.00046,-0.00047,-0.00016,2.00E-05
612.99,0.00017,-0.00035,-0.00043,-0.00042,-0.00012,5.00E-05
613.33,0.00022,-0.00035,-0.00043,-0.00039,-0.0001,6.00E-05
613.68,0.00021,-0.00036,-0.00042,-0.0004,-0.0001,1.00E-05
614.03,0.00026,-0.00038,-0.00041,-0.00038,-7.00E-05,1.00E-05
614.38,0.00027,-0.00041,-0.00041,-0.00037,-7.00E-05,2.00E-05
614.72,0.00023,-0.00042,-0.00043,-0.00038,-8.00E-05,4.00E-05
615.07,0.00025,-0.00043,-0.00047,-0.00038,-9.00E-05,4.00E-05
615.42,0.00023,-0.00048,-0.00048,-0.00041,-0.00013,-1.00E-05
615.77,0.00019,-0.0005,-0.00049,-0.00044,-0.00012,-4.00E-05
616.11,0.00017,-0.00046,-0.00047,-0.00041,-0.00011,2.00E-05
616.46,0.00015,-0.00044,-0.00048,-0.0004,-9.00E-05,6.00E-05
616.81,0.00012,-0.00042,-0.0005,-0.0004,-0.00011,8.00E-05
617.16,0.00012,-0.00037,-0.00048,-0.00039,-0.00012,8.00E-05
617.5,9.00E-05,-0.00041,-0.00045,-0.00042,-0.00014,0.0001
617.85,0.0001,-0.00039,-0.00042,-0.0004,-0.00012,0.00013
618.2,0.0001,-0.00038,-0.00045,-0.00039,-0.00016,0.00017
618.54,0.00011,-0.00039,-0.00047,-0.00042,-0.00018,0.00017
618.89,0.00013,-0.00041,-0.00048,-0.00043,-0.00021,0.00018
619.24,0.00015,-0.00044,-0.0005,-0.00045,-0.00022,0.0002
619.59,0.0002,-0.00052,-0.00053,-0.00047,-0.0002,0.00022
619.93,0.00021,-0.00046,-0.00053,-0.00041,-0.00016,0.00025
620.28,0.00023,-0.00045,-0.00054,-0.00039,-0.00015,0.00029
620.63,0.00024,-0.00045,-0.00052,-0.00038,-0.00011,0.00031
620.97,0.00023,-0.00048,-0.00053,-0.00037,-0.00011,0.0003
621.32,0.00018,-0.00048,-0.00053,-0.00038,-9.00E-05,0.00028
621.67,0.00015,-0.00047,-0.00052,-0.00038,-0.00012,0.00025
622.01,0.0001,-0.00045,-0.00049,-0.00037,-0.00013,0.00026
622.36,0.0001,-0.00048,-0.00048,-0.00038,-0.00016,0.00025
622.71,9.00E-05,-0.0005,-0.00047,-0.0004,-0.00019,0.00023
623.05,0.00011,-0.0005,-0.00047,-0.00041,-0.00021,0.00021
623.4,0.00012,-0.0005,-0.00046,-0.0004,-0.00023,0.00019
623.75,0.00016,-0.00051,-0.00046,-0.0004,-0.00022,0.00019
624.09,0.00018,-0.00051,-0.00047,-0.0004,-0.0002,0.00016
624.44,0.00023,-0.00051,-0.00049,-0.00038,-0.00019,0.00015
624.79,0.00024,-0.00054,-0.00052,-0.00042,-0.00018,0.00011
625.13,0.00025,-0.00051,-0.00051,-0.00038,-0.00014,0.00011
625.48,0.00023,-0.00051,-0.00051,-0.00039,-0.00012,9.00E-05
625.82,0.00023,-0.00051,-0.00051,-0.00041,-8.00E-05,7.00E-05
626.17,0.00019,-0.00051,-0.00051,-0.00041,-0.0001,4.00E-05
626.52,0.00018,-0.0005,-0.0005,-0.0004,-9.00E-05,3.00E-05
626.86,0.00013,-0.00049,-0.0005,-0.0004,-0.00011,2.00E-05
627.21,0.00011,-0.00047,-0.0005,-0.00042,-0.00011,4.00E-05
627.55,9.00E-05,-0.00047,-0.0005,-0.00046,-0.00012,4.00E-05
627.9,9.00E-05,-0.00044,-0.0005,-0.00044,-0.00015,4.00E-05
628.25,9.00E-05,-0.00042,-0.0005,-0.00044,-0.00018,9.00E-05
628.59,0.00013,-0.00038,-0.00046,-0.00041,-0.00017,0.00011
628.94,0.00014,-0.00038,-0.00047,-0.00045,-0.00019,0.00011
629.28,0.00019,-0.00036,-0.00048,-0.00045,-0.00017,0.00013
629.63,0.00023,-0.00033,-0.00047,-0.0004,-0.00014,0.00015
629.98,0.00027,-0.00036,-0.00047,-0.00036,-0.00017,0.00019
630.32,0.0003,-0.00037,-0.00047,-0.00038,-0.00012,0.00022
630.67,0.0003,-0.00037,-0.0005,-0.00038,-0.0001,0.00023
631.01,0.00026,-0.00042,-0.00052,-0.00041,-8.00E-05,0.00021
631.36,0.00025,-0.00046,-0.00053,-0.0004,-7.00E-05,0.00024
631.7,0.0002,-0.0005,-0.00051,-0.00039,-8.00E-05,0.00024
632.05,0.00017,-0.0005,-0.0005,-0.0004,-0.00011,0.00028
632.39,9.00E-05,-0.00052,-0.00052,-0.00045,-8.00E-05,0.00026
632.74,7.00E-05,-0.00053,-0.00048,-0.00042,-9.00E-05,0.0003
633.09,3.00E-05,-0.00053,-0.00045,-0.00042,-8.00E-05,0.0003
633.43,2.00E-05,-0.00051,-0.00046,-0.00043,-9.00E-05,0.00033
633.78,2.00E-05,-0.0005,-0.00045,-0.00045,-0.00012,0.00031
634.12,0,-0.00049,-0.00048,-0.00045,-0.00012,0.00031
634.47,2.00E-05,-0.00048,-0.00044,-0.00041,-7.00E-05,0.00029
634.81,6.00E-05,-0.00043,-0.00046,-0.0004,-0.00011,0.00026
635.16,6.00E-05,-0.00044,-0.00047,-0.00043,-0.00013,0.0002
635.5,6.00E-05,-0.00046,-0.00051,-0.00042,-0.00013,0.00016
635.85,5.00E-05,-0.00045,-0.00054,-0.00038,-0.00012,9.00E-05
636.19,6.00E-05,-0.00045,-0.00057,-0.00037,-8.00E-05,6.00E-05
636.54,0.0001,-0.00042,-0.00055,-0.00037,-8.00E-05,5.00E-05
636.88,4.00E-05,-0.00047,-0.00059,-0.00039,-0.0001,0
637.23,1.00E-05,-0.00052,-0.0006,-0.00039,-8.00E-05,-1.00E-05
637.57,1.00E-05,-0.00053,-0.00062,-0.00038,-5.00E-05,2.00E-05
637.92,4.00E-05,-0.0005,-0.00063,-0.00036,-3.00E-05,2.00E-05
638.26,5.00E-05,-0.00052,-0.0006,-0.0004,-6.00E-05,6.00E-05
638.6,5.00E-05,-0.00052,-0.00055,-0.0004,-7.00E-05,8.00E-05
638.95,-1.00E-05,-0.00059,-0.0006,-0.00046,-0.00011,4.00E-05
639.29,3.00E-05,-0.00054,-0.0006,-0.00044,-0.0001,3.00E-05
639.64,8.00E-05,-0.00051,-0.00059,-0.00046,-0.0001,4.00E-05
639.98,9.00E-05,-0.00052,-0.00057,-0.00047,-0.00014,-1.00E-05
640.33,9.00E-05,-0.00053,-0.00056,-0.00048,-0.00019,-3.00E-05
640.67,0.00011,-0.00054,-0.00053,-0.00049,-0.00022,-4.00E-05
641.02,0.00015,-0.00054,-0.00052,-0.00043,-0.00021,-2.00E-05
641.36,0.00021,-0.00053,-0.0005,-0.00035,-0.00019,2.00E-05
641.7,0.0002,-0.00056,-0.00046,-0.00035,-0.0002,5.00E-05
642.05,0.00017,-0.00058,-0.00047,-0.00033,-0.00021,5.00E-05
642.39,0.00018,-0.00057,-0.00047,-0.00028,-0.00019,0.00012
642.74,0.00016,-0.00061,-0.00049,-0.00029,-0.0002,0.00012
643.08,0.00014,-0.0006,-0.00051,-0.00027,-0.00016,0.00016
643.43,0.00012,-0.00057,-0.00048,-0.00028,-0.00016,0.00021
643.77,0.0001,-0.00058,-0.00049,-0.00029,-0.00016,0.00024
644.11,8.00E-05,-0.00059,-0.00052,-0.0003,-0.00014,0.00027
644.46,7.00E-05,-0.00057,-0.00051,-0.00028,-0.00013,0.00035
644.8,5.00E-05,-0.00056,-0.0005,-0.00027,-0.00012,0.00037
645.14,4.00E-05,-0.00053,-0.00048,-0.00025,-8.00E-05,0.00042
645.49,4.00E-05,-0.00048,-0.00046,-0.00023,-3.00E-05,0.00046
645.83,0,-0.0005,-0.00048,-0.00026,-1.00E-05,0.00046
646.18,-1.00E-05,-0.00045,-0.00045,-0.00029,0,0.00047
646.52,2.00E-05,-0.00043,-0.00045,-0.00029,1.00E-05,0.00048
646.86,6.00E-05,-0.00044,-0.00048,-0.00031,1.00E-05,0.00042
647.21,6.00E-05,-0.00045,-0.00052,-0.00038,-2.00E-05,0.00037
647.55,9.00E-05,-0.00044,-0.00052,-0.00039,-2.00E-05,0.00035
647.89,0.00014,-0.00046,-0.00054,-0.00041,-3.00E-05,0.00031
648.24,0.00018,-0.00044,-0.00056,-0.00042,-2.00E-05,0.00027
648.58,0.00021,-0.00048,-0.0006,-0.00043,-3.00E-05,0.00022
648.92,0.00021,-0.00048,-0.00062,-0.00043,-2.00E-05,0.00019
649.27,0.00022,-0.00045,-0.00058,-0.00043,0,0.00019
649.61,0.00018,-0.00043,-0.00059,-0.00041,0,0.00019
649.95,0.00017,-0.00043,-0.0006,-0.00042,2.00E-05,0.00018
650.3,0.00012,-0.00044,-0.00061,-0.00044,1.00E-05,0.00016
650.64,5.00E-05,-0.00046,-0.00064,-0.00047,-2.00E-05,8.00E-05
650.98,6.00E-05,-0.00038,-0.00058,-0.00045,2.00E-05,0.00012
651.33,2.00E-05,-0.00044,-0.00055,-0.00049,-1.00E-05,8.00E-05
651.67,-3.00E-05,-0.00048,-0.00057,-0.00052,-6.00E-05,5.00E-05
652.01,-2.00E-05,-0.00048,-0.00051,-0.00051,-7.00E-05,3.00E-05
652.36,-1.00E-05,-0.00049,-0.00051,-0.0005,-0.0001,0
652.7,-3.00E-05,-0.00053,-0.00049,-0.0005,-0.00013,-1.00E-05
653.04,3.00E-05,-0.00051,-0.00042,-0.00042,-0.00013,4.00E-05
653.38,0,-0.00056,-0.00042,-0.00044,-0.00019,0
653.73,4.00E-05,-0.00051,-0.00038,-0.00039,-0.00018,4.00E-05
654.07,9.00E-05,-0.00049,-0.00037,-0.00036,-0.00016,6.00E-05
654.41,0.00011,-0.00051,-0.00038,-0.00035,-0.00018,8.00E-05
654.75,0.0001,-0.00052,-0.00039,-0.00035,-0.0002,9.00E-05
655.1,8.00E-05,-0.00052,-0.00042,-0.00036,-0.00021,0.00011
655.44,6.00E-05,-0.00056,-0.00048,-0.00039,-0.00019,0.0001
655.78,5.00E-05,-0.00057,-0.0005,-0.00036,-0.00015,0.00013
656.12,3.00E-05,-0.00058,-0.00054,-0.00038,-0.00016,0.00016
656.47,-1.00E-05,-0.00059,-0.00057,-0.0004,-0.00015,0.00017
656.81,-2.00E-05,-0.00057,-0.00061,-0.00039,-0.0001,0.0002
657.15,-5.00E-05,-0.00055,-0.0006,-0.00036,-0.00013,0.00024
657.49,-4.00E-05,-0.00051,-0.00059,-0.00032,-8.00E-05,0.00029
657.84,-4.00E-05,-0.00044,-0.00057,-0.00032,-5.00E-05,0.00037
658.18,-4.00E-05,-0.00036,-0.00057,-0.00031,-2.00E-05,0.00041
658.52,-2.00E-05,-0.00031,-0.00061,-0.00033,0,0.00044
658.86,-3.00E-05,-0.00025,-0.00062,-0.00035,-1.00E-05,0.00051
659.2,0,-0.00021,-0.00058,-0.0004,-1.00E-05,0.00057
659.55,8.00E-05,-0.00018,-0.00062,-0.00044,5.00E-05,0.0006
659.89,0.00021,-0.00019,-0.00064,-0.00047,3.00E-05,0.00061
660.23,0.0003,-0.00021,-0.00062,-0.00046,2.00E-05,0.0006
660.57,0.00033,-0.00031,-0.00063,-0.00051,-1.00E-05,0.00058
660.91,0.00038,-0.00039,-0.00064,-0.00051,-7.00E-05,0.00052
661.26,0.00049,-0.00041,-0.0006,-0.00046,-2.00E-05,0.0005
661.6,0.00045,-0.0005,-0.00063,-0.00048,-7.00E-05,0.00041
661.94,0.00043,-0.00053,-0.00059,-0.00046,-7.00E-05,0.00037
662.28,0.00036,-0.00051,-0.00057,-0.00047,-3.00E-05,0.00033
662.62,0.00031,-0.00053,-0.00057,-0.00047,-4.00E-05,0.00032
662.96,0.00026,-0.00053,-0.00061,-0.00047,-5.00E-05,0.00028
663.31,0.0002,-0.0005,-0.00055,-0.00044,-1.00E-05,0.00027
663.65,0.00012,-0.00052,-0.00054,-0.00049,-1.00E-05,0.00021
663.99,0.00013,-0.00044,-0.00053,-0.00048,5.00E-05,0.00021
664.33,0.00012,-0.00044,-0.0005,-0.00046,5.00E-05,0.00022
664.67,0.00012,-0.00043,-0.00042,-0.00044,4.00E-05,0.00021
665.01,0.0001,-0.00041,-0.00039,-0.00044,7.00E-05,0.00019
665.35,9.00E-05,-0.00044,-0.0003,-0.00041,9.00E-05,0.0002
665.69,6.00E-05,-0.00049,-0.0003,-0.00043,8.00E-05,0.00019
666.04,4.00E-05,-0.00052,-0.00031,-0.0004,6.00E-05,0.00019
666.38,6.00E-05,-0.00054,-0.00025,-0.00034,5.00E-05,0.00022
666.72,4.00E-05,-0.00057,-0.00026,-0.00032,3.00E-05,0.00023
667.06,5.00E-05,-0.00058,-0.00029,-0.0003,3.00E-05,0.00028
667.4,2.00E-05,-0.0006,-0.00028,-0.00026,1.00E-05,0.00032
667.74,3.00E-05,-0.00058,-0.00034,-0.00022,0,0.00034
668.08,5.00E-05,-0.00056,-0.00037,-0.00024,-1.00E-05,0.00037
668.42,5.00E-05,-0.00059,-0.00039,-0.00025,-4.00E-05,0.0004
668.76,2.00E-05,-0.00062,-0.00045,-0.00027,-6.00E-05,0.00038
669.1,1.00E-05,-0.0006,-0.0005,-0.00028,-6.00E-05,0.00039
669.44,-3.00E-05,-0.00061,-0.00057,-0.0003,-6.00E-05,0.00038
669.79,-2.00E-05,-0.0006,-0.00064,-0.00033,-7.00E-05,0.00037
670.13,-3.00E-05,-0.00054,-0.00066,-0.00036,-8.00E-05,0.00038
670.47,-3.00E-05,-0.0005,-0.00068,-0.00033,-8.00E-05,0.00039
670.81,1.00E-05,-0.0004,-0.00065,-0.00028,-2.00E-05,0.00045
671.15,4.00E-05,-0.00028,-0.00063,-0.00028,3.00E-05,0.0005
671.49,4.00E-05,-0.00023,-0.00065,-0.00029,5.00E-05,0.00051
671.83,4.00E-05,-0.00016,-0.00066,-0.0003,1.00E-05,0.00048
672.17,8.00E-05,-0.00014,-0.00064,-0.00031,3.00E-05,0.00047
672.51,0.00016,-0.00015,-0.00064,-0.00029,7.00E-05,0.00045
672.85,0.00027,-0.00017,-0.00063,-0.0003,7.00E-05,0.00044
673.19,0.00034,-0.00025,-0.00065,-0.00033,7.00E-05,0.00041
673.53,0.00041,-0.00032,-0.00065,-0.00034,6.00E-05,0.0004
673.87,0.00045,-0.00039,-0.00063,-0.00035,7.00E-05,0.00039
674.21,0.0005,-0.00048,-0.00061,-0.00034,0.0001,0.00045
674.55,0.00047,-0.00053,-0.00062,-0.00037,0.00015,0.00049
674.89,0.00045,-0.00054,-0.00062,-0.00038,0.00019,0.00055
675.23,0.00038,-0.00055,-0.00058,-0.00038,0.00026,0.00059
675.57,0.00028,-0.00052,-0.00061,-0.00039,0.00024,0.00059
675.91,0.00017,-0.00056,-0.00068,-0.00041,0.00026,0.0006
676.25,0.00013,-0.00057,-0.00069,-0.00044,0.00026,0.0006
676.59,9.00E-05,-0.00056,-0.00067,-0.00043,0.00031,0.00059
676.93,7.00E-05,-0.00055,-0.00065,-0.00042,0.00031,0.0006
677.27,-2.00E-05,-0.00059,-0.00066,-0.00047,0.00026,0.00056
677.61,-5.00E-05,-0.00063,-0.00067,-0.00049,0.00025,0.00055
677.95,-5.00E-05,-0.00064,-0.00061,-0.00048,0.00032,0.00056
678.29,-2.00E-05,-0.00067,-0.00055,-0.0005,0.00031,0.00056
678.63,-4.00E-05,-0.00068,-0.00051,-0.0005,0.00029,0.00053
678.97,-4.00E-05,-0.00065,-0.00047,-0.00048,0.00029,0.00056
679.31,-3.00E-05,-0.00066,-0.00044,-0.00043,0.00029,0.00053
679.65,-1.00E-05,-0.00066,-0.0004,-0.00041,0.00028,0.00052
679.98,-1.00E-05,-0.00065,-0.00041,-0.00037,0.00022,0.00049
680.32,-1.00E-05,-0.00067,-0.00042,-0.00035,0.00021,0.00051
680.66,-2.00E-05,-0.00065,-0.0004,-0.00029,0.0002,0.0005
681,0,-0.00064,-0.00039,-0.00019,0.00022,0.00053
681.34,-3.00E-05,-0.00068,-0.00045,-0.00024,0.00014,0.0005
681.68,-3.00E-05,-0.0007,-0.00049,-0.00027,0.0001,0.00053
682.02,-3.00E-05,-0.00068,-0.00051,-0.00023,0.00012,0.00058
682.36,-4.00E-05,-0.00068,-0.00054,-0.00023,0.00015,0.00059
682.7,-3.00E-05,-0.00067,-0.00054,-0.00024,0.00015,0.00061
683.04,-4.00E-05,-0.00065,-0.00058,-0.00028,0.00015,0.00061
683.38,0,-0.00061,-0.00058,-0.00029,0.00017,0.00066
683.71,-1.00E-05,-0.00062,-0.00058,-0.00027,0.00019,0.00067
684.05,-3.00E-05,-0.00057,-0.00054,-0.00027,0.00026,0.00069
684.39,-2.00E-05,-0.00053,-0.00054,-0.00025,0.00031,0.00075
684.73,-5.00E-05,-0.00047,-0.00053,-0.00026,0.00032,0.00077
685.07,-0.0001,-0.00041,-0.00055,-0.00027,0.00029,0.00076
685.41,-0.0001,-0.00033,-0.00056,-0.00023,0.00029,0.00081
685.75,-0.0001,-0.00027,-0.0006,-0.00023,0.00031,0.00081
686.09,-6.00E-05,-0.0002,-0.0006,-0.00022,0.00033,0.00084
686.42,3.00E-05,-0.00019,-0.00065,-0.00021,0.00033,0.00082
686.76,0.00012,-0.00018,-0.00063,-0.0002,0.00035,0.00082
687.1,0.00026,-0.00025,-0.00069,-0.00017,0.00039,0.00087
687.44,0.00037,-0.00032,-0.00071,-0.00016,0.00048,0.00091
687.78,0.00042,-0.00041,-0.00071,-0.00017,0.00057,0.00096
688.12,0.00044,-0.00049,-0.00073,-0.00017,0.00065,0.00104
688.45,0.00047,-0.00056,-0.00075,-0.00019,0.00078,0.00114
688.79,0.00041,-0.00062,-0.00077,-0.00023,0.00081,0.00122
689.13,0.0003,-0.0007,-0.00081,-0.00029,0.00085,0.00127
689.47,0.00018,-0.00067,-0.00076,-0.00031,0.00091,0.00134
689.81,0.00012,-0.00069,-0.00075,-0.00035,0.00091,0.00136
690.14,9.00E-05,-0.0007,-0.00075,-0.00037,0.00089,0.00141
690.48,4.00E-05,-0.00065,-0.00072,-0.00036,0.00092,0.00143
690.82,2.00E-05,-0.00062,-0.00073,-0.00033,0.00087,0.00141
691.16,2.00E-05,-0.00062,-0.00067,-0.0003,0.00092,0.00142
691.5,6.00E-05,-0.00057,-0.00063,-0.00027,0.0009,0.00142
691.83,6.00E-05,-0.00057,-0.0006,-0.00027,0.0008,0.00137
692.17,6.00E-05,-0.00056,-0.00053,-0.00025,0.00079,0.00139
692.51,9.00E-05,-0.00053,-0.00044,-0.00019,0.00079,0.00138
692.85,8.00E-05,-0.00057,-0.00042,-0.00026,0.0007,0.00138
693.18,6.00E-05,-0.00057,-0.00033,-0.00024,0.00069,0.00137
693.52,3.00E-05,-0.00058,-0.00037,-0.00025,0.0006,0.00136
693.86,-1.00E-05,-0.00067,-0.00041,-0.00028,0.00055,0.00131
694.2,-5.00E-05,-0.00074,-0.0004,-0.00028,0.00057,0.00133
694.53,-0.00012,-0.0008,-0.00046,-0.00027,0.00052,0.00134
694.87,-0.00016,-0.00081,-0.00046,-0.00026,0.00053,0.00134
695.21,-0.00017,-0.00082,-0.00042,-0.00016,0.00056,0.00135
695.55,-0.00017,-0.00081,-0.00042,-0.00012,0.0006,0.00137
695.88,-0.00016,-0.00079,-0.00035,-9.00E-05,0.00069,0.00144
696.22,-0.00014,-0.00072,-0.0003,-7.00E-05,0.00077,0.00152
696.56,-0.0001,-0.00061,-0.00027,4.00E-05,0.00086,0.00162
696.9,-5.00E-05,-0.00057,-0.00024,8.00E-05,0.00095,0.00165
697.23,-8.00E-05,-0.00061,-0.00032,4.00E-05,0.00093,0.00165
697.57,-8.00E-05,-0.00064,-0.00039,-8.00E-05,0.0009,0.00169
697.91,-0.00011,-0.00067,-0.00045,-9.00E-05,0.00091,0.00171
698.24,-0.00011,-0.00067,-0.00051,-0.0001,0.00088,0.00172
698.58,-6.00E-05,-0.00067,-0.00053,-7.00E-05,0.00093,0.00178
698.92,-7.00E-05,-0.0007,-0.0006,-0.00013,0.00091,0.00179
699.25,-1.00E-05,-0.00065,-0.00058,-0.00015,0.00094,0.00188
699.59,-2.00E-05,-0.0006,-0.00062,-0.00016,0.00096,0.00191
699.93,1.00E-05,-0.00052,-0.00059,-7.00E-05,0.00107,0.00194
700.26,2.00E-05,-0.00041,-0.0006,-8.00E-05,0.00113,0.00197
700.6,-3.00E-05,-0.00032,-0.00059,-5.00E-05,0.00119,0.00204
700.94,-0.0001,-0.00025,-0.0006,-2.00E-05,0.00118,0.00207
701.27,-4.00E-05,-0.00016,-0.00061,0,0.00128,0.0021
701.61,3.00E-05,-0.00016,-0.00064,9.00E-05,0.00131,0.00209
701.95,0.00019,-0.00018,-0.00064,0.00015,0.00139,0.00213
702.28,0.00036,-0.00017,-0.00063,0.00021,0.00146,0.00223
702.62,0.00057,-0.00021,-0.00058,0.00027,0.00153,0.00235
702.96,0.00072,-0.00032,-0.00061,0.00026,0.00155,0.00236
703.29,0.00078,-0.00037,-0.00064,0.00025,0.0016,0.0024
703.63,0.00077,-0.00042,-0.00062,0.00025,0.00164,0.00244
703.96,0.00066,-0.00046,-0.00064,0.00014,0.00161,0.00247
704.3,0.00056,-0.00041,-0.0006,0.00011,0.00163,0.00255
704.64,0.00042,-0.00046,-0.00061,4.00E-05,0.0016,0.00256
704.97,0.00021,-0.00052,-0.00069,-1.00E-05,0.00154,0.00258
705.31,8.00E-05,-0.00052,-0.00066,-3.00E-05,0.00152,0.00266
705.64,4.00E-05,-0.00054,-0.00062,1.00E-05,0.00151,0.00271
705.98,1.00E-05,-0.00059,-0.0006,-1.00E-05,0.00149,0.00276
706.32,-1.00E-05,-0.00058,-0.00057,7.00E-05,0.00155,0.0028
706.65,-4.00E-05,-0.00061,-0.00054,0.00012,0.00158,0.00283
706.99,-5.00E-05,-0.00061,-0.0005,0.00016,0.00157,0.00287
707.32,-5.00E-05,-0.0006,-0.00045,0.00018,0.00161,0.00287
707.66,-1.00E-05,-0.00058,-0.0004,0.00025,0.00167,0.00287
707.99,-6.00E-05,-0.00064,-0.0004,0.00019,0.00166,0.00288
708.33,-5.00E-05,-0.00059,-0.00034,0.00026,0.00169,0.00295
708.67,1.00E-05,-0.00055,-0.00032,0.0003,0.00173,0.00306
709,9.00E-05,-0.00051,-0.00025,0.00036,0.00182,0.00319
709.34,1.00E-05,-0.00055,-0.00026,0.00036,0.00187,0.00325
709.67,5.00E-05,-0.00056,-0.0002,0.00039,0.00192,0.00334
710.01,4.00E-05,-0.0006,-0.00019,0.00033,0.00196,0.00339
710.34,1.00E-05,-0.00058,-0.00016,0.00036,0.00198,0.00342
710.68,-2.00E-05,-0.00061,-0.00014,0.00033,0.00203,0.00353
711.01,-7.00E-05,-0.00061,-0.00011,0.00027,0.00208,0.00356
711.35,-0.00015,-0.00063,-0.00017,0.0002,0.00205,0.00358
711.68,-0.00013,-0.00061,-0.00018,0.00019,0.00208,0.00357
712.02,-0.00013,-0.00058,-0.00024,0.00017,0.00211,0.00362
712.35,-0.00012,-0.00056,-0.0003,0.00022,0.00214,0.00368
712.69,-8.00E-05,-0.00056,-0.00031,0.00022,0.00218,0.00377
713.02,-6.00E-05,-0.00058,-0.0004,0.0002,0.0022,0.00383
713.36,-6.00E-05,-0.00059,-0.00045,0.00022,0.0022,0.00385
713.69,-0.00015,-0.0006,-0.00053,0.00023,0.0022,0.00386
714.03,-0.00015,-0.00055,-0.00054,0.00027,0.00223,0.00394
714.36,-0.00018,-0.00056,-0.00054,0.00034,0.00226,0.00402
714.7,-0.00017,-0.00044,-0.00052,0.00046,0.00233,0.00412
715.03,-0.00016,-0.00031,-0.00056,0.00055,0.00235,0.00415
715.37,-0.00018,-0.00011,-0.00054,0.00062,0.00238,0.00414
715.7,-0.00016,-2.00E-05,-0.00057,0.00069,0.00243,0.00418
716.04,-6.00E-05,9.00E-05,-0.00056,0.00075,0.00248,0.00426
716.37,2.00E-05,0.00019,-0.00056,0.00075,0.00255,0.00436
716.7,0.0002,0.00025,-0.00051,0.00074,0.00261,0.00441
717.04,0.00039,0.00023,-0.00054,0.00063,0.00258,0.0044
717.37,0.00063,0.00017,-0.00052,0.00059,0.00267,0.00451
717.71,0.00081,-1.00E-05,-0.00052,0.00054,0.00271,0.0046
718.04,0.00092,-0.00012,-0.00053,0.00046,0.00274,0.00469
718.38,0.00098,-0.00023,-0.00051,0.0004,0.00275,0.00474
718.71,0.00097,-0.00039,-0.0005,0.00037,0.00277,0.00475
719.04,0.00086,-0.00046,-0.00055,0.00035,0.00274,0.00475
719.38,0.00068,-0.00053,-0.00053,0.00035,0.00283,0.00484
719.71,0.00048,-0.00058,-0.00053,0.00032,0.00283,0.00483
720.05,0.00028,-0.00063,-0.00052,0.00029,0.00291,0.00484
720.38,0.00015,-0.00066,-0.00047,0.00034,0.0029,0.00488
720.71,0.00011,-0.00062,-0.00035,0.0004,0.00301,0.00502
721.05,5.00E-05,-0.00063,-0.00026,0.00043,0.00306,0.00507
721.38,-1.00E-05,-0.00061,-0.00017,0.00046,0.00321,0.00518
721.72,-3.00E-05,-0.00057,-3.00E-05,0.0005,0.00328,0.00526
722.05,-2.00E-05,-0.00051,3.00E-05,0.00055,0.00333,0.0054
722.38,1.00E-05,-0.00048,7.00E-05,0.00056,0.00332,0.00547
722.72,2.00E-05,-0.00042,0.00012,0.00058,0.00341,0.00554
723.05,-2.00E-05,-0.00047,9.00E-05,0.00059,0.00347,0.00556
723.38,2.00E-05,-0.00037,0.00015,0.00064,0.00349,0.00568
723.72,-2.00E-05,-0.00045,0.00018,0.00062,0.00344,0.0057
724.05,-4.00E-05,-0.00049,0.00012,0.00063,0.00344,0.00574
724.38,-2.00E-05,-0.00048,0.00018,0.00067,0.00354,0.00578
724.72,-3.00E-05,-0.00047,0.00018,0.00071,0.00358,0.00583
725.05,-7.00E-05,-0.0005,0.00014,0.00068,0.00362,0.00589
725.38,-4.00E-05,-0.00046,0.00012,0.00063,0.00367,0.00594
725.72,-5.00E-05,-0.00053,1.00E-05,0.00058,0.00367,0.00594
726.05,-2.00E-05,-0.00043,-0.0001,0.00059,0.00373,0.00601
726.38,3.00E-05,-0.00039,-0.0001,0.00062,0.0038,0.00611
726.72,3.00E-05,-0.00041,-0.00019,0.00063,0.0038,0.00618
727.05,4.00E-05,-0.00036,-0.00021,0.00064,0.00387,0.00629
727.38,9.00E-05,-0.00035,-0.00023,0.00069,0.00393,0.00637
727.71,5.00E-05,-0.00035,-0.0003,0.00071,0.00393,0.00642
728.05,6.00E-05,-0.00025,-0.0003,0.00074,0.004,0.00653
728.38,1.00E-05,-0.00018,-0.00033,0.00073,0.004,0.00655
728.71,-4.00E-05,-5.00E-05,-0.00039,0.00074,0.00398,0.0066
729.05,-4.00E-05,0.00014,-0.00038,0.00078,0.00408,0.00668
729.38,-2.00E-05,0.00033,-0.00039,0.00084,0.00417,0.00672
729.71,7.00E-05,0.00051,-0.00037,0.00093,0.00427,0.0068
730.04,0.00018,0.00056,-0.00032,0.00098,0.00429,0.00685
730.38,0.00046,0.00057,-0.00029,0.00097,0.00438,0.0069
730.71,0.00083,0.00051,-0.00028,0.00102,0.00449,0.00698
731.04,0.00112,0.00046,-0.00026,0.00104,0.00456,0.0071
731.37,0.00122,0.00025,-0.00029,0.00104,0.00461,0.00712
731.71,0.00133,7.00E-05,-0.00023,0.00102,0.0046,0.00719
732.04,0.00136,-9.00E-05,-0.00019,0.00097,0.00459,0.00724
732.37,0.00131,-0.00016,-0.00016,0.001,0.00466,0.00734
732.7,0.00107,-0.00024,-0.00017,0.00104,0.00467,0.00736
733.04,0.00079,-0.00026,-0.00011,0.00108,0.0047,0.00747
733.37,0.00052,-0.00035,-8.00E-05,0.0011,0.00476,0.00748
733.7,0.00038,-0.00036,-7.00E-05,0.0011,0.00474,0.00749
734.03,0.00024,-0.00034,-0.00015,0.00109,0.00479,0.00754
734.36,0.0001,-0.00033,-0.00024,0.00108,0.00481,0.00756
734.7,5.00E-05,-0.00032,-0.00027,0.00109,0.00484,0.00762
735.03,0,-0.00036,-0.00035,0.00106,0.00484,0.00762
735.36,-4.00E-05,-0.00037,-0.00038,0.00106,0.00491,0.00766
735.69,-3.00E-05,-0.00034,-0.00043,0.00101,0.00493,0.00769
736.02,2.00E-05,-0.00031,-0.00039,0.00105,0.00495,0.0078
736.35,-2.00E-05,-0.00036,-0.00035,0.00107,0.00497,0.00778
736.69,-1.00E-05,-0.0004,-0.0003,0.00114,0.00501,0.00792
737.02,-4.00E-05,-0.00041,-0.00029,0.00113,0.00504,0.0079
737.35,-4.00E-05,-0.00032,-0.00017,0.00121,0.00515,0.00804
737.68,-7.00E-05,-0.00032,-0.00021,0.00121,0.00516,0.00805
738.01,-7.00E-05,-0.00034,-0.00023,0.00126,0.00524,0.00814
738.34,-0.00017,-0.00036,-0.00029,0.0012,0.00536,0.00819
738.68,-0.00014,-0.00036,-0.0003,0.00125,0.00542,0.00828
739.01,-0.00014,-0.00038,-0.00033,0.0012,0.00548,0.00828
739.34,-0.00011,-0.00035,-0.00033,0.00124,0.00552,0.00837
739.67,-0.00011,-0.00042,-0.00041,0.0012,0.00546,0.00835
740,-0.0001,-0.00039,-0.00035,0.00123,0.00551,0.00848
740.33,-0.00016,-0.00041,-0.00033,0.00124,0.00553,0.00848
740.66,-8.00E-05,-0.00036,-0.00024,0.00131,0.00551,0.00859
740.99,-7.00E-05,-0.00031,-0.00022,0.00129,0.00553,0.00864
741.32,-0.00013,-0.0003,-0.00024,0.00129,0.00553,0.00868
741.66,-0.00014,-0.00029,-0.00023,0.00128,0.0056,0.00872
741.99,-0.00011,-0.00021,-0.0002,0.00136,0.00573,0.00891
742.32,-0.0001,-0.00022,-0.00018,0.00134,0.00573,0.00895
742.65,-5.00E-05,-0.00017,-0.00012,0.00133,0.00572,0.00903
742.98,-6.00E-05,-0.00014,-0.00016,0.0013,0.00577,0.00904
743.31,-2.00E-05,-0.00012,-0.00013,0.00137,0.00585,0.00915
743.64,7.00E-05,-6.00E-05,-5.00E-05,0.00146,0.00596,0.0093
743.97,8.00E-05,-0.0001,-3.00E-05,0.00146,0.00598,0.00936
744.3,7.00E-05,-0.00013,-5.00E-05,0.00142,0.00598,0.00936
744.63,7.00E-05,-0.00013,-9.00E-05,0.0014,0.00606,0.00938
744.96,5.00E-05,-0.00012,-7.00E-05,0.00144,0.00617,0.0095
745.29,6.00E-05,-0.00012,-1.00E-05,0.00151,0.00622,0.00959
745.62,3.00E-05,-0.00019,-2.00E-05,0.00144,0.00624,0.00957
745.95,2.00E-05,-0.00019,0,0.00138,0.00626,0.00956
746.28,3.00E-05,-0.00016,-7.00E-05,0.00141,0.00627,0.00968
746.61,6.00E-05,-0.00016,-2.00E-05,0.00146,0.00636,0.00972
746.94,6.00E-05,-0.00018,5.00E-05,0.00156,0.00638,0.00974
747.28,0.0001,-0.00017,4.00E-05,0.00155,0.00641,0.00975
747.61,6.00E-05,-0.00029,-6.00E-05,0.00147,0.00642,0.00973
747.94,3.00E-05,-0.00027,-8.00E-05,0.00155,0.00641,0.00976
748.27,7.00E-05,-0.00024,-7.00E-05,0.00161,0.00648,0.0098
748.6,2.00E-05,-0.00024,-4.00E-05,0.00166,0.00651,0.00981
748.93,-4.00E-05,-0.00025,-9.00E-05,0.00163,0.00645,0.00976
749.26,-7.00E-05,-0.00023,-0.00017,0.00164,0.00643,0.00982
749.58,-6.00E-05,-0.00024,-0.00015,0.00169,0.00642,0.00988
749.91,-8.00E-05,-0.00021,-7.00E-05,0.00169,0.00644,0.00997
750.24,-4.00E-05,-0.0002,-2.00E-05,0.00174,0.00654,0.01011
750.57,-0.0001,-0.00022,-7.00E-05,0.00171,0.00649,0.01018
750.9,-0.0001,-0.00022,-8.00E-05,0.00169,0.00654,0.01023
751.23,-0.00011,-0.00025,-0.0001,0.00169,0.00655,0.01035
751.56,-8.00E-05,-0.00024,-6.00E-05,0.00166,0.00662,0.01045
751.89,-0.00012,-0.00024,-0.00012,0.00162,0.00665,0.01044
752.22,-8.00E-05,-0.00021,-0.00011,0.00168,0.00667,0.01051
752.55,-0.00019,-0.00022,-0.00015,0.00159,0.00662,0.0105
752.88,-0.00019,-0.00024,-0.00014,0.00161,0.00664,0.01052
753.21,-0.00015,-0.00023,-6.00E-05,0.00161,0.00671,0.01061
753.54,-0.00017,-0.00023,1.00E-05,0.00164,0.00673,0.01065
753.87,-0.00018,-0.00026,3.00E-05,0.00169,0.00675,0.01068
754.2,-0.0002,-0.00025,6.00E-05,0.00176,0.00682,0.01073
754.53,-0.00023,-0.00032,0,0.00174,0.00681,0.01071
754.86,-0.00019,-0.00026,7.00E-05,0.00189,0.00696,0.01077
755.19,-0.00019,-0.00026,8.00E-05,0.00183,0.007,0.01079
755.51,-0.00024,-0.00028,2.00E-05,0.0018,0.00698,0.0108
755.84,-0.00017,-0.00017,8.00E-05,0.00189,0.00716,0.01092
756.17,-0.00012,-9.00E-05,0.0001,0.00186,0.00721,0.01102
756.5,-5.00E-05,-6.00E-05,0.00015,0.00182,0.00728,0.01111
756.83,2.00E-05,7.00E-05,0.00026,0.00193,0.00744,0.01127
757.16,5.00E-05,-3.00E-05,0.00014,0.00187,0.00735,0.01128
757.49,6.00E-05,-1.00E-05,9.00E-05,0.00195,0.00735,0.01139
757.82,8.00E-05,3.00E-05,0.0001,0.00195,0.00738,0.01141
758.14,2.00E-05,-2.00E-05,4.00E-05,0.00191,0.00736,0.01142
758.47,-3.00E-05,-8.00E-05,4.00E-05,0.00186,0.0074,0.01142
758.8,-5.00E-05,-7.00E-05,0.00011,0.00192,0.00742,0.01148
759.13,-0.00011,-0.00013,6.00E-05,0.00188,0.00736,0.01144
759.46,-0.00014,-8.00E-05,8.00E-05,0.00184,0.00738,0.01146
759.79,-0.00015,-0.0001,0.0001,0.00191,0.00743,0.0115
760.12,-0.00013,-0.00014,5.00E-05,0.00195,0.00747,0.01152
760.44,-0.00013,-0.00015,4.00E-05,0.00197,0.00744,0.01151
760.77,-0.00022,-0.0002,1.00E-05,0.002,0.00739,0.01145
761.1,-0.00021,-0.00022,-8.00E-05,0.002,0.00744,0.01152
761.43,-0.00019,-0.00018,-0.0001,0.00196,0.00746,0.01155
761.76,-0.00013,-0.00021,-4.00E-05,0.002,0.00752,0.0116
762.08,-5.00E-05,-0.00017,-7.00E-05,0.00203,0.00762,0.01163
762.41,-7.00E-05,-0.00013,-2.00E-05,0.002,0.00768,0.01173
762.74,-6.00E-05,-0.0001,-5.00E-05,0.00202,0.0077,0.01178
763.07,-1.00E-05,-7.00E-05,-7.00E-05,0.00204,0.00773,0.01186
763.4,0,-3.00E-05,-4.00E-05,0.00207,0.00771,0.01185
763.72,0,-3.00E-05,1.00E-05,0.00219,0.00778,0.01186
764.05,0,2.00E-05,3.00E-05,0.00224,0.00786,0.01195
764.38,-4.00E-05,-5.00E-05,0.00015,0.00221,0.00786,0.012
764.71,0,-0.00013,0.00014,0.00224,0.00781,0.01204
765.04,-1.00E-05,-0.00017,0.00013,0.00221,0.00784,0.01207
765.36,1.00E-05,-0.0001,0.00021,0.0023,0.008,0.01224
765.69,0,-0.00011,0.00021,0.00231,0.00802,0.01231
766.02,-1.00E-05,-0.00022,0.00016,0.00222,0.00803,0.0123
766.35,-3.00E-05,-0.00028,9.00E-05,0.0021,0.00797,0.01227
766.67,-0.00013,-0.00023,2.00E-05,0.00201,0.00796,0.01224
767,-0.00016,-0.00014,7.00E-05,0.00203,0.008,0.01223
767.33,-0.00019,-0.00015,0.0001,0.00205,0.00804,0.01232
767.65,-0.00028,-0.00026,-3.00E-05,0.00196,0.00791,0.01223
767.98,-0.00033,-0.00026,-9.00E-05,0.00194,0.00795,0.01223
768.31,-0.00031,-0.00018,-5.00E-05,0.002,0.008,0.01236
768.64,-0.00037,-0.00011,3.00E-05,0.00208,0.00805,0.01242
768.96,-0.0003,-0.00014,-3.00E-05,0.00213,0.00803,0.01247
769.29,-0.00025,-0.00016,-0.00012,0.00212,0.00813,0.01253
769.62,-0.00017,-0.00011,-0.00017,0.00209,0.00821,0.01255
769.94,-0.00018,-0.00011,-0.00018,0.00202,0.00824,0.01246
770.27,-0.00015,-0.00012,-0.00016,0.00198,0.00832,0.01247
770.6,-0.0002,-0.00011,-0.00017,0.00194,0.00834,0.01246
770.92,-0.00017,-0.00012,-0.00024,0.00192,0.0084,0.01246
771.25,-0.00021,-9.00E-05,-0.00012,0.00193,0.00845,0.01249
771.58,-0.00026,-0.00012,-0.00013,0.00194,0.00839,0.01248
771.9,-0.00028,-0.00013,-9.00E-05,0.002,0.00836,0.01246
772.23,-0.00022,-0.0001,-9.00E-05,0.00213,0.00833,0.01262
772.56,-0.00026,-0.00011,-7.00E-05,0.00214,0.00832,0.01269
772.88,-0.00027,-0.00011,-2.00E-05,0.00217,0.00829,0.01277
773.21,-0.00029,-0.00017,1.00E-05,0.00223,0.00826,0.01281
773.54,-0.00034,-0.00019,-0.00013,0.00226,0.00824,0.01282
773.86,-0.00034,-0.00017,-1.00E-05,0.00228,0.00827,0.01283
774.19,-0.00035,-0.00022,-4.00E-05,0.00228,0.00832,0.01287
774.52,-0.00026,-0.0002,7.00E-05,0.00228,0.00842,0.01295
774.84,-0.00028,-0.00026,1.00E-05,0.0023,0.00842,0.01291
775.17,-0.00025,-0.00038,-5.00E-05,0.00224,0.00838,0.01283
775.5,-0.0002,-0.00031,-5.00E-05,0.0022,0.0085,0.01292
775.82,-0.00024,-0.00037,-3.00E-05,0.00212,0.00858,0.01287
776.15,-0.00017,-0.00036,0,0.00221,0.00863,0.01301
776.47,-0.00017,-0.00032,5.00E-05,0.00221,0.00856,0.01305
776.8,-0.00025,-0.00031,-3.00E-05,0.00225,0.00854,0.01304
777.12,-0.00023,-0.00026,3.00E-05,0.00228,0.00846,0.01305
777.45,-0.00031,-0.00016,5.00E-05,0.0023,0.00849,0.01311
777.78,-0.00029,-0.00023,5.00E-05,0.00235,0.00843,0.01303
778.1,-0.00022,-0.00019,9.00E-05,0.00236,0.00845,0.01313
778.43,-0.00029,-0.00023,-3.00E-05,0.00226,0.00844,0.01302
778.75,-0.00029,-0.00024,6.00E-05,0.00229,0.00855,0.01309
779.08,-0.00031,-0.00033,8.00E-05,0.0022,0.00853,0.01302
779.4,-0.00044,-0.00038,-1.00E-05,0.00208,0.00852,0.01305
779.73,-0.00044,-0.00039,-4.00E-05,0.0021,0.0086,0.01306
780.06,-0.00049,-0.00043,-2.00E-05,0.00207,0.00864,0.01305
780.38,-0.0005,-0.00041,5.00E-05,0.00216,0.00869,0.01313
780.71,-0.00055,-0.00045,2.00E-05,0.00214,0.00864,0.01321
781.03,-0.00062,-0.00053,-0.00013,0.002,0.00857,0.01314
781.36,-0.00065,-0.00053,-0.00013,0.0019,0.00863,0.0131
781.68,-0.00024,-0.00018,0.00028,0.00232,0.00914,0.01348
782.01,-0.00024,-0.00016,0.00024,0.00232,0.00911,0.01351
782.33,-0.00025,-0.00011,0.00024,0.0023,0.00907,0.01357
782.66,-0.00025,-9.00E-05,0.00017,0.00231,0.00901,0.01348
782.98,-0.00017,-2.00E-05,0.00027,0.00229,0.00913,0.0135
783.31,-9.00E-05,0.00011,0.0003,0.00239,0.00923,0.01357
783.63,-3.00E-05,0.00021,0.00037,0.00252,0.00922,0.01372
783.96,-0.00029,-9.00E-05,-2.00E-05,0.00222,0.00879,0.01346
784.28,-0.00025,-9.00E-05,4.00E-05,0.00215,0.00884,0.01339
784.61,-0.00017,-5.00E-05,4.00E-05,0.00219,0.00895,0.01352
784.93,-0.00019,-0.00012,9.00E-05,0.00212,0.00897,0.01356
785.26,-0.00032,-0.0002,1.00E-05,0.00215,0.00886,0.01352
785.58,-0.00036,-0.00021,6.00E-05,0.00213,0.00887,0.01354
785.91,-0.00038,-0.00036,-1.00E-05,0.00213,0.00888,0.01353
786.23,-0.00047,-0.00037,-1.00E-05,0.00207,0.00893,0.01345
786.56,-0.00042,-0.00037,-0.00011,0.00213,0.0089,0.01349
786.88,-0.00053,-0.00045,-9.00E-05,0.00211,0.00886,0.01345
787.2,-0.00047,-0.00045,-0.00011,0.00212,0.00893,0.0135
787.53,-0.00047,-0.00044,-0.00016,0.00214,0.00902,0.01357
787.85,-0.00053,-0.00049,-0.00025,0.00206,0.00901,0.01351
788.18,-0.00057,-0.0004,-0.0002,0.00214,0.00906,0.01356
788.5,-0.00053,-0.00048,-0.00016,0.00229,0.0091,0.01363
788.83,-0.00057,-0.00046,-6.00E-05,0.00233,0.00912,0.0137
789.15,-0.00055,-0.00045,-0.00013,0.00234,0.00919,0.01372
789.47,-0.00063,-0.00042,-0.00012,0.0023,0.00914,0.01369
789.8,-0.00057,-0.00045,-7.00E-05,0.00235,0.00915,0.01368
790.12,-0.00051,-0.00039,8.00E-05,0.00247,0.00924,0.01385
790.45,-0.00048,-0.00029,7.00E-05,0.00245,0.00928,0.01393
790.77,-0.00058,-0.00031,-3.00E-05,0.00226,0.00929,0.01387
791.09,-0.00068,-0.00039,-0.0001,0.00218,0.00928,0.01388
791.42,-0.00068,-0.00051,-0.00016,0.00223,0.00916,0.01385
791.74,-0.0006,-0.00048,-0.00018,0.00231,0.00921,0.014
792.06,-0.00058,-0.00044,-0.00011,0.00235,0.00917,0.0141
792.39,-0.00051,-0.00047,-0.00018,0.00236,0.00915,0.01407
792.71,-0.00042,-0.00047,-0.00014,0.00229,0.0092,0.01402
793.04,-0.0003,-0.00037,-7.00E-05,0.00242,0.00924,0.01406
793.36,-0.00024,-0.0004,-7.00E-05,0.00237,0.00926,0.01407
793.68,-0.0002,-0.00026,-1.00E-05,0.00236,0.00942,0.0141
794.01,-0.00019,-0.00029,6.00E-05,0.00234,0.00945,0.01412
794.33,-0.00021,-0.00028,5.00E-05,0.00228,0.00957,0.01413
794.65,-0.00034,-0.00033,4.00E-05,0.00221,0.00954,0.01411
794.98,-0.00041,-0.00045,-8.00E-05,0.00234,0.0095,0.01409
795.3,-0.00042,-0.00047,-5.00E-05,0.00232,0.0095,0.01414
795.62,-0.00042,-0.00035,4.00E-05,0.00247,0.00955,0.01424
795.94,-0.00048,-0.00036,6.00E-05,0.00244,0.00945,0.0143
796.27,-0.0005,-0.00037,5.00E-05,0.00237,0.00939,0.01427
796.59,-0.00043,-0.00038,-2.00E-05,0.00229,0.0094,0.01423
796.91,-0.00036,-0.00034,0,0.00233,0.00949,0.01427
797.24,-0.00043,-0.00027,6.00E-05,0.0023,0.00952,0.01435
797.56,-0.00046,-0.00023,-3.00E-05,0.00228,0.00958,0.01441
797.88,-0.0003,-8.00E-05,5.00E-05,0.00241,0.00974,0.01451
798.21,-0.00029,-8.00E-05,0,0.00239,0.00976,0.01449
798.53,-0.00026,-0.00016,-3.00E-05,0.00244,0.00988,0.01448
798.85,-0.00033,-0.00012,-1.00E-05,0.00255,0.00984,0.01447
799.17,-0.00038,-0.00015,-0.00011,0.00251,0.0097,0.01446
799.5,-0.00034,-0.00017,-0.00014,0.00249,0.00973,0.01447
799.82,-0.00035,-0.00025,-7.00E-05,0.00246,0.00968,0.01448
800.14,-0.00043,-0.00043,-0.0002,0.00235,0.00959,0.01439
800.46,-0.00037,-0.00036,-0.00012,0.00237,0.00969,0.01445
800.79,-0.00043,-0.00028,-0.0001,0.00236,0.00976,0.01453
801.11,-0.00042,-0.00032,-4.00E-05,0.00229,0.00986,0.01459
801.43,-0.00047,-0.00039,-2.00E-05,0.00226,0.00996,0.01457
801.75,-0.00044,-0.00033,9.00E-05,0.00237,0.00999,0.01463
802.07,-0.00039,-0.0003,5.00E-05,0.00234,0.00999,0.01471
802.4,-0.00047,-0.00042,1.00E-05,0.00227,0.00994,0.0147
802.72,-0.00046,-0.00035,4.00E-05,0.00239,0.00995,0.01471
803.04,-0.00048,-0.00039,-5.00E-05,0.00238,0.00982,0.01465
803.36,-0.00062,-0.00035,-4.00E-05,0.00244,0.00973,0.01471
803.68,-0.00057,-0.00026,-5.00E-05,0.00245,0.0097,0.01476
804.01,-0.00055,-0.00038,-7.00E-05,0.00234,0.00972,0.01474
804.33,-0.00058,-0.00036,2.00E-05,0.00243,0.00971,0.01467
804.65,-0.00061,-0.00033,9.00E-05,0.00242,0.0097,0.0146
804.97,-0.00061,-0.00044,2.00E-05,0.00245,0.00976,0.01463
805.29,-0.00052,-0.00029,5.00E-05,0.00255,0.00984,0.01471
805.62,-0.00041,-0.00037,-4.00E-05,0.00254,0.00989,0.01473
805.94,-0.00047,-0.00049,1.00E-05,0.00263,0.00987,0.01475
806.26,-0.00065,-0.0005,-0.00013,0.00259,0.00978,0.01474
806.58,-0.00067,-0.00058,-0.00025,0.00253,0.00982,0.01477
806.9,-0.0006,-0.00053,-0.00027,0.00255,0.00981,0.01489
807.22,-0.00075,-0.00056,-0.00041,0.00242,0.00976,0.0149
807.54,-0.00082,-0.00075,-0.00038,0.00231,0.00976,0.015
807.87,-0.0009,-0.00077,-0.00039,0.00231,0.0097,0.01498
808.19,-0.00084,-0.00075,-0.00049,0.00226,0.00975,0.01505
808.51,-0.00072,-0.00069,-0.00043,0.00223,0.00972,0.01505
808.83,-0.00074,-0.00076,-0.00048,0.00225,0.00972,0.01511
809.15,-0.00071,-0.00075,-0.00045,0.00235,0.00983,0.01526
809.47,-0.00064,-0.00081,-0.00032,0.00224,0.00974,0.01524
809.79,-0.00069,-0.0008,-0.0004,0.00219,0.00976,0.01514
810.11,-0.00063,-0.00075,-0.00046,0.00213,0.00975,0.01522
810.43,-0.00071,-0.00079,-0.00037,0.00212,0.00979,0.01522
810.76,-0.00087,-0.00089,-0.00043,0.00202,0.00983,0.01532
811.08,-0.00084,-0.00076,-0.00032,0.002,0.00985,0.01534
811.4,-0.00088,-0.00074,-0.00026,0.00202,0.00995,0.0152
811.72,-0.00094,-0.00073,-0.00024,0.00216,0.00992,0.01529
812.04,-0.00096,-0.00077,-0.00022,0.0022,0.00987,0.01526
812.36,-0.00099,-0.00084,-0.00018,0.00222,0.00992,0.01525
812.68,-0.00098,-0.00071,-0.00024,0.00228,0.00992,0.01528
813,-0.00089,-0.00077,-0.00019,0.00233,0.0099,0.0153
813.32,-0.00091,-0.00088,-0.0002,0.0023,0.00994,0.01539
813.64,-0.00099,-0.00099,-0.00035,0.00215,0.00975,0.01545
813.96,-0.00099,-0.00097,-0.00041,0.00215,0.00987,0.01547
814.28,-0.00094,-0.0009,-0.00037,0.00221,0.01,0.01562
814.6,-0.00095,-0.00086,-0.00031,0.00227,0.01005,0.01564
814.92,-0.00087,-0.0009,-0.00024,0.00228,0.01009,0.01564
815.24,-0.00103,-0.00085,-0.00034,0.00222,0.01018,0.01557
815.56,-0.00114,-0.00072,-0.00031,0.00222,0.01013,0.01555
815.88,-0.001,-0.00068,-0.00021,0.00236,0.01025,0.01573
816.2,-0.00092,-0.00063,-0.00021,0.00233,0.0103,0.01571
816.52,-0.00095,-0.00068,-0.00029,0.0023,0.01023,0.01569
816.84,-0.00101,-0.00071,-0.00036,0.00227,0.01008,0.01565
817.16,-0.00101,-0.00062,-0.00035,0.00215,0.01006,0.01581
817.48,-0.00087,-0.0006,-0.00026,0.00231,0.00996,0.01582
817.8,-0.00076,-0.0007,-0.00027,0.00239,0.00997,0.01576
818.12,-0.00096,-0.00068,-0.00027,0.00227,0.00989,0.01581
818.44,-0.00107,-0.00079,-0.00029,0.00218,0.00993,0.0159
818.76,-0.00123,-0.00095,-0.00037,0.00208,0.00987,0.01583
819.08,-0.00112,-0.00084,-0.00028,0.00207,0.01011,0.01606
819.4,-0.00121,-0.00093,-0.00035,0.00212,0.01012,0.01591
819.72,-0.00121,-0.00094,-0.00038,0.00204,0.01023,0.01606
820.04,-0.00123,-0.00097,-0.00046,0.00199,0.01022,0.01615
820.36,-0.00104,-0.00097,-0.00047,0.002,0.01023,0.01611
820.68,-0.00108,-0.00092,-0.00042,0.00211,0.01013,0.01621
821,-0.00091,-0.00076,-0.00026,0.00223,0.01022,0.01651
821.32,-0.00109,-0.00082,-0.00026,0.0022,0.01,0.01647
821.64,-0.00103,-0.00088,-0.00024,0.00207,0.01012,0.01671
821.96,-0.00098,-0.00084,-0.00017,0.00207,0.01012,0.01697
822.27,-0.00106,-0.00085,-0.00021,0.00208,0.01011,0.01713
822.59,-0.00109,-0.00081,-0.00024,0.00204,0.01011,0.01723
822.91,-0.00099,-0.00088,-0.00037,0.00188,0.01013,0.01717
823.23,-0.00096,-0.0009,-0.00044,0.00196,0.01019,0.01731
823.55,-0.00087,-0.00095,-0.00059,0.00201,0.0103,0.0175
823.87,-0.00094,-0.001,-0.00061,0.00208,0.01019,0.01764
824.19,-0.00102,-0.00107,-0.00078,0.00213,0.01014,0.01768
824.51,-0.00101,-0.00113,-0.0007,0.00212,0.01025,0.01779
824.83,-0.00119,-0.00138,-0.00071,0.00201,0.0103,0.01796
825.14,-0.00116,-0.0012,-0.00055,0.00212,0.01028,0.01852
825.46,-0.00108,-0.0012,-0.00044,0.00201,0.01028,0.01893
825.78,-0.00112,-0.00123,-0.00041,0.00186,0.01028,0.01925
826.1,-0.00108,-0.00123,-0.00039,0.00194,0.01031,0.01966
826.42,-0.00103,-0.00118,-0.00032,0.00195,0.01041,0.02005
826.74,-0.00095,-0.00124,-0.00032,0.00194,0.01032,0.02053
827.06,-0.00089,-0.00124,-0.00038,0.00199,0.01031,0.02106
827.37,-0.00105,-0.00146,-0.00049,0.00194,0.01021,0.02121
827.69,-0.00127,-0.00152,-0.00062,0.00203,0.01008,0.02158
828.01,-0.00132,-0.00141,-0.0007,0.00217,0.01005,0.02209
828.33,-0.00128,-0.00137,-0.00076,0.00205,0.00999,0.02255
828.65,-0.00127,-0.00141,-0.00074,0.00207,0.01002,0.02314
828.96,-0.00147,-0.00142,-0.00091,0.00194,0.00995,0.02362
829.28,-0.00141,-0.00129,-0.00087,0.00208,0.01001,0.02422
829.6,-0.00141,-0.00115,-0.00092,0.0021,0.00998,0.02496
829.92,-0.00145,-0.00112,-0.00096,0.00197,0.0101,0.02532
830.24,-0.00151,-0.00129,-0.00089,0.0018,0.01004,0.02588
830.55,-0.0017,-0.00132,-0.00101,0.00179,0.01007,0.02659
830.87,-0.00174,-0.00127,-0.00098,0.00184,0.01008,0.02727
831.19,-0.00163,-0.00111,-0.00087,0.00202,0.01017,0.0281
831.51,-0.00179,-0.00123,-0.00093,0.00196,0.0102,0.02887
831.83,-0.00184,-0.00127,-0.00093,0.00191,0.01036,0.02968
832.14,-0.00174,-0.00131,-0.00086,0.00187,0.01018,0.03067
832.46,-0.00182,-0.00133,-0.00101,0.00186,0.01025,0.03158
832.78,-0.00175,-0.00141,-0.00104,0.00187,0.01022,0.03274
833.1,-0.00193,-0.00162,-0.0013,0.00149,0.01002,0.03385
833.41,-0.00208,-0.0018,-0.00143,0.00131,0.00988,0.03538
833.73,-0.0021,-0.00165,-0.00146,0.00126,0.00994,0.03702
834.05,-0.00193,-0.00154,-0.00132,0.00144,0.00993,0.03894
834.36,-0.00192,-0.00145,-0.00133,0.00165,0.01007,0.04114
834.68,-0.0017,-0.00134,-0.0011,0.00194,0.01028,0.04378
835,-0.00166,-0.00126,-0.00102,0.00195,0.01031,0.04642
835.32,-0.00132,-0.00104,-0.0009,0.00225,0.01029,0.04963
835.63,-0.00134,-0.00104,-0.00088,0.00229,0.01038,0.05309
835.95,-0.00114,-0.00112,-0.00088,0.00236,0.01028,0.05719
836.27,-0.0012,-0.00121,-0.00093,0.00233,0.01033,0.06169
836.58,-0.00111,-0.0012,-0.00106,0.0021,0.0103,0.06676
836.9,-0.00113,-0.00121,-0.00111,0.00193,0.01013,0.07245
837.22,-0.00109,-0.00109,-0.00101,0.00206,0.01033,0.07892
837.53,-0.00142,-0.00123,-0.001,0.00195,0.01052,0.08595
837.85,-0.00131,-0.00109,-0.00098,0.00194,0.01059,0.09367
838.17,-0.00137,-0.00096,-0.00093,0.00179,0.01071,0.10178
838.48,-0.00138,-0.00088,-0.00094,0.00178,0.01076,0.11078
838.8,-0.0015,-0.00099,-0.00082,0.00187,0.01084,0.12068
839.12,-0.00154,-0.00098,-0.00084,0.00182,0.01085,0.13101
839.43,-0.00165,-0.00098,-0.00099,0.00171,0.01071,0.14179
839.75,-0.00152,-0.0009,-0.0009,0.00173,0.01082,0.1532
840.07,-0.00158,-0.00098,-0.00091,0.00168,0.01091,0.16508
840.38,-0.00158,-0.0011,-0.00103,0.00176,0.01086,0.1779
840.7,-0.00149,-0.00119,-0.00106,0.00171,0.0108,0.19113
841.01,-0.00151,-0.00109,-0.00108,0.00166,0.01081,0.20414
841.33,-0.00138,-0.00102,-0.00101,0.0018,0.011,0.21806
841.65,-0.0013,-0.00115,-0.00096,0.00195,0.01112,0.23188
841.96,-0.00125,-0.0011,-0.00106,0.00211,0.01117,0.24594
842.28,-0.00118,-0.00096,-0.00102,0.00218,0.0113,0.25973
842.6,-0.00143,-0.00113,-0.00113,0.0022,0.01131,0.27321
842.91,-0.00164,-0.00116,-0.00129,0.00222,0.01135,0.28589
843.23,-0.00167,-0.00121,-0.00138,0.0022,0.0114,0.29888
843.54,-0.00182,-0.0013,-0.00136,0.00196,0.01129,0.31023
843.86,-0.00168,-0.00117,-0.00111,0.002,0.01132,0.32165
844.17,-0.00177,-0.00121,-0.00105,0.00194,0.01136,0.33197
844.49,-0.00154,-0.00113,-0.00097,0.00202,0.01139,0.34124
844.81,-0.00126,-0.00093,-0.00066,0.00205,0.01134,0.34983
845.12,-0.00122,-0.00085,-0.00055,0.00199,0.01147,0.35774
845.44,-0.00119,-0.00083,-0.00052,0.00197,0.01136,0.36413
845.75,-0.00117,-0.00086,-0.0006,0.00227,0.01147,0.37028
846.07,-0.00136,-0.00098,-0.00093,0.00193,0.01132,0.3754
846.38,-0.0013,-0.00111,-0.00094,0.00192,0.01138,0.37968
846.7,-0.00161,-0.00142,-0.00112,0.00184,0.01125,0.38347
847.01,-0.00194,-0.00132,-0.00126,0.00184,0.01149,0.38666
847.33,-0.0019,-0.00154,-0.00127,0.00181,0.01146,0.38942
847.64,-0.00201,-0.00166,-0.00118,0.00179,0.01171,0.39193
847.96,-0.00198,-0.00173,-0.00116,0.0016,0.01181,0.39432
848.27,-0.00206,-0.00189,-0.00101,0.00168,0.01204,0.3966
848.59,-0.00218,-0.0018,-0.0011,0.00174,0.01232,0.39913
848.9,-0.00199,-0.00154,-0.00097,0.00193,0.01254,0.40202
849.22,-0.00178,-0.00165,-0.00099,0.00187,0.01265,0.40481
849.53,-0.0019,-0.00157,-0.00085,0.00184,0.01295,0.40801
849.85,-0.00179,-0.00143,-0.00097,0.00185,0.01319,0.41131
850.16,-0.00166,-0.00124,-0.00101,0.00197,0.01346,0.41501
850.48,-0.0016,-0.00103,-0.00096,0.00213,0.01379,0.41888
850.79,-0.00159,-0.00106,-0.00086,0.00211,0.0139,0.42297
851.11,-0.00173,-0.00123,-0.00082,0.00181,0.01428,0.42665
851.42,-0.00182,-0.00127,-0.00084,0.00184,0.01449,0.43035
851.74,-0.00183,-0.00113,-0.00088,0.00184,0.01478,0.43393
852.05,-0.00188,-0.00121,-0.00078,0.00171,0.01496,0.43752
852.36,-0.00217,-0.0014,-0.00086,0.00145,0.01506,0.44088
852.68,-0.00226,-0.00156,-0.00104,0.00131,0.01516,0.44368
852.99,-0.00218,-0.00147,-0.00103,0.00131,0.01534,0.44617
853.31,-0.00219,-0.00153,-0.0012,0.00131,0.0154,0.44855
853.62,-0.00206,-0.0017,-0.00126,0.00123,0.01567,0.45067
853.94,-0.00197,-0.00192,-0.00147,0.00139,0.01576,0.45257
854.25,-0.00201,-0.00196,-0.00151,0.00159,0.01607,0.45434
854.56,-0.00183,-0.00192,-0.00147,0.00176,0.01647,0.45549
854.88,-0.00175,-0.00174,-0.00145,0.00184,0.01673,0.45658
855.19,-0.00175,-0.00194,-0.00158,0.00165,0.01681,0.45784
855.51,-0.00169,-0.00189,-0.00133,0.0019,0.01732,0.45952
855.82,-0.00188,-0.00192,-0.00135,0.00195,0.01751,0.46096
856.13,-0.00177,-0.00166,-0.00119,0.0019,0.01819,0.46226
856.45,-0.00169,-0.00148,-0.00111,0.00193,0.01865,0.46355
856.76,-0.0019,-0.00167,-0.00119,0.00182,0.01893,0.46495
857.07,-0.00203,-0.00187,-0.00124,0.00174,0.01948,0.46666
857.39,-0.0019,-0.00159,-0.00112,0.0018,0.0203,0.46814
857.7,-0.00191,-0.0014,-0.00122,0.00186,0.02093,0.46908
858.02,-0.00189,-0.00124,-0.00112,0.00183,0.02186,0.46984
858.33,-0.00202,-0.00135,-0.00115,0.00193,0.02271,0.47112
858.64,-0.00234,-0.00156,-0.00134,0.00185,0.02356,0.47239
858.96,-0.00221,-0.00124,-0.00109,0.00219,0.02526,0.47366
859.27,-0.00213,-0.0013,-0.00122,0.00226,0.02671,0.4745
859.58,-0.00224,-0.00145,-0.0011,0.00234,0.0285,0.47522
859.9,-0.00221,-0.00161,-0.00125,0.00214,0.03041,0.47639
860.21,-0.00222,-0.0018,-0.00145,0.00201,0.03267,0.47753
860.52,-0.00245,-0.00199,-0.00168,0.00158,0.03487,0.478
860.83,-0.00235,-0.00191,-0.0015,0.00187,0.03789,0.47867
861.15,-0.00245,-0.00215,-0.00173,0.00155,0.04052,0.47915
861.46,-0.0023,-0.00198,-0.00145,0.00162,0.04407,0.47979
861.77,-0.0021,-0.00195,-0.00139,0.00178,0.04805,0.48052
862.09,-0.00225,-0.00195,-0.00124,0.00193,0.05207,0.48059
862.4,-0.00206,-0.00177,-0.0012,0.00221,0.05658,0.48122
862.71,-0.00183,-0.00154,-0.00092,0.00243,0.06171,0.48169
863.02,-0.00169,-0.00149,-0.00097,0.00211,0.06717,0.48202
863.34,-0.0017,-0.00137,-0.00099,0.00215,0.07322,0.48236
863.65,-0.00207,-0.00164,-0.00123,0.00187,0.07945,0.4828
863.96,-0.00231,-0.00177,-0.00131,0.00176,0.08592,0.48336
864.27,-0.00223,-0.00178,-0.00129,0.00185,0.09341,0.48421
864.59,-0.00224,-0.00186,-0.0011,0.00166,0.10098,0.48508
864.9,-0.00229,-0.00193,-0.00127,0.0017,0.10907,0.48631
865.21,-0.00233,-0.00197,-0.00121,0.00176,0.11784,0.48733
865.52,-0.00236,-0.0021,-0.00111,0.00188,0.127,0.48881
865.84,-0.00225,-0.00203,-0.001,0.0021,0.13648,0.49035
866.15,-0.00254,-0.00192,-0.00124,0.00191,0.14676,0.49238
866.46,-0.00264,-0.00201,-0.00152,0.00172,0.15712,0.49417
866.77,-0.00284,-0.00194,-0.00162,0.00168,0.16818,0.49629
867.08,-0.00283,-0.00216,-0.0014,0.00175,0.17951,0.49934
867.4,-0.00287,-0.00214,-0.00149,0.0018,0.19081,0.50279
867.71,-0.00292,-0.00205,-0.00151,0.00176,0.20286,0.50712
868.02,-0.0028,-0.00178,-0.00153,0.00165,0.21523,0.5121
868.33,-0.00284,-0.00198,-0.00166,0.00174,0.22731,0.51692
868.64,-0.00282,-0.00217,-0.00146,0.00174,0.23978,0.52352
868.96,-0.00284,-0.00224,-0.00146,0.00193,0.25208,0.53088
869.27,-0.00299,-0.00222,-0.00164,0.00185,0.26434,0.53826
869.58,-0.00323,-0.00224,-0.0018,0.00198,0.27678,0.54716
869.89,-0.0032,-0.00222,-0.00187,0.00201,0.28881,0.55623
870.2,-0.00318,-0.00245,-0.00185,0.00225,0.30027,0.56615
870.51,-0.00289,-0.00249,-0.00175,0.00231,0.31173,0.57767
870.82,-0.00309,-0.00247,-0.00192,0.00217,0.32272,0.58989
871.14,-0.00319,-0.00238,-0.00187,0.00209,0.33392,0.60308
871.45,-0.00311,-0.00231,-0.0021,0.00202,0.3449,0.61692
871.76,-0.00278,-0.00235,-0.00191,0.00184,0.35536,0.63152
872.07,-0.00263,-0.00231,-0.00178,0.0021,0.36494,0.64691
872.38,-0.00263,-0.00225,-0.00173,0.00211,0.37488,0.66289
872.69,-0.00265,-0.00201,-0.00155,0.00239,0.38414,0.67841
873,-0.00232,-0.00178,-0.0014,0.0027,0.39295,0.69459
873.31,-0.00221,-0.00199,-0.00133,0.00291,0.40102,0.71153
873.63,-0.00218,-0.00192,-0.001,0.00335,0.4088,0.72927
873.94,-0.00235,-0.00201,-0.00118,0.00338,0.41594,0.74719
874.25,-0.0026,-0.0024,-0.00116,0.00335,0.42269,0.76375
874.56,-0.00252,-0.00256,-0.00123,0.0034,0.42867,0.78074
874.87,-0.00252,-0.00273,-0.00144,0.00354,0.4341,0.79807
875.18,-0.00272,-0.00277,-0.00141,0.00364,0.43916,0.81461
875.49,-0.00271,-0.00287,-0.00171,0.00373,0.44395,0.82967
875.8,-0.0026,-0.00269,-0.00165,0.00396,0.44778,0.84437
876.11,-0.0024,-0.00256,-0.00139,0.00454,0.45128,0.8568
876.42,-0.00232,-0.00232,-0.00183,0.00465,0.45474,0.86954
876.73,-0.00242,-0.00228,-0.00181,0.00476,0.45784,0.88126
877.04,-0.0024,-0.00222,-0.00171,0.00468,0.46087,0.89176
877.35,-0.00255,-0.00251,-0.00214,0.00472,0.46364,0.90077
877.66,-0.00256,-0.00231,-0.00206,0.00504,0.46576,0.90773
877.97,-0.00251,-0.00234,-0.0021,0.00514,0.4676,0.91358
878.28,-0.00263,-0.00259,-0.00225,0.00497,0.46961,0.91933
878.59,-0.00255,-0.00265,-0.00197,0.00525,0.47118,0.92416
878.9,-0.00271,-0.00242,-0.00206,0.00546,0.47261,0.9274
879.21,-0.00305,-0.00262,-0.00219,0.0057,0.47404,0.93017
879.52,-0.00251,-0.00192,-0.00161,0.00651,0.47622,0.93259
879.83,-0.00259,-0.00178,-0.0015,0.00682,0.47802,0.93476
880.14,-0.00306,-0.00214,-0.00185,0.00699,0.48014,0.93578
880.45,-0.00324,-0.00211,-0.00198,0.00762,0.4816,0.93658
880.76,-0.00331,-0.00227,-0.00199,0.00797,0.48389,0.93685
881.07,-0.00302,-0.00231,-0.00177,0.00902,0.48641,0.93758
881.38,-0.0028,-0.00228,-0.00185,0.00969,0.48865,0.93704
881.69,-0.00343,-0.0029,-0.0023,0.01004,0.48991,0.93664
882,-0.00345,-0.00317,-0.00238,0.01058,0.49183,0.93643
882.31,-0.00311,-0.00293,-0.00199,0.01193,0.49416,0.93725
882.62,-0.00292,-0.00268,-0.00194,0.01305,0.49715,0.93707
882.93,-0.00304,-0.00257,-0.00199,0.01453,0.50015,0.93685
883.24,-0.00351,-0.00277,-0.00211,0.01564,0.50292,0.93584
883.55,-0.00341,-0.00263,-0.00182,0.01747,0.5068,0.93602
883.86,-0.00321,-0.00255,-0.00159,0.01914,0.51105,0.93518
884.17,-0.0029,-0.00248,-0.00176,0.02149,0.51574,0.9341
884.48,-0.00289,-0.00253,-0.0019,0.02349,0.52145,0.93264
884.79,-0.00303,-0.00284,-0.00198,0.02558,0.52848,0.93166
885.09,-0.00318,-0.00289,-0.00218,0.0278,0.53624,0.9302
885.4,-0.0028,-0.00279,-0.00212,0.03028,0.54632,0.9284
885.71,-0.00315,-0.0029,-0.00222,0.03282,0.55776,0.92612
886.02,-0.003,-0.00263,-0.0023,0.03609,0.57101,0.92354
886.33,-0.0032,-0.00283,-0.0022,0.03877,0.58639,0.92098
886.64,-0.00333,-0.00285,-0.00224,0.04187,0.60276,0.91727
886.95,-0.00306,-0.00245,-0.00195,0.04594,0.62083,0.9133
887.26,-0.00264,-0.00217,-0.0017,0.04987,0.6407,0.90845
887.57,-0.00284,-0.00223,-0.00157,0.054,0.66115,0.90293
887.87,-0.0026,-0.00198,-0.00146,0.05834,0.68191,0.89602
888.18,-0.0026,-0.0021,-0.00095,0.06268,0.70325,0.88847
888.49,-0.00246,-0.00175,-0.00061,0.06785,0.72423,0.87988
888.8,-0.00224,-0.00186,-0.00039,0.07312,0.74525,0.86956
889.11,-0.00219,-0.00208,-0.00029,0.07839,0.76537,0.85861
889.42,-0.00243,-0.0022,-0.00014,0.08413,0.78482,0.84703
889.72,-0.00234,-0.00213,-0.00013,0.09072,0.80281,0.83392
890.03,-0.00247,-0.00224,-0.0001,0.0976,0.81923,0.8202
890.34,-0.00266,-0.00251,-0.00049,0.10524,0.83445,0.8043
890.65,-0.00282,-0.00276,-0.00053,0.11343,0.84866,0.78832
890.96,-0.0032,-0.0027,-0.00062,0.12245,0.86117,0.77092
891.27,-0.00368,-0.00297,-0.00083,0.13227,0.87192,0.75302
891.57,-0.00359,-0.00301,-0.00063,0.14299,0.88149,0.73409
891.88,-0.00359,-0.00303,-0.00045,0.15441,0.88999,0.71472
892.19,-0.00358,-0.0031,-0.00042,0.16702,0.89772,0.69537
892.5,-0.00381,-0.00292,-0.00017,0.18056,0.90461,0.67672
892.8,-0.00384,-0.00305,8.00E-05,0.19485,0.9117,0.65808
893.11,-0.00361,-0.00296,0.00033,0.21021,0.91856,0.64162
893.42,-0.0033,-0.0026,0.00079,0.22608,0.92432,0.62413
893.73,-0.00303,-0.00255,0.00113,0.24283,0.92859,0.60778
894.04,-0.00309,-0.00258,0.00122,0.26006,0.93322,0.59295
894.34,-0.00294,-0.00264,0.00154,0.27736,0.93806,0.57876
894.65,-0.00265,-0.00242,0.00216,0.29573,0.94285,0.5663
894.96,-0.00286,-0.0022,0.00222,0.31383,0.94616,0.55501
895.26,-0.00305,-0.00252,0.00223,0.33058,0.94809,0.54319
895.57,-0.00266,-0.00261,0.00259,0.34781,0.95109,0.53427
895.88,-0.00293,-0.00268,0.00273,0.36425,0.95454,0.52606
896.19,-0.0026,-0.00235,0.00326,0.38004,0.95678,0.51899
896.49,-0.00257,-0.00201,0.00371,0.39534,0.95978,0.51336
896.8,-0.0023,-0.00196,0.00412,0.40842,0.96069,0.50833
897.11,-0.00217,-0.00177,0.00468,0.42111,0.96166,0.50346
897.42,-0.00211,-0.00161,0.00538,0.43307,0.96366,0.50061
897.72,-0.00277,-0.00197,0.00563,0.44297,0.96396,0.49715
898.03,-0.00264,-0.00167,0.00641,0.45274,0.96432,0.49485
898.34,-0.00299,-0.00188,0.00703,0.46148,0.96578,0.49305
898.64,-0.00299,-0.00216,0.00782,0.46877,0.96516,0.49112
898.95,-0.00275,-0.00225,0.00868,0.4767,0.96719,0.49018
899.26,-0.0025,-0.0021,0.0098,0.4836,0.96764,0.48937
899.56,-0.0024,-0.00168,0.01098,0.49058,0.96806,0.48838
899.87,-0.002,-0.00115,0.01248,0.49791,0.96867,0.48816
900.18,-0.00187,-0.0011,0.01399,0.50458,0.96929,0.48774
900.48,-0.00133,-0.00104,0.01581,0.51269,0.96899,0.4869
900.79,-0.00113,-0.00072,0.01768,0.52195,0.96942,0.48647
901.1,-0.00118,-0.00054,0.01951,0.53166,0.96861,0.48509
901.4,-0.00078,-0.00048,0.0214,0.5432,0.96893,0.48462
901.71,-0.00066,-0.00062,0.02377,0.55646,0.9685,0.4841
902.01,-0.00053,-0.00062,0.02575,0.57179,0.96877,0.48306
902.32,-0.00044,-0.00045,0.02796,0.5896,0.96818,0.48256
902.63,-0.00048,-0.00011,0.03024,0.60866,0.96782,0.48209
902.93,-0.00045,0.00025,0.03274,0.6298,0.96771,0.48159
903.24,-0.00053,0.00029,0.03496,0.65208,0.96767,0.48074
903.54,-0.00089,0.00021,0.03774,0.67627,0.96742,0.47956
903.85,-0.00049,0.0005,0.04036,0.70236,0.96793,0.47914
904.16,-0.0006,0.0009,0.04319,0.72822,0.96756,0.47832
904.46,-0.00062,0.00069,0.04601,0.75449,0.96797,0.4769
904.77,-0.00042,0.00092,0.049,0.78017,0.96794,0.47645
905.07,3.00E-05,0.00115,0.0523,0.80445,0.96786,0.47556
905.38,0.00021,0.00161,0.05578,0.82828,0.96645,0.47449
905.68,0.00093,0.00243,0.05988,0.84976,0.9657,0.47399
905.99,0.00116,0.0029,0.06428,0.86781,0.96451,0.47259
906.3,0.00168,0.00366,0.06949,0.88529,0.964,0.47151
906.6,0.00201,0.00471,0.07503,0.90005,0.96247,0.47083
906.91,0.00259,0.00543,0.08136,0.91334,0.96178,0.46974
907.21,0.0027,0.0058,0.08824,0.92593,0.96114,0.46873
907.52,0.00343,0.00698,0.09645,0.93539,0.96052,0.46804
907.82,0.0033,0.0076,0.10465,0.94362,0.96057,0.46662
908.13,0.00361,0.00857,0.11428,0.95156,0.95947,0.46557
908.43,0.00414,0.00948,0.12538,0.95731,0.9589,0.46457
908.74,0.00481,0.01088,0.13774,0.96237,0.95883,0.4637
909.04,0.005,0.0122,0.15133,0.966,0.95735,0.46239
909.35,0.00582,0.01391,0.16673,0.96807,0.95614,0.46161
909.65,0.00657,0.0155,0.18426,0.97036,0.956,0.46088
909.96,0.00781,0.01737,0.20361,0.97255,0.95477,0.46003
910.26,0.00893,0.01905,0.22439,0.97343,0.95416,0.4595
910.57,0.0101,0.02076,0.24637,0.97439,0.9534,0.45969
910.87,0.01195,0.02235,0.27024,0.97441,0.95263,0.45921
911.18,0.01373,0.02435,0.29549,0.97484,0.95285,0.45925
911.48,0.01544,0.02605,0.32189,0.97589,0.9517,0.45914
911.79,0.01719,0.02774,0.3491,0.97631,0.95024,0.45929
912.09,0.01915,0.02964,0.37708,0.97602,0.94855,0.45999
912.39,0.02168,0.03178,0.40607,0.97653,0.94689,0.46054
912.7,0.02396,0.03401,0.43544,0.97698,0.94469,0.46025
913,0.02632,0.0362,0.46509,0.97784,0.94232,0.46089
913.31,0.02876,0.0386,0.49436,0.97766,0.93796,0.46092
913.61,0.03146,0.04108,0.52417,0.97696,0.93409,0.46065
913.92,0.03392,0.04348,0.55413,0.97767,0.93006,0.46043
914.22,0.03632,0.04611,0.58491,0.97854,0.92504,0.45978
914.52,0.03888,0.0493,0.61592,0.97928,0.91962,0.45843
914.83,0.04168,0.05257,0.64725,0.98007,0.91371,0.45631
915.13,0.04391,0.05615,0.67802,0.981,0.90614,0.45286
915.44,0.04644,0.05952,0.70948,0.98329,0.89944,0.44874
915.74,0.04919,0.06386,0.74011,0.98414,0.89126,0.44337
916.04,0.05238,0.0683,0.76944,0.9847,0.88237,0.43649
916.35,0.05596,0.07364,0.7971,0.98474,0.87294,0.42803
916.65,0.05917,0.07947,0.82305,0.98481,0.86285,0.41844
916.96,0.06252,0.08627,0.84693,0.9841,0.85184,0.40746
917.26,0.06633,0.09419,0.86851,0.98437,0.84065,0.39517
917.56,0.07042,0.10314,0.88695,0.983,0.82838,0.38143
917.87,0.07507,0.11353,0.90403,0.98425,0.8161,0.36735
918.17,0.08057,0.12636,0.91895,0.98437,0.80318,0.35212
918.47,0.0862,0.14026,0.9311,0.98451,0.789,0.33577
918.78,0.0929,0.15697,0.94106,0.98403,0.77373,0.31879
919.08,0.10068,0.17609,0.94993,0.98536,0.75853,0.30133
919.38,0.10887,0.19783,0.95696,0.98448,0.74252,0.28359
919.69,0.11915,0.22419,0.96453,0.9843,0.72662,0.2662
919.99,0.13062,0.25336,0.96912,0.98354,0.71035,0.24885
920.29,0.14341,0.28552,0.97256,0.98335,0.6937,0.23193
920.59,0.15821,0.32214,0.97554,0.98302,0.67767,0.21546
920.9,0.17511,0.36201,0.97795,0.98271,0.66177,0.19924
921.2,0.19467,0.40518,0.98012,0.98156,0.64621,0.18472
921.5,0.21812,0.45077,0.98149,0.98121,0.63184,0.17084
921.81,0.24473,0.49816,0.98193,0.98197,0.61727,0.1577
922.11,0.27448,0.54634,0.9825,0.98183,0.60384,0.145
922.41,0.3078,0.59431,0.98245,0.98197,0.59118,0.13314
922.71,0.34497,0.6417,0.9836,0.98214,0.57944,0.12241
923.02,0.38573,0.68659,0.98446,0.98328,0.56894,0.11271
923.32,0.42857,0.72729,0.98404,0.98332,0.55785,0.10298
923.62,0.47438,0.76638,0.98539,0.98525,0.54814,0.09393
923.92,0.52126,0.79986,0.98484,0.98422,0.53905,0.08559
924.23,0.56864,0.82939,0.98531,0.98373,0.53034,0.07815
924.53,0.61491,0.85589,0.98588,0.98334,0.52277,0.07147
924.83,0.65994,0.8778,0.98531,0.98376,0.51604,0.06558
925.13,0.70253,0.89604,0.98499,0.98338,0.50997,0.05947
925.44,0.74306,0.91304,0.98603,0.98469,0.5056,0.05451
925.74,0.7791,0.9262,0.9849,0.98316,0.5,0.04973
926.04,0.81153,0.93768,0.98459,0.98316,0.49657,0.04578
926.34,0.84003,0.94757,0.98408,0.98336,0.49247,0.04233
926.64,0.86482,0.9547,0.98417,0.9828,0.48924,0.03891
926.95,0.88653,0.96135,0.98451,0.98203,0.48652,0.03608
927.25,0.90532,0.96758,0.9848,0.98083,0.48391,0.0336
927.55,0.92018,0.97044,0.98347,0.97924,0.48143,0.03158
927.85,0.93263,0.97325,0.98398,0.97769,0.48073,0.03033
928.15,0.94392,0.97614,0.98482,0.9771,0.47876,0.02884
928.46,0.95325,0.97771,0.98477,0.97556,0.47828,0.02683
928.76,0.96106,0.97903,0.98445,0.97397,0.47713,0.02575
929.06,0.96665,0.97937,0.98493,0.97321,0.47669,0.02488
929.36,0.97195,0.97974,0.98567,0.97254,0.47661,0.02463
929.66,0.97601,0.98089,0.98519,0.97076,0.4762,0.02365
929.96,0.97993,0.98187,0.98484,0.97094,0.4761,0.02311
930.26,0.98216,0.98196,0.98548,0.97069,0.47636,0.02223
930.57,0.9833,0.98195,0.9858,0.97032,0.47693,0.022
930.87,0.98382,0.98255,0.98594,0.97007,0.47744,0.02153
931.17,0.9849,0.9825,0.98551,0.96854,0.47722,0.02094
931.47,0.98581,0.98256,0.98518,0.96797,0.47798,0.02059
931.77,0.98718,0.98343,0.98703,0.96846,0.47839,0.0205
932.07,0.98664,0.98318,0.98715,0.9677,0.47809,0.01956
932.37,0.98668,0.98266,0.98669,0.9669,0.47698,0.01883
932.67,0.98664,0.9827,0.98623,0.96674,0.47556,0.01851
932.97,0.98693,0.98277,0.98553,0.96679,0.47323,0.01835
933.27,0.98682,0.98297,0.9856,0.96719,0.47051,0.01779
933.58,0.98554,0.98318,0.9852,0.9678,0.46529,0.01658
933.88,0.98413,0.98216,0.98433,0.96651,0.45937,0.01588
934.18,0.98523,0.98338,0.98477,0.96766,0.45322,0.0155
934.48,0.98563,0.98491,0.98524,0.96793,0.4464,0.01555
934.78,0.98616,0.98604,0.9857,0.96822,0.43735,0.01489
935.08,0.98635,0.98633,0.98675,0.96826,0.42778,0.01458
935.38,0.98625,0.98758,0.98688,0.96827,0.41712,0.01454
935.68,0.98697,0.98801,0.98796,0.96838,0.40566,0.01422
935.98,0.98881,0.98969,0.98848,0.96985,0.39258,0.01387
936.28,0.98747,0.98817,0.98778,0.96877,0.3777,0.01396
936.58,0.9879,0.98871,0.98738,0.96909,0.36213,0.01325
936.88,0.98861,0.98975,0.9882,0.96863,0.34597,0.01361
937.18,0.98877,0.99049,0.9879,0.96767,0.32888,0.01316
937.48,0.99003,0.99004,0.98776,0.96798,0.31058,0.01303
937.78,0.98939,0.98864,0.98619,0.96619,0.29132,0.01284
938.08,0.98982,0.98811,0.98638,0.96589,0.27313,0.01316
938.38,0.99101,0.98893,0.98609,0.96544,0.25511,0.01339
938.68,0.99101,0.98922,0.98614,0.96449,0.23677,0.0133
938.98,0.99013,0.98743,0.98463,0.96338,0.21832,0.01267
939.28,0.99144,0.98759,0.98512,0.9627,0.20099,0.01231
939.58,0.99114,0.98731,0.98446,0.96042,0.18419,0.01096
939.88,0.99146,0.9887,0.9849,0.95852,0.16866,0.01096
940.18,0.99017,0.98882,0.98338,0.9539,0.15373,0.01094
940.48,0.9892,0.98816,0.98223,0.94825,0.13954,0.01062
940.78,0.98834,0.98702,0.98104,0.94178,0.12652,0.01076
941.08,0.98864,0.98847,0.98208,0.93592,0.1148,0.01116
941.38,0.98662,0.98714,0.98084,0.92877,0.10413,0.01149
941.68,0.98546,0.98742,0.98074,0.91893,0.09414,0.01193
941.98,0.98408,0.98697,0.97915,0.90875,0.08577,0.01254
942.27,0.98379,0.98732,0.97995,0.89849,0.07789,0.01234
942.57,0.98425,0.98735,0.98091,0.88769,0.07033,0.01153
942.87,0.98441,0.98703,0.98115,0.87514,0.06394,0.01204
943.17,0.9844,0.98662,0.98002,0.85998,0.05788,0.01161
943.47,0.98619,0.98661,0.97961,0.84441,0.05191,0.01097
943.77,0.98781,0.98752,0.97972,0.83038,0.04737,0.01106
944.07,0.9901,0.98838,0.98091,0.81539,0.04264,0.01108
944.37,0.99036,0.98707,0.97901,0.79812,0.03826,0.01021
944.67,0.99059,0.98681,0.97757,0.78107,0.03464,0.01051
944.97,0.99055,0.98637,0.97605,0.7639,0.03132,0.00968
945.26,0.99084,0.98656,0.97542,0.74746,0.02863,0.00956
945.56,0.99063,0.9865,0.97463,0.73062,0.02624,0.00987
945.86,0.99067,0.98522,0.97306,0.71245,0.02402,0.00946
946.16,0.98913,0.98399,0.9714,0.69466,0.02139,0.00793
946.46,0.98826,0.9831,0.97022,0.67718,0.02004,0.00875
946.76,0.98848,0.98349,0.97014,0.66095,0.01819,0.00925
947.05,0.98823,0.98321,0.96924,0.64518,0.01642,0.00989
947.35,0.98752,0.98205,0.96721,0.6295,0.01516,0.00917
947.65,0.98741,0.98289,0.96737,0.61555,0.01333,0.00807
947.95,0.98672,0.98217,0.96684,0.60353,0.01256,0.00886
948.25,0.98693,0.98242,0.96722,0.59127,0.0122,0.00966
948.55,0.98804,0.98377,0.96855,0.58106,0.01094,0.009
948.84,0.98826,0.98463,0.96994,0.57095,0.00981,0.0079
949.14,0.98843,0.98524,0.97122,0.561,0.00929,0.0071
949.44,0.99015,0.98496,0.97456,0.55172,0.00849,0.00776
949.74,0.99098,0.98492,0.97553,0.542,0.00685,0.00747
950.04,0.99069,0.98575,0.97663,0.53206,0.00591,0.00676
950.33,0.99029,0.98575,0.97751,0.52357,0.0045,0.00577
950.63,0.98881,0.98492,0.97722,0.51344,0.00381,0.00555
950.93,0.98816,0.98413,0.97821,0.50337,0.00305,0.00516
951.23,0.98737,0.98442,0.9795,0.49305,0.00161,0.00517
951.52,0.98602,0.98506,0.97831,0.483,0.00144,0.00521
951.82,0.98519,0.98544,0.9798,0.47265,0.00289,0.0063
952.12,0.98504,0.98564,0.98052,0.45998,0.00128,0.00609
952.42,0.98551,0.98506,0.98067,0.44643,0.00181,0.0068
952.71,0.98685,0.98557,0.98157,0.43336,0.00193,0.00728
953.01,0.98745,0.98492,0.98083,0.41878,0.00331,0.00838
953.31,0.98843,0.98459,0.98178,0.40416,0.00417,0.00776
953.61,0.98825,0.98367,0.9822,0.38821,0.00396,0.0075
953.9,0.98756,0.98064,0.98079,0.3693,0.00336,0.00638
954.2,0.98718,0.97835,0.9783,0.35115,0.00375,0.00667
954.5,0.98661,0.97729,0.97779,0.33211,0.00313,0.00663
954.79,0.98727,0.97569,0.97779,0.31322,0.0034,0.00599
955.09,0.98588,0.97401,0.97686,0.2935,0.00264,0.00536
955.39,0.98416,0.97197,0.97489,0.2735,0.00175,0.00505
955.68,0.98242,0.97083,0.97358,0.25333,0.00139,0.00494
955.98,0.98141,0.97158,0.97151,0.23674,0.00187,0.00606
956.28,0.98036,0.97198,0.97099,0.21979,0.00262,0.00565
956.57,0.98109,0.97247,0.96826,0.20325,0.00305,0.00626
956.87,0.97806,0.97303,0.96448,0.18588,0.00139,0.00526
957.17,0.97688,0.97499,0.96116,0.17048,0.00061,0.00525
957.46,0.97619,0.97528,0.95648,0.15492,0.0002,0.00558
957.76,0.97573,0.97633,0.95223,0.14092,-0.00036,0.00538
958.06,0.97393,0.97654,0.94895,0.12586,-0.00172,0.00515
958.35,0.9748,0.97838,0.9466,0.11324,-0.0027,0.00527
958.65,0.973,0.97892,0.94189,0.09984,-0.004,0.00369
958.95,0.97242,0.97893,0.93679,0.08832,-0.00415,0.00409
959.24,0.97434,0.97948,0.93239,0.07815,-0.00349,0.00437
959.54,0.97405,0.97951,0.9283,0.07007,-0.00211,0.00505
959.83,0.975,0.98117,0.92301,0.06195,-0.00211,0.0054
960.13,0.97728,0.9821,0.91748,0.05471,-0.00206,0.0052
960.43,0.97577,0.98076,0.90839,0.04807,-0.00196,0.00514
960.72,0.97675,0.9815,0.90061,0.04301,-0.00166,0.00442
961.02,0.98005,0.98289,0.89365,0.03894,-0.00072,0.00475
961.31,0.98032,0.98331,0.88233,0.03353,-0.00146,0.0042
961.61,0.98438,0.98645,0.86954,0.02712,-0.00291,0.00304
961.9,0.98532,0.98516,0.85475,0.02345,-0.00284,0.00327
962.2,0.98407,0.98432,0.8366,0.01856,-0.00303,0.00305
962.5,0.98519,0.9839,0.81926,0.01405,-0.00299,0.00147
962.79,0.98653,0.98546,0.79979,0.01064,-0.00324,0.00223
963.09,0.98506,0.98424,0.77634,0.00744,-0.00405,0.00205
963.38,0.98488,0.98302,0.75247,0.00563,-0.00433,0.00118
963.68,0.98407,0.98059,0.72818,0.00464,-0.00458,0.00118
963.97,0.98376,0.97957,0.70129,0.00211,-0.00589,-0.00047
964.27,0.98545,0.97956,0.6729,0.00073,-0.00551,-0.00089
964.56,0.9848,0.97898,0.64401,-0.00016,-0.00562,0.00049
964.86,0.98442,0.97522,0.61307,-0.00253,-0.00633,-3.00E-05
965.15,0.98408,0.97402,0.58214,-0.00393,-0.00656,-0.00016
965.45,0.98252,0.97183,0.54997,-0.00621,-0.00659,0.00107
965.74,0.98216,0.97007,0.51851,-0.00709,-0.00527,0.00226
966.04,0.98174,0.96596,0.48673,-0.00969,-0.00498,0.00265
966.33,0.98142,0.96178,0.45626,-0.00996,-0.00607,0.00219
966.63,0.98152,0.95838,0.42445,-0.01146,-0.00677,0.00207
966.92,0.97883,0.95252,0.39494,-0.01084,-0.0057,0.00258
967.22,0.97889,0.9498,0.36531,-0.01203,-0.0058,0.00224
967.51,0.97837,0.94646,0.33692,-0.01257,-0.00452,0.00125
967.81,0.97527,0.94322,0.30885,-0.01247,-0.00562,-0.00016
968.1,0.974,0.94395,0.28352,-0.01302,-0.00583,-0.00079
968.4,0.97081,0.94421,0.25951,-0.01501,-0.00592,-0.0007
968.69,0.96635,0.94382,0.23558,-0.01595,-0.00671,-0.00198
968.98,0.96465,0.94674,0.21255,-0.01772,-0.00649,-0.00122
969.28,0.96029,0.94613,0.19274,-0.01805,-0.00761,-0.00169
969.57,0.95637,0.94634,0.17476,-0.01723,-0.0091,-0.00182
969.87,0.95471,0.94621,0.1566,-0.01845,-0.00958,-0.0018
970.16,0.95257,0.94432,0.13967,-0.01808,-0.0094,-0.00279
970.46,0.95261,0.94261,0.12275,-0.0172,-0.00975,-0.00274
970.75,0.95432,0.93867,0.10885,-0.01783,-0.00982,-0.00322
971.04,0.95475,0.93104,0.09522,-0.01701,-0.01125,-0.00473
971.34,0.95578,0.91951,0.08195,-0.01887,-0.0121,-0.00488
971.63,0.95852,0.90583,0.06931,-0.02049,-0.01229,-0.00439
971.93,0.96025,0.88907,0.05863,-0.0213,-0.01313,-0.00536
972.22,0.96223,0.86475,0.04923,-0.02091,-0.0142,-0.00553
972.51,0.95913,0.83375,0.04173,-0.02207,-0.01487,-0.00607
972.81,0.95731,0.79999,0.03505,-0.0225,-0.01496,-0.00555
973.1,0.95353,0.76358,0.02969,-0.02323,-0.01505,-0.00599
973.39,0.94939,0.72559,0.02473,-0.02268,-0.0138,-0.00698
973.69,0.94069,0.68355,0.02107,-0.02257,-0.01458,-0.00915
973.98,0.92954,0.64041,0.0173,-0.02307,-0.01412,-0.00935
974.27,0.91354,0.59948,0.01486,-0.02311,-0.01319,-0.00759
974.57,0.89749,0.55876,0.01066,-0.0238,-0.01314,-0.0085
974.86,0.87552,0.51813,0.00639,-0.02354,-0.01393,-0.00839
975.15,0.85059,0.47833,0.00349,-0.0241,-0.01428,-0.00872
975.45,0.81951,0.44043,0.00143,-0.02314,-0.01494,-0.00805
975.74,0.78695,0.40433,-0.0013,-0.02295,-0.01382,-0.00643
976.03,0.74728,0.36846,-0.00486,-0.02401,-0.01418,-0.00708
976.33,0.70681,0.33203,-0.00782,-0.02614,-0.0158,-0.0088
976.62,0.66706,0.29938,-0.00981,-0.02603,-0.01631,-0.00832
976.91,0.62543,0.26846,-0.00891,-0.02596,-0.01459,-0.00868
977.21,0.58364,0.24102,-0.01004,-0.02453,-0.01391,-0.00736
977.5,0.54281,0.21353,-0.01179,-0.02577,-0.01392,-0.00697
977.79,0.50023,0.18751,-0.01375,-0.028,-0.01628,-0.00858
978.08,0.46235,0.16469,-0.0132,-0.0275,-0.0157,-0.00725
978.38,0.42406,0.14521,-0.01455,-0.02815,-0.01535,-0.00817
978.67,0.386,0.12692,-0.0148,-0.02769,-0.01383,-0.00806
978.96,0.35091,0.1117,-0.01891,-0.02807,-0.01591,-0.00821
979.25,0.31629,0.09601,-0.02058,-0.02893,-0.01734,-0.00929
979.55,0.28237,0.08223,-0.02332,-0.02906,-0.01743,-0.01171
979.84,0.25301,0.06989,-0.02444,-0.02734,-0.01703,-0.01169
980.13,0.22624,0.06025,-0.02499,-0.02783,-0.01748,-0.01266
980.42,0.20193,0.05094,-0.02481,-0.02614,-0.01742,-0.00966
980.71,0.17705,0.04179,-0.02682,-0.02718,-0.01975,-0.01056
981.01,0.15576,0.03426,-0.02643,-0.02847,-0.01818,-0.01194
981.3,0.13709,0.02677,-0.02637,-0.02982,-0.01657,-0.01215
981.59,0.12024,0.0211,-0.02624,-0.03008,-0.01798,-0.01122
981.88,0.10516,0.01788,-0.02675,-0.032,-0.01757,-0.01152
982.18,0.08973,0.01292,-0.0281,-0.03151,-0.01841,-0.01065
982.47,0.0856,0.01782,-0.01893,-0.02154,-0.00737,-0.00309
982.76,0.07817,0.01741,-0.01664,-0.01971,-0.00427,-0.00166
983.05,0.06867,0.01462,-0.01602,-0.01855,-0.00323,-4.00E-05
983.34,0.06091,0.01458,-0.01506,-0.01739,-0.00365,-0.00096
983.63,0.05525,0.01434,-0.01375,-0.01604,-0.0013,-0.00026
983.93,0.04844,0.01131,-0.01206,-0.01402,-0.0008,0.00082
984.22,0.04183,0.00899,-0.01351,-0.01524,-0.0019,-0.00155
984.51,0.0262,-0.00251,-0.02485,-0.02694,-0.01333,-0.01226
984.8,0.01893,-0.00645,-0.02578,-0.02784,-0.01501,-0.01441
985.09,0.01297,-0.01018,-0.03001,-0.02896,-0.01661,-0.01682
985.38,0.00663,-0.01462,-0.03351,-0.0306,-0.01803,-0.01646
985.67,0.00105,-0.01677,-0.0363,-0.03267,-0.01982,-0.01827
985.96,-0.00343,-0.02006,-0.03895,-0.03541,-0.02142,-0.02084
986.26,-0.00713,-0.0225,-0.03919,-0.03516,-0.02146,-0.02043
986.55,-0.0103,-0.02506,-0.04007,-0.03564,-0.02324,-0.02156
986.84,-0.01179,-0.02571,-0.0417,-0.0363,-0.02417,-0.02144
987.13,-0.01356,-0.02505,-0.03847,-0.03445,-0.02521,-0.01897
987.42,-0.01567,-0.02835,-0.03881,-0.03593,-0.02655,-0.02008
987.71,-0.01823,-0.03065,-0.03815,-0.03395,-0.02655,-0.02006
988,-0.02012,-0.03205,-0.03748,-0.03301,-0.0274,-0.01845
988.29,-0.02022,-0.0322,-0.03574,-0.03124,-0.02641,-0.01745
988.58,-0.02243,-0.03195,-0.03899,-0.03238,-0.02634,-0.01722
988.87,-0.02596,-0.03544,-0.04097,-0.03477,-0.02834,-0.01933
989.16,-0.02778,-0.03974,-0.04229,-0.03825,-0.0285,-0.01988
989.46,-0.02953,-0.03958,-0.04226,-0.03749,-0.02898,-0.01983
989.75,-0.03017,-0.04161,-0.04216,-0.04047,-0.02987,-0.0213
990.04,-0.0307,-0.03747,-0.03989,-0.03826,-0.0275,-0.02048
990.33,-0.03035,-0.03915,-0.04137,-0.04116,-0.02618,-0.02216
990.62,-0.03222,-0.04073,-0.03961,-0.04106,-0.02641,-0.02312
990.91,-0.03329,-0.04073,-0.03785,-0.03899,-0.0259,-0.02253
991.2,-0.03326,-0.03803,-0.03871,-0.03628,-0.02644,-0.02415
991.49,-0.03138,-0.03662,-0.03665,-0.03409,-0.02546,-0.02468
991.78,-0.02987,-0.03402,-0.03693,-0.03231,-0.02536,-0.02102
992.07,-0.0327,-0.03981,-0.04278,-0.03853,-0.02868,-0.02552
992.36,-0.03654,-0.03994,-0.04201,-0.04049,-0.03087,-0.02611
992.65,-0.03766,-0.03995,-0.04273,-0.03884,-0.03163,-0.0258
992.94,-0.03656,-0.03967,-0.04311,-0.03879,-0.03218,-0.02485
993.23,-0.03748,-0.04149,-0.04118,-0.03979,-0.03213,-0.02462
993.52,-0.04054,-0.0456,-0.04611,-0.0454,-0.03574,-0.02667
993.81,-0.0433,-0.04905,-0.04775,-0.04692,-0.03739,-0.03015
994.1,-0.04229,-0.04622,-0.04677,-0.04483,-0.03772,-0.02906
994.39,-0.04294,-0.04667,-0.04907,-0.04459,-0.03995,-0.03079
994.68,-0.03984,-0.04498,-0.04765,-0.04628,-0.03892,-0.03127
994.96,-0.04018,-0.04407,-0.04794,-0.04852,-0.03639,-0.03142
995.25,-0.04113,-0.04492,-0.05128,-0.05004,-0.03753,-0.03299
995.54,-0.04095,-0.04181,-0.04705,-0.04744,-0.03344,-0.03218
995.83,-0.04209,-0.04226,-0.04688,-0.04975,-0.0337,-0.03304
996.12,-0.042,-0.04615,-0.04634,-0.0498,-0.03461,-0.03622
996.41,-0.04193,-0.04763,-0.0475,-0.0499,-0.03484,-0.03365
996.7,-0.04247,-0.04845,-0.04974,-0.05081,-0.03648,-0.03388
996.99,-0.04405,-0.05042,-0.05153,-0.0518,-0.03994,-0.03592
997.28,-0.04522,-0.0484,-0.05185,-0.05272,-0.04033,-0.03661
997.57,-0.04401,-0.04766,-0.05208,-0.05262,-0.04221,-0.0359
997.86,-0.04533,-0.04812,-0.05256,-0.0536,-0.04531,-0.03528
998.15,-0.04471,-0.04657,-0.04907,-0.05082,-0.04445,-0.03177
998.43,-0.04583,-0.04897,-0.04932,-0.04949,-0.04301,-0.03337
998.72,-0.04625,-0.04957,-0.0462,-0.04813,-0.04262,-0.03486
999.01,-0.05,-0.05317,-0.04962,-0.04966,-0.04541,-0.03824
999.3,-0.05337,-0.05429,-0.05133,-0.04986,-0.04598,-0.03999
999.59,-0.05638,-0.05671,-0.05514,-0.05188,-0.04663,-0.042
999.88,-0.0562,-0.0587,-0.05741,-0.05166,-0.04319,-0.04258
1000.17,-0.05841,-0.05903,-0.06353,-0.05571,-0.04471,-0.04425
1000.45,-0.05672,-0.05443,-0.05969,-0.05478,-0.04411,-0.04362
1000.74,-0.05971,-0.05708,-0.06134,-0.05751,-0.04479,-0.04422
1001.03,-0.05667,-0.05523,-0.05988,-0.05491,-0.04364,-0.04242
1001.32,-0.05283,-0.05598,-0.05499,-0.05274,-0.04063,-0.03641
1001.61,-0.04757,-0.05512,-0.05332,-0.05043,-0.04064,-0.03391
1001.9,-0.05008,-0.05835,-0.05288,-0.05114,-0.04456,-0.03475
1002.18,-0.0517,-0.06364,-0.05511,-0.05261,-0.04367,-0.03998
1002.47,-0.05357,-0.06907,-0.0604,-0.05492,-0.04638,-0.04428
1002.76,-0.0565,-0.0713,-0.06512,-0.0561,-0.0478,-0.0436
1003.05,-0.05669,-0.07093,-0.0656,-0.05765,-0.04683,-0.04218
1003.34,-0.05758,-0.0729,-0.07187,-0.06032,-0.04861,-0.04872
1003.62,-0.06537,-0.0752,-0.0777,-0.06356,-0.05137,-0.05252
1003.91,-0.0606,-0.07255,-0.07828,-0.06457,-0.04978,-0.05378
1004.2,-0.06121,-0.06977,-0.07882,-0.06478,-0.0539,-0.05109
1004.49,-0.05828,-0.06554,-0.07331,-0.06099,-0.0481,-0.04196
1004.77,-0.05771,-0.06505,-0.07596,-0.06249,-0.05081,-0.04534
1005.06,-0.05553,-0.0644,-0.07262,-0.06,-0.04842,-0.04188
1005.35,-0.05767,-0.06482,-0.07115,-0.05967,-0.05165,-0.04185
1005.64,-0.05493,-0.06259,-0.06874,-0.05716,-0.05144,-0.04218
1005.92,-0.05589,-0.06044,-0.06506,-0.05376,-0.04568,-0.04022
1006.21,-0.05371,-0.06322,-0.06353,-0.05494,-0.04156,-0.04004
1006.5,-0.06017,-0.06749,-0.07305,-0.05986,-0.04729,-0.04768
1006.79,-0.0626,-0.06928,-0.07265,-0.06012,-0.04563,-0.04796
1007.07,-0.0693,-0.07233,-0.07837,-0.0653,-0.04762,-0.05638
1007.36,-0.07132,-0.07377,-0.07762,-0.06636,-0.04733,-0.05853
1007.65,-0.07558,-0.07883,-0.07744,-0.06826,-0.04207,-0.06009
1007.93,-0.08134,-0.084,-0.08391,-0.07306,-0.05043,-0.06504
1008.22,-0.08386,-0.07855,-0.08217,-0.07212,-0.05083,-0.06335
1008.51,-0.08766,-0.08522,-0.08328,-0.07855,-0.05529,-0.06887
1008.8,-0.08505,-0.08669,-0.08105,-0.07623,-0.05027,-0.06816
1009.08,-0.08586,-0.08669,-0.08373,-0.07591,-0.04893,-0.06569
1009.37,-0.08485,-0.08765,-0.08554,-0.07516,-0.04834,-0.06397
1009.66,-0.08538,-0.08622,-0.08903,-0.07767,-0.05499,-0.06258
1009.94,-0.08444,-0.083,-0.08563,-0.07154,-0.05128,-0.05666
1010.23,-0.08773,-0.0872,-0.08858,-0.07207,-0.0488,-0.05741
1010.52,-0.08141,-0.08159,-0.08329,-0.06831,-0.05026,-0.05742
1010.8,-0.08278,-0.07934,-0.08457,-0.07043,-0.05158,-0.05645
1011.09,-0.08392,-0.0833,-0.08283,-0.07079,-0.05671,-0.06172
1011.37,-0.08625,-0.08253,-0.08238,-0.0749,-0.05729,-0.06337
1011.66,-0.0898,-0.08743,-0.08223,-0.07716,-0.05456,-0.06651
1011.95,-0.08454,-0.0857,-0.08328,-0.07687,-0.05171,-0.06829
1012.23,-0.08627,-0.09049,-0.08767,-0.07762,-0.05824,-0.07076
1012.52,-0.09145,-0.09094,-0.09409,-0.07808,-0.05331,-0.06653
1012.8,-0.09159,-0.08911,-0.09217,-0.07691,-0.05716,-0.06833
1013.09,-0.09281,-0.08624,-0.09014,-0.07578,-0.05387,-0.06466
1013.38,-0.09553,-0.08665,-0.09345,-0.07616,-0.05642,-0.06726
1013.66,-0.09375,-0.08752,-0.09202,-0.07185,-0.05983,-0.06469
1013.95,-0.1059,-0.09822,-0.09902,-0.08228,-0.07128,-0.07022
1014.23,-0.10244,-0.09532,-0.09587,-0.08181,-0.07119,-0.07061
1014.52,-0.10281,-0.09523,-0.09442,-0.07962,-0.07498,-0.07311
1014.81,-0.10181,-0.09659,-0.09881,-0.07729,-0.0745,-0.07402
1015.09,-0.1006,-0.10665,-0.1065,-0.08053,-0.07774,-0.07972
1015.38,-0.09743,-0.10773,-0.10551,-0.07722,-0.07602,-0.07678
1015.66,-0.09963,-0.10345,-0.10488,-0.07997,-0.06977,-0.08092
1015.95,-0.09882,-0.10154,-0.10578,-0.077,-0.06168,-0.08367
1016.23,-0.10012,-0.10085,-0.10229,-0.07706,-0.05859,-0.08302
1016.52,-0.09903,-0.1075,-0.10587,-0.08337,-0.057,-0.08501
1016.8,-0.10265,-0.10981,-0.10665,-0.08511,-0.06031,-0.08479
1017.09,-0.10065,-0.10314,-0.09713,-0.08391,-0.06092,-0.08128
1017.37,-0.10714,-0.10591,-0.09925,-0.08486,-0.06341,-0.08159
1017.66,-0.11019,-0.1122,-0.1055,-0.09129,-0.07031,-0.07905
1017.94,-0.10195,-0.10139,-0.09609,-0.08248,-0.06369,-0.07018
1018.23,-0.09914,-0.0992,-0.10231,-0.08282,-0.06455,-0.07299
1018.51,-0.10316,-0.09722,-0.10662,-0.08011,-0.06934,-0.07236
1018.8,-0.1053,-0.09886,-0.10331,-0.08482,-0.06429,-0.07773
1019.08,-0.106,-0.09627,-0.10193,-0.08305,-0.05993,-0.07449
1019.37,-0.09808,-0.09479,-0.10082,-0.07836,-0.05195,-0.07086
1019.65,-0.10116,-0.09017,-0.09822,-0.07148,-0.04603,-0.07637
1019.94,-0.10847,-0.1005,-0.10635,-0.08314,-0.05563,-0.08524
1020.22,-0.10785,-0.09691,-0.0986,-0.07469,-0.04757,-0.08139
1020.51,-0.09811,-0.09455,-0.08802,-0.06861,-0.03848,-0.07878
1020.79,-0.09999,-0.10103,-0.09065,-0.06924,-0.04484,-0.07906
1021.08,-0.10247,-0.10644,-0.10243,-0.07031,-0.04618,-0.08439
1021.36,-0.10932,-0.10621,-0.10118,-0.07395,-0.05408,-0.09434
1021.64,-0.10652,-0.11177,-0.10636,-0.07668,-0.06117,-0.09351
1021.93,-0.11402,-0.10774,-0.10205,-0.0658,-0.05728,-0.08852
1022.21,-0.1299,-0.11543,-0.1073,-0.06869,-0.06504,-0.08909
1022.5,-0.14768,-0.11462,-0.10871,-0.06551,-0.06717,-0.0895
1022.78,-0.17414,-0.09872,-0.095,-0.03771,-0.05357,-0.06862
1023.07,-0.17414,-0.09872,-0.095,-0.03771,-0.05357,-0.06862
1023.35,-0.17414,-0.09872,-0.095,-0.03771,-0.05357,-0.06862