XRite ColorChecker Measured 10/6/2025 Harry Marsh Aber. Uni. RS350,,,,,,,,,,,,,,,,,,,,,,,,
Wavelength,dark skin,light skin,blue sky,foliage,blue flower,bluish green,orange,purplish blue,moderate red,purple,yellow green,orange yellow,blue,green,red,yellow,magenta,cyan,white 9.5 (.05 D),neutral 8 (.23 D),neutral 6.5 (.44 D),neutral 5 (.70 D),neutral 3.5 (1.05 D),black 2 (1.5 D)
350.0,25.4930333333,48.1966666667,18.29,13.9862333333,39.2924,29.1287333333,41.2096,36.0002333333,34.6921666667,21.1187333333,32.3268666667,39.1895,19.1766666667,22.5435,35.2931333333,48.3970666667,45.8570666667,19.2155333333,59.2345333333,35.1619666667,22.9777666667,14.9055666667,10.7705666667,8.2589
351.0,25.3144333333,47.6988333333,18.2579333333,13.9619666667,38.9046666667,28.9051,40.7168333333,35.6699,34.3471333333,20.9932,31.9817666667,38.7801666667,19.1252,22.3778666667,34.8715666667,47.8624333333,45.3603666667,19.0820666667,58.5633,34.8803,22.8472,14.8821,10.7891,8.3149
352.0,25.1225,47.1724333333,18.1865,13.9215,38.5269333333,28.6504,40.1992333333,35.2808666667,34.0069,20.86,31.5935666667,38.3355,19.0614,22.2257,34.4407333333,47.3161666667,44.8950666667,18.9629666667,57.8994,34.6027333333,22.6787666667,14.8675333333,10.8216333333,8.36403333333
353.0,24.9168333333,46.6680666667,18.1033666667,13.8592,38.1568333333,28.3919,39.7538333333,34.8856333333,33.6805666667,20.7188,31.2300666667,37.8968333333,18.9606,22.0317333333,34.0092,46.6915333333,44.3652666667,18.8311333333,57.3004666667,34.3399666667,22.5380666667,14.8949666667,10.8483,8.4463
354.0,24.6964,46.1574,18.0059333333,13.7837,37.7837,28.1191333333,39.3269333333,34.4685333333,33.3367666667,20.5871333333,30.8939666667,37.4441333333,18.8554,21.8294333333,33.5799666667,46.0497333333,43.8300333333,18.7089333333,56.7289666667,34.0665333333,22.4048666667,14.9284666667,10.862,8.5363
355.0,24.4591666667,45.6032333333,17.8934333333,13.7037666667,37.3931666667,27.8159,38.8477666667,34.0083333333,32.9267333333,20.4927,30.5927,36.9494666667,18.7939,21.6655,33.1571666667,45.4793666667,43.3746333333,18.6254333333,56.1489666667,33.7577,22.2579666667,14.9195666667,10.8525666667,8.59986666667
356.0,24.2347,45.0516333333,17.7575666667,13.6657,37.0032666667,27.5471333333,38.3611333333,33.5494666667,32.5845666667,20.3627666667,30.2726333333,36.4721666667,18.6938666667,21.4839333333,32.7377,44.8529,42.8579333333,18.5633666667,55.4131,33.3352,22.0574666667,14.9060333333,10.8431,8.6635
357.0,23.9992,44.4637,17.603,13.6416666667,36.5939,27.2815333333,37.8471666667,33.1065,32.2714333333,20.199,29.9168666667,35.9805666667,18.5601333333,21.2853,32.3200666667,44.1689666667,42.288,18.5051333333,54.559,32.8429333333,21.8302,14.8826666667,10.8379333333,8.72156666667
358.0,23.6876333333,43.7345,17.4373,13.5542666667,36.1179,26.9244,37.2575666667,32.7107666667,31.8786666667,20.0170666667,29.492,35.3971,18.4194,21.0805666667,31.9051,43.4547,41.7208,18.4114666667,53.7126333333,32.3963333333,21.6498,14.8351,10.8426666667,8.7592
359.0,23.3918666667,43.0350333333,17.2988,13.4812,35.6205666667,26.6205,36.6321,32.3013333333,31.4509,19.8274,29.0717333333,34.7574,18.2544666667,20.8646333333,31.4649666667,42.6650333333,41.0515333333,18.3108666667,52.8027,31.9671333333,21.4547,14.7675666667,10.8541666667,8.78323333333
360.0,23.1199333333,42.3728,17.1903666667,13.4308333333,35.1063666667,26.378,35.9819333333,31.8686,30.9987333333,19.6410333333,28.6622333333,34.0901666667,18.0750666667,20.6386333333,31.0045333333,41.8125,40.2912666667,18.2083666667,51.829,31.5558,21.2478666667,14.6875333333,10.8735666667,8.79693333333
361.0,22.8301,41.6236333333,17.0862,13.3864666667,34.5517,26.1057,35.3339666667,31.4069666667,30.5535666667,19.5176666667,28.2248666667,33.5438333333,17.9532333333,20.4086666667,30.5897,41.0033666667,39.6017666667,18.1098333333,50.8220333333,31.172,21.0986,14.6344,10.9086333333,8.81303333333
362.0,22.5432666667,40.8524,16.9919666667,13.3328,34.0190333333,25.8450666667,34.6933,30.9679666667,30.1168333333,19.3778,27.7844666667,33.017,17.8499666667,20.1911,30.1571666667,40.2434333333,38.9444333333,18.0137333333,49.8743,30.8222333333,20.9736,14.5983,10.9607,8.83436666667
363.0,22.2658333333,40.0852,16.909,13.2643,33.5322,25.6062666667,34.0666666667,30.5740333333,29.6903,19.1932333333,27.3527333333,32.4729333333,17.7500333333,19.9931,29.6821666667,39.5386666667,38.3106666667,17.9198666667,49.0289666667,30.5042333333,20.8609,14.5750666667,11.0285,8.86313333333
364.0,21.9823333333,39.3335,16.8526333333,13.2144333333,33.0327666667,25.3381333333,33.4976333333,30.2159,29.2568333333,19.0376666667,26.9534,31.9455333333,17.6449666667,19.8113333333,29.1549666667,38.8664333333,37.7116333333,17.8337666667,48.2993,30.1603666667,20.7820333333,14.5492,11.0957,8.9053
365.0,21.7050333333,38.6446333333,16.8195666667,13.1657666667,32.5439333333,25.0767333333,32.9303,29.8941666667,28.8437333333,18.9079666667,26.5841333333,31.4576333333,17.5515,19.6177,28.6371,38.2227666667,37.1354333333,17.7357,47.5831666667,29.8036666667,20.6965,14.5161333333,11.1492333333,8.9436
366.0,21.4419333333,38.0544,16.8070666667,13.1065,32.0793,24.8475,32.3217333333,29.6074666667,28.4703333333,18.805,26.2437666667,31.0275666667,17.4818333333,19.3893333333,28.1760666667,37.6003333333,36.5702333333,17.6102333333,46.7971333333,29.4399,20.5736,14.4707666667,11.1776333333,8.9646
367.0,21.2052666667,37.4862,16.7871666667,13.0436333333,31.6389666667,24.5994333333,31.7459,29.2794333333,28.1087,18.697,25.8696333333,30.5758333333,17.4099333333,19.2041,27.7386,37.0431,36.0918,17.5100666667,46.1072333333,29.1504666667,20.4435,14.4526333333,11.2376333333,8.9919
368.0,20.9832,36.9681,16.7673666667,12.9765666667,31.2379333333,24.3609333333,31.2370333333,28.9564,27.7686333333,18.5938333333,25.5241666667,30.1373666667,17.3387333333,19.0459333333,27.3318333333,36.5296333333,35.6621,17.4247333333,45.5188,28.9145666667,20.3265333333,14.4566,11.3027,9.0304
369.0,20.7587,36.5413333333,16.7581,12.9053333333,30.8976666667,24.1710333333,30.8426666667,28.7057,27.4602666667,18.5097,25.2953,29.7627333333,17.2681666667,18.8936666667,26.9656333333,36.0306666667,35.2253,17.338,45.0447,28.7084,20.2545,14.4749,11.3386,9.0885
370.0,20.5475,36.0631666667,16.7396333333,12.8228,30.5498333333,23.9717333333,30.4686,28.3981333333,27.1778666667,18.4140333333,25.0308666667,29.3401666667,17.2355666667,18.7525666667,26.5877666667,35.5377333333,34.8424,17.2834,44.5531333333,28.4691,20.1518333333,14.5122333333,11.3627,9.1359
371.0,20.3495666667,35.5559,16.7082333333,12.7426666667,30.2047,23.7687,30.0996,28.0542,26.9208666667,18.3027,24.7373666667,28.9069333333,17.2244666667,18.6178666667,26.2187333333,35.0371,34.5050666667,17.2522,44.0321,28.2058666667,20.0275666667,14.5611333333,11.3759333333,9.17283333333
372.0,20.1685666667,35.1009666667,16.6595666667,12.7018333333,29.8969666667,23.5863,29.7243333333,27.7404,26.6916333333,18.1684,24.4579333333,28.5785,17.1892333333,18.4775333333,25.9205,34.5014666667,34.1921666667,17.2188,43.4851,27.9467666667,19.9105,14.6049333333,11.3766333333,9.20413333333
373.0,19.9541666667,34.6158,16.5972666667,12.6429333333,29.5991333333,23.3886,29.2854333333,27.4408666667,26.4449333333,18.0439,24.1507333333,28.1998333333,17.1537,18.3406,25.6071666667,33.9528333333,33.8417333333,17.1855333333,42.875,27.7185666667,19.8211,14.6396333333,11.3854666667,9.23853333333
374.0,19.7086,34.0958333333,16.5306,12.5660333333,29.3057333333,23.1822666667,28.7852,27.1466,26.1770666667,17.9342333333,23.8114,27.7589666667,17.1198666667,18.2030666667,25.2652,33.3814333333,33.4464,17.1507,42.2042666667,27.5216,19.7570333333,14.6701666667,11.4063666667,9.27603333333
375.0,19.5065666667,33.6029,16.5187,12.5297,29.0154333333,23.0484333333,28.3069333333,26.8054333333,25.9206666667,17.8356333333,23.4536666667,27.3367333333,17.0849666667,18.0340666667,24.8971333333,32.7073666667,33.0446666667,17.107,41.5243333333,27.3273333333,19.6705333333,14.7318,11.441,9.3059
376.0,19.2733666667,33.0462666667,16.4864,12.4945333333,28.6972666667,22.9097666667,27.7922666667,26.4653,25.6427333333,17.7449666667,23.0716,26.8791666667,17.0332333333,17.8472666667,24.5114,31.9908,32.5702666667,17.0518,40.8406666667,27.1276333333,19.6216333333,14.8146666667,11.4831333333,9.33816666667
377.0,18.9836,32.3921,16.4101666667,12.4459333333,28.3381,22.7363666667,27.2194,26.1431,25.3293666667,17.6603666667,22.6626,26.3654,16.9609666667,17.6477,24.1080666667,31.2568,32.0021333333,16.9859,40.1490333333,26.9130666667,19.6283666667,14.9118333333,11.5289666667,9.37566666667
378.0,18.6877,31.65,16.4032,12.3887333333,27.9338,22.5504333333,26.5596666667,25.8017,24.9504333333,17.587,22.1854333333,25.7528333333,16.9115,17.4255333333,23.606,30.4807666667,31.3891666667,16.9380333333,39.2594666667,26.6163666667,19.6095,14.9679333333,11.5642666667,9.39856666667
379.0,18.3998333333,30.9274333333,16.4268,12.3381333333,27.5323666667,22.3573,25.8489,25.4560666667,24.5645666667,17.5096666667,21.7044666667,25.1216333333,16.8808,17.1908,23.0596666667,29.6891,30.7652666667,16.9058,38.3665666667,26.3046666667,19.5959,15.0224,11.6198666667,9.42026666667
380.0,18.1343666667,30.3101666667,16.4549333333,12.3062333333,27.1712666667,22.1620333333,25.1154,25.1155666667,24.2165666667,17.4164666667,21.2691333333,24.5341333333,16.8670333333,16.9515666667,22.5092333333,28.9016333333,30.1601333333,16.8878333333,37.6134,26.0266,19.6062333333,15.1029333333,11.7183333333,9.4502
381.0,17.8601,29.6885666667,16.5271,12.2605666667,26.8289,21.9982333333,24.4189666667,24.8121333333,23.8877,17.3239333333,20.8120333333,23.9443,16.8827666667,16.7155333333,21.9814,28.1618,29.6245333333,16.8980333333,36.8906666667,25.8244333333,19.6411666667,15.1973,11.8307666667,9.48926666667
382.0,17.5900333333,29.1125666667,16.6331333333,12.2056666667,26.5487666667,21.8782333333,23.7912333333,24.5697,23.5911666667,17.2418666667,20.3892666667,23.3927,16.9321333333,16.4958666667,21.4873666667,27.4864333333,29.1807,16.9378,36.2385333333,25.683,19.6928,15.2929333333,11.9459,9.5304
383.0,17.3374,28.6401333333,16.7552,12.1452666667,26.3807666667,21.8134333333,23.2689,24.4167333333,23.3387,17.1835666667,20.0749333333,22.9289,17.0171666667,16.3081333333,21.0363,26.8952333333,28.8452,17.0030333333,35.6962666667,25.5759333333,19.7458,15.3694666667,12.0481,9.56416666667
384.0,17.1253666667,28.2557333333,16.9239666667,12.1029333333,26.3113666667,21.8170666667,22.8369,24.3178,23.1511333333,17.1288,19.7761333333,22.5177666667,17.1458,16.1482,20.6597,26.3469333333,28.6713666667,17.1331,35.2922666667,25.5339333333,19.8425,15.4785666667,12.1476,9.59896666667
385.0,16.9555333333,27.9613333333,17.1330666667,12.0725,26.3415,21.8786666667,22.4864,24.2833,23.0239,17.0911666667,19.5071,22.1758666667,17.3060666667,16.0156666667,20.3481333333,25.8628333333,28.6374,17.3150666667,35.0314,25.5627333333,19.9833333333,15.6103,12.2387,9.62976666667
386.0,16.8235666667,27.7482,17.3570333333,12.0324333333,26.4570666667,21.96,22.1944666667,24.3341333333,22.9388333333,17.1013333333,19.3103333333,21.9463,17.4651666667,15.9094666667,20.0697,25.4991666667,28.6783,17.5079666667,34.9009333333,25.6525,20.1550333333,15.7252,12.3068,9.6444
387.0,16.7187333333,27.6342666667,17.6220333333,12.0132333333,26.6892333333,22.1068333333,21.9277333333,24.4454,22.8796,17.1467666667,19.1517666667,21.7328333333,17.6451,15.8077666667,19.8176,25.1509,28.7509,17.7261333333,34.8940333333,25.8606666667,20.3759,15.8855,12.3727666667,9.6507
388.0,16.6354,27.6024666667,17.9246,12.0138,27.0124666667,22.323,21.6826,24.6127666667,22.8454,17.222,19.0190333333,21.5244333333,17.8448666667,15.7107666667,19.5959333333,24.8086666667,28.8567,17.9668333333,35.0086,26.1873666667,20.6488,16.0939666667,12.4367,9.6496
389.0,16.5538,27.5568666667,18.2183,12.0067,27.2742666667,22.5803666667,21.4714,24.8175333333,22.8410333333,17.3017666667,18.8790333333,21.3452333333,18.0416,15.6369333333,19.4349666667,24.5104,29.0374666667,18.2032,35.2284333333,26.5664,20.9643,16.3124,12.4828333333,9.6416
390.0,16.4875666667,27.5168333333,18.558,11.9955333333,27.5788,22.8838666667,21.2752333333,25.0914666667,22.8726666667,17.4067666667,18.7338666667,21.1733333333,18.2552,15.5665,19.2649666667,24.2097333333,29.2621,18.4726333333,35.4895,27.0084,21.3051666667,16.5345333333,12.5317,9.62993333333
391.0,16.4378,27.4921666667,18.9591,11.9825333333,27.9612,23.2338,21.0886,25.4419,22.9400333333,17.5413666667,18.5857333333,21.0053666667,18.4939333333,15.4967,19.0692666667,23.9031666667,29.5309333333,18.7888333333,35.7821666667,27.5178333333,21.6725666667,16.7588,12.5903,9.61556666667
392.0,16.3694666667,27.5580666667,19.3845333333,11.9925,28.4542333333,23.6067,20.9065666667,25.8077,23.0051333333,17.6795333333,18.4676666667,20.8675666667,18.7748666667,15.458,18.9111333333,23.6946666667,29.9116,19.154,36.2121666667,28.0981,22.1296666667,17.0133,12.6609666667,9.5944
393.0,16.3146,27.6541666667,19.8173333333,11.9996666667,28.9875,24.0090666667,20.7606,26.1919,23.0674,17.8177,18.3669,20.7567666667,19.0527,15.4321,18.7993333333,23.5461333333,30.3335666667,19.5225333333,36.7642333333,28.7558333333,22.6190666667,17.2651,12.7286,9.58313333333
394.0,16.2857333333,27.7618,20.2489333333,11.9951666667,29.5362,24.4424333333,20.6636333333,26.5926333333,23.1272,17.9546,18.2811666667,20.6733333333,19.3101666667,15.4119666667,18.7385666667,23.4452666667,30.7721666667,19.8751333333,37.4320333333,29.4897,23.1178666667,17.5008,12.7874,9.58683333333
395.0,16.2896333333,27.9934,20.709,12.0036,30.2226666667,24.9351333333,20.6264333333,27.0333333333,23.2303333333,18.1228333333,18.2567333333,20.6495,19.59,15.4090666667,18.7272666667,23.4417666667,31.3306,20.2417,38.233,30.2868666667,23.6612,17.7264333333,12.8533333333,9.5745
396.0,16.3041333333,28.2514333333,21.1747333333,12.0195333333,30.9766666667,25.4374333333,20.6106666667,27.4730666667,23.3397666667,18.3020333333,18.2521,20.6487333333,19.8691333333,15.4137333333,18.7337333333,23.4620333333,31.9438666667,20.6174333333,39.1207,31.1200666667,24.2256,17.9403333333,12.9195666667,9.55793333333
397.0,16.312,28.4651,21.6285333333,12.0402,31.7452666667,25.9107333333,20.5871,27.8807,23.4297666667,18.4778666667,18.2375,20.6442,20.1316,15.4193333333,18.7334666667,23.4512333333,32.5639,20.9995666667,40.0523666667,31.9627333333,24.7921666667,18.1416333333,12.9816666667,9.54456666667
398.0,16.2844,28.5960333333,22.1369333333,12.0368666667,32.5658,26.3844,20.4651333333,28.2795,23.4498666667,18.6360666667,18.1507333333,20.5424666667,20.4009333333,15.3845,18.6097,23.2967333333,33.1421666667,21.401,41.0730333333,32.8881,25.4092,18.3570666667,13.0493666667,9.54026666667
399.0,16.2287666667,28.6452,22.6596,12.0236,33.3950666667,26.8417666667,20.2624666667,28.6416666667,23.4121333333,18.7742,18.0180333333,20.3778333333,20.6635666667,15.3241,18.4253,23.0424,33.6780333333,21.7991666667,42.1556,33.8559666667,26.045,18.5742333333,13.1137666667,9.53916666667
400.0,16.1672666667,28.6456,23.1386333333,12.0232666667,34.1828666667,27.2692333333,20.0254333333,28.9392666667,23.3444333333,18.8934,17.8917666667,20.2180333333,20.9018666667,15.2683333333,18.2846333333,22.7778,34.1836,22.1591333333,43.2782333333,34.8090666667,26.6568,18.7768,13.1620666667,9.5324
401.0,15.9669333333,28.2894666667,23.6556333333,11.98,34.8745666667,27.6035,19.5287333333,29.1352,23.1486,18.9645666667,17.5761333333,19.8153666667,21.1352333333,15.1018,17.9309333333,22.1655666667,34.5377666667,22.5649666667,44.2363333333,35.796,27.2693666667,18.9806,13.2194666667,9.5379
402.0,15.6571666667,27.6724666667,24.2012,11.9025,35.4936333333,27.8562333333,18.8277,29.2455666667,22.8375,18.9866666667,17.1137666667,19.2174333333,21.3641333333,14.846,17.3992333333,21.2953666667,34.7566,22.9995666667,45.0771666667,36.8094666667,27.8842333333,19.1815,13.2811333333,9.55286666667
403.0,15.3235666667,27.0651,24.7511666667,11.8191666667,36.1169666667,28.0657333333,18.0735666667,29.3126,22.4564,18.9655333333,16.6298666667,18.5671,21.5914333333,14.5636666667,16.7991,20.4129,34.9006666667,23.4166666667,45.9313333333,37.8276,28.5127666667,19.3717666667,13.3329333333,9.56733333333
404.0,15.0223,26.4859,25.2331,11.7414666667,36.6541,28.2625666667,17.4163666667,29.3845,22.0554,18.9076666667,16.1813,17.9566666667,21.7850333333,14.3209666667,16.2716,19.6653,35.0034666667,23.7786,46.8879,38.8311333333,29.0635333333,19.5323666667,13.377,9.59006666667
405.0,14.7589666667,25.9729,25.6484333333,11.6694333333,37.1306333333,28.4587333333,16.8708666667,29.4771,21.6668666667,18.8325666667,15.79,17.4173333333,21.9515333333,14.1209,15.8294333333,19.0626666667,35.0849,24.0912666667,47.9888333333,39.8277333333,29.5481,19.6621,13.4148333333,9.6114
406.0,14.5276666667,25.6278333333,26.0167333333,11.5983,37.6450333333,28.6818,16.4329666667,29.6216,21.3647666667,18.7857666667,15.5051666667,17.0058,22.1110666667,13.9513,15.4651,18.5931,35.1780333333,24.3770333333,49.3570666667,40.8596333333,30.0242666667,19.755,13.4514,9.59833333333
407.0,14.3448666667,25.3744,26.3319666667,11.5299,38.1065333333,28.8776333333,16.1174333333,29.7893666667,21.1151666667,18.7767333333,15.2778333333,16.7136,22.2829333333,13.8223,15.1874,18.2453,35.2944,24.6396333333,50.8295333333,41.8295666667,30.4457666667,19.8342333333,13.4759666667,9.58176666667
408.0,14.2088,25.1924,26.604,11.466,38.5121666667,29.0448,15.9067666667,29.9747666667,20.9113666667,18.7986666667,15.0945,16.5213,22.4722333333,13.7306666667,14.9866,17.9968333333,35.4309333333,24.8840666667,52.3778666667,42.7326,30.8118666667,19.9046333333,13.4876,9.56736666667
409.0,14.1037333333,25.0938,26.8795666667,11.4176,38.9461333333,29.2446666667,15.7225,30.1871333333,20.7652,18.7935666667,14.9593333333,16.3561333333,22.6778,13.6600666667,14.8262666667,17.7791,35.5476,25.1174,54.1087,43.6688333333,31.1565666667,19.9563,13.4927,9.54786666667
410.0,14.0194666667,25.0243,27.1213333333,11.3723,39.3423333333,29.4333333333,15.5776,30.4206666667,20.6564666667,18.8069666667,14.8635333333,16.2328333333,22.8947333333,13.6112333333,14.7064666667,17.6216,35.6638,25.3434666667,55.8994333333,44.5513,31.4610333333,19.9873333333,13.4862333333,9.5249
411.0,13.9526666667,24.9628,27.3163666667,11.3274,39.6779333333,29.5946,15.4730333333,30.6730333333,20.5758666667,18.8536333333,14.8010333333,16.1508333333,23.1204,13.5812333333,14.6228666667,17.528,35.7872666667,25.5611,57.6769666667,45.3387666667,31.7191,19.9979666667,13.4668333333,9.4996
412.0,13.9381666667,24.9717333333,27.4797,11.3093,39.9909666667,29.7394333333,15.4240333333,30.9491,20.5375333333,18.9031666667,14.7699333333,16.1056333333,23.3576333333,13.5601,14.5772333333,17.4667666667,35.9293666667,25.7399666667,59.3006333333,45.9835666667,31.9314,20.0004666667,13.4378666667,9.47793333333
413.0,13.9354666667,24.9947333333,27.6109,11.2969666667,40.2639,29.8813333333,15.3907,31.2422,20.5050333333,18.9590333333,14.7492,16.0663333333,23.5932,13.5434333333,14.5341333333,17.4201,36.0611333333,25.8857666667,60.8710333333,46.5529666667,32.1115666667,19.9986666667,13.4059333333,9.4561
414.0,13.9223333333,25.0007333333,27.7087666667,11.2796333333,40.4847333333,30.0284666667,15.3495,31.5486666667,20.4563,19.0211,14.7254,16.0128,23.8187,13.5276333333,14.4715333333,17.3743666667,36.1640666667,25.9975333333,62.4319666667,47.0782,32.2658666667,19.9956,13.3755333333,9.4321
415.0,13.8837333333,24.9381666667,27.7918666667,11.2576666667,40.6117666667,30.1422333333,15.2675,31.8096666667,20.3663666667,19.0551333333,14.6782333333,15.9053,24.0315333333,13.4917,14.3864666667,17.2517333333,36.2046333333,26.0843666667,63.7840333333,47.5057666667,32.3918666667,19.9928,13.3651333333,9.40836666667
416.0,13.8084,24.8148333333,27.8663666667,11.2257333333,40.6622333333,30.2221333333,15.1356,32.0449666667,20.2384,19.0748666667,14.5935666667,15.7589,24.2475666667,13.4377333333,14.2791,17.0695333333,36.2051,26.1602333333,65.0120666667,47.8612666667,32.4975666667,19.9978,13.3627,9.38796666667
417.0,13.6765333333,24.6247,27.9386333333,11.1760666667,40.6402333333,30.2597,14.9339333333,32.2677333333,20.0673333333,19.0910333333,14.448,15.5799,24.4849,13.3640333333,14.1463666667,16.8314666667,36.1823666667,26.2386,66.1832666667,48.1601,32.5897666667,20.0208666667,13.3578,9.3753
418.0,13.5487,24.4419,28.0124333333,11.1322666667,40.6039666667,30.2968666667,14.7238333333,32.4819333333,19.8993666667,19.095,14.3134,15.4081666667,24.7118333333,13.2825333333,14.0013666667,16.5827666667,36.1275,26.3208666667,67.2179333333,48.4225,32.6619666667,20.0319333333,13.3566666667,9.36113333333
419.0,13.4273333333,24.2702,28.0837,11.0885,40.5476333333,30.3304666667,14.5159666667,32.6896333333,19.7327666667,19.0892666667,14.1826666667,15.2405,24.9201333333,13.2006666667,13.847,16.3465666667,36.046,26.4099666667,68.1085666667,48.6407333333,32.7146,20.0319666667,13.3521,9.34403333333
420.0,13.3143666667,24.115,28.1457333333,11.0362,40.4619666667,30.3548,14.3233666667,32.8932,19.5646666667,19.0771,14.0453666667,15.0716,25.099,13.1285666667,13.6863333333,16.1551,35.9456,26.5067,68.8474666667,48.8053333333,32.7475,20.0231,13.3346333333,9.32223333333
421.0,13.2033333333,23.9414,28.2219333333,10.9867666667,40.3622666667,30.3780333333,14.1282333333,33.0969666667,19.3920333333,19.0596666667,13.9017,14.9054666667,25.2753333333,13.0492,13.5245,15.9391333333,35.8298333333,26.6385333333,69.4976666667,48.9267333333,32.7758333333,20.0055666667,13.3131,9.29926666667
422.0,13.0922,23.7535666667,28.3021333333,10.9384666667,40.2491333333,30.4028666667,13.9261,33.29,19.2161333333,19.0356,13.7567333333,14.7350333333,25.4404666667,12.9648333333,13.3577333333,15.7021666667,35.6907,26.7978666667,70.0599666667,49.0201333333,32.8011333333,19.9868,13.2910666667,9.27583333333
423.0,12.9747666667,23.5643,28.3577666667,10.8843666667,40.1199,30.4328,13.7066333333,33.4464333333,19.0397333333,19.0019333333,13.6223,14.5417666667,25.5704,12.8815666667,13.1732,15.4618,35.5062666667,26.9633,70.5348,49.1237333333,32.8248333333,19.9843666667,13.2758333333,9.25356666667
424.0,12.8725,23.3974666667,28.4182,10.8381333333,40.0008666667,30.4762333333,13.5033,33.5866666667,18.8651666667,18.9623,13.4897333333,14.3540666667,25.6918333333,12.8117666667,13.0097666667,15.2311666667,35.3299,27.1217,70.9199333333,49.1959666667,32.8445333333,19.9802666667,13.2629333333,9.22716666667
425.0,12.7801333333,23.2461333333,28.4818666667,10.7974333333,39.8911333333,30.5311,13.3118333333,33.7177333333,18.6951333333,18.9171333333,13.3593333333,14.1718,25.8090333333,12.7518666667,12.8657,15.0078666667,35.1617333333,27.2748666667,71.2423333333,49.2479,32.8642666667,19.9773,13.2532666667,9.19836666667
426.0,12.6704333333,23.0704666667,28.5387666667,10.7508,39.7773,30.5905333333,13.0985,33.8424333333,18.5347,18.8648333333,13.2301,13.9808666667,25.9266333333,12.6866,12.7256333333,14.7686666667,34.9827333333,27.4402,71.5666,49.3226,32.8973666667,19.9920333333,13.2547,9.17436666667
427.0,12.5922,22.9655,28.575,10.7094333333,39.6828,30.6565,12.9514333333,34.0175333333,18.3964666667,18.8108666667,13.1280333333,13.8162,26.0371,12.6353333333,12.6012,14.5963333333,34.8184,27.5673666667,71.8762666667,49.3832,32.9308,19.9979333333,13.2379666667,9.14763333333
428.0,12.5471666667,22.9301666667,28.5916333333,10.6749666667,39.6038666667,30.7293,12.8699,34.2472333333,18.2783333333,18.7583666667,13.0555666667,13.6878,26.1395666667,12.5996,12.4922333333,14.4904333333,34.6697333333,27.6540666667,72.1692666667,49.4276333333,32.9595666667,19.9898,13.2034,9.11846666667
429.0,12.4987666667,22.8698666667,28.6087666667,10.6438333333,39.5079333333,30.8135333333,12.7661666667,34.4944333333,18.1572,18.7148666667,12.9976333333,13.6046333333,26.2373333333,12.5691333333,12.3898,14.3672666667,34.5171666667,27.7385666667,72.4468666667,49.4798666667,32.9765,19.9694333333,13.1819333333,9.09486666667
430.0,12.438,22.8007,28.6221666667,10.6168,39.3817,30.8903333333,12.6572666667,34.7236333333,18.0497666667,18.6699,12.9445666667,13.5308,26.3245333333,12.5416333333,12.2898666667,14.2478,34.3619333333,27.8251,72.6753666667,49.5290333333,32.9813,19.9577,13.1642333333,9.0768
431.0,12.3644666667,22.7231666667,28.6322666667,10.5912,39.229,30.9591333333,12.5442666667,34.9311,17.9549666667,18.6191666667,12.8902666667,13.4551666667,26.4018,12.5151,12.1901333333,14.1322,34.2004,27.9232333333,72.8551666667,49.5721666667,32.9777333333,19.9569,13.1495333333,9.06196666667
432.0,12.2946666667,22.6304666667,28.6423,10.5497,39.0895,31.0417666667,12.4245666667,35.1518,17.8492,18.5506666667,12.815,13.3702,26.4785333333,12.4853333333,12.0815666667,14.0092333333,34.0125,28.0745666667,73.0253,49.6018,32.9870333333,19.9519666667,13.144,9.03586666667
433.0,12.2197666667,22.5468333333,28.6470333333,10.5089,38.9444666667,31.1258666667,12.3082,35.3706333333,17.7511,18.4728666667,12.7455666667,13.2718666667,26.5478333333,12.4492666667,11.9891333333,13.8915,33.8172333333,28.2522,73.1634,49.6202,32.9957,19.9478,13.1309,9.01026666667
434.0,12.1394666667,22.4854,28.6471,10.4756,38.7922333333,31.2086666667,12.2009333333,35.5827666667,17.6662,18.3909,12.6932333333,13.1616,26.6057,12.4074666667,11.9232,13.7854,33.6226333333,28.4436333333,73.2677333333,49.6317666667,33.0005,19.9458333333,13.1048,8.9896
435.0,12.0766333333,22.4558666667,28.6665666667,10.4465,38.6769,31.3079,12.1075666667,35.7874666667,17.5740333333,18.3187,12.6521666667,13.0698333333,26.6389333333,12.3777,11.8747666667,13.6973333333,33.4280333333,28.6330333333,73.3873666667,49.6649666667,33.0159666667,19.9473,13.0878,8.9689
436.0,12.0259,22.4569666667,28.6963,10.4242333333,38.5662333333,31.4207,12.0341,36.0028333333,17.4923666667,18.2467,12.6254,12.9985,26.6665,12.3629,11.8346,13.6323666667,33.2352333333,28.8378333333,73.5187666667,49.7090333333,33.0402,19.9536,13.0717666667,8.94563333333
437.0,11.9867333333,22.4900333333,28.7326,10.4104666667,38.4440333333,31.5470333333,11.9862333333,36.2402,17.4312,18.17,12.6156,12.9527,26.6986,12.3670666667,11.797,13.5956,33.0456333333,29.0682666667,73.6639333333,49.7601,33.0732,19.9657666667,13.0535,8.91783333333
438.0,11.9749,22.5105666667,28.7449333333,10.3901,38.3339,31.6572,11.9575666667,36.4589333333,17.3625333333,18.0796666667,12.6152333333,12.9280666667,26.7284666667,12.3778,11.7528333333,13.5664333333,32.8501666667,29.3032666667,73.7989333333,49.8033,33.1002333333,19.9714333333,13.0442333333,8.88293333333
439.0,11.9599666667,22.5170666667,28.7471,10.3644333333,38.21,31.755,11.9330666667,36.6727,17.2958333333,17.9884333333,12.6188,12.9039,26.7587333333,12.3859333333,11.702,13.5232,32.6512,29.5333,73.9216,49.8325666667,33.1179666667,19.9739,13.0327666667,8.8489
440.0,11.9187,22.5065,28.7484666667,10.3340333333,38.0534666667,31.8423666667,11.8999666667,36.8897,17.2369,17.9056666667,12.6212666667,12.8634333333,26.7907666667,12.3836,11.6442333333,13.4486333333,32.4495333333,29.7500333333,74.0287333333,49.8426333333,33.1232333333,19.9750666667,13.0109,8.82176666667
441.0,11.8696333333,22.4939333333,28.747,10.3075333333,37.9004333333,31.9244,11.8379666667,37.0703333333,17.1559,17.8151666667,12.6013333333,12.8062666667,26.7970666667,12.3687333333,11.5938666667,13.3868,32.2143333333,29.9417666667,74.0997333333,49.8492666667,33.12,19.9723,12.9983666667,8.79403333333
442.0,11.8115,22.4824333333,28.7484333333,10.2830333333,37.7417666667,32.0167333333,11.7567,37.2354,17.0632,17.7121333333,12.5692333333,12.7391666667,26.7911666667,12.3508666667,11.5415666667,13.3246666667,31.9587666667,30.1325333333,74.1615666667,49.8549,33.1188333333,19.9644666667,12.9879666667,8.76696666667
443.0,11.7415666667,22.4760333333,28.7600333333,10.2592,37.5678666667,32.1364333333,11.662,37.4045,16.9666666667,17.5886333333,12.5323,12.6677666667,26.7837,12.3394,11.4790333333,13.2520666667,31.6917666667,30.3468333333,74.2406666667,49.8626,33.1321333333,19.949,12.9740333333,8.7417
444.0,11.6850666667,22.4733333333,28.7597,10.2405333333,37.4101333333,32.2783333333,11.5592333333,37.5350666667,16.8624666667,17.466,12.4985333333,12.5941333333,26.7757666667,12.3265,11.4011,13.1676333333,31.4195,30.5643333333,74.3088333333,49.8776,33.1350666667,19.9409,12.9551333333,8.71686666667
445.0,11.6342,22.4695,28.7547,10.2210333333,37.2662666667,32.4408666667,11.4608333333,37.6402666667,16.7580666667,17.3438,12.4682,12.5140666667,26.7650666667,12.313,11.3118,13.0714,31.1474333333,30.7810666667,74.3802666667,49.8947,33.1341666667,19.9351666667,12.9313,8.69193333333
446.0,11.5773333333,22.4564666667,28.7568,10.1921,37.1329333333,32.6237,11.3828333333,37.738,16.6618666667,17.2202333333,12.4406,12.4200333333,26.7494,12.2995666667,11.2143666667,12.9602333333,30.8815333333,30.9932,74.4758333333,49.9072666667,33.1397666667,19.9260333333,12.9022666667,8.66633333333
447.0,11.5324666667,22.4637666667,28.735,10.1725333333,37.0037333333,32.8028,11.3163666667,37.8262333333,16.5892666667,17.1092666667,12.4294333333,12.3475333333,26.714,12.2935333333,11.1403,12.8871,30.6271666667,31.1871,74.5552333333,49.9115,33.1272,19.9068,12.8778,8.64406666667
448.0,11.4973,22.4964333333,28.6997666667,10.1578,36.8767333333,32.9746666667,11.2668,37.8959,16.5363666667,17.003,12.4375333333,12.3012333333,26.6649333333,12.2987,11.0945333333,12.8561,30.3955,31.3632,74.6243666667,49.9046,33.1026,19.8765333333,12.8528333333,8.62303333333
449.0,11.4693,22.5606333333,28.6653333333,10.1415,36.7512,33.1333666667,11.2434,37.9363666667,16.4994,16.8924333333,12.4686,12.2886333333,26.6104666667,12.3196666667,11.0848333333,12.8739666667,30.2048333333,31.5202,74.6909666667,49.8819333333,33.0735333333,19.8329666667,12.8211,8.60066666667
450.0,11.4408666667,22.6469,28.6286666667,10.1266333333,36.6120333333,33.3061,11.2115666667,37.9485,16.4564666667,16.7622666667,12.5079,12.2725333333,26.5519333333,12.3492333333,11.0759,12.9004333333,29.9957666667,31.6911,74.7673333333,49.8675666667,33.0493666667,19.7958,12.7818333333,8.57386666667
451.0,11.4038,22.7239666667,28.5895,10.1094,36.4555666667,33.4973,11.1620666667,37.9331333333,16.3936333333,16.6175333333,12.5404,12.2340666667,26.4917333333,12.3788,11.0450666667,12.8873333333,29.7466333333,31.8791,74.8431666667,49.8593666667,33.0293,19.7668666667,12.7421,8.54466666667
452.0,11.3401666667,22.7166333333,28.5457,10.0804,36.2732666667,33.7132666667,11.0815333333,37.8947666667,16.2843,16.4730333333,12.5338666667,12.1343666667,26.4361333333,12.3879666667,10.9456666667,12.7222333333,29.4139666667,32.0854333333,74.8922,49.8498,33.0088333333,19.7475333333,12.7194,8.52
453.0,11.2677666667,22.7101333333,28.5139333333,10.0539666667,36.1026,33.9297666667,10.9688333333,37.8356,16.1399333333,16.3313666667,12.5104333333,12.0256333333,26.3735666667,12.4021333333,10.8228666667,12.5612333333,29.0703,32.3060333333,74.9288333333,49.8258333333,32.9947666667,19.7261333333,12.6967666667,8.48286666667
454.0,11.1944,22.7178,28.4895,10.0272666667,35.9497666667,34.1508666667,10.8437333333,37.7617666667,15.9955,16.1921333333,12.4877,11.9206333333,26.3031666667,12.4244333333,10.7007333333,12.4301666667,28.7481333333,32.5325,74.9775666667,49.7991333333,32.9869333333,19.7065333333,12.6742333333,8.4426
455.0,11.1317,22.7478,28.4582333333,9.98723333333,35.8203666667,34.3936,10.7503666667,37.6889333333,15.9354333333,16.0519,12.4999666667,11.8354666667,26.2260333333,12.4588,10.6213333333,12.3488,28.5077,32.7513,75.0998,49.8038333333,32.9873,19.7046,12.6564666667,8.4256
456.0,11.0852,22.8001,28.4227666667,9.9637,35.6934333333,34.6332666667,10.6655333333,37.5830666667,15.8316333333,15.9184666667,12.5207333333,11.7519666667,26.1399,12.4738666667,10.563,12.2916,28.2580333333,32.9322333333,75.1756333333,49.7850666667,32.9607333333,19.6815,12.6358333333,8.40493333333
457.0,11.0516666667,22.8738333333,28.3816666667,9.95236666667,35.5673666667,34.8750333333,10.5909666667,37.4512,15.7044333333,15.7946333333,12.552,11.6805,26.0453333333,12.4842666667,10.5150333333,12.2534666667,27.9950666667,33.0959333333,75.2086333333,49.7459333333,32.9144333333,19.6395666667,12.6099333333,8.37823333333
458.0,11.0223666667,22.9677333333,28.3254333333,9.93266666667,35.4437,35.1362333333,10.5389,37.3213,15.6554,15.6918333333,12.6089333333,11.6660666667,25.9444,12.5450666667,10.4522666667,12.2307666667,27.7287666667,33.3132333333,75.2336,49.7037,32.8765666667,19.5906,12.5712666667,8.34293333333
459.0,10.9906333333,23.0911,28.2819666667,9.91326666667,35.3293666667,35.4460333333,10.5107333333,37.1715666667,15.6027666667,15.5803,12.6846,11.6406666667,25.8331666667,12.6159666667,10.3919333333,12.2235,27.4847666667,33.5419666667,75.2731666667,49.6819333333,32.8428666667,19.5591666667,12.5383666667,8.31766666667
460.0,10.9565666667,23.2409666667,28.2503333333,9.8961,35.2191666667,35.7985,10.4985333333,37.0045333333,15.5350666667,15.4539,12.7754,11.5988333333,25.7104,12.6885333333,10.3385666667,12.2258666667,27.2643333333,33.7755,75.3435333333,49.6828666667,32.8142666667,19.5438666667,12.5143666667,8.30326666667
461.0,10.9311,23.404,28.1986,9.88456666667,35.0824666667,36.1359666667,10.4679,36.8501666667,15.4793,15.3160666667,12.8719666667,11.5883333333,25.5732,12.7636666667,10.2965,12.2124333333,27.045,34.0212666667,75.4969666667,49.6958,32.7995333333,19.5109333333,12.4948333333,8.28433333333
462.0,10.9038,23.5455333333,28.1398,9.8669,34.9474,36.4910666667,10.4371,36.6827,15.4222,15.1867333333,12.9870333333,11.5698666667,25.4352,12.8453,10.2598666667,12.2245666667,26.8235666667,34.274,75.5833,49.6666,32.7594,19.4718333333,12.4681666667,8.26186666667
463.0,10.874,23.6683,28.0755333333,9.84376666667,34.8189666667,36.8640333333,10.4070666667,36.4954333333,15.3616666667,15.0687333333,13.1186666667,11.5393,25.2942,12.9339,10.2257666667,12.2595,26.6013333333,34.5312666667,75.5935,49.5998666667,32.6949666667,19.4308666667,12.4318333333,8.23603333333
464.0,10.8481666667,23.8199666667,28.0008666667,9.83133333333,34.6955666667,37.2266666667,10.3646,36.285,15.2999,14.9541,13.2465666667,11.515,25.1267,13.0298333333,10.1881666667,12.2641,26.3977333333,34.7935333333,75.6445666667,49.5751,32.6515333333,19.3996666667,12.3860666667,8.20906666667
465.0,10.8255,23.9958,27.9346333333,9.8135,34.5548666667,37.6125666667,10.3325666667,36.0542666667,15.2350333333,14.8308333333,13.3842666667,11.4900666667,24.942,13.1186,10.1484333333,12.2769333333,26.1568666667,35.0312,75.6879,49.5455,32.6086666667,19.3618,12.3504666667,8.18243333333
466.0,10.8031,24.1918,27.8772666667,9.79176666667,34.3943333333,38.0165333333,10.3143333333,35.8063333333,15.1676333333,14.6979666667,13.5365333333,11.4644333333,24.7495,13.2059666667,10.1093666667,12.3055333333,25.8886666667,35.2485666667,75.7213333333,49.5039,32.563,19.3173333333,12.3257,8.15606666667
467.0,10.7652,24.3891333333,27.8101,9.788,34.2239333333,38.3852,10.3012,35.5462666667,15.0986333333,14.5609666667,13.7140333333,11.4418,24.5852,13.3357,10.0834,12.3459,25.6927,35.5017333333,75.7694,49.4585333333,32.5160666667,19.2830666667,12.2925,8.1261
468.0,10.7455666667,24.6024666667,27.7449666667,9.77883333333,34.0696333333,38.7479,10.2917333333,35.3013666667,15.0457333333,14.4417333333,13.8922333333,11.4256,24.4046333333,13.4550333333,10.0533,12.4053333333,25.4994666667,35.7206333333,75.8246666667,49.4133333333,32.4692333333,19.2448333333,12.2637333333,8.0989
469.0,10.7440333333,24.8308666667,27.6826666667,9.76213333333,33.9308333333,39.1117333333,10.2844666667,35.0687,15.0072333333,14.3407333333,14.0695,11.4170666667,24.2007666667,13.56,10.0182,12.4781666667,25.2958,35.8993,75.8854333333,49.3732666667,32.4241666667,19.2024333333,12.2402,8.07546666667
470.0,10.7146666667,25.0545666667,27.6166666667,9.75446666667,33.7655666667,39.4885333333,10.2743333333,34.7920666667,14.9491666667,14.2349,14.2694333333,11.4221,23.9864666667,13.6969,9.99536666667,12.5219333333,25.0889666667,36.0912,75.9485333333,49.3634333333,32.3899,19.1713666667,12.2153,8.0539
471.0,10.6946,25.2924,27.5402333333,9.7485,33.5932666667,39.8524666667,10.2775333333,34.5015666667,14.8970666667,14.1191333333,14.4910666667,11.4262,23.7541333333,13.8264666667,9.9726,12.5799333333,24.8684,36.2484333333,76.0233,49.3517333333,32.3534666667,19.1374333333,12.1831333333,8.03246666667
472.0,10.6976333333,25.5505,27.4513333333,9.74163333333,33.4237333333,40.1932666667,10.2995666667,34.2068,14.8596,13.9928,14.7338,11.4261666667,23.5043333333,13.9379666667,9.9497,12.6731,24.6367333333,36.3559,76.1100333333,49.3257333333,32.3110666667,19.0958666667,12.1420666667,8.01063333333
473.0,10.7111,25.8093,27.3660666667,9.73276666667,33.2876,40.5211333333,10.3186,33.8918666667,14.8177,13.8872333333,14.9823333333,11.4514666667,23.2679333333,14.0774,9.97006666667,12.822,24.4613666667,36.4508,76.179,49.3030333333,32.2824,19.0611666667,12.1044333333,7.9925
474.0,10.7358666667,26.1053,27.2707,9.73536666667,33.1387,40.8472333333,10.3732,33.5672333333,14.804,13.7791,15.2627,11.5062333333,23.0254333333,14.2452,10.0076666667,13.0134,24.3111666667,36.5332,76.2289666667,49.2665666667,32.2425,19.0184666667,12.0693,7.97276666667
475.0,10.7642,26.4408,27.1629666667,9.7498,32.9557666667,41.1826666667,10.4632333333,33.2309666667,14.8193666667,13.6575666667,15.5813,11.5820666667,22.7668333333,14.4376,10.0442333333,13.2240333333,24.1584333333,36.6113666667,76.2601,49.2129,32.1829666667,18.9651,12.0380333333,7.949
476.0,10.7355,26.6996333333,27.072,9.7247,32.7331,41.5754,10.4495333333,32.8289,14.7491333333,13.5143666667,15.9069,11.5900333333,22.4692,14.6032333333,10.0215,13.3092333333,23.8606666667,36.7392666667,76.2914,49.1763333333,32.1214666667,18.9326666667,12.0200333333,7.9175
477.0,10.6606666667,26.8934666667,26.9815333333,9.69456666667,32.4757666667,41.9775333333,10.3327666667,32.3814666667,14.6186333333,13.3495666667,16.1712666667,11.4996666667,22.1603666667,14.7483333333,9.915,13.2799,23.4979,36.8914333333,76.3277333333,49.1475666667,32.0837,18.9133333333,12.0061666667,7.89446666667
478.0,10.5504333333,27.0279,26.8872333333,9.6721,32.1939333333,42.3655,10.1252333333,31.9062666667,14.4436,13.1671666667,16.3524,11.3108666667,21.8527333333,14.8727333333,9.72756666667,13.1547333333,23.1086,37.0493333333,76.3695333333,49.1236666667,32.0767333333,18.9021333333,11.9908333333,7.88453333333
479.0,10.4784666667,27.1478,26.8106666667,9.64693333333,31.9534333333,42.7128333333,9.98833333333,31.5028,14.3047666667,13.0058,16.5495,11.1866,21.5487333333,14.9662333333,9.61156666667,13.1091333333,22.7558666667,37.1331,76.3858,49.1020666667,32.0466333333,18.8744,11.9564333333,7.86163333333
480.0,10.4205666667,27.2935666667,26.7248333333,9.62603333333,31.7427666667,43.0348666667,9.89623333333,31.0892666667,14.1834666667,12.8497,16.7869333333,11.1007,21.2437,15.0744666667,9.52086666667,13.1233,22.4342,37.1908333333,76.4092666667,49.0798666667,32.015,18.8459666667,11.9303333333,7.8389
481.0,10.371,27.4825666667,26.6184666667,9.61256666667,31.5568333333,43.3400666667,9.84316666667,30.6344333333,14.077,12.6947,17.0786333333,11.0477666667,20.9346,15.2164333333,9.44356666667,13.1961,22.1419666667,37.24,76.4522333333,49.0552333333,31.9874666667,18.8215666667,11.9205,7.82
482.0,10.3482666667,27.6751333333,26.4969,9.60953333333,31.3659666667,43.6546333333,9.8093,30.1588666667,13.9991,12.5518666667,17.3964666667,11.0099,20.6116333333,15.3720333333,9.39626666667,13.3124,21.8549,37.2725333333,76.4996666667,49.023,31.9457666667,18.7891,11.8911,7.79316666667
483.0,10.3231333333,27.8761,26.3679333333,9.60333333333,31.1855666667,43.9605333333,9.7828,29.6752333333,13.9268666667,12.4087666667,17.7377333333,10.9869,20.2737333333,15.5283333333,9.35886666667,13.4652666667,21.5728,37.2848333333,76.5510333333,49.0061666667,31.9087666667,18.7575333333,11.8613,7.76783333333
484.0,10.2862666667,28.0847,26.2361333333,9.58936666667,31.0209,44.2522,9.75786666667,29.1908333333,13.8519666667,12.2615666667,18.0982666667,10.9762666667,19.9216333333,15.6801666667,9.32226666667,13.6482666667,21.2949333333,37.2755333333,76.6029,49.0109333333,31.8833,18.7302666667,11.8376666667,7.74723333333
485.0,10.2714666667,28.2983,26.1058666667,9.58403333333,30.8673666667,44.5470666667,9.74763333333,28.7104333333,13.7952666667,12.1256333333,18.4665666667,10.9689666667,19.5726666667,15.8467666667,9.28746666667,13.8441,21.0309,37.2492333333,76.6305,48.9966666667,31.8577666667,18.7051,11.813,7.72486666667
486.0,10.2588666667,28.4952333333,25.9709666667,9.5799,30.7254333333,44.8221666667,9.74263333333,28.2138666667,13.7325,11.9883,18.8454666667,10.957,19.2203666667,16.016,9.2569,14.0607666667,20.7668666667,37.2081666667,76.6666333333,48.9806666667,31.8356333333,18.6802666667,11.7924666667,7.70283333333
487.0,10.2414,28.6692,25.8302666667,9.57506666667,30.5950333333,45.0712,9.73923333333,27.6967333333,13.6573333333,11.8464,19.2378,10.9389666667,18.8637333333,16.1841,9.2302,14.3003666667,20.5005333333,37.1544333333,76.7237666667,48.9681333333,31.8167333333,18.6553333333,11.7765,7.682
488.0,10.226,28.8605,25.6971666667,9.5777,30.4746666667,45.3307,9.74123333333,27.2007,13.6094333333,11.7181333333,19.6632333333,10.9446333333,18.5121,16.3629666667,9.19296666667,14.5534,20.2694,37.0960333333,76.7892666667,48.9499666667,31.7909,18.6339,11.7495333333,7.66343333333
489.0,10.2114,29.0361333333,25.5554,9.582,30.3643333333,45.5706333333,9.73703333333,26.7114333333,13.5589333333,11.5922,20.1009666667,10.9509666667,18.1599333333,16.5364333333,9.15776666667,14.8393,20.0414666667,37.0209,76.8344666667,48.9348666667,31.7586666667,18.614,11.7254,7.6436
490.0,10.1969,29.1857666667,25.3997,9.5856,30.2645333333,45.7804,9.7242,26.2242666667,13.4967,11.4644333333,20.5429333333,10.9499,17.8065333333,16.6992333333,9.13036666667,15.1641666667,19.8060666667,36.9262,76.8519333333,48.9256333333,31.7221,18.5940333333,11.7084666667,7.62133333333
491.0,10.1805333333,29.3413666667,25.2456,9.58783333333,30.1853333333,45.9785,9.73026666667,25.7376,13.4506666667,11.3368,20.9916666667,10.9528,17.4632666667,16.8689333333,9.1179,15.5045,19.5859333333,36.8365333333,76.9031,48.9117,31.7004666667,18.566,11.6862333333,7.60146666667
492.0,10.1696333333,29.4917666667,25.0936333333,9.5892,30.0994333333,46.1589,9.73846666667,25.2671666667,13.4031,11.2182333333,21.4656,10.9625,17.1206,17.0393,9.10393333333,15.8643666667,19.3782666667,36.7238333333,76.9597,48.9032333333,31.6834,18.5444333333,11.6627,7.5828
493.0,10.1658,29.6340666667,24.9437,9.59136666667,29.9968666667,46.3206,9.74426666667,24.8183333333,13.3474333333,11.1116666667,21.9711666667,10.9811666667,16.7767666667,17.2096,9.08293333333,16.2478333333,19.1819666667,36.5796333333,77.0109333333,48.9031333333,31.6670666667,18.5336666667,11.6395666667,7.5647
494.0,10.1518333333,29.7768666667,24.7846666667,9.60616666667,29.9013,46.4724666667,9.76673333333,24.3725,13.2892,11.0059666667,22.4871666667,11.0093666667,16.4525,17.3893,9.07236666667,16.6828333333,18.9884666667,36.4370333333,77.0494,48.8993333333,31.6527666667,18.5118666667,11.6201666667,7.54433333333
495.0,10.1425666667,29.9145666667,24.6261333333,9.6256,29.8051666667,46.6113,9.78936666667,23.9298333333,13.2324333333,10.902,23.0203333333,11.0429666667,16.1330666667,17.5821666667,9.0607,17.1499666667,18.8048333333,36.2859333333,77.0886,48.8947333333,31.6355,18.4931,11.6032333333,7.5238
496.0,10.1427666667,30.0446666667,24.4717666667,9.6467,29.7049,46.7365333333,9.8076,23.4914,13.1791,10.8002666667,23.5747666667,11.0801666667,15.8131666667,17.7886333333,9.044,17.6428666667,18.6330333333,36.1236,77.1349666667,48.8914,31.6146333333,18.4818666667,11.5878333333,7.50393333333
497.0,10.1365666667,30.1659333333,24.3174,9.6728,29.5893666667,46.8521666667,9.8413,23.0744333333,13.1269333333,10.7072,24.1705333333,11.1226,15.499,17.9898666667,9.02713333333,18.1732333333,18.4640666667,35.9524333333,77.1967333333,48.9043,31.6079666667,18.4689333333,11.5697333333,7.48403333333
498.0,10.1381666667,30.2782666667,24.1641,9.7021,29.4662666667,46.9567666667,9.88396666667,22.6719,13.0755,10.6179,24.7771333333,11.1737,15.1909,18.1998333333,9.0209,18.7343333333,18.2989333333,35.7682333333,77.2515666667,48.9021666667,31.598,18.4547333333,11.5522,7.46513333333
499.0,10.1513,30.3815666667,24.0121333333,9.73563333333,29.3358,47.0494333333,9.9333,22.2807333333,13.0239666667,10.5295666667,25.3855,11.2357666667,14.8895333333,18.4250666667,9.0272,19.3255666667,18.1379666667,35.5687333333,77.2913,48.8769333333,31.5802333333,18.4388666667,11.5361,7.44746666667
500.0,10.1552666667,30.4750666667,23.8586,9.789,29.1688333333,47.1246,9.9896,21.8959666667,12.9686,10.4339333333,26.0338,11.3135,14.5959,18.6719333333,9.01496666667,19.9630666667,17.9841333333,35.3496666667,77.3310666667,48.8815666667,31.5824,18.4184666667,11.5164666667,7.4297
501.0,10.1618,30.5657666667,23.7108333333,9.84883333333,28.9996666667,47.1951333333,10.0468333333,21.5133333333,12.9135333333,10.3444,26.7062333333,11.4044,14.3113666667,18.9349666667,9.00263333333,20.646,17.8360333333,35.1266666667,77.3771666667,48.8899333333,31.5806,18.4049333333,11.4991333333,7.4108
502.0,10.1752666667,30.6535,23.5699,9.9109,28.8371333333,47.2636,10.1059333333,21.1339,12.8609333333,10.2666666667,27.3983333333,11.5082666667,14.0365666667,19.2133,8.99696666667,21.3728666667,17.6919666667,34.9049666667,77.4311333333,48.8932333333,31.5671666667,18.4015,11.4858666667,7.39066666667
503.0,10.1937,30.7090666667,23.4152333333,9.98586666667,28.6279,47.2977,10.2035333333,20.7932333333,12.8162333333,10.2008,28.1196333333,11.6321,13.7734333333,19.5152333333,8.994,22.1166666667,17.5409666667,34.6665,77.4746666667,48.9036333333,31.5629,18.3901,11.469,7.37383333333
504.0,10.2149333333,30.7465,23.2549333333,10.0785333333,28.3957333333,47.3281333333,10.312,20.4355666667,12.7628333333,10.1244,28.8789666667,11.7782666667,13.5045666667,19.8600333333,8.99453333333,22.9359666667,17.3840333333,34.4071333333,77.5115333333,48.9004,31.5567333333,18.3758,11.4528333333,7.35583333333
505.0,10.2384333333,30.7702,23.0938333333,10.1910333333,28.1497333333,47.3637333333,10.4235666667,20.0478,12.6963333333,10.0312333333,29.6716,11.9492,13.2279666667,20.2530333333,8.99926666667,23.8428333333,17.2248333333,34.1292666667,77.5449666667,48.8811666667,31.5459333333,18.3605,11.4380666667,7.33596666667
506.0,10.266,30.7826333333,22.9434666667,10.3131666667,27.8948666667,47.3787333333,10.5549333333,19.7036,12.6394,9.94943333333,30.4361333333,12.1392666667,12.9819,20.6534666667,9.011,24.7295,17.0901666667,33.8711333333,77.5888666667,48.8911666667,31.5401333333,18.3461666667,11.4176333333,7.3227
507.0,10.3038333333,30.7693666667,22.7981,10.4546666667,27.6315,47.3850666667,10.7096333333,19.3721666667,12.5775666667,9.8713,31.1992333333,12.3688666667,12.7440666667,21.0881333333,9.02593333333,25.6453333333,16.9434666667,33.6022,77.6353,48.9044333333,31.5411333333,18.3354,11.4031666667,7.30546666667
508.0,10.3477,30.7260666667,22.6537333333,10.6167666667,27.3584333333,47.3821333333,10.8893666667,19.0488333333,12.5128666667,9.7952,31.9676,12.6404333333,12.5104333333,21.5626333333,9.04266666667,26.6033666667,16.7788666667,33.3191333333,77.6838333333,48.9153666667,31.5470333333,18.3285,11.3945666667,7.28523333333
509.0,10.3718333333,30.6515666667,22.4985333333,10.7939,27.0695333333,47.3585,11.0951,18.7401666667,12.4689333333,9.72026666667,32.7530333333,12.9415333333,12.2831,22.0748,9.05966666667,27.6192,16.6056333333,33.0366333333,77.7421333333,48.9235,31.5472333333,18.3241666667,11.3802666667,7.27773333333
510.0,10.4050333333,30.5459,22.3382,10.9973666667,26.7708666667,47.3225333333,11.3223666667,18.4260333333,12.4158666667,9.6395,33.5192666667,13.2719,12.0633333333,22.6229,9.06966666667,28.6664333333,16.4314666667,32.7449333333,77.7880666667,48.9315333333,31.5477,18.3154333333,11.3644333333,7.26433333333
511.0,10.4504,30.4088333333,22.1742333333,11.2257666667,26.4622666667,47.2773,11.5675,18.1056,12.3508,9.55393333333,34.2626333333,13.6375666667,11.8503,23.2036,9.07483333333,29.7378,16.2549,32.4402333333,77.8169666667,48.9372,31.5477666667,18.3024,11.3480666667,7.24343333333
512.0,10.4945,30.2389666667,22.0070333333,11.4605,26.1331333333,47.2256,11.8207666667,17.7970666667,12.2915666667,9.47653333333,35.0080333333,14.0653,11.6384666667,23.8057666667,9.09403333333,30.8284333333,16.0626666667,32.1142333333,77.8278,48.9253666667,31.5384,18.2941666667,11.3323,7.22546666667
513.0,10.5363666667,30.0401333333,21.8413666667,11.7196333333,25.8129666667,47.1732333333,12.0878333333,17.4926,12.2238333333,9.39536666667,35.7301666667,14.5315,11.4372,24.4307,9.1057,31.9464666667,15.853,31.7834,77.8496333333,48.9230333333,31.5326666667,18.2840666667,11.3183333333,7.207
514.0,10.5762333333,29.8107666667,21.6741666667,12.0074333333,25.5030666667,47.1185,12.3733666667,17.1876333333,12.1496,9.30893333333,36.4317,15.0392333333,11.2444,25.0850666667,9.10733333333,33.1034333333,15.6275666667,31.4485666667,77.8881333333,48.9346666667,31.5334666667,18.2729666667,11.3058333333,7.1878
515.0,10.6192666667,29.5359666667,21.4853333333,12.3302,25.1753,47.0464,12.6976666667,16.8640666667,12.0904,9.2217,37.1545,15.6303333333,11.0387333333,25.8084333333,9.10733333333,34.3565666667,15.3958666667,31.0942,77.9397,48.9538666667,31.5417,18.2708333333,11.2917,7.16916666667
516.0,10.6588333333,29.2443,21.3046333333,12.6515333333,24.8624666667,46.9705333333,13.0148666667,16.5649,12.0320666667,9.1364,37.8150666667,16.2409333333,10.8522,26.5041333333,9.11486666667,35.5588,15.1603,30.7405,77.9763,48.9624,31.5426333333,18.2641666667,11.2795333333,7.15196666667
517.0,10.6948,28.9357333333,21.132,12.9709333333,24.5698333333,46.8911333333,13.3209333333,16.2857666667,11.9732,9.05363333333,38.4168666667,16.8668,10.6816333333,27.1671333333,9.12263333333,36.7098333333,14.9232,30.3898,78.0018666667,48.9645333333,31.5396333333,18.2538,11.2685666667,7.1355
518.0,10.7291,28.5948666667,20.957,13.3032333333,24.2996666667,46.8047333333,13.6249,16.0028333333,11.9143666667,8.9733,38.9933333333,17.5237666667,10.5101,27.8228666667,9.10933333333,37.8611333333,14.6881666667,30.0409666667,78.0358333333,48.9772333333,31.5464333333,18.2466,11.2561333333,7.11793333333
519.0,10.7555666667,28.2471333333,20.7839,13.6315333333,24.0389333333,46.7008333333,13.9199,15.7276,11.863,8.89386666667,39.5264,18.2186,10.3464333333,28.4586333333,9.1002,38.9996333333,14.4463666667,29.6812666667,78.0640666667,48.9862666667,31.5501333333,18.2374666667,11.2429,7.10253333333
520.0,10.7766,27.8936666667,20.6126666667,13.9576666667,23.7924333333,46.5855,14.2077,15.4665333333,11.8170333333,8.8165,40.0210333333,18.9465666667,10.1912333333,29.0681,9.09443333333,40.1167,14.2063,29.3142333333,78.0920666667,48.9942,31.5516666667,18.228,11.2288,7.08853333333
521.0,10.7995,27.5289,20.442,14.2913,23.5737,46.4748666667,14.4953333333,15.2334666667,11.7698666667,8.74516666667,40.4922,19.696,10.0442,29.6406333333,9.0842,41.1949333333,13.9906666667,28.9517,78.1363,49.0110666667,31.5565,18.2234333333,11.2135333333,7.07356666667
522.0,10.8189333333,27.1701333333,20.2774666667,14.6161,23.3803,46.3609333333,14.7642666667,15.0018,11.7238666667,8.66866666667,40.9247,20.4615333333,9.90503333333,30.1771,9.07363333333,42.2391,13.7728333333,28.5845,78.1751,49.0205333333,31.5589666667,18.2139,11.1998333333,7.0586
523.0,10.8352666667,26.8074666667,20.1149,14.9341,23.2044666667,46.2380333333,15.0219666667,14.7712,11.6845,8.59196666667,41.3301,21.2587666667,9.7707,30.6825,9.06346666667,43.2655666667,13.5535,28.2062333333,78.2078,49.0253333333,31.5583666667,18.2021,11.1874333333,7.04386666667
524.0,10.8502333333,26.4087666667,19.9411666667,15.2569333333,23.0272333333,46.0931333333,15.2924333333,14.5461,11.6661666667,8.53,41.7410666667,22.1359,9.6342,31.1722,9.0548,44.3198666667,13.3399333333,27.8016,78.2388,49.0362,31.5533,18.1973,11.1746333333,7.03
525.0,10.8624666667,26.0445333333,19.7860666667,15.5498666667,22.8872333333,45.9488666667,15.5338,14.3431666667,11.6329333333,8.46603333333,42.0908,22.9659,9.5108,31.5776,9.04046666667,45.2675333333,13.1345666667,27.4108,78.2588,49.0382666667,31.5534666667,18.1896,11.1633666667,7.01393333333
526.0,10.8710666667,25.7072666667,19.6435,15.8145,22.7771,45.8029666667,15.7489,14.1563333333,11.5954333333,8.40523333333,42.3964666667,23.7746333333,9.39793333333,31.9204,9.02633333333,46.1427,12.9435,27.0302,78.2794,49.0393,31.5537,18.18,11.1524,6.99763333333
527.0,10.8744,25.3835333333,19.5042666667,16.0534,22.6869333333,45.6508666667,15.9421,13.9773333333,11.5690333333,8.3557,42.6812333333,24.6043333333,9.29203333333,32.2297666667,9.02113333333,46.9948,12.7754666667,26.6529666667,78.3159333333,49.0507333333,31.5459666667,18.1701666667,11.1402666667,6.9839
528.0,10.8793333333,25.0796,19.3770333333,16.2754,22.6135,45.4985,16.1251333333,13.8182666667,11.5561333333,8.30586666667,42.9479,25.4141,9.1896,32.4862666667,9.00646666667,47.7875333333,12.6107333333,26.2789333333,78.3515666667,49.0507333333,31.5472333333,18.1638,11.125,6.97063333333
529.0,10.8829666667,24.7882666667,19.2527666667,16.4785333333,22.5518666667,45.3360333333,16.2992,13.6672,11.5439333333,8.25626666667,43.1948333333,26.2278666667,9.0899,32.6939333333,8.98933333333,48.5432,12.4538333333,25.8971666667,78.3872333333,49.0493,31.5501333333,18.1561,11.1097333333,6.9568
530.0,10.8814,24.4997333333,19.1187666667,16.6597666667,22.4961,45.1488666667,16.4654666667,13.5081333333,11.5145666667,8.20746666667,43.4189333333,27.0809,8.992,32.8564333333,8.97963333333,49.2921,12.3115,25.4920333333,78.4248666667,49.0603666667,31.5439,18.1399,11.0991,6.9409
531.0,10.8845,24.2434,19.0040333333,16.8034333333,22.4615666667,44.9708333333,16.6079333333,13.3737,11.4979,8.16493333333,43.6098666667,27.8547333333,8.90443333333,32.9649333333,8.96546666667,49.9581,12.1876666667,25.1050333333,78.4586666667,49.0652,31.5406666667,18.1288,11.0877666667,6.92766666667
532.0,10.8874333333,24.0221,18.8997333333,16.9202333333,22.4395,44.7921666667,16.7378,13.2474666667,11.4884,8.1294,43.7795,28.5875,8.8235,33.0283666667,8.9497,50.5638,12.0773333333,24.7288333333,78.4924,49.0710333333,31.5384333333,18.1201333333,11.0745666667,6.9143
533.0,10.8867666667,23.8393333333,18.8000333333,17.0173,22.4237666667,44.6061666667,16.863,13.1182666667,11.4826666667,8.10176666667,43.9358,29.3043666667,8.74663333333,33.0515666667,8.9346,51.1233333333,11.9774333333,24.3587666667,78.5287666667,49.0828333333,31.5359,18.112,11.0586666667,6.89866666667
534.0,10.8914,23.6812666667,18.7067333333,17.0932333333,22.4056,44.4242333333,16.9812,13.0143666667,11.4740666667,8.07953333333,44.0797,29.9861666667,8.6725,33.0301666667,8.9285,51.6482666667,11.8961,23.9896333333,78.5651666667,49.0799,31.5333333333,18.1027666667,11.0465666667,6.88323333333
535.0,10.8957333333,23.5493,18.6159666667,17.1457333333,22.3861,44.2284333333,17.0960666667,12.9189,11.4687333333,8.05796666667,44.2080333333,30.6587666667,8.60103333333,32.9711,8.9224,52.1620666667,11.837,23.6146,78.6065666667,49.0777666667,31.5283,18.0932333333,11.0337666667,6.86903333333
536.0,10.8960666667,23.4465333333,18.5250333333,17.172,22.3649,44.0060666667,17.2105333333,12.821,11.4716,8.03403333333,44.3181666667,31.3368666667,8.53253333333,32.8781666667,8.91043333333,52.6781333333,11.8039,23.2295,78.6562,49.0871333333,31.5191,18.0839666667,11.0169666667,6.85713333333
537.0,10.8973666667,23.3881,18.4405333333,17.1739333333,22.3332666667,43.7914,17.3238333333,12.7412333333,11.4863666667,8.02486666667,44.4203,31.9283,8.47316666667,32.7471666667,8.9126,53.0983333333,11.7808333333,22.8691,78.6913666667,49.0893666667,31.5148666667,18.0758333333,11.0010666667,6.8447
538.0,10.9062333333,23.3551666667,18.3607,17.1581333333,22.2991666667,43.5736333333,17.4425,12.6731,11.5076333333,8.02066666667,44.5009666667,32.49,8.4191,32.5898,8.9149,53.4899,11.7753333333,22.5096,78.7319666667,49.0972666667,31.5103666667,18.0688333333,10.9913,6.83406666667
539.0,10.9243,23.3405333333,18.2841333333,17.1274333333,22.2618666667,43.3465666667,17.5665,12.6109,11.5307,8.0165,44.5565333333,33.0452666667,8.36733333333,32.4073333333,8.91053333333,53.8809,11.7868666667,22.1388666667,78.7824333333,49.1111333333,31.5027666667,18.0625666667,10.9878333333,6.82546666667
540.0,10.9367,23.3535333333,18.2015333333,17.0820666667,22.1876,43.0854333333,17.6671,12.5226666667,11.5372,8.00396666667,44.6082333333,33.6090333333,8.30383333333,32.1615,8.89083333333,54.2900333333,11.7854,21.7305333333,78.8034333333,49.0799666667,31.4837333333,18.0515666667,10.9671,6.81156666667
541.0,10.9372666667,23.3692666667,18.1213333333,17.0192333333,22.0859333333,42.8265666667,17.765,12.4253,11.5249,7.99186666667,44.6646666667,34.1262666667,8.23796666667,31.9024666667,8.85233333333,54.6564666667,11.7771666667,21.3336,78.8374,49.0727666667,31.4719666667,18.0411333333,10.9496,6.7998
542.0,10.9268666667,23.3822333333,18.0454,16.9412666667,21.9630666667,42.5805333333,17.8609333333,12.3252333333,11.4969,7.9808,44.7204333333,34.5821,8.1726,31.6461333333,8.80073333333,54.9710666667,11.7639333333,20.961,78.8899333333,49.0958333333,31.4697333333,18.0326333333,10.9395666667,6.79093333333
543.0,10.9160333333,23.4030666667,17.9717,16.8578666667,21.8305333333,42.3445,17.9260666667,12.2257666667,11.4653666667,7.96066666667,44.7390666667,34.9784,8.10663333333,31.3900333333,8.76063333333,55.2714666667,11.7443333333,20.6027333333,78.9317,49.0856666667,31.4608,18.0239666667,10.9288,6.77996666667
544.0,10.9064666667,23.4488333333,17.8918,16.7567666667,21.6701333333,42.0922333333,18.0061333333,12.1306333333,11.4382666667,7.94436666667,44.7446333333,35.3516666667,8.04416666667,31.0992333333,8.7165,55.5472666667,11.7307666667,20.2362333333,78.9666,49.0820666667,31.4519666667,18.0147,10.9157,6.7666
545.0,10.8991333333,23.5169,17.8078666667,16.6405666667,21.4869333333,41.8272333333,18.1075666667,12.041,11.4172,7.93273333333,44.7411,35.7049666667,7.98693333333,30.7780333333,8.66673333333,55.8010666667,11.7289,19.8668333333,78.9998,49.0889666667,31.4456333333,18.0061,10.9015666667,6.75153333333
546.0,10.8929333333,23.5823666667,17.7338666667,16.5280666667,21.3120666667,41.5845666667,18.2116666667,11.9563666667,11.3975333333,7.91823333333,44.7264666667,36.0201666667,7.9362,30.4723,8.61546666667,56.0480333333,11.7447333333,19.5301333333,79.0480333333,49.0927666667,31.4464333333,18.0030666667,10.8924333333,6.73776666667
547.0,10.8937333333,23.6519333333,17.6581666667,16.4067666667,21.1302666667,41.3376,18.3318333333,11.8727,11.3813,7.90893333333,44.7035333333,36.3184,7.88696666667,30.1538666667,8.5732,56.2762333333,11.7646333333,19.1972666667,79.0883333333,49.0908333333,31.4387666667,17.9951,10.8819333333,6.72616666667
548.0,10.9020333333,23.7244,17.5769,16.2748,20.9347,41.0798,18.4711,11.7900666667,11.3698,7.90313333333,44.6722666667,36.6068333333,7.83703333333,29.8166666667,8.5387,56.494,11.7843333333,18.8598333333,79.1251,49.0869666667,31.4264666667,17.9847333333,10.8697,6.71536666667
549.0,10.9186666667,23.7976333333,17.4830666667,16.1292666667,20.7106666667,40.8005666667,18.6355,11.7091,11.3660333333,7.89526666667,44.632,36.8984666667,7.7814,29.4494,8.50753333333,56.7253,11.7975333333,18.5026,79.1743333333,49.0908333333,31.4216333333,17.9807666667,10.856,6.70146666667
550.0,10.9287333333,23.8593,17.3910666667,15.9854333333,20.4876333333,40.5263666667,18.8016333333,11.6331333333,11.3649666667,7.88543333333,44.5774,37.1567,7.736,29.0912,8.46736666667,56.9260666667,11.8081666667,18.1627333333,79.2166333333,49.0948666667,31.4152,17.9756,10.8447,6.6903
551.0,10.9397666667,23.9008666667,17.296,15.8352333333,20.2553333333,40.2459333333,18.9848333333,11.5586666667,11.3679333333,7.8736,44.5105333333,37.4024,7.69513333333,28.7278333333,8.4274,57.1156666667,11.8146666667,17.8284333333,79.2488,49.0931333333,31.4054666667,17.9688333333,10.8336666667,6.6804
552.0,10.9631333333,23.9101,17.1899666667,15.6656666667,19.9965,39.9410666667,19.2085666667,11.4811666667,11.3776333333,7.85963333333,44.4333666667,37.6645333333,7.6506,28.3363333333,8.40073333333,57.3215666667,11.8145333333,17.4818,79.2666333333,49.0775666667,31.3904,17.9603,10.8198,6.66956666667
553.0,10.9836333333,23.9136333333,17.0851333333,15.5114666667,19.7553333333,39.6581666667,19.4461333333,11.4032333333,11.3882333333,7.8457,44.3493,37.9027333333,7.6071,27.9641333333,8.3732,57.4981,11.8088,17.1548,79.306,49.0803,31.3825333333,17.9550666667,10.8093333333,6.65896666667
554.0,11.0065,23.9006333333,16.9773333333,15.3587,19.5130666667,39.38,19.6998333333,11.3266,11.3994333333,7.8296,44.2597666667,38.1282666667,7.56493333333,27.5972333333,8.34706666667,57.6611666667,11.7942333333,16.8398333333,79.3471666667,49.0816666667,31.3735666667,17.949,10.7987333333,6.6481
555.0,11.0354666667,23.8631,16.8635,15.1974,19.2565,39.0941666667,19.9721333333,11.2526,11.4111,7.80986666667,44.1656666667,38.3491,7.5243,27.2255666667,8.3239,57.8217666667,11.7682,16.5317,79.3762,49.0677333333,31.3577333333,17.9391333333,10.7855666667,6.63666666667
556.0,11.0664333333,23.8089,16.7400333333,15.0272333333,18.9995666667,38.7883666667,20.2946666667,11.1771,11.4336,7.79763333333,44.0570333333,38.5956,7.48413333333,26.8358,8.3055,57.9911333333,11.7347333333,16.2114,79.4122666667,49.0702333333,31.3519333333,17.9365666667,10.7740333333,6.6249
557.0,11.1029666667,23.7469666667,16.6172333333,14.8613333333,18.7452333333,38.4871,20.6407,11.1021333333,11.4585333333,7.78456666667,43.9411333333,38.8338,7.4462,26.4550666667,8.28843333333,58.1499,11.7000333333,15.9030333333,79.4450333333,49.0719333333,31.345,17.9348666667,10.7637333333,6.61346666667
558.0,11.1464,23.6819333333,16.4997,14.7049333333,18.4938333333,38.1994,20.9984,11.0282666667,11.4809,7.76666666667,43.8211666667,39.0500333333,7.41106666667,26.0940333333,8.27126666667,58.2907666667,11.6663,15.6165333333,79.4692,49.0645666667,31.3313666667,17.9305,10.7539666667,6.60276666667
559.0,11.1936,23.5951666667,16.3714333333,14.5340333333,18.2283,37.8752666667,21.4181333333,10.9502666667,11.5008,7.75,43.6840333333,39.2941666667,7.37486666667,25.7055666667,8.25653333333,58.4452,11.6176333333,15.3192333333,79.4860333333,49.0614,31.3161666667,17.9256666667,10.7408,6.59216666667
560.0,11.2437666667,23.5152333333,16.2473,14.3731333333,17.9752333333,37.5598666667,21.8544666667,10.8822333333,11.5244333333,7.73653333333,43.5479333333,39.5349666667,7.34316666667,25.3319333333,8.2462,58.5910333333,11.5726666667,15.0408333333,79.5086333333,49.0578333333,31.3053666667,17.9205666667,10.7281333333,6.5819
561.0,11.2972,23.4495666667,16.1289333333,14.2235333333,17.7366,37.2558,22.3036333333,10.8248,11.5535,7.72523333333,43.4141333333,39.7702666667,7.3153,24.9759333333,8.24093333333,58.7262333333,11.5361333333,14.7826333333,79.5408,49.0543,31.2995333333,17.9167,10.7176,6.572
562.0,11.3586666667,23.3877,16.0022,14.0578,17.4836666667,36.9138666667,22.8184666667,10.7635333333,11.5876666667,7.70726666667,43.2623333333,40.0314,7.28166666667,24.5935333333,8.2415,58.8693333333,11.5022333333,14.5131333333,79.5814666667,49.0582,31.2927,17.9199333333,10.7110333333,6.56256666667
563.0,11.4221666667,23.3459,15.8879333333,13.9059333333,17.2462,36.5832,23.346,10.7029,11.6214333333,7.69796666667,43.1091,40.2888666667,7.2534,24.2275333333,8.24766666667,59.0034333333,11.4784,14.2654,79.6221666667,49.0592333333,31.2860666667,17.9197666667,10.7025666667,6.5531
564.0,11.4877,23.3265333333,15.7856333333,13.7679,17.0266333333,36.2619666667,23.8871666667,10.6474333333,11.6569666667,7.69503333333,42.9542333333,40.5414,7.229,23.8783666667,8.259,59.1314,11.4660666667,14.0380666667,79.6555,49.0552333333,31.2777,17.9169666667,10.692,6.54363333333
565.0,11.5565666667,23.33,15.6892333333,13.6352,16.8234,35.9333333333,24.4600333333,10.6070333333,11.7005666667,7.6881,42.7914333333,40.7921666667,7.20143333333,23.5368333333,8.27616666667,59.2648,11.4665,13.8209333333,79.6656333333,49.0437333333,31.2624666667,17.9164333333,10.6811666667,6.5349
566.0,11.6373333333,23.3618,15.5871333333,13.5015333333,16.6178333333,35.5759,25.0952666667,10.5643333333,11.7538,7.68786666667,42.6208333333,41.0737333333,7.17663333333,23.1760666667,8.29306666667,59.3962666667,11.4788666667,13.6026666667,79.6861666667,49.0378,31.2485333333,17.9169333333,10.671,6.52536666667
567.0,11.7258,23.4264,15.4871666667,13.3710666667,16.4179333333,35.2059333333,25.7715,10.5239666667,11.8198333333,7.69343333333,42.4454,41.3736333333,7.1535,22.8098,8.31516666667,59.5219,11.5042333333,13.3895,79.7163,49.0359666667,31.2382333333,17.918,10.6623666667,6.51603333333
568.0,11.8116333333,23.5261666667,15.4051333333,13.2521333333,16.2405333333,34.8585333333,26.4396666667,10.4973666667,11.9014,7.70043333333,42.2716666667,41.6615333333,7.12923333333,22.4680333333,8.35216666667,59.6364,11.5418333333,13.1946333333,79.7468666667,49.0326666667,31.2334,17.9191,10.6565333333,6.50883333333
569.0,11.9095,23.6646666667,15.3241666667,13.1350666667,16.0631,34.4802333333,27.1702666667,10.4639333333,12.0034333333,7.7116,42.0796,41.9652666667,7.10526666667,22.1125,8.39286666667,59.7595333333,11.6111,12.9995666667,79.7826666667,49.0358666667,31.2239333333,17.9220333333,10.6471333333,6.49936666667
570.0,12.0118,23.8406333333,15.2470666667,13.0256333333,15.9004333333,34.0960666667,27.9253333333,10.4319,12.1249333333,7.72703333333,41.8819666667,42.2774,7.08396666667,21.7593666667,8.44053333333,59.8826333333,11.7026333333,12.8149,79.8151666667,49.0331,31.2128333333,17.9235,10.6365666667,6.4899
571.0,12.1104,24.0497666667,15.1765666667,12.9288666667,15.7661333333,33.7315,28.6651666667,10.4096666667,12.2635666667,7.74653333333,41.6919666667,42.5894333333,7.06703333333,21.4248,8.49783333333,59.9968,11.8050666667,12.6501666667,79.8364333333,49.0129666667,31.2033333333,17.9204333333,10.6275,6.4829
572.0,12.2208333333,24.3224,15.1076666667,12.8322333333,15.6363333333,33.3287666667,29.4798333333,10.3924333333,12.4453,7.77113333333,41.4758666667,42.9124,7.04863333333,21.0744,8.55613333333,60.1211,11.9384666667,12.4782666667,79.8691,49.0088333333,31.1933666667,17.9255,10.6180333333,6.47463333333
573.0,12.3354666667,24.6348666667,15.0459666667,12.7429333333,15.5226333333,32.9298333333,30.2997333333,10.3798666667,12.6583666667,7.80173333333,41.2597666667,43.2357333333,7.03093333333,20.7325666667,8.6256,60.2441666667,12.0971333333,12.3177,79.8991,49.0055333333,31.1846333333,17.9313,10.6111333333,6.46563333333
574.0,12.4505333333,24.9755666667,14.9931666667,12.6635666667,15.4295666667,32.5517333333,31.0962333333,10.3708666667,12.8989333333,7.83823333333,41.0546333333,43.5558,7.01486666667,20.4083,8.71103333333,60.3606333333,12.2785,12.1757333333,79.9212333333,48.9964,31.1776,17.934,10.6070333333,6.45643333333
575.0,12.5734,25.3871666667,14.9391666667,12.5869,15.3497666667,32.1342,31.9779666667,10.3605333333,13.2091666667,7.8795,40.8215333333,43.8968333333,7.0002,20.0634,8.8091,60.4789666667,12.502,12.0299666667,79.9591666667,48.9982666667,31.1669666667,17.9381,10.5945333333,6.44996666667
576.0,12.7031666667,25.8463,14.8898,12.5127,15.2866,31.7052,32.881,10.3572666667,13.5748,7.92723333333,40.578,44.2457,6.985,19.7171,8.92036666667,60.5981666667,12.7578333333,11.8882666667,79.9947333333,48.993,31.1541,17.9408333333,10.5846333333,6.4425
577.0,12.8352,26.3386333333,14.8467,12.4432,15.2425,31.2802333333,33.7739333333,10.3608,13.9874333333,7.97976666667,40.3314,44.5925,6.96926666667,19.3798666667,9.04343333333,60.7147333333,13.0400333333,11.7556666667,80.0218,48.9779333333,31.1403333333,17.9419666667,10.5786,6.4333
578.0,12.9560333333,26.8431333333,14.8097666667,12.3864666667,15.2223666667,30.8818,34.6219,10.3626,14.4289333333,8.02976666667,40.0891666667,44.9201333333,6.9555,19.0665333333,9.1719,60.8175333333,13.3376666667,11.6414333333,80.0386666667,48.9614333333,31.1294333333,17.9437666667,10.5697333333,6.42413333333
579.0,13.0835666667,27.4051333333,14.7753,12.3296,15.2180666667,30.4572333333,35.5163,10.3616333333,14.9616,8.0925,39.8297333333,45.2647666667,6.94246666667,18.7387333333,9.33076666667,60.928,13.6861333333,11.5243333333,80.0656666667,48.9530333333,31.1115333333,17.9433666667,10.5591666667,6.4154
580.0,13.2142,28.0070333333,14.7442333333,12.2739333333,15.2283666667,30.0218,36.4245,10.3613,15.5652666667,8.16246666667,39.5600666667,45.6116666667,6.9306,18.4077666667,9.5135,61.0415666667,14.0760333333,11.4101333333,80.0973,48.9472666667,31.0925333333,17.9424666667,10.5482666667,6.40786666667
581.0,13.3379666667,28.6043333333,14.7188,12.2245333333,15.2504333333,29.6140666667,37.2694666667,10.3677,16.1829666667,8.2261,39.2984333333,45.9277,6.9207,18.1014666667,9.70016666667,61.1461,14.4772333333,11.3122,80.1192,48.9321666667,31.0841666667,17.9446,10.5390333333,6.40233333333
582.0,13.4697333333,29.2690666667,14.6952333333,12.1754,15.2911666667,29.1715666667,38.1741,10.3757,16.9055333333,8.3028,39.0084333333,46.2636,6.9087,17.7796333333,9.92233333333,61.2487,14.9468666667,11.2145666667,80.1513,48.9188666667,31.0770666667,17.9458,10.5290333333,6.39673333333
583.0,13.5992,29.9562666667,14.673,12.1295333333,15.3492666667,28.7254333333,39.0806333333,10.3878333333,17.6868666667,8.38566666667,38.7123,46.6019333333,6.8964,17.4601,10.1703666667,61.3451333333,15.4512333333,11.1175666667,80.1820333333,48.9063666667,31.0667666667,17.9447666667,10.5194333333,6.39013333333
584.0,13.7165666667,30.6191,14.6512333333,12.0898333333,15.4213,28.3074,39.9301,10.4062666667,18.4754,8.46713333333,38.4323666667,46.9245666667,6.8859,17.1604,10.4323,61.4321,15.9538,11.0219666667,80.1998666667,48.8931,31.0493,17.9406,10.5114,6.38173333333
585.0,13.8417,31.3397666667,14.6329333333,12.0499666667,15.4997,27.8585666667,40.7893666667,10.4211333333,19.3540666667,8.5597,38.1075333333,47.247,6.8772,16.8455333333,10.7408,61.5324666667,16.5346333333,10.9378,80.2188666667,48.8731333333,31.0282,17.9344333333,10.5023666667,6.37476666667
586.0,13.9657666667,32.0799666667,14.6163,12.0090666667,15.5836333333,27.3967666667,41.6497333333,10.4319666667,20.303,8.6585,37.7664666667,47.5661666667,6.86553333333,16.5272,11.0862333333,61.6325333333,17.1629666667,10.8519333333,80.2392,48.8571333333,31.0090666667,17.9308,10.4923,6.36806666667
587.0,14.0820666667,32.8104,14.6004,11.9676,15.673,26.9380333333,42.4935,10.4391333333,21.2957333333,8.75926666667,37.4270666667,47.8767666667,6.84946666667,16.2151333333,11.4602333333,61.7236,17.8144666667,10.7597,80.2602,48.8482666667,30.9942333333,17.9304666667,10.4815333333,6.3609
588.0,14.1803666667,33.4919666667,14.5868,11.9315,15.7723333333,26.5171,43.2415,10.4481666667,22.2474,8.85463333333,37.0958,48.1559666667,6.83823333333,15.9291,11.8447666667,61.8003666667,18.4536,10.6807,80.2737666667,48.8269,30.9752,17.9216,10.472,6.35276666667
589.0,14.2803333333,34.1931666667,14.5701666667,11.8973666667,15.88,26.0869666667,43.9827,10.4614666667,23.2648333333,8.95783333333,36.7504666667,48.4392,6.8274,15.6377666667,12.2836666667,61.8825666667,19.1488333333,10.6022,80.2995333333,48.8125666667,30.9587666667,17.9164333333,10.4632666667,6.34453333333
590.0,14.3830333333,34.9172333333,14.5504333333,11.8626,15.9966,25.6417333333,44.7249666667,10.4776666667,24.3553666667,9.07,36.3881666667,48.7257,6.81696666667,15.3399,12.7839666667,61.9716333333,19.9078,10.5225,80.3348666667,48.8041,30.9444333333,17.9139333333,10.4543666667,6.3368
591.0,14.4779666667,35.6260666667,14.5326666667,11.8218333333,16.1233,25.1958333333,45.4346666667,10.4898,25.4622666667,9.18433333333,36.0171666667,48.9873,6.8099,15.0525333333,13.3279,62.0570333333,20.6984666667,10.4444666667,80.357,48.7838333333,30.9262,17.9014666667,10.4419333333,6.33083333333
592.0,14.5581666667,36.2748333333,14.5115333333,11.7842333333,16.2552666667,24.7796,46.0696,10.4980666667,26.5227666667,9.29423333333,35.665,49.2346,6.801,14.7892,13.8703666667,62.1324,21.4664,10.3714666667,80.3713666667,48.7606333333,30.9040333333,17.8927,10.4307666667,6.32283333333
593.0,14.6317666667,36.8983333333,14.4851,11.7491333333,16.3979333333,24.3746333333,46.6626666667,10.5057,27.5908,9.40363333333,35.3150666667,49.4758,6.7902,14.5354333333,14.4501333333,62.2013666667,22.2526666667,10.2979333333,80.3820333333,48.7389666667,30.8822,17.8844666667,10.4197333333,6.31453333333
594.0,14.7097,37.5440666667,14.4503,11.7150333333,16.5598,23.9552,47.2567333333,10.5171,28.7444666667,9.5184,34.9432333333,49.7208,6.77746666667,14.2720333333,15.1265333333,62.2685,23.1183666667,10.2158,80.3937,48.7240666667,30.8667,17.8713666667,10.4068333333,6.30843333333
595.0,14.7719,38.1309,14.4202333333,11.6779666667,16.7334333333,23.5726,47.7668666667,10.5226333333,29.8105333333,9.63123333333,34.5900333333,49.9363666667,6.76593333333,14.0326666667,15.7911333333,62.3300666667,23.9464,10.1451333333,80.398,48.7055,30.8417666667,17.8611333333,10.3962333333,6.3026
596.0,14.8251666667,38.6969333333,14.387,11.6389,16.9262666667,23.1985,48.2413,10.5284666667,30.8779333333,9.74536666667,34.2388,50.1447333333,6.75583333333,13.8032666667,16.4992666667,62.3931,24.7993666667,10.0764666667,80.4033,48.6840666667,30.8153333333,17.8497,10.3853,6.2963
597.0,14.8739666667,39.2677666667,14.3449333333,11.5987333333,17.1458333333,22.8139,48.7115333333,10.5389666667,32.0088,9.8628,33.8784,50.3607333333,6.74746666667,13.5747333333,17.2938,62.4626,25.7236333333,10.0032666667,80.4162333333,48.6601666667,30.7931333333,17.8345333333,10.3721333333,6.2889
598.0,14.9207,39.8182333333,14.3040333333,11.5626666667,17.3960333333,22.4528666667,49.1426666667,10.5483,33.1212333333,9.9756,33.5287,50.5632333333,6.73983333333,13.3583333333,18.1293666667,62.5321666667,26.6675333333,9.93396666667,80.4411,48.6404,30.7742333333,17.8245666667,10.3605666667,6.28293333333
599.0,14.9589,40.3408,14.2602,11.5261,17.6646666667,22.1032666667,49.5212666667,10.5518666667,34.2069,10.0854666667,33.1812333333,50.7397666667,6.7298,13.1506666667,19.0011333333,62.5879666667,27.6195666667,9.8654,80.4552666667,48.6187666667,30.7507666667,17.8126333333,10.3490666667,6.2755
600.0,14.9885333333,40.8269666667,14.2129666667,11.489,17.9478,21.7700666667,49.8460333333,10.5510666667,35.2485,10.1904333333,32.8445666667,50.8944333333,6.7187,12.9552333333,19.8938666667,62.6330666667,28.5643333333,9.7986,80.4586,48.5963333333,30.7234333333,17.7976,10.3379333333,6.26673333333
601.0,15.0155,41.2587,14.1639666667,11.4553,18.2446666667,21.4785333333,50.1282333333,10.5553666667,36.2061,10.2832,32.5521,51.0531666667,6.71416666667,12.7853666667,20.7653,62.6912333333,29.4673333333,9.73913333333,80.4752333333,48.5831666667,30.7030333333,17.7833,10.3289333333,6.2593
602.0,15.0412,41.6992,14.1150666667,11.4209333333,18.5729,21.189,50.3965,10.5599,37.1859333333,10.3767,32.2538,51.2086,6.70786666667,12.6183333333,21.7163,62.7481333333,30.4258666667,9.6796,80.4784,48.5573666667,30.6790666667,17.7662,10.3165,6.2525
603.0,15.063,42.1342333333,14.0640333333,11.3857666667,18.9300666667,20.9010666667,50.6452666667,10.5602666667,38.1704666667,10.4692333333,31.9531,51.3562666667,6.7003,12.4553333333,22.7330333333,62.8036,31.4297333333,9.6194,80.4744333333,48.5254333333,30.6509666667,17.7468333333,10.3021,6.247
604.0,15.0761666667,42.5275333333,14.0063666667,11.3503333333,19.3062333333,20.6212333333,50.8604666667,10.5496333333,39.1099,10.5557,31.665,51.4901333333,6.69373333333,12.3026666667,23.7682666667,62.8598333333,32.4400666667,9.55873333333,80.4796,48.5030333333,30.6203333333,17.7267333333,10.2893,6.2438
605.0,15.0905666667,42.8913333333,13.9565666667,11.3203,19.6796,20.3791666667,51.0440666667,10.5483,39.9598,10.6256333333,31.4098,51.6089,6.68743333333,12.1676,24.7643666667,62.9091333333,33.3833666667,9.50763333333,80.4782666667,48.4801666667,30.5916666667,17.7064333333,10.2749333333,6.23863333333
606.0,15.1042666667,43.2399666667,13.906,11.2916666667,20.066,20.1517,51.2041666667,10.5446,40.7734333333,10.6853333333,31.1679,51.7183666667,6.6815,12.0403333333,25.7826333333,62.9568,34.3290333333,9.4584,80.4779,48.4572666667,30.5638666667,17.6866,10.2607333333,6.23336666667
607.0,15.1160333333,43.5828333333,13.8489333333,11.2618666667,20.4770666667,19.9237,51.3458333333,10.5305666667,41.5863,10.7388,30.9264,51.8229666667,6.6761,11.9145,26.8682,63.0066666667,35.3262666667,9.40586666667,80.4837333333,48.4343333333,30.536,17.6677333333,10.2480666667,6.22913333333
608.0,15.1287,43.9067666667,13.7970666667,11.2366,20.8909,19.719,51.4796666667,10.5242333333,42.3550666667,10.7869666667,30.7043666667,51.9339666667,6.6695,11.7988333333,27.9602666667,63.0589666667,36.3057333333,9.36123333333,80.4851666667,48.4092,30.5047,17.6484,10.2359,6.2212
609.0,15.1442666667,44.2134666667,13.7457333333,11.2145,21.3016666667,19.5267,51.5970333333,10.5153,43.0780666667,10.8209,30.4980666667,52.0377666667,6.6632,11.6933666667,29.0509,63.1078,37.2714333333,9.31866666667,80.4912333333,48.3835333333,30.4777,17.6297666667,10.2233333333,6.21373333333
610.0,15.1624,44.5045,13.6941666667,11.1950666667,21.7035666667,19.3448333333,51.6979333333,10.5029666667,43.7569,10.8408666667,30.3065666667,52.1322,6.6576,11.5966333333,30.1394666667,63.1547,38.2243333333,9.27766666667,80.5025666667,48.3579666667,30.4545,17.6118,10.2105333333,6.20793333333
611.0,15.1798666667,44.7839,13.6433666667,11.1769,22.0909,19.1762333333,51.7908333333,10.4946333333,44.4039,10.8571333333,30.1293333333,52.2250333333,6.65156666667,11.5041,31.2451666667,63.2115,39.1737666667,9.24226666667,80.5127,48.3328666667,30.4251333333,17.5933333333,10.1991666667,6.20303333333
612.0,15.2024666667,45.0389666667,13.5985666667,11.1656333333,22.4453666667,19.0292333333,51.8667333333,10.4849333333,44.9742666667,10.8605333333,29.9721666667,52.3061333333,6.64813333333,11.4235,32.2702666667,63.2589333333,40.0505666667,9.21176666667,80.5181,48.3100333333,30.3996666667,17.5755,10.1876666667,6.19733333333
613.0,15.2297,45.2826333333,13.5565666667,11.1585666667,22.7803333333,18.8950333333,51.9318333333,10.4737666667,45.4994333333,10.8554,29.8264,52.3783666667,6.6462,11.3498333333,33.2684333333,63.3030666667,40.8991333333,9.1841,80.5230666667,48.2864,30.3734666667,17.5568,10.1753333333,6.1909
614.0,15.2610333333,45.5317666667,13.5130333333,11.1521,23.1127333333,18.7629666667,51.9936666667,10.4614333333,46.0187333333,10.8473666667,29.6815333333,52.4452,6.64386666667,11.2769333333,34.3142,63.3526,41.7791666667,9.15703333333,80.5337,48.2576333333,30.3399,17.5352,10.1610666667,6.18406666667
615.0,15.2976666667,45.7648666667,13.4724666667,11.1503333333,23.4246333333,18.6400666667,52.049,10.4506333333,46.505,10.8314333333,29.55,52.5140333333,6.64153333333,11.2095666667,35.3399333333,63.4067666667,42.6356,9.12963333333,80.5419,48.2300333333,30.3091,17.5133333333,10.1505333333,6.1772
616.0,15.3382666667,45.9908666667,13.4333,11.1516666667,23.7095,18.5250333333,52.0969333333,10.4405,46.9537333333,10.808,29.4306,52.5788666667,6.63906666667,11.1477,36.3356333333,63.4583333333,43.4603,9.1058,80.5527333333,48.2058,30.2808333333,17.4923,10.1399,6.17143333333
617.0,15.3824,46.214,13.3952,11.1556666667,23.9654666667,18.4174666667,52.138,10.4309,47.3644,10.7788666667,29.3213333333,52.6367,6.637,11.0911,37.2947,63.5051333333,44.2500333333,9.08636666667,80.5679333333,48.1846,30.2541666667,17.4725,10.1274666667,6.1671
618.0,15.4322666667,46.4298666667,13.3605666667,11.1640666667,24.2066,18.3192,52.1796666667,10.4252666667,47.7531666667,10.752,29.2133,52.6898333333,6.6393,11.0372,38.2252333333,63.5605333333,45.0216,9.0638,80.5800333333,48.1573,30.2239,17.4521666667,10.1162,6.1629
619.0,15.4853333333,46.6262333333,13.3279666667,11.1767,24.4235333333,18.2331333333,52.2113666667,10.4221666667,48.0911,10.7263666667,29.1224333333,52.7439333333,6.64006666667,10.9904333333,39.0729666667,63.6187666667,45.7296,9.0451,80.5812333333,48.1288,30.1933666667,17.4291333333,10.1027666667,6.15776666667
620.0,15.5421,46.8107666667,13.298,11.1927666667,24.6230666667,18.1546666667,52.2373,10.4206666667,48.3918333333,10.7021666667,29.0450666667,52.7981666667,6.63976666667,10.9485666667,39.8665,63.6773333333,46.3956,9.0301,80.5808666667,48.1016333333,30.1635333333,17.4056333333,10.0885666667,6.15213333333
621.0,15.6048333333,47.0031333333,13.2735333333,11.2113333333,24.8198,18.0735666667,52.2702333333,10.4197666667,48.6904,10.6796333333,28.9696333333,52.8473666667,6.64103333333,10.9058,40.6845,63.7321666667,47.0782333333,9.01673333333,80.6037333333,48.0804,30.1360333333,17.3881333333,10.0780333333,6.1477
622.0,15.6748666667,47.1942333333,13.2492,11.2331666667,25.0122,17.9986,52.2959,10.4229,48.9631,10.6654333333,28.8986666667,52.8983333333,6.64406666667,10.8671666667,41.4497333333,63.7917333333,47.7386666667,9.00336666667,80.6161666667,48.0529,30.1037,17.3643333333,10.0667,6.1417
623.0,15.7527333333,47.3859333333,13.2262,11.2590333333,25.1991666667,17.9296333333,52.3194666667,10.4292,49.2139666667,10.6568666667,28.8332,52.9476333333,6.64726666667,10.8308666667,42.165,63.8543666667,48.3782333333,8.98993333333,80.6307,48.0258666667,30.0729,17.3413,10.0554,6.136
624.0,15.8385333333,47.5799333333,13.2064333333,11.2894333333,25.3803666667,17.8660333333,52.3467333333,10.4380333333,49.4476,10.6513333333,28.7744333333,52.9922666667,6.64933333333,10.7949333333,42.8383333333,63.9185333333,49.0001,8.9765,80.6602,48.0058333333,30.0492333333,17.3260666667,10.0451,6.13253333333
625.0,15.9290333333,47.7634333333,13.1952,11.3237333333,25.5701333333,17.8060333333,52.3718666667,10.4560333333,49.6531333333,10.6559333333,28.7258333333,53.0457,6.65616666667,10.7619333333,43.4779,63.992,49.5987333333,8.9628,80.6751,47.9791,30.0164,17.3060333333,10.0334,6.12783333333
626.0,16.022,47.9455666667,13.1861,11.3590666667,25.7621,17.7498,52.3918333333,10.4755666667,49.8431666667,10.6713333333,28.6796333333,53.0925333333,6.66323333333,10.7305666667,44.0743,64.0661666667,50.1837,8.9512,80.6923,47.9536333333,29.9877,17.2861666667,10.0207666667,6.12276666667
627.0,16.1181,48.1271666667,13.1773666667,11.3958,25.9535,17.6958333333,52.4073333333,10.4976333333,50.0191,10.6974,28.6339333333,53.1316666667,6.6697,10.7005666667,44.6263333333,64.1382333333,50.7558333333,8.94153333333,80.7137333333,47.9310666667,29.9629333333,17.2666333333,10.0077333333,6.11793333333
628.0,16.2217333333,48.3004333333,13.1697333333,11.4376666667,26.1402,17.6388333333,52.4238,10.5326666667,50.1720333333,10.7317666667,28.5909333333,53.1750666667,6.67786666667,10.6723333333,45.1402,64.209,51.3067666667,8.9309,80.7291333333,47.9092666667,29.9281666667,17.2430666667,9.99566666667,6.11453333333
629.0,16.3320333333,48.4847333333,13.1697,11.4831,26.348,17.5914333333,52.4375333333,10.5689333333,50.3144666667,10.7776666667,28.5524666667,53.2162,6.6864,10.6449333333,45.6123,64.2761333333,51.8548666667,8.92036666667,80.7505333333,47.8817,29.8954,17.2228666667,9.98443333333,6.10946666667
630.0,16.4438,48.6716666667,13.1742666667,11.5305333333,26.561,17.5492666667,52.4514333333,10.6085333333,50.4435666667,10.8340666667,28.5171,53.2566,6.69476666667,10.6187333333,46.0354,64.3429666667,52.3785666667,8.91033333333,80.7724666667,47.8546666667,29.8653,17.2039666667,9.97333333333,6.1047
631.0,16.5523,48.8518333333,13.1798,11.5784333333,26.7626666667,17.507,52.4679666667,10.6542333333,50.5566333333,10.8992666667,28.4833333333,53.2983,6.70256666667,10.5940333333,46.4062,64.4132,52.8587,8.90103333333,80.7891333333,47.8345333333,29.8375333333,17.1839333333,9.9617,6.10213333333
632.0,16.667,49.0212666667,13.1855666667,11.6225666667,26.9781666667,17.4587333333,52.4722,10.7068666667,50.6611333333,10.9739,28.4499333333,53.3415666667,6.71473333333,10.5685666667,46.7759666667,64.4958333333,53.3699666667,8.89423333333,80.817,47.8128,29.8067666667,17.1647666667,9.95123333333,6.0978
633.0,16.7857666667,49.1964666667,13.1966333333,11.6702,27.2011666667,17.4096,52.4666666667,10.7622333333,50.7530666667,11.0604333333,28.4120666667,53.3775,6.72923333333,10.5428333333,47.1202,64.5755,53.8797,8.88513333333,80.8379666667,47.7903,29.7762666667,17.1437333333,9.9381,6.09283333333
634.0,16.9069333333,49.3851666667,13.2145,11.7243,27.4296333333,17.3629333333,52.4561,10.8198666667,50.8334,11.1597333333,28.3694,53.4042,6.74473333333,10.5175333333,47.4288333333,64.6464666667,54.3719666667,8.87256666667,80.8456333333,47.7664333333,29.7474666667,17.1199666667,9.92196666667,6.08816666667
635.0,17.0285333333,49.5733666667,13.2298666667,11.7768333333,27.6734,17.3190666667,52.4581333333,10.8937,50.9198,11.2693666667,28.3389333333,53.439,6.7595,10.4946333333,47.7193666667,64.7304666667,54.8612,8.8657,80.8658666667,47.7357,29.7178666667,17.0966,9.91416666667,6.08573333333
636.0,17.1506333333,49.7597,13.2493333333,11.8290666667,27.9184333333,17.2751,52.4608666667,10.9692,50.995,11.3889666667,28.3086666667,53.4878333333,6.7775,10.4715333333,47.9897333333,64.8070333333,55.3476,8.86163333333,80.885,47.7127666667,29.6849,17.0777,9.90313333333,6.08306666667
637.0,17.2745333333,49.9474,13.2727333333,11.8812333333,28.1635,17.2298,52.4642333333,11.0478,51.0579333333,11.5189333333,28.2761666667,53.5429333333,6.79696666667,10.448,48.2362333333,64.8744333333,55.8265333333,8.85823333333,80.9071,47.6949666667,29.6526666667,17.0622,9.8906,6.07953333333
638.0,17.4026,50.1430666667,13.2981,11.9335666667,28.4106666667,17.1821666667,52.4716666667,11.1359333333,51.1117,11.6602,28.2406333333,53.5893666667,6.81413333333,10.4245333333,48.4528333333,64.9355,56.2900333333,8.85273333333,80.9423333333,47.6739333333,29.6284,17.0471666667,9.88243333333,6.07506666667
639.0,17.5297333333,50.3434666667,13.3253,11.9824,28.6667,17.1341333333,52.4775333333,11.2215333333,51.1713666667,11.8095,28.2069333333,53.6457666667,6.8288,10.3987,48.6634333333,64.9995333333,56.7392,8.84496666667,80.9630666667,47.6367,29.5975333333,17.0316666667,9.8709,6.0687
640.0,17.6542666667,50.5413,13.3549,12.0319333333,28.9261,17.0864,52.4771666667,11.3098333333,51.2246666667,11.9689333333,28.1719333333,53.7038666667,6.8456,10.3737666667,48.8555333333,65.0629333333,57.1827666667,8.84066666667,80.9881666667,47.607,29.5712666667,17.0175,9.86203333333,6.0632
641.0,17.7752666667,50.7335333333,13.3879,12.0837,29.1862333333,17.0392666667,52.4682,11.4035,51.2652666667,12.1398,28.1341333333,53.7570333333,6.8667,10.3507,49.0248666667,65.1249666667,57.6254333333,8.8419,81.0237,47.5934666667,29.5527333333,17.0044,9.8573,6.05973333333
642.0,17.8936333333,50.9279333333,13.4277,12.1322333333,29.4530666667,16.9926,52.4527333333,11.4996666667,51.2974666667,12.3220666667,28.0934666667,53.7941666667,6.8894,10.3242,49.1894666667,65.1934666667,58.0645666667,8.84183333333,81.0398,47.5649666667,29.5208666667,16.9842666667,9.84416666667,6.05496666667
643.0,18.0105666667,51.1236333333,13.4703,12.1781333333,29.7102,16.9465333333,52.443,11.6030666667,51.3303666667,12.5130333333,28.0577,53.8364666667,6.9116,10.2991666667,49.3380333333,65.2657333333,58.4895,8.8391,81.0571,47.5375666667,29.4908333333,16.9643666667,9.83133333333,6.04973333333
644.0,18.1255,51.3253333333,13.5155,12.2232333333,29.9638333333,16.9014666667,52.4377333333,11.7151333333,51.3647,12.7148,28.0251666667,53.8834333333,6.9343,10.2758666667,49.4715,65.3334666667,58.8996333333,8.83683333333,81.0809,47.5158,29.465,16.9465333333,9.82033333333,6.0447
645.0,18.2367666667,51.5406333333,13.5638333333,12.2704666667,30.2288333333,16.858,52.4308333333,11.8371333333,51.3987666667,12.9318,27.9909666667,53.9278333333,6.96006666667,10.2531,49.5941,65.3833333333,59.2976666667,8.84086666667,81.1145,47.5034,29.4432,16.9314666667,9.81133333333,6.0408
646.0,18.3513,51.7535,13.6144,12.3127333333,30.4949,16.8202666667,52.4238666667,11.9595666667,51.4261666667,13.1592,27.9601,53.9693,6.98566666667,10.2329666667,49.7052666667,65.4473333333,59.6966333333,8.84363333333,81.1274333333,47.4787666667,29.4156333333,16.9145666667,9.8017,6.03576666667
647.0,18.4626666667,51.9635666667,13.6642,12.3523333333,30.7551333333,16.7838666667,52.4180666667,12.0875,51.4454333333,13.3972666667,27.9339666667,54.0078,7.01466666667,10.2145666667,49.8127,65.5162,60.0894,8.84826666667,81.1409333333,47.4509333333,29.3852333333,16.8964,9.79203333333,6.03146666667
648.0,18.5684,52.1733333333,13.7129333333,12.3908,31.0085,16.7479333333,52.4143,12.2236,51.4573333333,13.6456333333,27.9141,54.0444,7.0477,10.1974,49.9183666667,65.5830333333,60.4712666667,8.85543333333,81.1656333333,47.4260666667,29.3546333333,16.8780666667,9.7826,6.02843333333
649.0,18.6777333333,52.3992333333,13.7698666667,12.4308,31.2750333333,16.7226,52.4112,12.3648333333,51.4696666667,13.9031333333,27.9042666667,54.0836333333,7.07716666667,10.1810666667,50.0081666667,65.6407333333,60.8404333333,8.85916666667,81.1893333333,47.4081666667,29.3280333333,16.8635333333,9.77256666667,6.02316666667
650.0,18.7791666667,52.6285333333,13.8251666667,12.4669333333,31.5283333333,16.7009666667,52.4216,12.5128,51.4902333333,14.1690666667,27.8980666667,54.1346,7.10846666667,10.1676666667,50.0868,65.6888666667,61.1968666667,8.86536666667,81.2165666667,47.3887666667,29.3041666667,16.8486666667,9.7621,6.0197
651.0,18.8753,52.8565333333,13.879,12.4993333333,31.7704666667,16.6821,52.4377666667,12.6663333333,51.5109666667,14.4422,27.8953666667,54.1864666667,7.14306666667,10.1575666667,50.1616,65.7376666667,61.5416,8.87446666667,81.2411,47.3662666667,29.2794333333,16.8322333333,9.75193333333,6.01693333333
652.0,18.9733,53.0787333333,13.9344666667,12.5294666667,32.0123666667,16.6665333333,52.4430333333,12.8228333333,51.5158,14.7203,27.8977333333,54.2187,7.1818,10.1507666667,50.2437,65.8043666667,61.8758,8.8852,81.2516666667,47.3406666667,29.2483666667,16.8137666667,9.74326666667,6.01193333333
653.0,19.0697666667,53.3298333333,13.9943666667,12.5620666667,32.2673333333,16.6595666667,52.4703333333,13.0021666667,51.5271333333,15.0270666667,27.9166333333,54.2643,7.22203333333,10.1449,50.3137,65.8638666667,62.2214666667,8.89476666667,81.264,47.3131666667,29.2161,16.7951333333,9.73253333333,6.008
654.0,19.1625333333,53.5797333333,14.0565,12.5919,32.5043333333,16.6584333333,52.5059,13.1803666667,51.5358333333,15.3313333333,27.9433666667,54.3098,7.2646,10.1412,50.3754333333,65.9129333333,62.5438,8.90523333333,81.2763666667,47.2875333333,29.1875333333,16.7777333333,9.72136666667,6.0046
655.0,19.2481333333,53.8171,14.1184333333,12.6168666667,32.7159666667,16.6622333333,52.5431333333,13.3529666667,51.5400666667,15.6247,27.9745666667,54.3502,7.30913333333,10.1407,50.4305666667,65.9544666667,62.8347,8.9178,81.2873333333,47.2645333333,29.1623333333,16.7614,9.7108,6.00113333333
656.0,19.3190333333,54.0494,14.1769666667,12.6371333333,32.9198333333,16.6726,52.5831666667,13.5401333333,51.546,15.9254,28.0138,54.3892,7.35436666667,10.1447,50.4759666667,65.9992666667,63.1137333333,8.9332,81.2954666667,47.2415666667,29.1337666667,16.7441333333,9.70173333333,5.9972
657.0,19.3892666667,54.2964,14.2353333333,12.6542666667,33.111,16.6906666667,52.6292333333,13.7271333333,51.5535333333,16.2267,28.0652333333,54.4287666667,7.40123333333,10.1524333333,50.5197333333,66.0403,63.3794,8.9483,81.2971,47.2142,29.1059,16.7252333333,9.69166666667,5.99263333333
658.0,19.4555333333,54.5529,14.2930666667,12.6689,33.2910666667,16.7155333333,52.6832666667,13.9176666667,51.5545,16.5301666667,28.1278333333,54.466,7.45,10.1627,50.5624333333,66.0774333333,63.6340333333,8.963,81.3052333333,47.1924666667,29.0808666667,16.7091,9.68183333333,5.9885
659.0,19.5134666667,54.8118,14.3494333333,12.6812,33.4613666667,16.7465666667,52.7468333333,14.1162333333,51.5425,16.8372333333,28.2002,54.4986666667,7.50113333333,10.1748,50.6040333333,66.1111666667,63.8795666667,8.97733333333,81.3300666667,47.1844333333,29.06,16.6992,9.6736,5.9858
660.0,19.5659,55.0648666667,14.4042,12.6902,33.6130333333,16.7851,52.8192,14.3235333333,51.5431666667,17.1423666667,28.2811,54.5410333333,7.55616666667,10.1946333333,50.6456666667,66.1435666667,64.1095,8.99296666667,81.3255333333,47.1572,29.0345,16.6814666667,9.66533333333,5.98193333333
661.0,19.612,55.3250666667,14.4565666667,12.6959333333,33.7481,16.8306,52.8979666667,14.5344333333,51.5440333333,17.4473,28.3726666667,54.5808333333,7.6142,10.2159666667,50.6808,66.1745333333,64.3264,9.00833333333,81.316,47.1338,29.0077666667,16.6642666667,9.656,5.97843333333
662.0,19.6496333333,55.5922666667,14.5054,12.698,33.8648333333,16.8823333333,52.9826,14.7495666667,51.5412666667,17.7506,28.4735333333,54.6143333333,7.67506666667,10.2380666667,50.7100666667,66.2033,64.5314333333,9.02266666667,81.3073,47.116,28.9803666667,16.6487666667,9.64553333333,5.97536666667
663.0,19.6731666667,55.8517333333,14.5481,12.6958,33.9567666667,16.9384333333,53.0741666667,14.9745333333,51.5347333333,18.0449666667,28.5761666667,54.6404333333,7.73903333333,10.2651333333,50.7428333333,66.2282333333,64.7248666667,9.03593333333,81.2937666667,47.087,28.9512666667,16.6306333333,9.63506666667,5.97156666667
664.0,19.6904333333,56.1310666667,14.5896333333,12.6877333333,34.0371666667,17.0046333333,53.1767666667,15.2217333333,51.5358666667,18.3627666667,28.7063666667,54.6889666667,7.80943333333,10.2952333333,50.7624333333,66.2480666667,64.9099333333,9.04523333333,81.2823,47.0584,28.9222333333,16.6124333333,9.6262,5.96853333333
665.0,19.6976333333,56.4111333333,14.6256666667,12.6758333333,34.0941333333,17.0760333333,53.2811,15.4721333333,51.5319666667,18.6734333333,28.8421,54.7322333333,7.88276666667,10.3286333333,50.7782333333,66.2609,65.0854333333,9.0539,81.2680666667,47.0361666667,28.8951666667,16.5960333333,9.61783333333,5.96576666667
666.0,19.693,56.6788333333,14.6537666667,12.6613333333,34.1219333333,17.1484666667,53.3824666667,15.7134666667,51.5168,18.9568333333,28.9681333333,54.7534,7.9562,10.3649,50.7986,66.2681666667,65.2501666667,9.06373333333,81.2484333333,47.0206,28.8703,16.5819333333,9.60903333333,5.96256666667
667.0,19.6825666667,56.9531666667,14.6799666667,12.6408666667,34.1341333333,17.2254333333,53.4966333333,15.9652,51.5131666667,19.2417,29.1073666667,54.7850333333,8.0321,10.4027333333,50.8235333333,66.2815333333,65.3980666667,9.06793333333,81.2308333333,46.9914666667,28.8423,16.5661,9.59926666667,5.9586
668.0,19.6580666667,57.2293333333,14.6962333333,12.6156666667,34.124,17.3063333333,53.6120333333,16.2254333333,51.5065333333,19.5236666667,29.2557666667,54.8219,8.11013333333,10.4420666667,50.8377666667,66.2909666667,65.5341666667,9.07203333333,81.2115333333,46.9667333333,28.8164333333,16.5496666667,9.58956666667,5.955
669.0,19.6228666667,57.5083666667,14.7063666667,12.587,34.0919,17.3915,53.7293666667,16.4933333333,51.4963333333,19.8003666667,29.4098666667,54.8595333333,8.19236666667,10.4825333333,50.8481333333,66.2983,65.6640333333,9.07543333333,81.1913333333,46.944,28.7916333333,16.5338,9.58033333333,5.9517
670.0,19.5849,57.7925666667,14.7189,12.5567666667,34.0401,17.4815666667,53.8529666667,16.7669666667,51.4853333333,20.0679333333,29.5642333333,54.8905333333,8.28196666667,10.5237333333,50.8705666667,66.3091,65.7955666667,9.07576666667,81.1722,46.9143,28.7645,16.5202,9.5721,5.94806666667
671.0,19.5298333333,58.0996666667,14.7216,12.5188666667,33.9610666667,17.5784,53.9838666667,17.0697,51.4810333333,20.3510666667,29.7375666667,54.9332,8.3817,10.5739,50.8843333333,66.3245,65.9233,9.07483333333,81.1622,46.8944666667,28.7402333333,16.5024,9.56273333333,5.9457
672.0,19.4679333333,58.4019666667,14.7197666667,12.4777666667,33.8663333333,17.6769333333,54.1159333333,17.373,51.4723,20.6208333333,29.9074333333,54.9680333333,8.4821,10.6249333333,50.8999,66.3409,66.0389333333,9.07206666667,81.1554,46.8760666667,28.7156,16.4864,9.55413333333,5.94283333333
673.0,19.402,58.6906666667,14.7145666667,12.4353333333,33.7600333333,17.7747,54.2446333333,17.6688,51.4568666667,20.8700333333,30.0686,54.9926666667,8.58086666667,10.6735666667,50.9202,66.3578666667,66.1431666667,9.06816666667,81.1473666667,46.8547666667,28.6897333333,16.4731,9.54673333333,5.9392
674.0,19.3242333333,58.9766,14.7011,12.3901666667,33.6343666667,17.8720333333,54.3656666667,17.9727666667,51.4419666667,21.1144333333,30.2362333333,55.0262333333,8.6838,10.7208666667,50.9407,66.3802,66.2469333333,9.06596666667,81.1324666667,46.8295,28.6641333333,16.457,9.53936666667,5.93586666667
675.0,19.2438,59.2702666667,14.6858666667,12.343,33.4968,17.9723333333,54.4872666667,18.2877,51.4328,21.3531666667,30.4085333333,55.0566333333,8.7926,10.7698333333,50.9497,66.3949333333,66.3370666667,9.05833333333,81.1348333333,46.8089333333,28.6411333333,16.4428,9.53183333333,5.93483333333
676.0,19.1555333333,59.5772666667,14.6688666667,12.2924333333,33.3414,18.0766,54.6189666667,18.6243666667,51.4254666667,21.5957,30.5885333333,55.0927333333,8.91103333333,10.8225,50.9594333333,66.4124333333,66.4273,9.0479,81.1367333333,46.788,28.6164666667,16.4272333333,9.5228,5.93363333333
677.0,19.0554,59.9003333333,14.6495,12.2381333333,33.1650666667,18.1847333333,54.7663666667,18.9881666667,51.4157,21.8468666667,30.7769,55.1409,9.0411,10.8796,50.9815,66.4427,66.5292333333,9.0378,81.1226333333,46.7621666667,28.5865333333,16.4075666667,9.5116,5.92996666667
678.0,18.9641333333,60.2203,14.6273666667,12.19,33.0024666667,18.2885333333,54.8961333333,19.3281,51.4036333333,22.0679666667,30.952,55.1750333333,9.1667,10.9332666667,51.0013333333,66.4727333333,66.6171333333,9.02823333333,81.1295,46.7422,28.5609666667,16.3918,9.50616666667,5.9287
679.0,18.8708666667,60.5264333333,14.6044666667,12.1392,32.8354666667,18.3869666667,55.0116333333,19.6756333333,51.3922666667,22.2806333333,31.1221333333,55.2014,9.29453333333,10.9852,51.0143,66.5011666667,66.6903,9.0176,81.1379,46.7219666667,28.5359333333,16.3784666667,9.49866666667,5.92613333333
680.0,18.773,60.8325,14.5797666667,12.085,32.6576,18.4858666667,55.124,20.0434333333,51.3818333333,22.4928,31.2933,55.2270333333,9.4299,11.0378666667,51.0256666667,66.5306666667,66.76,9.0059,81.1429666667,46.7004666667,28.5105,16.3644,9.48903333333,5.92303333333
681.0,18.6690666667,61.1644,14.5510333333,12.029,32.4633,18.5951,55.2514,20.4437666667,51.3722333333,22.7112666667,31.4732,55.2622666667,9.57996666667,11.0947666667,51.0455666667,66.5664666667,66.8455666667,8.99366666667,81.1419,46.6778666667,28.4841666667,16.3447,9.4794,5.922
682.0,18.5755666667,61.4846666667,14.5224666667,11.979,32.2950333333,18.6942,55.3788666667,20.8321666667,51.3719666667,22.9161,31.6471,55.3014,9.72536666667,11.1482666667,51.0655333333,66.6105666667,66.9290666667,8.98373333333,81.1543666667,46.6499666667,28.4532,16.3262,9.4706,5.9197
683.0,18.4893,61.7967333333,14.4948666667,11.9325666667,32.1365333333,18.7907,55.4952333333,21.2223333333,51.3721666667,23.1122,31.8128,55.3330333333,9.87646666667,11.2015,51.0853333333,66.6624666667,67.0141666667,8.9734,81.1605333333,46.6301666667,28.4221666667,16.3083,9.4614,5.91836666667
684.0,18.4092666667,62.1065,14.4674666667,11.8889,31.9836,18.8874666667,55.602,21.6209333333,51.369,23.3011,31.9725333333,55.3577,10.0353333333,11.2547333333,51.1039666667,66.7165333333,67.0989,8.96173333333,81.1626666667,46.6183,28.3937666667,16.2912333333,9.4526,5.9182
685.0,18.3352333333,62.4276666667,14.4382,11.8474333333,31.8386,18.9858666667,55.7151,22.0323,51.3603666667,23.4822666667,32.1342,55.3876,10.1969666667,11.3054,51.1187666667,66.7561333333,67.1748,8.9484,81.187,46.6007666667,28.3716,16.2764,9.44756666667,5.91763333333
686.0,18.2608333333,62.7659666667,14.3988,11.8051,31.6989,19.0889333333,55.8309333333,22.4833666667,51.3446666667,23.6744666667,32.3104333333,55.4282,10.3762666667,11.3623333333,51.1400666667,66.8046666667,67.2456,8.93563333333,81.2107333333,46.5808,28.3516,16.2633666667,9.44183333333,5.9187
687.0,18.1906333333,63.0965666667,14.3568333333,11.7643333333,31.5702333333,19.1879,55.9487333333,22.9408666667,51.3349,23.8601333333,32.4831666667,55.4701666667,10.5607666667,11.4197333333,51.1607,66.8552,67.3166333333,8.92103333333,81.2335333333,46.5573666667,28.3312666667,16.2503,9.43556666667,5.918
688.0,18.1291333333,63.4086666667,14.3152333333,11.7272333333,31.4566333333,19.2797333333,56.0688333333,23.3858,51.3381,24.0288,32.6420666667,55.5088,10.7425333333,11.4733666667,51.1773,66.9005666667,67.3908666667,8.90336666667,81.2558333333,46.5309666667,28.3093333333,16.2368,9.42923333333,5.91373333333
689.0,18.0810333333,63.7533,14.266,11.6945666667,31.3603333333,19.3855,56.1991333333,23.8735,51.3396333333,24.2016333333,32.8115,55.5639666667,10.9408,11.5273,51.2065333333,66.9401,67.4636,8.88526666667,81.2736333333,46.5068666667,28.2884666667,16.2283333333,9.42443333333,5.91103333333
690.0,18.0414666667,64.0703333333,14.2166666667,11.6660333333,31.2864666667,19.4769,56.3118666667,24.3401666667,51.3303333333,24.3620666667,32.9719333333,55.6051333333,11.1343666667,11.5753333333,51.2247666667,66.9767333333,67.5224333333,8.86476666667,81.2947333333,46.4859,28.2665666667,16.2187,9.41786666667,5.90796666667
691.0,18.0098333333,64.3735333333,14.1682333333,11.6409333333,31.2297,19.5603333333,56.4163666667,24.7972666667,51.3213333333,24.5156666667,33.1242333333,55.6432,11.3266,11.6214666667,51.2352333333,67.0127666667,67.5797333333,8.84376666667,81.315,46.4650333333,28.2439666667,16.2075,9.41196666667,5.90543333333
692.0,17.9865,64.683,14.1204,11.6188666667,31.1853,19.6449,56.5238,25.2649666667,51.3230666667,24.6689,33.2710666667,55.6907333333,11.5242,11.6699333333,51.2445,67.0509333333,67.6485666667,8.82373333333,81.3298,46.4416333333,28.221,16.1948666667,9.40903333333,5.90426666667
693.0,17.9715,65.0187333333,14.0642666667,11.6029,31.1571,19.7327666667,56.6234666667,25.7772333333,51.3099666667,24.8189666667,33.4142,55.7253333333,11.7425333333,11.7195,51.2678,67.1044,67.7315666667,8.79946666667,81.3413,46.4221333333,28.1981666667,16.1791333333,9.39973333333,5.9015
694.0,17.9668333333,65.3285666667,14.0109,11.5898333333,31.1449,19.8130333333,56.718,26.2783,51.3071333333,24.9595666667,33.5529,55.7645,11.9599333333,11.7628666667,51.2896,67.1585666667,67.8013,8.77623333333,81.3535,46.4041,28.1768,16.1649666667,9.3917,5.8996
695.0,17.9723666667,65.6254333333,13.9598,11.5792,31.1474,19.8873666667,56.8122,26.7799666667,51.3088,25.0975666667,33.6906333333,55.8070666667,12.1793333333,11.8027333333,51.3064333333,67.2067333333,67.8641,8.75406666667,81.3671,46.3847666667,28.1542666667,16.1525,9.38576666667,5.8985
696.0,17.9888,65.9489333333,13.9033,11.5721,31.1650333333,19.9609666667,56.9086,27.3232,51.3080666667,25.2456333333,33.8324333333,55.8513,12.4156333333,11.8460333333,51.3237333333,67.2602666667,67.9379666667,8.72953333333,81.3816333333,46.3597,28.1299666667,16.1401,9.3786,5.89706666667
697.0,18.0096333333,66.2381,13.8492,11.5701,31.2028,20.0274,56.9922,27.8277,51.3052,25.3702666667,33.949,55.8879,12.6412333333,11.8868333333,51.3418333333,67.3123,68.0016,8.7065,81.4110333333,46.3467,28.1088333333,16.1291,9.37483333333,5.8974
698.0,18.0424333333,66.5437333333,13.7942,11.5728,31.2556,20.0932333333,57.0750333333,28.3625,51.2998666667,25.4956666667,34.0662666667,55.9259666667,12.8814333333,11.9242,51.3601,67.3632666667,68.0710333333,8.68296666667,81.4352666667,46.3305,28.0892333333,16.1166333333,9.36996666667,5.89733333333
699.0,18.0871666667,66.8618666667,13.7388666667,11.5798666667,31.3212333333,20.1583666667,57.1565,28.9185333333,51.2955666667,25.6238,34.1847333333,55.9678666667,13.1367333333,11.9588,51.3817333333,67.4198666667,68.1481,8.65936666667,81.4470666667,46.3076,28.0684,16.102,9.3635,5.89656666667
700.0,18.1355,67.1463333333,13.6849666667,11.5882666667,31.3962333333,20.2137666667,57.2258666667,29.4434333333,51.2943,25.7412666667,34.2868666667,56.0018,13.3790333333,11.9934,51.4112,67.4795333333,68.2212666667,8.6373,81.4479333333,46.2819,28.0414666667,16.0863,9.35776666667,5.89596666667
701.0,18.1898,67.4334,13.6339,11.5973333333,31.4793333333,20.2590333333,57.2975333333,29.9699333333,51.2941333333,25.8522,34.3873333333,56.0347333333,13.6232333333,12.0230666667,51.4254333333,67.5269,68.2784666667,8.6164,81.4532666667,46.2648,28.0150666667,16.0734,9.35293333333,5.89406666667
702.0,18.2520666667,67.7243333333,13.5817,11.6104666667,31.5767666667,20.2977666667,57.3631666667,30.5213,51.2913333333,25.9650666667,34.4799,56.071,13.882,12.0488333333,51.4395333333,67.5731333333,68.3334333333,8.5953,81.4694666667,46.251,27.9931333333,16.0624333333,9.348,5.89293333333
703.0,18.3223,68.0138666667,13.5287666667,11.6281666667,31.6890666667,20.3305333333,57.4155333333,31.0971333333,51.2848333333,26.0803333333,34.5642,56.1096333333,14.1554333333,12.0702333333,51.4606333333,67.6226333333,68.3917,8.57396666667,81.4939333333,46.2365333333,27.9757,16.0518666667,9.3426,5.89346666667
704.0,18.3937,68.2722333333,13.4843333333,11.642,31.7992,20.3525333333,57.4504333333,31.6324333333,51.2806666667,26.1776333333,34.6232,56.1363,14.4088,12.0822333333,51.4791,67.6649333333,68.4397,8.55616666667,81.4988666667,46.2184333333,27.9534666667,16.0365333333,9.33786666667,5.89343333333
705.0,18.4801,68.5515666667,13.4435,11.6656,31.93,20.3695666667,57.49,32.2088666667,51.2767333333,26.2837666667,34.6782666667,56.1684333333,14.6832666667,12.0919666667,51.4932666667,67.7103666667,68.4950666667,8.53953333333,81.5111333333,46.1987666667,27.9285,16.0248,9.33263333333,5.8937
706.0,18.5698333333,68.8237333333,13.4069666667,11.6901,32.0648,20.3757666667,57.5268,32.7862,51.2760333333,26.3881333333,34.7229333333,56.2070333333,14.9579666667,12.0961,51.5087,67.7537666667,68.5525333333,8.52506666667,81.5248,46.1796,27.9063333333,16.0136333333,9.327,5.89383333333
707.0,18.6556666667,69.0708666667,13.3752333333,11.7098,32.1945,20.3682333333,57.5533333333,33.3392333333,51.2782,26.4824333333,34.7526333333,56.2495666667,15.2210333333,12.0929333333,51.5292,67.7939333333,68.6086333333,8.51343333333,81.5336333333,46.1609333333,27.8888,16.0007333333,9.3212,5.89366666667
708.0,18.7549666667,69.3283,13.3482666667,11.7364333333,32.3524,20.3517,57.5667666667,33.9288666667,51.2680333333,26.5738666667,34.7707,56.2879666667,15.5102666667,12.0872666667,51.5533333333,67.8513666667,68.6748333333,8.5047,81.5348666667,46.1348666667,27.8632,15.9873666667,9.31503333333,5.8938
709.0,18.8630666667,69.5860333333,13.3294,11.7657333333,32.5152666667,20.3256666667,57.5674333333,34.5282666667,51.2635666667,26.669,34.7709,56.3221333333,15.8028666667,12.0758333333,51.5706333333,67.8902,68.7269666667,8.499,81.5472,46.1131333333,27.8400666667,15.9741333333,9.31243333333,5.89346666667
710.0,18.9710666667,69.8322666667,13.3205,11.7958,32.6761,20.2918333333,57.5591666667,35.1078333333,51.2640666667,26.7562,34.7562333333,56.3502666667,16.0851666667,12.0591,51.5851,67.9202666667,68.7705,8.49683333333,81.5653,46.0983,27.8213666667,15.9626,9.31036666667,5.89416666667
711.0,19.0756,70.0635,13.3214666667,11.8257666667,32.8352333333,20.2509333333,57.5454333333,35.6623,51.2651,26.8307,34.7300666667,56.3738666667,16.3555666667,12.0374,51.6007,67.9538333333,68.8136,8.49833333333,81.5821333333,46.0888,27.8057,15.9532666667,9.3064,5.89653333333
712.0,19.1940333333,70.3063333333,13.3286333333,11.8574333333,33.0127333333,20.1981,57.5268333333,36.2689666667,51.2551333333,26.9164,34.6893333333,56.4041666667,16.6484666667,12.0079333333,51.6141333333,67.994,68.8625666667,8.5032,81.5947666667,46.0739666667,27.7852,15.9416,9.3031,5.89736666667
713.0,19.3031333333,70.5217333333,13.3435333333,11.889,33.1802,20.1416333333,57.5036,36.8466,51.2517333333,26.9959,34.6456333333,56.4395333333,16.9243666667,11.9760333333,51.6360333333,68.0293,68.9091333333,8.5098,81.6015333333,46.0533,27.7628,15.9294,9.29886666667,5.89763333333
714.0,19.4156666667,70.7328,13.3662333333,11.9223,33.3509333333,20.0805666667,57.4704333333,37.4217,51.2504,27.0725,34.5935333333,56.4740666667,17.2015666667,11.9421333333,51.6601333333,68.0696,68.9564666667,8.52063333333,81.6039333333,46.0304666667,27.7404,15.9173,9.29373333333,5.8985
715.0,19.5446,70.9626666667,13.3973333333,11.9588,33.5394,20.0121666667,57.4231333333,38.0266333333,51.2453,27.1506333333,34.5262333333,56.5032333333,17.4994,11.9053666667,51.6794,68.1222333333,69.0067666667,8.53796666667,81.6054,46.0094,27.7191,15.9060666667,9.28816666667,5.90086666667
716.0,19.6669333333,71.1786333333,13.4358666667,11.9940333333,33.7271666667,19.932,57.3802333333,38.6376333333,51.2425666667,27.2258,34.4521,56.5379333333,17.7904666667,11.8628,51.6956,68.1523333333,69.0408666667,8.55426666667,81.6231333333,45.9932333333,27.6954333333,15.8952333333,9.28443333333,5.90226666667
717.0,19.7825666667,71.3690666667,13.4789333333,12.0267,33.8969,19.8558,57.3286,39.2078666667,51.2337,27.2894666667,34.3742,56.5621333333,18.0657666667,11.8247333333,51.709,68.1781,69.0784666667,8.57406666667,81.6367,45.9779333333,27.6771666667,15.8835666667,9.2823,5.9037
718.0,19.9010666667,71.5557666667,13.5296333333,12.0614333333,34.0683666667,19.7811,57.2778,39.7796666667,51.2271666667,27.3520333333,34.2952333333,56.5838666667,18.3410333333,11.7879666667,51.7243333333,68.2093666667,69.1191333333,8.59773333333,81.6472666667,45.9623,27.6597,15.8719666667,9.28023333333,5.9051
719.0,20.03,71.7563333333,13.5913,12.1019666667,34.2597666667,19.7045333333,57.2367,40.3901333333,51.2309333333,27.4229666667,34.2173,56.6113333333,18.6285333333,11.7488666667,51.7452,68.2514,69.1597333333,8.62506666667,81.6581,45.9463666667,27.6384333333,15.8612666667,9.277,5.90663333333
720.0,20.1482333333,71.9219666667,13.6551,12.1382333333,34.4348,19.6334333333,57.1892333333,40.9449,51.2310333333,27.4866666667,34.1401333333,56.6325333333,18.8914,11.7135333333,51.7618333333,68.2796666667,69.1929666667,8.6531,81.6687,45.9373666667,27.6226666667,15.8517666667,9.27286666667,5.9099
721.0,20.2753666667,72.1016666667,13.7268333333,12.1765,34.6179333333,19.5629333333,57.1384666667,41.5179333333,51.2246666667,27.5492,34.0667,56.6502333333,19.1633333333,11.6785,51.7712333333,68.3064666667,69.2260666667,8.68506666667,81.6700333333,45.9208,27.6001333333,15.8399666667,9.26943333333,5.91286666667
722.0,20.4091666667,72.2864333333,13.8057,12.2164333333,34.8110333333,19.4956333333,57.0905,42.1129,51.2167,27.6114,34.0024,56.6698,19.4428333333,11.6452666667,51.7806333333,68.3388333333,69.2609666667,8.7211,81.6650666667,45.8976333333,27.5735333333,15.8249666667,9.2651,5.915
723.0,20.5412333333,72.4529333333,13.8889666667,12.2559,35.0090333333,19.4362666667,57.0528,42.7095666667,51.2139666667,27.6722333333,33.9517,56.6965,19.7174333333,11.6167,51.7989333333,68.3799333333,69.2970333333,8.7599,81.6620666667,45.8738666667,27.5501333333,15.8082,9.2588,5.91653333333
724.0,20.6680666667,72.6043666667,13.9736666667,12.2931666667,35.1977666667,19.3885,57.0248666667,43.2539666667,51.2098333333,27.7244,33.907,56.7238,19.9710333333,11.5950666667,51.8147666667,68.4049333333,69.3253666667,8.79776666667,81.6747,45.8550666667,27.5318,15.7996666667,9.2577,5.91953333333
725.0,20.8108333333,72.7673666667,14.0691333333,12.3357666667,35.4062666667,19.3496666667,57.0070333333,43.8235666667,51.2029333333,27.7767333333,33.8685666667,56.7452,20.2311333333,11.5805,51.8345333333,68.4267,69.3558,8.84096666667,81.6836333333,45.8381333333,27.5135,15.7916666667,9.2564,5.9218
726.0,20.9655,72.9334333333,14.1746333333,12.3814666667,35.6297666667,19.3205333333,56.9995,44.4102,51.1967333333,27.8323666667,33.8450666667,56.7705,20.4955666667,11.5717,51.8541666667,68.4515333333,69.3846,8.88963333333,81.6921333333,45.8239333333,27.4947666667,15.7828666667,9.25476666667,5.92376666667
727.0,21.1209666667,73.0837666667,14.2857666667,12.4258,35.8545,19.3018333333,57.0014,44.9841333333,51.1950333333,27.8908666667,33.8449666667,56.8094,20.7546666667,11.5668333333,51.8665333333,68.4828,69.4059666667,8.94196666667,81.7081333333,45.8129,27.4766,15.7739,9.25356666667,5.9264
728.0,21.2803666667,73.2152,14.4002666667,12.4736666667,36.0863,19.2913,57.0141666667,45.5557333333,51.1878333333,27.9372,33.8524666667,56.8264,21.0129,11.5669,51.8678666667,68.5042666667,69.4301333333,8.99866666667,81.7270666667,45.7963,27.4631333333,15.7692333333,9.25263333333,5.92766666667
729.0,21.4420666667,73.3467333333,14.5179333333,12.5210333333,36.325,19.2944666667,57.0292333333,46.0916,51.175,27.9832,33.8797,56.8416,21.2486,11.5759,51.8832,68.5277,69.4587333333,9.058,81.7338666667,45.778,27.4432,15.7586,9.2492,5.92996666667
730.0,21.6149666667,73.4793333333,14.6446333333,12.5713,36.5821,19.3103666667,57.0544666667,46.6250666667,51.1664333333,28.0303666667,33.9228666667,56.8586666667,21.4782333333,11.5914,51.9019,68.5545666667,69.4889,9.12093333333,81.7384,45.7582666667,27.4224666667,15.7461666667,9.24606666667,5.93313333333
731.0,21.8082,73.6115666667,14.7858,12.628,36.869,19.3383,57.0989333333,47.1889333333,51.1697,28.0783,33.9792666667,56.8786,21.7183,11.6116666667,51.9124333333,68.5848666667,69.5168333333,9.18906666667,81.7507666667,45.7377,27.4067333333,15.7366333333,9.24593333333,5.9365
732.0,22.013,73.7459333333,14.9324666667,12.6856666667,37.1710333333,19.3762,57.1553,47.7497333333,51.164,28.1216,34.0526333333,56.8981333333,21.9514,11.6410333333,51.9310666667,68.6145333333,69.5361,9.26436666667,81.7553,45.7246,27.3858,15.7259333333,9.24293333333,5.93756666667
733.0,22.2321,73.8720333333,15.0871333333,12.7462333333,37.4996,19.4247333333,57.2253333333,48.3086,51.1602333333,28.1699,34.1503666667,56.9168666667,22.1775333333,11.6758333333,51.9413666667,68.6528333333,69.5578,9.34596666667,81.7779333333,45.7121,27.3700333333,15.7175666667,9.24033333333,5.93986666667
734.0,22.4591666667,73.9897666667,15.2454,12.8084666667,37.8343666667,19.4838333333,57.3023,48.8416333333,51.1581333333,28.2159666667,34.2599333333,56.9351666667,22.3903,11.7161,51.9507,68.6892666667,69.5818333333,9.43106666667,81.8014,45.6998333333,27.3563,15.7109333333,9.23836666667,5.94313333333
735.0,22.6922,74.1012333333,15.4067666667,12.8720666667,38.1684333333,19.554,57.3822666667,49.3449333333,51.1556666667,28.2553333333,34.3747,56.9527666667,22.5904666667,11.7625666667,51.9655333333,68.7182,69.6083666667,9.51926666667,81.8104333333,45.6867,27.3400666667,15.7041666667,9.23666666667,5.9465
736.0,22.9499,74.2087333333,15.5886333333,12.9419,38.5539333333,19.6406333333,57.4725333333,49.8863,51.1477666667,28.2978666667,34.5176333333,56.9646666667,22.8027333333,11.8193333333,51.9835333333,68.7564333333,69.6473333333,9.61966666667,81.8046333333,45.6630333333,27.3157333333,15.6907,9.23446666667,5.9483
737.0,23.2220333333,74.3139,15.7787333333,13.0136666667,38.9591,19.7374333333,57.5822,50.4288,51.1432333333,28.3368333333,34.6802666667,56.9846,23.0081333333,11.8832666667,51.9969666667,68.7970666667,69.6744,9.73223333333,81.8096666667,45.6404666667,27.2968,15.6819333333,9.2329,5.94943333333
738.0,23.5109333333,74.4221666667,15.9787666667,13.0892,39.3841,19.8468,57.7068333333,50.9679666667,51.1423666667,28.3768,34.8583333333,57.0091,23.2083,11.9544,52.0091666667,68.8365666667,69.6948666667,9.85483333333,81.8256,45.6219666667,27.2793333333,15.6750333333,9.2314,5.95136666667
739.0,23.8183666667,74.5323333333,16.1906333333,13.1692666667,39.8313333333,19.9695666667,57.8389,51.5037,51.1428666667,28.4189,35.049,57.0325333333,23.4037333333,12.0332,52.0234333333,68.8724333333,69.7163,9.9861,81.8480333333,45.6078333333,27.2602333333,15.6668,9.22966666667,5.9544
740.0,24.1414,74.6258333333,16.4116333333,13.2495333333,40.2981333333,20.1004,57.9679666667,52.0362,51.1392333333,28.4508666667,35.2514,57.0502,23.5849666667,12.1209666667,52.0402333333,68.9032,69.7409,10.1274666667,81.8729,45.5954,27.2455,15.6585333333,9.22866666667,5.956
741.0,24.4747,74.7179333333,16.6443333333,13.3344666667,40.7815666667,20.2402,58.1038666667,52.5621666667,51.1309666667,28.4919333333,35.4693333333,57.0598,23.7643,12.2125,52.0506,68.9354,69.7540333333,10.2795666667,81.8797,45.5792,27.2251,15.6484333333,9.22576666667,5.95833333333
742.0,24.8044666667,74.8092,16.8785333333,13.4176666667,41.2633666667,20.3811666667,58.2398333333,53.0603,51.1264,28.5272,35.6849666667,57.0632,23.9324333333,12.3054666667,52.0671666667,68.9848,69.7826333333,10.4388666667,81.8764333333,45.5613666667,27.204,15.6372,9.222,5.96066666667
743.0,25.1365333333,74.8987,17.1185666667,13.4998333333,41.7487333333,20.5243333333,58.3715333333,53.5373,51.1268,28.5562666667,35.8983,57.0603,24.0922666667,12.4014666667,52.0896,69.0511666667,69.8299333333,10.6082333333,81.8726333333,45.5439666667,27.1826333333,15.624,9.2183,5.9635
744.0,25.5058,74.9831333333,17.3906333333,13.5915,42.2775,20.6832,58.4949333333,54.0355666667,51.1256,28.5975,36.1329,57.0473666667,24.2629,12.5081666667,52.1001,69.1158,69.8712,10.8017333333,81.8824,45.5300333333,27.1548,15.6047,9.2158,5.96966666667
745.0,25.8798333333,75.0689333333,17.6682333333,13.6816333333,42.8183666667,20.8402333333,58.6330333333,54.5346,51.1303,28.6380333333,36.3729333333,57.0297,24.4278333333,12.6184666667,52.1228666667,69.1959666667,69.9257666667,11.0130666667,81.8891,45.5164333333,27.1247666667,15.5861333333,9.21036666667,5.97593333333
746.0,26.2611,75.1484666667,17.9551333333,13.7717333333,43.3670666667,21.0037666667,58.7637333333,55.0281666667,51.1305,28.673,36.6149,57.0138666667,24.5883,12.7334,52.1455666667,69.2717333333,69.9725,11.2407333333,81.8891666667,45.5043,27.0973666667,15.5673333333,9.20426666667,5.98146666667
747.0,26.6539,75.2228333333,18.2521,13.8637666667,43.9253,21.1769666667,58.8932666667,55.5131,51.1256,28.7033,36.8619333333,57.0066,24.7447333333,12.8525666667,52.1657666667,69.3341333333,70.009,11.4834333333,81.8908666667,45.4922,27.0752666667,15.552,9.20016666667,5.98613333333
748.0,27.0629333333,75.3017333333,18.5556333333,13.9596666667,44.5003333333,21.3569666667,59.0562,55.9892333333,51.1248333333,28.7348333333,37.1232,57.0147,24.8964333333,12.9738666667,52.191,69.3852,70.0509,11.7397333333,81.9128666667,45.4762,27.0589333333,15.5483333333,9.20106666667,5.99036666667
749.0,27.4718666667,75.3762666667,18.8533666667,14.0518333333,45.0879,21.5333666667,59.2298,56.4619,51.1235333333,28.7652333333,37.3783666667,57.0341666667,25.0244,13.0922666667,52.1882666667,69.3971,70.0560666667,12.0112333333,81.9193666667,45.4514666667,27.0428333333,15.5429,9.19993333333,5.9916
750.0,27.8817666667,75.4477666667,19.1553333333,14.1425666667,45.6761333333,21.7119666667,59.3992666667,56.9150666667,51.1155666667,28.7927333333,37.6318,57.0565666667,25.1524333333,13.2134333333,52.1953333333,69.4132333333,70.0587,12.2945333333,81.9362333333,45.4293666667,27.0298333333,15.5366,9.19746666667,5.9925
751.0,28.2933666667,75.5189333333,19.4602333333,14.2322,46.2644,21.892,59.5622333333,57.3523333333,51.1072666667,28.82,37.8835,57.0783333333,25.2822,13.3368333333,52.2105666667,69.4343,70.0647666667,12.5929666667,81.9549333333,45.4106666667,27.0172,15.5308333333,9.19603333333,5.993
752.0,28.7071,75.5912333333,19.7634666667,14.3205666667,46.8559666667,22.0698,59.7213666667,57.7815,51.1066333333,28.8503,38.1317,57.0982666667,25.4069666667,13.4597,52.2196333333,69.4482666667,70.0708333333,12.9112333333,81.9603333333,45.3921666667,27.0014666667,15.5265333333,9.1976,5.99273333333
753.0,29.1186,75.6522666667,20.0648666667,14.4066666667,47.4475,22.2403,59.8761333333,58.1815666667,51.096,28.8796666667,38.3744666667,57.1195666667,25.5228333333,13.5807666667,52.2293666667,69.4751333333,70.0860666667,13.2429333333,81.9847666667,45.3716666667,26.989,15.5201666667,9.1967,5.9939
754.0,29.5387333333,75.7174,20.3639333333,14.4954666667,48.0379333333,22.4071333333,60.0193,58.5728,51.0960333333,28.9090333333,38.6091,57.135,25.6326666667,13.6967333333,52.2367666667,69.4903666667,70.0893,13.5824,82.0113,45.3559333333,26.9746666667,15.5153333333,9.19606666667,5.9953
755.0,29.9574666667,75.7874666667,20.6575666667,14.5828666667,48.6259,22.5723333333,60.1558,58.949,51.0960333333,28.9374,38.8318666667,57.1460666667,25.7391,13.8110666667,52.2471,69.5087333333,70.0918666667,13.9313,82.0345333333,45.3428,26.9597333333,15.5115666667,9.19576666667,5.99673333333
756.0,30.3665666667,75.8535,20.942,14.6653333333,49.2095333333,22.7339,60.2881,59.3043666667,51.0891666667,28.9641666667,39.0431333333,57.1555333333,25.8429666667,13.9248666667,52.2617666667,69.5376333333,70.1016666667,14.2887,82.0494333333,45.3282666667,26.9449666667,15.5063666667,9.19516666667,5.9979
757.0,30.769,75.8852,21.2108666667,14.7442666667,49.7854666667,22.8801333333,60.4075,59.6433333333,51.0895333333,28.9902333333,39.2534,57.1660666667,25.9404666667,14.0315666667,52.2700333333,69.5531,70.1064333333,14.6444333333,82.0461,45.307,26.9272,15.4948333333,9.19183333333,5.99826666667
758.0,31.1796666667,75.9531,21.4763,14.832,50.3668,23.0260333333,60.5284666667,59.9623666667,51.0807,29.0148333333,39.4480333333,57.1717333333,26.0415,14.1351333333,52.2762,69.5801,70.1146,15.0060666667,82.0652,45.2922333333,26.915,15.488,9.1928,6.00123333333
759.0,31.5828333333,76.0125,21.7286,14.9165666667,50.9421666667,23.1594666667,60.6436666667,60.2623,51.0771,29.0397666667,39.6305,57.1763666667,26.1372666667,14.2365666667,52.2915,69.6169666667,70.1387,15.3691666667,82.0784,45.2783666667,26.8996,15.4810666667,9.19263333333,6.004
760.0,31.9749,76.0524,21.9644333333,14.9939,51.5071333333,23.2794666667,60.7470666667,60.5457,51.0803,29.0671333333,39.8017666667,57.1808,26.2262333333,14.3329333333,52.3114333333,69.6528333333,70.1703666667,15.7273666667,82.0809,45.2620666667,26.8809666667,15.4724666667,9.1904,6.0058
761.0,32.3651333333,76.0976,22.1871666667,15.0683666667,52.0644333333,23.3964,60.8343333333,60.8167666667,51.0785666667,29.0990666667,39.9595333333,57.1826666667,26.3142666667,14.4177,52.3169666667,69.6698,70.1811333333,16.0731,82.0928,45.2431666667,26.8673666667,15.4639,9.18946666667,6.00796666667
762.0,32.7504333333,76.1482333333,22.3859,15.1432,52.6183,23.5005333333,60.9117,61.0734666667,51.0724,29.1169666667,40.1015,57.1757,26.3954666667,14.4996,52.326,69.7020666667,70.1893666667,16.4126,82.0971666667,45.2224,26.8451666667,15.4521333333,9.18483333333,6.0093
763.0,33.1327,76.1943333333,22.5765666667,15.2154333333,53.1691666667,23.596,60.9788666667,61.3028,51.0616,29.1362666667,40.2358333333,57.1754,26.4715,14.5752,52.3380666667,69.7282,70.1995333333,16.7354,82.1059666667,45.2048,26.8235666667,15.4423333333,9.1835,6.01183333333
764.0,33.5106333333,76.2341666667,22.7556666667,15.2864,53.7158666667,23.6818,61.0436666667,61.5201333333,51.0548,29.1607333333,40.3601666667,57.1783333333,26.5456,14.6439666667,52.3485,69.7496,70.2116,17.0435,82.1165666667,45.1878,26.8061333333,15.4348666667,9.18273333333,6.01446666667
765.0,33.8818,76.2701666667,22.9144,15.3581666667,54.2563666667,23.7554666667,61.1129666667,61.7448,51.0594666667,29.1884,40.4689,57.1750666667,26.6206,14.706,52.3524,69.7742666667,70.2242666667,17.3415,82.1234333333,45.1680333333,26.7929666667,15.4281,9.1776,6.0155
766.0,34.2441333333,76.3085,23.0619333333,15.4274,54.7819333333,23.8173666667,61.1676666667,61.9410666667,51.0521,29.212,40.5648333333,57.1662666667,26.6914666667,14.7565333333,52.3592,69.7939,70.2414,17.6192,82.1435333333,45.1622,26.7776,15.4184333333,9.17793333333,6.0177
767.0,34.6285,76.3528,23.2040333333,15.4983666667,55.3502333333,23.8744,61.2117333333,62.1368333333,51.0401333333,29.2342666667,40.6559,57.1613,26.7632666667,14.8075,52.3657,69.8159333333,70.2517333333,17.8979666667,82.1400333333,45.1441,26.7566,15.4091,9.17536666667,6.0178
768.0,34.999,76.3943666667,23.3318,15.5651333333,55.9073666667,23.9226,61.2565333333,62.3233,51.0344666667,29.2559666667,40.7325333333,57.1528333333,26.8326666667,14.8503,52.3813,69.8432333333,70.2651666667,18.1543,82.1427333333,45.125,26.7355666667,15.3987666667,9.1728,6.01893333333
769.0,35.3425333333,76.4290666667,23.4422666667,15.6264,56.4277666667,23.9601666667,61.3008666667,62.4935666667,51.0352333333,29.2772333333,40.7934,57.1448333333,26.897,14.8816666667,52.4003666667,69.8701666667,70.2834333333,18.3780333333,82.1601333333,45.1086666667,26.7172666667,15.3882666667,9.17106666667,6.02163333333
770.0,35.6823333333,76.4604,23.5398333333,15.6875333333,56.9388333333,23.9884333333,61.329,62.6486666667,51.0312333333,29.2977333333,40.8473333333,57.1548333333,26.9558,14.907,52.4019666667,69.8845666667,70.2958333333,18.5794333333,82.1659333333,45.0841666667,26.6990333333,15.3808333333,9.16693333333,6.0228
771.0,36.0244,76.4926333333,23.6337333333,15.7502333333,57.4548333333,24.0072,61.3637333333,62.8052,51.0324,29.3272666667,40.9002666667,57.1525,27.0117666667,14.9273333333,52.4068666667,69.908,70.2966666667,18.7682666667,82.1667333333,45.0659,26.6777,15.3709,9.1648,6.0241
772.0,36.3587333333,76.5287333333,23.7146,15.8102666667,57.9676,24.0164,61.3826,62.9449,51.0262666667,29.3451333333,40.9394666667,57.144,27.0693666667,14.9456666667,52.4165333333,69.9316333333,70.3039,18.9414333333,82.1705,45.0511333333,26.6632666667,15.3613333333,9.1612,6.02566666667
773.0,36.6853,76.5650333333,23.7861666667,15.8676666667,58.4739,24.0202333333,61.3905333333,63.0717333333,51.0145666667,29.3588666667,40.9683666667,57.1319666667,27.1249666667,14.9595333333,52.4250333333,69.9513,70.3141666667,19.0984666667,82.1755666667,45.0374333333,26.6484666667,15.3514666667,9.15786666667,6.0273
774.0,37.0096333333,76.5965333333,23.8557333333,15.9246333333,58.9776333333,24.0236,61.4033666667,63.1986,51.0049,29.3838,40.9960666667,57.1192333333,27.1742,14.9657666667,52.4256333333,69.9666666667,70.3200333333,19.2412666667,82.1777,45.0217333333,26.6234,15.3402666667,9.15763333333,6.02896666667
775.0,37.3531666667,76.6306,23.9197,15.9836,59.5214,24.0248666667,61.4377,63.3405333333,51.0068,29.4103333333,41.0234,57.1150666667,27.2334666667,14.9718333333,52.4318333333,69.9941666667,70.3502333333,19.3816666667,82.1831,45.0007666667,26.6096333333,15.333,9.15656666667,6.03106666667
776.0,37.6651333333,76.6558666667,23.9752,16.0393333333,60.0297333333,24.0202666667,61.4445666667,63.4523,50.9963666667,29.4296333333,41.0412666667,57.1077,27.2814333333,14.9765666667,52.4435333333,70.0094,70.3582333333,19.5029333333,82.1867333333,44.9820333333,26.5959666667,15.3227333333,9.15506666667,6.03233333333
777.0,37.9624666667,76.6731666667,24.0226666667,16.0925,60.5153666667,24.0112,61.4539666667,63.5573,50.9905,29.4486333333,41.0590333333,57.0985333333,27.3272666667,14.9812666667,52.4528333333,70.0243,70.3595666667,19.6149,82.1926666667,44.9666333333,26.5795,15.3124333333,9.15286666667,6.03196666667
778.0,38.2594,76.6948666667,24.0662666667,16.1446,60.9968333333,24.0040333333,61.4720333333,63.6669,50.9928666667,29.4699,41.0816666667,57.0932333333,27.3732333333,14.9874,52.4580333333,70.0405666667,70.3617333333,19.7181666667,82.1986333333,44.9532666667,26.5598666667,15.3037,9.1502,6.0314
779.0,38.5642666667,76.7420666667,24.1135666667,16.1977666667,61.4935,24.0095,61.4788,63.7778666667,50.9922666667,29.4909,41.1091,57.0999666667,27.4143666667,14.9964333333,52.4635333333,70.0489,70.3615,19.8042333333,82.1957333333,44.9385,26.5385333333,15.2964333333,9.14763333333,6.0342
780.0,38.8729333333,76.7562666667,24.1491333333,16.2509333333,62.0086333333,24.015,61.4835333333,63.869,50.9799,29.5108666667,41.1349333333,57.0779666667,27.4595333333,15.0089333333,52.4667333333,70.068,70.3729666667,19.9032,82.199,44.9173666667,26.5210666667,15.2845,9.14483333333,6.03506666667
781.0,39.1604666667,76.7869,24.1834,16.3013333333,62.4917666667,24.0232333333,61.4985333333,63.9611,50.9754666667,29.5266666667,41.1640666667,57.0607333333,27.5005,15.0238666667,52.4792666667,70.0926333333,70.3798,19.9898333333,82.2037666667,44.9023333333,26.5030333333,15.2753333333,9.1418,6.03776666667
782.0,39.4383666667,76.8182333333,24.2139,16.3493,62.9645666667,24.0385666667,61.5218333333,64.0495666667,50.9704666667,29.5422666667,41.2037,57.0502666667,27.5403,15.0424666667,52.4904333333,70.1140333333,70.387,20.0693333333,82.2054333333,44.8873,26.4851,15.2673,9.1394,6.03963333333
783.0,39.7184333333,76.8361666667,24.2388333333,16.3965,63.4517333333,24.0632,61.5500333333,64.1322666667,50.9605,29.5613666667,41.2567,57.0422,27.5832,15.0677333333,52.4949666667,70.1304333333,70.4005,20.1520666667,82.2026,44.8682333333,26.4682666667,15.2581333333,9.1379,6.0396
784.0,39.9980333333,76.8614,24.2644,16.4467333333,63.9557333333,24.0942,61.5838,64.2272,50.9644666667,29.5843,41.3157,57.0335666667,27.6316333333,15.1054333333,52.5099666667,70.1577,70.4186,20.2478333333,82.2003333333,44.8541666667,26.4521333333,15.2487,9.13546666667,6.04233333333
785.0,40.2503,76.8874,24.2842,16.4901333333,64.4104666667,24.1395333333,61.6161666667,64.3028666667,50.9555333333,29.6098333333,41.3866,57.024,27.664,15.1444,52.5209666667,70.1644666667,70.4229,20.3263666667,82.2085,44.8427,26.4365666667,15.2417,9.13303333333,6.0444
786.0,40.5014,76.9184,24.3056666667,16.5354333333,64.8666666667,24.1955666667,61.6645666667,64.3754666667,50.9532333333,29.6280666667,41.4665333333,57.0206666667,27.6947666667,15.1893666667,52.5233333333,70.1815666667,70.4221,20.4071333333,82.2117333333,44.8273333333,26.4192,15.2317666667,9.1304,6.04526666667
787.0,40.7516333333,76.9392,24.3271333333,16.5809666667,65.3269,24.2615333333,61.721,64.4526,50.9542,29.6448666667,41.5616666667,57.0157,27.7308,15.2463666667,52.5224,70.2040666667,70.4253666667,20.4996666667,82.2151333333,44.8076,26.4008,15.2197,9.12843333333,6.04583333333
788.0,40.9915666667,76.9397,24.3444666667,16.6228,65.7772333333,24.3390333333,61.7702666667,64.5332666667,50.9484666667,29.6682,41.6765,56.9982,27.7732333333,15.3199333333,52.5268,70.2175333333,70.4381,20.6051333333,82.2251666667,44.7861333333,26.383,15.2083333333,9.12693333333,6.04716666667
789.0,41.2194333333,76.9765333333,24.3621666667,16.6673666667,66.2248333333,24.4346,61.8184333333,64.5912666667,50.9405,29.6813666667,41.7866,56.9797333333,27.8076666667,15.3983,52.5374666667,70.2375,70.4425333333,20.7016,82.2135666667,44.7680333333,26.3631,15.1964333333,9.12066666667,6.04763333333
790.0,41.4221666667,76.9895333333,24.3773666667,16.7038,66.6212,24.535,61.8849666667,64.6586666667,50.9476,29.7030333333,41.9129666667,56.9710666667,27.8373666667,15.4852333333,52.5421666667,70.2611,70.4525666667,20.8037333333,82.1998333333,44.7509,26.343,15.1838,9.11646666667,6.04883333333
791.0,41.6228,77.0064666667,24.3959,16.7413333333,67.0294666667,24.6528,61.9539666667,64.7223333333,50.9514333333,29.7282,42.0614333333,56.9505333333,27.8706666667,15.5879333333,52.5546666667,70.2965666667,70.4754666667,20.9177666667,82.1964666667,44.7371,26.3182,15.1717666667,9.11356666667,6.05046666667
792.0,41.8205666667,77.0365666667,24.4167,16.7803666667,67.4430666667,24.7885333333,62.018,64.7750666667,50.9483666667,29.7501333333,42.2199333333,56.9137666667,27.9078,15.7055,52.5710666667,70.3393666667,70.5061333333,21.0416333333,82.1984666667,44.7269,26.2911333333,15.1583,9.1093,6.05296666667
793.0,41.9982333333,77.0650333333,24.4323,16.8141333333,67.8093333333,24.9338,62.0835666667,64.8199666667,50.9460666667,29.7651666667,42.3720666667,56.8767,27.9424666667,15.8314,52.5754666667,70.373,70.5291,21.1679666667,82.1902333333,44.7182333333,26.2702,15.1415666667,9.1022,6.05686666667
794.0,42.1696666667,77.0598,24.4345666667,16.8468,68.1955,25.1134666667,62.1803333333,64.8707333333,50.9243333333,29.7883,42.5738,56.8611666667,27.9784666667,15.9861333333,52.5840333333,70.3833,70.5387333333,21.3077666667,82.1917333333,44.7102333333,26.2621333333,15.1379666667,9.10463333333,6.0601
795.0,42.3355666667,77.0807666667,24.4355,16.8794,68.5694666667,25.2978666667,62.3104666667,64.9325333333,50.9186333333,29.8063666667,42.7867333333,56.8829,28.0083666667,16.1331,52.5904,70.3819666667,70.5203333333,21.4490666667,82.2004333333,44.6897666667,26.2515333333,15.1353333333,9.10246666667,6.0598
796.0,42.4972,77.1068,24.4369333333,16.9115666667,68.9385666667,25.5073666667,62.4574333333,65.0012666667,50.9116333333,29.8187333333,43.0150333333,56.9054,28.0334333333,16.2985333333,52.5863666667,70.3583,70.4946333333,21.5947333333,82.2117,44.6689333333,26.2434333333,15.1349666667,9.1026,6.0579
797.0,42.6479,77.1296666667,24.4385,16.9421,69.2893333333,25.7355,62.6033333333,65.0689,50.9019,29.8321333333,43.2526333333,56.9142,28.0557666667,16.4815,52.5778,70.3279666667,70.4688333333,21.7462333333,82.2256,44.6498333333,26.2365,15.1356666667,9.10593333333,6.0563
798.0,42.7796,77.1545333333,24.4398,16.9701,69.6044333333,25.9571666667,62.7348666667,65.1270333333,50.9000666667,29.855,43.4866333333,56.917,28.0784333333,16.6606666667,52.579,70.3216666667,70.4415,21.9025666667,82.2416333333,44.6266666667,26.2239333333,15.1334,9.1074,6.05606666667
799.0,42.9042,77.1684,24.4448666667,16.9976333333,69.9470666667,26.2099333333,62.8645666667,65.1817,50.8868333333,29.8748,43.7445666667,56.9153,28.1067333333,16.8746333333,52.5770333333,70.3116333333,70.4395666667,22.0690666667,82.2320333333,44.6074333333,26.2069,15.1279333333,9.10776666667,6.05596666667
800.0,42.9989666667,77.171,24.4481,17.0197,70.2238333333,26.4501333333,62.9796333333,65.2218666667,50.8882666667,29.8891666667,43.9843666667,56.8990333333,28.1322666667,17.0823666667,52.5818,70.3334,70.4383,22.2363666667,82.2247666667,44.5895333333,26.1859666667,15.1162,9.10343333333,6.0565
801.0,43.0831666667,77.1844,24.4505333333,17.0416333333,70.4938666667,26.7116,63.0969666667,65.2652333333,50.8891333333,29.9075666667,44.2352,56.8793,28.1620333333,17.3082,52.5929333333,70.3599666667,70.4471666667,22.4126333333,82.2236333333,44.576,26.1654,15.1027333333,9.10073333333,6.05946666667
802.0,43.1667,77.2083666667,24.4548666667,17.0642333333,70.768,26.9927666667,63.2186,65.3091,50.8847,29.9279,44.4973,56.8593333333,28.1926,17.5512,52.6037666667,70.3739,70.4609,22.5954666667,82.2257333333,44.5650666667,26.1494666667,15.0917,9.0992,6.06273333333
803.0,43.2483333333,77.2251,24.4631,17.0845333333,71.0171,27.2670666667,63.3376,65.3400666667,50.8815666667,29.9419,44.7504,56.8382,28.2154,17.7916666667,52.6059666667,70.3768666667,70.4648666667,22.7766,82.2236666667,44.5504,26.1388,15.0845666667,9.09396666667,6.06256666667
804.0,43.3180333333,77.2421333333,24.4694666667,17.1049,71.2748666667,27.5902,63.4869666667,65.3951666667,50.8788333333,29.9681333333,45.039,56.8415666667,28.2509,18.0726,52.6081666667,70.4024,70.4825333333,22.9807,82.2083333333,44.5299666667,26.1158666667,15.0742,9.09006666667,6.06563333333
805.0,43.3822333333,77.2550666667,24.4726,17.1243333333,71.5139333333,27.8909666667,63.6094666667,65.4365,50.8800666667,29.9864,45.3077333333,56.8312,28.2782,18.3434666667,52.6268666667,70.4192666667,70.4942333333,23.1727333333,82.2203,44.5144333333,26.1021333333,15.0631,9.08876666667,6.06723333333
806.0,43.4397,77.2737333333,24.4781,17.1427333333,71.7384666667,28.2146666667,63.7307,65.4781666667,50.8711666667,30.0031,45.5787666667,56.8112666667,28.3036666667,18.6310666667,52.6316666667,70.4303666667,70.4909333333,23.3714333333,82.2213333333,44.5000333333,26.0877666667,15.0549666667,9.08876666667,6.06656666667
807.0,43.4910333333,77.299,24.4838666667,17.1608333333,71.9653666667,28.5745666667,63.8682,65.5249333333,50.8569,30.0229333333,45.868,56.7961666667,28.3306666667,18.9457666667,52.6247333333,70.4427,70.4854333333,23.5846,82.2099666667,44.485,26.069,15.0486,9.08726666667,6.06633333333
808.0,43.538,77.3203333333,24.4839333333,17.1789,72.2018666667,28.9405333333,64.0163333333,65.5671,50.8530333333,30.0443666667,46.1682333333,56.7958,28.3578333333,19.2717333333,52.6334666667,70.4598333333,70.4982,23.8026333333,82.2124,44.4698,26.0497,15.0393666667,9.08223333333,6.07
809.0,43.5739333333,77.3228666667,24.4880666667,17.1941,72.3772333333,29.2777,64.1343333333,65.5862666667,50.8416666667,30.0568666667,46.4315,56.7746666667,28.3848333333,19.5804,52.6444,70.4646,70.4958666667,24.0064666667,82.1997666667,44.4545333333,26.0330333333,15.029,9.08056666667,6.07013333333
810.0,43.597,77.3271,24.4873333333,17.2058,72.5683333333,29.6528,64.2697333333,65.6359,50.8431333333,30.0802666667,46.7180666667,56.7679333333,28.4129,19.9280333333,52.6479,70.4734666667,70.4971333333,24.2302666667,82.2081333333,44.4344333333,26.0158,15.0204333333,9.0771,6.07096666667
811.0,43.6163666667,77.3269333333,24.4867333333,17.2173333333,72.7444,30.0228,64.4018,65.6824,50.8413333333,30.1035666667,47.0010666667,56.7611666667,28.4390666667,20.2738333333,52.6515,70.4872,70.5023333333,24.4460666667,82.2142,44.4201,26.0026666667,15.0132,9.07546666667,6.0729
812.0,43.6401333333,77.3365666667,24.4905666667,17.2302333333,72.9170333333,30.4006666667,64.5277333333,65.7189666667,50.8386,30.1226666667,47.2786,56.7480333333,28.4642333333,20.6257333333,52.6555666667,70.497,70.5057333333,24.6596,82.2162333333,44.4134333333,25.9911,15.0071666667,9.07626666667,6.07633333333
813.0,43.671,77.3693333333,24.4992,17.2443666667,73.1115666667,30.8197333333,64.6543333333,65.7553,50.8418,30.1391,47.5608333333,56.7304,28.4914,21.0118666667,52.6597,70.4984666667,70.5041,24.8916,82.2198333333,44.4075666667,25.9753666667,15.0019,9.07733333333,6.08086666667
814.0,43.6953,77.3857666667,24.4992333333,17.2594,73.3046666667,31.2505333333,64.7784666667,65.7955333333,50.8312333333,30.1565666667,47.8404666667,56.7195,28.5244666667,21.4129,52.6775666667,70.5248666667,70.5162,25.1371666667,82.2060333333,44.3805333333,25.9532333333,14.9941333333,9.07243333333,6.0813
815.0,43.6991,77.3922333333,24.4985,17.2730333333,73.4501333333,31.6766333333,64.8917,65.8261,50.8223666667,30.1746666667,48.1199333333,56.7009333333,28.5472666667,21.8245,52.6785666667,70.5259,70.5103,25.3769,82.2029,44.3616,25.9375,14.9833666667,9.0725,6.08063333333
816.0,43.7097666667,77.4147666667,24.5028666667,17.2841666667,73.5884333333,32.0876666667,65.0085,65.8675,50.8192666667,30.1940666667,48.3853666667,56.6896666667,28.5705666667,22.2168666667,52.6765666667,70.5378333333,70.5161,25.5974,82.1985666667,44.3455333333,25.9224333333,14.9739333333,9.07213333333,6.08146666667
817.0,43.7209333333,77.4404666667,24.5074,17.2940666667,73.7358666667,32.5156666667,65.1309,65.9090333333,50.8150333333,30.2150333333,48.6548666667,56.6862666667,28.5990666667,22.6284333333,52.6882,70.5619666667,70.5313666667,25.8257333333,82.2,44.3392666667,25.9094666667,14.9666333333,9.0701,6.0836
818.0,43.7247333333,77.4522333333,24.5092,17.3026,73.8880333333,32.9773,65.2518,65.9421,50.8075666667,30.2359666667,48.9335333333,56.6803666667,28.6300333333,23.0816,52.7095,70.5861666667,70.5442,26.0736666667,82.2047666667,44.3375333333,25.8970333333,14.9602333333,9.0666,6.08623333333
819.0,43.7264,77.4479666667,24.5128333333,17.3073333333,74.0187666667,33.4421666667,65.3562333333,65.9755,50.8065,30.2526666667,49.1921333333,56.6536333333,28.652,23.5379333333,52.703,70.5922333333,70.5410333333,26.3096,82.1883,44.3115,25.8766,14.9509,9.06306666667,6.08833333333
820.0,43.7248333333,77.4758666667,24.5117,17.3192666667,74.1596,33.9201666667,65.4689333333,66.0062333333,50.7989,30.2739,49.4531666667,56.6522333333,28.6807,24.0027333333,52.7045,70.5974333333,70.5392,26.5500333333,82.1772666667,44.2964,25.8596666667,14.9385333333,9.0614,6.0912
821.0,43.7283,77.4880333333,24.5180666667,17.327,74.2849,34.378,65.5785,66.0588666667,50.8084666667,30.2962,49.7094,56.6493666667,28.7091666667,24.4457666667,52.7154333333,70.6131333333,70.5411,26.7773666667,82.1819,44.2844333333,25.8447333333,14.9321666667,9.06136666667,6.09533333333
822.0,43.7329333333,77.5000666667,24.5198,17.3370333333,74.4074333333,34.8556,65.6826666667,66.0937,50.8102333333,30.3151,49.9559666667,56.6340333333,28.7407666667,24.9178666667,52.7287333333,70.6325666667,70.5513666667,27.0122333333,82.1742333333,44.2658333333,25.8259333333,14.924,9.05976666667,6.09593333333
823.0,43.7296666667,77.5086666667,24.5143333333,17.3465,74.5293666667,35.3581666667,65.7895333333,66.1234,50.8035333333,30.3328,50.2057,56.6200333333,28.7701,25.423,52.7348333333,70.6394333333,70.5574666667,27.2567,82.1637333333,44.2478333333,25.8086666667,14.9167666667,9.059,6.09506666667
824.0,43.7148,77.5023333333,24.5105333333,17.3480666667,74.6453333333,35.8628,65.9088666667,66.1872,50.8048666667,30.3539333333,50.4724666667,56.6287,28.7891,25.9255,52.7292666667,70.6220333333,70.5425,27.4962,82.179,44.244,25.8023333333,14.9177666667,9.06253333333,6.09853333333
825.0,43.7207666667,77.5198666667,24.5154333333,17.3558666667,74.7663333333,36.3936,66.0187666667,66.2141,50.7919666667,30.3677333333,50.7085,56.6201666667,28.8144333333,26.4442333333,52.7326,70.6154666667,70.5373666667,27.7330666667,82.1720666667,44.2259333333,25.7888666667,14.9084666667,9.0587,6.10066666667
826.0,43.7141,77.5547666667,24.5141666667,17.3609333333,74.8859666667,36.9175666667,66.1249666667,66.2454666667,50.7861,30.3813333333,50.9451666667,56.6111333333,28.8449666667,26.9737,52.7412666667,70.6226666667,70.5307,27.9719666667,82.1760333333,44.2055666667,25.7748333333,14.9050333333,9.0596,6.1023
827.0,43.7124,77.5683,24.5119666667,17.3675666667,74.9952666667,37.4497666667,66.2279,66.2968,50.7857666667,30.4039666667,51.1882333333,56.6101333333,28.8723666667,27.5069333333,52.7411333333,70.6240666667,70.5324666667,28.2055,82.1772,44.1944,25.762,14.8991666667,9.0578,6.10476666667
828.0,43.7093,77.5752333333,24.5110666667,17.3759666667,75.0946333333,37.9639,66.3175666667,66.3407333333,50.7817666667,30.4276,51.4086666667,56.6042333333,28.8997,28.0259,52.7512333333,70.6422666667,70.5421,28.4307666667,82.1767333333,44.1875333333,25.7503333333,14.8930666667,9.05613333333,6.10703333333
829.0,43.7029333333,77.5867,24.5122666667,17.3837,75.1898333333,38.4726,66.3972333333,66.3687,50.7723666667,30.4456666667,51.6096666667,56.5916,28.9299666667,28.5444333333,52.7681666667,70.6727333333,70.5542,28.6546666667,82.1749666667,44.1763,25.7379666667,14.8860333333,9.05523333333,6.1087
830.0,43.702,77.5967666667,24.5163,17.3880666667,75.2880666667,39.0318,66.4828666667,66.4003,50.7659,30.4586333333,51.8301666667,56.5858,28.9621666667,29.1056666667,52.7608,70.6761666667,70.5608666667,28.8897333333,82.1685666667,44.1549333333,25.7221666667,14.8731666667,9.0518,6.1102
831.0,43.7038666667,77.6231333333,24.5231,17.3989333333,75.3871666667,39.5897333333,66.5622,66.4386666667,50.7782666667,30.4843,52.0418666667,56.5817333333,28.9834666667,29.6623333333,52.7498,70.6699,70.5437333333,29.1081666667,82.1841333333,44.1452,25.7071333333,14.8710666667,9.05393333333,6.11336666667
832.0,43.6973,77.6235333333,24.5209,17.397,75.4801666667,40.1453333333,66.646,66.4684666667,50.7619333333,30.4971,52.2447666667,56.5733,29.0119333333,30.2383,52.7600666667,70.6841,70.5516,29.3334666667,82.1839333333,44.1349,25.6985,14.8672,9.0531,6.1174
833.0,43.6944,77.6331,24.5215,17.4018333333,75.5727666667,40.7122,66.7339666667,66.5117666667,50.7611333333,30.5227666667,52.4441333333,56.5633,29.0441333333,30.8212,52.7757666667,70.7005666667,70.5613666667,29.5634666667,82.1723666667,44.1206666667,25.6809333333,14.8570666667,9.05423333333,6.11823333333
834.0,43.6876,77.6450666667,24.5221333333,17.4093,75.6533,41.2818333333,66.8134666667,66.5537333333,50.7643666667,30.5465,52.6392,56.5593666667,29.0741333333,31.4058,52.7842333333,70.7078,70.5648,29.7886666667,82.1577,44.1064666667,25.661,14.8461333333,9.05476666667,6.1188
835.0,43.6736333333,77.6501666667,24.5203333333,17.4111666667,75.7267333333,41.8498333333,66.8850333333,66.5846333333,50.755,30.5573333333,52.8325333333,56.5605,29.0999666667,31.9932,52.7855,70.7104666667,70.5660666667,30.0035,82.1515,44.0956,25.6483666667,14.8396333333,9.05146666667,6.12216666667
836.0,43.6745333333,77.6764333333,24.5278333333,17.4179666667,75.8336666667,42.4374333333,66.9754333333,66.6361333333,50.7646666667,30.5896666667,53.0338333333,56.551,29.1269666667,32.5845333333,52.7929666667,70.7261666667,70.5691333333,30.2149333333,82.1648333333,44.0841333333,25.6352333333,14.8331333333,9.0485,6.1244
837.0,43.6666333333,77.6756,24.5229666667,17.4206,75.8928,43.0125,67.0316666667,66.6574666667,50.7492,30.6058333333,53.2039,56.5461333333,29.1582333333,33.1809333333,52.8042333333,70.7440666667,70.5749666667,30.4319,82.1498,44.0690666667,25.6202666667,14.8272,9.04913333333,6.12586666667
838.0,43.6698666667,77.6879333333,24.5250666667,17.4248,75.9693333333,43.5894,67.0858666667,66.6879,50.7409,30.6199666667,53.3695,56.5322333333,29.1834,33.7772333333,52.8048,70.7346,70.5725,30.6363666667,82.1445666667,44.0596333333,25.6082666667,14.8213666667,9.0495,6.13033333333
839.0,43.6717666667,77.7034333333,24.5276,17.4282666667,76.0448,44.1750333333,67.1581,66.7416666667,50.7544333333,30.6360666667,53.5446,56.5319,29.2099666667,34.3774666667,52.7996333333,70.7346,70.5751333333,30.8323666667,82.1487666667,44.0449666667,25.5961333333,14.8153,9.04993333333,6.13306666667
840.0,43.6703,77.7090333333,24.5242,17.4279666667,76.0997666667,44.7594,67.228,66.7944666667,50.7541333333,30.6586,53.7139,56.5384666667,29.2397,34.9806333333,52.8047,70.7505,70.5793,31.0315,82.1477666667,44.0285333333,25.5814666667,14.8075666667,9.04826666667,6.1349
841.0,43.6716,77.7117666667,24.5176666667,17.4265666667,76.1481666667,45.3382333333,67.2752333333,66.8241666667,50.7261333333,30.6823333333,53.8640333333,56.5334,29.2721333333,35.5865666667,52.822,70.7687333333,70.5798,31.2370333333,82.1386666667,44.0188666667,25.5668666667,14.7993,9.045,6.13746666667
842.0,43.6808666667,77.7436666667,24.5217666667,17.4343666667,76.2422333333,45.9338666667,67.3219333333,66.8499333333,50.7338666667,30.6898,54.0149666667,56.5135666667,29.3091,36.2038666667,52.8258333333,70.7794666667,70.5864666667,31.4354333333,82.1434333333,44.0149333333,25.5588,14.7952666667,9.04686666667,6.1378
843.0,43.6893666667,77.7515,24.5237,17.4355666667,76.3123333333,46.5771666667,67.4166666667,66.9081333333,50.7438,30.7183666667,54.2015666667,56.5144666667,29.3339666667,36.8647333333,52.8368666667,70.789,70.5881333333,31.6376666667,82.1232333333,43.9952666667,25.5377,14.7874333333,9.04626666667,6.14126666667
844.0,43.6834333333,77.7583333333,24.5195666667,17.4417666667,76.3616666667,47.1634,67.4453666667,66.9369666667,50.7169,30.7396,54.3403333333,56.5004,29.3659,37.4812666667,52.8519666667,70.8055,70.6127333333,31.8338333333,82.1339333333,43.9776333333,25.5198333333,14.7798666667,9.0469,6.14286666667
845.0,43.6860666667,77.7585666667,24.5183666667,17.4415333333,76.4168333333,47.7433666667,67.4937666667,66.9728666667,50.7138,30.7613666667,54.4807333333,56.4913666667,29.3948333333,38.0788,52.8477666667,70.8039,70.6072333333,32.0107666667,82.1230666667,43.9603666667,25.5037,14.7743666667,9.0425,6.14403333333
846.0,43.6994333333,77.7699333333,24.5209333333,17.4415666667,76.4711333333,48.3275666667,67.5536666667,67.0183333333,50.7254333333,30.7882333333,54.6178666667,56.5022666667,29.4206,38.6671,52.8346666667,70.7927666667,70.5885,32.1739,82.1135,43.9465333333,25.4908666667,14.7659,9.0414,6.1471
847.0,43.7149666667,77.7927666667,24.5230333333,17.4444666667,76.5252,48.9096,67.6034333333,67.0614666667,50.7251,30.8101,54.7451333333,56.5074,29.4503,39.2594333333,52.8356,70.7934333333,70.5899333333,32.3413,82.1162,43.9379333333,25.4789666667,14.7559,9.04393333333,6.15126666667
848.0,43.7258,77.8096,24.5214333333,17.4460666667,76.5878333333,49.4826333333,67.6439333333,67.0966,50.7063,30.8161,54.8701666667,56.4767333333,29.4890333333,39.8636,52.8607666667,70.8181,70.6188666667,32.5239666667,82.1149333333,43.9316333333,25.4643,14.7508333333,9.04163333333,6.15433333333
849.0,43.7442333333,77.8249666667,24.5261666667,17.4527333333,76.6392333333,50.0543,67.7034333333,67.1541333333,50.7233666667,30.8379,55.0004666667,56.4990666667,29.5188333333,40.4406333333,52.8666,70.8381,70.6065,32.6834,82.1175333333,43.9193,25.4555666667,14.7469333333,9.0396,6.15993333333
850.0,43.7600333333,77.8374666667,24.5264666667,17.4534666667,76.6923666667,50.6752666667,67.7382333333,67.2009333333,50.7070666667,30.8583666667,55.1208333333,56.4970333333,29.5605,41.0838333333,52.8604666667,70.8649,70.6342333333,32.8579,82.1013,43.9100666667,25.4342666667,14.7362,9.04046666667,6.16056666667
851.0,43.7693666667,77.8341,24.5238666667,17.4512333333,76.7309,51.2410333333,67.7743,67.2404666667,50.7137333333,30.8803666667,55.2373,56.4853666667,29.5905,41.6789,52.8772,70.8795,70.6457,33.0137333333,82.1046333333,43.8947333333,25.4223,14.7311666667,9.04106666667,6.16466666667
852.0,43.7866,77.8494,24.5289333333,17.4524666667,76.78,51.7958333333,67.7978666667,67.2572,50.7126666667,30.8922666667,55.3325666667,56.4673666667,29.6181666667,42.2521666667,52.8862,70.8903333333,70.6547,33.1673666667,82.0819,43.8680666667,25.3956666667,14.7189333333,9.03306666667,6.1653
853.0,43.8099333333,77.8778666667,24.5364,17.4571333333,76.8305333333,52.3447,67.8205,67.2901,50.7100666667,30.9109333333,55.4247,56.4593333333,29.6466333333,42.8171,52.8904,70.9041333333,70.6615333333,33.3108,82.0678333333,43.8571333333,25.3733333333,14.708,9.02913333333,6.1668
854.0,43.8336666667,77.8975,24.5396666667,17.4625333333,76.8700333333,52.8959333333,67.8539333333,67.3580666667,50.7162,30.9431333333,55.5331666667,56.4617,29.6765333333,43.3893,52.9016666667,70.9222,70.6614333333,33.4455666667,82.0844333333,43.8657,25.3700666667,14.7057333333,9.0353,6.17206666667
855.0,43.8613666667,77.9037666667,24.5429,17.4663666667,76.9150333333,53.4979666667,67.8852,67.3986666667,50.7052,30.9548666667,55.642,56.4427,29.7133666667,44.0022,52.9089333333,70.9411,70.6664333333,33.6089,82.0574666667,43.8377333333,25.3519,14.6959,9.0298,6.17126666667
856.0,43.8811666667,77.9055333333,24.5291,17.4585333333,76.9485,54.0240333333,67.9381333333,67.4461333333,50.7000666667,30.9716,55.7443666667,56.4515666667,29.7522333333,44.5602333333,52.9269,70.9561,70.6924,33.7477666667,82.0536333333,43.8244666667,25.3439666667,14.6893666667,9.0293,6.17333333333
857.0,43.9090333333,77.8857666667,24.5287666667,17.4612,77.0073,54.5568333333,67.9899,67.4729666667,50.6988666667,30.9929666667,55.8396,56.4568333333,29.7869333333,45.1046666667,52.9386666667,70.96,70.6918,33.8870333333,82.0433666667,43.8160333333,25.3290666667,14.6878,9.03036666667,6.1755
858.0,43.9535333333,77.9264666667,24.5276,17.4630666667,77.0710666667,55.1456333333,68.0369,67.5214,50.6908666667,31.0168666667,55.9507,56.4741666667,29.8056666667,45.6693,52.9211333333,70.9135,70.6547,34.003,82.0687333333,43.8128666667,25.3277,14.6923333333,9.03563333333,6.17936666667
859.0,43.9867,77.9363,24.5217666667,17.4594333333,77.1023333333,55.6813666667,68.0787,67.5746333333,50.6860666667,31.0352666667,56.0498,56.4891,29.8332666667,46.2178,52.9217333333,70.8941333333,70.6408333333,34.1248333333,82.0771,43.7930333333,25.3159666667,14.6881,9.0387,6.18083333333
860.0,44.0117,77.9279666667,24.5185666667,17.4574666667,77.1216666667,56.1723333333,68.1192666667,67.6243666667,50.6883666667,31.0531,56.1377333333,56.5002,29.8669,46.7317,52.9260333333,70.9029,70.6468,34.2472333333,82.0649,43.7706333333,25.2956,14.68,9.03663333333,6.1811
861.0,44.0457333333,77.9482333333,24.5216333333,17.4612,77.1578333333,56.6832,68.1520666667,67.6730666667,50.6871,31.0741,56.2233,56.5044666667,29.8934666667,47.2375,52.9184333333,70.9048,70.6460666667,34.3576333333,82.0627333333,43.7641333333,25.2821333333,14.6770333333,9.03393333333,6.18483333333
862.0,44.0878333333,77.9509,24.5229333333,17.4610333333,77.1966,57.2036666667,68.1571,67.7128,50.6669,31.0879,56.2880333333,56.4830666667,29.9222,47.7780333333,52.9491333333,70.9152666667,70.6566333333,34.4791666667,82.0715,43.7575666667,25.2737333333,14.6705666667,9.03863333333,6.1933
863.0,44.1394,77.9758333333,24.5255,17.4631,77.2438,57.6979,68.1694333333,67.7542666667,50.6649333333,31.1064333333,56.356,56.4898666667,29.9593333333,48.2519666667,52.9330666667,70.9188666667,70.6720333333,34.5968666667,82.0451333333,43.7419666667,25.2593333333,14.6561333333,9.03546666667,6.1913
864.0,44.1628,77.9592333333,24.5150333333,17.4568,77.2494333333,58.1433333333,68.2132,67.8129333333,50.6759333333,31.1302,56.4425,56.5034333333,29.9974666667,48.7303333333,52.9401333333,70.9333,70.6678333333,34.6959,82.0247666667,43.7171,25.2355,14.6477333333,9.03003333333,6.19286666667
865.0,44.2095666667,77.9815333333,24.5204333333,17.4575666667,77.2919,58.6355666667,68.2391,67.8582666667,50.6793,31.155,56.5146,56.4914333333,30.026,49.2309333333,52.9419,70.9348666667,70.6555333333,34.8038333333,82.0237333333,43.7054,25.2220333333,14.6375333333,9.0303,6.19453333333
866.0,44.2582,77.9945,24.5187,17.4617,77.3245,59.1018666667,68.2477,67.8897,50.6643,31.1669666667,56.5677666667,56.479,30.0611666667,49.7117666667,52.9563333333,70.9498666667,70.6796666667,34.9127,82.0233,43.7027,25.2099666667,14.6352,9.0322,6.19633333333
867.0,44.3116333333,78.0059333333,24.5176,17.4635,77.3541666667,59.5625,68.2605333333,67.93,50.655,31.1799333333,56.6286666667,56.4808333333,30.0941666667,50.1792,52.9689666667,70.9692666667,70.7025666667,35.0123,82.0147333333,43.6928666667,25.1956333333,14.6320333333,9.03196666667,6.19796666667
868.0,44.3713666667,78.0325333333,24.5262333333,17.4615666667,77.3934333333,60.0342666667,68.2803,67.9791,50.6572333333,31.2040333333,56.7007,56.4873,30.1213,50.6398666667,52.9690666667,70.9776666667,70.6906,35.1071666667,82.0077666667,43.6791333333,25.1840333333,14.6221666667,9.02946666667,6.20146666667
869.0,44.4105,78.0308666667,24.5214,17.4576,77.4007666667,60.442,68.2927333333,68.013,50.6413333333,31.2213,56.7527666667,56.4868666667,30.1653,51.0670666667,52.9819333333,70.9895333333,70.692,35.2088333333,82.0106333333,43.6798666667,25.1746666667,14.6184666667,9.026,6.2087
870.0,44.4735333333,78.0332,24.5210333333,17.4561333333,77.4326666667,60.8908333333,68.3317666667,68.0845333333,50.6521333333,31.2404333333,56.8250333333,56.4939,30.1996333333,51.5249333333,52.9827666667,70.9842666667,70.6981,35.3034666667,82.0030333333,43.6576666667,25.1578,14.6067333333,9.0252,6.206
871.0,44.5290333333,78.0495,24.5226666667,17.4544,77.4707333333,61.2887333333,68.3555666667,68.1378,50.6450666667,31.2648333333,56.8871,56.4939,30.2326333333,51.9294666667,52.9884666667,71.0012333333,70.7042333333,35.3900666667,82.0171666667,43.6559,25.1521666667,14.6021333333,9.0319,6.21126666667
872.0,44.5893666667,78.0489666667,24.5242333333,17.4579666667,77.4868666667,61.7082333333,68.3666666667,68.1958,50.6599666667,31.2917,56.9468666667,56.5025666667,30.2686,52.3545333333,52.9946666667,70.9997333333,70.7167,35.4806666667,82.0082,43.6349333333,25.1313,14.5962,9.0271,6.2151
873.0,44.6456666667,78.0514333333,24.5196666667,17.457,77.4997666667,62.103,68.3853333333,68.2428,50.6553333333,31.3081333333,57.0075333333,56.5121,30.2984,52.7716333333,52.9954333333,71.0021333333,70.7177,35.5578,82.0123,43.6349,25.1184666667,14.5923666667,9.0284,6.2184
874.0,44.7117666667,78.0625666667,24.5187333333,17.4561,77.5242666667,62.4837666667,68.4085666667,68.2857666667,50.6532666667,31.3228,57.0577,56.5246,30.3301,53.1534666667,52.9911,71.0093666667,70.7219333333,35.6402,81.9957666667,43.6238666667,25.1024,14.5852666667,9.0246,6.22076666667
875.0,44.7820333333,78.0806,24.5224,17.4530333333,77.5525666667,62.8667,68.4103,68.3254333333,50.6495,31.3371333333,57.0963,56.5234666667,30.3671666667,53.5281666667,53.0004333333,71.0222666667,70.7270666667,35.7194,81.9805333333,43.6082,25.0868333333,14.5790333333,9.02306666667,6.22226666667
876.0,44.8476,78.1005333333,24.5262,17.4481333333,77.5763666667,63.2372333333,68.4025,68.3735333333,50.6375666667,31.3534,57.1364,56.5105666667,30.4050666667,53.9078666667,53.0207333333,71.0387333333,70.7312666667,35.7867,81.9892333333,43.6014333333,25.0776666667,14.575,9.02896666667,6.2231
877.0,44.9193666667,78.1131,24.5296333333,17.4522,77.5999,63.5779333333,68.4354666667,68.4476666667,50.6435666667,31.3804666667,57.1922333333,56.5220666667,30.4383333333,54.2576,53.0169333333,71.0459,70.7456333333,35.8628,81.9811333333,43.5789333333,25.0613666667,14.5644333333,9.0248,6.22323333333
878.0,45.0005333333,78.1171333333,24.5292666667,17.4539333333,77.6141,63.9380666667,68.4441666667,68.4831666667,50.6427666667,31.3978,57.258,56.5335666667,30.4652,54.6124,53.0128,71.0503,70.7288666667,35.9353,81.9738333333,43.5653666667,25.0427333333,14.5578666667,9.02453333333,6.22586666667
879.0,45.0660333333,78.1259,24.5284666667,17.4459,77.6126,64.2853666667,68.4687,68.5399,50.6468666667,31.4220666667,57.2992333333,56.5313333333,30.5086333333,54.9785,53.0414666667,71.0628,70.7564666667,36.0026333333,81.9560333333,43.5481333333,25.0198666667,14.5492,9.01696666667,6.22706666667
880.0,45.1464,78.1126,24.5241333333,17.4465333333,77.6447666667,64.5844333333,68.4819333333,68.5911333333,50.6412,31.4374,57.3365666667,56.5476333333,30.5490333333,55.2966,53.0509666667,71.0880333333,70.7657,36.0631333333,81.9547,43.5380333333,25.0092333333,14.5436333333,9.02003333333,6.2297
881.0,45.2368333333,78.1347333333,24.5256,17.4482666667,77.6643333333,64.9145333333,68.4835333333,68.6396333333,50.6389666667,31.4578666667,57.3751666667,56.5470666667,30.5796333333,55.6115666667,53.0455333333,71.0830666667,70.7585,36.1165333333,81.9446333333,43.5222666667,24.9976,14.5365666667,9.01713333333,6.23226666667
882.0,45.3187333333,78.1520666667,24.5320666667,17.4461666667,77.6768,65.2301,68.4881333333,68.6891,50.6351333333,31.4807666667,57.4066333333,56.5475333333,30.6171,55.9292666667,53.0485333333,71.0801333333,70.7567,36.1747666667,81.9170666667,43.5032,24.9811333333,14.5262666667,9.01263333333,6.2351
883.0,45.4097666667,78.1650333333,24.5376333333,17.4483,77.7015,65.5369666667,68.4983666667,68.7450666667,50.6278333333,31.5083333333,57.4383333333,56.5508,30.6571333333,56.2344,53.0500333333,71.0819666667,70.7516666667,36.2245,81.9193,43.4995,24.9705666667,14.5188666667,9.0129,6.23953333333
884.0,45.5080666667,78.1875,24.5412666667,17.4542,77.7341,65.8371666667,68.5065,68.7971,50.6231666667,31.5324,57.4752333333,56.556,30.6888666667,56.5191,53.0460666667,71.0917,70.7535666667,36.2665666667,81.9409,43.5054333333,24.9629,14.5163,9.01513333333,6.24396666667
885.0,45.5931333333,78.2077666667,24.5442,17.4544,77.7533,66.1075,68.5117,68.8394666667,50.6273,31.5461333333,57.5162333333,56.5661333333,30.7177666667,56.7980333333,53.0495666667,71.1134,70.778,36.3152,81.9326,43.4971666667,24.9471666667,14.5122333333,9.01506666667,6.24673333333
886.0,45.6832,78.2224666667,24.5432666667,17.4506666667,77.7492333333,66.376,68.5204333333,68.8947666667,50.6388666667,31.5671666667,57.5663666667,56.5630333333,30.7556,57.0923,53.0548333333,71.1105666667,70.7911,36.3579666667,81.9197666667,43.4740333333,24.9308,14.5032666667,9.01463333333,6.2503
887.0,45.7682666667,78.1973,24.5413666667,17.4486333333,77.7634333333,66.6210666667,68.5207333333,68.9395,50.6247666667,31.5830333333,57.5762666667,56.5598666667,30.8096,57.3614666667,53.0803,71.1431333333,70.8135,36.4070666667,81.9130666667,43.4729666667,24.9132,14.4995,9.0148,6.2541
888.0,45.8703666667,78.2063333333,24.5478666667,17.4495,77.7623666667,66.8840666667,68.5088333333,68.9836,50.6124666667,31.6061,57.6088333333,56.5546333333,30.8367333333,57.6257,53.0756666667,71.1510666667,70.7995333333,36.4461,81.8712,43.4512666667,24.8978666667,14.4812666667,9.01333333333,6.25446666667
889.0,45.9845333333,78.2311,24.5446666667,17.4482,77.7932,67.1394,68.5135333333,69.038,50.6225666667,31.6251,57.6231666667,56.5636666667,30.8727666667,57.8867333333,53.0916333333,71.1648,70.8329333333,36.4986,81.8732333333,43.4469,24.8829666667,14.4795666667,9.01443333333,6.25956666667
890.0,46.0958,78.2619666667,24.5573,17.4484666667,77.8231666667,67.3856666667,68.5293666667,69.0973,50.6356666667,31.6495666667,57.6664333333,56.5843,30.9095,58.1245,53.0937666667,71.1651333333,70.8296,36.5337,81.8972333333,43.4409,24.8791666667,14.4796666667,9.01776666667,6.2628
891.0,46.1823666667,78.2411666667,24.5478333333,17.4395333333,77.8111333333,67.5992666667,68.5604,69.1643666667,50.6435666667,31.6745666667,57.7170333333,56.6091333333,30.9481666667,58.3662666667,53.1078333333,71.1737,70.8232666667,36.5689666667,81.9073333333,43.4335,24.8723666667,14.4784666667,9.01816666667,6.26603333333
892.0,46.2781,78.2301666667,24.5378666667,17.4355666667,77.7976333333,67.8195666667,68.5753666667,69.2254666667,50.6421333333,31.6948666667,57.7548333333,56.6287,30.9808,58.5969,53.1035666667,71.1642666667,70.8047,36.6002333333,81.8936333333,43.4148,24.8626,14.4737,9.01876666667,6.2692
893.0,46.3984666667,78.2596333333,24.5421,17.4398333333,77.8201333333,68.0609333333,68.5722,69.2722666667,50.6312,31.7091333333,57.7763333333,56.6341,31.0098,58.8183666667,53.0898,71.1482,70.7939,36.6269333333,81.8863666667,43.4036666667,24.8509,14.4701333333,9.02113333333,6.27283333333
894.0,46.5167,78.2708666667,24.5404333333,17.4374,77.8467333333,68.2828666667,68.583,69.3178666667,50.6183666667,31.727,57.7994666667,56.6372333333,31.0494333333,59.0487,53.1062,71.1579666667,70.8114333333,36.6599,81.8807,43.4064666667,24.8356666667,14.4687,9.02116666667,6.2757
895.0,46.6361666667,78.2706,24.5405,17.4349666667,77.8556333333,68.4901333333,68.5955333333,69.3664666667,50.6098666667,31.7550666667,57.8352333333,56.6543666667,31.0953333333,59.2655,53.1158,71.1596,70.8074666667,36.6929,81.8464333333,43.3850666667,24.8254666667,14.4609666667,9.01943333333,6.27533333333
896.0,46.7717,78.3073,24.5473,17.4452333333,77.8824666667,68.7207666667,68.5815333333,69.3981666667,50.5941333333,31.7659666667,57.8463666667,56.6521666667,31.1263333333,59.4735333333,53.1052333333,71.1597666667,70.8149,36.7178666667,81.8878333333,43.3812666667,24.8204333333,14.4579666667,9.02113333333,6.28046666667
897.0,46.8747666667,78.2841333333,24.5438,17.4394666667,77.8605333333,68.8857666667,68.6048333333,69.4709,50.5926666667,31.7879666667,57.881,56.6808666667,31.1685666667,59.6766,53.1329666667,71.1748333333,70.8109,36.7368666667,81.8772333333,43.3695,24.8056,14.4565333333,9.02276666667,6.28093333333
898.0,47.0007333333,78.2852666667,24.5458666667,17.4347,77.8780666667,69.0798,68.6197666667,69.5299666667,50.6073333333,31.8149333333,57.9071333333,56.6983333333,31.2158333333,59.8893666667,53.1435333333,71.2022666667,70.8452333333,36.7747333333,81.8425666667,43.3508,24.7927333333,14.4502,9.01646666667,6.2853
899.0,47.1313333333,78.3164333333,24.5562666667,17.4364,77.9073,69.2840666667,68.6018333333,69.5740333333,50.5986666667,31.8364333333,57.9306333333,56.6883333333,31.2443333333,60.0728,53.1488,71.2007333333,70.8554,36.7767666667,81.8361333333,43.3431333333,24.7767,14.4403666667,9.0188,6.2879
900.0,47.2554,78.3356,24.5561333333,17.4385,77.9096333333,69.4525,68.6158666667,69.6363,50.5967,31.8606333333,57.9515666667,56.7069333333,31.2754333333,60.2434666667,53.1472666667,71.2004666667,70.8527333333,36.7915666667,81.8456666667,43.3459333333,24.7715666667,14.4373666667,9.01996666667,6.28953333333
901.0,47.3803,78.3166,24.5487,17.4369,77.9029333333,69.5987666667,68.6168333333,69.6905333333,50.5945333333,31.879,57.9804333333,56.7176666667,31.3127333333,60.4083666667,53.1408333333,71.2004333333,70.8515666667,36.8034,81.821,43.3312333333,24.7557,14.4283333333,9.0183,6.29206666667
902.0,47.5065666667,78.3231333333,24.5516333333,17.4343333333,77.9124333333,69.7549666667,68.6163,69.7388666667,50.5947666667,31.8910333333,57.9991666667,56.7236,31.3494333333,60.5894,53.1561,71.2125,70.8519,36.8211333333,81.8149666667,43.3163666667,24.7418,14.4219333333,9.0185,6.29523333333
903.0,47.6410666667,78.3439,24.5579333333,17.4317666667,77.9230333333,69.9187333333,68.6176,69.7915666667,50.5972333333,31.9095666667,58.0174333333,56.7367666667,31.3919,60.7654,53.176,71.2263666667,70.8557666667,36.8439,81.824,43.3142333333,24.7360666667,14.4194666667,9.02303333333,6.29956666667
904.0,47.7791333333,78.3427666667,24.5572333333,17.4287333333,77.9127,70.0662666667,68.6183333333,69.8386666667,50.5992666667,31.9326,58.0428333333,56.7495333333,31.4302333333,60.9044,53.175,71.2200666667,70.8571,36.8574,81.825,43.3110666667,24.7272333333,14.4156666667,9.02266666667,6.30306666667
905.0,47.9107,78.3414,24.5573666667,17.4258,77.9023666667,70.2029666667,68.6226666667,69.8823,50.5996333333,31.9543,58.0608333333,56.7577666667,31.4563,61.0328,53.1677666667,71.2122,70.8557666667,36.8602,81.8194666667,43.2973,24.7098666667,14.4111666667,9.0179,6.30536666667
906.0,48.0485,78.3556666667,24.5626666667,17.4230666667,77.9159666667,70.3571,68.6251666667,69.9495333333,50.5976,31.9846666667,58.0755333333,56.7775666667,31.4971333333,61.2004333333,53.1732666667,71.2381666667,70.8681,36.8677666667,81.7989333333,43.2873333333,24.6956,14.4070666667,9.0236,6.3094
907.0,48.2009666667,78.3380333333,24.5576666667,17.4209,77.8961,70.5008,68.6337333333,70.0126,50.6010666667,32.0078,58.1081333333,56.8057666667,31.5462666667,61.3588666667,53.1684333333,71.2436333333,70.8711666667,36.8856333333,81.7940666667,43.2850333333,24.6929333333,14.4006333333,9.0212,6.30873333333
908.0,48.3342,78.3366333333,24.5558,17.4189,77.8918,70.6274666667,68.6357,70.0569333333,50.6095666667,32.0262666667,58.1233333333,56.8113333333,31.5783,61.4888333333,53.1837,71.2371666667,70.8506333333,36.8904333333,81.7878,43.2690666667,24.678,14.3921666667,9.0208,6.31273333333
909.0,48.4787666667,78.3593,24.5620333333,17.4199666667,77.9023,70.7687,68.6430333333,70.098,50.5925333333,32.0409,58.1302,56.8084333333,31.6097333333,61.6136666667,53.1857,71.2377333333,70.8572333333,36.9097,81.7605333333,43.2540333333,24.6619,14.385,9.0186,6.31316666667
910.0,48.6388666667,78.3775666667,24.5632333333,17.4262333333,77.9175,70.8989,68.6440666667,70.1601,50.5881666667,32.0613333333,58.1504333333,56.8384666667,31.638,61.7511666667,53.1764666667,71.2434666667,70.8489333333,36.9078333333,81.7686333333,43.2469666667,24.6539666667,14.3845333333,9.02443333333,6.31823333333
911.0,48.7733666667,78.3591666667,24.5614333333,17.4233333333,77.9162,71.0058,68.6498333333,70.2199666667,50.6041333333,32.0814333333,58.1812333333,56.8311,31.6833666667,61.9005333333,53.2105,71.2582,70.8722666667,36.941,81.7693,43.2416333333,24.6310333333,14.3789333333,9.02063333333,6.31843333333
912.0,48.9471,78.3733666667,24.5671333333,17.4197,77.9064,71.1407,68.6384666667,70.2666333333,50.6012333333,32.1033,58.1927666667,56.8445333333,31.7202,62.0393,53.2150666667,71.2754333333,70.8901,36.9567666667,81.7465333333,43.2367,24.6211,14.3744666667,9.02206666667,6.32466666667
913.0,49.1125666667,78.3955666667,24.5737333333,17.4191333333,77.9122333333,71.2638666667,68.6408333333,70.3357333333,50.5927333333,32.126,58.2174666667,56.8713,31.7679333333,62.1557,53.2177666667,71.2878,70.8848333333,36.9701,81.7368666667,43.2257,24.6122333333,14.3692666667,9.0223,6.32693333333
914.0,49.2724,78.4021,24.5844333333,17.4202,77.9085,71.3828666667,68.6476666667,70.3910666667,50.5976333333,32.1472333333,58.2309333333,56.8820333333,31.8038666667,62.2779333333,53.2263333333,71.2967,70.8779666667,36.9800333333,81.7174,43.2133,24.5952,14.3651,9.02106666667,6.3277
915.0,49.4419666667,78.4015,24.5877,17.4166,77.9160666667,71.493,68.6538,70.4438666667,50.5931666667,32.1769333333,58.2466666667,56.8900666667,31.8399333333,62.4091333333,53.2297333333,71.3108666667,70.9049,37.0041333333,81.7302666667,43.2136,24.5926666667,14.3594,9.0208,6.33756666667
916.0,49.6036,78.4038,24.5887,17.4138333333,77.9134333333,71.5911333333,68.6429666667,70.4951,50.5897666667,32.1903333333,58.2556333333,56.892,31.8787,62.5234666667,53.2326333333,71.3106,70.9041,37.0379333333,81.7335333333,43.2023,24.5853333333,14.3580333333,9.0235,6.3398
917.0,49.7607333333,78.4148,24.5905,17.4143333333,77.9004666667,71.6854333333,68.6348333333,70.5558333333,50.5955666667,32.2069666667,58.2714666667,56.9107666667,31.9221,62.6363,53.2473,71.3254,70.9043333333,37.0700333333,81.7287,43.2027666667,24.5741666667,14.3581,9.02653333333,6.33973333333
918.0,49.9386333333,78.4278,24.5927,17.4157333333,77.9042666667,71.7894,68.6359333333,70.6178,50.5940666667,32.2352333333,58.2874333333,56.9301,31.9615,62.7438666667,53.2528666667,71.3344666667,70.9029333333,37.0937,81.7313666667,43.2076333333,24.5686,14.3526333333,9.02716666667,6.34683333333
919.0,50.1217333333,78.4328666667,24.5932666667,17.4131,77.9174,71.8906,68.6224,70.6528333333,50.5856666667,32.2440666667,58.2868333333,56.9242333333,31.9923333333,62.8417666667,53.2495333333,71.3244666667,70.8797666667,37.1134666667,81.7141,43.1861,24.5544333333,14.3442,9.02416666667,6.35206666667
920.0,50.2784,78.4405,24.5928333333,17.4075666667,77.9175333333,71.9693333333,68.6151,70.6906333333,50.5879333333,32.2567,58.3072666667,56.9392,32.0304666667,62.9547,53.2697,71.3518333333,70.9023666667,37.1452666667,81.6937,43.1733333333,24.5384,14.3405666667,9.02006666667,6.3529
921.0,50.4395666667,78.4501666667,24.6031333333,17.4093,77.9148,72.0572,68.6363666667,70.7576,50.5923333333,32.3023333333,58.3427666667,56.9661333333,32.0667,63.0556333333,53.2786333333,71.3593,70.921,37.1811666667,81.6928,43.1656666667,24.5335666667,14.3405333333,9.02133333333,6.35183333333
922.0,50.6234666667,78.4391,24.6015333333,17.4036,77.9163666667,72.1560333333,68.6247666667,70.805,50.585,32.3201333333,58.3445,56.9698333333,32.1093,63.1727666667,53.2744,71.3618,70.932,37.2193,81.6982666667,43.1556,24.5188666667,14.3318333333,9.02686666667,6.35433333333
923.0,50.8169666667,78.4636666667,24.6108333333,17.4093666667,77.9148666667,72.2531,68.6085,70.8769666667,50.5777333333,32.3264333333,58.3572,56.9827,32.1579,63.2744333333,53.2965666667,71.3864333333,70.9388333333,37.2651333333,81.7018666667,43.1515,24.5028333333,14.3251,9.02996666667,6.35756666667
924.0,51.0228333333,78.4874,24.6165,17.4088,77.9354,72.3461,68.6270666667,70.9070333333,50.5896666667,32.3552,58.3608,56.9898,32.1897,63.3714666667,53.3007333333,71.3864666667,70.9316333333,37.2902333333,81.6832,43.1453333333,24.4887,14.3205333333,9.02503333333,6.3656
925.0,51.1771,78.4662333333,24.6156,17.4035666667,77.9152666667,72.4205666667,68.6336333333,70.9947,50.5889333333,32.3866,58.3869,57.0386666667,32.2359333333,63.4701666667,53.3305333333,71.4223,70.9451,37.3406,81.7167,43.1502666667,24.4953666667,14.3192666667,9.0302,6.3652
926.0,51.372,78.4790666667,24.6152666667,17.4011,77.9067333333,72.4931,68.6451,71.0523,50.5989,32.4124333333,58.4007333333,57.0456,32.2664333333,63.5389,53.3014333333,71.4071,70.9390333333,37.3748,81.7049666667,43.1408,24.4757666667,14.3203,9.02716666667,6.374
927.0,51.5568333333,78.5044666667,24.6339666667,17.4012333333,77.9020333333,72.5680333333,68.6464333333,71.1065333333,50.6014333333,32.4328,58.4309,57.0651,32.324,63.6365666667,53.3383,71.4367333333,70.9777333333,37.4182666667,81.6662,43.1170666667,24.4615,14.3066333333,9.03006666667,6.37476666667
928.0,51.7525333333,78.5001666667,24.6328333333,17.3979333333,77.8884333333,72.6276,68.6602666667,71.1819333333,50.6158666667,32.4664,58.4511666667,57.1034333333,32.3521333333,63.7086,53.3439333333,71.4503333333,70.9885666667,37.4518333333,81.6606666667,43.1149,24.4575666667,14.3050666667,9.01916666667,6.376
929.0,51.9472666667,78.5155333333,24.6356333333,17.4075333333,77.9273666667,72.7119333333,68.6289666667,71.2084666667,50.6096666667,32.4749333333,58.4375,57.1061,32.3938666667,63.8077,53.3774,71.4816666667,70.9981,37.498,81.6704333333,43.1147333333,24.4500333333,14.3006333333,9.02496666667,6.37626666667
930.0,52.1733,78.5587333333,24.6537,17.4086666667,77.9763666667,72.8059333333,68.6806,71.3081,50.6345666667,32.5156333333,58.4893666667,57.1412666667,32.436,63.8959333333,53.3688666667,71.4912,71.0150333333,37.5318,81.6692333333,43.1058666667,24.4406333333,14.2988666667,9.0347,6.3789
931.0,52.402,78.5652,24.6689666667,17.4246,77.9977,72.898,68.6634666667,71.3739,50.6266333333,32.5403,58.5108,57.1671,32.4813666667,63.9698333333,53.3806666667,71.4887,71.0075666667,37.561,81.6697333333,43.1022333333,24.4355,14.2998,9.03393333333,6.38556666667
932.0,52.5896333333,78.5743,24.6782333333,17.4205,77.9827666667,72.9489,68.6567333333,71.4095333333,50.6255666667,32.5539666667,58.5065333333,57.1765666667,32.5172333333,64.0686,53.3957666667,71.4957333333,71.0267666667,37.6022333333,81.6639,43.1013,24.4239333333,14.2994,9.04156666667,6.3937
933.0,52.7885,78.5607,24.6692666667,17.4173666667,77.9459,72.9984,68.6649666667,71.4498333333,50.6275,32.5832333333,58.524,57.1801,32.5561333333,64.1495666667,53.4096666667,71.5194666667,71.0306,37.6350333333,81.6829,43.1098,24.4123,14.2938666667,9.03783333333,6.39703333333
934.0,53.0085,78.5446666667,24.6738,17.4127666667,77.9536,73.0774666667,68.6755,71.5253333333,50.6486333333,32.6155,58.5639,57.2225,32.6010666667,64.2168333333,53.4257666667,71.5240333333,71.0192,37.6758333333,81.6546,43.0913333333,24.3996,14.2897666667,9.03796666667,6.40043333333
935.0,53.2159,78.5609,24.6799666667,17.4085333333,77.9731666667,73.1420333333,68.6887666667,71.5759666667,50.6564333333,32.6295666667,58.5767,57.252,32.6509,64.3035333333,53.4421666667,71.5559666667,71.0492666667,37.7058666667,81.6573,43.0868,24.3877333333,14.2912666667,9.04363333333,6.4048
936.0,53.4370333333,78.6111666667,24.6933666667,17.4148666667,78.0184333333,73.2236,68.7124,71.6592333333,50.6574666667,32.672,58.6163,57.2852333333,32.6898333333,64.3739666667,53.4357333333,71.5574666667,71.0577,37.7254666667,81.6424,43.0833,24.3864333333,14.2903666667,9.0433,6.40796666667
937.0,53.6742,78.6491,24.6947333333,17.4183666667,78.04,73.2836333333,68.7189,71.7351666667,50.6549333333,32.7083,58.6441,57.3129333333,32.7295,64.4539333333,53.4498333333,71.5583333333,71.0752,37.7576666667,81.6755,43.0779333333,24.3829,14.2881,9.04693333333,6.41513333333
938.0,53.8881666667,78.6442666667,24.6969666667,17.4150333333,78.0425333333,73.3367,68.7178666667,71.7665,50.6471666667,32.7146333333,58.6324333333,57.3091666667,32.7578666667,64.5194666667,53.4366,71.5558,71.0687333333,37.7736666667,81.6947333333,43.0706,24.3794,14.2832666667,9.0506,6.42076666667
939.0,54.1064333333,78.6538,24.7012666667,17.4143333333,78.0421333333,73.4069333333,68.71,71.8124,50.6467333333,32.7326666667,58.6434666667,57.3228333333,32.7830666667,64.5695333333,53.4256,71.5518666667,71.0407,37.7692,81.6752333333,43.0511333333,24.3626333333,14.2830333333,9.04236666667,6.42223333333
940.0,54.3414,78.6694333333,24.7063,17.4248666667,78.0532666667,73.4827,68.6964333333,71.8807,50.6419333333,32.7479,58.6551666667,57.3361666667,32.8210333333,64.6382333333,53.4459333333,71.5566,71.0529666667,37.7860333333,81.6728666667,43.0426333333,24.3496,14.2775333333,9.04283333333,6.42216666667
941.0,54.5567,78.6494666667,24.7087333333,17.4256666667,78.0635666667,73.5339666667,68.7164,71.9535,50.6426,32.7729666667,58.6629666667,57.3470333333,32.8603666667,64.7214333333,53.4579,71.5571666667,71.0547666667,37.8193,81.6843666667,43.0467,24.355,14.2743333333,9.0458,6.4262
942.0,54.7879666667,78.6727333333,24.7136666667,17.4242,78.0679666667,73.5990666667,68.7235333333,71.9783666667,50.6380333333,32.8003666667,58.6773,57.3437333333,32.9097,64.8022333333,53.4593666667,71.5675333333,71.0652666667,37.8468333333,81.6849333333,43.0507,24.3464,14.2776,9.05046666667,6.43386666667
943.0,55.0346333333,78.7126666667,24.7306333333,17.434,78.0900333333,73.6890333333,68.7038333333,72.0180333333,50.6424,32.8148,58.6890666667,57.3502666667,32.9717666667,64.9099333333,53.488,71.6065333333,71.1195,37.8822,81.6951666667,43.0695,24.3417,14.2700666667,9.06276666667,6.44023333333
944.0,55.2472333333,78.7153333333,24.7407333333,17.4265333333,78.1085333333,73.7544333333,68.7208,72.1201666667,50.6707666667,32.8409,58.7130333333,57.3969666667,33.0113666667,65.0044333333,53.5174666667,71.6609666667,71.1469666667,37.9122333333,81.6885,43.0700666667,24.3290333333,14.2666666667,9.05796666667,6.44066666667
945.0,55.4661666667,78.7129666667,24.7475666667,17.4212333333,78.114,73.8106333333,68.7365333333,72.1808333333,50.6794,32.8676666667,58.7336,57.4094,33.0346666667,65.0527333333,53.5065666667,71.6577,71.1335,37.9206,81.6768,43.0437,24.3132333333,14.2659333333,9.05656666667,6.44166666667
946.0,55.6988,78.7074,24.7554666667,17.4282333333,78.1037333333,73.8684666667,68.7285333333,72.2224,50.6761,32.8981,58.7475666667,57.4264,33.0686333333,65.1180666667,53.4978666667,71.6241333333,71.1114333333,37.9372333333,81.6971,43.0343666667,24.3113333333,14.2624333333,9.0593,6.44343333333
947.0,55.9204333333,78.7039333333,24.7615,17.4312666667,78.1012,73.9379666667,68.7337333333,72.2611333333,50.6663666667,32.9115666667,58.7476,57.4584666667,33.1175,65.2118666667,53.5139666667,71.6535666667,71.1169666667,37.9764333333,81.6862,43.0478666667,24.3028666667,14.2570333333,9.0545,6.44413333333
948.0,56.1439666667,78.6695,24.7627333333,17.4345333333,78.0835333333,73.9712666667,68.7264333333,72.283,50.6686,32.9284333333,58.7666666667,57.4639666667,33.1663333333,65.2733333333,53.5214333333,71.6522,71.1026666667,37.9930333333,81.6614,43.0355666667,24.3016,14.2526,9.06393333333,6.4558
949.0,56.3431666667,78.6184,24.7541666667,17.4286666667,78.0552333333,73.9865666667,68.7155,72.3358333333,50.6784,32.9582666667,58.7784,57.4905666667,33.1886,65.3094666667,53.5190666667,71.6247333333,71.0745666667,38.0036666667,81.6360333333,43.0142333333,24.282,14.2539,9.0648,6.45666666667
950.0,56.6059,78.6614,24.7693666667,17.4401666667,78.1110666667,74.1101333333,68.7112,72.3806,50.6709,32.9773,58.7770666667,57.5037,33.2308,65.4175,53.5505,71.6561,71.1213,38.0395666667,81.6294,43.0131666667,24.2746666667,14.2449,9.06623333333,6.4614
951.0,56.8784,78.7316,24.7904333333,17.4433,78.1543333333,74.2362333333,68.7430666667,72.4956666667,50.6958,33.0215,58.8423333333,57.5386333333,33.2844333333,65.5275,53.5661333333,71.7115333333,71.1776333333,38.0815333333,81.6079666667,43.0009666667,24.2662333333,14.2470333333,9.06593333333,6.4663
952.0,57.1236333333,78.7455666667,24.7912,17.4388,78.1740666667,74.3141,68.757,72.5563333333,50.6938666667,33.0476333333,58.8626666667,57.5385666667,33.3246,65.6156666667,53.5785666667,71.729,71.191,38.1094,81.6240333333,43.0192333333,24.2638666667,14.248,9.0648,6.46876666667
953.0,57.3724333333,78.7812,24.8060333333,17.4444,78.1997666667,74.3972666667,68.7336666667,72.5916666667,50.7166,33.0631666667,58.8518333333,57.5532333333,33.3566333333,65.6990666667,53.5838,71.7354333333,71.1973,38.1365333333,81.6319333333,43.0084666667,24.2612666667,14.2461666667,9.06286666667,6.47053333333
954.0,57.5946,78.7891333333,24.8121666667,17.4592666667,78.1997666667,74.476,68.7808333333,72.6722,50.7333,33.0929666667,58.9048666667,57.6019666667,33.3971,65.7557,53.5941666667,71.7358,71.1746666667,38.1483333333,81.6083666667,42.9893666667,24.2640666667,14.2393333333,9.068,6.4699
955.0,57.8385666667,78.822,24.8152,17.4594,78.2246,74.5564333333,68.7885666667,72.7308,50.747,33.1168333333,58.9185,57.6230666667,33.4392666667,65.8408666667,53.6186,71.7503666667,71.1817,38.1797666667,81.6639,43.0235666667,24.2640333333,14.2354333333,9.0728,6.48236666667
956.0,58.0719,78.8371666667,24.8239,17.4512666667,78.2270666667,74.6161333333,68.7773,72.7763,50.7361333333,33.1408666667,58.9111,57.653,33.4651333333,65.9005333333,53.6073,71.7261,71.162,38.1927,81.6829666667,43.0327666667,24.2544666667,14.2338333333,9.07033333333,6.48626666667
957.0,58.3018,78.8276666667,24.8382,17.4461,78.2453333333,74.6788,68.7686666667,72.8192666667,50.7290333333,33.1616666667,58.9152333333,57.6678,33.5178333333,66.0058,53.6351,71.7802,71.2192333333,38.2396666667,81.6419666667,43.0178333333,24.2442333333,14.2397333333,9.08046666667,6.49186666667
958.0,58.5422333333,78.8233,24.8312666667,17.4559666667,78.2383666667,74.7346333333,68.7774333333,72.8660333333,50.7661,33.1844333333,58.9463,57.6635,33.5723333333,66.1026,53.6769666667,71.8275333333,71.2543666667,38.2834666667,81.6529333333,43.0181666667,24.2547333333,14.2457333333,9.08416666667,6.50413333333
959.0,58.7866333333,78.816,24.844,17.4686666667,78.2211333333,74.7839333333,68.8095,72.9137,50.7745333333,33.2164,58.9773,57.7225666667,33.6114333333,66.1802666667,53.6882,71.8135,71.2578,38.2996333333,81.6043333333,42.9762333333,24.2178333333,14.2352333333,9.0779,6.49973333333
960.0,59.0135333333,78.831,24.8568333333,17.4665333333,78.2227333333,74.8537,68.8097333333,72.9695666667,50.7585666667,33.2330333333,59.0021666667,57.7413666667,33.6368333333,66.2378,53.6756666667,71.7857666667,71.2530666667,38.3180666667,81.6227666667,43.0017,24.2188,14.2389333333,9.09096666667,6.51106666667
961.0,59.1975666667,78.8096,24.8487,17.4521,78.2149333333,74.8719333333,68.762,72.9911,50.7325333333,33.2388333333,58.9777,57.7095333333,33.6521,66.2516333333,53.6346,71.7479666667,71.2024666667,38.3141,81.5936666667,43.0017333333,24.2131333333,14.2257333333,9.0945,6.51126666667
962.0,59.402,78.7727,24.8369333333,17.4503666667,78.1847,74.899,68.7455666667,73.0526,50.7369,33.2597666667,58.9527333333,57.7312666667,33.7058333333,66.3428666667,53.6723333333,71.7864666667,71.2276666667,38.3443,81.5498,42.9739333333,24.1823666667,14.2093666667,9.07423333333,6.50523333333
963.0,59.677,78.7723666667,24.8471666667,17.4544666667,78.1946,74.985,68.7735,73.1122666667,50.7543666667,33.2766666667,58.9934666667,57.7731666667,33.7494333333,66.3955666667,53.6926,71.8112,71.2346,38.3764666667,81.5599333333,42.9896333333,24.1837,14.2198,9.07583333333,6.513
964.0,59.8864666667,78.7855,24.8476666667,17.4447666667,78.1693,75.0057333333,68.7468,73.1338666667,50.7282,33.2983,59.0004666667,57.7921666667,33.7772,66.4386666667,53.6951,71.8068,71.2311333333,38.4072666667,81.5720666667,43.0032,24.1885666667,14.2398,9.09263333333,6.51806666667
965.0,60.1058333333,78.7995666667,24.8647666667,17.454,78.1757333333,75.0564333333,68.7329,73.1780666667,50.7396,33.3262666667,58.9980333333,57.7901333333,33.8097666667,66.5063,53.7006666667,71.7844333333,71.2248666667,38.4118333333,81.5650333333,42.9875666667,24.1828333333,14.2401666667,9.09043333333,6.51703333333
966.0,60.3195,78.7996,24.8811666667,17.4526333333,78.1991666667,75.0937666667,68.7223333333,73.1969666667,50.7246666667,33.3402,59.0003,57.7950666667,33.8458333333,66.5238666667,53.6976,71.7806,71.2024333333,38.4132666667,81.5174,42.9587,24.1663666667,14.2165666667,9.08556666667,6.52023333333
967.0,60.5743333333,78.8133666667,24.8811333333,17.4565,78.2119333333,75.1627333333,68.7165,73.2417333333,50.7154666667,33.3796666667,59.0395,57.8031333333,33.8452333333,66.501,53.6592,71.7295333333,71.1472666667,38.4019666667,81.5523,42.9753666667,24.1455333333,14.2089,9.07976666667,6.52733333333
968.0,60.776,78.776,24.8575,17.4379666667,78.1354333333,75.1526333333,68.6878,73.2289,50.6959333333,33.3798666667,59.0190333333,57.7810666667,33.9004,66.6422,53.6753333333,71.7766333333,71.2255666667,38.4390666667,81.5523666667,42.9634,24.1449333333,14.1983333333,9.0906,6.53373333333
969.0,60.9829333333,78.7593666667,24.8726666667,17.4388,78.1365666667,75.1712333333,68.7382333333,73.2990333333,50.7434,33.4123666667,59.0478,57.8323333333,33.9338666667,66.6662,53.6983333333,71.8044333333,71.2713,38.4563666667,81.5320666667,42.9585,24.1614333333,14.2208333333,9.08863333333,6.54483333333
970.0,61.2032,78.725,24.8697,17.4367333333,78.1038,75.1966666667,68.7153333333,73.3906666667,50.7289666667,33.4464333333,59.0475666667,57.8469,33.9804333333,66.7275333333,53.7223333333,71.8718,71.2723666667,38.4979,81.5404,42.9446666667,24.1394666667,14.2161666667,9.10233333333,6.54033333333
971.0,61.4287666667,78.7284666667,24.8712666667,17.4535333333,78.1191333333,75.2512333333,68.7361,73.4152333333,50.7113,33.4424,59.0430333333,57.8453666667,34.0030666667,66.7525666667,53.6665666667,71.8257333333,71.2515,38.4755666667,81.5811,42.9653,24.1347,14.2036333333,9.0888,6.53896666667
972.0,61.6699666667,78.8050333333,24.9106333333,17.4402,78.1808,75.3239333333,68.7167,73.4788,50.7300666667,33.4779333333,59.0345666667,57.8538,34.0495,66.8257,53.7190333333,71.8151333333,71.2712,38.4937666667,81.5612,42.9753666667,24.147,14.2024666667,9.10283333333,6.5421
973.0,61.9309333333,78.8718,24.9193333333,17.4641,78.2418333333,75.3973333333,68.7538,73.5235666667,50.7917,33.5076666667,59.0813,57.8463,34.081,66.8495,53.7391666667,71.8560333333,71.2556,38.4876666667,81.4992333333,42.9089666667,24.1003,14.1854666667,9.0775,6.53673333333
974.0,62.0169333333,78.7643666667,24.8854333333,17.4233333333,78.1105,75.2810333333,68.6849666667,73.5112,50.7370666667,33.4872666667,59.0351666667,57.8161,34.1197333333,66.8704,53.7624,71.8782666667,71.2829,38.5252666667,81.5013,42.9394333333,24.1007,14.1879666667,9.08713333333,6.53023333333
975.0,62.2984333333,78.8082,24.8966,17.442,78.1605333333,75.3317,68.6278666667,73.4951333333,50.7008666667,33.5096666667,58.9906,57.8362333333,34.1457666667,66.9299666667,53.7806666667,71.8785333333,71.2942666667,38.5148333333,81.4119333333,42.9022666667,24.0789333333,14.1997333333,9.10063333333,6.53146666667
976.0,62.4913,78.8458333333,24.9151333333,17.4572333333,78.2165,75.4046,68.6931333333,73.6143333333,50.7737,33.5449,59.0631333333,57.9110333333,34.1342,66.8822333333,53.7491333333,71.8355,71.2412666667,38.4627,81.5017,42.9600333333,24.0899333333,14.1891,9.0825,6.53926666667
977.0,62.6639333333,78.8062,24.9037666667,17.4334666667,78.0897,75.363,68.6667,73.6289666667,50.7766,33.5506666667,59.0725,57.917,34.2078666667,66.9257666667,53.7680333333,71.8782666667,71.3112,38.4898333333,81.4516,42.8972,24.0610666667,14.1704,9.0857,6.554
978.0,62.8370333333,78.7989666667,24.8889333333,17.4425666667,78.1088333333,75.3218666667,68.6003333333,73.6067,50.7104,33.5321333333,59.0233666667,57.8493,34.2065333333,66.9127666667,53.7256666667,71.8422333333,71.2326333333,38.4643333333,81.4321666667,42.9202,24.0350333333,14.1809333333,9.10036666667,6.54543333333
979.0,63.0387333333,78.7692,24.8867666667,17.4306333333,78.1221666667,75.3971,68.5811,73.6305666667,50.7078666667,33.5713666667,58.9976666667,57.8288666667,34.2577,67.0064666667,53.7519,71.9199,71.3264666667,38.4990666667,81.4086333333,42.8787666667,24.0329666667,14.1544666667,9.06583333333,6.55233333333
980.0,63.2614333333,78.7991333333,24.8979666667,17.4257666667,78.0970333333,75.3934666667,68.5976666667,73.6939333333,50.7291,33.585,59.0201,57.8799666667,34.2795,66.9892,53.7425333333,71.8579333333,71.2493666667,38.4808666667,81.4076,42.9014,24.0193,14.1597,9.078,6.5485
981.0,63.4613666667,78.799,24.8979,17.4237333333,78.0919333333,75.409,68.5797333333,73.7208666667,50.7253666667,33.5991,59.0142666667,57.8791666667,34.3099666667,67.0173666667,53.7458666667,71.8654333333,71.2536666667,38.4815,81.3916666667,42.8932,24.0060333333,14.1532333333,9.075,6.5501
982.0,63.6867666667,78.8005333333,24.8983666667,17.4211666667,78.0845,75.4263666667,68.5611666667,73.7498666667,50.7239666667,33.6124666667,59.0082,57.8822666667,34.3409333333,67.0463333333,53.7481,71.8674333333,71.2507333333,38.4819666667,81.3747,42.8881333333,23.9920333333,14.1473333333,9.0727,6.55116666667
983.0,63.9174,78.8019333333,24.8988,17.4185333333,78.0769333333,75.4444333333,68.5419,73.7787,50.7225333333,33.6255666667,59.0016,57.8853333333,34.3722,67.0762,53.7502,71.8693333333,71.2476,38.4826666667,81.3572666667,42.8831666667,23.9778333333,14.1413666667,9.0704,6.55223333333
984.0,64.1349,78.8036666667,24.8994333333,17.4160333333,78.0698,75.4608,68.5244666667,73.808,50.7210333333,33.6392333333,58.9962666667,57.8885,34.4028333333,67.1037666667,53.7524666667,71.8714333333,71.245,38.4827,81.3410666667,42.8778,23.9641,14.1356,9.06823333333,6.55336666667
985.0,64.3393333333,78.8057666667,24.9002333333,17.4136666667,78.0631,75.4754333333,68.5089333333,73.8378333333,50.7193333333,33.6533333333,58.9924,57.8917666667,34.4328,67.1290333333,53.7548666667,71.8736666667,71.2430666667,38.4821,81.326,42.8720333333,23.9508,14.1299333333,9.0663,6.55453333333
986.0,64.5306,78.8082,24.9012333333,17.4114666667,78.0568333333,75.4883666667,68.4952666667,73.8680333333,50.7175,33.6679666667,58.9897666667,57.8951333333,34.4622,67.1520666667,53.7573666667,71.8760333333,71.2417,38.4807666667,81.3122,42.8658666667,23.9379,14.1244666667,9.0645,6.55576666667
987.0,64.7088,78.8109333333,24.9024,17.4093666667,78.0510666667,75.4996,68.4834333333,73.8987666667,50.7155666667,33.6830333333,58.9885,57.8986,34.4909666667,67.1727333333,53.7599666667,71.8786333333,71.2409333333,38.4788,81.2996,42.8593333333,23.9254333333,14.1191666667,9.0629,6.557
988.0,64.8738333333,78.8140333333,24.9037666667,17.4074,78.0456666667,75.5091333333,68.4735333333,73.93,50.7135,33.6986333333,58.9886,57.9021666667,34.5191666667,67.1911333333,53.7626666667,71.8813666667,71.2408,38.4761666667,81.2882333333,42.8523333333,23.9133333333,14.114,9.06146666667,6.55833333333
989.0,65.0258,78.8174666667,24.9053,17.4055666667,78.0407333333,75.5169333333,68.4654666667,73.9617,50.7112666667,33.7147333333,58.9900333333,57.9058333333,34.5467333333,67.2072,53.7655,71.8843,71.2412333333,38.4728333333,81.2781,42.8450333333,23.9017333333,14.109,9.0602,6.55966666667
990.0,65.1646333333,78.8212333333,24.9070333333,17.4038333333,78.0362666667,75.5230333333,68.4593333333,73.9938333333,50.7089333333,33.7313,58.9928,57.9096333333,34.5737,67.221,53.7684333333,71.8873333333,71.2422666667,38.4688,81.2691333333,42.8372333333,23.8905,14.1041666667,9.05916666667,6.56106666667
991.0,65.2904,78.8253,24.9089666667,17.4022333333,78.0322333333,75.5274333333,68.455,74.0264666667,50.7064,33.7484,58.9969,57.9135333333,34.6000333333,67.2324666667,53.7715,71.8905333333,71.2438666667,38.4641333333,81.2614,42.8291,23.8797,14.0995,9.0583,6.56253333333
992.0,65.403,78.8297333333,24.9111,17.4007666667,78.0286333333,75.5300666667,68.4525666667,74.0595666667,50.7038,33.7659666667,59.0023,57.9175333333,34.6258,67.2416666667,53.7746666667,71.8939666667,71.2461,38.4587333333,81.2548666667,42.8205666667,23.8693,14.0950333333,9.0576,6.56406666667
993.0,65.5025,78.8345333333,24.9134,17.3994333333,78.0254666667,75.5310666667,68.452,74.0931,50.7010333333,33.784,59.0090666667,57.9216,34.6508666667,67.2485333333,53.7779333333,71.8975,71.2489333333,38.4526666667,81.2495666667,42.8116,23.8593666667,14.0906333333,9.05706666667,6.5656
994.0,65.5889,78.8396666667,24.9158666667,17.3982666667,78.0227666667,75.5303333333,68.4533666667,74.1271666667,50.6981333333,33.8025666667,59.0171666667,57.9258,34.6753666667,67.2531666667,53.7813333333,71.9012333333,71.2523666667,38.446,81.2455,42.8022666667,23.8498,14.0864333333,9.0567,6.5672
995.0,65.6805333333,78.8446666667,24.9182666667,17.3970333333,78.0198666667,75.5302666667,68.4539,74.1610333333,50.6952666667,33.8209333333,59.0247333333,57.93,34.7001666667,67.2586666667,53.7846666667,71.9048666667,71.2555666667,38.4395333333,81.2408666667,42.7930333333,23.8401,14.0822,9.0563,6.56876666667
996.0,65.7957666667,78.849,24.9203666667,17.3955666667,78.0161666667,75.5333,68.4511,74.1940333333,50.6926666667,33.8383666667,59.0299,57.9339333333,34.7260333333,67.2683,53.7878,71.9082333333,71.2576666667,38.4343,81.2341333333,42.7846,23.8296666667,14.0776666667,9.05556666667,6.57026666667
997.0,65.911,78.8533666667,24.9224666667,17.3941,78.0125,75.5363333333,68.4483,74.2270333333,50.6900666667,33.8558333333,59.0350333333,57.9378666667,34.7519,67.278,53.7909333333,71.9116,71.2598,38.4290333333,81.2273666667,42.7761333333,23.8191666667,14.0731333333,9.0548,6.57176666667
998.0,66.0262333333,78.8577333333,24.9245333333,17.3926,78.0087666667,75.5393666667,68.4455,74.2600666667,50.6874666667,33.8733,59.0402333333,57.9418666667,34.7777,67.2876333333,53.7941,71.9149333333,71.2619,38.4238333333,81.2206,42.7676333333,23.8087,14.0686,9.05406666667,6.57326666667
999.0,66.1415,78.8621333333,24.9266,17.3911333333,78.0051333333,75.5423666667,68.4427333333,74.2930666667,50.6848666667,33.8907666667,59.0454,57.9458333333,34.8035666667,67.2973333333,53.7972,71.9183,71.2639666667,38.4185666667,81.2138333333,42.7591666667,23.7982,14.0640333333,9.0533,6.57476666667
1000.0,66.2567333333,78.8665333333,24.9287,17.3896666667,78.0014333333,75.5454,68.4399333333,74.3260666667,50.6822666667,33.9082333333,59.0505333333,57.9498333333,34.8294333333,67.3069333333,53.8003333333,71.9216666667,71.2660666667,38.4133666667,81.2070666667,42.7507,23.7877666667,14.0595333333,9.0526,6.57623333333
1001.0,66.3719666667,78.8708666667,24.9307333333,17.3881333333,77.9977666667,75.5484333333,68.4371,74.3590666667,50.6796666667,33.9257,59.0557,57.9537666667,34.8553,67.3165666667,53.8035,71.9250333333,71.2681666667,38.4081666667,81.2003,42.7422333333,23.7773,14.0549666667,9.05186666667,6.57776666667
1002.0,66.4868333333,78.8752,24.9327333333,17.3865666667,77.9939666667,75.5513,68.4341666667,74.3920666667,50.6768666667,33.9430666667,59.0606333333,57.9576333333,34.8810333333,67.3259333333,53.8064333333,71.9282666667,71.2700333333,38.4028666667,81.1937,42.7336,23.7668,14.0503666667,9.05106666667,6.5792
1003.0,66.6011,78.8794666667,24.9345666667,17.3849,77.9899666667,75.5539333333,68.4309666667,74.4249,50.6737333333,33.9603,59.0654,57.9613333333,34.9066333333,67.3346666667,53.8090666667,71.9313333333,71.2715,38.3975,81.1872,42.7248666667,23.7563,14.0456333333,9.05013333333,6.58056666667
1004.0,66.7159333333,78.8838333333,24.9365666667,17.3832666667,77.9861666667,75.5568,68.4279666667,74.4578333333,50.6709,33.9776333333,59.0703333333,57.9651666667,34.9324,67.3439333333,53.8120333333,71.9345666667,71.2733333333,38.3922,81.1806333333,42.7162,23.7458333333,14.0410333333,9.04936666667,6.58196666667
1005.0,66.8323666667,78.8883,24.9389333333,17.3821333333,77.9828666667,75.5603,68.4257,74.4910333333,50.6689333333,33.9954333333,59.0761,57.9695,34.9585666667,67.3547,53.8157666667,71.9383,71.2762666667,38.3871333333,81.1734333333,42.7081333333,23.7354333333,14.0367,9.0488,6.58363333333
1006.0,66.9518666667,78.8929,24.9420666667,17.3816666667,77.9802666667,75.5648333333,68.4250333333,74.5248,50.6688666667,34.0142,59.0835666667,57.9749333333,34.9857333333,67.3686333333,53.8214333333,71.9429666667,71.2817,38.3826,81.1651666667,42.7012,23.725,14.0329333333,9.0488,6.5858
1007.0,67.0740666667,78.8975,24.9459333333,17.3818666667,77.9783333333,75.5701333333,68.4259333333,74.5592,50.6706333333,34.0340333333,59.0928666667,57.9814666667,35.0139,67.3856666667,53.829,71.9485333333,71.2895666667,38.3787,81.1558333333,42.6954,23.7147,14.0297666667,9.0494,6.58846666667
1008.0,67.1966333333,78.9024,24.9498,17.3820666667,77.9767333333,75.5759,68.4265666667,74.5934666667,50.6721333333,34.0536,59.1017666667,57.9877333333,35.0419333333,67.4024333333,53.8361333333,71.9541,71.297,38.3746,81.1465333333,42.6894,23.7043666667,14.0265333333,9.04986666667,6.591
1009.0,67.3175,78.9081333333,24.9528666667,17.3816333333,77.9752333333,75.5819333333,68.4248333333,74.6267666667,50.6712333333,34.0715666667,59.1083333333,57.9923333333,35.0685,67.4154666667,53.8406333333,71.9587,71.3010666667,38.3694666667,81.1381666667,42.6819,23.6941333333,14.0225333333,9.04956666667,6.59283333333
1010.0,67.4366333333,78.9157333333,24.9547666667,17.3801666667,77.9745333333,75.5892333333,68.4188666667,74.6584,50.6662333333,34.0865666667,59.1106666667,57.9938333333,35.0924666667,67.4224,53.8403333333,71.9618,71.2991,38.3622666667,81.1313333333,42.6718333333,23.6840333333,14.0172666667,9.04783333333,6.59336666667
1011.0,67.5552666667,78.9250666667,24.9558,17.378,77.9748333333,75.5980333333,68.4098,74.6887666667,50.6581666667,34.0993,59.1098,57.9929666667,35.1145666667,67.4251333333,53.8364666667,71.9638666667,71.2927666667,38.3534666667,81.1254,42.6598333333,23.6741,14.0110333333,9.04503333333,6.59296666667
1012.0,67.6715666667,78.9336666667,24.9565333333,17.3755,77.9741333333,75.6054333333,68.4005,74.7191,50.6497,34.1120333333,59.1087,57.9920333333,35.1365333333,67.4266666667,53.8323,71.9655333333,71.2859,38.3448,81.1201,42.6476,23.6641333333,14.0046666667,9.0422,6.5925
1013.0,67.7836333333,78.9391666667,24.9573,17.3728666667,77.9704333333,75.6086333333,68.3939333333,74.7506333333,50.6432,34.1269666667,59.1099666667,57.9933333333,35.1601,67.4303,53.8311333333,71.9673,71.2825,38.3379,81.1150333333,42.6367,23.6537333333,13.9989,9.0402,6.59283333333
1014.0,67.8897666667,78.9392,24.9580333333,17.3699,77.9612333333,75.6048666667,68.3917333333,74.7842333333,50.6397333333,34.1455,59.1151333333,57.9981,35.1861666667,67.4373,53.8344666667,71.9687666667,71.2844,38.3332333333,81.1094333333,42.6276666667,23.6424,13.994,9.03936666667,6.59443333333
1015.0,67.9909666667,78.9350333333,24.9584666667,17.3664333333,77.9477,75.5959,68.3922333333,74.8192,50.6379,34.1664,59.1226666667,58.0051333333,35.2137666667,67.4459,53.8405333333,71.9697666667,71.2894333333,38.3297,81.1036666667,42.6195666667,23.6303333333,13.9894666667,9.03926666667,6.59666666667
1016.0,68.0898666667,78.9306,24.9593,17.3632333333,77.9342666667,75.5855666667,68.394,74.8544666667,50.6373333333,34.1880333333,59.1313,58.0130666667,35.2422,67.4555333333,53.8482,71.9714666667,71.2963666667,38.3279666667,81.0991333333,42.6126,23.6186,13.9855333333,9.03973333333,6.5995
1017.0,68.1890666667,78.9295333333,24.9611333333,17.3611,77.9252333333,75.5778666667,68.3955,74.8890666667,50.6376,34.2087,59.1398,58.0205333333,35.2706333333,67.4655,53.8566,71.9752666667,71.3041666667,38.3283333333,81.0974,42.6068,23.6083,13.9821,9.0407,6.60256666667
1018.0,68.2895333333,78.9335333333,24.9648,17.3606666667,77.9226333333,75.5737666667,68.3968666667,74.9224333333,50.6392333333,34.2282333333,59.1482,58.0280333333,35.2997,67.4774666667,53.8666666667,71.9822333333,71.3143333333,38.3318666667,81.0999333333,42.6035,23.6002333333,13.9800333333,9.0427,6.60636666667
1019.0,68.3899333333,78.9404666667,24.9697333333,17.3613,77.9239,75.5712333333,68.3986666667,74.9551666667,50.6422666667,34.2472666667,59.1570666667,58.0359333333,35.3295,67.4910666667,53.8784333333,71.9915,71.3268,38.3379666667,81.1055666667,42.6021,23.5936333333,13.9789333333,9.0456,6.61076666667
1020.0,68.4892333333,78.9483333333,24.9746666667,17.3621,77.9266666667,75.5696333333,68.4001333333,74.988,50.6453,34.2658666667,59.1657333333,58.0428333333,35.3586666667,67.5031,53.8895333333,72.0011333333,71.3381,38.3448666667,81.1118666667,42.6003,23.5872666667,13.9774666667,9.0482,6.6149
1021.0,68.5863,78.9552666667,24.9783333333,17.3619333333,77.9285666667,75.5683666667,68.4004,75.0217,50.6469666667,34.284,59.1735666667,58.0473333333,35.3856333333,67.5104333333,53.8975666667,72.0093,71.3449333333,38.3506666667,81.1164,42.5956333333,23.5798666667,13.9743666667,9.04933333333,6.61776666667
1022.0,68.6815333333,78.9612333333,24.9803,17.3605333333,77.9294666667,75.5679666667,68.3986666667,75.0572333333,50.6466,34.3012666667,59.1799666667,58.0480333333,35.4093666667,67.5107333333,53.9011,72.0157666667,71.3446666667,38.3546,81.1192,42.5868666667,23.5712666667,13.9687666667,9.0482,6.61866666667
1023.0,68.7753333333,78.9671666667,24.9811333333,17.3583666667,77.9304,75.5684333333,68.3955666667,75.0939333333,50.6450666667,34.3177666667,59.1853666667,58.0460333333,35.4309333333,67.5061666667,53.9016,72.0214333333,71.3397333333,38.3577333333,81.1213333333,42.5754,23.5620333333,13.9616,9.04556666667,6.61833333333
1024.0,68.8663666667,78.9721666667,24.9817333333,17.356,77.9309333333,75.5686333333,68.3925,75.1299666667,50.6431666667,34.3343666667,59.1910333333,58.0437333333,35.4519333333,67.5004,53.9013333333,72.0260333333,71.3340666667,38.3611333333,81.1217,42.5632,23.5520666667,13.9539333333,9.0426,6.61763333333
1025.0,68.9534,78.9756,24.9828,17.3535666667,77.9305666667,75.5674,68.3909,75.1636333333,50.6416333333,34.3519333333,59.1982,58.0435,35.4740333333,67.4971666667,53.9022,72.0293,71.3317,38.366,81.1193333333,42.5520666667,23.5411666667,13.9469,9.04023333333,6.61773333333
1026.0,69.0349666667,78.9764,24.9838666667,17.3508,77.9285,75.5643,68.3909333333,75.1937,50.6400333333,34.3704666667,59.2074,58.0452666667,35.4968,67.4955,53.9037666667,72.0298333333,71.3320666667,38.3721666667,81.1124333333,42.5414333333,23.5285,13.94,9.0383,6.6182
1027.0,69.1126,78.9754666667,24.9849333333,17.3477666667,77.9253666667,75.56,68.3919333333,75.2216,50.6382666667,34.3896333333,59.2178,58.0480666667,35.5199,67.4944666667,53.9054,72.0286333333,71.3338666667,38.3793,81.1025333333,42.5309666667,23.5146,13.9331333333,9.03643333333,6.61896666667
1028.0,69.1888333333,78.9745666667,24.9867666667,17.3451666667,77.9227333333,75.5554666667,68.3934,75.2495,50.6372,34.4093333333,59.2285666667,58.0521,35.5439,67.4956,53.9082666667,72.0282,71.3380666667,38.3874666667,81.0927333333,42.5215,23.5012,13.9270333333,9.0352,6.62033333333
1029.0,69.2664333333,78.9755,24.9900666667,17.3437,77.9220333333,75.5517,68.3947333333,75.2795,50.6377666667,34.4295,59.2388666667,58.0576,35.5693666667,67.5004333333,53.9133666667,72.0311,71.3455,38.3967,81.0861666667,42.514,23.4898666667,13.9224666667,9.03513333333,6.62276666667
1030.0,69.3457666667,78.9785,24.9955666667,17.3437,77.9239333333,75.5484333333,68.3963333333,75.3124333333,50.6407333333,34.4508333333,59.2492666667,58.0654333333,35.5974333333,67.5108,53.9215666667,72.0382,71.3587,38.4081333333,81.0841666667,42.5094,23.4813333333,13.9202333333,9.0368,6.6269
1031.0,69.4254333333,78.9827,25.0025333333,17.3446666667,77.9274333333,75.5454,68.3982,75.3468666667,50.6452666667,34.473,59.2598333333,58.0749333333,35.6271333333,67.5249333333,53.9319333333,72.0479,71.3757,38.4210666667,81.0846,42.5067333333,23.4745,13.9195,9.03963333333,6.6322
1032.0,69.5046666667,78.9875333333,25.0097,17.3459333333,77.9313,75.543,68.3996333333,75.3815333333,50.6498,34.4945666667,59.2694333333,58.0845666667,35.6566666667,67.5395666667,53.9427666667,72.0587,71.3922333333,38.4335333333,81.0850666667,42.5042333333,23.4679666667,13.9189333333,9.04246666667,6.63733333333
1033.0,69.5828333333,78.9926333333,25.0158333333,17.3468333333,77.9343333333,75.5416333333,68.4002666667,75.415,50.6528333333,34.5143666667,59.2772333333,58.0926666667,35.6842333333,67.5515666667,53.9523666667,72.0691333333,71.404,38.4437333333,81.0832333333,42.5002,23.4605666667,13.9172333333,9.0443,6.6411
1034.0,69.6607666667,78.9985666667,25.0212666667,17.3477,77.9368333333,75.5417,68.3991666667,75.4477666667,50.6538666667,34.5317,59.2821666667,58.0992,35.7097333333,67.5613333333,53.9610333333,72.081,71.411,38.4516,81.0787666667,42.4948666667,23.4525666667,13.9146,9.04506666667,6.64346666667
1035.0,69.7381333333,79.0050333333,25.0262333333,17.3485666667,77.9391333333,75.5426333333,68.3972333333,75.4800333333,50.6540333333,34.5477333333,59.2855333333,58.1049666667,35.7341,67.57,53.9693333333,72.0935333333,71.4152,38.4580666667,81.073,42.4888333333,23.4443333333,13.9114,9.04536666667,6.645
1036.0,69.8136333333,79.0112333333,25.0308333333,17.3491666667,77.9410333333,75.5436333333,68.3960666667,75.5116333333,50.6543333333,34.5637666667,59.2893,58.1104333333,35.7579,67.5777333333,53.9772,72.1042,71.4181,38.4636666667,81.0671666667,42.4822,23.4355333333,13.9077666667,9.04516666667,6.6462
1037.0,69.8859333333,79.0163,25.035,17.3490333333,77.9424333333,75.5437,68.3969333333,75.5423,50.6559333333,34.5810666667,59.2954333333,58.1159666667,35.7817,67.5847666667,53.9844333333,72.1105,71.4209,38.4687666667,81.0625,42.4751666667,23.4259666667,13.9036666667,9.04473333333,6.6474
1038.0,69.9539,79.0197,25.0384666667,17.3478,77.9427333333,75.5421,68.4001666667,75.5712,50.6584333333,34.5994,59.3038,58.1215333333,35.8048666667,67.5899,53.9906,72.1106666667,71.4219,38.4731666667,81.0583666667,42.467,23.4149333333,13.8985666667,9.04353333333,6.64826666667
1039.0,70.0191,79.0222666667,25.0414666667,17.3460666667,77.9425,75.5399333333,68.4049,75.5991,50.6616333333,34.6183666667,59.3135333333,58.1269333333,35.8276333333,67.5940333333,53.9961666667,72.1073333333,71.4219333333,38.4768666667,81.0547666667,42.4583,23.4031666667,13.8929,9.04193333333,6.6489
1040.0,70.0838666667,79.0250333333,25.0444666667,17.3444333333,77.9427,75.5387333333,68.4102333333,75.6276333333,50.6657333333,34.638,59.3244333333,58.1322666667,35.8509666667,67.5990666667,54.0019666667,72.1043,71.4235,38.4802,81.0522333333,42.4498666667,23.3917666667,13.8875,9.04053333333,6.64983333333
1041.0,70.1506,79.029,25.0479,17.3435333333,77.9445333333,75.5400666667,68.4154666667,75.6583,50.6709,34.6584333333,59.3363666667,58.1375666667,35.8759,67.6069666667,54.0087666667,72.1050333333,71.4290666667,38.4837666667,81.0516,42.4427666667,23.3819666667,13.8832,9.04013333333,6.65163333333
1042.0,70.2198333333,79.0341333333,25.0519666667,17.3435333333,77.9489,75.5444666667,68.4217333333,75.6917333333,50.6785666667,34.6804666667,59.3505333333,58.1430333333,35.9030666667,67.6185,54.0169333333,72.1090666667,71.4399333333,38.4885666667,81.0539,42.4373,23.3741333333,13.8804,9.041,6.65476666667
1043.0,70.2896333333,79.0398333333,25.0562333333,17.3439666667,77.9541333333,75.5504666667,68.4282333333,75.7263666667,50.6871,34.7033,59.3658,58.1484,35.9312,67.6317333333,54.0256,72.1148666667,71.4533333333,38.4932,81.0575333333,42.4326,23.3672666667,13.8781666667,9.04236666667,6.65846666667
1044.0,70.3578333333,79.0457,25.0600333333,17.3442333333,77.9580666667,75.5563,68.4336666667,75.7604,50.6942333333,34.7252666667,59.3800666667,58.1534333333,35.9585666667,67.6444666667,54.0339,72.1215666667,71.4657333333,38.4958,81.0605333333,42.4274666667,23.3599,13.8754666667,9.04333333333,6.6615
1045.0,70.4225,79.0513,25.0627333333,17.3439333333,77.9585333333,75.5604333333,68.4366,75.7922333333,50.6977,34.7451333333,59.3914666667,58.1576,35.9834,67.6546666667,54.0411333333,72.1285333333,71.4737666667,38.4946333333,81.0609,42.4208666667,23.351,13.8712666667,9.0429,6.6629
1046.0,70.4842666667,79.0566666667,25.0640333333,17.3431666667,77.9549,75.5631333333,68.4361,75.8223,50.6973333333,34.7626666667,59.3999333333,58.1606666667,36.0058666667,67.6626333333,54.0472666667,72.1366333333,71.4777,38.4897333333,81.0586333333,42.4125,23.3405666667,13.8654666667,9.04106666667,6.66253333333
1047.0,70.5438666667,79.0620333333,25.0647333333,17.3421666667,77.9495333333,75.5652333333,68.4343333333,75.8513,50.6950333333,34.7791,59.4070333333,58.1633,36.0271666667,67.6694666667,54.0528333333,72.1453,71.4797666667,38.4824,81.0551666667,42.4035333333,23.3294333333,13.8588666667,9.0385,6.6613
1048.0,70.6017333333,79.0676666667,25.0659333333,17.3410333333,77.9449333333,75.5674333333,68.4337333333,75.8794666667,50.6926666667,34.7956,59.4142,58.1662,36.0483666667,67.6762666667,54.0582666667,72.1533333333,71.4821666667,38.4739666667,81.0521,42.3951666667,23.3184,13.8525333333,9.0361,6.66023333333
1049.0,70.6580333333,79.0739,25.0685666667,17.3399333333,77.9434333333,75.5701333333,68.4367666667,75.9070333333,50.6918,34.8133,59.4226666667,58.1702,36.0706333333,67.6839666667,54.0639,72.1596,71.4868666667,38.4655333333,81.0506333333,42.3886666667,23.3081333333,13.8471666667,9.03446666667,6.66023333333
1050.0,70.712,79.0813,25.0726,17.3385333333,77.9445333333,75.5732,68.4437,75.9333333333,50.6917333333,34.8317333333,59.4321,58.1753333333,36.0933333333,67.6919333333,54.0694333333,72.1642666667,71.4935,38.4563666667,81.0505,42.384,23.2984,13.8424666667,9.03333333333,6.66096666667
1051.0,70.7644,79.0889666667,25.0773333333,17.3371666667,77.9470666667,75.5764666667,68.4523,75.9589666667,50.6920666667,34.8505,59.4419333333,58.1809,36.1163666667,67.7002,54.0749,72.1680333333,71.5009666667,38.4464333333,81.0510666667,42.3802333333,23.289,13.8382,9.03253333333,6.66216666667
1052.0,70.8163333333,79.0952666667,25.0820666667,17.3360333333,77.9498666667,75.5798666667,68.4602333333,75.9850333333,50.6929,34.8696,59.4520666667,58.1863,36.1398,67.7089,54.0808,72.1714666667,71.5085,38.4361,81.0518333333,42.3765,23.2798333333,13.8342333333,9.03203333333,6.66363333333
1053.0,70.8689333333,79.0989,25.0861333333,17.3355333333,77.9523666667,75.5833,68.4654,76.0124666667,50.6943333333,34.8889,59.4624666667,58.1910666667,36.1639666667,67.7185333333,54.0875,72.175,71.5156,38.4258,81.0524666667,42.3722,23.2709666667,13.8305666667,9.0319,6.6653
1054.0,70.9223333333,79.0996,25.0901333333,17.3354333333,77.9558666667,75.587,68.4688666667,76.0410666667,50.6966,34.9087,59.4734333333,58.1953666667,36.1892333333,67.7294666667,54.0952,72.1782333333,71.5232,38.4164333333,81.0532333333,42.3679333333,23.2624666667,13.8273666667,9.03223333333,6.6674
1055.0,70.9751666667,79.0991,25.0939,17.3357,77.9590666667,75.5906666667,68.4712,76.0702,50.6992666667,34.9286,59.4845666667,58.1994666667,36.2148333333,67.7407,54.1032333333,72.1813333333,71.5305,38.4063,81.0540666667,42.3634333333,23.2542333333,13.8244,9.03283333333,6.66973333333
1056.0,71.0262,79.0992333333,25.0971666667,17.3362333333,77.9604666667,75.5941,68.4727666667,76.099,50.7019666667,34.9483,59.4953333333,58.2035333333,36.2395,67.7509666667,54.1106666667,72.1846333333,71.5363333333,38.3932666667,81.0548666667,42.3581333333,23.2459333333,13.8211666667,9.03336666667,6.67183333333
1057.0,71.0743666667,79.1015,25.0996,17.337,77.9584,75.5969666667,68.4734333333,76.1269666667,50.7042333333,34.9672333333,59.5051666667,58.2075666667,36.2623666667,67.7589333333,54.1167333333,72.1884333333,71.5394,38.3758333333,81.0556,42.3514,23.2372333333,13.8174333333,9.03346666667,6.67346666667
1058.0,71.1201333333,79.105,25.1012,17.3382666667,77.9529666667,75.5994666667,68.4723,76.1545666667,50.7060666667,34.9854,59.514,58.2112,36.2833666667,67.7647,54.1211333333,72.1922666667,71.5391,38.3548666667,81.0564666667,42.3429,23.2283666667,13.8132333333,9.03336666667,6.67453333333
1059.0,71.1641666667,79.1092333333,25.1024,17.3396333333,77.9461,75.6016333333,68.471,76.1818,50.7080333333,35.0034333333,59.5225666667,58.2149666667,36.3038333333,67.7698,54.1253666667,72.1965,71.5381333333,38.3311333333,81.0572333333,42.334,23.2194333333,13.8089,9.03313333333,6.67553333333
1060.0,71.2070333333,79.1137333333,25.1038333333,17.3407,77.9396666667,75.6035666667,68.4715666667,76.2082333333,50.7105,35.022,59.5318,58.2196666667,36.3249333333,67.776,54.131,72.2013,71.5391333333,38.3052666667,81.0575666667,42.3261,23.2108333333,13.8048333333,9.033,6.67683333333
1061.0,71.2489,79.1185333333,25.1059666667,17.3410333333,77.9350333333,75.6053,68.476,76.2338333333,50.714,35.0416666667,59.5423,58.226,36.3478333333,67.7849,54.1395333333,72.2068333333,71.5445666667,38.2778666667,81.0573666667,42.3205333333,23.2029666667,13.8012666667,9.0331,6.67876666667
1062.0,71.2890333333,79.1240333333,25.1085,17.3409,77.9310333333,75.6068666667,68.4841666667,76.2585333333,50.7182666667,35.0623666667,59.554,58.2340666667,36.3719333333,67.7962,54.1506666667,72.213,71.5535333333,38.2488,81.0567,42.3168,23.1958,13.7980666667,9.03336666667,6.68116666667
1063.0,71.3283666667,79.1296666667,25.1112333333,17.3404333333,77.9276333333,75.6081666667,68.4936333333,76.2825333333,50.7231,35.0834333333,59.5661,58.2427666667,36.3966333333,67.8082,54.1629333333,72.2198666667,71.5643,38.2174333333,81.0556333333,42.3139333333,23.1888333333,13.7950666667,9.03373333333,6.68386666667
1064.0,71.3677666667,79.1345666667,25.1139333333,17.3398333333,77.925,75.6088666667,68.502,76.3059333333,50.7282333333,35.1042,59.5778333333,58.251,36.4213,67.8192333333,54.1746333333,72.2272666667,71.5751666667,38.1830333333,81.0540333333,42.3110333333,23.1817,13.7922333333,9.03406666667,6.68656666667
1065.0,71.4080333333,79.1381,25.1164,17.3390333333,77.9233666667,75.6085666667,68.5078,76.3287666667,50.7339666667,35.1243,59.5887333333,58.2581333333,36.4457666667,67.8282666667,54.1849333333,72.2355333333,71.5855666667,38.1455333333,81.0515,42.3075666667,23.1740666667,13.7896666667,9.03446666667,6.68923333333
1066.0,71.4486333333,79.1402333333,25.1188666667,17.3379333333,77.9229333333,75.6071,68.5127333333,76.3509333333,50.7408,35.1441666667,59.5994,58.2648333333,36.4705333333,67.8364666667,54.1949333333,72.2448666667,71.5968,38.1058666667,81.0476666667,42.3041,23.1662333333,13.7874,9.03486666667,6.69193333333
1067.0,71.4892,79.1422,25.1212,17.3368333333,77.9229,75.6055,68.5162666667,76.3725333333,50.7473666667,35.1636,59.6095,58.2709666667,36.4949666667,67.8434666667,54.2041333333,72.2545,71.6076,38.0625,81.0439,42.3004333333,23.1581666667,13.7851333333,9.03523333333,6.69466666667
1068.0,71.5295666667,79.1452,25.1234,17.3362666667,77.9223333333,75.6048666667,68.5176666667,76.3938,50.7522666667,35.1822333333,59.6187333333,58.2762,36.5183333333,67.8486666667,54.2118,72.2636666667,71.6164666667,38.0140333333,81.0417333333,42.2963666667,23.1498,13.7827,9.0355,6.6971
1069.0,71.5702333333,79.1503,25.1254333333,17.3366,77.9209666667,75.6065666667,68.5157,76.4146666667,50.7542,35.1996666667,59.6264333333,58.2799333333,36.5398666667,67.8512333333,54.2169333333,72.2721666667,71.622,37.9592,81.0424333333,42.2912333333,23.141,13.7798,9.0356,6.69916666667
1070.0,71.6116666667,79.1568666667,25.1274,17.3376,77.9194,75.6103,68.5102666667,76.4350333333,50.7539333333,35.2157,59.6326333333,58.2821,36.5597666667,67.8511,54.2197333333,72.2805333333,71.6250333333,37.8985333333,81.0452,42.2852,23.1317666667,13.7767666667,9.03556666667,6.701
1071.0,71.6518,79.1637333333,25.1291333333,17.3388666667,77.9171,75.6136333333,68.5042666667,76.4551,50.7527333333,35.2317,59.6387333333,58.2841666667,36.5792666667,67.8502666667,54.2219666667,72.2881666667,71.6270333333,37.8337,81.0487666667,42.2792333333,23.1224666667,13.7734333333,9.03543333333,6.7026
1072.0,71.6886,79.1696666667,25.1305333333,17.3397333333,77.9134666667,75.6141666667,68.5006666667,76.4751333333,50.752,35.2486333333,59.6462,58.2874666667,36.5995666667,67.8504,54.2254333333,72.2945333333,71.6296333333,37.7662333333,81.0517,42.2744,23.1133333333,13.7698,9.03516666667,6.704
1073.0,71.721,79.1738666667,25.1314,17.3402,77.9082333333,75.6104333333,68.5011333333,76.4952333333,50.7522333333,35.2672333333,59.6560333333,58.2929333333,36.6212333333,67.8527333333,54.2310333333,72.2987,71.6337333333,37.696,81.0538333333,42.2715666667,23.1046,13.7658333333,9.03466666667,6.70523333333
1074.0,71.7501,79.1770666667,25.1318333333,17.3404666667,77.9016,75.6038,68.5040333333,76.5154333333,50.7525666667,35.2869,59.6673666667,58.2999333333,36.6435666667,67.8562333333,54.2376666667,72.3009666667,71.6382666667,37.6221666667,81.0558666667,42.2701333333,23.0960666667,13.7615,9.03403333333,6.70616666667
1075.0,71.7768666667,79.1799666667,25.1320666667,17.3405,77.8941333333,75.5957333333,68.5078,76.5353,50.7532,35.3069333333,59.6792,58.3070666667,36.6662,67.8597333333,54.2449,72.3030333333,71.6429,37.5464333333,81.0572333333,42.2689666667,23.0876333333,13.7569666667,9.03326666667,6.70703333333
1076.0,71.8022,79.1830333333,25.1322333333,17.3401333333,77.886,75.5875333333,68.5108666667,76.5544666667,50.7543666667,35.3267,59.6904333333,58.3130333333,36.6887666667,67.8619666667,54.2523666667,72.3065,71.6472333333,37.4706,81.0570666667,42.2669333333,23.0789666667,13.7523,9.0325,6.7079
1077.0,71.8254666667,79.1860333333,25.1321,17.3390333333,77.8769333333,75.5791,68.5125666667,76.5722333333,50.7561333333,35.3458666667,59.7006666667,58.3169333333,36.7112,67.8624,54.2599,72.3122,71.6509,37.3934,81.0541333333,42.2635333333,23.0699,13.7472,9.03163333333,6.70876666667
1078.0,71.8462,79.1885333333,25.1316,17.3372,77.8666666667,75.5696,68.5138333333,76.5888333333,50.7583666667,35.3648666667,59.7104666667,58.3195333333,36.7336333333,67.8619,54.2678666667,72.3192333333,71.6540333333,37.3139666667,81.0488666667,42.2593,23.0604666667,13.7416666667,9.03063333333,6.70946666667
1079.0,71.8666,79.192,25.1313666667,17.3355333333,77.8565333333,75.5606666667,68.5149666667,76.6056666667,50.7611,35.3838333333,59.7201333333,58.3218333333,36.7561333333,67.8603333333,54.276,72.3269,71.6574,37.2366333333,81.0438,42.2547666667,23.0512666667,13.7363666667,9.02973333333,6.71033333333
1080.0,71.889,79.1978666667,25.1322666667,17.3348666667,77.8479,75.5539666667,68.5162,76.6241666667,50.7642333333,35.4029,59.7298666667,58.3250333333,36.7787,67.8578,54.2841,72.3346666667,71.6615333333,37.1657,81.0415666667,42.2502,23.0429333333,13.7318333333,9.02916666667,6.71176666667
1081.0,71.9147333333,79.2072666667,25.1344666667,17.3355333333,77.8415333333,75.5514,68.5165333333,76.6444666667,50.7673666667,35.4218333333,59.7392333333,58.3287333333,36.801,67.8532666667,54.2916,72.3421666667,71.6657666667,37.1004333333,81.0439666667,42.2454666667,23.0358,13.7283,9.02886666667,6.71383333333
1082.0,71.9423,79.2192,25.1376,17.3371,77.8365,75.5516333333,68.5162666667,76.6659333333,50.7707,35.4405666667,59.7482333333,58.3326666667,36.8231333333,67.8471666667,54.2988,72.3497666667,71.6701333333,37.0392666667,81.0492666667,42.2406,23.0295,13.7254333333,9.0288,6.7163
1083.0,71.9699666667,79.2318,25.1414666667,17.3391333333,77.832,75.5512333333,68.5175666667,76.6888,50.7751333333,35.4599666667,59.7581,58.3378666667,36.8458666667,67.8414,54.3068333333,72.3579333333,71.6762666667,36.9856333333,81.0546,42.2357333333,23.0235,13.7230333333,9.02903333333,6.71916666667
1084.0,71.9959,79.2430333333,25.1459666667,17.3413333333,77.8269666667,75.5469,68.5223666667,76.7131333333,50.7817,35.4807,59.7700333333,58.3454666667,36.8700333333,67.8380666667,54.3168333333,72.3671666667,71.6859,36.9430333333,81.0572333333,42.2311333333,23.0172333333,13.7209666667,9.02966666667,6.72243333333
1085.0,72.0206,79.2534,25.1514333333,17.3441333333,77.8219666667,75.5386333333,68.5322333333,76.7398,50.7911666667,35.5032666667,59.7852333333,58.3567666667,36.8964333333,67.8387333333,54.3296,72.3784,71.7006,36.9120333333,81.0560666667,42.2266333333,23.0107333333,13.7195333333,9.03093333333,6.72633333333
1086.0,72.0445333333,79.2633666667,25.1577666667,17.3474333333,77.817,75.5278,68.5454333333,76.7681333333,50.8026666667,35.5270333333,59.8023333333,58.3704666667,36.9241666667,67.8416,54.3441,72.3908333333,71.7186666667,36.8908666667,81.0529666667,42.2222333333,23.0043,13.7185666667,9.03263333333,6.73076666667
1087.0,72.0667333333,79.2722333333,25.1642666667,17.3502333333,77.8113,75.5143333333,68.5592,76.7969333333,50.8146,35.5512,59.8193666667,58.3843,36.9517666667,67.8437333333,54.3591666667,72.4027666667,71.7373666667,36.8784666667,81.0497,42.2183666667,22.9976,13.7175333333,9.03433333333,6.73506666667
1088.0,72.0863,79.2793,25.1703,17.3516,77.8039666667,75.4979333333,68.5711666667,76.8249,50.8254666667,35.5751666667,59.8341666667,58.3959333333,36.9777,67.8423666667,54.3736,72.4125333333,71.7541666667,36.8738666667,81.0478666667,42.2154666667,22.9905,13.7158333333,9.03566666667,6.7387
1089.0,72.1027666667,79.2837333333,25.1757,17.3511333333,77.7945333333,75.4773333333,68.5819333333,76.8527,50.8358333333,35.5993333333,59.8467333333,58.4055333333,37.0023,67.8385333333,54.3882333333,72.4198,71.7700666667,36.8787666667,81.0477,42.2142333333,22.9828666667,13.7135,9.0366,6.74173333333
1090.0,72.117,79.2866,25.1809333333,17.3496333333,77.7838,75.4537,68.5921666667,76.8803666667,50.8459,35.6236666667,59.8580333333,58.414,37.026,67.8326666667,54.4029,72.4255333333,71.7853666667,36.8921333333,81.0482333333,42.2138666667,22.9748666667,13.7107333333,9.0373,6.74443333333
1091.0,72.1301,79.2894,25.1864666667,17.3480333333,77.7729333333,75.4297333333,68.6012666667,76.9071666667,50.8550666667,35.6474666667,59.8686,58.4218333333,37.0485,67.8236333333,54.4164666667,72.4307,71.7989666667,36.9113,81.0488333333,42.2131,22.9668333333,13.7077,9.03783333333,6.74673333333
1092.0,72.1429666667,79.2935666667,25.1927333333,17.3472333333,77.7631333333,75.4081,68.6087,76.9325666667,50.8626333333,35.6701,59.8788666667,58.4293333333,37.0696,67.8103,54.4278,72.436,71.8095333333,36.9336333333,81.0489333333,42.2107666667,22.9590333333,13.7044666667,9.03813333333,6.7487
1093.0,72.1554,79.299,25.1995666667,17.347,77.7543,75.3892666667,68.6138666667,76.9567,50.8681666667,35.6914,59.8881,58.4363333333,37.0883333333,67.7915,54.4362,72.4408666667,71.8161333333,36.9603333333,81.0487333333,42.2067333333,22.9511666667,13.7007666667,9.03796666667,6.75013333333
1094.0,72.1671333333,79.3049333333,25.2068666667,17.3469666667,77.7458666667,75.3712,68.6177333333,76.9797,50.8725,35.7119666667,59.8967333333,58.4428333333,37.1058333333,67.7691333333,54.443,72.4454666667,71.8204333333,36.9915666667,81.0483,42.2018333333,22.9434,13.6968333333,9.0376,6.75123333333
1095.0,72.1781333333,79.311,25.2148333333,17.3472666667,77.7372,75.3518333333,68.6216,77.0017666667,50.8767,35.7322333333,59.9058,58.4491666667,37.1236333333,67.7457333333,54.4499666667,72.4503666667,71.8247666667,37.0266333333,81.0476333333,42.1969333333,22.9358,13.6930666667,9.03736666667,6.75236666667
1096.0,72.1883666667,79.3166666667,25.2236333333,17.3479,77.7277333333,75.3294,68.6267666667,77.0228666667,50.8819,35.7527333333,59.9161666667,58.4556333333,37.1433333333,67.7237333333,54.4585333333,72.4561,71.8310666667,37.0649,81.0465333333,42.1928666667,22.9285666667,13.6900333333,9.03766666667,6.7539
1097.0,72.1974666667,79.3223666667,25.2336333333,17.3490333333,77.7177,75.3055,68.6328666667,77.0422666667,50.8877666667,35.7731333333,59.9282666667,58.4619333333,37.1646,67.703,54.4684,72.4625333333,71.8389333333,37.1069666667,81.045,42.1894333333,22.9219,13.6878,9.03856666667,6.75586666667
1098.0,72.2058666667,79.3279,25.2443666667,17.3505,77.7072333333,75.2794666667,68.6395,77.0606666667,50.8939,35.7933666667,59.9410333333,58.4682,37.1868333333,67.6821666667,54.4789666667,72.4695333333,71.8475666667,37.1526666667,81.0431333333,42.1863666667,22.9154666667,13.6859333333,9.0398,6.758
1099.0,72.2141333333,79.3329333333,25.2550666667,17.3519333333,77.6962333333,75.2494,68.6464666667,77.0794333333,50.9002,35.8138666667,59.9534,58.4748,37.2096333333,67.6602666667,54.4902333333,72.477,71.8569,37.2016,81.0411,42.1833333333,22.9089666667,13.6840333333,9.04086666667,6.76023333333
1100.0,72.2225666667,79.3372333333,25.2649666667,17.353,77.6843666667,75.2134666667,68.6536666667,77.0995666667,50.9065666667,35.8347333333,59.9641666667,58.4821333333,37.2326333333,67.6366666667,54.5021666667,72.4850666667,71.8669,37.2533,81.0390333333,42.1803666667,22.9019333333,13.6815333333,9.04153333333,6.7625
1101.0,72.2297,79.3411,25.2742666667,17.3538,77.6708,75.1714,68.6622333333,77.1210333333,50.9134333333,35.8562666667,59.9739333333,58.4904666667,37.2564666667,67.6132,54.5159,72.4941333333,71.8787666667,37.3089,81.0367,42.1775666667,22.8945,13.6787,9.0419,6.76483333333
1102.0,72.2371333333,79.3444,25.2833333333,17.3544666667,77.6568666667,75.1248666667,68.6708,77.1430666667,50.9203,35.878,59.9828,58.4991666667,37.2807333333,67.5881,54.5300666667,72.5035666667,71.8910666667,37.3674,81.0342666667,42.1748333333,22.8868,13.6756333333,9.04206666667,6.7672
1103.0,72.2472666667,79.3465666667,25.2924,17.3551333333,77.6440333333,75.0757,68.6776,77.1651666667,50.9265,35.8993666667,59.9909333333,58.5074,37.3044666667,67.5587,54.5428333333,72.5126333333,71.9016,37.4273,81.0321,42.1719,22.8792,13.6723333333,9.04203333333,6.7695
1104.0,72.2620333333,79.3471,25.3016666667,17.3559,77.6335,75.0253,68.6807333333,77.187,50.9312666667,35.9199333333,59.9981333333,58.5143333333,37.3269666667,67.5225,54.5524666667,72.5208333333,71.9084,37.4874666667,81.0305333333,42.1685333333,22.872,13.6688,9.04186666667,6.7717
1105.0,72.2802333333,79.3454,25.3108333333,17.3566666667,77.6237666667,74.9724333333,68.6797333333,77.2094,50.9342,35.9396333333,60.0039333333,58.5201,37.3481333333,67.4797333333,54.5589666667,72.5288,71.9114333333,37.5489333333,81.0297333333,42.1645,22.8650333333,13.6647666667,9.04136666667,6.77376666667
1106.0,72.3016333333,79.3428333333,25.3201,17.3574333333,77.6157666667,74.9175,68.6771666667,77.2315333333,50.9365666667,35.9590666667,60.0091333333,58.5253,37.3688333333,67.4325333333,54.5641333333,72.5361333333,71.9127333333,37.6114333333,81.0291666667,42.1603666667,22.8582,13.6607,9.04076666667,6.77576666667
1107.0,72.3266,79.3412333333,25.3298333333,17.3584333333,77.6111,74.8612,68.6757666667,77.2522,50.9399333333,35.9786333333,60.0147666667,58.5306666667,37.3900333333,67.383,54.5697666667,72.5420666667,71.9143,37.6743,81.0279666667,42.1568,22.8514,13.6569,9.0402,6.77786666667
1108.0,72.3554,79.3418666667,25.3402333333,17.3597333333,77.6110333333,74.8042666667,68.678,77.2705,50.9455,35.999,60.0216333333,58.5366333333,37.4125,67.3322666667,54.5774,72.5459666667,71.9175333333,37.7372,81.0258333333,42.1544333333,22.8445333333,13.6538666667,9.03993333333,6.78
1109.0,72.3882666667,79.3443,25.3514,17.3611333333,77.6151,74.7466,68.6829666667,77.2866333333,50.9528333333,36.0199333333,60.0295,58.5429,37.4358,67.2783333333,54.5858333333,72.5477333333,71.9212666667,37.8007333333,81.0233666667,42.1532,22.8375333333,13.6514666667,9.0397,6.78213333333
1110.0,72.4244,79.3475666667,25.3628333333,17.3628333333,77.6223333333,74.6874333333,68.6889,77.3015333333,50.961,36.041,60.0376666667,58.5493333333,37.4596333333,67.2228666667,54.5950666667,72.5484333333,71.9256,37.8643333333,81.0201,42.1523666667,22.8306666667,13.6493,9.03963333333,6.78436666667
1111.0,72.4629,79.3508666667,25.3741333333,17.3651666667,77.6316666667,74.6259666667,68.6943333333,77.3161333333,50.9688333333,36.0619,60.0456333333,58.5559333333,37.4833666667,67.1681,54.6051666667,72.5489,71.9309,37.9273333333,81.0153333333,42.1512666667,22.8239666667,13.6471333333,9.03976666667,6.7867
1112.0,72.5032333333,79.3541333333,25.3848666667,17.3682666667,77.6428333333,74.5606333333,68.6984333333,77.3310666667,50.9759333333,36.0822666667,60.053,58.5628,37.5068666667,67.1151666667,54.6165333333,72.5497666667,71.9380333333,37.9893,81.0083333333,42.1493666667,22.8174666667,13.6445333333,9.04003333333,6.78923333333
1113.0,72.5460333333,79.3580333333,25.3953,17.3721,77.6569666667,74.4906333333,68.7023,77.3459,50.9829666667,36.1023333333,60.0599666667,58.5703333333,37.5305666667,67.0625666667,54.6296,72.5501333333,71.9473666667,38.0509,80.9992333333,42.1471,22.811,13.6416333333,9.0405,6.79186666667
1114.0,72.5910333333,79.3616333333,25.4056333333,17.3765,77.6724666667,74.4201333333,68.7053666667,77.3603,50.9895333333,36.1222333333,60.0669,58.5776333333,37.5540333333,67.0109666667,54.6428666667,72.5506666667,71.9568666667,38.1115333333,80.9890666667,42.1445333333,22.8048333333,13.6388333333,9.0412,6.7946
1115.0,72.638,79.3637,25.4162,17.3812333333,77.6876,74.3533333333,68.7068333333,77.3739333333,50.9951333333,36.1423666667,60.074,58.5838,37.5767,66.9612666667,54.6548333333,72.5519666667,71.9643666667,38.1705333333,80.9789333333,42.1418333333,22.7993333333,13.6365333333,9.0422,6.79756666667
1116.0,72.6875666667,79.3638,25.4271,17.3865666667,77.7018333333,74.2914333333,68.7057333333,77.3865,50.9991,36.1627,60.0813666667,58.5878666667,37.5982333333,66.9127666667,54.6644,72.5548333333,71.9684,38.2275,80.9699333333,42.1390333333,22.7951,13.6349666667,9.04393333333,6.8009
1117.0,72.7402333333,79.3625333333,25.4381666667,17.3926666667,77.7163,74.2315333333,68.7020666667,77.3983,51.0015333333,36.1830333333,60.0889,58.5900333333,37.6187,66.8644333333,54.6723333333,72.5592333333,71.9700333333,38.2827,80.9616333333,42.1358333333,22.7921,13.6340333333,9.0462,6.8046
1118.0,72.7936666667,79.3599,25.4493666667,17.3989,77.7301,74.1763666667,68.6981,77.4094,51.0037333333,36.2037333333,60.0966,58.5920333333,37.6388666667,66.8196666667,54.6795,72.5635,71.9705333333,38.3365,80.9524,42.1327,22.7891666667,13.6333666667,9.0487,6.80826666667
1119.0,72.8454666667,79.3561,25.4606,17.4045666667,77.7422333333,74.1289,68.6959,77.4198666667,51.0071333333,36.2250333333,60.1045666667,58.5956,37.6592,66.7818666667,54.6867666667,72.5659333333,71.9711333333,38.3892333333,80.9405333333,42.1299,22.785,13.6324,9.05076666667,6.8117
1120.0,72.8949,79.3504666667,25.4722666667,17.4094,77.7522,74.09,68.6971,77.4302666667,51.0128666667,36.2476666667,60.1135666667,58.6021333333,37.6802,66.7521666667,54.6945333333,72.5656666667,71.9726666667,38.4411,80.9252666667,42.1279,22.779,13.6312666667,9.0524,6.8148
1121.0,72.9432,79.3431,25.4842333333,17.4137333333,77.7604666667,74.0580666667,68.7004,77.4404333333,51.0201666667,36.2714,60.1235666667,58.6106666667,37.7014666667,66.7286666667,54.7023333333,72.5637,71.9742333333,38.4919333333,80.9075,42.1264,22.7719,13.6302,9.05383333333,6.81776666667
1122.0,72.9903666667,79.3352666667,25.4959,17.4177666667,77.7676,74.0334,68.7040333333,77.4493333333,51.0274,36.2949333333,60.1326333333,58.6192,37.7225666667,66.7116666667,54.7099333333,72.5605666667,71.9754666667,38.5414666667,80.8877333333,42.1247666667,22.7640333333,13.6286666667,9.05486666667,6.82036666667
1123.0,73.0363666667,79.3283666667,25.5065,17.4216,77.7740666667,74.0161,68.7061333333,77.4557333333,51.033,36.3167,60.1389333333,58.6257,37.7432,66.7014,54.7170333333,72.5567,71.9757666667,38.5896333333,80.8665333333,42.1223333333,22.7558,13.6262666667,9.05543333333,6.82236666667
1124.0,73.0809,79.3232666667,25.5154333333,17.4249666667,77.7797666667,74.0071666667,68.7062666667,77.4588666667,51.0360666667,36.3359666667,60.1407666667,58.6294666667,37.7630333333,66.6986,54.7236333333,72.5518333333,71.9751333333,38.6363333333,80.8430333333,42.1185666667,22.7465,13.6223333333,9.05506666667,6.82336666667
1125.0,73.1241333333,79.3191,25.5232,17.4279,77.7845,74.0061666667,68.7054,77.4595333333,51.0377333333,36.3537333333,60.1396,58.6316666667,37.7823333333,66.7028333333,54.7298666667,72.5459333333,71.9738333333,38.6817666667,80.8174333333,42.114,22.7362333333,13.6172666667,9.054,6.8236
1126.0,73.1665666667,79.3145,25.5309,17.4310333333,77.7887666667,74.0112333333,68.7037333333,77.4589333333,51.0389,36.3708666667,60.1382,58.6327666667,37.8015,66.7129333333,54.7356333333,72.5396666667,71.9716,38.7257,80.7914666667,42.1093,22.7266,13.6123333333,9.05306666667,6.8239
1127.0,73.2088333333,79.3082,25.5395333333,17.435,77.7929666667,74.0205333333,68.7014333333,77.4582,51.0405666667,36.3883,60.1393666667,58.6333,37.8212,66.7278333333,54.7408666667,72.5338,71.9682333333,38.7681,80.7668666667,42.1051666667,22.7191,13.6087333333,9.05296666667,6.82523333333
1128.0,73.2514333333,79.3000333333,25.5493666667,17.44,77.7976333333,74.0349,68.6984666667,77.4575,51.0427333333,36.406,60.1435,58.6327666667,37.8416,66.7482666667,54.7454333333,72.5291333333,71.9633666667,38.8085,80.7437,42.1013333333,22.7144333333,13.6066333333,9.05396666667,6.82776666667
1129.0,73.2938,79.2906,25.5597333333,17.4455666667,77.8022666667,74.0545666667,68.6948,77.4562666667,51.045,36.4236333333,60.1492,58.6312666667,37.8624,66.7742,54.7494333333,72.5248333333,71.9573333333,38.8472,80.7212,42.0976333333,22.7114666667,13.6054666667,9.05563333333,6.83106666667
1130.0,73.335,79.2801,25.5705333333,17.4516,77.8058333333,74.0779666667,68.6906333333,77.4542333333,51.0475,36.4415,60.1560333333,58.6297,37.8828666667,66.8041,54.7532,72.5196666667,71.9507666667,38.8850333333,80.6994333333,42.0948333333,22.7092333333,13.6048333333,9.05763333333,6.83476666667
1131.0,73.3741,79.2685,25.5814333333,17.4577333333,77.8073,74.1035666667,68.6862666667,77.4511666667,51.0503333333,36.4598666667,60.1636,58.6289666667,37.9024666667,66.8365333333,54.7569,72.5123666667,71.9443333333,38.9227333333,80.6785666667,42.0936,22.7065,13.6045333333,9.05973333333,6.83853333333
1132.0,73.4111,79.2548,25.5925666667,17.4641,77.8055333333,74.1316,68.6811333333,77.4465666667,51.0538,36.4788,60.1728,58.6288666667,37.9210333333,66.8720666667,54.76,72.5026666667,71.9378,38.9602333333,80.6584333333,42.0945333333,22.7035666667,13.6047333333,9.06213333333,6.84253333333
1133.0,73.4464,79.2398666667,25.6039666667,17.4707333333,77.802,74.1626,68.6756,77.4409666667,51.0576333333,36.4981333333,60.1830333333,58.6291666667,37.939,66.9109333333,54.7629,72.4914,71.931,38.9972333333,80.6390666667,42.0967333333,22.7007333333,13.6053666667,9.06476666667,6.84676666667
1134.0,73.4802,79.2255,25.6155,17.4776,77.7988333333,74.1966,68.6704,77.4351,51.0613,36.5178333333,60.1929,58.6299,37.9566333333,66.9522666667,54.7665333333,72.4793666667,71.9243333333,39.0336333333,80.6207666667,42.0991666667,22.6979333333,13.6061666667,9.06743333333,6.8511
1135.0,73.5127666667,79.2135333333,25.6271,17.4846333333,77.7982333333,74.2336666667,68.6661666667,77.4295,51.0641333333,36.538,60.2009666667,58.6311666667,37.9743333333,66.9955333333,54.7718333333,72.4673666667,71.9180666667,39.0694,80.6036333333,42.1008,22.6951,13.6068333333,9.06996666667,6.85526666667
1136.0,73.5436333333,79.2039666667,25.6387,17.4918,77.8004666667,74.2741,68.6625,77.4235333333,51.0656333333,36.5586,60.2069,58.6328,37.9913666667,67.041,54.7789333333,72.4542333333,71.9117333333,39.1046666667,80.5870333333,42.1015333333,22.6921,13.6073,9.07236666667,6.8592
1137.0,73.5731666667,79.1957333333,25.6504333333,17.4991333333,77.8039666667,74.3176,68.6594333333,77.4175,51.0666666667,36.5795,60.2118666667,58.6348666667,38.0083333333,67.0887333333,54.7871333333,72.4407,71.9056333333,39.1393,80.5715,42.1021,22.6891333333,13.6077666667,9.0747,6.8631
1138.0,73.6017333333,79.1877333333,25.6624333333,17.5068666667,77.8071666667,74.3634333333,68.6573666667,77.4124333333,51.0686,36.6008,60.2172666667,58.6375666667,38.026,67.1382666667,54.7958666667,72.4282333333,71.9003,39.1729666667,80.5580666667,42.103,22.6864666667,13.6084,9.0772,6.8671
1139.0,73.6299666667,79.179,25.6749333333,17.5152333333,77.8086333333,74.4111333333,68.6567,77.4091666667,51.0725666667,36.6222,60.2244333333,58.641,38.0453666667,67.1894,54.8046666667,72.4184,71.8962666667,39.2053333333,80.5477333333,42.1047333333,22.6844666667,13.6092,9.07996666667,6.8715
1140.0,73.6578,79.1698333333,25.6883333333,17.5246666667,77.809,74.4616,68.6576333333,77.4077,51.0779666667,36.6436333333,60.2327666667,58.645,38.0664666667,67.2430666667,54.8140666667,72.4116,71.8936666667,39.2360333333,80.5413,42.1069666667,22.6834333333,13.6106666667,9.08333333333,6.87653333333
1141.0,73.6849,79.1606,25.7019333333,17.5344,77.8086,74.5141,68.6596,77.4074,51.0846333333,36.6653,60.2419666667,58.6496666667,38.0885,67.2983,54.8237333333,72.4061333333,71.8919,39.2657333333,80.537,42.1097333333,22.6827333333,13.6121666667,9.08676666667,6.8817
1142.0,73.7108333333,79.1515666667,25.715,17.5435666667,77.8074333333,74.5673666667,68.6620333333,77.4076666667,51.0927,36.6876333333,60.2520333333,58.6551,38.1108666667,67.3535666667,54.833,72.4001,71.8904,39.2954666667,80.5327666667,42.1132333333,22.6817333333,13.6129666667,9.0898,6.88623333333
1143.0,73.7353,79.1428333333,25.7267666667,17.5514333333,77.8053333333,74.6205333333,68.6645,77.4081333333,51.1023666667,36.7107,60.2630333333,58.6615666667,38.1329333333,67.4077333333,54.8411666667,72.3917666667,71.8885333333,39.3261,80.5268333333,42.1176666667,22.6796333333,13.6123333333,9.09173333333,6.88943333333
1144.0,73.7580666667,79.1340333333,25.7372,17.5580666667,77.8022666667,74.6744666667,68.6678666667,77.4092333333,51.1143,36.7347666667,60.2751666667,58.6693,38.1553,67.4615,54.848,72.3819,71.8865,39.3572333333,80.5201,42.1232333333,22.6764666667,13.6098666667,9.0925,6.89116666667
1145.0,73.7798,79.1256,25.7471333333,17.5640666667,77.7984,74.7288333333,68.6713,77.4108333333,51.1273666667,36.7592666667,60.2881,58.6777333333,38.1777333333,67.515,54.8545,72.3711333333,71.8846666667,39.3885,80.5130666667,42.1294666667,22.6729333333,13.6068333333,9.0928,6.89233333333
1146.0,73.8014,79.1181,25.7573333333,17.57,77.7942666667,74.7829333333,68.6739666667,77.4123,51.1402,36.7837666667,60.3011666667,58.6861666667,38.1997,67.5681333333,54.8618333333,72.36,71.8834,39.4196333333,80.506,42.1361333333,22.6700666667,13.6046666667,9.09356666667,6.89403333333
1147.0,73.8235666667,79.1123,25.7685666667,17.5762,77.7902333333,74.8366666667,68.6752666667,77.4138333333,51.1521,36.8080666667,60.3144,58.6944333333,38.2209666667,67.6210333333,54.8710666667,72.3485333333,71.8831,39.4504666667,80.4993666667,42.1431666667,22.6685333333,13.6045333333,9.09553333333,6.89706666667
1148.0,73.8463666667,79.1085,25.7806666667,17.5823333333,77.7860666667,74.8910333333,68.6760333333,77.416,51.1641666667,36.8329333333,60.3287333333,58.7033333333,38.2417,67.6741333333,54.8821,72.3357,71.8841333333,39.4816666667,80.4934666667,42.1514666667,22.6682666667,13.606,9.09836666667,6.90113333333
1149.0,73.8688,79.1052666667,25.7929666667,17.5884666667,77.7816333333,74.9445666667,68.6756666667,77.4177333333,51.1755333333,36.8573,60.3426333333,58.7118333333,38.2619666667,67.7265333333,54.8936666667,72.3231666667,71.8853333333,39.5123333333,80.4872333333,42.1596,22.6684666667,13.6081666667,9.10163333333,6.90566666667
1150.0,73.8895666667,79.1007333333,25.8046666667,17.5948,77.7766333333,74.9953666667,68.6734,77.4178333333,51.1852333333,36.8801333333,60.3543333333,58.7184666667,38.2819666667,67.7770666667,54.9042666667,72.3127,71.8856666667,39.5416,80.4795333333,42.1660666667,22.6682666667,13.6102666667,9.1047,6.91023333333
1151.0,73.9080666667,79.0939,25.8152666667,17.6016333333,77.7708,75.0422,68.6682,77.4154666667,51.1923,36.9004333333,60.3622333333,58.7219333333,38.3018,67.8254,54.9131333333,72.3063666667,71.8844666667,39.5688666667,80.4699,42.1697666667,22.6673666667,13.6119666667,9.10743333333,6.91473333333
1152.0,73.9249,79.0853666667,25.8252,17.6089,77.7640666667,75.0861,68.6599,77.4113,51.197,36.9185333333,60.3669,58.7226666667,38.3216666667,67.8723,54.9211,72.3039666667,71.8826666667,39.5946333333,80.4593,42.1713333333,22.6664,13.614,9.1101,6.9197
1153.0,73.9401666667,79.0759333333,25.8346333333,17.6161666667,77.7570666667,75.1273333333,68.6505666667,77.4055333333,51.2004333333,36.9355333333,60.3700666667,58.7221333333,38.341,67.9170333333,54.9279666667,72.3023666667,71.8797,39.6189333333,80.4467666667,42.1714666667,22.6648333333,13.6155666667,9.11256666667,6.92443333333
1154.0,73.9536666667,79.0663,25.8437333333,17.6227666667,77.7502,75.1663333333,68.6425333333,77.3984333333,51.2037,36.9527333333,60.3735666667,58.7218666667,38.3593333333,67.9587666667,54.9335333333,72.2985333333,71.8749333333,39.6417,80.4311666667,42.1710666667,22.6622333333,13.6159,9.1144,6.9281
1155.0,73.9654,79.0575,25.8527333333,17.6283,77.7446,75.2032666667,68.6375333333,77.3901,51.2073666667,36.9708666667,60.3786,58.7229333333,38.3762333333,67.9966333333,54.9373,72.2911,71.8677333333,39.6627666667,80.4109666667,42.1702,22.6579333333,13.6141,9.1153,6.93016666667
1156.0,73.9753666667,79.0495333333,25.8615,17.6332,77.7402,75.2381,68.6345666667,77.3805333333,51.211,36.9893333333,60.3841333333,58.7245333333,38.392,68.0309333333,54.9393666667,72.2819,71.8583666667,39.6821,80.3865666667,42.1682666667,22.6521666667,13.6105,9.1154,6.93076666667
1157.0,73.9836666667,79.0401,25.8698333333,17.6375333333,77.7348333333,75.2703333333,68.6317,77.3694333333,51.2140333333,37.0075,60.3894666667,58.7258666667,38.407,68.0629,54.9404666667,72.2704333333,71.8477333333,39.7001333333,80.3604,42.1660666667,22.6458333333,13.6062666667,9.1152,6.93096666667
1158.0,73.9903333333,79.0269,25.8773666667,17.6414,77.7262666667,75.2994666667,68.6271,77.3566333333,51.2160666667,37.0247333333,60.3936,58.7261,38.4217666667,68.0938666667,54.9413666667,72.2562,71.8367,39.7172666667,80.3350666667,42.1645666667,22.64,13.6027666667,9.11536666667,6.9317
1159.0,73.9952,79.0082,25.8837333333,17.6447,77.7130666667,75.3249333333,68.6203333333,77.3416333333,51.2170333333,37.0407666667,60.3965666667,58.7249,38.4364666667,68.1245333333,54.9425666667,72.2382333333,71.8261,39.7337,80.3117,42.1644666667,22.6350333333,13.6004333333,9.11616666667,6.93326666667
1160.0,73.9981666667,78.9852666667,25.8890666667,17.6473,77.6966,75.3471333333,68.6123666667,77.3246333333,51.2172666667,37.0559666667,60.3987666667,58.7228333333,38.4509666667,68.1542333333,54.9436,72.2169666667,71.8154333333,39.7492666667,80.2888333333,42.1652666667,22.6304,13.5985333333,9.11723333333,6.93516666667
1161.0,73.9998333333,78.9603333333,25.8942333333,17.6497333333,77.6781,75.3668,68.6028,77.3065,51.2162333333,37.0703666667,60.3996666667,58.7196333333,38.4649,68.1821666667,54.9439333333,72.194,71.8035666667,39.7636666667,80.2659666667,42.1658666667,22.626,13.5970666667,9.1184,6.93743333333
1162.0,74.0003666667,78.9355666667,25.9001333333,17.6525,77.6589666667,75.3847666667,68.5911666667,77.2882333333,51.2137,37.084,60.3985,58.7150333333,38.4781,68.2073666667,54.9428666667,72.1710666667,71.7893333333,39.7768,80.2426,42.1651666667,22.6217,13.5956666667,9.11953333333,6.94006666667
1163.0,74.0001666667,78.9105666667,25.9071666667,17.6556,77.6389666667,75.401,68.576,77.2696,51.2084333333,37.0962666667,60.394,58.7079333333,38.4900666667,68.2289333333,54.9392333333,72.1476,71.7706666667,39.7876666667,80.2187666667,42.1625,22.6177,13.5945333333,9.12043333333,6.94323333333
1164.0,73.9988666667,78.8846333333,25.9148,17.6589666667,77.6177,75.4151666667,68.5580666667,77.2503666667,51.2010333333,37.1074,60.387,58.6988333333,38.5010333333,68.2476,54.9338,72.1231666667,71.7488,39.7967666667,80.1946333333,42.1585666667,22.6139333333,13.5936333333,9.12123333333,6.94686666667
1165.0,73.9962,78.8594333333,25.9226666667,17.6623,77.5959666667,75.4276333333,68.5403666667,77.2311,51.1939333333,37.1185666667,60.3798333333,58.6901333333,38.5120666667,68.2648666667,54.9288333333,72.0995,71.7279333333,39.8059,80.1699,42.1543333333,22.6101666667,13.5928333333,9.12216666667,6.95066666667
1166.0,73.9917333333,78.8369,25.9303333333,17.6656,77.5746666667,75.4386666667,68.5257666667,77.2124,51.1895333333,37.131,60.3749333333,58.6840666667,38.5244333333,68.2822,54.9268666667,72.0783,71.7121333333,39.8168333333,80.1442333333,42.1507333333,22.6061,13.5918666667,9.12333333333,6.9543
1167.0,73.9852666667,78.8174333333,25.9382666667,17.6687666667,77.5536,75.4479666667,68.5145,77.1943,51.1879666667,37.1448333333,60.3722,58.6811333333,38.5383666667,68.2996,54.9287,72.0603333333,71.7025666667,39.8301333333,80.1174,42.1477333333,22.6018333333,13.5908666667,9.12503333333,6.95796666667
1168.0,73.9771666667,78.7998,25.9462333333,17.6719333333,77.5326333333,75.4556666667,68.5051333333,77.1764666667,51.1880666667,37.1595,60.3706333333,58.6799333333,38.5531,68.3164666667,54.9325333333,72.0442,71.6964333333,39.8445333333,80.0897333333,42.145,22.5973666667,13.5899333333,9.1269,6.96166666667
1169.0,73.9682,78.7827666667,25.9537,17.6749333333,77.5117333333,75.4625666667,68.4966,77.1588333333,51.1889,37.1740666667,60.3696333333,58.6791,38.5677333333,68.3323333333,54.9362666667,72.0281666667,71.6905666667,39.8586,80.0619,42.1422333333,22.5927666667,13.5887666667,9.12863333333,6.96506666667
1170.0,73.9589333333,78.7652,25.9601333333,17.6777,77.4911333333,75.4692666667,68.4879333333,77.1413,51.1896666667,37.1878666667,60.3686,58.6773666667,38.5814666667,68.3469333333,54.9378333333,72.0106333333,71.6822,39.8711333333,80.0346333333,42.1392666667,22.5877333333,13.5874,9.12993333333,6.96803333333
1171.0,73.9489333333,78.7483666667,25.9656,17.6803333333,77.4711666667,75.4767333333,68.4805,77.1246,51.1914333333,37.2012,60.3684333333,58.6759333333,38.5951,68.3611666667,54.9380666667,71.9920666667,71.6732666667,39.8827,80.0074,42.1364666667,22.5824333333,13.5859333333,9.13083333333,6.97046666667
1172.0,73.9383,78.7316333333,25.9703666667,17.6827666667,77.4514,75.4835333333,68.4734333333,77.1079333333,51.1935666667,37.2142333333,60.3685333333,58.6743,38.6082666667,68.3742666667,54.9372333333,71.9729333333,71.6633666667,39.8934333333,79.9803666667,42.1336,22.5768,13.5843,9.1315,6.97253333333
1173.0,73.9275666667,78.7132333333,25.9745,17.685,77.431,75.4881,68.4651333333,77.0904,51.1945333333,37.2267,60.3676333333,58.6711333333,38.6199666667,68.3849333333,54.9351666667,71.9533333333,71.6505333333,39.9028666667,79.9538333333,42.1301,22.5710666667,13.5823,9.13186666667,6.97436666667
1174.0,73.9173,78.6915333333,25.9782333333,17.6871,77.4093666667,75.4888666667,68.4541,77.0712,51.1929,37.2385666667,60.3645,58.6651,38.6290333333,68.3918333333,54.9315,71.9335,71.6328666667,39.9105666667,79.9284,42.1255333333,22.5653666667,13.5798333333,9.13203333333,6.97603333333
1175.0,73.9078333333,78.6665,25.9814333333,17.6891,77.3862,75.4860333333,68.4410333333,77.0509666667,51.1891333333,37.2499333333,60.3593666667,58.6561333333,38.6352,68.3952666667,54.9259,71.9140333333,71.6096333333,39.9162333333,79.9048,42.1197666667,22.5599333333,13.5771333333,9.13213333333,6.97783333333
1176.0,73.8983,78.6394333333,25.9841333333,17.6909333333,77.3623,75.4805333333,68.4262,77.0295,51.1837666667,37.2607333333,60.3528333333,58.6453333333,38.6396333333,68.3959333333,54.9190666667,71.8939333333,71.5831666667,39.9206,79.8816666667,42.1133333333,22.5543333333,13.574,9.13193333333,6.97933333333
1177.0,73.8877333333,78.6117333333,25.9862333333,17.6924,77.3385666667,75.4732666667,68.4095666667,77.0062,51.1771666667,37.2709666667,60.3455666667,58.6339333333,38.6439,68.3942,54.9117,71.8723,71.5562333333,39.9245,79.8573333333,42.1069,22.5481333333,13.5699666667,9.1311,6.98
1178.0,73.8752666667,78.5844,25.9875333333,17.6932666667,77.3158333333,75.4647,68.3905666667,76.9802666667,51.1693333333,37.2804,60.3379666667,58.6228666667,38.6490333333,68.3901333333,54.9043,71.8479333333,71.5310666667,39.9286666667,79.8302333333,42.1008333333,22.5408,13.5643666667,9.12906666667,6.9793
1179.0,73.8609666667,78.5563666667,25.9872666667,17.6932,77.2938666667,75.4539666667,68.368,76.9512333333,51.1591333333,37.2887666667,60.3292666667,58.6112666667,38.6540333333,68.3828333333,54.8963666667,71.8206333333,71.5057666667,39.9324666667,79.8009666667,42.0946,22.532,13.5566666667,9.12553333333,6.97666666667
1180.0,73.8456,78.5281666667,25.9867333333,17.6929666667,77.2721333333,75.4418333333,68.3441666667,76.9205666667,51.1483,37.2967,60.3201666667,58.5994333333,38.6593,68.3736,54.8881666667,71.7918666667,71.4809333333,39.9360666667,79.7702333333,42.0886333333,22.5227,13.5483,9.12146666667,6.9735
1181.0,73.8297,78.5006,25.9876333333,17.6933,77.2500333333,75.4295333333,68.3220333333,76.8897666667,51.1389,37.3050333333,60.3114333333,58.5881333333,38.6655,68.3639333333,54.8801666667,71.7629333333,71.4575333333,39.9397666667,79.7385333333,42.0835,22.5142,13.5412333333,9.11826666667,6.97133333333
1182.0,73.8139333333,78.4746,25.9911,17.6947666667,77.2275666667,75.4177333333,68.3038666667,76.8597666667,51.1327333333,37.3143333333,60.3040666667,58.578,38.6734666667,68.3549666667,54.8725666667,71.7348,71.4370333333,39.9438333333,79.706,42.08,22.5071666667,13.5365666667,9.11663333333,6.97106666667
1183.0,73.7979666667,78.4498666667,25.9962666667,17.6970333333,77.2053666667,75.4059666667,68.2888333333,76.8296,51.1290333333,37.3242666667,60.2981666667,58.5687666667,38.6831333333,68.3457,54.8651666667,71.7067333333,71.4192,39.9482,79.6721,42.078,22.5010333333,13.5333333333,9.11583333333,6.97183333333
1184.0,73.7814333333,78.4254333333,26.0027,17.6998666667,77.1823333333,75.3939666667,68.2745333333,76.7995,51.1263,37.3344333333,60.2919666667,58.5597666667,38.6931666667,68.3361666667,54.8579666667,71.6785333333,71.4021,39.9525333333,79.6376,42.0763666667,22.4955333333,13.5313666667,9.1159,6.97363333333
1185.0,73.7639333333,78.4001,26.0099,17.703,77.1571333333,75.3815333333,68.2586666667,76.7698333333,51.1230333333,37.3445333333,60.2837,58.5501666667,38.7023333333,68.3265666667,54.8509,71.6503666667,71.3835666667,39.9565333333,79.6033666667,42.0739,22.4906,13.5305666667,9.11686666667,6.9766
1186.0,73.7455333333,78.3734666667,26.0180666667,17.7067666667,77.1286666667,75.3686333333,68.2399666667,76.7408333333,51.1186,37.3544,60.2719333333,58.5396666667,38.7096333333,68.3168666667,54.8439,71.6222,71.3621333333,39.9597333333,79.5697,42.0698666667,22.4864333333,13.5315333333,9.1192,6.9813
1187.0,73.7264,78.3461666667,26.0277666667,17.7113333333,77.0974,75.3554,68.2196666667,76.7123,51.1137666667,37.3642666667,60.2575,58.5285,38.7158333333,68.3069666667,54.8370666667,71.594,71.339,39.9622666667,79.5362,42.0650666667,22.4834333333,13.5345333333,9.12303333333,6.9879
1188.0,73.7062,78.3179,26.0375333333,17.7158333333,77.0648666667,75.3417,68.1982333333,76.6840666667,51.1086666667,37.374,60.242,58.5169,38.7215,68.2970666667,54.8304333333,71.5658,71.3150666667,39.9648333333,79.5029,42.0594666667,22.4802333333,13.5378,9.12713333333,6.99486666667
1189.0,73.6843666667,78.2884,26.0457,17.7195,77.0325666667,75.3275666667,68.1761,76.6559333333,51.1035,37.3834666667,60.2271333333,58.5048666667,38.7271666667,68.2875666667,54.8240333333,71.5374666667,71.2912666667,39.9680333333,79.4698333333,42.0532333333,22.4755333333,13.5394666667,9.13023333333,7.0005
1190.0,73.6597333333,78.2565333333,26.0514,17.7217333333,77.0007333333,75.3129333333,68.1521666667,76.6273,51.0981666667,37.3924333333,60.2129666667,58.4917333333,38.7328666667,68.2785,54.8178333333,71.5081,71.2673666667,39.9722666667,79.4369,42.0459,22.4684333333,13.5385666667,9.1317,7.0039
1191.0,73.6326333333,78.2225666667,26.0555333333,17.7230333333,76.9685333333,75.2977666667,68.1263333333,76.5982,51.0925,37.4009,60.1985333333,58.4774333333,38.7382666667,68.2697666667,54.8118,71.4777,71.2429,39.9772333333,79.4041,42.0375333333,22.4595666667,13.5360666667,9.1323,7.006
1192.0,73.6055,78.1887,26.059,17.7240333333,76.9367666667,75.2822333333,68.1013666667,76.5702,51.0870333333,37.4095,60.1852333333,58.4637666667,38.7439,68.2613333333,54.8062,71.4487,71.2192,39.9824,79.3717666667,42.0289,22.4501666667,13.5328666667,9.13236666667,7.0076
1193.0,73.5808,78.1571333333,26.0628666667,17.7255333333,76.9063666667,75.2664,68.0801333333,76.5447,51.0823,37.4188666667,60.1742,58.4524666667,38.7504,68.2532333333,54.8012666667,71.4235666667,71.1977333333,39.9873333333,79.3403333333,42.0206666667,22.4411333333,13.5296,9.13266666667,7.0094
1194.0,73.5594,78.1282,26.0675666667,17.7277,76.8773333333,75.2502333333,68.0643333333,76.5227,51.0788333333,37.4295333333,60.1666333333,58.4447,38.7582333333,68.2457,54.7976333333,71.4033,71.1797333333,39.9924,79.3088333333,42.0129333333,22.4324666667,13.5264666667,9.1333,7.01173333333
1195.0,73.54,78.1008666667,26.0724666667,17.7302333333,76.8494,75.2336,68.0522,76.5032,51.0762,37.441,60.1615666667,58.4393,38.7669,68.2387,54.7949,71.3865333333,71.1642666667,39.9976,79.2777,42.0053333333,22.4237333333,13.5230666667,9.13393333333,7.01413333333
1196.0,73.5218,78.0755,26.0771666667,17.7327,76.8227,75.2167666667,68.041,76.4848666667,51.0734,37.4524333333,60.1570333333,58.4345,38.7758,68.2314333333,54.792,71.3721,71.1489,40.0021,79.2486333333,41.9980333333,22.4156,13.5194333333,9.13436666667,7.01643333333
1197.0,73.5042,78.0524,26.0812,17.7347666667,76.7976666667,75.1998666667,68.0282,76.4666,51.0696333333,37.4631666667,60.151,58.4286333333,38.7842,68.2231666667,54.7876666667,71.3590666667,71.1313333333,40.0049666667,79.2235333333,41.9912,22.4086666667,13.5158333333,9.13453333333,7.01846666667
1198.0,73.487,78.0324666667,26.0843333333,17.7365333333,76.7742,75.1821,68.014,76.4494666667,51.0643,37.473,60.1436666667,58.422,38.7917333333,68.2131666667,54.7813,71.3481,71.1103333333,40.0056,79.2035,41.9847,22.4034,13.5121333333,9.1344,7.0202
1199.0,73.4706333333,78.0147,26.0869333333,17.7380333333,76.7521666667,75.1641,67.9993333333,76.4331,51.0582666667,37.4824,60.1357333333,58.4151,38.7990666667,68.2023666667,54.7739,71.339,71.088,40.005,79.1866666667,41.9786333333,22.3991666667,13.5082666667,9.13406666667,7.0218
1200.0,73.4555666667,77.9975666667,26.0895666667,17.7394333333,76.7313666667,75.147,67.9841666667,76.4156666667,51.0525333333,37.4917,60.1275333333,58.4076666667,38.8068666667,68.1921333333,54.7670333333,71.3306666667,71.0669666667,40.0044,79.1708,41.9729333333,22.3948333333,13.5043333333,9.1334,7.0232
1201.0,73.4422333333,77.9794333333,26.0925333333,17.7406666667,76.7115666667,75.1319,67.9683333333,76.3953333333,51.0480333333,37.5011666667,60.1193666667,58.3993666667,38.8158333333,68.1837666667,54.7619,71.3220666667,71.0497,40.0052,79.1536,41.9677,22.3894,13.5002333333,9.13246666667,7.0245
1202.0,73.431,77.9601333333,26.0955666667,17.7415,76.6925,75.1183,67.9507,76.3704666667,51.0445,37.5103333333,60.1103333333,58.3891666667,38.8261666667,68.1770666667,54.7581333333,71.3135666667,71.0355,40.0069333333,79.1352333333,41.963,22.3828666667,13.4957333333,9.13083333333,7.02546666667
1203.0,73.4212,77.9407,26.0988,17.7423,76.6745666667,75.1060666667,67.9325666667,76.3438666667,51.0417,37.5195,60.1012,58.3783333333,38.8372666667,68.1714333333,54.7554,71.3053666667,71.0236333333,40.0093333333,79.1168333333,41.9587333333,22.3758333333,13.4910666667,9.1289,7.02633333333
1204.0,73.4122,77.9224333333,26.1023666667,17.7431333333,76.6583,75.0954666667,67.9158,76.3193333333,51.0397666667,37.5293333333,60.0932,58.3687,38.8485,68.1665666667,54.7538,71.2973,71.0141666667,40.0122333333,79.0994333333,41.9547333333,22.3688,13.4868333333,9.12736666667,7.02736666667
1205.0,73.4032666667,77.9063333333,26.1065,17.7444333333,76.6442,75.0866,67.9022666667,76.3000666667,51.039,37.5405666667,60.0876333333,58.362,38.8595333333,68.1621666667,54.7536,71.2892,71.0073,40.0157333333,79.0835666667,41.9509666667,22.3622,13.4834666667,9.1269,7.0291
1206.0,73.3946333333,77.8913666667,26.1113333333,17.7461666667,76.6319,75.0795666667,67.8914333333,76.2846333333,51.0399,37.5532,60.0845,58.3580333333,38.8708333333,68.1582666667,54.7553333333,71.2806,71.0042333333,40.0205666667,79.0682,41.9478,22.3562,13.4812333333,9.12763333333,7.03146666667
1207.0,73.3866,77.8781,26.1165666667,17.7481,76.6215333333,75.0742,67.8825666667,76.2724,51.0416333333,37.5666333333,60.0828333333,58.3556666667,38.8820333333,68.1550333333,54.7582,71.2722666667,71.0032333333,40.0258,79.0542666667,41.9448,22.3502666667,13.4793666667,9.1288,7.03413333333
1208.0,73.3795333333,77.8675666667,26.1217666667,17.7501,76.6136666667,75.0705333333,67.8753666667,76.2639,51.043,37.5803333333,60.0818,58.3541333333,38.8924666667,68.1526,54.7609,71.2652,71.0021,40.0299333333,79.0435666667,41.9414333333,22.3439333333,13.4772666667,9.12983333333,7.03676666667
1209.0,73.3733,77.8607333333,26.1268,17.752,76.6085333333,75.0685666667,67.8692333333,76.2594333333,51.0428333333,37.5936,60.0803,58.3523666667,38.9011666667,68.1503666667,54.7622,71.2596333333,70.9983,40.0315333333,79.0375,41.9372,22.3369666667,13.4742666667,9.13023333333,7.03906666667
1210.0,73.3672333333,77.8569666667,26.1318,17.754,76.6057333333,75.0682333333,67.8636333333,76.2588333333,51.0409333333,37.6063333333,60.0777666667,58.3502333333,38.9076333333,68.1471,54.7616333333,71.2541333333,70.9914,40.0302333333,79.0357666667,41.9322,22.3297333333,13.4709,9.13056666667,7.04143333333
1211.0,73.3625666667,77.8559666667,26.1367333333,17.7559333333,76.6054666667,75.0696,67.8601333333,76.2618,51.0391333333,37.6195333333,60.0764666667,58.3491666667,38.9139666667,68.1455,54.7615333333,71.2507333333,70.9853,40.0285333333,79.0368666667,41.9269333333,22.3219333333,13.4670333333,9.13046666667,7.04353333333
1212.0,73.3609,77.8575666667,26.1416,17.7577,76.6079,75.0727666667,67.8605333333,76.2681,51.0392333333,37.6343,60.0788333333,58.3508,38.9222333333,68.1485666667,54.7643666667,71.2518666667,70.9838666667,40.0291666667,79.0395,41.9219333333,22.3130666667,13.4626333333,9.12976666667,7.04503333333
1213.0,73.3631333333,77.8618666667,26.1461333333,17.7590333333,76.6133333333,75.0777,67.8666333333,76.2780666667,51.0427,37.6515666667,60.0867666667,58.3566333333,38.9340333333,68.1589666667,54.7719333333,71.2595666667,70.9904666667,40.0341333333,79.0425,41.9174,22.3022666667,13.4573666667,9.1279,7.04553333333
1214.0,73.3686333333,77.8694,26.1503,17.76,76.6217333333,75.0844,67.8782666667,76.2924333333,51.0485666667,37.6711666667,60.0994,58.3662,38.9482333333,68.1759666667,54.7832,71.2732333333,71.0036666667,40.0423,79.0464333333,41.9129,22.2893666667,13.4510333333,9.1248,7.0449
1215.0,73.377,77.879,26.1546,17.7608666667,76.6327666667,75.093,67.8927,76.3093666667,51.0562333333,37.6917666667,60.1150333333,58.3777666667,38.9643,68.1964,54.7969,71.2904666667,71.0204333333,40.0523,79.0522333333,41.9089,22.2762,13.4445,9.12146666667,7.04406666667
1216.0,73.3880333333,77.8894,26.1596666667,17.7619666667,76.6461666667,75.1036666667,67.9071666667,76.3268333333,51.0649666667,37.7122333333,60.1319333333,58.3896,38.9817333333,68.2173333333,54.8118666667,71.3088666667,71.0377,40.0627,79.0608333333,41.9059,22.2645333333,13.4386666667,9.1189,7.0439
1217.0,73.4019333333,77.8999333333,26.1658,17.7633333333,76.6623,75.1164666667,67.9208666667,76.3439666667,51.0752333333,37.7323,60.1503333333,58.4012,39.0011,68.2382666667,54.8286666667,71.3284333333,71.0549333333,40.0735666667,79.0727,41.9044333333,22.2554,13.4338666667,9.11763333333,7.04483333333
1218.0,73.4188666667,77.9111666667,26.1726666667,17.7647666667,76.6813333333,75.1312666667,67.9352,76.3619,51.0872666667,37.7526666667,60.1711,58.4136,39.0224666667,68.2607666667,54.8478333333,71.3504333333,71.0736,40.0856,79.0873333333,41.9042333333,22.2477333333,13.4296666667,9.11706666667,7.04633333333
1219.0,73.4377333333,77.9238333333,26.1799666667,17.7665,76.7017666667,75.1479666667,67.9497333333,76.3807666667,51.0996,37.7727,60.1920333333,58.4260666667,39.0443,68.2833,54.867,71.3726333333,71.0926333333,40.0975,79.1041,41.9044666667,22.2409,13.4258333333,9.11693333333,7.04823333333
1220.0,73.4574666667,77.9386,26.1875333333,17.7687333333,76.7222333333,75.1665,67.9641333333,76.4009,51.1108333333,37.7919,60.2108,58.438,39.0648,68.3042666667,54.8837333333,71.3929333333,71.1108,40.1078333333,79.1224333333,41.9042333333,22.2342,13.4222333333,9.11686666667,7.05046666667
1221.0,73.4779,77.9557666667,26.1952666667,17.7718,76.7421333333,75.1865666667,67.9776666667,76.4220666667,51.1202333333,37.8093,60.2258333333,58.4486,39.0834666667,68.3223333333,54.8969,71.4098333333,71.1272666667,40.1157333333,79.1416333333,41.9029333333,22.2278666667,13.4189333333,9.11703333333,7.0532
1222.0,73.4994666667,77.9748,26.2034333333,17.7755666667,76.7623333333,75.2083,67.9907666667,76.4442666667,51.1286666667,37.8255,60.2387,58.4583666667,39.1011333333,68.3387333333,54.9078666667,71.4247333333,71.1428333333,40.1221,79.1621666667,41.9010666667,22.2219333333,13.416,9.11753333333,7.05646666667
1223.0,73.5222666667,77.9956333333,26.2116666667,17.7793333333,76.7832333333,75.2321333333,68.0046,76.4679666667,51.1371,37.8421,60.2519,58.4688,39.1185333333,68.3554333333,54.9182333333,71.4400666667,71.1588666667,40.1283,79.1852333333,41.8999666667,22.2161666667,13.4131,9.11793333333,7.05966666667
1224.0,73.5464333333,78.0179666667,26.2198,17.7823666667,76.8052,75.2585666667,68.0203333333,76.4935666667,51.1464333333,37.8606333333,60.2679333333,58.4811333333,39.1362,68.3744,54.9294,71.4581,71.1766333333,40.1356333333,79.2119,41.9009,22.2100666667,13.41,9.11783333333,7.06203333333
1225.0,73.5727666667,78.0426666667,26.2278,17.7845333333,76.8283666667,75.2888666667,68.0387666667,76.5219,51.1567333333,37.8815333333,60.2874,58.4961333333,39.1543,68.3959333333,54.9411333333,71.4795,71.1972333333,40.1445,79.2449666667,41.9053666667,22.2038666667,13.4068333333,9.1171,7.06363333333
1226.0,73.6007666667,78.0692666667,26.2357666667,17.7863333333,76.8526,75.3220333333,68.0589333333,76.5523,51.1676333333,37.9039333333,60.3089333333,58.5127333333,39.1725,68.4191333333,54.9530666667,71.503,71.2194333333,40.1541333333,79.2821666667,41.9118333333,22.1975333333,13.4036666667,9.11603333333,7.0647
1227.0,73.6286333333,78.0963,26.2436333333,17.7879,76.8775333333,75.3556333333,68.0793333333,76.5832333333,51.179,37.9270666667,60.3315666667,58.5298,39.1906333333,68.4434,54.9657,71.5271666667,71.2412333333,40.1637,79.3181666667,41.9175333333,22.1908666667,13.4001,9.11473333333,7.0653
1228.0,73.6549666667,78.1224,26.2514,17.7896333333,76.9031666667,75.3874,68.0985,76.6132,51.1906,37.9504666667,60.3544,58.5461666667,39.2086,68.4682666667,54.9797333333,71.5507,71.2605333333,40.1724666667,79.3481666667,41.9198666667,22.1834666667,13.3957666667,9.11323333333,7.0655
1229.0,73.6805333333,78.1484,26.2588666667,17.7913333333,76.9305,75.4187666667,68.1162666667,76.6420333333,51.2026,37.9744333333,60.3781666667,58.5622333333,39.2262333333,68.4941,54.9951666667,71.5738,71.2768666667,40.1803666667,79.3731333333,41.919,22.1754,13.3906,9.1114,7.06486666667
1230.0,73.7053666667,78.1742,26.2661666667,17.793,76.9584666667,75.4494666667,68.1336,76.6708,51.2148666667,37.9988666667,60.4025666667,58.5782333333,39.2438,68.5207666667,55.0116,71.5969666667,71.2919,40.1879333333,79.3947333333,41.9162333333,22.1668333333,13.3849666667,9.1093,7.0638
1231.0,73.7286666667,78.1990666667,26.2735666667,17.7949333333,76.9854666667,75.4783333333,68.1514666667,76.7005666667,51.2275333333,38.0234666667,60.4268,58.5941333333,39.2616,68.548,55.0286333333,71.6206666667,71.3075333333,40.1953333333,79.4138,41.9125666667,22.1580333333,13.3792,9.10736666667,7.063
1232.0,73.7495333333,78.2224,26.2812666667,17.7973666667,77.0098333333,75.5041,68.1707666667,76.7326,51.2405,38.048,60.4501333333,58.6097,39.2798333333,68.5756,55.0459666667,71.6453,71.3253666667,40.2027333333,79.4304666667,41.9085666667,22.1493,13.3737333333,9.10576666667,7.06303333333
1233.0,73.7673,78.2443,26.2892333333,17.8004333333,77.0319666667,75.5263333333,68.1916333333,76.7682333333,51.254,38.0729,60.4726333333,58.6249,39.2984333333,68.6040333333,55.0637666667,71.6712,71.3445666667,40.2095,79.4426,41.9027,22.1401666667,13.3682666667,9.10436666667,7.06376666667
1234.0,73.7834666667,78.2651,26.2973,17.8037333333,77.0526,75.5465,68.2131666667,76.8048,51.2677666667,38.0977666667,60.4947333333,58.6399333333,39.3174333333,68.6329,55.0821333333,71.6976333333,71.3649333333,40.2163333333,79.4527333333,41.8965,22.1310333333,13.3629,9.10316666667,7.06486666667
1235.0,73.8,78.285,26.3053,17.8070333333,77.0724666667,75.5662666667,68.2344333333,76.8390666667,51.2813333333,38.1219666667,60.5168,58.6551666667,39.3369,68.6614,55.1011666667,71.7238,71.3868,40.2241666667,79.4647666667,41.8922333333,22.1223666667,13.3579666667,9.10223333333,7.0663
1236.0,73.8182,78.3043333333,26.3130333333,17.8100333333,77.0919333333,75.587,68.2549666667,76.8684666667,51.2944333333,38.1450666667,60.5392333333,58.6711333333,39.3571333333,68.6892,55.1211666667,71.7492333333,71.4107333333,40.2338,79.4818,41.8920666667,22.1147333333,13.3538333333,9.10166666667,7.068
1237.0,73.8373666667,78.3233333333,26.3206333333,17.8130333333,77.1107333333,75.6079666667,68.2754333333,76.8944666667,51.3075,38.1674666667,60.5621666667,58.6879666667,39.3783,68.7168666667,55.1424666667,71.7746666667,71.4374,40.2451,79.5029666667,41.8955333333,22.1081333333,13.3505333333,9.10156666667,7.07023333333
1238.0,73.8569333333,78.3413,26.3281333333,17.8158666667,77.1288,75.6286666667,68.2953,76.918,51.3201666667,38.1891,60.5848333333,58.7048,39.3997666667,68.7439333333,55.1641666667,71.7995,71.4648333333,40.2572666667,79.5256333333,41.9006,22.1018333333,13.3475666667,9.10163333333,7.0726
1239.0,73.8767,78.3575,26.3356666667,17.8185666667,77.1463666667,75.6486,68.3137666667,76.9398333333,51.3319666667,38.2097666667,60.6063333333,58.7204666667,39.4206333333,68.7696,55.1850666667,71.8230333333,71.4911666667,40.2694333333,79.5475333333,41.9052333333,22.0952,13.3443,9.10146666667,7.07446666667
1240.0,73.8966666667,78.3707,26.3432,17.8207666667,77.1631666667,75.6673,68.3300666667,76.9596,51.3422,38.2290333333,60.6257333333,58.7340666667,39.4404333333,68.7933333333,55.2047,71.8444666667,71.5150666667,40.2814,79.5674333333,41.9083333333,22.0876666667,13.3403333333,9.10083333333,7.0754
1241.0,73.9172,78.3804333333,26.3506,17.8224333333,77.1788333333,75.6846666667,68.3442333333,76.9761333333,51.3509333333,38.2466,60.6434333333,58.746,39.4594666667,68.8152333333,55.2237666667,71.8639666667,71.5378333333,40.2938666667,79.5869666667,41.9111,22.0795,13.3358666667,9.0999,7.0756
1242.0,73.9376,78.3897333333,26.3581666667,17.8241666667,77.1944,75.7017,68.3575333333,76.9921666667,51.3591666667,38.2639333333,60.6603333333,58.7571,39.4780333333,68.8360666667,55.2418,71.8826,71.5592666667,40.3058666667,79.6051666667,41.9133,22.0711666667,13.3313333333,9.09876666667,7.07553333333
1243.0,73.9568333333,78.4016333333,26.3664,17.8267666667,77.2109,75.7196333333,68.3711,77.0107666667,51.3683,38.2825,60.6774666667,58.7683,39.4964,68.8565666667,55.2583666667,71.9017,71.5789,40.3167,79.6207333333,41.9146,22.0631333333,13.3269333333,9.09766666667,7.07576666667
1244.0,73.9752,78.4185666667,26.3758333333,17.8308,77.2296333333,75.7395333333,68.3859333333,77.0346666667,51.3790666667,38.3032666667,60.6954333333,58.7801,39.5144333333,68.8771,55.2729333333,71.9222666667,71.5965666667,40.3255,79.6323,41.9145333333,22.0555333333,13.3228666667,9.09653333333,7.0765
1245.0,73.9931666667,78.4388333333,26.3863,17.8359333333,77.25,75.7608666667,68.4013,77.0621333333,51.3909,38.3254333333,60.7137,58.7921,39.5320333333,68.8973,55.2858666667,71.9436,71.6125,40.333,79.6405666667,41.9133666667,22.0482,13.3189333333,9.09533333333,7.0775
1246.0,74.0092,78.4591,26.3965,17.8411,77.2696333333,75.7814333333,68.4160333333,77.0891666667,51.4026,38.348,60.7316333333,58.8035666667,39.5497666667,68.9168666667,55.2978333333,71.9642333333,71.6268,40.3397333333,79.6479,41.9119,22.0410333333,13.3152,9.09416666667,7.07863333333
1247.0,74.0218333333,78.476,26.4052,17.8451666667,77.2859333333,75.7991,68.429,77.1116666667,51.413,38.3699,60.7485333333,58.8139333333,39.5683,68.9353333333,55.3096333333,71.9827666667,71.6395333333,40.3465,79.6564666667,41.9108666667,22.034,13.3115666667,9.0929,7.0797
1248.0,74.0296666667,78.4889333333,26.4117,17.8479,77.2982333333,75.8138,68.44,77.1289666667,51.4221,38.3913666667,60.7647333333,58.8230333333,39.5882666667,68.9528333333,55.3211666667,71.9992333333,71.6505333333,40.3530666667,79.6669666667,41.9107666667,22.0273333333,13.3082,9.0915,7.0807
1249.0,74.0342666667,78.4995333333,26.417,17.8498666667,77.3079,75.8263666667,68.4496,77.1430666667,51.4303666667,38.4126,60.7803666667,58.8312333333,39.609,68.9695,55.3323,72.0140666667,71.6598666667,40.3593,79.6780666667,41.9109666667,22.0208666667,13.3049666667,9.09013333333,7.08173333333
1250.0,74.0380333333,78.5088333333,26.4220333333,17.8515666667,77.3164,75.837,68.4581666667,77.1551,51.4376666667,38.4333,60.7945333333,58.8386666667,39.6292666667,68.9852333333,55.3431,72.0274333333,71.6681,40.3656333333,79.6889666667,41.9108666667,22.0143666667,13.3018,9.08873333333,7.08276666667
1251.0,74.0432333333,78.5178,26.4279333333,17.8535333333,77.3248333333,75.8458666667,68.4659333333,77.1661333333,51.4437666667,38.4529666667,60.8063333333,58.8455,39.6477666667,69.0002,55.3537666667,72.0393333333,71.6758,40.3724666667,79.6986666667,41.9097666667,22.0074,13.2985333333,9.0875,7.08376666667
1252.0,74.0493333333,78.5259666667,26.4345,17.8554666667,77.3331,75.8514333333,68.4726333333,77.1748,51.4481666667,38.4714333333,60.8149666667,58.8514333333,39.6642666667,69.0140333333,55.3641,72.0485,71.6821333333,40.3800666667,79.7074,41.9075333333,21.9999,13.2952333333,9.08636666667,7.08466666667
1253.0,74.0557,78.5333,26.4413666667,17.8574,77.3407333333,75.8549666667,68.4783,77.1817666667,51.4513333333,38.4889333333,60.8215,58.8566333333,39.6796,69.0269666667,55.3741666667,72.0560666667,71.6875,40.3880333333,79.7154333333,41.9047,21.9921666667,13.2918666667,9.0853,7.08553333333
1254.0,74.0630666667,78.5402666667,26.4487333333,17.8597333333,77.3478333333,75.8590666667,68.4835666667,77.1891333333,51.4545333333,38.5062,60.8277666667,58.8616,39.6944666667,69.0395333333,55.3843333333,72.0640333333,71.6930666667,40.3957333333,79.7225666667,41.9015,21.9844666667,13.2885333333,9.08443333333,7.0865
1255.0,74.0720666667,78.5473666667,26.4567333333,17.863,77.3545333333,75.8661,68.4885333333,77.1987666667,51.4586333333,38.5235,60.8352666667,58.8667666667,39.7095666667,69.0522666667,55.3948333333,72.0744333333,71.6997666667,40.4024666667,79.7285666667,41.8982,21.9773333333,13.2851,9.08376666667,7.08783333333
1256.0,74.0833333333,78.5543333333,26.4658,17.8671666667,77.3605666667,75.8755333333,68.4921,77.2105,51.4626666667,38.5402333333,60.8424666667,58.8716,39.7244333333,69.065,55.4055333333,72.0871333333,71.707,40.4085,79.7335333333,41.8942333333,21.9707333333,13.2818333333,9.08346666667,7.08953333333
1257.0,74.0956,78.5611333333,26.4752333333,17.8719333333,77.3662,75.8862333333,68.4955333333,77.2231333333,51.4671666667,38.5568666667,60.8501333333,58.8764333333,39.7392,69.0776333333,55.4164333333,72.1008,71.7148,40.4140333333,79.7375,41.8902,21.9643666667,13.2784666667,9.0833,7.0914
1258.0,74.1073666667,78.5678,26.4844,17.8768,77.3716666667,75.8975666667,68.5006,77.2356666667,51.473,38.5742666667,60.8598666667,58.8818666667,39.7539333333,69.0899333333,55.4275333333,72.1140333333,71.7233666667,40.4192,79.7407333333,41.8867333333,21.9579,13.2748333333,9.083,7.09313333333
1259.0,74.1175666667,78.5745333333,26.4926333333,17.8816,77.3771,75.9092666667,68.5092333333,77.2473666667,51.4811666667,38.5933666667,60.8732333333,58.8884666667,39.7689,69.1020333333,55.4389,72.1258333333,71.7330666667,40.4239666667,79.7432,41.8847,21.9510666667,13.2706333333,9.08223333333,7.0945
1260.0,74.1275666667,78.5816666667,26.5004333333,17.8868,77.3826,75.9230333333,68.5216333333,77.2591666667,51.4922333333,38.6144333333,60.8911333333,58.8964333333,39.7844666667,69.1149333333,55.4509666667,72.1374333333,71.7447,40.4282,79.7444333333,41.8837333333,21.9439,13.2658,9.08113333333,7.0956
1261.0,74.1364666667,78.5885666667,26.5077333333,17.8919333333,77.3879,75.9366,68.5356,77.2704333333,51.5044,38.6361,60.9107,58.9049333333,39.7998,69.1270666667,55.4630333333,72.1479333333,71.7567333333,40.4321333333,79.7450666667,41.8835,21.9366333333,13.2607,9.07983333333,7.0966
1262.0,74.1427333333,78.5941,26.5143333333,17.8963333333,77.3929333333,75.9467666667,68.5486666667,77.2802,51.5156,38.6566,60.9286,58.9129666667,39.8141666667,69.1366666667,55.4741666667,72.1563,71.7671666667,40.4360333333,79.7460666667,41.8837,21.9293666667,13.2557666667,9.07843333333,7.0972
1263.0,74.1450333333,78.5975666667,26.5199333333,17.8995333333,77.3979333333,75.9510666667,68.5597333333,77.2878666667,51.5247,38.6752,60.9430666667,58.9202333333,39.8267333333,69.1421,55.4837,72.1612333333,71.7747333333,40.4402333333,79.7477,41.8842,21.9221333333,13.2511666667,9.07693333333,7.09743333333
1264.0,74.1438333333,78.5992,26.5243333333,17.9016333333,77.4033333333,75.9506,68.5704333333,77.2940666667,51.5328666667,38.6928,60.9560666667,58.9273,39.8379,69.1439666667,55.4920666667,72.1629,71.7801666667,40.4447,79.7492333333,41.8853666667,21.9147666667,13.2466333333,9.07516666667,7.09706666667
1265.0,74.1407,78.5998666667,26.5284666667,17.9032333333,77.4078333333,75.9476333333,68.5795666667,77.2986,51.5399,38.709,60.967,58.9337,39.8483333333,69.1439,55.4996333333,72.1632666667,71.7843666667,40.4489,79.7515333333,41.8866666667,21.9075333333,13.2423666667,9.07343333333,7.09663333333
1266.0,74.1371666667,78.6003,26.5331333333,17.9047,77.4098,75.9445666667,68.5856666667,77.3014,51.5454666667,38.7232666667,60.9751666667,58.9387333333,39.8587,69.1434666667,55.5067666667,72.1642,71.7879333333,40.4523333333,79.7553333333,41.8875,21.9008,13.2386,9.07196666667,7.0966
1267.0,74.1332333333,78.6000666667,26.5384333333,17.9058333333,77.4075666667,75.9411,68.5866,77.3008333333,51.5484666667,38.7342,60.9785666667,58.9413,39.8688333333,69.1421333333,55.5129333333,72.1661333333,71.7904666667,40.4543333333,79.7614,41.8873666667,21.8947,13.2354,9.07076666667,7.09706666667
1268.0,74.1279666667,78.5988333333,26.5440666667,17.9065333333,77.4019333333,75.9360666667,68.5831666667,77.2972,51.5490333333,38.7420666667,60.9777,58.9418,39.8784,69.1391,55.5179,72.1680333333,71.7915666667,40.4551666667,79.7692666667,41.8865333333,21.889,13.2327,9.0697,7.09783333333
1269.0,74.1231666667,78.5982333333,26.5502,17.9075,77.3959,75.9320666667,68.5794666667,77.2939,51.5498333333,38.7500333333,60.9767,58.9424,39.8884333333,69.1370333333,55.5235333333,72.1706666667,71.7931333333,40.4561666667,79.7778666667,41.8859,21.8837,13.2303666667,9.069,7.09896666667
1270.0,74.1203666667,78.5998333333,26.5573,17.9093,77.3922666667,75.9317333333,68.5794333333,77.2944666667,51.5534333333,38.7612666667,60.9796333333,58.9453333333,39.8999333333,69.1387333333,55.5317666667,72.1750333333,71.7970666667,40.4588666667,79.7862666667,41.8862666667,21.8788,13.2283333333,9.06886666667,7.10073333333
1271.0,74.1197666667,78.6044666667,26.5658666667,17.9124666667,77.3912333333,75.9366666667,68.5842666667,77.2998333333,51.5611666667,38.7767,60.9876,58.9513333333,39.9130333333,69.1451666667,55.5434333333,72.1811,71.8038666667,40.4635,79.7948,41.8883,21.8745666667,13.2269,9.06973333333,7.10356666667
1272.0,74.1206333333,78.6112,26.5755333333,17.9165,77.3915666667,75.9452,68.5918666667,77.3083666667,51.5714666667,38.7945666667,60.9986,58.9591333333,39.9273333333,69.1548666667,55.5574333333,72.1885333333,71.8125,40.4694333333,79.8037666667,41.8913333333,21.8709666667,13.2259333333,9.07136666667,7.10723333333
1273.0,74.1233666667,78.6188666667,26.5853333333,17.9208666667,77.3940666667,75.9549333333,68.6014666667,77.3192,51.5826333333,38.8145333333,61.0117,58.9682,39.9429,69.1667,55.5728666667,72.1975666667,71.8229,40.4767,79.8119,41.8945,21.8672,13.2248,9.073,7.1108
1274.0,74.1284333333,78.6263666667,26.5942,17.9250666667,77.3996666667,75.9634666667,68.6121,77.3317666667,51.5929333333,38.8362666667,61.0261666667,58.9777333333,39.9598666667,69.1797333333,55.5889333333,72.2084666667,71.8349,40.4852333333,79.818,41.8968,21.8626666667,13.2228666667,9.0739,7.1135
1275.0,74.1364666667,78.634,26.6021333333,17.9291333333,77.4096,75.9708333333,68.6246666667,77.3469,51.6026666667,38.8608,61.043,58.9884,39.9787,69.1943333333,55.6067333333,72.2215666667,71.8492,40.4958666667,79.8205,41.8984333333,21.8572,13.2200333333,9.07406666667,7.11503333333
1276.0,74.1466666667,78.6419666667,26.6096,17.9333,77.4223666667,75.978,68.6387333333,77.3640666667,51.6124,38.8874,61.0616666667,58.9999,39.9989,69.2105333333,55.6257,72.2364666667,71.8653,40.5078,79.8214,41.8996333333,21.8512666667,13.2167,9.0738,7.11596666667
1277.0,74.1578333333,78.65,26.6168666667,17.9375,77.4353333333,75.9856,68.6530666667,77.382,51.6218333333,38.9139,61.0804,59.0115,40.0196,69.2278,55.6439666667,72.2524,71.8817666667,40.5198666667,79.8236,41.9004666667,21.8452,13.2132,9.07346666667,7.11693333333
1278.0,74.1687,78.6578,26.6240333333,17.9417,77.4462333333,75.9939,68.6663,77.3993666667,51.6308666667,38.9384,61.0975333333,59.0224,40.0399666667,69.2455333333,55.6598333333,72.2688333333,71.8975333333,40.5308,79.8301,41.9009666667,21.8393666667,13.2098333333,9.0731,7.11823333333
1279.0,74.1794666667,78.6646333333,26.6306666667,17.9457666667,77.4550666667,76.0021666667,68.6782333333,77.4164666667,51.6389333333,38.9612666667,61.1129,59.0323,40.0601333333,69.2640666667,55.6733,72.2866666667,71.9131333333,40.5407666667,79.8409333333,41.9007666667,21.8335,13.2064666667,9.07273333333,7.11973333333
1280.0,74.1907666667,78.6716,26.6372333333,17.9498,77.4635666667,76.0111333333,68.6901333333,77.4339,51.6468666667,38.9834333333,61.128,59.0421666667,40.0805333333,69.2833666667,55.6856666667,72.3051,71.9286666667,40.5504333333,79.8538333333,41.9003666667,21.8277,13.2030666667,9.0723,7.12136666667
1281.0,74.2034,78.6801,26.6448333333,17.9543666667,77.4733,76.0217333333,68.7033333333,77.4521,51.6555333333,39.0057333333,61.1442333333,59.0532,40.1015,69.3034,55.6981,72.3230666667,71.9441666667,40.5605333333,79.8664,41.9003,21.8221333333,13.1997333333,9.07196666667,7.1232
1282.0,74.2183333333,78.6913333333,26.6542666667,17.9595333333,77.4856666667,76.0349666667,68.7189,77.4716,51.6658,39.0287666667,61.1628333333,59.0666333333,40.1234,69.3241333333,55.7113333333,72.3393333333,71.9596,40.5717,79.8771,41.9012666667,21.817,13.1967,9.07193333333,7.1253
1283.0,74.2359666667,78.7052666667,26.6654,17.9654,77.5002,76.0507,68.7367333333,77.4924,51.6775,39.0521333333,61.1834,59.0823666667,40.1462666667,69.3458,55.7243,72.3541,71.9750333333,40.5835666667,79.8872333333,41.9032,21.8124,13.1938,9.07223333333,7.1279
1284.0,74.2542666667,78.7203333333,26.6773333333,17.9716,77.5158333333,76.0678333333,68.7555333333,77.5138,51.6897333333,39.0757,61.2050333333,59.0989,40.1695333333,69.3680333333,55.7378,72.3686,71.9904,40.5959,79.8967,41.9053666667,21.8079333333,13.1910666667,9.07253333333,7.13056666667
1285.0,74.2713333333,78.7350333333,26.6892333333,17.9776333333,77.5317333333,76.0851666667,68.7741,77.5349,51.7018666667,39.0991,61.227,59.1145333333,40.1924333333,69.3902,55.7525666667,72.3841666667,72.0056333333,40.6083,79.9052,41.907,21.8033,13.1882,9.07263333333,7.13283333333
1286.0,74.2856,78.7485666667,26.7005333333,17.9833,77.5476333333,76.1022666667,68.7919,77.5555666667,51.7135,39.1224333333,61.2494,59.1285666667,40.2145666667,69.4122666667,55.7694666667,72.4018666667,72.0207333333,40.6207666667,79.9120333333,41.9074333333,21.7984333333,13.1852666667,9.0723,7.1344
1287.0,74.2981666667,78.7618666667,26.7118333333,17.9888,77.5644666667,76.1202,68.8101666667,77.5765,51.7253,39.1458666667,61.2732333333,59.1423,40.2363666667,69.4347333333,55.7884666667,72.4214,72.0359,40.6335333333,79.9172,41.9070333333,21.7934333333,13.1821666667,9.07176666667,7.1355
1288.0,74.3096,78.7746,26.7230333333,17.9942,77.5808666667,76.1377666667,68.8274333333,77.5966666667,51.7365666667,39.1690333333,61.2964333333,59.1545666667,40.2578333333,69.4568,55.8081333333,72.4415,72.0507333333,40.6462333333,79.9219333333,41.9063,21.7882333333,13.1790666667,9.07096666667,7.1363
1289.0,74.3205333333,78.7861,26.734,17.9994666667,77.5954666667,76.1537,68.8420666667,77.6149333333,51.7466,39.1913,61.3169,59.1638333333,40.2789333333,69.4778666667,55.8271333333,72.4610333333,72.0647333333,40.6582333333,79.9275,41.9058,21.7827,13.1758333333,9.07003333333,7.1369
1290.0,74.3308666667,78.7957666667,26.7444666667,18.0045,77.607,76.1674333333,68.8525,77.6304666667,51.7544,39.212,61.3328666667,59.1681,40.2994666667,69.4974666667,55.8447,72.4801333333,72.0774333333,40.6692,79.9351333333,41.9054666667,21.7765,13.1724,9.06876666667,7.13706666667
1291.0,74.3404,78.8040333333,26.7545333333,18.0093333333,77.6163666667,76.1795,68.8596333333,77.6438333333,51.7605333333,39.2314333333,61.3456333333,59.1681666667,40.3194666667,69.516,55.8616333333,72.4994333333,72.0889333333,40.6793333333,79.9440666667,41.9049666667,21.7697,13.1686333333,9.0671,7.13676666667
1292.0,74.3496333333,78.8118,26.7648,18.0142666667,77.6250333333,76.1905666667,68.8660333333,77.6563,51.7664666667,39.2509,61.3574333333,59.1681666667,40.3394666667,69.5338333333,55.8784333333,72.5173333333,72.1005,40.6893666667,79.9524666667,41.9052,21.7630666667,13.1651666667,9.06566666667,7.1368
1293.0,74.3589666667,78.8199666667,26.7757666667,18.0196666667,77.6343,76.2011666667,68.8744333333,77.6690666667,51.7738333333,39.2718333333,61.3706333333,59.1723666667,40.3599,69.5513333333,55.8956,72.5321333333,72.1133333333,40.6999666667,79.9585333333,41.9068333333,21.7573,13.1625,9.06513333333,7.13793333333
1294.0,74.3683666667,78.8286,26.7876333333,18.0256,77.6441,76.2102333333,68.8851666667,77.6827,51.7825666667,39.2950333333,61.3852666667,59.1813333333,40.3812333333,69.5690333333,55.9139333333,72.5433333333,72.1286,40.7110666667,79.9620666667,41.9107333333,21.7524333333,13.1609666667,9.06573333333,7.14046666667
1295.0,74.3777333333,78.8374,26.8000333333,18.0318333333,77.6540333333,76.2184,68.8970333333,77.6964,51.7921,39.3193,61.4005666667,59.1931,40.4029,69.5864666667,55.9326666667,72.5519,72.1450666667,40.7224333333,79.9638333333,41.9160666667,21.7481666667,13.1600666667,9.067,7.144
1296.0,74.3872333333,78.8461666667,26.8128,18.0385333333,77.6641666667,76.2274333333,68.9093333333,77.7089666667,51.8026333333,39.3434666667,61.4162666667,59.2066333333,40.4243,69.6027,55.9504666667,72.5588333333,72.1605666667,40.7342,79.9641666667,41.9212666667,21.7444,13.1594666667,9.06853333333,7.14783333333
1297.0,74.3971666667,78.8551,26.8257,18.0458333333,77.6747666667,76.2395666667,68.9216666667,77.7194,51.8144333333,39.3664666667,61.4324666667,59.221,40.4448666667,69.6169666667,55.9659666667,72.5651333333,72.1730333333,40.7466333333,79.9631,41.9249,21.7409333333,13.1587333333,9.07,7.1515
1298.0,74.4081666667,78.8647333333,26.8392,18.0540333333,77.6871,76.2559,68.9353,77.7276333333,51.8286,39.3885,61.4502,59.2382333333,40.4649,69.6294,55.9794,72.5702666667,72.1829666667,40.7604,79.9595,41.9270333333,21.7380333333,13.158,9.0716,7.15553333333
1299.0,74.4193666667,78.8743666667,26.8529333333,18.0627333333,77.6996,76.2739666667,68.9490333333,77.7343,51.8437666667,39.4099333333,61.4682666667,59.2566333333,40.4843333333,69.6402666667,55.9913333333,72.5742333333,72.1910333333,40.7746,79.9546,41.9284333333,21.7355333333,13.1573333333,9.07333333333,7.15956666667
1300.0,74.4296666667,78.8831,26.8660333333,18.0712,77.71,76.2904,68.9609,77.7399333333,51.8578666667,39.4307,61.4849333333,59.2729333333,40.5028666667,69.6497333333,56.0019,72.5776333333,72.1973,40.788,79.9505,41.9297333333,21.7330333333,13.1565333333,9.0748,7.16306666667
1301.0,74.4381,78.8901666667,26.8778666667,18.0789333333,77.7163333333,76.3024666667,68.9688666667,77.7449,51.8690333333,39.4505666667,61.4983666667,59.2840666667,40.5199333333,69.6576,56.0109,72.5808,72.2014,40.7992333333,79.9491,41.9315333333,21.7303,13.1552666667,9.0757,7.1653
1302.0,74.4453666667,78.8960666667,26.8884666667,18.0859,77.7189,76.3115666667,68.9727333333,77.7483,51.8773,39.4690333333,61.5080333333,59.2901,40.5351333333,69.6626666667,56.0170666667,72.5828333333,72.2018333333,40.8083,79.9503333333,41.9333666667,21.7274666667,13.1535333333,9.07593333333,7.1662
1303.0,74.4514,78.9009,26.8984,18.0926666667,77.7192,76.3183,68.9747333333,77.7510666667,51.8844666667,39.487,61.5165,59.2939333333,40.5496,69.6669333333,56.0225333333,72.5847333333,72.2011666667,40.8166333333,79.9524333333,41.9353666667,21.7245333333,13.1516333333,9.07596666667,7.16656666667
1304.0,74.4562,78.9044,26.9083666667,18.0994333333,77.7185666667,76.3229333333,68.9776,77.7545,51.8925,39.5057666667,61.5262,59.2985333333,40.5646666667,69.6726,56.0298333333,72.5878,72.2028666667,40.8254,79.9538333333,41.9376333333,21.7215333333,13.1499,9.07623333333,7.16726666667
1305.0,74.4595333333,78.9062333333,26.9188,18.1065,77.7179,76.3249333333,68.9832666667,77.7598,51.903,39.5262666667,61.5393333333,59.3061666667,40.5814333333,69.6820333333,56.0416333333,72.5932666667,72.2098333333,40.8358,79.9531333333,41.9403666667,21.7184333333,13.1485666667,9.07713333333,7.169
1306.0,74.4609,78.9059666667,26.9290333333,18.1134666667,77.7160333333,76.3230333333,68.9907666667,77.7671,51.9152666667,39.5481333333,61.5549666667,59.3153,40.5993333333,69.6947666667,56.0574666667,72.601,72.2213666667,40.8474333333,79.9509666667,41.9435,21.7151,13.1475666667,9.07843333333,7.17133333333
1307.0,74.4613666667,78.9047666667,26.9396333333,18.1206666667,77.7137333333,76.3200333333,68.9990666667,77.7744333333,51.9283333333,39.5706666667,61.5717333333,59.3253666667,40.6178666667,69.7085,56.0746333333,72.6095333333,72.2347,40.8595666667,79.9481,41.9469666667,21.7117333333,13.1467,9.08,7.1741
1308.0,74.4620333333,78.9040333333,26.9511,18.1282666667,77.7119666667,76.3190666667,69.0072666667,77.7799,51.9414,39.5933333333,61.5883333333,59.3360333333,40.6362666667,69.7209666667,56.0902666667,72.6174,72.2472,40.8713666667,79.9452333333,41.9505666667,21.7087333333,13.1460666667,9.08173333333,7.17736666667
1309.0,74.4635333333,78.9044,26.9640333333,18.1365333333,77.7113,76.3224666667,69.0149333333,77.7818333333,51.9542,39.6157666667,61.6047,59.3475333333,40.6543666667,69.7311666667,56.1026666667,72.624,72.2579666667,40.8826,79.9427333333,41.9542,21.7061333333,13.1456,9.08363333333,7.18116666667
1310.0,74.4654666667,78.9052333333,26.9781666667,18.1452333333,77.7111,76.3286666667,69.0226,77.7812,51.9671666667,39.6383333333,61.6217,59.3601666667,40.6725333333,69.7406333333,56.1134333333,72.6302666667,72.2687,40.8937666667,79.9400666667,41.9579,21.7036,13.1452,9.0857,7.18563333333
1311.0,74.4671333333,78.9062666667,26.9928,18.1544,77.7114,76.3356,69.0301666667,77.7797,51.98,39.6610666667,61.6377,59.3727,40.6905,69.7484,56.1232333333,72.6356333333,72.2779333333,40.9044666667,79.9374666667,41.9619,21.7016666667,13.1451,9.08793333333,7.1903
1312.0,74.4678333333,78.9074,27.0073,18.1638,77.7122,76.3412,69.0376,77.7792,51.9920333333,39.6840666667,61.6509,59.3839333333,40.7079333333,69.7535666667,56.1328666667,72.6392666667,72.2840333333,40.9143333333,79.9348666667,41.9665666667,21.7008,13.1453,9.0905,7.1949
1313.0,74.4677,78.9094333333,27.0218666667,18.1739,77.7144666667,76.3456666667,69.0449666667,77.7805333333,52.0029,39.7075333333,61.6598666667,59.3932666667,40.7241666667,69.7546,56.142,72.6405666667,72.2857,40.9226333333,79.9328,41.9718666667,21.7014333333,13.1458333333,9.0934,7.19923333333
1314.0,74.4669333333,78.9121333333,27.0366333333,18.1845333333,77.7178333333,76.3497,69.0522666667,77.7827333333,52.0129,39.7313333333,61.6659333333,59.4014333333,40.7396,69.7525,56.1503333333,72.6402,72.2839666667,40.9297666667,79.9310666667,41.9776666667,21.7031333333,13.1467,9.09656666667,7.20363333333
1315.0,74.4650333333,78.9134,27.0510333333,18.1949,77.72,76.3519333333,69.0591666667,77.7845,52.0228666667,39.7551333333,61.6714,59.4090333333,40.7554333333,69.7500333333,56.1594,72.639,72.2813333333,40.9372666667,79.9286,41.9842333333,21.7051666667,13.1478,9.09986666667,7.2079
1316.0,74.4613666667,78.9112666667,27.0644,18.2041,77.7188,76.351,69.0652666667,77.7847333333,52.0334,39.7789,61.6787333333,59.4166333333,40.7728,69.7498333333,56.1704666667,72.6380333333,72.2798666667,40.9466,79.9244,41.9919666667,21.7067333333,13.1491333333,9.10303333333,7.21193333333
1317.0,74.4560333333,78.9056666667,27.0765666667,18.2119666667,77.7142333333,76.3463333333,69.0712333333,77.7844666667,52.0450666667,39.8030666667,61.6887666667,59.4244333333,40.7923666667,69.7523666667,56.1847666667,72.6378666667,72.2801333333,40.9581333333,79.9186333333,42.0014333333,21.7080333333,13.1508333333,9.1063,7.21573333333
1318.0,74.4492666667,78.8975333333,27.0879666667,18.2190666667,77.7072666667,76.339,69.0765666667,77.7832666667,52.057,39.8273333333,61.6996333333,59.432,40.8130666667,69.7560333333,56.2006,72.6375333333,72.2807,40.9708,79.9115666667,42.012,21.7092333333,13.1528,9.10953333333,7.2194
1319.0,74.4409666667,78.8874,27.0991333333,18.2257666667,77.6984666667,76.3304,69.0802666667,77.7796333333,52.0683333333,39.8505333333,61.7096,59.4387333333,40.8334333333,69.7595666667,56.2155,72.6357,72.2801666667,40.9838333333,79.9032333333,42.0223666667,21.7101,13.1547333333,9.1125,7.22296666667
1320.0,74.4310666667,78.8755333333,27.1103333333,18.2321666667,77.6880333333,76.3215333333,69.0812666667,77.7720333333,52.0780666667,39.8716666667,61.7172333333,59.4441666667,40.8524333333,69.7617666667,56.2271,72.6310666667,72.2774666667,40.9962,79.8937,42.0315,21.7105666667,13.1564,9.11506666667,7.2267
1321.0,74.4186333333,78.8607,27.1211,18.2378,77.6751333333,76.3112666667,69.0795,77.7600333333,52.0862333333,39.8908,61.7229666667,59.4481666667,40.8705666667,69.7634,56.2358666667,72.6237,72.2731333333,41.0086333333,79.8831,42.0398666667,21.7102666667,13.1578666667,9.11713333333,7.2305
1322.0,74.4049666667,78.8443,27.1318333333,18.2432,77.6606333333,76.3003,69.0758,77.7454,52.0935333333,39.9085666667,61.7273666667,59.4512,40.8879666667,69.7644,56.2429666667,72.6145,72.2673,41.0209333333,79.8711666667,42.0476,21.7097666667,13.1592666667,9.11883333333,7.2343
1323.0,74.3916333333,78.8285666667,27.1432,18.2493333333,77.6461666667,76.2898666667,69.0710666667,77.7298333333,52.1004333333,39.9256333333,61.7303333333,59.4539666667,40.9045666667,69.7643333333,56.2492,72.6043666667,72.2598666667,41.0326333333,79.8576333333,42.0547333333,21.7095333333,13.1604666667,9.1206,7.23806666667
1324.0,74.3801333333,78.8152666667,27.1558333333,18.2569333333,77.6329,76.2811666667,69.0660333333,77.7149333333,52.1073333333,39.9422666667,61.7318333333,59.457,40.9201666667,69.7629333333,56.2551,72.5940333333,72.2504,41.0433666667,79.8421333333,42.0611333333,21.7102,13.1617,9.1225,7.24183333333
1325.0,74.3699666667,78.8036333333,27.1696333333,18.2658666667,77.6206333333,76.2738,69.0603333333,77.7001,52.1140333333,39.9581,61.7315666667,59.4600666667,40.9346666667,69.7606333333,56.2601333333,72.5831666667,72.2386666667,41.0530666667,79.8247666667,42.0665666667,21.7117,13.1629333333,9.12446666667,7.2457
1326.0,74.3600333333,78.7926333333,27.1838666667,18.2754333333,77.6081666667,76.2668666667,69.0536333333,77.6842666667,52.1204666667,39.9734666667,61.7302,59.4627666667,40.9485,69.7570333333,56.2645333333,72.5713666667,72.2256333333,41.0623333333,79.8058333333,42.0715333333,21.7133333333,13.164,9.1264,7.24946666667
1327.0,74.3492333333,78.7810666667,27.1979,18.2848333333,77.5942,76.2593666667,69.0454333333,77.6665333333,52.1265,39.9888333333,61.7285,59.4647,40.9621333333,69.7519666667,56.2687,72.5583666667,72.2124666667,41.0719666667,79.7858333333,42.0767,21.7145666667,13.1647666667,9.1282,7.25273333333
1328.0,74.3372666667,78.7688333333,27.2113,18.2936,77.5780666667,76.2512666667,69.0350666667,77.646,52.1322,40.0044,61.7268666667,59.4655,40.9759666667,69.7452,56.2729333333,72.5437666667,72.1994666667,41.0822333333,79.765,42.0825,21.7148666667,13.1648666667,9.1298,7.25513333333
1329.0,74.3247333333,78.7568333333,27.2246,18.3021666667,77.5603333333,76.2432,69.0227333333,77.6231666667,52.1374666667,40.0199,61.7249333333,59.4654,40.9895666667,69.7371333333,56.2771333333,72.5277333333,72.1861666667,41.0929333333,79.7429666667,42.0887,21.7146333333,13.1644333333,9.1312,7.25686666667
1330.0,74.3111333333,78.7435666667,27.2375666667,18.3107,77.5415666667,76.2339666667,69.0095666667,77.5989666667,52.1425666667,40.0355,61.7225666667,59.4647,41.0029666667,69.7273666667,56.2808,72.5108,72.1726666667,41.1036666667,79.7199,42.0947333333,21.7141666667,13.1639666667,9.1325,7.25843333333
1331.0,74.2959,78.7276,27.2499666667,18.3194333333,77.5221333333,76.222,68.9969666667,77.5744666667,52.1479666667,40.0512666667,61.7199,59.4636333333,41.0160666667,69.7157333333,56.2833666667,72.4935,72.1593666667,41.1142,79.6957333333,42.1000666667,21.7139666667,13.1639666667,9.13383333333,7.26036666667
1332.0,74.279,78.7078,27.2614,18.3284,77.5023333333,76.2062666667,68.9845666667,77.5496,52.1537,40.0672666667,61.7168,59.4621333333,41.0288333333,69.7013333333,56.2843,72.4757666667,72.1465333333,41.1245333333,79.6708666667,42.1045,21.7139666667,13.1646,9.13506666667,7.2627
1333.0,74.2606333333,78.6852666667,27.272,18.3374666667,77.4818,76.1879,68.9721,77.5239666667,52.1595666667,40.0834333333,61.7132333333,59.4600333333,41.0414,69.6846666667,56.2840333333,72.4574666667,72.1339333333,41.1348333333,79.6451666667,42.1082666667,21.7139,13.1656,9.13626666667,7.26526666667
1334.0,74.2408,78.6615666667,27.2828333333,18.3466666667,77.4604,76.1683333333,68.9605333333,77.4983,52.1656,40.0997666667,61.7096333333,59.4579666667,41.0534666667,69.6673,56.2834666667,72.4389666667,72.121,41.1447333333,79.6177666667,42.1117666667,21.7142333333,13.1669,9.1376,7.26806666667
1335.0,74.2194666667,78.6382333333,27.2947,18.3561333333,77.4379333333,76.1490333333,68.9510333333,77.4733333333,52.1719,40.1163,61.7062666667,59.4565666667,41.0649333333,69.6507666667,56.2833333333,72.4207333333,72.1072,41.1539666667,79.5879333333,42.1152666667,21.7151666667,13.1682333333,9.13926666667,7.27126666667
1336.0,74.1973333333,78.6158666667,27.3075666667,18.3659333333,77.4148666667,76.1307666667,68.9450333333,77.4505333333,52.1791666667,40.1334,61.7035666667,59.4563,41.0756,69.6349666667,56.2836666667,72.404,72.0930666667,41.1622,79.5558,42.1186333333,21.7168,13.1696333333,9.14116666667,7.27483333333
1337.0,74.1737333333,78.5932333333,27.3211333333,18.3759666667,77.3907666667,76.1122,68.9407333333,77.4282,52.1867333333,40.1507,61.7010333333,59.4565,41.0857,69.6193,56.2841333333,72.3874333333,72.0783666667,41.1698666667,79.5215333333,42.1218,21.7189666667,13.1711666667,9.14333333333,7.2787
1338.0,74.1475666667,78.5688333333,27.3351666667,18.3860666667,77.3649333333,76.0917,68.9352,77.4035333333,52.1933,40.1675,61.6978666667,59.4559666667,41.0957333333,69.6035333333,56.2844333333,72.3686666667,72.0623,41.1776666667,79.4850666667,42.1252666667,21.7212666667,13.1730666667,9.14593333333,7.28286666667
1339.0,74.1176,78.5412666667,27.3494333333,18.3962333333,77.3364333333,76.0677666667,68.9258333333,77.3740666667,52.1974666667,40.1832333333,61.6935666667,59.4536,41.1063,69.5877,56.2845666667,72.3454333333,72.0440666667,41.1864,79.4463,42.1294666667,21.7233,13.1753333333,9.14933333333,7.2872
1340.0,74.0832666667,78.5102333333,27.3642,18.4064,77.3049,76.0405,68.9136666667,77.3405333333,52.1989333333,40.1977666667,61.6888,59.4495,41.1175,69.5727666667,56.2846666667,72.3186,72.0239333333,41.1962,79.4047333333,42.1349,21.7254333333,13.1782666667,9.1538,7.29196666667
1341.0,74.0462666667,78.4771333333,27.3793,18.4166333333,77.2715,76.0108,68.8992666667,77.3038,52.1991,40.2116666667,61.6831333333,59.4444,41.1287666667,69.5574,56.2845333333,72.2888,72.0022,41.2062666667,79.3610666667,42.1406,21.7275333333,13.1814666667,9.1587,7.2969
1342.0,74.0084,78.4435333333,27.3944666667,18.4272666667,77.2376,75.9797666667,68.8825,77.2640666667,52.1996666667,40.2254333333,61.6755,59.4387333333,41.1397,69.54,56.2837666667,72.2559333333,71.9789333333,41.2158333333,79.3161333333,42.1453333333,21.7293666667,13.1845666667,9.1633,7.30173333333
1343.0,73.9711333333,78.4107333333,27.4096,18.4385,77.2045666667,75.9476666667,68.8634,77.2216666667,52.2021,40.2393666667,61.6653333333,59.4330333333,41.1499,69.5193666667,56.2823,72.2197666667,71.9542666667,41.2240666667,79.2707333333,42.1480666667,21.7308,13.1874,9.16713333333,7.30626666667
1344.0,73.9336666667,78.3784333333,27.425,18.4503333333,77.1723,75.9133666667,68.8418333333,77.1762333333,52.2061,40.2533666667,61.6533333333,59.4272,41.1596,69.4967666667,56.2805666667,72.1797333333,71.9283333333,41.2314,79.2248333333,42.1493,21.7318666667,13.1902666667,9.17046666667,7.31083333333
1345.0,73.8955,78.3453333333,27.4403,18.4624666667,77.1392333333,75.8783666667,68.8180333333,77.1279333333,52.2101333333,40.2672333333,61.6391333333,59.4207,41.1688333333,69.4715,56.2779,72.1372333333,71.9007666667,41.2381666667,79.1774,42.1495,21.7327,13.1929,9.17346666667,7.31513333333
1346.0,73.8563,78.3102666667,27.4552,18.4745333333,77.1039,75.8441666667,68.7919666667,77.0772333333,52.2127333333,40.2807666667,61.6219666667,59.4129333333,41.1775333333,69.4429333333,56.2733666667,72.0939333333,71.8712666667,41.2446,79.1276,42.1491333333,21.7335333333,13.1949,9.1761,7.31903333333
1347.0,73.8154666667,78.2719666667,27.4690666667,18.4861333333,77.0649333333,75.8115666667,68.763,77.0234333333,52.2124,40.2937,61.6002666667,59.4030333333,41.1855333333,69.4099666667,56.2662666667,72.0509333333,71.8396,41.2506333333,79.0746,42.1478666667,21.7343,13.1958333333,9.178,7.32213333333
1348.0,73.7730333333,78.2309333333,27.4818666667,18.4973,77.0229666667,75.7794666667,68.7306,76.9662,52.2098333333,40.3059333333,61.5739333333,59.3911333333,41.1927333333,69.3729,56.2569333333,72.0072666667,71.8059333333,41.256,79.0188,42.1452666667,21.7348,13.1957,9.17923333333,7.32443333333
1349.0,73.7303,78.1889666667,27.4951333333,18.5089666667,76.9798666667,75.7485,68.6975,76.9075,52.2069666667,40.3184666667,61.547,59.3789333333,41.1996,69.3333,56.2463,71.9623,71.7704,41.2615,78.9611333333,42.1431,21.7357,13.1957333333,9.1806,7.3268
1350.0,73.6885,78.1475666667,27.5103,18.5221,76.9376333333,75.7193,68.6664666667,76.8494,52.2057333333,40.3321333333,61.5236,59.3682,41.2064666667,69.2929,56.2352,71.9150333333,71.7332,41.2678333333,78.9023666667,42.1432,21.7375666667,13.1973333333,9.18306666667,7.33003333333
1351.0,73.6490666667,78.1075,27.5282666667,18.5372,76.8973,75.6939666667,68.6380333333,76.7921333333,52.2066,40.3474,61.5043333333,59.3591666667,41.2134,69.2511666667,56.2232,71.8647,71.6935666667,41.2755,78.8422333333,42.1459333333,21.7405333333,13.2007333333,9.18686666667,7.3342
1352.0,73.6105333333,78.0676333333,27.5478333333,18.5536333333,76.8574666667,75.6708333333,68.6108666667,76.7349,52.2085333333,40.3636666667,61.4873333333,59.3511,41.2202,69.2079,56.2103666667,71.8121666667,71.652,41.2838,78.7807333333,42.1503666667,21.7443333333,13.2053333333,9.19153333333,7.33893333333
1353.0,73.5704333333,78.0270333333,27.5676,18.5703333333,76.8163666667,75.6458333333,68.5841,76.6772,52.2109333333,40.3802,61.4717333333,59.3434333333,41.2269,69.1641,56.1977,71.7591666667,71.6101,41.2921666667,78.7183666667,42.1557666667,21.7486333333,13.2105333333,9.19656666667,7.34413333333
1354.0,73.5263333333,77.9846,27.5861333333,18.5865,76.7721666667,75.6150666667,68.5570333333,76.6186333333,52.213,40.3962333333,61.4567666667,59.3358666667,41.2336333333,69.1206666667,56.1864,71.7072,71.5694,41.3000333333,78.6558333333,42.1615,21.7532666667,13.2157666667,9.20166666667,7.34976666667
1355.0,73.4786333333,77.9406333333,27.6042666667,18.6028333333,76.7250666667,75.5797666667,68.5304,76.5591,52.2156333333,40.4126,61.4438333333,59.3291333333,41.2412666667,69.0779666667,56.1772666667,71.6558333333,71.5299333333,41.3083666667,78.5929333333,42.1692,21.7586666667,13.2218333333,9.20733333333,7.35636666667
1356.0,73.4283,77.8953666667,27.6219333333,18.6191,76.6758,75.5407333333,68.5038666667,76.4989333333,52.2183333333,40.4288,61.4318666667,59.3226,41.2487666667,69.0350666667,56.1687,71.6046666667,71.4908,41.3163666667,78.5295666667,42.1773333333,21.7644333333,13.2281666667,9.2132,7.3634
1357.0,73.3756666667,77.849,27.6381333333,18.6341666667,76.6252666667,75.4977,68.4763,76.4386333333,52.2199,40.4438333333,61.4186666667,59.3151,41.2544333333,68.9909,56.1589333333,71.5539,71.4511666667,41.3227,78.4654333333,42.1835333333,21.7696666667,13.2337333333,9.21836666667,7.36976666667
1358.0,73.3209666667,77.8015333333,27.6521333333,18.6472333333,76.5739,75.4499,68.4469666667,76.3784333333,52.2192,40.4569333333,61.4026666667,59.3054666667,41.2566666667,68.9445333333,56.1461333333,71.5036666667,71.4101666667,41.326,78.4001,42.1854333333,21.7735666667,13.2376,9.2221,7.3746
1359.0,73.2631,77.7527666667,27.6642,18.6587,76.5212333333,75.3962,68.4159333333,76.3186666667,52.2164333333,40.4686666667,61.3850666667,59.2943,41.2559666667,68.8958666667,56.1305333333,71.4538666667,71.3681666667,41.3265666667,78.3324666667,42.1828666667,21.7763,13.2399666667,9.2245,7.3782
1360.0,73.2035,77.7029333333,27.6747333333,18.6688,76.4674666667,75.339,68.3838333333,76.2585666667,52.2125333333,40.4789333333,61.3655666667,59.2818333333,41.2531,68.846,56.1136,71.4044666667,71.3255333333,41.3253666667,78.2647,42.1783333333,21.7784,13.2415,9.2262,7.381
1361.0,73.1441666667,77.6525666667,27.6840666667,18.6776666667,76.4128333333,75.2814333333,68.3513333333,76.1974,52.208,40.4872666667,61.3435333333,59.2682333333,41.2488333333,68.7959333333,56.0967666667,71.3554333333,71.2826333333,41.3231666667,78.1996666667,42.1744333333,21.7802666667,13.2426333333,9.2277,7.38333333333
1362.0,73.0864666667,77.6020333333,27.6924,18.6854333333,76.3574333333,75.2253333333,68.3189,76.1346666667,52.2036333333,40.4933666667,61.3183666667,59.2538666667,41.2431,68.7461666667,56.0807666667,71.3065333333,71.2394333333,41.3203,78.1390666667,42.1728,21.7823,13.2436666667,9.22946666667,7.38546666667
1363.0,73.0295333333,77.5509333333,27.6997,18.6919666667,76.3012,75.1691666667,68.2863666667,76.0708666667,52.1991333333,40.4974,61.2901,59.2387333333,41.2352666667,68.6958,56.0649,71.2576666667,71.1954666667,41.316,78.0814333333,42.1723,21.7844666667,13.2445333333,9.2313,7.38716666667
1364.0,72.9725,77.4993666667,27.7056666667,18.6973,76.2441,75.1125333333,68.2531333333,76.0058666667,52.1938666667,40.4996,61.2596666667,59.2222333333,41.2265333333,68.6458,56.0492,71.2093666667,71.1516333333,41.3112666667,78.0265666667,42.1722,21.7862,13.2448333333,9.23283333333,7.38846666667
1365.0,72.9144,77.4471333333,27.7102,18.7013333333,76.186,75.0553,68.2183666667,75.9396333333,52.1871666667,40.5000333333,61.2277333333,59.2038333333,41.2183,68.5974333333,56.0336333333,71.1622333333,71.1088,41.3072,77.9744,42.172,21.787,13.2445333333,9.23356666667,7.38936666667
1366.0,72.8530666667,77.3929,27.7124,18.7035,76.1254,74.9959333333,68.181,75.8706,52.1781,40.4979,61.1932333333,59.1825333333,41.2107333333,68.5508666667,56.0181,71.1161666667,71.0671,41.304,77.9257333333,42.1718333333,21.7865,13.2432333333,9.23333333333,7.38983333333
1367.0,72.7892666667,77.3368,27.7125,18.7039,76.0625666667,74.9346666667,68.1415666667,75.799,52.1671333333,40.4931666667,61.156,59.1586666667,41.2031333333,68.5055,56.0026666667,71.0709333333,71.0261333333,41.3012333333,77.8805666667,42.1719666667,21.7849333333,13.2411333333,9.23236666667,7.3899
1368.0,72.7275333333,77.2826333333,27.7123666667,18.7040666667,76.0013333333,74.8753,68.1021,75.7287666667,52.1559333333,40.4881333333,61.1194,59.1342,41.1964333333,68.4622,55.9877,71.0273333333,70.9863333333,41.2990666667,77.8368,42.1715,21.783,13.2386666667,9.23076666667,7.3895
1369.0,72.6722666667,77.2340333333,27.7137333333,18.7054666667,75.9454333333,74.8214,68.0645666667,75.6636333333,52.146,40.4849,61.0868666667,59.1107666667,41.1916333333,68.4218,55.9735666667,70.9861666667,70.9481666667,41.2977333333,77.7925,42.1695333333,21.7813666667,13.2362666667,9.2287,7.38843333333
1370.0,72.6235333333,77.1923666667,27.7155666667,18.7073666667,75.8946333333,74.7721333333,68.0271,75.6030333333,52.1359333333,40.4818,61.0566666667,59.0860333333,41.1880666667,68.3844666667,55.9601333333,70.9487,70.9113666667,41.2967,77.7479,42.1639,21.7792666667,13.2333333333,9.2254,7.3862
1371.0,72.5793,77.1547666667,27.7181,18.7098333333,75.8475666667,74.7267,67.9906333333,75.5458666667,52.1263333333,40.4794666667,61.0288333333,59.0614,41.1858666667,68.3496,55.9474,70.9134333333,70.8759333333,41.2962333333,77.7035666667,42.1569666667,21.7770666667,13.2302,9.22156666667,7.38336666667
1372.0,72.5385333333,77.1180333333,27.7228,18.7138666667,75.8038333333,74.6857666667,67.9581,75.4924333333,52.1197666667,40.4805666667,61.0058333333,59.0409666667,41.1859333333,68.3168,55.9356,70.8779,70.8422333333,41.2974666667,77.6593666667,42.1529,21.7761,13.2281,9.21833333333,7.38103333333
1373.0,72.5005666667,77.0795,27.7311666667,18.7205333333,75.7635,74.6502333333,67.9326666667,75.4432333333,52.1186333333,40.4877,60.9898666667,59.0284333333,41.1889,68.2857,55.9252,70.8398333333,70.8108666667,41.3012666667,77.6153666667,42.1556333333,21.7777,13.2281,9.21683333333,7.38006666667
1374.0,72.4667666667,77.0409333333,27.743,18.7296666667,75.7291,74.6221,67.9153,75.4000666667,52.1232333333,40.5007333333,60.9820666667,59.0245666667,41.1948333333,68.2566333333,55.9159,70.7993666667,70.7831,41.3072333333,77.5730333333,42.1649,21.7818666667,13.2301333333,9.217,7.38036666667
1375.0,72.4358,77.002,27.7574333333,18.7407333333,75.6973,74.5980666667,67.9023333333,75.3602,52.1313333333,40.5179333333,60.9793333333,59.0255333333,41.2031666667,68.2293666667,55.9077666667,70.7580666667,70.7568666667,41.3152,77.5303333333,42.1781666667,21.7876,13.2334666667,9.21806666667,7.3814
1376.0,72.4056,76.9615333333,27.7739,18.7530333333,75.6634,74.5738666667,67.8897,75.3200666667,52.1407333333,40.5374333333,60.978,59.0274666667,41.2134,68.2033666667,55.9007666667,70.7172,70.7290666667,41.3251666667,77.4848666667,42.1929,21.7937666667,13.2373666667,9.21946666667,7.3829
1377.0,72.3772666667,76.9212,27.7924,18.7663,75.627,74.5494,67.8765666667,75.2800666667,52.1514,40.5590333333,60.978,59.0298,41.2259333333,68.1807,55.8965,70.6799666667,70.7005,41.3381333333,77.4367666667,42.2086,21.7997,13.2414,9.22066666667,7.3847
1378.0,72.3572333333,76.8867333333,27.8144666667,18.7813,75.5963,74.5325,67.8696333333,75.2479333333,52.1678666667,40.5859666667,60.9858,59.0391333333,41.2429333333,68.1660333333,55.8983666667,70.6494666667,70.6782666667,41.3562666667,77.3912,42.2288,21.8061,13.2461666667,9.22206666667,7.38713333333
1379.0,72.3328333333,76.8459333333,27.8373666667,18.7971333333,75.5576333333,74.5096333333,67.8583,75.2096666667,52.1822,40.6128,60.9903333333,59.0446666667,41.2601,68.1485,55.8983333333,70.6160666667,70.649,41.3744333333,77.3389666667,42.2480666667,21.8126333333,13.2511666667,9.22366666667,7.38983333333
1380.0,72.2896,76.7850666667,27.8580333333,18.8127666667,75.4951,74.4651,67.8302666667,75.149,52.1852333333,40.6333666667,60.9787666667,59.0338666667,41.2726333333,68.1156,55.8875333333,70.5689666667,70.5976333333,41.3868666667,77.2694333333,42.2602333333,21.8187,13.2557666667,9.22563333333,7.3926
1381.0,72.2209,76.6978333333,27.8749666667,18.8278333333,75.4005333333,74.3912666667,67.7790333333,75.0586333333,52.1720666667,40.6444,60.9441,58.9997666667,41.2786,68.0617,55.862,70.5041666667,70.5162666667,41.3911,77.1767666667,42.2617666667,21.8237333333,13.2592,9.22756666667,7.39486666667
1382.0,72.1347,76.5916666667,27.8898333333,18.8430333333,75.2824333333,74.2967666667,67.7109333333,74.9474,52.1472333333,40.6492666667,60.8930333333,58.9489666667,41.2807666667,67.9935333333,55.8265666667,70.4279333333,70.4128666667,41.3902333333,77.0664666667,42.2558333333,21.8279666667,13.2616666667,9.22943333333,7.39666666667
1383.0,72.0285,76.4642666667,27.9025,18.8577333333,75.1406,74.1798333333,67.6268666667,74.8123666667,52.1120666667,40.6480666667,60.8269,58.8829,41.2774666667,67.9092333333,55.7796333333,70.3354666667,70.2877,41.3831,76.9397333333,42.2436,21.8322333333,13.2646,9.23216666667,7.39923333333
1384.0,71.8992666667,76.3125333333,27.9125666667,18.8714,74.9743,74.0382,67.5271666667,74.6499,52.0673333333,40.6408,60.7465666667,58.8027666667,41.2668,67.8064666667,55.7193,70.2214,70.1403333333,41.3683333333,76.7978333333,42.2259333333,21.8374333333,13.2694666667,9.23686666667,7.4037
1385.0,71.7327666667,76.1205666667,27.9182,18.8831333333,74.7664333333,73.8557333333,67.4012333333,74.4426,52.0058,40.6234,60.6427666667,58.6985666667,41.2442666667,67.673,55.6366333333,70.0725,69.9546,41.3401333333,76.6305333333,42.1986333333,21.8431,13.2763333333,9.24373333333,7.41026666667
1386.0,71.5404,75.9008666667,27.9208333333,18.8938,74.5296,73.6448,67.2566,74.2043,51.9325,40.5988333333,60.5219,58.5771,41.2137666667,67.5184666667,55.5387333333,69.9002666667,69.7423,41.3031,76.4448333333,42.1644,21.8492333333,13.2846333333,9.25223333333,7.41836666667
1387.0,71.3494,75.6841333333,27.9241666667,18.9050666667,74.2970333333,73.4366666667,67.1138333333,73.9685666667,51.8612666667,40.5748666667,60.4021333333,58.4577333333,41.1839,67.3665333333,55.4428333333,69.7299333333,69.5348,41.2683,76.2606,42.1314666667,21.8567333333,13.2941666667,9.262,7.42766666667
1388.0,71.1844333333,75.4981,27.9312666667,18.9185666667,74.0988,73.2592,66.9917,73.7657,51.8049,40.5585666667,60.3000333333,58.3580666667,41.1624,67.2388333333,55.3645333333,69.5846666667,69.3608333333,41.2459,76.0957,42.1071666667,21.8663,13.305,9.27263333333,7.43803333333
1389.0,71.0284,75.3244666667,27.9398333333,18.9334,73.9140666667,73.0927666667,66.878,73.5754666667,51.7549666667,40.5451333333,60.2039666667,58.2665666667,41.1444,67.1235333333,55.2947333333,69.4504333333,69.2034,41.2306666667,75.9370666667,42.0861666667,21.8774333333,13.3173,9.2847,7.44973333333
1390.0,70.8861,75.1677,27.9506333333,18.9495666667,73.7488,72.9431666667,66.7755333333,73.4030666667,51.7135,40.5358333333,60.1174,58.186,41.1309,67.0213666667,55.2346666667,69.3296666667,69.0650333333,41.2226333333,75.7890666667,42.0701666667,21.8902666667,13.3308666667,9.29783333333,7.46256666667
1391.0,70.7765,75.0471333333,27.9665666667,18.9682666667,73.6254666667,72.8323666667,66.6968333333,73.2700666667,51.6896666667,40.5357333333,60.0530333333,58.1285,41.1267333333,66.9430333333,55.1932666667,69.2362333333,68.9622,41.2260333333,75.6664333333,42.0651666667,21.9056,13.3451333333,9.31126666667,7.47576666667
1392.0,70.7187,74.9826666667,27.9904333333,18.9904333333,73.5674,72.7826333333,66.6548,73.1987,51.6927,40.5499333333,60.0241,58.1062666667,41.1371,66.8998666667,55.1800333333,69.1851,68.9123666667,41.2458,75.5843333333,42.0771333333,21.9242,13.3598333333,9.3246,7.48866666667
1393.0,70.7165666667,74.9793666667,28.0227,19.0167,73.5798666667,72.7988666667,66.6521666667,73.1939666667,51.7247666667,40.5795333333,60.0330333333,58.1215666667,41.1636333333,66.8962,55.1977,69.1812,68.9208,41.2839333333,75.5458333333,42.1069,21.9467333333,13.3752333333,9.33803333333,7.50163333333
1394.0,70.7452,75.0097333333,28.0599,19.0451333333,73.6317666667,72.8514666667,66.6719666667,73.2262333333,51.7734333333,40.6177,60.0630333333,58.159,41.1986666667,66.9141,55.2327333333,69.2021666667,68.9622666667,41.3325666667,75.5312666667,42.1473,21.9714333333,13.3912333333,9.35163333333,7.51483333333
1395.0,70.7774333333,75.0435333333,28.0979333333,19.0734333333,73.6887333333,72.9079666667,66.6953333333,73.2632,51.8251333333,40.6569666667,60.0956333333,58.2018,41.2334666667,66.9334,55.2700666667,69.2230333333,69.0087333333,41.3826333333,75.5193666667,42.1906,21.9963333333,13.4077333333,9.36553333333,7.52843333333
1396.0,70.8062,75.0727,28.1361,19.1008,73.7415,72.9597,66.7180666667,73.2961666667,51.8765333333,40.6956333333,60.1264,58.2468,41.2653666667,66.9487666667,55.306,69.2356333333,69.0525666667,41.4319,75.505,42.2349333333,22.0207,13.4247333333,9.37966666667,7.5427
1397.0,70.8484333333,75.1159333333,28.1768666667,19.1285333333,73.8112333333,73.0268,66.7522,73.3450666667,51.9362666667,40.7383666667,60.1668333333,58.3046666667,41.2995,66.9728333333,55.3499333333,69.2550333333,69.1109666667,41.4861333333,75.5018,42.2853333333,22.0457,13.4424,9.39406666667,7.55753333333
1398.0,70.8833,75.1509,28.2166,19.1556,73.8728333333,73.0851333333,66.7812,73.3861666667,51.9930333333,40.7788,60.202,58.3593333333,41.3309333333,66.9903,55.3898666667,69.2671,69.1636666667,41.5378333333,75.4916666667,42.3350666667,22.0704666667,13.4603333333,9.40863333333,7.57266666667
1399.0,70.8888333333,75.1538666667,28.2513333333,19.1809,73.8996666667,73.109,66.7876333333,73.3942,52.0350666667,40.8101333333,60.2162,58.3938333333,41.3541,66.9851,55.4131666667,69.2567666667,69.1888,41.5793333333,75.4556666667,42.3772,22.0941333333,13.4779666667,9.42326666667,7.5879
1400.0,70.8581333333,75.1158666667,28.2804666667,19.2043,73.8826333333,73.0886666667,66.7672333333,73.3622666667,52.0597333333,40.8316,60.2059,58.4042333333,41.3692,66.9542333333,55.4177,69.2205666667,69.1817,41.6091666667,75.3873333333,42.4111333333,22.117,13.4957333333,9.43836666667,7.60373333333
1401.0,70.8021666667,75.0495,28.3056,19.2263,73.8354333333,73.0378333333,66.7282333333,73.3024666667,52.0724666667,40.8459666667,60.1783,58.3984666667,41.3780333333,66.9047333333,55.4089,69.1654,69.1522333333,41.6308333333,75.2963,42.4395333333,22.1392,13.5136333333,9.4538,7.62
1402.0,70.7257666667,74.9632666667,28.3264333333,19.2463333333,73.7654333333,72.9657666667,66.6717333333,73.2182666667,52.0733,40.8516333333,60.1336,58.3772,41.3776666667,66.8355333333,55.3856,69.0917,69.1005666667,41.6435333333,75.1879333333,42.4606666667,22.1598,13.5305666667,9.4686,7.6356
1403.0,70.6333333333,74.8650666667,28.3427666667,19.2641333333,73.6796,72.8812,66.5986666667,73.1128,52.0619666667,40.8471,60.0716333333,58.3408333333,41.3652,66.7453333333,55.3464,68.9998,69.0266,41.6463,75.0669333333,42.4724333333,22.1779,13.5455333333,9.482,7.64933333333
1404.0,70.5232666667,74.7527666667,28.3546333333,19.2797666667,73.5760333333,72.7823,66.5068666667,72.985,52.0370666667,40.8318,59.9905,58.2868,41.3406,66.6316,55.2891,68.8889333333,68.9263666667,41.6373333333,74.9305,42.4737,22.1933,13.5584666667,9.494,7.66113333333
1405.0,70.3955,74.6249,28.3621333333,19.2933333333,73.4537,72.667,66.3987333333,72.835,52.0006,40.8074,59.8929,58.2181,41.3057333333,66.4984,55.2172666667,68.7602666667,68.8049333333,41.6194,74.7796,42.4670666667,22.2067666667,13.57,9.50503333333,7.67176666667
1406.0,70.2516333333,74.4825333333,28.3654333333,19.3047333333,73.3135,72.5351666667,66.2783666667,72.6639666667,51.9556,40.7758,59.7830333333,58.1401,41.2622,66.3514666667,55.1358666667,68.6157333333,68.6699,41.5966,74.6176333333,42.4558,22.2190333333,13.5807333333,9.51533333333,7.6818
1407.0,70.0909333333,74.3245666667,28.3639666667,19.3137,73.1539666667,72.3847666667,66.1475666667,72.4699666667,51.9038,40.7378666667,59.6628333333,58.056,41.2105,66.1940666667,55.0480666667,68.4549,68.5262666667,41.5717333333,74.4459333333,42.4422333333,22.2306333333,13.5909333333,9.52506666667,7.6917
1408.0,69.9064333333,74.1447,28.3564666667,19.3196,72.9672,72.2092333333,65.9994666667,72.2435666667,51.8407666667,40.6904,59.5255666667,57.9603666667,41.1464,66.0182666667,54.9482333333,68.2703,68.3663,41.5416666667,74.2581333333,42.4236,22.2410333333,13.6000666667,9.53376666667,7.70093333333
1409.0,69.7094333333,73.9536,28.3453,19.3236333333,72.7667333333,72.0206666667,65.8428,72.0011333333,51.7714666667,40.6374,59.3796333333,57.8581666667,41.0759,65.8329,54.8418,68.0737666667,68.1967333333,41.5083333333,74.0627333333,42.4017666667,22.2505666667,13.6086333333,9.54196666667,7.7099
1410.0,69.5143,73.7642333333,28.3335666667,19.3274,72.5689666667,71.8339333333,65.6889333333,71.7629,51.7024666667,40.5841333333,59.2360333333,57.7565,41.0065333333,65.6497333333,54.7359,67.8800333333,68.0272,41.4746666667,73.8705666667,42.3796333333,22.2595,13.6176333333,9.5504,7.7191
1411.0,69.3261,73.5805666667,28.3224666667,19.3315,72.3802,71.6542333333,65.5431333333,71.5364666667,51.6365333333,40.5327333333,59.0999333333,57.6579,40.9414333333,65.4733,54.6333,67.6949666667,67.861,41.4418666667,73.6848333333,42.3580333333,22.2679666667,13.6276333333,9.5595,7.72906666667
1412.0,69.1363666667,73.3948,28.3102,19.3352666667,72.1907666667,71.4725666667,65.3991666667,71.3099,51.5700666667,40.4800666667,58.9650333333,57.5582666667,40.8762333333,65.2967666667,54.5298666667,67.5101,67.6924,41.4081,73.4990333333,42.3353666667,22.2757333333,13.6382333333,9.56886666667,7.73956666667
1413.0,68.9518333333,73.2147,28.2979333333,19.3387333333,72.0073333333,71.2965666667,65.2585666667,71.0917,51.5046333333,40.4282,58.8331666667,57.4605666667,40.8134333333,65.1244666667,54.4283333333,67.3304,67.5263333333,41.3746666667,73.3197333333,42.3132,22.2831666667,13.6488666667,9.57833333333,7.74996666667
1414.0,68.7796666667,73.0487,28.287,19.3424,71.837,71.1341,65.1230333333,70.8911666667,51.4420333333,40.3792333333,58.7062666667,57.368,40.7557666667,64.9610666667,54.3317333333,67.1613333333,67.3678666667,41.3429666667,73.1542,42.2933333333,22.2908,13.6591,9.58776666667,7.7597
1415.0,68.6225666667,72.8997666667,28.2777,19.3462666667,71.6826333333,70.9885666667,64.9921333333,70.7136,51.3824,40.3333666667,58.5842333333,57.2809666667,40.7041666667,64.8080333333,54.2403333333,67.0060666667,67.2173666667,41.3132333333,73.0053666667,42.2760666667,22.2987,13.6688,9.59733333333,7.76843333333
1416.0,68.4769,72.7635666667,28.2694,19.3503,71.5404333333,70.8555333333,64.8655333333,70.5533333333,51.3250666667,40.2898,58.4665333333,57.1981333333,40.6571666667,64.6631333333,54.153,66.8611333333,67.0729333333,41.2849,72.8693666667,42.2605666667,22.3067,13.6782,9.60696666667,7.77656666667
1417.0,68.3400333333,72.6377,28.2619333333,19.3541,71.4077,70.7317333333,64.7451333333,70.4031333333,51.2706,40.2489666667,58.3542333333,57.1202666667,40.6144,64.5253,54.0704,66.7226333333,66.9361666667,41.2581,72.7432,42.2471333333,22.3146,13.6872333333,9.61636666667,7.78443333333
1418.0,68.2099333333,72.5201666667,28.2551333333,19.3573333333,71.2823333333,70.6144,64.6327666667,70.2565,51.2198333333,40.2115666667,58.2487666667,57.0482666667,40.5756333333,64.3938333333,53.9934666667,66.5869,66.809,41.2330666667,72.6242666667,42.2360666667,22.3222333333,13.6959,9.62523333333,7.79233333333
1419.0,68.0897333333,72.4143333333,28.2493333333,19.3597333333,71.1679,70.5077333333,64.5304666667,70.1185,51.1742333333,40.1793333333,58.1520333333,56.9837333333,40.543,64.2712,53.9240333333,66.4565666667,66.6937333333,41.2100333333,72.5160666667,42.2281333333,22.3293,13.7039333333,9.63343333333,7.80003333333
1420.0,67.9768333333,72.3172666667,28.2442,19.3618333333,71.0613333333,70.4083,64.4348666667,69.9868,51.1317,40.1499333333,58.0610666667,56.9243333333,40.5141333333,64.1548666667,53.8594,66.3305,66.5865666667,41.1885333333,72.4159,42.2222666667,22.3362,13.7116333333,9.64126666667,7.80766666667
1421.0,67.8663333333,72.2236,28.2391666667,19.3642666667,70.9567666667,70.3094,64.3413333333,69.855,51.0891333333,40.1197,57.9715666667,56.8663333333,40.4850666667,64.0406333333,53.7959333333,66.2054666667,66.4819666667,41.1680333333,72.3183333333,42.2168,22.3436,13.7194333333,9.64923333333,7.81553333333
1422.0,67.7542333333,72.1288,28.2339333333,19.3677333333,70.8494333333,70.2052333333,64.2465,69.7174666667,51.0441,40.0855,57.88,56.8069,40.4525666667,63.9248,53.7305666667,66.0785333333,66.3755,41.1480333333,72.2189333333,42.2107,22.3520666667,13.7278666667,9.65786666667,7.82386666667
1423.0,67.6430333333,72.0358333333,28.2288666667,19.3723333333,70.7418333333,70.0973666667,64.1530333333,69.576,50.9980666667,40.0486,57.7885666667,56.7478666667,40.4186,63.8089,53.6652,65.9500666667,66.2695,41.1291333333,72.1200666667,42.2052333333,22.3620333333,13.7372333333,9.66743333333,7.83306666667
1424.0,67.5329666667,71.9447333333,28.2236333333,19.3771666667,70.635,69.9893333333,64.0602666667,69.4335333333,50.9513,40.0101666667,57.6975,56.6893,40.3833666667,63.6944,53.5999333333,65.8225666667,66.1648333333,41.1109,72.0226666667,42.1995,22.3722,13.7465,9.67696666667,7.8423
1425.0,67.4233,71.8547,28.2178333333,19.3814,70.5290333333,69.8843333333,63.9666333333,69.2928,50.9038,39.9713333333,57.6064333333,56.6306666667,40.3465333333,63.5823666667,53.5341666667,65.6984666667,66.0617333333,41.0926333333,71.9268666667,42.1921,22.3812666667,13.7545333333,9.68526666667,7.85083333333
1426.0,67.3131333333,71.7651666667,28.2107333333,19.3842333333,70.4236,69.7840666667,63.8697666667,69.154,50.8545666667,39.9313,57.5137,56.5706666667,40.3068666667,63.4728333333,53.4665333333,65.5789666667,65.959,41.0735666667,71.8322,42.1817,22.3881,13.7603333333,9.69143333333,7.85783333333
1427.0,67.2025,71.6764666667,28.2024333333,19.3861333333,70.3184,69.6868666667,63.7698666667,69.0154,50.8031666667,39.889,57.4189666667,56.5092,40.2641666667,63.3650333333,53.3968333333,65.4626333333,65.8560666667,41.0538666667,71.7384666667,42.1687333333,22.3933666667,13.7643333333,9.696,7.86366666667
1428.0,67.0933333333,71.5890666667,28.1942,19.3877666667,70.2148,69.5923,63.6719,68.8800666667,50.7527666667,39.8483333333,57.3267,56.4494666667,40.2217333333,63.2603666667,53.3286333333,65.3496666667,65.7566666667,41.0348666667,71.6470333333,42.1555,22.3981333333,13.7679666667,9.7,7.86943333333
1429.0,66.9876,71.5032,28.1873333333,19.3898,70.1141666667,69.4998333333,63.5809,68.7514333333,50.7064,39.8131666667,57.2414666667,56.3947,40.183,63.1604333333,53.2654333333,65.2403333333,65.6646,41.0177,71.5592,42.1444,22.4032666667,13.7725,9.7046,7.87613333333
1430.0,66.8852,71.4190666667,28.1825666667,19.3927666667,70.0163,69.4095,63.4991666667,68.6311666667,50.6659,39.7861,57.1658333333,56.3465666667,40.1495666667,63.0661333333,53.2086666667,65.1347333333,65.5822333333,41.0036,71.4744,42.1364666667,22.4096,13.7790666667,9.71056666667,7.88493333333
1431.0,66.7855333333,71.3364,28.1791,19.3961333333,69.9208,69.3214666667,63.4238333333,68.5173333333,50.6293,39.7646,57.097,56.3031666667,40.1194666667,62.9765666667,53.1564,65.0328,65.5073,40.9915666667,71.3925666667,42.1303,22.4163333333,13.7866333333,9.71706666667,7.89496666667
1432.0,66.6896,71.2553333333,28.1757666667,19.3992,69.8287666667,69.2358333333,63.3523333333,68.4076666667,50.5941333333,39.7445666667,57.0315333333,56.2623333333,40.0907666667,62.8902666667,53.1074666667,64.9344333333,65.4360666667,40.9795666667,71.3155,42.1249333333,22.4223,13.7935666667,9.72306666667,7.90423333333
1433.0,66.5983333333,71.1758,28.1713,19.4011,69.7410333333,69.1524333333,63.2823666667,68.2999666667,50.558,39.7223,56.9662333333,56.222,40.0618,62.8057666667,53.0607666667,64.8393666667,65.3652666667,40.9656333333,71.2449666667,42.1196,22.4263666667,13.7982333333,9.72763333333,7.91103333333
1434.0,66.511,71.0966,28.1653666667,19.4016,69.6564666667,69.0700333333,63.2142666667,68.1935,50.5206333333,39.6980333333,56.9015333333,56.1824666667,40.0325666667,62.7228666667,53.0171,64.7463666667,65.2954666667,40.9496333333,71.1814333333,42.1146333333,22.4280666667,13.8003333333,9.7305,7.91516666667
1435.0,66.4279333333,71.0192333333,28.1590666667,19.4014666667,69.5759333333,68.9901666667,63.1489666667,68.0903333333,50.4837,39.6735,56.8386666667,56.1445,40.0039666667,62.6426333333,52.9761333333,64.6571,65.2278333333,40.9328333333,71.1234,42.1100333333,22.4285,13.8010666667,9.73243333333,7.9178
1436.0,66.35,70.9458666667,28.1535,19.4015,69.5012333333,68.9151666667,63.0868,67.9929,50.4489333333,39.6499333333,56.7784333333,56.1082666667,39.9766666667,62.5662666667,52.9372,64.5738666667,65.1627,40.9163333333,71.0692,42.1054,22.4289666667,13.8017,9.7344,7.92013333333
1437.0,66.2782333333,70.8781,28.1493666667,19.4023,69.4341,68.8472666667,63.0281,67.9031666667,50.4174333333,39.6279,56.7211333333,56.0737666667,39.9509666667,62.4945,52.8995666667,64.4994,65.0998666667,40.901,71.0180666667,42.1000666667,22.4301333333,13.8029,9.73693333333,7.92273333333
1438.0,66.2129,70.8146666667,28.1460666667,19.4034666667,69.3749,68.7863333333,62.9724666667,67.8205,50.3882,39.6062,56.6658333333,56.0403333333,39.9264,62.4267666667,52.8633333333,64.4339333333,65.0382333333,40.8858,70.9716666667,42.0936333333,22.4314666667,13.8038333333,9.7395,7.92473333333
1439.0,66.1519666667,70.7556666667,28.1437333333,19.4050333333,69.3205,68.7294666667,62.9201,67.7432666667,50.3615333333,39.5861333333,56.6136666667,56.0091,39.9033333333,62.3629,52.8291666667,64.3733666667,64.9799666667,40.8714,70.9279,42.0876666667,22.4330333333,13.8051,9.7423,7.9269
1440.0,66.0934333333,70.7014,28.1426333333,19.4071666667,69.2675333333,68.6739,62.8714333333,67.67,50.3378666667,39.5690666667,56.5659333333,55.9812666667,39.8823333333,62.3030666667,52.7976666667,64.3133666667,64.9276,40.8586666667,70.8843666667,42.0837,22.4351333333,13.8073,9.7458,7.93023333333
1441.0,66.0363666667,70.6529666667,28.1436333333,19.4104333333,69.2146666667,68.6177333333,62.8273333333,67.6008333333,50.3187,39.5567,56.5243666667,55.9585,39.8642666667,62.2481,52.7696333333,64.2510666667,64.8839333333,40.8484,70.8389333333,42.0832333333,22.4382333333,13.8114333333,9.75056666667,7.93566666667
1442.0,65.9822,70.6105333333,28.1469,19.4147,69.1638333333,68.5625333333,62.7878666667,67.5369333333,50.304,39.5485,56.4885666667,55.9406,39.8490333333,62.1981333333,52.7448,64.1888333333,64.8482,40.8404333333,70.7926333333,42.0855,22.4424666667,13.8171666667,9.75663333333,7.94296666667
1443.0,65.9300333333,70.5714333333,28.1500666667,19.4189,69.1142,68.5094666667,62.7508666667,67.4756333333,50.2904333333,39.5416333333,56.4555666667,55.9242666667,39.8348,62.151,52.7219333333,64.1284,64.8156333333,40.8332333333,70.7484,42.0888333333,22.4464333333,13.8229333333,9.76253333333,7.95033333333
1444.0,65.8791333333,70.5331666667,28.1506333333,19.4217333333,69.065,68.4596333333,62.7139333333,67.4142,50.2744333333,39.5332,56.4221666667,55.9063,39.8198666667,62.1044333333,52.6996,64.0715333333,64.7816666667,40.8256333333,70.7091333333,42.0914666667,22.4489666667,13.8270333333,9.76686666667,7.95603333333
1445.0,65.8287666667,70.4955333333,28.1476,19.4224333333,69.0145666667,68.4123666667,62.677,67.3514666667,50.2551,39.5227666667,56.3881333333,55.8861333333,39.8037666667,62.0589333333,52.6786,64.0186,64.7463333333,40.8177333333,70.6757333333,42.0942333333,22.4496666667,13.8292333333,9.7692,7.95956666667
1446.0,65.7796666667,70.4596333333,28.1425666667,19.4219666667,68.9644666667,68.3677666667,62.6409333333,67.2893,50.2343333333,39.5116,56.3548,55.8653333333,39.7874333333,62.0149666667,52.6588333333,63.9687666667,64.7112666667,40.8099,70.6465333333,42.0970666667,22.4492333333,13.8303,9.77033333333,7.96186666667
1447.0,65.7333333333,70.4253333333,28.1373,19.4216,68.9176,68.3273333333,62.6056333333,67.2295333333,50.2134,39.5002333333,56.3221333333,55.8446666667,39.7715333333,61.9710333333,52.6385666667,63.9213666667,64.6756666667,40.8014666667,70.6200333333,42.0983666667,22.4484,13.8304333333,9.77096666667,7.96373333333
1448.0,65.6914666667,70.393,28.1334,19.4225333333,68.8772333333,68.2929333333,62.5712333333,67.1742,50.1934333333,39.489,56.2903666667,55.8245333333,39.7566,61.9258666667,52.6161333333,63.8763,64.6387333333,40.7916666667,70.5952666667,42.0964666667,22.4477333333,13.8298333333,9.77146666667,7.96576666667
1449.0,65.6553666667,70.3641,28.1303666667,19.4248,68.8454333333,68.2675666667,62.5381666667,67.1243,50.1739333333,39.4774,56.2598333333,55.8046,39.7423,61.879,52.5915333333,63.8349,64.5996666667,40.78,70.5741666667,42.0913,22.4472333333,13.8280666667,9.77153333333,7.9674
1450.0,65.622,70.3364333333,28.1277666667,19.4275,68.8170666667,68.2457666667,62.5057333333,67.0770333333,50.1547666667,39.4657666667,56.2299,55.7850333333,39.7287,61.8320333333,52.5659333333,63.7954,64.5601333333,40.7676666667,70.5548333333,42.0842,22.4464666667,13.8256333333,9.7713,7.96896666667
1451.0,65.5874666667,70.3068666667,28.1252666667,19.4296,68.7858666667,68.2205666667,62.473,67.0288,50.1360666667,39.4548333333,56.1998666667,55.7663666667,39.7160666667,61.7865333333,52.5405,63.7552333333,64.5222,40.7562333333,70.5342666667,42.0764666667,22.4453,13.8232666667,9.77123333333,7.97096666667
1452.0,65.5485333333,70.2725333333,28.1226333333,19.4303666667,68.7464333333,68.1857666667,62.4391333333,66.9767333333,50.1181333333,39.4451666667,56.1693,55.7492333333,39.7053,61.744,52.5160666667,63.7126333333,64.4881,40.7469,70.5099333333,42.0689333333,22.4436,13.8215,9.77176666667,7.97416666667
1453.0,65.5062,70.2339666667,28.1198,19.4299666667,68.7002,68.1437666667,62.4044,66.9218,50.1013333333,39.4367333333,56.1386666667,55.7340666667,39.6973666667,61.7042333333,52.4920666667,63.6690666667,64.4582666667,40.7395333333,70.4830333333,42.0607666667,22.4414666667,13.8202,9.77293333333,7.97856666667
1454.0,65.4631333333,70.1941666667,28.1173,19.4291666667,68.6519333333,68.0986,62.3693666667,66.8662,50.0846333333,39.4288,56.1076,55.7192333333,39.6893333333,61.6656666667,52.4683666667,63.6243,64.4287666667,40.7327666667,70.4548333333,42.0522666667,22.4388333333,13.8189,9.7741,7.9832
1455.0,65.4219,70.1562666667,28.1159,19.4286,68.6065333333,68.0541666667,62.3347666667,66.812,50.0671666667,39.4204666667,56.0755666667,55.7029,39.6781,61.6268,52.4449666667,63.5779,64.3957,40.7250333333,70.4265333333,42.0441,22.4356333333,13.8172666667,9.7746,7.9869
1456.0,65.3845,70.1227,28.1166,19.4286666667,68.5665333333,68.0120666667,62.3010333333,66.7598333333,50.0488333333,39.4119,56.0425333333,55.6846666667,39.6617666667,61.5874666667,52.4226,63.5289666667,64.3567,40.7161333333,70.3982,42.0366333333,22.4316333333,13.8151333333,9.7739,7.9892
1457.0,65.3494666667,70.0916666667,28.1189333333,19.4289666667,68.5294,67.9702333333,62.2679,66.7086666667,50.0300666667,39.4033333333,56.0089,55.6654666667,39.6421,61.5484333333,52.4013666667,63.4778333333,64.3139666667,40.7067333333,70.3693333333,42.0295666667,22.4269333333,13.8126333333,9.77233333333,7.9906
1458.0,65.3142,70.0600333333,28.1209666667,19.4292666667,68.4931666667,67.9286333333,62.2344,66.6587666667,50.0102333333,39.3939666667,55.9737666667,55.6444333333,39.6206333333,61.5085666667,52.3787666667,63.4264666667,64.2693333333,40.6962,70.3407,42.0223666667,22.422,13.8099666667,9.7708,7.99163333333
1459.0,65.2762666667,70.0245666667,28.1207666667,19.4292666667,68.4558333333,67.8873,62.1997,66.6103333333,49.9884333333,39.3828,55.9364666667,55.6208,39.5988666667,61.4667,52.3525666667,63.3769666667,64.2246333333,40.6837,70.313,42.0146333333,22.4174,13.8075,9.76996666667,7.99263333333
1460.0,65.2353666667,69.9838666667,28.1178666667,19.4288,68.4178666667,67.8456,62.1632333333,66.5652333333,49.9638333333,39.3694,55.8954666667,55.5930666667,39.5752,61.4212333333,52.321,63.3290666667,64.1778,40.6683666667,70.287,42.0065333333,22.4132333333,13.8054,9.77013333333,7.99366666667
1461.0,65.1927666667,69.9406,28.1135333333,19.4281333333,68.3797,67.8042333333,62.1259,66.5216333333,49.9376,39.3545666667,55.8525333333,55.563,39.5505333333,61.3742,52.2866666667,63.2821666667,64.1300666667,40.6513,70.2616333333,41.9980666667,22.4092,13.8033,9.77073333333,7.99453333333
1462.0,65.1496666667,69.8981333333,28.1089666667,19.4275333333,68.3409333333,67.7641333333,62.0887,66.4761333333,49.9117,39.3395666667,55.8105666667,55.5334333333,39.5275,61.3286333333,52.2532666667,63.2362333333,64.0847666667,40.6346333333,70.2353666667,41.9889333333,22.4048,13.8008666667,9.77126666667,7.9954
1463.0,65.1068666667,69.8591666667,28.1053,19.4275,68.3012333333,67.7264333333,62.0522333333,66.4253333333,49.8877,39.3252,55.7719666667,55.5066,39.5083333333,61.2873666667,52.2240333333,63.1915333333,64.0451666667,40.6200333333,70.2065,41.979,22.3997333333,13.7977,9.77143333333,7.99633333333
1464.0,65.0633666667,69.8223333333,28.1022,19.4282,68.2603,67.6910666667,62.0159,66.369,49.8647,39.3109,55.7352333333,55.4810333333,39.4925666667,61.2501666667,52.1976333333,63.1481,64.0113333333,40.6069666667,70.1745,41.9677333333,22.3939333333,13.7938,9.77156666667,7.9975
1465.0,65.0200333333,69.7871666667,28.0990666667,19.4288,68.2189666667,67.6570666667,61.9800666667,66.3108666667,49.8425,39.2968,55.7004333333,55.4568666667,39.4787333333,61.2145333333,52.1729,63.1056666667,63.9799333333,40.5945666667,70.1418666667,41.9561333333,22.3878666667,13.7895,9.77143333333,7.9986
1466.0,64.9777666667,69.7537666667,28.0953,19.4282666667,68.1781,67.6234666667,61.9455333333,66.2551666667,49.8210333333,39.2833333333,55.6682666667,55.4345333333,39.4650666667,61.1781666667,52.1489666667,63.0636,63.9475333333,40.5821,70.1114666667,41.9451333333,22.3819,13.7852333333,9.77086666667,7.9995
1467.0,64.9375333333,69.7223333333,28.0907,19.4259,68.1381333333,67.5898666667,61.9130666667,66.2036333333,49.8005666667,39.2709666667,55.6399,55.4150666667,39.4510333333,61.1397333333,52.1256,63.0213,63.9123,40.5693666667,70.0853666667,41.9360666667,22.3766333333,13.7815333333,9.76973333333,8.00023333333
1468.0,64.8988666667,69.693,28.0854666667,19.4222333333,68.0985,67.5569,61.8823,66.1539666667,49.7811666667,39.2595333333,55.6152333333,55.3984333333,39.4375666667,61.1005,52.1034333333,62.9789333333,63.8759,40.5569,70.0622,41.9284666667,22.3719,13.7781666667,9.76823333333,8.00106666667
1469.0,64.8607,69.6648666667,28.0797,19.4177333333,68.0595,67.524,61.8523333333,66.1070333333,49.7620333333,39.2482333333,55.5918,55.3823333333,39.4240333333,61.0607,52.0815666667,62.9375,63.839,40.5440333333,70.0401666667,41.9204,22.3668,13.7743666667,9.76613333333,8.0013
1470.0,64.8222,69.6370333333,28.0733666667,19.4128,68.0214,67.4905333333,61.8222,66.0637,49.7422,39.2364,55.5670666667,55.3645333333,39.4096,61.0206,52.0592,62.898,63.8022,40.5301,70.0172333333,41.9098,22.3602666667,13.7692666667,9.76316666667,8.0004
1471.0,64.7822333333,69.6093,28.0662666667,19.4071,67.9835,67.4565666667,61.7911666667,66.0253333333,49.7207666667,39.2231333333,55.5398,55.3436333333,39.3935,60.9792,52.0348,62.8605666667,63.7635333333,40.5142333333,69.9923666667,41.8953,22.3519333333,13.7622333333,9.7589,7.99773333333
1472.0,64.7418,69.5820666667,28.0584666667,19.4006333333,67.9460333333,67.4224,61.7599,65.9909666667,49.6984333333,39.2091333333,55.5115333333,55.3211,39.3763666667,60.9368333333,52.0094333333,62.8247666667,63.7236666667,40.4970666667,69.9668333333,41.8782333333,22.3423,13.7539333333,9.75373333333,7.99386666667
1473.0,64.7025333333,69.5556666667,28.0505,19.3942666667,67.9109,67.3872666667,61.73,65.9582666667,49.6771666667,39.1957666667,55.4838333333,55.2990666667,39.3599,60.896,51.9858666667,62.7909,63.6873,40.4801666667,69.9420333333,41.8606666667,22.3318,13.7450666667,9.74803333333,7.98956666667
1474.0,64.6662666667,69.5304666667,28.0427666667,19.3888,67.8801666667,67.3505,61.7031666667,65.9251333333,49.6589333333,39.1845,55.4582666667,55.2795333333,39.3457666667,60.8592333333,51.9668666667,62.7592666667,63.6591333333,40.4651,69.9194333333,41.8446333333,22.321,13.7364333333,9.74223333333,7.9855
1475.0,64.6329666667,69.5054333333,28.0351,19.3842,67.8549,67.3113333333,61.6798333333,65.8922,49.6443333333,39.1758,55.4352333333,55.2624666667,39.3344666667,60.8275666667,51.9532666667,62.7298,63.6402333333,40.4527666667,69.8975666667,41.8291333333,22.3090333333,13.7272,9.7358,7.9811
1476.0,64.6017,69.4815666667,28.0274333333,19.38,67.8328333333,67.271,61.6585666667,65.8599,49.6316,39.1683333333,55.4133,55.2468,39.3245,60.7984,51.9425666667,62.7024666667,63.6268,40.4412333333,69.8773,41.8142666667,22.2965333333,13.7179666667,9.72913333333,7.9767
1477.0,64.5717333333,69.4604333333,28.0199666667,19.3759333333,67.8106333333,67.2312,61.6377,65.8278,49.6185,39.1605333333,55.3911666667,55.2316666667,39.3145,60.7684333333,51.9320666667,62.6768333333,63.6146333333,40.4282666667,69.8608,41.8008666667,22.2848,13.7096,9.72313333333,7.97296666667
1478.0,64.5424666667,69.4433,28.0128333333,19.3718333333,67.7856666667,67.1928,61.6156333333,65.7952,49.6031666667,39.1508666667,55.3674333333,55.2164666667,39.3031666667,60.7347,51.9195666667,62.6522,63.6003666667,40.4118333333,69.8498,41.7898666667,22.2749333333,13.7031666667,9.71853333333,7.97053333333
1479.0,64.5139,69.4297333333,28.0059666667,19.3677666667,67.7588666667,67.1542,61.5926333333,65.7613,49.5862333333,39.1396,55.3424,55.2015333333,39.2908333333,60.6975666667,51.9057333333,62.6275,63.5855666667,40.3925,69.8438,41.7814333333,22.2664666667,13.6986,9.71523333333,7.96953333333
1480.0,64.4867666667,69.4188666667,27.9992666667,19.3637666667,67.7323,67.1172666667,61.5703,65.7286666667,49.569,39.1282666667,55.3172666667,55.1871,39.2786,60.6603666667,51.8922333333,62.6056333333,63.5719333333,40.372,69.8413333333,41.7741,22.2587333333,13.6947333333,9.7124,7.9689
1481.0,64.4616666667,69.4099666667,27.9928333333,19.3594666667,67.7079333333,67.0843666667,61.5502666667,65.7002666667,49.5529333333,39.1185,55.2932,55.1733666667,39.2675,60.6266333333,51.8807666667,62.5897666667,63.5608,40.3518666667,69.8406333333,41.7662666667,22.2513333333,13.6902,9.709,7.96753333333
1482.0,64.4389,69.4033,27.9866666667,19.3547666667,67.6867333333,67.0571666667,61.533,65.6771666667,49.5382333333,39.1106,55.2696,55.1601333333,39.2576666667,60.5975333333,51.8716333333,62.5824666667,63.5534333333,40.3322,69.8415,41.7569666667,22.2444,13.6846333333,9.70473333333,7.965
1483.0,64.4180666667,69.3992666667,27.9807666667,19.3497666667,67.6677333333,67.0343,61.5176,65.6579666667,49.5243,39.1038333333,55.2461666667,55.1473333333,39.2486333333,60.5713333333,51.8641333333,62.5821,63.5490333333,40.3123333333,69.8446666667,41.7469666667,22.2381333333,13.6786333333,9.7001,7.96183333333
1484.0,64.3992333333,69.3961666667,27.9750333333,19.3446333333,67.6503333333,67.0138,61.5047,65.6424666667,49.5116666667,39.0986666667,55.2253,55.1358,39.2411,60.5483333333,51.8586666667,62.5846,63.5458333333,40.2935,69.8492666667,41.7377,22.2316333333,13.6721,9.69506666667,7.95823333333
1485.0,64.3824333333,69.3924666667,27.9692666667,19.3393,67.6341666667,66.9934333333,61.4947333333,65.6305333333,49.5009666667,39.0955333333,55.2097333333,55.1263,39.2358666667,60.5287333333,51.8556666667,62.5861333333,63.5420333333,40.2771666667,69.8546,41.7306666667,22.2239333333,13.6649,9.68963333333,7.9542
1486.0,64.3673666667,69.3874,27.9627333333,19.3330666667,67.6182333333,66.9723666667,61.4879333333,65.622,49.4923,39.0944,55.1991666667,55.1177,39.2325666667,60.5120666667,51.8556,62.5869,63.5372,40.2629666667,69.8610666667,41.7268333333,22.2149666667,13.6563666667,9.68346666667,7.94913333333
1487.0,64.3543333333,69.3824,27.9562666667,19.3265333333,67.6037,66.9523666667,61.4838,65.6171,49.4853333333,39.0951333333,55.1928,55.1107666667,39.2312333333,60.4987,51.8577666667,62.5883,63.5324666667,40.2506333333,69.8686,41.7246333333,22.2051666667,13.6472,9.67696666667,7.9436
1488.0,64.3436666667,69.3789,27.9511333333,19.3211333333,67.5921333333,66.9353666667,61.4822,65.6160666667,49.4797333333,39.0977,55.1905666667,55.1073666667,39.2323,60.4896333333,51.8615,62.5907,63.5291666667,40.2403666667,69.8762333333,41.7221,22.1948666667,13.6383333333,9.67073333333,7.9388
1489.0,64.3353666667,69.3781333333,27.9485333333,19.318,67.5849333333,66.9228,61.4829,65.6190666667,49.4753666667,39.1022666667,55.1927666667,55.1094333333,39.2365,60.4857333333,51.8661,62.5940666667,63.5283666667,40.2323333333,69.8832666667,41.7176333333,22.1842,13.6305333333,9.66533333333,7.9357
1490.0,64.3283,69.379,27.9481,19.3166666667,67.5812666667,66.9127333333,61.4862,65.6259666667,49.4723333333,39.109,55.1999333333,55.1173666667,39.2444,60.4869,51.8727666667,62.5978,63.5294,40.2268333333,69.89,41.7121,22.1728,13.6235666667,9.66073333333,7.93413333333
1491.0,64.3243666667,69.3821,27.9492666667,19.3166666667,67.5811666667,66.9068666667,61.4917,65.6368333333,49.4706666667,39.1175,55.2109333333,55.1286333333,39.2543333333,60.4923666667,51.8802,62.6029,63.5322666667,40.2231,69.8966666667,41.7056333333,22.1610666667,13.6171333333,9.6565,7.93336666667
1492.0,64.3261,69.3884333333,27.9516333333,19.3176,67.5848,66.9073333333,61.4988,65.6516333333,49.4703333333,39.1271,55.2242333333,55.1402666667,39.2643,60.5014,51.8867666667,62.6109333333,63.5371333333,40.2203666667,69.9032333333,41.6980333333,22.1493666667,13.6109333333,9.65233333333,7.93263333333
1493.0,64.3355666667,69.3993,27.9551666667,19.3195333333,67.5922333333,66.9160666667,61.507,65.6714666667,49.471,39.1375333333,55.2392666667,55.1511,39.2727666667,60.5131666667,51.8905,62.6224333333,63.5442333333,40.2172666667,69.9096333333,41.6886333333,22.1380333333,13.6052333333,9.64803333333,7.9316
1494.0,64.3517,69.4145666667,27.9600666667,19.3227666667,67.6033333333,66.9321333333,61.5166,65.6964333333,49.4728333333,39.1491,55.2568666667,55.1626666667,39.2805333333,60.5279,51.8919333333,62.6367666667,63.5533333333,40.2140333333,69.9158333333,41.6773,22.127,13.6002,9.64376666667,7.93076666667
1495.0,64.3720333333,69.4313,27.9659666667,19.3263333333,67.6183333333,66.9530666667,61.528,65.7237333333,49.4761333333,39.1618666667,55.2765666667,55.1743333333,39.2894333333,60.5470333333,51.8945666667,62.6539666667,63.5644333333,40.2133333333,69.9221666667,41.6658,22.1157,13.5949666667,9.6396,7.9298
1496.0,64.394,69.4465333333,27.9722666667,19.3290666667,67.6376333333,66.9763333333,61.542,65.7504666667,49.4810666667,39.1758666667,55.2980666667,55.1852,39.3012,60.5719666667,51.9018,62.6739666667,63.5774,40.2177,69.9289666667,41.6560333333,22.1035333333,13.5886333333,9.6354,7.92853333333
1497.0,64.4177333333,69.4596666667,27.9793666667,19.3309,67.6626,67.0029,61.5597333333,65.7767,49.489,39.1913333333,55.3223666667,55.1956666667,39.3168666667,60.6043333333,51.9156,62.6981333333,63.5928,40.2291,69.9361,41.6482,22.0905333333,13.5814666667,9.63136666667,7.92713333333
1498.0,64.4440333333,69.4721666667,27.9871333333,19.3323,67.6921,67.0328,61.5801666667,65.8033,49.4988,39.2081,55.3488666667,55.2056666667,39.3351333333,60.6424333333,51.9333333333,62.7254666667,63.6102,40.2452,69.9436,41.6414666667,22.0769,13.5735333333,9.62743333333,7.92553333333
1499.0,64.4725333333,69.4848666667,27.9949666667,19.3332333333,67.7233666667,67.0643333333,61.6006666667,65.83,49.5082,39.2257,55.3753,55.2146666667,39.3541333333,60.6831666667,51.9516333333,62.7534333333,63.6287666667,40.2625666667,69.9515666667,41.6354333333,22.0627333333,13.5644666667,9.6231,7.9234
1500.0,64.5032,69.4984333333,28.0024,19.3336666667,67.7542333333,67.0957666667,61.6189,65.8563,49.5151,39.244,55.3997333333,55.2219666667,39.3723333333,60.724,51.9674666667,62.7799666667,63.6478666667,40.2781666667,69.96,41.6297666667,22.0481333333,13.5539666667,9.6179,7.92036666667
1501.0,64.5367666667,69.5119333333,28.0094333333,19.3333,67.7862,67.1283,61.6352333333,65.8808333333,49.5199,39.2634666667,55.4224,55.2272666667,39.3906,60.7673666667,51.9821333333,62.8065666667,63.6687333333,40.2941333333,69.9673,41.6240666667,22.0321666667,13.5410333333,9.61153333333,7.916
1502.0,64.5722333333,69.5261666667,28.0163666667,19.3325666667,67.8187333333,67.1615333333,61.6509333333,65.9058,49.5236,39.2835333333,55.4443666667,55.2314666667,39.4089,60.8117,51.9960666667,62.8326333333,63.6901666667,40.3096666667,69.9756666667,41.6190666667,22.0160333333,13.5273333333,9.60473333333,7.9112
1503.0,64.6081,69.5425666667,28.0232333333,19.3322666667,67.8506,67.1944,61.6669666667,65.9339,49.5268,39.3030666667,55.4665,55.2357,39.4267,60.8542333333,52.0087333333,62.8569,63.71,40.3229666667,69.9881333333,41.6155666667,22.0015666667,13.5147333333,9.59853333333,7.90693333333
1504.0,64.6440333333,69.5625666667,28.0299333333,19.3326666667,67.8808,67.2262333333,61.6838333333,65.9678,49.5293333333,39.3209666667,55.4888666667,55.2400666667,39.4432333333,60.8925333333,52.0189333333,62.8774666667,63.7261666667,40.3316666667,70.0083,41.6149666667,21.9903333333,13.5048,9.59353333333,7.90376666667
1505.0,64.6810666667,69.5859,28.0363333333,19.3334333333,67.9096666667,67.2575333333,61.7008333333,66.0065333333,49.5304,39.3373333333,55.5104666667,55.2434333333,39.4581666667,60.9274666667,52.0259,62.8943,63.7390333333,40.3358333333,70.0362333333,41.6176333333,21.9818666667,13.4965333333,9.58923333333,7.90113333333
1506.0,64.7175666667,69.6104666667,28.0429333333,19.3348,67.9382333333,67.2884666667,61.7187,66.0472666667,49.5320666667,39.354,55.5332666667,55.248,39.4736666667,60.9616333333,52.0334666667,62.9109333333,63.7517,40.3396,70.0652333333,41.6202,21.9742,13.4893,9.5855,7.8992
1507.0,64.7516666667,69.6338333333,28.0503,19.3371333333,67.9671666667,67.3190666667,61.7381666667,66.0868,49.5366,39.3728,55.5591,55.2564666667,39.4917333333,60.9975,52.0457333333,62.9309666667,63.7675,40.3473,70.0883333333,41.6195,21.9653,13.4824333333,9.58213333333,7.89813333333
1508.0,64.7832333333,69.6568333333,28.0594333333,19.3412666667,67.9985333333,67.3501666667,61.7605,66.1249,49.5452333333,39.3949666667,55.5898333333,55.2709333333,39.5140333333,61.0366666667,52.0656666667,62.9565666667,63.7883,40.3617333333,70.1023,41.6137,21.9546,13.4764,9.5795,7.8986
1509.0,64.8129,69.6798666667,28.0696333333,19.3467,68.0311,67.3814333333,61.7848333333,66.1627,49.5566,39.4193,55.624,55.2894333333,39.539,61.0775,52.0904,62.9854333333,63.8121333333,40.3801,70.1110666667,41.6048666667,21.9430666667,13.4711333333,9.57746666667,7.90023333333
1510.0,64.8402,69.7001,28.0790666667,19.3517333333,68.0608666667,67.4106666667,61.8087666667,66.1996,49.5688,39.4439,55.6582333333,55.3086,39.5641666667,61.1176666667,52.1152333333,63.0148333333,63.8361666667,40.3983,70.1184666667,41.5951,21.9309666667,13.4654333333,9.57523333333,7.90166666667
1511.0,64.8644666667,69.7146,28.0858,19.3546666667,68.0839,67.4357333333,61.8303,66.2349333333,49.5800666667,39.4668333333,55.6895,55.3250333333,39.5874333333,61.1549666667,52.1358,63.042,63.8579,40.4125333333,70.1281333333,41.5864,21.9185,13.4580333333,9.5721,7.90146666667
1512.0,64.8840333333,69.7219333333,28.0897333333,19.3552666667,68.0995333333,67.4553333333,61.8498,66.2687666667,49.5913666667,39.4889,55.7188666667,55.3400333333,39.6099666667,61.1902,52.153,63.0679,63.8788,40.4237,70.1388666667,41.5779666667,21.9049333333,13.4484666667,9.56793333333,7.89956666667
1513.0,64.9011333333,69.7254,28.092,19.3547,68.1106666667,67.4722,61.8679,66.3014,49.6024,39.5102333333,55.7467333333,55.3538333333,39.6315,61.2235333333,52.1680666667,63.0928666667,63.8983666667,40.4328,70.1501,41.5697333333,21.8910333333,13.4380333333,9.56333333333,7.89676666667
1514.0,64.9191666667,69.7291,28.0938666667,19.3541333333,68.1203666667,67.4896666667,61.8846333333,66.3330333333,49.6121666667,39.5302666667,55.7723,55.3657666667,39.6506666667,61.2542,52.1811333333,63.1163666667,63.9151666667,40.4398333333,70.1623,41.5621666667,21.878,13.4281333333,9.55863333333,7.8942
1515.0,64.9406,69.7354333333,28.0958666667,19.3541666667,68.1298666667,67.5100333333,61.9000333333,66.3647666667,49.6198666667,39.5486666667,55.7950333333,55.3753,39.6661,61.2811333333,52.1917,63.138,63.9271333333,40.4442,70.1765333333,41.5557333333,21.8669,13.4199,9.554,7.8925
1516.0,64.9640666667,69.7421666667,28.0971666667,19.3543,68.1373666667,67.5318,61.914,66.3971333333,49.6259,39.5656333333,55.8151333333,55.3827666667,39.6779333333,61.3040333333,52.1989,63.1578666667,63.9341333333,40.4450666667,70.1931666667,41.5502333333,21.8571666667,13.4126,9.54933333333,7.89123333333
1517.0,64.9881,69.7499,28.0986,19.3545333333,68.1447,67.5541,61.9267333333,66.4271333333,49.6308666667,39.5815333333,55.8332333333,55.3884333333,39.6883666667,61.3256,52.2056666667,63.1765333333,63.9402333333,40.4454666667,70.2095333333,41.5453333333,21.8480333333,13.4058333333,9.54463333333,7.8901
1518.0,65.0113333333,69.7594333333,28.1011666667,19.355,68.1544,67.5760333333,61.9385,66.4515666667,49.6351666667,39.5967666667,55.8501333333,55.3924666667,39.6996,61.3487666667,52.2149,63.1945,63.9497,40.4484666667,70.2228666667,41.5407,21.8387333333,13.3991666667,9.5399,7.88866666667
1519.0,65.0341333333,69.7720333333,28.1053333333,19.3559666667,68.1677666667,67.5995666667,61.9489666667,66.4679666667,49.6387666667,39.6115333333,55.8655,55.3938,39.7123666667,61.3754666667,52.2284,63.2124333333,63.9655333333,40.4561333333,70.2320666667,41.5370666667,21.8289,13.3928,9.53526666667,7.88693333333
1520.0,65.0568,69.7867,28.1105,19.3571666667,68.1833666667,67.624,61.9581333333,66.4786333333,49.6416,39.6255333333,55.8793,55.3929333333,39.7255666667,61.4037666667,52.2442666667,63.2297666667,63.9848666667,40.4663666667,70.2385666667,41.5342,21.819,13.3868333333,9.53066666667,7.88503333333
1521.0,65.0778333333,69.8013333333,28.116,19.3583666667,68.1991666667,67.6448,61.9670666667,66.4875,49.6439666667,39.6387,55.8921333333,55.3923333333,39.7384333333,61.4305666667,52.2601666667,63.2456333333,64.0030333333,40.4762,70.2434333333,41.5305,21.8092333333,13.3806,9.52586666667,7.8829
1522.0,65.0956333333,69.8137333333,28.1211666667,19.3591666667,68.2134,67.6574333333,61.9766,66.4981333333,49.6463,39.6508,55.9045333333,55.3944,39.7505,61.4529666667,52.2739666667,63.2590333333,64.0158333333,40.4828666667,70.2473666667,41.5244,21.7997666667,13.3736,9.52066666667,7.88026666667
1523.0,65.1104,69.8248,28.1263666667,19.3596,68.2273333333,67.6602666667,61.9869666667,66.5087333333,49.6486,39.6615,55.9161,55.3990333333,39.7622333333,61.4717,52.2870666667,63.27,64.0244,40.4868333333,70.2496666667,41.5158333333,21.7907,13.3658666667,9.5149,7.8772
1524.0,65.1228,69.8346666667,28.1315,19.3598666667,68.2404333333,67.6576333333,61.9974,66.5194666667,49.6506,39.6713,55.9269666667,55.4050333333,39.7733666667,61.4875,52.2989666667,63.2791,64.0297333333,40.4890333333,70.2507666667,41.5058,21.7818666667,13.3577,9.5089,7.87373333333
1525.0,65.1332666667,69.843,28.1361666667,19.36,68.2510333333,67.6548,62.0073666667,66.5319666667,49.6523,39.6809333333,55.9377666667,55.4116333333,39.7831666667,61.5004666667,52.3081,63.2865666667,64.0318,40.4896666667,70.2515666667,41.4951666667,21.7728666667,13.3493,9.5029,7.87013333333
1526.0,65.1422,69.8495333333,28.1400333333,19.3601666667,68.2578333333,67.6556666667,62.0164333333,66.5485666667,49.6539333333,39.6913,55.9491333333,55.4187,39.7910666667,61.5102333333,52.3126666667,63.2927333333,64.0298333333,40.4887333333,70.2530333333,41.4842666667,21.7635,13.3405666667,9.49713333333,7.8665
1527.0,65.1492333333,69.8545333333,28.1433666667,19.3604333333,68.2616333333,67.6582666667,62.0251333333,66.5706333333,49.6558666667,39.7026666667,55.9615666667,55.4278666667,39.7969333333,61.5159666667,52.3127666667,63.2971333333,64.0225,40.4856,70.2548666667,41.4720333333,21.754,13.3314,9.49153333333,7.86273333333
1528.0,65.1545333333,69.8578,28.1460333333,19.3605666667,68.2627,67.6609333333,62.0329666667,66.5924333333,49.6570333333,39.7133333333,55.9732333333,55.4362333333,39.8018666667,61.5197,52.3106666667,63.3002333333,64.0133333333,40.4814666667,70.2563666667,41.4601,21.7442666667,13.3221666667,9.48596666667,7.85886666667
1529.0,65.1583,69.8590333333,28.1481666667,19.3601666667,68.2611,67.6624333333,62.0394,66.608,49.6561,39.7216,55.9821666667,55.4407,39.8069,61.5235666667,52.3086333333,63.3026,64.0061333333,40.4777,70.2568666667,41.4505666667,21.7340333333,13.3134,9.48056666667,7.85493333333
1530.0,65.1597333333,69.8577,28.1492333333,19.3588333333,68.2554666667,67.6620666667,62.0439333333,66.6133333333,49.6518666667,39.7255333333,55.9869666667,55.4387666667,39.8127666667,61.5286,52.3072,63.3041666667,64.0027333333,40.4747,70.2566333333,41.4453,21.7230333333,13.3054333333,9.47523333333,7.85096666667
1531.0,65.1588,69.854,28.1494,19.3568,68.2459,67.6604666667,62.047,66.6117666667,49.6452333333,39.7263666667,55.9886333333,55.4322,39.8187333333,61.5337,52.3052666667,63.3046,64.0010666667,40.4718333333,70.2559,41.4430666667,21.7114666667,13.2979,9.47,7.8469
1532.0,65.1580333333,69.8489666667,28.1495,19.3548666667,68.2362666667,67.6583333333,62.0489,66.6075333333,49.6378,39.7270333333,55.9892,55.4244666667,39.8245333333,61.5382666667,52.3038333333,63.3048666667,64.0004333333,40.4692333333,70.2533,41.4411333333,21.6997333333,13.2907333333,9.46506666667,7.843
1533.0,65.1598333333,69.8434333333,28.1502666667,19.3539666667,68.23,67.6562,62.0497666667,66.6043666667,49.6313666667,39.7305333333,55.9904333333,55.4189333333,39.8297333333,61.5416666667,52.3038666667,63.3058333333,64.0003,40.4671,70.2473666667,41.4370666667,21.6883666667,13.2837666667,9.46053333333,7.83933333333
1534.0,65.1645333333,69.8361666667,28.1515666667,19.3538666667,68.2257,67.6527,62.0485,66.6001,49.6250666667,39.7363666667,55.9909666667,55.4143,39.8341333333,61.5433,52.3056333333,63.3074666667,64.0016333333,40.4651,70.2363666667,41.4311,21.6768333333,13.277,9.45646666667,7.83586666667
1535.0,65.1704333333,69.8282333333,28.1530666667,19.3543666667,68.2232,67.6491666667,62.0464333333,66.5954333333,49.619,39.7436,55.9915,55.4103666667,39.8382666667,61.5442333333,52.3082666667,63.3093666667,64.0035333333,40.4635,70.2232,41.4242,21.6655,13.2704666667,9.45276666667,7.8326
1536.0,65.1758333333,69.8214333333,28.1549666667,19.3553333333,68.2235666667,67.6479666667,62.0456,66.593,49.6139666667,39.7517666667,55.9937666667,55.4082,39.8425666667,61.5458666667,52.3109333333,63.3113333333,64.0042333333,40.4627,70.2117333333,41.4168666667,21.655,13.2644,9.44923333333,7.82983333333
1537.0,65.1794,69.8172333333,28.1571666667,19.3568666667,68.2285666667,67.6515,62.0480666667,66.5950666667,49.6104666667,39.7606666667,55.9993333333,55.4087333333,39.8474333333,61.5492333333,52.3129333333,63.3132333333,64.0019666667,40.4634,70.2052333333,41.4090333333,21.646,13.2589,9.44586666667,7.82776666667
1538.0,65.1814333333,69.815,28.1598333333,19.3592,68.2393,67.6602666667,62.0535666667,66.6009666667,49.6081,39.7708,56.0080333333,55.4121,39.8522,61.5533,52.3143,63.3149333333,63.9963333333,40.4657,70.2026666667,41.4001333333,21.6385666667,13.2539666667,9.4427,7.82633333333
1539.0,65.1831,69.814,28.1627333333,19.3618,68.2513,67.6701,62.0598666667,66.6089333333,49.6069666667,39.7814666667,56.0181,55.4168,39.8576666667,61.5586333333,52.3159333333,63.3168666667,63.9904333333,40.4684666667,70.2015333333,41.3913,21.6317666667,13.2494,9.4397,7.8254
1540.0,65.1854,69.8137,28.1658,19.3638,68.2598,67.6764666667,62.0646333333,66.6173,49.6073,39.7918,56.0275666667,55.4209666667,39.8648,61.5661666667,52.3187333333,63.3192666667,63.9873666667,40.4705666667,70.1996666667,41.3838333333,21.6246333333,13.2449666667,9.4368,7.82486666667
1541.0,65.1887333333,69.8137,28.1692333333,19.3648666667,68.2625333333,67.6770333333,62.0661333333,66.6251333333,49.6091333333,39.8009,56.0352333333,55.4238666667,39.8746,61.5776333333,52.3232333333,63.3222666667,63.9893666667,40.4714333333,70.1963,41.379,21.6169333333,13.2407,9.4342,7.825
1542.0,65.1925333333,69.8144,28.1730666667,19.3653,68.2618333333,67.6740333333,62.0657,66.6333333333,49.6125,39.8093,56.0421666667,55.4263333333,39.8865,61.5923333333,52.329,63.3256333333,63.9946333333,40.4716666667,70.1925333333,41.3760666667,21.6091333333,13.2367333333,9.4319,7.8259
1543.0,65.1969666667,69.8161666667,28.1766,19.3656333333,68.2590333333,67.6696,62.0655666667,66.6428,49.6172,39.8186,56.0498333333,55.429,39.8987333333,61.6064666667,52.3354,63.3296666667,64.0006666667,40.4716333333,70.1879,41.3727333333,21.6010666667,13.2326333333,9.42946666667,7.8265
1544.0,65.2020333333,69.8195333333,28.1792,19.3663333333,68.2549666667,67.6654666667,62.0677666667,66.6543666667,49.6234333333,39.8304,56.0597,55.4325333333,39.9098,61.6163,52.3420333333,63.3344333333,64.0052666667,40.4716666667,70.1818,41.3665333333,21.5925,13.2279,9.42646666667,7.8259
1545.0,65.2079666667,69.8249,28.1806333333,19.3673,68.2469,67.6592,62.0722,66.6681333333,49.6326666667,39.8453,56.0723333333,55.4373,39.9200333333,61.6215333333,52.3493,63.3399,64.009,40.4717666667,70.1714666667,41.3568333333,21.5828333333,13.2226,9.42283333333,7.824
1546.0,65.2145,69.8315,28.1814666667,19.3684333333,68.2376666667,67.6528666667,62.0779333333,66.6835,49.643,39.8617,56.0862666667,55.4425,39.9298333333,61.6244666667,52.3568333333,63.346,64.0122666667,40.4718,70.1604333333,41.3456666667,21.5729333333,13.2169,9.4189,7.82133333333
1547.0,65.2212,69.8382333333,28.1824,19.3697666667,68.2320666667,67.6501,62.0841,66.6997666667,49.6517,39.8776666667,56.0998666667,55.4473,39.9391666667,61.6274,52.3641,63.3529333333,64.0149333333,40.4716,70.1539666667,41.3354666667,21.564,13.2109666667,9.415,7.81853333333
1548.0,65.2279,69.8444666667,28.1837,19.3713,68.2344,67.6545333333,62.0901,66.7170666667,49.6563666667,39.8916,56.1118333333,55.4508333333,39.9475333333,61.6314666667,52.3702,63.3609333333,64.0159333333,40.4704,70.1567666667,41.3280666667,21.5572666667,13.2049,9.41136666667,7.81573333333
1549.0,65.2343333333,69.8511,28.1847333333,19.3731666667,68.2436333333,67.6655333333,62.0963,66.7365333333,49.6577666667,39.9041333333,56.1226666667,55.4533666667,39.9541333333,61.6342,52.3749,63.3702333333,64.0138333333,40.4674333333,70.1677,41.3223333333,21.5526,13.1983333333,9.40766666667,7.81256666667
1550.0,65.2412,69.8573333333,28.1863333333,19.3751333333,68.2559,67.6795,62.1029,66.7558,49.6576,39.9162,56.1331666667,55.4555666667,39.9611333333,61.6387,52.3798,63.3800666667,64.0126333333,40.4651666667,70.1824666667,41.3179666667,21.5486,13.1917333333,9.40413333333,7.80956666667
1551.0,65.2490333333,69.8619,28.1893,19.3770333333,68.2674333333,67.6926666667,62.1098666667,66.7721666667,49.6575333333,39.9286333333,56.1441666667,55.4582666667,39.9710666667,61.6484666667,52.3868333333,63.3898,64.0169,40.4664333333,70.1970666667,41.3149666667,21.5438333333,13.1855,9.40103333333,7.80723333333
1552.0,65.2579,69.8631666667,28.1943333333,19.3786333333,68.277,67.7037333333,62.1172333333,66.7834666667,49.6578666667,39.9419,56.1561333333,55.4614,39.986,61.6671333333,52.3976,63.3989333333,64.0304,40.4738,70.2116333333,41.3141666667,21.5379333333,13.1803,9.3989,7.80636666667
1553.0,65.2675333333,69.8619,28.2009666667,19.3801,68.2864666667,67.7145,62.125,66.7912666667,49.6577666667,39.9556333333,56.1685333333,55.4648,40.0045666667,61.6925666667,52.4108666667,63.4079666667,64.0505666667,40.4857333333,70.2279,41.3155333333,21.5316333333,13.1757333333,9.39743333333,7.80663333333
1554.0,65.2785666667,69.8616666667,28.2082333333,19.3817,68.2952,67.7250666667,62.1333333333,66.7984,49.6581666667,39.9692,56.1811,55.469,40.0235666667,61.7185333333,52.4245333333,63.4172333333,64.0717,40.4979333333,70.2413,41.3163666667,21.5244333333,13.1708,9.39563333333,7.8065
1555.0,65.2916,69.8659666667,28.215,19.3837333333,68.3026333333,67.7355666667,62.1423,66.8076333333,49.6598333333,39.9821333333,56.1938,55.4748,40.0401,61.7390666667,52.4363,63.4269,64.0883,40.5063666667,70.2472,41.3141333333,21.516,13.1643333333,9.39233333333,7.8045
1556.0,65.3077,69.875,28.2217,19.3862333333,68.3078,67.7455,62.1526666667,66.8182,49.6628666667,39.9947333333,56.2078333333,55.4831,40.0552333333,61.7552,52.4462666667,63.4364,64.1018333333,40.5118666667,70.2440333333,41.3085333333,21.5055666667,13.1561,9.38726666667,7.80043333333
1557.0,65.3252666667,69.8866666667,28.2284,19.389,68.3121,67.7554,62.1634666667,66.8295333333,49.6667,40.0069333333,56.2217,55.4924333333,40.0692,61.7688,52.4555333333,63.4464,64.1134666667,40.5156,70.2362,41.3012666667,21.4943,13.147,9.38133333333,7.79533333333
1558.0,65.3421666667,69.8992333333,28.2349333333,19.3919333333,68.3175333333,67.7659,62.1735,66.8418,49.6709333333,40.0184,56.2331666667,55.5007,40.0813,61.7805333333,52.4646,63.4579,64.1227666667,40.5180666667,70.2287,41.2939333333,21.4838666667,13.1382333333,9.37546666667,7.79036666667
1559.0,65.3570333333,69.9116,28.2408666667,19.3948,68.3259666667,67.7782,62.1812666667,66.8553333333,49.6749,40.0285666667,56.2394,55.5061333333,40.0906,61.7905,52.4739333333,63.4722,64.1290333333,40.5191333333,70.2250666667,41.2876333333,21.4755666667,13.1305666667,9.3703,7.78616666667
1560.0,65.3709333333,69.9255,28.246,19.3976666667,68.3371333333,67.7926333333,62.1865,66.8703666667,49.6785666667,40.0368,56.24,55.5092,40.0964666667,61.7975666667,52.483,63.4898333333,64.1316,40.5179333333,70.2226,41.2808666667,21.4686333333,13.123,9.365,7.78186666667
1561.0,65.3836666667,69.9390333333,28.2513666667,19.4007333333,68.3488666667,67.8068666667,62.1917666667,66.8860333333,49.6829333333,40.0451333333,56.2396333333,55.5114333333,40.1013666667,61.8038,52.4921666667,63.5080666667,64.1328,40.5163666667,70.2217333333,41.2750666667,21.4628333333,13.1164333333,9.36036666667,7.7783
1562.0,65.3946333333,69.9498,28.2578333333,19.4042333333,68.3588333333,67.8181,62.1999333333,66.9012,49.6892,40.0559,56.2436333333,55.5145,40.1079,61.8115,52.5018333333,63.5237,64.1354666667,40.5164,70.2234666667,41.2719,21.4580333333,13.1118666667,9.35723333333,7.7767
1563.0,65.4028333333,69.9562333333,28.2658333333,19.4081,68.3655,67.8252,62.2123,66.9158666667,49.6985333333,40.07,56.2537666667,55.5183333333,40.1164666667,61.821,52.5123,63.5356333333,64.1397666667,40.5185333333,70.2285,41.2727333333,21.4547,13.1102,9.35636666667,7.77796666667
1564.0,65.409,69.9598666667,28.2747666667,19.4122333333,68.3704666667,67.8296,62.2273,66.9303333333,49.71,40.0862,56.2675,55.5224,40.1260666667,61.8313333333,52.5232666667,63.5453666667,64.1446666667,40.5218,70.2361666667,41.2763333333,21.4526333333,13.1106333333,9.35706666667,7.7812
1565.0,65.4152,69.9633333333,28.2845333333,19.4169,68.3757333333,67.8328333333,62.2433666667,66.9446,49.7212333333,40.1035333333,56.2831666667,55.5275333333,40.1370333333,61.8430666667,52.5344333333,63.5542666667,64.1512333333,40.5264666667,70.2452,41.2805666667,21.4509,13.1117,9.35823333333,7.78506666667
1566.0,65.4236333333,69.9692333333,28.2950666667,19.4223333333,68.3833666667,67.8362333333,62.2593666667,66.9586,49.7301333333,40.1213,56.2995,55.5346666667,40.1499666667,61.8566333333,52.5456333333,63.5636,64.1606666667,40.5327666667,70.2546,41.2836,21.4486,13.1121,9.35876666667,7.7882
1567.0,65.4344333333,69.9776333333,28.3076666667,19.4291666667,68.3937,67.839,62.2771666667,66.9718333333,49.7371666667,40.1408666667,56.3187333333,55.5447666667,40.1661,61.8727333333,52.5571333333,63.5728,64.1742666667,40.542,70.2657666667,41.2865,21.4463333333,13.1126333333,9.35943333333,7.79146666667
1568.0,65.4462666667,69.9869666667,28.3208,19.4365333333,68.4052333333,67.8413666667,62.2951,66.985,49.7429,40.161,56.3388333333,55.5561666667,40.1836333333,61.8903,52.5687,63.5818333333,64.1898333333,40.5525333333,70.2775333333,41.2889666667,21.4438666667,13.113,9.35986666667,7.7946
1569.0,65.4578333333,69.996,28.3320333333,19.4431,68.4162666667,67.8442333333,62.3098666667,66.9989666667,49.7473,40.1792,56.3565,55.5665666667,40.1997666667,61.9077666667,52.5798,63.5912,64.204,40.5617333333,70.2876333333,41.2897666667,21.4405,13.1123,9.35933333333,7.7965
1570.0,65.4685666667,70.004,28.3394666667,19.4482,68.4261333333,67.8484666667,62.3186,67.0145,49.7498333333,40.1934333333,56.3686333333,55.5738,40.2123666667,61.9241666667,52.5901,63.6017,64.2144333333,40.5675,70.2939666667,41.2874,21.4354333333,13.1096333333,9.35703333333,7.79643333333
1571.0,65.4794,70.0115666667,28.3441,19.4524666667,68.436,67.8540666667,62.3222,67.0311333333,49.7502,40.2046,56.3761666667,55.5787,40.2225666667,61.9402333333,52.5997333333,63.6136,64.2224666667,40.5708666667,70.2969666667,41.2819666667,21.4289666667,13.1053333333,9.35316666667,7.79456666667
1572.0,65.4893,70.0185666667,28.3472333333,19.4559,68.4445,67.8594666667,62.3239666667,67.0485,49.7501,40.2146,56.3826,55.5834,40.2317666667,61.9560666667,52.609,63.6249,64.2294666667,40.5734,70.2994666667,41.2760333333,21.4219333333,13.1002666667,9.34883333333,7.79203333333
1573.0,65.4971333333,70.0247,28.3503,19.4582333333,68.4499,67.8632333333,62.3273666667,67.0662666667,49.7517333333,40.2254,56.3916,55.5905,40.2412666667,61.9715333333,52.6181,63.6335333333,64.2366666667,40.5767666667,70.3042333333,41.2721666667,21.4152666667,13.0951666667,9.345,7.78983333333
1574.0,65.5010666667,70.0292,28.3528,19.4588666667,68.4503333333,67.8641,62.3325333333,67.0847666667,49.7554666667,40.2370666667,56.4043666667,55.6013,40.2511666667,61.9877666667,52.6275,63.6379666667,64.2443333333,40.5816333333,70.3118333333,41.2708333333,21.4088,13.0896333333,9.3419,7.7879
1575.0,65.5024333333,70.0325,28.3546,19.4580666667,68.4472,67.8633333333,62.3383333333,67.1039666667,49.7605333333,40.2489,56.4190333333,55.6143333333,40.2609666667,62.0041666667,52.6368666667,63.6397,64.2518666667,40.5871333333,70.3210333333,41.271,21.4022666667,13.0836333333,9.339,7.78596666667
1576.0,65.5050333333,70.0363333333,28.3573666667,19.4578,68.4442666667,67.8627666667,62.3458333333,67.1229333333,49.7664666667,40.2617,56.4348,55.6275666667,40.2711,62.0181333333,52.6454666667,63.6412,64.2593333333,40.5922,70.3321333333,41.2728,21.3968666667,13.0785666667,9.33686666667,7.78463333333
1577.0,65.5125666667,70.0419333333,28.3628,19.4597,68.4445,67.8638666667,62.3561666667,67.1407,49.7731333333,40.2762333333,56.4509666667,55.6391333333,40.2819333333,62.0271333333,52.6526,63.6446,64.2666333333,40.5959333333,70.3455333333,41.2765666667,21.3937,13.0757,9.33586666667,7.78453333333
1578.0,65.525,70.0483333333,28.3709,19.4632666667,68.4460333333,67.8658,62.3698666667,67.1568333333,49.7811333333,40.2927333333,56.4686666667,55.65,40.2939333333,62.0306,52.6578666667,63.6479666667,64.2737,40.5989333333,70.3621333333,41.2826333333,21.3929666667,13.0753,9.33626666667,7.78576666667
1579.0,65.5397,70.0559333333,28.3804666667,19.4680333333,68.4492666667,67.8688,62.3853,67.1726,49.7897,40.3102,56.4867666667,55.6601,40.3061666667,62.0312333333,52.6623333333,63.6525,64.2807333333,40.6010333333,70.3803333333,41.2903333333,21.3935666667,13.0761,9.33746666667,7.7877
1580.0,65.5542,70.0659333333,28.3903333333,19.4738,68.4559333333,67.8736666667,62.4006,67.1893666667,49.7978333333,40.3277,56.5036666667,55.669,40.3174333333,62.0319,52.6673333333,63.6604666667,64.2881,40.6018,70.3978,41.2986333333,21.3943,13.0767666667,9.33863333333,7.7899
1581.0,65.5664666667,70.0792333333,28.3998333333,19.4807,68.4674666667,67.8810666667,62.4138,67.2077,49.8042333333,40.3441333333,56.5171666667,55.6754333333,40.3259666667,62.0329333333,52.6728333333,63.6733333333,64.2950333333,40.5999333333,70.4131,41.3074333333,21.3947666667,13.0766333333,9.33953333333,7.7922
1582.0,65.5774666667,70.0957666667,28.4095333333,19.4891666667,68.4833,67.8906,62.4253333333,67.2267,49.8089666667,40.3598,56.5272666667,55.6786666667,40.3315,62.0316333333,52.6773,63.6899333333,64.3004333333,40.5945333333,70.4272,41.3175,21.3958,13.0765666667,9.3408,7.79516666667
1583.0,65.5888666667,70.1139666667,28.4194,19.4979333333,68.5020666667,67.9020333333,62.4380666667,67.2473666667,49.8142666667,40.3761,56.5382,55.6827666667,40.3381,62.0337,52.6844,63.7102666667,64.3083666667,40.5901666667,70.4406666667,41.3273,21.3963333333,13.0759,9.34156666667,7.79783333333
1584.0,65.6023333333,70.1323333333,28.4291,19.5056,68.5223,67.9153666667,62.4548666667,67.2708333333,49.8224333333,40.3944333333,56.5545333333,55.6920333333,40.3500666667,62.0452666667,52.6981666667,63.7345,64.3230666667,40.5913333333,70.454,41.3351666667,21.395,13.0738666667,9.34093333333,7.79906666667
1585.0,65.6174,70.1502666667,28.4389666667,19.5119333333,68.544,67.9308333333,62.4762,67.2965666667,49.8334333333,40.415,56.5770666667,55.7079,40.3684333333,62.0691666667,52.7206666667,63.7635,64.3459333333,40.5993,70.4659333333,41.3407,21.3914,13.0699333333,9.33846666667,7.7984
1586.0,65.6339333333,70.1688,28.4488333333,19.5175,68.5676666667,67.9482666667,62.5008,67.3245666667,49.8466,40.4372333333,56.6037333333,55.7279,40.3910666667,62.1013,52.749,63.7965666667,64.3745,40.6116666667,70.4773,41.3447,21.3862666667,13.0647333333,9.33483333333,7.7966
1587.0,65.6530333333,70.1888666667,28.458,19.5228,68.5929666667,67.9669,62.5283,67.3562333333,49.8622333333,40.4608666667,56.6336,55.7497333333,40.4164,62.1365,52.7793333333,63.8315666667,64.4064333333,40.6266333333,70.4908,41.3478333333,21.3803666667,13.0593666667,9.33083333333,7.79436666667
1588.0,65.6753,70.211,28.4657333333,19.5279333333,68.6195333333,67.9858,62.5585,67.3926,49.8808,40.4857333333,56.6661,55.7716666667,40.4434,62.1704,52.8084,63.8667333333,64.4397,40.6429,70.5085666667,41.3504333333,21.3743,13.0547,9.32696666667,7.79236666667
1589.0,65.6993,70.2338666667,28.4711333333,19.5325,68.6467666667,68.0034666667,62.5922,67.4332666667,49.9027333333,40.5120666667,56.7018333333,55.7946333333,40.4730666667,62.2044333333,52.8375666667,63.9020666667,64.4756,40.6619,70.5294,41.3516333333,21.3670666667,13.0502,9.32246666667,7.7898
1590.0,65.7267333333,70.2591333333,28.4764333333,19.5370666667,68.6759333333,68.0232333333,62.6281333333,67.4777666667,49.9268666667,40.5396666667,56.7401666667,55.8186666667,40.5046666667,62.2403666667,52.8677,63.9392333333,64.5138333333,40.6824333333,70.5531,41.3525666667,21.3597666667,13.0459333333,9.3181,7.7873
1591.0,65.7597333333,70.2889,28.4842,19.5425333333,68.7086666667,68.0487333333,62.6647333333,67.5256333333,49.9518,40.5679333333,56.7800333333,55.8434666667,40.5370333333,62.2796,52.8994666667,63.9797333333,64.5536333333,40.7026333333,70.5797333333,41.3546,21.3538333333,13.0421,9.31493333333,7.78566666667
1592.0,65.8006333333,70.3255333333,28.4962,19.5498,68.7461,68.0829666667,62.7007333333,67.5771,49.9770666667,40.5963333333,56.8208,55.8682333333,40.5693666667,62.3224666667,52.9327666667,64.0244,64.5942666667,40.7213,70.6096333333,41.3583666667,21.3504,13.0391333333,9.3139,7.78566666667
1593.0,65.8485333333,70.3681,28.5113333333,19.5584666667,68.7875666667,68.1241666667,62.7368,67.6326333333,50.0035333333,40.6249666667,56.8628,55.893,40.6022,62.3683,52.9672333333,64.0724666667,64.6359,40.7392,70.6429,41.3629666667,21.3488666667,13.037,9.31463333333,7.7871
1594.0,65.9001333333,70.4130333333,28.5277666667,19.5672333333,68.8320333333,68.1694666667,62.7746666667,67.6908,50.0302333333,40.6552666667,56.9069666667,55.9197,40.6363666667,62.4181333333,53.0041,64.1239666667,64.6801666667,40.7576,70.6787,41.3691,21.3479,13.0346666667,9.31563333333,7.78853333333
1595.0,65.9519666667,70.4568,28.5437,19.5748,68.8784,68.2161,62.8159,67.7503,50.0563,40.6886333333,56.9541333333,55.9501,40.6725,62.4731333333,53.0447,64.1789666667,64.7287666667,40.7774666667,70.7163,41.3774333333,21.3461,13.0312666667,9.3153,7.78876666667
1596.0,66.004,70.4983333333,28.5590333333,19.5803333333,68.9261333333,68.2633,62.8603,67.8101666667,50.0807666667,40.7257666667,57.0044666667,55.9843666667,40.7115,62.5348,53.0903666667,64.238,64.7827,40.7987666667,70.7557333333,41.3884333333,21.3435,13.0264333333,9.31363333333,7.78763333333
1597.0,66.0577,70.5400333333,28.5745333333,19.5851666667,68.9763,68.3129333333,62.9075,67.8719333333,50.1049666667,40.7654,57.0575,56.0215666667,40.7522333333,62.6011666667,53.1392333333,64.3005333333,64.8402666667,40.8211333333,70.7973,41.4014,21.3406333333,13.0208666667,9.31123333333,7.78576666667
1598.0,66.1136333333,70.5845333333,28.5907,19.5909666667,69.0302333333,68.3667333333,62.9576333333,67.9374333333,50.1308333333,40.8059333333,57.1128,56.0613666667,40.7930666667,62.6691666667,53.1884,64.3653,64.8988333333,40.8446666667,70.8408,41.4152666667,21.3376666667,13.0152,9.3084,7.7836
1599.0,66.1723,70.6342,28.608,19.5990666667,69.0898,68.4268666667,63.0113,68.0086,50.1601333333,40.8465,57.1706,56.1036,40.8328666667,62.7368666667,53.2358333333,64.4316333333,64.9566333333,40.8697,70.8861333333,41.4294666667,21.3344666667,13.0097333333,9.30516666667,7.78143333333
1600.0,66.2334,70.6885,28.6262,19.6087666667,69.1555,68.4937,63.0693333333,68.0853333333,50.1924666667,40.8881666667,57.2316333333,56.1492666667,40.8724666667,62.8062,53.2828666667,64.5003333333,65.0153,40.8968333333,70.9333333333,41.4448333333,21.3307666667,13.0038666667,9.301,7.77876666667
1601.0,66.2969333333,70.7451666667,28.6451,19.6195666667,69.2237333333,68.5633666667,63.1292333333,68.1651,50.2262666667,40.9299,57.2940333333,56.1964666667,40.9117666667,62.8759,53.3295666667,64.5707333333,65.0739666667,40.9243666667,70.9825333333,41.4605333333,21.3272666667,12.9984333333,9.2968,7.77626666667
1602.0,66.3628333333,70.8018,28.6645666667,19.6308666667,69.2905333333,68.6316333333,63.1881333333,68.2452666667,50.2597666667,40.9705666667,57.3556,56.2430333333,40.9505,62.9442666667,53.3757333333,64.6420333333,65.1313333333,40.9505,71.0338,41.4757,21.3247,12.9944,9.2936,7.77476666667
1603.0,66.4328,70.8585,28.6851666667,19.6433333333,69.3554666667,68.6987333333,63.2454,68.3265333333,50.2930666667,41.0093,57.4159666667,56.289,40.9876,63.0101666667,53.4205333333,64.7146333333,65.1855333333,40.9738,71.0886333333,41.4899333333,21.3239333333,12.9926666667,9.29203333333,7.77486666667
1604.0,66.5059333333,70.9160333333,28.7065666667,19.6567666667,69.4200333333,68.7659333333,63.3022666667,68.4093333333,50.3266,41.0469,57.4760333333,56.335,41.0236666667,63.0747333333,53.4644333333,64.7886,65.2378666667,40.9954666667,71.1463,41.5037333333,21.3242666667,12.9925,9.29136666667,7.77603333333
1605.0,66.5785666667,70.9727,28.7276,19.6696333333,69.4831666667,68.8304666667,63.3589666667,68.4908,50.3597,41.0845,57.5356333333,56.3801333333,41.0610666667,63.1396666667,53.5092333333,64.8625333333,65.2919666667,41.018,71.2033333333,41.5174333333,21.3243,12.9923666667,9.29073333333,7.7772
1606.0,66.6471,71.0269666667,28.7469666667,19.6803666667,69.5438666667,68.8893333333,63.4155666667,68.5680333333,50.3914333333,41.1230666667,57.5946,56.4234333333,41.1020666667,63.2066333333,53.5566666667,64.9352,65.3516,41.0437333333,71.2564333333,41.5314666667,21.3226666667,12.9909,9.28933333333,7.77746666667
1607.0,66.7123,71.0778666667,28.7641,19.6884333333,69.6019,68.9402,63.4718333333,68.6401333333,50.4210333333,41.162,57.6526,56.4645666667,41.1479,63.2757333333,53.6072666667,65.0075666667,65.4181666667,41.0729333333,71.3048,41.5456333333,21.3189666667,12.9879333333,9.287,7.77663333333
1608.0,66.7752333333,71.1274,28.7803333333,19.6953,69.6581,68.9876,63.5281,68.7097666667,50.4499333333,41.2015,57.7101666667,56.5044666667,41.1958666667,63.3459666667,53.6594666667,65.0791333333,65.4879,41.104,71.3512,41.5599333333,21.3144,12.9844,9.28443333333,7.7754
1609.0,66.8358333333,71.1780333333,28.7975333333,19.7025333333,69.7133333333,69.0373,63.5850666667,68.7798666667,50.4801333333,41.2423,57.7680666667,56.5442333333,41.2428333333,63.4162333333,53.7114666667,65.1485333333,65.5565,41.1352333333,71.3990666667,41.5745333333,21.3103666667,12.9813,9.282,7.77466666667
1610.0,66.8937333333,71.2320666667,28.8171333333,19.7110666667,69.7679333333,69.0940333333,63.6443666667,68.8531,50.5134333333,41.2854666667,57.8275666667,56.5852,41.2868333333,63.4864333333,53.7624,65.2144666667,65.6215666667,41.1661666667,71.4512333333,41.5898666667,21.3075,12.9793333333,9.28026666667,7.7749
1611.0,66.9481666667,71.2886333333,28.8385,19.72,69.8211333333,69.1555333333,63.7067333333,68.9284,50.5495,41.3312666667,57.8887333333,56.6271333333,41.3295,63.5573333333,53.8134,65.2770333333,65.6856333333,41.1981333333,71.5068333333,41.6059,21.3052,12.9781,9.27883333333,7.77583333333
1612.0,67.0018,71.3453,28.8603666667,19.7296666667,69.8741,69.2182333333,63.7673,69.0033,50.5857333333,41.3769666667,57.9489666667,56.6681,41.3706333333,63.6273333333,53.8633333333,65.3385,65.7473,41.2287666667,71.5624333333,41.6218333333,21.3036,12.9771666667,9.27763333333,7.7771
1613.0,67.0573333333,71.3994666667,28.8815333333,19.7402666667,69.9281333333,69.2789333333,63.8209,69.0750333333,50.6197,41.4199666667,58.0053,56.7061333333,41.4098333333,63.6945,53.9112,65.4010666667,65.8047333333,41.2555,71.6146,41.6365666667,21.3029333333,12.9761,9.2765,7.7785
1614.0,67.1174,71.4520333333,28.9025,19.7530666667,69.9853333333,69.3399666667,63.8641,69.1438333333,50.6507666667,41.4594666667,58.0565333333,56.7402,41.4466333333,63.7589333333,53.9568666667,65.4669,65.8567333333,41.2768666667,71.6635,41.6489666667,21.3036,12.9747666667,9.27553333333,7.78013333333
1615.0,67.1790333333,71.5031,28.9232666667,19.7669666667,70.0436,69.4004666667,63.9013,69.2104,50.6802666667,41.4969,58.1045666667,56.7716666667,41.4815,63.8210666667,54.0007666667,65.5336,65.9048333333,41.2948666667,71.7100666667,41.6602,21.3051333333,12.9734666667,9.2747,7.78196666667
1616.0,67.2373333333,71.5504666667,28.9425666667,19.7797333333,70.0987666667,69.4550333333,63.9389,69.2740666667,50.7089666667,41.5332333333,58.1515333333,56.8023333333,41.5153,63.8806666667,54.0427333333,65.5969666667,65.9511666667,41.3122333333,71.7534,41.6726333333,21.3069666667,12.9722666667,9.2739,7.78376666667
1617.0,67.2879,71.5919333333,28.9593,19.7892666667,70.1471666667,69.4983,63.9822333333,69.3342,50.7377333333,41.5690333333,58.1992333333,56.8334666667,41.5486,63.9374,54.0824666667,65.6534,65.9974,41.3313333333,71.7924666667,41.6884333333,21.3085333333,12.9716,9.2731,7.7855
1618.0,67.3316666667,71.6273666667,28.9733666667,19.7959333333,70.1902333333,69.5298666667,64.0291666667,69.3904,50.7662,41.6040333333,58.2467333333,56.8645,41.581,63.9906333333,54.1197,65.7038333333,66.0425,41.3516,71.8273666667,41.7082,21.3103333333,12.9715,9.27236666667,7.78746666667
1619.0,67.3713666667,71.6592,28.9861,19.8012666667,70.2291,69.5558,64.0782,69.444,50.7941666667,41.6381333333,58.2938666667,56.8951333333,41.6127,64.0417333333,54.1552666667,65.7501666667,66.0866666667,41.3717333333,71.8589333333,41.7286666667,21.3119666667,12.9715,9.2717,7.7892
1620.0,67.4098333333,71.6899666667,28.9988333333,19.8065333333,70.2645666667,69.5828333333,64.1285333333,69.4963,50.8213,41.6715333333,58.3408666667,56.9251666667,41.6441666667,64.0920333333,54.1901666667,65.7942666667,66.1304333333,41.3907666667,71.8882,41.7464,21.3130333333,12.9711333333,9.27086666667,7.7903
1621.0,67.4472333333,71.7197,29.0120666667,19.8121333333,70.2952666667,69.6136,64.1820666667,69.5478333333,50.8479333333,41.7047666667,58.3884666667,56.9554333333,41.6755333333,64.1420666667,54.2245,65.8350333333,66.1741333333,41.4078666667,71.9153,41.7598,21.3131666667,12.9700666667,9.26983333333,7.7904
1622.0,67.4823333333,71.7474666667,29.0249666667,19.8173666667,70.3211333333,69.6448,64.2386666667,69.5977,50.8740666667,41.7377333333,58.4364333333,56.9858333333,41.7066333333,64.1912666667,54.2578333333,65.8719333333,66.2175,41.4235,71.9397,41.7705333333,21.3125666667,12.9686666667,9.26873333333,7.78973333333
1623.0,67.5176,71.7755666667,29.0383666667,19.8231,70.3466666667,69.6764,64.2926333333,69.6467333333,50.8986,41.7690333333,58.4828666667,57.014,41.7375333333,64.2395,54.2910666667,65.9095333333,66.2604666667,41.4391333333,71.9622666667,41.7794333333,21.3116333333,12.9669666667,9.2675,7.78876666667
1624.0,67.5552666667,71.8064333333,29.0528666667,19.8302333333,70.3763333333,69.7086333333,64.3382666667,69.6956,50.9202333333,41.7971333333,58.5259666667,57.0374666667,41.7684666667,64.2869333333,54.3250333333,65.9522333333,66.3029666667,41.4559,71.9833333333,41.7871333333,21.3104666667,12.9648666667,9.26603333333,7.78776666667
1625.0,67.5964333333,71.8407,29.0687,19.8391333333,70.4116333333,69.743,64.3749333333,69.7451333333,50.9378333333,41.8205666667,58.5653333333,57.0549,41.7990666667,64.3334,54.3596666667,66.0019,66.3445,41.4736666667,72.001,41.7922333333,21.3089666667,12.9619333333,9.26426666667,7.78633333333
1626.0,67.6385333333,71.8763333333,29.0852333333,19.8488666667,70.4483333333,69.7774666667,64.4064,69.7939333333,50.9534666667,41.8419666667,58.6024333333,57.0692333333,41.8296666667,64.3790333333,54.3946,66.0539,66.3857333333,41.4919333333,72.0174666667,41.7961,21.3072,12.9587666667,9.26226666667,7.78486666667
1627.0,67.6784333333,71.9111666667,29.1019,19.8583666667,70.4814666667,69.8092,64.4365,69.8399333333,50.9701333333,41.8650333333,58.6384333333,57.0841333333,41.8609666667,64.4238333333,54.4298666667,66.1027333333,66.4279333333,41.5108,72.0365,41.8013,21.3054,12.9563333333,9.26063333333,7.78406666667
1628.0,67.7134666667,71.9434666667,29.1184333333,19.8668,70.5065333333,69.8351666667,64.4674666667,69.8811,50.9901666667,41.8924666667,58.6741,57.1019333333,41.8937666667,64.4679333333,54.4656,66.1448666667,66.4729,41.5305666667,72.0609,41.8098,21.3036666667,12.9555,9.25956666667,7.78473333333
1629.0,67.7447333333,71.9740666667,29.1350666667,19.8746333333,70.5249333333,69.8560333333,64.4972333333,69.9177333333,51.0126,41.9228333333,58.7085,57.1205333333,41.9281,64.5113333333,54.5022333333,66.1827333333,66.5207,41.5515333333,72.0890666667,41.8207333333,21.3019,12.9559666667,9.25893333333,7.78676666667
1630.0,67.7747,72.0042666667,29.1516333333,19.8823666667,70.5418666667,69.8759666667,64.5264333333,69.9530333333,51.0351666667,41.9543333333,58.7425666667,57.1404333333,41.9623,64.5538333333,54.5384,66.2173,66.5677,41.5723333333,72.1194,41.8323666667,21.3002333333,12.9567666667,9.25856666667,7.78896666667
1631.0,67.8060666667,72.0353666667,29.1677333333,19.8903,70.5625666667,69.8993666667,64.5558666667,69.9901333333,51.0557,41.9852,58.7773333333,57.1621,41.9945,64.5952333333,54.5728333333,66.2492,66.6102333333,41.5914333333,72.1504333333,41.843,21.2988666667,12.9566333333,9.25833333333,7.79043333333
1632.0,67.8391,72.0684,29.1834333333,19.8985333333,70.588,69.9275666667,64.5867,70.0287666667,51.0738666667,42.0159666667,58.8135333333,57.1865333333,42.025,64.6358,54.6058666667,66.2769666667,66.6481333333,41.6091666667,72.1843333333,41.8527666667,21.2978333333,12.9555333333,9.25826666667,7.7907
1633.0,67.8727,72.1021333333,29.1988666667,19.9069,70.6157333333,69.9581333333,64.6177,70.0681333333,51.0906,42.0467333333,58.8502333333,57.2127666667,42.0541,64.6753666667,54.6376666667,66.3015666667,66.6826666667,41.6257333333,72.2197666667,41.8620666667,21.2970666667,12.9538666667,9.25843333333,7.7904
1634.0,67.9066333333,72.1346666667,29.2137666667,19.9154333333,70.6445666667,69.9887666667,64.6467666667,70.1093333333,51.1061333333,42.0763,58.8863,57.2389,42.0809666667,64.7135,54.6671666667,66.3262666667,66.7135333333,41.6404,72.2522666667,41.8703333333,21.2965333333,12.9519666667,9.2585,7.79016666667
1635.0,67.9407666667,72.1643666667,29.2278333333,19.9242666667,70.6737,70.0176333333,64.6712333333,70.1532666667,51.1201666667,42.1032333333,58.9203333333,57.263,42.1043,64.7495666667,54.6930333333,66.3539666667,66.7397666667,41.6519666667,72.2780333333,41.8768333333,21.2963666667,12.9498333333,9.25826666667,7.79043333333
1636.0,67.9754333333,72.1922,29.2406666667,19.9333,70.7045,70.0462,64.6894333333,70.2004,51.1315,42.1268333333,58.9518,57.2849,42.123,64.7829333333,54.7140333333,66.384,66.7594666667,41.6592666667,72.2994,41.8811666667,21.2965333333,12.9472666667,9.2577,7.7911
1637.0,68.0100666667,72.2180666667,29.2533,19.9425666667,70.7353333333,70.0737666667,64.7069333333,70.249,51.1426,42.1497666667,58.9830333333,57.3068333333,42.1402333333,64.8153666667,54.7336333333,66.4146,66.7769,41.6656,72.3161,41.8847,21.2969333333,12.9446333333,9.25703333333,7.79193333333
1638.0,68.044,72.2417333333,29.2667666667,19.9521,70.7638666667,70.0991,64.73,70.2971,51.1565,42.1752666667,59.0166,57.3310333333,42.1597333333,64.8488666667,54.7560333333,66.4442,66.7973,41.6749333333,72.3273333333,41.8889,21.2974333333,12.9424666667,9.25633333333,7.7929
1639.0,68.0776666667,72.2632666667,29.2817333333,19.962,70.7900666667,70.1225,64.7627333333,70.3456666667,51.1760666667,42.2056,59.0551666667,57.3601333333,42.1835333333,64.8856666667,54.7843333333,66.4727333333,66.8246,41.6899333333,72.3330333333,41.8947,21.2979,12.9408666667,9.25573333333,7.794
1640.0,68.1112666667,72.2828,29.2975666667,19.9722666667,70.8148333333,70.1444333333,64.8017666667,70.3952666667,51.1995,42.2389333333,59.0970666667,57.3926666667,42.2097,64.9245,54.8161666667,66.5010666667,66.8559,41.7085333333,72.3336666667,41.9013333333,21.2984666667,12.9396333333,9.25503333333,7.79526666667
1641.0,68.1427,72.2995666667,29.3139333333,19.9825,70.8360666667,70.1627,64.8426333333,70.4413333333,51.2223,42.2726666667,59.1382333333,57.4239333333,42.2366,64.9616333333,54.8475333333,66.5271333333,66.8858666667,41.7274333333,72.328,41.9078666667,21.2992666667,12.9389333333,9.25456666667,7.7965
1642.0,68.1702333333,72.3131666667,29.3305,19.9922666667,70.8519333333,70.1753,64.8817,70.4795,51.2402666667,42.3044333333,59.175,57.4495666667,42.2628333333,64.9937333333,54.8746333333,66.5491,66.9098,41.7437666667,72.3153666667,41.9136,21.3006333333,12.9389,9.25463333333,7.79753333333
1643.0,68.1966666667,72.3259333333,29.3484333333,20.0018333333,70.865,70.184,64.9238,70.5113666667,51.2557,42.3366333333,59.21,57.4721333333,42.2893,65.0227333333,54.8996666667,66.5669666667,66.9303333333,41.7592666667,72.2988333333,41.9204333333,21.3031,12.9399,9.2552,7.79813333333
1644.0,68.2194,72.3352,29.3664333333,20.0111333333,70.8729333333,70.1876,64.9647333333,70.5371666667,51.2679666667,42.3675333333,59.2418333333,57.4907,42.3155666667,65.048,54.9218666667,66.5817333333,66.9466666667,41.7732666667,72.2749666667,41.9264666667,21.3058,12.9414333333,9.2562,7.79866666667
1645.0,68.2335666667,72.3365333333,29.3826,20.0198,70.8715333333,70.1835333333,64.9966333333,70.5560333333,51.2745,42.3934,59.2668,57.5022,42.3404333333,65.0671666667,54.9386666667,66.5944666667,66.9554666667,41.7836,72.2376333333,41.9282,21.3075333333,12.9427666667,9.2574,7.79976666667
1646.0,68.2358666667,72.3275333333,29.3959,20.0276,70.8580666667,70.1703666667,65.0134666667,70.568,51.2732,42.4114333333,59.2821333333,57.5040666667,42.3633333333,65.0781,54.9479333333,66.6064666667,66.9544,41.7882666667,72.1831333333,41.9231666667,21.3075333333,12.9433333333,9.2588,7.80183333333
1647.0,68.2284666667,72.3105666667,29.4074,20.0348,70.8349666667,70.1498333333,65.0186666667,70.5742333333,51.2650333333,42.423,59.2894333333,57.4976,42.3851,65.0813,54.9502666667,66.6176666667,66.9448666667,41.7877666667,72.1146333333,41.9126333333,21.3062,12.9434333333,9.2606,7.80486666667
1648.0,68.2125333333,72.2847,29.4165666667,20.0413,70.8016,70.1205,65.0155666667,70.5719,51.2517666667,42.4302,59.2901,57.4845333333,42.4048333333,65.0796333333,54.9483333333,66.6256333333,66.928,41.7846666667,72.0318,41.8983,21.304,12.9433666667,9.26236666667,7.8082
1649.0,68.1890333333,72.2488666667,29.4225,20.0472666667,70.7571,70.0807333333,65.0071333333,70.5581333333,51.2351,42.435,59.2855666667,57.4665666667,42.4214333333,65.0759,54.9448666667,66.6279,66.9047666667,41.7814,71.9341666667,41.8818,21.3014666667,12.9435,9.26373333333,7.81116666667
1650.0,68.1557,72.2004666667,29.4239,20.0526,70.6976666667,70.0270333333,64.9922333333,70.5297,51.2139333333,42.4358,59.2735666667,57.4418,42.4356,65.0709333333,54.9410666667,66.6251333333,66.8751333333,41.7795,71.8166666667,41.8624666667,21.2984666667,12.944,9.2645,7.81403333333
1651.0,68.1140333333,72.142,29.4221333333,20.0573,70.6266333333,69.9627333333,64.9709,70.4901333333,51.1886333333,42.4332666667,59.2553666667,57.4111666667,42.4470666667,65.0632,54.9351666667,66.6175666667,66.8388,41.7769666667,71.6835,41.8402666667,21.2949333333,12.9446333333,9.26493333333,7.8168
1652.0,68.0691,72.0782333333,29.4197666667,20.0616333333,70.5516666667,69.8947666667,64.9459666667,70.4454666667,51.1618,42.4309333333,59.2359,57.3791666667,42.4545666667,65.0515666667,54.9249333333,66.6034,66.7961,41.7710666667,71.5450666667,41.8167333333,21.2909,12.9448,9.26506666667,7.81906666667
1653.0,68.0246,72.0126666667,29.4192333333,20.0656,70.4789333333,69.8285,64.9196,70.4003,51.1351333333,42.4319666667,59.2191333333,57.3493333333,42.4565666667,65.0353666667,54.9084,66.5808,66.7464333333,41.7590333333,71.4089333333,41.7929333333,21.2866333333,12.9441,9.26473333333,7.82063333333
1654.0,67.9773,71.9414,29.4195,20.0693,70.4045,69.7602,64.8896666667,70.3507333333,51.1068666667,42.4359666667,59.2037333333,57.3199666667,42.4524,65.0152,54.8855,66.5494333333,66.6876,41.7408666667,71.2682,41.7680333333,21.282,12.9427,9.26396666667,7.8216
1655.0,67.9291333333,71.8677333333,29.4199333333,20.0726,70.3290666667,69.6911,64.8577666667,70.2990666667,51.0783666667,42.4404666667,59.1880333333,57.2904666667,42.4448,64.9906333333,54.8583,66.5117333333,66.6241,41.7193,71.1274,41.7423666667,21.2769666667,12.9406666667,9.2629,7.82196666667
1656.0,67.8833333333,71.7966333333,29.4203,20.0753666667,70.2546,69.6237,64.8263666667,70.2490666667,51.0517666667,42.4432,59.1707,57.2608333333,42.4368666667,64.9609666667,54.829,66.4703666667,66.5615,41.6971666667,70.9939,41.7165,21.2710333333,12.9379333333,9.26146666667,7.8217
1657.0,67.8427333333,71.7304666667,29.4209333333,20.0776333333,70.1819333333,69.5589,64.7954333333,70.2029666667,51.0276666667,42.4429333333,59.1506333333,57.2304666667,42.4292333333,64.9235333333,54.7966666667,66.4255666667,66.4998333333,41.6741333333,70.8692,41.6898,21.2637333333,12.9341,9.2597,7.8204
1658.0,67.8054666667,71.6667666667,29.4217666667,20.0794666667,70.1101,69.4953666667,64.7641,70.1588,51.0051,42.4408666667,59.1285666667,57.1995,42.4206,64.8791666667,54.7606333333,66.3761333333,66.4367666667,41.6491333333,70.7500333333,41.6621666667,21.2553,12.9292333333,9.25746666667,7.81826666667
1659.0,67.7672333333,71.6042,29.4217666667,20.0807,70.0388333333,69.4338,64.7345333333,70.1146666667,50.9846666667,42.4379666667,59.1062666667,57.1694333333,42.4123,64.8344333333,54.7256,66.3244333333,66.3782,41.6259333333,70.6399333333,41.6360666667,21.2469666667,12.9245333333,9.2552,7.8161
1660.0,67.7237,71.5412666667,29.4198,20.0812,69.9675,69.3747,64.7090666667,70.0688666667,50.9671,42.4350333333,59.0854666667,57.1418333333,42.4057333333,64.7957333333,54.6964666667,66.2725333333,66.3302333333,41.6081666667,70.5425666667,41.6139333333,21.24,12.9210333333,9.25313333333,7.81453333333
1661.0,67.6736333333,71.4776,29.4151,20.0804,69.8943666667,69.3181666667,64.6889666667,70.021,50.954,42.4322333333,59.0659,57.1171666667,42.4013,64.7627666667,54.6738666667,66.2205,66.2963,41.5970333333,70.4594666667,41.5962,21.2344,12.9191333333,9.25146666667,7.81386666667
1662.0,67.6207666667,71.4145333333,29.4091666667,20.0791333333,69.8219333333,69.2638666667,64.6714666667,69.9725,50.943,42.429,59.047,57.094,42.3978,64.7325666667,54.6545,66.1671333333,66.2689333333,41.5892,70.3867666667,41.5810666667,21.2295,12.9178333333,9.2499,7.81346666667
1663.0,67.5697,71.3534,29.4038333333,20.0787,69.7540666667,69.2112333333,64.6531333333,69.9246333333,50.9309,42.4247666667,59.0286666667,57.0707666667,42.3937333333,64.7032,54.6347,66.1115,66.2385,41.581,70.3199,41.5669,21.2247,12.9159333333,9.24796666667,7.81276666667
1664.0,67.5234666667,71.295,29.4007333333,20.0803666667,69.6940333333,69.1606333333,64.6323,69.8788333333,50.9158666667,42.4195333333,59.0119666667,57.0468666667,42.3883333333,64.6742333333,54.6123,66.053,66.1984666667,41.5703,70.2564333333,41.5532,21.2199333333,12.9128666667,9.24586666667,7.81183333333
1665.0,67.4801,71.2383,29.3992333333,20.0838666667,69.6408,69.1127333333,64.6110333333,69.8345,50.8998333333,42.4137666667,58.9979333333,57.0237,42.3824,64.6472333333,54.5892,65.9920333333,66.1531333333,41.5590666667,70.1993,41.5410666667,21.2157,12.9095,9.244,7.81123333333
1666.0,67.4384,71.1845333333,29.3976,20.0873333333,69.5906666667,69.0654333333,64.5873,69.7903666667,50.8815,42.4062333333,58.9817,56.9989666667,42.3754,64.619,54.565,65.9286,66.1046,41.5466333333,70.1462333333,41.5286666667,21.2109333333,12.9048,9.24103333333,7.8094
1667.0,67.3973,71.1351,29.3941,20.089,69.5402,69.0165,64.5584333333,69.7450333333,50.8593,42.3955666667,58.9577666667,56.9700666667,42.3667666667,64.5859666667,54.5393,65.8624,66.0543333333,41.5320666667,70.0948333333,41.5139,21.2044333333,12.8974333333,9.23576666667,7.80436666667
1668.0,67.3574666667,71.0914333333,29.3875333333,20.0879666667,69.4901333333,68.9644666667,64.5218333333,69.6980666667,50.8309666667,42.3795333333,58.9219666667,56.9342333333,42.3550666667,64.546,54.5097,65.7921,65.9981666667,41.5131666667,70.0434,41.4948666667,21.1947333333,12.8852333333,9.22646666667,7.7939
1669.0,67.3185,71.0514333333,29.3797666667,20.0858333333,69.4408666667,68.9117,64.4812333333,69.6504333333,50.7994333333,42.361,58.8807333333,56.8953666667,42.342,64.5026,54.4788333333,65.7192,65.9399666667,41.4925666667,69.9945,41.4743333333,21.1838,12.871,9.21536666667,7.78106666667
1670.0,67.2795666667,71.012,29.3734666667,20.0842333333,69.3916,68.8613,64.4421666667,69.6031666667,50.7695,42.3444333333,58.8430666667,56.8594,42.3304333333,64.4607333333,54.4513666667,65.6467333333,65.8877,41.4747,69.9513333333,41.4562333333,21.1747333333,12.8594666667,9.20626666667,7.77073333333
1671.0,67.2397666667,70.9701,29.3705666667,20.0844333333,69.3411333333,68.8155,64.4091,69.5572,50.7446666667,42.3334333333,58.8163666667,56.831,42.3228666667,64.424,54.4311333333,65.5760333333,65.8482666667,41.4630333333,69.9168333333,41.4437,21.1700666667,12.8545666667,9.202,7.76693333333
1672.0,67.1992666667,70.9263,29.3699666667,20.0854333333,69.2889,68.7728666667,64.38,69.5122,50.7227,42.3265333333,58.7976666667,56.808,42.3183333333,64.3901,54.4169,65.5045333333,65.8190666667,41.4560333333,69.8902333333,41.4350666667,21.1688333333,12.8546333333,9.2013,7.76783333333
1673.0,67.1589,70.8837,29.3712,20.0875333333,69.2376333333,68.7332333333,64.3529,69.4675333333,50.7033666667,42.3218,58.7829333333,56.7884,42.3153,64.3587666667,54.4058333333,65.4356333333,65.7959,41.4521,69.8691,41.4295333333,21.1695,12.8576,9.20276666667,7.77153333333
1674.0,67.1192666667,70.8453333333,29.3741333333,20.091,69.1903333333,68.6965666667,64.3264,69.4226,50.6867,42.3177666667,58.7685666667,56.7705,42.3121,64.3302666667,54.3954,65.3735,65.7747666667,41.45,69.8511666667,41.4263,21.1707333333,12.8616333333,9.20513333333,7.7763
1675.0,67.0791333333,70.8120666667,29.3794666667,20.0966666667,69.1472333333,68.6628,64.3012,69.3759,50.6741666667,42.3146,58.7555,56.7550333333,42.3093,64.3063,54.3868333333,65.3203,65.7562666667,41.4509333333,69.8356333333,41.4264666667,21.1726,12.8678333333,9.20916666667,7.7832
1676.0,67.0390666667,70.7825333333,29.3868666667,20.1039666667,69.1074333333,68.6321,64.2773333333,69.3284666667,50.6650333333,42.3126333333,58.7442666667,56.7421333333,42.3071,64.2858,54.3802333333,65.2736,65.7413,41.4546333333,69.8237333333,41.4296,21.1754666667,12.8761333333,9.21476666667,7.79213333333
1677.0,67.0026,70.7567333333,29.3943666667,20.1111,69.0719666667,68.6046666667,64.2520666667,69.2835666667,50.6558333333,42.3104666667,58.7305666667,56.7291,42.3030333333,64.2651,54.3707,65.2307333333,65.7260666667,41.4573666667,69.8161666667,41.4332666667,21.1782666667,12.8829,9.2194,7.79953333333
1678.0,66.9731666667,70.7351333333,29.4000333333,20.1166,69.0421,68.5808666667,64.2227666667,69.2443666667,50.6437,42.3064666667,58.7099,56.7134333333,42.2948333333,64.2406666667,54.3535333333,65.1900333333,65.7071333333,41.4555666667,69.8136,41.4350333333,21.1799333333,12.8849666667,9.2206,7.80193333333
1679.0,66.9508,70.7196333333,29.4039666667,20.1207333333,69.0182333333,68.5611,64.1890333333,69.2114333333,50.6288666667,42.3003666667,58.6813666667,56.6954,42.2819666667,64.2129,54.3284333333,65.1542,65.6846666667,41.4491,69.8159666667,41.4350666667,21.1804666667,12.8825,9.21856666667,7.7996
1680.0,66.932,70.7062666667,29.4078333333,20.1244666667,68.9982333333,68.5441333333,64.1541333333,69.1807,50.6136666667,42.2941666667,58.6511,56.6768666667,42.2676333333,64.1844666667,54.3006,65.1199666667,65.6616666667,41.4416333333,69.8226,41.4354333333,21.1809,12.8783,9.21536666667,7.7955
1681.0,66.913,70.6902333333,29.4132333333,20.1287,68.98,68.5286333333,64.1215333333,69.1476333333,50.6004333333,42.2898,58.6255666667,56.6597333333,42.2553666667,64.1579333333,54.2754,65.0829333333,65.6413333333,41.4371333333,69.8326333333,41.4382333333,21.1821333333,12.8752333333,9.21306666667,7.79266666667
1682.0,66.8936,70.6691,29.4215666667,20.1340666667,68.964,68.5159333333,64.0937,69.1106666667,50.5905333333,42.2887333333,58.6094333333,56.6461333333,42.2472333333,64.136,54.2551333333,65.0414333333,65.6267333333,41.4378666667,69.8471333333,41.4453666667,21.1848,12.8746,9.21263333333,7.79276666667
1683.0,66.8753666667,70.6453,29.4319,20.14,68.9510666667,68.5062666667,64.0687,69.0719333333,50.5828,42.2898333333,58.5991,56.6349333333,42.2412333333,64.1171333333,54.2370333333,64.9976333333,65.6159333333,41.4418666667,69.8662,41.4555666667,21.1884333333,12.8749,9.21303333333,7.79413333333
1684.0,66.8550333333,70.6203,29.4422333333,20.146,68.9371666667,68.4946333333,64.0435333333,69.0311666667,50.5758,42.2915,58.589,56.6220666667,42.2358,64.0966,54.2209333333,64.9514333333,65.6038666667,41.4468666667,69.8863333333,41.4660666667,21.1922666667,12.8757666667,9.21393333333,7.79583333333
1685.0,66.8295,70.5954,29.4505666667,20.1515666667,68.9184666667,68.4761666667,64.0153333333,68.988,50.5682333333,42.2921666667,58.5741666667,56.6036,42.2294,64.0701333333,54.2069333333,64.9026333333,65.5858333333,41.451,69.9045666667,41.4744666667,21.1957666667,12.8767666667,9.2151,7.797
1686.0,66.7988,70.5711333333,29.4572666667,20.1563666667,68.8955,68.4512,63.9849333333,68.9420666667,50.5615,42.2929333333,58.5567,56.5796333333,42.2231,64.0397666667,54.1976666667,64.8509666667,65.5636666667,41.4561,69.9258,41.4829,21.1994,12.8784333333,9.21703333333,7.79786666667
1687.0,66.7644333333,70.5460666667,29.4629,20.1610666667,68.8695,68.4216666667,63.9527,68.8939666667,50.5544666667,42.2931333333,58.5364,56.5521,42.2163,64.0050333333,54.1896333333,64.7968666667,65.5374,41.4607,69.9451,41.4898,21.2028333333,12.8803333333,9.2192,7.79856666667
1688.0,66.7273333333,70.5182666667,29.4676333333,20.1665,68.8411666667,68.3890333333,63.9179333333,68.8446,50.5445666667,42.2915666667,58.511,56.5223,42.2074666667,63.9634333333,54.1774,64.7408333333,65.5049666667,41.4618,69.9536333333,41.4918666667,21.2054666667,12.8815333333,9.2206,7.79896666667
1689.0,66.6883666667,70.4884666667,29.4714,20.1734333333,68.8123,68.3540666667,63.8799,68.7951,50.5302,42.2872333333,58.4781666667,56.4905,42.1951666667,63.9116666667,54.1567666667,64.683,65.4639,41.4571333333,69.9461333333,41.4857666667,21.2068,12.8813,9.2205,7.79883333333
1690.0,66.6471666667,70.4579,29.4741333333,20.1816666667,68.7830333333,68.3162333333,63.8386666667,68.745,50.5126333333,42.2807333333,58.4386666667,56.4559333333,42.1800666667,63.8504333333,54.1302333333,64.6229666667,65.4148,41.4479666667,69.927,41.4728666667,21.2071333333,12.8800333333,9.21923333333,7.79813333333
1691.0,66.6027333333,70.4214333333,29.4762,20.1897333333,68.7485,68.2751333333,63.7962,68.6928666667,50.4927666667,42.2729333333,58.3966666667,56.4202,42.1642333333,63.7868666667,54.1018333333,64.5617333333,65.3629,41.4367333333,69.8981,41.4581,21.2069,12.8786666667,9.21763333333,7.79756666667
1692.0,66.5539,70.3738333333,29.4778,20.1963,68.7036666667,68.2306333333,63.7543666667,68.6369666667,50.4714666667,42.2647333333,58.3562,56.3850666667,42.1498666667,63.7280666667,54.0754333333,64.5004333333,65.3133666667,41.4259666667,69.8611666667,41.4463666667,21.2063666667,12.8781,9.2164,7.79756666667
1693.0,66.5003666667,70.3131666667,29.4792666667,20.2011333333,68.6467,68.184,63.7148333333,68.5765666667,50.448,42.2563666667,58.3176333333,56.3513666667,42.1369333333,63.6754333333,54.0521666667,64.4396,65.2681666667,41.4158,69.8131666667,41.4376333333,21.2046666667,12.8779333333,9.21503333333,7.79796666667
1694.0,66.4428,70.2433333333,29.4801333333,20.2050333333,68.5813666667,68.1337666667,63.6749666667,68.513,50.4228,42.2472333333,58.2789333333,56.3173666667,42.1247,63.6247333333,54.0292333333,64.3782,65.2231333333,41.4050666667,69.7564,41.4300333333,21.2026333333,12.8782,9.21373333333,7.79886666667
1695.0,66.3821,70.1687666667,29.4801,20.2084666667,68.5119,68.0771333333,63.6312666667,68.4481666667,50.3970333333,42.2367333333,58.2386666667,56.281,42.1125333333,63.5722,54.0039,64.3148666667,65.1736,41.3929333333,69.6965,41.4228666667,21.2019666667,12.8795666667,9.21346666667,7.8005
1696.0,66.3188666667,70.0917333333,29.4786666667,20.2118666667,68.4399666667,68.0111666667,63.5816666667,68.3833,50.3718,42.2245,58.1962333333,56.2411,42.1003,63.5154,53.9743333333,64.2476666667,65.1162,41.3787333333,69.6376666667,41.4163,21.2042333333,12.8827,9.21516666667,7.80343333333
1697.0,66.2524666667,70.0095,29.4759333333,20.2149666667,68.3625333333,67.9363333333,63.5283,68.318,50.3469,42.2109,58.1528333333,56.1989,42.0885333333,63.4561666667,53.9418333333,64.1762333333,65.053,41.3627333333,69.5779,41.4112666667,21.2089,12.8877,9.21863333333,7.80776666667
1698.0,66.1834,69.9247666667,29.4725333333,20.2177666667,68.2842666667,67.8573,63.47,68.2509666667,50.3208333333,42.1958333333,58.1066,56.1536333333,42.0763,63.3946666667,53.9066666667,64.1052666667,64.9854333333,41.3457,69.5143666667,41.4052,21.2141666667,12.893,9.22256666667,7.81226666667
1699.0,66.1121666667,69.8406666667,29.4691,20.2204333333,68.2102,67.7788333333,63.4054,68.1811333333,50.2921333333,42.1788666667,58.0556666667,56.1042666667,42.0626333333,63.3308666667,53.8688,64.0397,64.9148333333,41.3284333333,69.4443,41.3953666667,21.2182666667,12.8970666667,9.22563333333,7.816
1700.0,66.0372333333,69.7564,29.4650666667,20.2227,68.1423,67.7004333333,63.3290666667,68.1059,50.2582,42.1574333333,57.9956666667,56.0475333333,42.0462333333,63.2621333333,53.8252666667,63.9796,64.8375,41.3102,69.366,41.3806666667,21.2211666667,12.8996,9.22753333333,7.8186
1701.0,65.9597333333,69.6717,29.4607333333,20.2246666667,68.0773333333,67.6210333333,63.2459333333,68.0278,50.2216666667,42.1339,57.9308666667,55.9864666667,42.0285,63.1907333333,53.7785666667,63.9234666667,64.7561333333,41.2914333333,69.2815333333,41.3627666667,21.2234333333,12.9012666667,9.22886666667,7.82063333333
1702.0,65.8828333333,69.5884666667,29.4572666667,20.2270333333,68.0121,67.5422666667,63.1672333333,67.952,50.1876,42.1136,57.8698666667,55.9277333333,42.0118666667,63.1222,53.7348,63.8722,64.6788,41.2740333333,69.1941666667,41.3437333333,21.2247333333,12.9026666667,9.23023333333,7.82263333333
1703.0,65.8084,69.5077666667,29.4555666667,20.2300666667,67.9438666667,67.4652666667,63.1016333333,67.8821666667,50.1602,42.1010333333,57.8197,55.8764333333,41.9979333333,63.0609333333,53.6985666667,63.8268666667,64.6115,41.2595666667,69.1058333333,41.3248333333,21.2245333333,12.9040333333,9.23203333333,7.82486666667
1704.0,65.7343333333,69.4279333333,29.4551333333,20.2335666667,67.8737333333,67.3889666667,63.0451666667,67.8157666667,50.1375666667,42.0946,57.7774333333,55.8298333333,41.9850333333,63.0043333333,53.6671,63.7881333333,64.5508,41.2474,69.0143666667,41.3048333333,21.2226,12.9049,9.23393333333,7.827
1705.0,65.6625333333,69.351,29.4557666667,20.2375666667,67.803,67.3140333333,62.9942333333,67.7531333333,50.1179,42.0915,57.7397,55.7866666667,41.9744,62.9518333333,53.6398333333,63.7529333333,64.4956666667,41.2367333333,68.9217666667,41.2847,21.2201666667,12.9058666667,9.23603333333,7.82936666667
1706.0,65.5954333333,69.2794,29.4573333333,20.2422,67.7326666667,67.2414666667,62.9460666667,67.6952333333,50.0996666667,42.0891,57.7036,55.7462333333,41.9678666667,62.9033,53.6167,63.7178,64.4458666667,41.2267,68.8304666667,41.2655666667,21.2186,12.9077,9.23843333333,7.8324
1707.0,65.5334333333,69.2142333333,29.4604,20.2477333333,67.6605333333,67.1708,62.9004,67.6425,50.0835333333,42.0878666667,57.6688666667,55.7090333333,41.9669333333,62.8592666667,53.5989666667,63.6815,64.4028666667,41.2175333333,68.7381666667,41.2473333333,21.2182,12.9111333333,9.2416,7.83676666667
1708.0,65.4756333333,69.1542333333,29.4647,20.2540333333,67.5877,67.1021,62.8583666667,67.5945666667,50.0695333333,42.0883,57.6366,55.6750333333,41.9703666667,62.8195666667,53.586,63.6458333333,64.366,41.2093333333,68.6456,41.2297333333,21.2183666667,12.9155,9.24526666667,7.842
1709.0,65.4225,69.0983,29.4685666667,20.2603333333,67.5198,67.0370333333,62.8186,67.5507666667,50.0556,42.0878666667,57.6059333333,55.6427,41.9749333333,62.7829333333,53.5746333333,63.6118,64.3316333333,41.2012666667,68.5595666667,41.2139333333,21.2192333333,12.9194,9.2483,7.84636666667
1710.0,65.3746,69.0453,29.4705333333,20.2661,67.4618,66.9766666667,62.7794,67.5108333333,50.0394666667,42.0836666667,57.5757,55.6100666667,41.9781666667,62.7481666667,53.5621,63.5802333333,64.2963333333,41.1923333333,68.4866,41.2009,21.2208666667,12.9215333333,9.24956666667,7.8484
1711.0,65.3318333333,68.995,29.4702,20.2712333333,67.4118666667,66.9190333333,62.739,67.4754666667,50.0205666667,42.0747333333,57.5439666667,55.576,41.9814333333,62.7145666667,53.5489,63.5506333333,64.2604,41.1823333333,68.4262333333,41.1905,21.2236666667,12.9219,9.24886666667,7.8478
1712.0,65.2936666667,68.9488,29.4696,20.2764,67.3682666667,66.8664333333,62.702,67.4435,50.0020333333,42.0656666667,57.5152333333,55.5443,41.9847333333,62.6844,53.5367333333,63.5230666667,64.2264333333,41.1725666667,68.3727,41.1819666667,21.2268333333,12.9217,9.24766666667,7.8465
1713.0,65.2592333333,68.9080666667,29.4710333333,20.2820666667,67.3297,66.8219,62.6738,67.4133,49.9875333333,42.0615,57.4947333333,55.5195,41.9876333333,62.6599333333,53.5270666667,63.4978333333,64.1973,41.1645333333,68.3204,41.1747666667,21.2295,12.9221666667,9.24746666667,7.84656666667
1714.0,65.2282333333,68.8745666667,29.4759333333,20.2887333333,67.2968,66.7871333333,62.6590666667,67.3843666667,49.9796333333,42.0654666667,57.4868666667,55.5045666667,41.9897333333,62.6429333333,53.5211666667,63.4741333333,64.1739666667,41.1586333333,68.2659333333,41.1686666667,21.2312666667,12.9241333333,9.24943333333,7.8493
1715.0,65.2012,68.8473666667,29.4830333333,20.2961333333,67.2699333333,66.7606,62.6547,67.3574666667,49.9764666667,42.0748333333,57.4886,55.4970666667,41.9913666667,62.6321666667,53.5181333333,63.4521333333,64.1553,41.1543333333,68.2124333333,41.1640333333,21.2324666667,12.9268333333,9.2526,7.85363333333
1716.0,65.1782333333,68.8236,29.4908,20.3033333333,67.2463666667,66.7412666667,62.6533666667,67.3323333333,49.9744666667,42.0864,57.4936666667,55.4936666667,41.9931333333,62.6255,53.5163,63.4344333333,64.1412,41.1519,68.1631333333,41.1606,21.2335,12.9294666667,9.2558,7.85806666667
1717.0,65.1594,68.8002666667,29.4976,20.3095333333,67.2232,66.7283333333,62.6485333333,67.3082666667,49.9704,42.0974,57.4965333333,55.4912333333,41.9955666667,62.6211333333,53.5142666667,63.4234333333,64.1320666667,41.1518,68.1208333333,41.1581333333,21.2347333333,12.9314,9.25776666667,7.8614
1718.0,65.1438333333,68.7763666667,29.5040666667,20.3149666667,67.1989333333,66.7239666667,62.6411666667,67.2831,49.9642333333,42.1093666667,57.499,55.4916666667,41.9983333333,62.6201333333,53.5123666667,63.4183333333,64.1295,41.1543,68.0838666667,41.1568,21.2362,12.9335333333,9.25936666667,7.86446666667
1719.0,65.1329,68.7556,29.5103666667,20.3198666667,67.1779,66.7252333333,62.6342666667,67.2607333333,49.9583333333,42.1218,57.5021333333,55.4942,42.0015333333,62.6220666667,53.5110666667,63.4186333333,64.1307,41.1586666667,68.0529333333,41.1564333333,21.2375,12.9348666667,9.26006666667,7.8668
1720.0,65.1284,68.7426666667,29.5164,20.3245333333,67.1651333333,66.728,62.6301333333,67.2461666667,49.9551333333,42.1333333333,57.5056666667,55.4972333333,42.0055,62.6257666667,53.5105333333,63.4244333333,64.1319333333,41.1642,68.0298666667,41.1568333333,21.2379666667,12.9338333333,9.25923333333,7.86723333333
1721.0,65.1310666667,68.7391666667,29.5215,20.3286333333,67.1629,66.7293,62.6273333333,67.2416333333,49.954,42.1417333333,57.5070666667,55.4979333333,42.0092,62.6292666667,53.5092333333,63.4362333333,64.1295333333,41.1697333333,68.0135666667,41.1567333333,21.2372333333,12.9286666667,9.25553333333,7.8645
1722.0,65.1400333333,68.7429333333,29.5258333333,20.3321666667,67.1686666667,66.7312666667,62.6253,67.2445333333,49.9541,42.1481,57.5068666667,55.4975,42.0127666667,62.6334333333,53.5073,63.4537333333,64.1256666667,41.1759,68.0036,41.1566333333,21.2356666667,12.9203666667,9.24953333333,7.85926666667
1723.0,65.1549333333,68.7539333333,29.5310666667,20.3363666667,67.1815333333,66.7374333333,62.6299333333,67.2543666667,49.9595,42.1568,57.5121,55.5018666667,42.0190333333,62.6421,53.5095,63.4753666667,64.1261333333,41.1845333333,68.004,41.1591333333,21.2336333333,12.9121,9.24383333333,7.85416666667
1724.0,65.1755333333,68.7721666667,29.5387333333,20.3425,67.2006,66.7508666667,62.6472,67.2708,49.9744,42.1724,57.5295666667,55.5167666667,42.0308333333,62.6590666667,53.5202666667,63.4994333333,64.1363333333,41.1974333333,68.0191333333,41.1670333333,21.2314333333,12.9070666667,9.24073333333,7.85153333333
1725.0,65.2015,68.7975666667,29.548,20.3503666667,67.2248333333,66.7689,62.6793333333,67.2960666667,50.001,42.1960333333,57.5617666667,55.5430666667,42.0494666667,62.6852,53.5400666667,63.5254666667,64.1554666667,41.2146333333,68.0503,41.1803333333,21.2281333333,12.9049666667,9.24026666667,7.8514
1726.0,65.2336666667,68.8304666667,29.5591333333,20.3596,67.2562666667,66.7936666667,62.7204333333,67.3276333333,50.0343666667,42.2239333333,57.602,55.5768333333,42.0718333333,62.7175333333,53.5661666667,63.5551,64.1819666667,41.2352666667,68.0938,41.1976333333,21.2247,12.9044666667,9.24123333333,7.8525
1727.0,65.2733333333,68.8713333333,29.5731333333,20.3699333333,67.2976666667,66.8294333333,62.7639333333,67.3613,50.0683666667,42.252,57.6430666667,55.6141,42.0941666667,62.7530666667,53.5961,63.59,64.2155,41.2587,68.1456,41.2177666667,21.2231,12.9048333333,9.24263333333,7.85413333333
1728.0,65.3231666667,68.9217333333,29.5915,20.3818,67.3528333333,66.881,62.8069666667,67.394,50.0998666667,42.2784,57.6814666667,55.6537,42.115,62.7917,53.6305333333,63.633,64.2585333333,41.2859666667,68.2044666667,41.2409,21.2245333333,12.9063,9.24443333333,7.8563
1729.0,65.3828666667,68.9816666667,29.6138666667,20.3953333333,67.4209,66.9468,62.8530333333,67.4276333333,50.1318333333,42.3051,57.7208666667,55.6976333333,42.1362333333,62.8352666667,53.6710333333,63.6835666667,64.3116333333,41.3175666667,68.2725,41.2678666667,21.2282666667,12.9093333333,9.24713333333,7.85943333333
1730.0,65.4459,69.0467333333,29.6371,20.4089666667,67.4937333333,67.0183,62.8991666667,67.4648666667,50.1640333333,42.3312666667,57.7596,55.7431,42.1562,62.8782666667,53.7111333333,63.7354333333,64.3661666667,41.349,68.3466666667,41.2955666667,21.2331666667,12.9118333333,9.2494,7.86203333333
1731.0,65.5063333333,69.1129,29.6580333333,20.421,67.5638666667,67.0878333333,62.9426,67.5086,50.1962333333,42.3559333333,57.7959666667,55.7872333333,42.1730666667,62.9153666667,53.7443,63.7826666667,64.4136333333,41.3758,68.4243333333,41.3211,21.2383333333,12.9118,9.24986666667,7.86253333333
1732.0,65.5694666667,69.1850666667,29.6774,20.4318333333,67.6366666667,67.1614333333,62.9844333333,67.5627,50.2288333333,42.3791666667,57.8301666667,55.8310666667,42.1852,62.9458333333,53.7695666667,63.8269666667,64.4547666667,41.3975333333,68.5118,41.3446666667,21.2442,12.9081666667,9.2479,7.86006666667
1733.0,65.6315333333,69.2589333333,29.6958333333,20.4417666667,67.7089333333,67.2352333333,63.0246666667,67.6207666667,50.2614666667,42.4014,57.8628333333,55.8747,42.1956,62.9732666667,53.7914333333,63.8691,64.4928,41.4168666667,68.6023333333,41.3674,21.2506666667,12.9033333333,9.245,7.8565
1734.0,65.6844666667,69.3262666667,29.7129666667,20.451,67.7731,67.3003,63.0622,67.6739,50.2933666667,42.4229666667,57.8939666667,55.9171333333,42.2081666667,63.0010666667,53.8146,63.9080666667,64.5296666667,41.4367,68.6844,41.3900333333,21.2570666667,12.8998,9.2428,7.85416666667
1735.0,65.7228333333,69.3822666667,29.7285666667,20.4593,67.8243,67.3505333333,63.0969666667,67.7171666667,50.3250333333,42.4446,57.9246,55.9592666667,42.2265666667,63.0333,53.8436,63.9438333333,64.5681333333,41.4595,68.7507333333,41.4137,21.263,12.8996666667,9.24253333333,7.85473333333
1736.0,65.7502,69.4314333333,29.7429333333,20.4665,67.8664666667,67.3899666667,63.1300333333,67.7554666667,50.3576,42.4664,57.9555666667,56.0028,42.2497333333,63.0696333333,53.8774,63.9775,64.6086333333,41.4846333333,68.8071,41.4385666667,21.2689666667,12.9016666667,9.24336666667,7.85713333333
1737.0,65.7679,69.4715666667,29.7557,20.4733333333,67.8987,67.4200666667,63.1586666667,67.7859333333,50.3870333333,42.4865666667,57.9826333333,56.0414,42.2730333333,63.1025333333,53.9093666667,64.0060666667,64.6442666667,41.5085333333,68.8529666667,41.4617,21.2745333333,12.9049333333,9.24483333333,7.86073333333
1738.0,65.7765333333,69.4997666667,29.7667333333,20.4805,67.9196333333,67.4417,63.1802666667,67.8046666667,50.4092333333,42.5031666667,58.0014333333,56.0684333333,42.2918333333,63.1244,53.933,64.0266,64.6683,41.5276333333,68.8869666667,41.4796666667,21.2792333333,12.9089,9.2463,7.8647
1739.0,65.7722333333,69.5125,29.7756666667,20.4882333333,67.9257,67.4527333333,63.1966333333,67.8106,50.4244333333,42.5169,58.013,56.0841,42.3067333333,63.1357,53.9491666667,64.0386666667,64.6815,41.5420333333,68.9063666667,41.4926,21.2830333333,12.9145333333,9.2481,7.86996666667
1740.0,65.7590666667,69.5147,29.7829,20.4960333333,67.9213,67.4551666667,63.2067,67.8062666667,50.4338333333,42.5276666667,58.0178,56.0905666667,42.3187666667,63.1386333333,53.9592,64.0437666667,64.6854666667,41.5529333333,68.9147,41.5015666667,21.2862,12.9209666667,9.25016666667,7.87586666667
1741.0,65.745,69.5137,29.7891333333,20.5033666667,67.9137666667,67.4533,63.2069333333,67.7947333333,50.4374333333,42.5343,58.0143,56.0883,42.3271666667,63.1330333333,53.9620333333,64.0431,64.6793333333,41.5604333333,68.9178333333,41.5070333333,21.2888,12.9262,9.25156666667,7.8808
1742.0,65.7364333333,69.5159666667,29.7943666667,20.5098333333,67.9089,67.4507,63.1932666667,67.7771,50.4338,42.5348666667,57.9995333333,56.0756333333,42.3308333333,63.1169666667,53.9555,64.0372666667,64.6599666667,41.5642666667,68.9197333333,41.5077666667,21.2907666667,12.9283333333,9.25163333333,7.8834
1743.0,65.7307333333,69.5188333333,29.7983666667,20.5156333333,67.904,67.4459333333,63.1659,67.7511,50.4221333333,42.5294,57.9727,56.0506,42.3293,63.0892,53.9388333333,64.0255333333,64.6257666667,41.5637666667,68.9179,41.5026,21.2916666667,12.928,9.2503,7.8842
1744.0,65.7222,69.5164666667,29.8018,20.521,67.8947333333,67.4356666667,63.1325,67.7204666667,50.4075333333,42.5217333333,57.942,56.0218333333,42.3260333333,63.0570333333,53.9184666667,64.0087666667,64.5873,41.5611666667,68.9112,41.4970666667,21.2928333333,12.9273,9.24923333333,7.88463333333
1745.0,65.7055333333,69.503,29.8053666667,20.5261,67.8767666667,67.4164,63.1006333333,67.689,50.3951666667,42.5156666667,57.9161666667,55.9980333333,42.3244333333,63.0280666667,53.9007333333,63.9878,64.5556333333,41.5586666667,68.8986333333,41.4971666667,21.2952666667,12.9284333333,9.25,7.886
1746.0,65.6795333333,69.4770333333,29.8093666667,20.5308,67.8483666667,67.3851,63.0693333333,67.6555666667,50.3856333333,42.5108333333,57.8956333333,55.9795333333,42.3250666667,63.0029333333,53.8854666667,63.9596333333,64.5307333333,41.5561666667,68.8795333333,41.5055666667,21.3000666667,12.9321333333,9.25326666667,7.88876666667
1747.0,65.6474666667,69.4422,29.8132,20.5351333333,67.8129666667,67.3463333333,63.0369666667,67.6201,50.3765,42.5063,57.8768333333,55.9629,42.3260666667,62.9782333333,53.8706,63.9272666667,64.5087,41.553,68.8550666667,41.5172,21.3057666667,12.9367,9.25773333333,7.89196666667
1748.0,65.6121,69.402,29.8168,20.5393,67.7746666667,67.3068666667,63.0049666667,67.5841,50.3662666667,42.5024666667,57.8578,55.9463666667,42.3258,62.9518,53.8558666667,63.8967666667,64.4880333333,41.5493,68.8269,41.5257333333,21.3099666667,12.9404666667,9.26183333333,7.89473333333
1749.0,65.5735666667,69.3565,29.8196,20.5431,67.7342666667,67.2704666667,62.9741666667,67.5483666667,50.3533333333,42.4999,57.8373666667,55.9292333333,42.3231666667,62.9215,53.8414333333,63.872,64.4688333333,41.5449666667,68.7949,41.5264,21.3107333333,12.9419,9.26443333333,7.89616666667
1750.0,65.5291666667,69.3021333333,29.8216666667,20.5465333333,67.6882666667,67.2333,62.9439,67.5116666667,50.3380333333,42.4985333333,57.8164333333,55.9124666667,42.319,62.8877666667,53.8276666667,63.8501333333,64.4525333333,41.5399,68.7570333333,41.5219,21.3087,12.9417666667,9.26623333333,7.8966
1751.0,65.4859333333,69.2482666667,29.824,20.5499666667,67.6444,67.1980333333,62.9142333333,67.4756666667,50.3225666667,42.4974666667,57.7949,55.895,42.3132666667,62.8537,53.8132333333,63.8310333333,64.4351666667,41.5345,68.7191,41.5146666667,21.3061666667,12.9409,9.2677,7.8969
1752.0,65.4513,69.2047,29.8277,20.554,67.6110333333,67.1676666667,62.8850333333,67.4419333333,50.3089,42.4956666667,57.7725,55.8755333333,42.3057666667,62.8223,53.7966666667,63.8151666667,64.4123333333,41.5292,68.6872,41.5068333333,21.3056666667,12.9400666667,9.26926666667,7.89803333333
1753.0,65.4280666667,69.1721,29.8331666667,20.5584,67.5902,67.1427666667,62.8536666667,67.4088333333,50.2945333333,42.4914333333,57.7470333333,55.851,42.2949666667,62.7919,53.7752,63.8036333333,64.3801,41.5233666667,68.6616666667,41.4959,21.3069666667,12.9383333333,9.2706,7.89943333333
1754.0,65.4106,69.1462,29.8395333333,20.5632,67.5766666667,67.1216666667,62.8231,67.3775666667,50.2815,42.4870666667,57.7210333333,55.8252,42.2826,62.7632666667,53.7523333333,63.7950333333,64.3443666667,41.5174333333,68.6400333333,41.4838333333,21.3093333333,12.9364,9.27196666667,7.9014
1755.0,65.3924,69.1248,29.8461666667,20.5685333333,67.5651666667,67.1031666667,62.799,67.3513333333,50.2747,42.4861333333,57.6989666667,55.8050333333,42.2719,62.7394333333,53.7337666667,63.7872,64.3138,41.5128666667,68.6207666667,41.4758666667,21.3127666667,12.9362333333,9.27366666667,7.90463333333
1756.0,65.3681666667,69.1066,29.8526,20.5745666667,67.5517,67.0859666667,62.7865,67.3325333333,50.2782333333,42.4919333333,57.6840333333,55.7952666667,42.2647,62.7229666667,53.7234,63.7775333333,64.2939,41.5098,68.6016333333,41.4759,21.3175,12.9395333333,9.2762,7.91006666667
1757.0,65.3400333333,69.0930333333,29.8592,20.5813333333,67.5385,67.0705666667,62.7837666667,67.3196333333,50.2907666667,42.5033333333,57.6742666667,55.7931666667,42.2592666667,62.7127333333,53.7187,63.7662,64.2805666667,41.5072,68.5824666667,41.4818666667,21.3237333333,12.9457333333,9.27953333333,7.9177
1758.0,65.313,69.0828333333,29.8658,20.5884333333,67.5277,67.0583333333,62.7853333333,67.3119666667,50.3076333333,42.5169,57.6685666667,55.7964333333,42.2565,62.7066666667,53.7185666667,63.7578333333,64.2736666667,41.5074,68.5683,41.4914666667,21.3303,12.9528666667,9.28296666667,7.92563333333
1759.0,65.2917333333,69.0744333333,29.8723,20.5956,67.5210666667,67.0508,62.7858,67.3088,50.3244666667,42.5293333333,57.6661,55.8029666667,42.2574333333,62.7029333333,53.7222,63.7570666667,64.2737666667,41.5130333333,68.5645,41.5025666667,21.3358666667,12.9590333333,9.286,7.93203333333
1760.0,65.2738666667,69.0659666667,29.8779,20.6023666667,67.5167,67.0476333333,62.7853333333,67.3098666667,50.3429666667,42.5403333333,57.6671333333,55.8141666667,42.2627,62.7020333333,53.7312333333,63.7636666667,64.2827333333,41.5251666667,68.5701666667,41.5157666667,21.3397333333,12.9642333333,9.28843333333,7.93673333333
1761.0,65.2603666667,69.0600666667,29.8834666667,20.6093333333,67.5161,67.0486666667,62.7856666667,67.3158,50.3628666667,42.5514666667,57.6717,55.8292333333,42.2712666667,62.7041,53.7441333333,63.7761666667,64.2982666667,41.5416666667,68.5844,41.5311666667,21.3431333333,12.9691333333,9.29066666667,7.94053333333
1762.0,65.2557666667,69.0607,29.8904666667,20.6172,67.5230333333,67.0544333333,62.7869666667,67.3270333333,50.3809333333,42.5635333333,57.6791333333,55.8455333333,42.2818666667,62.7082333333,53.7575666667,63.7944333333,64.3164,41.5600333333,68.6081333333,41.5479333333,21.3475666667,12.9737666667,9.2929,7.94393333333
1763.0,65.2648333333,69.071,29.9,20.6267666667,67.5411,67.0660333333,62.7884666667,67.3450666667,50.3945,42.5771333333,57.6894666667,55.8610666667,42.2941666667,62.7140333333,53.7690666667,63.8202,64.3347333333,41.5791333333,68.6447,41.5661333333,21.3546666667,12.9782,9.29526666667,7.94706666667
1764.0,65.2868666667,69.0895666667,29.9113666667,20.6377666667,67.5695,67.0837666667,62.7896,67.3707,50.4044,42.5918,57.7033666667,55.8768666667,42.3092,62.7218333333,53.7800666667,63.8552,64.3554666667,41.6007,68.6958333333,41.5867,21.3641333333,12.9823333333,9.29773333333,7.9496
1765.0,65.3143,69.1139333333,29.9242666667,20.6494,67.6031,67.1047,62.7934666667,67.3989,50.4139333333,42.6076666667,57.7190333333,55.8941,42.3248333333,62.7316333333,53.7916,63.8913,64.3774666667,41.6224333333,68.7503,41.6069666667,21.3736,12.9862,9.30023333333,7.9521
1766.0,65.3396333333,69.1419333333,29.9383666667,20.6607333333,67.6370666667,67.1259333333,62.8035,67.4244,50.4264,42.6249666667,57.7347,55.9138666667,42.3386333333,62.7432333333,53.8044666667,63.9200333333,64.3993666667,41.6417,68.7966333333,41.6241333333,21.3810333333,12.9897666667,9.3026,7.95533333333
1767.0,65.3646333333,69.1762666667,29.9549333333,20.6724666667,67.6735666667,67.1477,62.8209666667,67.4484333333,50.4416333333,42.6448333333,57.7514333333,55.9371666667,42.3507333333,62.7570666667,53.8186,63.9402666667,64.4217,41.6584333333,68.8337333333,41.6378,21.3859666667,12.9931666667,9.305,7.95983333333
1768.0,65.3900666667,69.2147333333,29.9726666667,20.6842666667,67.7118666667,67.1707,62.8432333333,67.4715333333,50.4586666667,42.6659333333,57.7687666667,55.9625,42.3617666667,62.7727,53.8338333333,63.9563,64.4443333333,41.6736333333,68.8669,41.6493666667,21.3895666667,12.9962,9.3073,7.96473333333
1769.0,65.4133666667,69.2522333333,29.9892,20.6949333333,67.7480666667,67.1947666667,62.8673,67.4919333333,50.4774333333,42.6859,57.7845,55.9875333333,42.3719333333,62.7895,53.85,63.9716333333,64.4662333333,41.6879666667,68.8996333333,41.6600666667,21.3929666667,12.9986666667,9.3097,7.96893333333
1770.0,65.4322,69.2850666667,30.0025666667,20.7034,67.7787666667,67.2192,62.8921666667,67.5077,50.4983,42.7032333333,57.7967666667,56.0111666667,42.381,62.8078,53.8677333333,63.9877666667,64.4871333333,41.7017666667,68.9339,41.6703,21.3966333333,13.0001333333,9.3123,7.97153333333
1771.0,65.4472666667,69.3152333333,30.0136333333,20.7098333333,67.8054333333,67.2437333333,62.9198666667,67.5190333333,50.5216666667,42.7191333333,57.8059,56.0346333333,42.3887,62.8286,53.8876,64.0023333333,64.5079333333,41.7149333333,68.9678333333,41.6792666667,21.3996666667,13.0006,9.3151,7.97286666667
1772.0,65.4614333333,69.3447666667,30.024,20.7160666667,67.8309333333,67.2702333333,62.9469666667,67.5293,50.5457333333,42.7334,57.8149666667,56.0567666667,42.396,62.8483666667,53.9068333333,64.0185666667,64.5268,41.7270666667,69.0024333333,41.6882,21.4034333333,13.0009,9.31793333333,7.97383333333
1773.0,65.4775,69.3755666667,30.0350333333,20.7239666667,67.8582,67.3005333333,62.9696666667,67.5419666667,50.5688,42.7456333333,57.8272,56.0760666667,42.4039,62.8633666667,53.9224333333,64.04,64.5418666667,41.7376666667,69.0387,41.6983666667,21.4093666667,13.0018666667,9.3205,7.97533333333
1774.0,65.4968666667,69.4099,30.0466,20.7337666667,67.8891333333,67.3380333333,62.9867,67.5579666667,50.5907,42.7542666667,57.8426333333,56.0904,42.4118333333,62.8726333333,53.9331666667,64.0695333333,64.5510333333,41.7452,69.0777666667,41.708,21.418,13.0031333333,9.32276666667,7.9771
1775.0,65.5169666667,69.4446,30.0583666667,20.7445666667,67.9205666667,67.3783666667,63.0008,67.575,50.6121333333,42.7611,57.8601,56.1025666667,42.4200666667,62.8785666667,53.9415,64.1027333333,64.5573333333,41.7515,69.1181,41.7185333333,21.4282,13.0047666667,9.3249,7.97913333333
1776.0,65.5346666667,69.4748666667,30.0707333333,20.7556333333,67.9484333333,67.4142666667,63.0149333333,67.5909,50.6336,42.7694666667,57.8790666667,56.1173333333,42.4297666667,62.8834,53.9503666667,64.1332333333,64.5654,41.7598,69.1571333333,41.7333333333,21.4388333333,13.0076,9.32723333333,7.98196666667
1777.0,65.5476666667,69.4971333333,30.0843,20.7667666667,67.9697666667,67.4405333333,63.0311333333,67.6036666667,50.6554333333,42.7813,57.8995333333,56.1385333333,42.4420666667,62.8879666667,53.9617,64.1563333333,64.5782,41.7723333333,69.1939333333,41.7559666667,21.4495666667,13.0125333333,9.3299,7.98633333333
1778.0,65.5576,69.5132666667,30.0992666667,20.7784333333,67.9865,67.4600666667,63.0479666667,67.6139333333,50.6776333333,42.7950333333,57.9223,56.1648,42.4564666667,62.8904,53.9741,64.1746333333,64.5934,41.7878666667,69.23,41.7859333333,21.4612333333,13.0196,9.33293333333,7.9923
1779.0,65.5647,69.5254,30.1138666667,20.7896666667,67.9994,67.4755666667,63.0651666667,67.624,50.6994333333,42.8108,57.9454,56.1920333333,42.4719666667,62.894,53.9874666667,64.1906,64.6113333333,41.8053333333,69.2632666667,41.8173333333,21.4722333333,13.0269,9.33596666667,7.99816666667
1780.0,65.5688666667,69.5354,30.1263,20.7994666667,68.0089666667,67.4895333333,63.0827,67.6359666667,50.7201,42.8287333333,57.9669,56.2165666667,42.4873333333,62.902,54.0018,64.2062333333,64.6326,41.8241,69.2912333333,41.8443,21.4806,13.0325666667,9.3386,8.0024
1781.0,65.5664666667,69.5405666667,30.1352333333,20.8071666667,68.0123333333,67.5007333333,63.1020666667,67.6498666667,50.7399,42.8505,57.9876666667,56.2402666667,42.5026333333,62.9157666667,54.0179,64.2204,64.6607,41.8466666667,69.3142666667,41.8687333333,21.4864,13.0367333333,9.34103333333,8.0046
1782.0,65.5614666667,69.5431333333,30.1427666667,20.8139333333,68.0125,67.5096333333,63.1216,67.6649666667,50.7588333333,42.8742333333,58.0074333333,56.2623666667,42.5182333333,62.9326333333,54.0348666667,64.2336666667,64.6915333333,41.8704666667,69.3328666667,41.8906333333,21.4903,13.0399,9.3432,8.00576666667
1783.0,65.5618,69.5481666667,30.1517666667,20.8209333333,68.0153,67.5181666667,63.1380333333,67.6812,50.7763666667,42.8967333333,58.0245333333,56.2794,42.5341333333,62.9497,54.0514,64.248,64.7184,41.8906333333,69.3467,41.9067333333,21.4926333333,13.0421666667,9.34473333333,8.00633333333
1784.0,65.5737333333,69.5597333333,30.1639,20.8287333333,68.0253666667,67.5272333333,63.1474666667,67.6988666667,50.7909666667,42.9149,58.0362333333,56.2866666667,42.5498333333,62.9644666667,54.0655666667,64.2647666667,64.7349,41.9024,69.3544,41.9130666667,21.4931333333,13.0432666667,9.34516666667,8.00636666667
1785.0,65.5945666667,69.5759666667,30.1777666667,20.8364333333,68.0406666667,67.5353666667,63.1500333333,67.7180333333,50.8020666667,42.9295333333,58.0420333333,56.2838333333,42.565,62.9778,54.0773333333,64.2831,64.7430666667,41.9068666667,69.3553333333,41.9098666667,21.4911333333,13.0427,9.3443,8.00526666667
1786.0,65.6187666667,69.5936666667,30.1937666667,20.8455,68.0574333333,67.5447,63.1533,67.7379666667,50.8143666667,42.9446666667,58.0488,56.2812666667,42.5816333333,62.9923666667,54.0905666667,64.3026333333,64.7501333333,41.9105333333,69.3539,41.9045333333,21.4888333333,13.0422,9.34356666667,8.0046
1787.0,65.6410333333,69.6097333333,30.2126666667,20.8575333333,68.0721666667,67.5576666667,63.165,67.7577666667,50.8329666667,42.9644666667,58.0636333333,56.2895333333,42.6021,63.0107,54.1093666667,64.3229666667,64.7633666667,41.9196666667,69.3544,41.9045,21.4883666667,13.0434,9.34426666667,8.00593333333
1788.0,65.6618,69.6240666667,30.2367,20.8744333333,68.0839,67.5754333333,63.1883,67.7791666667,50.8616,42.9906,58.0903333333,56.3120333333,42.6285333333,63.0349333333,54.1358666667,64.3447333333,64.7836,41.9351666667,69.3542333333,41.91,21.4897666667,13.0469,9.34696666667,8.01013333333
1789.0,65.6824,69.6379333333,30.2630666667,20.8934666667,68.0950666667,67.5958333333,63.2169,67.8005666667,50.8942666667,43.0197,58.1221,56.3412333333,42.6576333333,63.0617666667,54.1662333333,64.3673333333,64.8073666667,41.9538666667,69.3549333333,41.9181666667,21.4922,13.0514333333,9.35056666667,8.0157
1790.0,65.7022333333,69.6515666667,30.2868333333,20.9107666667,68.1082333333,67.6159666667,63.2437333333,67.8184666667,50.9224333333,43.0478666667,58.1503333333,56.3688666667,42.6846666667,63.0866,54.1954666667,64.3896666667,64.8322,41.9734666667,69.3618333333,41.9276666667,21.4955666667,13.0556333333,9.354,8.0206
1791.0,65.7198333333,69.6649333333,30.3046,20.9237333333,68.125,67.6339,63.2651333333,67.8292333333,50.9407333333,43.0732666667,58.1699666667,56.3903,42.7064333333,63.1061666667,54.2208333333,64.4102666667,64.8574333333,41.9929666667,69.3791333333,41.9383,21.4998666667,13.0587666667,9.35633333333,8.02346666667
1792.0,65.7351666667,69.6777666667,30.3186,20.9341333333,68.1441666667,67.6509,63.2845333333,67.8341,50.9530666667,43.0979,58.1849,56.4094666667,42.7252,63.1225333333,54.2446,64.4297,64.8841333333,42.0135,69.4044666667,41.9509333333,21.5052,13.0615,9.35816666667,8.02523333333
1793.0,65.7523333333,69.6913,30.3312333333,20.9436,68.1650333333,67.6681666667,63.3013,67.8394333333,50.9622333333,43.1205,58.1968,56.4266333333,42.7428,63.1382666667,54.2670666667,64.4500666667,64.9105,42.0339666667,69.4332333333,41.9632333333,21.5111,13.0637666667,9.36006666667,8.02686666667
1794.0,65.7755666667,69.7069,30.3445333333,20.9536666667,68.1873333333,67.6866666667,63.3144,67.8516333333,50.9704666667,43.1394666667,58.2069333333,56.4418333333,42.761,63.1557,54.2883,64.4736,64.9346,42.0531,69.4610666667,41.9729,21.5172666667,13.0653666667,9.3625,8.02936666667
1795.0,65.8078666667,69.7261333333,30.3582333333,20.9640333333,68.2129666667,67.7060666667,63.3224333333,67.8716333333,50.9750666667,43.1533,58.2135333333,56.4538333333,42.7788333333,63.1745666667,54.3077666667,64.5026666667,64.9567,42.0708333333,69.4903,41.9787666667,21.5241666667,13.066,9.3656,8.0325
1796.0,65.8431,69.7463,30.3717,20.9743333333,68.2395333333,67.7263,63.3278666667,67.8949333333,50.9785,43.1648,58.2183,56.4642666667,42.7967333333,63.1940333333,54.3261333333,64.5330333333,64.9774333333,42.0878666667,69.52,41.9836333333,21.5313,13.0661333333,9.36896666667,8.03613333333
1797.0,65.8733,69.7637,30.3850333333,20.9845666667,68.2632666667,67.7476,63.3340333333,67.9168666667,50.9853333333,43.1781,58.2240666667,56.4753,42.8161,63.2136666667,54.3446666667,64.5587333333,64.9969666667,42.1050333333,69.5470666667,41.9908666667,21.5377666667,13.0667666667,9.37236666667,8.04006666667
1798.0,65.8929666667,69.7756,30.3981,20.9944666667,68.2814333333,67.771,63.3427333333,67.9341333333,50.9991333333,43.1952333333,58.2316,56.4884666667,42.8386,63.2342333333,54.3646333333,64.5755,65.0158666667,42.1232,69.5698666667,42.0035,21.5431,13.0683333333,9.37586666667,8.0444
1799.0,65.9058,69.7836333333,30.4109333333,21.0040666667,68.2957666667,67.7965,63.3521333333,67.9488,51.0178333333,43.2142666667,58.2394333333,56.5027666667,42.8638333333,63.2562666667,54.3856,64.5859666667,65.0339333333,42.1420333333,69.5899333333,42.02,21.5477,13.0704,9.3795,8.04933333333
1800.0,65.916,69.7904666667,30.4238,21.0138333333,68.3087,67.8211333333,63.3628666667,67.9635666667,51.0379,43.2351666667,58.2498666667,56.5172666667,42.8884666667,63.276,54.4052333333,64.5941333333,65.0501333333,42.1600666667,69.6071333333,42.0367,21.5516333333,13.0728333333,9.38303333333,8.05416666667
1801.0,65.9273333333,69.7987,30.4370666667,21.0241,68.3227333333,67.8419666667,63.3755,67.9809,51.0560333333,43.2580666667,58.2654333333,56.5312666667,42.9092,63.29,54.4213333333,64.6036666667,65.0633333333,42.1757333333,69.6213,42.05,21.5550666667,13.0754666667,9.38603333333,8.05846666667
1802.0,65.9374333333,69.8063,30.4500666667,21.0342333333,68.3379666667,67.8582666667,63.3911666667,68.0021,51.0733,43.2853666667,58.2889333333,56.5457,42.9260333333,63.2970666667,54.4334666667,64.612,65.0729333333,42.1892333333,69.6314333333,42.0608333333,21.5576333333,13.0787,9.3885,8.062
1803.0,65.9477666667,69.8148,30.4635666667,21.0449333333,68.353,67.8724,63.4079666667,68.0242,51.0898333333,43.3135666667,58.3153333333,56.5596,42.9406666667,63.3005,54.4433333333,64.6208666667,65.0802666667,42.2010666667,69.6389,42.0696666667,21.5597666667,13.0820666667,9.39056666667,8.06533333333
1804.0,65.9621,69.8275,30.4787,21.0575,68.3664666667,67.8869666667,63.4233666667,68.0435666667,51.1047,43.3377333333,58.3375666667,56.5711333333,42.9545333333,63.3040333333,54.4525666667,64.6340666667,65.0868666667,42.2113666667,69.6458666667,42.0758333333,21.5619666667,13.0850666667,9.3924,8.06896666667
1805.0,65.9844666667,69.8487,30.4968,21.0736666667,68.378,67.9038666667,63.4352,68.0588666667,51.1157,43.3540333333,58.3513333333,56.5779666667,42.9672,63.307,54.4610333333,64.656,65.0924,42.2187333333,69.6534333333,42.0772666667,21.5646666667,13.0871,9.39373333333,8.0733
1806.0,66.0125,69.8762,30.5171,21.0924666667,68.3882,67.9217666667,63.4450333333,68.0717,51.1238666667,43.3651666667,58.3600333333,56.5813666667,42.9783,63.3083333333,54.4682666667,64.684,65.0963333333,42.2234,69.6607,42.0747,21.5674,13.0885,9.3946,8.078
1807.0,66.039,69.9011666667,30.5372,21.1106666667,68.3967333333,67.9378,63.4555,68.0816333333,51.1338,43.3761,58.3685,56.5859333333,42.9909,63.3143666667,54.4767666667,64.7106333333,65.1017333333,42.2299333333,69.6666333333,42.0737,21.5702666667,13.0903333333,9.3958,8.0827
1808.0,66.0573333333,69.9149333333,30.5549666667,21.1253333333,68.4027,67.9487333333,63.4692333333,68.0876666667,51.1503,43.3913666667,58.3809,56.5963666667,43.0081666667,63.3316666667,54.4891333333,64.7288,65.1111666667,42.2427666667,69.6703333333,42.0794666667,21.5731,13.0937333333,9.39823333333,8.08723333333
1809.0,66.0670666667,69.9159,30.5706333333,21.1365666667,68.4035666667,67.952,63.4863333333,68.0876666667,51.1741666667,43.4098,58.3958,56.6128333333,43.0302666667,63.3622666667,54.5054666667,64.7389,65.1248,42.2625333333,69.671,42.0920333333,21.5764,13.0991666667,9.4021,8.09186666667
1810.0,66.0736,69.9129333333,30.5853,21.1462666667,68.4043,67.9541666667,63.5048333333,68.0858666667,51.2006333333,43.4300333333,58.4126333333,56.6316,43.0546,63.3982,54.5237666667,64.7453,65.1406333333,42.285,69.6706333333,42.1077333333,21.5794333333,13.1050333333,9.40636666667,8.09623333333
1811.0,66.0824,69.916,30.6002,21.1565,68.4114,67.9632,63.5228666667,68.0880333333,51.2246,43.4513666667,58.4317,56.6489666667,43.0786,63.4302666667,54.5422,64.7521,65.1566,42.3055666667,69.6713666667,42.1225666667,21.5815,13.1096,9.4099,8.09963333333
1812.0,66.0943333333,69.9286,30.6161,21.1676,68.4281333333,67.9823333333,63.5410333333,68.0954666667,51.2450666667,43.4751,58.4555,56.6637666667,43.1024666667,63.4564,54.5606,64.7588666667,65.1727666667,42.3225,69.6727666667,42.1364666667,21.5817,13.1120666667,9.41243333333,8.10163333333
1813.0,66.1075,69.9462333333,30.6321666667,21.1789,68.4508666667,68.0076,63.5594666667,68.106,51.2639333333,43.5005666667,58.4825,56.6776,43.1266666667,63.4801,54.5795666667,64.7649333333,65.1895666667,42.3380666667,69.6745333333,42.1504333333,21.5806666667,13.1133333333,9.4145,8.10266666667
1814.0,66.1233,69.9663,30.6475666667,21.1905333333,68.4756333333,68.0360333333,63.5754666667,68.1197333333,51.2800666667,43.5240666667,58.5067333333,56.6909,43.1488333333,63.5004333333,54.5981,64.7737333333,65.2058,42.3532333333,69.6796666667,42.1626666667,21.5802,13.1141,9.4159,8.1034
1815.0,66.1434,69.9874,30.6612333333,21.2027,68.4993,68.0659333333,63.5856666667,68.1370333333,51.2915333333,43.5416333333,58.5221666667,56.7035333333,43.1666333333,63.5158333333,54.6151,64.7890333333,65.2202,42.3688333333,69.6909333333,42.1709666667,21.5815666667,13.1147,9.41646666667,8.1043
1816.0,66.1692666667,70.0118,30.6727666667,21.2159333333,68.5242666667,68.1008,63.5876333333,68.1578666667,51.2959333333,43.5525,58.5277,56.7137666667,43.1795,63.5245333333,54.6301333333,64.8124,65.2322666667,42.3845333333,69.7078666667,42.1737666667,21.5839,13.1144,9.41583333333,8.10513333333
1817.0,66.1964,70.0364666667,30.6840333333,21.2290333333,68.5490333333,68.1354666667,63.5897,68.1820333333,51.3001333333,43.5622333333,58.5318666667,56.7252333333,43.1908333333,63.5316,54.6452333333,64.8368333333,65.2443333333,42.4001666667,69.7286,42.1764333333,21.5876,13.1142,9.41483333333,8.1059
1818.0,66.2195333333,70.0573333333,30.6972,21.2406333333,68.5714,68.1633,63.6013333333,68.2092666667,51.3122,43.5767666667,58.544,56.7424666667,43.2041333333,63.5431666667,54.6629333333,64.8541333333,65.259,42.4158,69.7513333333,42.1851,21.5933666667,13.1154666667,9.41463333333,8.1067
1819.0,66.2371,70.0714,30.7132333333,21.2497,68.5897666667,68.1799333333,63.6256333333,68.2416666667,51.3340666667,43.5968333333,58.5657333333,56.7671666667,43.2194,63.56,54.6842666667,64.8595333333,65.2768,42.4307666667,69.7763333333,42.2023333333,21.6024666667,13.1192,9.41546666667,8.10786666667
1820.0,66.2518,70.0823333333,30.7307,21.2575333333,68.6061,68.1909,63.6574333333,68.2774,51.3620333333,43.6202333333,58.5932333333,56.7966333333,43.2358333333,63.5798333333,54.7076666667,64.8593333333,65.2966333333,42.4456666667,69.8037,42.2243,21.6136,13.1241,9.41673333333,8.10913333333
1821.0,66.266,70.0955666667,30.7478333333,21.266,68.6234666667,68.2043,63.6922666667,68.3118666667,51.3932333333,43.6468,58.6249666667,56.8281333333,43.2539666667,63.6024,54.7311666667,64.8621333333,65.3177333333,42.4615,69.8322333333,42.2469,21.6241666667,13.1285,9.41816666667,8.1099
1822.0,66.2809,70.1153,30.7632333333,21.2769333333,68.6437666667,68.2264666667,63.7282,68.3412666667,51.4273666667,43.6774333333,58.6612333333,56.8603333333,43.2747,63.6277666667,54.7533333333,64.8740666667,65.3398333333,42.4792,69.8609666667,42.2675666667,21.6319666667,13.1306333333,9.41953333333,8.10956666667
1823.0,66.2945,70.1392,30.7774666667,21.2899,68.6653666667,68.2546,63.7693666667,68.3672666667,51.4682,43.7142,58.7052,56.8956666667,43.2986,63.6567333333,54.7748333333,64.8911,65.3634333333,42.4984333333,69.8908666667,42.2893,21.6381666667,13.1311666667,9.42103333333,8.10796666667
1824.0,66.3098333333,70.1667333333,30.7912333333,21.3033333333,68.6894666667,68.2862,63.8089,68.3915,51.5073333333,43.7509,58.7489666667,56.9303333333,43.3232,63.6873333333,54.7960666667,64.914,65.3878,42.5187,69.9211666667,42.3087,21.6432666667,13.1310666667,9.42243333333,8.10633333333
1825.0,66.3306,70.1977333333,30.8048666667,21.3157,68.7176,68.3192666667,63.8387,68.4151666667,51.5353,43.7806,58.7833666667,56.9597333333,43.3458666667,63.7173666667,54.8170666667,64.9444666667,65.4120333333,42.5395,69.9509333333,42.3216666667,21.6474333333,13.1315,9.42353333333,8.1059
1826.0,66.3577666667,70.2343,30.8172333333,21.3267,68.7507333333,68.3553666667,63.8529333333,68.4359333333,51.5463,43.7999,58.8041666667,56.9804333333,43.3644333333,63.7450666667,54.8356666667,64.9844333333,65.4339666667,42.5606333333,69.9794333333,42.3243666667,21.6498333333,13.1319333333,9.42376666667,8.10633333333
1827.0,66.3889333333,70.2741333333,30.8294666667,21.3371666667,68.7871666667,68.3933666667,63.8607666667,68.4560666667,51.55,43.8149666667,58.8191,56.9977333333,43.3821666667,63.7730666667,54.8542333333,65.031,65.4563,42.5824666667,70.0077666667,42.3225333333,21.6514,13.1325666667,9.42386666667,8.1076
1828.0,66.4215666667,70.3128666667,30.8439666667,21.3479666667,68.8246,68.4301666667,63.8751,68.4802333333,51.5592,43.8336666667,58.8379666667,57.0193333333,43.4036666667,63.8050666667,54.8772,65.0798,65.4837,42.6054666667,70.0376,42.3243,21.6540333333,13.1341,9.42483333333,8.11
1829.0,66.4536333333,70.3465,30.8625333333,21.3596,68.8610666667,68.4623666667,63.9056666667,68.5116333333,51.5833666667,43.8620333333,58.8679666667,57.0511666667,43.4332333333,63.8450666667,54.9088666667,65.1290666667,65.521,42.6301333333,70.0699333333,42.3356333333,21.6592333333,13.1374333333,9.42773333333,8.1144
1830.0,66.4862,70.3762,30.8844333333,21.3716666667,68.8973666667,68.4904,63.9476,68.5480666667,51.6171,43.8967333333,58.9050666667,57.0906333333,43.4696666667,63.8926666667,54.9480666667,65.1818,65.5673333333,42.6564333333,70.1040333333,42.353,21.6664,13.1423666667,9.43223333333,8.12103333333
1831.0,66.5207666667,70.4073666667,30.9081,21.3843333333,68.9354333333,68.5203,63.9944,68.5893,51.6560333333,43.9346666667,58.9455666667,57.1327333333,43.5073666667,63.9407,54.9891,65.2331,65.6152333333,42.6836,70.1399666667,42.3741333333,21.6742333333,13.1476666667,9.43703333333,8.1275
1832.0,66.5590666667,70.4453666667,30.9322,21.3980333333,68.9769333333,68.5579666667,64.0403333333,68.6352666667,51.6966666667,43.9733,58.9861333333,57.1731,43.5410333333,63.9823,55.0263666667,65.2776666667,65.6573,42.711,70.1781333333,42.3973666667,21.6816666667,13.1520666667,9.44083333333,8.13113333333
1833.0,66.6018333333,70.4909666667,30.9575333333,21.4129666667,69.022,68.6044,64.0876333333,68.6869333333,51.7423333333,44.015,59.0275666667,57.2134,43.5708666667,64.0170666667,55.0599333333,65.3135,65.6934666667,42.7394666667,70.2188,42.4250666667,21.6891,13.156,9.44413333333,8.13203333333
1834.0,66.6471666667,70.5405333333,30.9836,21.4287,69.0695666667,68.6553666667,64.1358333333,68.7428333333,51.7901,44.0577,59.0703333333,57.2534,43.5990333333,64.0487666667,55.0923,65.3458,65.7273333333,42.7682333333,70.2613333333,42.4547666667,21.6964666667,13.1595,9.44686666667,8.13136666667
1835.0,66.6927666667,70.5904,31.0091,21.4445333333,69.1184666667,68.7066666667,64.1825666667,68.8005666667,51.8342,44.0973,59.1137666667,57.2909333333,43.6271333333,64.0806666667,55.1254,65.3803,65.7617666667,42.7956333333,70.3051666667,42.4819,21.7034,13.1622,9.44843333333,8.13033333333
1836.0,66.7380333333,70.6395,31.0332,21.4602666667,69.1689333333,68.7558666667,64.2251,68.8599,51.8701666667,44.1297666667,59.1568666667,57.3229666667,43.6554333333,64.1130666667,55.1601333333,65.4202,65.7974,42.8201333333,70.3509333333,42.5033666667,21.7095666667,13.1633,9.4478,8.1289
1837.0,66.7842,70.6898333333,31.0565333333,21.4762333333,69.2215333333,68.8050333333,64.2645666667,68.9222333333,51.9004666667,44.1569,59.1999333333,57.3500666667,43.6830666667,64.1441666667,55.1957,65.4627333333,65.8328666667,42.8423,70.3991666667,42.5210333333,21.7152,13.163,9.44533333333,8.12653333333
1838.0,66.8288,70.7379333333,31.0794,21.4920666667,69.2735666667,68.8546333333,64.3053666667,68.9838666667,51.9301666667,44.1848333333,59.2453333333,57.3794,43.7119333333,64.1791333333,55.2320666667,65.5076666667,65.8709333333,42.865,70.4461,42.538,21.7204666667,13.1628333333,9.44296666667,8.125
1839.0,66.8693333333,70.7804333333,31.1020666667,21.5075333333,69.3226666667,68.9054666667,64.3520333333,69.0413333333,51.9637666667,44.2193666667,59.2957,57.4178,43.7439333333,64.2238333333,55.2694333333,65.5552,65.9151,42.891,70.4883666667,42.5569,21.7255,13.1642666667,9.4427,8.12593333333
1840.0,66.9058333333,70.8167,31.1245,21.5227333333,69.3696666667,68.9600333333,64.4059666667,69.0959666667,52.0005333333,44.2608333333,59.3529666667,57.4663333333,43.7805333333,64.2810333333,55.309,65.6077666667,65.9677666667,42.9209,70.5262,42.5766333333,21.7295,13.1665666667,9.4441,8.12923333333
1841.0,66.94,70.8500333333,31.1465666667,21.5376666667,69.4146666667,69.0135333333,64.4617333333,69.148,52.0385666667,44.3047,59.4121,57.5184,43.8179333333,64.3419333333,55.3486333333,65.6611,66.0223666667,42.9517333333,70.5614666667,42.5973,21.7337666667,13.1699333333,9.44656666667,8.13396666667
1842.0,66.9737,70.8841333333,31.1681666667,21.5524333333,69.4572666667,69.0599,64.5131,69.1966333333,52.0765666667,44.3462333333,59.4668,57.5671333333,43.8515666667,64.396,55.3855333333,65.7096333333,66.0708,42.9803,70.5956333333,42.6196333333,21.7401333333,13.1747333333,9.44963333333,8.13913333333
1843.0,67.0069,70.9196,31.1891333333,21.5667,69.4966666667,69.0952,64.5585,69.2412666667,52.1153333333,44.3850333333,59.516,57.6109666667,43.8793333333,64.4402666667,55.4187,65.7497,66.1095333333,43.0053333333,70.6285,42.6452,21.7494333333,13.1818333333,9.4536,8.14483333333
1844.0,67.0392,70.9552,31.2096333333,21.5806666667,69.5335666667,69.1234333333,64.6005666667,69.2825666667,52.1548,44.4224666667,59.5618333333,57.6526,43.9036,64.4791333333,55.4494666667,65.7848666667,66.1428666667,43.0284333333,70.6598,42.6728333333,21.7607333333,13.1905333333,9.4584,8.1512
1845.0,67.072,70.9914666667,31.2297666667,21.5949333333,69.5691333333,69.15,64.6388666667,69.3216333333,52.1917666667,44.4568,59.6033,57.691,43.9265333333,64.5130333333,55.4786666667,65.8207666667,66.1738333333,43.0506,70.6911666667,42.6993333333,21.7730666667,13.1993,9.463,8.15756666667
1846.0,67.1073,71.0297666667,31.2495,21.6101666667,69.6046,69.1799666667,64.6727333333,69.3592666667,52.2233666667,44.4857666667,59.6388,57.7249,43.9496666667,64.5413333333,55.5065333333,65.8627333333,66.2049,43.0724666667,70.7239333333,42.7216,21.7859666667,13.2068,9.46646666667,8.1633
1847.0,67.1465333333,71.072,31.2688,21.6267333333,69.6402333333,69.2128333333,64.7009,69.3944,52.2495,44.5088666667,59.6673666667,57.7537,43.9717333333,64.5607666667,55.5321333333,65.9110333333,66.2343333333,43.0928,70.7576333333,42.7395666667,21.8004,13.2134,9.4688,8.16863333333
1848.0,67.1847,71.1128333333,31.2878,21.6432,69.6741,69.2442333333,64.7264666667,69.4282,52.2732333333,44.5293,59.6924,57.7798333333,43.9936,64.5782666667,55.5570666667,65.9595,66.2631333333,43.1133,70.7918666667,42.7564666667,21.8149333333,13.2196666667,9.47096666667,8.17376666667
1849.0,67.2159333333,71.1459666667,31.3066666667,21.6581333333,69.7040333333,69.2699333333,64.7529333333,69.4620666667,52.2976666667,44.5508666667,59.7177666667,57.8060333333,44.0167333333,64.6021333333,55.5834666667,66.0017,66.293,43.1361,70.8262333333,42.7760333333,21.8276333333,13.2258,9.47376666667,8.1788
1850.0,67.2391333333,71.1696333333,31.326,21.6712333333,69.7293,69.2887,64.7821,69.4988,52.3239,44.5753333333,59.7448666667,57.8336333333,44.0428,64.6374,55.6125333333,66.037,66.3260333333,43.1635333333,70.8632666667,42.7993666667,21.8379,13.2322,9.47743333333,8.18416666667
1851.0,67.2567,71.187,31.3452333333,21.6830333333,69.7511,69.3026666667,64.8114333333,69.5354333333,52.3501666667,44.6001333333,59.7714333333,57.8607333333,44.0699,64.6774,55.6426666667,66.0675,66.3598,43.1928666667,70.9007666667,42.8245333333,21.8466666667,13.2384333333,9.48163333333,8.18943333333
1852.0,67.2697,71.2002,31.3630666667,21.6942,69.7705666667,69.3136,64.8379333333,69.5664,52.3748,44.6221666667,59.7953,57.885,44.0943666667,64.7129666667,55.6713666667,66.0930333333,66.3901333333,43.2192,70.9329333333,42.8497666667,21.8552333333,13.2439,9.4859,8.19353333333
1853.0,67.2785,71.2093666667,31.3785,21.7046666667,69.7885333333,69.3220333333,64.8604,69.5882333333,52.3979666667,44.6393666667,59.8162666667,57.9057,44.1138666667,64.7386,55.6980666667,66.1121,66.4137333333,43.2392,70.9552333333,42.8753333333,21.8642666667,13.2478333333,9.49033333333,8.19536666667
1854.0,67.2823666667,71.2124333333,31.3920666667,21.7140333333,69.8047333333,69.3268,64.8809666667,69.6036,52.4212,44.6531333333,59.8361666667,57.9245666667,44.1300333333,64.7587666667,55.7245333333,66.1237,66.4325333333,43.2550666667,70.9697666667,42.9026666667,21.8731666667,13.2503333333,9.4951,8.1952
1855.0,67.2828,71.2153333333,31.4044333333,21.7234333333,69.8182333333,69.3302666667,64.8956333333,69.6118,52.4395,44.6637333333,59.8498333333,57.9379,44.1430666667,64.7716333333,55.7466333333,66.1339666667,66.4476,43.2672333333,70.9797,42.9266333333,21.8821666667,13.2526333333,9.49966666667,8.1946
1856.0,67.2816333333,71.2243,31.4162333333,21.7341,69.8283666667,69.3352333333,64.8998,69.6114666667,52.4471333333,44.6710666667,59.8513666667,57.9416333333,44.1529333333,64.7742333333,55.7598,66.1491,66.4596,43.2759,70.9878333333,42.9412666667,21.8915666667,13.2557666667,9.50363333333,8.19506666667
1857.0,67.2795333333,71.2429666667,31.4260666667,21.7457333333,69.8361,69.3445,64.8894,69.5991333333,52.4393,44.6726333333,59.8355333333,57.9317666667,44.1563666667,64.7614333333,55.7601333333,66.1698,66.4655666667,43.2776,70.9924666667,42.9430666667,21.9007333333,13.2583666667,9.50566666667,8.19476666667
1858.0,67.2746,71.2632,31.4356333333,21.7581,69.8404,69.3528,64.8723,69.5804,52.4255,44.6720666667,59.8125333333,57.9159333333,44.1580333333,64.742,55.7553333333,66.1921,66.4695,43.2771333333,70.9946333333,42.9398333333,21.9103,13.2619333333,9.50786666667,8.19563333333
1859.0,67.2648,71.2750666667,31.4475,21.7714,69.8391666667,69.3530333333,64.8592333333,69.5631666667,52.4181,44.6748666667,59.7956,57.9040666667,44.1651,64.7282333333,55.7555666667,66.2119666667,66.4775333333,43.2815333333,70.9969,42.9413333333,21.9215666667,13.269,9.513,8.20093333333
1860.0,67.2487333333,71.2719666667,31.4631333333,21.7857666667,69.8297333333,69.3402333333,64.8558666667,69.5517333333,52.4225333333,44.6843333333,59.7917,57.9012666667,44.1832666667,64.7269333333,55.7666333333,66.2282333333,66.4943666667,43.2953666667,71.0034,42.9528333333,21.9356333333,13.2817666667,9.5231,8.21366666667
1861.0,67.2275,71.2591666667,31.4811666667,21.8011333333,69.8135666667,69.3182,64.8571,69.5422,52.4331,44.6977333333,59.7944,57.9027,44.2084333333,64.7320333333,55.7834333333,66.2425333333,66.5164666667,43.3149666667,71.0121666667,42.9696,21.9517,13.2987666667,9.53656666667,8.23173333333
1862.0,67.2027,71.2435666667,31.5008333333,21.8172,69.796,69.2932,64.8590666667,69.5318666667,52.4486333333,44.7120333333,59.7997,57.9059666667,44.2330333333,64.7389,55.8016333333,66.2536666667,66.5383666667,43.3357333333,71.0144666667,42.9882333333,21.9681666667,13.3167333333,9.5511,8.25106666667
1863.0,67.1752,71.2313333333,31.5216666667,21.8337,69.7818,69.2702,64.8589666667,69.5180666667,52.4691666667,44.7249666667,59.8048,57.9096333333,44.2501,64.744,55.8176333333,66.2597333333,66.5553666667,43.3540333333,71.0012,43.0061333333,21.9834333333,13.3327,9.56446666667,8.26803333333
1864.0,67.1419666667,71.22,31.5448666667,21.8512666667,69.7692,69.2446333333,64.8612,69.5000666667,52.4996333333,44.7389333333,59.8151666667,57.918,44.2614666667,64.7521,55.8348333333,66.2581333333,66.5707,43.3724333333,70.9679666667,43.0252333333,21.9976666667,13.3480333333,9.5777,8.28423333333
1865.0,67.1074333333,71.2092666667,31.5688,21.8690333333,69.7576666667,69.2206,64.8603666667,69.4809666667,52.5317333333,44.7515,59.8236666667,57.9248,44.2689666667,64.7577666667,55.8501333333,66.2545,66.5822333333,43.3891666667,70.9285333333,43.0441333333,22.0117666667,13.3626,9.59073333333,8.29956666667
1866.0,67.0775,71.2001333333,31.5911,21.886,69.7476333333,69.2048333333,64.8483666667,69.4640666667,52.5544666667,44.7585333333,59.8203666667,57.9210666667,44.2733666667,64.7528666667,55.8586333333,66.2560666667,66.586,43.4008,70.899,43.0604,22.0264333333,13.3757,9.60303333333,8.31286666667
1867.0,67.0560666667,71.1938,31.6105,21.9015,69.7428666667,69.2034333333,64.8209666667,69.4560666667,52.5632333333,44.7584666667,59.8005333333,57.9024666667,44.2711333333,64.7302666667,55.8555666667,66.2675666667,66.5755,43.4034333333,70.8889666667,43.0704666667,22.0421666667,13.3859333333,9.61416666667,8.32286666667
1868.0,67.0392666667,71.1893333333,31.6283333333,21.9161666667,69.7407,69.2108,64.7828333333,69.4517333333,52.5635666667,44.7532666667,59.7695,57.8738333333,44.2645333333,64.6964666667,55.8451666667,66.2843,66.5559333333,43.4004333333,70.8884666667,43.0772,22.0585333333,13.3944333333,9.62453333333,8.33053333333
1869.0,67.0213333333,71.1842,31.6463333333,21.9309,69.7322666667,69.2162,64.7392666667,69.4368,52.5592666667,44.7441666667,59.7323333333,57.8402,44.2627333333,64.6644333333,55.8360666667,66.2989333333,66.5409,43.3991,70.8842333333,43.0878,22.0745,13.4038,9.635,8.33873333333
1870.0,67.0005666667,71.1795,31.6667,21.9469,69.7109666667,69.2144,64.6933,69.3994333333,52.5523666667,44.7317,59.6927,57.8044666667,44.2757666667,64.6465666667,55.8365,66.307,66.5438666667,43.4062333333,70.8671666667,43.1091,22.0895666667,13.4162666667,9.64636666667,8.34966666667
1871.0,66.9834666667,71.1803,31.6904666667,21.9646666667,69.6809333333,69.2144666667,64.6413,69.3440666667,52.54,44.7146333333,59.6482333333,57.7630333333,44.3045333333,64.6415666667,55.8456666667,66.3132,66.5640666667,43.4207,70.8443,43.1403,22.1040333333,13.4313666667,9.6587,8.36253333333
1872.0,66.9563666667,71.1724333333,31.7119666667,21.9810333333,69.6414333333,69.2014,64.5878666667,69.2769,52.5263,44.6952666667,59.5994666667,57.7205666667,44.3324,64.6346333333,55.8534333333,66.3123666667,66.5838333333,43.4354666667,70.8114333333,43.1734,22.1178333333,13.4471666667,9.6707,8.37596666667
1873.0,66.9035666667,71.1399333333,31.7254666667,21.9928,69.5907,69.1573666667,64.5387,69.2033333333,52.5163,44.6763666667,59.5475,57.6829333333,44.3419666667,64.6112,55.8496666667,66.2983,66.5855,43.4436333333,70.7628333333,43.2005,22.1307,13.4621,9.68083333333,8.3889
1874.0,66.8169,71.0793333333,31.7328,22.0007666667,69.5281333333,69.0737666667,64.5016333333,69.1195333333,52.5149,44.6629,59.4955,57.6564,44.3358666667,64.5771333333,55.8386666667,66.2701666667,66.5753333333,43.4497,70.6961333333,43.2262666667,22.1437333333,13.4781666667,9.6896,8.40246666667
1875.0,66.711,70.9998666667,31.7337,22.0049333333,69.4549333333,68.9663666667,64.4657,69.0282333333,52.5147333333,44.6482,59.4394333333,57.6316666667,44.3166666667,64.5302333333,55.8186333333,66.2309333333,66.5517,43.4506666667,70.6159666667,43.2477333333,22.1557333333,13.4935,9.697,8.41566666667
1876.0,66.6042333333,70.9100666667,31.7248,22.0038,69.3727,68.8550666667,64.4135,68.9374333333,52.5047666667,44.6216,59.3723333333,57.5946333333,44.2801333333,64.459,55.7811666667,66.1826333333,66.5021666667,43.4374,70.5277666667,43.2553,22.1643333333,13.5039333333,9.7022,8.42586666667
1877.0,66.5085333333,70.812,31.7000333333,21.9937333333,69.2812666667,68.7516,64.3323666667,68.8577333333,52.4774666667,44.5737666667,59.2883,57.5355,44.2172333333,64.3496666667,55.717,66.1294,66.4131333333,43.4006333333,70.4361666667,43.239,22.1673333333,13.5048,9.70326666667,8.4307
1878.0,66.4156333333,70.7013333333,31.6604666667,21.9752333333,69.1797666667,68.6470333333,64.2300666667,68.7862,52.4376333333,44.5093,59.1902666667,57.4606333333,44.1291333333,64.2069333333,55.6295666667,66.0707666667,66.2896333333,43.344,70.3387666667,43.2028,22.1656666667,13.4977666667,9.70043333333,8.43103333333
1879.0,66.3187,70.5873666667,31.6209333333,21.9575,69.0715333333,68.5373666667,64.1177333333,68.7005666667,52.3913,44.4404666667,59.0858,57.3773666667,44.0397333333,64.0564333333,55.535,65.9956,66.1556666667,43.2830333333,70.2301,43.1631666667,22.1628,13.4910333333,9.699,8.4311
1880.0,66.2121333333,70.4802,31.5956333333,21.9494,68.9604,68.4196,64.0054,68.5792333333,52.3439333333,44.3784666667,58.9820333333,57.2922333333,43.9721333333,63.9234,55.4487,65.8937666667,66.0346333333,43.2325333333,70.1049333333,43.1357,22.1617666667,13.4922333333,9.70466666667,8.43463333333
1881.0,66.1075333333,70.3967666667,31.5846,21.9509666667,68.8597,68.3045,63.8949333333,68.4301,52.2965666667,44.3234,58.8835333333,57.2069666667,43.9293666667,63.8145666667,55.3725,65.7714333333,65.9320666667,43.1914,69.9693333333,43.1188666667,22.1592,13.4989666667,9.7176,8.43886666667
1882.0,66.0069666667,70.3269333333,31.5799666667,21.9544666667,68.7640666667,68.1966333333,63.7886666667,68.2806,52.2496666667,44.2756,58.7907333333,57.1261666667,43.8957,63.7104666667,55.2974333333,65.6338333333,65.8321333333,43.1531666667,69.8347666667,43.1030666667,22.1574,13.5103333333,9.73116666667,8.4435
1883.0,65.8810666667,70.2171666667,31.5715666667,21.9545,68.6322,68.0656,63.6721333333,68.1191666667,52.1962,44.2244,58.6840666667,57.0388666667,43.8454,63.5742666667,55.2080666667,65.4712666667,65.7036666667,43.1109333333,69.6855,43.0821,22.1644,13.5272333333,9.74243333333,8.45533333333
1884.0,65.7316666667,70.0560666667,31.5567333333,21.9475,68.46,67.9075666667,63.5417,67.9364,52.1331666667,44.1659,58.5575,56.9361666667,43.7791666667,63.4058333333,55.1023666667,65.2760333333,65.5435333333,43.0589333333,69.5159333333,43.0561,22.1746,13.5436666667,9.74926666667,8.46963333333
1885.0,65.5590333333,69.8405,31.5336333333,21.9343666667,68.2451333333,67.7155333333,63.3836,67.7069,52.0499666667,44.0858666667,58.3954,56.8001666667,43.6953333333,63.2071666667,54.9748,65.0501,65.3504,42.9907333333,69.3108333333,43.0236666667,22.1815333333,13.5509666667,9.7528,8.48136666667
1886.0,65.3555666667,69.5819333333,31.4999333333,21.9213666667,67.9965666667,67.4896333333,63.1892,67.4368666667,51.9392333333,43.981,58.1968333333,56.6304333333,43.5888666667,62.9755666667,54.8209666667,64.8096666667,65.1197666667,42.9068,69.0668666667,42.9781666667,22.1857333333,13.5524,9.7569,8.48866666667
1887.0,65.1149333333,69.2999666667,31.457,21.9184666667,67.7325333333,67.2366666667,62.9642666667,67.1553,51.8047666667,43.8649333333,57.9811333333,56.4436333333,43.4637333333,62.7141666667,54.6481,64.568,64.8537333333,42.8159,68.7965333333,42.9183666667,22.1910333333,13.5611666667,9.76636666667,8.49193333333
1888.0,64.8383,68.9920666667,31.4071,21.9249666667,67.4537333333,66.9568,62.7176333333,66.8635333333,51.6545,43.7472,57.7583,56.2465666667,43.3299666667,62.4306333333,54.4652333333,64.3124666667,64.5598666667,42.7222666667,68.5034,42.8506666667,22.1972666667,13.5805333333,9.78203333333,8.49233333333
1889.0,64.5229666667,68.6495666667,31.3541333333,21.9307333333,67.1467333333,66.6472,62.4503333333,66.5271666667,51.4943333333,43.6296333333,57.5209666667,56.0404666667,43.1985333333,62.1351666667,54.2717666667,64.0145666667,64.2512333333,42.6292666667,68.1696333333,42.7769333333,22.2062333333,13.6069333333,9.80766666667,8.4995
1890.0,64.1793333333,68.2821,31.3003,21.9290333333,66.8097333333,66.3181,62.1550666667,66.1366,51.3182,43.5108333333,57.2569,55.8239666667,43.0664333333,61.8204,54.0532666667,63.6632333333,63.9223333333,42.5344333333,67.7866666667,42.6866333333,22.2207666667,13.6332,9.84476666667,8.51566666667
1891.0,63.8391333333,67.9252666667,31.2427333333,21.9173666667,66.4693666667,65.9986333333,61.8454,65.7382666667,51.1281666667,43.3829666667,56.9744,55.6012666667,42.9231,61.4909666667,53.8101,63.2998666667,63.5798333333,42.4296333333,67.3890666667,42.5755666667,22.2358,13.6523333333,9.88106666667,8.53276666667
1892.0,63.4897666667,67.5539666667,31.1764666667,21.8957666667,66.1105666667,65.67,61.5257666667,65.3250666667,50.9315666667,43.2355666667,56.6752333333,55.3656,42.7652,61.1508333333,53.5508,62.9277,63.2289666667,42.3079666667,66.9797333333,42.4556333333,22.2464333333,13.6655666667,9.9107,8.55286666667
1893.0,63.1313333333,67.1617,31.0978,21.8594333333,65.7284666667,65.3344666667,61.1933666667,64.8883333333,50.7251,43.0629666667,56.3534,55.1156333333,42.5904,60.8014666667,53.2704,62.5451333333,62.87,42.1635,66.5544666667,42.3217666667,22.2551666667,13.6695333333,9.93356666667,8.57903333333
1894.0,62.7633,66.7604333333,31.0138666667,21.8173666667,65.3322,64.9878,60.8530333333,64.4436666667,50.5146333333,42.8759,56.0197666667,54.8537,42.4032666667,60.4402333333,52.9780666667,62.1544666667,62.5020666667,42.0075333333,66.1204,42.1831333333,22.2576333333,13.6705666667,9.95023333333,8.60553333333
1895.0,62.3875,66.3688666667,30.9333,21.7816666667,64.9357333333,64.6238333333,60.5164,64.0232666667,50.3126,42.6865666667,55.6930333333,54.5822,42.2076333333,60.0645,52.6890333333,61.7657,62.1263333333,41.8530333333,65.6948333333,42.0551333333,22.2435666667,13.6776,9.95746666667,8.62276666667
1896.0,62.0004,65.9846,30.852,21.7502333333,64.5341333333,64.2387666667,60.1841666667,63.6341333333,50.1200666667,42.4918,55.3728,54.2962333333,41.9979,59.6686666667,52.3977666667,61.3775,61.7398333333,41.6946666667,65.2757333333,41.9355333333,22.2077,13.6909333333,9.95276666667,8.63006666667
1897.0,61.6111666667,65.605,30.7772333333,21.7231666667,64.1346,63.8468666667,59.8484666667,63.2396333333,49.9275,42.2947666667,55.0509,54.0085,41.7882,59.2704,52.1122666667,60.9885666667,61.3507333333,41.5412333333,64.8601666667,41.8231666667,22.1705333333,13.7049333333,9.9453,8.63416666667
1898.0,61.2266,65.2281,30.7214,21.7043666667,63.7449666667,63.4588666667,59.4988333333,62.7998666667,49.7252666667,42.0996333333,54.7189333333,53.7311,41.5944,58.8859666667,51.8428333333,60.5961666667,60.9637,41.4049,64.4462,41.7209,22.1519,13.7154333333,9.94446666667,8.64156666667
1899.0,60.8417333333,64.8527,30.6848,21.6949,63.3615,63.0682,59.1342,62.3194666667,49.5149333333,41.904,54.3763333333,53.4588666667,41.4124,58.5086333333,51.5862,60.1977666667,60.5732,41.2833666667,64.0332666667,41.6297666667,22.1462333333,13.7241333333,9.94786666667,8.6511
1900.0,60.4745333333,64.4923,30.6384666667,21.6799333333,62.9930333333,62.6945666667,58.7850666667,61.8554,49.3079,41.7144666667,54.0454,53.1998,41.2342,58.1475666667,51.3426666667,59.8165666667,60.2065333333,41.1665333333,63.6309,41.5382,22.1470666667,13.7288666667,9.9508,8.65506666667
1901.0,60.1395666667,64.1554,30.563,21.6494333333,62.6482333333,62.3547333333,58.4713,61.4425666667,49.1104333333,41.5363333333,53.7382,52.9631666667,41.0577333333,57.8121,51.1178,59.4711666667,59.8842,41.0518666667,63.2427333333,41.4396333333,22.1545333333,13.7264666667,9.94986666667,8.6458
1902.0,59.8260333333,63.8360333333,30.4716,21.6103333333,62.3203666667,62.0364,58.1793333333,61.0577333333,48.9184333333,41.3657,53.4469666667,52.7416666667,40.8836333333,57.4949,50.9064333333,59.1480333333,59.5914666667,40.9401,62.8667,41.3381666667,22.1674666667,13.7195,9.94746666667,8.62916666667
1903.0,59.5164,63.5291666667,30.3791,21.5706,61.9963666667,61.7185666667,57.8961666667,60.6822333333,48.7308666667,41.1966666667,53.1711333333,52.5180666667,40.7040666667,57.1814333333,50.6882333333,58.8241666667,59.3077666667,40.8212333333,62.5085,41.2347333333,22.1746,13.7145333333,9.9481,8.61946666667
1904.0,59.2031,63.229,30.2804,21.5273333333,61.6661333333,61.3865,57.6178,60.3103333333,48.5450666667,41.0252,52.9115,52.2797333333,40.5125,56.8631333333,50.4525333333,58.4892,59.0287666667,40.6881666667,62.1632333333,41.1196666667,22.1707666667,13.7119666667,9.9525,8.61983333333
1905.0,58.896,62.944,30.1845666667,21.4857333333,61.3438333333,61.0607,57.3490666667,59.9489666667,48.3649,40.8568,52.6669,52.0443666667,40.3182,56.5515333333,50.2137333333,58.1569333333,58.7592333333,40.5507666667,61.8389666667,41.0077,22.1626666667,13.7117333333,9.95993333333,8.62676666667
1906.0,58.6044333333,62.6883666667,30.1175666667,21.4603333333,61.0502666667,60.7704666667,57.0924,59.6015,48.1972666667,40.6991333333,52.4349666667,51.8382666667,40.1347333333,56.2617333333,49.9895,57.8418666667,58.4979,40.4228666667,61.5551333333,40.9288,22.1575,13.7174333333,9.97173333333,8.64126666667
1907.0,58.3223666667,62.4641333333,30.0890666667,21.4562,60.7875,60.5177333333,56.8458,59.2636666667,48.0442333333,40.5525333333,52.2166333333,51.6669666667,39.9595333333,55.9949,49.7792,57.5415,58.2419,40.3027,61.3195666667,40.8931333333,22.1551333333,13.7324,9.99126666667,8.6683
1908.0,58.0637666667,62.2651666667,30.071,21.4586,60.5477333333,60.2932,56.6146,58.9464333333,47.9000333333,40.4149666667,52.011,51.5126666667,39.7965666667,55.7461333333,49.5811,57.26,57.9994666667,40.1919666667,61.1112333333,40.8707333333,22.1542,13.7478333333,10.0099333333,8.6957
1909.0,57.8503666667,62.0896666667,30.0366333333,21.4540333333,60.3273666667,60.0950333333,56.4078333333,58.6662333333,47.7593666667,40.2866666667,51.8183333333,51.3614,39.6551,55.5140666667,49.3967,57.0073333333,57.7811333333,40.0961,60.9106333333,40.8337666667,22.1551,13.7540333333,10.0175,8.70903333333
1910.0,57.6798,61.9406333333,29.9936333333,21.4470333333,60.1282,59.9269,56.2253,58.4217333333,47.6234,40.1685666667,51.6405333333,51.2181333333,39.5345333333,55.3004333333,49.2254666667,56.7829333333,57.5852,40.0145,60.7239666667,40.7909,22.1585333333,13.7535666667,10.0159333333,8.71173333333
1911.0,57.5199666667,61.8004,29.9469666667,21.4364,59.9428666667,59.7663666667,56.0482333333,58.1856666667,47.4939666667,40.0532333333,51.464,51.0779333333,39.4188,55.0952333333,49.0653666667,56.5680333333,57.3992333333,39.9388666667,60.5486333333,40.7434,22.1600333333,13.7499,10.0126333333,8.7115
1912.0,57.3487,61.6553,29.8962333333,21.4187666667,59.7672333333,59.5957333333,55.8607666667,57.9353333333,47.3699333333,39.9322,51.2744,50.9339,39.2942666667,54.8885333333,48.9123,56.3469,57.2123333333,39.863,60.3804333333,40.6863333333,22.1545,13.7426333333,10.0112,8.71143333333
1913.0,57.1778666667,61.5126333333,29.8414666667,21.3959333333,59.6036,59.4243666667,55.6712666667,57.6826333333,47.2518,39.8097666667,51.0791,50.7896,39.1680666667,54.6855333333,48.7684,56.1278,57.0301333333,39.7901666667,60.2214666667,40.6220666667,22.1445333333,13.7318666667,10.0096666667,8.70986666667
1914.0,57.0148333333,61.3807333333,29.7930666667,21.3757,59.4476666667,59.2629333333,55.4962333333,57.4504333333,47.1482666667,39.7019666667,50.901,50.6579666667,39.0556666667,54.5015333333,48.6457333333,55.9274666667,56.8669666667,39.7254666667,60.0791,40.5710666667,22.1402333333,13.7270666667,10.0112666667,8.71226666667
1915.0,56.8597,61.2642333333,29.7550333333,21.3621,59.2985,59.1147,55.3448,57.2497333333,47.0675666667,39.6186333333,50.7526333333,50.5472333333,38.9645,54.3452,48.5579666667,55.7541,56.7298333333,39.6701,59.9577,40.5455,22.1479333333,13.7333333333,10.0192333333,8.7234
1916.0,56.7140666667,61.1589333333,29.7243,21.3515666667,59.1568,58.9776666667,55.2085666667,57.0711,47.0009,39.5503333333,50.6223666667,50.4494333333,38.8881333333,54.2087333333,48.4900333333,55.6008,56.6128333333,39.6237333333,59.8535,40.5335666667,22.1613666667,13.7461,10.0301666667,8.73813333333
1917.0,56.5871666667,61.0602666667,29.7010666667,21.3409,59.0199666667,58.8544333333,55.0782666667,56.9075,46.9322333333,39.485,50.4972,50.3538,38.8224666667,54.0837333333,48.4123,55.4627,56.5119,39.5895666667,59.7620333333,40.5208333333,22.1726,13.7619,10.0384666667,8.74746666667
1918.0,56.482,60.9679333333,29.6873333333,21.3298,58.8842333333,58.7467,54.9528,56.7600333333,46.8607333333,39.4234333333,50.3747666667,50.2565333333,38.7717,53.9733333333,48.3222333333,55.3434,56.4319,39.5734333333,59.6839333333,40.5075333333,22.1817666667,13.7846,10.0458333333,8.75026666667
1919.0,56.3893,60.8826,29.6779,21.3193666667,58.7581666667,58.6493666667,54.8354666667,56.6260333333,46.7907333333,39.3653,50.2619666667,50.1676,38.7259333333,53.8707666667,48.2304666667,55.2342666667,56.3611333333,39.5607,59.6175,40.4951,22.1898,13.8057,10.0493333333,8.7507
1920.0,56.2986333333,60.8035,29.6664333333,21.3094333333,58.6513333333,58.5565333333,54.7277666667,56.4992333333,46.7229333333,39.3063666667,50.1644666667,50.0974666667,38.6703,53.7646,48.1421,55.1221333333,56.2838,39.5324666667,59.5596666667,40.4807333333,22.1953333333,13.8131666667,10.0423333333,8.752
1921.0,56.2101,60.7294333333,29.6542,21.2984333333,58.5609,58.4689,54.6277333333,56.3781666667,46.6551,39.2448666667,50.081,50.0451333333,38.6038666667,53.6539666667,48.0521666667,55.0065,56.2013333333,39.489,59.5105333333,40.4617666667,22.1969,13.8072333333,10.0219666667,8.7532
1922.0,56.1359666667,60.6675666667,29.6427666667,21.2933,58.4902333333,58.3910333333,54.5434333333,56.2776666667,46.5968666667,39.1935,50.0127333333,50.0052,38.5467333333,53.5556666667,47.9767666667,54.9045,56.1251,39.4494333333,59.4744,40.4527,22.2020666667,13.7989,10.0073333333,8.75463333333
1923.0,56.0869666667,60.6253666667,29.6314333333,21.3013,58.446,58.3252333333,54.4840666667,56.2137666667,46.5572333333,39.1632666667,49.9648666667,49.9766333333,38.5141666667,53.4812,47.9316333333,54.8295333333,56.0619666667,39.4274666667,59.4577666667,40.4687666667,22.2189,13.7948,10.0149333333,8.7577
1924.0,56.0573333333,60.5987,29.6204666667,21.3187,58.4244,58.27,54.4445333333,56.1779333333,46.5313333333,39.1483333333,49.9344666667,49.9597333333,38.4982666667,53.4243333333,47.9085666667,54.7745666667,56.0082333333,39.4160333333,59.4571,40.5021,22.2431666667,13.7917,10.0364,8.7616
1925.0,56.0337,60.5763333333,29.6155333333,21.3344,58.4085333333,58.2267666667,54.4093333333,56.1426333333,46.5099333333,39.1383,49.9034333333,49.9438,38.4893666667,53.3819666667,47.8889,54.7280666667,55.9636,39.4090333333,59.4549666667,40.5294666667,22.2628666667,13.7902,10.0557,8.76273333333
1926.0,56.0121333333,60.5535,29.6197666667,21.3436333333,58.3937666667,58.1974666667,54.3699,56.0913666667,46.4873333333,39.1292,49.8586666667,49.9203333333,38.4874,53.3556333333,47.8644333333,54.6858,55.9272666667,39.4061333333,59.4406,40.5389666667,22.2725666667,13.7914666667,10.0677333333,8.7567
1927.0,55.9955666667,60.5344333333,29.6303,21.3505666667,58.3833,58.1802666667,54.3348,56.0410333333,46.4695,39.1245,49.8141333333,49.8987,38.4910333333,53.3432,47.8428333333,54.6517,55.9005666667,39.4067333333,59.4249333333,40.5417666667,22.2768,13.7942666667,10.0762,8.7486
1928.0,55.9813,60.5205666667,29.6444666667,21.3575666667,58.3715666667,58.1711,54.3136666667,56.0131333333,46.4647666667,39.1247666667,49.7918,49.8948666667,38.4885,53.3367,47.8288,54.6269666667,55.8862,39.4041666667,59.4223333333,40.5483666667,22.2774,13.7956,10.0775,8.74893333333
1929.0,55.9657666667,60.5096666667,29.6632333333,21.3628333333,58.3541333333,58.1686333333,54.3083333333,56.009,46.4755666667,39.1294666667,49.7957,49.9126,38.473,53.3351333333,47.8212,54.6094333333,55.8837333333,39.3946,59.4297,40.5561666667,22.2697666667,13.7931333333,10.0678666667,8.75973333333
1930.0,55.9572333333,60.5061333333,29.6845333333,21.3699333333,58.3419666667,58.1759333333,54.3124,56.0211,46.4941666667,39.1393,49.812,49.9398,38.4621333333,53.3414333333,47.8215666667,54.6033666667,55.8929,39.3878666667,59.4511,40.5694333333,22.2644666667,13.7927,10.0571333333,8.77433333333
1931.0,55.9655666667,60.5163,29.7054,21.3846333333,58.3483666667,58.197,54.3204,56.0463333333,46.5130666667,39.1554333333,49.8290333333,49.9653333333,38.4765,53.3580666667,47.8339,54.6162333333,55.9158,39.3950666667,59.4974666667,40.5975666667,22.2759666667,13.8017666667,10.0574333333,8.78726666667
1932.0,55.9900666667,60.5404333333,29.7268,21.408,58.3726333333,58.2336666667,54.3341666667,56.089,46.5345666667,39.1781666667,49.8501,49.9923333333,38.5155333333,53.3863,47.8592333333,54.6509666667,55.9559333333,39.4151333333,59.5733333333,40.6424,22.3041333333,13.8204333333,10.0679333333,8.80093333333
1933.0,56.0247,60.5717333333,29.7480333333,21.4295333333,58.4046333333,58.275,54.3528666667,56.1354666667,46.5574,39.2058,49.8743333333,50.02,38.5607666667,53.4191666667,47.8895666667,54.6885666667,55.9973,39.4418,59.6493666667,40.6867666667,22.3348666667,13.8403666667,10.0795333333,8.811
1934.0,56.0672666667,60.6066333333,29.7683333333,21.4404666667,58.4381,58.3137,54.3733666667,56.1724,46.5781,39.237,49.8978333333,50.0445333333,38.6007333333,53.4506,47.917,54.7122333333,56.0248,39.4723666667,59.7023,40.7176666667,22.3603666667,13.8571,10.0869,8.812
1935.0,56.1186,60.6468,29.7881,21.4452333333,58.4759333333,58.3532666667,54.3971,56.2063333333,46.5983333333,39.2723333333,49.9223666667,50.0678333333,38.6411333333,53.4834666667,47.9453,54.7302666667,56.0458333333,39.5080333333,59.7439,40.7417,22.3846,13.8728666667,10.0927333333,8.80666666667
1936.0,56.1721,60.6877,29.8075333333,21.4507666667,58.5185333333,58.3920666667,54.4330666667,56.2524666667,46.6261333333,39.3122333333,49.9575666667,50.1002,38.6802,53.5232666667,47.9852,54.7591666667,56.0775333333,39.5446,59.7878666667,40.7655666667,22.4017333333,13.8825333333,10.0962333333,8.80333333333
1937.0,56.2228333333,60.7237,29.8251666667,21.4578333333,58.5634666667,58.4224333333,54.49,56.3197333333,46.6672333333,39.3579,50.0102666667,50.1487,38.7127333333,53.5704333333,48.0434666667,54.8039666667,56.1258,39.5792,59.8339333333,40.7884333333,22.4051333333,13.8804333333,10.0964666667,8.80483333333
1938.0,56.2761,60.7615,29.8430666667,21.4668333333,58.6142333333,58.4542,54.5584666667,56.3997,46.7158,39.4080666667,50.0735,50.2064,38.7452333333,53.6257333333,48.1136333333,54.8615666667,56.1865,39.6149333333,59.8853333333,40.8127666667,22.4023333333,13.8728,10.0944666667,8.809
1939.0,56.3402666667,60.8150666667,29.8665333333,21.4843666667,58.6801333333,58.511,54.6207333333,56.4820666667,46.7625333333,39.4599,50.1368333333,50.2630666667,38.7930333333,53.6947,48.1873,54.9369,56.2619666667,39.6568333333,59.9614,40.8504333333,22.4076666667,13.8717333333,10.0925,8.8168
1940.0,56.4183333333,60.8884,29.8961666667,21.5138666667,58.7674666667,58.5990666667,54.6748333333,56.5674333333,46.8060666667,39.5138333333,50.1981333333,50.3177,38.8613,53.7808,48.2682666667,55.0360333333,56.3578333333,39.7067666667,60.0709666667,40.9068666667,22.4232,13.8790333333,10.0899,8.83063333333
1941.0,56.5015666667,60.9692666667,29.9299,21.5458666667,58.8591333333,58.6993333333,54.7284,56.6560666667,46.8510666667,39.5690666667,50.2638666667,50.3745,38.9348666667,53.8746333333,48.3481666667,55.143,56.4597666667,39.7593666667,60.1888666667,40.9667333333,22.4418,13.8883,10.0877666667,8.84416666667
1942.0,56.5811,61.0464,29.9670333333,21.5705333333,58.9356333333,58.7964,54.7854666667,56.7453666667,46.9009333333,39.6231666667,50.3389333333,50.4360666667,38.9991,53.9671666667,48.4142,55.2406,56.5523333333,39.8093,60.2904333333,41.0152,22.4585333333,13.8951666667,10.0872333333,8.85026666667
1943.0,56.6588666667,61.1229666667,30.0083,21.5904333333,59.0001,58.8962333333,54.8432666667,56.8350333333,46.9546333333,39.6759,50.4218333333,50.5011333333,39.0577,54.0617333333,48.4681666667,55.3334666667,56.6406666667,39.8582333333,60.383,41.0568,22.4752333333,13.9013,10.0877333333,8.85113333333
1944.0,56.74,61.2009333333,30.0503333333,21.6091,59.0709666667,58.9916666667,54.9100333333,56.9313333333,47.0112,39.7331666667,50.5112,50.5716,39.1165,54.1553666667,48.5240333333,55.426,56.7240333333,39.9071,60.4698666667,41.0934666667,22.4901666667,13.9047333333,10.0909,8.84806666667
1945.0,56.8282333333,61.2807333333,30.0915333333,21.6277666667,59.163,59.0742333333,54.995,57.0411666667,47.0705666667,39.7992,50.6087333333,50.6510333333,39.1785666667,54.2443333333,48.5902666667,55.5186666667,56.7987333333,39.9572,60.5473,41.1223,22.501,13.902,10.0994,8.83923333333
1946.0,56.9216,61.3622,30.1326666667,21.6458,59.2683666667,59.1484666667,55.0933666667,57.1608333333,47.1328333333,39.8719333333,50.7136,50.7375666667,39.2423333333,54.3306666667,48.6625,55.6113333333,56.8667666667,40.0078333333,60.6174,41.1449333333,22.5090333333,13.8949666667,10.1118333333,8.82573333333
1947.0,57.0176,61.4481,30.1707666667,21.6660666667,59.3717333333,59.2276,55.1888333333,57.2773666667,47.1953666667,39.9488,50.8143333333,50.8212,39.3076333333,54.4213,48.7427333333,55.7112,56.9393333333,40.0557,60.7019,41.1781666667,22.5180333333,13.8917666667,10.1214333333,8.81893333333
1948.0,57.1175666667,61.5420333333,30.2048666667,21.6913666667,59.4702333333,59.316,55.2757666667,57.3834666667,47.2569666667,40.0327333333,50.9061666667,50.8992333333,39.3753333333,54.5174666667,48.8356666667,55.8219,57.0165666667,40.0981333333,60.8126333333,41.2313666667,22.5303666667,13.8968,10.1268333333,8.82476666667
1949.0,57.2188333333,61.6384,30.236,21.7176666667,59.5660333333,59.4086,55.3608333333,57.4889,47.3192,40.1184,50.9951,50.9745,39.4439,54.6182666667,48.9338333333,55.9386666667,57.1002333333,40.1389666667,60.9336333333,41.2917,22.5428666667,13.904,10.1291,8.83533333333
1950.0,57.3153333333,61.728,30.2640333333,21.7389,59.6555666667,59.5024333333,55.4486333333,57.6056333333,47.3839333333,40.1951,51.0865,51.0470333333,39.5106666667,54.7262666667,49.0248,56.0569,57.1996333333,40.1833333333,61.0461333333,41.3435333333,22.5514666667,13.9056666667,10.1267666667,8.84156666667
1951.0,57.4062,61.8098666667,30.2869,21.7549666667,59.7361,59.5988,55.5379,57.7341333333,47.4510666667,40.2634333333,51.1792666667,51.1147,39.5755,54.8456,49.1096,56.1795,57.3195666667,40.2300333333,61.1518,41.3883,22.5549,13.9004666667,10.1181,8.844
1952.0,57.4968,61.8911,30.3107666667,21.769,59.8174333333,59.6949,55.6302333333,57.8672333333,47.5199666667,40.3266,51.2743,51.1838333333,39.6398,54.9628333333,49.1908,56.2999,57.4412333333,40.2800333333,61.2540666667,41.429,22.5587333333,13.8958,10.1091,8.84513333333
1953.0,57.5914,61.9777,30.3418666667,21.7823666667,59.9094,59.7863,55.7293666667,58.0007333333,47.5905333333,40.3844666667,51.3748333333,51.2613,39.7040666667,55.0620666667,49.2680333333,56.4088,57.5451,40.3359333333,61.3523,41.4650666667,22.5685333333,13.8981333333,10.1055333333,8.8456
1954.0,57.6881666667,62.0677666667,30.3780333333,21.7932666667,60.0092666667,59.873,55.8355,58.1375333333,47.6632666667,40.4353,51.4814,51.3455333333,39.7673333333,55.1455333333,49.3397666667,56.5068666667,57.6355666667,40.3976333333,61.4448666667,41.4951333333,22.5831666667,13.9056,10.1056,8.8445
1955.0,57.7897666667,62.1608333333,30.4197333333,21.8098333333,60.1135666667,59.9649333333,55.9393666667,58.2682,47.7355333333,40.4903666667,51.5836,51.4322333333,39.8342666667,55.2334666667,49.4163,56.6101666667,57.7267333333,40.4602666667,61.5430333333,41.5289333333,22.598,13.9167333333,10.1084666667,8.84653333333
1956.0,57.8987666667,62.2569,30.471,21.8392,60.2209,60.0686666667,56.0344333333,58.3840333333,47.8062666667,40.5580666667,51.6739,51.5205666667,39.9093666667,55.3372666667,49.5057333333,56.73,57.8239333333,40.5217666667,61.6554666667,41.5731666667,22.6106333333,13.9339333333,10.1153333333,8.85683333333
1957.0,58.0132,62.3559333333,30.5279,21.8759666667,60.3320333333,60.1798,56.1252,58.4915,47.8759666667,40.6326,51.7575666667,51.6105,39.9891666667,55.4497,49.6023,56.8585333333,57.9247,40.5831,61.7758333333,41.6232666667,22.6225,13.9546,10.1248333333,8.87126666667
1958.0,58.1294,62.4580333333,30.5755666667,21.9099666667,60.4467333333,60.2942333333,56.2172666667,58.6031666667,47.9425666667,40.7055333333,51.8416666667,51.697,40.0667333333,55.5682,49.6969,56.9853333333,58.0366333333,40.6419666667,61.8941,41.6734333333,22.6333333333,13.9662333333,10.1302333333,8.87966666667
1959.0,58.2492,62.5644666667,30.6089333333,21.9411,60.5675333333,60.4141333333,56.3119666667,58.7208,48.0044666667,40.7755333333,51.9239,51.779,40.1414333333,55.6971,49.789,57.1109333333,58.1673333333,40.6973666667,62.0089,41.7241333333,22.6404333333,13.9641666667,10.1294666667,8.87836666667
1960.0,58.3686333333,62.6728666667,30.6376,21.9691333333,60.6892333333,60.5348,56.4070666667,58.8413,48.0649333333,40.8449,52.0091333333,51.8583333333,40.2142666667,55.8274,49.8794666667,57.2337666667,58.3016333333,40.7511333333,62.1224333333,41.7742,22.6492333333,13.9575,10.1265,8.87423333333
1961.0,58.4806,62.7804,30.6701333333,21.9901666667,60.8045666667,60.6484666667,56.5015333333,58.9642666667,48.1278,40.9142,52.1076333333,51.9356,40.2843,55.945,49.9668666667,57.3483666667,58.4202,40.8052,62.2354666667,41.8202666667,22.6686,13.9555333333,10.1245,8.874
1962.0,58.5859,62.8885333333,30.7044333333,22.0038,60.9146333333,60.7563,56.5958333333,59.0902,48.1921,40.9831666667,52.2203666667,52.0099,40.3509666667,56.0512666667,50.0509666667,57.4542333333,58.5259666667,40.8592,62.3491666667,41.8627333333,22.7003,13.9561333333,10.1221666667,8.876
1963.0,58.6881,62.9935333333,30.7416666667,22.0157666667,61.0217666667,60.8607666667,56.6887333333,59.2172,48.2584333333,41.0523666667,52.3326666667,52.0845,40.4176666667,56.1543333333,50.1342333333,57.5586,58.6253,40.9128,62.4575666667,41.9033333333,22.7279,13.9590666667,10.1222333333,8.88053333333
1964.0,58.7896,63.0910666667,30.7856666667,22.0287333333,61.1266,60.9625,56.7787333333,59.3447333333,48.3292333333,41.1235,52.4348,52.1619333333,40.4875333333,56.2591666667,50.2190333333,57.6658666667,58.7186666667,40.9669666667,62.5546,41.9422333333,22.7381333333,13.9663333333,10.1282666667,8.89086666667
1965.0,58.8891333333,63.1834,30.8343,22.0415333333,61.2289666667,61.0613,56.8665666667,59.4730333333,48.4030333333,41.1955,52.5315333333,52.2409,40.5589333333,56.3632666667,50.3041666667,57.7738,58.8061666667,41.0211,62.6435,41.9794666667,22.7378,13.9768,10.1383,8.90503333333
1966.0,58.9851333333,63.2767666667,30.8754666667,22.0587333333,61.3305666667,61.1590333333,56.9536,59.5970333333,48.4718333333,41.2623333333,52.6222,52.3206,40.6290333333,56.4664333333,50.3864333333,57.8842,58.9007333333,41.0704,62.7334333333,42.0187333333,22.7366,13.9830666667,10.1463666667,8.91056666667
1967.0,59.0748333333,63.3714,30.9019666667,22.0835,61.4300666667,61.2546333333,57.0395666667,59.7136666667,48.5317,41.3186,52.702,52.4011666667,40.6967333333,56.5685666667,50.4639666667,57.999,59.0102333333,41.1112666667,62.8239,42.0606333333,22.7349666667,13.9816333333,10.1505,8.90036666667
1968.0,59.1623333333,63.4677,30.9235,22.1114333333,61.5298333333,61.35,57.1249666667,59.8271,48.5876,41.3718333333,52.7783333333,52.4822666667,40.7634,56.6698333333,50.5393333333,58.1152333333,59.1242666667,41.1487666667,62.9167666667,42.1047666667,22.7335666667,13.9770333333,10.153,8.8839
1969.0,59.2549,63.57,30.9533333333,22.1365,61.6359333333,61.4500333333,57.2113,59.9432333333,48.6454666667,41.4335333333,52.8650333333,52.5628666667,40.8304666667,56.7704,50.6161333333,58.2279,59.2291333333,41.1898666667,63.0202666667,42.1523333333,22.7384666667,13.9741333333,10.1554,8.8729
1970.0,59.3534,63.6829333333,30.9942666667,22.1599666667,61.7525666667,61.5585333333,57.298,60.0639333333,48.7053666667,41.5068333333,52.9648,52.6438,40.8982333333,56.8690666667,50.6936333333,58.3361666667,59.3223333333,41.2337333333,63.1387333333,42.2055,22.7522,13.9719333333,10.1582666667,8.86616666667
1971.0,59.4541333333,63.7942333333,31.0367,22.1799666667,61.8681,61.6651666667,57.3862,60.1832333333,48.7657333333,41.582,53.0684,52.7232,40.9654,56.9686333333,50.7728666667,58.4429,59.4127,41.2811666667,63.2603,42.2590333333,22.7676333333,13.9719333333,10.1599333333,8.86433333333
1972.0,59.5543333333,63.8891666667,31.0721,22.1918333333,61.9693,61.7573333333,57.4781333333,60.2942333333,48.826,41.6500666667,53.1689666667,52.7984,41.0302,57.0722666667,50.8564333333,58.5492,59.5075,41.3355,63.3738,42.3075666667,22.7774333333,13.9783333333,10.1580666667,8.87233333333
1973.0,59.6548,63.9702333333,31.1028333333,22.1951666667,62.0588,61.8366666667,57.5739666667,60.3976,48.8864666667,41.7134,53.2692666667,52.8698,41.0928333333,57.1794333333,50.944,58.6536666667,59.6044333333,41.3967666667,63.4829333333,42.3531333333,22.7832333333,13.9912666667,10.1527666667,8.89086666667
1974.0,59.7561,64.0515,31.1307333333,22.203,62.1465666667,61.9185333333,57.6676,60.5031666667,48.9463,41.7748333333,53.3649666667,52.9401333333,41.1555666667,57.2873,51.0310333333,58.7636,59.7037333333,41.4576,63.5862333333,42.3938,22.7901,14.0003,10.1488666667,8.90456666667
1975.0,59.8597333333,64.1399,31.1533333333,22.2252666667,62.2369666667,62.0119666667,57.7536333333,60.6167333333,49.0033666667,41.834,53.4501666667,53.0095,41.2194666667,57.3957333333,51.1147,58.887,59.8066333333,41.5138333333,63.6814666667,42.4275,22.8016333333,13.9974,10.1503,8.90243333333
1976.0,59.9642333333,64.2314,31.1734,22.2548666667,62.3276,62.1111333333,57.8362,60.7344333333,49.0596666667,41.8917666667,53.5298,53.0783333333,41.2839666667,57.5042666667,51.1966666667,59.0173,59.9120333333,41.5680333333,63.7703666667,42.4558333333,22.8152,13.9884,10.1542,8.89223333333
1977.0,60.0643,64.3274333333,31.2035333333,22.2812333333,62.4209666667,62.2125,57.9235333333,60.8539,49.1221,41.9543333333,53.6173666667,53.1523,41.3497,57.6083666667,51.2777333333,59.1382333333,60.0159666667,41.6207,63.8569666667,42.4821333333,22.8261666667,13.9829666667,10.1559,8.8848
1978.0,60.1584,64.4304666667,31.2495,22.3035333333,62.5185,62.3176333333,58.0187666667,60.978,49.1952333333,42.0258333333,53.7193666667,53.2356,41.4173333333,57.7047666667,51.3560666667,59.2453666667,60.1170333333,41.6705333333,63.9390333333,42.5032666667,22.8336666667,13.9815,10.1541,8.8809
1979.0,60.2493333333,64.5354333333,31.3001666667,22.3229333333,62.6173333333,62.4233333333,58.1157666667,61.1006333333,49.2703,42.0981333333,53.8231666667,53.3198666667,41.4854666667,57.7996666667,51.4354,59.3470333333,60.2179,41.7201333333,64.0212666667,42.5256,22.8391333333,13.9837,10.1512333333,8.87953333333
1980.0,60.3391333333,64.6360333333,31.3433333333,22.3375666667,62.7139666667,62.5242666667,58.2084,61.2117666667,49.3372333333,42.1607,53.9141333333,53.3947,41.5528666667,57.9012333333,51.5225666667,59.4505,60.3218333333,41.7745,64.1126,42.5599,22.8429,13.9930333333,10.1493333333,8.88313333333
1981.0,60.4264,64.7339,31.3817,22.3465333333,62.8083666667,62.6216333333,58.2981666667,61.3115,49.3976,42.2142666667,53.9937666667,53.4613666667,41.6213,58.0097666667,51.6196333333,59.5549666667,60.4303333333,41.835,64.2135666667,42.6063333333,22.8444666667,14.0116333333,10.1478666667,8.89273333333
1982.0,60.5153333333,64.8277666667,31.4154,22.3556666667,62.9041666667,62.7155333333,58.3844666667,61.4092,49.4543333333,42.2664666667,54.07,53.5247,41.6844,58.1153333333,51.7108666667,59.6570333333,60.5335666667,41.8905666667,64.3128,42.6533,22.8457333333,14.0270333333,10.1472666667,8.90113333333
1983.0,60.6115333333,64.9156333333,31.4422,22.3693666667,63.0067,62.8062333333,58.4653666667,61.5118333333,49.5075666667,42.3226,54.1472333333,53.5877333333,41.7348333333,58.2117333333,51.7829,59.7548333333,60.6229333333,41.9317333333,64.4017333333,42.6924333333,22.8478,14.0288333333,10.1482333333,8.9023
1984.0,60.7119333333,64.9985333333,31.4633,22.3853666667,63.113,62.8935333333,58.5419,61.6158333333,49.5573666667,42.38,54.2233333333,53.6489666667,41.7765666667,58.3020666667,51.8426,59.8492666667,60.7028666667,41.9634,64.4847333333,42.7279333333,22.8501666667,14.0223333333,10.1504,8.8994
1985.0,60.8048,65.0792666667,31.4856666667,22.4032333333,63.2098333333,62.9746333333,58.6183333333,61.7177333333,49.61,42.4361666667,54.2998,53.7065,41.8222666667,58.3839333333,51.9017,59.9403666667,60.7815,41.9940666667,64.5668333333,42.7626,22.8538,14.0156666667,10.1527666667,8.8967
1986.0,60.8857333333,65.1587666667,31.5121333333,22.4247,63.2924333333,63.0484,58.6953666667,61.8171,49.6692666667,42.491,54.3782,53.7583,41.8767666667,58.4539666667,51.9620333333,60.0277,60.8602666667,42.0237,64.6496,42.7973333333,22.8584666667,14.0088333333,10.1553666667,8.89466666667
1987.0,60.9599333333,65.2359333333,31.5391333333,22.4467333333,63.3665666667,63.1161666667,58.7724666667,61.9141666667,49.7299,42.5441666667,54.4564333333,53.8074,41.9342333333,58.5175,52.0225,60.112,60.9382333333,42.0537666667,64.7314333333,42.831,22.8648333333,14.0030333333,10.1579666667,8.89333333333
1988.0,61.0314,65.3103,31.5632666667,22.4636,63.4363333333,63.1789333333,58.8512333333,62.008,49.7852,42.5941666667,54.5322333333,53.8584666667,41.9901333333,58.5831333333,52.087,60.1946,61.0180333333,42.0916333333,64.812,42.8628333333,22.8753666667,14.0046666667,10.1596333333,8.89523333333
1989.0,61.0998,65.3835666667,31.5847,22.4757,63.5006666667,63.2355,58.9348666667,62.0998,49.8361,42.6416333333,54.6073,53.9113666667,42.0468666667,58.6506333333,52.1585,60.2767,61.1015666667,42.1405333333,64.8921333333,42.8932333333,22.8919,14.0163,10.1607333333,8.9012
1990.0,61.1645,65.4507333333,31.6046,22.4844333333,63.5614666667,63.2891333333,59.0124666667,62.1862666667,49.8827333333,42.6851666667,54.6772,53.9642333333,42.0989333333,58.7167333333,52.2258666667,60.3542333333,61.1814,42.1867666667,64.9692666667,42.9213333333,22.9071666667,14.0266666667,10.1603333333,8.90713333333
1991.0,61.2241333333,65.5042333333,31.6229,22.4889333333,63.62,63.3419666667,59.0723333333,62.2628666667,49.9235666667,42.7216,54.7361333333,54.0167,42.1383666667,58.7779333333,52.2768,60.4215666667,61.2492333333,42.2167333333,65.0397666667,42.9450666667,22.9138333333,14.0238,10.1564333333,8.90936666667
1992.0,61.2789,65.5461,31.6393666667,22.489,63.6753666667,63.3928333333,59.1183,62.3308,49.9589666667,42.7516666667,54.7858333333,54.0691666667,42.1675333333,58.8352,52.3153,60.4801666667,61.3077333333,42.235,65.1046,42.965,22.9144333333,14.0116666667,10.1493666667,8.9093
1993.0,61.3358,65.5934666667,31.6582,22.4937333333,63.7346,63.4472333333,59.163,62.3987,49.9936666667,42.7841,54.8354333333,54.1163333333,42.2005,58.897,52.3571,60.5428666667,61.3681666667,42.2547,65.1717666667,42.9869,22.9149666667,14.0043,10.1462333333,8.90743333333
1994.0,61.4007333333,65.6556333333,31.6826,22.5102333333,63.8038,63.5108666667,59.2112,62.4723666667,50.0284,42.8224666667,54.8885333333,54.1542,42.2446333333,58.9711666667,52.4115333333,60.6181666667,61.4379666667,42.2813666667,65.2503666667,43.0163,22.9176333333,14.0092666667,10.153,8.9034
1995.0,61.4672333333,65.7241666667,31.7092333333,22.5308666667,63.8763,63.5771,59.2593333333,62.5456333333,50.0634333333,42.8641333333,54.9423666667,54.1868,42.2934,59.0489,52.4695,60.6974333333,61.5095,42.3105,65.3294333333,43.0467666667,22.9207333333,14.0196,10.1631,8.8978
1996.0,61.5249333333,65.7913666667,31.7334333333,22.5442666667,63.9418666667,63.6344666667,59.3078666667,62.6096,50.1036,42.9095666667,54.9976333333,54.22,42.3415666667,59.1151333333,52.5206,60.7702333333,61.573,42.3409,65.3882333333,43.0669333333,22.9245,14.0282666667,10.1658,8.892
1997.0,61.5755666667,65.8622666667,31.7568666667,22.5504333333,64.0035,63.6839,59.3581,62.6644,50.1516333333,42.9625333333,55.0572666667,54.2540666667,42.3924,59.1721,52.5661666667,60.8391333333,61.6315333333,42.3748333333,65.4257666667,43.0760333333,22.9301666667,14.0370666667,10.161,8.8847
1998.0,61.6182666667,65.9237666667,31.7763,22.5537333333,64.0554,63.7271,59.4055666667,62.7139,50.1966333333,43.0104333333,55.1112333333,54.2860333333,42.4372333333,59.2191666667,52.6061666667,60.8998333333,61.6793333333,42.4053666667,65.4544666667,43.0812,22.9333,14.0427,10.1534666667,8.8797
1999.0,61.6494333333,65.9597333333,31.7869,22.5559,64.0885,63.7631666667,59.4462333333,62.7598,50.2286333333,43.0401333333,55.1487333333,54.3139666667,42.4660666667,59.2516666667,52.6380333333,60.9459,61.7071666667,42.4251,65.4808,43.0868666667,22.9280333333,14.0399333333,10.145,8.88193333333
2000.0,61.6698,65.9753666667,31.79,22.5559333333,64.1056333333,63.7921666667,59.4817,62.8012666667,50.2514,43.0563333333,55.1735,54.3387333333,42.4823333333,59.2705333333,52.6623,60.9794333333,61.7177,42.4366333333,65.5014333333,43.0910333333,22.9161333333,14.0303333333,10.1345666667,8.8899
2001.0,61.6907333333,65.9908,31.7947666667,22.5584666667,64.1208333333,63.8200333333,59.5122333333,62.8423666667,50.2692666667,43.0689333333,55.1942333333,54.3596,42.4947666667,59.2907666667,52.6866666667,61.0088666667,61.7272,42.4459666667,65.5284,43.0966,22.9078,14.0220333333,10.129,8.8957
2002.0,61.7198,66.0157,31.8059666667,22.5670666667,64.1396666667,63.8515,59.5374,62.887,50.2813,43.0807,55.2136,54.3755,42.5057666667,59.3208666667,52.7160333333,61.0378,61.7427666667,42.4545333333,65.5708666667,43.1053,22.9074666667,14.0184,10.1341,8.89563333333
2003.0,61.7494666667,66.0418333333,31.8191666667,22.5780666667,64.1581,63.8816666667,59.5577666667,62.9308333333,50.2897333333,43.0902,55.2299,54.3878,42.5141666667,59.3529666667,52.7456,61.0635333333,61.7587,42.4618,65.6195,43.1155666667,22.9117,14.0168333333,10.1438666667,8.8929
2004.0,61.7695333333,66.0631333333,31.8301666667,22.5853,64.1772,63.9027,59.5743333333,62.9662666667,50.3033333333,43.1007666667,55.2449,54.3999666667,42.5233333333,59.3788666667,52.7688333333,61.0852,61.7729,42.4706333333,65.6605666667,43.1259,22.9195333333,14.0163666667,10.1485,8.88993333333
2005.0,61.779,66.0818,31.8389666667,22.5879333333,64.2012333333,63.9146666667,59.5863666667,62.9949,50.3253333333,43.1132666667,55.2595,54.4131333333,42.5329333333,59.3993333333,52.7856333333,61.1022,61.7855333333,42.4811333333,65.6963333333,43.1373,22.9349,14.0175333333,10.1473333333,8.88563333333
2006.0,61.7817333333,66.0934,31.8461666667,22.5890333333,64.2193,63.9185666667,59.5955333333,63.0139666667,50.3464333333,43.1249,55.2709333333,54.4239,42.5433666667,59.4135333333,52.7970333333,61.1160333333,61.7964666667,42.4926333333,65.7232,43.1475666667,22.9481333333,14.0194,10.1436,8.8826
2007.0,61.7797333333,66.0893333333,31.8512333333,22.5909333333,64.2172333333,63.9127,59.6044,63.0179,50.3579,43.1335333333,55.2762666667,54.4292333333,42.5567666667,59.4179333333,52.8025333333,61.1288333333,61.8056,42.5060666667,65.7337666667,43.1544666667,22.9466666667,14.0207,10.1386666667,8.8853
2008.0,61.772,66.0700333333,31.8541,22.593,64.1968666667,63.8962666667,59.6129,63.0071666667,50.3620333333,43.1400333333,55.2762666667,54.4299333333,42.5735333333,59.4126333333,52.8019,61.1404,61.8130666667,42.5223333333,65.7291333333,43.1588666667,22.9328666667,14.0217666667,10.1316333333,8.8934
2009.0,61.7606333333,66.0530666667,31.8565666667,22.5947333333,64.1761333333,63.8786666667,59.6149,62.9896333333,50.3605,43.1418666667,55.2708666667,54.4257333333,42.5853666667,59.4040666667,52.7966,61.1456666667,61.8166666667,42.5312333333,65.7160333333,43.1580333333,22.9176666667,14.0225,10.1265,8.89926666667
2010.0,61.7488,66.0513666667,31.8626666667,22.5973666667,64.166,63.8675666667,59.6074,62.9684,50.3526,43.1379666667,55.2598,54.4168333333,42.5895666667,59.3970666667,52.7878333333,61.1447666667,61.8182333333,42.5269666667,65.6952333333,43.1498666667,22.9038333333,14.0231666667,10.1268333333,8.8994
2011.0,61.7329666667,66.0523333333,31.8675333333,22.5991333333,64.1564666667,63.8554,59.5930666667,62.9417666667,50.3398333333,43.1292,55.2436333333,54.4029666667,42.5877,59.3871666667,52.7745333333,61.1363666667,61.8146666667,42.5147333333,65.6677666667,43.1366333333,22.8905333333,14.0233333333,10.1291,8.89653333333
2012.0,61.7055333333,66.0374666667,31.8595333333,22.5949,64.1346,63.8295333333,59.5744666667,62.911,50.3263,43.1156333333,55.2227666667,54.3828,42.5773666667,59.3667,52.7544666667,61.1126333333,61.7958333333,42.4992333333,65.6407,43.1212666667,22.8834333333,14.0217,10.1277333333,8.89166666667
2013.0,61.6632666667,66.0044333333,31.8343,22.5827333333,64.0994,63.7872,59.5519,62.8762333333,50.3127666667,43.0959333333,55.1968333333,54.3556666667,42.5553333333,59.3337333333,52.7247,61.0698333333,61.7580666667,42.4782,65.6161,43.1031666667,22.8846333333,14.018,10.1212333333,8.88346666667
2014.0,61.6153666667,65.9615333333,31.8045,22.5682666667,64.0552666667,63.7374,59.5241,62.8367666667,50.2966333333,43.0733,55.1669,54.3233,42.5298666667,59.2947,52.6928666667,61.0186333333,61.7122666667,42.4566666667,65.5875666667,43.0835,22.8879666667,14.013,10.1139666667,8.87513333333
2015.0,61.5718333333,65.9135666667,31.7818,22.5560666667,64.0029333333,63.6881333333,59.4898333333,62.7922333333,50.2751666667,43.0521,55.1349333333,54.2869,42.5106,59.2561333333,52.6680333333,60.9691666667,61.6691,42.4428333333,65.5481666667,43.0636666667,22.887,14.0064666667,10.1096,8.87056666667
2016.0,61.5305,65.8581333333,31.7625666667,22.5442666667,63.9406666667,63.637,59.449,62.7429,50.2485666667,43.0315333333,55.1007,54.2455333333,42.4953333333,59.2167,52.6483666667,60.9179666667,61.6255,42.4356,65.4989666667,43.0427666667,22.8831666667,13.9977333333,10.1068666667,8.8685
2017.0,61.4828,65.8008,31.7479666667,22.5374666667,63.8792,63.5829666667,59.4041666667,62.6862666667,50.2214666667,43.0062,55.0594666667,54.2025,42.4771666667,59.1710333333,52.6261,60.8675333333,61.5792666667,42.4234333333,65.4471333333,43.0243666667,22.8808333333,13.9933333333,10.1066,8.8691
2018.0,61.4251,65.7446333333,31.742,22.5415333333,63.8284333333,63.5288,59.3569,62.6217666667,50.1995,42.9731666667,55.0095666667,54.1615333333,42.4555333333,59.1199666667,52.6009333333,60.8241333333,61.5341333333,42.4021,65.3981333333,43.0123333333,22.883,13.9997,10.1110666667,8.87343333333
2019.0,61.3602333333,65.6871666667,31.7396,22.5497666667,63.7781,63.4708666667,59.3060333333,62.5498,50.1764,42.9350666667,54.9522,54.1185333333,42.4295333333,59.0613,52.5713666667,60.7803,61.4847333333,42.3743666667,65.3466333333,43.0023,22.8866666667,14.0099,10.1172666667,8.87986666667
2020.0,61.2889333333,65.6263333333,31.7298333333,22.5490333333,63.7100666667,63.3994333333,59.2504666667,62.4695666667,50.1397333333,42.8950333333,54.8860333333,54.0655,42.3918333333,58.985,52.5275666667,60.7193666667,61.4165666667,42.3390333333,65.2843333333,42.9862,22.8874333333,14.0120666667,10.1182,8.88486666667
2021.0,61.2114666667,65.5633333333,31.7124666667,22.5385,63.6220666667,63.3118333333,59.1922,62.3814666667,50.0876333333,42.8543,54.8089666667,54.0008666667,42.3395,58.8849666667,52.4667333333,60.6394666667,61.3251333333,42.2937666667,65.2125333333,42.9652,22.8863666667,14.0042666667,10.1128333333,8.8898
2022.0,61.1271666667,65.4953333333,31.6898,22.5222333333,63.5224,63.2162,59.1264666667,62.2846666667,50.0266666667,42.8093666667,54.7266333333,53.9297666667,42.2811666667,58.778,52.3974666667,60.5477,61.2237333333,42.2444666667,65.1289,42.9375,22.8813,13.9929333333,10.1049,8.89186666667
2023.0,61.0339,65.4173666667,31.6613666667,22.5004666667,63.4141,63.1183333333,59.0459333333,62.1767666667,49.9598,42.7560666667,54.6451333333,53.8553,42.2250333333,58.6816,52.3268333333,60.4473,61.1236,42.1976,65.0256666667,42.8976666667,22.8674,13.9823666667,10.0968333333,8.8858
2024.0,60.9309333333,65.3297666667,31.6267333333,22.4716666667,63.2938333333,63.0155,58.9507666667,62.0570333333,49.8841,42.6945666667,54.5625333333,53.7753,42.1684666667,58.5912333333,52.252,60.336,61.0205,42.1513333333,64.9018,42.8457666667,22.8447666667,13.9709333333,10.0872333333,8.872
2025.0,60.8295666667,65.2411666667,31.5906,22.4473,63.1815,62.9153,58.8562,61.9364,49.8151666667,42.6333,54.4788333333,53.6990666667,42.1121666667,58.5009333333,52.1778,60.2227666667,60.9198,42.1044333333,64.7834333333,42.7942,22.8251333333,13.9614333333,10.0811666667,8.8601
2026.0,60.7366,65.1560666667,31.5536,22.4329,63.0909333333,62.8235,58.7692333333,61.8197333333,49.7642666667,42.5761666667,54.3958,53.6340666667,42.0579666667,58.4117,52.1083333333,60.1140333333,60.8278333333,42.0565666667,64.6838,42.7480333333,22.8142,13.9542333333,10.0815,8.8537
2027.0,60.6461,65.0708,31.5165,22.4241333333,63.0091,62.7346,58.6847,61.7035666667,49.7204333333,42.5202333333,54.3113,53.5728666667,42.0037333333,58.3209666667,52.0396333333,60.0039,60.7375666667,42.0080333333,64.5923333333,42.7040666667,22.8075666667,13.9496333333,10.0857666667,8.85063333333
2028.0,60.5518333333,64.9831333333,31.4851666667,22.4190333333,62.9185333333,62.6412,58.6011666667,61.5872333333,49.6683666667,42.4646333333,54.2206666667,53.5045333333,41.9453,58.2191,51.9662333333,59.8843,60.636,41.9597,64.5023,42.6633666667,22.8035,13.9512,10.0920333333,8.85323333333
2029.0,60.4566666667,64.8954,31.4627666667,22.4215666667,62.8202,62.5445333333,58.5233,61.4744,49.6091666667,42.4123666667,54.1245,53.4296666667,41.8822333333,58.1043,51.8903333333,59.7536666667,60.5204666667,41.9121666667,64.4182666667,42.6278333333,22.8046666667,13.9621,10.1028333333,8.8648
2030.0,60.3532666667,64.8010666667,31.4402,22.4213333333,62.7137,62.4420666667,58.4386333333,61.355,49.5416,42.355,54.0212666667,53.3479,41.8161,57.9821333333,51.8063,59.6168666667,60.3993666667,41.8634333333,64.3287666667,42.5923333333,22.8040666667,13.9733,10.1118,8.87586666667
2031.0,60.2311666667,64.6913666667,31.4087666667,22.4059333333,62.5950333333,62.3302333333,58.3333666667,61.2179,49.4605333333,42.2821,53.9077333333,53.2571666667,41.7486666667,57.8567333333,51.7055,59.4778333333,60.2804,41.8124666667,64.2194333333,42.5520333333,22.7933,13.9759666667,10.1114666667,8.87596666667
2032.0,60.0940333333,64.5692333333,31.3715666667,22.3794666667,62.4657,62.2106333333,58.2125,61.0672333333,49.3678,42.1972,53.785,53.1583,41.6794666667,57.7268666667,51.5906666667,59.3353,60.1612333333,41.7599333333,64.0952666667,42.5087,22.7752333333,13.9733,10.1043666667,8.8687
2033.0,59.9531666667,64.4462,31.3323666667,22.3524333333,62.3299,62.0823,58.0846666667,60.9088,49.2718666667,42.1104,53.6590666667,53.0527,41.6043333333,57.5911,51.4751333333,59.1876333333,60.0347666667,41.7021,63.9668333333,42.4627,22.7567333333,13.9675666667,10.0965,8.8609
2034.0,59.8120666667,64.3282,31.2913,22.3286333333,62.1877333333,61.9411666667,57.9477666667,60.7410666667,49.1734333333,42.0248333333,53.5314,52.9374666667,41.5186333333,57.4464666667,51.3627,59.0317666667,59.8950666667,41.6345333333,63.8344333333,42.4134333333,22.7388333333,13.9577333333,10.0893666667,8.85393333333
2035.0,59.6688333333,64.2098,31.2490666667,22.3053666667,62.04,61.7924666667,57.8072,60.5675666667,49.0740333333,41.9386333333,53.4015333333,52.8168333333,41.4275,57.2968666667,51.2515666667,58.8716,59.7485666667,41.5625,63.7006666667,42.3616,22.7219333333,13.9458333333,10.0825333333,8.84773333333
2036.0,59.5271666667,64.0861666667,31.2097333333,22.2833666667,61.8916666667,61.6482333333,57.6830666667,60.4012333333,48.9841,41.8546333333,53.2732,52.7011333333,41.3401666667,57.1509666667,51.1469666667,58.7151,59.6061666667,41.4962333333,63.5798,42.3089666667,22.7116666667,13.9382333333,10.0790333333,8.84703333333
2037.0,59.3884666667,63.9573333333,31.1745666667,22.2636,61.7429666667,61.5085666667,57.5791,60.2434333333,48.9063,41.7743,53.1477666667,52.5893666667,41.2563,57.009,51.0509,58.5626666667,59.4674666667,41.4369,63.4762666667,42.2559,22.7105333333,13.9355,10.0795666667,8.85373333333
2038.0,59.2469666667,63.8253,31.1378666667,22.2426,61.5917666667,61.3684666667,57.4745666667,60.0845,48.8276333333,41.6916666667,53.0194666667,52.4807333333,41.1731333333,56.8668,50.9545666667,58.4102,59.3295333333,41.3765666667,63.3697333333,42.2007333333,22.708,13.9330666667,10.0805,8.85963333333
2039.0,59.0961,63.6904333333,31.0944,22.2161,61.4359666667,61.2243666667,57.3519333333,59.9167666667,48.7367,41.601,52.8823666667,52.3775333333,41.0902333333,56.7227333333,50.8510333333,58.2562666667,59.1925,41.3084666667,63.2404333333,42.1413,22.6933666667,13.9267,10.0789666667,8.85673333333
2040.0,58.9378333333,63.5523333333,31.0459333333,22.1854666667,61.2761666667,61.0775666667,57.2176333333,59.743,48.6377666667,41.5043,52.7384666667,52.2792666667,41.0079333333,56.5775666667,50.7429333333,58.1016333333,59.0565666667,41.2350666667,63.0952333333,42.0781333333,22.6703666667,13.9179333333,10.0761,8.84783333333
2041.0,58.7836666667,63.4167,30.9956333333,22.1592666667,61.1180666667,60.9316,57.0788666667,59.5661333333,48.5356666667,41.4058333333,52.5949333333,52.1743666667,40.9194666667,56.4248333333,50.6287666667,57.9387,58.9136,41.1609333333,62.9526,42.0176,22.6497333333,13.912,10.0726666667,8.83936666667
2042.0,58.6411333333,63.2889666667,30.9437333333,22.1425333333,60.9651333333,60.7890333333,56.9361,59.3888,48.4314,41.3061,52.4554,52.0578333333,40.8211,56.2620666667,50.5079333333,57.7655333333,58.7623333333,41.0877666667,62.8177666667,41.9627666667,22.6342,13.9114666667,10.069,8.83146666667
2043.0,58.4999333333,63.1612,30.8905,22.1285,60.8128,60.6462,56.7901333333,59.2072,48.3244666667,41.2054666667,52.3153666667,51.9357333333,40.7178666667,56.0922333333,50.3813666667,57.5840333333,58.6032666667,41.0136333333,62.6859333333,41.9096666667,22.6213,13.9130666667,10.0647333333,8.82516666667
2044.0,58.3461666667,63.0212666667,30.8374,22.1088333333,60.6552,60.4978333333,56.6453666667,59.0145666667,48.216,41.1059333333,52.169,51.8132,40.6156,55.9166333333,50.2495,57.3926,58.4322666667,40.9371666667,62.5568333333,41.854,22.6118666667,13.9126666667,10.059,8.82586666667
2045.0,58.1792,62.8682666667,30.7834666667,22.0843333333,60.4928333333,60.3443,56.5013333333,58.8074,48.1048666667,41.0072333333,52.0147,51.6885666667,40.5139333333,55.7314333333,50.1110333333,57.1866333333,58.2455333333,40.8588,62.4331666667,41.7961,22.6080666667,13.9106666667,10.0506333333,8.8355
2046.0,58.0072666667,62.7102666667,30.7312666667,22.0556333333,60.3263,60.1865333333,56.3571666667,58.6008333333,47.9942333333,40.9098,51.8607666667,51.5655,40.4115333333,55.5491666667,49.9698666667,56.9829,58.0578666667,40.7772,62.3055666667,41.7365,22.6017,13.9078333333,10.0442333333,8.84486666667
2047.0,57.8329666667,62.5497333333,30.6834,22.0195666667,60.1532333333,60.0236333333,56.2112666667,58.4064666667,47.8859666667,40.8145333333,51.7132333333,51.4482,40.3072666667,55.3810666667,49.8269333333,56.7955666667,57.8793333333,40.6889666667,62.1633666667,41.6742666667,22.5838,13.9043666667,10.0447666667,8.84646666667
2048.0,57.6557666667,62.3863,30.6384333333,21.9782666667,59.9752666667,59.8564,56.0646666667,58.219,47.7794666667,40.7210333333,51.5694,51.3346333333,40.2019,55.2216666667,49.6824666667,56.6180666667,57.7058,40.5963,62.0123,41.6100666667,22.5592,13.9002,10.0496,8.84396666667
2049.0,57.4876666667,62.2324333333,30.5930333333,21.9450333333,59.8035,59.69,55.9235666667,58.0372333333,47.6781,40.6272333333,51.4294666667,51.2208,40.1002333333,55.0637,49.5472333333,56.4448666667,57.544,40.5113333333,61.8684,41.5501333333,22.5405,13.8960333333,10.0519333333,8.8412
2050.0,57.3324333333,62.0916333333,30.5476,21.9234333333,59.6404333333,59.5239,55.7915666667,57.8657666667,47.5856666667,40.5352333333,51.2974,51.1080333333,40.0039666667,54.9070666667,49.4246333333,56.2794666667,57.4005,40.4382,61.7378,41.4976,22.5318333333,13.8921666667,10.0501,8.83886666667
2051.0,57.1830666667,61.9577,30.5010666667,21.9071333333,59.4817,59.3597333333,55.6617333333,57.6947666667,47.4946,40.4407333333,51.1651,50.9934666667,39.9098666667,54.7511666667,49.3083666667,56.1142333333,57.262,40.3692333333,61.6095,41.4464666667,22.5258333333,13.8881666667,10.0468333333,8.83623333333
2052.0,57.0333333333,61.8263333333,30.4505,21.8919666667,59.3241333333,59.2008333333,55.5259,57.5088666667,47.3954666667,40.3356666667,51.0207,50.8715,39.8147333333,54.5934666667,49.1941333333,55.9362333333,57.1116666667,40.2973333333,61.4723,41.3895666667,22.5161,13.8838666667,10.0442,8.8335
2053.0,56.8847,61.7002333333,30.3955666667,21.8802333333,59.1680666667,59.0463,55.3855333333,57.3080666667,47.2899333333,40.2187,50.865,50.7420333333,39.7193666667,54.4344333333,49.0849333333,55.7455666667,56.9516,40.2243,61.3269333333,41.3271,22.5043,13.8794333333,10.0415666667,8.83063333333
2054.0,56.7370333333,61.5714666667,30.3408666667,21.8648333333,59.0157666667,58.8981,55.2420666667,57.1083333333,47.1792,40.1050666667,50.7065333333,50.6113666667,39.6230666667,54.2739666667,48.9708,55.5552333333,56.7893666667,40.1492,61.1815333333,41.2656,22.4887,13.8738666667,10.0396,8.82783333333
2055.0,56.5897666667,61.4329666667,30.2883666667,21.8395333333,58.8695666667,58.7598333333,55.0934666667,56.9176666667,47.0598333333,40.0052333333,50.5463333333,50.4802,39.5234,54.1087666667,48.8408666667,55.3698,56.6256,40.0678666667,61.0362333333,41.2087,22.4645,13.8655333333,10.0395333333,8.82446666667
2056.0,56.4432666667,61.2899,30.2374,21.8087,58.7274,58.6282333333,54.9423666667,56.7321,46.9358333333,39.9124333333,50.3859,50.3497333333,39.4227,53.9424333333,48.7039666667,55.1883,56.4617666667,39.9844666667,60.8935333333,41.1543,22.4363666667,13.8560333333,10.0401666667,8.8214
2057.0,56.2983,61.1504666667,30.1910333333,21.7788,58.5844,58.4943,54.7996333333,56.5552666667,46.8212666667,39.8202666667,50.2398333333,50.2315333333,39.3283,53.7883666667,48.5791666667,55.0219666667,56.3107666667,39.9131,60.7712666667,41.1016,22.4184333333,13.8501333333,10.0378666667,8.82176666667
2058.0,56.1557,61.0129333333,30.1491666667,21.7485333333,58.4396,58.3579666667,54.6655666667,56.3880333333,46.7149333333,39.7288666667,50.1107666667,50.1277,39.2422333333,53.6520333333,48.4699,54.8773666667,56.1795666667,39.8592333333,60.6781666667,41.0511333333,22.4137333333,13.8487,10.0310333333,8.82646666667
2059.0,56.0134333333,60.8808,30.1112333333,21.7207666667,58.2956,58.2203666667,54.5380333333,56.2272,46.6182,39.6382333333,49.9900333333,50.0313,39.1582,53.5176,48.3652666667,54.7361666667,56.0487666667,39.8069666667,60.5896666667,41.0015666667,22.4129666667,13.849,10.0240666667,8.83273333333
2060.0,55.8688333333,60.7617,30.0784666667,21.7012,58.1545666667,58.0800333333,54.4184,56.0713333333,46.5382666667,39.5466666667,49.8724333333,49.9388333333,39.0699,53.3681666667,48.2570666667,54.5796666667,55.8963666667,39.7397333333,60.4806333333,40.9514,22.4090333333,13.849,10.0215,8.83866666667
2061.0,55.7222,60.6552,30.052,21.6891,58.0160333333,57.9366,54.3079,55.9219333333,46.4761333333,39.4542333333,49.7611,49.8528,38.9785666667,53.2074333333,48.1481,54.4126333333,55.7262,39.6612333333,60.3573666667,40.9010666667,22.4044666667,13.8495,10.0224333333,8.84543333333
2062.0,55.5782666667,60.5463,30.0198333333,21.6761666667,57.8781,57.7977,54.194,55.7702333333,46.4068666667,39.3647,49.6435,49.7607,38.8896666667,53.0469666667,48.0357666667,54.2413333333,55.5614666667,39.5818333333,60.2299666667,40.8504,22.3954666667,13.8495,10.0235666667,8.84776666667
2063.0,55.4398333333,60.4280333333,29.9743666667,21.6584,57.7400333333,57.6678,54.0699666667,55.6115666667,46.3163666667,39.2796333333,49.5096666667,49.653,38.8068333333,52.8881666667,47.9158666667,54.0631,55.4112333333,39.5031666667,60.0999,40.8005,22.3774,13.8496,10.0236666667,8.84163333333
2064.0,55.3044,60.3056,29.9225333333,21.6388,57.6021,57.5429666667,53.9414666667,55.4496,46.2168333333,39.1981,49.3697,49.5391333333,38.7264333333,52.7326666667,47.7935666667,53.8836,55.2697666667,39.4262,59.9680333333,40.7495666667,22.3554333333,13.8484666667,10.0236,8.8312
2065.0,55.1693666667,60.1812,29.8716333333,21.6187333333,57.4631333333,57.4198333333,53.8129333333,55.2858333333,46.1195666667,39.1208666667,49.2378333333,49.4321,38.6435,52.5925666667,47.6793333333,53.7205666667,55.1395666667,39.3602666667,59.8419666667,40.6923333333,22.339,13.8419333333,10.0234333333,8.82186666667
2066.0,55.0343,60.0527,29.8195333333,21.5984,57.3214,57.2997333333,53.6818666667,55.1177,46.0229333333,39.0502,49.1127666667,49.3309666667,38.5582666667,52.4720666667,47.5735666667,53.5764,55.0250333333,39.3084666667,59.7217,40.6268666667,22.3287,13.8287333333,10.0233666667,8.8129
2067.0,54.9019,59.9268,29.7710666667,21.5763333333,57.1835,57.1790666667,53.5555333333,54.9539333333,45.9285666667,38.9777666667,48.9936666667,49.2339333333,38.4718666667,52.3509666667,47.4702333333,53.4350333333,54.9088333333,39.2558,59.6042333333,40.5625333333,22.3183666667,13.8147666667,10.0226333333,8.80523333333
2068.0,54.7734666667,59.8093666667,29.7319,21.5496666667,57.0549333333,57.0519666667,53.4417333333,54.8036333333,45.8391666667,38.8947333333,48.8844,49.1426333333,38.3827333333,52.2103,47.3643666667,53.2844333333,54.7736,39.1886333333,59.4881333333,40.5069666667,22.3037333333,13.8037666667,10.0209333333,8.8007
2069.0,54.6486333333,59.6977333333,29.6991,21.5202666667,56.9331666667,56.9218666667,53.3365,54.6620666667,45.7533666667,38.8057333333,48.7822666667,49.0558,38.2921666667,52.0598666667,47.2585333333,53.1303333333,54.6283333333,39.1139333333,59.3739333333,40.4565666667,22.2867666667,13.7941333333,10.0183333333,8.79826666667
2070.0,54.5297666667,59.5904,29.666,21.4976666667,56.8154666667,56.8009,53.2318666667,54.5196333333,45.6705,38.7225,48.6724666667,48.9640666667,38.2103666667,51.9190333333,47.1584666667,52.9786666667,54.4922,39.0445333333,59.2617,40.4081666667,22.2701,13.7872333333,10.0128,8.796
2071.0,54.4170666667,59.4857666667,29.6313666667,21.4845,56.7017333333,56.6918333333,53.1260333333,54.3732333333,45.5905,38.6473,48.5473333333,48.8621,38.1415333333,51.7901666667,47.0643666667,52.8278,54.3686,38.9809666667,59.1496666667,40.3612,22.2514333333,13.7838333333,10.0024,8.7926
2072.0,54.3105666667,59.3873333333,29.5972333333,21.4761666667,56.5919666667,56.5902,53.0221,54.2283666667,45.5133666667,38.5765333333,48.4216666667,48.7605333333,38.0775666667,51.6707,46.9764,52.6821666667,54.2526,38.9237333333,59.0416666667,40.3167666667,22.2358666667,13.7825,9.99126666667,8.7905
2073.0,54.2115333333,59.3007,29.5641666667,21.4708,56.4858,56.4941666667,52.9211666667,54.0875666667,45.4383333333,38.5090333333,48.3104666667,48.6700666667,38.0094,51.5632666667,46.8966666667,52.5486666667,54.1424666667,38.8783666667,58.9425,40.2758666667,22.2313666667,13.7815333333,9.98373333333,8.79293333333
2074.0,54.1202,59.2253,29.5318,21.4699666667,56.3834666667,56.405,52.8223333333,53.9485333333,45.365,38.4452333333,48.2094333333,48.5874666667,37.9384666667,51.4680666667,46.8252,52.4253666667,54.0385,38.8450333333,58.8509,40.2383,22.2366,13.7813,9.97843333333,8.79973333333
2075.0,54.0317,59.1516666667,29.5023333333,21.4640333333,56.2832666667,56.3157666667,52.7318,53.8262333333,45.2989333333,38.3837,48.1193333333,48.5154666667,37.8748666667,51.3768,46.7567333333,52.3134666667,53.9425333333,38.8091333333,58.7670333333,40.2033,22.2432,13.7829666667,9.9769,8.80476666667
2076.0,53.9453333333,59.0764,29.4772,21.4457333333,56.1823666667,56.2223,52.6546,53.7335666667,45.2449,38.3236666667,48.0444666667,48.4617333333,37.8249666667,51.2845333333,46.689,52.2161,53.8571,38.7625,58.6932,40.1705666667,22.2500666667,13.7882333333,9.98146666667,8.80513333333
2077.0,53.8605,59.0013333333,29.455,21.4222666667,56.0839,56.1281333333,52.5855333333,53.6568,45.1975,38.2657,47.979,48.4165333333,37.7827333333,51.1953666667,46.6234666667,52.1291333333,53.7790333333,38.7121666667,58.6261666667,40.1402333333,22.2564,13.795,9.98923333333,8.80316666667
2078.0,53.7715,58.9232666667,29.4344333333,21.4032666667,55.9942666667,56.0366,52.5163666667,53.573,45.1471333333,38.21,47.9092,48.3574333333,37.7408,51.1138333333,46.5599333333,52.0440333333,53.7016333333,38.6644666667,58.5580333333,40.1117666667,22.2533333333,13.7991666667,9.99393333333,8.79976666667
2079.0,53.6721,58.8365,29.4159333333,21.3879666667,55.9126,55.9448666667,52.4438,53.4784666667,45.0908,38.1543,47.8304666667,48.2756,37.7003333333,51.0411666667,46.4966,51.9609666667,53.6214666667,38.6163333333,58.4872666667,40.0840333333,22.2361,13.8001333333,9.9948,8.79353333333
2080.0,53.5800333333,58.7572666667,29.3985333333,21.3775666667,55.8410333333,55.8605,52.3786666667,53.3867666667,45.0378333333,38.105,47.7575333333,48.1980666667,37.6592333333,50.9741666667,46.4387666667,51.8808333333,53.5491333333,38.5755333333,58.4194,40.0606666667,22.2188,13.7999666667,9.9946,8.7883
2081.0,53.5137666667,58.7039,29.3802666667,21.3772,55.7844666667,55.7923,52.3327,53.3075666667,44.9960666667,38.0699333333,47.7052,48.1507666667,37.6122333333,50.9107333333,46.3932,51.8023333333,53.4952333333,38.5534,58.3586,40.0469,22.2156666667,13.7998,9.99543333333,8.7881
2082.0,53.4669,58.6701333333,29.3617333333,21.3854,55.7415,55.7371333333,52.3020666667,53.2374333333,44.9627333333,38.0464666667,47.6685,48.1249333333,37.5609,50.8515333333,46.3577,51.7257,53.4560333333,38.5463,58.3033666667,40.0411333333,22.2218666667,13.7991,9.99646666667,8.79153333333
2083.0,53.4294333333,58.6417666667,29.3480333333,21.3888666667,55.7012333333,55.6911666667,52.2727333333,53.1769666667,44.9351333333,38.0256666667,47.6325,48.1037333333,37.5180666667,50.797,46.3227,51.6558333333,53.4239333333,38.5377,58.2530333333,40.0323333333,22.228,13.7996,9.9972,8.79873333333
2084.0,53.4035666667,58.6191666667,29.3433333333,21.3817666667,55.6612666667,55.6543333333,52.2416,53.1313666667,44.9158333333,38.0079,47.5929666667,48.0864666667,37.4911333333,50.7484666667,46.2857666667,51.5955333333,53.4043,38.5241666667,58.2089333333,40.0174,22.2343333333,13.8033,9.99663333333,8.81466666667
2085.0,53.3829,58.598,29.3415,21.3713666667,55.6232,55.6258,52.2107,53.0914333333,44.8996333333,37.99,47.5536333333,48.0704666667,37.4701333333,50.7033,46.2487333333,51.5407333333,53.3853666667,38.5075666667,58.1685666667,39.9990333333,22.2379333333,13.8070666667,9.9964,8.83043333333
2086.0,53.3534333333,58.5644666667,29.3343333333,21.3646333333,55.5853333333,55.6039333333,52.1778,53.0416666667,44.8765666667,37.9617,47.5149333333,48.0439333333,37.4428333333,50.6568,46.2107333333,51.4867666667,53.3426333333,38.4834,58.1271333333,39.9752333333,22.2281666667,13.8062333333,9.9993,8.82993333333
2087.0,53.3178666667,58.5186666667,29.3230666667,21.3605666667,55.5481,55.5917,52.1425,52.9833666667,44.8480333333,37.9222666667,47.4766666667,48.0063333333,37.4099666667,50.6094666667,46.1714333333,51.4349333333,53.2761666667,38.4501,58.0839,39.9428333333,22.2032666667,13.8014,10.0052333333,8.81316666667
2088.0,53.2764,58.4743333333,29.31,21.3577,55.5114,55.5752666667,52.1090666667,52.9254,44.8173,37.8857,47.4395333333,47.9718666667,37.38,50.5633666667,46.1336333333,51.3825333333,53.2102333333,38.4205333333,58.0475333333,39.9205,22.1833333333,13.7946,10.0117,8.79603333333
2089.0,53.2233,58.4397,29.2943,21.3551333333,55.4747333333,55.5443333333,52.0823,52.8712666667,44.7859666667,37.8612,47.4041333333,47.9516,37.3588333333,50.5175,46.0982333333,51.3257666667,53.1574666667,38.4038666667,58.0255666667,39.9257666667,22.1828,13.7854666667,10.0188666667,8.7854
2090.0,53.1648333333,58.4099666667,29.2776333333,21.3535333333,55.4387666667,55.5056,52.0582,52.8197,44.7531,37.8429666667,47.3701,47.9376,37.3424,50.4736666667,46.0651333333,51.2676666667,53.1115,38.3940666667,58.0122,39.9454333333,22.192,13.7751,10.0257666667,8.77853333333
2091.0,53.1219,58.3829666667,29.2685666667,21.3547333333,55.4064666667,55.4664333333,52.0273,52.7747666667,44.7185,37.8260333333,47.3368666667,47.9166,37.3244666667,50.4401333333,46.0379666667,51.2154666667,53.0762,38.3848,57.9964333333,39.9540333333,22.1997666667,13.7697,10.0258666667,8.78416666667
2092.0,53.0992666667,58.3593666667,29.2708333333,21.3597666667,55.3793,55.4252666667,51.9853666667,52.7374666667,44.6802333333,37.8100333333,47.303,47.8859333333,37.3047333333,50.4207333333,46.0178666667,51.1691666667,53.0545,38.3771666667,57.9785,39.9492,22.2065,13.7698666667,10.0167,8.80886666667
2093.0,53.0819333333,58.3376666667,29.2730666667,21.3654666667,55.3527,55.3864,51.9452,52.7050666667,44.6442666667,37.7967666667,47.2727,47.8542,37.2846,50.4042,46.0013666667,51.1286666667,53.0380333333,38.3682,57.9582,39.9392333333,22.2116,13.7734666667,10.0058333333,8.8328
2094.0,53.0593333333,58.3159666667,29.2639333333,21.3696333333,55.3233333333,55.3560666667,51.9169666667,52.6769,44.6158333333,37.7875666667,47.2507666667,47.826,37.2630666667,50.3811,45.9862666667,51.0967666667,53.0199,38.3528666667,57.9337666667,39.9261666667,22.2127,13.7811666667,9.99896666667,8.838
2095.0,53.0359,58.2951,29.2491,21.3731333333,55.2924333333,55.3310666667,51.8962,52.6527,44.5926,37.7816666667,47.2345333333,47.7998333333,37.2410666667,50.3556,45.9733,51.0715333333,53.0028,38.3339333333,57.9061333333,39.9098333333,22.2110666667,13.7918666667,9.99373333333,8.83283333333
2096.0,53.0112666667,58.2749666667,29.2413333333,21.3740666667,55.2582333333,55.3031666667,51.8805333333,52.6267333333,44.5747,37.7754666667,47.2156333333,47.7809333333,37.2259333333,50.3314333333,45.9598,51.0435333333,52.9866666667,38.3191333333,57.8747666667,39.8983,22.2081666667,13.7957666667,9.9899,8.82723333333
2097.0,52.9829,58.2536,29.243,21.3696,55.2155333333,55.2681333333,51.8722666667,52.5969,44.5647,37.7684666667,47.1905333333,47.7715666667,37.2221333333,50.31,45.9455333333,51.0119666667,52.9733333333,38.3106,57.8357333333,39.8934333333,22.2020666667,13.7882666667,9.9867,8.82086666667
2098.0,52.9565666667,58.2354666667,29.2507333333,21.3657666667,55.1757,55.2341,51.866,52.5668666667,44.5569333333,37.7613666667,47.1659666667,47.7676333333,37.2207333333,50.2888333333,45.9308333333,50.9775,52.9587,38.3047333333,57.7977666667,39.8921,22.1973,13.7781666667,9.98593333333,8.8157
2099.0,52.9401666667,58.2267333333,29.2659666667,21.3707666667,55.1551666667,55.2087333333,51.8533,52.5388666667,44.5441666667,37.7536666667,47.1485666667,47.7658333333,37.2108333333,50.2654,45.9153666667,50.9375666667,52.9370666667,38.2991333333,57.7725333333,39.893,22.2011333333,13.7738,9.99133333333,8.81786666667
2100.0,52.9323666667,58.2264,29.2899666667,21.3834333333,55.1512,55.1897333333,51.8356333333,52.5118333333,44.5282333333,37.7449333333,47.1366333333,47.7676333333,37.1945333333,50.2399,45.8993666667,50.8920666667,52.9096333333,38.2948,57.7579333333,39.8971,22.2126333333,13.7727,10.003,8.82686666667
2101.0,52.9259,58.2284333333,29.3071666667,21.3942333333,55.1468,55.1798,51.8211666667,52.4905,44.5106333333,37.7397333333,47.1291,47.7675333333,37.1802666667,50.2168666667,45.8826666667,50.8489,52.8803333333,38.2894,57.7441333333,39.8992333333,22.2222666667,13.7768666667,10.0101,8.83253333333
2102.0,52.9174333333,58.2319,29.3066,21.3974,55.1345,55.186,51.8115,52.4767,44.4889666667,37.7392333333,47.1259,47.7603666667,37.1699333333,50.1976,45.8633333333,50.8079666667,52.8468666667,38.2783666667,57.7267666667,39.8966666667,22.2248333333,13.7917333333,10.0055666667,8.828
2103.0,52.9095333333,58.2361666667,29.2989333333,21.3982666667,55.1197333333,55.199,51.8071,52.4695666667,44.4670666667,37.7431666667,47.1269,47.7516,37.1634,50.1816666667,45.8443,50.7722,52.8139666667,38.2676,57.7092666667,39.8917333333,22.2248666667,13.8101,9.996,8.82
2104.0,52.9036666667,58.2359666667,29.2980666667,21.4027666667,55.1032,55.1987333333,51.8149666667,52.4713333333,44.4546666667,37.7552333333,47.1314,47.7504666667,37.1653666667,50.1709333333,45.8320333333,50.7550666667,52.7951,38.2696333333,57.6933666667,39.8867333333,22.2265333333,13.8162333333,9.98936666667,8.81763333333
2105.0,52.8991333333,58.231,29.3029666667,21.4104,55.0819,55.1836,51.8395333333,52.4852666667,44.4526666667,37.7785,47.1402,47.7574666667,37.1764333333,50.1655,45.8255,50.7605333333,52.7904,38.2863,57.6781333333,39.8805666667,22.2282,13.8082,9.98346666667,8.821
2106.0,52.8980333333,58.2245333333,29.3118666667,21.4209333333,55.0665666667,55.1670333333,51.8620333333,52.4986666667,44.4538,37.8002666667,47.1506,47.7668333333,37.1925333333,50.1645333333,45.8260333333,50.7687,52.7940666667,38.306,57.6661666667,39.8762666667,22.2344,13.7993,9.98283333333,8.82613333333
2107.0,52.9017333333,58.2183333333,29.3255,21.4360333333,55.0671333333,55.1548333333,51.8656333333,52.4991333333,44.4533333333,37.8083,47.1593333333,47.7749,37.2110333333,50.166,45.8364666667,50.7628333333,52.8041,38.3200666667,57.6615,39.8767666667,22.2532,13.7988666667,9.99513333333,8.83226666667
2108.0,52.9100666667,58.2119,29.3431666667,21.4544,55.0787666667,55.1457,51.8588333333,52.4931666667,44.4532666667,37.809,47.1684,47.7832333333,37.2331333333,50.1718,45.8553,50.7513666667,52.8210666667,38.3326333333,57.6615666667,39.8807333333,22.2794333333,13.8025666667,10.0155333333,8.8391
2109.0,52.9258333333,58.208,29.3601,21.469,55.0948,55.1539,51.8545,52.4932,44.4527666667,37.8149333333,47.1827666667,47.7913666667,37.2592333333,50.191,45.8777666667,50.7452666667,52.8385666667,38.347,57.6561333333,39.8870666667,22.2929333333,13.8085,10.0253666667,8.8392
2110.0,52.9504,58.2045666667,29.3751666667,21.4785333333,55.1160333333,55.1855333333,51.851,52.4978333333,44.4501333333,37.8256,47.2034,47.7972333333,37.2903333333,50.2275333333,45.9056,50.7439666667,52.8548666667,38.3629333333,57.6404666667,39.8948333333,22.2883333333,13.8175333333,10.0210333333,8.82876666667
2111.0,52.9794,58.2072333333,29.3913333333,21.4867333333,55.1397333333,55.2224,51.8531,52.5107,44.45,37.8424,47.2274666667,47.8066333333,37.323,50.2694333333,45.9335333333,50.7489,52.8744,38.381,57.6281333333,39.9063333333,22.2813333333,13.8268,10.0131666667,8.81876666667
2112.0,53.0091333333,58.2230666667,29.4109,21.4951333333,55.1622666667,55.2472333333,51.8668,52.5389333333,44.4567,37.8699,47.2516,47.8253333333,37.3518666667,50.3050333333,45.953,50.7636333333,52.8999666667,38.4020666667,57.6315333333,39.9238333333,22.2834666667,13.8318333333,10.0087,8.81956666667
2113.0,53.0409333333,58.2496,29.4332,21.503,55.1849333333,55.266,51.8898,52.5802333333,44.4686,37.9067,47.2768,47.8513666667,37.3786666667,50.3382333333,45.9666333333,50.7870666667,52.9305,38.4257666667,57.6463,39.9465666667,22.2904666667,13.8341333333,10.005,8.82766666667
2114.0,53.0744333333,58.2815666667,29.4562,21.5175666667,55.207,55.2877,51.9271666667,52.6254666667,44.4882666667,37.9463333333,47.3124,47.8839666667,37.4133,50.3775,45.9917333333,50.8165333333,52.9688,38.4537333333,57.6709333333,39.9720666667,22.3077,13.8420666667,10.0071666667,8.83763333333
2115.0,53.1078333333,58.3185666667,29.4784,21.5434,55.2243666667,55.3121666667,51.9876333333,52.6729666667,44.5216,37.9881666667,47.3639666667,47.9278666667,37.4646,50.4275666667,46.0377666667,50.8546666667,53.0202333333,38.4897333333,57.7109,40.0021666667,22.3436,13.8620333333,10.0204333333,8.8503
2116.0,53.1445666667,58.3599666667,29.5024666667,21.5742,55.2450333333,55.3426666667,52.0563333333,52.7233666667,44.5582,38.0317666667,47.4239,47.9738666667,37.5183333333,50.4818333333,46.0918666667,50.8959666667,53.0753333333,38.5269,57.7556,40.0324333333,22.3838,13.8843666667,10.0363666667,8.86273333333
2117.0,53.1906,58.4028666667,29.5321333333,21.6031333333,55.2826666667,55.3896666667,52.1119,52.7738666667,44.5818666667,38.0739,47.4847,48.0055333333,37.5545,50.5327,46.1404333333,50.9305,53.1191666667,38.5542333333,57.7896666667,40.0538333333,22.4076333333,13.898,10.0442666667,8.86793333333
2118.0,53.2451,58.4482,29.5671,21.6318666667,55.3354,55.4523,52.1590333333,52.8247333333,44.5953,38.1153333333,47.5489333333,48.0252666667,37.5767666667,50.5817666667,46.1866666667,50.9603,53.1544333333,38.5735666667,57.8176333333,40.0677333333,22.4195666667,13.9063333333,10.0467666667,8.86676666667
2119.0,53.3004333333,58.4934666667,29.6016,21.6597333333,55.3863666667,55.5101666667,52.2038,52.8790333333,44.6114333333,38.1565,47.6091333333,48.0510333333,37.5993333333,50.6317,46.2314666667,50.9899,53.1915666667,38.5943333333,57.8337666667,40.0837666667,22.4278333333,13.9050333333,10.0448,8.86793333333
2120.0,53.3538,58.5375,29.6320333333,21.6859333333,55.4277333333,55.5532666667,52.2474666667,52.9388,44.6359666667,38.1948,47.6585,48.0917333333,37.6230666667,50.6813333333,46.2724,51.0186,53.2339,38.6194333333,57.8263333333,40.1050333333,22.4325666667,13.8833666667,10.0342333333,8.87683333333
2121.0,53.4068666667,58.5811,29.6619666667,21.7112,55.4655333333,55.5894333333,52.2898666667,53.0019666667,44.6647,38.2341333333,47.7043333333,48.1400666667,37.6512333333,50.7331666667,46.3131333333,51.0488,53.2797666667,38.6479,57.8104666667,40.1303,22.4361,13.8557666667,10.0214,8.88846666667
2122.0,53.4582,58.6249,29.6962666667,21.7372666667,55.5031666667,55.6226666667,52.3341333333,53.0661333333,44.6965666667,38.2847,47.7585,48.1917,37.7017666667,50.7955333333,46.3630666667,51.0890666667,53.3329333333,38.6845,57.8179333333,40.1646,22.4495,13.8531,10.0223666667,8.8973
2123.0,53.5076,58.6710333333,29.7363333333,21.7659,55.5408666667,55.6512333333,52.3810333333,53.1329,44.7341666667,38.3492,47.8223333333,48.25,37.7808,50.8714,46.4252,51.1411,53.3982333333,38.7331333333,57.852,40.2123333333,22.4756333333,13.8783666667,10.0395666667,8.90476666667
2124.0,53.5568,58.7106,29.7750666667,21.7888666667,55.5761666667,55.6804,52.4260666667,53.1972666667,44.7677666667,38.4129333333,47.8860666667,48.3030666667,37.8578666667,50.9459333333,46.4844,51.1953,53.4545666667,38.7767666667,57.8876666667,40.2540333333,22.4986666667,13.9083333333,10.057,8.90703333333
2125.0,53.6089333333,58.7367,29.8092666667,21.7970666667,55.6094666667,55.7172333333,52.4629333333,53.2547666667,44.7877,38.4665666667,47.9444666667,48.3388,37.9120666667,51.0069333333,46.5283666667,51.2452666667,53.4818666667,38.7996333333,57.9131,40.2757,22.5074333333,13.9331666667,10.0640666667,8.89766666667
2126.0,53.6611,58.7538666667,29.84,21.7979,55.6397333333,55.7559666667,52.4971,53.3086,44.8012666667,38.5150666667,48.0002,48.366,37.9558333333,51.0627,46.5656,51.2945666667,53.4950333333,38.8132666667,57.9329,40.2857333333,22.5087666667,13.9558333333,10.067,8.88236666667
2127.0,53.7047666667,58.7667,29.8630666667,21.8078333333,55.6607,55.7829666667,52.5434666667,53.3637,44.8230333333,38.5594666667,48.0525333333,48.4008666667,37.9984333333,51.1272666667,46.6100666667,51.3464,53.5219,38.8393666667,57.9385,40.2911666667,22.5084666667,13.9631333333,10.0712333333,8.87566666667
2128.0,53.7370666667,58.7726333333,29.8755333333,21.8304,55.6696333333,55.7932333333,52.6088666667,53.4204333333,44.8575666667,38.5990333333,48.0998,48.448,38.0395666667,51.2073333333,46.6664,51.4051333333,53.5694,38.8864,57.9278,40.29,22.505,13.9482666667,10.0773,8.88063333333
2129.0,53.7668333333,58.7791,29.8858666667,21.8545,55.6747666667,55.8018333333,52.6719666667,53.4774666667,44.8906666667,38.6352333333,48.1469,48.4927666667,38.0796666667,51.2818,46.7196666667,51.4572,53.6156,38.9278666667,57.9063333333,40.2875,22.5028666667,13.9318,10.0833333333,8.88753333333
2130.0,53.803,58.7975333333,29.9005,21.8732666667,55.6840333333,55.8239,52.7156666667,53.5383,44.9131333333,38.6694,48.2026,48.5252,38.1220666667,51.3325,46.7589,51.4889666667,53.6463666667,38.9407666667,57.8815666667,40.2921,22.5083666667,13.9320333333,10.0905,8.8898
2131.0,53.8410666667,58.8216666667,29.9168666667,21.8893,55.6936666667,55.8517333333,52.7474333333,53.6001333333,44.9286333333,38.7010333333,48.2616333333,48.5493,38.1648,51.3678666667,46.7889,51.5071666667,53.6675333333,38.9360666667,57.8494666667,40.2994,22.5182666667,13.9405666667,10.0976,8.8902
2132.0,53.8688333333,58.8307333333,29.9371333333,21.8999,55.6967666667,55.8661,52.7680666667,53.6436333333,44.9304,38.7306666667,48.3012,48.5607333333,38.2002333333,51.3965333333,46.8086666667,51.5223666667,53.6737666667,38.9286666667,57.7906333333,40.2951333333,22.5251,13.9474,10.0947666667,8.88886666667
2133.0,53.8822,58.8202333333,29.9645666667,21.9005,55.6939666667,55.8630666667,52.7741333333,53.6636333333,44.9121333333,38.7607666667,48.3136666667,48.5551,38.2248666667,51.4193333333,46.8154,51.5369666667,53.6602666667,38.9185666667,57.6924666667,40.2746,22.5273333333,13.9512,10.0753333333,8.88333333333
2134.0,53.8884666667,58.7965333333,29.9918,21.9012666667,55.6821333333,55.8479,52.7731,53.6683333333,44.8872333333,38.7853666667,48.3124666667,48.5413,38.2452666667,51.4351666667,46.8153333333,51.5467,53.6369,38.9078333333,57.5804,40.2460666667,22.5271,13.9534666667,10.0532,8.8798
2135.0,53.8945666667,58.7603333333,30.0112,21.9155,55.6547333333,55.8207333333,52.7734666667,53.6602666667,44.8691,38.7964333333,48.3041666667,48.5283,38.268,51.4452,46.8158,51.5488,53.6138333333,38.9028666667,57.4766333333,40.2147333333,22.525,13.9536333333,10.0426333333,8.8876
2136.0,53.8985,58.7114333333,30.0253666667,21.9389666667,55.6141333333,55.7816,52.7725333333,53.6386666667,44.8533333333,38.7967666667,48.2863333333,48.5132333333,38.2909666667,51.4492666667,46.8145333333,51.5442333333,53.5877666667,38.9015,57.3737,40.1788666667,22.5209,13.9519333333,10.0388666667,8.9038
2137.0,53.8916,58.6631666667,30.0330666667,21.9567333333,55.5693666667,55.7417,52.7709,53.6215666667,44.842,38.7962333333,48.2831666667,48.4988666667,38.3104666667,51.4454666667,46.8107333333,51.5360666667,53.5601333333,38.8996666667,57.2861,40.1457,22.5158333333,13.9488,10.04,8.91453333333
2138.0,53.8660333333,58.6167333333,30.0308333333,21.9635666667,55.5168666667,55.6983,52.7690333333,53.6144333333,44.8374,38.7962333333,48.3089333333,48.4856666667,38.3262,51.4252333333,46.8016333333,51.5189,53.5266333333,38.8965,57.2178,40.1174666667,22.5106666667,13.9450666667,10.0494666667,8.9167
2139.0,53.834,58.5740333333,30.0246,21.9649,55.4665,55.6605333333,52.7662666667,53.6124666667,44.8361,38.797,48.3439666667,48.4737,38.3374,51.4043666667,46.7926333333,51.5042666667,53.4962666667,38.8924666667,57.1668,40.0922666667,22.5039,13.9391,10.0601333333,8.91183333333
2140.0,53.8074333333,58.5416,30.0224333333,21.9627666667,55.4351666667,55.6468,52.7583333333,53.6115333333,44.8320666667,38.8000333333,48.3646333333,48.4613333333,38.3393,51.4074333333,46.7923333333,51.5121666667,53.4835666667,38.8865666667,57.1341333333,40.0680666667,22.4927666667,13.9277333333,10.0596333333,8.89546666667
2141.0,53.7806,58.5169,30.0220666667,21.956,55.4174666667,55.6526333333,52.7435,53.6098666667,44.8249333333,38.8033666667,48.3745333333,48.4467333333,38.3312666667,51.4293333333,46.7988333333,51.5384333333,53.4849333333,38.8789666667,57.1181666667,40.0438666667,22.4773333333,13.911,10.0502333333,8.86716666667
2142.0,53.7793333333,58.5067,30.0264,21.9518666667,55.4216,55.6721333333,52.7486333333,53.6323666667,44.8312666667,38.8223333333,48.395,48.4508,38.3329,51.4572333333,46.8091333333,51.5716666667,53.4964,38.8714,57.127,40.0326666667,22.4642666667,13.8968,10.0408,8.8438
2143.0,53.8256,58.5131,30.0376666667,21.9524333333,55.4561,55.7018666667,52.7928,53.7011,44.8632666667,38.8705333333,48.4390333333,48.4904,38.355,51.4825666667,46.8185666667,51.6079,53.5161333333,38.8573333333,57.1686666667,40.0424333333,22.4563333333,13.8898333333,10.0359333333,8.83396666667
2144.0,53.896,58.5365666667,30.0539,21.9575666667,55.5121333333,55.7460666667,52.8572,53.7915,44.9087333333,38.9331666667,48.4943666667,48.5477666667,38.3888666667,51.5148333333,46.8342333333,51.6497333333,53.5460666667,38.8484,57.2349666667,40.0661666667,22.4518,13.8859,10.0316,8.83096666667
2145.0,53.9549333333,58.5832666667,30.0732666667,21.9722,55.5763,55.8112,52.9184,53.8652,44.9521666667,38.9895,48.5472,48.5972666667,38.4280333333,51.5678666667,46.8713666667,51.6955,53.5874666667,38.8725,57.3134,40.0969,22.4512333333,13.8802,10.0239,8.8314
2146.0,54.0056,58.6540666667,30.0965,21.9979,55.6508666667,55.898,52.9815666667,53.9262,44.9968,39.0445,48.5997,48.6422666667,38.4741666667,51.6407,46.9303666667,51.7438333333,53.6387,38.93,57.4067333333,40.1376333333,22.4552333333,13.8728333333,10.0124333333,8.83733333333
2147.0,54.0622333333,58.7353,30.1205,22.0208333333,55.7332666667,55.9942333333,53.0396,53.9869,45.0385333333,39.0894333333,48.6519,48.6869666667,38.5232333333,51.7232333333,46.9938,51.8026666667,53.7051333333,38.9909,57.5085666667,40.1772666667,22.4592,13.8678666667,10.0028,8.84033333333
2148.0,54.1349666667,58.8259,30.1437666667,22.0318,55.8280333333,56.1015333333,53.0832,54.0510333333,45.0710666667,39.1104,48.7015,48.7326666667,38.5751,51.8170333333,47.0538666667,51.8837,53.7997,39.0387,57.6201,40.2090333333,22.4601666667,13.8688333333,9.99966666667,8.83296666667
2149.0,54.2160333333,58.9213666667,30.1666666667,22.0365333333,55.9276,56.2126333333,53.1199666667,54.1179,45.0998666667,39.1200666667,48.7508666667,48.7783,38.6277333333,51.9161666667,47.1135666667,51.9756333333,53.9085333333,39.082,57.7364333333,40.2363333333,22.4597,13.8729333333,9.9995,8.82066666667
2150.0,54.2927666667,58.9930333333,30.1873666667,22.0396,56.0024333333,56.2906,53.1667333333,54.1963666667,45.1373,39.1500333333,48.8078,48.8234,38.6693666667,51.9915666667,47.1656666667,52.0496666667,53.9914,39.1193333333,57.8336666667,40.2578666667,22.4577333333,13.8747666667,9.99666666667,8.81183333333
2151.0,54.3688666667,59.0417333333,30.2065333333,22.0402333333,56.0524,56.3343666667,53.2270666667,54.2926,45.1865666667,39.2039333333,48.8765333333,48.8710333333,38.7005333333,52.0425333333,47.2113666667,52.1065333333,54.0494666667,39.1520333333,57.9151666667,40.2747666667,22.4544333333,13.8752333333,9.99183333333,8.80653333333
2152.0,54.4328333333,59.0727666667,30.2219,22.0406333333,56.0874,56.3604,53.2808,54.3780666667,45.2304333333,39.2562333333,48.9371666667,48.9083666667,38.7225666667,52.0806,47.2480666667,52.1524,54.0906333333,39.1755,57.9745666667,40.2834,22.4492333333,13.8722333333,9.98416666667,8.80216666667
2153.0,54.4759333333,59.0861333333,30.232,22.0440666667,56.1108333333,56.3754333333,53.3156666667,54.4344333333,45.2594666667,39.2932666667,48.9766333333,48.9257333333,38.7340333333,52.1096666667,47.2733666667,52.1888333333,54.1149333333,39.1859,58.0044666667,40.2809,22.4420333333,13.8636333333,9.97196666667,8.79833333333
2154.0,54.5025666667,59.0828666667,30.2373,22.0478333333,56.1218,56.3773,53.3378666667,54.4708666667,45.2773333333,39.3211,49.0017333333,48.9289,38.7367333333,52.1288333333,47.2886,52.2152,54.1239333333,39.1857,58.0094666667,40.2690666667,22.4327333333,13.8507,9.95656666667,8.7947
2155.0,54.5122333333,59.068,30.2354333333,22.0464666667,56.1244,56.3717333333,53.3471666667,54.4865333333,45.2786,39.3357333333,49.0126666667,48.9221,38.7358666667,52.1438333333,47.2943,52.2324,54.1252,39.1773333333,57.9936,40.2495333333,22.4199,13.8346333333,9.94046666667,8.78786666667
2156.0,54.5029333333,59.0398333333,30.2253,22.0402,56.1183,56.3584666667,53.3417,54.4783333333,45.2618,39.3358333333,49.0065,48.9028,38.7302,52.1549666667,47.289,52.2398666667,54.1170333333,39.1592666667,57.9540666667,40.2210666667,22.4033,13.8140666667,9.92326666667,8.7779
2157.0,54.4840333333,59.0046,30.2122,22.0301,56.1045666667,56.3377333333,53.3295666667,54.4604333333,45.2353,39.3285,48.9957,48.8803666667,38.7232,52.1598333333,47.2788666667,52.2404666667,54.1041,39.1373333333,57.9022333333,40.1885666667,22.3849,13.7940666667,9.90606666667,8.76603333333
2158.0,54.4605,58.9659,30.1992333333,22.0149666667,56.0827,56.3082666667,53.3156333333,54.4419333333,45.2023333333,39.3168333333,48.9891666667,48.8618333333,38.7184666667,52.1551666667,47.2674,52.2352666667,54.0892666667,39.1142,57.8438666667,40.1553,22.3662,13.7793333333,9.89023333333,8.75243333333
2159.0,54.4309333333,58.9229,30.1852333333,21.9957666667,56.0534,56.2713,53.2981333333,54.4194666667,45.1624,39.3002,48.9833666667,48.8442666667,38.7142666667,52.1431333333,47.2536,52.2242,54.0717333333,39.0896333333,57.7777,40.1201666667,22.3466,13.7677333333,9.875,8.7373
2160.0,54.4065333333,58.8848666667,30.1737,21.9787,56.0236333333,56.2361333333,53.2838333333,54.4021666667,45.1287666667,39.2883666667,48.9836666667,48.8304666667,38.7092333333,52.1326333333,47.2441666667,52.2132,54.0580666667,39.0738333333,57.7212,40.0873666667,22.3258666667,13.758,9.859,8.72366666667
2161.0,54.3873666667,58.8503333333,30.1655,21.9635666667,55.9906333333,56.2004666667,53.2727333333,54.3889,45.1018666667,39.2818,48.9912666667,48.8202666667,38.7024666667,52.1219666667,47.2397666667,52.202,54.0471,39.069,57.6722,40.0563,22.304,13.7515666667,9.84096666667,8.71196666667
2162.0,54.3736666667,58.8239666667,30.1577666667,21.9509333333,55.9631,56.1717333333,53.2649666667,54.3834333333,45.0807666667,39.2795,49.0028,48.8141333333,38.6969666667,52.117,47.2387666667,52.1913,54.0425666667,39.0688,57.6377,40.0291333333,22.2814666667,13.7441333333,9.82463333333,8.70103333333
2163.0,54.3672333333,58.8116333333,30.1475,21.9431,55.9494,56.1574666667,53.261,54.3905,45.0672333333,39.2820333333,49.0167333333,48.8129666667,38.6953333333,52.1253,47.2405,52.1809333333,54.0488666667,39.0696333333,57.6275333333,40.0082333333,22.2586333333,13.7318333333,9.81336666667,8.69046666667
2164.0,54.3674,58.8105666667,30.1363,21.9386,55.9462,56.1547333333,53.2608333333,54.4081666667,45.0603,39.2893,49.0334,48.8164,38.6965333333,52.1433,47.2455333333,52.1717333333,54.0640333333,39.0727666667,57.6372,39.9927666667,22.2353333333,13.7161333333,9.8056,8.68026666667
2165.0,54.3730666667,58.8185666667,30.1274333333,21.9320333333,55.9538666667,56.1656666667,53.2666333333,54.4357333333,45.0573,39.3018666667,49.0485,48.8244333333,38.7012666667,52.1669,47.256,52.1717333333,54.0866666667,39.0761,57.6619666667,39.9837,22.2115,13.6960666667,9.79906666667,8.66953333333
2166.0,54.3823333333,58.8358333333,30.1197333333,21.9224666667,55.9720666667,56.1915,53.2785666667,54.4752,45.0579666667,39.3206666667,49.0599666667,48.838,38.7092666667,52.1975666667,47.2726333333,52.1804,54.1179666667,39.0789,57.7042666667,39.9825,22.1856333333,13.6698666667,9.7949,8.65856666667
2167.0,54.4011,58.8613666667,30.1167333333,21.9125,56.0021,56.2284666667,53.2960666667,54.5205333333,45.063,39.3428,49.0744666667,48.8543333333,38.7213,52.2305666667,47.2933333333,52.1996,54.154,39.0835666667,57.7566,39.9847,22.1622333333,13.6430666667,9.7897,8.6462
2168.0,54.4364333333,58.895,30.124,21.9029333333,56.0482333333,56.2755666667,53.3192333333,54.5667666667,45.0723333333,39.3671666667,49.0979333333,48.8702666667,38.7381333333,52.2603333333,47.3162333333,52.2325666667,54.1907666667,39.0916333333,57.811,39.9862333333,22.1451,13.6198333333,9.78023333333,8.6301
2169.0,54.4844333333,58.9362666667,30.1382,21.8937333333,56.1072666667,56.3321333333,53.3477666667,54.6157,45.0862,39.3935333333,49.1277,48.8874666667,38.7594,52.2896,47.3422,52.2776333333,54.2301333333,39.1025666667,57.8711333333,39.9889,22.1327666667,13.5988333333,9.76786666667,8.6118
2170.0,54.5353666667,58.9785,30.1491666667,21.8873666667,56.1638,56.3872333333,53.3792666667,54.6644333333,45.106,39.4156333333,49.1614,48.9097666667,38.7852333333,52.3227,47.3718,52.3317333333,54.2746666667,39.1169333333,57.9409666667,39.9934,22.1254666667,13.5840666667,9.75366666667,8.59703333333
2171.0,54.5900333333,59.0215,30.1577333333,21.8843,56.2166333333,56.4396666667,53.4139666667,54.7106333333,45.1316,39.4311333333,49.1986,48.9378,38.8159,52.3578666667,47.4044,52.3957333333,54.3242,39.1342333333,58.0209333333,39.9989,22.124,13.5772333333,9.73736666667,8.58606666667
2172.0,54.646,59.0658,30.1619,21.8831333333,56.2689333333,56.4928,53.4509333333,54.7606,45.163,39.4465666667,49.2401333333,48.9694333333,38.8501333333,52.3997666667,47.4416,52.4664,54.3787666667,39.1555666667,58.1091666667,40.0072666667,22.1260333333,13.5731333333,9.7199,8.57813333333
2173.0,54.6990333333,59.1111666667,30.1559,21.8834666667,56.3212666667,56.5484,53.4895333333,54.8208666667,45.2019333333,39.4667,49.2872333333,49.0042666667,38.8879,52.4549666667,47.4864,52.5416,54.4406,39.1832333333,58.2083,40.0213333333,22.1310333333,13.5674666667,9.7014,8.57436666667
2174.0,54.7506666667,59.1577333333,30.1417,21.8855333333,56.3734666667,56.6058666667,53.5299666667,54.8892,45.2479666667,39.4900333333,49.3396666667,49.0424666667,38.9293,52.5213666667,47.538,52.6222333333,54.5089333333,39.2165,58.3177,40.0401333333,22.1391333333,13.5618333333,9.68193333333,8.57453333333
2175.0,54.803,59.2056666667,30.1331333333,21.8865333333,56.4274,56.6643333333,53.5690666667,54.9612,45.2911,39.5217333333,49.3919,49.0765666667,38.9676666667,52.5910333333,47.5889333333,52.6989333333,54.5725333333,39.2496,58.4119,40.0588333333,22.1405333333,13.5530666667,9.66526666667,8.5723
2176.0,54.8566,59.2578333333,30.1317333333,21.8863666667,56.4836666667,56.7270333333,53.6072666667,55.0396,45.3317333333,39.5658666667,49.4441333333,49.1061,39.0036666667,52.6671666667,47.6413666667,52.7726666667,54.6315666667,39.2840333333,58.4899666667,40.0786666667,22.1327666667,13.5398,9.65326666667,8.56743333333
2177.0,54.9104666667,59.3073333333,30.137,21.8845666667,56.5413333333,56.7857333333,53.6426666667,55.1164333333,45.3664666667,39.6137666667,49.4945,49.1305333333,39.0342666667,52.7399,47.6882666667,52.8388333333,54.6824666667,39.3144666667,58.5482666667,40.0954333333,22.1193,13.5247,9.64236666667,8.5591
2178.0,54.9660333333,59.347,30.1528,21.879,56.6020666667,56.8308,53.6718666667,55.1812333333,45.3885,39.6583,49.5398666667,49.1464666667,39.0545,52.7968666667,47.7192666667,52.8902666667,54.7180333333,39.3334,58.5744666667,40.1034666667,22.1009,13.5096,9.62913333333,8.54363333333
2179.0,55.0226666667,59.3791333333,30.1778666667,21.8704,56.6652666667,56.8652333333,53.6959666667,55.2374,45.4001,39.7016,49.5813,49.155,39.066,52.8421333333,47.7378,52.9293333333,54.7407333333,39.3432666667,58.5727,40.1045666667,22.0773,13.4939666667,9.61473333333,8.5223
2180.0,55.0665,59.3995333333,30.2013,21.8656,56.7169,56.8884,53.7190333333,55.2864333333,45.4053666667,39.7336666667,49.6179666667,49.1639666667,39.0711,52.8721666667,47.7476333333,52.9537,54.7525333333,39.3435666667,58.5580666667,40.0983666667,22.0537333333,13.4787666667,9.59976666667,8.50276666667
2181.0,55.0945666667,59.4065666667,30.2237333333,21.8675666667,56.7564,56.8983666667,53.7439666667,55.3290666667,45.4036333333,39.7518,49.6511,49.1756,39.0685666667,52.8833333333,47.7462666667,52.9583333333,54.7504666667,39.3312,58.5300333333,40.0833,22.0302666667,13.4645666667,9.5841,8.4866
2182.0,55.1108333333,59.4031333333,30.241,21.8706333333,56.7819333333,56.8994333333,53.7645,55.3636666667,45.3972,39.76,49.6774666667,49.1861333333,39.0620666667,52.8839,47.7408666667,52.9550666667,54.7424666667,39.3138,58.4933,40.0632666667,22.0079333333,13.4503,9.56826666667,8.47176666667
2183.0,55.1153333333,59.39,30.2450666667,21.8706333333,56.7861666667,56.8957,53.7733,55.388,45.3889,39.7588333333,49.6923,49.1936333333,39.0551333333,52.8799333333,47.7401333333,52.9568333333,54.7371666667,39.2998333333,58.4557666667,40.0423,21.9893333333,13.4352,9.55286666667,8.4581
2184.0,55.1080666667,59.3670666667,30.2384666667,21.8688,56.7715,56.8858333333,53.7728,55.4027666667,45.3777666667,39.7482333333,49.6973,49.1986666667,39.0467333333,52.8696,47.7413,52.9595333333,54.7318,39.2865,58.4148333333,40.0190666667,21.9736333333,13.4193666667,9.53766666667,8.44553333333
2185.0,55.0984666667,59.3443333333,30.2260666667,21.8610666667,56.7522666667,56.8728666667,53.7692,55.4114333333,45.3656666667,39.7381666667,49.697,49.1968,39.043,52.8686,47.7462666667,52.9644666667,54.7311666667,39.2749,58.3755333333,39.9957666667,21.9587333333,13.4030666667,9.52386666667,8.43023333333
2186.0,55.0862,59.3222666667,30.2056666667,21.8445666667,56.7272,56.8557,53.7614333333,55.4113333333,45.3510333333,39.7279,49.6897666667,49.1843333333,39.0450333333,52.8825666667,47.7563666667,52.9722666667,54.7356,39.2649,58.3357666667,39.9718,21.9446333333,13.3855,9.51296666667,8.41026666667
2187.0,55.0741333333,59.3022666667,30.1833,21.8252333333,56.7025,56.8376333333,53.7536333333,55.4097666667,45.338,39.7217666667,49.6806666667,49.1692666667,39.0517333333,52.9015,47.7688333333,52.982,54.7455666667,39.2572333333,58.3017666667,39.9491333333,21.9309,13.3682666667,9.50166666667,8.38916666667
2188.0,55.0662,59.2868666667,30.1657,21.8085333333,56.6864,56.8199,53.7518666667,55.4162,45.3318333333,39.7285666667,49.6754666667,49.1589666667,39.0645333333,52.9173333333,47.7808666667,52.9933333333,54.7634333333,39.2529,58.2823,39.9303666667,21.9167,13.3531666667,9.48616666667,8.3701
2189.0,55.0616,59.2757,30.1509666667,21.7927666667,56.6769,56.8029,53.7543333333,55.4277666667,45.3310333333,39.7453666667,49.6726333333,49.1513,39.0829,52.9327,47.7934,53.0064333333,54.7885333333,39.2516666667,58.2747333333,39.9148666667,21.9023666667,13.3395666667,9.4677,8.352
2190.0,55.0691666667,59.2776333333,30.1462666667,21.7799,56.6861333333,56.8065666667,53.7618333333,55.4437333333,45.3351,39.7638333333,49.6796666667,49.1517333333,39.0989666667,52.9481,47.8068,53.0207333333,54.8168,39.2541,58.2783,39.9045333333,21.8873666667,13.3264333333,9.4491,8.33543333333
2191.0,55.0913333333,59.2947666667,30.1544666667,21.7711666667,56.7194333333,56.8366333333,53.7757333333,55.4649,45.3453666667,39.7856666667,49.6981333333,49.1627666667,39.1125333333,52.9631,47.8214666667,53.0362,54.8479,39.2609333333,58.2945666667,39.9010333333,21.8711,13.3135666667,9.43006666667,8.32176666667
2192.0,55.1206666667,59.3204333333,30.1662666667,21.7626333333,56.7597666667,56.8762,53.7914,55.4885333333,45.3574,39.8044,49.7232333333,49.1765666667,39.1234,52.9789666667,47.8358333333,53.0528333333,54.882,39.2693666667,58.3174333333,39.8991333333,21.8554666667,13.3012666667,9.412,8.3067
2193.0,55.1544333333,59.3531333333,30.1757333333,21.7514,56.7953666667,56.9166333333,53.8057666667,55.5120666667,45.3677333333,39.8118,49.7539666667,49.1872,39.1297,52.9962666667,47.8473666667,53.0713666667,54.9196,39.2777,58.3426666667,39.8945,21.8422333333,13.2908,9.3973,8.28603333333
2194.0,55.1924666667,59.3919,30.1847333333,21.7385333333,56.8302,56.9597666667,53.8197,55.5366,45.3777333333,39.8120333333,49.7896333333,49.1969666667,39.1325,53.0149666667,47.8576,53.0911666667,54.9599666667,39.2864,58.3714666667,39.8889,21.8306,13.2810666667,9.38463333333,8.26186666667
2195.0,55.2232,59.4216,30.1869333333,21.7231666667,56.8561,56.9889,53.8285333333,55.5629333333,45.3856666667,39.8126,49.8187333333,49.2048,39.1352333333,53.0377,47.8712333333,53.1096333333,54.9989333333,39.2917,58.3991666667,39.8829333333,21.8196,13.2671333333,9.36963333333,8.23856666667
2196.0,55.2476,59.4440333333,30.1819,21.7040333333,56.8739,57.0024666667,53.8301333333,55.5922333333,45.3908333333,39.8119666667,49.8412,49.2105666667,39.1391666667,53.0666666667,47.8895666667,53.1281,55.0395666667,39.2934666667,58.4284,39.877,21.8099666667,13.2483,9.35176666667,8.21513333333
2197.0,55.2621666667,59.4530333333,30.1708333333,21.685,56.8808333333,57.0046666667,53.8310666667,55.6211,45.3957333333,39.8152,49.8572333333,49.2146333333,39.1408,53.0952333333,47.9089666667,53.1422,55.072,39.2922333333,58.4509,39.8697,21.7994,13.2265333333,9.3326,8.19446666667
2198.0,55.2616333333,59.4392,30.1522333333,21.6689666667,56.8723333333,56.9958666667,53.8381,55.6501666667,45.4043666667,39.8310333333,49.8653333333,49.2183666667,39.1392,53.1206666667,47.9311666667,53.1487333333,55.0874333333,39.2889666667,58.4598666667,39.86,21.7848333333,13.2012666667,9.31223333333,8.1801
2199.0,55.2486,59.4073,30.1274666667,21.6549333333,56.8508333333,56.9762666667,53.8477666667,55.6773666667,45.4141333333,39.8542666667,49.8662666667,49.2206333333,39.1339666667,53.1428,47.9532666667,53.1485333333,55.0893333333,39.2827666667,58.4573666667,39.8483333333,21.7680333333,13.1735,9.29096666667,8.1704
2200.0,55.2265,59.3668333333,30.1054333333,21.6450333333,56.8212666667,56.9503666667,53.8522666667,55.6844333333,45.4158333333,39.8678666667,49.8616333333,49.2156333333,39.1172,53.1487,47.9525,53.1374666667,55.0746666667,39.2688,58.4371333333,39.8348333333,21.7532666667,13.1513,9.2729,8.16306666667
2201.0,55.1938666667,59.3150666667,30.0861,21.6402333333,56.7826,56.9187333333,53.8529,55.6698,45.4091666667,39.8717,49.8511333333,49.2041333333,39.0862333333,53.1367333333,47.9253333333,53.1152,55.0401666667,39.2462666667,58.3963,39.8213666667,21.7415666667,13.1357333333,9.25823333333,8.159
2202.0,55.1551666667,59.2608666667,30.0700666667,21.6377666667,56.7381,56.8786333333,53.8444666667,55.6359333333,45.3934666667,39.8648,49.8350333333,49.1827,39.0487,53.1103,47.8809,53.0814666667,54.9953666667,39.2169,58.3424,39.8014333333,21.7298,13.1242,9.24666666667,8.15533333333
2203.0,55.1106333333,59.2108,30.0591,21.6365,56.6877666667,56.825,53.8208333333,55.5769666667,45.3656666667,39.8407,49.8128333333,49.1452666667,39.0063666667,53.0667666667,47.8157,53.0321,54.9434,39.178,58.2771333333,39.7686666667,21.7165666667,13.1172,9.2388,8.14976666667
2204.0,55.0635666667,59.1628333333,30.0518,21.6363666667,56.6344333333,56.7635333333,53.7863666667,55.5013666667,45.329,39.8063333333,49.7859,49.0976333333,38.9612,53.0113,47.7388,52.9727333333,54.8865,39.1341,58.2031333333,39.7276666667,21.7020666667,13.1131666667,9.2339,8.14333333333
2205.0,55.0295,59.1214,30.0465666667,21.6352,56.5909666667,56.7080666667,53.7461666667,55.4326333333,45.2903333333,39.7791333333,49.7585666667,49.0522666667,38.9259333333,52.9602666667,47.6831333333,52.9183666667,54.8407333333,39.1006333333,58.1342666667,39.6843666667,21.6836333333,13.1055,9.23003333333,8.13563333333
2206.0,55.007,59.0865333333,30.0441,21.6337333333,56.5556666667,56.6541666667,53.6954666667,55.3657666667,45.2471666667,39.7569333333,49.7283,49.0053666667,38.8988666667,52.9084,47.6453333333,52.8647666667,54.8042666667,39.0761,58.0674333333,39.6354,21.66,13.0940666667,9.22763333333,8.12683333333
2207.0,54.9975333333,59.0568666667,30.0417333333,21.6296,56.5315666667,56.6157666667,53.652,55.3141666667,45.2077,39.7434,49.7041666667,48.9685333333,38.8827666667,52.8724,47.6295333333,52.825,54.7799,39.0618,58.0111333333,39.5929333333,21.6372,13.0816333333,9.2261,8.1165
2208.0,55.0045666667,59.0281,30.0362333333,21.6184333333,56.5208666667,56.6040333333,53.6255,55.2876,45.1762666667,39.7431,49.6902,48.9504666667,38.8801666667,52.8664666667,47.6468,52.8093666667,54.7706333333,39.0608,57.9714333333,39.5649333333,21.6178,13.0684,9.2254,8.10233333333
2209.0,55.0255,59.0055,30.0302333333,21.6045666667,56.5231666667,56.6128,53.6131333333,55.2822666667,45.1521,39.7532,49.6862666667,48.947,38.8899333333,52.8822,47.6872333333,52.8124,54.7751333333,39.0707666667,57.9459666667,39.548,21.6016,13.0551333333,9.22523333333,8.0869
2210.0,55.0564,59.0050333333,30.0285333333,21.5991333333,56.5425,56.6395666667,53.6258,55.3047333333,45.1427666667,39.7707,49.7032666667,48.9592,38.9133333333,52.9128333333,47.7282333333,52.8333,54.7945,39.0882333333,57.9383666667,39.5456333333,21.5947666667,13.0465666667,9.2236,8.0782
2211.0,55.0996666667,59.0272333333,30.0295,21.6016666667,56.5809,56.6879,53.6659333333,55.3586333333,45.1484666667,39.7961666667,49.7438,48.9889333333,38.9516333333,52.9603,47.7716666667,52.8757,54.8292666667,39.1149666667,57.9503333333,39.5593333333,21.5981,13.0427,9.2207,8.07633333333
2212.0,55.1470333333,59.0675666667,30.0398,21.6117,56.6294666667,56.7443,53.7219,55.4288333333,45.1677333333,39.8292666667,49.7943,49.0291333333,39.0002666667,53.0200666667,47.8170666667,52.9253666667,54.8789333333,39.1446,57.9754333333,39.5832,21.6069333333,13.0428333333,9.2167,8.07876666667
2213.0,55.1943,59.1296666667,30.0654333333,21.6331333333,56.6867666667,56.8040666667,53.7929666667,55.5121666667,45.2053,39.8713,49.8520666667,49.0790666667,39.0598,53.0922,47.8617666667,52.9775666667,54.9479,39.174,58.0146,39.6177666667,21.6207,13.0476666667,9.21106666667,8.08653333333
2214.0,55.2433333333,59.2051,30.1,21.6597333333,56.7495333333,56.8664,53.8734,55.6045,45.2522333333,39.9191333333,49.9138,49.1352,39.1260666667,53.1724,47.9081333333,53.0313333333,55.0277666667,39.204,58.0620666667,39.6583666667,21.6379,13.0559333333,9.2048,8.09676666667
2215.0,55.2940666667,59.2772666667,30.1359,21.6792,56.8075333333,56.9214,53.9461333333,55.6898333333,45.2903333333,39.9667,49.9647666667,49.1866,39.1890666667,53.2502333333,47.9613,53.0770333333,55.1028666667,39.2321666667,58.1025,39.6926666667,21.6534,13.0651,9.20033333333,8.1027
2216.0,55.3474,59.3508,30.1757666667,21.6928333333,56.8635666667,56.9711333333,54.0148333333,55.7714333333,45.3227666667,40.0161333333,50.0061,49.2353666667,39.2514,53.3297666667,48.0233333333,53.1172333333,55.178,39.2592,58.1381666667,39.7228333333,21.6682666667,13.0759333333,9.19753333333,8.10536666667
2217.0,55.3968,59.4095333333,30.2089333333,21.7041666667,56.9076,57.01,54.0705666667,55.8418,45.3462666667,40.0587,50.045,49.2773,39.3047333333,53.3919,48.073,53.1422333333,55.2342666667,39.2831333333,58.1693,39.7453,21.6801666667,13.0860666667,9.19443333333,8.10523333333
2218.0,55.4429,59.4482666667,30.2327333333,21.7131333333,56.9373333333,57.0367666667,54.1114333333,55.9001666667,45.3584,40.0938333333,50.0855333333,49.3118666667,39.3470333333,53.4301666667,48.1038666667,53.1497333333,55.2649666667,39.3056333333,58.1976333333,39.7569333333,21.6887,13.0954333333,9.1883,8.10033333333
2219.0,55.4815,59.4701,30.2477333333,21.7210666667,56.9531333333,57.0514666667,54.1373333333,55.9447,45.3624333333,40.1188,50.1223,49.3380666667,39.3787666667,53.4493,48.1198666667,53.1404666667,55.2753666667,39.3226333333,58.2194,39.7623,21.6934333333,13.103,9.18386666667,8.09516666667
2220.0,55.5045333333,59.4722666667,30.2491,21.7316333333,56.9511666667,57.0512666667,54.1422666667,55.9684333333,45.3615,40.1250666667,50.1498333333,49.3530666667,39.3961,53.4468666667,48.1173333333,53.1101,55.2638,39.3265666667,58.2302333333,39.767,21.6919,13.1067,9.18923333333,8.09773333333
2221.0,55.5138333333,59.4545,30.2370333333,21.7442,56.9316666667,57.0361333333,54.1264666667,55.9722666667,45.3548333333,40.1136333333,50.1693333333,49.3575666667,39.3990666667,53.4222,48.0959,53.0586666667,55.2291,39.3186333333,58.2316333333,39.7697666667,21.6843333333,13.1069666667,9.20326666667,8.1067
2222.0,55.5024666667,59.4223666667,30.2236333333,21.7541,56.8953333333,57.0109333333,54.1026,55.9603333333,45.3399666667,40.0938,50.1765,49.3447666667,39.3958,53.3897333333,48.0702333333,52.996,55.1878333333,39.3037666667,58.2061666667,39.7662666667,21.6748666667,13.1021333333,9.21473333333,8.1128
2223.0,55.4687333333,59.379,30.2126,21.7617,56.8431333333,56.9801666667,54.0739,55.9344666667,45.3193,40.0662333333,50.1714666667,49.3140666667,39.3875,53.3533333333,48.0431666667,52.9242666667,55.1442666667,39.2825,58.1494666667,39.7578,21.6632333333,13.0897666667,9.22326666667,8.1153
2224.0,55.4160666667,59.3195666667,30.1987,21.7649333333,56.7739666667,56.9349,54.0367666667,55.8926333333,45.2872,40.0327666667,50.1533333333,49.2662666667,39.3740666667,53.3088,48.0128666667,52.8424,55.0937666667,39.2551666667,58.0687333333,39.7406333333,21.6515666667,13.0754,9.2265,8.11316666667
2225.0,55.3449666667,59.2379333333,30.1783333333,21.7593666667,56.6849666667,56.8654333333,53.9896666667,55.8315,45.2347,39.9967333333,50.1194333333,49.1977,39.3572,53.2544666667,47.9818666667,52.7519333333,55.0345333333,39.2214,57.9648333333,39.7085,21.6427,13.0637333333,9.21713333333,8.10086666667
2226.0,55.2551666667,59.1357333333,30.1525666667,21.7465666667,56.5768,56.7743,53.9327,55.7519666667,45.1645666667,39.9571,50.0703,49.1095333333,39.3362333333,53.1905666667,47.9489666667,52.6518666667,54.9668333333,39.1813333333,57.8375333333,39.6633666667,21.6358666667,13.0535333333,9.1978,8.0806
2227.0,55.1554333333,59.0219,30.1214666667,21.7337666667,56.4579,56.6619,53.8662,55.6624666667,45.0881333333,39.9172333333,50.0094333333,49.0204,39.3115,53.1158333333,47.9059,52.5358333333,54.8917,39.1447,57.7071666667,39.6128333333,21.6329333333,13.0523,9.18113333333,8.06746666667
2228.0,55.0448,58.8968666667,30.0824666667,21.7213333333,56.3281,56.5254333333,53.7919,55.5644333333,45.0050333333,39.8794333333,49.9399333333,48.9312666667,39.2843333333,53.0298333333,47.8522333333,52.4043333333,54.8087666667,39.1139,57.5768666667,39.5564,21.6359,13.0623,9.16603333333,8.0618
2229.0,54.9285333333,58.7611666667,30.044,21.7091,56.1901333333,56.3758,53.7050666667,55.4558,44.9183,39.8368666667,49.854,48.8414,39.2509,52.9349333333,47.7894,52.2569,54.72,39.0822333333,57.4395666667,39.4971,21.6383666667,13.0764,9.15733333333,8.06373333333
2230.0,54.8117,58.6134333333,30.0129,21.6980666667,56.0459,56.2184666667,53.5987,55.3339666667,44.8325333333,39.7828,49.7419666667,48.7536,39.2062,52.8322333333,47.7165,52.0899,54.6285,39.0456,57.2918333333,39.4403333333,21.6352,13.0908666667,9.16293333333,8.07816666667
2231.0,54.6926,58.4557333333,29.9868,21.6876666667,55.8954666667,56.0534666667,53.4768666667,55.2008,44.7453666667,39.7202666667,49.6090666667,48.6660333333,39.1529333333,52.7216,47.6343333333,51.9058666667,54.5318666667,39.0052,57.1345666667,39.3825,21.6283,13.1062666667,9.1787,8.1016
2232.0,54.576,58.3029333333,29.97,21.6771333333,55.7477666667,55.9012,53.353,55.0656333333,44.6535333333,39.6542,49.4704333333,48.5754,39.0985,52.6081666667,47.5489666667,51.7174666667,54.4242333333,38.9593333333,56.9672,39.3137666667,21.6164,13.1147,9.1948,8.1215
2233.0,54.4656,58.1583,29.9652,21.6671333333,55.6063333333,55.7655333333,53.2277,54.9316666667,44.5586333333,39.5848,49.3239,48.4854333333,39.0445,52.4952333333,47.4631,51.5268333333,54.3099666667,38.9107,56.7913333333,39.2339333333,21.5985,13.1157666667,9.21276666667,8.13883333333
2234.0,54.3446333333,58.0045,29.9591,21.6555,55.4548666667,55.6253,53.0965,54.7843,44.4554333333,39.5110333333,49.1763,48.3813333333,38.9837333333,52.3689333333,47.3648333333,51.3236333333,54.1732333333,38.8492333333,56.6013666667,39.1465666667,21.5794333333,13.1134,9.22803333333,8.1524
2235.0,54.2039,57.8331666667,29.9457666667,21.6418333333,55.2847,55.4714,52.9593666667,54.6150333333,44.3405,39.4339666667,49.0358666667,48.2509333333,38.913,52.2206333333,47.2465666667,51.1011,54.0000333333,38.7679,56.393,39.0506,21.562,13.1082333333,9.236,8.15996666667
2236.0,54.0455,57.6456333333,29.9252333333,21.6254,55.098,55.3046333333,52.8139333333,54.4267,44.2147333333,39.3515666667,48.8957666667,48.1012333333,38.8325,52.0534,47.1115,50.8629,53.7988666667,38.6696,56.1681666667,38.9487333333,21.5448333333,13.1010333333,9.2396,8.1629
2237.0,53.8600333333,57.4307,29.885,21.6015,54.8860333333,55.1090333333,52.6503666667,54.2134333333,44.0748333333,39.2577333333,48.7443666667,47.9373333333,38.7368,51.8628333333,46.9573666667,50.6115333333,53.5774,38.5515666667,55.9279,38.8520333333,21.5286,13.0969,9.24186666667,8.16303333333
2238.0,53.6462666667,57.1875666667,29.8251333333,21.5697,54.6478333333,54.8849333333,52.4692666667,53.9731666667,43.9198333333,39.1527666667,48.5829666667,47.7570333333,38.6254,51.6473,46.782,50.3449666667,53.3312333333,38.4109666667,55.6717333333,38.7601,21.5135333333,13.0958,9.2422,8.15986666667
2239.0,53.4237333333,56.9331666667,29.7574,21.5380333333,54.3995,54.6455666667,52.2751333333,53.7285666667,43.7610666667,39.0403,48.4118,47.5724333333,38.5080333333,51.4241333333,46.6050666667,50.0763,53.0881333333,38.2731666667,55.4025,38.6645666667,21.4971,13.0935,9.24213333333,8.15543333333
2240.0,53.1990333333,56.6723,29.6852,21.5076333333,54.1462333333,54.3939666667,52.0668,53.4876,43.6039,38.9232,48.2304666667,47.3888333333,38.3864666667,51.1973666667,46.4342333333,49.8097666667,52.8618,38.1469,55.1219333333,38.5649333333,21.4786666667,13.0894666667,9.24243333333,8.1484
2241.0,52.9684333333,56.4034,29.6072,21.48,53.8852666667,54.1304666667,51.8491,53.2447666667,43.443,38.7974,48.0397666667,47.2017666667,38.2618333333,50.9672666667,46.2631666667,49.5430666667,52.6379666667,38.0262,54.8286,38.4587333333,21.4586333333,13.0830333333,9.24253333333,8.14256666667
2242.0,52.7329,56.1286333333,29.5244666667,21.4613666667,53.6170666667,53.8585,51.6297666667,53.0002333333,43.2734,38.6555666667,47.8387666667,47.0086333333,38.1391333333,50.7406666667,46.0898,49.2771,52.4059333333,37.9125333333,54.5186666667,38.3381,21.4363,13.0709,9.2421,8.145
2243.0,52.4922333333,55.8470666667,29.4364,21.4510333333,53.3411,53.5766,51.4066,52.7542666667,43.0958,38.4981,47.6268666667,46.8099666667,38.0172,50.5161666667,45.9147666667,49.0116333333,52.1681,37.8064,54.1918333333,38.2039,21.4117666667,13.0535,9.24136666667,8.15446666667
2244.0,52.2435,55.5642,29.3473333333,21.4386666667,53.062,53.292,51.1843,52.4984333333,42.9161666667,38.3416333333,47.4147,46.6058,37.8938333333,50.2891,45.7330666667,48.7472,51.9221666667,37.6948333333,53.8640666667,38.0668666667,21.3865,13.0362,9.23823333333,8.16623333333
2245.0,51.9842333333,55.2802333333,29.2575,21.4248666667,52.7798666667,53.0042,50.9645666667,52.23,42.7343666667,38.1876,47.2029666667,46.3946666667,37.7706666667,50.0592333333,45.5429333333,48.4831333333,51.6648333333,37.5778333333,53.5366666667,37.9265666667,21.3608666667,13.017,9.23163333333,8.1813
2246.0,51.7200333333,54.997,29.1679666667,21.4042333333,52.4960333333,52.7176,50.7449333333,51.9531666667,42.5533333333,38.0378666667,46.9935,46.1805,37.6422333333,49.8256666667,45.3473666667,48.2214333333,51.4039333333,37.4508333333,53.2121333333,37.7878333333,21.3344666667,13.0035,9.22366666667,8.19543333333
2247.0,51.4525666667,54.7154333333,29.0797333333,21.3680666667,52.2104666667,52.4374666667,50.5213333333,51.6668666667,42.3772666667,37.8993333333,46.7908666667,45.9653666667,37.5019,49.5850666667,45.1459666667,47.9637666667,51.1469666667,37.3014,52.8969,37.6599,21.3074,13.0062,9.21463333333,8.20323333333
2248.0,51.1832666667,54.4362333333,28.9929333333,21.3207666667,51.9242666667,52.1621333333,50.2966333333,51.3738666667,42.2043666667,37.7680333333,46.5927666667,45.7495333333,37.3529,49.3396666667,44.9405,47.7095666667,50.8910333333,37.1376666667,52.5879333333,37.5377333333,21.2796,13.0197666667,9.20513333333,8.20716666667
2249.0,50.9307333333,54.1697,28.9137,21.2702333333,51.6481333333,51.8954,50.0840666667,51.0941666667,42.0341,37.6321333333,46.3944666667,45.5427333333,37.1989333333,49.0980666667,44.7441333333,47.4612333333,50.6346666667,36.9884666667,52.2799666667,37.4063,21.2505,13.0324,9.20226666667,8.21093333333
2250.0,50.6994666667,53.9167666667,28.8437333333,21.2144666667,51.3845666667,51.6382333333,49.8869666667,50.8326333333,41.8672666667,37.4889333333,46.1956,45.3453666667,37.0364,48.8601,44.5588333333,47.2191666667,50.3749333333,36.8582666667,51.9695666667,37.2600666667,21.2190333333,13.0442,9.20783333333,8.21436666667
2251.0,50.4766333333,53.676,28.7779333333,21.1607333333,51.1264,51.3884,49.6956,50.5746333333,41.7012,37.3469333333,45.9976,45.1574,36.8776,48.6273333333,44.3793333333,46.9824,50.1220666667,36.7342333333,51.669,37.1168,21.1887333333,13.0543,9.2164,8.21796666667
2252.0,50.2544666667,53.4475333333,28.7135333333,21.1158,50.8680666667,51.1428666667,49.5037666667,50.3084333333,41.5338333333,37.2125333333,45.7996,44.9807666667,36.7336,48.4002333333,44.2032,46.7512666667,49.8847,36.6096666667,51.3871,36.9886333333,21.1632666667,13.0614,9.22426666667,8.22283333333
2253.0,50.0368666667,53.2311333333,28.6512333333,21.0764,50.6136,50.9048,49.3147,50.0424333333,41.3662666667,37.0814333333,45.6036,44.8136666667,36.5977333333,48.1805,44.0314666667,46.5247333333,49.6577333333,36.4879,51.1196666667,36.8696,21.1399333333,13.0653666667,9.23353333333,8.22823333333
2254.0,49.8255666667,53.0272,28.5885666667,21.0419666667,50.3687,50.6828,49.1306,49.7897,41.1986333333,36.9475333333,45.4163,44.6527,36.4637,47.9764,43.8639666667,46.2994,49.4362333333,36.3707,50.8656666667,36.7580666667,21.1145666667,13.0634,9.2467,8.23386666667
2255.0,49.6209666667,52.8368,28.5262,21.0133333333,50.1324666667,50.4775,48.9516,49.5498,41.0304,36.8112,45.2376,44.4989666667,36.3319,47.7884333333,43.7009,46.0760666667,49.2203333333,36.2577666667,50.6250333333,36.6542,21.0873,13.0556666667,9.26463333333,8.2402
2256.0,49.4193666667,52.6510333333,28.4617666667,20.9851,49.9063666667,50.2756333333,48.7740333333,49.3137333333,40.8663333333,36.6762333333,45.0622666667,44.3468666667,36.2041,47.6050333333,43.5405666667,45.8516333333,49.0135,36.1494,50.3988,36.5572333333,21.0607333333,13.0433333333,9.27773333333,8.2429
2257.0,49.2218333333,52.4682666667,28.3938333333,20.9554,49.6927333333,50.0743333333,48.5980333333,49.0803333333,40.7077666667,36.5435666667,44.8886666667,44.1947666667,36.0809,47.4237666667,43.3825,45.6260666667,48.8172666667,36.0477333333,50.1875666667,36.4675666667,21.0348333333,13.0230666667,9.28173333333,8.2389
2258.0,49.024,52.2871,28.3240666667,20.9255333333,49.4873333333,49.8732666667,48.4214333333,48.848,40.5544666667,36.4131,44.7179333333,44.043,35.9612,47.2442333333,43.2267,45.3975333333,48.6298666667,35.9480333333,49.9904666667,36.3836666667,21.0106666667,13.0027666667,9.28086666667,8.23243333333
2259.0,48.8172333333,52.103,28.2539666667,20.8961,49.2844333333,49.6662,48.2390333333,48.6111333333,40.4081333333,36.2867666667,44.5506666667,43.8902666667,35.8456333333,47.0628,43.0735666667,45.1619,48.4518333333,35.8432666667,49.8083,36.3044666667,20.991,12.9938666667,9.2777,8.22753333333
2260.0,48.6044666667,51.9172,28.1830666667,20.8669,49.0857666667,49.4554333333,48.0526666667,48.3715333333,40.2680333333,36.1637333333,44.3865666667,43.7369666667,35.7334,46.8804,42.9227333333,44.9205666667,48.2824333333,35.7355,49.6404,36.2300333333,20.9748333333,12.993,9.27156666667,8.22313333333
2261.0,48.3956,51.7278666667,28.1115666667,20.8346,48.8961333333,49.2538,47.8720666667,48.1363333333,40.1300666667,36.0382,44.2238333333,43.5833,35.6104333333,46.6952333333,42.7690333333,44.6765666667,48.1063333333,35.6284,49.4791,36.1508333333,20.9579,12.9960333333,9.26453333333,8.21996666667
2262.0,48.1900666667,51.5310333333,28.0389,20.7987333333,48.7165,49.0628333333,47.6983666667,47.9076333333,39.9942666667,35.9093333333,44.0643333333,43.428,35.4733333333,46.5073333333,42.6111666667,44.4279333333,47.9208,35.5205333333,49.3240666667,36.0649,20.9393,13.0045333333,9.25676666667,8.2184
2263.0,47.9915333333,51.3401,27.9670666667,20.7606,48.544,48.8790666667,47.5284,47.6793333333,39.8598,35.7790666667,43.9012666667,43.2756666667,35.3319666667,46.3159333333,42.4524333333,44.1823333333,47.7331666667,35.4168333333,49.1750666667,35.9777666667,20.9213,13.0126333333,9.24786666667,8.21716666667
2264.0,47.8053333333,51.1647333333,27.8970333333,20.7189,48.3789,48.7024,47.3609,47.4461666667,39.7248,35.6463666667,43.7271,43.1296666667,35.1910666667,46.1191,42.2948666667,43.9453333333,47.5472333333,35.3235333333,49.0297666667,35.8905,20.9046333333,13.0147,9.23703333333,8.2135
2265.0,47.6276,51.0005,27.8291,20.6763333333,48.2189666667,48.5317666667,47.1962,47.2121333333,39.5908666667,35.5136,43.5474666667,42.9885666667,35.0496,45.9188,42.1373,43.7149666667,47.3612666667,35.2352666667,48.8902666667,35.8047333333,20.8893333333,13.0143,9.22563333333,8.2105
2266.0,47.4528666667,50.8480333333,27.7664333333,20.6419,48.0546,48.3626666667,47.0325333333,46.9821333333,39.4613666667,35.3889333333,43.3701,42.8535666667,34.9119666667,45.7189,41.9781333333,43.4931,47.1752,35.1415,48.7601,35.7295,20.8768666667,13.0158666667,9.2174,8.2168
2267.0,47.2811666667,50.7087,27.7089666667,20.6153,47.8866666667,48.1954333333,46.8696666667,46.7541666667,39.3356666667,35.2715666667,43.1926666667,42.7255666667,34.7781333333,45.5179333333,41.8167333333,43.2792666667,46.9891333333,35.0429666667,48.6390333333,35.6642666667,20.8672666667,13.0191666667,9.21166666667,8.23256666667
2268.0,47.1169,50.5710333333,27.6544333333,20.5902333333,47.7177333333,48.0317333333,46.7122333333,46.5399666667,39.2146,35.1597333333,43.0261,42.5963333333,34.6447666667,45.3238666667,41.6599666667,43.0749,46.8023666667,34.9437333333,48.5263666667,35.6039666667,20.8589666667,13.0217666667,9.2105,8.24773333333
2269.0,46.9599333333,50.4284666667,27.6019333333,20.5648666667,47.5450666667,47.8697666667,46.562,46.3445,39.0977,35.0526333333,42.8758666667,42.4610333333,34.5057333333,45.1364666667,41.5072333333,42.8772333333,46.6100333333,34.8415,48.4215666667,35.5480666667,20.8505666667,13.0227333333,9.21596666667,8.26013333333
2270.0,46.8128333333,50.2891666667,27.5525666667,20.5403333333,47.3754666667,47.7140333333,46.4177,46.1636333333,38.9864333333,34.9515666667,42.7364,42.3259666667,34.3733333333,44.9608333333,41.3637333333,42.6934,46.4227,34.7430333333,48.3257,35.4956333333,20.8444333333,13.023,9.22493333333,8.2695
2271.0,46.6809666667,50.1611666667,27.5064666667,20.5155333333,47.2183666667,47.5713,46.2780666667,45.9946666667,38.8822666667,34.8567333333,42.6037333333,42.1953666667,34.2621,44.8064333333,41.2381666667,42.5331666667,46.2534,34.6585333333,48.2399666667,35.4443333333,20.8437,13.0223666667,9.23446666667,8.2714
2272.0,46.5625666667,50.042,27.4638333333,20.4910666667,47.0712,47.4394666667,46.1438,45.8386333333,38.7849666667,34.7684333333,42.4791,42.0685333333,34.1681666667,44.6704666667,41.1281,42.3939,46.0987666667,34.5849666667,48.1639666667,35.3949,20.8473666667,13.0211333333,9.2452,8.26743333333
2273.0,46.4513333333,49.9297666667,27.4296333333,20.4729666667,46.9354,47.3139333333,46.0227333333,45.7008,38.6996,34.6948333333,42.3646666667,41.9575333333,34.0979,44.5518333333,41.0382,42.2780333333,45.9654333333,34.5197333333,48.0981333333,35.3469333333,20.8534,13.0235333333,9.25536666667,8.26743333333
2274.0,46.3479,49.8273333333,27.4063333333,20.4629333333,46.8114666667,47.1930666667,45.9153333333,45.5823333333,38.6277333333,34.6390666667,42.2596,41.8651,34.0559,44.4520666667,40.9718333333,42.1877333333,45.8564666667,34.4634666667,48.0467333333,35.3009666667,20.8639666667,13.0307333333,9.2636,8.2731
2275.0,46.2491,49.7244666667,27.3862333333,20.4561333333,46.6983333333,47.0819,45.8210666667,45.4795333333,38.5647333333,34.5914333333,42.1669,41.7833,34.0271333333,44.3655333333,40.9175666667,42.1160333333,45.7622333333,34.4138333333,47.9947,35.2555,20.8713,13.0393666667,9.27413333333,8.28
2276.0,46.1513333333,49.611,27.3647666667,20.4496666667,46.5953333333,46.9842666667,45.7432333333,45.3922666667,38.5091666667,34.5465,42.0916333333,41.7088,34.0018666667,44.2880666667,40.8691666667,42.0607333333,45.6772666667,34.3686,47.9304,35.2092333333,20.8680666667,13.0480666667,9.29116666667,8.28573333333
2277.0,46.057,49.4943,27.3434,20.4447666667,46.5028,46.8980666667,45.6774333333,45.3183,38.4602,34.5057666667,42.0287333333,41.6418666667,33.9837,44.2213333333,40.8273666667,42.0200333333,45.6031333333,34.3291333333,47.8593333333,35.1631,20.8589333333,13.0566333333,9.31146666667,8.29153333333
2278.0,45.97,49.3869,27.3195333333,20.4411666667,46.4223333333,46.8241,45.6125333333,45.2484333333,38.4117333333,34.4646333333,41.9678666667,41.5787333333,33.9698333333,44.1651,40.7851333333,41.9839333333,45.5376666667,34.2983333333,47.7824333333,35.1184666667,20.8486666667,13.0614666667,9.32946666667,8.29716666667
2279.0,45.8913666667,49.2882666667,27.2929,20.4387,46.3558666667,46.7655666667,45.5510666667,45.1846333333,38.3649,34.4231333333,41.9109666667,41.521,33.9613,44.1208666667,40.7442333333,41.9555333333,45.4833,34.2778333333,47.699,35.0752333333,20.8364,13.0622666667,9.34643333333,8.30196666667
2280.0,45.8099333333,49.19,27.2683666667,20.4396,46.2869,46.6967333333,45.4844333333,45.1209666667,38.3174333333,34.3858333333,41.8528333333,41.4587666667,33.9529333333,44.0770333333,40.6971333333,41.9204333333,45.4231333333,34.2521,47.6141666667,35.0335,20.8248333333,13.0648666667,9.35863333333,8.31153333333
2281.0,45.7236,49.0959,27.2487,20.4474,46.2132666667,46.6084333333,45.4089,45.0588666667,38.2701,34.3575666667,41.7911,41.3901,33.9476666667,44.0340666667,40.6415333333,41.8744333333,45.3554333333,34.2157333333,47.5327666667,34.9957666667,20.8163666667,13.0714333333,9.36306666667,8.33093333333
2282.0,45.6310666667,48.9937666667,27.2304,20.4554,46.1304333333,46.5071,45.3277333333,44.9911666667,38.2196,34.33,41.7275666667,41.3132333333,33.9358333333,43.9844,40.5780666667,41.8184333333,45.2746666667,34.1724,47.4471333333,34.9565,20.8075666667,13.0800666667,9.3642,8.352
2283.0,45.5247333333,48.8616333333,27.2115666667,20.4550666667,46.0254333333,46.3900666667,45.2418333333,44.9048666667,38.1602333333,34.2931,41.6629666667,41.2196666667,33.9001333333,43.9124666667,40.5035,41.747,45.1644,34.1207666667,47.3465666667,34.9078666667,20.7935666667,13.0902333333,9.36676666667,8.36563333333
2284.0,45.4076666667,48.7067,27.1921,20.4487333333,45.9019333333,46.2593,45.1509333333,44.8037333333,38.0934333333,34.2496,41.5968333333,41.1126333333,33.8460666667,43.8228666667,40.4193333333,41.6621666667,45.0303,34.0616333333,47.2348333333,34.8521333333,20.7762333333,13.1018666667,9.36943333333,8.37426666667
2285.0,45.2957333333,48.5511666667,27.1634333333,20.437,45.7691,46.1357,45.0563666667,44.6950666667,38.0194333333,34.2012,41.5256333333,41.0083666667,33.7882333333,43.7264333333,40.3354666667,41.5751666667,44.895,34.0034,47.1268,34.7930333333,20.7631666667,13.1114,9.37213333333,8.3763
2286.0,45.1899,48.3944666667,27.1241333333,20.4186,45.6260333333,46.0219333333,44.9587333333,44.5778,37.9366,34.1468333333,41.4499666667,40.9063,33.7261333333,43.6233,40.2519,41.4847666667,44.7575,33.9468333333,47.0231333333,34.7296666667,20.7539666667,13.1184666667,9.3745,8.3704
2287.0,45.0833333333,48.2381,27.0828333333,20.4008333333,45.4777333333,45.9031,44.8559,44.4582333333,37.8544333333,34.0923333333,41.3679,40.8075,33.6624,43.5133,40.1684333333,41.3971666667,44.6216666667,33.8879,46.9188333333,34.6667,20.7493,13.125,9.37846666667,8.36396666667
2288.0,44.9748333333,48.0842333333,27.0431,20.3886666667,45.3240666667,45.771,44.7453,44.3395,37.778,34.0436333333,41.2759666667,40.7157666667,33.599,43.3947333333,40.0859666667,41.3163333333,44.4911666667,33.8243,46.815,34.6073,20.7521,13.1316,9.3846,8.3607
2289.0,44.8626333333,47.9317333333,27.0036333333,20.3781,45.1692333333,45.6322,44.6302666667,44.2206333333,37.7046666667,33.9939,41.1788666667,40.6261,33.5354,43.2716,40.0036666667,41.2402,44.3637,33.7584333333,46.7073333333,34.5491,20.7579,13.1381,9.39333333333,8.35883333333
2290.0,44.7397666667,47.7808333333,26.9664666667,20.3652333333,45.0249333333,45.4926,44.5163,44.1033333333,37.6348666667,33.9325333333,41.0841,40.5309333333,33.4717666667,43.1504666667,39.9204333333,41.1698666667,44.2380666667,33.6939,46.5850333333,34.4900333333,20.7585666667,13.1450333333,9.40793333333,8.3591
2291.0,44.6075333333,47.6316666667,26.9313,20.3506333333,44.8890333333,45.3509666667,44.4024666667,43.9869666667,37.5686,33.8612333333,40.9900666667,40.432,33.4075666667,43.0295666667,39.8365333333,41.1055333333,44.1143,33.6299,46.4498333333,34.4305666667,20.7554666667,13.1523333333,9.42826666667,8.3612
2292.0,44.4707333333,47.4814,26.8948,20.3375333333,44.756,45.2065666667,44.2858,43.8752333333,37.5035333333,33.7886666667,40.8974,40.3278666667,33.3525,42.9193,39.7516666667,41.0375666667,43.996,33.5660333333,46.3105,34.3731,20.7541,13.1581,9.44206666667,8.3653
2293.0,44.3273666667,47.3277,26.8537333333,20.3261333333,44.6256,45.0587666667,44.1643333333,43.7696,37.4390333333,33.7132333333,40.8069,40.2171,33.3101,42.8251,39.6663666667,40.9633333333,43.8851666667,33.5030666667,46.1651333333,34.3181333333,20.7556,13.1615666667,9.4447,8.37183333333
2294.0,44.1850333333,47.1763,26.8160666667,20.3174333333,44.4965333333,44.9087,44.0428,43.6675666667,37.3761666667,33.6432333333,40.7162333333,40.1031666667,33.2745666667,42.7363333333,39.5783,40.8862,43.7780333333,33.4382333333,46.0226333333,34.2655666667,20.7589333333,13.1639666667,9.44406666667,8.3796
2295.0,44.0529666667,47.0325666667,26.7903,20.3152333333,44.3664333333,44.7554,43.9253,43.5717,37.3175,33.5905666667,40.6242333333,39.9882666667,33.2460666667,42.6475666667,39.4865,40.8073333333,43.6755333333,33.3680666667,45.8937,34.2176666667,20.7673666667,13.1658,9.4437,8.3879
2296.0,43.9248666667,46.8929,26.7699333333,20.3151,44.2365666667,44.6013333333,43.8097333333,43.4763,37.2596666667,33.5461333333,40.5304,39.8723666667,33.2201,42.5586,39.3902,40.7264666667,43.5733,33.2952,45.7714666667,34.1711,20.7757,13.1674333333,9.44356666667,8.39663333333
2297.0,43.7913,46.7534,26.7453666667,20.3063666667,44.1097,44.4548,43.6951333333,43.3635666667,37.1940333333,33.4943333333,40.4314,39.7585666667,33.1792666667,42.4604333333,39.2844333333,40.6441,43.4559333333,33.2244666667,45.6464333333,34.1165333333,20.7677666667,13.1708,9.45,8.4049
2298.0,43.6531666667,46.6157333333,26.7192333333,20.2906333333,43.987,44.3154666667,43.5823666667,43.2354,37.1219,33.4377,40.3283666667,39.647,33.1249666667,42.3544666667,39.1694333333,40.5603666667,43.3245,33.1554666667,45.5189333333,34.0547333333,20.7440333333,13.1758666667,9.4638,8.4131
2299.0,43.5129666667,46.4704333333,26.6794666667,20.2660333333,43.8561666667,44.1776333333,43.4657333333,43.0947,37.0414333333,33.3724666667,40.2156666667,39.5334666667,33.0637,42.2384,39.0479666667,40.4737666667,43.1854333333,33.0858333333,45.3958666667,33.9893666667,20.7173333333,13.1806666667,9.47216666667,8.41843333333
2300.0,43.3692,46.3099,26.6160333333,20.2270666667,43.7097,44.0386333333,43.3424666667,42.9380333333,36.9484,33.2935333333,40.0881666667,39.4159333333,32.9956666667,42.1097666667,38.9172333333,40.3806333333,43.0371333333,33.0148666667,45.2752666667,33.9184666667,20.6878666667,13.1851,9.46766666667,8.41903333333
2301.0,43.2264666667,46.146,26.5439333333,20.1846666667,43.5578333333,43.9019,43.2153333333,42.7738666667,36.8506333333,33.2093333333,39.9541333333,39.2965666667,32.9231,41.9721333333,38.7850666667,40.2887666667,42.8859333333,32.9429333333,45.1664,33.8485666667,20.6622666667,13.188,9.45996666667,8.4176
2302.0,43.0912666667,45.9891666667,26.4762666667,20.1520333333,43.4074333333,43.7704666667,43.0863333333,42.6126666667,36.7566666667,33.1291,39.8220666667,39.1754333333,32.8508,41.8267333333,38.6615333333,40.2079333333,42.7420666667,32.8692666667,45.0849,33.7902,20.6538,13.1868666667,9.45736666667,8.417
2303.0,42.9607666667,45.8365666667,26.4096666667,20.1238,43.2578666667,43.6429333333,42.9549,42.4511666667,36.6636333333,33.0491666667,39.6892333333,39.0536333333,32.7767,41.6752666667,38.5431,40.1340333333,42.6010333333,32.7949,45.0224666667,33.7381666667,20.6557333333,13.1832333333,9.457,8.41626666667
2304.0,42.8307,45.6931,26.3512,20.0931333333,43.1192666667,43.5172,42.8197,42.2899333333,36.5695,32.9637333333,39.5546333333,38.9383666667,32.6974,41.5301666667,38.4293,40.0618666667,42.4542,32.7255333333,44.9608333333,33.6806333333,20.6532,13.1818,9.4592,8.41553333333
2305.0,42.6996,45.5579,26.3016333333,20.0586333333,42.9912333333,43.3917,42.6771,42.1248,36.4707666667,32.8689666667,39.4153,38.8281666667,32.6115666667,41.3886,38.3194333333,39.9917333333,42.2978,32.6611333333,44.9004333333,33.6157,20.6453666667,13.1830666667,9.46573333333,8.4147
2306.0,42.5773666667,45.436,26.2563,20.0296,42.8762666667,43.2763,42.5482333333,41.9797333333,36.3874333333,32.7879333333,39.2887333333,38.7305666667,32.5262666667,41.2641666667,38.218,39.9240333333,42.1547333333,32.6015666667,44.8435333333,33.5562333333,20.6402333333,13.1837,9.46686666667,8.4141
2307.0,42.4657333333,45.3265,26.2115666667,20.0073666667,42.7734,43.1721666667,42.4388333333,41.8632333333,36.3247333333,32.7296,39.1789333333,38.6471,32.4441,41.1654,38.1260666667,39.8557333333,42.0318666667,32.5476,44.7859333333,33.5043,20.6399,13.1827333333,9.45416666667,8.4124
2308.0,42.3663333333,45.2339333333,26.1726,19.9941666667,42.6863,43.0824333333,42.3489666667,41.7706666667,36.2823666667,32.6878666667,39.0873,38.5787666667,32.3635333333,41.0816,38.0433,39.7932333333,41.9274666667,32.4975333333,44.7368333333,33.4622666667,20.6434333333,13.1807666667,9.44016666667,8.41306666667
2309.0,42.2826333333,45.1636,26.1449333333,19.9987333333,42.6192333333,43.0133333333,42.2862333333,41.7056,36.2699333333,32.6648333333,39.0230666667,38.5295333333,32.2814666667,41.0008666667,37.9695333333,39.7449333333,41.8467,32.4464666667,44.7091,33.4375666667,20.6541,13.1763,9.4387,8.4221
2310.0,42.2152,45.1162,26.1274666667,20.0177333333,42.5728333333,42.9646666667,42.2490333333,41.6670333333,36.2838,32.6588666667,38.9838,38.4991,32.2004666667,40.9282666667,37.9057333333,39.7089666667,41.7889333333,32.3973666667,44.6995333333,33.4284,20.6698666667,13.1703,9.44586666667,8.4374
2311.0,42.1795,45.1121666667,26.1231,20.0337,42.5622,42.9486,42.2346333333,41.6455666667,36.3023,32.6503666667,38.9626,38.4923666667,32.1418333333,40.8829333333,37.8592666667,39.6883666667,41.7531666667,32.3712666667,44.7071666667,33.4322333333,20.6727666667,13.1706333333,9.45906666667,8.45016666667
2312.0,42.1762,45.1532333333,26.1331666667,20.0470666667,42.5884,42.9659666667,42.2436333333,41.6419666667,36.326,32.6394666667,38.962,38.5106333333,32.1056,40.8657,37.8298,39.6828333333,41.7385333333,32.3689333333,44.7307666667,33.4484666667,20.6601666667,13.1779,9.4805,8.46106666667
2313.0,42.1961333333,45.2230333333,26.149,20.0574666667,42.6399,43.0070333333,42.2693,41.6504,36.3523,32.6268666667,38.9671,38.5439,32.0868333333,40.8669,37.8159333333,39.6908333333,41.7461,32.3819,44.7731666667,33.4785333333,20.6478333333,13.1878666667,9.49873333333,8.46766666667
2314.0,42.2390333333,45.3215666667,26.1663,20.0616333333,42.7177666667,43.0715,42.3123,41.6674666667,36.3788666667,32.6087333333,38.9685666667,38.5919666667,32.0848,40.8870666667,37.8180333333,39.7124666667,41.7791333333,32.4091666667,44.8357666667,33.5252333333,20.6409666667,13.2009,9.50596666667,8.46496666667
2315.0,42.3012333333,45.4394666667,26.1876333333,20.0643,42.8132,43.1548666667,42.3666666667,41.6957,36.4065,32.5915666667,38.9730333333,38.6484333333,32.1004666667,40.9203333333,37.836,39.7476,41.8333,32.4489333333,44.9190666667,33.5848666667,20.6403,13.2139,9.50826666667,8.46033333333
2316.0,42.3741333333,45.5557,26.213,20.0734,42.9066333333,43.2464,42.4192666667,41.7383666667,36.4340666667,32.5849,38.9843,38.6959,32.1367666667,40.9532,37.8701666667,39.7977,41.9036,32.4957,45.0301666667,33.6539,20.6563666667,13.2188666667,9.50996666667,8.46553333333
2317.0,42.459,45.6749666667,26.2423333333,20.0864666667,43.0027333333,43.3480666667,42.4731666667,41.7934333333,36.4619,32.5861666667,39.0010666667,38.7393333333,32.1915,40.9888333333,37.9194333333,39.8611333333,41.9899,32.5502666667,45.1648666667,33.7322666667,20.6853666667,13.2183666667,9.51026666667,8.47706666667
2318.0,42.5447666667,45.7855666667,26.2773666667,20.0956666667,43.0957666667,43.4514666667,42.5237333333,41.8455333333,36.4901,32.5958,39.0203333333,38.7906333333,32.2474,41.0249,37.9749333333,39.9208,42.0740333333,32.6073666667,45.2867,33.8052666667,20.7109,13.2221666667,9.51223333333,8.48546666667
2319.0,42.6362666667,45.8899333333,26.3216,20.1011666667,43.1894333333,43.5602666667,42.5718666667,41.8948666667,36.5185,32.6153333333,39.0452666667,38.8545666667,32.3083666667,41.0629666667,38.0398333333,39.9772,42.1571666667,32.6696666667,45.3958,33.8744333333,20.7308333333,13.2322666667,9.51603333333,8.48993333333
2320.0,42.7123,45.9751666667,26.3625666667,20.1006333333,43.2679333333,43.6584333333,42.6124666667,41.9374666667,36.5476666667,32.6396333333,39.0628666667,38.9151666667,32.3559666667,41.0964333333,38.1003,40.0242666667,42.2311,32.7256333333,45.4836,33.9307,20.7499,13.2426666667,9.52166666667,8.49143333333
2321.0,42.7598,46.0331,26.3942,20.0886666667,43.3223,43.7378,42.6423,41.9676666667,36.5787333333,32.6675666667,39.0617666667,38.9663666667,32.374,41.1219,38.1472666667,40.0547666667,42.2884,32.7675666667,45.5377666667,33.9659,20.7690333333,13.25,9.52933333333,8.4867
2322.0,42.7839,46.0668,26.4177,20.0736333333,43.3557333333,43.7988,42.6623333333,41.991,36.6099,32.6965333333,39.0529,39.0071333333,32.3760333333,41.1396666667,38.1850333333,40.0750666667,42.3339666667,32.7994333333,45.5706333333,33.9860666667,20.7882333333,13.2568,9.53926666667,8.482
2323.0,42.7792666667,46.0721666667,26.4283333333,20.0685,43.3632,43.8324666667,42.6702666667,42.0141666667,36.6394,32.7204333333,39.0479666667,39.0269333333,32.3732666667,41.1471666667,38.214,40.0922333333,42.3712,32.8213,45.5971,33.9958666667,20.8100666667,13.2643333333,9.55333333333,8.489
2324.0,42.7491,46.0518333333,26.4279333333,20.0697333333,43.3476666667,43.8423333333,42.6674333333,42.0353666667,36.6674666667,32.7406666667,39.0440666667,39.0295333333,32.3636333333,41.1454,38.2342333333,40.1044666667,42.3993666667,32.8336333333,45.6136,33.9945333333,20.8334333333,13.2724666667,9.57066666667,8.50396666667
2325.0,42.7162666667,46.0196666667,26.4251666667,20.0735666667,43.3261666667,43.8393,42.6635333333,42.0502,36.6880333333,32.7518,39.0422666667,39.0263666667,32.3564333333,41.1332,38.2417666667,40.1076333333,42.4156666667,32.8394,45.6143333333,33.9836666667,20.85,13.2839333333,9.58363333333,8.51403333333
2326.0,42.6815333333,45.9718333333,26.4221666667,20.0793333333,43.2979333333,43.8229666667,42.6621,42.0610333333,36.7001666667,32.7535,39.0465666667,39.0184,32.3553,41.1103333333,38.2348666667,40.1013666667,42.4190666667,32.8401666667,45.5963,33.9623666667,20.8573666667,13.2999666667,9.59076666667,8.51596666667
2327.0,42.6451,45.9245,26.4115,20.0900333333,43.2689,43.7950333333,42.651,42.0568333333,36.7050666667,32.7444,39.0414,39.0032666667,32.3481666667,41.0769,38.2175666667,40.0848666667,42.4116333333,32.8297333333,45.5689,33.9329,20.8627666667,13.3164666667,9.59643333333,8.5196
2328.0,42.6082333333,45.8889,26.3865666667,20.1075,43.2447666667,43.7562333333,42.6241,42.0267333333,36.7011333333,32.7207666667,39.0168,38.9817666667,32.3247666667,41.0304666667,38.1891666667,40.0558333333,42.3922333333,32.8002,45.5361,33.8929666667,20.8712,13.3311666667,9.6044,8.52876666667
2329.0,42.5716666667,45.8593,26.3548666667,20.1305666667,43.2218333333,43.7084333333,42.5839333333,41.9825,36.6917,32.6882,38.9787333333,38.9519666667,32.2963666667,40.9763,38.1542666667,40.0176666667,42.3650333333,32.7626,45.4981666667,33.8494666667,20.8780666667,13.3453333333,9.60993333333,8.54306666667
2330.0,42.5395333333,45.8379333333,26.3246,20.1613666667,43.1993,43.6560333333,42.5261333333,41.938,36.6823666667,32.6533333333,38.9264666667,38.9081333333,32.2779333333,40.9232,38.1222333333,39.975,42.3388666667,32.7327,45.4629666667,33.8146,20.8789,13.3599666667,9.6061,8.56846666667
2331.0,42.5102666667,45.8228,26.2944,20.1979,43.1767333333,43.5982666667,42.4536,41.89,36.6716,32.6153,38.8618333333,38.8530666667,32.2649666667,40.869,38.0905,39.9268,42.3109666667,32.7064333333,45.4267666667,33.7854666667,20.8747333333,13.3745666667,9.59503333333,8.602
2332.0,42.4762,45.7953,26.2738333333,20.2210333333,43.1467,43.5384333333,42.3913666667,41.8409666667,36.6599,32.5849,38.8066,38.8048,32.2487,40.8149333333,38.0553333333,39.8736666667,42.2752666667,32.6817,45.3660666667,33.7645,20.8642,13.3852,9.58106666667,8.6259
2333.0,42.4390666667,45.7541333333,26.2636666667,20.2313666667,43.1101,43.4771333333,42.3425333333,41.7929,36.6495333333,32.5636333333,38.7620333333,38.7645,32.2303,40.7604666667,38.0158666667,39.8139,42.2329,32.6591333333,45.2788333333,33.7530666667,20.846,13.3927666667,9.56233333333,8.64003333333
2334.0,42.3918,45.7088,26.2586333333,20.2295666667,43.0645,43.4117666667,42.2888,41.7364666667,36.6297333333,32.5418666667,38.7189666667,38.7240333333,32.2056,40.7083,37.9770666667,39.7569,42.1799333333,32.6358666667,45.1801333333,33.7428666667,20.8273,13.3941,9.54816666667,8.6474
2335.0,42.3254666667,45.6650333333,26.2578,20.2102333333,43.0073666667,43.3390333333,42.2187666667,41.6626333333,36.5927333333,32.5142,38.6736666667,38.6822666667,32.1681,40.6594333333,37.9427666667,39.7077333333,42.1097333333,32.6073333333,45.0708666667,33.7293666667,20.8111333333,13.3836666667,9.54416666667,8.64666666667
2336.0,42.2511666667,45.6169,26.2605666667,20.1825666667,42.9405,43.2635666667,42.1428,41.582,36.5453333333,32.4851,38.6286,38.6366,32.1271333333,40.6143,37.9090333333,39.6642333333,42.0314,32.5806666667,44.9586666667,33.7153333333,20.7967666667,13.3692,9.54706666667,8.64086666667
2337.0,42.1855333333,45.5601333333,26.2655333333,20.1619333333,42.8656,43.1924666667,42.0698,41.5088333333,36.4919,32.4585,38.5839666667,38.5778666667,32.0967,40.5767333333,37.8732666667,39.6295333333,41.9581666667,32.5705,44.8654333333,33.7032333333,20.7866,13.3622,9.55743333333,8.63666666667
2338.0,42.1237,45.4947666667,26.2722,20.1444333333,42.7821666667,43.1239,41.9980333333,41.4393,36.4324666667,32.4333333333,38.5401,38.5096,32.0730333333,40.5446666667,37.8352333333,39.6016333333,41.8867,32.5710666667,44.7840666667,33.6915666667,20.7798666667,13.3596,9.57443333333,8.6318
2339.0,42.0569333333,45.4057333333,26.2697333333,20.1292,42.6882666667,43.0569333333,41.9353,41.3719333333,36.3814666667,32.4110666667,38.5028333333,38.4483666667,32.0532666667,40.5049333333,37.7831333333,39.5641,41.8157333333,32.5560666667,44.6923,33.6694333333,20.7747666667,13.3597333333,9.58926666667,8.6178
2340.0,41.9852333333,45.2871666667,26.2576,20.1170333333,42.5808666667,42.9919333333,41.8847666667,41.3081333333,36.3408666667,32.3931666667,38.4749666667,38.3955666667,32.0376333333,40.4573333333,37.7135666667,39.5164,41.7442333333,32.5246333333,44.5875,33.6358333333,20.7706666667,13.3635333333,9.60096666667,8.59273333333
2341.0,41.9085,45.1737333333,26.2393666667,20.1034333333,42.4781666667,42.9271,41.8269666667,41.2394,36.2982666667,32.3706666667,38.4400333333,38.3420666667,32.0251,40.4038666667,37.6467666667,39.4629666667,41.6783666667,32.4835,44.4858666667,33.5974333333,20.7711666667,13.3656,9.61566666667,8.56836666667
2342.0,41.8204666667,45.0777,26.2122666667,20.0854333333,42.3842666667,42.8607,41.7471333333,41.1570666667,36.2446333333,32.3370666667,38.3893,38.2826,32.0137,40.3415,37.5886333333,39.4012333333,41.6188,32.4281333333,44.3887333333,33.5517333333,20.7778666667,13.3625333333,9.63766666667,8.54536666667
2343.0,41.7357,44.9934666667,26.1848666667,20.0669,42.3032666667,42.7955666667,41.6674,41.0758,36.1943333333,32.3016333333,38.3324333333,38.2249333333,32.0072333333,40.2778333333,37.5389333333,39.3396333333,41.5686,32.3726333333,44.3032666667,33.5090333333,20.7893333333,13.3587333333,9.66026666667,8.53026666667
2344.0,41.6715,44.9251666667,26.1681,20.0531666667,42.2468333333,42.7319666667,41.6054,41.0056666667,36.1605333333,32.2715,38.2718,38.1739,32.0113333333,40.2202,37.5047333333,39.2883,41.5339333333,32.3351666667,44.2423666667,33.4842666667,20.8076333333,13.3581333333,9.6779,8.5372
2345.0,41.6217666667,44.8695,26.1582333333,20.0407333333,42.2095666667,42.6719666667,41.5585,40.9481,36.1397,32.2457,38.2114333333,38.1305,32.0224666667,40.1676333333,37.4816,39.2445333333,41.5118333333,32.3092666667,44.2009,33.4713,20.8292666667,13.3591333333,9.6916,8.55813333333
2346.0,41.5824,44.8118666667,26.1536,20.0176333333,42.1816666667,42.6260333333,41.5464,40.9311,36.1371666667,32.2318333333,38.1785,38.1097333333,32.0319333333,40.1274333333,37.4560333333,39.2099666667,41.4973666667,32.2930333333,44.1719333333,33.4620666667,20.8372333333,13.3591,9.69643333333,8.57413333333
2347.0,41.5518666667,44.75,26.1538666667,19.9825333333,42.1629,42.5919,41.5699333333,40.9543,36.1535333333,32.2290666667,38.1713666667,38.1113,32.0410333333,40.0976333333,37.4271333333,39.1830666667,41.4909,32.287,44.1540666667,33.456,20.8324333333,13.3576,9.69183333333,8.58656666667
2348.0,41.5503666667,44.7247333333,26.1641333333,19.9604666667,42.1668,42.5835,41.6007666667,40.9950333333,36.1764333333,32.2389666667,38.1801666667,38.1224,32.0444333333,40.0915333333,37.4176,39.1782666667,41.4938666667,32.2871333333,44.1684666667,33.4676666667,20.8233333333,13.3629666667,9.68973333333,8.59883333333
2349.0,41.5886,44.7507333333,26.189,19.9565666667,42.1974666667,42.6090333333,41.6305,41.0541666667,36.2043333333,32.2638666667,38.2055333333,38.1389666667,32.0364666667,40.1165666667,37.4345333333,39.2004,41.5058333333,32.2918333333,44.2280333333,33.5028333333,20.8081333333,13.3794666667,9.69443333333,8.61096666667
2350.0,41.6451666667,44.8057333333,26.2171333333,19.9684333333,42.2501666667,42.6516666667,41.6698,41.1182,36.2353666667,32.2977333333,38.2412,38.1669,32.0308,40.1578666667,37.4683333333,39.2429,41.5284,32.3039333333,44.3050333333,33.5515333333,20.7967333333,13.3986333333,9.69953333333,8.6239
2351.0,41.7036666667,44.8796,26.2382333333,19.9991,42.3259333333,42.6967333333,41.7226666667,41.1687666667,36.2655333333,32.3364333333,38.2804666667,38.2093,32.0394,40.2051,37.5163333333,39.3048333333,41.5635333333,32.3257666667,44.3797,33.6093666667,20.8019,13.4152,9.7007,8.6406
2352.0,41.7727,44.9730666667,26.2585333333,20.0455,42.4204666667,42.7538666667,41.7884333333,41.2184333333,36.2973666667,32.381,38.3263,38.2649333333,32.0555666667,40.2623,37.5769666667,39.3833666667,41.6096,32.3558333333,44.4596,33.6756666667,20.8143333333,13.4302333333,9.70086666667,8.65746666667
2353.0,41.8607666667,45.0766666667,26.2849666667,20.1039333333,42.5221333333,42.8375666667,41.8722,41.2843666667,36.3326333333,32.4296333333,38.3790666667,38.3342333333,32.0722333333,40.3282666667,37.6417666667,39.4688,41.6635666667,32.3929333333,44.5440333333,33.7432,20.8195,13.4395,9.70446666667,8.66663333333
2354.0,41.9666,45.192,26.3164666667,20.1751666667,42.6331,42.9455333333,41.9732333333,41.3637333333,36.3708333333,32.4826333333,38.4386333333,38.4172333333,32.0906333333,40.4031666667,37.7123333333,39.5628666667,41.7258,32.4373666667,44.6333,33.8133333333,20.8198,13.4437333333,9.7109,8.66936666667
2355.0,42.076,45.3092666667,26.3502666667,20.2407333333,42.7415666667,43.0584,42.0782333333,41.4529666667,36.4244666667,32.5367333333,38.5079,38.5105333333,32.1194,40.4931,37.7852666667,39.6588333333,41.802,32.4845,44.7219,33.8779666667,20.8242,13.4464,9.7147,8.6662
2356.0,42.1905,45.4256,26.3873333333,20.2992666667,42.8448666667,43.1757333333,42.1870333333,41.5539,36.4987666667,32.5912666667,38.5882,38.6178,32.1597666667,40.6024,37.8594666667,39.7554333333,41.8941333333,32.5335,44.8097666667,33.9364333333,20.8330333333,13.4478666667,9.71616666667,8.65643333333
2357.0,42.2997333333,45.5487,26.4236,20.3506333333,42.9498666667,43.2935,42.2965666667,41.6582666667,36.5769333333,32.6476,38.6751,38.7236,32.2097666667,40.7158333333,37.9384,39.8552666667,41.9963666667,32.5867666667,44.8953,33.9886333333,20.8472333333,13.4476666667,9.71246666667,8.64233333333
2358.0,42.3952,45.6872333333,26.4560333333,20.3923,43.0626,43.4087,42.4024666667,41.7636,36.6496,32.7043333333,38.7659,38.8173,32.2696,40.8275666667,38.0260666667,39.9592333333,42.1079666667,32.6465,44.9757666667,34.0326,20.867,13.4456666667,9.6991,8.62346666667
2359.0,42.4829333333,45.8291666667,26.4870333333,20.4268666667,43.1754666667,43.521,42.5091333333,41.8668666667,36.7221666667,32.7652333333,38.8626333333,38.9057,32.3382,40.9361333333,38.117,40.0670333333,42.226,32.7100333333,45.0541666667,34.0712666667,20.8937666667,13.4422,9.68186666667,8.6032
2360.0,42.5666,45.959,26.5189333333,20.4586666667,43.2791,43.6261,42.6235333333,41.9567333333,36.7958666667,32.8395,38.9677666667,38.9922,32.4135333333,41.0298666667,38.2037333333,40.1803,42.3436333333,32.7734333333,45.1330333333,34.1082666667,20.9318333333,13.4372333333,9.66793333333,8.58776666667
2361.0,42.6455,46.0798,26.5510333333,20.4858333333,43.3754,43.7253,42.7429333333,42.0370666667,36.8708333333,32.9236333333,39.0802333333,39.076,32.4961333333,41.1128666667,38.2880666667,40.2977,42.4624333333,32.8378666667,45.2123,34.1430666667,20.9795333333,13.4311333333,9.65596666667,8.57596666667
2362.0,42.7218,46.1816,26.5819333333,20.4987666667,43.4582,43.8211,42.8559,42.1215333333,36.9527666667,33.0027333333,39.1946,39.1585666667,32.5872666667,41.2028,38.3684,40.4084666667,42.5811333333,32.9074666667,45.3022,34.1792,21.0297666667,13.4293333333,9.64946666667,8.573
2363.0,42.7955666667,46.2630666667,26.6110333333,20.4959333333,43.5270666667,43.9153666667,42.9649333333,42.2107333333,37.0440333333,33.0778,39.3133333333,39.2419,32.6910666667,41.3026,38.4451333333,40.5142666667,42.7017,32.9847666667,45.4062666667,34.2168666667,21.0853333333,13.4324666667,9.64816666667,8.57863333333
2364.0,42.8656,46.3301666667,26.6420666667,20.4843666667,43.582,43.9939666667,43.0523333333,42.3004666667,37.1292333333,33.1415333333,39.4201666667,39.3106,32.7813,41.3924333333,38.5151333333,40.6026666667,42.8102,33.0533666667,45.5010333333,34.2551666667,21.1279333333,13.4363,9.65583333333,8.5961
2365.0,42.9304333333,46.3810333333,26.6758,20.4610666667,43.6186333333,44.0513,43.1108,42.3955666667,37.2048666667,33.1878666667,39.5108333333,39.3586333333,32.8497333333,41.4666,38.5771333333,40.6655333333,42.9020666667,33.1083333333,45.5786666667,34.2931666667,21.1495333333,13.4402333333,9.67586666667,8.63063333333
2366.0,42.9941,46.426,26.7121666667,20.4397666667,43.6512333333,44.0966,43.1522333333,42.4794666667,37.2721,33.2301,39.5878333333,39.3955,32.9053333333,41.5314,38.6333666667,40.7203,42.9827333333,33.1546,45.649,34.3332,21.1629333333,13.4437,9.6997,8.66816666667
2367.0,43.0630666667,46.4739,26.7525,20.4322333333,43.6912333333,44.1334666667,43.1796666667,42.5350666667,37.3307666667,33.2809666667,39.6479333333,39.4223666667,32.9516333333,41.5896,38.6844666667,40.7814666667,43.0561333333,33.1925666667,45.7167666667,34.3782333333,21.1753333333,13.4437,9.7226,8.69723333333
2368.0,43.1304333333,46.5219666667,26.7950666667,20.4346333333,43.7348666667,44.1631666667,43.197,42.5727,37.3792333333,33.3311666667,39.6955333333,39.4444333333,32.9872333333,41.6395666667,38.731,40.8404333333,43.1183,33.2235333333,45.78,34.4258666667,21.1846,13.4442666667,9.7442,8.72296666667
2369.0,43.1810666667,46.5736,26.8362,20.4509,43.7861666667,44.1952,43.2216333333,42.6013,37.4104,33.3668666667,39.741,39.4818,33.0116,41.6785,38.7763666667,40.8881333333,43.1603333333,33.2521333333,45.8401666667,34.4729333333,21.1937,13.4552,9.7564,8.74736666667
2370.0,43.2173666667,46.6283,26.8766,20.4805333333,43.8445666667,44.2279666667,43.2507333333,42.6191333333,37.4253666667,33.3903333333,39.7826,39.5311,33.0247333333,41.7069,38.8199333333,40.9260333333,43.1836666667,33.2776333333,45.8971666667,34.5201333333,21.2022,13.4749333333,9.7605,8.77026666667
2371.0,43.2507,46.6788333333,26.9173666667,20.5125333333,43.8987,44.2543333333,43.2776666667,42.6426,37.4330666667,33.4052,39.8192333333,39.5771333333,33.0337333333,41.7319333333,38.8617,40.9567333333,43.1976333333,33.2990333333,45.9390333333,34.5624,21.2072,13.4953333333,9.76226666667,8.78566666667
2372.0,43.2804666667,46.7235666667,26.9591,20.5482333333,43.9471666667,44.2720333333,43.3021333333,42.6734333333,37.4318333333,33.4096666667,39.8505333333,39.6182,33.0376666667,41.7522,38.9038333333,40.9785666667,43.1996,33.3146,45.9606,34.5992333333,21.2076,13.5168,9.7635,8.79253333333
2373.0,43.3129,46.7664333333,26.9998333333,20.5776666667,43.9914,44.2876666667,43.3235,42.7107333333,37.4314,33.4112,39.8771333333,39.6561666667,33.0430333333,41.7766333333,38.9360666667,40.9986,43.2036,33.3315,45.9789333333,34.6305333333,21.2069,13.5346666667,9.75733333333,8.79263333333
2374.0,43.3554,46.8084666667,27.0379666667,20.5912666667,44.0297333333,44.3006333333,43.338,42.7581666667,37.4363,33.4115666667,39.8971333333,39.6905666667,33.0538666667,41.8134333333,38.9493666667,41.021,43.2178666667,33.3509,46.0022,34.6556333333,21.2055666667,13.5446,9.74116666667,8.7858
2375.0,43.3964333333,46.8497666667,27.0756,20.6031,44.0664666667,44.3176,43.3537666667,42.8076666667,37.4450333333,33.4131666667,39.9160666667,39.7228,33.0665666667,41.8505333333,38.958,41.0422666667,43.2355333333,33.3760666667,46.0240666667,34.6756666667,21.2054333333,13.5521333333,9.71646666667,8.77396666667
2376.0,43.4225,46.8912333333,27.1151,20.6286333333,44.1075333333,44.3490333333,43.3807,42.8516333333,37.4587666667,33.4175666667,39.9416333333,39.7542,33.0771666667,41.8748666667,38.9760666667,41.0581,43.2517666667,33.4136333333,46.0411,34.6923,21.2103,13.5628666667,9.68026666667,8.75943333333
2377.0,43.4406,46.9325333333,27.1550666667,20.6604666667,44.1500666667,44.3905333333,43.4147666667,42.8914,37.4769333333,33.4273,39.9703333333,39.7845666667,33.0885666667,41.8924333333,38.9989,41.0721,43.2694333333,33.4607666667,46.0546333333,34.7043,21.2181333333,13.5740666667,9.6363,8.7414
2378.0,43.4646666667,46.974,27.1931666667,20.6859666667,44.1898333333,44.4383,43.4534,42.9193666667,37.4994,33.4611333333,39.9965,39.8152333333,33.1097,41.9119,39.0268333333,41.0975,43.2961333333,33.5150666667,46.0652666667,34.7068333333,21.2253333333,13.5805333333,9.59893333333,8.71876666667
2379.0,43.4939,47.0160666667,27.2301,20.7065,44.2274666667,44.494,43.4979666667,42.935,37.5263,33.5195666667,40.0204666667,39.8459333333,33.1402666667,41.9320666667,39.0608666667,41.1342,43.3322,33.5782,46.0721333333,34.6991333333,21.2322333333,13.5825666667,9.5666,8.69076666667
2380.0,43.5239,47.0519,27.2563,20.7157666667,44.2556333333,44.5398333333,43.5325333333,42.9520333333,37.5558333333,33.5794666667,40.0422333333,39.8805,33.1765666667,41.9614,39.0875666667,41.17,43.3656666667,33.6308,46.0848333333,34.6956666667,21.2392,13.5823,9.5442,8.66833333333
2381.0,43.5549333333,47.0815,27.2691,20.7098333333,44.2705666667,44.5697,43.5537666667,42.9705666667,37.5869333333,33.6401333333,40.0601666667,39.9208666667,33.2211,42.0053666667,39.1036,41.2039,43.3936666667,33.6681333333,46.1080666667,34.6976666667,21.2485666667,13.5807666667,9.53283333333,8.653
2382.0,43.5842666667,47.1027666667,27.2762333333,20.7028666667,44.2847333333,44.601,43.5690333333,42.9962666667,37.6224333333,33.6942333333,40.0802333333,39.9607333333,33.2615333333,42.0452333333,39.1165333333,41.2349666667,43.4227666667,33.7011333333,46.1264,34.7059666667,21.2509666667,13.5750333333,9.529,8.64333333333
2383.0,43.6099,47.1115,27.2819,20.7043,44.3052333333,44.6418666667,43.5787333333,43.0389,37.6670666667,33.7333666667,40.1071666667,39.9987333333,33.2918333333,42.0688333333,39.1310333333,41.2600666667,43.4570333333,33.7375,46.1271,34.7265666667,21.2367,13.5628333333,9.5322,8.64096666667
2384.0,43.6328,47.1134666667,27.2829666667,20.7067666667,44.3280333333,44.6900666667,43.5874333333,43.0846666667,37.7132,33.7646,40.1364333333,40.0316666667,33.3111,42.0845666667,39.1418666667,41.2832666667,43.4925666667,33.7681333333,46.1235666667,34.7492333333,21.2172,13.5459666667,9.54153333333,8.64286666667
2385.0,43.6547333333,47.1149666667,27.2780333333,20.7035666667,44.3541333333,44.7534666667,43.6044666667,43.1155333333,37.7501666667,33.7943333333,40.1631666667,40.0501333333,33.3100666667,42.0955333333,39.1410666667,41.3114333333,43.5281333333,33.7838,46.1276333333,34.7576333333,21.2032333333,13.5232333333,9.55433333333,8.64486666667
2386.0,43.6737666667,47.1154666667,27.2676333333,20.6982,44.3811,44.8241,43.6266,43.1376666667,37.7816333333,33.8203,40.1893666667,40.0598,33.2952,42.1031666667,39.1340333333,41.3407666667,43.5619,33.7873333333,46.1377,34.7595,21.1938,13.4982333333,9.57153333333,8.64763333333
2387.0,43.6807333333,47.1218333333,27.2515333333,20.6991,44.3972333333,44.8744333333,43.6536333333,43.1542,37.8091666667,33.8404,40.2189333333,40.0762,33.2827,42.12,39.1360333333,41.3621666667,43.5796333333,33.775,46.167,34.7692666667,21.2016333333,13.4872333333,9.59456666667,8.649
2388.0,43.6752666667,47.1341,27.2292333333,20.7060333333,44.4032,44.9070333333,43.6872666667,43.1646,37.8324333333,33.8548,40.2522,40.0994,33.27,42.1457333333,39.1458,41.3754333333,43.5804333333,33.7447666667,46.2165,34.7862333333,21.2268333333,13.4893333333,9.6242,8.6493
2389.0,43.6695666667,47.1451666667,27.2048,20.7129,44.4020333333,44.9118,43.7038,43.1692333333,37.8520333333,33.8596666667,40.278,40.1082,33.2739,42.1698666667,39.1632333333,41.3911,43.5923666667,33.7264,46.2603,34.8058,21.2569666667,13.5023333333,9.649,8.646
2390.0,43.6644333333,47.1543666667,27.1785,20.7188333333,44.3925666667,44.8807666667,43.697,43.1679,37.8689666667,33.8513333333,40.2926333333,40.0989333333,33.3022,42.1897,39.1918,41.4093666667,43.6196666667,33.7272666667,46.2949333333,34.8295333333,21.2915333333,13.5287333333,9.6673,8.63796666667
2391.0,43.6622333333,47.1612333333,27.1510666667,20.7245333333,44.3814,44.8439666667,43.6831666667,43.1624,37.8800666667,33.8445333333,40.3065,40.0793,33.3293666667,42.2119,39.2172666667,41.4336,43.6561333333,33.7296,46.3239,34.8492333333,21.3268,13.5568333333,9.68093333333,8.6294
2392.0,43.6679666667,47.1647,27.1202666667,20.7279333333,44.3734333333,44.818,43.6669,43.1512,37.8778666667,33.8457333333,40.3256333333,40.0459333333,33.3408666667,42.2398333333,39.2258333333,41.4692333333,43.7072,33.7232,46.3477,34.8574666667,21.3607666667,13.5811,9.69113333333,8.62083333333
2393.0,43.6748333333,47.1654333333,27.0927333333,20.7337666667,44.365,44.7953666667,43.6517333333,43.1397333333,37.8759666667,33.856,40.3461333333,40.0114,33.3444666667,42.2717333333,39.2334666667,41.5094666667,43.7583333333,33.7170333333,46.3643,34.8616,21.3922666667,13.6013333333,9.695,8.61523333333
2394.0,43.6739333333,47.1639333333,27.0774333333,20.7518666667,44.3524333333,44.7770666667,43.6492333333,43.1375,37.8949666667,33.8852333333,40.3678666667,39.9984,33.3396333333,42.3093666667,39.2584,41.5448666667,43.7845,33.7164333333,46.3719333333,34.8703333333,21.4195666667,13.6135333333,9.68823333333,8.61973333333
2395.0,43.6687333333,47.1600666667,27.0726333333,20.7760666667,44.3382,44.7621666667,43.6547,43.1408,37.9263666667,33.9274333333,40.3889666667,39.9977333333,33.3291666667,42.3500333333,39.2941333333,41.5793666667,43.7963333333,33.7221333333,46.3704333333,34.8794333333,21.4411333333,13.6179333333,9.67253333333,8.6308
2396.0,43.6635666667,47.1525666667,27.086,20.7905666667,44.3296666667,44.7470333333,43.6632666667,43.1451666667,37.9601333333,33.9694,40.3982,39.9970333333,33.3270666667,42.384,39.3371,41.6205333333,43.8093666667,33.7508,46.3544,34.8793666667,21.4444666667,13.6072,9.64673333333,8.64273333333
2397.0,43.6583333333,47.1412333333,27.1182333333,20.7967,44.3268,44.7316,43.676,43.1506333333,37.9979666667,34.0128,40.3951333333,39.9969,33.3329333333,42.4126,39.3889333333,41.6690666667,43.8230666667,33.8043,46.3232333333,34.8701666667,21.4297666667,13.5806,9.60893333333,8.65713333333
2398.0,43.6488666667,47.1297,27.1571333333,20.792,44.3213,44.7228333333,43.6853,43.1643333333,38.0307333333,34.0513666667,40.3966333333,40.0074666667,33.3348,42.4265,39.4341,41.7077666667,43.8233,33.8399,46.2864,34.8611333333,21.4018666667,13.5524,9.58543333333,8.6595
2399.0,43.6345333333,47.1189333333,27.2040666667,20.7728333333,44.3105666667,44.7196333333,43.6903,43.1893333333,38.0562666667,34.0881,40.4062,40.0309,33.3312,42.4233333333,39.4729,41.7359,43.8062333333,33.8480333333,46.2452,34.8526,21.3576666667,13.5235,9.58466666667,8.646
2400.0,43.6161333333,47.1063,27.2469,20.754,44.3025,44.7304333333,43.6903666667,43.2154666667,38.0788666667,34.1045333333,40.416,40.0622333333,33.3235,42.4080666667,39.496,41.7476333333,43.7824666667,33.8505666667,46.1987,34.8479333333,21.3135,13.4973666667,9.58233333333,8.6261
2401.0,43.5886333333,47.0893,27.2803666667,20.743,44.2992,44.7649333333,43.6824333333,43.2423666667,38.1026666667,34.0895666667,40.4268333333,40.1052333333,33.3124333333,42.3776666667,39.4988333333,41.7344666667,43.7548,33.8547333333,46.1463666667,34.8511666667,21.2749666667,13.4747333333,9.5656,8.59856666667
2402.0,43.5666666667,47.0728,27.3048333333,20.7339666667,44.3015666667,44.806,43.6732333333,43.2616,38.1187333333,34.0536,40.4307333333,40.1460333333,33.2959666667,42.3434666667,39.4823666667,41.7115,43.7242666667,33.8572,46.0903333333,34.8556666667,21.2443666667,13.4595,9.549,8.57423333333
2403.0,43.5687666667,47.0599333333,27.3163666667,20.7237333333,44.3178666667,44.8439,43.6722,43.2643333333,38.1180666667,33.9966,40.4169333333,40.1706666667,33.2699333333,42.3214666667,39.4405333333,41.6942666667,43.6947666667,33.8627666667,46.0323333333,34.8568666667,21.2300333333,13.46,9.54073333333,8.56846666667
2404.0,43.5821666667,47.0512,27.3182666667,20.7139666667,44.3369,44.8749,43.6718666667,43.2523,38.1054666667,33.9276,40.3921,40.1841666667,33.2393333333,42.3002666667,39.3827,41.6741,43.6638333333,33.8638666667,45.9727666667,34.8551666667,21.2252,13.4684666667,9.5399,8.57116666667
2405.0,43.589,47.0527666667,27.3140333333,20.7052,44.3291333333,44.8727333333,43.6598666667,43.2173333333,38.0843,33.8743666667,40.3635,40.1864666667,33.2149,42.2622,39.3298,41.6404333333,43.6257666667,33.8393666667,45.9148666667,34.8468333333,21.2192666667,13.4705333333,9.55706666667,8.56776666667
2406.0,43.5923,47.0638,27.3030666667,20.6975666667,44.2996666667,44.8415333333,43.6379333333,43.1605666667,38.0535666667,33.8323,40.3296333333,40.177,33.1949,42.2098333333,39.2782666667,41.5948666667,43.5818333333,33.7924666667,45.8580333333,34.8322333333,21.2141333333,13.4687666667,9.5904,8.5609
2407.0,43.5910333333,47.0782,27.2928666667,20.7050666667,44.286,44.8050666667,43.6055,43.0973,38.0101333333,33.7914666667,40.2915333333,40.1478666667,33.1777666667,42.1448666667,39.2265,41.5419,43.5531666667,33.7442,45.7995333333,34.8093,21.2069,13.4667666667,9.60943333333,8.55953333333
2408.0,43.5834,47.0988,27.2846333333,20.7296,44.2921333333,44.7629,43.5612666667,43.0255666667,37.9532666667,33.7515,40.2501666667,40.098,33.1647666667,42.0626333333,39.1752333333,41.4791333333,43.5439666667,33.6944666667,45.7388333333,34.7765666667,21.1967333333,13.4632666667,9.6114,8.5654
2409.0,43.5829,47.1050333333,27.2712666667,20.7605666667,44.2952,44.7213333333,43.514,42.9625,37.8875,33.7138666667,40.1993333333,40.0322666667,33.1471,41.9965,39.1196666667,41.4242,43.5280666667,33.6468333333,45.6788666667,34.7437333333,21.1895333333,13.4678333333,9.61133333333,8.56723333333
2410.0,43.5969,47.0896,27.2509333333,20.7987,44.293,44.6842666667,43.4668666667,42.9158333333,37.8086666667,33.6771333333,40.1357,39.9419666667,33.1206333333,41.9607666667,39.0545,41.3861333333,43.4990666667,33.6050333333,45.6145,34.7117666667,21.1888333333,13.4886333333,9.61373333333,8.56076666667
2411.0,43.611,47.0607666667,27.2250666667,20.8344,44.2774666667,44.6454333333,43.4159666667,42.8737,37.7347333333,33.6472666667,40.0662333333,39.8602,33.0923,41.9326666667,38.9945,41.3482666667,43.4599,33.5608666667,45.5656666667,34.6845666667,21.1866333333,13.5053666667,9.61243333333,8.5523
2412.0,43.6217,47.0232333333,27.1904333333,20.8609666667,44.2367666667,44.6011333333,43.3576333333,42.8294333333,37.6814333333,33.6302666667,39.9935,39.8132666667,33.0706333333,41.8999333333,38.9512333333,41.3012,43.4036333333,33.5027,45.5545666667,34.6683666667,21.1783666667,13.5086,9.60236666667,8.54253333333
2413.0,43.6230333333,46.9728666667,27.1545333333,20.8801666667,44.1834666667,44.5539666667,43.2975,42.7871333333,37.6364666667,33.6199666667,39.919,39.7837333333,33.0438666667,41.8690333333,38.9159666667,41.25,43.3438,33.4471333333,45.5564666667,34.6560666667,21.1658,13.4978666667,9.58966666667,8.53483333333
2414.0,43.5999,46.9029666667,27.1295,20.8910333333,44.1358666667,44.5084,43.2450666667,42.7474666667,37.5887666667,33.6119,39.8479,39.7652666667,32.9925333333,41.8433666667,38.8826666667,41.1948,43.3026666667,33.4215666667,45.5417,34.6377333333,21.1473,13.4551333333,9.5834,8.5406
2415.0,43.5544666667,46.8155666667,27.1128,20.8917666667,44.0866,44.4609666667,43.1969,42.7119333333,37.5410666667,33.6050333333,39.779,39.7556666667,32.9226333333,41.8214,38.8521666667,41.1365666667,43.2744666667,33.4173333333,45.5166666667,34.6165333333,21.1238333333,13.3902,9.58063333333,8.55433333333
2416.0,43.4766666667,46.7155333333,27.1090333333,20.8668666667,44.0095,44.3902,43.1442,42.6977,37.4955333333,33.5822,39.7146333333,39.7194333333,32.8481666667,41.7975,38.8173666667,41.0868,43.2571666667,33.4118666667,45.4740333333,34.6007666667,21.1018666667,13.358,9.57676666667,8.54883333333
2417.0,43.3653,46.6003,27.12,20.8162,43.9042666667,44.2958666667,43.089,42.7069,37.4529666667,33.5467666667,39.6563666667,39.6586333333,32.7673,41.7732666667,38.7794666667,41.0461666667,43.2534333333,33.4066666667,45.4132333333,34.5907333333,21.0808333333,13.3558666667,9.57313333333,8.52503333333
2418.0,43.2472666667,46.5064333333,27.114,20.7561,43.8017333333,44.2017666667,43.0067333333,42.6890333333,37.3985333333,33.4616666667,39.5777333333,39.5745333333,32.6955666667,41.729,38.7265333333,40.9924666667,43.2225,33.3981666667,45.3532,34.5738,21.0616666667,13.3725,9.55023333333,8.49546666667
2419.0,43.1231666667,46.4404666667,27.0881666667,20.6852,43.7058333333,44.1066,42.8831666667,42.6340666667,37.328,33.3069,39.4686,39.4577666667,32.6374666667,41.6554,38.6538,40.9201666667,43.1521333333,33.3814,45.2990333333,34.5474666667,21.0444666667,13.4142666667,9.49746666667,8.45963333333
2420.0,43.0042666667,46.392,27.0382666667,20.6179,43.6144,44.0289666667,42.7698,42.5615666667,37.2534333333,33.1536666667,39.3615,39.3511666667,32.581,41.5847333333,38.5755666667,40.8427,43.0763,33.3761,45.2374666667,34.5162333333,21.0293666667,13.4482666667,9.4531,8.42556666667
2421.0,42.9027,46.3658333333,26.952,20.5602,43.5362666667,43.9850666667,42.6882666667,42.4713666667,37.1749666667,33.0237666667,39.264,39.2774666667,32.5195333333,41.5399666667,38.4958333333,40.7638333333,43.0073,33.4013,45.1629666667,34.4779666667,21.0144,13.4566666667,9.43716666667,8.39893333333
2422.0,42.8004666667,46.3434666667,26.8544333333,20.5123666667,43.4491,43.9528666667,42.6280333333,42.3769333333,37.1028666667,32.9249333333,39.1851666667,39.2180333333,32.4614,41.4881666667,38.4163333333,40.6839333333,42.9402333333,33.4234666667,45.0798666667,34.4412,21.005,13.4536333333,9.43116666667,8.37393333333
2423.0,42.6742666667,46.3026333333,26.7673666667,20.4772,43.316,43.9167666667,42.5924,42.3001333333,37.0467333333,32.8927,39.1489333333,39.1653333333,32.4193666667,41.3994,38.3430666667,40.6133666667,42.8827333333,33.4209333333,44.9855333333,34.4263,21.0142333333,13.4449,9.4296,8.3509
2424.0,42.5469,46.2554666667,26.6851666667,20.4558666667,43.1745,43.8798666667,42.5759,42.2247666667,37.0080666667,32.8945,39.1339,39.1199,32.3782333333,41.2905666667,38.2718,40.5362,42.8228333333,33.3891666667,44.8877333333,34.4080333333,21.0250333333,13.4291666667,9.42706666667,8.32356666667
2425.0,42.4637,46.2136666667,26.6150333333,20.4591,43.0982,43.8352,42.5727333333,42.1271,37.0107,32.8777,39.1072,39.0779333333,32.3023333333,41.1771333333,38.1981333333,40.4107,42.7306333333,33.2843,44.8078,34.3294666667,20.9961666667,13.4070333333,9.40016666667,8.26746666667
2426.0,42.4092666667,46.1741666667,26.5544333333,20.4805333333,43.0640666667,43.7846,42.5798,42.0135666667,37.0411333333,32.8537333333,39.0750666667,39.0385333333,32.2052666667,41.0563666667,38.1219666667,40.2529,42.6169,33.1250666667,44.7386333333,34.2104666667,20.9433333333,13.3793666667,9.3571,8.19433333333
2427.0,42.334,46.1329,26.4956,20.4836333333,43.0122333333,43.7323,42.5592666667,41.8945666667,37.0264666667,32.8226333333,39.0303,38.9852666667,32.1386333333,40.9341333333,38.0316333333,40.124,42.5205333333,32.9872666667,44.6589,34.116,20.9257666667,13.3559666667,9.32466666667,8.1607
2428.0,42.2392,46.0915,26.4391,20.4698666667,42.9465,43.6790333333,42.5124666667,41.7694666667,36.9686,32.7842666667,38.9736333333,38.9179,32.1007666667,40.8107,37.9269,40.022,42.4413666667,32.8653,44.5685666667,34.0428,20.9422666667,13.3365333333,9.3012,8.16543333333
2429.0,42.1538666667,46.0291,26.3855333333,20.4554333333,42.865,43.6093333333,42.4552333333,41.6408,36.9091333333,32.7434,38.9026,38.858,32.0667333333,40.6756666667,37.8245333333,39.9167333333,42.3438666667,32.7751333333,44.4869666667,33.98,20.9560333333,13.3152666667,9.28546666667,8.1706
2430.0,42.0859,45.9402333333,26.3409,20.4442666667,42.7656333333,43.5213333333,42.3909,41.514,36.8513333333,32.7036,38.8162333333,38.8094333333,32.0381666667,40.5279,37.7286666667,39.8087,42.2223333333,32.7334,44.4135,33.9281,20.9639333333,13.2925666667,9.27776666667,8.1712
2431.0,42.0124,45.839,26.2768,20.4254,42.6542,43.4155333333,42.3109666667,41.3655666667,36.7994333333,32.6511666667,38.7177333333,38.7659333333,31.9962,40.3668333333,37.6288333333,39.6815333333,42.0854666667,32.6752333333,44.3608,33.8820333333,20.9628666667,13.2635666667,9.27743333333,8.1722
2432.0,41.9253666667,45.7305333333,26.1665666667,20.3948666667,42.5281333333,43.2865666667,42.2063666667,41.1702666667,36.7652666667,32.5739666667,38.6043666667,38.7286333333,31.9302333333,40.1796666667,37.5226666667,39.5169333333,41.9265333333,32.5621,44.3467,33.8394666667,20.9455666667,13.2211,9.28556666667,8.1681
2433.0,41.8256,45.6104666667,26.0567333333,20.3529666667,42.4001333333,43.1472666667,42.0956,40.9763333333,36.7241,32.4923666667,38.4866333333,38.6906666667,31.8453333333,40.0028666667,37.4073,39.3458,41.7701666667,32.4368333333,44.3365333333,33.8010333333,20.9242,13.1800333333,9.29906666667,8.17623333333
2434.0,41.7067666667,45.4713333333,25.9756333333,20.2963,42.2845,43.0106333333,42.0011666667,40.8225333333,36.6580333333,32.4287,38.3770333333,38.6538,31.7403666667,39.8725333333,37.2792333333,39.1911,41.6426666667,32.3210333333,44.3082333333,33.7687666667,20.9127333333,13.1503,9.31893333333,8.22043333333
2435.0,41.5794,45.3289666667,25.92,20.2311333333,42.1698666667,42.8669,41.8979,40.6857333333,36.5745,32.3581666667,38.2645666667,38.6021,31.6202666667,39.7599333333,37.1402666667,39.0412666667,41.5225666667,32.2107,44.2633333333,33.7361333333,20.8951666667,13.1299,9.33736666667,8.2709
2436.0,41.4558333333,45.2053333333,25.9158333333,20.1637333333,42.0422,42.7014333333,41.7561666667,40.5578333333,36.4736333333,32.2538,38.1389333333,38.5072666667,31.4896666667,39.6429666667,36.9868666667,38.8937666667,41.3945333333,32.1135666667,44.1827666667,33.6930666667,20.8476333333,13.1277333333,9.33946666667,8.29056666667
2437.0,41.3338333333,45.0935,25.9408333333,20.0944,41.9104,42.5261666667,41.586,40.4345333333,36.355,32.1216666667,38.0025333333,38.3796666667,31.3502,39.5249,36.8247333333,38.7467666667,41.2584666667,32.0272,44.0803,33.6428333333,20.7835333333,13.1345666667,9.33246666667,8.29256666667
2438.0,41.2205666667,44.9932,25.9295,20.0326333333,41.7973666667,42.3742333333,41.3885333333,40.2828,36.2134,31.9461,37.8509333333,38.2225666667,31.2140666667,39.3869666667,36.6700333333,38.5866,41.0879666667,31.9505333333,43.9937333333,33.5845666667,20.7294666667,13.1197666667,9.32823333333,8.28366666667
2439.0,41.1145666667,44.9040333333,25.8916333333,19.9769666667,41.6996,42.2408333333,41.1646333333,40.1081333333,36.0502666667,31.731,37.6852,38.0367666667,31.0795666667,39.2328666667,36.5211333333,38.4157666667,40.8881666667,31.8837,43.9172666667,33.5188666667,20.6819666667,13.0880666667,9.3251,8.2637
2440.0,41.0023333333,44.8105666667,25.8454333333,19.9240666667,41.6043666667,42.1224333333,40.9623,39.9496666667,35.8936,31.5505,37.5200333333,37.8733,30.9522333333,39.1094666667,36.4103666667,38.2579666667,40.7234333333,31.8277333333,43.8335333333,33.4735666667,20.6531,13.0578666667,9.3288,8.26256666667
2441.0,40.8830333333,44.7149666667,25.7887,19.8730333333,41.5135,42.0223666667,40.7828333333,39.8095,35.7444333333,31.4104666667,37.3529333333,37.7341333333,30.8343,39.0232333333,36.3437,38.1142333333,40.5989,31.7873666667,43.7457,33.4544666667,20.6474333333,13.0291666667,9.34213333333,8.2861
2442.0,40.7597333333,44.5996666667,25.7397333333,19.8293,41.4124333333,41.9166333333,40.6248,39.6790333333,35.6006333333,31.2804666667,37.2048333333,37.6142,30.7111666667,38.9358666667,36.2848333333,37.9813,40.4890666667,31.7291666667,43.6285333333,33.4252,20.6357666667,13.0051666667,9.34643333333,8.2986
2443.0,40.6293333333,44.4531333333,25.7105666667,19.7944333333,41.2897,41.7942666667,40.4964666667,39.5647333333,35.4618333333,31.1552666667,37.0869,37.5226333333,30.5803666667,38.8413,36.2328,37.8683,40.4011666667,31.6402666667,43.4674,33.3801666667,20.6103,12.9895666667,9.3369,8.29126666667
2444.0,40.5050333333,44.2997333333,25.6741333333,19.7684333333,41.1745,41.6745666667,40.372,39.439,35.3318,31.0355,36.9792666667,37.4266333333,30.4379333333,38.7312333333,36.1612666667,37.7400666667,40.2910666667,31.5372666667,43.2899,33.3076333333,20.5741,12.9729666667,9.31396666667,8.26643333333
2445.0,40.3984333333,44.1452666667,25.6132,19.7534333333,41.0833,41.5662333333,40.2402666667,39.2857666667,35.2130333333,30.9168333333,36.8770333333,37.3084666667,30.2696,38.5943,36.0421333333,37.5616666667,40.1214333333,31.4252,43.1009,33.1888666667,20.5213,12.9406,9.27273333333,8.2144
2446.0,40.2932666667,43.9999666667,25.5474333333,19.7440666667,41.0019,41.4631666667,40.1007,39.1162666667,35.1029,30.8064,36.7729333333,37.1776,30.1083333333,38.4456,35.9158666667,37.3884666667,39.9397333333,31.3047333333,42.9162666667,33.0571,20.4669,12.9227,9.22473333333,8.15963333333
2447.0,40.1834,43.8902333333,25.4887666667,19.7425333333,40.9306666667,41.3692333333,39.9382666667,38.9291666667,35.0036333333,30.7148,36.6531666667,37.0302333333,29.9871,38.2984666667,35.8173,37.2707666667,39.7797,31.1675333333,42.7604333333,32.9398,20.4205666667,12.9583333333,9.18403333333,8.12653333333
2448.0,40.06,43.7885666667,25.4359666667,19.7364333333,40.8564,41.2730333333,39.7718333333,38.7335333333,34.9085333333,30.6313666667,36.5270333333,36.8762,29.8914,38.1443333333,35.7298,37.1844,39.6323666667,31.0347,42.6194,32.8288,20.3866,13.0161,9.14026666667,8.10466666667
2449.0,39.8864666667,43.6432666667,25.405,19.6926333333,40.7397666667,41.1459,39.6403666667,38.5556333333,34.7977666667,30.5372,36.4098333333,36.7405666667,29.8235,37.9738,35.6479333333,37.1275,39.5145333333,30.9633,42.4797666667,32.7292,20.3931666667,13.0534,9.07516666667,8.09356666667
2450.0,39.6767333333,43.4684333333,25.3848333333,19.6191,40.5925333333,40.9951,39.5333666667,38.3863,34.6796666667,30.4364333333,36.2942333333,36.6157,29.7738666667,37.7876,35.5669666667,37.0860666667,39.4142333333,30.9333666667,42.3441666667,32.6398333333,20.4277333333,13.0747666667,8.99676666667,8.08933333333
2451.0,39.4763,43.2909,25.3232,19.5237666667,40.4401,40.8310666667,39.4311333333,38.2021,34.5805,30.3321333333,36.1515666667,36.4845333333,29.6795333333,37.5772,35.4454333333,36.9566,39.2729333333,30.8932666667,42.2113,32.5628333333,20.4443666667,13.0491,8.9358,8.06086666667
2452.0,39.2800666667,43.1078666667,25.2276333333,19.4075333333,40.2802666667,40.6534666667,39.3356666667,38.0058333333,34.4970333333,30.2238666667,35.9862,36.3493,29.5491333333,37.3453,35.2899333333,36.7552333333,39.0987333333,30.8476,42.0810666667,32.4967333333,20.4483,12.9827,8.88803333333,8.0132
2453.0,39.0920333333,42.9114333333,25.1141333333,19.3080666667,40.1267333333,40.4715,39.2512,37.7882,34.4404333333,30.0943,35.8156,36.2184666667,29.3924666667,37.1354,35.1308,36.5607333333,38.9063666667,30.7372333333,41.9457333333,32.4017,20.4242666667,12.9212666667,8.83896666667,7.9851
2454.0,38.9119666667,42.6982666667,24.9756,19.2274333333,39.9807,40.2825666667,39.1809666667,37.5423666667,34.4187666667,29.9366333333,35.6400333333,36.0920333333,29.2042,36.9488,34.9669666667,36.3736333333,38.6911333333,30.5487333333,41.8053333333,32.2696333333,20.3678333333,12.8638,8.7889,7.98036666667
2455.0,38.7452666667,42.4914666667,24.8734,19.1608333333,39.8355666667,40.1090333333,39.1020333333,37.3207333333,34.3708666667,29.8018,35.4579333333,35.9730666667,29.0236,36.7909,34.8124333333,36.2067,38.4925333333,30.3696333333,41.6562,32.1562666667,20.3077666667,12.8317666667,8.73066666667,7.97973333333
2456.0,38.5952666667,42.2887,24.8295,19.1106333333,39.6918333333,39.9532,39.0156666667,37.1348333333,34.2807333333,29.701,35.2676,35.8651333333,28.8559,36.6721,34.6737333333,36.0709333333,38.3235333333,30.2121333333,41.4961,32.0738333333,20.2560333333,12.8401333333,8.6557,7.9876
2457.0,38.4490666667,42.116,24.7813,19.0629,39.5430666667,39.8187333333,38.9009333333,36.9645333333,34.183,29.6146666667,35.0782,35.7529333333,28.7048,36.5467666667,34.5319,35.9273333333,38.1502333333,30.0772,41.3333333333,31.9999333333,20.1777666667,12.8353666667,8.59853333333,7.97186666667
2458.0,38.3004,41.9904666667,24.6986,19.0058333333,39.3765333333,39.7160333333,38.7301333333,36.8017666667,34.087,29.5427,34.8872666667,35.624,28.5743,36.3878,34.3704,35.7505,37.9480333333,29.9734666667,41.1641666667,31.9298333333,20.0449,12.7911333333,8.57903333333,7.8986
2459.0,38.1547333333,41.8978,24.6103666667,18.9598,39.2225,39.6238,38.5566,36.6582333333,33.9942333333,29.4722,34.7134666667,35.4988,28.4655333333,36.2255666667,34.2203333333,35.5751666667,37.7597,29.8916666667,41.0095,31.8608333333,19.9045666667,12.7276666667,8.57763333333,7.8299
2460.0,38.0155666667,41.8373666667,24.5339666667,18.9444333333,39.1150666667,39.5319,38.4292666667,36.5457333333,33.9148666667,29.3934333333,34.5835666667,35.3924,28.3837333333,36.0658666667,34.1055,35.4193333333,37.6145666667,29.8335333333,40.8932333333,31.7839,19.7855666667,12.6440666667,8.58576666667,7.81136666667
2461.0,37.8785666667,41.7955333333,24.4557666667,18.9399,39.0183333333,39.4316666667,38.3091,36.4488,33.8364666667,29.3041333333,34.4660333333,35.2963666667,28.3199,35.9273333333,34.012,35.2825333333,37.4999,29.7829333333,40.7931,31.7102666667,19.6841,12.5578666667,8.603,7.82153333333
2462.0,37.7384,41.7588333333,24.3676666667,18.9264333333,38.8926333333,39.2941666667,38.1569,36.3487,33.7411666667,29.1888,34.3151666667,35.2062333333,28.2631666667,35.8545666667,33.9407666667,35.1820333333,37.4224666667,29.7136333333,40.6877333333,31.6614,19.6239,12.5051666667,8.622,7.86586666667
2463.0,37.5971666667,41.7175,24.2653666667,18.9086333333,38.7503666667,39.1377333333,37.9911333333,36.2520333333,33.6388,29.0581333333,34.1584333333,35.1244333333,28.2172,35.8247666667,33.8803666667,35.1057666667,37.3698666667,29.633,40.5827666667,31.6195,19.5835333333,12.4658333333,8.6476,7.9277
2464.0,37.4552333333,41.6172333333,24.1206666667,18.8802666667,38.5956666667,39.0031,37.8407,36.1682333333,33.5476333333,28.9335333333,34.0555,35.0610333333,28.1848666667,35.8035666667,33.7894666667,35.0259666667,37.3060666667,29.5356,40.4727666667,31.5342666667,19.5017666667,12.3983333333,8.6914,7.94736666667
2465.0,37.3140333333,41.4751333333,23.9455666667,18.8455666667,38.4293,38.8797666667,37.6988666667,36.0908666667,33.463,28.8129666667,33.9872333333,35.0076666667,28.1632,35.7911666667,33.6768666667,34.947,37.2344333333,29.4281,40.3617,31.4227666667,19.3966,12.3154333333,8.74833333333,7.94036666667
2466.0,37.1871333333,41.3320666667,23.7823333333,18.8289,38.2584,38.7448666667,37.5541333333,35.9795666667,33.3763666667,28.7159666667,33.8956,34.9105666667,28.1351333333,35.7397,33.5401333333,34.8607666667,37.1199333333,29.3567,40.2743666667,31.3427333333,19.3157,12.2544333333,8.79996666667,7.93483333333
2467.0,37.0748666667,41.1841666667,23.6271,18.8306333333,38.0816333333,38.5985,37.4064666667,35.8344666667,33.2879333333,28.6428,33.7833666667,34.7702666667,28.1014666667,35.6500666667,33.3767666667,34.7664,36.9613333333,29.3209666667,40.2106,31.2919666667,19.2569666667,12.2135,8.8481,7.9291
2468.0,36.9579666667,41.0726333333,23.5304666667,18.8154333333,37.9177,38.4685333333,37.2755333333,35.6967666667,33.2044333333,28.5698,33.6507,34.6343,28.0665333333,35.5472666667,33.2497666667,34.7081666667,36.8196666667,29.2795,40.1530666667,31.2570333333,19.2179,12.2049,8.8664,7.92783333333
2469.0,36.8411333333,41.0107666667,23.5043,18.7850333333,37.7676,38.3602333333,37.1631666667,35.5707,33.1294,28.4972666667,33.4923,34.5055333333,28.0335333333,35.4306,33.1701333333,34.6996,36.6987666667,29.2282333333,40.1012666667,31.2415333333,19.2004666667,12.2381666667,8.85133333333,7.93853333333
2470.0,36.6833,40.9121333333,23.4718333333,18.7188333333,37.6276666667,38.2423666667,37.0598333333,35.4394666667,33.0394333333,28.4132666667,33.3493,34.3799666667,27.9816666667,35.3163,33.0760666667,34.6538333333,36.5902333333,29.1836666667,40.0513,31.2129333333,19.1870666667,12.2448,8.8233,7.91
2471.0,36.4498,40.7413333333,23.4125333333,18.5979333333,37.496,38.1031333333,36.9681333333,35.2972,32.9252333333,28.3086666667,33.2402333333,34.2622666667,27.9045666667,35.2102333333,32.9493666667,34.5440333333,36.5011333333,29.1569666667,39.9979666667,31.1618333333,19.1690666667,12.1959333333,8.78333333333,7.8125
2472.0,36.2299666667,40.5548333333,23.3384,18.4689666667,37.3802333333,37.9607,36.8719,35.1545333333,32.8001,28.204,33.1328333333,34.1352333333,27.805,35.1067333333,32.8072,34.3916666667,36.4030666667,29.1168333333,39.9563666667,31.0917,19.1645333333,12.1377333333,8.74213333333,7.71
2473.0,36.0620666667,40.3656333333,23.2361333333,18.3476333333,37.2834333333,37.8122,36.7556,35.0170666667,32.6674666667,28.1164666667,33.0150666667,33.9770666667,27.6793333333,35.0031,32.6381333333,34.1736333333,36.2646333333,29.0451666667,39.9464333333,30.9998,19.1880333333,12.0769333333,8.71376666667,7.62936666667
2474.0,35.9441,40.1934333333,23.1462333333,18.2461333333,37.2065666667,37.6858666667,36.6426666667,34.8795666667,32.5304333333,28.0179,32.8884,33.8316333333,27.5382,34.9045666667,32.4887666667,33.9726666667,36.1427,28.9566333333,39.9256666667,30.891,19.2149333333,12.0415,8.67456666667,7.5668
2475.0,35.9073,40.0611,23.1141666667,18.1927666667,37.1572,37.6131,36.5524,34.7384,32.3859,27.8801333333,32.7439666667,33.7381333333,27.3809666667,34.82,32.4032,33.8712333333,36.0853,28.8447333333,39.8516666667,30.7558666667,19.2256,12.0695,8.60663333333,7.54496666667
2476.0,35.901,39.9625,23.0936333333,18.1537333333,37.1201666667,37.5688666667,36.4692666667,34.5978,32.252,27.7339,32.5968666667,33.6663666667,27.2287,34.7345333333,32.3540333333,33.8073666667,36.0581333333,28.7408,39.7643333333,30.6268666667,19.2327,12.1268333333,8.51973333333,7.5218
2477.0,35.8679,39.897,23.0347,18.0951333333,37.0719,37.5338333333,36.3782333333,34.4511333333,32.1503666667,27.6001333333,32.4547,33.5923333333,27.1051666667,34.6376333333,32.3267666667,33.7429,36.0416333333,28.6809,39.6906333333,30.5496333333,19.2459666667,12.1876,8.40983333333,7.4364
2478.0,35.8291333333,39.8694,22.9678,18.0295666667,37.0294333333,37.5140666667,36.2897,34.3182,32.0766333333,27.4846666667,32.3295,33.5268,27.0113,34.5234333333,32.3229,33.6799333333,36.0352666667,28.6602,39.6335333333,30.5007666667,19.2587666667,12.2556,8.29306666667,7.33136666667
2479.0,35.7884333333,39.9022,22.9267666667,17.9562333333,37.0221666667,37.5109,36.2203,34.2491,32.0486,27.4297,32.2663,33.4786,26.9829666667,34.3548666667,32.3428333333,33.5854333333,36.0197333333,28.7134666667,39.6328666667,30.4621666667,19.2611333333,12.3219666667,8.20716666667,7.26203333333
2480.0,35.7483333333,39.9850333333,22.9077,17.8803666667,37.0402666667,37.5245666667,36.1650666667,34.2308,32.0546,27.4184333333,32.2505,33.4464666667,27.0020666667,34.1514,32.3803,33.4741333333,36.0020666667,28.8202,39.6725666667,30.4365666667,19.2558666667,12.3860666667,8.1444,7.22006666667
2481.0,35.7328666667,40.0775333333,22.9371666667,17.837,37.0577,37.5536666667,36.1128,34.2439333333,32.0311666667,27.3927666667,32.2446,33.4303666667,26.9896666667,33.9913,32.3887333333,33.397,36.0043666667,28.8887666667,39.6950666667,30.4151666667,19.2452666667,12.4341666667,8.09946666667,7.23056666667
2482.0,35.7379,40.1812333333,23.007,17.821,37.0762666667,37.5985,36.0644,34.2873666667,31.9886,27.3588666667,32.2505666667,33.4303666667,26.9560666667,33.8669,32.3748,33.349,36.0224333333,28.9278333333,39.7072666667,30.3983,19.231,12.4664666667,8.07446666667,7.2863
2483.0,35.7373,40.2449,23.0226333333,17.8145333333,37.0740666667,37.6642,36.0064333333,34.3010666667,31.9826666667,27.3074,32.2276,33.4473666667,26.9267666667,33.7986333333,32.3651333333,33.3451666667,36.0257333333,28.9045,39.7196666667,30.3725666667,19.2529,12.4585,8.09926666667,7.31066666667
2484.0,35.7317,40.2698666667,22.9848,17.8184,37.0500333333,37.7519,35.9365,34.2851,32.012,27.2369,32.1747,33.4813,26.9001666667,33.7867333333,32.3596,33.3866666667,36.0148666667,28.8182666667,39.7319333333,30.3379,19.3119666667,12.4111333333,8.17396666667,7.3055
2485.0,35.7273666667,40.2648,22.9663666667,17.8205666667,37.0618333333,37.823,35.9508,34.3028333333,32.0700666667,27.2098,32.1654666667,33.5353666667,26.9063333333,33.8019,32.3352,33.4124666667,36.0000666667,28.7201666667,39.7471333333,30.3086333333,19.3352,12.3200333333,8.26843333333,7.29483333333
2486.0,35.7223333333,40.2239333333,22.9719666667,17.8164666667,37.1189333333,37.8750333333,36.0666666667,34.3648,32.1610666667,27.2356333333,32.2071,33.6161333333,26.9528666667,33.8428333333,32.2895666667,33.4164333333,35.9802333333,28.6075,39.7696666667,30.2842333333,19.3164666667,12.1751666667,8.3857,7.28003333333
2487.0,35.7386666667,40.2022666667,22.9945666667,17.8399666667,37.1660666667,37.9100333333,36.1803,34.4077333333,32.2463666667,27.2613,32.2728333333,33.6661666667,26.9866,33.9099333333,32.2319,33.4212,35.9686333333,28.5298333333,39.7623333333,30.2761333333,19.2732333333,12.0647,8.4859,7.25943333333
2488.0,35.7894,40.2158333333,23.0411666667,17.9024333333,37.1954333333,37.9209333333,36.2825,34.4250333333,32.3241,27.2819666667,32.3669,33.6695666667,26.9967,34.0115333333,32.1542333333,33.4269333333,35.9662,28.5029,39.7172333333,30.2902666667,19.2006,12.0088333333,8.5641,7.23793333333
2489.0,35.8231,40.2264666667,23.0747,17.9712666667,37.2052,37.9449,36.3397333333,34.4025,32.3699333333,27.2823666667,32.4494666667,33.6620666667,26.9974,34.1005,32.1068,33.4469333333,35.9809,28.4900333333,39.6436,30.3051333333,19.1332666667,11.9755333333,8.60856666667,7.1884
2490.0,35.8186666667,40.2318333333,23.0853666667,18.0413666667,37.1846333333,38.0047333333,36.3228,34.3236,32.3698,27.2413333333,32.5027,33.6511333333,26.9842666667,34.1578666667,32.1184333333,33.4910666667,36.0251,28.4834333333,39.5246666667,30.3159666667,19.0845666667,11.9693333333,8.6018,7.09163333333
2491.0,35.8035666667,40.2061666667,23.0692666667,18.1010666667,37.1656333333,38.0534666667,36.2929,34.2279333333,32.3447666667,27.2167333333,32.548,33.6387,26.9829333333,34.2039666667,32.1340333333,33.5382,36.0611333333,28.4811,39.4316666667,30.3186666667,19.0431666667,11.9498,8.5916,6.9916
2492.0,35.7742,40.1189,23.0101666667,18.1377,37.1679,38.0685666667,36.2738666667,34.1288,32.3015333333,27.2447,32.5988666667,33.6303333333,27.0090333333,34.2462,32.1215666667,33.5715,36.0666333333,28.4795666667,39.4057666667,30.3069333333,18.9998333333,11.8867666667,8.60613333333,6.90186666667
2493.0,35.7686,40.0204666667,22.9432666667,18.1668666667,37.1730333333,38.0632333333,36.2664333333,34.0350666667,32.2415666667,27.2895,32.6325,33.6183,27.0521666667,34.2780666667,32.1154,33.6170666667,36.0601666667,28.4792666667,39.4218,30.2891,18.9767666667,11.8113666667,8.62056666667,6.83593333333
2494.0,35.8267333333,39.9421333333,22.8965,18.2033,37.1724666667,38.0340666667,36.2818333333,33.9657,32.1666666667,27.3400666667,32.6367666667,33.5921666667,27.1129666667,34.3009333333,32.1373,33.6941,36.0454666667,28.4787333333,39.4841666667,30.2649666667,18.9958666667,11.739,8.6252,6.81893333333
2495.0,35.9207333333,39.8804,22.8560666667,18.2293333333,37.1681,37.9970666667,36.3144333333,33.9018666667,32.0817666667,27.3832666667,32.6078,33.5681333333,27.1824333333,34.3046666667,32.1727,33.7917333333,36.0308333333,28.4792,39.5663666667,30.2467666667,19.0381333333,11.6669333333,8.61903333333,6.82656666667
2496.0,36.0416666667,39.8516333333,22.8211,18.2279333333,37.1563333333,37.9794333333,36.3632,33.8257,31.9845,27.3859666667,32.5221,33.5675666667,27.2457666667,34.2743666667,32.2135333333,33.9126,36.0386666667,28.4781333333,39.6235666667,30.2546666667,19.0895333333,11.6028666667,8.59406666667,6.84016666667
2497.0,36.1741,39.8421,22.7842333333,18.2039333333,37.1410666667,37.9606333333,36.4270333333,33.7452333333,31.8952,27.3745666667,32.4089333333,33.5761,27.3120666667,34.2173,32.2604666667,34.0410333333,36.0458333333,28.4835666667,39.6877,30.2770333333,19.1524666667,11.5380666667,8.55506666667,6.86073333333
2498.0,36.2732666667,39.8327666667,22.7166666667,18.1513333333,37.1259333333,37.9117,36.5048333333,33.6576,31.8642,27.3788666667,32.3168333333,33.5756666667,27.3918333333,34.1382333333,32.3100666667,34.1452,36.0164333333,28.5115666667,39.7999,30.3013666667,19.2221666667,11.4550666667,8.50346666667,6.87006666667
2499.0,36.3583666667,39.8289,22.6444333333,18.0787,37.1132666667,37.8453,36.5938,33.5762333333,31.8660333333,27.3984666667,32.2316333333,33.5734,27.4809,34.0368666667,32.3622333333,34.2325666667,35.9613333333,28.5576,39.9452333333,30.3328333333,19.3001666667,11.3647,8.44426666667,6.8848
2500.0,36.4573666667,39.8331333333,22.6398,18.0099333333,37.1165,37.7792333333,36.6834666667,33.5514666667,31.8565,27.4634,32.1473,33.5787666667,27.5748,33.9124666667,32.4135666667,34.2986,35.8827333333,28.6231,40.1114333333,30.3801666667,19.3890333333,11.2908,8.39703333333,6.95266666667
