PCT SKP FT1 Patches Measured 8/2026 Harry Marsh Aber. Uni. RS350,,,,,,,,
Wavelength,RG610,WCT2065,PYROCERAM,OG515,NG11,NG4,BG18,BG3
350,46.42616667,53.59616667,65.7307,56.15583333,26.8911,12.07383333,28.64773333,25.08496667
351,46.1422,53.15406667,65.1161,55.7391,26.81813333,12.1643,28.5169,25.0063
352,45.82436667,52.6486,64.44296667,55.28656667,26.73713333,12.24673333,28.37376667,24.91116667
353,45.5039,52.16253333,63.8252,54.84073333,26.67126667,12.3164,28.2364,24.838
354,45.16136667,51.68966667,63.25856667,54.3759,26.60583333,12.3809,28.11256667,24.7601
355,44.77403333,51.22646667,62.74576667,53.86153333,26.51983333,12.44943333,28.01563333,24.64163333
356,44.34476667,50.72976667,62.17253333,53.3011,26.44606667,12.52563333,27.89943333,24.52003333
357,43.8967,50.19746667,61.5313,52.71853333,26.3834,12.6105,27.76373333,24.40353333
358,43.48733333,49.6337,60.82426667,52.1726,26.32576667,12.70503333,27.6133,24.30556667
359,43.07076667,49.0562,60.1078,51.62456667,26.26136667,12.80543333,27.47596667,24.2143
360,42.63646667,48.46653333,59.3828,51.06063333,26.19023333,12.91186667,27.35236667,24.1277
361,42.15483333,47.84276667,58.58313333,50.41883333,26.12606667,13.03096667,27.2165,24.0457
362,41.67263333,47.2547,57.7944,49.7944,26.0638,13.1482,27.07933333,23.96166667
363,41.20823333,46.72466667,57.0485,49.22216667,26.0027,13.2583,26.94443333,23.87196667
364,40.72133333,46.12733333,56.26516667,48.603,25.9554,13.38183333,26.80826667,23.7661
365,40.25803333,45.54143333,55.5163,48.0112,25.92013333,13.51016667,26.68423333,23.66436667
366,39.85206667,45.02163333,54.8535,47.49923333,25.89556667,13.63766667,26.5821,23.58226667
367,39.424,44.475,54.14243333,46.94456667,25.877,13.76583333,26.48173333,23.48596667
368,38.99976667,43.96626667,53.47913333,46.3881,25.86566667,13.8843,26.39813333,23.3924
369,38.61386667,43.58396667,52.99206667,45.88273333,25.86256667,13.97786667,26.3507,23.32553333
370,38.219,43.19426667,52.51816667,45.38506667,25.86346667,14.0849,26.31336667,23.24343333
371,37.82496667,42.789,52.04306667,44.8976,25.87173333,14.2013,26.27646667,23.16076667
372,37.4657,42.37246667,51.56356667,44.43603333,25.89616667,14.31006667,26.22063333,23.1209
373,37.09173333,41.93446667,51.04303333,43.95693333,25.91706667,14.42453333,26.1635,23.06906667
374,36.6882,41.47023333,50.47756667,43.44473333,25.93476667,14.54683333,26.10833333,23.00223333
375,36.21226667,40.9595,49.88683333,42.854,25.9739,14.67843333,26.06263333,22.95826667
376,35.70503333,40.43046667,49.26053333,42.20973333,26.01123333,14.81783333,26.00723333,22.9058
377,35.18313333,39.8923,48.595,41.51906667,26.03803333,14.96456667,25.935,22.83266667
378,34.6127,39.27933333,47.84983333,40.692,26.06506667,15.12736667,25.85956667,22.73343333
379,34.0236,38.627,47.0794,39.83166667,26.097,15.2993,25.78553333,22.6332
380,33.43906667,37.9609,46.32593333,39.01673333,26.13696667,15.47473333,25.71703333,22.55166667
381,32.84253333,37.3155,45.56563333,38.19,26.23353333,15.671,25.6706,22.47033333
382,32.26516667,36.7218,44.87316667,37.39946667,26.3617,15.86316667,25.65346667,22.39616667
383,31.74623333,36.21796667,44.3402,36.70613333,26.48373333,16.0174,25.6723,22.3364
384,31.25966667,35.76956667,43.92203333,36.0526,26.65273333,16.17243333,25.7296,22.29673333
385,30.8192,35.3876,43.61916667,35.45753333,26.86206667,16.32166667,25.82573333,22.28116667
386,30.4597,35.0933,43.42216667,34.96733333,27.07953333,16.4436,25.95336667,22.29426667
387,30.11096667,34.8641,43.3254,34.5213,27.35033333,16.5651,26.13163333,22.3308
388,29.77023333,34.69356667,43.33436667,34.1103,27.67733333,16.68716667,26.3592,22.38746667
389,29.476,34.5571,43.45766667,33.7352,28.02856667,16.79603333,26.60526667,22.44953333
390,29.19593333,34.46476667,43.66286667,33.3642,28.41643333,16.89693333,26.8828,22.5229
391,28.92683333,34.42056667,43.94836667,32.99596667,28.84583333,16.9921,27.19546667,22.61026667
392,28.7151,34.41496667,44.35373333,32.71116667,29.32223333,17.09926667,27.53636667,22.72096667
393,28.56013333,34.4722,44.88053333,32.52316667,29.80703333,17.19283333,27.89253333,22.8389
394,28.4634,34.5996,45.52816667,32.43783333,30.28453333,17.26216667,28.257,22.95806667
395,28.46846667,34.7971,46.34263333,32.46923333,30.7955,17.304,28.63786667,23.10133333
396,28.4935,35.01373333,47.25073333,32.5205,31.30733333,17.32326667,29.01743333,23.24453333
397,28.4769,35.2101,48.1916,32.51623333,31.7953,17.32433333,29.38183333,23.36963333
398,28.3255,35.25416667,49.12133333,32.34576667,32.34733333,17.34946667,29.76193333,23.49633333
399,28.078,35.1875,50.03066667,32.0598,32.9279,17.38603333,30.14116667,23.6211
400,27.8133,35.09306667,50.92133333,31.76313333,33.48286667,17.4106,30.4969,23.74096667
401,27.2427,34.6913,51.63353333,31.06376667,34.1109,17.5069,30.85673333,23.8396
402,26.4415,34.05356667,52.2234,30.0498,34.79913333,17.66973333,31.22206667,23.93586667
403,25.6198,33.38286667,52.84223333,28.97276667,35.51483333,17.879,31.5978,24.07813333
404,24.88416667,32.76456667,53.5141,28.00563333,36.14206667,18.0594,31.93496667,24.21843333
405,24.25606667,32.2213,54.27103333,27.1786,36.6891,18.20353333,32.23283333,24.36363333
406,23.77033333,31.7844,55.21273333,26.52826667,37.2191,18.31476667,32.5005,24.5535
407,23.3734,31.45583333,56.22973333,26.01203333,37.6492,18.37916667,32.73536667,24.73763333
408,23.04726667,31.22196667,57.29546667,25.6079,37.97876667,18.40143333,32.9411,24.9147
409,22.79256667,31.02926667,58.43536667,25.28983333,38.27966667,18.4124,33.12626667,25.1431
410,22.59863333,30.89243333,59.5963,25.0619,38.53536667,18.4097,33.29786667,25.39616667
411,22.4585,30.81343333,60.74446667,24.916,38.7415,18.39493333,33.45986667,25.66156667
412,22.38106667,30.79913333,61.8172,24.80856667,38.87866667,18.37023333,33.60743333,25.9192
413,22.31566667,30.79573333,62.84813333,24.71676667,38.97573333,18.3385,33.74216667,26.17983333
414,22.23096667,30.77013333,63.84806667,24.62296667,39.04676667,18.3014,33.8638,26.4476
415,22.10043333,30.69133333,64.7157,24.47166667,39.10686667,18.2714,33.97006667,26.67033333
416,21.91233333,30.56203333,65.4853,24.25546667,39.15606667,18.24723333,34.06703333,26.86346667
417,21.6418,30.3741,66.1765,23.9499,39.19433333,18.22916667,34.16013333,27.0355
418,21.38303333,30.18946667,66.7836,23.67623333,39.22773333,18.21056667,34.24273333,27.20176667
419,21.1335,30.00666667,67.30103333,23.4149,39.2572,18.1916,34.31486667,27.35483333
420,20.88926667,29.824,67.7194,23.14053333,39.28326667,18.1725,34.37533333,27.48423333
421,20.63243333,29.6218,68.1094,22.83213333,39.3086,18.15573333,34.44186667,27.60463333
422,20.36373333,29.4053,68.467,22.49543333,39.33576667,18.14283333,34.5137,27.72446667
423,20.08536667,29.18956667,68.77516667,22.14476667,39.37203333,18.13806667,34.58676667,27.86196667
424,19.82293333,28.98003333,69.04073333,21.81776667,39.39766667,18.12733333,34.6544,27.9973
425,19.5743,28.77773333,69.2732,21.51383333,39.41206667,18.11093333,34.7184,28.13436667
426,19.31826667,28.5746,69.4892,21.21323333,39.42193333,18.09613333,34.78583333,28.28963333
427,19.11423333,28.42893333,69.69863333,20.97116667,39.4025,18.06676667,34.8545,28.46303333
428,18.963,28.34013333,69.9109,20.78786667,39.35713333,18.02343333,34.92616667,28.64923333
429,18.81163333,28.249,70.15203333,20.61446667,39.31953333,17.9818,35.00896667,28.82646667
430,18.66343333,28.16076667,70.38303333,20.43733333,39.30026667,17.94966667,35.0986,28.99786667
431,18.51323333,28.07263333,70.59423333,20.25276667,39.2982,17.92616667,35.19283333,29.16263333
432,18.33513333,27.97066667,70.7728,20.06853333,39.29126667,17.89523333,35.2856,29.31706667
433,18.1652,27.88493333,70.94973333,19.89123333,39.27823333,17.85993333,35.38093333,29.45486667
434,18.01883333,27.8269,71.1358,19.727,39.257,17.8208,35.4786,29.57433333
435,17.8874,27.77396667,71.2976,19.59623333,39.22486667,17.77986667,35.562,29.68106667
436,17.7747,27.74176667,71.46016667,19.4895,39.19103333,17.7356,35.64473333,29.79733333
437,17.6839,27.73956667,71.6363,19.4043,39.161,17.68703333,35.73373333,29.93826667
438,17.61213333,27.73956667,71.78506667,19.3434,39.1344,17.64023333,35.81036667,30.10413333
439,17.54273333,27.7476,71.9412,19.2896,39.11006667,17.59286667,35.89033333,30.28593333
440,17.46216667,27.76643333,72.12933333,19.2291,39.08693333,17.5437,35.9852,30.4762
441,17.36373333,27.76,72.2856,19.15393333,39.05896667,17.5008,36.07996667,30.65566667
442,17.24726667,27.74153333,72.43,19.05963333,39.02983333,17.4592,36.18146667,30.83196667
443,17.1085,27.72183333,72.5796,18.9386,39.002,17.41413333,36.29693333,31.01106667
444,16.9755,27.68696667,72.69936667,18.8009,38.98543333,17.37363333,36.4118,31.19526667
445,16.84333333,27.65243333,72.81386667,18.65583333,38.97083333,17.33426667,36.53786667,31.37226667
446,16.70236667,27.63703333,72.9576,18.51163333,38.94553333,17.291,36.69143333,31.52613333
447,16.59496667,27.65336667,73.08146667,18.4251,38.92036667,17.25366667,36.8555,31.66436667
448,16.52973333,27.70776667,73.2013,18.39643333,38.895,17.2233,37.02843333,31.78486667
449,16.51966667,27.81036667,73.33843333,18.4287,38.8696,17.20186667,37.20746667,31.8848
450,16.52116667,27.92346667,73.488,18.4613,38.8382,17.17793333,37.40846667,31.97836667
451,16.47716667,28.0077,73.627,18.44026667,38.79276667,17.13856667,37.6184,32.05143333
452,16.25383333,27.97516667,73.69843333,18.24526667,38.70963333,17.05163333,37.80196667,32.06613333
453,16.03406667,27.91893333,73.77576667,18.02853333,38.66483333,16.98113333,37.9906,32.0913
454,15.83993333,27.86853333,73.86603333,17.83446667,38.6422,16.92673333,38.18983333,32.11453333
455,15.67333333,27.8636,73.9704,17.72606667,38.58583333,16.87226667,38.4065,32.08946667
456,15.54463333,27.90396667,74.0603,17.64343333,38.53176667,16.82046667,38.62146667,32.05653333
457,15.4459,27.9829,74.1466,17.58156667,38.48026667,16.7708,38.84163333,32.0163
458,15.35743333,28.09016667,74.2757,17.5468,38.42436667,16.72353333,39.09673333,31.95986667
459,15.2752,28.19753333,74.3958,17.53696667,38.36323333,16.67233333,39.3606,31.8772
460,15.1992,28.303,74.49496667,17.54413333,38.2965,16.6157,39.6288,31.76843333
461,15.14056667,28.4352,74.56896667,17.537,38.22266667,16.55243333,39.9062,31.64256667
462,15.0813,28.57223333,74.6539,17.54776667,38.15643333,16.49826667,40.1979,31.51416667
463,15.01466667,28.70736667,74.75103333,17.57806667,38.09763333,16.45216667,40.50283333,31.38193333
464,14.9278,28.82546667,74.8222,17.60363333,38.0282,16.3924,40.81,31.22186667
465,14.85026667,28.98416667,74.9202,17.64136667,37.96346667,16.33426667,41.1336,31.0546
466,14.78706667,29.18056667,75.03986667,17.6945,37.90353333,16.27953333,41.46723333,30.883
467,14.72573333,29.33923333,75.10643333,17.7626,37.83523333,16.2221,41.77316667,30.69933333
468,14.68376667,29.52196667,75.18043333,17.84083333,37.7606,16.16643333,42.0659,30.50933333
469,14.6583,29.73393333,75.2727,17.9288,37.68416667,16.1134,42.35286667,30.31426667
470,14.61243333,29.93456667,75.37733333,18.03233333,37.63333333,16.06353333,42.66376667,30.11103333
471,14.5687,30.14733333,75.4732,18.1576,37.584,16.0141,42.9657,29.90803333
472,14.5407,30.38283333,75.55213333,18.30996667,37.52526667,15.96416667,43.2448,29.70716667
473,14.57583333,30.65386667,75.63313333,18.50526667,37.4512,15.91773333,43.4995,29.49503333
474,14.63396667,30.96236667,75.73503333,18.76396667,37.37443333,15.86363333,43.74766667,29.26193333
475,14.6805,31.29333333,75.8592,19.0686,37.2977,15.79596667,44.0001,28.99903333
476,14.5621,31.51223333,75.93236667,19.18333333,37.1848,15.70013333,44.2763,28.66546667
477,14.3528,31.6365,75.98286667,19.1797,37.11293333,15.62746667,44.57463333,28.34643333
478,14.09306667,31.6827,76.02213333,19.0963,37.10763333,15.5969,44.89123333,28.07586667
479,13.8899,31.7778,76.06103333,19.06826667,37.08803333,15.56753333,45.1924,27.8147
480,13.7353,31.9185,76.11653333,19.10656667,37.0548,15.53346667,45.47713333,27.54836667
481,13.62833333,32.10646667,76.19403333,19.221,37.00563333,15.49046667,45.7438,27.26643333
482,13.53843333,32.3052,76.26173333,19.38196667,36.9554,15.44513333,46.00096667,26.95416667
483,13.46013333,32.5151,76.33016667,19.56386667,36.9026,15.3976,46.24376667,26.63053333
484,13.3883,32.7319,76.40203333,19.7561,36.84783333,15.34853333,46.4705,26.30306667
485,13.32126667,32.93716667,76.474,19.98966667,36.79503333,15.3013,46.6822,25.96443333
486,13.25796667,33.142,76.5421,20.24543333,36.74526667,15.25396667,46.88566667,25.61673333
487,13.1979,33.3499,76.60576667,20.51526667,36.6988,15.206,47.08356667,25.261
488,13.14416667,33.55533333,76.67796667,20.79496667,36.65113333,15.15893333,47.2706,24.9001
489,13.0907,33.74753333,76.74606667,21.09063333,36.60653333,15.11066667,47.44213333,24.5312
490,13.03486667,33.92226667,76.80553333,21.4044,36.56616667,15.06116667,47.59693333,24.1539
491,12.97723333,34.0899,76.8607,21.73136667,36.52586667,15.0165,47.74673333,23.77486667
492,12.92573333,34.25303333,76.9272,22.0752,36.48356667,14.97113333,47.88533333,23.396
493,12.88276667,34.4122,77.00886667,22.43693333,36.4388,14.9232,48.0105,23.0175
494,12.8345,34.5562,77.0703,22.8102,36.3974,14.8768,48.12173333,22.62873333
495,12.79066667,34.68846667,77.13103333,23.2112,36.35996667,14.83003333,48.22273333,22.2429
496,12.75366667,34.8104,77.19773333,23.64436667,36.3258,14.7826,48.315,21.8647
497,12.70936667,34.9263,77.26196667,24.08313333,36.28266667,14.73986667,48.398,21.48506667
498,12.6692,35.0213,77.32943333,24.53716667,36.24263333,14.6962,48.46756667,21.1056
499,12.63636667,35.09173333,77.40146667,25.00986667,36.20953333,14.64963333,48.5229,20.7267
500,12.59736667,35.16733333,77.46793333,25.5045,36.1721,14.6035,48.57326667,20.34816667
501,12.56133333,35.22686667,77.53606667,26.01816667,36.1375,14.5595,48.6159,19.9762
502,12.5311,35.2614,77.60743333,26.55083333,36.10783333,14.51803333,48.6495,19.6134
503,12.49993333,35.26973333,77.67013333,27.10826667,36.0793,14.47503333,48.67056667,19.2587
504,12.46753333,35.25033333,77.729,27.7087,36.04573333,14.4293,48.68046667,18.8937
505,12.43403333,35.20503333,77.78693333,28.35106667,36.00796667,14.38206667,48.68223333,18.5181
506,12.4025,35.1581,77.85263333,28.96643333,35.99073333,14.34526667,48.695,18.184
507,12.37126667,35.08173333,77.90686667,29.5926,35.9713,14.3092,48.6906,17.85846667
508,12.34176667,34.97123333,77.94986667,30.2361,35.9465,14.27203333,48.66853333,17.53573333
509,12.32263333,34.8355,78.0029,30.89366667,35.92476667,14.23426667,48.65606667,17.22133333
510,12.302,34.66643333,78.04796667,31.5588,35.899,14.1973,48.6275,16.9123
511,12.27716667,34.46533333,78.0886,32.23113333,35.86943333,14.16086667,48.58386667,16.60783333
512,12.24863333,34.24573333,78.15803333,32.91766667,35.84296667,14.1226,48.5537,16.30656667
513,12.21836667,33.99683333,78.22076667,33.60816667,35.81946667,14.08306667,48.51636667,16.01273333
514,12.1857,33.71403333,78.2714,34.30453333,35.79723333,14.04196667,48.4671,15.72256667
515,12.14403333,33.38346667,78.32116667,35.03253333,35.76793333,13.99646667,48.4036,15.41266667
516,12.10236667,33.037,78.36486667,35.7215,35.7421,13.95243333,48.33686667,15.1227
517,12.061,32.6829,78.40993333,36.37603333,35.71926667,13.91086667,48.26916667,14.8528
518,12.0168,32.3259,78.4776,37.02956667,35.69456667,13.8716,48.2022,14.5915
519,11.9756,31.95246667,78.51836667,37.67396667,35.67226667,13.83683333,48.1213,14.3354
520,11.93696667,31.5689,78.54373333,38.30613333,35.65136667,13.80366667,48.03,14.08523333
521,11.8987,31.1917,78.59263333,38.9211,35.62963333,13.76513333,47.94096667,13.84446667
522,11.85863333,30.8152,78.6358,39.50836667,35.60223333,13.72793333,47.83893333,13.61056667
523,11.81776667,30.4336,78.6753,40.08373333,35.5729,13.6915,47.7242,13.37986667
524,11.77916667,30.03026667,78.72193333,40.69173333,35.55186667,13.65253333,47.5992,13.14296667
525,11.7394,29.6617,78.77243333,41.2426,35.52763333,13.61506667,47.47943333,12.9238
526,11.69883333,29.31943333,78.82343333,41.7525,35.5013,13.57866667,47.35666667,12.7184
527,11.6582,28.99006667,78.87143333,42.24576667,35.475,13.54303333,47.21896667,12.5209
528,11.6213,28.6796,78.9103,42.71263333,35.4476,13.50623333,47.07546667,12.33103333
529,11.58493333,28.38386667,78.9437,43.17073333,35.42116667,13.46906667,46.9216,12.1454
530,11.54463333,28.0971,78.97623333,43.6445,35.39843333,13.4324,46.74983333,11.95986667
531,11.5034,27.8506,79.017,44.07196667,35.37376667,13.3973,46.5855,11.78966667
532,11.4652,27.63506667,79.05853333,44.4684,35.34806667,13.36226667,46.41766667,11.63026667
533,11.43303333,27.44513333,79.09543333,44.84343333,35.32166667,13.32633333,46.2384,11.47873333
534,11.39966667,27.2791,79.13536667,45.19763333,35.29256667,13.2931,46.0564,11.33503333
535,11.3694,27.14196667,79.1735,45.5474,35.2628,13.25863333,45.86163333,11.19713333
536,11.34523333,27.03916667,79.20646667,45.90316667,35.23363333,13.22033333,45.64673333,11.06433333
537,11.32343333,26.97183333,79.23876667,46.2129,35.20216667,13.18446667,45.43196667,10.94776667
538,11.3083,26.93153333,79.27623333,46.51633333,35.16813333,13.1476,45.2101,10.8365
539,11.29836667,26.91316667,79.3201,46.82926667,35.13186667,13.10846667,44.9764,10.7255
540,11.26646667,26.9047,79.3566,47.15283333,35.0976,13.0708,44.70813333,10.61043333
541,11.2055,26.89606667,79.38453333,47.45046667,35.06633333,13.0327,44.4409,10.4896
542,11.1208,26.88543333,79.40743333,47.71543333,35.03793333,12.99443333,44.18693333,10.36586667
543,11.03976667,26.87946667,79.4425,47.96653333,35.01173333,12.95883333,43.95053333,10.25196667
544,10.9558,26.89553333,79.4726,48.20733333,34.98276667,12.9224,43.69883333,10.14086667
545,10.87256667,26.9307,79.49733333,48.43653333,34.9518,12.88543333,43.4317,10.03473333
546,10.8026,26.95953333,79.5291,48.6449,34.92533333,12.85146667,43.17756667,9.943533333
547,10.73466667,26.99456667,79.55123333,48.85506667,34.8974,12.8178,42.9155,9.8542
548,10.66956667,27.0319,79.571,49.0723,34.8694,12.7846,42.64086667,9.766633333
549,10.61213333,27.06163333,79.61063333,49.30556667,34.84633333,12.75316667,42.34536667,9.683366667
550,10.55446667,27.0748,79.64006667,49.51733333,34.8203,12.7216,42.05336667,9.605866667
551,10.49706667,27.07323333,79.664,49.72056667,34.7926,12.6892,41.75763333,9.531566667
552,10.44146667,27.05853333,79.69023333,49.93456667,34.76503333,12.6552,41.44606667,9.457233333
553,10.38673333,27.02523333,79.7125,50.13636667,34.7403,12.62336667,41.14233333,9.390566667
554,10.3357,26.97673333,79.7365,50.33183333,34.71656667,12.5932,40.8427,9.328133333
555,10.29063333,26.91506667,79.7666,50.52513333,34.69266667,12.5643,40.5444,9.267666667
556,10.24373333,26.8386,79.79923333,50.7319,34.67126667,12.53566667,40.2174,9.21
557,10.19903333,26.7522,79.82386667,50.92866667,34.64786667,12.50556667,39.89193333,9.154266667
558,10.15826667,26.6601,79.83713333,51.10723333,34.621,12.4735,39.5807,9.100033333
559,10.11733333,26.56376667,79.86073333,51.31283333,34.60086667,12.4439,39.239,9.0494
560,10.081,26.47646667,79.8846,51.50683333,34.58056667,12.41506667,38.9059,9.000266667
561,10.0498,26.4019,79.9081,51.68646667,34.55883333,12.3866,38.58426667,8.952133333
562,10.02066667,26.33476667,79.94173333,51.8898,34.53943333,12.35886667,38.2345,8.905166667
563,9.996166667,26.29103333,79.97013333,52.0796,34.521,12.33216667,37.89616667,8.862666667
564,9.975933333,26.27253333,79.99393333,52.2576,34.50416667,12.30633333,37.56753333,8.8236
565,9.958566667,26.27893333,80.01963333,52.43766667,34.4921,12.2814,37.23453333,8.785366667
566,9.9459,26.31493333,80.04506667,52.63016667,34.4763,12.25496667,36.87913333,8.747266667
567,9.939233333,26.38316667,80.07243333,52.8245,34.45816667,12.22806667,36.51583333,8.709966667
568,9.939266667,26.48236667,80.10596667,52.99936667,34.4423,12.20306667,36.17553333,8.675033333
569,9.947966667,26.63,80.1379,53.18806667,34.42603333,12.1776,35.80726667,8.638333333
570,9.9623,26.81783333,80.16816667,53.3763,34.4108,12.15203333,35.43406667,8.603333333
571,9.979,27.0346,80.19726667,53.54956667,34.3977,12.1268,35.07966667,8.5733
572,10.01043333,27.3196,80.23376667,53.7339,34.3795,12.10143333,34.70006667,8.539466667
573,10.05153333,27.64243333,80.27496667,53.9183,34.36326667,12.07763333,34.32343333,8.508733333
574,10.1,27.98893333,80.3184,54.0982,34.35193333,12.05586667,33.96133333,8.483566667
575,10.1667,28.41353333,80.35826667,54.28693333,34.3385,12.03113333,33.5747,8.452466667
576,10.24273333,28.88383333,80.39726667,54.47093333,34.321,12.0061,33.17636667,8.421333333
577,10.3273,29.38383333,80.4368,54.64766667,34.30216667,11.98193333,32.77833333,8.392433333
578,10.42553333,29.8951,80.47916667,54.82353333,34.29363333,11.9608,32.40793333,8.367366667
579,10.54383333,30.47103333,80.51306667,54.99563333,34.27566667,11.93703333,32.0114,8.3413
580,10.67723333,31.08446667,80.54173333,55.16506667,34.25236667,11.91226667,31.6026,8.314566667
581,10.81346667,31.67266667,80.57336667,55.3344,34.2352,11.89043333,31.21753333,8.288933333
582,10.9756,32.33266667,80.60456667,55.5025,34.20966667,11.86413333,30.8051,8.2607
583,11.15553333,33.0166,80.63593333,55.66873333,34.18396667,11.83703333,30.39013333,8.232733333
584,11.3435,33.6738,80.66783333,55.83296667,34.1664,11.81303333,29.99756667,8.2076
585,11.56053333,34.37513333,80.69356667,55.99503333,34.14486667,11.78826667,29.5714,8.1783
586,11.8021,35.0953,80.7255,56.15353333,34.11906667,11.7623,29.13706667,8.149333333
587,12.0638,35.80986667,80.76526667,56.3082,34.09073333,11.73573333,28.71143333,8.1227
588,12.335,36.46166667,80.77803333,56.4619,34.07276667,11.7142,28.3077,8.096666667
589,12.63893333,37.1307,80.79786667,56.61346667,34.04903333,11.6905,27.89096667,8.0682
590,12.9814,37.821,80.8264,56.7645,34.01863333,11.66413333,27.45983333,8.038333333
591,13.35836667,38.48983333,80.84396667,56.9224,33.9913,11.6393,27.03583333,8.012533333
592,13.7398,39.09756667,80.86063333,57.05866667,33.9606,11.61486667,26.63753333,7.986433333
593,14.15036667,39.6804,80.8761,57.1882,33.9296,11.59043333,26.2457,7.959966667
594,14.62833333,40.287,80.88906667,57.33203333,33.90256667,11.5655,25.8337,7.9329
595,15.1039,40.82513333,80.89573333,57.46453333,33.87326667,11.5417,25.45613333,7.9091
596,15.61376667,41.34186667,80.90466667,57.5944,33.84036667,11.51673333,25.08483333,7.885
597,16.18676667,41.86833333,80.92213333,57.72733333,33.80263333,11.48903333,24.7009,7.858166667
598,16.7985,42.3659,80.93796667,57.85786667,33.76526667,11.46343333,24.3364,7.8333
599,17.4503,42.8338,80.94373333,57.99416667,33.7323,11.43913333,23.98186667,7.8108
600,18.12993333,43.26823333,80.9425,58.13136667,33.7018,11.4154,23.6424,7.790133333
601,18.79673333,43.65976667,80.95286667,58.2463,33.66386667,11.39046667,23.34056667,7.768466667
602,19.5328,44.04923333,80.9595,58.3676,33.6251,11.3657,23.03966667,7.746166667
603,20.3367,44.43173333,80.9643,58.4953,33.5867,11.34166667,22.74253333,7.724866667
604,21.18563333,44.79153333,80.97313333,58.6236,33.54956667,11.31896667,22.45993333,7.7072
605,22.012,45.1107,80.9923,58.7406,33.5153,11.2978,22.21123333,7.689766667
606,22.87763333,45.41346667,81.0094,58.85976667,33.4798,11.27586667,21.97466667,7.671
607,23.82946667,45.7159,81.0157,58.9904,33.44003333,11.25113333,21.73583333,7.6496
608,24.8051,45.99633333,81.02996667,59.11403333,33.39766667,11.22336667,21.51476667,7.6265
609,25.81773333,46.25763333,81.041,59.239,33.3553,11.19656667,21.3064,7.605166667
610,26.8698,46.50313333,81.04896667,59.3667,33.31396667,11.172,21.11043333,7.586266667
611,27.96573333,46.7414,81.06396667,59.49363333,33.27356667,11.1489,20.9287,7.567666667
612,29.02406667,46.9596,81.0865,59.61446667,33.23623333,11.12576667,20.77026667,7.5514
613,30.0991,47.16726667,81.1103,59.73473333,33.1985,11.10193333,20.62483333,7.535566667
614,31.2697,47.37633333,81.12763333,59.86196667,33.15556667,11.07626667,20.4797,7.517866667
615,32.45363333,47.57723333,81.13693333,59.99263333,33.1147,11.05226667,20.3423,7.501666667
616,33.65296667,47.77493333,81.1534,60.126,33.07273333,11.0289,20.21616667,7.485866667
617,34.86503333,47.96983333,81.18306667,60.2601,33.0287,11.00533333,20.10226667,7.470033333
618,36.084,48.14893333,81.20663333,60.38623333,32.9872,10.9809,19.99433333,7.454833333
619,37.2379,48.3156,81.22583333,60.5092,32.94686667,10.95703333,19.8976,7.442133333
620,38.35926667,48.47746667,81.24716667,60.6333,32.90746667,10.93416667,19.80956667,7.4308
621,39.54696667,48.6501,81.28746667,60.76643333,32.86923333,10.9127,19.72426667,7.4178
622,40.7131,48.81493333,81.3095,60.90563333,32.82943333,10.89156667,19.64303333,7.405333333
623,41.84883333,48.97613333,81.32636667,61.04336667,32.78723333,10.86923333,19.566,7.3931
624,42.95063333,49.13853333,81.35313333,61.17316667,32.7426,10.8446,19.49326667,7.380833333
625,44.0197,49.2991,81.38353333,61.31063333,32.7017,10.82173333,19.42593333,7.3695
626,45.0516,49.45343333,81.40813333,61.44603333,32.66136667,10.79926667,19.36173333,7.358566667
627,46.0424,49.60476667,81.4302,61.5782,32.6201,10.77693333,19.30026667,7.348
628,46.98596667,49.76826667,81.47036667,61.71256667,32.5761,10.75516667,19.2434,7.3384
629,47.89143333,49.92143333,81.49896667,61.85196667,32.5351,10.73293333,19.1872,7.327933333
630,48.72873333,50.06763333,81.52096667,61.9895,32.49733333,10.71183333,19.13376667,7.3193
631,49.47386667,50.21236667,81.54346667,62.11876667,32.46243333,10.69353333,19.08493333,7.314866667
632,50.22503333,50.36706667,81.57706667,62.2557,32.42223333,10.67276667,19.03636667,7.308733333
633,50.94593333,50.5251,81.61183333,62.39466667,32.38056667,10.65283333,18.9885,7.303233333
634,51.61836667,50.68376667,81.64323333,62.53286667,32.3402,10.63506667,18.9418,7.299333333
635,52.2497,50.8512,81.681,62.6732,32.3043,10.616,18.89976667,7.295866667
636,52.83956667,51.0107,81.7127,62.80983333,32.263,10.59426667,18.85146667,7.292566667
637,53.3909,51.16556667,81.73636667,62.94276667,32.2181,10.5709,18.79723333,7.287866667
638,53.90813333,51.32636667,81.7523,63.07396667,32.17586667,10.54806667,18.7408,7.279333333
639,54.38873333,51.4812,81.76533333,63.20596667,32.13396667,10.5234,18.68583333,7.270466667
640,54.83683333,51.64153333,81.78893333,63.3396,32.0922,10.49943333,18.63243333,7.262933333
641,55.2547,51.81093333,81.8258,63.4752,32.05083333,10.47773333,18.5806,7.257733333
642,55.63933333,51.9691,81.84303333,63.61193333,32.01083333,10.4587,18.53006667,7.254566667
643,55.99873333,52.13813333,81.8665,63.7399,31.96976667,10.43873333,18.48213333,7.252366667
644,56.33566667,52.3133,81.8943,63.864,31.92926667,10.41816667,18.436,7.251033333
645,56.65206667,52.48016667,81.91603333,63.99546667,31.8927,10.3987,18.38943333,7.250866667
646,56.94453333,52.6657,81.9525,64.12943333,31.85463333,10.379,18.35016667,7.251266667
647,57.21403333,52.85233333,81.98386667,64.25816667,31.8153,10.35896667,18.31316667,7.252833333
648,57.46353333,53.03216667,82.00143333,64.37873333,31.77493333,10.3388,18.27633333,7.2559
649,57.7071,53.22076667,82.0243,64.5004,31.73503333,10.32046667,18.24366667,7.261133333
650,57.9329,53.41433333,82.04893333,64.62526667,31.6973,10.30113333,18.21603333,7.266233333
651,58.13953333,53.61153333,82.07383333,64.74663333,31.65953333,10.2812,18.19353333,7.271433333
652,58.3272,53.8104,82.0972,64.852,31.61696667,10.2623,18.1756,7.277533333
653,58.52913333,54.028,82.1173,64.97983333,31.58003333,10.24363333,18.1611,7.286933333
654,58.7143,54.2408,82.1316,65.1004,31.54336667,10.22506667,18.15206667,7.296166667
655,58.87363333,54.4452,82.14163333,65.20573333,31.5051,10.2063,18.14946667,7.304433333
656,59.01896667,54.6626,82.15396667,65.31276667,31.46683333,10.1864,18.1544,7.3146
657,59.1627,54.8716,82.16136667,65.4185,31.42943333,10.16886667,18.1616,7.325666667
658,59.29946667,55.08383333,82.16773333,65.51943333,31.3926,10.15183333,18.17546667,7.3371
659,59.42326667,55.3113,82.1767,65.6122,31.35586667,10.1335,18.20033333,7.3485
660,59.53766667,55.53786667,82.17736667,65.6966,31.31683333,10.11526667,18.23096667,7.3607
661,59.64966667,55.75993333,82.1725,65.7836,31.2813,10.09783333,18.26556667,7.373066667
662,59.75756667,55.97986667,82.16316667,65.87123333,31.24836667,10.0811,18.30463333,7.385033333
663,59.84796667,56.20926667,82.15126667,65.94173333,31.20983333,10.06393333,18.35173333,7.395133333
664,59.9414,56.44883333,82.12746667,66.01116667,31.16976667,10.0463,18.40523333,7.406
665,60.0294,56.68623333,82.10086667,66.07563333,31.1301,10.02853333,18.46376667,7.4164
666,60.10636667,56.91453333,82.08023333,66.13333333,31.09213333,10.011,18.52586667,7.425266667
667,60.18136667,57.14856667,82.07096667,66.19133333,31.05556667,9.993966667,18.59153333,7.433
668,60.25536667,57.38583333,82.05693333,66.25283333,31.02123333,9.977666667,18.66233333,7.440133333
669,60.32623333,57.62473333,82.0388,66.31726667,30.98713333,9.9619,18.7372,7.445866667
670,60.39013333,57.8625,82.02243333,66.382,30.94996667,9.9461,18.814,7.448666667
671,60.45813333,58.11906667,82.01096667,66.44906667,30.91276667,9.927866667,18.89923333,7.4504
672,60.52556667,58.3802,82.0097,66.5169,30.87423333,9.9111,18.98643333,7.450433333
673,60.59053333,58.63966667,82.01686667,66.58856667,30.83536667,9.896333333,19.07286667,7.4484
674,60.65456667,58.9002,82.02286667,66.6753,30.80073333,9.879966667,19.1606,7.443833333
675,60.71666667,59.15583333,82.02493333,66.76646667,30.76613333,9.864,19.24753333,7.439566667
676,60.78036667,59.42253333,82.02923333,66.86263333,30.72916667,9.8478,19.33736667,7.4343
677,60.84836667,59.7122,82.04103333,66.9639,30.68876667,9.830966667,19.43283333,7.4265
678,60.91136667,59.9802,82.04206667,67.05613333,30.65386667,9.8162,19.52246667,7.419066667
679,60.9728,60.25436667,82.0614,67.16116667,30.62206667,9.8021,19.61213333,7.4118
680,61.03666667,60.54493333,82.09126667,67.2779,30.5901,9.788033333,19.70493333,7.404233333
681,61.10843333,60.86083333,82.11093333,67.39796667,30.55333333,9.7736,19.8044,7.3959
682,61.17176667,61.14246667,82.1345,67.50196667,30.51443333,9.759733333,19.89236667,7.3898
683,61.23753333,61.4305,82.16413333,67.6069,30.4809,9.747266667,19.97943333,7.383966667
684,61.30583333,61.7359,82.19933333,67.71603333,30.4519,9.7356,20.06816667,7.377866667
685,61.36623333,62.05033333,82.23513333,67.8209,30.41663333,9.722633333,20.1558,7.372666667
686,61.4315,62.392,82.28093333,67.94116667,30.3839,9.707366667,20.24866667,7.3674
687,61.49366667,62.7166,82.31293333,68.0545,30.34936667,9.691233333,20.33496667,7.3626
688,61.5491,63.00526667,82.3236,68.14793333,30.31043333,9.675466667,20.40896667,7.358366667
689,61.6152,63.34436667,82.37113333,68.2499,30.2723,9.661066667,20.48953333,7.3536
690,61.6755,63.66683333,82.3965,68.34926667,30.23716667,9.6455,20.56316667,7.35
691,61.7377,63.97416667,82.409,68.45116667,30.20623333,9.6306,20.63003333,7.348766667
692,61.8089,64.27633333,82.4239,68.5597,30.17926667,9.618033333,20.69196667,7.350933333
693,61.85653333,64.60553333,82.44243333,68.64553333,30.1388,9.602233333,20.75983333,7.356433333
694,61.914,64.92236667,82.46933333,68.73923333,30.10446667,9.589,20.82283333,7.3646
695,61.9779,65.23213333,82.49613333,68.83823333,30.075,9.577366667,20.881,7.375366667
696,62.03673333,65.55983333,82.50856667,68.93286667,30.03983333,9.564033333,20.93853333,7.389166667
697,62.09483333,65.8696,82.53733333,69.0246,30.009,9.5532,20.98946667,7.404766667
698,62.15036667,66.1824,82.5578,69.11733333,29.97676667,9.5411,21.03903333,7.423933333
699,62.20736667,66.49573333,82.56533333,69.21193333,29.9455,9.528633333,21.088,7.446733333
700,62.26973333,66.78993333,82.58836667,69.30123333,29.92066667,9.5186,21.13463333,7.471433333
701,62.32406667,67.07713333,82.60306667,69.38326667,29.88603333,9.507066667,21.17646667,7.495033333
702,62.37733333,67.37296667,82.61916667,69.4706,29.85126667,9.495266667,21.2144,7.522766667
703,62.43223333,67.6804,82.63923333,69.56683333,29.82103333,9.4839,21.25606667,7.556433333
704,62.48256667,67.95553333,82.65306667,69.6542,29.7903,9.4741,21.2714,7.589233333
705,62.53716667,68.23566667,82.66216667,69.7401,29.75703333,9.463233333,21.27866667,7.626766667
706,62.58956667,68.5051,82.66716667,69.82626667,29.72663333,9.4523,21.27806667,7.666166667
707,62.6373,68.75736667,82.6719,69.91443333,29.70153333,9.442366667,21.27053333,7.706133333
708,62.6964,69.02933333,82.69393333,70.0085,29.67313333,9.4346,21.25666667,7.753766667
709,62.7517,69.29226667,82.70716667,70.10273333,29.6439,9.423766667,21.23293333,7.804866667
710,62.80423333,69.53936667,82.71903333,70.18803333,29.61406667,9.413366667,21.203,7.8551
711,62.85533333,69.7725,82.73586667,70.26293333,29.5834,9.405466667,21.16906667,7.9034
712,62.897,70.01163333,82.74653333,70.3493,29.54996667,9.394633333,21.12366667,7.959933333
713,62.9416,70.24183333,82.76126667,70.4327,29.52266667,9.385866667,21.0772,8.014933333
714,62.98623333,70.45976667,82.77253333,70.51283333,29.49496667,9.377833333,21.02643333,8.072433333
715,63.02866667,70.6667,82.77456667,70.59213333,29.46093333,9.368633333,20.9679,8.137266667
716,63.08756667,70.896,82.79446667,70.6852,29.43673333,9.360366667,20.91083333,8.2032
717,63.13813333,71.10013333,82.81316667,70.76446667,29.41013333,9.353166667,20.85726667,8.2665
718,63.18003333,71.29603333,82.8347,70.83493333,29.3807,9.345233333,20.80493333,8.3311
719,63.2172,71.50083333,82.86233333,70.9052,29.3498,9.335433333,20.75216667,8.400866667
720,63.26446667,71.67003333,82.87063333,70.98296667,29.32503333,9.329933333,20.70486667,8.469866667
721,63.30926667,71.85813333,82.88526667,71.06123333,29.29606667,9.322566667,20.663,8.543
722,63.35263333,72.05496667,82.90823333,71.14213333,29.2658,9.3148,20.62626667,8.6207
723,63.3975,72.23233333,82.9339,71.22646667,29.23983333,9.309533333,20.59433333,8.7008
724,63.4314,72.3794,82.9489,71.28786667,29.21173333,9.301066667,20.57266667,8.7751
725,63.4741,72.5414,82.96276667,71.35723333,29.18306667,9.293333333,20.55636667,8.858066667
726,63.5247,72.70796667,82.97786667,71.44016667,29.1569,9.287,20.5494,8.948933333
727,63.5744,72.85666667,82.99523333,71.53133333,29.1352,9.2816,20.55643333,9.042633333
728,63.60803333,73.01036667,83.01386667,71.596,29.10473333,9.272166667,20.57033333,9.140333333
729,63.64356667,73.15483333,83.02946667,71.66196667,29.07653333,9.2651,20.5946,9.238
730,63.6829,73.29313333,83.04596667,71.7324,29.0499,9.259333333,20.6287,9.342266667
731,63.7269,73.43066667,83.06823333,71.80856667,29.02363333,9.253233333,20.67266667,9.460233333
732,63.7833,73.57953333,83.10083333,71.89976667,29.00386667,9.248033333,20.72753333,9.5861
733,63.82443333,73.7123,83.11606667,71.9719,28.9768,9.240933333,20.79123333,9.722233333
734,63.8605,73.83036667,83.1249,72.0377,28.94846667,9.234733333,20.86133333,9.863033333
735,63.8997,73.9436,83.13863333,72.10703333,28.9231,9.230433333,20.9378,10.00713333
736,63.92513333,74.08466667,83.1561,72.15816667,28.88893333,9.2201,21.03183333,10.1706
737,63.96843333,74.1957,83.17476667,72.23316667,28.86463333,9.213566667,21.13056667,10.3493
738,64.01963333,74.29196667,83.18756667,72.31556667,28.84303333,9.2095,21.23336667,10.54136667
739,64.06543333,74.39516667,83.19696667,72.3885,28.8172,9.2049,21.3433,10.74573333
740,64.09896667,74.51826667,83.2307,72.45386667,28.79056667,9.197366667,21.46766667,10.96283333
741,64.137,74.61486667,83.25563333,72.52336667,28.76183333,9.191166667,21.59613333,11.19423333
742,64.17373333,74.7026,83.27523333,72.58756667,28.7354,9.185833333,21.72443333,11.42813333
743,64.2068,74.7942,83.29646667,72.6449,28.7109,9.180666667,21.85573333,11.66796667
744,64.23626667,74.89846667,83.3316,72.70176667,28.68183333,9.174666667,22.0043,11.94
745,64.28593333,75.01583333,83.3829,72.77426667,28.6545,9.1727,22.16123333,12.2299
746,64.32913333,75.1149,83.42186667,72.8426,28.62673333,9.169666667,22.31766667,12.52983333
747,64.35976667,75.1908,83.4417,72.90383333,28.59973333,9.164,22.4692,12.83816667
748,64.39316667,75.26596667,83.4582,72.972,28.5779,9.158233333,22.61616667,13.1591
749,64.43816667,75.33903333,83.47943333,73.04403333,28.55383333,9.152233333,22.76433333,13.49003333
750,64.46903333,75.39833333,83.48873333,73.11186667,28.52743333,9.144166667,22.90633333,13.82666667
751,64.49433333,75.44353333,83.48583333,73.1705,28.4993,9.1356,23.04306667,14.17163333
752,64.5323,75.48216667,83.4793,73.22023333,28.47083333,9.128966667,23.17886667,14.52926667
753,64.57196667,75.5447,83.49593333,73.2886,28.446,9.121766667,23.3184,14.89596667
754,64.60293333,75.58816667,83.49273333,73.3441,28.4163,9.1141,23.4502,15.2694
755,64.63203333,75.62766667,83.4925,73.39973333,28.38753333,9.107166667,23.5795,15.6504
756,64.6647,75.679,83.51066667,73.46546667,28.36366667,9.1015,23.709,16.03893333
757,64.69616667,75.7403,83.52246667,73.52963333,28.3403,9.095366667,23.82966667,16.43233333
758,64.727,75.7834,83.53126667,73.57923333,28.31463333,9.089833333,23.94336667,16.82996667
759,64.76023333,75.82663333,83.53823333,73.6313,28.2878,9.0833,24.0533,17.23123333
760,64.7951,75.87693333,83.54383333,73.69043333,28.26123333,9.076433333,24.1598,17.63596667
761,64.82736667,75.9291,83.5479,73.74806667,28.23663333,9.072066667,24.2603,18.0445
762,64.85156667,75.9866,83.5623,73.80866667,28.2108,9.065133333,24.3551,18.45646667
763,64.88323333,76.0491,83.58696667,73.8671,28.18646667,9.059133333,24.44486667,18.8706
764,64.91316667,76.10653333,83.607,73.91633333,28.16103333,9.053533333,24.52586667,19.28596667
765,64.92856667,76.1506,83.60743333,73.95466667,28.13136667,9.0467,24.59473333,19.7025
766,64.9634,76.2093,83.614,74.01886667,28.10576667,9.0413,24.6603,20.12163333
767,64.98936667,76.2684,83.625,74.0748,28.07433333,9.034366667,24.72756667,20.5743
768,65.0157,76.3254,83.63656667,74.1253,28.04556667,9.028233333,24.7846,21.02023333
769,65.04296667,76.3839,83.64873333,74.175,28.02213333,9.022533333,24.8296,21.4442
770,65.05696667,76.45123333,83.66623333,74.22323333,27.9973,9.013633333,24.87336667,21.87186667
771,65.086,76.5176,83.67996667,74.2775,27.9709,9.0082,24.9104,22.3036
772,65.11513333,76.58416667,83.6925,74.33103333,27.9454,9.003833333,24.94086667,22.74043333
773,65.14316667,76.6486,83.70276667,74.3817,27.9205,8.998866667,24.96596667,23.1792
774,65.1708,76.7089,83.7101,74.429,27.8943,8.9916,24.98733333,23.6195
775,65.1749,76.7746,83.72606667,74.47026667,27.86003333,8.9814,25.0049,24.09613333
776,65.19716667,76.8434,83.73486667,74.5221,27.8343,8.976766667,25.02016667,24.55026667
777,65.23146667,76.9116,83.7442,74.57766667,27.81246667,8.972933333,25.03246667,25.0012
778,65.26703333,76.98193333,83.76163333,74.6328,27.79026667,8.9676,25.0446,25.45753333
779,65.2918,77.06246667,83.79303333,74.68716667,27.76526667,8.9611,25.06293333,25.9148
780,65.3228,77.1342,83.80046667,74.74803333,27.74566667,8.955166667,25.07516667,26.41833333
781,65.33896667,77.2039,83.80196667,74.78886667,27.7155,8.948466667,25.0894,26.89116667
782,65.35353333,77.26973333,83.80566667,74.82483333,27.68526667,8.941733333,25.1051,27.352
783,65.3773,77.33516667,83.816,74.87053333,27.66193333,8.935733333,25.1232,27.8317
784,65.4013,77.42193333,83.83623333,74.9219,27.6333,8.930433333,25.15333333,28.347
785,65.4175,77.48513333,83.84496667,74.96323333,27.60656667,8.9238,25.1829,28.8226
786,65.43806667,77.55176667,83.8503,75.0058,27.57986667,8.9172,25.21723333,29.2951
787,65.46416667,77.62526667,83.8604,75.05683333,27.55596667,8.911533333,25.26103333,29.79013333
788,65.48983333,77.69976667,83.88173333,75.11423333,27.536,8.906766667,25.31803333,30.31176667
789,65.50033333,77.77383333,83.90843333,75.1412,27.50586667,8.899133333,25.3833,30.7797
790,65.5192,77.82296667,83.91293333,75.18043333,27.4792,8.8941,25.45046667,31.24943333
791,65.5459,77.88826667,83.92993333,75.22676667,27.45423333,8.8893,25.53306667,31.73853333
792,65.57226667,77.96926667,83.96076667,75.26973333,27.4292,8.884533333,25.63246667,32.22756667
793,65.58953333,78.0303,83.97826667,75.30323333,27.40346667,8.881166667,25.7381,32.68323333
794,65.62023333,78.07473333,83.98623333,75.36016667,27.3786,8.876866667,25.8533,33.18166667
795,65.6315,78.08223333,83.9574,75.39893333,27.354,8.868666667,25.96083333,33.62473333
796,65.64013333,78.08936667,83.93336667,75.4315,27.32943333,8.860433333,26.08106667,34.067
797,65.65286667,78.1096,83.9216,75.46436667,27.3052,8.853466667,26.21696667,34.5085
798,65.66516667,78.13433333,83.90346667,75.49613333,27.28126667,8.8464,26.35776667,34.91046667
799,65.6754,78.17166667,83.9149,75.5224,27.25086667,8.839633333,26.5283,35.33296667
800,65.6993,78.21186667,83.92996667,75.5701,27.2292,8.835733333,26.6956,35.72593333
801,65.7123,78.251,83.9437,75.60023333,27.20446667,8.830433333,26.87753333,36.1138
802,65.7209,78.28063333,83.9493,75.61883333,27.1777,8.824466667,27.0718,36.4957
803,65.75,78.2958,83.94276667,75.66273333,27.15866667,8.821766667,27.26106667,36.85373333
804,65.75483333,78.33006667,83.94636667,75.6899,27.13173333,8.815,27.4761,37.21843333
805,65.76003333,78.3518,83.95133333,75.7184,27.10533333,8.808233333,27.6826,37.54586667
806,65.77446667,78.36556667,83.95053333,75.752,27.08216667,8.803033333,27.90303333,37.87706667
807,65.797,78.37476667,83.94803333,75.78583333,27.06003333,8.798833333,28.1405,38.2182
808,65.81573333,78.38513333,83.95443333,75.81186667,27.03433333,8.7936,28.3776,38.53936667
809,65.8164,78.4218,83.9628,75.83963333,27.00853333,8.787966667,28.61033333,38.8231
810,65.83043333,78.42483333,83.96663333,75.8669,26.9851,8.784166667,28.86533333,39.12903333
811,65.8507,78.44216667,83.9717,75.9048,26.9648,8.7811,29.1158,39.41496667
812,65.86053333,78.46606667,83.9763,75.93693333,26.94203333,8.776466667,29.36666667,39.68273333
813,65.85256667,78.46903333,83.97486667,75.94566667,26.9124,8.7691,29.6358,39.95476667
814,65.8736,78.48243333,83.9664,75.9715,26.89043333,8.7647,29.91206667,40.2302
815,65.88516667,78.5072,83.9732,75.99966667,26.8632,8.760566667,30.1952,40.48993333
816,65.89603333,78.52046667,83.97313333,76.02093333,26.84053333,8.7561,30.46083333,40.72796667
817,65.90593333,78.52943333,83.97323333,76.04636667,26.8199,8.751833333,30.73296667,40.96453333
818,65.91543333,78.5414,83.9795,76.08093333,26.79866667,8.748033333,31.0271,41.20963333
819,65.92956667,78.55153333,83.9828,76.1095,26.77906667,8.744366667,31.3212,41.44503333
820,65.93586667,78.56793333,83.98116667,76.1316,26.75356667,8.740266667,31.61786667,41.66983333
821,65.95703333,78.57943333,83.9815,76.16556667,26.73286667,8.7361,31.8967,41.8843
822,65.96903333,78.58156667,83.98036667,76.18893333,26.71163333,8.732166667,32.1846,42.09303333
823,65.9739,78.5762,83.97613333,76.2045,26.68776667,8.728166667,32.48606667,42.3021
824,65.98913333,78.5733,83.96953333,76.23066667,26.6636,8.7232,32.78556667,42.5133
825,65.98066667,78.58593333,83.95956667,76.241,26.64036667,8.716166667,33.0882,42.7044
826,65.99206667,78.5848,83.94486667,76.2633,26.6189,8.7124,33.39373333,42.9014
827,66.00856667,78.6069,83.9599,76.2952,26.59533333,8.710333333,33.7104,43.09463333
828,66.0173,78.62543333,83.9652,76.31973333,26.57396667,8.7074,34.00896667,43.27443333
829,66.0209,78.6261,83.95396667,76.3376,26.55533333,8.703466667,34.2911,43.44606667
830,66.03423333,78.62366667,83.9668,76.36796667,26.53413333,8.700566667,34.5955,43.62633333
831,66.0381,78.62663333,83.96523333,76.38846667,26.51026667,8.696133333,34.91126667,43.7911
832,66.0523,78.65156667,83.9729,76.41166667,26.4929,8.691466667,35.2194,43.97013333
833,66.06156667,78.65603333,83.9668,76.43323333,26.4709,8.6874,35.52453333,44.13903333
834,66.0685,78.65333333,83.9643,76.4558,26.4479,8.6846,35.83453333,44.29923333
835,66.08116667,78.66576667,83.9746,76.48046667,26.4292,8.682666667,36.14766667,44.46183333
836,66.09423333,78.67206667,83.956,76.4989,26.40766667,8.6798,36.44813333,44.6228
837,66.0802,78.67303333,83.95506667,76.5146,26.383,8.673833333,36.74753333,44.76166667
838,66.0885,78.6827,83.9488,76.53123333,26.36096667,8.6706,37.0545,44.9069
839,66.09376667,78.69306667,83.9518,76.5435,26.33823333,8.666633333,37.36003333,45.04396667
840,66.0974,78.70056667,83.9563,76.56226667,26.3171,8.662633333,37.66333333,45.1841
841,66.10806667,78.70773333,83.9552,76.58983333,26.29913333,8.6598,37.9667,45.334
842,66.11456667,78.71913333,83.96476667,76.60206667,26.27853333,8.656133333,38.26993333,45.4675
843,66.12523333,78.72113333,83.96593333,76.6271,26.25556667,8.654233333,38.5942,45.61846667
844,66.12006667,78.71886667,83.9565,76.6473,26.23506667,8.65,38.88336667,45.7442
845,66.13803333,78.71703333,83.93733333,76.67286667,26.21836667,8.6485,39.16906667,45.8788
846,66.1487,78.73523333,83.93876667,76.69303333,26.1988,8.645833333,39.46666667,46.0079
847,66.1452,78.76276667,83.95883333,76.7059,26.17633333,8.640966667,39.76563333,46.12636667
848,66.15416667,78.76793333,83.96363333,76.7224,26.15646667,8.637333333,40.04486667,46.24806667
849,66.1666,78.7658,83.9481,76.74383333,26.13316667,8.635533333,40.31593333,46.3705
850,66.18573333,78.77883333,83.96006667,76.77163333,26.1184,8.634166667,40.6321,46.50453333
851,66.1819,78.79406667,83.97426667,76.7843,26.09593333,8.630933333,40.91363333,46.6208
852,66.17526667,78.80183333,83.97056667,76.79823333,26.07273333,8.627733333,41.18036667,46.72676667
853,66.175,78.80706667,83.9632,76.81336667,26.053,8.624466667,41.44636667,46.8314
854,66.1832,78.81483333,83.9685,76.83036667,26.0347,8.6211,41.7173,46.94233333
855,66.20223333,78.81753333,83.97286667,76.86306667,26.01276667,8.618666667,41.99893333,47.06196667
856,66.2011,78.82176667,83.95966667,76.8613,25.9927,8.612733333,42.26103333,47.15053333
857,66.19426667,78.8334,83.96976667,76.86553333,25.97283333,8.611333333,42.5151,47.2571
858,66.21376667,78.82296667,83.95213333,76.90306667,25.9595,8.608,42.7726,47.37533333
859,66.21653333,78.80956667,83.92846667,76.92176667,25.93873333,8.603866667,43.01423333,47.4782
860,66.20793333,78.80913333,83.91483333,76.92113333,25.9121,8.6,43.2494,47.5672
861,66.21553333,78.81976667,83.909,76.93693333,25.8908,8.596866667,43.49686667,47.66446667
862,66.23043333,78.83133333,83.91206667,76.97903333,25.8788,8.595833333,43.7512,47.78523333
863,66.236,78.84003333,83.93306667,76.98556667,25.86083333,8.593966667,43.98363333,47.8839
864,66.2412,78.8456,83.91533333,76.99423333,25.839,8.5891,44.20286667,47.9716
865,66.25146667,78.877,83.93043333,77.0153,25.82063333,8.586733333,44.44856667,48.06743333
866,66.24113333,78.88996667,83.93226667,77.01426667,25.796,8.582966667,44.666,48.14326667
867,66.23843333,78.88246667,83.92433333,77.02783333,25.77573333,8.5802,44.87426667,48.22816667
868,66.2617,78.8798,83.92743333,77.06956667,25.76436667,8.5802,45.0992,48.33676667
869,66.26526667,78.88316667,83.9131,77.07043333,25.74176667,8.5772,45.2978,48.41633333
870,66.25643333,78.88436667,83.88713333,77.08416667,25.72123333,8.5741,45.49703333,48.50306667
871,66.25493333,78.89946667,83.89323333,77.08933333,25.6983,8.569933333,45.68943333,48.5806
872,66.27526667,78.9085,83.90053333,77.10526667,25.6806,8.567366667,45.8911,48.67436667
873,66.28266667,78.9208,83.91153333,77.13516667,25.66366667,8.5659,46.096,48.76536667
874,66.28166667,78.93203333,83.90776667,77.1487,25.64396667,8.562766667,46.2737,48.84283333
875,66.2842,78.9317,83.8916,77.15323333,25.62246667,8.559,46.44373333,48.92096667
876,66.28883333,78.9327,83.88686667,77.1669,25.6034,8.556266667,46.62393333,49.00536667
877,66.2909,78.9607,83.9043,77.18266667,25.5891,8.5539,46.79013333,49.0805
878,66.31006667,78.96896667,83.8969,77.2041,25.57123333,8.553566667,46.96303333,49.16296667
879,66.31816667,78.98466667,83.91503333,77.21756667,25.55143333,8.551566667,47.1342,49.25596667
880,66.30463333,78.9784,83.90596667,77.22446667,25.5307,8.5472,47.27506667,49.32466667
881,66.3173,78.99616667,83.91313333,77.25026667,25.51576667,8.546666667,47.43133333,49.40643333
882,66.32583333,79.0098,83.9133,77.26103333,25.49603333,8.544666667,47.58706667,49.48123333
883,66.34343333,79.02143333,83.92636667,77.28586667,25.48256667,8.542666667,47.74303333,49.56353333
884,66.36073333,79.03136667,83.93586667,77.31743333,25.4714,8.542,47.88183333,49.64663333
885,66.3508,79.03086667,83.91583333,77.3153,25.44793333,8.539733333,47.9951,49.70573333
886,66.35506667,79.04796667,83.93216667,77.3205,25.4289,8.537533333,48.1404,49.7705
887,66.35926667,79.0497,83.9371,77.33546667,25.41043333,8.5358,48.2717,49.84853333
888,66.37066667,79.04363333,83.91323333,77.35193333,25.40096667,8.535333333,48.3822,49.93026667
889,66.3624,79.0742,83.93666667,77.34923333,25.3788,8.5314,48.51573333,49.9805
890,66.36156667,79.1007,83.94453333,77.35496667,25.36056667,8.529366667,48.6347,50.04
891,66.3733,79.0865,83.93893333,77.38096667,25.34546667,8.528933333,48.73306667,50.1141
892,66.38026667,79.078,83.93006667,77.40106667,25.3291,8.528166667,48.83433333,50.1882
893,66.372,79.0895,83.91683333,77.40023333,25.30803333,8.524666667,48.9401,50.24793333
894,66.3679,79.09063333,83.90246667,77.40663333,25.28683333,8.519866667,49.03773333,50.3084
895,66.38173333,79.09116667,83.8948,77.43463333,25.27296667,8.5194,49.138,50.3872
896,66.3779,79.05886667,83.86636667,77.44073333,25.25906667,8.5205,49.2195,50.44093333
897,66.38463333,79.11346667,83.88743333,77.45596667,25.24716667,8.518266667,49.3271,50.50043333
898,66.3908,79.10953333,83.88346667,77.46913333,25.23083333,8.517333333,49.4109,50.56746667
899,66.3877,79.13703333,83.8965,77.47003333,25.2123,8.514233333,49.5149,50.61966667
900,66.39663333,79.13873333,83.8876,77.49443333,25.19726667,8.512933333,49.5911,50.68453333
901,66.4029,79.13713333,83.87706667,77.51493333,25.17986667,8.511,49.66486667,50.74313333
902,66.40013333,79.1356,83.8703,77.51883333,25.1628,8.509,49.73823333,50.80163333
903,66.39676667,79.14486667,83.87973333,77.5178,25.14533333,8.5075,49.81783333,50.85676667
904,66.4061,79.15766667,83.88463333,77.52416667,25.12933333,8.506433333,49.8968,50.9082
905,66.42083333,79.14996667,83.8661,77.53303333,25.11546667,8.505266667,49.95796667,50.9633
906,66.4179,79.1383,83.86443333,77.5398,25.09766667,8.503033333,50.01833333,51.01776667
907,66.4133,79.1611,83.87076667,77.5631,25.0837,8.501,50.10136667,51.0722
908,66.4102,79.1498,83.8486,77.56383333,25.06653333,8.502033333,50.14956667,51.1272
909,66.4404,79.1711,83.86916667,77.6096,25.06,8.503166667,50.22423333,51.18783333
910,66.43613333,79.18306667,83.8716,77.61063333,25.04236667,8.500066667,50.27923333,51.24063333
911,66.4248,79.18563333,83.86623333,77.60616667,25.02273333,8.498666667,50.33656667,51.28483333
912,66.43176667,79.18953333,83.84413333,77.60633333,25.00606667,8.497566667,50.3974,51.3477
913,66.41956667,79.19663333,83.84093333,77.60396667,24.99066667,8.4944,50.45986667,51.38823333
914,66.42153333,79.20066667,83.84536667,77.6106,24.97056667,8.493466667,50.51146667,51.42943333
915,66.4326,79.2152,83.84966667,77.62726667,24.95506667,8.4944,50.5617,51.48596667
916,66.43826667,79.22316667,83.85366667,77.63176667,24.9452,8.495333333,50.61013333,51.54366667
917,66.45073333,79.22496667,83.84473333,77.63913333,24.9335,8.493666667,50.657,51.59183333
918,66.46506667,79.23816667,83.83676667,77.66903333,24.92066667,8.492766667,50.71196667,51.64576667
919,66.45476667,79.24493333,83.83283333,77.68006667,24.90356667,8.492566667,50.75843333,51.69796667
920,66.4463,79.2493,83.82583333,77.6733,24.8858,8.4888,50.79386667,51.73913333
921,66.46923333,79.28933333,83.8575,77.71496667,24.88193333,8.4885,50.85526667,51.80286667
922,66.4545,79.27403333,83.85443333,77.7034,24.85876667,8.485066667,50.8809,51.8337
923,66.47823333,79.27086667,83.8446,77.7286,24.84983333,8.487133333,50.91763333,51.8971
924,66.4704,79.30976667,83.8548,77.74053333,24.8381,8.485433333,50.9643,51.94826667
925,66.5007,79.2957,83.8504,77.75413333,24.82376667,8.4877,50.99513333,52.0139
926,66.50106667,79.3295,83.874,77.78773333,24.8091,8.488133333,51.04023333,52.05866667
927,66.52133333,79.32453333,83.85763333,77.79503333,24.79633333,8.4884,51.08233333,52.10783333
928,66.5205,79.3421,83.86816667,77.8005,24.7781,8.487666667,51.12103333,52.16656667
929,66.5181,79.3489,83.8846,77.8062,24.77106667,8.488,51.1548,52.207
930,66.5393,79.34703333,83.8722,77.81913333,24.76386667,8.490633333,51.17443333,52.2699
931,66.55653333,79.35016667,83.87633333,77.85363333,24.7547,8.4924,51.1922,52.3368
932,66.5419,79.3444,83.87363333,77.86173333,24.7382,8.4905,51.21116667,52.3955
933,66.5259,79.36356667,83.86543333,77.8468,24.72146667,8.487466667,51.2525,52.43316667
934,66.5417,79.39816667,83.88196667,77.879,24.70653333,8.488566667,51.30083333,52.49003333
935,66.56573333,79.38906667,83.86636667,77.89793333,24.70056667,8.489233333,51.32306667,52.55753333
936,66.58076667,79.4045,83.8758,77.92493333,24.6983,8.490566667,51.34943333,52.62886667
937,66.58386667,79.4228,83.8878,77.9393,24.6808,8.4888,51.38036667,52.69283333
938,66.59336667,79.41986667,83.90236667,77.95306667,24.66733333,8.4889,51.40453333,52.7638
939,66.59723333,79.42866667,83.91,77.95796667,24.6514,8.487833333,51.4311,52.8217
940,66.61106667,79.4511,83.8923,77.9768,24.6387,8.4866,51.4606,52.88213333
941,66.6339,79.46433333,83.88816667,78.0179,24.63446667,8.488533333,51.48866667,52.9535
942,66.63773333,79.48656667,83.91726667,78.01706667,24.6171,8.487133333,51.53153333,53.01383333
943,66.6314,79.49516667,83.92373333,78.01446667,24.60313333,8.4853,51.56776667,53.0732
944,66.63806667,79.4846,83.9135,78.0325,24.59346667,8.4861,51.59013333,53.1274
945,66.6634,79.4989,83.92636667,78.05053333,24.58446667,8.4886,51.62663333,53.19203333
946,66.66783333,79.5053,83.93626667,78.06116667,24.57543333,8.4895,51.65663333,53.2571
947,66.64546667,79.46346667,83.91243333,78.03133333,24.56053333,8.488533333,51.67423333,53.29936667
948,66.64,79.4011,83.86326667,78.0068,24.55583333,8.492066667,51.7025,53.35376667
949,66.64256667,79.37556667,83.85013333,78.0139,24.54863333,8.494933333,51.73053333,53.4111
950,66.64543333,79.41516667,83.8542,78.03246667,24.53596667,8.493866667,51.76286667,53.46173333
951,66.66906667,79.48066667,83.87436667,78.07333333,24.51903333,8.489333333,51.79393333,53.5223
952,66.6947,79.54836667,83.92023333,78.10406667,24.5057,8.488666667,51.83266667,53.58733333
953,66.70213333,79.5499,83.92253333,78.12983333,24.49423333,8.489,51.86543333,53.6436
954,66.70416667,79.53336667,83.89873333,78.1366,24.4844,8.489766667,51.8963,53.69373333
955,66.7232,79.5336,83.8778,78.16343333,24.47536667,8.4951,51.9109,53.7591
956,66.71606667,79.5498,83.8731,78.16916667,24.46116667,8.491966667,51.93416667,53.8106
957,66.71146667,79.55756667,83.8767,78.17696667,24.4546,8.494333333,51.9805,53.86836667
958,66.72723333,79.5674,83.8771,78.18886667,24.45273333,8.4997,52.0159,53.91906667
959,66.7294,79.58536667,83.89306667,78.18873333,24.44306667,8.498066667,52.04106667,53.96396667
960,66.73233333,79.60503333,83.89173333,78.19826667,24.4298,8.500866667,52.05956667,54.01043333
961,66.7529,79.5953,83.8835,78.21936667,24.41963333,8.5022,52.08423333,54.0723
962,66.74813333,79.5707,83.86576667,78.23903333,24.412,8.500433333,52.1027,54.11656667
963,66.7375,79.5743,83.85356667,78.244,24.4032,8.4994,52.1222,54.16266667
964,66.71246667,79.565,83.8283,78.2288,24.3864,8.4964,52.1527,54.1922
965,66.70466667,79.59313333,83.847,78.1979,24.37296667,8.4962,52.17996667,54.2126
966,66.7294,79.6169,83.86853333,78.22513333,24.36703333,8.501633333,52.20026667,54.2715
967,66.7144,79.58653333,83.8689,78.1818,24.3386,8.501933333,52.22216667,54.29296667
968,66.73606667,79.56583333,83.8461,78.20793333,24.33103333,8.502466667,52.24246667,54.34956667
969,66.72936667,79.55866667,83.8489,78.2181,24.3197,8.500033333,52.25153333,54.40923333
970,66.74613333,79.61603333,83.86833333,78.21883333,24.31343333,8.5007,52.2803,54.45
971,66.72473333,79.6125,83.85103333,78.22636667,24.294,8.497666667,52.28826667,54.47546667
972,66.72486667,79.56203333,83.7733,78.24476667,24.2877,8.496866667,52.28016667,54.5235
973,66.73593333,79.62326667,83.81913333,78.24113333,24.28016667,8.4945,52.31463333,54.57123333
974,66.7131,79.62963333,83.85246667,78.23246667,24.2612,8.4949,52.34296667,54.58586667
975,66.73583333,79.59123333,83.7872,78.2577,24.26296667,8.495166667,52.34143333,54.64813333
976,66.79223333,79.62563333,83.85586667,78.29253333,24.2645,8.4997,52.39433333,54.70183333
977,66.7943,79.6079,83.80946667,78.29793333,24.25706667,8.502833333,52.3799,54.73026667
978,66.7491,79.58206667,83.76416667,78.2306,24.22356667,8.494933333,52.35116667,54.71086667
979,66.77703333,79.61876667,83.83016667,78.27913333,24.21686667,8.488033333,52.40163333,54.7694
980,66.7865,79.61326667,83.80206667,78.2926,24.21476667,8.493433333,52.4094,54.8081
981,66.79253333,79.61546667,83.8002,78.29886667,24.2047,8.492333333,52.42316667,54.84296667
982,66.78426667,79.63866667,83.81173333,78.3058,24.18573333,8.4989,52.4494,54.9118
983,66.76596667,79.67643333,83.83353333,78.31283333,24.1601,8.510266667,52.4824,55.00226667
984,66.74743333,79.71446667,83.85553333,78.31983333,24.13406667,8.521633333,52.5131,55.09183333
985,66.72856667,79.7528,83.87773333,78.32693333,24.10763333,8.533,52.54163333,55.1804
986,66.70946667,79.7914,83.90016667,78.3341,24.0808,8.544466667,52.56793333,55.26803333
987,66.6901,79.8304,83.9228,78.3413,24.05353333,8.5559,52.59203333,55.35476667
988,66.6704,79.8696,83.9456,78.34856667,24.02583333,8.567366667,52.6139,55.44043333
989,66.65046667,79.9091,83.96863333,78.35586667,23.99776667,8.578866667,52.63353333,55.52526667
990,66.63023333,79.94893333,83.99186667,78.3632,23.9693,8.590366667,52.65096667,55.6091
991,66.60966667,79.98903333,84.0153,78.37066667,23.9404,8.601933333,52.66616667,55.692
992,66.58893333,80.02946667,84.03896667,78.37813333,23.91106667,8.613466667,52.6792,55.77393333
993,66.56783333,80.07016667,84.06276667,78.38563333,23.88136667,8.625066667,52.68996667,55.85496667
994,66.54653333,80.1112,84.08683333,78.3932,23.8512,8.6367,52.69853333,55.93503333
995,66.5354,80.13743333,84.1005,78.40073333,23.8281,8.6435,52.70213333,55.9942
996,66.53996667,80.14113333,84.0982,78.4081,23.81596667,8.643,52.70103333,56.02326667
997,66.54453333,80.1449,84.09593333,78.41546667,23.80376667,8.642533333,52.69986667,56.0523
998,66.5491,80.1486,84.09366667,78.42283333,23.7916,8.6421,52.6987,56.08133333
999,66.55366667,80.15233333,84.09143333,78.43023333,23.77946667,8.6416,52.6976,56.11036667
1000,66.55826667,80.1561,84.0891,78.4376,23.76733333,8.641166667,52.69646667,56.13936667
1001,66.5628,80.15976667,84.08686667,78.44496667,23.75516667,8.640666667,52.69533333,56.16843333
1002,66.5672,80.16336667,84.08446667,78.4521,23.74296667,8.640166667,52.69403333,56.19726667
1003,66.57123333,80.16676667,84.0819,78.45896667,23.73066667,8.6396,52.6925,56.22576667
1004,66.57556667,80.17036667,84.07953333,78.4661,23.7184,8.639066667,52.6912,56.25453333
1005,66.5808,80.1745,84.0776,78.47416667,23.70646667,8.638733333,52.69056667,56.28426667
1006,66.5882,80.17996667,84.0768,78.4844,23.69516667,8.639066667,52.6913,56.316
1007,66.59773333,80.18673333,84.07706667,78.49696667,23.68453333,8.639966667,52.69336667,56.34983333
1008,66.6068,80.19323333,84.07713333,78.50883333,23.67376667,8.6407,52.69533333,56.38313333
1009,66.61273333,80.19793333,84.07583333,78.5173,23.66196667,8.6406,52.6957,56.4135
1010,66.61286667,80.19953333,84.07203333,78.5191,23.6483,8.638866667,52.6935,56.4382
1011,66.60866667,80.1987,84.06643333,78.51596667,23.63323333,8.636,52.6894,56.45873333
1012,66.60426667,80.19763333,84.0606,78.51273333,23.6181,8.633033333,52.68483333,56.4791
1013,66.6037,80.19846667,84.05603333,78.5145,23.6043,8.631166667,52.68113333,56.5032
1014,66.6098,80.202,84.05313333,78.52453333,23.59266667,8.631066667,52.6785,56.53373333
1015,66.6202,80.20716667,84.05106667,78.54003333,23.5825,8.632,52.67623333,56.56846667
1016,66.63163333,80.21353333,84.05013333,78.557,23.5728,8.633466667,52.67476667,56.60423333
1017,66.64106667,80.22083333,84.0506,78.57143333,23.56283333,8.6348,52.67446667,56.638
1018,66.6477,80.23083333,84.05446667,78.58286667,23.5528,8.636333333,52.67716667,56.6689
1019,66.6532,80.24303333,84.06093333,78.59316667,23.54293333,8.638266667,52.68203333,56.6987
1020,66.65776667,80.25376667,84.06613333,78.6017,23.53256667,8.6397,52.68573333,56.72753333
1021,66.6616,80.25936667,84.06646667,78.60793333,23.52093333,8.639566667,52.68463333,56.75566667
1022,66.6636,80.2563,84.05826667,78.60953333,23.5073,8.6371,52.6759,56.78233333
1023,66.66416667,80.24746667,84.0445,78.60756667,23.49226667,8.6331,52.66193333,56.80766667
1024,66.66543333,80.23873333,84.03106667,78.60653333,23.47703333,8.628766667,52.64793333,56.83343333
1025,66.66976667,80.23583333,84.02386667,78.61076667,23.46303333,8.6255,52.63896667,56.8613
1026,66.67786667,80.24026667,84.0243,78.62163333,23.4501,8.623,52.63626667,56.89166667
1027,66.6884,80.24873333,84.0291,78.63646667,23.43776667,8.620966667,52.63696667,56.9236
1028,66.7,80.25893333,84.0357,78.65293333,23.42623333,8.619733333,52.6391,56.95643333
1029,66.71126667,80.26856667,84.0417,78.66853333,23.41556667,8.619866667,52.64053333,56.98943333
1030,66.72333333,80.27863333,84.04843333,78.6848,23.40643333,8.6222,52.64226667,57.0238
1031,66.7361,80.28946667,84.0561,78.70183333,23.39843333,8.626,52.64446667,57.05903333
1032,66.74753333,80.29923333,84.06223333,78.717,23.39036667,8.6297,52.64566667,57.09313333
1033,66.7554,80.3063,84.06433333,78.72753333,23.3812,8.631766667,52.64433333,57.12396667
1034,66.75843333,80.30953333,84.0613,78.73166667,23.37093333,8.6322,52.63943333,57.15046667
1035,66.75866667,80.31063333,84.05523333,78.73216667,23.36006667,8.631666667,52.6326,57.1745
1036,66.75903333,80.3118,84.04866667,78.73276667,23.34893333,8.6307,52.6258,57.1986
1037,66.76236667,80.31503333,84.04413333,78.73706667,23.3378,8.6297,52.62116667,57.22546667
1038,66.76893333,80.32056667,84.04113333,78.74553333,23.32656667,8.628266667,52.61873333,57.25553333
1039,66.77713333,80.32723333,84.03886667,78.75603333,23.3152,8.626533333,52.61753333,57.28716667
1040,66.78566667,80.3343,84.03746667,78.76696667,23.3038,8.625066667,52.61686667,57.31856667
1041,66.79343333,80.3411,84.03736667,78.77663333,23.2925,8.6244,52.61613333,57.3481
1042,66.80096667,80.3488,84.03956667,78.78573333,23.2814,8.625033333,52.6163,57.3762
1043,66.80836667,80.35656667,84.0428,78.79456667,23.27033333,8.6261,52.61673333,57.40333333
1044,66.81496667,80.363,84.04506667,78.80276667,23.259,8.626633333,52.61633333,57.42963333
1045,66.8203,80.36636667,84.0445,78.81013333,23.24713333,8.6257,52.614,57.45516667
1046,66.8235,80.36596667,84.0406,78.81586667,23.23466667,8.623033333,52.60903333,57.47913333
1047,66.826,80.36393333,84.03543333,78.82103333,23.22186667,8.619666667,52.6031,57.50236667
1048,66.82936667,80.36293333,84.03086667,78.8271,23.20926667,8.6165,52.5981,57.5262
1049,66.8352,80.3654,84.02883333,78.8353,23.19723333,8.614533333,52.5958,57.55173333
1050,66.8437,80.3708,84.0289,78.8456,23.18563333,8.613533333,52.596,57.5792
1051,66.8534,80.37786667,84.03006667,78.85703333,23.17433333,8.613033333,52.5976,57.60743333
1052,66.86293333,80.38563333,84.03196667,78.86873333,23.16326667,8.612666667,52.59956667,57.63516667
1053,66.8712,80.39363333,84.03443333,78.88013333,23.15233333,8.612133333,52.60123333,57.66156667
1054,66.87903333,80.40296667,84.0388,78.89223333,23.14173333,8.611633333,52.60363333,57.6875
1055,66.88636667,80.4125,84.0433,78.90416667,23.1314,8.611233333,52.60593333,57.71253333
1056,66.8928,80.4205,84.04576667,78.91476667,23.12093333,8.610733333,52.6069,57.73586667
1057,66.89783333,80.4253,84.0443,78.9228,23.11043333,8.6101,52.6054,57.7565
1058,66.90093333,80.42723333,84.0391,78.9282,23.09983333,8.609266667,52.60166667,57.77426667
1059,66.9036,80.42793333,84.03236667,78.93263333,23.08926667,8.608466667,52.59676667,57.7907
1060,66.90733333,80.4291,84.02636667,78.93773333,23.07876667,8.607866667,52.59206667,57.80756667
1061,66.9133,80.43186667,84.0228,78.94466667,23.06836667,8.6077,52.5884,57.82626667
1062,66.92086667,80.43543333,84.02033333,78.95243333,23.05796667,8.607933333,52.5848,57.8461
1063,66.92946667,80.43953333,84.0188,78.96106667,23.04766667,8.608333333,52.58153333,57.86623333
1064,66.9387,80.44423333,84.0183,78.97093333,23.0376,8.608766667,52.57896667,57.88603333
1065,66.94873333,80.44983333,84.0192,78.9828,23.0279,8.6091,52.5776,57.90533333
1066,66.96026667,80.45656667,84.0218,78.9973,23.01863333,8.609533333,52.57743333,57.9252
1067,66.97176667,80.46346667,84.02493333,79.01196667,23.0094,8.609866667,52.5776,57.94393333
1068,66.98133333,80.4694,84.027,79.02406667,22.99993333,8.609966667,52.57696667,57.95976667
1069,66.98743333,80.47333333,84.0271,79.03163333,22.9899,8.609733333,52.57496667,57.9713
1070,66.99086667,80.4756,84.02573333,79.0358,22.9796,8.6092,52.5722,57.97933333
1071,66.9936,80.47783333,84.02416667,79.03893333,22.96906667,8.608466667,52.56893333,57.98543333
1072,66.9976,80.4815,84.02356667,79.04343333,22.95843333,8.6076,52.56536667,57.99143333
1073,67.0037,80.48763333,84.02456667,79.0504,22.94773333,8.6066,52.5614,57.9977
1074,67.0109,80.4954,84.0265,79.0584,22.9369,8.605333333,52.5569,58.00333333
1075,67.0187,80.50366667,84.02883333,79.06706667,22.92603333,8.604066667,52.55236667,58.00863333
1076,67.02656667,80.51126667,84.0312,79.07606667,22.9151,8.602966667,52.54833333,58.0138
1077,67.03456667,80.51806667,84.03386667,79.08563333,22.90393333,8.6019,52.5454,58.0192
1078,67.04296667,80.52473333,84.03713333,79.09603333,22.8926,8.600966667,52.5432,58.0246
1079,67.0514,80.5306,84.03976667,79.10626667,22.8814,8.600133333,52.5409,58.0295
1080,67.05953333,80.5351,84.04056667,79.11543333,22.87093333,8.599766667,52.5376,58.03343333
1081,67.06676667,80.5368,84.03776667,79.12266667,22.86133333,8.599666667,52.53266667,58.03613333
1082,67.07346667,80.53646667,84.03256667,79.12876667,22.85236667,8.599933333,52.5268,58.03793333
1083,67.08066667,80.53686667,84.028,79.1349,22.84363333,8.6005,52.5208,58.0391
1084,67.08946667,80.54066667,84.02706667,79.14233333,22.83476667,8.6015,52.51536667,58.0398
1085,67.1007,80.54916667,84.03153333,79.15143333,22.82596667,8.6033,52.51133333,58.0404
1086,67.1134,80.56056667,84.03903333,79.1614,22.81726667,8.605566667,52.50786667,58.0406
1087,67.12596667,80.57226667,84.0464,79.1716,22.80833333,8.6077,52.50373333,58.03996667
1088,67.137,80.5819,84.05053333,79.18133333,22.7988,8.608966667,52.49763333,58.03806667
1089,67.1465,80.5899,84.05156667,79.1908,22.78846667,8.6094,52.48953333,58.03516667
1090,67.15516667,80.5971,84.05083333,79.20016667,22.7777,8.609266667,52.48003333,58.03126667
1091,67.16313333,80.60323333,84.04873333,79.2092,22.76696667,8.608833333,52.46976667,58.02596667
1092,67.17063333,80.60806667,84.04536667,79.21773333,22.75693333,8.608266667,52.4591,58.01873333
1093,67.177,80.61073333,84.03936667,79.22553333,22.74753333,8.6073,52.44763333,58.009
1094,67.1828,80.61226667,84.03203333,79.23293333,22.73853333,8.606,52.4355,57.99763333
1095,67.18883333,80.61443333,84.0257,79.24046667,22.7294,8.604966667,52.42336667,57.986
1096,67.19596667,80.61893333,84.02266667,79.24863333,22.7198,8.604633333,52.41176667,57.975
1097,67.20426667,80.62643333,84.0232,79.2576,22.70976667,8.604966667,52.40133333,57.9635
1098,67.2132,80.63523333,84.02563333,79.26686667,22.6995,8.605666667,52.39113333,57.95206667
1099,67.22226667,80.6434,84.02823333,79.27603333,22.6892,8.606433333,52.37976667,57.9423
1100,67.2313,80.64936667,84.02963333,79.28463333,22.67913333,8.606933333,52.3662,57.93546667
1101,67.24103333,80.6544,84.0313,79.29353333,22.66926667,8.607366667,52.35153333,57.93106667
1102,67.25066667,80.65816667,84.0324,79.302,22.65946667,8.6077,52.33523333,57.92866667
1103,67.25906667,80.65946667,84.03153333,79.30913333,22.6497,8.607833333,52.31633333,57.92856667
1104,67.26493333,80.657,84.02706667,79.31373333,22.64,8.607433333,52.2938,57.93046667
1105,67.26776667,80.64936667,84.0187,79.3151,22.63033333,8.606433333,52.26686667,57.93356667
1106,67.26953333,80.63986667,84.00846667,79.31536667,22.62076667,8.6053,52.2376,57.93926667
1107,67.2724,80.6323,83.99886667,79.317,22.6113,8.604333333,52.20836667,57.94913333
1108,67.27833333,80.63003333,83.99193333,79.3222,22.60203333,8.6039,52.1809,57.96463333
1109,67.28673333,80.63203333,83.9868,79.33053333,22.59283333,8.6039,52.1543,57.98513333
1110,67.296,80.63553333,83.98213333,79.33973333,22.58376667,8.6041,52.12766667,58.00976667
1111,67.3045,80.63766667,83.9768,79.34776667,22.57483333,8.6045,52.10033333,58.03766667
1112,67.31146667,80.63696667,83.9704,79.35326667,22.56596667,8.604933333,52.07173333,58.06896667
1113,67.31803333,80.6354,83.9639,79.35773333,22.55723333,8.6055,52.0422,58.1045
1114,67.32346667,80.63206667,83.95626667,79.36073333,22.54856667,8.606266667,52.01206667,58.1426
1115,67.32703333,80.626,83.94623333,79.3618,22.54026667,8.6073,51.9817,58.1814
1116,67.32793333,80.61563333,83.93243333,79.36033333,22.53256667,8.608766667,51.95016667,58.22016667
1117,67.32666667,80.60103333,83.9152,79.35666667,22.5255,8.610733333,51.9166,58.2601
1118,67.32386667,80.58546667,83.8969,79.3514,22.51836667,8.612666667,51.88463333,58.3006
1119,67.32033333,80.5722,83.8799,79.34516667,22.51033333,8.6141,51.8578,58.34083333
1120,67.316,80.56366667,83.86643333,79.33803333,22.5009,8.614833333,51.8384,58.38063333
1121,67.31046667,80.55796667,83.8552,79.3295,22.4905,8.6152,51.82436667,58.42036667
1122,67.3045,80.55213333,83.84263333,79.32036667,22.4797,8.615066667,51.81336667,58.46003333
1123,67.29903333,80.54303333,83.82523333,79.3112,22.46906667,8.6144,51.80303333,58.49976667
1124,67.29486667,80.5301,83.80196667,79.30263333,22.45836667,8.612633333,51.79293333,58.54
1125,67.29123333,80.5149,83.77466667,79.2942,22.4474,8.610033333,51.78426667,58.58063333
1126,67.28693333,80.49723333,83.74413333,79.2849,22.43703333,8.6077,51.777,58.62043333
1127,67.28076667,80.47713333,83.71103333,79.2739,22.42793333,8.606666667,51.77106667,58.65836667
1128,67.27213333,80.45266667,83.6738,79.26056667,22.4207,8.607366667,51.76583333,58.6941
1129,67.26186667,80.4251,83.63316667,79.2456,22.4147,8.6091,51.76166667,58.72823333
1130,67.25096667,80.39776667,83.59206667,79.23013333,22.40893333,8.611233333,51.76006667,58.76133333
1131,67.2403,80.37396667,83.55346667,79.215,22.40263333,8.613166667,51.76236667,58.79376667
1132,67.22943333,80.3534,83.51713333,79.19993333,22.39566667,8.615066667,51.76916667,58.82553333
1133,67.21833333,80.33476667,83.48186667,79.18476667,22.3885,8.617033333,51.7793,58.8564
1134,67.20746667,80.3179,83.4474,79.16986667,22.3815,8.618933333,51.7915,58.88643333
1135,67.1974,80.3026,83.41346667,79.1555,22.37506667,8.6207,51.8045,58.91566667
1136,67.1881,80.28973333,83.37963333,79.14226667,22.36906667,8.622133333,51.81906667,58.9446
1137,67.17933333,80.27853333,83.3465,79.12933333,22.36343333,8.623466667,51.83513333,58.9727
1138,67.17063333,80.26766667,83.31486667,79.11586667,22.358,8.624966667,51.85213333,58.9991
1139,67.1617,80.25593333,83.28523333,79.10083333,22.3526,8.6271,51.86973333,59.02266667
1140,67.15153333,80.24413333,83.25686667,79.08336667,22.34756667,8.630133333,51.88793333,59.04276667
1141,67.14166667,80.2322,83.2303,79.06536667,22.34263333,8.633366667,51.90696667,59.0611
1142,67.13396667,80.21973333,83.2065,79.04876667,22.33736667,8.636,51.927,59.0797
1143,67.13036667,80.20636667,83.18626667,79.0357,22.33146667,8.6371,51.94813333,59.10063333
1144,67.1313,80.1917,83.16893333,79.02583333,22.32483333,8.636666667,51.9701,59.12373333
1145,67.1342,80.1767,83.15466667,79.01756667,22.31796667,8.635666667,51.9932,59.1472
1146,67.13643333,80.16236667,83.1438,79.00933333,22.3114,8.635,52.01753333,59.16923333
1147,67.13606667,80.14976667,83.13723333,79.00026667,22.30553333,8.635566667,52.04383333,59.18863333
1148,67.13493333,80.1388,83.1361,78.99166667,22.3004,8.636866667,52.0727,59.2065
1149,67.13256667,80.12826667,83.13736667,78.98263333,22.29533333,8.638566667,52.1023,59.2226
1150,67.1282,80.11706667,83.13756667,78.9719,22.2899,8.640266667,52.1306,59.2367
1151,67.12076667,80.1044,83.13443333,78.95833333,22.28366667,8.641933333,52.1562,59.2482
1152,67.11026667,80.09093333,83.12993333,78.9423,22.27713333,8.6439,52.1801,59.25686667
1153,67.0985,80.07683333,83.1244,78.92516667,22.26996667,8.645666667,52.20293333,59.26413333
1154,67.08736667,80.06203333,83.11786667,78.90836667,22.26213333,8.6467,52.22526667,59.27153333
1155,67.07786667,80.04653333,83.11033333,78.89296667,22.25313333,8.646566667,52.24753333,59.28003333
1156,67.06916667,80.0303,83.10186667,78.87803333,22.24303333,8.645333333,52.26946667,59.28893333
1157,67.06053333,80.01346667,83.09233333,78.8631,22.23263333,8.6439,52.2906,59.29743333
1158,67.05136667,79.99623333,83.08173333,78.8474,22.22283333,8.6429,52.3105,59.30486667
1159,67.04153333,79.9788,83.07036667,78.83093333,22.21403333,8.642666667,52.32893333,59.31096667
1160,67.0314,79.961,83.05823333,78.81403333,22.2057,8.642866667,52.34613333,59.31616667
1161,67.02073333,79.9426,83.04456667,78.79633333,22.1977,8.6433,52.3623,59.32053333
1162,67.00923333,79.92333333,83.02863333,78.77743333,22.18983333,8.643966667,52.37776667,59.32416667
1163,66.99593333,79.9021,83.00913333,78.7565,22.18213333,8.644966667,52.3923,59.32663333
1164,66.98136667,79.87956667,82.98686667,78.734,22.1747,8.646166667,52.4059,59.3281
1165,66.9673,79.85756667,82.96403333,78.71166667,22.16736667,8.647666667,52.41896667,59.3295
1166,66.9558,79.8381,82.94286667,78.6911,22.16,8.6493,52.432,59.33173333
1167,66.94803333,79.8225,82.92396667,78.67323333,22.15283333,8.6514,52.44556667,59.33543333
1168,66.94206667,79.80876667,82.90576667,78.65653333,22.14573333,8.653666667,52.45893333,59.33966667
1169,66.9353,79.794,82.8867,78.6392,22.1385,8.6557,52.4711,59.34306667
1170,66.9253,79.77566667,82.8651,78.61966667,22.13086667,8.656933333,52.48096667,59.3443
1171,66.91303333,79.75503333,82.84203333,78.59896667,22.12323333,8.6577,52.48883333,59.3443
1172,66.89896667,79.73226667,82.8173,78.57693333,22.11533333,8.658033333,52.49503333,59.3429
1173,66.88263333,79.7065,82.7901,78.55256667,22.10673333,8.657766667,52.49963333,59.33906667
1174,66.8635,79.6765,82.75926667,78.52476667,22.09696667,8.656933333,52.5027,59.3318
1175,66.8406,79.6406,82.72346667,78.4928,22.08626667,8.655633333,52.50363333,59.32026667
1176,66.8156,79.6018,82.68523333,78.45843333,22.07476667,8.653766667,52.50313333,59.3063
1177,66.79043333,79.56403333,82.64753333,78.4237,22.06233333,8.651066667,52.502,59.29193333
1178,66.76706667,79.53073333,82.61293333,78.3902,22.0487,8.647066667,52.50093333,59.27883333
1179,66.74443333,79.50036667,82.5803,78.35663333,22.03293333,8.641133333,52.4991,59.2661
1180,66.72213333,79.47173333,82.54873333,78.3233,22.0167,8.634666667,52.497,59.25333333
1181,66.7,79.4439,82.51766667,78.2907,22.0021,8.629466667,52.4953,59.24063333
1182,66.67786667,79.41676667,82.48693333,78.2591,21.99053333,8.6266,52.49466667,59.2278
1183,66.65573333,79.39136667,82.4569,78.22833333,21.98086667,8.6251,52.4949,59.21463333
1184,66.6339,79.36603333,82.4272,78.19823333,21.97276667,8.624833333,52.49523333,59.2018
1185,66.61253333,79.33883333,82.39726667,78.1689,21.966,8.6261,52.4948,59.19
1186,66.59183333,79.30803333,82.36633333,78.1404,21.96113333,8.6296,52.49316667,59.1798
1187,66.57156667,79.27433333,82.3345,78.11273333,21.95866667,8.6355,52.49066667,59.17093333
1188,66.55176667,79.2402,82.30326667,78.08563333,21.95643333,8.641866667,52.48773333,59.16263333
1189,66.53246667,79.20826667,82.27416667,78.05876667,21.952,8.6467,52.48473333,59.15423333
1190,66.51396667,79.17966667,82.24763333,78.03216667,21.94416667,8.6489,52.4817,59.1459
1191,66.49626667,79.15306667,82.22296667,78.006,21.9342,8.6496,52.47846667,59.13786667
1192,66.4786,79.1276,82.20006667,77.9799,21.92323333,8.649633333,52.4753,59.1294
1193,66.46016667,79.10256667,82.17886667,77.9534,21.91236667,8.6499,52.47263333,59.1196
1194,66.4404,79.07823333,82.16053333,77.9258,21.9017,8.650566667,52.47106667,59.10756667
1195,66.41973333,79.05476667,82.1446,77.89756667,21.89063333,8.6512,52.4702,59.094
1196,66.39933333,79.0314,82.1288,77.8702,21.87966667,8.651566667,52.46886667,59.08046667
1197,66.38016667,79.00733333,82.1109,77.8454,21.86916667,8.651566667,52.46606667,59.06853333
1198,66.36153333,78.98093333,82.08966667,77.82273333,21.85926667,8.651166667,52.46096667,59.05783333
1199,66.34366667,78.9539,82.0672,77.8018,21.84966667,8.650466667,52.45473333,59.04796667
1200,66.3273,78.92933333,82.04603333,77.7828,21.83996667,8.649366667,52.449,59.03916667
1201,66.31336667,78.91016667,82.02863333,77.7659,21.82986667,8.647833333,52.44523333,59.03166667
1202,66.30156667,78.8962,82.0138,77.7514,21.81923333,8.6454,52.44263333,59.02576667
1203,66.29173333,78.8859,82.00133333,77.7389,21.8083,8.642633333,52.4412,59.021
1204,66.28373333,78.87823333,81.99213333,77.72776667,21.79746667,8.6402,52.4414,59.0168
1205,66.27756667,78.8724,81.98733333,77.7171,21.78686667,8.6389,52.4439,59.01243333
1206,66.27303333,78.86966667,81.9882,77.70616667,21.77646667,8.638666667,52.4497,59.00716667
1207,66.27046667,78.86903333,81.9923,77.69666667,21.7662,8.639033333,52.45703333,59.00256667
1208,66.2704,78.86893333,81.9965,77.69056667,21.7562,8.639533333,52.4637,59.00046667
1209,66.27326667,78.8674,81.9977,77.68926667,21.74666667,8.640033333,52.46763333,59.00233333
1210,66.27893333,78.86393333,81.9963,77.69153333,21.73786667,8.640966667,52.46923333,59.00746667
1211,66.28696667,78.86176667,81.99556667,77.69756667,21.7291,8.641766667,52.47053333,59.0151
1212,66.2969,78.86426667,81.9988,77.7076,21.71976667,8.6419,52.47333333,59.02453333
1213,66.3087,78.87386667,82.0085,77.72243333,21.70913333,8.6407,52.47903333,59.03556667
1214,66.32286667,78.8891,82.02333333,77.7426,21.69743333,8.638266667,52.48673333,59.04893333
1215,66.3386,78.90863333,82.04146667,77.76596667,21.6855,8.635533333,52.49573333,59.0637
1216,66.35493333,78.93133333,82.061,77.79043333,21.6742,8.633566667,52.50546667,59.0789
1217,66.37156667,78.9578,82.08166667,77.8156,21.664,8.632733333,52.51603333,59.09436667
1218,66.38886667,78.98853333,82.10456667,77.84263333,21.6544,8.632533333,52.52763333,59.11056667
1219,66.40713333,79.021,82.1283,77.87043333,21.64513333,8.632733333,52.53966667,59.127
1220,66.42646667,79.0525,82.15166667,77.89786667,21.63593333,8.6332,52.5515,59.14323333
1221,66.44696667,79.0826,82.17396667,77.92436667,21.62726667,8.634166667,52.5631,59.1588
1222,66.4685,79.11263333,82.196,77.95056667,21.619,8.6357,52.57466667,59.17396667
1223,66.4911,79.14246667,82.21863333,77.9774,21.61033333,8.636866667,52.58613333,59.18963333
1224,66.5148,79.17233333,82.2428,78.0058,21.60033333,8.636666667,52.5975,59.20673333
1225,66.54023333,79.2018,82.26936667,78.03653333,21.5886,8.6348,52.6084,59.22553333
1226,66.567,79.2311,82.2974,78.0687,21.57573333,8.631866667,52.61903333,59.24546667
1227,66.59383333,79.26086667,82.32523333,78.10086667,21.56263333,8.6285,52.63006667,59.26603333
1228,66.61956667,79.2919,82.35153333,78.13173333,21.55013333,8.6255,52.642,59.28676667
1229,66.64483333,79.32523333,82.37693333,78.16203333,21.53783333,8.6223,52.65566667,59.30803333
1230,66.6696,79.3593,82.40156667,78.1917,21.52563333,8.619066667,52.66986667,59.32973333
1231,66.69353333,79.3919,82.42476667,78.22013333,21.51393333,8.616366667,52.683,59.35126667
1232,66.7162,79.42093333,82.4459,78.24663333,21.5029,8.614666667,52.6935,59.37206667
1233,66.73696667,79.4467,82.4645,78.27093333,21.49263333,8.614033333,52.70116667,59.39196667
1234,66.757,79.4704,82.4816,78.29393333,21.4829,8.614,52.7074,59.4116
1235,66.77746667,79.49296667,82.49863333,78.31653333,21.47306667,8.614166667,52.71363333,59.43193333
1236,66.79963333,79.51516667,82.51673333,78.33963333,21.46276667,8.614266667,52.72093333,59.45376667
1237,66.82316667,79.5363,82.53573333,78.36286667,21.45236667,8.614733333,52.72873333,59.47726667
1238,66.8471,79.55663333,82.55446667,78.38576667,21.4418,8.6152,52.73656667,59.5011
1239,66.87053333,79.57633333,82.5718,78.4081,21.43103333,8.6151,52.74396667,59.52393333
1240,66.89283333,79.59596667,82.587,78.42936667,21.4199,8.6141,52.75083333,59.54486667
1241,66.91466667,79.6155,82.60063333,78.44953333,21.40823333,8.612266667,52.75743333,59.56476667
1242,66.9359,79.634,82.6129,78.46946667,21.39666667,8.6101,52.7634,59.58356667
1243,66.95643333,79.65046667,82.62393333,78.49013333,21.38596667,8.6084,52.7683,59.60126667
1244,66.9761,79.66383333,82.63323333,78.51193333,21.3766,8.607333333,52.77146667,59.61746667
1245,66.995,79.6746,82.6408,78.53443333,21.36813333,8.6066,52.77313333,59.6323
1246,67.0134,79.68483333,82.6479,78.55733333,21.36003333,8.606,52.77473333,59.64653333
1247,67.0315,79.69663333,82.65586667,78.58036667,21.3517,8.605266667,52.7774,59.66103333
1248,67.05006667,79.711,82.66563333,78.6053,21.3433,8.604433333,52.7816,59.6765
1249,67.06856667,79.72646667,82.6761,78.63106667,21.335,8.6036,52.78656667,59.69216667
1250,67.0856,79.74136667,82.68573333,78.65453333,21.32623333,8.602633333,52.7918,59.70686667
1251,67.09983333,79.75396667,82.6931,78.6724,21.31636667,8.6016,52.79686667,59.7194
1252,67.11076667,79.76396667,82.698,78.6837,21.30506667,8.6002,52.8021,59.72943333
1253,67.11936667,79.7724,82.70126667,78.69073333,21.29293333,8.598666667,52.80743333,59.73783333
1254,67.127,79.78026667,82.7037,78.69596667,21.28076667,8.5973,52.81243333,59.74536667
1255,67.13463333,79.78843333,82.70596667,78.7014,21.26943333,8.596366667,52.8167,59.75266667
1256,67.14133333,79.79646667,82.70716667,78.70513333,21.2586,8.5959,52.82033333,59.75913333
1257,67.14746667,79.80436667,82.708,78.70813333,21.24813333,8.595666667,52.8235,59.7651
1258,67.15423333,79.81203333,82.7095,78.71236667,21.23773333,8.595366667,52.8265,59.77133333
1259,67.16243333,79.81966667,82.71256667,78.7197,21.22746667,8.5949,52.82943333,59.77856667
1260,67.17226667,79.82723333,82.71696667,78.73026667,21.2174,8.594333333,52.8323,59.787
1261,67.1826,79.8346,82.72213333,78.74196667,21.20746667,8.593666667,52.83496667,59.79553333
1262,67.19203333,79.84143333,82.72766667,78.7527,21.1975,8.592733333,52.83726667,59.8032
1263,67.19946667,79.8476,82.73393333,78.76093333,21.18716667,8.591466667,52.83913333,59.80916667
1264,67.2055,79.85346667,82.7418,78.76753333,21.17646667,8.5897,52.84086667,59.81393333
1265,67.21103333,79.85856667,82.749,78.77353333,21.16606667,8.5878,52.842,59.81786667
1266,67.21706667,79.8624,82.7532,78.77993333,21.15663333,8.586233333,52.84206667,59.82146667
1267,67.2235,79.86423333,82.7522,78.78693333,21.1486,8.5849,52.8403,59.8242
1268,67.22986667,79.8643,82.74736667,78.79416667,21.1417,8.583666667,52.83696667,59.82586667
1269,67.2372,79.8641,82.742,78.80166667,21.13516667,8.5828,52.8336,59.82806667
1270,67.24646667,79.86493333,82.73936667,78.8094,21.1284,8.5826,52.8318,59.8325
1271,67.2585,79.8675,82.74043333,78.81743333,21.12146667,8.583533333,52.8323,59.83966667
1272,67.27256667,79.87093333,82.74356667,78.82563333,21.11453333,8.5853,52.83416667,59.8487
1273,67.2875,79.87453333,82.74783333,78.83443333,21.1072,8.5871,52.8364,59.85916667
1274,67.3023,79.8775,82.75253333,78.84406667,21.09903333,8.588233333,52.83776667,59.87046667
1275,67.31763333,79.87863333,82.75796667,78.8548,21.08973333,8.5888,52.8375,59.8833
1276,67.33336667,79.87933333,82.7642,78.86633333,21.0797,8.588966667,52.8368,59.89733333
1277,67.34853333,79.88206667,82.7706,78.8781,21.06953333,8.588933333,52.83753333,59.9114
1278,67.36233333,79.88913333,82.77666667,78.88976667,21.05963333,8.588633333,52.8414,59.9244
1279,67.3748,79.9009,82.78303333,78.90173333,21.0498,8.5879,52.84846667,59.9363
1280,67.38653333,79.91513333,82.78923333,78.9138,21.03996667,8.587033333,52.85736667,59.948
1281,67.3982,79.92966667,82.79466667,78.92566667,21.03026667,8.586166667,52.86663333,59.96056667
1282,67.4102,79.94336667,82.7989,78.937,21.0208,8.5855,52.87573333,59.97513333
1283,67.422,79.95823333,82.80223333,78.94783333,21.01163333,8.585,52.88606667,59.9916
1284,67.434,79.97246667,82.80476667,78.95853333,21.0025,8.5845,52.896,60.00863333
1285,67.4467,79.98366667,82.80636667,78.96946667,20.99323333,8.583933333,52.9034,60.0249
1286,67.46083333,79.98946667,82.80656667,78.981,20.98366667,8.583233333,52.90613333,60.03953333
1287,67.47636667,79.99006667,82.8048,78.9931,20.97393333,8.5826,52.90453333,60.05333333
1288,67.49213333,79.9893,82.803,79.00513333,20.964,8.5818,52.9017,60.0664
1289,67.5066,79.9909,82.80313333,79.01636667,20.954,8.580566667,52.90076667,60.07873333
1290,67.5191,79.9965,82.80633333,79.02633333,20.94353333,8.578466667,52.90296667,60.0901
1291,67.5305,80.00413333,82.8116,79.03543333,20.9327,8.575633333,52.9066,60.1004
1292,67.54106667,80.01313333,82.8176,79.04413333,20.92216667,8.573066667,52.91153333,60.11046667
1293,67.55106667,80.02303333,82.82336667,79.0528,20.91263333,8.571633333,52.9177,60.12103333
1294,67.55966667,80.03486667,82.82933333,79.0609,20.90406667,8.5716,52.92566667,60.132
1295,67.5673,80.04813333,82.8356,79.06866667,20.8962,8.572433333,52.93503333,60.1432
1296,67.57576667,80.06073333,82.84103333,79.07706667,20.8893,8.5739,52.94463333,60.1547
1297,67.5867,80.07086667,82.8447,79.08726667,20.88353333,8.5758,52.95343333,60.1666
1298,67.6012,80.0799,82.8475,79.10083333,20.87976667,8.578833333,52.96246667,60.1801
1299,67.6171,80.08733333,82.84893333,79.1154,20.87696667,8.582366667,52.9711,60.1938
1300,67.63176667,80.09166667,82.848,79.12766667,20.8736,8.585133333,52.97823333,60.20596667
1301,67.64273333,80.0912,82.8433,79.1345,20.86836667,8.5861,52.9826,60.2148
1302,67.65063333,80.08526667,82.8338,79.1364,20.86156667,8.585166667,52.9841,60.2202
1303,67.65696667,80.07653333,82.82233333,79.13573333,20.85403333,8.583466667,52.9842,60.2241
1304,67.66313333,80.06803333,82.8122,79.1348,20.8465,8.582333333,52.9843,60.22843333
1305,67.67003333,80.0622,82.8061,79.1354,20.83933333,8.582533333,52.98566667,60.23476667
1306,67.67706667,80.0578,82.8027,79.13636667,20.8321,8.583666667,52.98746667,60.24246667
1307,67.68403333,80.05356667,82.80063333,79.1372,20.82496667,8.585266667,52.98943333,60.25053333
1308,67.6908,80.04836667,82.7985,79.13756667,20.81856667,8.5872,52.99126667,60.25823333
1309,67.69803333,80.04163333,82.7962,79.13773333,20.81316667,8.5893,52.9927,60.26573333
1310,67.706,80.03386667,82.79473333,79.13806667,20.8086,8.5918,52.9939,60.27353333
1311,67.71286667,80.02546667,82.79243333,79.13716667,20.80436667,8.594366667,52.99506667,60.28026667
1312,67.71656667,80.0166,82.78766667,79.1337,20.80003333,8.5968,52.9961,60.28433333
1313,67.7159,80.00676667,82.77953333,79.1262,20.79543333,8.598966667,52.99673333,60.28493333
1314,67.7121,79.9961,82.76906667,79.11586667,20.79073333,8.600966667,52.99703333,60.28293333
1315,67.7072,79.9859,82.75746667,79.10496667,20.78606667,8.602833333,52.99796667,60.27956667
1316,67.70313333,79.97746667,82.74606667,79.09583333,20.7815,8.604633333,53.00046667,60.27606667
1317,67.69956667,79.97116667,82.7344,79.08873333,20.77706667,8.606266667,53.00483333,60.27173333
1318,67.69596667,79.9661,82.72226667,79.08243333,20.77273333,8.607766667,53.01043333,60.26666667
1319,67.69243333,79.9613,82.71026667,79.07583333,20.76836667,8.6092,53.0164,60.26156667
1320,67.68916667,79.956,82.69883333,79.06803333,20.7639,8.6106,53.02236667,60.2573
1321,67.68686667,79.95186667,82.68833333,79.06,20.7593,8.611966667,53.02906667,60.25383333
1322,67.68443333,79.94733333,82.67793333,79.0512,20.75466667,8.613233333,53.0358,60.25056667
1323,67.68063333,79.94003333,82.66676667,79.04046667,20.75013333,8.614466667,53.04143333,60.2467
1324,67.67433333,79.92826667,82.6544,79.02703333,20.74586667,8.6158,53.04506667,60.2419
1325,67.666,79.91316667,82.64206667,79.01146667,20.74193333,8.6173,53.0474,60.2369
1326,67.6563,79.89506667,82.62816667,78.99386667,20.73796667,8.618666667,53.04836667,60.23086667
1327,67.6456,79.87386667,82.61073333,78.97413333,20.73353333,8.619266667,53.0477,60.223
1328,67.63423333,79.84913333,82.5883,78.95193333,20.72823333,8.6187,53.045,60.2125
1329,67.62203333,79.82063333,82.56173333,78.9271,20.72216667,8.617066667,53.04033333,60.1999
1330,67.6087,79.78986667,82.53253333,78.90083333,20.71596667,8.6153,53.03443333,60.18576667
1331,67.5939,79.75836667,82.50236667,78.87446667,20.71023333,8.614266667,53.02803333,60.17073333
1332,67.57783333,79.72643333,82.47156667,78.84866667,20.7048,8.614033333,53.0215,60.1548
1333,67.56053333,79.69346667,82.43936667,78.82276667,20.6996,8.614333333,53.01446667,60.13773333
1334,67.54156667,79.659,82.40556667,78.79546667,20.69486667,8.6152,53.00636667,60.11983333
1335,67.52056667,79.62263333,82.36986667,78.76556667,20.69093333,8.616733333,52.99676667,60.10136667
1336,67.4972,79.5837,82.33136667,78.73313333,20.6879,8.619133333,52.98483333,60.08233333
1337,67.47196667,79.54303333,82.29096667,78.69863333,20.68553333,8.6222,52.9716,60.0626
1338,67.4455,79.5018,82.25053333,78.66226667,20.68346667,8.625566667,52.9584,60.04223333
1339,67.41856667,79.46153333,82.21183333,78.62423333,20.68136667,8.6291,52.94676667,60.02136667
1340,67.39126667,79.4232,82.17523333,78.58463333,20.67933333,8.633,52.93716667,60.0005
1341,67.3629,79.3844,82.13893333,78.5432,20.67746667,8.6371,52.92786667,59.97886667
1342,67.3326,79.34216667,82.1008,78.49956667,20.67583333,8.6411,52.9168,59.95543333
1343,67.3002,79.29483333,82.05983333,78.45426667,20.6745,8.6449,52.9028,59.92986667
1344,67.267,79.24493333,82.0179,78.40856667,20.6736,8.6488,52.88766667,59.90356667
1345,67.23096667,79.1903,81.9731,78.35956667,20.6728,8.6524,52.86986667,59.8746
1346,67.1897,79.1279,81.92313333,78.30396667,20.67173333,8.655166667,52.8473,59.84083333
1347,67.1402,79.05436667,81.865,78.23773333,20.67,8.6565,52.8177,59.79956667
1348,67.08313333,78.97043333,81.79926667,78.162,20.66756667,8.656433333,52.78176667,59.7514
1349,67.024,78.88243333,81.7317,78.08363333,20.66543333,8.6564,52.7433,59.7013
1350,66.96853333,78.79656667,81.6681,78.0098,20.66473333,8.657866667,52.70616667,59.65433333
1351,66.91696667,78.71283333,81.60973333,77.9409,20.66556667,8.661066667,52.67046667,59.6111
1352,66.86713333,78.62906667,81.55363333,77.8742,20.66743333,8.6653,52.63476667,59.5694
1353,66.81893333,78.54596667,81.498,77.80916667,20.67006667,8.670133333,52.5992,59.52863333
1354,66.77246667,78.46406667,81.44116667,77.7457,20.67313333,8.675233333,52.56393333,59.48846667
1355,66.7294,78.38366667,81.38423333,77.68526667,20.6775,8.681233333,52.52833333,59.4507
1356,66.68783333,78.30416667,81.3269,77.6263,20.68243333,8.687666667,52.49303333,59.4135
1357,66.64486667,78.22466667,81.26776667,77.56613333,20.6865,8.6933,52.45906667,59.37403333
1358,66.5977,78.1438,81.20523333,77.50213333,20.6887,8.697233333,52.42716667,59.32943333
1359,66.5466,78.0597,81.13816667,77.43406667,20.6895,8.699833333,52.39603333,59.27966667
1360,66.49393333,77.97666667,81.0699,77.3649,20.6892,8.701466667,52.36696667,59.22766667
1361,66.44216667,77.8997,81.0043,77.29773333,20.68806667,8.702633333,52.3413,59.1764
1362,66.3929,77.83236667,80.94413333,77.2349,20.68616667,8.703566667,52.3204,59.12793333
1363,66.34483333,77.77233333,80.88746667,77.17503333,20.68346667,8.704266667,52.30373333,59.0807
1364,66.2976,77.71796667,80.8332,77.11673333,20.67973333,8.704266667,52.29,59.0342
1365,66.25083333,77.66776667,80.78046667,77.0587,20.67493333,8.703333333,52.27796667,58.98803333
1366,66.2044,77.62346667,80.72976667,77.0004,20.66846667,8.701133333,52.2681,58.9415
1367,66.15846667,77.5856,80.6815,76.9426,20.66046667,8.697766667,52.26093333,58.89483333
1368,66.1132,77.5484,80.63356667,76.8853,20.65206667,8.693933333,52.25406667,58.84953333
1369,66.06876667,77.5063,80.58386667,76.82866667,20.64433333,8.690266667,52.24506667,58.80713333
1370,66.0245,77.45983333,80.53206667,76.77233333,20.63663333,8.6862,52.2336,58.76726667
1371,65.98093333,77.41093333,80.47936667,76.71653333,20.6291,8.682,52.22103333,58.72953333
1372,65.9391,77.35936667,80.4269,76.66193333,20.6227,8.6785,52.2082,58.6943
1373,65.90043333,77.30536667,80.37596667,76.60943333,20.61843333,8.6766,52.1961,58.66223333
1374,65.86606667,77.25103333,80.32826667,76.56186667,20.61603333,8.676366667,52.18446667,58.6351
1375,65.83346667,77.1935,80.2806,76.5149,20.61506667,8.677033333,52.17293333,58.61006667
1376,65.79926667,77.12903333,80.2292,76.46273333,20.61523333,8.677866667,52.16093333,58.58323333
1377,65.76413333,77.0597,80.17346667,76.4055,20.61653333,8.6783,52.14856667,58.55406667
1378,65.7357,76.9968,80.11973333,76.3545,20.6195,8.678633333,52.13693333,58.52886667
1379,65.69973333,76.91793333,80.0577,76.28993333,20.62313333,8.679066667,52.1241,58.49736667
1380,65.63983333,76.79766667,79.97556667,76.1888,20.62613333,8.679533333,52.1078,58.44763333
1381,65.54516667,76.61773333,79.86353333,76.03576667,20.62786667,8.6798,52.086,58.37203333
1382,65.42363333,76.38993333,79.72676667,75.84186667,20.6289,8.679733333,52.05943333,58.27623333
1383,65.28276667,76.1303,79.57646667,75.61816667,20.62953333,8.6803,52.03136667,58.1653
1384,65.1297,75.85426667,79.42373333,75.3752,20.63013333,8.682733333,52.0047,58.04383333
1385,64.95046667,75.53606667,79.25983333,75.08966667,20.62953333,8.687066667,51.9782,57.9008
1386,64.75256667,75.18863333,79.08706667,74.77456667,20.62836667,8.692833333,51.9517,57.74243333
1387,64.56366667,74.863,78.92343333,74.47583333,20.62876667,8.699833333,51.92796667,57.59076667
1388,64.40936667,74.60653333,78.78576667,74.23606667,20.63273333,8.7081,51.90976667,57.46603333
1389,64.27946667,74.4003,78.6697,74.03746667,20.64016667,8.718133333,51.89716667,57.3596
1390,64.17073333,74.2384,78.57053333,73.87556667,20.65003333,8.7293,51.88856667,57.26953333
1391,64.08903333,74.13176667,78.4878,73.7619,20.6615,8.7409,51.8824,57.2018
1392,64.04246667,74.09583333,78.42293333,73.7118,20.67413333,8.752133333,51.87756667,57.16396667
1393,64.03913333,74.14626667,78.38196667,73.73916667,20.6889,8.763366667,51.87566667,57.1627
1394,64.0586,74.2439,78.3543,73.8075,20.70483333,8.774833333,51.8754,57.18026667
1395,64.077,74.34276667,78.327,73.87426667,20.7205,8.7866,51.87513333,57.196
1396,64.08716667,74.42816667,78.2972,73.925,20.7352,8.798866667,51.87506667,57.20383333
1397,64.1037,74.52796667,78.27323333,73.9853,20.74973333,8.811566667,51.8766,57.21643333
1398,64.1112,74.61486667,78.24356667,74.0325,20.76393333,8.8244,51.87623333,57.2202
1399,64.09313333,74.65983333,78.19616667,74.0423,20.77773333,8.836966667,51.8703,57.20086667
1400,64.0451,74.65223333,78.12696667,74.00673333,20.7915,8.849666667,51.8589,57.15406667
1401,63.9749,74.60723333,78.04206667,73.93806667,20.80503333,8.8624,51.8433,57.08683333
1402,63.88443333,74.53453333,77.94466667,73.84236667,20.81753333,8.874366667,51.8215,57.00176667
1403,63.77533333,74.4429,77.8375,73.72516667,20.82816667,8.8845,51.79173333,56.9011
1404,63.64426667,74.32593333,77.71816667,73.5818,20.8371,8.8928,51.7526,56.78206667
1405,63.4946,74.1867,77.5881,73.41513333,20.84463333,8.8999,51.70673333,56.647
1406,63.33213333,74.0335,77.45083333,73.23203333,20.85086667,8.906333333,51.65783333,56.50066667
1407,63.15976667,73.8711,77.30796667,73.03556667,20.8557,8.912533333,51.60826667,56.3452
1408,62.96883333,73.68936667,77.15383333,72.81503333,20.85853333,8.917833333,51.55513333,56.17346667
1409,62.76986667,73.49913333,76.99553333,72.5838,20.86043333,8.922866667,51.50043333,55.99423333
1410,62.57663333,73.31496667,76.84243333,72.35963333,20.8624,8.928666667,51.44733333,55.81923333
1411,62.39563333,73.1434,76.6994,72.14993333,20.86523333,8.935933333,51.39733333,55.65363333
1412,62.21926667,72.97626667,76.5613,71.94466667,20.86836667,8.944366667,51.3487,55.49083333
1413,62.0491,72.8162,76.428,71.74846667,20.87136667,8.9529,51.30166667,55.33313333
1414,61.8872,72.6664,76.29943333,71.56673333,20.87396667,8.9604,51.25666667,55.1831
1415,61.73296667,72.5271,76.17423333,71.4017,20.87573333,8.9665,51.2126,55.0407
1416,61.5862,72.3972,76.05313333,71.25056667,20.87713333,8.971666667,51.16986667,54.90513333
1417,61.44886667,72.2777,75.93946667,71.11123333,20.8784,8.976633333,51.13113333,54.7778
1418,61.3233,72.16986667,75.8367,70.98226667,20.87996667,8.981966667,51.09903333,54.66033333
1419,61.21313333,72.0777,75.74613333,70.86953333,20.8821,8.987466667,51.07463333,54.5562
1420,61.1128,71.99576667,75.6642,70.76703333,20.8843,8.993033333,51.05523333,54.46043333
1421,61.01463333,71.916,75.58663333,70.66446667,20.88593333,8.998766667,51.0376,54.3659
1422,60.912,71.83176667,75.51046667,70.553,20.88646667,9.004833333,51.0195,54.26653333
1423,60.80813333,71.74706667,75.43943333,70.43623333,20.8861,9.011533333,51.00326667,54.16496667
1424,60.7047,71.6625,75.3708,70.3176,20.88506667,9.0182,50.98756667,54.06333333
1425,60.6025,71.57746667,75.30033333,70.19946667,20.8837,9.0239,50.9699,53.96306667
1426,60.50066667,71.49043333,75.22453333,70.08176667,20.88193333,9.027866667,50.94806667,53.8639
1427,60.39843333,71.4013,75.1451,69.9627,20.87966667,9.030366667,50.92293333,53.76463333
1428,60.29923333,71.3138,75.06653333,69.8464,20.87713333,9.0326,50.89773333,53.6684
1429,60.2068,71.23166667,74.99353333,69.73723333,20.8748,9.035633333,50.87566667,53.57846667
1430,60.12173333,71.1564,74.92703333,69.63653333,20.87306667,9.040333333,50.85823333,53.496
1431,60.04253333,71.0859,74.86496667,69.54213333,20.87163333,9.0459,50.8435,53.41943333
1432,59.9694,71.0189,74.8073,69.45336667,20.8695,9.051066667,50.8299,53.34753333
1433,59.90283333,70.954,74.7542,69.36966667,20.8658,9.054633333,50.8159,53.2796
1434,59.8449,70.89133333,74.707,69.2924,20.86026667,9.0566,50.8019,53.21723333
1435,59.7929,70.83153333,74.6641,69.22026667,20.85366667,9.057633333,50.78826667,53.159
1436,59.74256667,70.77516667,74.62266667,69.15113333,20.84693333,9.058333333,50.77503333,53.10216667
1437,59.69033333,70.72223333,74.58013333,69.08266667,20.84053333,9.0589,50.7621,53.0444
1438,59.63723333,70.67156667,74.53656667,69.01433333,20.8335,9.0586,50.74883333,52.98596667
1439,59.586,70.62503333,74.49513333,68.94993333,20.8269,9.058466667,50.73646667,52.9294
1440,59.53916667,70.58506667,74.45896667,68.89333333,20.82166667,9.0597,50.72623333,52.87723333
1441,59.49886667,70.55453333,74.43096667,68.84856667,20.81913333,9.063633333,50.7192,52.83146667
1442,59.46413333,70.53283333,74.40963333,68.81413333,20.81876667,9.069766667,50.71493333,52.7911
1443,59.43226667,70.51443333,74.39163333,68.78406667,20.81863333,9.076066667,50.7119,52.75366667
1444,59.40083333,70.49366667,74.3735,68.7522,20.81663333,9.0806,50.70853333,52.71683333
1445,59.3698,70.47053333,74.35556667,68.71916667,20.8124,9.082933333,50.7045,52.6807
1446,59.34006667,70.447,74.3387,68.68666667,20.8069,9.084066667,50.70053333,52.64603333
1447,59.31136667,70.42266667,74.32216667,68.6527,20.80063333,9.084433333,50.6973,52.6124
1448,59.28333333,70.39713333,74.30496667,68.61526667,20.7939,9.084266667,50.6955,52.57966667
1449,59.25596667,70.3699,74.2871,68.57303333,20.78623333,9.083033333,50.69543333,52.5474
1450,59.22953333,70.34193333,74.26923333,68.52926667,20.77803333,9.0813,50.6962,52.51623333
1451,59.20416667,70.31473333,74.25203333,68.4877,20.76976667,9.079866667,50.69663333,52.48693333
1452,59.1805,70.28966667,74.23666667,68.45183333,20.76203333,9.079433333,50.696,52.4607
1453,59.159,70.26653333,74.2238,68.42073333,20.75466667,9.0799,50.6952,52.43813333
1454,59.13803333,70.2438,74.21056667,68.3914,20.74713333,9.080533333,50.6935,52.4165
1455,59.1158,70.21993333,74.1939,68.3606,20.73896667,9.0808,50.6901,52.39253333
1456,59.09176667,70.19483333,74.172,68.32763333,20.72963333,9.080366667,50.68413333,52.36463333
1457,59.0668,70.16926667,74.14656667,68.29393333,20.7194,9.079633333,50.6762,52.3345
1458,59.0406,70.14186667,74.1192,68.2585,20.7091,9.078733333,50.66726667,52.30323333
1459,59.01286667,70.1113,74.09133333,68.22016667,20.6994,9.0779,50.65836667,52.2719
1460,58.98143333,70.07543333,74.06013333,68.17613333,20.6905,9.077266667,50.6488,52.2385
1461,58.9485,70.0369,74.02783333,68.12953333,20.6819,9.076633333,50.63883333,52.2045
1462,58.91826667,69.99983333,73.99933333,68.0859,20.67323333,9.0759,50.62943333,52.17356667
1463,58.89453333,69.96756667,73.97943333,68.0502,20.66423333,9.074933333,50.62146667,52.14926667
1464,58.8768,69.93836667,73.96723333,68.0218,20.65506667,9.073866667,50.6145,52.1317
1465,58.86206667,69.9117,73.95936667,67.9968,20.64566667,9.0726,50.6084,52.1171
1466,58.84733333,69.88766667,73.9525,67.9712,20.63576667,9.0711,50.60333333,52.1013
1467,58.83126667,69.86733333,73.9459,67.94313333,20.62506667,9.069266667,50.60033333,52.08236667
1468,58.81563333,69.85096667,73.94166667,67.9147,20.61376667,9.0672,50.5998,52.06273333
1469,58.79966667,69.83543333,73.93676667,67.8857,20.60203333,9.064733333,50.5985,52.04156667
1470,58.78253333,69.81736667,73.9281,67.85583333,20.59006667,9.061733333,50.59316667,52.018
1471,58.7622,69.794,73.91276667,67.82246667,20.57776667,9.0578,50.582,51.98973333
1472,58.73996667,69.76793333,73.89326667,67.78686667,20.56506667,9.053133333,50.56696667,51.95816667
1473,58.71986667,69.74363333,73.8743,67.75503333,20.55236667,9.048433333,50.55083333,51.92793333
1474,58.7058,69.72543333,73.86023333,67.7326,20.54013333,9.044066667,50.53606667,51.90363333
1475,58.69806667,69.7128,73.85,67.7202,20.52816667,9.039833333,50.5217,51.88553333
1476,58.6942,69.70403333,73.8425,67.714,20.5164,9.0357,50.50753333,51.87083333
1477,58.69183333,69.69823333,73.83753333,67.7103,20.50503333,9.032,50.49436667,51.8568
1478,58.68936667,69.69526667,73.83566667,67.7064,20.49406667,9.029066667,50.4833,51.84126667
1479,58.68806667,69.69673333,73.83793333,67.7045,20.48356667,9.026866667,50.4747,51.82556667
1480,58.6877,69.6998,73.84166667,67.70413333,20.4733,9.0249,50.4664,51.81013333
1481,58.6876,69.70123333,73.84363333,67.70423333,20.46316667,9.022533333,50.45613333,51.79523333
1482,58.687,69.69823333,73.84186667,67.70406667,20.45353333,9.0196,50.44196667,51.7803
1483,58.6863,69.6928,73.83796667,67.70423333,20.44443333,9.016566667,50.42516667,51.76523333
1484,58.68686667,69.68866667,73.83443333,67.70583333,20.43463333,9.012766667,50.40866667,51.75196667
1485,58.6899,69.6897,73.83383333,67.71006667,20.4228,9.007833333,50.39526667,51.74213333
1486,58.6959,69.69593333,73.8363,67.717,20.40823333,9.0009,50.3845,51.7356
1487,58.70383333,69.70573333,73.8406,67.72606667,20.39216667,8.993033333,50.37566667,51.73176667
1488,58.7129,69.71826667,73.84576667,67.73703333,20.37603333,8.985566667,50.36893333,51.73093333
1489,58.72246667,69.7332,73.851,67.74983333,20.36106667,8.980033333,50.3646,51.7333
1490,58.7331,69.75213333,73.85716667,67.76526667,20.3466,8.9758,50.36266667,51.73906667
1491,58.7445,69.77286667,73.8636,67.78206667,20.3325,8.9724,50.3628,51.74766667
1492,58.75606667,69.79266667,73.86946667,67.79853333,20.31856667,8.969366667,50.3645,51.75856667
1493,58.76696667,69.80943333,73.87353333,67.81303333,20.30493333,8.966733333,50.3674,51.77093333
1494,58.7774,69.82433333,73.87613333,67.82613333,20.29173333,8.964733333,50.37166667,51.78516667
1495,58.789,69.83976667,73.87943333,67.84046667,20.27833333,8.962766667,50.37786667,51.80226667
1496,58.80346667,69.85803333,73.88563333,67.8587,20.26396667,8.960133333,50.38656667,51.8234
1497,58.8211,69.87996667,73.8959,67.8815,20.2485,8.956966667,50.399,51.8496
1498,58.84106667,69.90413333,73.90866667,67.90746667,20.23233333,8.953333333,50.414,51.87973333
1499,58.8629,69.92916667,73.9218,67.93536667,20.2156,8.949166667,50.4293,51.91183333
1500,58.88633333,69.95416667,73.93363333,67.96436667,20.19833333,8.944,50.4429,51.9444
1501,58.91223333,69.98056667,73.94563333,67.99593333,20.17976667,8.9375,50.4562,51.9788
1502,58.93956667,70.00706667,73.95706667,68.02866667,20.16096667,8.930466667,50.46873333,52.01423333
1503,58.9669,70.0313,73.96623333,68.0603,20.1434,8.923866667,50.47926667,52.0494
1504,58.99336667,70.05096667,73.97123333,68.08896667,20.1282,8.918266667,50.48646667,52.08333333
1505,59.01966667,70.06646667,73.97186667,68.11516667,20.11473333,8.913033333,50.49003333,52.11646667
1506,59.04586667,70.08116667,73.97206667,68.14136667,20.10226667,8.9086,50.4931,52.14963333
1507,59.07186667,70.09833333,73.9758,68.16996667,20.09003333,8.9054,50.49886667,52.18353333
1508,59.09713333,70.11926667,73.98516667,68.2015,20.07823333,8.904266667,50.5092,52.21853333
1509,59.12193333,70.14216667,73.9977,68.2349,20.067,8.9047,50.52223333,52.2542
1510,59.14756667,70.16586667,74.01093333,68.27,20.05566667,8.905,50.53486667,52.2902
1511,59.17536667,70.18936667,74.0225,68.3069,20.04363333,8.9035,50.54446667,52.3262
1512,59.207,70.21483333,74.0341,68.34886667,20.03093333,8.9002,50.55153333,52.3637
1513,59.2397,70.24016667,74.04486667,68.39186667,20.0178,8.896033333,50.55693333,52.401
1514,59.26956667,70.2616,74.05253333,68.42943333,20.00456667,8.891633333,50.5605,52.4355
1515,59.2938,70.27546667,74.05416667,68.45656667,19.9914,8.887466667,50.56163333,52.46516667
1516,59.31393333,70.28256667,74.04976667,68.4754,19.97816667,8.883066667,50.55973333,52.49113333
1517,59.33176667,70.2879,74.0446,68.49046667,19.96473333,8.878566667,50.5574,52.51473333
1518,59.3492,70.29643333,74.0439,68.50613333,19.951,8.874233333,50.55733333,52.53723333
1519,59.36616667,70.31126667,74.0506,68.5233,19.93666667,8.870066667,50.56136667,52.55876667
1520,59.38206667,70.32913333,74.0614,68.54,19.92186667,8.865966667,50.56773333,52.57876667
1521,59.39763333,70.3459,74.0726,68.55626667,19.90716667,8.8619,50.57366667,52.598
1522,59.41376667,70.3575,74.08056667,68.57213333,19.893,8.8578,50.5765,52.61716667
1523,59.43153333,70.3646,74.08683333,68.5887,19.87936667,8.853633333,50.57653333,52.63726667
1524,59.44916667,70.36863333,74.09153333,68.6047,19.86603333,8.849366667,50.5749,52.65673333
1525,59.4642,70.3704,74.09366667,68.61783333,19.85286667,8.845066667,50.5723,52.67333333
1526,59.47423333,70.36983333,74.0919,68.62586667,19.83973333,8.8407,50.56903333,52.6848
1527,59.47943333,70.3654,74.08586667,68.6287,19.8268,8.8363,50.56446667,52.69133333
1528,59.48273333,70.36006667,74.0781,68.62963333,19.81393333,8.831733333,50.5594,52.69573333
1529,59.48736667,70.3571,74.07143333,68.63203333,19.8007,8.826766667,50.5548,52.7009
1530,59.49463333,70.35843333,74.0672,68.63763333,19.7867,8.821033333,50.55113333,52.708
1531,59.5029,70.36233333,74.06396667,68.6445,19.77213333,8.814633333,50.548,52.71556667
1532,59.5117,70.36693333,74.0609,68.65193333,19.75793333,8.808433333,50.54473333,52.7235
1533,59.5206,70.37056667,74.0574,68.6593,19.7449,8.803233333,50.54066667,52.73193333
1534,59.5308,70.37376667,74.0538,68.668,19.73326667,8.798966667,50.53543333,52.74213333
1535,59.54103333,70.37673333,74.05003333,68.6767,19.7223,8.795266667,50.52986667,52.75256667
1536,59.54923333,70.37903333,74.04573333,68.6829,19.71156667,8.7919,50.52496667,52.7607
1537,59.55303333,70.37993333,74.04056667,68.68383333,19.70076667,8.788733333,50.5216,52.7641
1538,59.5523,70.3788,74.03443333,68.67883333,19.68993333,8.7858,50.51923333,52.7624
1539,59.55043333,70.37786667,74.028,68.6729,19.6794,8.783233333,50.5177,52.7596
1540,59.55113333,70.37946667,74.02203333,68.67153333,19.66916667,8.780933333,50.51696667,52.75993333
1541,59.55606667,70.38526667,74.01683333,68.6774,19.65966667,8.779133333,50.5176,52.76556667
1542,59.5633,70.39396667,74.01193333,68.68766667,19.65073333,8.777766667,50.5195,52.77433333
1543,59.57216667,70.40363333,74.00753333,68.70076667,19.64173333,8.776366667,50.521,52.78453333
1544,59.5821,70.41263333,74.00373333,68.71536667,19.6322,8.774633333,50.52073333,52.7948
1545,59.594,70.4222,74.001,68.73383333,19.62233333,8.772833333,50.519,52.80606667
1546,59.60703333,70.43166667,73.9987,68.75396667,19.61213333,8.7708,50.51613333,52.818
1547,59.61973333,70.43943333,73.99593333,68.77213333,19.60126667,8.7679,50.5121,52.8291
1548,59.6302,70.44353333,73.9914,68.78466667,19.58923333,8.763366667,50.5064,52.8377
1549,59.63793333,70.4436,73.9846,68.79186667,19.57566667,8.756966667,50.4981,52.84286667
1550,59.64636667,70.44283333,73.97823333,68.79803333,19.56196667,8.7502,50.4896,52.84866667
1551,59.6595,70.44463333,73.97523333,68.8078,19.5495,8.7446,50.48343333,52.85953333
1552,59.6803,70.4512,73.97756667,68.82403333,19.5394,8.7411,50.4809,52.87876667
1553,59.7066,70.46076667,73.98366667,68.84433333,19.53076667,8.738866667,50.48073333,52.90383333
1554,59.73413333,70.47063333,73.9913,68.86536667,19.52253333,8.736966667,50.482,52.93066667
1555,59.75903333,70.47873333,73.99863333,68.8844,19.51383333,8.7345,50.48396667,52.95543333
1556,59.78323333,70.48636667,74.00776667,68.90276667,19.50516667,8.731866667,50.488,52.98036667
1557,59.8065,70.49306667,74.01716667,68.92026667,19.49633333,8.729033333,50.49283333,53.00483333
1558,59.82673333,70.49716667,74.02343333,68.93556667,19.4868,8.7257,50.4963,53.0263
1559,59.84156667,70.49626667,74.0229,68.94683333,19.4758,8.721366667,50.49603333,53.04233333
1560,59.8505,70.4893,74.01493333,68.9536,19.46306667,8.715633333,50.49203333,53.05283333
1561,59.8578,70.48176667,74.00593333,68.95926667,19.45023333,8.709966667,50.48766667,53.06136667
1562,59.86796667,70.4797,74.00266667,68.9675,19.43893333,8.705866667,50.4864,53.07146667
1563,59.88196667,70.4856,74.0084,68.97883333,19.42966667,8.703933333,50.49,53.08333333
1564,59.8978,70.49623333,74.01926667,68.9918,19.42166667,8.7033,50.4965,53.0958
1565,59.91563333,70.5091,74.03146667,69.007,19.41473333,8.703633333,50.50383333,53.10996667
1566,59.93556667,70.52203333,74.04166667,69.0254,19.4087,8.704333333,50.51016667,53.1272
1567,59.9593,70.53726667,74.05213333,69.04923333,19.40423333,8.706333333,50.5168,53.14906667
1568,59.98473333,70.55326667,74.06186667,69.07526667,19.4006,8.708866667,50.5231,53.17296667
1569,60.00853333,70.5667,74.06783333,69.0985,19.39663333,8.710333333,50.52753333,53.1953
1570,60.02803333,70.57456667,74.0664,69.11476667,19.39156667,8.709533333,50.52833333,53.21323333
1571,60.04433333,70.5776,74.0577,69.12576667,19.38613333,8.706966667,50.526,53.22796667
1572,60.05993333,70.57966667,74.0481,69.1354,19.38013333,8.703766667,50.52263333,53.24196667
1573,60.07723333,70.58473333,74.0443,69.1476,19.37353333,8.7009,50.52046667,53.25743333
1574,60.0973,70.59413333,74.04926667,69.16393333,19.36593333,8.698433333,50.51996667,53.2757
1575,60.1189,70.6059,74.0593,69.18236667,19.35763333,8.696033333,50.5201,53.29543333
1576,60.14066667,70.6188,74.07093333,69.2012,19.34916667,8.6941,50.52123333,53.31456667
1577,60.16153333,70.6319,74.08143333,69.21933333,19.34106667,8.6931,50.52376667,53.33143333
1578,60.1824,70.64666667,74.0936,69.23783333,19.3329,8.693266667,50.5288,53.34653333
1579,60.2028,70.6617,74.10546667,69.25596667,19.3249,8.693966667,50.53446667,53.3604
1580,60.22186667,70.67476667,74.11356667,69.27236667,19.31733333,8.694333333,50.53856667,53.3732
1581,60.238,70.68316667,74.114,69.28486667,19.3106,8.693966667,50.53876667,53.3838
1582,60.2507,70.6867,74.10706667,69.29306667,19.30476667,8.6933,50.53546667,53.39106667
1583,60.2641,70.69113333,74.0996,69.3021,19.29886667,8.692166667,50.53223333,53.3997
1584,60.28236667,70.7024,74.09886667,69.31716667,19.29196667,8.6902,50.53253333,53.41473333
1585,60.30556667,70.72196667,74.10616667,69.3386,19.2837,8.687333333,50.53666667,53.4371
1586,60.3324,70.7469,74.11816667,69.3646,19.27463333,8.6837,50.54336667,53.46443333
1587,60.36316667,70.77483333,74.13343333,69.39503333,19.26526667,8.679866667,50.5525,53.4957
1588,60.39856667,70.80403333,74.1507,69.4304,19.2558,8.676033333,50.56433333,53.53003333
1589,60.43903333,70.83553333,74.1708,69.47143333,19.24563333,8.671666667,50.57936667,53.56873333
1590,60.48306667,70.86926667,74.19343333,69.51626667,19.2355,8.667433333,50.5965,53.61033333
1591,60.52873333,70.9047,74.2178,69.56273333,19.22653333,8.664266667,50.6142,53.65316667
1592,60.5747,70.94126667,74.24383333,69.6092,19.2197,8.663066667,50.63143333,53.6958
1593,60.6219,70.9791,74.27206667,69.65683333,19.2146,8.663566667,50.64883333,53.73923333
1594,60.6717,71.01953333,74.30163333,69.70696667,19.20966667,8.664066667,50.6676,53.78463333
1595,60.72543333,71.06376667,74.3318,69.76106667,19.2034,8.663066667,50.68893333,53.8334
1596,60.78406667,71.11266667,74.36326667,69.82033333,19.19576667,8.660466667,50.71393333,53.8861
1597,60.8461,71.1649,74.39563333,69.88296667,19.1874,8.656933333,50.74096667,53.9415
1598,60.90946667,71.21843333,74.4274,69.9464,19.1785,8.652966667,50.7678,53.99856667
1599,60.97273333,71.27206667,74.45733333,70.0085,19.1689,8.6485,50.79293333,54.05636667
1600,61.03696667,71.3271,74.48573333,70.07003333,19.15803333,8.642966667,50.81756667,54.1158
1601,61.10196667,71.3825,74.51373333,70.13243333,19.14733333,8.6376,50.84126667,54.17623333
1602,61.16716667,71.43696667,74.54243333,70.19693333,19.1383,8.633733333,50.86303333,54.23676667
1603,61.23276667,71.4899,74.5718,70.2643,19.1321,8.632233333,50.8815,54.29746667
1604,61.29883333,71.54196667,74.60146667,70.33366667,19.12763333,8.6322,50.89773333,54.35863333
1605,61.36466667,71.594,74.6322,70.40413333,19.12323333,8.632466667,50.91406667,54.41963333
1606,61.42986667,71.64673333,74.66466667,70.475,19.1173,8.6319,50.93293333,54.48006667
1607,61.49506667,71.70103333,74.6997,70.54843333,19.10986667,8.630666667,50.95436667,54.5406
1608,61.5597,71.75536667,74.73596667,70.62216667,19.10183333,8.629166667,50.97703333,54.60053333
1609,61.6224,71.80786667,74.77173333,70.6922,19.0938,8.6275,50.99956667,54.65876667
1610,61.68213333,71.8574,74.80643333,70.75553333,19.08626667,8.6256,51.02166667,54.71416667
1611,61.73923333,71.90513333,74.84136667,70.814,19.0788,8.623366667,51.0442,54.7672
1612,61.79496667,71.9504,74.87456667,70.86906667,19.07163333,8.621133333,51.06566667,54.81883333
1613,61.8505,71.99256667,74.90386667,70.92226667,19.06496667,8.619466667,51.0845,54.87013333
1614,61.90586667,72.03083333,74.9292,70.97223333,19.05903333,8.618333333,51.09973333,54.92003333
1615,61.96066667,72.06603333,74.95136667,71.01963333,19.05356667,8.617566667,51.11263333,54.96903333
1616,62.01503333,72.09946667,74.97006667,71.06726667,19.0482,8.617033333,51.12453333,55.0194
1617,62.0695,72.13223333,74.98523333,71.11783333,19.0424,8.616733333,51.1367,55.0736
1618,62.12516667,72.16423333,74.99736667,71.17123333,19.03653333,8.616866667,51.14913333,55.13256667
1619,62.17956667,72.19453333,75.0057,71.22493333,19.03043333,8.617,51.1605,55.19223333
1620,62.2297,72.22203333,75.00923333,71.27616667,19.02406667,8.6167,51.16946667,55.24773333
1621,62.27363333,72.24573333,75.00696667,71.3245,19.01703333,8.6155,51.17483333,55.2971
1622,62.3129,72.26643333,74.9995,71.371,19.00946667,8.613666667,51.1773,55.34273333
1623,62.34966667,72.28526667,74.98863333,71.41443333,19.0023,8.611766667,51.1788,55.38503333
1624,62.3857,72.30343333,74.97593333,71.45326667,18.99646667,8.6104,51.18096667,55.42433333
1625,62.4197,72.31943333,74.95816667,71.48653333,18.9924,8.609466667,51.1823,55.45956667
1626,62.45233333,72.33453333,74.9386,71.5162,18.98913333,8.608733333,51.18376667,55.4919
1627,62.48553333,72.3511,74.92286667,71.54486667,18.9856,8.608033333,51.18753333,55.52336667
1628,62.5208,72.37103333,74.91496667,71.57376667,18.9812,8.6073,51.1955,55.55503333
1629,62.55746667,72.39336667,74.9122,71.60133333,18.97643333,8.6066,51.20686667,55.5857
1630,62.59423333,72.41683333,74.9134,71.62886667,18.97126667,8.6058,51.2198,55.61616667
1631,62.6299,72.44046667,74.91753333,71.65763333,18.96543333,8.604533333,51.23233333,55.6473
1632,62.66443333,72.46526667,74.92703333,71.68816667,18.9585,8.602433333,51.24516667,55.67963333
1633,62.69823333,72.4908,74.9402,71.71966667,18.9509,8.5999,51.2583,55.7125
1634,62.73116667,72.51443333,74.95203333,71.75133333,18.94363333,8.5975,51.27023333,55.7449
1635,62.76326667,72.53393333,74.95796667,71.7826,18.9378,8.595466667,51.2795,55.77603333
1636,62.79436667,72.5501,74.95933333,71.81396667,18.93323333,8.593766667,51.28633333,55.8059
1637,62.82466667,72.5638,74.95826667,71.84513333,18.92916667,8.592266667,51.2917,55.83533333
1638,62.85426667,72.57566667,74.95676667,71.8757,18.9249,8.590933333,51.29656667,55.86503333
1639,62.88466667,72.58726667,74.95613333,71.90703333,18.92023333,8.589833333,51.30146667,55.8966
1640,62.91556667,72.59813333,74.95523333,71.93903333,18.9154,8.588866667,51.3059,55.92943333
1641,62.94296667,72.60443333,74.95266667,71.96753333,18.91043333,8.5881,51.30933333,55.96006667
1642,62.96323333,72.6028,74.94716667,71.98876667,18.9051,8.587433333,51.31133333,55.9853
1643,62.9788,72.5956,74.94116667,72.0059,18.89936667,8.5869,51.3135,56.007
1644,62.9886,72.58163333,74.93223333,72.01696667,18.89336667,8.586433333,51.31406667,56.0246
1645,62.98936667,72.55783333,74.91646667,72.01753333,18.8873,8.586066667,51.3101,56.03586667
1646,62.9784,72.52183333,74.8918,72.00353333,18.88106667,8.585733333,51.2996,56.03846667
1647,62.95643333,72.47486667,74.86096667,71.97626667,18.87456667,8.585433333,51.28413333,56.03246667
1648,62.92696667,72.41843333,74.82123333,71.9404,18.8682,8.585233333,51.2638,56.02226667
1649,62.89326667,72.3539,74.76936667,71.90083333,18.86243333,8.5854,51.2387,56.01266667
1650,62.8564,72.2792,74.7066,71.85846667,18.85773333,8.5861,51.2087,56.0053
1651,62.81446667,72.19556667,74.63296667,71.81106667,18.85353333,8.587166667,51.1738,55.9974
1652,62.76603333,72.1073,74.54563333,71.75736667,18.84903333,8.5879,51.1346,55.98593333
1653,62.70926667,72.0179,74.44246667,71.6957,18.84336667,8.587766667,51.0919,55.96823333
1654,62.6427,71.92513333,74.32506667,71.6251,18.83683333,8.5869,51.04666667,55.945
1655,62.5707,71.8294,74.19273333,71.54893333,18.82976667,8.585566667,50.99636667,55.91773333
1656,62.49846667,71.73153333,74.0444,71.471,18.82253333,8.5841,50.9381,55.88776667
1657,62.42623333,71.6297,73.8743,71.39173333,18.8153,8.582433333,50.86803333,55.85406667
1658,62.3518,71.5238,73.68406667,71.30933333,18.80773333,8.580566667,50.78816667,55.8162
1659,62.27986667,71.4201,73.48793333,71.22723333,18.80006667,8.5787,50.7056,55.7786
1660,62.21493333,71.32466667,73.2996,71.14883333,18.79233333,8.577266667,50.6271,55.74546667
1661,62.15806667,71.23843333,73.1176,71.07493333,18.78483333,8.5766,50.55123333,55.7175
1662,62.1055,71.157,72.9366,71.00276667,18.77716667,8.5761,50.4763,55.69163333
1663,62.05333333,71.07603333,72.75383333,70.9292,18.76873333,8.575,50.4023,55.66493333
1664,62.0002,70.99296667,72.56666667,70.85303333,18.75926667,8.5732,50.3297,55.6362
1665,61.94893333,70.9102,72.37596667,70.77636667,18.7493,8.571366667,50.2588,55.60746667
1666,61.8949,70.82683333,72.18476667,70.69613333,18.73793333,8.5679,50.1879,55.57583333
1667,61.83286667,70.7413,71.99586667,70.60896667,18.7242,8.5611,50.11516667,55.538
1668,61.75773333,70.64956667,71.803,70.50956667,18.70593333,8.548366667,50.03766667,55.49026667
1669,61.67673333,70.55633333,71.6116,70.40476667,18.68576667,8.533033333,49.95906667,55.43773333
1670,61.60053333,70.47016667,71.43353333,70.3053,18.66803333,8.520366667,49.88526667,55.3882
1671,61.53706667,70.3976,71.27746667,70.219,18.65613333,8.514633333,49.82053333,55.34763333
1672,61.48133333,70.3351,71.13776667,70.14036667,18.64836667,8.513866667,49.76166667,55.3125
1673,61.4326,70.28076667,71.01403333,70.0699,18.6435,8.516233333,49.7093,55.28176667
1674,61.39116667,70.23343333,70.90676667,70.00926667,18.6408,8.519966667,49.66463333,55.2549
1675,61.35996667,70.1946,70.81846667,69.9618,18.64136667,8.526466667,49.6289,55.23393333
1676,61.33736667,70.1638,70.74783333,69.9251,18.6448,8.535433333,49.6011,55.21786667
1677,61.31653333,70.13706667,70.6901,69.89273333,18.64806667,8.5429,49.57933333,55.20166667
1678,61.29146667,70.11086667,70.64173333,69.85903333,18.64833333,8.545266667,49.5623,55.1807
1679,61.2636,70.08633333,70.60593333,69.8266,18.6463,8.5429,49.5514,55.1553
1680,61.23616667,70.0647,70.5799,69.79606667,18.64346667,8.5387,49.5451,55.12933333
1681,61.21206667,70.0469,70.55963333,69.76716667,18.64126667,8.535566667,49.5413,55.10656667
1682,61.19446667,70.0365,70.54626667,69.74223333,18.6405,8.535066667,49.5405,55.0904
1683,61.18163333,70.03236667,70.54113333,69.72096667,18.64043333,8.535533333,49.54356667,55.0787
1684,61.16793333,70.026,70.53713333,69.69666667,18.64033333,8.536266667,49.54663333,55.06606667
1685,61.14813333,70.00936667,70.52713333,69.66303333,18.6395,8.536466667,49.5459,55.0475
1686,61.1231,69.9838,70.51013333,69.62053333,18.63806667,8.5362,49.54183333,55.02363333
1687,61.09453333,69.95166667,70.4912,69.57176667,18.6362,8.5358,49.53586667,54.99626667
1688,61.06263333,69.9133,70.47553333,69.5184,18.63413333,8.535333333,49.52873333,54.9659
1689,61.02726667,69.8677,70.46576667,69.46023333,18.63173333,8.5348,49.52016667,54.9324
1690,60.98806667,69.8145,70.45923333,69.3963,18.62896667,8.534166667,49.5096,54.89523333
1691,60.947,69.75776667,70.45643333,69.33006667,18.6262,8.533633333,49.49943333,54.85666667
1692,60.90613333,69.7016,70.45836667,69.26496667,18.6238,8.533466667,49.4922,54.819
1693,60.86796667,69.64826667,70.46916667,69.20333333,18.62176667,8.533566667,49.4902,54.78433333
1694,60.82896667,69.59363333,70.484,69.14133333,18.6199,8.534,49.48996667,54.7495
1695,60.78376667,69.5325,70.49433333,69.07346667,18.61833333,8.5347,49.48673333,54.70986667
1696,60.72746667,69.46106667,70.4946,68.99543333,18.61693333,8.535666667,49.4772,54.66113333
1697,60.6614,69.3818,70.48906667,68.909,18.61556667,8.537,49.46373333,54.60426667
1698,60.5918,69.2961,70.47786667,68.8183,18.61473333,8.538466667,49.44683333,54.54526667
1699,60.5248,69.2051,70.46043333,68.72743333,18.61486667,8.539933333,49.4269,54.49033333
1700,60.4584,69.10443333,70.4331,68.63376667,18.6166,8.541333333,49.40153333,54.43863333
1701,60.39253333,68.99743333,70.3991,68.53823333,18.61923333,8.542733333,49.37263333,54.38906667
1702,60.33236667,68.89326667,70.36606667,68.44706667,18.62156667,8.5443,49.3452,54.3444
1703,60.28283333,68.79916667,70.34,68.36526667,18.62243333,8.546133333,49.32326667,54.3078
1704,60.243,68.71113333,70.3181,68.291,18.62246667,8.5481,49.305,54.27953333
1705,60.20793333,68.6277,70.2982,68.2212,18.62186667,8.550266667,49.2888,54.25453333
1706,60.173,68.54806667,70.27883333,68.15303333,18.62066667,8.552566667,49.27343333,54.2275
1707,60.13743333,68.473,70.26103333,68.08533333,18.6187,8.5555,49.2599,54.19626667
1708,60.1031,68.40236667,70.24463333,68.01973333,18.61616667,8.558733333,49.24796667,54.16373333
1709,60.06873333,68.33403333,70.22623333,67.9574,18.61303333,8.5611,49.23476667,54.13183333
1710,60.0326,68.26543333,70.20173333,67.89896667,18.60933333,8.561366667,49.2169,54.1021
1711,59.99296667,68.19483333,70.1687,67.84206667,18.60443333,8.559333333,49.1928,54.07283333
1712,59.95453333,68.12766667,70.13536667,67.7901,18.59943333,8.5565,49.16846667,54.04556667
1713,59.92273333,68.07016667,70.11123333,67.7473,18.5956,8.554766667,49.151,54.02266667
1714,59.90056667,68.02513333,70.10063333,67.71696667,18.59403333,8.555233333,49.1436,54.0059
1715,59.88526667,67.98953333,70.09903333,67.69683333,18.594,8.5569,49.14283333,53.99403333
1716,59.8747,67.96283333,70.10466667,67.68233333,18.59393333,8.558533333,49.14736667,53.98466667
1717,59.86693333,67.9448,70.1165,67.66963333,18.5926,8.5591,49.15656667,53.97556667
1718,59.86266667,67.93726667,70.13766667,67.6603,18.59063333,8.558966667,49.1731,53.96693333
1719,59.86216667,67.93746667,70.16393333,67.65456667,18.5879,8.558266667,49.19316667,53.96003333
1720,59.86506667,67.94186667,70.18926667,67.6518,18.58396667,8.556566667,49.21103333,53.95583333
1721,59.87026667,67.94773333,70.2091,67.6484,18.57776667,8.553233333,49.22283333,53.9541
1722,59.87803333,67.95683333,70.2266,67.64533333,18.56973333,8.548466667,49.2315,53.95443333
1723,59.89106667,67.97263333,70.24773333,67.6514,18.5622,8.544033333,49.2417,53.9585
1724,59.91223333,67.99836667,70.27793333,67.67516667,18.5575,8.541433333,49.2578,53.968
1725,59.94283333,68.0333,70.31653333,67.719,18.5558,8.540866667,49.27796667,53.98366667
1726,59.97983333,68.0769,70.36173333,67.77566667,18.5557,8.5413,49.30243333,54.00376667
1727,60.01953333,68.1295,70.41283333,67.8372,18.55586667,8.542,49.333,54.02623333
1728,60.0609,68.1934,70.4712,67.90133333,18.5559,8.543,49.3727,54.05086667
1729,60.10576667,68.2688,70.53753333,67.97233333,18.55646667,8.544633333,49.42103333,54.0789
1730,60.1514,68.3485,70.60586667,68.04333333,18.55663333,8.545733333,49.47126667,54.10716667
1731,60.19493333,68.42576667,70.67013333,68.10766667,18.55536667,8.544966667,49.51716667,54.13256667
1732,60.2374,68.50516667,70.73206667,68.1662,18.5521,8.541466667,49.5614,54.15523333
1733,60.2789,68.5842,70.79253333,68.22116667,18.5481,8.536966667,49.60376667,54.17653333
1734,60.31843333,68.65636667,70.85053333,68.2735,18.54493333,8.5334,49.6414,54.19743333
1735,60.3564,68.71806667,70.90746667,68.3256,18.54376667,8.532166667,49.67243333,54.21976667
1736,60.3944,68.77293333,70.9652,68.37836667,18.54403333,8.532366667,49.69823333,54.24396667
1737,60.42726667,68.81846667,71.01586667,68.4244,18.54486667,8.533533333,49.71883333,54.265
1738,60.44973333,68.85166667,71.05133333,68.456,18.54533333,8.535066667,49.7339,54.2776
1739,60.46173333,68.87243333,71.0711,68.4737,18.54606667,8.537833333,49.74336667,54.28206667
1740,60.4652,68.88193333,71.0786,68.4797,18.54666667,8.541133333,49.7475,54.2799
1741,60.461,68.88083333,71.07586667,68.47386667,18.5462,8.543333333,49.7467,54.271
1742,60.44803333,68.86783333,71.06233333,68.45373333,18.5436,8.543066667,49.74046667,54.25353333
1743,60.42453333,68.8414,71.0355,68.4172,18.53906667,8.5408,49.7277,54.22633333
1744,60.39733333,68.8081,71.00306667,68.3748,18.53413333,8.5381,49.7124,54.1961
1745,60.37353333,68.7749,70.973,68.33713333,18.53036667,8.5366,49.69816667,54.1696
1746,60.35376667,68.73913333,70.94363333,68.30446667,18.52796667,8.536533333,49.68376667,54.1476
1747,60.3348,68.70123333,70.9139,68.27273333,18.52613333,8.5371,49.6693,54.12683333
1748,60.31453333,68.66546667,70.88623333,68.2404,18.52406667,8.537566667,49.6573,54.10516667
1749,60.29166667,68.63553333,70.86286667,68.2066,18.52133333,8.5373,49.65006667,54.0809
1750,60.26726667,68.61013333,70.8433,68.1722,18.51813333,8.5367,49.6471,54.05486667
1751,60.24116667,68.58536667,70.82436667,68.13656667,18.5147,8.535933333,49.64513333,54.02823333
1752,60.2131,68.55726667,70.80286667,68.09903333,18.51106667,8.535,49.64066667,54.00206667
1753,60.17886667,68.52166667,70.77446667,68.05376667,18.5065,8.5332,49.6317,53.97383333
1754,60.1432,68.4846,70.74506667,68.00736667,18.50173333,8.531266667,49.62173333,53.94593333
1755,60.1146,68.45496667,70.7241,67.97153333,18.49873333,8.531,49.61526667,53.9238
1756,60.0992,68.4391,70.71833333,67.95523333,18.49876667,8.533966667,49.61546667,53.91146667
1757,60.09316667,68.4329,70.72393333,67.95356667,18.50136667,8.5397,49.6201,53.90706667
1758,60.0944,68.4347,70.73753333,67.96166667,18.5051,8.546233333,49.62873333,53.90743333
1759,60.1012,68.44333333,70.75616667,67.97523333,18.50863333,8.551533333,49.6415,53.90973333
1760,60.1162,68.4608,70.78156667,67.9974,18.51233333,8.556,49.65986667,53.91533333
1761,60.13713333,68.4853,70.8129,68.0262,18.51626667,8.559933333,49.68216667,53.9237
1762,60.15886667,68.51306667,70.84706667,68.0559,18.51946667,8.563033333,49.70486667,53.93253333
1763,60.17753333,68.5408,70.88136667,68.08193333,18.52116667,8.564566667,49.7249,53.9402
1764,60.19526667,68.5699,70.91676667,68.1064,18.52163333,8.564666667,49.7433,53.9475
1765,60.2141,68.6033,70.9561,68.13276667,18.52163333,8.564466667,49.76343333,53.95553333
1766,60.2359,68.6438,71.00233333,68.16436667,18.52193333,8.565433333,49.7886,53.96523333
1767,60.2608,68.69446667,71.05776667,68.20263333,18.52226667,8.5679,49.82106667,53.9765
1768,60.288,68.751,71.11883333,68.24476667,18.5226,8.570933333,49.8572,53.98913333
1769,60.31696667,68.8068,71.18026667,68.28746667,18.52336667,8.573766667,49.89203333,54.00316667
1770,60.34856667,68.85813333,71.24043333,68.32973333,18.52483333,8.575666667,49.92266667,54.02
1771,60.3842,68.9085,71.30326667,68.3743,18.5269,8.5771,49.95166667,54.0405
1772,60.41846667,68.9561,71.36166667,68.41593333,18.5293,8.5782,49.97796667,54.05953333
1773,60.44566667,68.99903333,71.40783333,68.44883333,18.53176667,8.579033333,50.00013333,54.07156667
1774,60.46296667,69.037,71.43923333,68.46986667,18.5346,8.579133333,50.0164,54.07356667
1775,60.47546667,69.07103333,71.4614,68.48456667,18.53756667,8.579033333,50.0293,54.07083333
1776,60.48983333,69.10166667,71.48096667,68.5001,18.54026667,8.5795,50.04243333,54.07016667
1777,60.51046667,69.12893333,71.50193333,68.5214,18.54243333,8.5813,50.05873333,54.0761
1778,60.53466667,69.15216667,71.52106667,68.54526667,18.54406667,8.584266667,50.07686667,54.08533333
1779,60.56073333,69.1731,71.5388,68.57036667,18.54566667,8.5875,50.0947,54.09753333
1780,60.5874,69.19353333,71.55623333,68.59583333,18.54753333,8.5902,50.11053333,54.11266667
1781,60.61866667,69.21476667,71.57503333,68.62496667,18.55003333,8.592533333,50.12416667,54.13433333
1782,60.6506,69.23466667,71.593,68.65446667,18.5527,8.594633333,50.1364,54.15866667
1783,60.67513333,69.25046667,71.60623333,68.6778,18.55453333,8.596133333,50.14773333,54.1781
1784,60.68433333,69.25866667,71.6105,68.68783333,18.55463333,8.596433333,50.15796667,54.186
1785,60.68013333,69.2593,71.60636667,68.6858,18.55316667,8.595333333,50.16663333,54.18443333
1786,60.67336667,69.25916667,71.6011,68.68286667,18.5516,8.5945,50.17526667,54.18133333
1787,60.67476667,69.265,71.60223333,68.6908,18.5513,8.595566667,50.1857,54.1847
1788,60.685,69.27643333,71.60963333,68.71246667,18.5531,8.599233333,50.1989,54.19513333
1789,60.6996,69.2916,71.62093333,68.7405,18.55563333,8.604133333,50.21306667,54.2091
1790,60.7163,69.31076667,71.63556667,68.7674,18.55706667,8.6081,50.22563333,54.22443333
1791,60.7353,69.33736667,71.65526667,68.7899,18.55623333,8.609933333,50.2358,54.24106667
1792,60.75796667,69.37176667,71.68066667,68.8116,18.55383333,8.610566667,50.2449,54.2602
1793,60.7791,69.4029,71.70466667,68.83016667,18.5509,8.610466667,50.2511,54.27783333
1794,60.79323333,69.41933333,71.72006667,68.8429,18.54853333,8.610066667,50.25223333,54.28976667
1795,60.79796667,69.4169,71.72436667,68.8461,18.54633333,8.608633333,50.24456667,54.294
1796,60.79926667,69.4068,71.7245,68.84603333,18.54423333,8.606966667,50.23423333,54.2953
1797,60.80436667,69.4022,71.7286,68.85143333,18.5424,8.606266667,50.22993333,54.2993
1798,60.81823333,69.4116,71.74236667,68.8687,18.54086667,8.607566667,50.23786667,54.30996667
1799,60.8375,69.42876667,71.76206667,68.89393333,18.53943333,8.610166667,50.254,54.32453333
1800,60.8587,69.4491,71.78326667,68.9213,18.53856667,8.613333333,50.2734,54.34043333
1801,60.87883333,69.46873333,71.80186667,68.94556667,18.5385,8.6163,50.29163333,54.35523333
1802,60.90166667,69.49246667,71.82046667,68.97036667,18.53946667,8.619533333,50.3126,54.371
1803,60.92336667,69.51546667,71.83746667,68.99326667,18.541,8.622766667,50.3331,54.386
1804,60.93733333,69.52923333,71.84896667,69.00866667,18.54246667,8.6253,50.34663333,54.3967
1805,60.93663333,69.52606667,71.85076667,69.00976667,18.54326667,8.626333333,50.34816667,54.3993
1806,60.92543333,69.51103333,71.8453,69.00036667,18.54386667,8.626266667,50.34143333,54.396
1807,60.9157,69.49606667,71.8402,68.9933,18.5447,8.626766667,50.33293333,54.3937
1808,60.9187,69.4921,71.84253333,69.00093333,18.54633333,8.629233333,50.3288,54.39876667
1809,60.93386667,69.49803333,71.8516,69.0237,18.54896667,8.634166667,50.3278,54.4111
1810,60.95413333,69.50793333,71.8636,69.05203333,18.5519,8.6397,50.3275,54.4263
1811,60.97276667,69.51666667,71.87526667,69.0763,18.55423333,8.644,50.3261,54.43996667
1812,60.98913333,69.52366667,71.88743333,69.09406667,18.55566667,8.646533333,50.32256667,54.4514
1813,61.00516667,69.53046667,71.90033333,69.10913333,18.5566,8.6481,50.3179,54.46203333
1814,61.0186,69.53533333,71.91023333,69.12116667,18.55726667,8.6487,50.31373333,54.471
1815,61.02633333,69.536,71.91273333,69.12876667,18.5577,8.647966667,50.31093333,54.4769
1816,61.02636667,69.53076667,71.90543333,69.1291,18.55786667,8.645466667,50.30756667,54.47783333
1817,61.02586667,69.5252,71.8976,69.1292,18.55776667,8.6425,50.30666667,54.479
1818,61.03296667,69.52573333,71.89996667,69.13733333,18.55756667,8.640533333,50.31196667,54.48623333
1819,61.04943333,69.5332,71.9159,69.15556667,18.55696667,8.640166667,50.32613333,54.5011
1820,61.07153333,69.54516667,71.9396,69.1799,18.5563,8.640466667,50.34583333,54.52073333
1821,61.09723333,69.56083333,71.96626667,69.208,18.556,8.640633333,50.36596667,54.543
1822,61.12576667,69.58043333,71.9926,69.2389,18.5565,8.639833333,50.38273333,54.56706667
1823,61.15953333,69.6054,72.02163333,69.27496667,18.5577,8.638233333,50.39833333,54.5952
1824,61.19403333,69.63216667,72.05113333,69.31206667,18.55936667,8.6366,50.41316667,54.62336667
1825,61.22413333,69.65653333,72.07793333,69.3452,18.5615,8.635633333,50.4272,54.647
1826,61.246,69.67776667,72.10003333,69.37146667,18.5643,8.635,50.44016667,54.6627
1827,61.26553333,69.6981,72.12073333,69.39566667,18.56756667,8.634833333,50.45236667,54.6758
1828,61.291,69.71966667,72.1445,69.42446667,18.57096667,8.635933333,50.46453333,54.69353333
1829,61.32943333,69.7438,72.1746,69.46346667,18.57436667,8.639466667,50.47696667,54.72203333
1830,61.37813333,69.76973333,72.20936667,69.5108,18.57806667,8.6455,50.48936667,54.75886667
1831,61.4301,69.79706667,72.2468,69.56,18.5815,8.6514,50.50183333,54.79823333
1832,61.47893333,69.82566667,72.28533333,69.60526667,18.58426667,8.6547,50.5143,54.83473333
1833,61.52753333,69.85556667,72.32716667,69.6495,18.58666667,8.6556,50.52626667,54.87033333
1834,61.57493333,69.88673333,72.36996667,69.69143333,18.58846667,8.654933333,50.53836667,54.9049
1835,61.61726667,69.91906667,72.40976667,69.72753333,18.5892,8.653166667,50.5518,54.9364
1836,61.6494,69.9516,72.44273333,69.75126667,18.58783333,8.649666667,50.56573333,54.9613
1837,61.67273333,69.98413333,72.4705,69.76393333,18.5845,8.644066667,50.57953333,54.98026667
1838,61.6979,70.02033333,72.49896667,69.78046667,18.58186667,8.639266667,50.598,55.0017
1839,61.73513333,70.06403333,72.53396667,69.81563333,18.5825,8.637833333,50.62633333,55.03386667
1840,61.7853,70.11793333,72.57653333,69.8704,18.58643333,8.639466667,50.66696667,55.0785
1841,61.83993333,70.17476667,72.62096667,69.93283333,18.59186667,8.6429,50.7121,55.127
1842,61.89016667,70.22573333,72.66116667,69.9908,18.59723333,8.647233333,50.7525,55.1703
1843,61.93423333,70.26806667,72.69583333,70.04236667,18.60213333,8.652966667,50.7847,55.20626667
1844,61.97536667,70.30563333,72.7273,70.09166667,18.60716667,8.659933333,50.81316667,55.2385
1845,62.01236667,70.33973333,72.755,70.13536667,18.6122,8.666333333,50.84013333,55.26613333
1846,62.04323333,70.37106667,72.7776,70.16943333,18.617,8.670366667,50.8674,55.28726667
1847,62.06556667,70.39706667,72.7929,70.19163333,18.62123333,8.6721,50.89373333,55.2988
1848,62.08606667,70.422,72.80656667,70.2104,18.62576667,8.673266667,50.9198,55.30883333
1849,62.11276667,70.4508,72.82556667,70.23546667,18.6314,8.675766667,50.94666667,55.32706667
1850,62.15093333,70.4883,72.8534,70.27273333,18.63876667,8.680466667,50.97686667,55.35943333
1851,62.19373333,70.5289,72.8852,70.31446667,18.6471,8.686066667,51.00783333,55.3981
1852,62.23123333,70.5629,72.91426667,70.34976667,18.65513333,8.691133333,51.03433333,55.43183333
1853,62.257,70.58346667,72.93683333,70.3712,18.66196667,8.694633333,51.05273333,55.4535
1854,62.27593333,70.59436667,72.95613333,70.38363333,18.66803333,8.697166667,51.0652,55.46816667
1855,62.28696667,70.59866667,72.9703,70.38826667,18.67386667,8.699133333,51.0728,55.47563333
1856,62.2884,70.59833333,72.97663333,70.3851,18.6798,8.7007,51.0759,55.4747
1857,62.2759,70.5882,72.97043333,70.3689,18.68453333,8.700133333,51.0712,55.46176667
1858,62.25636667,70.5747,72.95963333,70.34713333,18.68976667,8.699866667,51.06323333,55.44256667
1859,62.23963333,70.56826667,72.95526667,70.3315,18.69803333,8.703733333,51.05943333,55.42533333
1860,62.23093333,70.57766667,72.9629,70.32973333,18.71116667,8.714466667,51.0654,55.41433333
1861,62.2255,70.5969,72.97716667,70.33573333,18.7278,8.73,51.0771,55.40563333
1862,62.22013333,70.61356667,72.99543333,70.34113333,18.7457,8.7469,51.08726667,55.3969
1863,62.21206667,70.61653333,73.0161,70.3385,18.76283333,8.762133333,51.08926667,55.38613333
1864,62.2027,70.60906667,73.04453333,70.33106667,18.77926667,8.7771,51.08503333,55.37416667
1865,62.1916,70.59343333,73.07293333,70.31863333,18.79636667,8.791733333,51.076,55.36106667
1866,62.17753333,70.56986667,73.09053333,70.29873333,18.81573333,8.805133333,51.0622,55.34623333
1867,62.16026667,70.535,73.0925,70.26823333,18.83856667,8.816233333,51.0385,55.33006667
1868,62.1403,70.49103333,73.08436667,70.22983333,18.86366667,8.8259,51.0083,55.31243333
1869,62.11703333,70.4463,73.0712,70.18956667,18.88903333,8.836666667,50.9849,55.292
1870,62.09136667,70.40793333,73.0567,70.15473333,18.91363333,8.850933333,50.97933333,55.26926667
1871,62.0654,70.37346667,73.03893333,70.12686667,18.93913333,8.8686,50.98763333,55.2472
1872,62.0327,70.3387,73.01716667,70.0915,18.96286667,8.886466667,51.0036,55.21776667
1873,61.98636667,70.30023333,72.99153333,70.03343333,18.98183333,8.901366667,51.0221,55.1722
1874,61.92983333,70.26753333,72.97273333,69.95263333,18.99453333,8.913766667,51.05433333,55.1116
1875,61.8614,70.2306,72.94806667,69.8541,19.00363333,8.924133333,51.0888,55.03753333
1876,61.7741,70.1689,72.89426667,69.73886667,19.01233333,8.9317,51.1018,54.9483
1877,61.65796667,70.0646,72.78903333,69.60156667,19.02153333,8.934666667,51.07386667,54.83843333
1878,61.5156,69.92643333,72.64206667,69.44093333,19.0297,8.933166667,51.0152,54.70823333
1879,61.36863333,69.77793333,72.48696667,69.27826667,19.0396,8.9322,50.94896667,54.57356667
1880,61.2387,69.64126667,72.35563333,69.1357,19.05456667,8.9367,50.8967,54.45003333
1881,61.12723333,69.4929,72.2236,69.00543333,19.08746667,8.960166667,50.8606,54.33393333
1882,61.001,69.28546667,72.03263333,68.82576667,19.14873333,9.0182,50.83046667,54.19896667
1883,60.836,69.05083333,71.81393333,68.59696667,19.20913333,9.077433333,50.78176667,54.0391
1884,60.6337,68.78766667,71.56736667,68.31663333,19.25953333,9.133933333,50.71096667,53.85456667
1885,60.3978,68.48043333,71.28606667,67.99766667,19.29856667,9.1859,50.60783333,53.64326667
1886,60.12173333,68.1116,70.94953333,67.64086667,19.33716667,9.236333333,50.46466667,53.39516667
1887,59.80323333,67.68223333,70.54853333,67.24456667,19.38846667,9.289733333,50.28453333,53.106
1888,59.4507,67.20963333,70.0997,66.81183333,19.44873333,9.3463,50.0777,52.7839
1889,59.08036667,66.71736667,69.63583333,66.35813333,19.5114,9.4112,49.8688,52.4444
1890,58.70936667,66.24236667,69.1942,65.91306667,19.5613,9.474733333,49.67536667,52.10896667
1891,58.3612,65.8396,68.821,65.5195,19.57896667,9.507266667,49.49743333,51.80273333
1892,58.00403333,65.4308,68.44676667,65.11613333,19.5895,9.532466667,49.31053333,51.489
1893,57.63736667,65.0147,68.07123333,64.69886667,19.5886,9.5462,49.1161,51.16996667
1894,57.26183333,64.59336667,67.69453333,64.2751,19.58446667,9.556433333,48.91183333,50.8413
1895,56.8791,64.17336667,67.32066667,63.85853333,19.58756667,9.571433333,48.6895,50.49663333
1896,56.4854,63.75183333,66.94453333,63.44956667,19.59796667,9.592466667,48.4413,50.1325
1897,56.0908,63.33383333,66.57863333,63.04016667,19.61023333,9.6118,48.1939,49.762
1898,55.704,62.9235,66.23453333,62.6212,19.62123333,9.621633333,47.97313333,49.3947
1899,55.32023333,62.5172,65.9074,62.1924,19.6328,9.622966667,47.77083333,49.02443333
1900,54.95216667,62.13123333,65.60736667,61.77636667,19.6399,9.625833333,47.5846,48.67063333
1901,54.6098,61.77566667,65.34453333,61.3845,19.6366,9.637933333,47.41493333,48.34743333
1902,54.28566667,61.44356667,65.1108,61.0096,19.62756667,9.653833333,47.26073333,48.0448
1903,53.96863333,61.13113333,64.88983333,60.65393333,19.6245,9.664366667,47.11776667,47.75013333
1904,53.6501,60.83433333,64.67233333,60.31566667,19.62943333,9.666233333,46.98316667,47.4566
1905,53.34203333,60.55906667,64.47093333,59.99786667,19.64033333,9.663733333,46.8609,47.17346667
1906,53.0623,60.3154,64.30246667,59.70853333,19.66033333,9.660133333,46.7569,46.9126
1907,52.8144,60.11026667,64.17396667,59.45346667,19.69673333,9.6517,46.67633333,46.67763333
1908,52.58743333,59.9263,64.06653333,59.21836667,19.731,9.646833333,46.6062,46.4584
1909,52.37336667,59.74616667,63.96236667,58.98873333,19.74106667,9.657433333,46.53126667,46.24563333
1910,52.17533333,59.5754,63.86696667,58.769,19.7313,9.6818,46.45426667,46.04183333
1911,51.9868,59.41176667,63.7793,58.55816667,19.71856667,9.705966667,46.38683333,45.84796667
1912,51.799,59.25196667,63.69833333,58.35233333,19.71196667,9.720566667,46.3381,45.66076667
1913,51.61636667,59.09773333,63.62463333,58.1534,19.70653333,9.7306,46.30333333,45.48176667
1914,51.4572,58.95336667,63.55613333,57.9725,19.70716667,9.737966667,46.27293333,45.32716667
1915,51.3322,58.81873333,63.4934,57.8144,19.7212,9.741233333,46.245,45.20823333
1916,51.23153333,58.69526667,63.43543333,57.6757,19.74013333,9.742466667,46.22046667,45.11403333
1917,51.14386667,58.5889,63.3775,57.55606667,19.746,9.748633333,46.19373333,45.0288
1918,51.07356667,58.50056667,63.3171,57.45986667,19.7349,9.762333333,46.16116667,44.95443333
1919,51.0115,58.42626667,63.26046667,57.37613333,19.71906667,9.776433333,46.13223333,44.88836667
1920,50.9423,58.36313333,63.21456667,57.29133333,19.7092,9.783366667,46.11813333,44.8231
1921,50.86543333,58.31313333,63.17903333,57.2073,19.702,9.784333333,46.11826667,44.75803333
1922,50.80056667,58.27196667,63.14886667,57.1315,19.69996667,9.7821,46.1244,44.70473333
1923,50.76213333,58.23483333,63.11933333,57.0683,19.709,9.7775,46.1311,44.6735
1924,50.7425,58.2039,63.09253333,57.0152,19.72603333,9.7701,46.1409,44.65873333
1925,50.73456667,58.18393333,63.0767,56.9712,19.73633333,9.7636,46.15536667,44.64873333
1926,50.73843333,58.18026667,63.0784,56.936,19.73036667,9.7585,46.17623333,44.63753333
1927,50.7532,58.1871,63.09083333,56.9102,19.7177,9.754933333,46.20153333,44.63116667
1928,50.77033333,58.1929,63.10246667,56.89383333,19.71146667,9.7559,46.22693333,44.6353
1929,50.78723333,58.1948,63.1116,56.88453333,19.71146667,9.762233333,46.252,44.647
1930,50.8111,58.20103333,63.12386667,56.88706667,19.71583333,9.7714,46.27833333,44.67143333
1931,50.8505,58.21926667,63.14406667,56.90876667,19.72666667,9.781833333,46.30646667,44.71863333
1932,50.90653333,58.24806667,63.17173333,56.95136667,19.74713333,9.795733333,46.33543333,44.79186667
1933,50.9664,58.28653333,63.20403333,57.00086667,19.76153333,9.8055,46.3695,44.86766667
1934,51.01976667,58.3373,63.24123333,57.04726667,19.75513333,9.804266667,46.41333333,44.92793333
1935,51.07163333,58.39876667,63.28313333,57.09546667,19.73543333,9.7955,46.46453333,44.9817
1936,51.12993333,58.45943333,63.31966667,57.14646667,19.7192,9.7858,46.5162,45.0375
1937,51.19526667,58.51016667,63.34146667,57.1986,19.71103333,9.775766667,46.56456667,45.09546667
1938,51.2686,58.56083333,63.35883333,57.25446667,19.7082,9.7659,46.6135,45.15716667
1939,51.3586,58.628,63.39036667,57.32193333,19.7171,9.762533333,46.6677,45.23336667
1940,51.47133333,58.7164,63.43886667,57.40413333,19.74443333,9.767633333,46.7292,45.3281
1941,51.59036667,58.8116,63.4944,57.49186667,19.7725,9.775666667,46.79226667,45.42953333
1942,51.69883333,58.89943333,63.5497,57.57596667,19.7816,9.781933333,46.85073333,45.52686667
1943,51.80123333,58.98303333,63.6068,57.6589,19.77673333,9.7883,46.90563333,45.62416667
1944,51.90236667,59.07016667,63.66633333,57.743,19.76633333,9.792366667,46.9625,45.71786667
1945,52.0029,59.16636667,63.72863333,57.828,19.75253333,9.790833333,47.0255,45.80176667
1946,52.10256667,59.2688,63.79363333,57.91413333,19.7342,9.7854,47.09246667,45.87923333
1947,52.2094,59.37223333,63.85933333,58.0084,19.7227,9.7836,47.1601,45.96623333
1948,52.32953333,59.47596667,63.92416667,58.1159,19.72343333,9.789333333,47.2289,46.06953333
1949,52.45416667,59.58036667,63.9904,58.2293,19.72946667,9.7974,47.29756667,46.18063333
1950,52.57103333,59.68373333,64.06063333,58.33856667,19.73363333,9.801933333,47.3625,46.2917
1951,52.68083333,59.78663333,64.13356667,58.44476667,19.73703333,9.803933333,47.4241,46.40526667
1952,52.7872,59.8883,64.21156667,58.54913333,19.73963333,9.8029,47.483,46.51733333
1953,52.89086667,59.9872,64.29886667,58.6497,19.73943333,9.7956,47.53756667,46.62106667
1954,52.99023333,60.083,64.39603333,58.7453,19.73613333,9.781333333,47.5865,46.71673333
1955,53.09376667,60.18073333,64.49116667,58.848,19.73596667,9.7713,47.6421,46.81816667
1956,53.2076,60.28266667,64.57806667,58.9684,19.74513333,9.773966667,47.71386667,46.93716667
1957,53.32736667,60.3876,64.6604,59.09856667,19.75873333,9.783233333,47.7951,47.06493333
1958,53.4475,60.49736667,64.73756667,59.22386667,19.76543333,9.789533333,47.87656667,47.1842
1959,53.5683,60.61593333,64.8068,59.34193333,19.761,9.791766667,47.96133333,47.29183333
1960,53.6888,60.7354,64.87363333,59.45693333,19.75343333,9.7918,48.0429,47.3934
1961,53.8061,60.84466667,64.94473333,59.57,19.75046667,9.7886,48.10783333,47.49093333
1962,53.92093333,60.94406667,65.01703333,59.68003333,19.7505,9.781066667,48.1548,47.582
1963,54.03296667,61.04303333,65.09736667,59.79103333,19.75296667,9.775233333,48.2034,47.67543333
1964,54.14176667,61.148,65.19526667,59.9072,19.75993333,9.776666667,48.26956667,47.77963333
1965,54.24753333,61.25573333,65.30563333,60.02633333,19.77016667,9.782533333,48.34516667,47.89033333
1966,54.34983333,61.36533333,65.40773333,60.14386667,19.77486667,9.787266667,48.41663333,47.9987
1967,54.44653333,61.4792,65.49636667,60.25863333,19.76973333,9.7903,48.48123333,48.10356667
1968,54.5409,61.5934,65.5772,60.37193333,19.76043333,9.7919,48.54163333,48.20566667
1969,54.6389,61.6996,65.65013333,60.48376667,19.7531,9.7897,48.59623333,48.30166667
1970,54.73946667,61.79513333,65.70943333,60.59313333,19.7467,9.781633333,48.64073333,48.38793333
1971,54.84393333,61.8881,65.7691,60.70233333,19.74266667,9.773233333,48.6858,48.47396667
1972,54.95596667,61.9861,65.8465,60.81483333,19.7447,9.771066667,48.7448,48.57143333
1973,55.0758,62.08676667,65.93773333,60.9301,19.75253333,9.773966667,48.81533333,48.67856667
1974,55.19446667,62.18983333,66.03186667,61.04353333,19.76003333,9.7761,48.8851,48.78243333
1975,55.30826667,62.2982,66.12536667,61.15233333,19.76423333,9.7742,48.94726667,48.87466667
1976,55.41896667,62.4089,66.21936667,61.25826667,19.76683333,9.7704,49.0061,48.96106667
1977,55.5219,62.51056667,66.3056,61.3623,19.76683333,9.7663,49.0624,49.04776667
1978,55.61216667,62.59686667,66.38,61.46336667,19.76306667,9.7612,49.1136,49.13456667
1979,55.69943333,62.68,66.4502,61.5637,19.75796667,9.7567,49.16506667,49.2223
1980,55.79673333,62.77496667,66.52523333,61.66743333,19.75483333,9.756233333,49.22616667,49.3152
1981,55.90383333,62.88113333,66.60483333,61.77526667,19.75346667,9.760433333,49.29806667,49.41433333
1982,56.0089,62.98606667,66.6807,61.87996667,19.75166667,9.762966667,49.36633333,49.51023333
1983,56.1034,63.08193333,66.74546667,61.97556667,19.7469,9.758333333,49.41926667,49.59513333
1984,56.19163333,63.17263333,66.80293333,62.0651,19.74056667,9.749366667,49.46283333,49.67296667
1985,56.2778,63.25703333,66.86336667,62.15396667,19.73803333,9.741766667,49.50646667,49.74936667
1986,56.36296667,63.33196667,66.9305,62.24333333,19.7427,9.7367,49.55233333,49.82496667
1987,56.4462,63.40253333,66.99983333,62.3322,19.74986667,9.733166667,49.59826667,49.89956667
1988,56.52833333,63.47726667,67.0678,62.42183333,19.7535,9.732233333,49.64453333,49.9757
1989,56.6114,63.5556,67.13506667,62.51426667,19.7545,9.7348,49.6924,50.05563333
1990,56.6887,63.63546667,67.2015,62.6024,19.75273333,9.7376,49.73766667,50.131
1991,56.7517,63.7175,67.2667,62.67833333,19.74586667,9.7374,49.77593333,50.19223333
1992,56.80286667,63.80203333,67.331,62.7447,19.73433333,9.735366667,49.80876667,50.24236667
1993,56.85756667,63.88023333,67.39356667,62.81,19.7267,9.7336,49.84013333,50.294
1994,56.92556667,63.94806667,67.4561,62.88013333,19.72783333,9.733333333,49.87196667,50.3538
1995,56.99693333,64.00856667,67.51583333,62.94883333,19.7333,9.733266667,49.90246667,50.41566667
1996,57.05886667,64.0627,67.56576667,63.00733333,19.73863333,9.7316,49.93063333,50.4744
1997,57.1139,64.1104,67.60596667,63.05573333,19.74543333,9.727733333,49.9569,50.5329
1998,57.15933333,64.15206667,67.6395,63.09796667,19.75013333,9.724433333,49.98036667,50.5841
1999,57.18883333,64.1879,67.6669,63.1356,19.74786667,9.7247,49.99973333,50.61866667
2000,57.2041,64.21766667,67.68746667,63.16763333,19.74026667,9.727633333,50.01543333,50.63946667
2001,57.2188,64.24283333,67.70873333,63.20063333,19.7333,9.7281,50.02966667,50.66033333
2002,57.2399,64.26293333,67.7345,63.24096667,19.729,9.722566667,50.04356667,50.68876667
2003,57.26123333,64.27896667,67.76153333,63.2816,19.72596667,9.7146,50.05616667,50.71783333
2004,57.2774,64.29453333,67.78773333,63.3093,19.72473333,9.709233333,50.0669,50.74043333
2005,57.2898,64.31063333,67.81553333,63.3221,19.72716667,9.707066667,50.0766,50.75726667
2006,57.29553333,64.3243,67.83916667,63.32686667,19.7287,9.705866667,50.08323333,50.76773333
2007,57.28906667,64.33346667,67.85106667,63.32816667,19.72343333,9.703866667,50.0846,50.76876667
2008,57.2707,64.33903333,67.85256667,63.324,19.71216667,9.701633333,50.0812,50.76003333
2009,57.2491,64.33733333,67.84913333,63.3175,19.70243333,9.699266667,50.0729,50.75026667
2010,57.22966667,64.32506667,67.84176667,63.31346667,19.69823333,9.696433333,50.05813333,50.7463
2011,57.20763333,64.30596667,67.83073333,63.3064,19.69613333,9.6936,50.03906667,50.74133333
2012,57.17713333,64.28613333,67.82053333,63.285,19.693,9.6927,50.02103333,50.72383333
2013,57.13716667,64.2681,67.8139,63.2464,19.6879,9.6948,50.00536667,50.69106667
2014,57.09116667,64.24473333,67.80343333,63.19923333,19.6835,9.696733333,49.98763333,50.6517
2015,57.042,64.2087,67.78093333,63.1499,19.6821,9.694366667,49.96336667,50.61343333
2016,56.9886,64.16153333,67.74793333,63.0956,19.6832,9.688233333,49.9335,50.5739
2017,56.93173333,64.10706667,67.7113,63.04223333,19.68543333,9.6842,49.90106667,50.53273333
2018,56.87483333,64.04483333,67.67383333,62.9968,19.68986667,9.6861,49.86716667,50.49193333
2019,56.81393333,63.97676667,67.63366667,62.9517,19.6947,9.690266667,49.83123333,50.44896667
2020,56.74003333,63.91006667,67.5906,62.89233333,19.6942,9.691566667,49.7941,50.39783333
2021,56.65123333,63.84856667,67.54576667,62.81726667,19.68786667,9.6902,49.75786667,50.33906667
2022,56.5537,63.7817,67.49643333,62.7324,19.67786667,9.686366667,49.7169,50.27203333
2023,56.4518,63.6972,67.439,62.6407,19.6644,9.678166667,49.6636,50.19406667
2024,56.3434,63.59706667,67.37403333,62.54026667,19.64633333,9.665166667,49.59903333,50.10493333
2025,56.23356667,63.4942,67.30566667,62.4369,19.63193333,9.655733333,49.53286667,50.0111
2026,56.1259,63.39413333,67.2335,62.333,19.62556667,9.653833333,49.46956667,49.9135
2027,56.017,63.29313333,67.15946667,62.22726667,19.62363333,9.656266667,49.40603333,49.81293333
2028,55.90226667,63.19116667,67.09203333,62.1212,19.62386667,9.661333333,49.34156667,49.7162
2029,55.78093333,63.0897,67.0341,62.0173,19.628,9.671833333,49.27696667,49.62486667
2030,55.65516667,62.98476667,66.9766,61.90853333,19.63176667,9.680566667,49.21026667,49.53386667
2031,55.52753333,62.87296667,66.91376667,61.7877,19.63023333,9.678566667,49.13923333,49.44133333
2032,55.39766667,62.7558,66.84826667,61.6576,19.62516667,9.668766667,49.0647,49.34876667
2033,55.25843333,62.63076667,66.7703,61.5209,19.61866667,9.660233333,48.9878,49.24336667
2034,55.10113333,62.492,66.6702,61.37406667,19.60993333,9.656,48.90636667,49.1142
2035,54.93616667,62.34703333,66.5586,61.22276667,19.6007,9.654366667,48.82383333,48.97316667
2036,54.78333333,62.21273333,66.45423333,61.08313333,19.59683333,9.657366667,48.74943333,48.83976667
2037,54.64496667,62.09153333,66.3578,60.95863333,19.5997,9.6667,48.68646667,48.71466667
2038,54.50573333,61.9686,66.26003333,60.83133333,19.6024,9.676133333,48.6205,48.58843333
2039,54.35406667,61.8305,66.15276667,60.68513333,19.59873333,9.6801,48.53723333,48.4548
2040,54.19433333,61.68193333,66.03886667,60.52576667,19.591,9.6807,48.4416,48.316
2041,54.0267,61.53506667,65.92996667,60.36326667,19.58236667,9.678533333,48.3477,48.1739
2042,53.84783333,61.39473333,65.8307,60.19963333,19.57256667,9.672,48.25913333,48.0269
2043,53.66366667,61.25536667,65.7358,60.03393333,19.5628,9.6641,48.17273333,47.8782
2044,53.4847,61.112,65.6415,59.86843333,19.55683333,9.660466667,48.08923333,47.73436667
2045,53.31026667,60.9647,65.5505,59.70223333,19.55536667,9.661533333,48.01026667,47.59563333
2046,53.1379,60.81526667,65.45533333,59.53736667,19.55406667,9.663333333,47.92983333,47.45813333
2047,52.96636667,60.66343333,65.34663333,59.376,19.54863333,9.662866667,47.84093333,47.3191
2048,52.79633333,60.5097,65.22963333,59.2171,19.54133333,9.661566667,47.7474,47.17993333
2049,52.63046667,60.3615,65.12016667,59.05996667,19.53863333,9.661966667,47.66223333,47.04226667
2050,52.4711,60.2244,65.02336667,58.9058,19.54476667,9.665033333,47.59273333,46.90743333
2051,52.3135,60.0876,64.9302,58.75196667,19.5514,9.6689,47.52486667,46.77273333
2052,52.15243333,59.9367,64.8326,58.59406667,19.548,9.672133333,47.44153333,46.63463333
2053,51.98923333,59.77096667,64.73186667,58.4319,19.53516667,9.6761,47.34376667,46.49383333
2054,51.8223,59.6092,64.63003333,58.271,19.52053333,9.675433333,47.2442,46.35063333
2055,51.64713333,59.4637,64.5276,58.11573333,19.50693333,9.663766667,47.14886667,46.20323333
2056,51.4682,59.3267,64.4242,57.96303333,19.4935,9.646466667,47.05493333,46.05363333
2057,51.2989,59.19163333,64.31943333,57.80783333,19.48513333,9.636066667,46.96623333,45.9099
2058,51.1401,59.06093333,64.2138,57.6483,19.48346667,9.6328,46.88463333,45.7733
2059,50.98806667,58.92893333,64.10613333,57.4895,19.48363333,9.6347,46.8048,45.6396
2060,50.84223333,58.786,63.9932,57.33563333,19.48096667,9.643566667,46.72046667,45.5052
2061,50.70396667,58.63303333,63.87433333,57.18506667,19.47676667,9.660333333,46.6328,45.37093333
2062,50.5652,58.48673333,63.76433333,57.0412,19.47226667,9.673166667,46.54806667,45.24006667
2063,50.4225,58.35616667,63.67336667,56.9085,19.46736667,9.675633333,46.47,45.11423333
2064,50.27813333,58.2337,63.59166667,56.7815,19.4625,9.673,46.39513333,44.992
2065,50.13126667,58.1127,63.5067,56.64976667,19.45983333,9.6687,46.31913333,44.87216667
2066,49.9799,57.99453333,63.41823333,56.51323333,19.4614,9.661533333,46.2407,44.7559
2067,49.83166667,57.87716667,63.33206667,56.37643333,19.45906667,9.6544,46.16626667,44.63933333
2068,49.69323333,57.75853333,63.25163333,56.2415,19.44413333,9.6499,46.10256667,44.51806667
2069,49.5614,57.63943333,63.1754,56.1076,19.42126667,9.6469,46.04596667,44.39443333
2070,49.43266667,57.5196,63.10273333,55.9775,19.40336667,9.645933333,45.98653333,44.27426667
2071,49.30553333,57.39716667,63.0361,55.8496,19.3919,9.647533333,45.9217,44.1558
2072,49.18303333,57.27606667,62.96993333,55.7279,19.38506667,9.6505,45.85573333,44.04366667
2073,49.0685,57.1607,62.89583333,55.6199,19.3845,9.653933333,45.79116667,43.94643333
2074,48.961,57.04946667,62.81503333,55.5247,19.39046667,9.658433333,45.7271,43.86263333
2075,48.8601,56.9458,62.73726667,55.4305,19.39606667,9.660866667,45.6654,43.7836
2076,48.76653333,56.85093333,62.66466667,55.32906667,19.3981,9.6585,45.60596667,43.707
2077,48.67896667,56.76396667,62.5969,55.2281,19.39883333,9.654266667,45.54936667,43.63343333
2078,48.59396667,56.68566667,62.54013333,55.1379,19.39906667,9.653066667,45.49883333,43.5583
2079,48.50923333,56.61603333,62.49703333,55.05776667,19.39893333,9.655833333,45.45463333,43.47766667
2080,48.43196667,56.55583333,62.46016667,54.98903333,19.3978,9.6597,45.416,43.4032
2081,48.37156667,56.5078,62.42293333,54.93886667,19.39486667,9.662666667,45.38306667,43.34866667
2082,48.32513333,56.47126667,62.38776667,54.9053,19.39033333,9.665433333,45.3559,43.30953333
2083,48.27493333,56.435,62.35493333,54.86296667,19.38576667,9.667966667,45.33153333,43.26813333
2084,48.21403333,56.39753333,62.3257,54.80006667,19.38153333,9.671133333,45.3096,43.218
2085,48.1504,56.35886667,62.2979,54.7312,19.3772,9.673233333,45.29006667,43.16613333
2086,48.08943333,56.31386667,62.26843333,54.6701,19.37183333,9.670966667,45.2726,43.11616667
2087,48.02873333,56.2623,62.23823333,54.61346667,19.36463333,9.664166667,45.2588,43.06626667
2088,47.97573333,56.21106667,62.20543333,54.5645,19.3607,9.6569,45.24053333,43.02286667
2089,47.93766667,56.1622,62.1657,54.52893333,19.36426667,9.65,45.20956667,42.99393333
2090,47.9091,56.11573333,62.12316667,54.50173333,19.37233333,9.643966667,45.1723,42.97293333
2091,47.8797,56.08053333,62.0905,54.47013333,19.37953333,9.645666667,45.14186667,42.9445
2092,47.8487,56.0599,62.07036667,54.43156667,19.38663333,9.6592,45.1182,42.90453333
2093,47.8191,56.04366667,62.0544,54.39456667,19.3918,9.6723,45.10113333,42.86606667
2094,47.79173333,56.024,62.0371,54.3649,19.39113333,9.6743,45.09526667,42.83903333
2095,47.76626667,56.00413333,62.02066667,54.34003333,19.38693333,9.67,45.09746667,42.81896667
2096,47.7436,55.98376667,62.00536667,54.31953333,19.38743333,9.663533333,45.09173333,42.80303333
2097,47.72416667,55.96333333,61.99023333,54.30503333,19.39533333,9.652433333,45.07246667,42.7924
2098,47.70696667,55.9418,61.97736667,54.29296667,19.40586667,9.6428,45.05006667,42.78403333
2099,47.69133333,55.917,61.9712,54.2794,19.41593333,9.644766667,45.0335,42.77396667
2100,47.67773333,55.88913333,61.97196667,54.26573333,19.42713333,9.656833333,45.02033333,42.76346667
2101,47.66326667,55.86213333,61.96596667,54.2479,19.43283333,9.668066667,45.01043333,42.7499
2102,47.645,55.83853333,61.94363333,54.2199,19.42693333,9.6735,45.00553333,42.72826667
2103,47.62626667,55.81603333,61.9143,54.18906667,19.41623333,9.677,45.00313333,42.70493333
2104,47.61266667,55.79113333,61.89063333,54.16913333,19.41186667,9.6803,44.99706667,42.6926
2105,47.6034,55.7624,61.87156667,54.15866667,19.41296667,9.683433333,44.98683333,42.69023333
2106,47.59926667,55.7366,61.8558,54.1573,19.41816667,9.6858,44.97683333,42.6965
2107,47.60163333,55.7159,61.8417,54.16856667,19.42896667,9.686866667,44.96676667,42.71376667
2108,47.61006667,55.70093333,61.83106667,54.19013333,19.4441,9.686866667,44.95826667,42.74026667
2109,47.62466667,55.70793333,61.8342,54.20936667,19.4556,9.685566667,44.96893333,42.7653
2110,47.64566667,55.74393333,61.8532,54.22503333,19.4632,9.681166667,45.00496667,42.78706667
2111,47.6718,55.78783333,61.88103333,54.24066667,19.46796667,9.678866667,45.0477,42.81036667
2112,47.70333333,55.8222,61.9168,54.25813333,19.46856667,9.685166667,45.0819,42.8381
2113,47.74043333,55.85353333,61.96146667,54.27666667,19.4654,9.698,45.11326667,42.86916667
2114,47.775,55.8754,61.98876667,54.29626667,19.46486667,9.708433333,45.13723333,42.9056
2115,47.8021,55.8817,61.98513333,54.3166,19.4694,9.715066667,45.1489,42.9507
2116,47.82896667,55.8819,61.96813333,54.3383,19.47646667,9.717766667,45.15583333,42.9988
2117,47.86363333,55.88873333,61.9551,54.36136667,19.4854,9.711833333,45.16866667,43.042
2118,47.90416667,55.89973333,61.94213333,54.38523333,19.49706667,9.6973,45.18576667,43.082
2119,47.94963333,55.90866667,61.9276,54.41553333,19.50403333,9.686066667,45.19826667,43.12146667
2120,48.0004,55.90913333,61.90936667,54.45446667,19.49743333,9.6828,45.1993,43.1568
2121,48.05593333,55.9088,61.8905,54.5008,19.48786667,9.6846,45.19633333,43.19426667
2122,48.11573333,55.92266667,61.87876667,54.55656667,19.4955,9.6927,45.2011,43.25156667
2123,48.18306667,55.95223333,61.8756,54.62623333,19.52403333,9.709733333,45.21343333,43.33286667
2124,48.2453,55.98603333,61.87243333,54.6915,19.5513,9.725266667,45.22996667,43.41523333
2125,48.29446667,56.02233333,61.868,54.74153333,19.5641,9.7329,45.2519,43.48703333
2126,48.33466667,56.05886667,61.86053333,54.7812,19.56933333,9.735666667,45.27693333,43.5528
2127,48.36486667,56.07526667,61.83466667,54.80536667,19.5674,9.730966667,45.29586667,43.6028
2128,48.38316667,56.06906667,61.78906667,54.80993333,19.5548,9.715833333,45.31223333,43.6327
2129,48.39456667,56.04746667,61.72733333,54.80616667,19.5417,9.698933333,45.31503333,43.65526667
2130,48.4034,56.01263333,61.65143333,54.80343333,19.53856667,9.6866,45.2902,43.68093333
2131,48.40803333,55.96463333,61.56086667,54.7979,19.54043333,9.6765,45.2453,43.7053
2132,48.40896667,55.91183333,61.45373333,54.78903333,19.5397,9.6728,45.1965,43.72593333
2133,48.40696667,55.85626667,61.3314,54.7777,19.53403333,9.679966667,45.14936667,43.74126667
2134,48.40003333,55.79406667,61.18873333,54.7614,19.5276,9.688566667,45.09266667,43.7546
2135,48.3866,55.72063333,61.01633333,54.73783333,19.52433333,9.688,45.0143,43.7702
2136,48.36733333,55.63766667,60.8176,54.70793333,19.52306667,9.6817,44.91826667,43.78683333
2137,48.3403,55.55726667,60.61346667,54.66993333,19.51726667,9.675633333,44.82403333,43.79936667
2138,48.2985,55.4779,60.39763333,54.61603333,19.50383333,9.6719,44.7335,43.80526667
2139,48.25466667,55.40686667,60.18896667,54.5606,19.48666667,9.667966667,44.649,43.8079
2140,48.22643333,55.35913333,60.0219,54.5235,19.46943333,9.6626,44.58,43.80883333
2141,48.2085,55.33063333,59.88633333,54.4988,19.45086667,9.656233333,44.52316667,43.8062
2142,48.207,55.3208,59.78966667,54.49303333,19.43466667,9.647033333,44.48406667,43.81473333
2143,48.22636667,55.3272,59.7366,54.51186667,19.42253333,9.6326,44.464,43.84183333
2144,48.26336667,55.35513333,59.7258,54.5504,19.4136,9.6158,44.46453333,43.88233333
2145,48.31623333,55.4192,59.76263333,54.60283333,19.40906667,9.6012,44.49473333,43.93476667
2146,48.3871,55.52356667,59.85233333,54.67103333,19.40986667,9.587533333,44.55743333,44.00093333
2147,48.46403333,55.62833333,59.9552,54.7477,19.40973333,9.577733333,44.62556667,44.07076667
2148,48.54266667,55.7103,60.0517,54.83253333,19.40366667,9.576233333,44.68456667,44.13993333
2149,48.62333333,55.78156667,60.1493,54.9225,19.3954,9.579166667,44.74126667,44.20933333
2150,48.69443333,55.84076667,60.2312,54.99953333,19.3903,9.5775,44.79096667,44.2709
2151,48.7576,55.88996667,60.30276667,55.06546667,19.3896,9.571666667,44.83653333,44.3256
2152,48.80976667,55.92133333,60.3472,55.11803333,19.38683333,9.563033333,44.86733333,44.37166667
2153,48.84786667,55.92796667,60.35003333,55.15443333,19.37806667,9.551333333,44.8749,44.40696667
2154,48.8735,55.9147,60.31986667,55.1759,19.36526667,9.537033333,44.8641,44.43263333
2155,48.88616667,55.88843333,60.2625,55.18086667,19.34786667,9.522266667,44.83693333,44.4487
2156,48.88433333,55.8473,60.1737,55.16816667,19.32493333,9.5065,44.791,44.45456667
2157,48.87506667,55.7976,60.07036667,55.1444,19.30046667,9.491266667,44.73626667,44.4537
2158,48.86263333,55.74186667,59.96363333,55.11216667,19.27726667,9.4787,44.67843333,44.44786667
2159,48.84563333,55.6802,59.84946667,55.07103333,19.25426667,9.467666667,44.61573333,44.43656667
2160,48.8302,55.62736667,59.74123333,55.03323333,19.23393333,9.454966667,44.55856667,44.42506667
2161,48.81583333,55.58283333,59.63883333,54.99676667,19.21746667,9.4403,44.50693333,44.4123
2162,48.80423333,55.5486,59.54306667,54.96786667,19.20136667,9.424766667,44.46106667,44.4017
2163,48.7966,55.5278,59.45466667,54.95416667,19.18276667,9.408333333,44.42236667,44.39713333
2164,48.7929,55.51943333,59.3743,54.95226667,19.16286667,9.391266667,44.39023333,44.3971
2165,48.79763333,55.5267,59.3108,54.95986667,19.14196667,9.376733333,44.36476667,44.403
2166,48.81076667,55.5509,59.26096667,54.97603333,19.1194,9.3653,44.34443333,44.41503333
2167,48.8326,55.58796667,59.2351,55.0032,19.09733333,9.354933333,44.33383333,44.43263333
2168,48.86506667,55.63613333,59.24536667,55.04446667,19.0783,9.345166667,44.33683333,44.4559
2169,48.907,55.69536667,59.28593333,55.09786667,19.06096667,9.335666667,44.3519,44.48453333
2170,48.95396667,55.75816667,59.34743333,55.1565,19.04333333,9.321566667,44.37896667,44.51743333
2171,49.0053,55.82396667,59.43306667,55.22053333,19.02546667,9.3026,44.4187,44.55416667
2172,49.06226667,55.8939,59.53213333,55.28896667,19.0069,9.280033333,44.46813333,44.59513333
2173,49.12706667,55.9708,59.6358,55.35976667,18.98586667,9.252833333,44.52653333,44.64143333
2174,49.19903333,56.05373333,59.74736667,55.43376667,18.96293333,9.2213,44.59436667,44.6928
2175,49.26913333,56.12616667,59.84783333,55.51003333,18.9429,9.194733333,44.65763333,44.74296667
2176,49.33923333,56.18613333,59.93723333,55.59196667,18.9272,9.1754,44.71703333,44.7929
2177,49.4025,56.2346,60.01086667,55.67103333,18.91336667,9.159866667,44.76763333,44.83856667
2178,49.44836667,56.2684,60.05836667,55.73883333,18.8998,9.146733333,44.80016667,44.87423333
2179,49.48033333,56.28853333,60.08313333,55.79803333,18.887,9.1364,44.81766667,44.90173333
2180,49.5029,56.29993333,60.08853333,55.83776667,18.87446667,9.1255,44.82503333,44.92023333
2181,49.5139,56.30206667,60.0726,55.85356667,18.86253333,9.113333333,44.82123333,44.92723333
2182,49.51966667,56.29716667,60.04086667,55.8536,18.85043333,9.100666667,44.80986667,44.92856667
2183,49.5284,56.289,59.99733333,55.84193333,18.83766667,9.087833333,44.7955,44.9303
2184,49.53756667,56.2763,59.9409,55.81736667,18.82436667,9.074633333,44.77666667,44.93046667
2185,49.5442,56.25646667,59.89026667,55.79626667,18.80856667,9.060233333,44.7559,44.93116667
2186,49.54556667,56.22556667,59.84433333,55.77926667,18.78943333,9.044666667,44.73086667,44.93146667
2187,49.5477,56.19263333,59.8103,55.7686,18.7684,9.027666667,44.70796667,44.93423333
2188,49.5562,56.16516667,59.80106667,55.77046667,18.74626667,9.008133333,44.69386667,44.9437
2189,49.56956667,56.1415,59.8131,55.78316667,18.72286667,8.986633333,44.68703333,44.95853333
2190,49.59313333,56.1355,59.8447,55.80693333,18.7017,8.968,44.69516667,44.97696667
2191,49.6297,56.1501,59.9,55.8437,18.68283333,8.953733333,44.72146667,44.9999
2192,49.67013333,56.17643333,59.96413333,55.8862,18.6664,8.939666667,44.7555,45.02373333
2193,49.7084,56.2121,60.02726667,55.9306,18.6543,8.922433333,44.79163333,45.0458
2194,49.7463,56.25636667,60.0918,55.97723333,18.64506667,8.903433333,44.831,45.0668
2195,49.77726667,56.29186667,60.1407,56.0144,18.63246667,8.883366667,44.86133333,45.08343333
2196,49.80206667,56.3185,60.1718,56.04256667,18.61606667,8.8615,44.88196667,45.0959
2197,49.81816667,56.33616667,60.19143333,56.05996667,18.59673333,8.840233333,44.89466667,45.10343333
2198,49.82343333,56.3429,60.2024,56.06413333,18.5741,8.822566667,44.8991,45.10493333
2199,49.81826667,56.33923333,60.20386667,56.05576667,18.5486,8.8069,44.8956,45.10086667
2200,49.79723333,56.32343333,60.19783333,56.02976667,18.5222,8.7888,44.88573333,45.09126667
2201,49.75696667,56.29576667,60.18503333,55.9838,18.49383333,8.767466667,44.86963333,45.07626667
2202,49.70766667,56.25373333,60.16223333,55.9242,18.46716667,8.7454,44.8463,45.0547
2203,49.6513,56.1911,60.126,55.8498,18.4444,8.722633333,44.813,45.0232
2204,49.59173333,56.11506667,60.07956667,55.76636667,18.4252,8.7002,44.7734,44.98583333
2205,49.55113333,56.0424,60.02853333,55.6972,18.41336667,8.683333333,44.73733333,44.95353333
2206,49.5289,55.96673333,59.96923333,55.63886667,18.41036667,8.672666667,44.70196667,44.9243
2207,49.52036667,55.9097,59.91516667,55.59796667,18.40913333,8.663966667,44.67606667,44.90323333
2208,49.5251,55.88716667,59.8755,55.58073333,18.405,8.6554,44.66893333,44.89383333
2209,49.54256667,55.89136667,59.84593333,55.58393333,18.40043333,8.6474,44.6738,44.89506667
2210,49.56883333,55.9245,59.82843333,55.60813333,18.39616667,8.637233333,44.6799,44.91083333
2211,49.60463333,55.99296667,59.8257,55.65623333,18.39203333,8.623433333,44.68926667,44.94283333
2212,49.64943333,56.06976667,59.82583333,55.71733333,18.38883333,8.613666667,44.6966,44.9836
2213,49.70603333,56.1425,59.82436667,55.7891,18.38676667,8.612966667,44.69703333,45.0322
2214,49.76853333,56.2157,59.82176667,55.86843333,18.38623333,8.616866667,44.695,45.08556667
2215,49.82553333,56.2836,59.81173333,55.9437,18.38926667,8.620633333,44.6957,45.13373333
2216,49.88013333,56.3475,59.79456667,56.01833333,18.3966,8.6252,44.69806667,45.17886667
2217,49.91996667,56.40273333,59.77456667,56.0796,18.40133333,8.629066667,44.7044,45.2155
2218,49.94006667,56.44993333,59.75576667,56.12336667,18.40003333,8.6317,44.7204,45.2408
2219,49.94513333,56.48586667,59.7322,56.15233333,18.39653333,8.633366667,44.73576667,45.25823333
2220,49.9361,56.50473333,59.69723333,56.1657,18.39386667,8.633466667,44.73763333,45.27213333
2221,49.91183333,56.50806667,59.6526,56.16326667,18.39126667,8.632066667,44.7293,45.28166667
2222,49.88116667,56.48273333,59.58846667,56.14146667,18.3899,8.629933333,44.69846667,45.2775
2223,49.84796667,56.42456667,59.50236667,56.09963333,18.391,8.626266667,44.63903333,45.2582
2224,49.806,56.34186667,59.39846667,56.03953333,18.39166667,8.6232,44.5635,45.22543333
2225,49.74943333,56.23676667,59.27596667,55.95986667,18.3888,8.622733333,44.48106667,45.17703333
2226,49.67986667,56.10896667,59.13533333,55.86096667,18.3833,8.624433333,44.38893333,45.11373333
2227,49.60193333,55.9857,58.9945,55.7548,18.37553333,8.631233333,44.30043333,45.04736667
2228,49.51866667,55.8717,58.85836667,55.64536667,18.36473333,8.6455,44.21956667,44.97913333
2229,49.4221,55.7553,58.7143,55.52276667,18.35346667,8.659866667,44.13536667,44.90733333
2230,49.3046,55.63233333,58.55436667,55.38003333,18.34333333,8.668533333,44.04183333,44.83393333
2231,49.16943333,55.50273333,58.38066667,55.21933333,18.3342,8.673666667,43.9399,44.7567
2232,49.02163333,55.3548,58.18856667,55.03933333,18.33076667,8.674033333,43.82036667,44.66676667
2233,48.86163333,55.19126667,57.9808,54.83996667,18.33486667,8.6681,43.68483333,44.56613333
2234,48.68833333,55.00543333,57.74956667,54.62446667,18.33696667,8.663033333,43.53066667,44.4495
2235,48.5015,54.78783333,57.48576667,54.3924,18.33103333,8.665,43.35083333,44.31
2236,48.30043333,54.546,57.1961,54.1456,18.31976667,8.6698,43.15223333,44.15266667
2237,48.0831,54.29446667,56.89263333,53.89283333,18.30186667,8.6717,42.95196667,43.9864
2238,47.84913333,54.03113333,56.57266667,53.63226667,18.27623333,8.671433333,42.74776667,43.8093
2239,47.60306667,53.75913333,56.2458,53.36946667,18.25266667,8.669266667,42.54066667,43.62746667
2240,47.3461,53.4826,55.91976667,53.1115,18.23486667,8.663033333,42.33523333,43.44523333
2241,47.0787,53.1958,55.58453333,52.84723333,18.21986667,8.6573,42.12366667,43.25736667
2242,46.80093333,52.8898,55.2268,52.5595,18.20736667,8.658866667,41.8938,43.05786667
2243,46.51186667,52.5655,54.84846667,52.25076667,18.19776667,8.6664,41.64763333,42.84763333
2244,46.22506667,52.2352,54.46343333,51.94296667,18.18543333,8.678466667,41.39336667,42.63046667
2245,45.94376667,51.89556667,54.06553333,51.6367,18.1679,8.697266667,41.12626667,42.40363333
2246,45.6642,51.55996667,53.6765,51.33796667,18.14953333,8.7164,40.86196667,42.17606667
2247,45.38366667,51.2431,53.31793333,51.05966667,18.13433333,8.729366667,40.61606667,41.95656667
2248,45.10383333,50.93956667,52.98243333,50.79496667,18.1203,8.7386,40.38306667,41.74223333
2249,44.8311,50.65223333,52.6823,50.52843333,18.10303333,8.743466667,40.1693,41.5371
2250,44.56616667,50.38453333,52.4253,50.25713333,18.0805,8.742933333,39.9791,41.3445
2251,44.30786667,50.1268,52.1892,49.99056667,18.05916667,8.740066667,39.8001,41.15426667
2252,44.05483333,49.8706,51.95793333,49.7348,18.04466667,8.736333333,39.6234,40.95886667
2253,43.8091,49.62143333,51.73966667,49.48633333,18.0332,8.732,39.4534,40.76226667
2254,43.57693333,49.38716667,51.53856667,49.24253333,18.01996667,8.7307,39.2912,40.56696667
2255,43.35823333,49.1679,51.35466667,49.00376667,18.00533333,8.732166667,39.13646667,40.37313333
2256,43.14706667,48.95473333,51.18396667,48.7694,17.991,8.734466667,38.99076667,40.1773
2257,42.94413333,48.74493333,51.02626667,48.53886667,17.97636667,8.735666667,38.85553333,39.97706667
2258,42.74483333,48.53993333,50.88016667,48.3129,17.9636,8.739166667,38.72866667,39.776
2259,42.5404,48.33906667,50.7431,48.09316667,17.9573,8.750033333,38.60763333,39.57693333
2260,42.33356667,48.14246667,50.6158,47.87886667,17.95573333,8.766633333,38.4933,39.3793
2261,42.1293,47.95086667,50.49666667,47.66266667,17.94963333,8.783233333,38.38793333,39.1905
2262,41.92756667,47.76626667,50.38796667,47.4427,17.9369,8.801033333,38.29313333,39.01206667
2263,41.72926667,47.58136667,50.28176667,47.22436667,17.92356667,8.815433333,38.20363333,38.8398
2264,41.5353,47.39003333,50.17213333,47.01063333,17.91146667,8.821333333,38.11863333,38.67203333
2265,41.34556667,47.19583333,50.06153333,46.8003,17.90146667,8.822433333,38.03546667,38.50896667
2266,41.1603,47.00146667,49.94856667,46.594,17.90053333,8.824933333,37.94113333,38.3477
2267,40.9781,46.80563333,49.8326,46.3912,17.9086,8.828166667,37.83586667,38.18786667
2268,40.8098,46.6168,49.71996667,46.19533333,17.91996667,8.830766667,37.73093333,38.0362
2269,40.65916667,46.4372,49.6123,46.00663333,17.9336,8.832766667,37.62636667,37.8944
2270,40.52376667,46.26693333,49.50943333,45.82653333,17.94913333,8.833666667,37.5277,37.76233333
2271,40.40466667,46.10823333,49.41296667,45.65806667,17.96513333,8.831033333,37.44646667,37.64086667
2272,40.30126667,45.9607,49.3225,45.50033333,17.98183333,8.825933333,37.379,37.52993333
2273,40.20783333,45.82913333,49.23996667,45.35206667,17.99616667,8.827433333,37.32006667,37.43546667
2274,40.12476667,45.7173,49.16873333,45.2144,18.00943333,8.837566667,37.2704,37.35866667
2275,40.04956667,45.61256667,49.0973,45.08313333,18.01676667,8.850233333,37.22643333,37.2964
2276,39.97993333,45.50906667,49.01843333,44.95426667,18.0119,8.862933333,37.18586667,37.2487
2277,39.91676667,45.40596667,48.93443333,44.83036667,18.00003333,8.875633333,37.1487,37.21376667
2278,39.85986667,45.28943333,48.84096667,44.71566667,17.99056667,8.882866667,37.11153333,37.18476667
2279,39.81006667,45.1613,48.73843333,44.6105,17.9821,8.884033333,37.0759,37.1636
2280,39.76173333,45.02113333,48.6286,44.5072,17.9764,8.889466667,37.03326667,37.1423
2281,39.7177,44.86936667,48.51286667,44.40926667,17.97636667,8.906266667,36.98166667,37.12176667
2282,39.66863333,44.70433333,48.38876667,44.30456667,17.97703333,8.923933333,36.92063333,37.09506667
2283,39.59976667,44.5208,48.25256667,44.1717,17.97223333,8.931066667,36.8444,37.04923333
2284,39.515,44.3211,48.10546667,44.01736667,17.96383333,8.930866667,36.75536667,36.98796667
2285,39.4161,44.12176667,47.9534,43.85846667,17.95443333,8.925433333,36.66763333,36.91633333
2286,39.3006,43.92013333,47.79503333,43.6937,17.94303333,8.912733333,36.5815,36.83273333
2287,39.18246667,43.72803333,47.63746667,43.52883333,17.9346,8.902433333,36.4947,36.7466
2288,39.0687,43.55423333,47.48476667,43.36833333,17.93366667,8.900833333,36.40853333,36.66286667
2289,38.9561,43.392,47.3347,43.2092,17.93553333,8.903,36.3203,36.5793
2290,38.84636667,43.2375,47.18823333,43.04883333,17.9343,8.904633333,36.22383333,36.4968
2291,38.73923333,43.092,47.0455,42.88723333,17.93123333,8.906433333,36.11996667,36.41516667
2292,38.6344,42.94386667,46.89813333,42.735,17.92536667,8.911766667,36.0182,36.33553333
2293,38.53196667,42.78823333,46.74126667,42.59406667,17.91413333,8.920966667,35.91936667,36.25763333
2294,38.43153333,42.63436667,46.5853,42.46393333,17.90426667,8.9348,35.82543333,36.18303333
2295,38.33593333,42.49143333,46.4351,42.35123333,17.90213333,8.956666667,35.7413,36.1167
2296,38.2404,42.35226667,46.2915,42.24656667,17.90383333,8.9826,35.66273333,36.05253333
2297,38.13133333,42.2045,46.1665,42.1255,17.9054,9.003333333,35.58163333,35.97486667
2298,38.01036667,42.05,46.06003333,41.9905,17.90776667,9.020533333,35.49856667,35.88546667
2299,37.87723333,41.88606667,45.9607,41.84623333,17.90676667,9.030666667,35.4172,35.78596667
2300,37.72353333,41.7045,45.86433333,41.6882,17.89743333,9.0293,35.3377,35.67223333
2301,37.56756667,41.52226667,45.77506667,41.5283,17.88856667,9.0241,35.26196667,35.55366667
2302,37.43183333,41.35913333,45.69336667,41.3831,17.891,9.023133333,35.19346667,35.4423
2303,37.3074,41.20756667,45.61986667,41.24556667,17.89963333,9.023733333,35.1306,35.33363333
2304,37.18706667,41.06206667,45.5618,41.10493333,17.90683333,9.025266667,35.07113333,35.22376667
2305,37.07013333,40.92126667,45.51926667,40.9573,17.9143,9.028466667,35.0126,35.11126667
2306,36.96313333,40.79613333,45.49356667,40.82713333,17.91373333,9.029566667,34.97046667,35.00543333
2307,36.8653,40.6867,45.4839,40.72,17.89693333,9.024766667,34.95126667,34.90823333
2308,36.78156667,40.5984,45.49236667,40.6372,17.8768,9.020266667,34.94916667,34.82056667
2309,36.7212,40.5429,45.5229,40.5895,17.8686,9.0237,34.96286667,34.74646667
2310,36.6821,40.51763333,45.57516667,40.5743,17.86786667,9.032833333,34.99263333,34.68536667
2311,36.66456667,40.5195,45.65073333,40.58433333,17.8709,9.045033333,35.0301,34.63926667
2312,36.66943333,40.54706667,45.75116667,40.61893333,17.8781,9.061566667,35.0745,34.60686667
2313,36.689,40.60296667,45.86543333,40.67746667,17.88726667,9.075333333,35.12876667,34.59186667
2314,36.71966667,40.69213333,45.99313333,40.765,17.89526667,9.079733333,35.19676667,34.5975
2315,36.7637,40.8085,46.12706667,40.87153333,17.90666667,9.081966667,35.27266667,34.62156667
2316,36.82296667,40.94573333,46.2491,40.98143333,17.92973333,9.090633333,35.3487,34.6637
2317,36.89586667,41.1036,46.36416667,41.0976,17.9616,9.103533333,35.42633333,34.7228
2318,36.9662,41.25876667,46.47696667,41.2038,17.99043333,9.120666667,35.49733333,34.78243333
2319,37.03593333,41.41513333,46.59133333,41.30043333,18.01543333,9.146266667,35.56333333,34.84333333
2320,37.09396667,41.55236667,46.69266667,41.3813,18.03753333,9.1647,35.6154,34.8995
2321,37.13193333,41.65443333,46.77336667,41.4407,18.05456667,9.1634,35.64706667,34.94873333
2322,37.1544,41.7317,46.83586667,41.4823,18.07023333,9.153733333,35.66203333,34.98743333
2323,37.1628,41.78853333,46.87646667,41.508,18.09193333,9.1465,35.66016667,35.0062
2324,37.1572,41.82513333,46.89713333,41.51796667,18.11713333,9.139233333,35.64243333,35.0079
2325,37.13613333,41.8504,46.90613333,41.51316667,18.1353,9.1369,35.61853333,34.98903333
2326,37.09536667,41.86473333,46.9027,41.4902,18.14373333,9.1403,35.58643333,34.9442
2327,37.04913333,41.86713333,46.88946667,41.46076667,18.15046667,9.148066667,35.55483333,34.89166667
2328,37.0029,41.85626667,46.8701,41.4318,18.1594,9.159233333,35.53103333,34.8381
2329,36.95863333,41.83566667,46.84053333,41.40033333,18.16883333,9.175333333,35.50973333,34.7866
2330,36.92943333,41.81183333,46.7956,41.3692,18.1811,9.201266667,35.4896,34.75353333
2331,36.91033333,41.78293333,46.73686667,41.3366,18.19463333,9.234566667,35.4696,34.73333333
2332,36.88046667,41.74573333,46.66663333,41.2888,18.1972,9.2603,35.4321,34.7075
2333,36.83996667,41.7024,46.58626667,41.2261,18.18686667,9.28,35.37663333,34.67626667
2334,36.79173333,41.64393333,46.49063333,41.15033333,18.17503333,9.288366667,35.30896667,34.64013333
2335,36.73553333,41.56216667,46.37236667,41.05813333,18.1662,9.277633333,35.22756667,34.59716667
2336,36.67206667,41.46506667,46.2411,40.95586667,18.15913333,9.2573,35.13763333,34.54956667
2337,36.60333333,41.36003333,46.109,40.85426667,18.1582,9.239766667,35.04916667,34.50156667
2338,36.5286,41.24633333,45.9741,40.7509,18.16126667,9.2223,34.96003333,34.45136667
2339,36.44473333,41.13853333,45.8492,40.64843333,18.15263333,9.208333333,34.8746,34.389
2340,36.3489,41.03663333,45.73426667,40.54416667,18.13016667,9.1978,34.79166667,34.3099
2341,36.25716667,40.93913333,45.62873333,40.45336667,18.1071,9.191033333,34.71823333,34.2406
2342,36.17143333,40.84276667,45.53503333,40.38143333,18.0872,9.186066667,34.65816667,34.18846667
2343,36.099,40.75553333,45.4479,40.3269,18.06973333,9.1883,34.608,34.1547
2344,36.0548,40.68503333,45.36,40.29453333,18.0574,9.208333333,34.56716667,34.15183333
2345,36.03196667,40.6304,45.2753,40.2805,18.0489,9.2387,34.53453333,34.17156667
2346,36.0193,40.6013,45.19956667,40.27146667,18.04116667,9.2573,34.50113333,34.18983333
2347,36.01693333,40.59696667,45.12986667,40.267,18.0338,9.265533333,34.46636667,34.2087
2348,36.03436667,40.61546667,45.09246667,40.28493333,18.03426667,9.270133333,34.4454,34.23073333
2349,36.0782,40.6616,45.1017,40.33353333,18.0467,9.270966667,34.4417,34.2562
2350,36.133,40.72013333,45.12826667,40.39676667,18.06216667,9.271133333,34.45246667,34.28446667
2351,36.18566667,40.77573333,45.1472,40.4626,18.07283333,9.275,34.47853333,34.3143
2352,36.24316667,40.83726667,45.1741,40.5373,18.08356667,9.2796,34.5186,34.34743333
2353,36.31156667,40.9138,45.22803333,40.62603333,18.10126667,9.280566667,34.56966667,34.3882
2354,36.38983333,41.0039,45.30566667,40.728,18.1248,9.278633333,34.6325,34.4359
2355,36.4711,41.10636667,45.4023,40.8393,18.14413333,9.277233333,34.70156667,34.4876
2356,36.55536667,41.226,45.52236667,40.96193333,18.15726667,9.275866667,34.7775,34.5429
2357,36.64053333,41.34303333,45.64686667,41.0868,18.1691,9.2776,34.85613333,34.60223333
2358,36.7237,41.44336667,45.7651,41.21253333,18.18103333,9.285666667,34.93563333,34.66636667
2359,36.8079,41.53676667,45.88033333,41.3328,18.1931,9.296833333,35.01483333,34.7337
2360,36.89823333,41.62903333,45.98836667,41.4298,18.206,9.308333333,35.08826667,34.80216667
2361,36.99253333,41.71926667,46.09033333,41.50926667,18.21996667,9.3203,35.1577,34.87196667
2362,37.08053333,41.8143,46.1877,41.58696667,18.2397,9.324466667,35.2291,34.93996667
2363,37.16276667,41.9157,46.28023333,41.6631,18.26603333,9.319766667,35.30326667,35.00696667
2364,37.23456667,42.01293333,46.36806667,41.73566667,18.29486667,9.311966667,35.37446667,35.06716667
2365,37.29073333,42.10453333,46.45306667,41.80536667,18.32866667,9.300733333,35.44186667,35.11833333
2366,37.34426667,42.1887,46.53033333,41.87043333,18.35746667,9.2904,35.5047,35.1638
2367,37.40816667,42.2629,46.59583333,41.92806667,18.3698,9.285766667,35.5611,35.20426667
2368,37.47313333,42.32733333,46.65086667,41.9811,18.37373333,9.284266667,35.61213333,35.2408
2369,37.52563333,42.37536667,46.6916,42.0358,18.3805,9.285133333,35.65826667,35.27793333
2370,37.5681,42.40773333,46.71843333,42.09113333,18.38816667,9.2886,35.69943333,35.3148
2371,37.6006,42.45776667,46.7562,42.143,18.39753333,9.284366667,35.73896667,35.34893333
2372,37.62006667,42.53403333,46.8108,42.18883333,18.41063333,9.267666667,35.77793333,35.3774
2373,37.63906667,42.61263333,46.86623333,42.23766667,18.4191,9.2552,35.81236667,35.4118
2374,37.6623,42.68943333,46.919,42.29493333,18.4167,9.2543,35.84196667,35.45973333
2375,37.6894,42.75783333,46.96663333,42.35426667,18.4122,9.260166667,35.86473333,35.51163333
2376,37.72643333,42.80146667,47.00023333,42.41476667,18.41296667,9.2738,35.8753,35.56273333
2377,37.76836667,42.8291,47.02523333,42.47253333,18.41693333,9.292766667,35.87753333,35.61146667
2378,37.7986,42.86023333,47.05703333,42.50253333,18.42666667,9.304533333,35.88323333,35.63933333
2379,37.8185,42.89363333,47.09526667,42.50443333,18.44283333,9.309933333,35.8916,35.6463
2380,37.8256,42.92003333,47.12606667,42.50493333,18.4539,9.312433333,35.9013,35.65056667
2381,37.8159,42.9386,47.14573333,42.50746667,18.4581,9.312766667,35.91286667,35.6557
2382,37.80576667,42.95006667,47.1647,42.50946667,18.4583,9.309633333,35.92406667,35.6551
2383,37.8044,42.95363333,47.1895,42.5124,18.45493333,9.300333333,35.93243333,35.64583333
2384,37.8081,42.94963333,47.2145,42.51366667,18.44803333,9.29,35.941,35.6297
2385,37.81893333,42.93633333,47.2354,42.5077,18.43766667,9.286166667,35.9536,35.60573333
2386,37.83496667,42.9167,47.2533,42.49843333,18.42463333,9.286033333,35.96846667,35.5767
2387,37.85103333,42.90216667,47.26553333,42.49773333,18.4128,9.287366667,35.98276667,35.55443333
2388,37.86796667,42.89093333,47.27136667,42.50526667,18.40186667,9.2915,35.9961,35.5376
2389,37.87806667,42.89496667,47.28416667,42.5118,18.3935,9.2816,36.01753333,35.53053333
2390,37.87686667,42.92163333,47.30836667,42.5131,18.38913333,9.250433333,36.0504,35.52986667
2391,37.87943333,42.94543333,47.3314,42.5226,18.38386667,9.221233333,36.08423333,35.54993333
2392,37.8935,42.95043333,47.34813333,42.54876667,18.3709,9.206833333,36.11763333,35.60776667
2393,37.9166,42.94733333,47.35833333,42.58613333,18.36073333,9.2009,36.14366667,35.68226667
2394,37.9554,42.9407,47.35676667,42.63546667,18.3672,9.2034,36.14386667,35.7504
2395,38.00253333,42.9308,47.34596667,42.69193333,18.38493333,9.213566667,36.12936667,35.81676667
2396,38.03026667,42.9263,47.32833333,42.73096667,18.41046667,9.2288,36.12896667,35.86903333
2397,38.0398,42.92713333,47.3025,42.7537,18.44576667,9.250333333,36.14146667,35.9077
2398,38.04453333,42.92273333,47.2817,42.77176667,18.46676667,9.267033333,36.15056667,35.9386
2399,38.04746667,42.91166667,47.26603333,42.78846667,18.46703333,9.279233333,36.15673333,35.96383333
2400,38.04073333,42.895,47.26173333,42.79393333,18.46236667,9.279033333,36.15013333,35.97606667
2401,38.02066667,42.87,47.27863333,42.78073333,18.457,9.256,36.12026667,35.97106667
2402,37.99116667,42.84356667,47.29803333,42.76063333,18.45196667,9.2291,36.08366667,35.9537
2403,37.95096667,42.8224,47.30313333,42.743,18.4522,9.2167,36.0549,35.9277
2404,37.9061,42.80413333,47.3005,42.7252,18.4544,9.2099,36.02756667,35.8917
2405,37.8751,42.7917,47.2898,42.7128,18.45366667,9.2023,35.99696667,35.84313333
2406,37.85476667,42.7844,47.27086667,42.70423333,18.45096667,9.194966667,35.9642,35.78236667
2407,37.8286,42.7616,47.25163333,42.67073333,18.44856667,9.184566667,35.94163333,35.72316667
2408,37.79466667,42.72203333,47.233,42.60803333,18.44756667,9.168866667,35.93246667,35.66483333
2409,37.76456667,42.6706,47.20963333,42.54086667,18.44083333,9.163233333,35.91663333,35.61456667
2410,37.74246667,42.59986667,47.17906667,42.47346667,18.42466667,9.176233333,35.88816667,35.57626667
2411,37.7218,42.53753333,47.14623333,42.40856667,18.40666667,9.190233333,35.8528,35.54353333
2412,37.70326667,42.50816667,47.11786667,42.3535,18.39083333,9.1938,35.8078,35.51406667
2413,37.67996667,42.4915,47.0846,42.30016667,18.37623333,9.194233333,35.7617,35.487
2414,37.63516667,42.46796667,47.02963333,42.23636667,18.36383333,9.197266667,35.73093333,35.46216667
2415,37.57436667,42.4427,46.95893333,42.16656667,18.35386667,9.2008,35.7106,35.43713333
2416,37.51706667,42.4175,46.89303333,42.108,18.35116667,9.199566667,35.69216667,35.38913333
2417,37.4644,42.3919,46.83023333,42.06123333,18.35663333,9.1942,35.67686667,35.31876667
2418,37.37766667,42.3728,46.77656667,42.00013333,18.34873333,9.180066667,35.6541,35.2372
2419,37.24066667,42.36856667,46.73913333,41.91566667,18.32053333,9.155,35.6255,35.14236667
2420,37.10773333,42.3445,46.6891,41.83626667,18.292,9.126766667,35.57653333,35.04903333
2421,36.99743333,42.2813,46.6103,41.7706,18.26663333,9.0994,35.49193333,34.96576667
2422,36.90893333,42.1978,46.51896667,41.72036667,18.252,9.069066667,35.39726667,34.88546667
2423,36.86793333,42.10373333,46.4232,41.70666667,18.26893333,9.031466667,35.3113,34.80563333
2424,36.84083333,41.99783333,46.3227,41.69953333,18.2947,8.991066667,35.23226667,34.72596667
2425,36.75616667,41.88476667,46.22423333,41.63766667,18.28513333,8.955166667,35.17813333,34.64593333
2426,36.6347,41.76463333,46.1265,41.53576667,18.2528,8.9226,35.1412,34.5638
2427,36.52036667,41.64656667,46.03006667,41.4016,18.22323333,8.8967,35.08816667,34.46086667
2428,36.41023333,41.5292,45.93403333,41.23223333,18.19526667,8.876966667,35.01996667,34.33696667
2429,36.31033333,41.42363333,45.85096667,41.0678,18.16293333,8.867433333,34.95366667,34.21546667
2430,36.2256,41.33206667,45.7857,40.91423333,18.12503333,8.873666667,34.8949,34.09766667
2431,36.1391,41.2508,45.7226,40.7663,18.08536667,8.8723,34.82563333,33.98936667
2432,36.04633333,41.18263333,45.65806667,40.62766667,18.0423,8.845633333,34.7335,33.90026667
2433,35.9426,41.11706667,45.58636667,40.4881,18.00446667,8.8206,34.63666667,33.8118
2434,35.81716667,41.04326667,45.49756667,40.3353,17.98143333,8.816533333,34.54503333,33.71046667
2435,35.6836,40.96893333,45.40156667,40.18273333,17.96513333,8.8218,34.45873333,33.6018
2436,35.55923333,40.90363333,45.3077,40.04556667,17.95126667,8.8311,34.391,33.48373333
2437,35.4372,40.84036667,45.2145,39.91903333,17.93773333,8.844,34.3302,33.35986667
2438,35.30556667,40.76166667,45.1278,39.8009,17.9061,8.852433333,34.23963333,33.24193333
2439,35.1667,40.66993333,45.04666667,39.69143333,17.85976667,8.857466667,34.1251,33.1285
2440,35.05536667,40.55586667,44.96823333,39.58966667,17.83926667,8.856133333,34.0094,33.02693333
2441,34.97873333,40.41656667,44.89623333,39.4961,17.84856667,8.848133333,33.88983333,32.9405
2442,34.89156667,40.27163333,44.80323333,39.40773333,17.86616667,8.835033333,33.7891,32.84663333
2443,34.7842,40.12756667,44.67736667,39.32996667,17.89696667,8.8132,33.72156667,32.73973333
2444,34.6533,39.97536667,44.53553333,39.2396,17.90643333,8.797633333,33.65726667,32.6199
2445,34.48233333,39.80783333,44.38203333,39.12503333,17.86436667,8.8015,33.58246667,32.47873333
2446,34.3059,39.63873333,44.22153333,38.99096667,17.81046667,8.806666667,33.50386667,32.3365
2447,34.1596,39.47683333,44.05823333,38.83673333,17.77396667,8.796733333,33.42346667,32.2201
2448,34.02386667,39.3244,43.89556667,38.6617,17.74566667,8.781033333,33.33833333,32.10766667
2449,33.88223333,39.20223333,43.74903333,38.4579,17.7352,8.768266667,33.24466667,31.966
2450,33.73633333,39.09996667,43.6129,38.2322,17.7342,8.757166667,33.14053333,31.80213333
2451,33.57266667,38.9736,43.47153333,38.01983333,17.69543333,8.752666667,33.00833333,31.61476667
2452,33.3938,38.82926667,43.32626667,37.81686667,17.62623333,8.753833333,32.8513,31.40616667
2453,33.21693333,38.68453333,43.15393333,37.64163333,17.56853333,8.753066667,32.68536667,31.23173333
2454,33.04093333,38.53816667,42.94623333,37.49966667,17.5273,8.7512,32.50783333,31.0989
2455,32.8806,38.40656667,42.7656,37.35323333,17.46993333,8.740033333,32.34336667,30.96353333
2456,32.7434,38.29883333,42.633,37.1912,17.39036667,8.721133333,32.20233333,30.821
2457,32.60423333,38.18353333,42.49076667,37.03996667,17.29866667,8.682866667,32.0537,30.6653
2458,32.44526667,38.04396667,42.30586667,36.9046,17.18576667,8.608433333,31.87716667,30.48196667
2459,32.29423333,37.89626667,42.1212,36.7966,17.08556667,8.532766667,31.70243333,30.30066667
2460,32.1707,37.74596667,41.96496667,36.7423,17.0292,8.481933333,31.54353333,30.1452
2461,32.0635,37.59576667,41.82103333,36.70363333,16.99743333,8.445766667,31.40426667,30.00203333
2462,31.97436667,37.4567,41.68516667,36.62996667,16.98156667,8.431933333,31.31063333,29.8663
2463,31.89293333,37.32113333,41.5521,36.54113333,16.9816,8.427566667,31.2427,29.73656667
2464,31.78203333,37.17023333,41.3913,36.45763333,16.98843333,8.3859,31.15346667,29.60153333
2465,31.6504,37.00976667,41.21496667,36.37533333,17.00213333,8.323033333,31.05216667,29.46366667
2466,31.50253333,36.85203333,41.0708,36.2924,17.00783333,8.296133333,30.93626667,29.3211
2467,31.33596667,36.6947,40.95676667,36.2097,17.00483333,8.304033333,30.80383333,29.17293333
2468,31.2074,36.59033333,40.8746,36.10333333,17.03766667,8.3107,30.70793333,29.04876667
2469,31.12563333,36.55003333,40.8215,35.9722,17.1147,8.316466667,30.6579,28.95396667
2470,31.04196667,36.504,40.81176667,35.81976667,17.18553333,8.306966667,30.59933333,28.85596667
2471,30.94203333,36.43236667,40.86416667,35.63473333,17.24103333,8.2694,30.51013333,28.74236667
2472,30.84196667,36.35176667,40.9248,35.45936667,17.2727,8.2349,30.42986667,28.63353333
2473,30.7426,36.25656667,40.96613333,35.3132,17.26656667,8.224033333,30.37043333,28.5308
2474,30.65333333,36.1716,40.99953333,35.19686667,17.2425,8.212466667,30.33913333,28.452
2475,30.5876,36.12286667,41.0081,35.12843333,17.2164,8.185633333,30.35986667,28.4266
2476,30.53076667,36.08976667,41.03446667,35.0797,17.17586667,8.149333333,30.39663333,28.41643333
2477,30.46843333,36.05376667,41.14403333,35.01696667,17.10136667,8.1021,30.40796667,28.38333333
2478,30.40616667,36.02606667,41.29073333,34.95626667,17.0177,8.048233333,30.4123,28.3391
2479,30.34083333,36.02523333,41.41483333,34.91033333,16.9758,7.9906,30.41793333,28.27536667
2480,30.27906667,36.04323333,41.52686667,34.8781,16.96116667,7.935666667,30.42773333,28.20056667
2481,30.26326667,36.05013333,41.61233333,34.8704,16.94723333,7.9341,30.47626667,28.16316667
2482,30.28593333,36.04933333,41.67423333,34.8843,16.9356,7.976933333,30.55646667,28.15586667
2483,30.30103333,36.042,41.7319,34.8905,16.90196667,8.009566667,30.6125,28.1493
2484,30.31143333,36.02776667,41.78413333,34.8895,16.84556667,8.0345,30.64503333,28.14526667
2485,30.27556667,36.0212,41.85106667,34.89733333,16.8179,8.024333333,30.6833,28.11813333
2486,30.18503333,36.02516667,41.93796667,34.91813333,16.83,7.9698,30.72546667,28.06516667
2487,30.09016667,36.02146667,42.0092,34.923,16.80803333,7.939366667,30.80143333,27.99793333
2488,29.9917,36.00336667,42.05646667,34.90773333,16.73453333,7.954066667,30.92683333,27.91626667
2489,29.92586667,35.99376667,42.09473333,34.86966667,16.6429,7.9575,31.0462,27.82776667
2490,29.9071,36.00843333,42.12276667,34.78826667,16.52673333,7.928833333,31.14996667,27.72353333
2491,29.92783333,36.00846667,42.15726667,34.7368,16.43833333,7.896333333,31.21736667,27.64853333
2492,29.99003333,35.9653,42.21816667,34.75456667,16.4092,7.8674,31.22376667,27.63143333
2493,30.08826667,35.91706667,42.2696,34.8222,16.4222,7.847566667,31.20293333,27.64936667
2494,30.22683333,35.89116667,42.28086667,34.9452,16.4781,7.8491,31.18136667,27.6971
2495,30.38463333,35.87016667,42.27533333,35.10553333,16.5678,7.8587,31.1383,27.76673333
2496,30.5329,35.84326667,42.26026667,35.28323333,16.6758,7.859066667,31.05813333,27.84406667
2497,30.68246667,35.8153,42.25206667,35.4788,16.8128,7.865,30.94613333,27.93413333
2498,30.83363333,35.7852,42.30066667,35.68143333,16.99373333,7.8999,30.7976,28.0396
2499,30.99156667,35.7597,42.37953333,35.89026667,17.21056667,7.952833333,30.62226667,28.15786667
2500,31.17723333,35.7643,42.4398,36.0919,17.45286667,8.007733333,30.44863333,28.2837