AUPE,,,,,,
WAC,,,,,,
G01,,,,,,
440,,,,,,
25,,,,,,
nm,,,,,,
Angular Dependence,,,,,,
Wavelengths,0,8,16,24,32,40
360.1499939,-5.453390121,-5.53564024,-5.614120007,-5.75908041,-6.217609882,-5.251879692
360.519989,-5.87432003,-5.899019718,-6.074099541,-6.135489941,-6.622589588,-5.676350117
360.8999939,-4.886350155,-5.021310329,-5.254789829,-5.138669968,-5.603770256,-4.890669823
361.269989,-4.448740005,-4.569749832,-4.830249786,-4.666669846,-5.145939827,-4.504760265
361.6499939,-3.894809961,-3.989379883,-4.167409897,-4.073830128,-4.454569817,-3.952349901
362.019989,-3.834059954,-3.848839998,-4.110219955,-4.039000034,-4.38808012,-3.887349844
362.3999939,-3.666510105,-3.696780205,-3.972069979,-3.89064002,-4.128370285,-3.768129826
362.769989,-3.628849983,-3.697849989,-3.960180044,-3.927529812,-4.106040001,-3.738369942
363.1499939,-3.588089943,-3.780020237,-3.98725009,-3.923969984,-4.095039845,-3.784190178
363.519989,-3.728399992,-3.917639971,-4.089739799,-4.05880022,-4.177340031,-3.892640114
363.8999939,-3.604549885,-3.850840092,-3.90357995,-3.977699995,-4.064129829,-3.775559902
364.269989,-3.96668005,-4.148080349,-4.203710079,-4.332250118,-4.456530094,-4.187669754
364.6400146,-3.788919926,-3.980900049,-3.946700096,-4.110849857,-4.214620113,-3.950239897
365.019989,-3.841799974,-3.992280006,-3.940560102,-4.211790085,-4.29956007,-3.996489763
365.3900146,-3.63684988,-3.75612998,-3.705539942,-3.987190008,-4.085929871,-3.768059969
365.769989,-3.321089983,-3.376679897,-3.372269869,-3.689140081,-3.74052,-3.481040001
366.1400146,-3.117539883,-3.150959969,-3.147390127,-3.452120066,-3.537179947,-3.256289959
366.519989,-2.774129868,-2.785079956,-2.818930149,-3.071419954,-3.138789892,-2.921849966
366.8900146,-2.497189999,-2.537889957,-2.60729003,-2.759449959,-2.842820168,-2.591340065
367.2600098,-2.261569977,-2.297290087,-2.398049831,-2.471580029,-2.592909813,-2.33871007
367.6400146,-1.964370012,-1.993710041,-2.085070133,-2.107749939,-2.2474401,-1.989400029
368.0100098,-1.75977993,-1.783580065,-1.908849955,-1.896499991,-2.020859957,-1.786419988
368.3900146,-1.621439934,-1.659519911,-1.767149925,-1.744750023,-1.878829956,-1.635519981
368.7600098,-1.51959002,-1.552709937,-1.678410053,-1.656810045,-1.748690009,-1.544330001
369.1300049,-1.501439929,-1.532769918,-1.669010043,-1.640160084,-1.734850049,-1.551120043
369.5100098,-1.45231998,-1.513910055,-1.616889954,-1.607220054,-1.69058001,-1.513130069
369.8800049,-1.366820097,-1.438249946,-1.49616003,-1.540659904,-1.546210051,-1.410489917
370.25,-1.302520037,-1.389479995,-1.439770103,-1.496690035,-1.475389957,-1.356869936
370.6300049,-1.232249975,-1.349259973,-1.358719945,-1.396450043,-1.390799999,-1.29768002
371,-1.213880062,-1.355430007,-1.356690049,-1.388379931,-1.367390037,-1.287539959
371.3800049,-1.157240033,-1.286880016,-1.276370049,-1.304759979,-1.280610085,-1.207430005
371.75,-1.091340065,-1.242110014,-1.203469992,-1.240100026,-1.196670055,-1.100090027
372.1199951,-1.03757,-1.160319924,-1.15941,-1.180790067,-1.147590041,-1.042840004
372.5,-1.033119917,-1.152279973,-1.166309953,-1.175339937,-1.162969947,-1.035830021
372.8699951,-1.0352,-1.136989951,-1.161139965,-1.164759994,-1.160049915,-1.040179968
373.2399902,-1.034690022,-1.114449978,-1.150529981,-1.172999978,-1.153970003,-1.031119943
373.6199951,-1.026100039,-1.094380021,-1.122769952,-1.143190026,-1.137710094,-0.992470026
373.9899902,-0.991729975,-1.06317997,-1.083010077,-1.102100015,-1.108999968,-0.968469977
374.3599854,-0.929719985,-0.99792999,-1.015660048,-1.029729962,-1.044450045,-0.916539967
374.7399902,-0.871890008,-0.946500003,-0.939480007,-0.966200054,-0.979170024,-0.869520009
375.1099854,-0.821309984,-0.883069992,-0.89169997,-0.903730035,-0.925790012,-0.838949978
375.480011,-0.79400003,-0.858179986,-0.863679945,-0.879759967,-0.901139975,-0.821550012
375.8599854,-0.754040003,-0.81791997,-0.812180042,-0.816359997,-0.849430025,-0.773620009
376.230011,-0.701190054,-0.756389976,-0.74466002,-0.757200003,-0.792539954,-0.732730031
376.6000061,-0.664759994,-0.72446996,-0.711780012,-0.720879972,-0.755540013,-0.694999993
376.980011,-0.669089973,-0.715250015,-0.709190011,-0.727620006,-0.750589967,-0.704869986
377.3500061,-0.657870054,-0.702610016,-0.689639986,-0.704940021,-0.722609997,-0.683389962
377.7200012,-0.625849962,-0.679870009,-0.652469993,-0.677850008,-0.691429973,-0.648509979
378.1000061,-0.601220012,-0.647799969,-0.620899975,-0.650260031,-0.659300029,-0.621769965
378.4700012,-0.594380021,-0.646859944,-0.620540023,-0.652429938,-0.661660016,-0.619220018
378.8399963,-0.590349972,-0.645839989,-0.62221998,-0.64952004,-0.653439999,-0.615660012
379.2200012,-0.571129978,-0.614910007,-0.58851999,-0.627330005,-0.635879993,-0.602809966
379.5899963,-0.543049991,-0.593569994,-0.56329,-0.588440001,-0.614279985,-0.576189995
379.9599915,-0.524179995,-0.572549999,-0.542280018,-0.571850002,-0.602429986,-0.558099985
380.3299866,-0.528240025,-0.561930001,-0.550009966,-0.57506001,-0.602410018,-0.55697
380.7099915,-0.495439976,-0.548200011,-0.528639972,-0.543269992,-0.574059963,-0.524789989
381.0799866,-0.473699987,-0.527589977,-0.517170012,-0.519370019,-0.552680016,-0.503539979
381.4500122,-0.456160009,-0.496120006,-0.496829987,-0.503480017,-0.534089983,-0.482659996
381.8299866,-0.452939987,-0.497750014,-0.506630003,-0.504840016,-0.530200005,-0.475029975
382.2000122,-0.444879979,-0.477229983,-0.488409996,-0.492570013,-0.517019987,-0.456860006
382.5700073,-0.43520999,-0.470880002,-0.484290004,-0.485980004,-0.507960021,-0.446930021
382.9400024,-0.427960008,-0.472299993,-0.475410014,-0.476810008,-0.502979994,-0.442210019
383.3200073,-0.437209994,-0.461679995,-0.468219995,-0.468879998,-0.50037998,-0.447400004
383.6900024,-0.429339975,-0.439339995,-0.44641,-0.454129994,-0.477319986,-0.437240005
384.0599976,-0.410210013,-0.418669999,-0.426609993,-0.424250007,-0.453619987,-0.410899997
384.4299927,-0.392200023,-0.395040005,-0.400539994,-0.405089974,-0.433889985,-0.392960012
384.8099976,-0.383240014,-0.391980022,-0.39230001,-0.396559983,-0.421860009,-0.387529969
385.1799927,-0.36807999,-0.371590018,-0.375400007,-0.381029993,-0.402389973,-0.377120018
385.5499878,-0.357299984,-0.358960003,-0.363709986,-0.366530001,-0.382840008,-0.365670025
385.9200134,-0.350639999,-0.351689994,-0.362430006,-0.363810003,-0.369430006,-0.360139996
386.2999878,-0.337070018,-0.350320011,-0.354380012,-0.362410009,-0.358149976,-0.353100002
386.6700134,-0.331180006,-0.34928,-0.349490017,-0.362459987,-0.34721002,-0.355069995
387.0400085,-0.30983001,-0.334609985,-0.333600014,-0.340070009,-0.316579998,-0.336739987
387.4100037,-0.305310011,-0.328400016,-0.330469996,-0.334620029,-0.295049995,-0.327869982
387.7799988,-0.300599992,-0.321699977,-0.326850027,-0.325320005,-0.266749978,-0.315519989
388.1600037,-0.286599994,-0.307520002,-0.313160002,-0.31318,-0.229880005,-0.30083999
388.5299988,-0.268629998,-0.290399998,-0.294059992,-0.295709997,-0.195580006,-0.283100009
388.8999939,-0.27087,-0.292809993,-0.297879994,-0.291110009,-0.164389998,-0.284729987
389.269989,-0.267030001,-0.288439989,-0.294890016,-0.285620004,-0.121890001,-0.275860012
389.6499939,-0.26989001,-0.284539998,-0.292560011,-0.285079986,-0.081969999,-0.276580006
390.019989,-0.251259983,-0.266589999,-0.275000006,-0.264679998,-0.02217,-0.258269995
390.3900146,-0.24402,-0.258260012,-0.268449992,-0.258549988,0.025359999,-0.252880007
390.7600098,-0.238789991,-0.252999991,-0.26286,-0.248960003,0.069629997,-0.246619999
391.1300049,-0.235489994,-0.252600014,-0.26304999,-0.249880016,0.119160004,-0.242579997
391.5,-0.227679998,-0.234909996,-0.245269999,-0.239610001,0.164810002,-0.228640005
391.8800049,-0.21886,-0.228110015,-0.238230005,-0.232689992,0.20081,-0.225219995
392.25,-0.216179997,-0.22725001,-0.236949995,-0.230910003,0.227520004,-0.221930012
392.6199951,-0.218500003,-0.227259994,-0.238250002,-0.233840004,0.241590008,-0.22815001
392.9899902,-0.215939999,-0.225759998,-0.232150003,-0.230839998,0.262430012,-0.223089993
393.3599854,-0.211970001,-0.223969996,-0.224769995,-0.228320003,0.274509996,-0.222280011
393.730011,-0.210490003,-0.223309994,-0.220310003,-0.224669993,0.277130008,-0.218270004
394.1099854,-0.205170006,-0.222460002,-0.217490003,-0.22044,0.281499982,-0.212689996
394.480011,-0.20059,-0.218649998,-0.211840004,-0.215680003,0.282680005,-0.208829999
394.8500061,-0.197029993,-0.216279998,-0.20826,-0.213780001,0.284119993,-0.203460008
395.2200012,-0.192949995,-0.213530004,-0.20502001,-0.207549989,0.286089987,-0.200489998
395.5899963,-0.188829988,-0.208849996,-0.199540004,-0.201560006,0.284750015,-0.197250009
395.9599915,-0.184139997,-0.201710001,-0.195629999,-0.197269991,0.288080007,-0.189939991
396.3299866,-0.180720001,-0.195470005,-0.193080008,-0.192680001,0.294679999,-0.188209996
396.7099915,-0.175720006,-0.188500002,-0.188309997,-0.183190003,0.296519995,-0.183960006
397.0799866,-0.175930008,-0.185379997,-0.18423,-0.172940001,0.304260015,-0.179869995
397.4500122,-0.163399994,-0.170110002,-0.169379994,-0.147370011,0.320969999,-0.164820001
397.8200073,-0.158690006,-0.165340006,-0.162670001,-0.135649994,0.333819985,-0.159020007
398.1900024,-0.155560002,-0.162520006,-0.158710003,-0.11727,0.345009983,-0.156899989
398.5599976,-0.155890003,-0.160160005,-0.155479997,-0.093149997,0.362700015,-0.153339997
398.9299927,-0.151199996,-0.159510002,-0.151899993,-0.067589998,0.379910022,-0.149980009
399.2999878,-0.148149997,-0.156990007,-0.148330003,-0.035250001,0.407770008,-0.145679995
399.6799927,-0.146510005,-0.156220004,-0.148019999,-0.00276,0.438650012,-0.143820003
400.0499878,-0.150739998,-0.161380008,-0.156420007,0.02727,0.469770014,-0.15174
400.4200134,-0.147809997,-0.157220006,-0.155230001,0.070749998,0.511520028,-0.148000002
400.7900085,-0.142080009,-0.148959994,-0.151490003,0.115589999,0.562430024,-0.141660005
401.1600037,-0.139640003,-0.150179997,-0.150399998,0.152150005,0.609669983,-0.143000007
401.5299988,-0.135200009,-0.144060001,-0.14542,0.193379998,0.659769952,-0.139200002
401.8999939,-0.131449997,-0.141589999,-0.143749997,0.226819992,0.705390036,-0.137810007
402.269989,-0.127080008,-0.133870006,-0.138610005,0.255100012,0.745319963,-0.134829998
402.6400146,-0.126959994,-0.135389999,-0.137589991,0.279870003,0.782440007,-0.133269995
403.0100098,-0.127360001,-0.136289999,-0.13793999,0.297439992,0.810090005,-0.1338
403.3800049,-0.128729999,-0.139180005,-0.137510002,0.314159989,0.826900005,-0.136199996
403.75,-0.122259997,-0.132729992,-0.133629993,0.334070027,0.84047997,-0.130600005
404.1199951,-0.120810002,-0.128509998,-0.129069999,0.346640021,0.847600043,-0.128749996
404.5,-0.122279994,-0.127599999,-0.126409993,0.359530002,0.84987998,-0.127510011
404.8699951,-0.119709998,-0.127739996,-0.122050002,0.37609002,0.851989985,-0.124949999
405.2399902,-0.119540006,-0.124239996,-0.117360003,0.39331001,0.851060033,-0.125210002
405.6099854,-0.117310002,-0.120970003,-0.109310001,0.411850005,0.848710001,-0.122700006
405.980011,-0.115900002,-0.118970007,-0.101719998,0.431039989,0.84623003,-0.120979995
406.3500061,-0.117910005,-0.119549997,-0.090410002,0.456930012,0.847279966,-0.121759996
406.7200012,-0.119020008,-0.12015,-0.075999998,0.492229998,0.84800005,-0.121059999
407.0899963,-0.114610001,-0.115740001,-0.055100001,0.533580005,0.854719996,-0.11868
407.4599915,-0.111199997,-0.113389999,-0.030920001,0.575100005,0.857139945,-0.116510004
407.8299866,-0.107100002,-0.108610004,-0.00034,0.618279994,0.859059989,-0.112040006
408.2000122,-0.102370001,-0.104060002,0.031989999,0.662909985,0.859449983,-0.107229993
408.5700073,-0.098990001,-0.101599999,0.067719996,0.708509982,0.863600016,-0.101689994
408.9400024,-0.096239999,-0.098430008,0.104549997,0.746270001,0.862370014,-0.098700002
409.3099976,-0.091009997,-0.095260002,0.144620001,0.78154999,0.861999989,-0.094740003
409.6799927,-0.088920005,-0.092810005,0.18581,0.810189962,0.858770013,-0.092530005
410.0499878,-0.086739995,-0.088160001,0.230519995,0.838840008,0.856530011,-0.088690005
410.4200134,-0.084040001,-0.087010004,0.273680001,0.856670022,0.852450013,-0.086049996
410.7900085,-0.083579995,-0.085610002,0.319480002,0.874440014,0.850820005,-0.08574
411.1600037,-0.081730001,-0.082570001,0.364360005,0.884450018,0.843730032,-0.08568
411.5299988,-0.079800002,-0.080299996,0.407790005,0.892769992,0.837490022,-0.083970003
411.8999939,-0.07666,-0.076980002,0.45025003,0.895529985,0.830360055,-0.081499994
412.269989,-0.07485,-0.073040001,0.496549994,0.900849998,0.819059968,-0.080480002
412.6400146,-0.072290003,-0.068750001,0.543259978,0.901169956,0.803710043,-0.076119997
413.0100098,-0.069180004,-0.06202,0.592779994,0.905599952,0.78489995,-0.072680004
413.3800049,-0.069169998,-0.05706,0.641420007,0.90316999,0.758170009,-0.071759999
413.75,-0.067850001,-0.046890002,0.69107002,0.904110014,0.728219986,-0.068829998
414.1199951,-0.065080002,-0.031970002,0.738049984,0.905210018,0.691920042,-0.066639997
414.4899902,-0.065260001,-0.01684,0.782460034,0.906090021,0.64921999,-0.065799996
414.8599854,-0.06323,0.00398,0.818659961,0.903620005,0.604520023,-0.06329
415.230011,-0.062249999,0.030989999,0.847350001,0.903890014,0.560779989,-0.064429998
415.6000061,-0.061389998,0.067120001,0.870849967,0.901849985,0.520379961,-0.063960001
415.9599915,-0.058630001,0.115229994,0.888339996,0.905210018,0.485870004,-0.060619999
416.3299866,-0.056389999,0.172439992,0.897880018,0.905350029,0.455159992,-0.0581
416.7000122,-0.056170002,0.237299994,0.90643996,0.906409979,0.431339979,-0.054480001
417.0700073,-0.053289998,0.312900007,0.912310004,0.908830047,0.414710015,-0.05046
417.4400024,-0.05026,0.394360006,0.917969942,0.911360025,0.402750015,-0.045850001
417.8099976,-0.046440002,0.477490008,0.921400011,0.910839975,0.391300023,-0.038310003
418.1799927,-0.041750003,0.555670023,0.920599997,0.910650015,0.382629991,-0.02878
418.5499878,-0.033640001,0.62974,0.920009971,0.910260022,0.37627998,-0.01314
418.9200134,-0.024909999,0.69629997,0.922240019,0.910930037,0.371820003,0.00662
419.2900085,-0.011519999,0.751859963,0.921530008,0.911600053,0.366959989,0.035399999
419.6600037,0.00684,0.797500014,0.920840025,0.912310004,0.363400012,0.077720001
420.0299988,0.034820002,0.83356005,0.91930002,0.912230015,0.362340003,0.133330002
420.3900146,0.071050003,0.862890005,0.918479979,0.912850022,0.362389982,0.20268999
420.7600098,0.120030001,0.886159956,0.918870032,0.913389981,0.363189995,0.285160005
421.1300049,0.183500007,0.90328002,0.919140041,0.914229989,0.364580005,0.374909997
421.5,0.260749996,0.913600028,0.917969942,0.914700031,0.365250021,0.469410032
421.8699951,0.348399997,0.922030032,0.918889999,0.914789975,0.366710007,0.561240017
422.2399902,0.443079978,0.928759992,0.92264998,0.914290011,0.363940001,0.646899998
422.6099854,0.535769999,0.931380033,0.922419965,0.912200034,0.354939997,0.719369948
422.980011,0.625460029,0.932730019,0.924240053,0.910749972,0.343120009,0.780780017
423.3500061,0.704810023,0.932850063,0.925810039,0.910439968,0.326489985,0.826569974
423.7099915,0.770110011,0.930840015,0.926400006,0.906460047,0.302619994,0.859810054
424.0799866,0.820859969,0.931549966,0.927809954,0.90101999,0.276609987,0.883140028
424.4500122,0.858010054,0.929940045,0.927749991,0.893209994,0.246889994,0.899879992
424.8200073,0.882969975,0.928499997,0.926579952,0.883690059,0.220060006,0.910260022
425.1900024,0.900179982,0.927730024,0.92839998,0.869619966,0.19743,0.919609964
425.5599976,0.914279997,0.92802,0.929170012,0.850849986,0.177299991,0.927190006
425.9299927,0.92257005,0.925630033,0.928939998,0.823580027,0.158999994,0.930490017
426.2900085,0.928219974,0.924349964,0.929219961,0.789380014,0.142859995,0.934140027
426.6600037,0.933679938,0.92264998,0.930010021,0.749580026,0.126409993,0.936829984
427.0299988,0.937180042,0.922699988,0.930260003,0.702809989,0.109080002,0.938489974
427.3999939,0.939059973,0.92207998,0.929219961,0.651330054,0.087990001,0.938310027
427.769989,0.941359997,0.922089994,0.928580046,0.601509988,0.063419998,0.938539982
428.1400146,0.941659987,0.923070014,0.927349985,0.554010034,0.039269999,0.938109994
428.5,0.941680014,0.925640047,0.926379979,0.513769984,0.01657,0.937210023
428.8699951,0.941269994,0.928369999,0.923730016,0.481049985,-0.00172,0.93501997
429.2399902,0.940459967,0.930619955,0.92039001,0.45630002,-0.0174,0.932910025
429.6099854,0.940609992,0.933799982,0.917710066,0.441349983,-0.02853,0.930830002
429.980011,0.938939989,0.936230004,0.913720012,0.431739986,-0.036040001,0.929560006
430.3399963,0.937409997,0.938639998,0.909339964,0.426510006,-0.038849998,0.92791003
430.7099915,0.935090005,0.938859999,0.903890014,0.422550023,-0.040440001,0.924570024
431.0799866,0.934560001,0.941190004,0.900899947,0.418769985,-0.040430002,0.925370038
431.4500122,0.933000028,0.941489995,0.897170007,0.414510012,-0.04061,0.925440013
431.8200073,0.931999981,0.942070007,0.894010007,0.408100009,-0.03906,0.926449955
432.1799927,0.930019975,0.939260006,0.890329957,0.397489995,-0.03833,0.927100003
432.5499878,0.930680037,0.939599991,0.888499975,0.387649983,-0.03641,0.928799987
432.9200134,0.931640029,0.938510001,0.888069987,0.376929998,-0.036290001,0.930869997
433.2900085,0.933759987,0.938740015,0.888789952,0.366160005,-0.035069998,0.933700025
433.6499939,0.934849977,0.936510026,0.887520015,0.353619993,-0.034389999,0.934759974
434.019989,0.936930001,0.934270024,0.884649992,0.337400019,-0.034019999,0.937269986
434.3900146,0.939660013,0.93077004,0.877470016,0.316130012,-0.034930002,0.939429998
434.7600098,0.94216001,0.927359998,0.866659999,0.290149987,-0.034949999,0.941210032
435.1199951,0.944759965,0.921000004,0.848590016,0.257120013,-0.035160001,0.943210006
435.4899902,0.946650028,0.91504997,0.82190001,0.218539998,-0.034309998,0.944599986
435.8599854,0.947640002,0.906080008,0.787460029,0.176039994,-0.034370001,0.945500016
436.230011,0.948809981,0.896690011,0.745019972,0.132060006,-0.03438,0.94551003
436.5899963,0.949520051,0.887429953,0.699150026,0.091280006,-0.034219999,0.945529997
436.9599915,0.949599981,0.878150046,0.652109981,0.056020003,-0.033059999,0.944739997
437.3299866,0.950240016,0.870549977,0.604709983,0.027240001,-0.031879999,0.943910003
437.7000122,0.949259996,0.862720013,0.559939981,0.00613,-0.03128,0.940810025
438.0599976,0.948529959,0.855940044,0.520290017,-0.00759,-0.03098,0.93727994
438.4299927,0.947870016,0.852440059,0.486030012,-0.01688,-0.030989999,0.932619989
438.7999878,0.945659995,0.850569963,0.458350003,-0.021600001,-0.030780001,0.925970018
439.1600037,0.943189979,0.851019979,0.435470015,-0.02417,-0.03032,0.916880012
439.5299988,0.93888998,0.852829993,0.414669991,-0.02533,-0.03056,0.905329943
439.8999939,0.932799995,0.855049968,0.395530015,-0.02599,-0.030739998,0.893040001
440.269989,0.925670028,0.858519971,0.374539971,-0.02674,-0.03083,0.879820049
440.6300049,0.916660011,0.861880064,0.349119991,-0.02747,-0.030639999,0.86473
441,0.906530023,0.864719987,0.317710012,-0.02661,-0.029820001,0.850749969
441.3699951,0.895960033,0.865459979,0.280149996,-0.02606,-0.029549999,0.837599993
441.730011,0.885250032,0.864849985,0.237129986,-0.02565,-0.029170001,0.826869965
442.1000061,0.873619974,0.861129999,0.19122,-0.02548,-0.02846,0.818359971
442.4700012,0.863849998,0.853879988,0.144869998,-0.025799999,-0.028419999,0.813040018
442.8299866,0.856490016,0.843479991,0.102200001,-0.025290001,-0.028080001,0.81111002
443.2000122,0.850490034,0.826929986,0.066059999,-0.024660001,-0.02799,0.812409997
443.5700073,0.846480012,0.803410053,0.03712,-0.024769999,-0.02816,0.815230012
443.9299927,0.84434998,0.773379982,0.01582,-0.024719998,-0.027509999,0.819820046
444.2999878,0.844569981,0.73496002,0.00106,-0.024619998,-0.027209999,0.825399995
444.6700134,0.847060025,0.690550029,-0.00816,-0.024419999,-0.027279999,0.831429958
445.0299988,0.851249993,0.640129983,-0.013359999,-0.023840001,-0.027249999,0.836120009
445.3999939,0.85454005,0.584020019,-0.01692,-0.024019999,-0.027249999,0.837740004
445.769989,0.857919991,0.5255,-0.01922,-0.02358,-0.026619999,0.839130044
446.1300049,0.862070024,0.464599997,-0.02079,-0.02417,-0.026630001,0.838099957
446.5,0.865270019,0.401479989,-0.021810001,-0.024489999,-0.026289999,0.835860014
446.8699951,0.866249979,0.337700009,-0.022119999,-0.023559999,-0.02596,0.829829991
447.230011,0.866460025,0.274850011,-0.021849999,-0.023540001,-0.02565,0.821449995
447.6000061,0.863789976,0.215519994,-0.021960001,-0.023729999,-0.024820002,0.809329987
447.9599915,0.860810041,0.161580011,-0.021199999,-0.023469999,-0.024110001,0.793690026
448.3299866,0.855500042,0.11406,-0.021129999,-0.023640001,-0.02434,0.770550013
448.7000122,0.84589994,0.074019998,-0.021059999,-0.023089999,-0.024300002,0.738990009
449.0599976,0.833570004,0.04335,-0.02093,-0.022780001,-0.024519999,0.696770012
449.4299927,0.815299988,0.020920001,-0.0211,-0.023039998,-0.02437,0.643659949
449.7900085,0.788270056,0.00585,-0.021359999,-0.022909999,-0.024040001,0.577250004
450.1600037,0.752129972,-0.00351,-0.02131,-0.022750001,-0.02406,0.503219962
450.5299988,0.703629971,-0.00921,-0.021089999,-0.021919999,-0.023610001,0.422550023
450.8900146,0.642090023,-0.01255,-0.0208,-0.021600001,-0.02299,0.340130001
451.2600098,0.570470035,-0.01431,-0.02036,-0.02138,-0.022230001,0.262430012
451.6199951,0.488539994,-0.01571,-0.02025,-0.021229999,-0.021919999,0.191030011
451.9899902,0.40377,-0.01671,-0.019889999,-0.0211,-0.022060001,0.131219998
452.3599854,0.318349987,-0.017339999,-0.019619999,-0.020819999,-0.02187,0.083760001
452.7200012,0.239190012,-0.017439999,-0.019400001,-0.02022,-0.02163,0.048299998
453.0899963,0.169200003,-0.01792,-0.01953,-0.02063,-0.021659998,0.023540001
453.4500122,0.112440005,-0.01771,-0.01925,-0.020499999,-0.02128,0.00738
453.8200073,0.069279999,-0.01736,-0.018919999,-0.02011,-0.021089999,-0.00231
454.1799927,0.038740002,-0.017100001,-0.018339999,-0.01969,-0.020780001,-0.00769
454.5499878,0.018829999,-0.016829999,-0.017970001,-0.019299999,-0.02015,-0.01044
454.9200134,0.00605,-0.016759999,-0.017680001,-0.01911,-0.01969,-0.01217
455.2799988,-0.00179,-0.016490001,-0.017659999,-0.019069999,-0.019370001,-0.01306
455.6499939,-0.0064,-0.016519999,-0.01761,-0.01901,-0.0195,-0.013660001
456.0100098,-0.00902,-0.01633,-0.01739,-0.018480001,-0.01957,-0.01382
456.3800049,-0.01066,-0.016349999,-0.01733,-0.01826,-0.019199999,-0.013940001
456.7399902,-0.01168,-0.01629,-0.01725,-0.01787,-0.019029999,-0.013990001
457.1099854,-0.01238,-0.01591,-0.01692,-0.01774,-0.018850001,-0.013890001
457.4700012,-0.01313,-0.015930001,-0.01712,-0.01747,-0.01921,-0.01423
457.8399963,-0.01282,-0.015620001,-0.01678,-0.01675,-0.019090001,-0.014099999
458.2000122,-0.012560001,-0.015310001,-0.016580001,-0.01616,-0.018580001,-0.01386
458.5700073,-0.01266,-0.01505,-0.016170001,-0.01596,-0.018229999,-0.01361
458.9299927,-0.01268,-0.01507,-0.01606,-0.01584,-0.018409999,-0.013739999
459.2999878,-0.012610001,-0.014780001,-0.016030001,-0.01575,-0.01787,-0.01349
459.6600037,-0.01275,-0.01498,-0.016280001,-0.01589,-0.017760001,-0.01385
460.0299988,-0.01249,-0.0147,-0.01581,-0.01572,-0.017170001,-0.01356
460.3900146,-0.01249,-0.01471,-0.01541,-0.015859999,-0.01681,-0.01349
460.7600098,-0.01273,-0.014579999,-0.01517,-0.01588,-0.016829999,-0.01354
461.1199951,-0.01301,-0.01485,-0.015360001,-0.016039999,-0.016549999,-0.01365
461.4899902,-0.01274,-0.01426,-0.01491,-0.015790001,-0.01616,-0.01328
461.8500061,-0.012970001,-0.01429,-0.01482,-0.015829999,-0.0164,-0.01358
462.2200012,-0.01265,-0.01393,-0.01444,-0.015360001,-0.01606,-0.013359999
462.5799866,-0.0124,-0.01352,-0.01419,-0.015099999,-0.015930001,-0.01322
462.9500122,-0.01243,-0.013350001,-0.01413,-0.0148,-0.015700001,-0.01302
463.3099976,-0.012159999,-0.01322,-0.01407,-0.01447,-0.01526,-0.01276
463.6799927,-0.01208,-0.01309,-0.01402,-0.014249999,-0.015240001,-0.0127
464.0400085,-0.01237,-0.013150001,-0.014199999,-0.01426,-0.015219999,-0.01286
464.4100037,-0.01179,-0.01282,-0.01372,-0.01391,-0.0148,-0.01237
464.769989,-0.01153,-0.01269,-0.01337,-0.01359,-0.014570001,-0.01198
465.1300049,-0.01155,-0.0128,-0.01342,-0.01364,-0.01432,-0.01179
465.5,-0.01148,-0.01273,-0.01327,-0.01345,-0.01411,-0.01195
465.8599854,-0.01159,-0.01277,-0.01308,-0.01356,-0.01428,-0.01228
466.230011,-0.0112,-0.01244,-0.0127,-0.01321,-0.0138,-0.012150001
466.5899963,-0.01049,-0.012130001,-0.01202,-0.012589999,-0.013150001,-0.011510001
466.9599915,-0.01064,-0.01201,-0.012159999,-0.01255,-0.01298,-0.011720001
467.3200073,-0.01045,-0.01193,-0.01214,-0.012669999,-0.01264,-0.01169
467.6799927,-0.01006,-0.011510001,-0.011670001,-0.012309999,-0.012200001,-0.01156
468.0499878,-0.00986,-0.01132,-0.01131,-0.01205,-0.01217,-0.0113
468.4100037,-0.00942,-0.010930001,-0.011080001,-0.01176,-0.011849999,-0.01089
468.7799988,-0.009380001,-0.01096,-0.01096,-0.0118,-0.01198,-0.01079
469.1400146,-0.00977,-0.010980001,-0.01127,-0.01192,-0.01214,-0.01089
469.5,-0.00956,-0.01087,-0.01096,-0.011729999,-0.01192,-0.0106
469.8699951,-0.00977,-0.01082,-0.011059999,-0.01149,-0.0121,-0.01051
470.230011,-0.00984,-0.01087,-0.011089999,-0.01143,-0.012250001,-0.01051
470.6000061,-0.00987,-0.010679999,-0.01116,-0.01166,-0.011820001,-0.01035
470.9599915,-0.009980001,-0.010650001,-0.011109999,-0.01153,-0.011820001,-0.01022
471.3200073,-0.00971,-0.010240001,-0.01095,-0.010980001,-0.01149,-0.00983
471.6900024,-0.00935,-0.010039999,-0.01069,-0.01076,-0.01116,-0.00966
472.0499878,-0.00915,-0.00993,-0.01047,-0.01042,-0.01092,-0.00931
472.4200134,-0.00896,-0.00978,-0.010249999,-0.01038,-0.010650001,-0.0093
472.7799988,-0.00887,-0.00972,-0.01016,-0.01023,-0.01051,-0.00913
473.1400146,-0.00863,-0.00961,-0.00993,-0.00994,-0.01053,-0.00908
473.5100098,-0.00852,-0.0094,-0.00971,-0.0097,-0.010140001,-0.00899
473.8699951,-0.00852,-0.00944,-0.00962,-0.00979,-0.009980001,-0.009
474.230011,-0.00852,-0.009330001,-0.00937,-0.00972,-0.00989,-0.00897
474.6000061,-0.00858,-0.00904,-0.00937,-0.00961,-0.00971,-0.008880001
474.9599915,-0.00852,-0.008909999,-0.00932,-0.00934,-0.00953,-0.00874
475.3200073,-0.008309999,-0.008640001,-0.00909,-0.00904,-0.00915,-0.00844
475.6900024,-0.0081,-0.00826,-0.00877,-0.00879,-0.00885,-0.00799
476.0499878,-0.00783,-0.00806,-0.00856,-0.00843,-0.00868,-0.00765
476.4100037,-0.00755,-0.00786,-0.00839,-0.00818,-0.00857,-0.00753
476.7799988,-0.0075,-0.007879999,-0.00854,-0.00808,-0.00839,-0.00745
477.1400146,-0.00747,-0.00781,-0.00835,-0.00791,-0.00835,-0.00741
477.5,-0.00726,-0.00746,-0.00794,-0.007710001,-0.00813,-0.0072
477.8699951,-0.00703,-0.00727,-0.00776,-0.00745,-0.00783,-0.00695
478.230011,-0.00696,-0.00736,-0.007710001,-0.00719,-0.00775,-0.00703
478.5899963,-0.00677,-0.00727,-0.00758,-0.00724,-0.00761,-0.00714
478.9599915,-0.00671,-0.00728,-0.00739,-0.00715,-0.00747,-0.00706
479.3200073,-0.00645,-0.00694,-0.00707,-0.00692,-0.00721,-0.00685
479.6799927,-0.00615,-0.00687,-0.00699,-0.00687,-0.0072,-0.00676
480.0400085,-0.00628,-0.00707,-0.00724,-0.00697,-0.00735,-0.00677
480.4100037,-0.00641,-0.00715,-0.00728,-0.0071,-0.00756,-0.00696
480.769989,-0.00642,-0.00711,-0.00734,-0.00716,-0.00757,-0.00704
481.1300049,-0.00636,-0.00708,-0.00732,-0.00704,-0.00753,-0.00686
481.5,-0.00638,-0.0069,-0.00732,-0.007,-0.00734,-0.00676
481.8599854,-0.00638,-0.00686,-0.00724,-0.00699,-0.00744,-0.00669
482.2200012,-0.00629,-0.00669,-0.00711,-0.00684,-0.00729,-0.00655
482.5799866,-0.00596,-0.00641,-0.00684,-0.00659,-0.00697,-0.00637
482.9500122,-0.00579,-0.00631,-0.00667,-0.00643,-0.00688,-0.00621
483.3099976,-0.00566,-0.00619,-0.0065,-0.00632,-0.00676,-0.00599
483.6700134,-0.00566,-0.00603,-0.00637,-0.00623,-0.0066,-0.00595
484.0299988,-0.00554,-0.00588,-0.00633,-0.00614,-0.00661,-0.00578
484.3999939,-0.00541,-0.00571,-0.00621,-0.00598,-0.00637,-0.00567
484.7600098,-0.00537,-0.00568,-0.00607,-0.0058,-0.00622,-0.00563
485.1199951,-0.00538,-0.00559,-0.00602,-0.00568,-0.00627,-0.00558
485.480011,-0.00536,-0.00539,-0.00586,-0.00566,-0.00608,-0.00553
485.8500061,-0.00538,-0.00542,-0.00589,-0.00576,-0.00612,-0.00552
486.2099915,-0.00531,-0.00529,-0.00577,-0.00569,-0.00598,-0.00538
486.5700073,-0.00523,-0.00533,-0.00561,-0.00558,-0.00593,-0.00538
486.9299927,-0.00518,-0.00538,-0.00552,-0.00554,-0.00595,-0.00534
487.2900085,-0.0052,-0.0054,-0.00552,-0.00563,-0.00599,-0.00532
487.6600037,-0.00512,-0.00535,-0.0054,-0.00561,-0.00581,-0.00526
488.019989,-0.00512,-0.00532,-0.00536,-0.00544,-0.00581,-0.0052
488.3800049,-0.00508,-0.00524,-0.00519,-0.00521,-0.00564,-0.00509
488.7399902,-0.00501,-0.00531,-0.00524,-0.00514,-0.00572,-0.00517
489.1000061,-0.0049,-0.00518,-0.00521,-0.00511,-0.00564,-0.00512
489.4700012,-0.00487,-0.00509,-0.00521,-0.00508,-0.00564,-0.00515
489.8299866,-0.0048,-0.00496,-0.00513,-0.00493,-0.0055,-0.00515
490.1900024,-0.00481,-0.00501,-0.00512,-0.00491,-0.00553,-0.00512
490.5499878,-0.00471,-0.00496,-0.00507,-0.00495,-0.00547,-0.00512
490.9100037,-0.00456,-0.00492,-0.00501,-0.00496,-0.00537,-0.00511
491.269989,-0.00451,-0.0048,-0.00497,-0.00492,-0.00525,-0.00491
491.6400146,-0.00448,-0.0048,-0.00486,-0.00488,-0.00517,-0.00488
492,-0.00438,-0.00474,-0.00477,-0.0047,-0.00505,-0.00482
492.3599854,-0.00425,-0.00467,-0.00473,-0.00472,-0.005,-0.00469
492.7200012,-0.00418,-0.00452,-0.0047,-0.00465,-0.00494,-0.00471
493.0799866,-0.00421,-0.00446,-0.00468,-0.00462,-0.00492,-0.00462
493.4400024,-0.00418,-0.00436,-0.00462,-0.00444,-0.00487,-0.00455
493.8099976,-0.00427,-0.00445,-0.00462,-0.00444,-0.00496,-0.00464
494.1700134,-0.00429,-0.00438,-0.00466,-0.00432,-0.00495,-0.00457
494.5299988,-0.00422,-0.00439,-0.00455,-0.00435,-0.00493,-0.00445
494.8900146,-0.00432,-0.00441,-0.00457,-0.00434,-0.0049,-0.00449
495.25,-0.00428,-0.00436,-0.00452,-0.00431,-0.00479,-0.00446
495.6099854,-0.00413,-0.00434,-0.00439,-0.00419,-0.00463,-0.00437
495.9700012,-0.00417,-0.00434,-0.00449,-0.00425,-0.00459,-0.00432
496.3299866,-0.00406,-0.00421,-0.00442,-0.0042,-0.00445,-0.00422
496.7000122,-0.00412,-0.00423,-0.00437,-0.00436,-0.00445,-0.00427
497.0599976,-0.00419,-0.00418,-0.00446,-0.0044,-0.00447,-0.00432
497.4200134,-0.00409,-0.00414,-0.00434,-0.00438,-0.00445,-0.00425
497.7799988,-0.00413,-0.00416,-0.00431,-0.00442,-0.00449,-0.00423
498.1400146,-0.00411,-0.00412,-0.0044,-0.00448,-0.00451,-0.00424
498.5,-0.00406,-0.004,-0.00428,-0.00442,-0.00445,-0.00426
498.8599854,-0.00403,-0.00407,-0.00432,-0.00445,-0.00448,-0.00435
499.2200012,-0.00395,-0.00402,-0.00432,-0.00433,-0.00445,-0.00428
499.5799866,-0.00391,-0.004,-0.00425,-0.00428,-0.00441,-0.00418
499.9400024,-0.00389,-0.00396,-0.00423,-0.00417,-0.00432,-0.0042
500.2999878,-0.00385,-0.00386,-0.00421,-0.0041,-0.00426,-0.00409
500.6700134,-0.00388,-0.00389,-0.00422,-0.0041,-0.00438,-0.00418
501.0299988,-0.00386,-0.0039,-0.00422,-0.00413,-0.00435,-0.00412
501.3900146,-0.0038,-0.00372,-0.00401,-0.00396,-0.00425,-0.00396
501.75,-0.0038,-0.00371,-0.00398,-0.00404,-0.00425,-0.00401
502.1099854,-0.0038,-0.00374,-0.00399,-0.00408,-0.00418,-0.00414
502.4700012,-0.0038,-0.00376,-0.00406,-0.00421,-0.00427,-0.0041
502.8299866,-0.00371,-0.00382,-0.00407,-0.0042,-0.00436,-0.00411
503.1900024,-0.00368,-0.00377,-0.00396,-0.00417,-0.00424,-0.00406
503.5499878,-0.00366,-0.00377,-0.004,-0.00415,-0.00425,-0.00408
503.9100037,-0.0037,-0.0038,-0.00409,-0.00424,-0.00429,-0.00406
504.269989,-0.0037,-0.00377,-0.00409,-0.0041,-0.00426,-0.00399
504.6300049,-0.00361,-0.00369,-0.00406,-0.00399,-0.00431,-0.00389
504.9899902,-0.00359,-0.00364,-0.00398,-0.00387,-0.00425,-0.00386
505.3500061,-0.00362,-0.00361,-0.00397,-0.00383,-0.00421,-0.00387
505.7099915,-0.00366,-0.00373,-0.00405,-0.00384,-0.00426,-0.00388
506.0700073,-0.00366,-0.00375,-0.004,-0.0039,-0.0043,-0.00387
506.4299927,-0.00353,-0.00371,-0.00389,-0.0038,-0.00421,-0.00379
506.7900085,-0.00349,-0.00365,-0.00384,-0.00383,-0.00416,-0.00377
507.1499939,-0.00355,-0.00366,-0.00377,-0.0038,-0.00408,-0.00378
507.5100098,-0.00356,-0.00363,-0.00374,-0.00382,-0.00401,-0.00377
507.8699951,-0.0035,-0.00355,-0.0036,-0.00373,-0.00382,-0.00366
508.230011,-0.00339,-0.00341,-0.00347,-0.00362,-0.0037,-0.00357
508.5899963,-0.00337,-0.0034,-0.0035,-0.00351,-0.00362,-0.00359
508.9500122,-0.00344,-0.00346,-0.00352,-0.00355,-0.00365,-0.00363
509.3099976,-0.00339,-0.00341,-0.00344,-0.00352,-0.00364,-0.00359
509.6700134,-0.00338,-0.00345,-0.00346,-0.00351,-0.00367,-0.00355
510.0299988,-0.00325,-0.00345,-0.00343,-0.00341,-0.00365,-0.00346
510.3900146,-0.00329,-0.00353,-0.00353,-0.00345,-0.00372,-0.00347
510.75,-0.00329,-0.00346,-0.00355,-0.0034,-0.00371,-0.00343
511.1099854,-0.00335,-0.00346,-0.00354,-0.00347,-0.00379,-0.0034
511.4700012,-0.00336,-0.00347,-0.00363,-0.00346,-0.00382,-0.00343
511.8299866,-0.00344,-0.00358,-0.0038,-0.00353,-0.00384,-0.00346
512.1900024,-0.00345,-0.00356,-0.00388,-0.00357,-0.00386,-0.00345
512.5499878,-0.00354,-0.00355,-0.0039,-0.00361,-0.00392,-0.00349
512.9099731,-0.00345,-0.00348,-0.0038,-0.00348,-0.00391,-0.0035
513.2700195,-0.00347,-0.00346,-0.00373,-0.00348,-0.00388,-0.00347
513.6199951,-0.00336,-0.0034,-0.00365,-0.00336,-0.00373,-0.00341
513.9799805,-0.00321,-0.00326,-0.00344,-0.00327,-0.00358,-0.00325
514.3400269,-0.00309,-0.00313,-0.0033,-0.00316,-0.00352,-0.00317
514.7000122,-0.00302,-0.00311,-0.00321,-0.00315,-0.00341,-0.0032
515.0599976,-0.00304,-0.00311,-0.00323,-0.00315,-0.00328,-0.00317
515.4199829,-0.00309,-0.00304,-0.00327,-0.00322,-0.00322,-0.00317
515.7800293,-0.00304,-0.00306,-0.00326,-0.00327,-0.00316,-0.00316
516.1400146,-0.00302,-0.00297,-0.00322,-0.00321,-0.00299,-0.00312
516.5,-0.00311,-0.00299,-0.0033,-0.00318,-0.00294,-0.00325
516.8599854,-0.00312,-0.00302,-0.00328,-0.00315,-0.00288,-0.0033
517.2199707,-0.00304,-0.00301,-0.00322,-0.00308,-0.00283,-0.00327
517.5700073,-0.00296,-0.003,-0.0032,-0.00303,-0.00284,-0.00328
517.9299927,-0.00299,-0.00314,-0.00324,-0.0031,-0.00287,-0.00328
518.289978,-0.003,-0.00318,-0.00332,-0.00315,-0.00294,-0.00333
518.6500244,-0.00302,-0.0032,-0.00339,-0.0031,-0.00307,-0.0033
519.0100098,-0.00302,-0.00324,-0.00342,-0.00322,-0.00319,-0.0033
519.3699951,-0.00297,-0.00318,-0.0034,-0.0032,-0.00314,-0.0032
519.7299805,-0.00296,-0.0031,-0.00337,-0.0032,-0.00318,-0.00316
520.0800171,-0.00301,-0.00312,-0.00339,-0.00325,-0.00323,-0.00322
520.4400024,-0.00298,-0.00303,-0.00332,-0.00317,-0.00323,-0.00315
520.7999878,-0.00297,-0.00303,-0.00324,-0.00307,-0.00316,-0.0031
521.1599731,-0.00291,-0.00302,-0.00318,-0.00311,-0.00306,-0.0031
521.5200195,-0.00281,-0.00293,-0.00306,-0.00303,-0.00286,-0.00301
521.8800049,-0.00282,-0.00298,-0.00307,-0.00306,-0.00282,-0.00305
522.2399902,-0.00292,-0.00298,-0.00317,-0.00302,-0.00273,-0.00311
522.5900269,-0.00288,-0.00295,-0.00307,-0.00293,-0.00248,-0.00298
522.9500122,-0.00279,-0.00297,-0.00306,-0.00292,-0.00227,-0.00296
523.3099976,-0.0028,-0.00294,-0.00308,-0.00295,-0.00219,-0.00299
523.6699829,-0.00284,-0.00296,-0.00304,-0.00301,-0.00213,-0.00302
524.0300293,-0.00287,-0.00303,-0.00315,-0.00308,-0.00217,-0.00307
524.3800049,-0.00285,-0.00293,-0.00305,-0.00296,-0.00207,-0.00299
524.7399902,-0.0028,-0.00298,-0.003,-0.00298,-0.00203,-0.00291
525.0999756,-0.00275,-0.00294,-0.00298,-0.003,-0.0021,-0.00298
525.460022,-0.00275,-0.00287,-0.00295,-0.00291,-0.00215,-0.00301
525.8200073,-0.00272,-0.00289,-0.00296,-0.00288,-0.00222,-0.00298
526.1699829,-0.00268,-0.00288,-0.00303,-0.00282,-0.00227,-0.00296
526.5300293,-0.00258,-0.00279,-0.00294,-0.0027,-0.0022,-0.0029
526.8900146,-0.00257,-0.0028,-0.00299,-0.00276,-0.00224,-0.00293
527.25,-0.0025,-0.00271,-0.00293,-0.00275,-0.00225,-0.0029
527.6099854,-0.00251,-0.00272,-0.00291,-0.00274,-0.00226,-0.00286
527.960022,-0.00252,-0.00274,-0.00296,-0.0028,-0.00232,-0.00282
528.3200073,-0.00256,-0.00271,-0.00295,-0.00284,-0.00229,-0.00281
528.6799927,-0.00248,-0.00264,-0.00281,-0.00282,-0.00221,-0.00277
529.039978,-0.0026,-0.0027,-0.00287,-0.0029,-0.00231,-0.00283
529.3900146,-0.0026,-0.0027,-0.00284,-0.00288,-0.00234,-0.00281
529.75,-0.00269,-0.00273,-0.00289,-0.00288,-0.00241,-0.00282
530.1099854,-0.00267,-0.00273,-0.00295,-0.00287,-0.00249,-0.00282
530.4699707,-0.00263,-0.00268,-0.00289,-0.0028,-0.0025,-0.00276
530.8200073,-0.00256,-0.00262,-0.00284,-0.00271,-0.00249,-0.00268
531.1799927,-0.00263,-0.00271,-0.00289,-0.00271,-0.00258,-0.00272
531.539978,-0.0025,-0.0026,-0.00281,-0.00261,-0.00253,-0.00264
531.9000244,-0.00255,-0.00263,-0.00282,-0.00265,-0.00255,-0.00268
532.25,-0.00251,-0.00265,-0.00285,-0.00267,-0.00252,-0.00267
532.6099854,-0.00253,-0.00262,-0.00279,-0.00267,-0.00248,-0.00265
532.9699707,-0.00256,-0.00263,-0.00279,-0.00275,-0.0025,-0.00272
533.3200073,-0.0026,-0.00266,-0.00281,-0.00276,-0.00251,-0.00271
533.6799927,-0.00261,-0.00263,-0.00283,-0.00278,-0.00257,-0.0027
534.039978,-0.00262,-0.00265,-0.00281,-0.00277,-0.00255,-0.00269
534.4000244,-0.00259,-0.00264,-0.00277,-0.0027,-0.00255,-0.00268
534.75,-0.00263,-0.00267,-0.00275,-0.00272,-0.00259,-0.00273
535.1099854,-0.00264,-0.00268,-0.00278,-0.00275,-0.00263,-0.00276
535.4699707,-0.00266,-0.00272,-0.00274,-0.00272,-0.00264,-0.00271
535.8200073,-0.00261,-0.00267,-0.00278,-0.00272,-0.00265,-0.00277
536.1799927,-0.00257,-0.00265,-0.00273,-0.00268,-0.00263,-0.00281
536.539978,-0.00263,-0.00268,-0.00279,-0.00271,-0.00273,-0.00283
536.8900146,-0.00257,-0.00267,-0.00284,-0.00272,-0.00279,-0.00278
537.25,-0.00246,-0.00262,-0.00277,-0.00263,-0.00278,-0.00267
537.6099854,-0.00243,-0.00259,-0.00271,-0.00263,-0.00279,-0.00263
537.960022,-0.00239,-0.00258,-0.00274,-0.00265,-0.00285,-0.00267
538.3200073,-0.00242,-0.00264,-0.00273,-0.00267,-0.00291,-0.00267
538.6799927,-0.00244,-0.00263,-0.00275,-0.00267,-0.00288,-0.00259
539.0300293,-0.00238,-0.00266,-0.00272,-0.00264,-0.00295,-0.00257
539.3900146,-0.00237,-0.00266,-0.00268,-0.00261,-0.00295,-0.0026
539.75,-0.00242,-0.00265,-0.0027,-0.00262,-0.00291,-0.00265
540.0999756,-0.00242,-0.00264,-0.00278,-0.00258,-0.00289,-0.00268
540.460022,-0.00244,-0.00263,-0.0028,-0.00252,-0.00282,-0.00264
540.8099976,-0.00241,-0.00258,-0.00278,-0.00248,-0.00282,-0.00266
541.1699829,-0.0024,-0.00261,-0.00282,-0.00247,-0.00286,-0.00271
541.5300293,-0.00246,-0.00255,-0.00284,-0.00247,-0.00276,-0.00273
541.8800049,-0.00248,-0.00258,-0.00287,-0.00251,-0.00276,-0.00275
542.2399902,-0.0024,-0.00254,-0.00282,-0.00242,-0.0027,-0.00266
542.5900269,-0.00235,-0.00248,-0.0027,-0.00237,-0.00262,-0.0026
542.9500122,-0.00231,-0.00244,-0.00266,-0.00234,-0.00258,-0.0026
543.3099976,-0.00232,-0.00244,-0.00265,-0.00233,-0.00258,-0.00258
543.6599731,-0.00228,-0.00237,-0.00257,-0.00229,-0.00254,-0.00255
544.0200195,-0.00228,-0.0024,-0.00258,-0.00227,-0.00257,-0.00256
544.3699951,-0.00223,-0.00231,-0.00246,-0.00214,-0.00251,-0.00249
544.7299805,-0.00233,-0.00235,-0.00248,-0.00221,-0.00258,-0.00256
545.0900269,-0.00235,-0.00241,-0.00256,-0.0022,-0.00263,-0.00257
545.4400024,-0.00234,-0.00242,-0.00256,-0.00227,-0.00269,-0.00259
545.7999878,-0.0023,-0.00238,-0.00255,-0.00224,-0.00263,-0.00256
546.1500244,-0.00233,-0.00239,-0.00256,-0.00229,-0.00264,-0.00255
546.5100098,-0.00233,-0.00239,-0.00253,-0.0023,-0.0026,-0.00254
546.8599854,-0.00234,-0.00238,-0.00255,-0.00234,-0.00262,-0.00253
547.2199707,-0.00228,-0.00236,-0.00252,-0.00233,-0.0026,-0.0025
547.5800171,-0.00234,-0.00243,-0.00255,-0.00242,-0.00268,-0.00255
547.9299927,-0.00234,-0.00243,-0.00258,-0.00238,-0.00265,-0.00253
548.289978,-0.00235,-0.00242,-0.00255,-0.00238,-0.00266,-0.00255
548.6400146,-0.00239,-0.00245,-0.00254,-0.00238,-0.00269,-0.00259
549,-0.00236,-0.00246,-0.00254,-0.0024,-0.00271,-0.00261
549.3499756,-0.00243,-0.00251,-0.00263,-0.00246,-0.00277,-0.00269
549.710022,-0.00242,-0.00246,-0.00263,-0.00243,-0.00275,-0.0027
550.0599976,-0.00239,-0.00242,-0.00258,-0.00232,-0.0027,-0.00263
550.4199829,-0.00242,-0.00245,-0.00247,-0.00229,-0.00269,-0.00262
550.7700195,-0.00238,-0.00245,-0.00249,-0.00229,-0.00267,-0.0026
551.1300049,-0.00232,-0.00242,-0.0025,-0.00225,-0.00267,-0.00259
551.4799805,-0.00231,-0.00235,-0.00249,-0.00223,-0.00263,-0.00255
551.8400269,-0.00226,-0.00232,-0.00242,-0.0022,-0.0026,-0.00249
552.1900024,-0.00228,-0.00234,-0.0024,-0.00224,-0.00263,-0.00247
552.5499878,-0.00222,-0.00227,-0.00239,-0.00225,-0.00261,-0.00246
552.9000244,-0.00219,-0.00226,-0.00242,-0.00231,-0.00264,-0.00247
553.2600098,-0.0022,-0.00222,-0.00238,-0.00229,-0.0026,-0.00243
553.6099854,-0.00215,-0.00218,-0.00232,-0.00229,-0.00257,-0.00236
553.9699707,-0.00214,-0.00217,-0.0023,-0.0023,-0.00261,-0.00232
554.3200073,-0.00216,-0.00218,-0.00232,-0.00233,-0.00255,-0.00231
554.6799927,-0.00216,-0.00215,-0.0023,-0.00233,-0.00253,-0.00227
555.0300293,-0.0022,-0.00215,-0.0023,-0.00235,-0.00252,-0.00225
555.3900146,-0.0022,-0.00208,-0.0023,-0.0023,-0.00248,-0.0022
555.7399902,-0.00223,-0.00215,-0.00226,-0.00232,-0.00254,-0.00221
556.0999756,-0.00223,-0.00216,-0.00222,-0.00228,-0.00251,-0.00222
556.4500122,-0.00224,-0.00219,-0.0022,-0.00231,-0.00251,-0.0022
556.7999878,-0.00221,-0.00216,-0.00219,-0.00226,-0.00254,-0.00222
557.1599731,-0.00224,-0.00221,-0.00229,-0.00226,-0.00257,-0.00231
557.5100098,-0.00223,-0.00225,-0.0023,-0.00228,-0.00259,-0.00235
557.8699951,-0.00225,-0.00232,-0.00234,-0.0023,-0.00261,-0.00242
558.2199707,-0.00218,-0.00225,-0.00232,-0.00228,-0.00251,-0.00236
558.5800171,-0.00222,-0.00228,-0.00239,-0.00231,-0.00252,-0.00239
558.9299927,-0.00218,-0.00225,-0.00241,-0.00228,-0.00245,-0.0024
559.2800293,-0.00219,-0.0023,-0.00243,-0.00238,-0.00245,-0.00246
559.6400146,-0.00218,-0.00229,-0.00241,-0.00239,-0.00246,-0.00247
559.9899902,-0.00215,-0.00227,-0.00239,-0.00234,-0.00242,-0.00241
560.3499756,-0.00212,-0.00224,-0.00233,-0.00236,-0.00241,-0.00237
560.7000122,-0.00219,-0.0023,-0.00243,-0.00236,-0.00247,-0.00242
561.0499878,-0.00219,-0.0023,-0.00243,-0.00239,-0.00248,-0.00242
561.4099731,-0.0022,-0.0023,-0.00245,-0.00238,-0.0025,-0.00243
561.7600098,-0.00216,-0.00224,-0.00241,-0.00232,-0.00248,-0.00235
562.1199951,-0.00213,-0.00225,-0.00239,-0.00229,-0.00244,-0.00231
562.4699707,-0.0022,-0.0023,-0.00245,-0.00236,-0.0025,-0.00239
562.8200073,-0.00225,-0.0023,-0.00249,-0.00237,-0.0025,-0.00242
563.1799927,-0.00224,-0.00228,-0.00249,-0.00243,-0.00251,-0.00245
563.5300293,-0.00219,-0.00226,-0.00245,-0.00241,-0.00249,-0.00245
563.8800049,-0.00223,-0.00227,-0.00243,-0.00241,-0.00254,-0.00247
564.2399902,-0.00218,-0.00226,-0.00239,-0.0024,-0.0025,-0.00248
564.5900269,-0.00216,-0.00222,-0.00238,-0.00239,-0.00248,-0.00242
564.9500122,-0.00207,-0.0021,-0.00228,-0.00232,-0.0024,-0.00232
565.2999878,-0.00199,-0.00207,-0.00224,-0.00228,-0.00236,-0.00227
565.6500244,-0.00197,-0.002,-0.00219,-0.00221,-0.0023,-0.00221
566.0100098,-0.00197,-0.00197,-0.00215,-0.00217,-0.00225,-0.00214
566.3599854,-0.00195,-0.00194,-0.00217,-0.00219,-0.00219,-0.00215
566.710022,-0.00198,-0.00191,-0.00218,-0.00215,-0.00222,-0.0021
567.0700073,-0.00198,-0.00188,-0.00213,-0.00214,-0.00224,-0.00214
567.4199829,-0.00198,-0.00187,-0.00215,-0.00211,-0.00224,-0.00214
567.7700195,-0.00194,-0.00182,-0.00216,-0.00209,-0.00223,-0.00214
568.1300049,-0.00187,-0.00185,-0.00216,-0.00211,-0.00223,-0.00213
568.4799805,-0.00186,-0.00183,-0.00218,-0.00212,-0.00224,-0.00214
568.8300171,-0.00184,-0.00188,-0.00219,-0.00207,-0.00226,-0.0021
569.1799927,-0.00185,-0.00188,-0.00219,-0.00205,-0.00224,-0.00208
569.539978,-0.00188,-0.0019,-0.00222,-0.00206,-0.0022,-0.00205
569.8900146,-0.00187,-0.00195,-0.00223,-0.00208,-0.00217,-0.00205
570.2399902,-0.00191,-0.00198,-0.00224,-0.00209,-0.00217,-0.00208
570.5999756,-0.00196,-0.002,-0.00227,-0.0021,-0.00223,-0.0021
570.9500122,-0.00199,-0.00204,-0.00229,-0.00211,-0.00227,-0.00212
571.2999878,-0.00199,-0.00205,-0.00231,-0.00214,-0.00225,-0.00214
571.6500244,-0.00193,-0.00205,-0.00231,-0.00217,-0.00228,-0.00216
572.0100098,-0.00189,-0.00206,-0.00232,-0.00217,-0.00232,-0.00216
572.3599854,-0.00186,-0.00204,-0.00231,-0.00216,-0.00236,-0.00218
572.710022,-0.00185,-0.00207,-0.00234,-0.00214,-0.00236,-0.00215
573.0599976,-0.00183,-0.00206,-0.00235,-0.00213,-0.00234,-0.00214
573.4199829,-0.00182,-0.00204,-0.00235,-0.00211,-0.00233,-0.00213
573.7700195,-0.0018,-0.00201,-0.0023,-0.00212,-0.00235,-0.00213
574.1199951,-0.00183,-0.00204,-0.00229,-0.00214,-0.00234,-0.00218
574.4699707,-0.00188,-0.00206,-0.0023,-0.00214,-0.00231,-0.00217
574.8300171,-0.0019,-0.00206,-0.00232,-0.00217,-0.00227,-0.00214
575.1799927,-0.00191,-0.00204,-0.00228,-0.00217,-0.00224,-0.00214
575.5300293,-0.00189,-0.00206,-0.00223,-0.00216,-0.00224,-0.00214
575.8800049,-0.00191,-0.00206,-0.00222,-0.00216,-0.00223,-0.00215
576.2399902,-0.00192,-0.00199,-0.00223,-0.00213,-0.0022,-0.00211
576.5900269,-0.00189,-0.00198,-0.00219,-0.00212,-0.00219,-0.00208
576.9400024,-0.0019,-0.00194,-0.00217,-0.00214,-0.00218,-0.00207
577.289978,-0.00192,-0.00192,-0.00218,-0.00212,-0.00222,-0.00207
577.6400146,-0.0019,-0.00191,-0.00218,-0.0021,-0.00224,-0.00204
578,-0.0019,-0.00184,-0.00214,-0.00213,-0.00222,-0.00204
578.3499756,-0.00185,-0.0018,-0.00211,-0.00209,-0.00215,-0.00199
578.7000122,-0.00186,-0.00185,-0.00209,-0.00209,-0.00214,-0.00201
579.0499878,-0.00187,-0.00187,-0.00215,-0.0021,-0.00218,-0.00204
579.4000244,-0.00183,-0.00187,-0.00214,-0.00205,-0.00221,-0.00206
579.7600098,-0.00184,-0.0019,-0.00212,-0.00207,-0.0022,-0.00212
580.1099854,-0.00184,-0.00189,-0.00207,-0.00208,-0.00221,-0.00217
580.460022,-0.0019,-0.00196,-0.00212,-0.00208,-0.00222,-0.0022
580.8099976,-0.00191,-0.002,-0.00214,-0.00211,-0.00229,-0.00223
581.1599731,-0.00193,-0.00201,-0.0022,-0.00211,-0.00232,-0.00225
581.5100098,-0.00192,-0.00197,-0.00216,-0.00208,-0.00233,-0.00224
581.8699951,-0.00192,-0.00194,-0.00214,-0.00209,-0.00232,-0.00221
582.2199707,-0.00189,-0.00197,-0.00216,-0.00204,-0.00229,-0.00218
582.5700073,-0.00188,-0.00192,-0.0022,-0.00205,-0.00225,-0.00215
582.9199829,-0.00187,-0.00192,-0.00219,-0.00202,-0.00227,-0.00214
583.2700195,-0.00195,-0.00197,-0.00225,-0.00206,-0.00229,-0.00216
583.6199951,-0.00193,-0.00194,-0.00225,-0.00209,-0.0023,-0.00215
583.9699707,-0.00196,-0.002,-0.0023,-0.00208,-0.0023,-0.00213
584.3300171,-0.00199,-0.00206,-0.00233,-0.00208,-0.00231,-0.00217
584.6799927,-0.00204,-0.00211,-0.00238,-0.00214,-0.00237,-0.00222
585.0300293,-0.00206,-0.00217,-0.00238,-0.00213,-0.00242,-0.00225
585.3800049,-0.00205,-0.00218,-0.0024,-0.00213,-0.0024,-0.00229
585.7299805,-0.00199,-0.00209,-0.00233,-0.00208,-0.00236,-0.00225
586.0800171,-0.00201,-0.00212,-0.00229,-0.00211,-0.00236,-0.00226
586.4299927,-0.00202,-0.00207,-0.00231,-0.00212,-0.00238,-0.00226
586.7800293,-0.00205,-0.00205,-0.00233,-0.00212,-0.00239,-0.00227
587.1300049,-0.00201,-0.00201,-0.00226,-0.00207,-0.00237,-0.0022
587.4799805,-0.00206,-0.00201,-0.00225,-0.0021,-0.00241,-0.00221
587.8400269,-0.00203,-0.002,-0.00221,-0.0021,-0.0024,-0.00216
588.1900024,-0.00205,-0.00203,-0.00227,-0.00209,-0.00241,-0.0022
588.539978,-0.00209,-0.00205,-0.00229,-0.00211,-0.00241,-0.00222
588.8900146,-0.00207,-0.00207,-0.00222,-0.00214,-0.00233,-0.00224
589.2399902,-0.00204,-0.00206,-0.00218,-0.00215,-0.00227,-0.00219
589.5900269,-0.00206,-0.00203,-0.00218,-0.00216,-0.00224,-0.00219
589.9400024,-0.00206,-0.00205,-0.00225,-0.00217,-0.00222,-0.00217
590.289978,-0.00209,-0.00202,-0.00225,-0.00218,-0.00217,-0.00217
590.6400146,-0.00203,-0.002,-0.00217,-0.00216,-0.00212,-0.00213
590.9899902,-0.002,-0.00195,-0.00216,-0.00213,-0.0021,-0.00209
591.3400269,-0.00203,-0.00196,-0.0022,-0.00212,-0.00218,-0.00209
591.6900024,-0.00203,-0.00197,-0.0022,-0.00214,-0.00221,-0.00215
592.039978,-0.00201,-0.00198,-0.00222,-0.00211,-0.0022,-0.00212
592.3900146,-0.0019,-0.00192,-0.0021,-0.00205,-0.00214,-0.00207
592.7399902,-0.00191,-0.00193,-0.00211,-0.00203,-0.00221,-0.00212
593.0900269,-0.00192,-0.002,-0.00215,-0.00207,-0.00224,-0.00214
593.4400024,-0.00191,-0.00206,-0.00219,-0.00207,-0.00224,-0.00215
593.789978,-0.00188,-0.00201,-0.00214,-0.00203,-0.00221,-0.00209
594.1400146,-0.00188,-0.00201,-0.00217,-0.00202,-0.00221,-0.00209
594.4899902,-0.00191,-0.00202,-0.00217,-0.00211,-0.00226,-0.00217
594.8400269,-0.00197,-0.00203,-0.0022,-0.00212,-0.00226,-0.00224
595.1900024,-0.00191,-0.00203,-0.00222,-0.00214,-0.0022,-0.00217
595.539978,-0.00194,-0.00199,-0.00221,-0.00211,-0.00222,-0.00219
595.8900146,-0.00193,-0.00197,-0.00218,-0.0021,-0.00221,-0.00217
596.2399902,-0.002,-0.002,-0.00223,-0.00214,-0.0022,-0.00223
596.5900269,-0.00189,-0.00189,-0.00211,-0.00201,-0.00204,-0.00212
596.9400024,-0.00188,-0.00187,-0.0021,-0.00199,-0.00201,-0.00206
597.289978,-0.00191,-0.0019,-0.00213,-0.00199,-0.00204,-0.00207
597.6400146,-0.00193,-0.00189,-0.00213,-0.002,-0.00206,-0.0021
597.9899902,-0.00195,-0.00193,-0.00217,-0.00201,-0.00206,-0.00212
598.3400269,-0.00196,-0.00197,-0.0022,-0.00204,-0.00208,-0.00216
598.6900024,-0.00186,-0.00193,-0.00216,-0.00198,-0.00205,-0.00214
599.039978,-0.00195,-0.00203,-0.00226,-0.00212,-0.00217,-0.00221
599.3900146,-0.00196,-0.00205,-0.00229,-0.00214,-0.00218,-0.00225
599.7399902,-0.00193,-0.00203,-0.00227,-0.00217,-0.00218,-0.0022
600.0900269,-0.00197,-0.00206,-0.0023,-0.00216,-0.0022,-0.00218
600.4400024,-0.00195,-0.00205,-0.00229,-0.00215,-0.00219,-0.00212
600.789978,-0.00192,-0.00199,-0.00224,-0.00212,-0.00218,-0.0021
601.1400146,-0.00196,-0.00201,-0.00225,-0.00214,-0.00223,-0.00211
601.4899902,-0.00193,-0.00199,-0.0022,-0.00207,-0.00224,-0.00211
601.8300171,-0.0019,-0.00197,-0.00216,-0.00204,-0.00224,-0.00209
602.1799927,-0.00191,-0.00198,-0.00217,-0.00198,-0.00224,-0.0021
602.5300293,-0.0019,-0.00197,-0.00217,-0.00198,-0.00223,-0.00215
602.8800049,-0.00188,-0.00196,-0.00213,-0.00197,-0.00225,-0.00218
603.2299805,-0.00192,-0.00198,-0.00212,-0.00195,-0.00225,-0.00219
603.5800171,-0.00187,-0.00199,-0.00212,-0.00194,-0.00218,-0.00215
603.9299927,-0.00191,-0.00201,-0.00216,-0.00201,-0.00221,-0.00219
604.2800293,-0.00192,-0.00203,-0.00219,-0.00201,-0.00222,-0.00217
604.6300049,-0.00192,-0.00202,-0.00217,-0.00206,-0.00222,-0.0022
604.9699707,-0.00192,-0.00202,-0.00211,-0.00206,-0.00222,-0.00216
605.3200073,-0.0019,-0.00199,-0.00212,-0.00206,-0.00219,-0.00216
605.6699829,-0.00191,-0.002,-0.00212,-0.00205,-0.00222,-0.00215
606.0200195,-0.00191,-0.00198,-0.00212,-0.00206,-0.00224,-0.00216
606.3699951,-0.00188,-0.00197,-0.00212,-0.00203,-0.00222,-0.00213
606.7199707,-0.00186,-0.00195,-0.00208,-0.002,-0.00218,-0.00211
607.0700073,-0.00187,-0.00194,-0.00207,-0.00204,-0.00218,-0.00207
607.4199829,-0.0019,-0.00194,-0.00212,-0.0021,-0.00219,-0.00211
607.7600098,-0.00195,-0.00194,-0.00211,-0.00212,-0.00217,-0.00207
608.1099854,-0.0019,-0.0019,-0.00211,-0.00211,-0.00211,-0.00203
608.460022,-0.00194,-0.00189,-0.00212,-0.00213,-0.00214,-0.00203
608.8099976,-0.00197,-0.00195,-0.00216,-0.00215,-0.00217,-0.00207
609.1599731,-0.00202,-0.00199,-0.0022,-0.00218,-0.00221,-0.00211
609.5100098,-0.00204,-0.00202,-0.00221,-0.00216,-0.00223,-0.00212
609.8499756,-0.00201,-0.00201,-0.00217,-0.0021,-0.00223,-0.00208
610.2000122,-0.00198,-0.00201,-0.00217,-0.00207,-0.00224,-0.00209
610.5499878,-0.00199,-0.00202,-0.00213,-0.00207,-0.00225,-0.00208
610.9000244,-0.00197,-0.00205,-0.00213,-0.00209,-0.00223,-0.00208
611.25,-0.00197,-0.00203,-0.00215,-0.00212,-0.00223,-0.00209
611.5900269,-0.00193,-0.00199,-0.00211,-0.00212,-0.00223,-0.0021
611.9400024,-0.00192,-0.00195,-0.00211,-0.00212,-0.00221,-0.00213
612.289978,-0.00192,-0.00194,-0.00211,-0.00213,-0.00216,-0.0021
612.6400146,-0.00193,-0.00197,-0.00213,-0.00215,-0.00214,-0.0021
612.9899902,-0.00199,-0.002,-0.00217,-0.00221,-0.00218,-0.00216
613.3300171,-0.00201,-0.00195,-0.00214,-0.0022,-0.00216,-0.00216
613.6799927,-0.00198,-0.0019,-0.00207,-0.00212,-0.0021,-0.00214
614.0300293,-0.00199,-0.0019,-0.00212,-0.00209,-0.00208,-0.00212
614.3800049,-0.00195,-0.00192,-0.00213,-0.00206,-0.00203,-0.00211
614.7199707,-0.00195,-0.00197,-0.00214,-0.00207,-0.00207,-0.00213
615.0700073,-0.00196,-0.00193,-0.00212,-0.00203,-0.00208,-0.00216
615.4199829,-0.00195,-0.00193,-0.00216,-0.00199,-0.00203,-0.00211
615.7700195,-0.00188,-0.00194,-0.00218,-0.00199,-0.00202,-0.00211
616.1099854,-0.0019,-0.00196,-0.00222,-0.00201,-0.00203,-0.00206
616.460022,-0.00189,-0.00193,-0.00222,-0.00202,-0.00202,-0.00207
616.8099976,-0.0019,-0.00193,-0.00217,-0.00201,-0.00205,-0.00207
617.1599731,-0.00188,-0.00188,-0.00219,-0.00201,-0.00202,-0.00209
617.5,-0.00185,-0.00188,-0.00222,-0.00202,-0.00199,-0.00208
617.8499756,-0.00184,-0.00189,-0.00219,-0.00202,-0.00203,-0.00211
618.2000122,-0.0019,-0.00193,-0.00216,-0.00199,-0.00201,-0.00214
618.539978,-0.00189,-0.00195,-0.00211,-0.00198,-0.00207,-0.00217
618.8900146,-0.00194,-0.00202,-0.00212,-0.00202,-0.0021,-0.00223
619.2399902,-0.00198,-0.00201,-0.00217,-0.00202,-0.00209,-0.00224
619.5900269,-0.00193,-0.00202,-0.00217,-0.002,-0.00209,-0.0022
619.9299927,-0.00197,-0.00204,-0.00216,-0.00203,-0.00214,-0.00222
620.2800293,-0.00197,-0.00202,-0.00217,-0.00204,-0.00218,-0.00222
620.6300049,-0.00195,-0.00202,-0.00218,-0.00205,-0.00223,-0.00224
620.9699707,-0.00194,-0.00203,-0.00221,-0.00204,-0.00219,-0.00226
621.3200073,-0.0019,-0.00203,-0.00221,-0.00203,-0.0022,-0.00222
621.6699829,-0.00184,-0.00201,-0.00217,-0.00198,-0.00218,-0.00219
622.0100098,-0.00189,-0.002,-0.00219,-0.002,-0.00223,-0.00223
622.3599854,-0.00187,-0.00199,-0.00218,-0.00201,-0.00224,-0.00222
622.710022,-0.0019,-0.00204,-0.00219,-0.00202,-0.00226,-0.00222
623.0499878,-0.00193,-0.00204,-0.00224,-0.002,-0.00226,-0.00219
623.4000244,-0.00197,-0.00202,-0.00227,-0.00204,-0.00226,-0.00217
623.75,-0.00197,-0.00195,-0.0022,-0.00201,-0.00223,-0.00218
624.0900269,-0.00201,-0.00198,-0.00222,-0.0021,-0.00229,-0.0022
624.4400024,-0.00202,-0.00201,-0.00222,-0.00211,-0.00225,-0.00219
624.789978,-0.00202,-0.00202,-0.00222,-0.0021,-0.00223,-0.0022
625.1300049,-0.00201,-0.00202,-0.0022,-0.00208,-0.00218,-0.0022
625.4799805,-0.00195,-0.00197,-0.00215,-0.00204,-0.00213,-0.00213
625.8200073,-0.00192,-0.00197,-0.00212,-0.00202,-0.00211,-0.00214
626.1699829,-0.00192,-0.00205,-0.00223,-0.00207,-0.00215,-0.00218
626.5200195,-0.00191,-0.00204,-0.00223,-0.00205,-0.00215,-0.00224
626.8599854,-0.0019,-0.00204,-0.00221,-0.00208,-0.00217,-0.00224
627.210022,-0.00192,-0.00204,-0.00218,-0.00208,-0.00215,-0.00223
627.5499878,-0.00195,-0.00204,-0.00225,-0.00211,-0.00219,-0.00224
627.9000244,-0.00196,-0.00207,-0.00226,-0.00216,-0.00224,-0.00231
628.25,-0.00198,-0.00208,-0.00227,-0.00215,-0.00227,-0.0023
628.5900269,-0.00198,-0.00202,-0.00216,-0.0021,-0.00224,-0.00223
628.9400024,-0.00199,-0.00206,-0.00219,-0.00211,-0.00228,-0.00217
629.2800293,-0.00197,-0.00205,-0.00218,-0.00207,-0.00225,-0.00213
629.6300049,-0.00197,-0.00208,-0.00224,-0.00207,-0.00229,-0.00216
629.9799805,-0.00193,-0.00206,-0.00216,-0.00202,-0.00226,-0.00216
630.3200073,-0.00203,-0.00208,-0.00218,-0.00206,-0.00226,-0.00219
630.6699829,-0.00205,-0.0021,-0.00219,-0.00211,-0.00227,-0.00223
631.0100098,-0.00211,-0.00215,-0.00227,-0.00216,-0.0023,-0.00226
631.3599854,-0.00213,-0.00211,-0.00223,-0.00214,-0.00226,-0.00228
631.7000122,-0.00218,-0.00213,-0.00226,-0.00212,-0.00232,-0.0023
632.0499878,-0.00216,-0.00212,-0.00227,-0.00214,-0.0023,-0.0023
632.3900146,-0.00217,-0.00214,-0.00231,-0.00216,-0.0023,-0.00232
632.7399902,-0.00213,-0.00215,-0.00231,-0.00217,-0.00231,-0.00233
633.0900269,-0.00209,-0.00215,-0.00229,-0.00216,-0.00232,-0.00229
633.4299927,-0.00204,-0.00211,-0.00222,-0.00214,-0.00226,-0.00226
633.7800293,-0.00203,-0.00214,-0.00225,-0.00216,-0.00227,-0.00229
634.1199951,-0.00204,-0.00214,-0.00227,-0.00219,-0.00227,-0.00231
634.4699707,-0.002,-0.00209,-0.00223,-0.0022,-0.00223,-0.00225
634.8099976,-0.00199,-0.00204,-0.00223,-0.00217,-0.00221,-0.00222
635.1599731,-0.00199,-0.00204,-0.00225,-0.00212,-0.00223,-0.00222
635.5,-0.00201,-0.00203,-0.00225,-0.00214,-0.00223,-0.00222
635.8499756,-0.00205,-0.00207,-0.00231,-0.00218,-0.0023,-0.00231
636.1900024,-0.00208,-0.00204,-0.0023,-0.00218,-0.00229,-0.00231
636.539978,-0.00208,-0.00205,-0.00227,-0.00217,-0.00229,-0.00228
636.8800049,-0.00211,-0.00206,-0.00226,-0.00214,-0.0023,-0.0023
637.2299805,-0.00213,-0.0021,-0.00228,-0.00219,-0.00231,-0.00228
637.5700073,-0.00216,-0.00212,-0.00231,-0.00224,-0.00227,-0.00228
637.9199829,-0.00214,-0.00209,-0.00232,-0.00218,-0.00223,-0.00226
638.2600098,-0.00209,-0.00208,-0.00228,-0.00213,-0.00216,-0.00218
638.5999756,-0.00202,-0.00207,-0.00228,-0.00211,-0.00213,-0.00216
638.9500122,-0.00203,-0.00208,-0.00232,-0.00213,-0.00213,-0.0022
639.289978,-0.00202,-0.00207,-0.00235,-0.00215,-0.00215,-0.0022
639.6400146,-0.00204,-0.00211,-0.00236,-0.00216,-0.0022,-0.00228
639.9799805,-0.00204,-0.00209,-0.00232,-0.00214,-0.00225,-0.00228
640.3300171,-0.00206,-0.00214,-0.00237,-0.00215,-0.00228,-0.00233
640.6699829,-0.00207,-0.0021,-0.00237,-0.00217,-0.0023,-0.00237
641.0200195,-0.00209,-0.00211,-0.0024,-0.00218,-0.00237,-0.00236
641.3599854,-0.00207,-0.00206,-0.00236,-0.00217,-0.00236,-0.00236
641.7000122,-0.00209,-0.00206,-0.00231,-0.00216,-0.00235,-0.00235
642.0499878,-0.00208,-0.00202,-0.0023,-0.00215,-0.0023,-0.00229
642.3900146,-0.00203,-0.00199,-0.00231,-0.00216,-0.00225,-0.00227
642.7399902,-0.00199,-0.00195,-0.00223,-0.00214,-0.00225,-0.00223
643.0800171,-0.002,-0.00199,-0.00225,-0.00216,-0.00224,-0.00222
643.4299927,-0.00201,-0.00204,-0.00223,-0.00218,-0.00225,-0.00228
643.7700195,-0.00201,-0.00204,-0.00223,-0.00216,-0.00221,-0.00225
644.1099854,-0.00205,-0.00208,-0.00223,-0.00216,-0.00224,-0.00231
644.460022,-0.00203,-0.00209,-0.00224,-0.00216,-0.00226,-0.00233
644.7999878,-0.00206,-0.0021,-0.00224,-0.00219,-0.00227,-0.00231
645.1400146,-0.00212,-0.00214,-0.00231,-0.00228,-0.00234,-0.00236
645.4899902,-0.00216,-0.00217,-0.00233,-0.00227,-0.00241,-0.00239
645.8300171,-0.00217,-0.00217,-0.00234,-0.00223,-0.00241,-0.00233
646.1799927,-0.00219,-0.00213,-0.00232,-0.00222,-0.0024,-0.00235
646.5200195,-0.00216,-0.00217,-0.00239,-0.00226,-0.00242,-0.00235
646.8599854,-0.00214,-0.00212,-0.00235,-0.00223,-0.00244,-0.00236
647.210022,-0.00214,-0.00212,-0.00235,-0.00218,-0.00241,-0.00235
647.5499878,-0.00212,-0.00209,-0.00235,-0.0021,-0.00232,-0.00239
647.8900146,-0.00211,-0.00209,-0.00235,-0.00207,-0.00228,-0.00235
648.2399902,-0.00212,-0.00208,-0.00232,-0.00214,-0.00229,-0.00243
648.5800171,-0.00206,-0.00212,-0.00234,-0.00213,-0.00229,-0.00241
648.9199829,-0.00204,-0.00212,-0.00232,-0.00214,-0.00225,-0.0024
649.2700195,-0.00203,-0.00212,-0.00229,-0.00213,-0.00222,-0.00235
649.6099854,-0.00208,-0.00218,-0.00232,-0.00219,-0.00223,-0.00243
649.9500122,-0.00211,-0.00222,-0.0023,-0.00222,-0.0023,-0.00235
650.2999878,-0.00211,-0.00219,-0.0023,-0.00227,-0.0023,-0.00237
650.6400146,-0.00212,-0.0022,-0.00232,-0.0022,-0.0023,-0.00234
650.9799805,-0.0022,-0.00222,-0.00237,-0.00224,-0.0024,-0.00239
651.3300171,-0.00225,-0.00223,-0.0024,-0.00223,-0.00243,-0.0024
651.6699829,-0.00229,-0.00225,-0.00244,-0.00225,-0.00244,-0.00244
652.0100098,-0.00227,-0.00224,-0.00245,-0.00226,-0.00245,-0.00242
652.3599854,-0.00227,-0.00223,-0.00249,-0.0023,-0.00247,-0.00248
652.7000122,-0.00228,-0.00223,-0.00244,-0.00227,-0.00246,-0.00246
653.039978,-0.00225,-0.00221,-0.00239,-0.00222,-0.00241,-0.00238
653.3800049,-0.0022,-0.00218,-0.00234,-0.00223,-0.00233,-0.00236
653.7299805,-0.00218,-0.00214,-0.00232,-0.0022,-0.00234,-0.00232
654.0700073,-0.00218,-0.00213,-0.0023,-0.00218,-0.00232,-0.00234
654.4099731,-0.00219,-0.0021,-0.00231,-0.00216,-0.00237,-0.00233
654.75,-0.00216,-0.0021,-0.00228,-0.0021,-0.00234,-0.00227
655.0999756,-0.00217,-0.00212,-0.00231,-0.0021,-0.00237,-0.00228
655.4400024,-0.00219,-0.00212,-0.00236,-0.00216,-0.00238,-0.00235
655.7800293,-0.00223,-0.00219,-0.00239,-0.00226,-0.00243,-0.00237
656.1199951,-0.00224,-0.00226,-0.00243,-0.0023,-0.00248,-0.00244
656.4699707,-0.00223,-0.00228,-0.00244,-0.00237,-0.00253,-0.00242
656.8099976,-0.00226,-0.00233,-0.00242,-0.00239,-0.00256,-0.00246
657.1500244,-0.00229,-0.00235,-0.00245,-0.00242,-0.00255,-0.00255
657.4899902,-0.00231,-0.00235,-0.00249,-0.00244,-0.00255,-0.00254
657.8400269,-0.00237,-0.00235,-0.00252,-0.00247,-0.0026,-0.00251
658.1799927,-0.00234,-0.00231,-0.00251,-0.00236,-0.00261,-0.00249
658.5200195,-0.00235,-0.00227,-0.0025,-0.00233,-0.00258,-0.00248
658.8599854,-0.00241,-0.0023,-0.00258,-0.00233,-0.00262,-0.0025
659.2000122,-0.00234,-0.00225,-0.00258,-0.00229,-0.00255,-0.00244
659.5499878,-0.00234,-0.00225,-0.00257,-0.00231,-0.00257,-0.00239
659.8900146,-0.00227,-0.00223,-0.00261,-0.0023,-0.00257,-0.00242
660.2299805,-0.00222,-0.00226,-0.00259,-0.00227,-0.00257,-0.00244
660.5700073,-0.00222,-0.00227,-0.00258,-0.00232,-0.00255,-0.00247
660.9099731,-0.0022,-0.00229,-0.00253,-0.00229,-0.00254,-0.00247
661.2600098,-0.00216,-0.00222,-0.00245,-0.00231,-0.00248,-0.00244
661.5999756,-0.00216,-0.00219,-0.00246,-0.00232,-0.0025,-0.00247
661.9400024,-0.00212,-0.00216,-0.00241,-0.00231,-0.00248,-0.00244
662.2800293,-0.0021,-0.00216,-0.00229,-0.00226,-0.00244,-0.00237
662.6199951,-0.00212,-0.00218,-0.00231,-0.00229,-0.00243,-0.0024
662.960022,-0.00215,-0.00218,-0.00229,-0.00228,-0.00243,-0.00239
663.3099976,-0.00213,-0.00216,-0.0023,-0.00225,-0.00238,-0.00239
663.6500244,-0.00212,-0.0022,-0.00231,-0.0022,-0.0024,-0.00248
663.9899902,-0.00209,-0.00223,-0.00229,-0.00216,-0.00236,-0.00251
664.3300171,-0.00211,-0.00225,-0.00232,-0.00216,-0.00239,-0.00249
664.6699829,-0.00217,-0.00228,-0.00241,-0.00224,-0.00243,-0.00257
665.0100098,-0.00221,-0.00228,-0.00246,-0.00227,-0.00242,-0.0026
665.3499756,-0.00223,-0.00235,-0.00251,-0.00231,-0.00245,-0.00266
665.6900024,-0.00227,-0.00241,-0.00256,-0.00237,-0.00255,-0.00271
666.039978,-0.00227,-0.00241,-0.00257,-0.0024,-0.00254,-0.00263
666.3800049,-0.00236,-0.0024,-0.0026,-0.00244,-0.0026,-0.0026
666.7199707,-0.00243,-0.00247,-0.00265,-0.00251,-0.00263,-0.0027
667.0599976,-0.00238,-0.00245,-0.00262,-0.00243,-0.00263,-0.00271
667.4000244,-0.00232,-0.00243,-0.00257,-0.00241,-0.00259,-0.00266
667.7399902,-0.00229,-0.00232,-0.00252,-0.0024,-0.00256,-0.00258
668.0800171,-0.00225,-0.00225,-0.00245,-0.00232,-0.00246,-0.00249
668.4199829,-0.00223,-0.00225,-0.00241,-0.00231,-0.00245,-0.00247
668.7600098,-0.00223,-0.00228,-0.00243,-0.0023,-0.00243,-0.00246
669.0999756,-0.00216,-0.00225,-0.00237,-0.00224,-0.00238,-0.00243
669.4400024,-0.00221,-0.00223,-0.00236,-0.0023,-0.00236,-0.00239
669.789978,-0.0022,-0.00226,-0.00232,-0.00231,-0.00238,-0.00243
670.1300049,-0.00226,-0.00235,-0.00236,-0.00229,-0.00241,-0.00249
670.4699707,-0.00229,-0.00244,-0.00241,-0.00235,-0.00247,-0.00254
670.8099976,-0.00232,-0.00244,-0.00244,-0.00233,-0.00249,-0.00256
671.1500244,-0.00231,-0.00241,-0.00241,-0.00231,-0.00252,-0.00258
671.4899902,-0.00233,-0.0024,-0.0024,-0.00232,-0.00249,-0.00258
671.8300171,-0.00232,-0.00245,-0.00245,-0.00227,-0.00254,-0.00262
672.1699829,-0.00236,-0.0024,-0.00246,-0.00221,-0.00254,-0.00261
672.5100098,-0.00234,-0.00241,-0.00247,-0.00223,-0.00252,-0.00261
672.8499756,-0.00233,-0.00232,-0.00243,-0.00217,-0.00249,-0.00259
673.1900024,-0.00238,-0.00237,-0.00245,-0.00218,-0.00246,-0.00262
673.5300293,-0.00239,-0.00238,-0.0025,-0.00219,-0.00246,-0.00262
673.8699951,-0.00238,-0.00238,-0.00249,-0.00221,-0.00252,-0.00261
674.210022,-0.00244,-0.0024,-0.00246,-0.00222,-0.00249,-0.00264
674.5499878,-0.00242,-0.00241,-0.00244,-0.00227,-0.00248,-0.00263
674.8900146,-0.00242,-0.0024,-0.00243,-0.00231,-0.00252,-0.00264
675.2299805,-0.00247,-0.00249,-0.00244,-0.00238,-0.00258,-0.0027
675.5700073,-0.00244,-0.00243,-0.00237,-0.00236,-0.00254,-0.00264
675.9099731,-0.0025,-0.00248,-0.00239,-0.0024,-0.00255,-0.0027
676.25,-0.00256,-0.00253,-0.0024,-0.00241,-0.00255,-0.00276
676.5900269,-0.00258,-0.00251,-0.00246,-0.00244,-0.00257,-0.00277
676.9299927,-0.0026,-0.00258,-0.00255,-0.00245,-0.00257,-0.00283
677.2700195,-0.00254,-0.00251,-0.00248,-0.00237,-0.00249,-0.00278
677.6099854,-0.0025,-0.00242,-0.00248,-0.00229,-0.00237,-0.00275
677.9500122,-0.00254,-0.00245,-0.00251,-0.00228,-0.00237,-0.00279
678.289978,-0.00246,-0.00242,-0.00252,-0.00224,-0.00234,-0.00275
678.6300049,-0.00245,-0.0024,-0.00259,-0.00223,-0.00229,-0.0027
678.9699707,-0.00242,-0.00238,-0.00253,-0.0022,-0.00225,-0.00262
679.3099976,-0.00237,-0.00233,-0.00237,-0.00211,-0.00222,-0.00254
679.6500244,-0.00246,-0.00242,-0.00244,-0.00215,-0.00231,-0.00258
679.9799805,-0.0025,-0.00243,-0.00248,-0.00219,-0.00243,-0.0026
680.3200073,-0.0025,-0.00244,-0.00253,-0.00222,-0.00256,-0.00264
680.6599731,-0.00251,-0.00245,-0.00245,-0.00216,-0.00257,-0.00261
681,-0.0025,-0.00242,-0.0024,-0.00217,-0.00261,-0.00263
681.3400269,-0.00255,-0.00241,-0.0024,-0.00217,-0.00262,-0.00268
681.6799927,-0.00259,-0.00239,-0.00248,-0.0022,-0.00263,-0.00272
682.0200195,-0.00259,-0.00239,-0.00255,-0.00221,-0.00261,-0.00275
682.3599854,-0.00254,-0.00244,-0.00252,-0.00218,-0.00259,-0.00274
682.7000122,-0.00259,-0.00251,-0.00255,-0.00222,-0.00256,-0.00276
683.039978,-0.00264,-0.00253,-0.00264,-0.00232,-0.00258,-0.00283
683.3800049,-0.00269,-0.00254,-0.00263,-0.00225,-0.00255,-0.00283
683.710022,-0.00266,-0.00264,-0.00274,-0.00232,-0.00258,-0.00291
684.0499878,-0.00268,-0.00273,-0.00282,-0.00235,-0.00263,-0.00292
684.3900146,-0.00265,-0.0027,-0.00279,-0.00233,-0.00259,-0.00291
684.7299805,-0.00267,-0.0027,-0.0028,-0.00235,-0.00258,-0.00292
685.0700073,-0.0026,-0.00258,-0.00277,-0.00229,-0.00252,-0.00292
685.4099731,-0.00257,-0.00261,-0.00266,-0.00222,-0.00246,-0.00289
685.75,-0.00253,-0.00261,-0.00267,-0.00224,-0.00248,-0.00293
686.0900269,-0.00251,-0.00253,-0.00261,-0.00214,-0.00242,-0.00286
686.4199829,-0.00255,-0.00251,-0.00255,-0.00217,-0.00242,-0.00294
686.7600098,-0.0026,-0.0025,-0.00249,-0.00216,-0.00243,-0.00297
687.0999756,-0.00271,-0.00254,-0.00256,-0.00218,-0.00243,-0.00304
687.4400024,-0.00278,-0.00261,-0.00256,-0.0022,-0.00247,-0.00305
687.7800293,-0.00281,-0.00257,-0.00265,-0.00224,-0.00249,-0.00309
688.1199951,-0.00279,-0.00255,-0.00256,-0.0022,-0.00247,-0.00297
688.4500122,-0.00286,-0.00264,-0.00259,-0.00225,-0.00254,-0.00302
688.789978,-0.00291,-0.00268,-0.00262,-0.00224,-0.00251,-0.00298
689.1300049,-0.00289,-0.00267,-0.00265,-0.0022,-0.00247,-0.00295
689.4699707,-0.00284,-0.00265,-0.00262,-0.00219,-0.00246,-0.0029
689.8099976,-0.0028,-0.00265,-0.00267,-0.00222,-0.0025,-0.00287
690.1400146,-0.00276,-0.00266,-0.00257,-0.00214,-0.00247,-0.0028
690.4799805,-0.00276,-0.00269,-0.00266,-0.00217,-0.00247,-0.00288
690.8200073,-0.00271,-0.00263,-0.00258,-0.0021,-0.00241,-0.00285
691.1599731,-0.00269,-0.0026,-0.00256,-0.00208,-0.0024,-0.00285
691.5,-0.00265,-0.00261,-0.00255,-0.00209,-0.00239,-0.00284
691.8300171,-0.00262,-0.00265,-0.00253,-0.0021,-0.00238,-0.00287
692.1699829,-0.00263,-0.00264,-0.00248,-0.00206,-0.00232,-0.00288
692.5100098,-0.00262,-0.00265,-0.00246,-0.00204,-0.0023,-0.00287
692.8499756,-0.00261,-0.00263,-0.00237,-0.00206,-0.00225,-0.00284
693.1799927,-0.00266,-0.00266,-0.00245,-0.0021,-0.00229,-0.00292
693.5200195,-0.00263,-0.00258,-0.00244,-0.002,-0.00226,-0.00285
693.8599854,-0.00269,-0.00266,-0.00244,-0.00195,-0.00234,-0.00289
694.2000122,-0.00267,-0.00262,-0.00241,-0.00193,-0.00232,-0.0029
694.5300293,-0.00267,-0.00259,-0.0024,-0.00188,-0.0023,-0.00288
694.8699951,-0.00273,-0.00256,-0.00241,-0.00186,-0.00227,-0.0029
695.210022,-0.00287,-0.00266,-0.00254,-0.00188,-0.00233,-0.003
695.5499878,-0.00282,-0.00262,-0.00246,-0.00182,-0.00228,-0.0029
695.8800049,-0.00281,-0.00265,-0.00246,-0.00184,-0.00228,-0.00297
696.2199707,-0.00281,-0.0026,-0.0025,-0.00188,-0.00219,-0.00299
696.5599976,-0.00283,-0.00259,-0.00249,-0.00181,-0.00211,-0.00299
696.9000244,-0.00289,-0.00264,-0.0025,-0.00184,-0.00213,-0.00299
697.2299805,-0.00289,-0.00263,-0.00252,-0.00187,-0.00218,-0.00302
697.5700073,-0.00276,-0.00257,-0.00244,-0.00177,-0.00213,-0.00295
697.9099731,-0.00277,-0.00261,-0.00249,-0.00177,-0.00213,-0.003
698.2399902,-0.0028,-0.00264,-0.0025,-0.00177,-0.00207,-0.00296
698.5800171,-0.00284,-0.00264,-0.00245,-0.00175,-0.0021,-0.00294
698.9199829,-0.00285,-0.00266,-0.00247,-0.0018,-0.00221,-0.00294
699.25,-0.00279,-0.00265,-0.00241,-0.00173,-0.00213,-0.00293
699.5900269,-0.00285,-0.00272,-0.00241,-0.00178,-0.00214,-0.00294
699.9299927,-0.0029,-0.00277,-0.00241,-0.0018,-0.00215,-0.00299
700.2600098,-0.00296,-0.00285,-0.00242,-0.00183,-0.0022,-0.00303
700.5999756,-0.00298,-0.00289,-0.00234,-0.00179,-0.00229,-0.00304
700.9400024,-0.00296,-0.00288,-0.00236,-0.00175,-0.00222,-0.00303
701.2700195,-0.00294,-0.00289,-0.00233,-0.0017,-0.00221,-0.00299
701.6099854,-0.00301,-0.00292,-0.00236,-0.00173,-0.00225,-0.00302
701.9500122,-0.00297,-0.0029,-0.00238,-0.00161,-0.00217,-0.00305
702.2800293,-0.00297,-0.00282,-0.00234,-0.00158,-0.00217,-0.00302
702.6199951,-0.00291,-0.00277,-0.00234,-0.00151,-0.00215,-0.00295
702.960022,-0.00297,-0.00278,-0.00244,-0.00154,-0.00206,-0.00301
703.289978,-0.00301,-0.00281,-0.00246,-0.00154,-0.00213,-0.00309
703.6300049,-0.00306,-0.00277,-0.00244,-0.0015,-0.00207,-0.00315
703.960022,-0.00304,-0.00275,-0.00243,-0.0015,-0.00204,-0.00319
704.2999878,-0.00299,-0.00267,-0.00236,-0.0015,-0.00197,-0.00315
704.6400146,-0.00301,-0.00269,-0.00236,-0.00149,-0.00198,-0.00318
704.9699707,-0.00306,-0.00264,-0.0023,-0.00143,-0.00194,-0.00324
705.3099976,-0.00304,-0.00261,-0.00221,-0.00134,-0.00191,-0.00321
705.6400146,-0.00305,-0.00266,-0.00215,-0.00129,-0.00186,-0.0031
705.9799805,-0.00307,-0.00265,-0.00213,-0.00127,-0.00189,-0.00311
706.3200073,-0.00311,-0.00268,-0.00215,-0.00128,-0.00192,-0.00311
706.6500244,-0.00314,-0.00276,-0.00214,-0.0013,-0.00192,-0.0031
706.9899902,-0.00315,-0.00277,-0.00212,-0.00136,-0.00193,-0.00314
707.3200073,-0.00313,-0.00286,-0.00216,-0.00143,-0.00194,-0.0031
707.6599731,-0.00304,-0.00289,-0.00209,-0.00143,-0.00198,-0.00306
707.9899902,-0.00298,-0.00285,-0.00201,-0.00139,-0.00191,-0.00312
708.3300171,-0.00298,-0.00282,-0.00198,-0.00134,-0.00184,-0.00306
708.6699829,-0.00293,-0.0028,-0.00197,-0.00128,-0.00175,-0.00299
709,-0.00287,-0.0027,-0.00198,-0.00113,-0.00173,-0.00299
709.3400269,-0.00281,-0.00266,-0.00197,-0.00099,-0.00161,-0.00294
709.6699829,-0.00286,-0.00263,-0.00192,-0.00093,-0.00153,-0.00293
710.0100098,-0.00291,-0.00261,-0.00198,-0.0009,-0.00145,-0.00301
710.3400269,-0.00294,-0.00256,-0.00207,-0.00092,-0.00147,-0.00299
710.6799927,-0.00297,-0.00263,-0.0021,-0.00096,-0.00151,-0.0031
711.0100098,-0.00301,-0.00263,-0.00206,-0.00093,-0.00146,-0.00309
711.3499756,-0.00311,-0.0027,-0.00204,-0.00096,-0.00151,-0.00313
711.6799927,-0.00321,-0.00271,-0.00202,-0.00095,-0.00147,-0.00317
712.0200195,-0.00321,-0.00267,-0.00204,-0.00088,-0.00147,-0.00323
712.3499756,-0.00312,-0.00263,-0.00194,-0.00076,-0.00136,-0.00318
712.6900024,-0.00313,-0.00261,-0.00189,-0.0007,-0.00132,-0.00319
713.0200195,-0.00311,-0.00252,-0.00184,-0.00061,-0.00118,-0.00314
713.3599854,-0.00312,-0.00255,-0.00184,-0.00064,-0.00119,-0.00316
713.6900024,-0.00307,-0.00253,-0.00183,-0.00059,-0.00113,-0.00318
714.0300293,-0.00309,-0.00256,-0.00185,-0.0006,-0.00114,-0.00317
714.3599854,-0.00311,-0.00262,-0.00184,-0.00071,-0.00112,-0.00316
714.7000122,-0.00329,-0.00269,-0.00192,-0.00084,-0.00125,-0.00318
715.0300293,-0.00326,-0.00266,-0.00188,-0.00086,-0.00116,-0.00317
715.3699951,-0.00323,-0.00277,-0.00193,-0.00085,-0.00119,-0.00315
715.7000122,-0.00323,-0.00275,-0.00196,-0.00078,-0.00116,-0.00315
716.039978,-0.00337,-0.00289,-0.002,-0.00083,-0.00121,-0.00323
716.3699951,-0.00327,-0.0028,-0.00192,-0.00075,-0.00112,-0.00321
716.7000122,-0.00321,-0.00273,-0.0019,-0.00066,-0.00103,-0.00326
717.039978,-0.00318,-0.0027,-0.00187,-0.00061,-0.00092,-0.00326
717.3699951,-0.00325,-0.00279,-0.00198,-0.00057,-0.0009,-0.0033
717.710022,-0.0033,-0.00271,-0.00192,-0.00055,-0.00081,-0.0033
718.039978,-0.00327,-0.00268,-0.00184,-0.00053,-0.00072,-0.00329
718.3800049,-0.00321,-0.00257,-0.00186,-0.00049,-0.00058,-0.0032
718.710022,-0.00322,-0.00267,-0.00182,-0.00052,-0.00054,-0.00319
719.039978,-0.00325,-0.00264,-0.00173,-0.00041,-0.00044,-0.00311
719.3800049,-0.00327,-0.00266,-0.00169,-0.00044,-0.00042,-0.00314
719.710022,-0.00321,-0.00262,-0.00157,-0.00044,-0.0004,-0.00315
720.0499878,-0.00317,-0.00262,-0.00155,-0.00042,-0.00028,-0.0032
720.3800049,-0.00329,-0.00263,-0.00164,-0.00044,-0.00021,-0.00331
720.710022,-0.00324,-0.00262,-0.00153,-0.00036,-9.00E-05,-0.00328
721.0499878,-0.00331,-0.00264,-0.0016,-0.00036,-8.00E-05,-0.00328
721.3800049,-0.00332,-0.00265,-0.00167,-0.00042,1.00E-05,-0.00326
721.7199707,-0.0033,-0.00265,-0.00169,-0.00035,0.00017,-0.0033
722.0499878,-0.00332,-0.00271,-0.00159,-0.00024,0.00038,-0.00331
722.3800049,-0.0034,-0.00277,-0.00154,-0.00014,0.00052,-0.0033
722.7199707,-0.00334,-0.00275,-0.00139,-1.00E-05,0.00077,-0.00325
723.0499878,-0.00339,-0.00276,-0.00147,-1.00E-05,0.00097,-0.0033
723.3800049,-0.00339,-0.00278,-0.00141,3.00E-05,0.00137,-0.00332
723.7199707,-0.00342,-0.00283,-0.00141,2.00E-05,0.00171,-0.00343
724.0499878,-0.0033,-0.0027,-0.00127,0.00018,0.00224,-0.0033
724.3800049,-0.00334,-0.0027,-0.00133,0.0002,0.00275,-0.00325
724.7199707,-0.00332,-0.00262,-0.00132,0.00022,0.00338,-0.00325
725.0499878,-0.00329,-0.00269,-0.00134,0.00018,0.00409,-0.00328
725.3800049,-0.00324,-0.00266,-0.00117,0.00028,0.00506,-0.00324
725.7199707,-0.00326,-0.00258,-0.00122,0.00034,0.006,-0.00326
726.0499878,-0.00318,-0.00253,-0.00117,0.00042,0.0072,-0.00316
726.3800049,-0.00331,-0.0026,-0.00126,0.00037,0.00852,-0.00329
726.7199707,-0.00327,-0.00254,-0.00123,0.00039,0.01001,-0.00332
727.0499878,-0.00328,-0.00257,-0.00122,0.00047,0.0116,-0.00326
727.3800049,-0.00335,-0.00257,-0.00128,0.00056,0.013259999,-0.00326
727.710022,-0.00344,-0.00257,-0.00135,0.00051,0.01477,-0.00328
728.0499878,-0.00335,-0.00253,-0.00126,0.00059,0.01636,-0.00329
728.3800049,-0.00333,-0.00256,-0.00123,0.0007,0.01771,-0.00335
728.710022,-0.00336,-0.00259,-0.00117,0.00072,0.01877,-0.00336
729.0499878,-0.00342,-0.00263,-0.00113,0.00084,0.01959,-0.00337
729.3800049,-0.00338,-0.00254,-0.00113,0.00089,0.020079998,-0.00338
729.710022,-0.00331,-0.00249,-0.00101,0.00089,0.02015,-0.0034
730.039978,-0.00327,-0.00254,-0.00107,0.00093,0.01991,-0.00343
730.3800049,-0.00339,-0.00259,-0.00107,0.00092,0.01932,-0.00342
730.710022,-0.0035,-0.0026,-0.00109,0.00088,0.018449999,-0.00347
731.039978,-0.00355,-0.00263,-0.00118,0.00092,0.017309999,-0.00347
731.3699951,-0.00359,-0.00264,-0.00127,0.00084,0.016039999,-0.00348
731.710022,-0.00366,-0.00273,-0.0013,0.00072,0.0147,-0.00357
732.039978,-0.00382,-0.0028,-0.00136,0.00076,0.013359999,-0.00357
732.3699951,-0.00384,-0.00279,-0.00126,0.00083,0.01209,-0.00358
732.7000122,-0.00379,-0.00278,-0.00127,0.00083,0.01091,-0.00366
733.039978,-0.00383,-0.00274,-0.00129,0.00086,0.00976,-0.00365
733.3699951,-0.00373,-0.00266,-0.00113,0.00095,0.00889,-0.00357
733.7000122,-0.00372,-0.00271,-0.00114,0.00097,0.00791,-0.00356
734.0300293,-0.00373,-0.00268,-0.00109,0.00105,0.00706,-0.0036
734.3599854,-0.00365,-0.00251,-0.00108,0.00116,0.00635,-0.00357
734.7000122,-0.00368,-0.00256,-0.0011,0.00113,0.00578,-0.0036
735.0300293,-0.00373,-0.00259,-0.0011,0.00118,0.00521,-0.00354
735.3599854,-0.00361,-0.00254,-0.00095,0.00132,0.00489,-0.00341
735.6900024,-0.0037,-0.00258,-0.00099,0.00134,0.00438,-0.00344
736.0200195,-0.00372,-0.00258,-0.00094,0.00129,0.0041,-0.00349
736.3499756,-0.00374,-0.00267,-0.00087,0.00133,0.00379,-0.00341
736.6900024,-0.00374,-0.0028,-0.00082,0.00127,0.00352,-0.00343
737.0200195,-0.00373,-0.00277,-0.00072,0.0014,0.0033,-0.00338
737.3499756,-0.0037,-0.00268,-0.00068,0.00153,0.00315,-0.00335
737.6799927,-0.00369,-0.00269,-0.00079,0.00154,0.00294,-0.0034
738.0100098,-0.00373,-0.00274,-0.00082,0.00153,0.00285,-0.0034
738.3400269,-0.00365,-0.00266,-0.00076,0.00164,0.00267,-0.00334
738.6799927,-0.00367,-0.00266,-0.00086,0.0017,0.00257,-0.00339
739.0100098,-0.00372,-0.00261,-0.00087,0.00172,0.0025,-0.00341
739.3400269,-0.00367,-0.00251,-0.00086,0.00181,0.0025,-0.00336
739.6699829,-0.00375,-0.00268,-0.00095,0.00166,0.00229,-0.00348
740,-0.00386,-0.00266,-0.00091,0.00174,0.00218,-0.00347
740.3300171,-0.0038,-0.00262,-0.00091,0.0018,0.00207,-0.00349
740.6599731,-0.0038,-0.00269,-0.00085,0.00196,0.00215,-0.00343
740.9899902,-0.0037,-0.00261,-0.00073,0.00212,0.00223,-0.00331
741.3200073,-0.00371,-0.0026,-0.00074,0.00229,0.00211,-0.00328
741.6599731,-0.00378,-0.00263,-0.00086,0.00239,0.00205,-0.00333
741.9899902,-0.00369,-0.00255,-0.00072,0.0027,0.00219,-0.00329
742.3200073,-0.00371,-0.00259,-0.00066,0.0028,0.00214,-0.00336
742.6500244,-0.0038,-0.00264,-0.00069,0.00297,0.00212,-0.00348
742.9799805,-0.00386,-0.00261,-0.00073,0.00313,0.00211,-0.00356
743.3099976,-0.00392,-0.00263,-0.00077,0.00331,0.00211,-0.00362
743.6400146,-0.00395,-0.00266,-0.00083,0.00349,0.00222,-0.00366
743.9699707,-0.00399,-0.0027,-0.00081,0.00367,0.0022,-0.0037
744.2999878,-0.0041,-0.00267,-0.00082,0.00385,0.00217,-0.00361
744.6300049,-0.00413,-0.00274,-0.00087,0.00387,0.00221,-0.00368
744.960022,-0.00404,-0.00276,-0.00074,0.00416,0.00237,-0.00353
745.289978,-0.00406,-0.00271,-0.00068,0.00435,0.00236,-0.00351
745.6199951,-0.00415,-0.00278,-0.00066,0.00439,0.00244,-0.00361
745.9500122,-0.00409,-0.00275,-0.00045,0.00453,0.0025,-0.00361
746.2800293,-0.00414,-0.00274,-0.00047,0.00451,0.00251,-0.00362
746.6099854,-0.00421,-0.00289,-0.00049,0.00445,0.00254,-0.0037
746.9400024,-0.00411,-0.00284,-0.00029,0.0046,0.0027,-0.00353
747.2800293,-0.00409,-0.00271,-0.00025,0.00453,0.00281,-0.00354
747.6099854,-0.0041,-0.00267,-0.00025,0.00439,0.00286,-0.00357
747.9400024,-0.00405,-0.00263,-0.0002,0.00427,0.0027,-0.00355
748.2700195,-0.00397,-0.00264,-0.00021,0.0041,0.00272,-0.00349
748.5999756,-0.00395,-0.00265,-4.00E-05,0.00396,0.00278,-0.00348
748.9299927,-0.00384,-0.00248,2.00E-05,0.00389,0.00285,-0.00349
749.2600098,-0.0039,-0.00251,-8.00E-05,0.00381,0.00269,-0.00361
749.5800171,-0.00401,-0.0026,-0.00017,0.00356,0.00251,-0.00376
749.9099731,-0.00401,-0.00275,-0.00013,0.00349,0.00258,-0.00383
750.2399902,-0.00407,-0.00281,-0.00014,0.0034,0.00266,-0.00385
750.5700073,-0.00424,-0.00287,-0.00019,0.00332,0.00256,-0.00396
750.9000244,-0.00424,-0.00295,-0.00031,0.00322,0.00245,-0.00404
751.2299805,-0.00426,-0.0029,-0.00026,0.00329,0.00236,-0.00403
751.5599976,-0.00437,-0.00296,-0.00041,0.0031,0.00228,-0.0041
751.8900146,-0.00436,-0.00295,-0.0004,0.00303,0.00224,-0.00403
752.2199707,-0.00438,-0.00293,-0.00045,0.00291,0.00207,-0.00404
752.5499878,-0.00436,-0.00288,-0.00038,0.00288,0.00197,-0.00404
752.8800049,-0.00436,-0.00292,-0.00039,0.00289,0.00185,-0.00406
753.210022,-0.0042,-0.00272,-0.00011,0.00308,0.00193,-0.00385
753.539978,-0.00428,-0.00283,-0.00014,0.0029,0.0018,-0.0039
753.8699951,-0.00422,-0.00281,4.00E-05,0.00293,0.00178,-0.00387
754.2000122,-0.00428,-0.00284,7.00E-05,0.003,0.00164,-0.00387
754.5300293,-0.00425,-0.00265,0.00022,0.00314,0.00161,-0.00378
754.8599854,-0.00429,-0.00271,0.00014,0.00316,0.00152,-0.00366
755.1900024,-0.00426,-0.00262,0.00021,0.00317,0.00155,-0.00366
755.5100098,-0.00439,-0.00285,-2.00E-05,0.00306,0.00137,-0.00389
755.8400269,-0.00429,-0.00284,0.00012,0.00313,0.00145,-0.00385
756.1699829,-0.00428,-0.00275,0.00014,0.00321,0.00144,-0.00375
756.5,-0.00418,-0.00269,0.00028,0.00325,0.00152,-0.00378
756.8300171,-0.00434,-0.00291,0.00015,0.00314,0.00137,-0.00397
757.1599731,-0.00438,-0.00289,0.00025,0.00315,0.00144,-0.0041
757.4899902,-0.00434,-0.00286,0.00031,0.00309,0.00147,-0.00404
757.8200073,-0.00443,-0.00287,0.0004,0.00304,0.00139,-0.00405
758.1400146,-0.00446,-0.00289,0.00033,0.00307,0.00121,-0.00405
758.4699707,-0.00441,-0.00303,0.00027,0.00309,0.00119,-0.0041
758.7999878,-0.00448,-0.00308,0.00031,0.00303,0.00116,-0.00397
759.1300049,-0.00448,-0.00305,0.00042,0.00304,0.00121,-0.00382
759.460022,-0.00455,-0.00316,0.00035,0.003,0.00105,-0.00395
759.789978,-0.00472,-0.00337,0.00012,0.0029,0.0008,-0.00412
760.1199951,-0.00473,-0.00331,5.00E-05,0.00288,0.00081,-0.00408
760.4400024,-0.00488,-0.00325,0,0.00268,0.00077,-0.00411
760.7700195,-0.00505,-0.00317,-3.00E-05,0.00251,0.00069,-0.00422
761.0999756,-0.00511,-0.00309,-0.00019,0.00254,0.00058,-0.00433
761.4299927,-0.00507,-0.00306,-0.00027,0.0026,0.00049,-0.00441
761.7600098,-0.00507,-0.00302,-0.00033,0.00256,0.00053,-0.00431
762.0800171,-0.00491,-0.00285,-0.00014,0.00263,0.00063,-0.00423
762.4099731,-0.00488,-0.00284,-5.00E-05,0.00275,0.00061,-0.00414
762.7399902,-0.00478,-0.00293,-2.00E-05,0.00291,0.00062,-0.00429
763.0700073,-0.00469,-0.00287,-1.00E-05,0.00294,0.00065,-0.00432
763.4000244,-0.00463,-0.00293,3.00E-05,0.00295,0.00068,-0.00438
763.7199707,-0.00456,-0.00285,7.00E-05,0.00293,0.00072,-0.00435
764.0499878,-0.00447,-0.00278,0.00016,0.00301,0.00076,-0.00435
764.3800049,-0.00455,-0.00285,7.00E-05,0.003,0.00073,-0.00433
764.710022,-0.00467,-0.00296,1.00E-04,0.00291,0.00062,-0.00452
765.039978,-0.00476,-0.00294,6.00E-05,0.00293,0.00063,-0.00441
765.3599854,-0.00487,-0.00303,0.00012,0.00293,0.00049,-0.0045
765.6900024,-0.00487,-0.00298,8.00E-05,0.00307,0.00047,-0.00457
766.0200195,-0.00494,-0.00307,8.00E-05,0.00303,0.0004,-0.0046
766.3499756,-0.00506,-0.00318,-6.00E-05,0.003,0.0003,-0.00471
766.6699829,-0.00512,-0.00316,-0.00012,0.00311,0.00022,-0.00481
767,-0.00504,-0.00313,-0.00023,0.00301,0.00016,-0.00481
767.3300171,-0.00499,-0.00312,-0.00027,0.00298,9.00E-05,-0.00482
767.6500244,-0.00494,-0.00318,-0.00038,0.003,0.00014,-0.00472
767.9799805,-0.00503,-0.00328,-0.00033,0.00293,1.00E-05,-0.00465
768.3099976,-0.00507,-0.00333,-0.00046,0.00295,1.00E-05,-0.00473
768.6400146,-0.00496,-0.00307,-0.00035,0.00316,3.00E-05,-0.00464
768.960022,-0.00492,-0.00307,-0.00025,0.00316,6.00E-05,-0.00456
769.289978,-0.00492,-0.00305,-0.00024,0.0033,0.00014,-0.00447
769.6199951,-0.00496,-0.00306,-0.00023,0.00347,0.00022,-0.00443
769.9400024,-0.00507,-0.00304,-0.00014,0.00364,0.00013,-0.00451
770.2700195,-0.00511,-0.00318,-0.00028,0.00361,0.0002,-0.00451
770.5999756,-0.00512,-0.00321,-0.00023,0.00359,0.0002,-0.00453
770.9199829,-0.00525,-0.00341,-0.00026,0.00344,0.00025,-0.00468
771.25,-0.00538,-0.00344,-0.00035,0.0035,0.00019,-0.00487
771.5800171,-0.00542,-0.00334,-0.00033,0.00371,0.00032,-0.00488
771.9000244,-0.00544,-0.00341,-0.00027,0.00376,0.00036,-0.00486
772.2299805,-0.00547,-0.00346,-0.00049,0.00363,0.00038,-0.00484
772.5599976,-0.00551,-0.00344,-0.00047,0.00361,0.00034,-0.00505
772.8800049,-0.00563,-0.00357,-0.00058,0.00363,0.00021,-0.00506
773.210022,-0.00574,-0.00375,-0.00077,0.00361,6.00E-05,-0.0051
773.539978,-0.00564,-0.00375,-0.00071,0.00361,0.00015,-0.00488
773.8599854,-0.00572,-0.0039,-0.00073,0.00348,4.00E-05,-0.00499
774.1900024,-0.0057,-0.00386,-0.0008,0.00336,-0.00011,-0.00516
774.5200195,-0.00561,-0.00379,-0.00059,0.00341,-2.00E-05,-0.00509
774.8400269,-0.00569,-0.0038,-0.00066,0.00324,-2.00E-05,-0.0051
775.1699829,-0.00559,-0.0038,-0.00066,0.00318,5.00E-05,-0.00512
775.5,-0.00548,-0.00368,-0.00056,0.00309,2.00E-05,-0.00506
775.8200073,-0.00557,-0.00376,-0.00059,0.0031,2.00E-05,-0.00516
776.1500244,-0.0055,-0.00384,-0.00062,0.00293,-3.00E-05,-0.00516
776.4699707,-0.00546,-0.00402,-0.00064,0.00281,-4.00E-05,-0.00512
776.7999878,-0.00552,-0.00405,-0.00082,0.00281,-0.00011,-0.00514
777.1199951,-0.00554,-0.00404,-0.00075,0.00288,-9.00E-05,-0.0051
777.4500122,-0.00572,-0.00406,-0.00082,0.00266,-0.00023,-0.00524
777.7800293,-0.00575,-0.00417,-0.00088,0.00266,-0.00029,-0.00533
778.0999756,-0.00552,-0.00397,-0.00084,0.00262,-0.00019,-0.00523
778.4299927,-0.00555,-0.00391,-0.00086,0.00261,-4.00E-05,-0.00512
778.75,-0.00573,-0.00393,-0.00095,0.00244,2.00E-05,-0.00525
779.0800171,-0.00583,-0.00415,-0.00087,0.00236,8.00E-05,-0.00541
779.4000244,-0.00583,-0.00426,-0.00103,0.00223,6.00E-05,-0.00546
779.7299805,-0.00565,-0.00411,-0.00086,0.00241,0.00022,-0.0054
780.0599976,-0.00568,-0.00405,-0.00086,0.00238,0.00037,-0.00529
780.3800049,-0.00589,-0.00417,-0.00097,0.00229,0.00023,-0.00553
780.710022,-0.00589,-0.00404,-0.001,0.00225,0.00019,-0.00562
781.0300293,-0.00591,-0.00398,-0.00097,0.00235,0,-0.0056
781.3599854,-0.00596,-0.00393,-0.00102,0.00226,-0.00011,-0.00563
781.6799927,-0.00466,-0.00248,0.0005,0.00389,0.00143,-0.00426
782.0100098,-0.00474,-0.00253,0.00049,0.00378,0.00144,-0.00422
782.3300171,-0.00471,-0.00258,0.00056,0.00376,0.00143,-0.0043
782.6599731,-0.00484,-0.00272,0.00056,0.00374,0.00152,-0.00424
782.9799805,-0.005,-0.00288,0.00053,0.00376,0.00149,-0.00423
783.3099976,-0.00494,-0.00274,0.00059,0.00382,0.00179,-0.00418
783.6300049,-0.00483,-0.00258,0.00076,0.00386,0.00198,-0.00405
783.960022,-0.00615,-0.00394,-0.00057,0.00241,0.0005,-0.00528
784.2800293,-0.00634,-0.0042,-0.0008,0.00229,0.00035,-0.00534
784.6099854,-0.00643,-0.00423,-0.0008,0.0024,0.00034,-0.00542
784.9299927,-0.00641,-0.00429,-0.00085,0.00245,0.00013,-0.00553
785.2600098,-0.00625,-0.00405,-0.00063,0.00252,0.00029,-0.0055
785.5800171,-0.00624,-0.00413,-0.00061,0.00249,0.00017,-0.0055
785.9099731,-0.00626,-0.00417,-0.00067,0.00256,-3.00E-05,-0.00553
786.2299805,-0.00617,-0.0042,-0.00068,0.00254,-0.0002,-0.00555
786.5599976,-0.00607,-0.00398,-0.00054,0.00277,-0.00016,-0.00562
786.8800049,-0.00589,-0.00374,-0.00035,0.00282,3.00E-05,-0.00537
787.2000122,-0.00591,-0.00372,-0.00031,0.00266,0,-0.00535
787.5300293,-0.00612,-0.00398,-0.00046,0.00256,-0.0002,-0.00553
787.8499756,-0.00624,-0.00408,-0.00044,0.00261,-0.00027,-0.00556
788.1799927,-0.00622,-0.00413,-0.0005,0.00265,-0.00023,-0.00557
788.5,-0.0063,-0.00408,-0.00062,0.00254,-0.00019,-0.00576
788.8300171,-0.00622,-0.0041,-0.00044,0.00248,-0.00016,-0.00567
789.1500244,-0.00641,-0.00436,-0.00066,0.00238,-0.0004,-0.00579
789.4699707,-0.00643,-0.00444,-0.00072,0.00238,-0.0004,-0.00575
789.7999878,-0.00635,-0.00442,-0.00076,0.00236,-0.00045,-0.00563
790.1199951,-0.00635,-0.00429,-0.00078,0.00238,-0.00048,-0.00568
790.4500122,-0.00631,-0.00421,-0.00069,0.00234,-0.00054,-0.00575
790.7700195,-0.00613,-0.00416,-0.00052,0.00249,-0.00047,-0.00569
791.0900269,-0.00613,-0.0042,-0.00058,0.00248,-0.00046,-0.00572
791.4199829,-0.00603,-0.00396,-0.00041,0.00262,-0.0003,-0.00563
791.7399902,-0.00587,-0.0038,-0.00017,0.00286,-0.00013,-0.00556
792.0599976,-0.0058,-0.00373,0,0.003,-8.00E-05,-0.00554
792.3900146,-0.00561,-0.00375,0.00014,0.00308,1.00E-04,-0.00537
792.710022,-0.00581,-0.00395,2.00E-05,0.00288,9.00E-05,-0.00558
793.039978,-0.00597,-0.00404,-4.00E-05,0.00274,-9.00E-05,-0.00557
793.3599854,-0.00602,-0.00402,-5.00E-05,0.00279,-2.00E-05,-0.00553
793.6799927,-0.00603,-0.00409,-1.00E-04,0.00279,-1.00E-04,-0.00562
794.0100098,-0.00616,-0.00424,-0.00023,0.00266,-0.00016,-0.00583
794.3300171,-0.0063,-0.00434,-0.00038,0.00246,-0.00029,-0.00594
794.6500244,-0.00654,-0.00443,-0.00064,0.00227,-0.00051,-0.00614
794.9799805,-0.00648,-0.00442,-0.00068,0.00233,-0.00053,-0.00599
795.2999878,-0.00656,-0.00451,-0.00075,0.00239,-0.00039,-0.00601
795.6199951,-0.00655,-0.00452,-0.00073,0.00247,-0.00045,-0.00599
795.9400024,-0.00663,-0.00457,-0.00084,0.00243,-0.00043,-0.00593
796.2700195,-0.00661,-0.00451,-0.00091,0.0025,-0.00038,-0.00577
796.5900269,-0.00661,-0.00448,-0.00106,0.00249,-0.00034,-0.00599
796.9099731,-0.00663,-0.00453,-0.00105,0.00233,-0.00021,-0.00607
797.2399902,-0.00671,-0.00457,-0.00101,0.00237,-0.0002,-0.00617
797.5599976,-0.00682,-0.0046,-0.00113,0.00226,-0.00019,-0.00616
797.8800049,-0.00678,-0.00441,-0.00107,0.00231,-7.00E-05,-0.00607
798.210022,-0.00691,-0.0045,-0.00125,0.00216,-0.00023,-0.00632
798.5300293,-0.00699,-0.00446,-0.00124,0.00204,-0.00046,-0.00645
798.8499756,-0.007,-0.00456,-0.00114,0.00207,-0.00051,-0.00642
799.1699829,-0.00712,-0.00451,-0.00112,0.00233,-0.00053,-0.00646
799.5,-0.00695,-0.0043,-0.00098,0.00256,-0.00029,-0.00627
799.8200073,-0.00695,-0.00418,-0.00089,0.00262,-0.00047,-0.00634
800.1400146,-0.00702,-0.00426,-0.00097,0.00246,-0.0006,-0.00642
800.460022,-0.00702,-0.00434,-0.00092,0.00246,-0.00065,-0.00643
800.789978,-0.00708,-0.00433,-0.00095,0.00248,-0.00052,-0.00637
801.1099854,-0.007,-0.00419,-0.00102,0.00245,-0.00041,-0.00621
801.4299927,-0.00692,-0.00427,-0.0011,0.00241,-0.00065,-0.00607
801.75,-0.00696,-0.00444,-0.00128,0.00215,-0.00085,-0.00613
802.0700073,-0.00699,-0.00456,-0.00151,0.00198,-0.00079,-0.00618
802.4000244,-0.00699,-0.00462,-0.0016,0.00204,-0.00082,-0.00625
802.7199707,-0.00695,-0.0044,-0.00142,0.00211,-0.00071,-0.00611
803.039978,-0.00678,-0.00442,-0.00142,0.00214,-0.00074,-0.00609
803.3599854,-0.00685,-0.00455,-0.00143,0.00219,-0.00082,-0.00617
803.6799927,-0.00701,-0.00462,-0.00147,0.00208,-0.00092,-0.00633
804.0100098,-0.00712,-0.00451,-0.00142,0.00206,-0.00086,-0.00632
804.3300171,-0.00702,-0.00446,-0.0013,0.00232,-0.00083,-0.00629
804.6500244,-0.00705,-0.00454,-0.00139,0.00233,-0.0009,-0.00638
804.9699707,-0.00696,-0.00454,-0.00149,0.00228,-0.00095,-0.0065
805.289978,-0.00706,-0.0046,-0.00156,0.00228,-0.00101,-0.0066
805.6199951,-0.00717,-0.00462,-0.00153,0.00217,-0.00102,-0.00657
805.9400024,-0.0071,-0.00458,-0.00152,0.00201,-0.00097,-0.00655
806.2600098,-0.00703,-0.00459,-0.00144,0.00218,-0.00099,-0.00654
806.5800171,-0.00701,-0.00453,-0.00146,0.00208,-0.00095,-0.00641
806.9000244,-0.00711,-0.00458,-0.00136,0.00196,-0.00109,-0.00646
807.2199707,-0.00736,-0.00492,-0.00147,0.00174,-0.0012,-0.00653
807.539978,-0.00743,-0.00491,-0.00143,0.00156,-0.00114,-0.00653
807.8699951,-0.00737,-0.00493,-0.00158,0.00165,-0.00127,-0.00659
808.1900024,-0.00733,-0.00473,-0.00158,0.00184,-0.0012,-0.00658
808.5100098,-0.00735,-0.00479,-0.00196,0.00169,-0.00145,-0.00671
808.8300171,-0.00764,-0.00515,-0.00204,0.00138,-0.00178,-0.00706
809.1500244,-0.00754,-0.00508,-0.00207,0.00138,-0.00164,-0.00695
809.4699707,-0.0076,-0.00493,-0.00215,0.00146,-0.00162,-0.00708
809.789978,-0.00763,-0.00479,-0.00211,0.00162,-0.00141,-0.00692
810.1099854,-0.00778,-0.0048,-0.00204,0.0016,-0.00139,-0.00697
810.4299927,-0.00784,-0.00497,-0.00206,0.00164,-0.00128,-0.00692
810.7600098,-0.00795,-0.00493,-0.00183,0.00164,-0.00108,-0.00702
811.0800171,-0.00767,-0.00467,-0.00177,0.00181,-0.00084,-0.00694
811.4000244,-0.00777,-0.00477,-0.00187,0.00184,-0.00096,-0.00713
811.7199707,-0.00747,-0.00473,-0.00164,0.00191,-0.00087,-0.00696
812.039978,-0.00742,-0.005,-0.00184,0.00164,-0.00128,-0.00724
812.3599854,-0.00755,-0.00526,-0.00198,0.00139,-0.00143,-0.0074
812.6799927,-0.00762,-0.00548,-0.00212,0.00097,-0.00185,-0.00769
813,-0.00765,-0.00572,-0.00247,0.00082,-0.00196,-0.00765
813.3200073,-0.00767,-0.00575,-0.00239,0.00096,-0.00198,-0.00738
813.6400146,-0.00786,-0.00591,-0.00269,0.0007,-0.0022,-0.00747
813.960022,-0.00802,-0.00601,-0.00283,0.00079,-0.00223,-0.00752
814.2800293,-0.00816,-0.00615,-0.0029,0.0007,-0.00233,-0.00762
814.5999756,-0.0078,-0.00589,-0.00273,0.00091,-0.00204,-0.00734
814.9199829,-0.00773,-0.00591,-0.00273,0.0011,-0.00189,-0.0071
815.2399902,-0.0078,-0.00594,-0.00247,0.00113,-0.0018,-0.00706
815.5599976,-0.00806,-0.00627,-0.0027,0.00091,-0.00201,-0.00738
815.8800049,-0.00795,-0.00616,-0.00251,0.00096,-0.00188,-0.00728
816.2000122,-0.00791,-0.00624,-0.00255,0.00086,-0.00172,-0.00712
816.5200195,-0.00798,-0.00618,-0.00264,0.00089,-0.00168,-0.00712
816.8400269,-0.00792,-0.00614,-0.00261,0.00088,-0.00161,-0.00721
817.1599731,-0.007929999,-0.00608,-0.00264,0.00092,-0.00145,-0.00732
817.4799805,-0.00786,-0.00615,-0.00268,0.00101,-0.00148,-0.00734
817.7999878,-0.00764,-0.00601,-0.00249,0.0012,-0.00125,-0.00724
818.1199951,-0.00764,-0.00609,-0.00259,0.00123,-0.00109,-0.00724
818.4400024,-0.00765,-0.00596,-0.00239,0.00124,-0.00108,-0.00729
818.7600098,-0.0075,-0.00603,-0.00235,0.00139,-0.00095,-0.0073
819.0800171,-0.007710001,-0.00624,-0.0026,0.00128,-0.00097,-0.00747
819.4000244,-0.00776,-0.00629,-0.00258,0.00137,-0.00087,-0.00756
819.7199707,-0.00778,-0.00636,-0.00261,0.0012,-0.00101,-0.00762
820.039978,-0.00816,-0.00647,-0.00286,0.0008,-0.00128,-0.00787
820.3599854,-0.00834,-0.00662,-0.00275,0.00072,-0.00142,-0.00806
820.6799927,-0.00843,-0.00681,-0.00293,0.00056,-0.00158,-0.00828
821,-0.00848,-0.00675,-0.00291,0.00044,-0.00166,-0.008140001
821.3200073,-0.00856,-0.0069,-0.00292,0.00031,-0.00193,-0.00826
821.6400146,-0.00838,-0.00674,-0.0028,0.00048,-0.00195,-0.00818
821.960022,-0.00853,-0.00665,-0.00287,0.00065,-0.00172,-0.0082
822.2700195,-0.00839,-0.00668,-0.0027,0.00092,-0.00167,-0.0081
822.5900269,-0.00851,-0.00669,-0.00276,0.00084,-0.00188,-0.00811
822.9099731,-0.00875,-0.00685,-0.00296,0.00076,-0.00196,-0.00821
823.2299805,-0.00892,-0.00701,-0.00295,0.00071,-0.00198,-0.00856
823.5499878,-0.00911,-0.00709,-0.00319,0.00065,-0.00217,-0.00863
823.8699951,-0.00953,-0.00729,-0.00338,0.00035,-0.00244,-0.008859999
824.1900024,-0.00957,-0.00728,-0.00366,0.0002,-0.00266,-0.00906
824.5100098,-0.00966,-0.00728,-0.00392,1.00E-04,-0.00267,-0.00898
824.8300171,-0.00957,-0.00737,-0.0041,1.00E-04,-0.00255,-0.00898
825.1400146,-0.00936,-0.0071,-0.00392,0.00028,-0.00243,-0.00883
825.460022,-0.00948,-0.00716,-0.00387,0.00039,-0.00246,-0.00881
825.7800293,-0.00971,-0.00729,-0.00385,0.00028,-0.00247,-0.00882
826.0999756,-0.00957,-0.00732,-0.00381,0.00029,-0.00241,-0.00876
826.4199829,-0.00979,-0.00772,-0.00366,0.00021,-0.00251,-0.00875
826.7399902,-0.00987,-0.00778,-0.00364,7.00E-05,-0.00254,-0.00912
827.0599976,-0.00989,-0.00759,-0.00342,2.00E-05,-0.00256,-0.00916
827.3699951,-0.01043,-0.00832,-0.00388,-0.00042,-0.00323,-0.00964
827.6900024,-0.01059,-0.00841,-0.00421,-0.00059,-0.00346,-0.0097
828.0100098,-0.010199999,-0.00818,-0.00399,-0.00021,-0.00325,-0.009430001
828.3300171,-0.01028,-0.008169999,-0.00409,-0.0002,-0.00354,-0.009459999
828.6500244,-0.010299999,-0.00798,-0.00409,-0.00021,-0.00361,-0.009670001
828.960022,-0.01031,-0.00804,-0.00401,-3.00E-05,-0.00353,-0.00953
829.2800293,-0.01036,-0.008309999,-0.00434,0.00011,-0.00355,-0.00969
829.5999756,-0.010039999,-0.007929999,-0.00417,0.00032,-0.00322,-0.00957
829.9199829,-0.00999,-0.00797,-0.00404,0.00034,-0.00318,-0.00958
830.2399902,-0.01018,-0.0081,-0.00447,4.00E-05,-0.00338,-0.00982
830.5499878,-0.01027,-0.00825,-0.00441,-6.00E-05,-0.00326,-0.009959999
830.8699951,-0.01007,-0.00811,-0.00432,-3.00E-05,-0.00326,-0.00964
831.1900024,-0.01006,-0.00806,-0.00446,-0.00022,-0.00356,-0.00978
831.5100098,-0.01011,-0.00805,-0.00429,-0.00041,-0.00373,-0.00979
831.8300171,-0.01005,-0.00804,-0.00419,-0.00036,-0.00394,-0.009649999
832.1400146,-0.01005,-0.00819,-0.00418,-0.00046,-0.00392,-0.00968
832.460022,-0.01003,-0.008169999,-0.00398,-0.00017,-0.00413,-0.00986
832.7800293,-0.009980001,-0.00815,-0.00402,-0.0002,-0.00398,-0.0098
833.0999756,-0.010249999,-0.0085,-0.00426,-0.00035,-0.00412,-0.01016
833.4099731,-0.01047,-0.00853,-0.00438,-0.00041,-0.0041,-0.010039999
833.7299805,-0.010369999,-0.00837,-0.00451,-0.00047,-0.00398,-0.01008
834.0499878,-0.010629999,-0.00839,-0.00467,-0.00051,-0.00385,-0.010199999
834.3599854,-0.01074,-0.00813,-0.00479,-0.00052,-0.00407,-0.01012
834.6799927,-0.01107,-0.0082,-0.00474,-0.00079,-0.00409,-0.009959999
835,-0.01116,-0.008309999,-0.00488,-0.00093,-0.00432,-0.01005
835.3200073,-0.01117,-0.00834,-0.00504,-0.00121,-0.00459,-0.01036
835.6300049,-0.01095,-0.0082,-0.00493,-0.00121,-0.00452,-0.01041
835.9500122,-0.01097,-0.00823,-0.00484,-0.0013,-0.00456,-0.01044
836.2700195,-0.011030001,-0.00838,-0.00499,-0.00155,-0.00478,-0.01071
836.5800171,-0.011039999,-0.00834,-0.00494,-0.0016,-0.00451,-0.010729999
836.9000244,-0.01091,-0.0083,-0.00502,-0.00151,-0.00435,-0.010880001
837.2199707,-0.010829999,-0.00829,-0.00499,-0.00148,-0.00432,-0.011039999
837.5300293,-0.010729999,-0.00818,-0.00487,-0.00131,-0.00407,-0.01079
837.8499756,-0.010770001,-0.00833,-0.00508,-0.00131,-0.00434,-0.011039999
838.1699829,-0.01087,-0.00819,-0.0052,-0.00129,-0.00421,-0.011089999
838.4799805,-0.01066,-0.00797,-0.00504,-0.00107,-0.00401,-0.010930001
838.7999878,-0.01071,-0.00824,-0.00509,-0.00123,-0.00415,-0.01114
839.1199951,-0.010620001,-0.008169999,-0.00487,-0.00141,-0.00402,-0.01116
839.4299927,-0.01085,-0.00819,-0.00497,-0.00161,-0.00399,-0.01128
839.75,-0.01087,-0.008119999,-0.00499,-0.00159,-0.00386,-0.01124
840.0700073,-0.0107,-0.00825,-0.00484,-0.00157,-0.00359,-0.01112
840.3800049,-0.010930001,-0.008669999,-0.00503,-0.00147,-0.00386,-0.01105
840.7000122,-0.01121,-0.00901,-0.00523,-0.00158,-0.00406,-0.0111
841.0100098,-0.01119,-0.00902,-0.00529,-0.00157,-0.00385,-0.01127
841.3300171,-0.0113,-0.00914,-0.0056,-0.00153,-0.00405,-0.01125
841.6500244,-0.011369999,-0.009380001,-0.0057,-0.00151,-0.00424,-0.01122
841.960022,-0.011460001,-0.00931,-0.00558,-0.00145,-0.00428,-0.0112
842.2800293,-0.011829999,-0.00927,-0.00548,-0.00158,-0.00451,-0.01127
842.5999756,-0.01196,-0.00923,-0.00553,-0.00181,-0.00454,-0.0114
842.9099731,-0.01201,-0.00929,-0.00568,-0.00191,-0.00456,-0.01164
843.2299805,-0.01202,-0.00958,-0.00608,-0.00218,-0.0051,-0.01166
843.539978,-0.01229,-0.00983,-0.00626,-0.00244,-0.00528,-0.0118
843.8599854,-0.0124,-0.0095,-0.00616,-0.00235,-0.00529,-0.01149
844.1699829,-0.01239,-0.00982,-0.00618,-0.00253,-0.00555,-0.0115
844.4899902,-0.01205,-0.00979,-0.0062,-0.00255,-0.0054,-0.011419999
844.8099976,-0.011879999,-0.00985,-0.00612,-0.00242,-0.00562,-0.01149
845.1199951,-0.011720001,-0.00962,-0.0058,-0.00232,-0.00559,-0.011030001
845.4400024,-0.01153,-0.00934,-0.00548,-0.00194,-0.00528,-0.01075
845.75,-0.01144,-0.00931,-0.00541,-0.00198,-0.00526,-0.010980001
846.0700073,-0.011519999,-0.00977,-0.00573,-0.00197,-0.00553,-0.01118
846.3800049,-0.01163,-0.0097,-0.00589,-0.00196,-0.00556,-0.0113
846.7000122,-0.0121,-0.01015,-0.00622,-0.00213,-0.00583,-0.01143
847.0100098,-0.01214,-0.01053,-0.0063,-0.00223,-0.00583,-0.01175
847.3300171,-0.012589999,-0.01082,-0.00663,-0.00244,-0.00609,-0.012209999
847.6400146,-0.01289,-0.01079,-0.00657,-0.00245,-0.00628,-0.01242
847.960022,-0.0128,-0.01102,-0.00669,-0.00215,-0.00635,-0.012259999
848.2700195,-0.01269,-0.01082,-0.00678,-0.00227,-0.00612,-0.01211
848.5900269,-0.01276,-0.01092,-0.00658,-0.00219,-0.00599,-0.01194
848.9000244,-0.01285,-0.01061,-0.0065,-0.00217,-0.00598,-0.012159999
849.2199707,-0.01287,-0.01016,-0.00645,-0.00202,-0.00575,-0.011729999
849.5300293,-0.0126,-0.010089999,-0.00635,-0.00197,-0.0056,-0.01179
849.8499756,-0.01249,-0.01033,-0.00661,-0.00223,-0.00556,-0.011779999
850.1599731,-0.01279,-0.010340001,-0.00687,-0.00245,-0.00573,-0.011849999
850.4799805,-0.012589999,-0.010340001,-0.00653,-0.00268,-0.00582,-0.01203
850.789978,-0.0125,-0.010299999,-0.00689,-0.00297,-0.00603,-0.012130001
851.1099854,-0.012259999,-0.01045,-0.00691,-0.00265,-0.00582,-0.011829999
851.4199829,-0.01227,-0.01028,-0.00674,-0.00263,-0.00582,-0.011720001
851.7399902,-0.012250001,-0.01045,-0.00682,-0.00273,-0.00573,-0.01166
852.0499878,-0.012510001,-0.01052,-0.00667,-0.00282,-0.00562,-0.011510001
852.3599854,-0.012519999,-0.010340001,-0.00648,-0.00282,-0.00547,-0.011510001
852.6799927,-0.012610001,-0.0105,-0.00656,-0.00258,-0.00545,-0.011720001
852.9899902,-0.01254,-0.01038,-0.00652,-0.0025,-0.00542,-0.0118
853.3099976,-0.012589999,-0.01033,-0.00624,-0.00258,-0.0054,-0.011729999
853.6199951,-0.01279,-0.01079,-0.00657,-0.00264,-0.00564,-0.01201
853.9400024,-0.01287,-0.01066,-0.00672,-0.00264,-0.006,-0.01176
854.25,-0.01281,-0.010679999,-0.00699,-0.00253,-0.00627,-0.01205
854.5599976,-0.01273,-0.01059,-0.00724,-0.00275,-0.00634,-0.01222
854.8800049,-0.012949999,-0.01079,-0.00757,-0.00301,-0.00651,-0.01224
855.1900024,-0.01327,-0.010650001,-0.00773,-0.0027,-0.00656,-0.01222
855.5100098,-0.013780001,-0.01119,-0.00828,-0.00327,-0.00695,-0.01298
855.8200073,-0.01388,-0.011390001,-0.00842,-0.00355,-0.00713,-0.01314
856.1300049,-0.01411,-0.01155,-0.00846,-0.00355,-0.00715,-0.013689999
856.4500122,-0.01429,-0.01144,-0.00825,-0.00347,-0.00715,-0.01382
856.7600098,-0.014450001,-0.01165,-0.00794,-0.00327,-0.00725,-0.013689999
857.0700073,-0.01426,-0.01128,-0.00758,-0.00336,-0.00688,-0.01368
857.3900146,-0.01422,-0.01159,-0.00741,-0.00356,-0.00666,-0.01365
857.7000122,-0.01411,-0.01125,-0.00739,-0.00332,-0.00659,-0.013350001
858.0200195,-0.01417,-0.01096,-0.00725,-0.00333,-0.00641,-0.01324
858.3300171,-0.01395,-0.0108,-0.007,-0.00321,-0.00608,-0.01312
858.6400146,-0.01397,-0.01087,-0.0072,-0.00347,-0.00598,-0.01298
858.960022,-0.01391,-0.011089999,-0.0074,-0.00359,-0.00591,-0.013049999
859.2700195,-0.01413,-0.01138,-0.00777,-0.00341,-0.00598,-0.01317
859.5800171,-0.01422,-0.01169,-0.00805,-0.00357,-0.0062,-0.01365
859.9000244,-0.013890001,-0.01161,-0.00796,-0.00364,-0.0063,-0.01358
860.210022,-0.013739999,-0.011820001,-0.007929999,-0.00347,-0.0061,-0.01361
860.5200195,-0.01392,-0.01202,-0.00826,-0.00353,-0.00621,-0.01354
860.8300171,-0.01391,-0.011879999,-0.00828,-0.00353,-0.00626,-0.01363
861.1500244,-0.01398,-0.011820001,-0.0083,-0.00361,-0.00619,-0.01358
861.460022,-0.013839999,-0.01194,-0.00801,-0.00353,-0.00607,-0.01337
861.7700195,-0.01391,-0.01194,-0.008140001,-0.00358,-0.00606,-0.01337
862.0900269,-0.014119999,-0.01212,-0.00825,-0.00344,-0.00615,-0.01347
862.4000244,-0.01423,-0.01222,-0.008690001,-0.0039,-0.00651,-0.013660001
862.710022,-0.01429,-0.012309999,-0.00876,-0.0039,-0.00661,-0.01361
863.0200195,-0.014199999,-0.01265,-0.00877,-0.00369,-0.00672,-0.013660001
863.3400269,-0.01426,-0.0127,-0.00877,-0.0037,-0.00653,-0.013830001
863.6500244,-0.01451,-0.01273,-0.00902,-0.00403,-0.00687,-0.01395
863.960022,-0.01446,-0.0129,-0.00887,-0.00382,-0.00703,-0.01396
864.2700195,-0.01455,-0.01286,-0.008690001,-0.00403,-0.00691,-0.01411
864.5900269,-0.01455,-0.012970001,-0.00843,-0.00389,-0.00696,-0.01418
864.9000244,-0.01477,-0.01298,-0.00839,-0.00418,-0.00689,-0.014400001
865.210022,-0.01506,-0.01324,-0.00875,-0.0048,-0.00712,-0.01481
865.5200195,-0.01521,-0.01318,-0.00879,-0.00477,-0.00735,-0.014880001
865.8400269,-0.01508,-0.01316,-0.00899,-0.00474,-0.0073,-0.014789999
866.1500244,-0.01512,-0.0129,-0.00896,-0.00499,-0.00718,-0.01471
866.460022,-0.01533,-0.01298,-0.00937,-0.00496,-0.00701,-0.01469
866.7700195,-0.01543,-0.012920001,-0.009509999,-0.00497,-0.00683,-0.014780001
867.0800171,-0.0154,-0.01289,-0.00961,-0.00516,-0.0068,-0.01474
867.4000244,-0.01525,-0.01275,-0.0093,-0.00477,-0.00652,-0.014359999
867.710022,-0.01492,-0.01285,-0.008909999,-0.00476,-0.00639,-0.014359999
868.0200195,-0.01521,-0.01324,-0.00904,-0.00501,-0.00645,-0.01492
868.3300171,-0.015470001,-0.013710001,-0.00916,-0.00499,-0.00684,-0.015149999
868.6400146,-0.015620001,-0.013940001,-0.00922,-0.00523,-0.00733,-0.01529
868.960022,-0.01572,-0.01392,-0.009190001,-0.00537,-0.00743,-0.01508
869.2700195,-0.015759999,-0.013890001,-0.00908,-0.00485,-0.00759,-0.015369999
869.5800171,-0.01598,-0.01392,-0.00921,-0.00508,-0.00747,-0.01572
869.8900146,-0.015930001,-0.0137,-0.00954,-0.00503,-0.00764,-0.015759999
870.2000122,-0.0163,-0.01349,-0.00971,-0.00526,-0.00802,-0.015900001
870.5100098,-0.016590001,-0.01354,-0.009959999,-0.00561,-0.00815,-0.016210001
870.8200073,-0.016109999,-0.013350001,-0.0099,-0.00518,-0.00773,-0.01599
871.1400146,-0.016249999,-0.01351,-0.01002,-0.00531,-0.00794,-0.01626
871.4500122,-0.01622,-0.013400001,-0.00985,-0.00566,-0.00796,-0.01591
871.7600098,-0.01627,-0.01376,-0.00997,-0.00566,-0.00849,-0.01591
872.0700073,-0.016720001,-0.01418,-0.01015,-0.00604,-0.00878,-0.01605
872.3800049,-0.01664,-0.01427,-0.009959999,-0.00571,-0.00875,-0.016180001
872.6900024,-0.01619,-0.014090001,-0.00972,-0.00541,-0.00853,-0.015829999
873,-0.0165,-0.01456,-0.00997,-0.00599,-0.0091,-0.01629
873.3099976,-0.016549999,-0.01447,-0.010089999,-0.00582,-0.00915,-0.0164
873.6300049,-0.01709,-0.01498,-0.01075,-0.00618,-0.00948,-0.01688
873.9400024,-0.017449999,-0.01491,-0.010729999,-0.00656,-0.0097,-0.01719
874.25,-0.01795,-0.015219999,-0.011109999,-0.0069,-0.00984,-0.017419999
874.5599976,-0.017690001,-0.014789999,-0.010980001,-0.00678,-0.0097,-0.01709
874.8699951,-0.018239999,-0.014830001,-0.01131,-0.00712,-0.00989,-0.01708
875.1799927,-0.01826,-0.014359999,-0.01122,-0.00691,-0.00974,-0.01678
875.4899902,-0.01835,-0.01446,-0.011039999,-0.00686,-0.010039999,-0.01702
875.7999878,-0.017659999,-0.01439,-0.01081,-0.00655,-0.0096,-0.0167
876.1099854,-0.01708,-0.013739999,-0.01061,-0.00625,-0.00935,-0.016170001
876.4199829,-0.016729999,-0.013730001,-0.01047,-0.00627,-0.0096,-0.016170001
876.7299805,-0.017100001,-0.01419,-0.01058,-0.00667,-0.00984,-0.01616
877.039978,-0.01695,-0.01442,-0.01069,-0.00665,-0.009959999,-0.016549999
877.3499756,-0.017270001,-0.01497,-0.010829999,-0.00718,-0.010319999,-0.017000001
877.6599731,-0.01716,-0.0153,-0.01082,-0.00733,-0.01022,-0.016829999
877.9699707,-0.017719999,-0.015690001,-0.010939999,-0.00742,-0.01091,-0.017130001
878.2800293,-0.01809,-0.01627,-0.01125,-0.00752,-0.01091,-0.01712
878.5900269,-0.01822,-0.01633,-0.011460001,-0.00738,-0.01061,-0.01723
878.9000244,-0.018550001,-0.01671,-0.01195,-0.0077,-0.011039999,-0.01767
879.210022,-0.0186,-0.016649999,-0.01191,-0.00767,-0.0111,-0.017860001
879.5200195,-0.018509999,-0.016559999,-0.011670001,-0.00717,-0.01101,-0.017690001
879.8300171,-0.018780001,-0.016519999,-0.01217,-0.00748,-0.01114,-0.01781
880.1400146,-0.018689999,-0.016239999,-0.01233,-0.007879999,-0.0111,-0.01815
880.4500122,-0.019160001,-0.016860001,-0.012560001,-0.0083,-0.01169,-0.01881
880.7600098,-0.01901,-0.016619999,-0.01196,-0.00836,-0.01208,-0.018719999
881.0700073,-0.018960001,-0.016799999,-0.011729999,-0.00819,-0.0121,-0.018789999
881.3800049,-0.018890001,-0.01695,-0.01164,-0.008090001,-0.0121,-0.01867
881.6900024,-0.019409999,-0.01761,-0.0124,-0.0088,-0.0125,-0.019160001
882,-0.019450001,-0.01743,-0.01189,-0.00861,-0.01223,-0.018960001
882.3099976,-0.019680001,-0.017650001,-0.0118,-0.00838,-0.01244,-0.01863
882.6199951,-0.01939,-0.017100001,-0.01181,-0.00815,-0.01195,-0.0184
882.9299927,-0.01949,-0.017380001,-0.01222,-0.00841,-0.01198,-0.018660001
883.2399902,-0.01952,-0.017209999,-0.01296,-0.00873,-0.01192,-0.018680001
883.5499878,-0.019780001,-0.01722,-0.01352,-0.009409999,-0.012130001,-0.01912
883.8599854,-0.019230001,-0.016619999,-0.0129,-0.00896,-0.0118,-0.018760001
884.1699829,-0.019340001,-0.01706,-0.01367,-0.00934,-0.01249,-0.01908
884.4799805,-0.019479999,-0.016970001,-0.01365,-0.00966,-0.01263,-0.01928
884.789978,-0.01932,-0.01678,-0.013459999,-0.00954,-0.01281,-0.01935
885.0900269,-0.019960001,-0.01699,-0.014090001,-0.00939,-0.013049999,-0.019470001
885.4000244,-0.019960001,-0.01675,-0.013359999,-0.00925,-0.01317,-0.019400001
885.710022,-0.02031,-0.01708,-0.013200001,-0.00939,-0.013359999,-0.01901
886.0200195,-0.02039,-0.01668,-0.01329,-0.00948,-0.01347,-0.018780001
886.3300171,-0.020179998,-0.016380001,-0.01319,-0.00963,-0.01339,-0.018860001
886.6400146,-0.019709999,-0.016649999,-0.01318,-0.00915,-0.01309,-0.019019999
886.9500122,-0.019960001,-0.01681,-0.0136,-0.00939,-0.01329,-0.019309999
887.2600098,-0.019540001,-0.016869999,-0.01328,-0.00956,-0.01306,-0.01919
887.5700073,-0.01943,-0.017029999,-0.01343,-0.00954,-0.012949999,-0.01891
887.8699951,-0.019199999,-0.016729999,-0.013409999,-0.00926,-0.013049999,-0.01911
888.1799927,-0.01984,-0.01764,-0.01363,-0.00971,-0.01351,-0.01957
888.4899902,-0.020130001,-0.01791,-0.01356,-0.009240001,-0.01352,-0.019809999
888.7999878,-0.020669999,-0.018070001,-0.01395,-0.00966,-0.01402,-0.0198
889.1099854,-0.020650001,-0.01826,-0.01376,-0.00914,-0.0138,-0.019230001
889.4199829,-0.020299999,-0.01781,-0.01368,-0.008719999,-0.01386,-0.019239999
889.7199707,-0.020499999,-0.01794,-0.013739999,-0.008909999,-0.013940001,-0.01943
890.0300293,-0.020090001,-0.01764,-0.013350001,-0.00854,-0.013350001,-0.01897
890.3400269,-0.019609999,-0.0173,-0.01349,-0.0082,-0.01288,-0.01877
890.6500244,-0.01936,-0.01723,-0.01361,-0.008719999,-0.01302,-0.01881
890.960022,-0.018990001,-0.01698,-0.013300001,-0.008640001,-0.012669999,-0.018580001
891.2700195,-0.01929,-0.01712,-0.01403,-0.009240001,-0.012999999,-0.019409999
891.5700073,-0.019680001,-0.01746,-0.01424,-0.009330001,-0.013049999,-0.01952
891.8800049,-0.019550001,-0.017480001,-0.01435,-0.0093,-0.012990001,-0.01974
892.1900024,-0.02046,-0.018200001,-0.015620001,-0.0101,-0.01418,-0.020610001
892.5,-0.020850001,-0.018370001,-0.01559,-0.01012,-0.01438,-0.020769998
892.7999878,-0.021020001,-0.018850001,-0.01589,-0.01016,-0.014479999,-0.020650001
893.1099854,-0.021300001,-0.01957,-0.01633,-0.01007,-0.01449,-0.02121
893.4199829,-0.02091,-0.01929,-0.015520001,-0.00954,-0.01398,-0.020330001
893.7299805,-0.0211,-0.01949,-0.015570001,-0.00988,-0.01419,-0.02036
894.039978,-0.02135,-0.019509999,-0.015700001,-0.0099,-0.01434,-0.020380002
894.3400269,-0.021170001,-0.019170001,-0.01509,-0.00949,-0.01372,-0.01977
894.6500244,-0.020680001,-0.01891,-0.01508,-0.00942,-0.013459999,-0.01969
894.960022,-0.02056,-0.01819,-0.01465,-0.00916,-0.01279,-0.0196
895.2600098,-0.020780001,-0.01794,-0.01461,-0.00957,-0.013250001,-0.019509999
895.5700073,-0.020959999,-0.017970001,-0.0147,-0.00997,-0.0136,-0.01974
895.8800049,-0.021229999,-0.018229999,-0.015,-0.00995,-0.0138,-0.020469999
896.1900024,-0.02062,-0.017719999,-0.01446,-0.00939,-0.013300001,-0.02011
896.4899902,-0.020409999,-0.017970001,-0.01433,-0.00934,-0.01327,-0.020499999
896.7999878,-0.020060001,-0.01785,-0.014199999,-0.00898,-0.012920001,-0.020029999
897.1099854,-0.020650001,-0.018750001,-0.01469,-0.00935,-0.013710001,-0.020669999
897.4199829,-0.020369999,-0.0185,-0.015240001,-0.00942,-0.01367,-0.020569999
897.7199707,-0.020350002,-0.018680001,-0.0153,-0.00978,-0.013990001,-0.020810001
898.0300293,-0.02014,-0.018449999,-0.01511,-0.00985,-0.01386,-0.01997
898.3400269,-0.020580001,-0.019029999,-0.01555,-0.01015,-0.01444,-0.020480001
898.6400146,-0.02069,-0.0188,-0.01523,-0.010240001,-0.01454,-0.020350002
898.9500122,-0.021570001,-0.01905,-0.01559,-0.01064,-0.01526,-0.021020001
899.2600098,-0.021600001,-0.01874,-0.0154,-0.0105,-0.01509,-0.020399999
899.5599976,-0.02169,-0.018960001,-0.01525,-0.01058,-0.01472,-0.020719999
899.8699951,-0.022019999,-0.019440001,-0.015570001,-0.01047,-0.01451,-0.020669999
900.1799927,-0.022049999,-0.019409999,-0.015319999,-0.010299999,-0.01426,-0.020810001
900.4799805,-0.021679999,-0.01908,-0.01481,-0.01047,-0.01403,-0.020680001
900.789978,-0.02173,-0.019019999,-0.01528,-0.01055,-0.0136,-0.020669999
901.0999756,-0.02141,-0.01929,-0.01498,-0.0105,-0.01311,-0.020339999
901.4000244,-0.020869998,-0.019270001,-0.01482,-0.01028,-0.01266,-0.020380002
901.710022,-0.021300001,-0.019309999,-0.01503,-0.01046,-0.0129,-0.020330001
902.0100098,-0.021189999,-0.018890001,-0.01465,-0.01048,-0.01264,-0.020469999
902.3200073,-0.020130001,-0.01801,-0.01424,-0.01033,-0.01206,-0.019929999
902.6300049,-0.020880001,-0.01864,-0.015039999,-0.01021,-0.011779999,-0.02036
902.9299927,-0.02098,-0.01914,-0.01509,-0.01007,-0.011729999,-0.02052
903.2399902,-0.02122,-0.01895,-0.015269999,-0.01023,-0.011770001,-0.021050001
903.539978,-0.021559998,-0.018999999,-0.015520001,-0.01058,-0.01128,-0.021429999
903.8499756,-0.021329999,-0.019069999,-0.0153,-0.0105,-0.010989999,-0.02141
904.1599731,-0.021540001,-0.01952,-0.01559,-0.01046,-0.010620001,-0.02149
904.460022,-0.02273,-0.02015,-0.01643,-0.0109,-0.010670001,-0.022219999
904.7700195,-0.02276,-0.020350002,-0.016419999,-0.01134,-0.01071,-0.022049999
905.0700073,-0.02299,-0.020469999,-0.01643,-0.01189,-0.01005,-0.022360001
905.3800049,-0.023050001,-0.02084,-0.016549999,-0.01207,-0.00923,-0.02259
905.6799927,-0.022720002,-0.02052,-0.01629,-0.0115,-0.00839,-0.022430001
905.9899902,-0.02279,-0.02079,-0.01613,-0.01165,-0.00762,-0.02258
906.2999878,-0.02286,-0.020499999,-0.01626,-0.01181,-0.0071,-0.02269
906.5999756,-0.02279,-0.020920001,-0.0167,-0.01219,-0.0069,-0.023010001
906.9099731,-0.023,-0.02083,-0.016729999,-0.01204,-0.00621,-0.023320001
907.210022,-0.022780001,-0.020950001,-0.017000001,-0.01208,-0.00601,-0.02342
907.5200195,-0.02266,-0.020880001,-0.01694,-0.012309999,-0.00574,-0.02293
907.8200073,-0.02331,-0.02138,-0.01699,-0.01275,-0.00603,-0.02251
908.1300049,-0.023599999,-0.021340001,-0.01716,-0.013040001,-0.00645,-0.022530001
908.4299927,-0.023390001,-0.021340001,-0.017200001,-0.0125,-0.00605,-0.02228
908.7399902,-0.023499999,-0.021329999,-0.016799999,-0.01245,-0.00566,-0.02252
909.039978,-0.02389,-0.021740001,-0.017270001,-0.01282,-0.00621,-0.02263
909.3499756,-0.024130002,-0.02183,-0.01698,-0.012619999,-0.00623,-0.022360001
909.6500244,-0.024430001,-0.021949999,-0.01736,-0.0125,-0.00678,-0.02269
909.960022,-0.02437,-0.022449998,-0.017999999,-0.0128,-0.00741,-0.02386
910.2600098,-0.02427,-0.022550002,-0.017650001,-0.01254,-0.00721,-0.02392
910.5700073,-0.025009999,-0.023250001,-0.01818,-0.01356,-0.00808,-0.02486
910.8699951,-0.025250001,-0.023610001,-0.018279999,-0.01387,-0.00853,-0.02476
911.1799927,-0.02526,-0.023429999,-0.018650001,-0.01398,-0.00868,-0.025190001
911.4799805,-0.025,-0.023290001,-0.018750001,-0.0143,-0.00956,-0.02558
911.789978,-0.02506,-0.023699999,-0.01891,-0.01439,-0.01017,-0.0254
912.0900269,-0.024800001,-0.023499999,-0.0188,-0.01441,-0.01026,-0.024979999
912.3900146,-0.02499,-0.02342,-0.019719999,-0.0148,-0.01122,-0.025209999
912.7000122,-0.02444,-0.022950001,-0.019029999,-0.01418,-0.01101,-0.024560001
913,-0.024230001,-0.02258,-0.018829999,-0.01393,-0.01129,-0.02438
913.3099976,-0.024300002,-0.022909999,-0.018309999,-0.01417,-0.01174,-0.023940001
913.6099854,-0.024590001,-0.023050001,-0.018829999,-0.01392,-0.012130001,-0.023829998
913.9199829,-0.024920002,-0.023189999,-0.01935,-0.01417,-0.01227,-0.02448
914.2199707,-0.02533,-0.022750001,-0.019509999,-0.01419,-0.01227,-0.02465
914.5200195,-0.025280001,-0.02299,-0.01908,-0.01421,-0.01209,-0.02513
914.8300171,-0.025799999,-0.023,-0.01974,-0.014680001,-0.013040001,-0.02592
915.1300049,-0.02616,-0.02359,-0.020060001,-0.014680001,-0.0137,-0.02616
915.4400024,-0.025769999,-0.023759998,-0.01974,-0.014520001,-0.01376,-0.02609
915.7399902,-0.026210001,-0.024130002,-0.019750001,-0.0154,-0.01434,-0.02612
916.039978,-0.025940001,-0.024019999,-0.019550001,-0.01581,-0.01471,-0.02579
916.3499756,-0.025899999,-0.024590001,-0.02,-0.01636,-0.01568,-0.025699999
916.6500244,-0.025969999,-0.02489,-0.02052,-0.016590001,-0.016319999,-0.02575
916.960022,-0.02586,-0.025320001,-0.02062,-0.01699,-0.016319999,-0.025629999
917.2600098,-0.025940001,-0.02562,-0.02066,-0.017580001,-0.016690001,-0.025769999
917.5599976,-0.02595,-0.025320001,-0.02145,-0.01764,-0.01681,-0.025840001
917.8699951,-0.02612,-0.025239998,-0.021840001,-0.01761,-0.016869999,-0.027009999
918.1699829,-0.026619999,-0.025739999,-0.021540001,-0.017480001,-0.01749,-0.02784
918.4699707,-0.027320001,-0.026029998,-0.021810001,-0.017419999,-0.01781,-0.028350001
918.7800293,-0.028139999,-0.026349999,-0.022369999,-0.017549999,-0.01832,-0.02888
919.0800171,-0.028410001,-0.026730001,-0.022650002,-0.017650001,-0.018990001,-0.02911
919.3800049,-0.028989999,-0.026489999,-0.023159999,-0.017690001,-0.018860001,-0.029440001
919.6900024,-0.029340001,-0.026770001,-0.02342,-0.017680001,-0.019509999,-0.02997
919.9899902,-0.029690001,-0.02744,-0.023320001,-0.01784,-0.02005,-0.029749999
920.289978,-0.029860001,-0.027309999,-0.02389,-0.01811,-0.01976,-0.029610001
920.5900269,-0.029949998,-0.02785,-0.024,-0.018819999,-0.020230001,-0.029930001
920.9000244,-0.02942,-0.02819,-0.023429999,-0.018919999,-0.01929,-0.029360002
921.2000122,-0.029260002,-0.027869999,-0.02389,-0.018580001,-0.019230001,-0.029189998
921.5,-0.029579999,-0.02854,-0.024839999,-0.018850001,-0.019750001,-0.02973
921.8099976,-0.03011,-0.0294,-0.02503,-0.01967,-0.020079998,-0.030199999
922.1099854,-0.02954,-0.029289998,-0.025320001,-0.019540001,-0.01935,-0.029849999
922.4099731,-0.029920001,-0.02949,-0.02585,-0.02001,-0.019680001,-0.030050002
922.710022,-0.030409999,-0.02953,-0.026280001,-0.02046,-0.02007,-0.030669998
923.0200195,-0.030650001,-0.02881,-0.02658,-0.02021,-0.020650001,-0.030230001
923.3200073,-0.03125,-0.029360002,-0.026419999,-0.02029,-0.020969998,-0.030060001
923.6199951,-0.03056,-0.029409999,-0.0255,-0.019960001,-0.020950001,-0.029619999
923.9199829,-0.030929999,-0.029200001,-0.02585,-0.02001,-0.021159999,-0.029899999
924.2299805,-0.03187,-0.029270001,-0.026080001,-0.020650001,-0.022019999,-0.030099999
924.5300293,-0.0328,-0.03018,-0.026659999,-0.02066,-0.022820001,-0.031270001
924.8300171,-0.032309998,-0.029749999,-0.02572,-0.01956,-0.021359999,-0.030920001
925.1300049,-0.03311,-0.030550001,-0.026289999,-0.019960001,-0.02197,-0.03229
925.4400024,-0.03345,-0.031229999,-0.02664,-0.02086,-0.021810001,-0.03311
925.7399902,-0.034200002,-0.03115,-0.026500002,-0.02153,-0.02201,-0.03339
926.039978,-0.03379,-0.03039,-0.02658,-0.020989999,-0.021170001,-0.0328
926.3400269,-0.03365,-0.029960001,-0.02643,-0.020280002,-0.020179998,-0.032930002
926.6400146,-0.033059999,-0.029189998,-0.025910001,-0.020450002,-0.019470001,-0.032019999
926.9500122,-0.033099998,-0.02922,-0.026589999,-0.02091,-0.021240002,-0.031920001
927.25,-0.03311,-0.029899999,-0.026889998,-0.021429999,-0.021240002,-0.032129999
927.5499878,-0.033889998,-0.030160001,-0.027290002,-0.02211,-0.02241,-0.03311
927.8499756,-0.03424,-0.030400001,-0.027729999,-0.022149999,-0.022679999,-0.033299997
928.1500244,-0.035190001,-0.03145,-0.028080001,-0.023159999,-0.023840001,-0.034120001
928.460022,-0.035360001,-0.03294,-0.02881,-0.024030002,-0.025039999,-0.03444
928.7600098,-0.035130002,-0.033330001,-0.028870001,-0.025009999,-0.02548,-0.034649998
929.0599976,-0.03616,-0.03444,-0.029660001,-0.025840001,-0.025320001,-0.035289999
929.3599854,-0.035599999,-0.03359,-0.028989999,-0.025359999,-0.02533,-0.034990001
929.6599731,-0.034979999,-0.033360001,-0.02843,-0.02469,-0.02486,-0.034910001
929.960022,-0.033940002,-0.033210002,-0.028689999,-0.02471,-0.024900001,-0.034510002
930.2600098,-0.033920001,-0.033670001,-0.02933,-0.024820002,-0.0253,-0.03559
930.5700073,-0.03444,-0.033150002,-0.030050002,-0.024590001,-0.025869999,-0.036010001
930.8699951,-0.036229998,-0.034059998,-0.031369999,-0.02465,-0.026989998,-0.037100002
931.1699829,-0.036079999,-0.03393,-0.03098,-0.024080001,-0.027690001,-0.037560001
931.4699707,-0.037320003,-0.03534,-0.031580001,-0.024569999,-0.02822,-0.03802
931.7700195,-0.03785,-0.036320001,-0.03277,-0.02564,-0.02923,-0.03816
932.0700073,-0.0396,-0.037140001,-0.034309998,-0.02644,-0.03004,-0.03971
932.3699951,-0.040270001,-0.037890002,-0.035119999,-0.027070001,-0.030480001,-0.039159998
932.6699829,-0.040180001,-0.039189998,-0.035409998,-0.02812,-0.03128,-0.03974
932.9699707,-0.039839998,-0.038660001,-0.035689998,-0.028410001,-0.031339999,-0.040170003
933.2700195,-0.04061,-0.03968,-0.036830001,-0.02964,-0.031429999,-0.0405
933.5800171,-0.040409997,-0.039500002,-0.037459999,-0.029899999,-0.031600002,-0.04067
933.8800049,-0.040510003,-0.03991,-0.037579998,-0.03002,-0.03193,-0.041139998
934.1799927,-0.039619997,-0.03971,-0.0363,-0.029100001,-0.03193,-0.040599998
934.4799805,-0.039280001,-0.039590001,-0.03582,-0.028829999,-0.031780001,-0.040860001
934.7800293,-0.039549999,-0.03929,-0.035390001,-0.0287,-0.030620001,-0.041020002
935.0800171,-0.039280001,-0.040440001,-0.0348,-0.02868,-0.0309,-0.041069999
935.3800049,-0.038880002,-0.039690003,-0.034679998,-0.028139999,-0.031099999,-0.040929999
935.6799927,-0.039170001,-0.039439999,-0.034699999,-0.02832,-0.032170001,-0.041490003
935.9799805,-0.040359996,-0.039340001,-0.03627,-0.02836,-0.03308,-0.042229999
936.2800293,-0.042369999,-0.041609999,-0.038070001,-0.0298,-0.03489,-0.043860003
936.5800171,-0.042680003,-0.042329997,-0.038849998,-0.029999999,-0.035870001,-0.043699998
936.8800049,-0.043400001,-0.042459998,-0.039480001,-0.03081,-0.036540002,-0.043889999
937.1799927,-0.043920003,-0.042270001,-0.040339999,-0.030400001,-0.03757,-0.044060003
937.4799805,-0.045139998,-0.043169998,-0.041030001,-0.03119,-0.038229998,-0.045419998
937.7800293,-0.045329999,-0.043330003,-0.04109,-0.03091,-0.03723,-0.045570001
938.0800171,-0.043990001,-0.043049999,-0.04039,-0.031020001,-0.03658,-0.044650003
938.3800049,-0.04338,-0.042040002,-0.041220002,-0.029849999,-0.035560001,-0.043899998
938.6799927,-0.044050001,-0.042059999,-0.04219,-0.030510001,-0.035769999,-0.045139998
938.9799805,-0.04479,-0.042290002,-0.042579997,-0.02971,-0.036429998,-0.045450002
939.2800293,-0.044720002,-0.041929998,-0.041929998,-0.02991,-0.036140002,-0.044910002
939.5800171,-0.04538,-0.042340003,-0.041820001,-0.030750001,-0.036490001,-0.044349998
939.8800049,-0.046259999,-0.04276,-0.042509999,-0.031400003,-0.03799,-0.044810001
940.1799927,-0.048060004,-0.043579999,-0.042729996,-0.031289998,-0.037890002,-0.045500003
940.4799805,-0.04868,-0.044149999,-0.04219,-0.032880001,-0.038599998,-0.046119999
940.7800293,-0.048649997,-0.04428,-0.040849999,-0.032679997,-0.039389998,-0.046640001
941.0800171,-0.048689999,-0.044889998,-0.040799998,-0.032729998,-0.040449999,-0.046240002
941.3800049,-0.05009,-0.046490002,-0.041820001,-0.033709999,-0.040739998,-0.04741
941.6799927,-0.048800003,-0.046069998,-0.04205,-0.033050001,-0.040739998,-0.047249999
941.9799805,-0.048489999,-0.046390001,-0.042240001,-0.033020001,-0.040460002,-0.04659
942.2700195,-0.048590001,-0.04693,-0.0427,-0.033689998,-0.040720001,-0.046269998
942.5700073,-0.04916,-0.046560001,-0.043470003,-0.03379,-0.04129,-0.04651
942.8699951,-0.0502,-0.047740001,-0.04439,-0.034630001,-0.041149996,-0.04642
943.1699829,-0.050269999,-0.04792,-0.044970002,-0.036229998,-0.04118,-0.047770001
943.4699707,-0.051119998,-0.048460003,-0.045929998,-0.03703,-0.041719999,-0.048299998
943.7700195,-0.05246,-0.049050003,-0.04696,-0.03757,-0.041370001,-0.04941
944.0700073,-0.05381,-0.050050002,-0.04775,-0.039969999,-0.04267,-0.05119
944.3699951,-0.053819999,-0.049689997,-0.04682,-0.040660001,-0.04377,-0.052620001
944.6699829,-0.05325,-0.049689997,-0.046079997,-0.041209999,-0.043319996,-0.053189997
944.9699707,-0.053340003,-0.049050003,-0.046079997,-0.041719999,-0.04335,-0.05333
945.2600098,-0.052930001,-0.049279999,-0.046980001,-0.041840002,-0.043820001,-0.053239997
945.5599976,-0.051230002,-0.047810003,-0.046209998,-0.04081,-0.043820001,-0.052810002
945.8599854,-0.05198,-0.048860002,-0.046329997,-0.041079998,-0.045149997,-0.05328
946.1599731,-0.05153,-0.049039997,-0.046659999,-0.041139998,-0.044109996,-0.053229999
946.460022,-0.052820001,-0.049729999,-0.048610002,-0.042819999,-0.044850003,-0.053979997
946.7600098,-0.05311,-0.050730001,-0.04981,-0.042959999,-0.04532,-0.053920001
947.0499878,-0.051789999,-0.050250001,-0.049400002,-0.042020001,-0.04456,-0.05342
947.3499756,-0.053520001,-0.051069997,-0.04958,-0.04197,-0.044689998,-0.05404
947.6500244,-0.053860001,-0.052379999,-0.04961,-0.04245,-0.044780001,-0.053890001
947.9500122,-0.053590003,-0.05218,-0.048779998,-0.04222,-0.044289999,-0.054079998
948.25,-0.053520001,-0.052589998,-0.049139999,-0.0418,-0.045869999,-0.055050001
948.5499878,-0.052729998,-0.053309999,-0.048969999,-0.040999997,-0.046630003,-0.055190001
948.8400269,-0.052859999,-0.054730002,-0.04919,-0.042119998,-0.046999998,-0.055489998
949.1400146,-0.053790003,-0.055430003,-0.049889997,-0.042989999,-0.0482,-0.056060001
949.4400024,-0.054090001,-0.056329999,-0.05009,-0.04414,-0.04868,-0.056820001
949.7399902,-0.05218,-0.053779997,-0.047930002,-0.04552,-0.049109999,-0.05511
950.039978,-0.051539999,-0.053800002,-0.047979999,-0.045900002,-0.048930001,-0.0548
950.3300171,-0.052839998,-0.054499999,-0.048639998,-0.047589999,-0.048899997,-0.054650001
950.6300049,-0.054219998,-0.054749999,-0.050000001,-0.048829999,-0.049710002,-0.054710001
950.9299927,-0.054530002,-0.053229999,-0.0502,-0.048330002,-0.050050002,-0.054640003
951.2299805,-0.055370003,-0.053819999,-0.051420003,-0.04933,-0.051440001,-0.055879999
951.5200195,-0.055560004,-0.054060001,-0.052410003,-0.050669998,-0.051970001,-0.055949997
951.8200073,-0.05903,-0.05711,-0.05562,-0.049860001,-0.051999997,-0.059149999
952.1199951,-0.059670001,-0.056560002,-0.056919999,-0.050209999,-0.05297,-0.058730002
952.4199829,-0.059980001,-0.05816,-0.058730002,-0.05026,-0.054359999,-0.05948
952.710022,-0.058819998,-0.05883,-0.057719998,-0.04947,-0.053039998,-0.060300004
953.0100098,-0.05979,-0.060159996,-0.057629999,-0.050500002,-0.053509999,-0.061149999
953.3099976,-0.06191,-0.061609998,-0.05841,-0.05133,-0.053979997,-0.061269999
953.6099854,-0.061620001,-0.062069997,-0.058119997,-0.050419997,-0.05429,-0.060249999
953.9000244,-0.062210001,-0.063340001,-0.059459999,-0.052389998,-0.055440001,-0.060890004
954.2000122,-0.064159997,-0.06645,-0.06098,-0.054429997,-0.057870001,-0.062569998
954.5,-0.063960001,-0.06487,-0.058390003,-0.054190002,-0.056290001,-0.062509999
954.789978,-0.063689999,-0.063819997,-0.057569999,-0.052960001,-0.056449998,-0.0614
955.0900269,-0.064580001,-0.065920003,-0.059640002,-0.053940002,-0.0581,-0.063299999
955.3900146,-0.063940004,-0.066750005,-0.058169998,-0.053829998,-0.057589997,-0.064109996
955.6799927,-0.065799996,-0.067840002,-0.05968,-0.056079999,-0.05999,-0.067790002
955.9799805,-0.066509999,-0.068899997,-0.060450003,-0.056339998,-0.061319999,-0.06837
956.2800293,-0.065980002,-0.068969995,-0.059770003,-0.056729998,-0.060560003,-0.068899997
956.5700073,-0.068449996,-0.070809998,-0.06329,-0.0581,-0.064159997,-0.070840001
956.8699951,-0.069990002,-0.072609998,-0.065849997,-0.060549997,-0.065439999,-0.071929999
957.1699829,-0.07023,-0.071589999,-0.064999998,-0.06067,-0.065549999,-0.070760004
957.460022,-0.071079999,-0.072280005,-0.068680003,-0.062729999,-0.067560002,-0.072340004
957.7600098,-0.068949997,-0.071160004,-0.068769999,-0.060949996,-0.066509999,-0.070380002
958.0599976,-0.063069999,-0.065159999,-0.062989995,-0.056030001,-0.05957,-0.065229997
958.3499756,-0.063689999,-0.064269997,-0.063519999,-0.056299999,-0.060419999,-0.066090003
958.6500244,-0.064199999,-0.064489998,-0.062629998,-0.05689,-0.058649998,-0.06549
958.9500122,-0.066799998,-0.06549,-0.063709997,-0.05878,-0.060819998,-0.067259997
959.2399902,-0.06707,-0.06639,-0.064300001,-0.058540002,-0.060619999,-0.068240002
959.539978,-0.06961,-0.067930005,-0.064219996,-0.059409998,-0.06222,-0.069090001
959.8300171,-0.071680002,-0.06921,-0.062329996,-0.059920002,-0.061680004,-0.069820002
960.1300049,-0.080369994,-0.079060003,-0.070409998,-0.067880005,-0.071100004,-0.077870004
960.4299927,-0.080799997,-0.080319993,-0.07226,-0.069219999,-0.072680004,-0.078809999
960.7199707,-0.080719993,-0.079780005,-0.07181,-0.068609998,-0.073649995,-0.079109997
961.0200195,-0.080540001,-0.08083,-0.071890004,-0.069499999,-0.074650005,-0.079879999
961.3099976,-0.082690001,-0.082440004,-0.071620002,-0.071000002,-0.077080004,-0.081479996
961.6099854,-0.08213,-0.080389999,-0.07034,-0.07062,-0.075649999,-0.080949999
961.9000244,-0.083129995,-0.08106,-0.072889999,-0.071550004,-0.077210002,-0.082290001
962.2000122,-0.082700007,-0.078000002,-0.072959997,-0.070720002,-0.075010002,-0.081739999
962.5,-0.084069997,-0.077589996,-0.072039999,-0.071090005,-0.074780002,-0.082299992
962.789978,-0.085369997,-0.080410004,-0.072750002,-0.07367,-0.077320002,-0.083179995
963.0900269,-0.085360005,-0.079319999,-0.07339,-0.073070005,-0.076069996,-0.083319999
963.3800049,-0.085969999,-0.078039996,-0.075120002,-0.073270001,-0.07508,-0.083979994
963.6799927,-0.0854,-0.079229996,-0.076370001,-0.073990002,-0.07677,-0.084169999
963.9699707,-0.086190008,-0.080399998,-0.076899998,-0.076899998,-0.079879999,-0.085380003
964.2700195,-0.085979998,-0.08134,-0.075920001,-0.078019999,-0.082500003,-0.085439995
964.5599976,-0.085469998,-0.082220003,-0.076240003,-0.076680005,-0.083129995,-0.084449999
964.8599854,-0.081999995,-0.080329999,-0.077410005,-0.07564,-0.081610002,-0.084059998
965.1500244,-0.083039999,-0.082879998,-0.077800006,-0.076789998,-0.084910005,-0.086789995
965.4500122,-0.082800001,-0.085509993,-0.078280002,-0.077509999,-0.086460002,-0.086819999
965.7399902,-0.084420003,-0.087669998,-0.079910003,-0.078869998,-0.088019997,-0.089449994
966.039978,-0.083339997,-0.088649996,-0.080499999,-0.077880003,-0.08642,-0.089199997
966.3300171,-0.083439998,-0.088719994,-0.080979995,-0.077249996,-0.087010004,-0.090769999
966.6300049,-0.084799998,-0.091630004,-0.082600005,-0.08021,-0.089940004,-0.093389995
966.9199829,-0.088590004,-0.095080003,-0.084709994,-0.081629999,-0.092819996,-0.096440002
967.2199707,-0.089060001,-0.096610002,-0.086319998,-0.082550004,-0.091479994,-0.096140005
967.5100098,-0.089469999,-0.098479994,-0.08743,-0.085220002,-0.092989996,-0.098250002
967.8099976,-0.087159999,-0.097489998,-0.086300001,-0.084480003,-0.090970002,-0.096260004
968.0999756,-0.089469999,-0.098199993,-0.088380001,-0.086169995,-0.092910007,-0.098520003
968.4000244,-0.08997,-0.099989995,-0.088660002,-0.086590007,-0.092720002,-0.097299993
968.6900024,-0.091239996,-0.102010004,-0.091499999,-0.088459998,-0.092180006,-0.098070003
968.9799805,-0.092180006,-0.101829998,-0.091630004,-0.088950008,-0.091359995,-0.097320005
969.2800293,-0.093620002,-0.103599995,-0.092650004,-0.089779995,-0.093479998,-0.097489998
969.5700073,-0.095509999,-0.103629999,-0.094350003,-0.088909999,-0.094049998,-0.097379997
969.8699951,-0.097620003,-0.10543,-0.094999999,-0.09082,-0.09742,-0.099139996
970.1599731,-0.098370001,-0.107770003,-0.096160002,-0.092180006,-0.099659994,-0.100189999
970.460022,-0.10052,-0.107309997,-0.098179996,-0.093839996,-0.101289995,-0.10221
970.75,-0.102049999,-0.107050002,-0.097600006,-0.091909997,-0.100869998,-0.102510005
971.039978,-0.101300001,-0.107150003,-0.097770005,-0.092050001,-0.101940006,-0.101489998
971.3400269,-0.101400003,-0.104440004,-0.097629994,-0.092349999,-0.101630002,-0.1008
971.6300049,-0.0999,-0.104540005,-0.098760001,-0.094069995,-0.101309992,-0.101169996
971.9299927,-0.099480003,-0.104729995,-0.101359993,-0.092730001,-0.101660006,-0.100670002
972.2199707,-0.101949997,-0.106450006,-0.101099998,-0.092430003,-0.10334,-0.101689994
972.5100098,-0.103440002,-0.108620003,-0.101020001,-0.093139999,-0.103570007,-0.102239996
972.8099976,-0.102449998,-0.10774,-0.10165,-0.094119996,-0.104829997,-0.101610005
973.0999756,-0.101839997,-0.106009997,-0.101429999,-0.094580002,-0.104280002,-0.102449998
973.3900146,-0.103769995,-0.107950002,-0.102340005,-0.095769994,-0.105769999,-0.10396
973.6900024,-0.10757,-0.109510005,-0.100400001,-0.096820004,-0.10774,-0.106109999
973.9799805,-0.111409999,-0.111049995,-0.101789996,-0.103699997,-0.107200004,-0.107409999
974.2700195,-0.110930003,-0.109370001,-0.103,-0.105620004,-0.105559997,-0.10667
974.5700073,-0.110610001,-0.110100001,-0.105769999,-0.105839998,-0.10582,-0.109130003
974.8599854,-0.114600003,-0.113329999,-0.107840002,-0.109030001,-0.106709994,-0.112060003
975.1500244,-0.117539994,-0.116149999,-0.108400002,-0.108419999,-0.110169999,-0.114320002
975.4500122,-0.117880002,-0.116870001,-0.109999999,-0.111829996,-0.111820005,-0.115900002
975.7399902,-0.111099996,-0.110190004,-0.106219999,-0.104770005,-0.105290003,-0.110100001
976.0300293,-0.109750003,-0.109729998,-0.105299994,-0.100220002,-0.107150003,-0.11067
976.3300171,-0.109760001,-0.109610006,-0.105670005,-0.099519998,-0.107799999,-0.113599993
976.6199951,-0.11124,-0.109949999,-0.106650002,-0.10266,-0.110869996,-0.114050001
976.9099731,-0.109789997,-0.108780004,-0.106550001,-0.101680003,-0.113229997,-0.113789998
977.210022,-0.111390002,-0.110710002,-0.10802,-0.104879998,-0.112989999,-0.112729996
977.5,-0.112499997,-0.112810001,-0.109230004,-0.102119997,-0.114650004,-0.113779999
977.789978,-0.119919993,-0.11964,-0.118799999,-0.110550001,-0.123839997,-0.121969998
978.0800171,-0.121409997,-0.121049993,-0.121239997,-0.112199999,-0.124760002,-0.124200001
978.3800049,-0.122170001,-0.123190001,-0.122390002,-0.114720002,-0.126420006,-0.124110006
978.6699829,-0.124949999,-0.124359995,-0.123879999,-0.116709992,-0.128100008,-0.126379997
978.960022,-0.127229989,-0.126759991,-0.125589997,-0.120499998,-0.130439997,-0.128930002
979.25,-0.129069999,-0.127360001,-0.127810001,-0.123259999,-0.13395001,-0.134849995
979.5499878,-0.127609998,-0.126639992,-0.125689998,-0.125379995,-0.131490007,-0.13391
979.8400269,-0.131479993,-0.132459998,-0.127049997,-0.127460003,-0.13527,-0.135169998
980.1300049,-0.133660004,-0.134499997,-0.127460003,-0.128030002,-0.138180003,-0.135470003
980.4199829,-0.135909989,-0.135109991,-0.127729997,-0.129199997,-0.14192,-0.137700006
980.710022,-0.13346,-0.137769997,-0.128219992,-0.128049999,-0.143830001,-0.137700006
981.0100098,-0.133650005,-0.138390005,-0.129659995,-0.128749996,-0.142639995,-0.137960002
981.2999878,-0.135399997,-0.14226,-0.133489996,-0.130019993,-0.144239992,-0.140090004
981.5900269,-0.140000001,-0.14729999,-0.139320001,-0.131679997,-0.149659991,-0.145730004
981.8800049,-0.139359996,-0.145160004,-0.139990002,-0.134079993,-0.149350002,-0.145640001
982.1799927,-0.140629992,-0.146160007,-0.140000001,-0.138329998,-0.148929998,-0.147919998
982.4699707,-0.106929995,-0.111040004,-0.103749998,-0.099399999,-0.111450002,-0.113140002
982.7600098,-0.108620003,-0.10983,-0.104720004,-0.101339996,-0.109910004,-0.114680007
983.0499878,-0.109530002,-0.111649998,-0.105690002,-0.101499997,-0.110819995,-0.118219994
983.3400269,-0.11124,-0.111840002,-0.105900005,-0.105170004,-0.113360003,-0.118260004
983.6300049,-0.112419993,-0.110909998,-0.106109999,-0.108680002,-0.112749994,-0.11592
983.9299927,-0.112609997,-0.111499995,-0.105229996,-0.108050004,-0.115129992,-0.116680004
984.2199707,-0.11485,-0.113219999,-0.106200002,-0.107930005,-0.117060006,-0.117790006
984.5100098,-0.152549997,-0.153950006,-0.146310002,-0.149580002,-0.154770002,-0.154269993
984.7999878,-0.157030001,-0.159329996,-0.150889993,-0.15343,-0.161580011,-0.158590004
985.0900269,-0.158339992,-0.161130011,-0.150439993,-0.155310005,-0.167350009,-0.156429991
985.3800049,-0.160189986,-0.164570004,-0.152419999,-0.155159995,-0.168540001,-0.158020005
985.6699829,-0.157729998,-0.167029992,-0.153669998,-0.155860007,-0.170119986,-0.160489991
985.960022,-0.162619993,-0.17132999,-0.159850001,-0.158969998,-0.170910001,-0.165580004
986.2600098,-0.164629996,-0.174810007,-0.164890006,-0.159549996,-0.172570005,-0.168190002
986.5499878,-0.169920012,-0.175960004,-0.169540003,-0.166830003,-0.179710001,-0.175180003
986.8400269,-0.168540001,-0.178040013,-0.169960007,-0.167630002,-0.177280009,-0.173820004
987.1300049,-0.172140002,-0.18152,-0.175779998,-0.172029987,-0.177719995,-0.178309992
987.4199829,-0.171700001,-0.182520002,-0.176509991,-0.175330013,-0.181340009,-0.177409992
987.710022,-0.17513001,-0.180259988,-0.177980006,-0.172520012,-0.182409987,-0.178340003
988,-0.172210008,-0.178479999,-0.174480006,-0.172770008,-0.183379993,-0.176760003
988.289978,-0.17448999,-0.181700006,-0.175909996,-0.178880006,-0.187759995,-0.179780006
988.5800171,-0.175090015,-0.18596001,-0.179500014,-0.179169998,-0.189279988,-0.181769997
988.8699951,-0.181040004,-0.18858999,-0.182250008,-0.182929993,-0.195100009,-0.185160011
989.1599731,-0.176799998,-0.184829995,-0.178090006,-0.177719995,-0.193220004,-0.18291001
989.460022,-0.175270006,-0.181909993,-0.17930001,-0.175349995,-0.187179998,-0.183990002
989.75,-0.178180009,-0.186089993,-0.183500007,-0.181079999,-0.190109998,-0.185410008
990.039978,-0.17994,-0.186200008,-0.187810004,-0.182970002,-0.194559991,-0.184570014
990.3300171,-0.182530001,-0.183650002,-0.189160004,-0.181329995,-0.193799987,-0.183139995
990.6199951,-0.183029994,-0.182190001,-0.189470008,-0.181959987,-0.193829998,-0.181019992
990.9099731,-0.184450001,-0.183229998,-0.196580008,-0.184360012,-0.196539998,-0.184489995
991.2000122,-0.19374001,-0.192019999,-0.203360006,-0.188519999,-0.20457001,-0.191520005
991.4899902,-0.201650009,-0.201079994,-0.208530009,-0.196620002,-0.21469,-0.199279994
991.7800293,-0.204659998,-0.204009995,-0.210659996,-0.201959997,-0.219470009,-0.202019989
992.0700073,-0.206780002,-0.20803,-0.212339997,-0.204270005,-0.219209999,-0.205620006
992.3599854,-0.202950001,-0.208159998,-0.214090005,-0.206630006,-0.220489994,-0.20781
992.6500244,-0.204510003,-0.210140005,-0.217450008,-0.20747,-0.224559993,-0.210769996
992.9400024,-0.199369997,-0.21074,-0.210599989,-0.20284,-0.220189989,-0.203630015
993.2299805,-0.199080005,-0.208149999,-0.210750014,-0.207029998,-0.221399993,-0.202940002
993.5200195,-0.195750013,-0.203020006,-0.207249999,-0.204689994,-0.219689995,-0.199169993
993.8099976,-0.195390001,-0.204539999,-0.206730008,-0.203510001,-0.220489994,-0.202220008
994.0999756,-0.200460002,-0.209230006,-0.208689988,-0.207780004,-0.222689986,-0.208320007
994.3900146,-0.200790003,-0.212180004,-0.207999989,-0.209030002,-0.226190001,-0.207740009
994.6799927,-0.200119987,-0.215739995,-0.205970004,-0.207350001,-0.221130013,-0.205030009
994.960022,-0.2051,-0.218129992,-0.206369996,-0.211159989,-0.22254999,-0.212980002
995.25,-0.207870007,-0.22525999,-0.212219998,-0.218169987,-0.224799991,-0.221900001
995.539978,-0.21593,-0.234430015,-0.220320001,-0.224160001,-0.231250003,-0.230569988
995.8300171,-0.217710003,-0.237530008,-0.225189984,-0.22615999,-0.231429994,-0.23353
996.1199951,-0.221000001,-0.24233,-0.227099985,-0.226819992,-0.23292999,-0.233869985
996.4099731,-0.227469996,-0.245130002,-0.231399998,-0.230590001,-0.234579995,-0.239099994
996.7000122,-0.233339995,-0.249710009,-0.240030006,-0.240590006,-0.246130005,-0.250119984
996.9899902,-0.239270002,-0.252099991,-0.248239994,-0.246019989,-0.253769994,-0.253890008
997.2800293,-0.240060002,-0.24837999,-0.249679998,-0.244029999,-0.252409995,-0.254130006
997.5700073,-0.238260001,-0.245900005,-0.249589995,-0.240569994,-0.249200001,-0.250499994
997.8599854,-0.244069993,-0.248779997,-0.253140002,-0.245629996,-0.253089994,-0.256179988
998.1500244,-0.245259985,-0.250090003,-0.258960009,-0.249489993,-0.259209991,-0.255270004
998.4299927,-0.24575001,-0.256329983,-0.265269995,-0.25229001,-0.262180001,-0.258639991
998.7199707,-0.243530005,-0.256480008,-0.265639991,-0.250409991,-0.263330013,-0.25406
999.0100098,-0.244159997,-0.263779998,-0.269129992,-0.259680003,-0.270099998,-0.26166001
999.2999878,-0.246490002,-0.27046001,-0.268339992,-0.265670002,-0.276179999,-0.261070013
999.5900269,-0.249729991,-0.272909999,-0.269950002,-0.27117002,-0.280620009,-0.264420003
999.8800049,-0.253899992,-0.278560013,-0.269859999,-0.272870004,-0.288329989,-0.267619997
1000.169983,-0.255769998,-0.276859999,-0.275099993,-0.27335,-0.292999983,-0.275079995
1000.450012,-0.260480016,-0.277880013,-0.277779996,-0.273849994,-0.299190015,-0.282649994
1000.73999,-0.271310002,-0.284020007,-0.281679988,-0.282600015,-0.300940007,-0.288230002
1001.030029,-0.276930004,-0.282429993,-0.283069998,-0.279599994,-0.297529995,-0.284429997
1001.320007,-0.285809994,-0.290079981,-0.289829999,-0.284449995,-0.302479982,-0.290100008
1001.609985,-0.287739992,-0.294099987,-0.295590013,-0.286430001,-0.30539,-0.290320009
1001.900024,-0.283500016,-0.289099991,-0.295440018,-0.279769987,-0.299529999,-0.282810003
1002.179993,-0.275330007,-0.284419984,-0.287649989,-0.275810003,-0.288190007,-0.271210015
1002.469971,-0.275820017,-0.28351,-0.288740009,-0.276149988,-0.289660007,-0.26424998
1002.76001,-0.273929983,-0.283670008,-0.292569995,-0.275529981,-0.291079998,-0.273270011
1003.049988,-0.276609987,-0.288179994,-0.295320004,-0.278339982,-0.295670003,-0.27511999
1003.340027,-0.279680014,-0.287320018,-0.303689986,-0.277920008,-0.299869984,-0.274780005
1003.619995,-0.283169985,-0.292699993,-0.303409994,-0.280030012,-0.301620007,-0.278899997
1003.909973,-0.289689988,-0.304220021,-0.309579998,-0.291839987,-0.31042999,-0.289959997
1004.200012,-0.308090001,-0.319139987,-0.326279998,-0.31002,-0.32980001,-0.31121999
1004.48999,-0.315990001,-0.324369997,-0.32464999,-0.317330003,-0.338450015,-0.317210019
1004.77002,-0.328539997,-0.335429996,-0.329459995,-0.327360004,-0.349799991,-0.322050005
1005.059998,-0.329700023,-0.338839978,-0.332869977,-0.332249999,-0.352569997,-0.328769982
1005.349976,-0.327459991,-0.340259999,-0.332760006,-0.339359999,-0.358539999,-0.334910005
1005.640015,-0.332760006,-0.340909988,-0.338629991,-0.346059978,-0.36421001,-0.344329983
1005.919983,-0.341489971,-0.342729986,-0.353160024,-0.352820009,-0.372999996,-0.352669984
1006.210022,-0.335409999,-0.344029993,-0.346379995,-0.351520002,-0.372649997,-0.353650004
1006.5,-0.334910005,-0.353560001,-0.355460018,-0.358230025,-0.368400007,-0.364459991
1006.789978,-0.336730003,-0.359150022,-0.361680001,-0.362330019,-0.372720003,-0.366489977
1007.070007,-0.340800017,-0.366290003,-0.364089996,-0.364800006,-0.378810018,-0.368629992
1007.359985,-0.349949986,-0.37766999,-0.370740026,-0.370420009,-0.380620003,-0.377169997
1007.650024,-0.354630023,-0.383289993,-0.371250004,-0.372050017,-0.383870006,-0.37856999
1007.929993,-0.35431999,-0.389459997,-0.370190024,-0.374690026,-0.387299985,-0.378110021
1008.219971,-0.377400011,-0.40685001,-0.39071998,-0.38658002,-0.403970003,-0.390649974
1008.51001,-0.384329975,-0.412369996,-0.399450004,-0.39200002,-0.413560003,-0.392050028
1008.799988,-0.381170005,-0.411910027,-0.402589977,-0.392980009,-0.413010001,-0.394950002
1009.080017,-0.388849974,-0.422089994,-0.415579975,-0.401969999,-0.420320004,-0.410859972
1009.369995,-0.401309997,-0.424230009,-0.418339998,-0.41376999,-0.421899974,-0.417149991
1009.659973,-0.422089994,-0.444360018,-0.444700003,-0.434630007,-0.444779992,-0.440299988
1009.940002,-0.432770014,-0.445719987,-0.444429994,-0.44314,-0.454249978,-0.445800006
1010.22998,-0.436349988,-0.451389998,-0.448359996,-0.460960001,-0.457690001,-0.455299973
1010.52002,-0.443779975,-0.463470012,-0.458440006,-0.471500009,-0.470960021,-0.464630008
1010.799988,-0.461570024,-0.472159982,-0.46627,-0.484550029,-0.482569993,-0.477449983
1011.090027,-0.468520015,-0.47044,-0.469799995,-0.496450007,-0.494920015,-0.481180012
1011.369995,-0.460589975,-0.470800012,-0.479149997,-0.496189982,-0.498089969,-0.477999985
1011.659973,-0.453260005,-0.472169995,-0.480769992,-0.501370013,-0.492879987,-0.475210011
1011.950012,-0.460320026,-0.479480028,-0.494780004,-0.50800997,-0.491619974,-0.48251
1012.22998,-0.451139987,-0.468250006,-0.480760008,-0.490480006,-0.475320011,-0.461549997
1012.52002,-0.463530004,-0.470079988,-0.486689985,-0.50158,-0.476780027,-0.474210024
1012.799988,-0.458569974,-0.466139972,-0.483769983,-0.498809993,-0.473729998,-0.467879981
1013.090027,-0.45984,-0.465000004,-0.484860003,-0.49544999,-0.468730003,-0.467610002
1013.380005,-0.452949971,-0.467979997,-0.474940002,-0.486169994,-0.468009979,-0.462750018
1013.659973,-0.456250012,-0.474079996,-0.471969992,-0.488409996,-0.471279979,-0.462870002
1013.950012,-0.453569978,-0.48387,-0.467209995,-0.493239999,-0.482649982,-0.470490009
1014.22998,-0.466689974,-0.497559994,-0.481419981,-0.506080031,-0.500369966,-0.48724997
1014.52002,-0.464259982,-0.503589988,-0.488800019,-0.510820031,-0.505890012,-0.485390007
1014.809998,-0.466069996,-0.511650026,-0.495849997,-0.514180005,-0.511870027,-0.483260006
1015.090027,-0.478230029,-0.531419992,-0.514169991,-0.521899998,-0.526499987,-0.492359996
1015.380005,-0.486389995,-0.539269984,-0.52816999,-0.530260026,-0.537180007,-0.501860023
1015.659973,-0.49048999,-0.534650028,-0.533760011,-0.526660025,-0.545059979,-0.502680004
1015.950012,-0.498769999,-0.537710011,-0.546389997,-0.529299974,-0.54422003,-0.505010009
1016.22998,-0.511099994,-0.552869976,-0.563600004,-0.542029977,-0.564819992,-0.520579994
1016.52002,-0.528380036,-0.562519968,-0.57565999,-0.549160004,-0.582360029,-0.534979999
1016.799988,-0.550769985,-0.589709997,-0.597039998,-0.573559999,-0.600169957,-0.564920008
1017.090027,-0.545629978,-0.580079973,-0.584469974,-0.572039962,-0.588160038,-0.560199976
1017.369995,-0.56595999,-0.596939981,-0.603070021,-0.589659989,-0.607939959,-0.576290011
1017.659973,-0.586160004,-0.619019985,-0.624769986,-0.606889963,-0.619490027,-0.593840003
1017.940002,-0.613759995,-0.64793998,-0.646510005,-0.634859979,-0.650560021,-0.628709972
1018.22998,-0.622550011,-0.655809999,-0.661159992,-0.641279995,-0.658079982,-0.645280004
1018.51001,-0.637270033,-0.676900029,-0.669030011,-0.655139983,-0.670640051,-0.658760011
1018.799988,-0.652399957,-0.683710039,-0.671109974,-0.667219996,-0.693430007,-0.659990013
1019.080017,-0.684740007,-0.706690013,-0.702969968,-0.697269976,-0.73111999,-0.685070038
1019.369995,-0.706009984,-0.719030023,-0.72153002,-0.711859941,-0.75635004,-0.707030058
1019.650024,-0.71055001,-0.724330008,-0.728809953,-0.725749969,-0.77177,-0.710469961
1019.940002,-0.705439985,-0.723330021,-0.738740027,-0.733590007,-0.764750004,-0.707009971
1020.219971,-0.707829952,-0.728349984,-0.739160001,-0.755609989,-0.765459955,-0.702880025
1020.51001,-0.716360033,-0.735759974,-0.759209991,-0.764469981,-0.771149993,-0.722429991
1020.789978,-0.737959981,-0.752789974,-0.795809984,-0.779009998,-0.784639955,-0.754810035
1021.080017,-0.739100039,-0.769810021,-0.805410028,-0.790670037,-0.798600018,-0.758560002
1021.359985,-0.757819951,-0.788830042,-0.812480032,-0.815090001,-0.79885,-0.773869991
1021.640015,-0.785109997,-0.826699972,-0.840250015,-0.85917002,-0.831179976,-0.824429989
1021.929993,-0.784060001,-0.829520047,-0.829670012,-0.855049968,-0.843769968,-0.81577003
1022.210022,-0.78689003,-0.841969967,-0.831179976,-0.849849999,-0.85867995,-0.82505995
1022.5,-0.778020024,-0.840449989,-0.817040026,-0.852330029,-0.865920007,-0.810490012
1022.780029,-0.704919994,-0.799860001,-0.743849993,-0.790640056,-0.831629992,-0.744540036
1023.070007,-0.704919994,-0.799860001,-0.743849993,-0.790640056,-0.831629992,-0.744540036
1023.349976,-0.704919994,-0.799860001,-0.743849993,-0.790640056,-0.831629992,-0.744540036