AUPE,0,0,0,0,0,0
WAC,0,0,0,0,0,0
G02,0,0,0,0,0,0
500,0,0,0,0,0,0
20,0,0,0,0,0,0
nm,0,0,0,0,0,0
Angular Dependence,0,0,0,0,0,0
Wavelengths,0,8,16,24,32,40
360.1499939,-0.214960009,-0.340829998,-0.397799999,-0.493000001,-0.490569979,-0.260560006
360.519989,-0.211369991,-0.331850022,-0.390819997,-0.475199997,-0.487480015,-0.284130007
360.8999939,-0.211280003,-0.335110009,-0.389700025,-0.455169976,-0.477449983,-0.283380002
361.269989,-0.209540009,-0.326130003,-0.389869988,-0.455489993,-0.457729995,-0.296730012
361.6499939,-0.187120005,-0.311130017,-0.363059998,-0.424049973,-0.444429994,-0.284160018
362.019989,-0.200119987,-0.32980001,-0.369339973,-0.424089998,-0.444669992,-0.28046
362.3999939,-0.200890005,-0.323060006,-0.347760022,-0.415499985,-0.440530002,-0.270160019
362.769989,-0.212099984,-0.339269996,-0.352130026,-0.40644002,-0.452010006,-0.283670008
363.1499939,-0.220130011,-0.336320013,-0.347610027,-0.400390029,-0.448359996,-0.290079981
363.519989,-0.211219996,-0.323909998,-0.335270017,-0.390950024,-0.439029992,-0.287140012
363.8999939,-0.206749991,-0.323629975,-0.345290005,-0.381740004,-0.432900012,-0.284689993
364.269989,-0.223869994,-0.345509976,-0.381119996,-0.411489993,-0.455689996,-0.297360003
364.6400146,-0.225130007,-0.344980001,-0.377340019,-0.411260009,-0.468490005,-0.306769997
365.019989,-0.245499998,-0.354380012,-0.393400013,-0.417050004,-0.468129992,-0.309080005
365.3900146,-0.244369999,-0.33186999,-0.388779998,-0.41959998,-0.447669983,-0.300559998
365.769989,-0.227819994,-0.32694,-0.375909984,-0.408650011,-0.445289999,-0.278239995
366.1400146,-0.233579993,-0.354480028,-0.38451001,-0.420210004,-0.449389994,-0.277350008
366.519989,-0.223719999,-0.342900008,-0.369630009,-0.40722999,-0.446339995,-0.261480004
366.8900146,-0.208949998,-0.340680003,-0.358650029,-0.39448002,-0.440410018,-0.268920004
367.2600098,-0.19077,-0.314280003,-0.343300015,-0.374500006,-0.420630008,-0.259669989
367.6400146,-0.173110008,-0.283270001,-0.323199987,-0.366400003,-0.400189996,-0.239449993
368.0100098,-0.141839996,-0.270929992,-0.306529999,-0.340810001,-0.381599993,-0.212329999
368.3900146,-0.126699999,-0.256889999,-0.290619999,-0.318110019,-0.343470007,-0.206569999
368.7600098,-0.118389994,-0.233460009,-0.27471,-0.301340014,-0.325269997,-0.202299997
369.1300049,-0.124659993,-0.224780008,-0.263689995,-0.301290005,-0.317070007,-0.205090001
369.5100098,-0.126599997,-0.213090003,-0.245030001,-0.283859998,-0.30794999,-0.176399991
369.8800049,-0.13064,-0.20122999,-0.233920008,-0.285620004,-0.291580021,-0.159889996
370.25,-0.131260008,-0.211130008,-0.232079998,-0.284810007,-0.291489989,-0.160970002
370.6300049,-0.131750003,-0.189989999,-0.214479998,-0.28312999,-0.294869989,-0.159779996
371,-0.138319999,-0.19337,-0.220550001,-0.285569996,-0.301939994,-0.158100009
371.3800049,-0.134900004,-0.187849998,-0.211909994,-0.276800007,-0.291189998,-0.158570006
371.75,-0.127770007,-0.190839991,-0.215130001,-0.272900015,-0.280669987,-0.158189997
372.1199951,-0.137480006,-0.186829999,-0.227229998,-0.270539999,-0.279130012,-0.174629986
372.5,-0.144960001,-0.201200008,-0.230910003,-0.267399997,-0.27956,-0.186480001
372.8699951,-0.1479,-0.19941999,-0.228910014,-0.258760005,-0.272379994,-0.192380011
373.2399902,-0.156599998,-0.224659994,-0.238710001,-0.266869992,-0.279890001,-0.201299995
373.6199951,-0.155359998,-0.223220006,-0.240079999,-0.277850002,-0.281650007,-0.200389996
373.9899902,-0.142580003,-0.224380001,-0.241559997,-0.263110012,-0.272799999,-0.188960001
374.3599854,-0.126709998,-0.204899997,-0.224190012,-0.244360015,-0.256940007,-0.171000004
374.7399902,-0.115309998,-0.191889986,-0.21360001,-0.23864001,-0.246250004,-0.162280008
375.1099854,-0.100760005,-0.181040004,-0.207770005,-0.229459986,-0.237539992,-0.152700007
375.480011,-0.093719997,-0.174529985,-0.201170012,-0.222649992,-0.240740001,-0.149829999
375.8599854,-0.080179997,-0.154640004,-0.195680007,-0.203209996,-0.221489996,-0.142790005
376.230011,-0.078660004,-0.144950002,-0.187660009,-0.185540006,-0.211900011,-0.13707
376.6000061,-0.082559995,-0.132139996,-0.18107,-0.18305999,-0.209999993,-0.134079993
376.980011,-0.085699998,-0.140540004,-0.18858999,-0.188250005,-0.222240016,-0.139390007
377.3500061,-0.079099998,-0.137889996,-0.182719991,-0.18175,-0.212900013,-0.131860003
377.7200012,-0.079039998,-0.134770006,-0.174850002,-0.183689997,-0.216660008,-0.12974
378.1000061,-0.084080003,-0.132909998,-0.170569986,-0.1884,-0.208549991,-0.122229993
378.4700012,-0.086669996,-0.136199996,-0.163010001,-0.186310008,-0.206149995,-0.123219997
378.8399963,-0.078249998,-0.141409993,-0.163799986,-0.19174999,-0.202479988,-0.119999997
379.2200012,-0.079429999,-0.140159994,-0.159170002,-0.189649999,-0.198710009,-0.114680007
379.5899963,-0.074019998,-0.133479998,-0.142279997,-0.183770001,-0.186509997,-0.105120003
379.9599915,-0.079489999,-0.134200007,-0.139510006,-0.182590008,-0.186310008,-0.104119994
380.3299866,-0.079569995,-0.134169996,-0.140760005,-0.178939998,-0.180000007,-0.103160001
380.7099915,-0.066310003,-0.124510005,-0.136009991,-0.16599001,-0.178790003,-0.097770005
381.0799866,-0.070939995,-0.120579995,-0.14300999,-0.170090005,-0.176499993,-0.098269999
381.4500122,-0.072949998,-0.115570001,-0.135509998,-0.165309995,-0.174389988,-0.096549995
381.8299866,-0.075289994,-0.115589999,-0.132809997,-0.169129997,-0.178910002,-0.097489998
382.2000122,-0.074560001,-0.11569,-0.135729998,-0.168290004,-0.177520007,-0.101639993
382.5700073,-0.072999999,-0.116829999,-0.134650007,-0.167509988,-0.171049997,-0.101060003
382.9400024,-0.075269997,-0.118840002,-0.141800001,-0.167959988,-0.17459999,-0.10932
383.3200073,-0.084320001,-0.124729998,-0.144419998,-0.174449995,-0.173880011,-0.116180003
383.6900024,-0.085319996,-0.122500002,-0.134770006,-0.164810002,-0.172409996,-0.110760003
384.0599976,-0.082379997,-0.119010001,-0.135140002,-0.158720002,-0.167380005,-0.106809996
384.4299927,-0.075110003,-0.11349,-0.131060004,-0.152819991,-0.158739999,-0.100410007
384.8099976,-0.073460005,-0.10892,-0.129090011,-0.146719992,-0.157200009,-0.096499994
385.1799927,-0.068269998,-0.105600007,-0.125029996,-0.139390007,-0.153889999,-0.092709996
385.5499878,-0.064099997,-0.100710005,-0.119110003,-0.135299996,-0.147410005,-0.08512
385.9200134,-0.063479997,-0.09589,-0.114020005,-0.134259999,-0.145679995,-0.084200002
386.2999878,-0.05824,-0.098199993,-0.115780003,-0.136429995,-0.143519998,-0.081569999
386.6700134,-0.058899999,-0.096299998,-0.114909999,-0.134020001,-0.138439998,-0.07999
387.0400085,-0.060040001,-0.093769997,-0.110509999,-0.127939999,-0.13583,-0.080559999
387.4100037,-0.065329999,-0.095459998,-0.108879998,-0.129689991,-0.132950008,-0.084230006
387.7799988,-0.064899996,-0.091850005,-0.105970003,-0.129230008,-0.135629997,-0.083439998
388.1600037,-0.059780002,-0.081829995,-0.097939998,-0.119969994,-0.13019,-0.077919997
388.5299988,-0.052140001,-0.077169999,-0.095769994,-0.106759995,-0.121179998,-0.068499997
388.8999939,-0.054619998,-0.076869994,-0.095550001,-0.105649993,-0.124860004,-0.070929997
389.269989,-0.050409999,-0.07536,-0.088179998,-0.10424,-0.126330003,-0.069159999
389.6499939,-0.044920001,-0.074029997,-0.0867,-0.099809997,-0.120109998,-0.064499997
390.019989,-0.036449999,-0.067540005,-0.08055,-0.092399999,-0.114529997,-0.054540001
390.3900146,-0.035269998,-0.064630002,-0.076859996,-0.088959999,-0.111249998,-0.051320001
390.7600098,-0.03472,-0.067039996,-0.076889999,-0.086300001,-0.108430006,-0.04975
391.1300049,-0.036730003,-0.071110003,-0.075440004,-0.091420002,-0.109820001,-0.054090001
391.5,-0.031860001,-0.065470003,-0.070909999,-0.085900001,-0.099750005,-0.04882
391.8800049,-0.035,-0.063189998,-0.07096,-0.08399,-0.095109999,-0.049729999
392.25,-0.036789998,-0.061110001,-0.073639996,-0.084130004,-0.096929997,-0.050960001
392.6199951,-0.039330002,-0.062689997,-0.075100005,-0.088470004,-0.096660003,-0.05223
392.9899902,-0.037140001,-0.06146,-0.072159998,-0.086730003,-0.092930004,-0.052170001
393.3599854,-0.039839998,-0.059959996,-0.069899999,-0.087749995,-0.093769997,-0.052670002
393.730011,-0.038860001,-0.05804,-0.069349997,-0.085989997,-0.092259996,-0.050140001
394.1099854,-0.03836,-0.059580002,-0.070650004,-0.0858,-0.092659995,-0.050479997
394.480011,-0.037969999,-0.060539998,-0.070799999,-0.083240002,-0.094680004,-0.049559999
394.8500061,-0.035879999,-0.061790001,-0.065760002,-0.083279997,-0.094020002,-0.04995
395.2200012,-0.035720002,-0.060419999,-0.062800005,-0.078610003,-0.094589993,-0.050479997
395.5899963,-0.034140002,-0.05827,-0.065190002,-0.074780002,-0.093360007,-0.050100002
395.9599915,-0.032880001,-0.057290003,-0.068259999,-0.074620001,-0.089879997,-0.0506
396.3299866,-0.03441,-0.058390003,-0.068899997,-0.072620004,-0.090670004,-0.052670002
396.7099915,-0.031860001,-0.056020003,-0.064709999,-0.071999997,-0.089340001,-0.051479999
397.0799866,-0.030929999,-0.056220002,-0.063330002,-0.071970001,-0.087720007,-0.052420001
397.4500122,-0.029100001,-0.049520001,-0.05965,-0.063919999,-0.080090001,-0.04803
397.8200073,-0.027379999,-0.048810001,-0.060210001,-0.06157,-0.074840002,-0.048049998
398.1900024,-0.02685,-0.046919998,-0.057490002,-0.05988,-0.072379999,-0.046240002
398.5599976,-0.025239998,-0.04679,-0.052170001,-0.056129999,-0.069159999,-0.044489998
398.9299927,-0.025590001,-0.04377,-0.049150001,-0.054169998,-0.066979997,-0.04188
399.2999878,-0.025610002,-0.041650001,-0.048549999,-0.04933,-0.062700003,-0.040380001
399.6799927,-0.024569999,-0.04146,-0.048249997,-0.04981,-0.06323,-0.038849998
400.0499878,-0.02517,-0.04445,-0.050900001,-0.05466,-0.066919997,-0.04188
400.4200134,-0.022609999,-0.042890001,-0.049010001,-0.051970001,-0.066660002,-0.039179999
400.7900085,-0.021129999,-0.042610001,-0.04738,-0.052449998,-0.063850001,-0.036049999
401.1600037,-0.02258,-0.044549998,-0.049940001,-0.055580001,-0.065729998,-0.035999998
401.5299988,-0.020020001,-0.042369999,-0.04789,-0.053639997,-0.061409999,-0.033750001
401.8999939,-0.0198,-0.04225,-0.047069997,-0.055419996,-0.061110001,-0.033160001
402.269989,-0.01912,-0.039890002,-0.044009998,-0.052010003,-0.058839999,-0.030920001
402.6400146,-0.02121,-0.040120002,-0.045359999,-0.054340001,-0.05861,-0.03091
403.0100098,-0.026730001,-0.041929998,-0.048270002,-0.056639999,-0.058769997,-0.03438
403.3800049,-0.02977,-0.042550001,-0.048810001,-0.056609999,-0.061129998,-0.03802
403.75,-0.02784,-0.040240001,-0.046859998,-0.053610001,-0.058699999,-0.035980001
404.1199951,-0.02844,-0.041269999,-0.04758,-0.053920001,-0.057670001,-0.037179999
404.5,-0.028369999,-0.042040002,-0.048639998,-0.054580003,-0.059660003,-0.036989998
404.8699951,-0.0277,-0.040180001,-0.048649997,-0.054090001,-0.057700001,-0.036940001
405.2399902,-0.02727,-0.040229999,-0.047140002,-0.052030001,-0.055989999,-0.035289999
405.6099854,-0.02507,-0.037969999,-0.046479996,-0.052750003,-0.055960003,-0.03098
405.980011,-0.02214,-0.0383,-0.046580002,-0.05404,-0.054759998,-0.029360002
406.3500061,-0.022330001,-0.038240001,-0.046259999,-0.054809999,-0.053800002,-0.0308
406.7200012,-0.021670001,-0.036449999,-0.047020003,-0.055359997,-0.055359997,-0.029159999
407.0899963,-0.02228,-0.036090001,-0.045359999,-0.0535,-0.053010002,-0.02775
407.4599915,-0.02259,-0.03607,-0.04507,-0.053940002,-0.05325,-0.02716
407.8299866,-0.02163,-0.03444,-0.043880001,-0.052829999,-0.05246,-0.027980002
408.2000122,-0.01895,-0.033259999,-0.039480001,-0.04916,-0.051309999,-0.02764
408.5700073,-0.01898,-0.03131,-0.036520001,-0.046350002,-0.049510002,-0.026110001
408.9400024,-0.01756,-0.031020001,-0.03709,-0.045990001,-0.050590001,-0.025520001
409.3099976,-0.01668,-0.03176,-0.034400001,-0.043499999,-0.047959998,-0.02416
409.6799927,-0.016449999,-0.02973,-0.034710001,-0.042740002,-0.046739999,-0.02554
410.0499878,-0.014359999,-0.02743,-0.033380002,-0.04047,-0.043060001,-0.02444
410.4200134,-0.01438,-0.026730001,-0.032479998,-0.03943,-0.042290002,-0.024089999
410.7900085,-0.014680001,-0.026760001,-0.033599999,-0.040720001,-0.040799998,-0.0233
411.1600037,-0.01449,-0.028340001,-0.034879997,-0.040479999,-0.040929999,-0.023259999
411.5299988,-0.01585,-0.02661,-0.033,-0.038970001,-0.03999,-0.021919999
411.8999939,-0.01334,-0.024319999,-0.031770002,-0.0374,-0.038800001,-0.02104
412.269989,-0.01311,-0.024189999,-0.0297,-0.036730003,-0.038240001,-0.020920001
412.6400146,-0.01344,-0.02444,-0.02856,-0.035099998,-0.038169999,-0.019719999
413.0100098,-0.012209999,-0.02283,-0.026730001,-0.033500001,-0.03669,-0.01835
413.3800049,-0.01354,-0.024080001,-0.02713,-0.03328,-0.036619999,-0.02015
413.75,-0.01402,-0.022330001,-0.026080001,-0.033629999,-0.03534,-0.01957
414.1199951,-0.01255,-0.022179998,-0.025280001,-0.032869998,-0.032639999,-0.0189
414.4899902,-0.01509,-0.023039998,-0.02733,-0.033989999,-0.033610001,-0.021159999
414.8599854,-0.014520001,-0.02299,-0.026219999,-0.032669999,-0.033380002,-0.02012
415.230011,-0.014780001,-0.02365,-0.025899999,-0.032560002,-0.033679999,-0.020719999
415.6000061,-0.014119999,-0.024970001,-0.026760001,-0.032880001,-0.034649998,-0.02093
415.9599915,-0.01381,-0.02335,-0.02671,-0.03241,-0.034930002,-0.01991
416.3299866,-0.0136,-0.022980001,-0.02654,-0.03111,-0.0348,-0.020580001
416.7000122,-0.01454,-0.023239998,-0.02716,-0.0309,-0.035739999,-0.0219
417.0700073,-0.01291,-0.021659998,-0.025139999,-0.029240001,-0.03379,-0.020739999
417.4400024,-0.012990001,-0.020750001,-0.026010001,-0.029379999,-0.03362,-0.02053
417.8099976,-0.01317,-0.01895,-0.026099999,-0.029089998,-0.03317,-0.021329999
418.1799927,-0.0149,-0.01915,-0.026670001,-0.02933,-0.03272,-0.021679999
418.5499878,-0.013569999,-0.01805,-0.025039999,-0.027109999,-0.030230001,-0.019330001
418.9200134,-0.01323,-0.01911,-0.025109999,-0.026970001,-0.03004,-0.01922
419.2900085,-0.01175,-0.01853,-0.0232,-0.026319999,-0.029270001,-0.01794
419.6600037,-0.01176,-0.01853,-0.02244,-0.025050001,-0.02856,-0.01732
420.0299988,-0.01075,-0.01771,-0.0218,-0.024349999,-0.02572,-0.0155
420.3900146,-0.01045,-0.018060001,-0.02177,-0.024519999,-0.02499,-0.014140001
420.7600098,-0.00882,-0.0166,-0.020889999,-0.02348,-0.023710001,-0.013350001
421.1300049,-0.00789,-0.017170001,-0.020569999,-0.023540001,-0.024089999,-0.01446
421.5,-0.00778,-0.01549,-0.020510001,-0.023359999,-0.0232,-0.01352
421.8699951,-0.00752,-0.015149999,-0.020889999,-0.022090001,-0.02283,-0.013250001
422.2399902,-0.007929999,-0.015829999,-0.021300001,-0.023729999,-0.02317,-0.01276
422.6099854,-0.0087,-0.016860001,-0.02159,-0.023840001,-0.024330001,-0.013789999
422.980011,-0.00885,-0.016720001,-0.02173,-0.024389999,-0.02375,-0.01464
423.3500061,-0.008140001,-0.01602,-0.019850001,-0.02273,-0.022430001,-0.013300001
423.7099915,-0.00918,-0.01591,-0.01956,-0.0222,-0.022190001,-0.0126
424.0799866,-0.0084,-0.016729999,-0.01863,-0.022060001,-0.022330001,-0.013309999
424.4500122,-0.00823,-0.016339999,-0.01877,-0.02221,-0.02231,-0.01276
424.8200073,-0.00858,-0.016790001,-0.018789999,-0.02165,-0.02248,-0.01339
425.1900024,-0.00688,-0.01525,-0.01643,-0.020160001,-0.02076,-0.01266
425.5599976,-0.00615,-0.01455,-0.01521,-0.018550001,-0.0195,-0.01158
425.9299927,-0.00664,-0.015099999,-0.016030001,-0.01915,-0.019370001,-0.01163
426.2900085,-0.00655,-0.01548,-0.01675,-0.01935,-0.019409999,-0.01265
426.6600037,-0.00626,-0.01492,-0.01525,-0.017339999,-0.018519999,-0.01189
427.0299988,-0.00681,-0.01455,-0.0149,-0.017170001,-0.01791,-0.012300001
427.3999939,-0.00543,-0.01365,-0.014359999,-0.015859999,-0.01723,-0.011870001
427.769989,-0.00749,-0.015520001,-0.01589,-0.01692,-0.018719999,-0.012920001
428.1400146,-0.00795,-0.0162,-0.015620001,-0.017339999,-0.019719999,-0.013150001
428.5,-0.00849,-0.01699,-0.01589,-0.017760001,-0.020480001,-0.014040001
428.8699951,-0.00751,-0.01535,-0.01422,-0.01692,-0.018999999,-0.0128
429.2399902,-0.00796,-0.01481,-0.015360001,-0.01761,-0.018370001,-0.01244
429.6099854,-0.00749,-0.014479999,-0.0143,-0.0166,-0.017000001,-0.01165
429.980011,-0.00844,-0.0146,-0.014680001,-0.01743,-0.016929999,-0.01219
430.3399963,-0.00699,-0.01324,-0.01455,-0.016720001,-0.016000001,-0.01119
430.7099915,-0.00626,-0.01281,-0.01474,-0.015800001,-0.015360001,-0.01113
431.0799866,-0.00511,-0.01168,-0.01397,-0.01439,-0.01443,-0.01007
431.4500122,-0.00516,-0.012259999,-0.01434,-0.014199999,-0.01427,-0.01013
431.8200073,-0.00474,-0.01207,-0.013409999,-0.013409999,-0.01387,-0.00944
432.1799927,-0.00506,-0.0119,-0.01333,-0.013409999,-0.01396,-0.00925
432.5499878,-0.00383,-0.01089,-0.01219,-0.01217,-0.01279,-0.00716
432.9200134,-0.00447,-0.0106,-0.011729999,-0.011569999,-0.01233,-0.00734
433.2900085,-0.00475,-0.01045,-0.01154,-0.011410001,-0.01212,-0.00674
433.6499939,-0.00483,-0.01001,-0.010299999,-0.010980001,-0.01165,-0.00677
434.019989,-0.00494,-0.00963,-0.00982,-0.010989999,-0.011720001,-0.00675
434.3900146,-0.00519,-0.00955,-0.01031,-0.01125,-0.01168,-0.0072
434.7600098,-0.00494,-0.00958,-0.01013,-0.01114,-0.01163,-0.00714
435.1199951,-0.00509,-0.0094,-0.01,-0.01128,-0.01179,-0.00789
435.4899902,-0.00444,-0.00935,-0.00923,-0.0113,-0.011460001,-0.00758
435.8599854,-0.00457,-0.00927,-0.0088,-0.01131,-0.01176,-0.00775
436.230011,-0.005,-0.00931,-0.00982,-0.01155,-0.01163,-0.00784
436.5899963,-0.00479,-0.00873,-0.010039999,-0.0111,-0.01087,-0.00759
436.9599915,-0.00455,-0.00862,-0.00942,-0.01079,-0.01042,-0.00707
437.3299866,-0.0043,-0.00829,-0.00911,-0.0105,-0.01006,-0.00708
437.7000122,-0.00423,-0.008169999,-0.00871,-0.0101,-0.009670001,-0.00699
438.0599976,-0.00425,-0.0083,-0.00827,-0.00974,-0.00911,-0.00687
438.4299927,-0.00401,-0.00833,-0.00849,-0.009670001,-0.0087,-0.00695
438.7999878,-0.00399,-0.008590001,-0.0083,-0.00971,-0.00855,-0.00679
439.1600037,-0.0042,-0.00849,-0.00796,-0.00979,-0.00865,-0.00665
439.5299988,-0.00419,-0.00826,-0.00777,-0.00956,-0.00848,-0.0071
439.8999939,-0.00428,-0.00792,-0.0076,-0.00901,-0.00807,-0.00729
440.269989,-0.00486,-0.00745,-0.00801,-0.00861,-0.00828,-0.00747
440.6300049,-0.0052,-0.00655,-0.00836,-0.0081,-0.00847,-0.00753
441,-0.00512,-0.00579,-0.00775,-0.0078,-0.00751,-0.00714
441.3699951,-0.00547,-0.00539,-0.00754,-0.0073,-0.00736,-0.00693
441.730011,-0.00546,-0.00515,-0.00693,-0.00628,-0.00712,-0.00677
442.1000061,-0.0053,-0.00484,-0.00659,-0.00579,-0.00697,-0.00617
442.4700012,-0.0053,-0.00544,-0.00698,-0.00627,-0.00706,-0.00632
442.8299866,-0.00517,-0.00599,-0.00673,-0.0063,-0.00679,-0.00623
443.2000122,-0.00481,-0.00653,-0.0059,-0.00583,-0.00623,-0.00613
443.5700073,-0.00469,-0.00663,-0.00586,-0.00544,-0.00611,-0.00596
443.9299927,-0.00352,-0.00628,-0.00538,-0.00496,-0.00546,-0.00589
444.2999878,-0.00274,-0.00607,-0.00517,-0.00507,-0.00488,-0.00557
444.6700134,-0.00259,-0.0062,-0.00541,-0.00481,-0.00463,-0.00563
445.0299988,-0.0025,-0.00613,-0.00486,-0.004,-0.00409,-0.00502
445.3999939,-0.00254,-0.00606,-0.00474,-0.00425,-0.00371,-0.00456
445.769989,-0.00244,-0.00563,-0.00504,-0.00459,-0.00321,-0.00382
446.1300049,-0.00262,-0.00601,-0.00534,-0.00453,-0.00335,-0.00392
446.5,-0.00306,-0.0061,-0.00555,-0.00458,-0.00315,-0.00348
446.8699951,-0.00315,-0.00593,-0.00533,-0.00426,-0.00262,-0.00323
447.230011,-0.00322,-0.00565,-0.005,-0.00433,-0.0016,-0.0034
447.6000061,-0.0034,-0.00502,-0.00489,-0.00452,-0.00093,-0.00365
447.9599915,-0.00268,-0.00433,-0.00439,-0.00382,0.00068,-0.00345
448.3299866,-0.00226,-0.00428,-0.00432,-0.00368,0.00285,-0.00374
448.7000122,-0.0024,-0.00387,-0.00394,-0.00365,0.00705,-0.00368
449.0599976,-0.00191,-0.00394,-0.00329,-0.00355,0.01413,-0.00382
449.4299927,-0.00205,-0.00405,-0.00328,-0.00342,0.024560001,-0.00396
449.7900085,-0.00194,-0.00401,-0.00267,-0.00309,0.03932,-0.0036
450.1600037,-0.00167,-0.00427,-0.00259,-0.00308,0.059159998,-0.00333
450.5299988,-0.00094,-0.00391,-0.00201,-0.00272,0.084530003,-0.00302
450.8900146,-0.00074,-0.00395,-0.00163,-0.00212,0.114090003,-0.00286
451.2600098,-0.00029,-0.00385,-0.00121,-0.00153,0.146640003,-0.00262
451.6199951,-0.00039,-0.0036,-0.0012,-0.00136,0.180800006,-0.00266
451.9899902,-0.0003,-0.00363,-0.00119,-0.00133,0.214880005,-0.00261
452.3599854,-0.00031,-0.00307,-0.00125,-0.00115,0.248439997,-0.00246
452.7200012,-0.00025,-0.00265,-0.00101,-0.00069,0.27974999,-0.00201
453.0899963,-0.00102,-0.0029,-0.00115,-0.00068,0.30735001,-0.00215
453.4500122,-0.00091,-0.00258,-0.001,-0.0006,0.331800014,-0.00216
453.8200073,-0.00082,-0.00196,-0.00066,-0.00026,0.351179987,-0.00187
454.1799927,-0.00081,-0.00181,-0.00029,-0.00016,0.367509991,-0.0017
454.5499878,-0.00059,-0.00155,2.00E-05,0.00034,0.382270008,-0.00155
454.9200134,-0.00041,-0.00165,0.00051,0.00065,0.397350013,-0.00138
455.2799988,-0.00013,-0.00155,0.00079,0.001,0.414690018,-0.00146
455.6499939,-0.00025,-0.00156,0.00084,0.0013,0.435670018,-0.00169
456.0100098,-0.00015,-0.0011,0.00109,0.00185,0.463100016,-0.00133
456.3800049,0.00023,-0.00125,0.0012,0.00218,0.496450007,-0.00119
456.7399902,0.00063,-0.00075,0.00135,0.00303,0.534669995,-0.00091
457.1099854,0.00089,3.00E-05,0.00191,0.00368,0.575580001,-0.00069
457.4700012,0.00095,6.00E-05,0.00156,0.00417,0.616810024,-0.00078
457.8399963,0.00124,0.0007,0.00184,0.00522,0.656039953,-0.0005
458.2000122,0.00175,0.00097,0.00202,0.00648,0.689989984,-0.00013
458.5700073,0.00188,0.00141,0.00219,0.008140001,0.717320025,-0.0002
458.9299927,0.00166,0.00154,0.00215,0.01085,0.737979949,-0.0005
459.2999878,0.0016,0.00143,0.00242,0.015829999,0.751699984,-0.00026
459.6600037,0.00147,0.00082,0.00223,0.023640001,0.76116997,-0.00029
460.0299988,0.00181,0.00117,0.00263,0.036279999,0.767780006,7.00E-05
460.3900146,0.00186,0.00106,0.00295,0.054419998,0.772040009,0.00012
460.7600098,0.00194,0.00115,0.00357,0.079060003,0.776490033,0.00031
461.1199951,0.00202,0.00092,0.00371,0.10971,0.780090034,0.00056
461.4899902,0.00261,0.00139,0.00403,0.146029994,0.78403002,0.00094
461.8500061,0.00266,0.00179,0.00414,0.186310008,0.787689984,0.00074
462.2200012,0.00296,0.00207,0.00466,0.229139999,0.790579975,0.00107
462.5799866,0.00326,0.00229,0.00503,0.272570014,0.792590022,0.0012
462.9500122,0.00334,0.0024,0.00545,0.315119982,0.793440044,0.00147
463.3099976,0.00349,0.00261,0.00547,0.356440008,0.793840051,0.00168
463.6799927,0.00342,0.00262,0.00599,0.396780014,0.793980002,0.00176
464.0400085,0.00321,0.00238,0.0065,0.437029988,0.794430017,0.00196
464.4100037,0.00359,0.00252,0.00724,0.479189992,0.79648,0.00233
464.769989,0.00374,0.00293,0.00787,0.522819996,0.799670041,0.0026
465.1300049,0.00372,0.00322,0.00904,0.567990005,0.804459989,0.00265
465.5,0.00367,0.00346,0.010620001,0.614870012,0.811320066,0.00291
465.8599854,0.00367,0.0035,0.013780001,0.660979986,0.818379998,0.00262
466.230011,0.00393,0.0039,0.018960001,0.705899954,0.826799989,0.00287
466.5899963,0.0044,0.00448,0.028269999,0.74751997,0.836969972,0.00336
466.9599915,0.00435,0.00466,0.04236,0.785100043,0.84762001,0.00366
467.3200073,0.0043,0.00468,0.063490003,0.815150023,0.857949972,0.00368
467.6799927,0.0045,0.00463,0.091969997,0.839150012,0.86789,0.00392
468.0499878,0.00471,0.00466,0.128279999,0.858140051,0.877129972,0.00393
468.4100037,0.00486,0.00492,0.171580017,0.872160017,0.88549006,0.00448
468.7799988,0.00482,0.00489,0.221229985,0.881969988,0.893059969,0.0044
469.1400146,0.00457,0.00479,0.276219994,0.889089942,0.899299979,0.00427
469.5,0.0047,0.0049,0.335970014,0.893119991,0.904649973,0.00427
469.8699951,0.00481,0.00504,0.398959994,0.896380007,0.909349978,0.00437
470.230011,0.00472,0.00519,0.464179993,0.898769975,0.913270056,0.00428
470.6000061,0.00488,0.00551,0.529869974,0.899430037,0.916460037,0.00433
470.9599915,0.00493,0.00586,0.594139993,0.89952004,0.919670045,0.00432
471.3200073,0.00525,0.00634,0.656050026,0.899509966,0.92207998,0.00481
471.6900024,0.00541,0.00647,0.713569999,0.897949994,0.923330009,0.00492
472.0499878,0.00544,0.0068,0.764079988,0.895650029,0.922320008,0.0052
472.4200134,0.00566,0.00708,0.806519985,0.892809987,0.920000017,0.00521
472.7799988,0.00579,0.00737,0.840709984,0.88955003,0.915570021,0.00556
473.1400146,0.00589,0.00778,0.867429972,0.887629986,0.911009967,0.00571
473.5100098,0.0059,0.00805,0.888000011,0.88545996,0.904929936,0.00591
473.8699951,0.00588,0.00823,0.903630018,0.883620024,0.898799956,0.00575
474.230011,0.00603,0.00903,0.914719999,0.882809997,0.892419994,0.0061
474.6000061,0.00631,0.0099,0.923349977,0.882870018,0.886680007,0.00612
474.9599915,0.0065,0.01117,0.929909945,0.88349998,0.881559968,0.00645
475.3200073,0.00678,0.01334,0.935380042,0.885059953,0.876789987,0.00669
475.6900024,0.00708,0.01712,0.938980043,0.886439979,0.870849967,0.00716
476.0499878,0.00759,0.02448,0.941890001,0.889450014,0.865179956,0.00748
476.4100037,0.00798,0.037829999,0.943509996,0.892529964,0.858609974,0.00801
476.7799988,0.008309999,0.059889998,0.944639981,0.895889997,0.851429999,0.00802
477.1400146,0.00848,0.09471,0.944619954,0.899649978,0.843280017,0.008450001
477.5,0.00878,0.14531,0.944079995,0.904000044,0.834069967,0.00892
477.8699951,0.009240001,0.211959988,0.942040026,0.907880008,0.823119938,0.00949
478.230011,0.00948,0.293370008,0.940180004,0.911729991,0.811029971,0.0099
478.5899963,0.00978,0.384599984,0.937480032,0.914960027,0.797429979,0.010679999
478.9599915,0.01005,0.481260002,0.93501997,0.918229997,0.781130016,0.011720001
479.3200073,0.01053,0.577229977,0.931800008,0.921719968,0.762450039,0.01403
479.6799927,0.011030001,0.666050017,0.928359985,0.924499989,0.740640044,0.018099999
480.0400085,0.01159,0.744140029,0.925260007,0.927659988,0.715430021,0.02609
480.4100037,0.01243,0.807860017,0.92264998,0.930519998,0.687649965,0.041220002
480.769989,0.01456,0.856900036,0.921000004,0.934210002,0.657130003,0.068190001
481.1300049,0.01843,0.892969966,0.919960022,0.937440038,0.624199986,0.112340003
481.5,0.02616,0.918150008,0.919279993,0.940650046,0.590340018,0.176389992
481.8599854,0.040370002,0.934359968,0.91940999,0.942750037,0.556629956,0.258230001
482.2200012,0.066370003,0.945540011,0.920700014,0.944250047,0.524450004,0.353580028
482.5799866,0.109250002,0.952120006,0.922580004,0.944509983,0.494560003,0.456800014
482.9500122,0.17216,0.956239998,0.924679995,0.943499982,0.468219995,0.560649991
483.3099976,0.254220009,0.957760036,0.92561996,0.94066,0.445050001,0.658030033
483.6700134,0.350260019,0.958659947,0.927070022,0.937380016,0.42554,0.743410051
484.0299988,0.453110009,0.959550023,0.927710056,0.933019996,0.409099996,0.811670005
484.3999939,0.55813998,0.960590005,0.928300023,0.929089963,0.394889981,0.862590015
484.7600098,0.657949984,0.960759938,0.928359985,0.925670028,0.381529987,0.899060011
485.1199951,0.745930016,0.961239994,0.928300023,0.922310054,0.367139995,0.92377001
485.480011,0.815800011,0.961390018,0.928870022,0.920270026,0.350260019,0.940240026
485.8500061,0.867489994,0.961920023,0.930540025,0.919049978,0.329700023,0.951090038
486.2099915,0.903919995,0.962129951,0.93197,0.917979956,0.304109991,0.956809998
486.5700073,0.929310024,0.962170005,0.934489965,0.916830003,0.273980021,0.959699988
486.9299927,0.946280003,0.961690009,0.937170029,0.914979994,0.239459991,0.96152997
487.2900085,0.956760049,0.961380005,0.940140009,0.911819994,0.202350006,0.962170005
487.6600037,0.961939991,0.960070014,0.943210006,0.907460034,0.164959997,0.96303004
488.019989,0.96449995,0.958609998,0.946179986,0.901530027,0.129480004,0.963160038
488.3800049,0.965729952,0.957310021,0.948799968,0.894810021,0.098159999,0.963399947
488.7399902,0.966480017,0.955540001,0.951090038,0.886500001,0.071460001,0.963669956
489.1000061,0.966639996,0.953440011,0.952490032,0.877030015,0.05006,0.963960052
489.4700012,0.967090011,0.951790035,0.953509986,0.866110027,0.034059998,0.96408999
489.8299866,0.967109978,0.950029969,0.953310013,0.855149984,0.02262,0.964160025
490.1900024,0.967559993,0.949189961,0.952300012,0.843499959,0.01459,0.963669956
490.5499878,0.967860043,0.948870003,0.949899971,0.831050038,0.00916,0.963450015
490.9100037,0.967819989,0.949069977,0.947520018,0.816429973,0.00573,0.96310997
491.269989,0.967450023,0.949990034,0.945059955,0.799300015,0.00368,0.962790012
491.6400146,0.966880023,0.95085001,0.942340016,0.77906996,0.00251,0.962450027
492,0.966630042,0.952310026,0.940029979,0.75541997,0.00174,0.962139964
492.3599854,0.966500044,0.953480005,0.938499987,0.727079988,0.0013,0.961360037
492.7200012,0.966120005,0.953990042,0.93690002,0.694540024,0.00099,0.960560024
493.0799866,0.965849996,0.954459965,0.935989976,0.658300042,0.00081,0.959759951
493.4400024,0.96559,0.954540014,0.935299993,0.620519996,0.00074,0.958899975
493.8099976,0.965460002,0.953580022,0.934110045,0.582210004,0.00046,0.95799005
494.1700134,0.965059996,0.952750027,0.932860017,0.544550002,0.0003,0.957030058
494.5299988,0.964359999,0.95144999,0.931110024,0.508670032,0.00024,0.95686996
494.8900146,0.964280009,0.950999975,0.928789973,0.474420011,0.00013,0.957440019
495.25,0.964569986,0.95103997,0.92554003,0.440670013,3.00E-05,0.958700001
495.6099854,0.964789987,0.950920045,0.921240032,0.406049997,5.00E-05,0.959569991
495.9700012,0.96499002,0.951350033,0.915039957,0.368930012,-4.00E-05,0.960039973
496.3299866,0.965390027,0.952780008,0.908669949,0.329300016,-4.00E-05,0.961099982
496.7000122,0.966200054,0.954590023,0.901169956,0.286830008,-0.00017,0.962170005
497.0599976,0.96667999,0.956290007,0.893109977,0.242549986,-0.00036,0.962170005
497.4200134,0.966839969,0.957899988,0.884639978,0.198320001,-0.0004,0.961709976
497.7799988,0.966589987,0.959320009,0.876330018,0.156629995,-0.0004,0.960910022
498.1400146,0.966500044,0.961090028,0.86796999,0.119169995,-0.0005,0.96013999
498.5,0.966669977,0.96202004,0.858349979,0.087370008,-0.00049,0.959550023
498.8599854,0.96619004,0.962429941,0.845109999,0.061750002,-0.00054,0.958739996
499.2200012,0.965860009,0.962480009,0.827559948,0.042470001,-0.00051,0.958339989
499.5799866,0.965309978,0.962090015,0.803809941,0.028519999,-0.00048,0.957720041
499.9400024,0.965020001,0.96152997,0.773809969,0.018860001,-0.00044,0.958169997
500.2999878,0.965220034,0.960960031,0.737489998,0.012519999,-0.00051,0.959059954
500.6700134,0.965210021,0.960059941,0.695039988,0.00834,-0.00052,0.960319996
501.0299988,0.96469003,0.958980024,0.647780001,0.00575,-0.00057,0.96134001
501.3900146,0.965130031,0.958079994,0.59780997,0.00436,-0.00053,0.962689996
501.75,0.965210021,0.956920028,0.545130014,0.00342,-0.00064,0.963349998
502.1099854,0.965439975,0.956159949,0.490159988,0.00274,-0.00066,0.964599967
502.4700012,0.965460002,0.954879999,0.433889985,0.00223,-0.0008,0.965080023
502.8299866,0.965960026,0.953949988,0.376259983,0.00191,-0.00074,0.965599954
503.1900024,0.966360033,0.952259958,0.318810016,0.00168,-0.00079,0.965350032
503.5499878,0.967369974,0.95095998,0.263150007,0.00148,-0.0008,0.96547997
503.9100037,0.967809975,0.949670017,0.20979999,0.00127,-0.00088,0.964820027
504.269989,0.96845001,0.949140012,0.162080005,0.00126,-0.0008,0.965139985
504.6300049,0.969190001,0.948140025,0.120570004,0.00121,-0.00078,0.964929938
504.9899902,0.969609976,0.947190046,0.086730003,0.00117,-0.00082,0.964619994
505.3500061,0.96954,0.946060002,0.060479999,0.00104,-0.00091,0.963760018
505.7099915,0.969509959,0.945059955,0.041079998,0.00097,-0.00096,0.963190019
506.0700073,0.969009995,0.943780005,0.02744,0.0008,-0.00101,0.962180018
506.4299927,0.968930006,0.941929996,0.01818,0.00083,-0.00098,0.961360037
506.7900085,0.968879998,0.939260006,0.01212,0.00066,-0.00099,0.959450006
507.1499939,0.968300045,0.936060011,0.00829,0.00054,-0.00105,0.957499981
507.5100098,0.968290031,0.933160007,0.00599,0.00049,-0.00101,0.955729961
507.8699951,0.967339993,0.929199994,0.00463,0.0005,-0.00091,0.953920007
508.230011,0.966539979,0.925559998,0.00378,0.0005,-0.00085,0.952639997
508.5899963,0.965409994,0.921530008,0.00324,0.0005,-0.00085,0.952059984
508.9500122,0.963690042,0.915879965,0.00286,0.00042,-0.00088,0.951429963
509.3099976,0.961930037,0.907239974,0.00264,0.00046,-0.0009,0.951729953
509.6700134,0.960979998,0.892650008,0.00243,0.00038,-0.00087,0.952939987
510.0299988,0.959509969,0.868479967,0.00228,0.00034,-0.00086,0.953779995
510.3900146,0.959280014,0.832440019,0.00208,0.00031,-0.00098,0.954439998
510.75,0.959229946,0.781509995,0.00205,0.00031,-0.00098,0.954359949
511.1099854,0.959869981,0.716309965,0.00194,0.00026,-0.00102,0.953259945
511.4700012,0.960889995,0.637920022,0.00177,0.00016,-0.00107,0.951839983
511.8299866,0.961999953,0.549659967,0.00156,6.00E-05,-0.00116,0.949199975
512.1900024,0.962549984,0.457379997,0.00146,5.00E-05,-0.00128,0.945380032
512.5499878,0.96333003,0.366459996,0.00135,3.00E-05,-0.00127,0.941460013
512.9099731,0.963180006,0.282559991,0.00129,1.00E-05,-0.00122,0.937180042
513.2700195,0.962610006,0.209850013,0.00117,-5.00E-05,-0.00125,0.932590008
513.6199951,0.960910022,0.150289997,0.00116,1.00E-05,-0.00118,0.925500035
513.9799805,0.95818001,0.103549995,0.00122,0.00011,-0.00109,0.912230015
514.3400269,0.954729974,0.06927,0.00117,7.00E-05,-0.00112,0.888040006
514.7000122,0.950980008,0.04518,0.00114,7.00E-05,-0.00105,0.847450018
515.0599976,0.946280003,0.029059999,0.00104,4.00E-05,-0.00111,0.787969947
515.4199829,0.939069986,0.01856,0.00094,-1.00E-05,-0.00109,0.709929943
515.7800293,0.925440013,0.01203,0.00089,-5.00E-05,-0.00104,0.617320001
516.1400146,0.899999976,0.008140001,0.00082,-3.00E-05,-0.00104,0.515969992
516.5,0.856920004,0.00575,0.00067,-0.00016,-0.00106,0.412449986
516.8599854,0.793600023,0.00446,0.00063,-0.00018,-0.00097,0.314060003
517.2199707,0.711539984,0.00373,0.0006,-0.00018,-0.0009,0.228530005
517.5700073,0.61473,0.0032,0.00057,-0.00024,-0.00088,0.159309998
517.9299927,0.509670019,0.00282,0.00047,-0.00027,-0.00096,0.107539997
518.289978,0.402759999,0.00258,0.00033,-0.00029,-0.00103,0.070300005
518.6500244,0.302359998,0.00234,0.00026,-0.0004,-0.00105,0.044629999
519.0100098,0.216419995,0.00222,0.00024,-0.00043,-0.00113,0.027660001
519.3699951,0.148939997,0.00214,0.00024,-0.0004,-0.00111,0.01719
519.7299805,0.09939,0.00204,0.00017,-0.00039,-0.00111,0.01092
520.0800171,0.064539999,0.0019,0.00011,-0.00039,-0.0011,0.00739
520.4400024,0.04081,0.00182,0.00013,-0.00043,-0.00106,0.00553
520.7999878,0.025359999,0.00169,0.00018,-0.00043,-0.00107,0.00449
521.1599731,0.015869999,0.00161,0.00018,-0.00042,-0.00107,0.00388
521.5200195,0.0104,0.00154,0.0002,-0.0004,-0.00098,0.00352
521.8800049,0.00728,0.00143,0.00017,-0.00045,-0.001,0.00316
522.2399902,0.00553,0.00129,0.00012,-0.00054,-0.00108,0.0029
522.5900269,0.0046,0.00129,0.0002,-0.00051,-0.00104,0.00277
522.9500122,0.0041,0.00122,0.00023,-0.00049,-0.00107,0.00259
523.3099976,0.00378,0.00112,0.0002,-0.0005,-0.00107,0.00242
523.6699829,0.0035,0.00103,0.00016,-0.00054,-0.00105,0.00228
524.0300293,0.00319,0.0009,9.00E-05,-0.00057,-0.00115,0.00218
524.3800049,0.00315,0.00092,9.00E-05,-0.00057,-0.00106,0.0021
524.7399902,0.00309,0.00088,6.00E-05,-0.00056,-0.00105,0.00202
525.0999756,0.00301,0.00089,-2.00E-05,-0.00058,-0.00106,0.00195
525.460022,0.00295,0.00091,-7.00E-05,-0.00054,-0.001,0.00194
525.8200073,0.00277,0.00089,-0.00014,-0.00062,-0.001,0.00186
526.1699829,0.00263,0.0009,-0.00016,-0.00058,-0.00102,0.00175
526.5300293,0.00266,0.00095,-0.00013,-0.00052,-0.00089,0.00173
526.8900146,0.00248,0.00086,-0.00018,-0.00052,-0.00094,0.00165
527.25,0.00241,0.00087,-0.00015,-0.0005,-0.0009,0.0016
527.6099854,0.00237,0.00079,-0.00014,-0.00048,-0.00089,0.00154
527.960022,0.00227,0.00069,-0.0002,-0.00053,-0.00095,0.00147
528.3200073,0.00214,0.00064,-0.00019,-0.0005,-0.00093,0.00143
528.6799927,0.0022,0.0006,-0.00018,-0.0005,-0.00088,0.00148
529.039978,0.00203,0.00047,-0.00025,-0.0006,-0.00097,0.00133
529.3900146,0.00197,0.00044,-0.00025,-0.00063,-0.00093,0.0013
529.75,0.00186,0.00038,-0.00034,-0.00071,-0.00093,0.00122
530.1099854,0.00172,0.00037,-0.00043,-0.00079,-0.00096,0.00111
530.4699707,0.0017,0.00037,-0.00041,-0.00078,-0.00088,0.00107
530.8200073,0.00173,0.0004,-0.00037,-0.00076,-0.00082,0.00106
531.1799927,0.00156,0.00036,-0.0004,-0.00083,-0.00087,0.00093
531.539978,0.00158,0.00043,-0.00033,-0.00076,-0.00072,0.00094
531.9000244,0.0015,0.00033,-0.00041,-0.00076,-0.00075,0.00089
532.25,0.00151,0.00026,-0.00038,-0.00069,-0.00075,0.00085
532.6099854,0.0015,0.0002,-0.0003,-0.00068,-0.00075,0.00085
532.9699707,0.0014,0.00012,-0.00029,-0.00074,-0.0008,0.0008
533.3200073,0.00132,9.00E-05,-0.00038,-0.00071,-0.00082,0.00074
533.6799927,0.00131,8.00E-05,-0.00041,-0.00074,-0.00082,0.00071
534.039978,0.00125,4.00E-05,-0.00049,-0.00075,-0.00087,0.00067
534.4000244,0.00124,4.00E-05,-0.00044,-0.00074,-0.0009,0.00065
534.75,0.00114,2.00E-05,-0.0005,-0.0008,-0.00093,0.00058
535.1099854,0.00109,-5.00E-05,-0.00058,-0.0008,-0.00097,0.00055
535.4699707,0.00112,-3.00E-05,-0.0007,-0.00076,-0.00097,0.00057
535.8200073,0.00108,-6.00E-05,-0.00063,-0.00083,-0.00095,0.00058
536.1799927,0.00101,-0.00013,-0.00063,-0.00084,-0.00097,0.00055
536.539978,0.00092,-0.00023,-0.00061,-0.00088,-0.00104,0.00054
536.8900146,0.00092,-0.00022,-0.00061,-0.00087,-0.00101,0.0005
537.25,0.00097,-0.00021,-0.00057,-0.0008,-0.00092,0.00056
537.6099854,0.00096,-0.00017,-0.00051,-0.00077,-0.0009,0.00054
537.960022,0.00088,-0.00025,-0.00047,-0.00083,-0.00091,0.00043
538.3200073,0.00083,-0.00034,-0.00059,-0.00087,-0.00098,0.00032
538.6799927,0.00081,-0.00039,-0.00065,-0.00084,-0.00098,0.00029
539.0300293,0.0008,-0.00041,-0.00065,-0.00081,-0.00093,0.0002
539.3900146,0.00074,-0.00045,-0.00067,-0.00081,-0.00092,0.0002
539.75,0.00065,-0.00046,-0.0007,-0.00082,-0.00094,0.00015
540.0999756,0.00057,-0.00052,-0.00073,-0.00083,-0.0009,0.00013
540.460022,0.00057,-0.00048,-0.0007,-0.00081,-0.00089,0.00012
540.8099976,0.00057,-0.00047,-0.00066,-0.00073,-0.00092,1.00E-04
541.1699829,0.00053,-0.00052,-0.00067,-0.00074,-0.00091,3.00E-05
541.5300293,0.00051,-0.00048,-0.00067,-0.00073,-0.00092,3.00E-05
541.8800049,0.00045,-0.00052,-0.0007,-0.00076,-0.001,-8.00E-05
542.2399902,0.00047,-0.00052,-0.00067,-0.00073,-0.00104,-7.00E-05
542.5900269,0.00052,-0.00045,-0.00064,-0.00069,-0.00105,-6.00E-05
542.9500122,0.0005,-0.00048,-0.00066,-0.00066,-0.00102,-9.00E-05
543.3099976,0.00047,-0.00051,-0.00066,-0.00067,-0.00099,-1.00E-04
543.6599731,0.00051,-0.00042,-0.00062,-0.00061,-0.00099,-9.00E-05
544.0200195,0.0005,-0.00046,-0.00067,-0.00062,-0.00106,-0.00012
544.3699951,0.00056,-0.0004,-0.00061,-0.00054,-0.00093,-8.00E-05
544.7299805,0.00045,-0.00042,-0.00067,-0.00059,-0.0009,-0.00014
545.0900269,0.00041,-0.00051,-0.00071,-0.00065,-0.00092,-0.00021
545.4400024,0.00032,-0.0005,-0.00073,-0.00066,-0.00095,-0.00022
545.7999878,0.00029,-0.00049,-0.00072,-0.00066,-0.00091,-0.00021
546.1500244,0.00026,-0.00055,-0.00072,-0.00068,-0.00088,-0.00019
546.5100098,0.00025,-0.00058,-0.00067,-0.00069,-0.00083,-0.00018
546.8599854,0.00022,-0.00062,-0.00066,-0.00075,-0.00085,-0.00016
547.2199707,0.00024,-0.00066,-0.00057,-0.00073,-0.0008,-0.00019
547.5800171,0.00013,-0.00069,-0.0006,-0.00077,-0.00085,-0.00026
547.9299927,0.00017,-0.00071,-0.00061,-0.00077,-0.00085,-0.0003
548.289978,0.00018,-0.00071,-0.00062,-0.00077,-0.00082,-0.00036
548.6400146,0.00011,-0.00072,-0.00065,-0.00077,-0.00086,-0.00041
549,8.00E-05,-0.00068,-0.00069,-0.00079,-0.0009,-0.00045
549.3499756,0,-0.00073,-0.00076,-0.0008,-0.001,-0.00055
549.710022,7.00E-05,-0.00068,-0.00076,-0.00075,-0.00103,-0.00056
550.0599976,0.00013,-0.00064,-0.00071,-0.00067,-0.00094,-0.00052
550.4199829,0.00011,-0.00061,-0.0007,-0.00069,-0.0009,-0.00045
550.7700195,9.00E-05,-0.00061,-0.00067,-0.00067,-0.00092,-0.00039
551.1300049,0.00012,-0.00062,-0.00064,-0.0007,-0.00088,-0.00041
551.4799805,0.00015,-0.00065,-0.0006,-0.00067,-0.00081,-0.00038
551.8400269,0.00015,-0.00062,-0.00059,-0.00068,-0.00077,-0.00035
552.1900024,9.00E-05,-0.00063,-0.00059,-0.00071,-0.00076,-0.00036
552.5499878,4.00E-05,-0.00065,-0.00062,-0.00073,-0.00077,-0.00036
552.9000244,-1.00E-05,-0.00068,-0.00063,-0.00068,-0.00084,-0.00046
553.2600098,4.00E-05,-0.00064,-0.00059,-0.00066,-0.00081,-0.00046
553.6099854,4.00E-05,-0.00059,-0.00054,-0.00059,-0.00077,-0.00042
553.9699707,3.00E-05,-0.00053,-0.00054,-0.00056,-0.00079,-0.00042
554.3200073,8.00E-05,-0.00051,-0.00053,-0.00054,-0.00079,-0.00042
554.6799927,1.00E-04,-0.0005,-0.00054,-0.00055,-0.00078,-0.00043
555.0300293,1.00E-04,-0.00051,-0.00051,-0.00055,-0.00081,-0.00045
555.3900146,0.00014,-0.00047,-0.00042,-0.00056,-0.00082,-0.00041
555.7399902,0.00012,-0.00051,-0.00047,-0.00061,-0.00085,-0.00044
556.0999756,0.00015,-0.0005,-0.00045,-0.00065,-0.00087,-0.00047
556.4500122,0.00011,-0.00054,-0.00046,-0.00065,-0.00087,-0.00049
556.7999878,1.00E-04,-0.00055,-0.00047,-0.00062,-0.00084,-0.00049
557.1599731,3.00E-05,-0.00063,-0.00052,-0.00061,-0.00091,-0.00052
557.5100098,3.00E-05,-0.00066,-0.00057,-0.00066,-0.00089,-0.0005
557.8699951,-1.00E-05,-0.00068,-0.00065,-0.00067,-0.00089,-0.00051
558.2199707,1.00E-05,-0.00061,-0.00056,-0.00059,-0.00081,-0.00045
558.5800171,-2.00E-05,-0.00067,-0.00063,-0.0006,-0.00084,-0.00047
558.9299927,3.00E-05,-0.0006,-0.00063,-0.00056,-0.00078,-0.00042
559.2800293,0,-0.00065,-0.00064,-0.00061,-0.00084,-0.00044
559.6400146,-1.00E-05,-0.00069,-0.00063,-0.00066,-0.00083,-0.00042
559.9899902,-3.00E-05,-0.00063,-0.00058,-0.00058,-0.00082,-0.00041
560.3499756,1.00E-05,-0.00064,-0.00054,-0.00056,-0.00078,-0.0004
560.7000122,-5.00E-05,-0.00074,-0.00064,-0.00062,-0.00085,-0.00047
561.0499878,-6.00E-05,-0.00073,-0.00063,-0.00064,-0.00088,-0.00047
561.4099731,-1.00E-04,-0.00079,-0.00062,-0.00071,-0.00096,-0.00051
561.7600098,-6.00E-05,-0.00075,-0.0006,-0.00066,-0.00089,-0.00048
562.1199951,-3.00E-05,-0.00073,-0.00061,-0.00064,-0.00086,-0.00046
562.4699707,-4.00E-05,-0.00077,-0.00065,-0.00074,-0.0009,-0.00052
562.8200073,-1.00E-04,-0.0008,-0.00067,-0.00077,-0.00093,-0.00053
563.1799927,-0.00012,-0.00078,-0.00067,-0.00081,-0.00095,-0.00053
563.5300293,-0.00011,-0.00076,-0.00065,-0.0008,-0.00086,-0.0005
563.8800049,-0.00012,-0.00075,-0.00064,-0.00079,-0.00085,-0.00052
564.2399902,-0.00015,-0.00073,-0.00061,-0.00078,-0.00089,-0.00053
564.5900269,-0.00013,-0.00066,-0.00057,-0.00072,-0.00087,-0.00053
564.9500122,0,-0.00057,-0.00047,-0.00065,-0.00076,-0.00047
565.2999878,4.00E-05,-0.00052,-0.00046,-0.00062,-0.00072,-0.00046
565.6500244,8.00E-05,-0.00048,-0.00041,-0.0006,-0.00069,-0.00041
566.0100098,0.00012,-0.00046,-0.00039,-0.00054,-0.00071,-0.00038
566.3599854,0.00014,-0.0005,-0.00043,-0.00056,-0.00073,-0.00035
566.710022,0.00018,-0.00049,-0.00044,-0.00057,-0.00069,-0.00035
567.0700073,0.00018,-0.00052,-0.00044,-0.00057,-0.00067,-0.00033
567.4199829,0.00016,-0.00054,-0.00048,-0.00055,-0.00074,-0.00036
567.7700195,0.00015,-0.00055,-0.00046,-0.0005,-0.00073,-0.00031
568.1300049,0.00018,-0.00055,-0.00045,-0.00044,-0.00072,-0.00032
568.4799805,0.00017,-0.00053,-0.00042,-0.00046,-0.0007,-0.00031
568.8300171,0.00015,-0.0005,-0.0004,-0.00043,-0.0007,-0.0003
569.1799927,0.00014,-0.00054,-0.00039,-0.00042,-0.0007,-0.00031
569.539978,0.00015,-0.00053,-0.00037,-0.0004,-0.00072,-0.00031
569.8900146,9.00E-05,-0.00057,-0.00033,-0.00041,-0.0007,-0.00031
570.2399902,9.00E-05,-0.00059,-0.00037,-0.00048,-0.00071,-0.00034
570.5999756,7.00E-05,-0.00065,-0.0004,-0.00052,-0.00075,-0.0004
570.9500122,1.00E-05,-0.00069,-0.00044,-0.00051,-0.00075,-0.00043
571.2999878,2.00E-05,-0.00071,-0.00046,-0.00054,-0.00076,-0.00046
571.6500244,3.00E-05,-0.00067,-0.00048,-0.00053,-0.00073,-0.00044
572.0100098,-1.00E-05,-0.00071,-0.00052,-0.00059,-0.00076,-0.00048
572.3599854,1.00E-05,-0.00068,-0.00055,-0.00058,-0.00076,-0.00045
572.710022,-1.00E-05,-0.00065,-0.00055,-0.00058,-0.00077,-0.00046
573.0599976,-4.00E-05,-0.0006,-0.00058,-0.00057,-0.00078,-0.00043
573.4199829,3.00E-05,-0.00062,-0.00057,-0.00061,-0.00085,-0.00044
573.7700195,-1.00E-05,-0.00059,-0.00059,-0.00061,-0.00082,-0.00041
574.1199951,-5.00E-05,-0.00061,-0.00061,-0.00061,-0.00084,-0.00045
574.4699707,-4.00E-05,-0.0006,-0.00061,-0.00062,-0.00083,-0.00043
574.8300171,-2.00E-05,-0.00065,-0.00064,-0.00065,-0.00084,-0.0005
575.1799927,1.00E-05,-0.00066,-0.00063,-0.00062,-0.00083,-0.00048
575.5300293,3.00E-05,-0.00063,-0.00061,-0.00063,-0.00077,-0.00046
575.8800049,-2.00E-05,-0.00062,-0.00063,-0.00061,-0.00072,-0.00047
576.2399902,1.00E-05,-0.00062,-0.0006,-0.00058,-0.0007,-0.00047
576.5900269,2.00E-05,-0.00061,-0.00059,-0.00061,-0.00074,-0.00044
576.9400024,5.00E-05,-0.0006,-0.00055,-0.0006,-0.00075,-0.00043
577.289978,0,-0.00054,-0.00053,-0.00061,-0.00073,-0.00038
577.6400146,3.00E-05,-0.00054,-0.00053,-0.0006,-0.00071,-0.00042
578,2.00E-05,-0.00055,-0.0005,-0.00056,-0.0007,-0.00043
578.3499756,7.00E-05,-0.0005,-0.00042,-0.00053,-0.00068,-0.00039
578.7000122,7.00E-05,-0.0005,-0.00042,-0.00051,-0.00071,-0.00038
579.0499878,5.00E-05,-0.00053,-0.00044,-0.00051,-0.0007,-0.00042
579.4000244,8.00E-05,-0.00051,-0.00045,-0.00049,-0.00068,-0.00041
579.7600098,6.00E-05,-0.00056,-0.00047,-0.00047,-0.00071,-0.00047
580.1099854,3.00E-05,-0.00055,-0.00043,-0.00047,-0.00072,-0.00043
580.460022,7.00E-05,-0.00059,-0.00049,-0.00049,-0.00076,-0.00045
580.8099976,3.00E-05,-0.00064,-0.00055,-0.00051,-0.00078,-0.00046
581.1599731,0,-0.00064,-0.00058,-0.00056,-0.00079,-0.00047
581.5100098,4.00E-05,-0.0006,-0.00054,-0.00052,-0.00076,-0.00043
581.8699951,1.00E-05,-0.00061,-0.00055,-0.00054,-0.00075,-0.00043
582.2199707,2.00E-05,-0.00061,-0.00056,-0.00052,-0.00073,-0.0004
582.5700073,7.00E-05,-0.00057,-0.00059,-0.00048,-0.00074,-0.00039
582.9199829,1.00E-05,-0.00057,-0.00057,-0.00049,-0.00075,-0.0004
583.2700195,-2.00E-05,-0.00061,-0.00063,-0.00051,-0.00078,-0.00044
583.6199951,-1.00E-05,-0.00063,-0.00062,-0.00051,-0.00079,-0.00047
583.9699707,-3.00E-05,-0.00062,-0.00062,-0.00052,-0.00082,-0.00053
584.3300171,-4.00E-05,-0.00064,-0.00063,-0.00054,-0.00081,-0.00054
584.6799927,-5.00E-05,-0.00067,-0.00067,-0.0006,-0.00084,-0.00056
585.0300293,-1.00E-04,-0.0007,-0.00066,-0.00066,-0.00086,-0.00058
585.3800049,-8.00E-05,-0.00072,-0.00064,-0.00066,-0.00085,-0.00057
585.7299805,-2.00E-05,-0.00065,-0.00059,-0.00065,-0.00079,-0.00055
586.0800171,-4.00E-05,-0.00063,-0.00056,-0.00061,-0.00076,-0.00053
586.4299927,-5.00E-05,-0.00065,-0.00057,-0.00066,-0.00077,-0.00053
586.7800293,-5.00E-05,-0.00064,-0.00062,-0.00065,-0.0008,-0.00058
587.1300049,-1.00E-05,-0.00061,-0.00055,-0.00061,-0.00073,-0.00057
587.4799805,-2.00E-05,-0.00065,-0.00058,-0.00063,-0.00071,-0.00059
587.8400269,2.00E-05,-0.00061,-0.00058,-0.00061,-0.0007,-0.00056
588.1900024,-2.00E-05,-0.00064,-0.00058,-0.00061,-0.00074,-0.00056
588.539978,-1.00E-05,-0.00066,-0.00058,-0.00061,-0.00076,-0.00061
588.8900146,2.00E-05,-0.00061,-0.00056,-0.00058,-0.00074,-0.00058
589.2399902,1.00E-05,-0.00059,-0.00051,-0.00058,-0.00071,-0.00053
589.5900269,-1.00E-05,-0.0006,-0.00054,-0.00059,-0.00073,-0.00052
589.9400024,-3.00E-05,-0.00061,-0.00053,-0.0006,-0.00077,-0.00048
590.289978,-4.00E-05,-0.00062,-0.00052,-0.00058,-0.00074,-0.00047
590.6400146,0,-0.00059,-0.0005,-0.00054,-0.00072,-0.00042
590.9899902,4.00E-05,-0.00058,-0.00052,-0.00056,-0.00071,-0.00034
591.3400269,5.00E-05,-0.00064,-0.00055,-0.00056,-0.00072,-0.00036
591.6900024,5.00E-05,-0.00069,-0.00053,-0.00052,-0.00075,-0.00036
592.039978,7.00E-05,-0.00067,-0.00052,-0.00048,-0.00075,-0.00034
592.3900146,0.00012,-0.00058,-0.00051,-0.0004,-0.0007,-0.00033
592.7399902,1.00E-04,-0.0006,-0.00054,-0.00048,-0.00073,-0.00038
593.0900269,6.00E-05,-0.00061,-0.00059,-0.00052,-0.00072,-0.00042
593.4400024,7.00E-05,-0.00061,-0.00056,-0.0005,-0.00071,-0.00043
593.789978,9.00E-05,-0.00058,-0.00052,-0.00046,-0.00065,-0.0004
594.1400146,5.00E-05,-0.00056,-0.00052,-0.00049,-0.00067,-0.00042
594.4899902,0,-0.00058,-0.00053,-0.00054,-0.00067,-0.00044
594.8400269,-2.00E-05,-0.00067,-0.00056,-0.00059,-0.00065,-0.00048
595.1900024,-2.00E-05,-0.00063,-0.00054,-0.00049,-0.00066,-0.00046
595.539978,-2.00E-05,-0.00064,-0.00053,-0.00051,-0.00071,-0.00046
595.8900146,-3.00E-05,-0.00063,-0.00054,-0.00052,-0.00072,-0.00046
596.2399902,-0.00011,-0.00065,-0.00058,-0.00058,-0.00076,-0.0005
596.5900269,-7.00E-05,-0.00062,-0.00058,-0.00055,-0.0007,-0.00048
596.9400024,-1.00E-04,-0.00063,-0.00055,-0.00053,-0.00071,-0.00047
597.289978,-8.00E-05,-0.00062,-0.00056,-0.00054,-0.00078,-0.00048
597.6400146,-1.00E-04,-0.00062,-0.00059,-0.00058,-0.00074,-0.00046
597.9899902,-0.00012,-0.00062,-0.0006,-0.00058,-0.00072,-0.00049
598.3400269,-0.00014,-0.00068,-0.00062,-0.0006,-0.00075,-0.00053
598.6900024,-9.00E-05,-0.00062,-0.00059,-0.0006,-0.00073,-0.00048
599.039978,-0.00014,-0.00068,-0.00062,-0.00062,-0.00079,-0.00051
599.3900146,-0.00013,-0.00067,-0.00064,-0.00066,-0.00083,-0.00054
599.7399902,-1.00E-04,-0.00065,-0.00059,-0.00062,-0.0008,-0.0005
600.0900269,-0.00011,-0.0007,-0.00057,-0.00069,-0.00084,-0.00055
600.4400024,-9.00E-05,-0.0007,-0.00058,-0.00071,-0.00085,-0.00053
600.789978,-8.00E-05,-0.00066,-0.00056,-0.00065,-0.00084,-0.00048
601.1400146,-7.00E-05,-0.00067,-0.00057,-0.00065,-0.00086,-0.00048
601.4899902,0,-0.00061,-0.00052,-0.0006,-0.00084,-0.00042
601.8300171,4.00E-05,-0.00059,-0.0005,-0.00055,-0.0008,-0.00039
602.1799927,5.00E-05,-0.00061,-0.0005,-0.00057,-0.00081,-0.00039
602.5300293,1.00E-04,-0.00057,-0.00049,-0.00052,-0.00078,-0.00037
602.8800049,0.00011,-0.00058,-0.00048,-0.00052,-0.00079,-0.00037
603.2299805,8.00E-05,-0.00056,-0.0005,-0.00055,-0.00079,-0.00043
603.5800171,1.00E-04,-0.00058,-0.00047,-0.00053,-0.00079,-0.00046
603.9299927,1.00E-04,-0.00062,-0.00051,-0.00058,-0.00075,-0.00047
604.2800293,9.00E-05,-0.00064,-0.00054,-0.00061,-0.00075,-0.00047
604.6300049,8.00E-05,-0.00062,-0.00055,-0.00063,-0.00072,-0.0005
604.9699707,3.00E-05,-0.00064,-0.00055,-0.00065,-0.00074,-0.00049
605.3200073,3.00E-05,-0.00068,-0.00058,-0.00063,-0.00071,-0.00049
605.6699829,6.00E-05,-0.0007,-0.00055,-0.00062,-0.0007,-0.00045
606.0200195,4.00E-05,-0.0007,-0.00058,-0.00062,-0.00071,-0.00043
606.3699951,-1.00E-05,-0.00068,-0.00058,-0.0006,-0.00072,-0.00044
606.7199707,-1.00E-05,-0.00064,-0.00055,-0.00056,-0.00068,-0.00042
607.0700073,-5.00E-05,-0.00063,-0.00057,-0.00057,-0.00071,-0.00042
607.4199829,-5.00E-05,-0.00066,-0.00061,-0.00054,-0.00071,-0.00044
607.7600098,-6.00E-05,-0.00064,-0.00057,-0.00055,-0.0007,-0.00044
608.1099854,-5.00E-05,-0.00062,-0.00058,-0.00054,-0.00069,-0.00042
608.460022,-6.00E-05,-0.00065,-0.00055,-0.00056,-0.00069,-0.00047
608.8099976,-7.00E-05,-0.00069,-0.00055,-0.00061,-0.00073,-0.00053
609.1599731,-7.00E-05,-0.00075,-0.00057,-0.00064,-0.00079,-0.00055
609.5100098,-5.00E-05,-0.00075,-0.00055,-0.0006,-0.00079,-0.00054
609.8499756,-4.00E-05,-0.00073,-0.00051,-0.00062,-0.00078,-0.00056
610.2000122,-1.00E-05,-0.00068,-0.00051,-0.0006,-0.0008,-0.00057
610.5499878,0,-0.00067,-0.00048,-0.00059,-0.00076,-0.00056
610.9000244,-3.00E-05,-0.00065,-0.00051,-0.00065,-0.00075,-0.00056
611.25,-2.00E-05,-0.00068,-0.00055,-0.00065,-0.00076,-0.00053
611.5900269,0,-0.00066,-0.00053,-0.00062,-0.00075,-0.00055
611.9400024,0,-0.00066,-0.00057,-0.00063,-0.00076,-0.00055
612.289978,-4.00E-05,-0.0006,-0.00056,-0.00059,-0.00075,-0.00052
612.6400146,-6.00E-05,-0.00061,-0.00059,-0.00056,-0.00074,-0.00054
612.9899902,-0.00014,-0.00066,-0.00062,-0.0006,-0.00076,-0.00059
613.3300171,-0.00012,-0.00065,-0.00062,-0.00055,-0.00073,-0.00055
613.6799927,-8.00E-05,-0.00061,-0.00054,-0.00047,-0.00067,-0.00055
614.0300293,-7.00E-05,-0.0006,-0.00055,-0.00046,-0.00066,-0.00053
614.3800049,-6.00E-05,-0.00062,-0.00053,-0.00044,-0.00063,-0.00049
614.7199707,-6.00E-05,-0.0007,-0.00052,-0.00048,-0.00064,-0.00051
615.0700073,-9.00E-05,-0.00072,-0.00047,-0.00051,-0.00064,-0.00052
615.4199829,-4.00E-05,-0.00068,-0.00046,-0.00049,-0.00067,-0.00048
615.7700195,-2.00E-05,-0.00065,-0.00043,-0.00051,-0.00069,-0.00045
616.1099854,-5.00E-05,-0.00062,-0.00045,-0.00055,-0.00069,-0.00044
616.460022,-5.00E-05,-0.00062,-0.00045,-0.00057,-0.00072,-0.00046
616.8099976,-7.00E-05,-0.0006,-0.00045,-0.00055,-0.00072,-0.00046
617.1599731,2.00E-05,-0.00057,-0.00043,-0.00058,-0.00073,-0.00043
617.5,3.00E-05,-0.00056,-0.00046,-0.00061,-0.0007,-0.00039
617.8499756,0,-0.0006,-0.0005,-0.00062,-0.00071,-0.00041
618.2000122,-6.00E-05,-0.00064,-0.00054,-0.00059,-0.00068,-0.00043
618.539978,-6.00E-05,-0.00069,-0.00058,-0.00058,-0.00073,-0.00042
618.8900146,-0.00014,-0.00069,-0.00059,-0.00054,-0.00075,-0.00048
619.2399902,-0.00013,-0.00074,-0.0006,-0.00058,-0.00077,-0.00051
619.5900269,-0.00017,-0.00072,-0.00063,-0.00053,-0.00076,-0.00051
619.9299927,-0.00016,-0.0007,-0.00062,-0.00052,-0.0008,-0.00054
620.2800293,-0.00016,-0.00068,-0.00059,-0.00052,-0.0008,-0.00054
620.6300049,-0.00012,-0.00069,-0.00061,-0.00056,-0.00083,-0.00056
620.9699707,-0.00013,-0.00066,-0.00063,-0.00055,-0.0008,-0.00057
621.3200073,-7.00E-05,-0.00065,-0.00062,-0.00062,-0.00078,-0.00054
621.6699829,-4.00E-05,-0.0006,-0.00057,-0.00059,-0.00078,-0.00053
622.0100098,-4.00E-05,-0.00062,-0.00056,-0.00059,-0.00079,-0.00058
622.3599854,-6.00E-05,-0.00064,-0.00058,-0.00061,-0.00081,-0.00059
622.710022,-6.00E-05,-0.00068,-0.0006,-0.00061,-0.0008,-0.00062
623.0499878,-7.00E-05,-0.00066,-0.00058,-0.0006,-0.0008,-0.00064
623.4000244,-7.00E-05,-0.00065,-0.00053,-0.00058,-0.00081,-0.00065
623.75,-0.00012,-0.00065,-0.00052,-0.00054,-0.00082,-0.00062
624.0900269,-0.00018,-0.00067,-0.00056,-0.00059,-0.00082,-0.00062
624.4400024,-0.00019,-0.00066,-0.00058,-0.00063,-0.00081,-0.00062
624.789978,-0.00019,-0.00069,-0.00061,-0.00061,-0.00081,-0.00061
625.1300049,-0.00015,-0.00065,-0.00058,-0.00062,-0.00083,-0.0006
625.4799805,-0.00012,-0.00065,-0.00053,-0.00065,-0.0008,-0.00058
625.8200073,-7.00E-05,-0.00064,-0.0005,-0.00065,-0.00077,-0.00058
626.1699829,-9.00E-05,-0.0007,-0.00056,-0.00071,-0.00079,-0.00063
626.5200195,-7.00E-05,-0.00068,-0.00057,-0.00067,-0.0008,-0.00064
626.8599854,-7.00E-05,-0.00068,-0.00055,-0.00068,-0.0008,-0.00065
627.210022,-7.00E-05,-0.00066,-0.00051,-0.00071,-0.00081,-0.00063
627.5499878,-0.00014,-0.00068,-0.00055,-0.00067,-0.00082,-0.00064
627.9000244,-0.00012,-0.00067,-0.00056,-0.00064,-0.00085,-0.00063
628.25,-0.00015,-0.00066,-0.00059,-0.00064,-0.00086,-0.00063
628.5900269,-8.00E-05,-0.00061,-0.00054,-0.00056,-0.00079,-0.00059
628.9400024,-1.00E-04,-0.00069,-0.00057,-0.00059,-0.00079,-0.0006
629.2800293,-0.00011,-0.00068,-0.00059,-0.00058,-0.00081,-0.00059
629.6300049,-0.00011,-0.00068,-0.00063,-0.00059,-0.00081,-0.00061
629.9799805,-5.00E-05,-0.00067,-0.00054,-0.00056,-0.00073,-0.00053
630.3200073,-0.00012,-0.00074,-0.00058,-0.00061,-0.00079,-0.00059
630.6699829,-0.00012,-0.00075,-0.00061,-0.00066,-0.00082,-0.00057
631.0100098,-0.00016,-0.00079,-0.00065,-0.00074,-0.00089,-0.00056
631.3599854,-0.00014,-0.00075,-0.00063,-0.00071,-0.00086,-0.00052
631.7000122,-0.00011,-0.0008,-0.00064,-0.00067,-0.00084,-0.00054
632.0499878,-0.00013,-0.00078,-0.00062,-0.00066,-0.00085,-0.00052
632.3900146,-0.00015,-0.0008,-0.00063,-0.00069,-0.00087,-0.00055
632.7399902,-0.00013,-0.00079,-0.00063,-0.00066,-0.00083,-0.00053
633.0900269,-0.00014,-0.00084,-0.00061,-0.00063,-0.00078,-0.00052
633.4299927,-7.00E-05,-0.00083,-0.00053,-0.00061,-0.00072,-0.0005
633.7800293,-0.00013,-0.00085,-0.00054,-0.00064,-0.00074,-0.00056
634.1199951,-0.00014,-0.00087,-0.0005,-0.00068,-0.00071,-0.00057
634.4699707,-8.00E-05,-0.00082,-0.00045,-0.00066,-0.00064,-0.00055
634.8099976,-5.00E-05,-0.00075,-0.00043,-0.00062,-0.00061,-0.00054
635.1599731,-5.00E-05,-0.00074,-0.00043,-0.00061,-0.00061,-0.00055
635.5,-9.00E-05,-0.00075,-0.00047,-0.00066,-0.00063,-0.00062
635.8499756,-0.00014,-0.00075,-0.00054,-0.00068,-0.00068,-0.00066
636.1900024,-1.00E-04,-0.00071,-0.00049,-0.00068,-0.00066,-0.00059
636.539978,-0.00011,-0.00068,-0.00054,-0.00065,-0.00067,-0.00058
636.8800049,-0.00013,-0.00071,-0.00055,-0.00065,-0.00068,-0.00057
637.2299805,-0.00016,-0.00078,-0.00059,-0.00066,-0.0007,-0.0006
637.5700073,-0.00018,-0.00076,-0.0006,-0.00066,-0.00073,-0.0006
637.9199829,-0.00016,-0.00072,-0.00055,-0.00061,-0.00071,-0.00054
638.2600098,-0.00011,-0.00069,-0.00053,-0.00055,-0.00066,-0.0005
638.5999756,-7.00E-05,-0.00067,-0.00053,-0.00056,-0.00064,-0.00051
638.9500122,-6.00E-05,-0.00068,-0.00052,-0.00057,-0.00061,-0.00052
639.289978,-7.00E-05,-0.0007,-0.00054,-0.00061,-0.00059,-0.00059
639.6400146,-1.00E-04,-0.00069,-0.00059,-0.00065,-0.00065,-0.00059
639.9799805,-8.00E-05,-0.00069,-0.00058,-0.00066,-0.00063,-0.00058
640.3300171,-6.00E-05,-0.00071,-0.00059,-0.00068,-0.00067,-0.00056
640.6699829,-0.00011,-0.00072,-0.00056,-0.00068,-0.00065,-0.00054
641.0200195,-0.00013,-0.00071,-0.00061,-0.00068,-0.00066,-0.00055
641.3599854,-0.00014,-0.00069,-0.0006,-0.00068,-0.00069,-0.00053
641.7000122,-1.00E-04,-0.00066,-0.00062,-0.00063,-0.00067,-0.00047
642.0499878,-3.00E-05,-0.00067,-0.00055,-0.00055,-0.00055,-0.00043
642.3900146,-1.00E-05,-0.00065,-0.0005,-0.00052,-0.00046,-0.00043
642.7399902,1.00E-05,-0.00058,-0.00047,-0.00047,-0.00032,-0.00042
643.0800171,6.00E-05,-0.00056,-0.00046,-0.00047,-0.00024,-0.00044
643.4299927,3.00E-05,-0.00063,-0.00049,-0.00048,-0.00013,-0.00044
643.7700195,8.00E-05,-0.00063,-0.00047,-0.00047,9.00E-05,-0.00045
644.1099854,6.00E-05,-0.00066,-0.00048,-0.00047,0.00026,-0.00049
644.460022,3.00E-05,-0.00065,-0.00047,-0.0005,0.00046,-0.00049
644.7999878,3.00E-05,-0.00069,-0.0005,-0.00048,0.00076,-0.0005
645.1400146,-1.00E-05,-0.00077,-0.00057,-0.00056,0.00103,-0.00055
645.4899902,-6.00E-05,-0.0008,-0.00062,-0.00064,0.0013,-0.00059
645.8300171,-8.00E-05,-0.00076,-0.00059,-0.00065,0.00159,-0.00062
646.1799927,-7.00E-05,-0.00076,-0.00055,-0.00062,0.00182,-0.00063
646.5200195,-0.00014,-0.00079,-0.00059,-0.00066,0.002,-0.00062
646.8599854,-0.00016,-0.00079,-0.00061,-0.00069,0.0022,-0.00064
647.210022,-0.00017,-0.00075,-0.00063,-0.00075,0.00224,-0.00058
647.5499878,-0.00018,-0.0007,-0.00065,-0.0007,0.00225,-0.00057
647.8900146,-0.00016,-0.00069,-0.00063,-0.00066,0.00222,-0.00056
648.2399902,-0.00013,-0.00071,-0.00067,-0.00064,0.00213,-0.00059
648.5800171,-0.00013,-0.00068,-0.00068,-0.00064,0.002,-0.00059
648.9199829,-0.00011,-0.00066,-0.00066,-0.00063,0.00186,-0.00062
649.2700195,-7.00E-05,-0.00065,-0.00064,-0.00057,0.00159,-0.00062
649.6099854,-0.00011,-0.00069,-0.00061,-0.00056,0.00133,-0.00066
649.9500122,-7.00E-05,-0.0007,-0.00058,-0.00057,0.00112,-0.00071
650.2999878,-8.00E-05,-0.00073,-0.00059,-0.00059,0.0009,-0.00067
650.6400146,-7.00E-05,-0.00071,-0.00054,-0.00055,0.0007,-0.0006
650.9799805,-0.00011,-0.00075,-0.0006,-0.00061,0.00052,-0.0006
651.3300171,-0.00013,-0.00079,-0.00059,-0.00063,0.00033,-0.00061
651.6699829,-0.00017,-0.00079,-0.0006,-0.00071,0.00022,-0.00061
652.0100098,-0.00015,-0.00077,-0.00065,-0.00071,0.00018,-0.00062
652.3599854,-0.00018,-0.00081,-0.00066,-0.00076,0.00013,-0.00064
652.7000122,-0.00015,-0.00075,-0.00067,-0.00075,0.00015,-0.00067
653.039978,-0.00014,-0.00075,-0.00063,-0.00068,0.00018,-0.00066
653.3800049,-8.00E-05,-0.00072,-0.00055,-0.00067,0.00024,-0.00064
653.7299805,-6.00E-05,-0.00072,-0.00056,-0.00064,0.00028,-0.00061
654.0700073,0,-0.0007,-0.00054,-0.00057,0.00035,-0.00061
654.4099731,1.00E-05,-0.00072,-0.00053,-0.00063,0.00039,-0.00057
654.75,2.00E-05,-0.00071,-0.0005,-0.00054,0.00041,-0.00049
655.0999756,-3.00E-05,-0.00075,-0.00048,-0.00051,0.00038,-0.00048
655.4400024,-1.00E-04,-0.00077,-0.00052,-0.00059,0.00036,-0.00055
655.7800293,-0.00019,-0.00085,-0.00056,-0.0006,0.00029,-0.00057
656.1199951,-0.0002,-0.00087,-0.00058,-0.0006,0.00026,-0.00059
656.4699707,-0.00023,-0.00089,-0.00064,-0.00066,0.00022,-0.00062
656.8099976,-0.00028,-0.00095,-0.00066,-0.00062,0.00017,-0.00064
657.1500244,-0.00027,-0.00092,-0.00065,-0.00068,0.00014,-0.00067
657.4899902,-0.00022,-0.00092,-0.00065,-0.00071,0.00014,-0.00065
657.8400269,-0.00023,-0.00092,-0.00067,-0.00073,0.00011,-0.00064
658.1799927,-0.00016,-0.00086,-0.00072,-0.00071,0.00014,-0.00063
658.5200195,-0.00018,-0.0008,-0.0007,-0.00075,0.00012,-0.00064
658.8599854,-0.00021,-0.0009,-0.00073,-0.00079,1.00E-04,-0.00071
659.2000122,-0.00017,-0.00085,-0.00073,-0.00072,0.00015,-0.00074
659.5499878,-0.00018,-0.00088,-0.00073,-0.00067,0.00019,-0.00073
659.8900146,-0.00021,-0.00085,-0.00076,-0.00066,0.00021,-0.00076
660.2299805,-0.00018,-0.00086,-0.00076,-0.00061,0.00028,-0.00077
660.5700073,-0.00022,-0.00084,-0.00073,-0.00063,0.00032,-0.00073
660.9099731,-0.00014,-0.0008,-0.00074,-0.00061,0.00045,-0.00067
661.2600098,-0.00013,-0.00074,-0.00067,-0.00058,0.00049,-0.00061
661.5999756,-0.00013,-0.00074,-0.00065,-0.0006,0.00052,-0.00056
661.9400024,-0.00013,-0.00073,-0.00062,-0.00059,0.00052,-0.00053
662.2800293,-0.00013,-0.00071,-0.00057,-0.00058,0.00059,-0.0005
662.6199951,-0.00013,-0.00069,-0.00054,-0.0006,0.00055,-0.00051
662.960022,-0.00014,-0.00071,-0.00051,-0.00059,0.00053,-0.00057
663.3099976,-1.00E-04,-0.00069,-0.0004,-0.00053,0.00052,-0.00054
663.6500244,-5.00E-05,-0.00066,-0.00037,-0.00045,0.0005,-0.00052
663.9899902,-5.00E-05,-0.00063,-0.00034,-0.00038,0.00047,-0.00054
664.3300171,-3.00E-05,-0.00059,-0.00036,-0.0003,0.00042,-0.00059
664.6699829,-9.00E-05,-0.00062,-0.0004,-0.00025,0.00029,-0.00058
665.0100098,-0.00014,-0.00067,-0.00042,-0.00012,0.00021,-0.00057
665.3499756,-0.0002,-0.00072,-0.0005,1.00E-05,1.00E-04,-0.0006
665.6900024,-0.00034,-0.00085,-0.00062,0.00014,-8.00E-05,-0.0007
666.039978,-0.00034,-0.00084,-0.00063,0.00033,-0.00013,-0.00072
666.3800049,-0.00036,-0.00089,-0.00066,0.00054,-0.00028,-0.0007
666.7199707,-0.00046,-0.00092,-0.00071,0.00069,-0.00038,-0.00076
667.0599976,-0.00041,-0.00093,-0.00069,0.00095,-0.00044,-0.00077
667.4000244,-0.00032,-0.00088,-0.00064,0.00116,-0.00047,-0.00073
667.7399902,-0.00026,-0.00081,-0.00059,0.0014,-0.00044,-0.00068
668.0800171,-0.00017,-0.0007,-0.00052,0.00156,-0.00041,-0.00057
668.4199829,-0.00017,-0.00071,-0.00056,0.00166,-0.00043,-0.00055
668.7600098,-0.00019,-0.00072,-0.00058,0.00164,-0.00039,-0.0006
669.0999756,-0.00013,-0.00074,-0.00058,0.00164,-0.00036,-0.00057
669.4400024,-0.00015,-0.00073,-0.0006,0.00151,-0.00036,-0.00058
669.789978,-0.0002,-0.00077,-0.00059,0.0014,-0.0004,-0.00064
670.1300049,-0.00021,-0.00083,-0.0006,0.0012,-0.0005,-0.00066
670.4699707,-0.00025,-0.00092,-0.0006,0.00098,-0.00053,-0.00072
670.8099976,-0.00029,-0.00089,-0.00055,0.00074,-0.00056,-0.00078
671.1500244,-0.00028,-0.00087,-0.00051,0.00054,-0.00061,-0.00076
671.4899902,-0.00029,-0.00084,-0.0005,0.00034,-0.0006,-0.00073
671.8300171,-0.00027,-0.00081,-0.00045,0.00021,-0.00062,-0.00072
672.1699829,-0.00023,-0.00075,-0.00046,1.00E-05,-0.00057,-0.00065
672.5100098,-0.00021,-0.00076,-0.00045,-0.00011,-0.00053,-0.00065
672.8499756,-0.00018,-0.00069,-0.00044,-0.00017,-0.00053,-0.00062
673.1900024,-0.00017,-0.00075,-0.00043,-0.00025,-0.00057,-0.0006
673.5300293,-0.00014,-0.00076,-0.00042,-0.00028,-0.00057,-0.00056
673.8699951,-0.00013,-0.00078,-0.0004,-0.00032,-0.00062,-0.00057
674.210022,-0.00013,-0.00082,-0.00041,-0.00032,-0.00065,-0.00058
674.5499878,-0.00014,-0.00085,-0.00041,-0.00029,-0.00072,-0.00062
674.8900146,-0.00018,-0.00089,-0.00043,-0.00031,-0.00072,-0.00063
675.2299805,-0.00023,-0.00094,-0.00049,-0.00037,-0.00076,-0.00068
675.5700073,-0.00017,-0.00088,-0.00046,-0.00034,-0.00073,-0.00061
675.9099731,-0.00023,-0.00093,-0.00046,-0.00041,-0.00079,-0.00064
676.25,-0.00026,-0.00097,-0.00048,-0.00037,-0.00081,-0.00067
676.5900269,-0.00029,-0.00099,-0.00044,-0.00039,-0.00077,-0.00068
676.9299927,-0.0003,-0.00101,-0.00042,-0.00043,-0.00079,-0.00066
677.2700195,-0.00023,-0.00091,-0.00033,-0.00036,-0.00078,-0.00064
677.6099854,-0.00017,-0.00088,-0.00024,-0.0003,-0.00074,-0.00063
677.9500122,-0.00018,-0.00089,-0.00021,-0.00031,-0.00072,-0.00062
678.289978,-0.00011,-0.00087,-0.00014,-0.00029,-0.00066,-0.00064
678.6300049,-1.00E-04,-0.00084,-1.00E-05,-0.00029,-0.00061,-0.00062
678.9699707,-0.00013,-0.00078,1.00E-04,-0.00024,-0.00061,-0.00063
679.3099976,-6.00E-05,-0.00076,0.00027,-0.00014,-0.00052,-0.00061
679.6500244,-9.00E-05,-0.00083,0.00043,-0.00013,-0.00051,-0.0006
679.9799805,-0.00015,-0.00076,0.00058,-0.00015,-0.00051,-0.00055
680.3200073,-0.00023,-0.00077,0.00064,-0.00013,-0.00053,-0.00059
680.6599731,-0.00022,-0.0007,0.00079,1.00E-05,-0.0005,-0.00053
681,-0.00021,-0.00068,0.00086,3.00E-05,-0.00054,-0.0005
681.3400269,-0.00018,-0.0007,0.0009,5.00E-05,-0.00053,-0.00047
681.6799927,-0.0002,-0.00067,0.00088,7.00E-05,-0.00051,-0.00046
682.0200195,-0.00024,-0.00065,0.00081,7.00E-05,-0.00051,-0.00045
682.3599854,-0.00018,-0.00069,0.00075,0.00016,-0.00049,-0.00051
682.7000122,-0.00023,-0.00071,0.00066,0.00018,-0.00049,-0.00058
683.039978,-0.00029,-0.00075,0.00052,0.00014,-0.00049,-0.00058
683.3800049,-0.00033,-0.00078,0.00039,0.0002,-0.00047,-0.00063
683.710022,-0.00036,-0.00083,0.00021,0.00014,-0.0005,-0.0007
684.0499878,-0.00043,-0.00091,5.00E-05,0.00012,-0.00052,-0.00071
684.3900146,-0.00042,-0.00091,-2.00E-05,0.00018,-0.00047,-0.00074
684.7299805,-0.00042,-0.00097,-0.00017,0.0002,-0.00045,-0.00069
685.0700073,-0.0003,-0.00094,-0.00017,0.00026,-0.00036,-0.0006
685.4099731,-0.00026,-0.00086,-0.00021,0.00027,-0.00028,-0.0006
685.75,-0.00022,-0.00086,-0.00019,0.00027,-0.00023,-0.00058
686.0900269,-0.00019,-0.00084,-0.00013,0.0003,-0.00014,-0.00049
686.4199829,-0.00019,-0.00085,-0.00016,0.00022,-1.00E-04,-0.00052
686.7600098,-0.00019,-0.00085,-0.00017,0.00018,-0.00015,-0.0005
687.0999756,-0.00023,-0.00086,-0.00017,8.00E-05,-0.00019,-0.00056
687.4400024,-0.00027,-0.00086,-0.00014,2.00E-05,-0.00023,-0.00062
687.7800293,-0.00028,-0.00095,-0.00019,-2.00E-05,-0.00035,-0.00068
688.1199951,-0.00021,-0.00091,-0.00016,-3.00E-05,-0.00029,-0.00062
688.4500122,-0.00021,-0.00098,-0.00021,-7.00E-05,-0.00037,-0.00074
688.789978,-0.0002,-0.00096,-0.00019,0,-0.00043,-0.00074
689.1300049,-0.0002,-0.00099,-0.00016,-1.00E-05,-0.00045,-0.00072
689.4699707,-0.00019,-0.00103,-0.00015,2.00E-05,-0.00044,-0.0007
689.8099976,-0.00019,-0.00108,-0.00021,-2.00E-05,-0.0005,-0.00071
690.1400146,-0.00017,-0.001,-0.00013,3.00E-05,-0.00039,-0.00068
690.4799805,-0.00022,-0.001,-0.00013,4.00E-05,-0.00041,-0.00071
690.8200073,-0.00013,-0.00087,-8.00E-05,0.00015,-0.00033,-0.00062
691.1599731,-0.00016,-0.00088,-8.00E-05,0.00012,-0.00031,-0.00062
691.5,-0.00011,-0.00082,-1.00E-04,0.00016,-0.00022,-0.00058
691.8300171,-0.00016,-0.00075,-7.00E-05,1.00E-04,-0.00022,-0.00061
692.1699829,-0.00018,-0.00073,0,0.00011,-0.00018,-0.00059
692.5100098,-0.00015,-0.00074,1.00E-05,0.00012,-0.0002,-0.0006
692.8499756,-0.00012,-0.00067,4.00E-05,0.00017,-0.00017,-0.00058
693.1799927,-0.00026,-0.00073,6.00E-05,9.00E-05,-0.00021,-0.00056
693.5200195,-0.0002,-0.00069,0.00022,0.00018,-0.00021,-0.00057
693.8599854,-0.00026,-0.00067,0.00025,0.00015,-0.00022,-0.00062
694.2000122,-0.00022,-0.00065,0.00032,0.0002,-0.0002,-0.00056
694.5300293,-0.00024,-0.00061,0.00037,0.00026,-0.00015,-0.00054
694.8699951,-0.00027,-0.00064,0.00043,0.0003,-0.00016,-0.00051
695.210022,-0.00034,-0.00077,0.00042,0.00023,-0.00023,-0.00056
695.5499878,-0.00027,-0.00076,0.00051,0.00032,-0.00014,-0.00056
695.8800049,-0.00028,-0.0007,0.00052,0.00028,-8.00E-05,-0.00058
696.2199707,-0.00023,-0.00076,0.00058,0.00031,-1.00E-04,-0.00058
696.5599976,-0.0002,-0.00076,0.00062,0.00038,-4.00E-05,-0.00061
696.9000244,-0.00019,-0.0008,0.00058,0.00043,-6.00E-05,-0.00058
697.2299805,-0.00018,-0.00077,0.00055,0.00042,0,-0.00055
697.5700073,-0.00016,-0.00073,0.0006,0.00046,9.00E-05,-0.00056
697.9099731,-0.00021,-0.00074,0.00054,0.00041,-1.00E-05,-0.00061
698.2399902,-0.00029,-0.00078,0.0005,0.00045,-5.00E-05,-0.00058
698.5800171,-0.00031,-0.00072,0.0005,0.00046,-3.00E-05,-0.00049
698.9199829,-0.00036,-0.00071,0.00042,0.00047,-1.00E-05,-0.0005
699.25,-0.00029,-0.00062,0.0005,0.0005,6.00E-05,-0.00047
699.5900269,-0.00035,-0.00069,0.00045,0.00049,3.00E-05,-0.00055
699.9299927,-0.00033,-0.00069,0.00042,0.00055,0,-0.00053
700.2600098,-0.00037,-0.00071,0.00039,0.00062,4.00E-05,-0.0005
700.5999756,-0.0003,-0.00068,0.00036,0.00062,9.00E-05,-0.00051
700.9400024,-0.00031,-0.00071,0.00033,0.00065,0.00016,-0.00054
701.2700195,-0.00028,-0.0007,0.00034,0.00065,0.00019,-0.00052
701.6099854,-0.00036,-0.00075,0.00034,0.00064,0.00018,-0.00058
701.9500122,-0.00031,-0.00069,0.00035,0.00068,0.00019,-0.00052
702.2800293,-0.00029,-0.00066,0.0004,0.00069,0.00021,-0.00049
702.6199951,-0.00023,-0.00066,0.0004,0.00069,0.00025,-0.00055
702.960022,-0.00024,-0.00071,0.00043,0.0007,0.00031,-0.00056
703.289978,-0.00024,-0.00074,0.00043,0.0008,0.00035,-0.00061
703.6300049,-0.00021,-0.00073,0.00048,0.00092,0.0004,-0.00063
703.960022,-0.00021,-0.00071,0.00053,0.00099,0.00043,-0.00059
704.2999878,-0.00019,-0.0007,0.00069,0.00112,0.00053,-0.0006
704.6400146,-0.00021,-0.00071,0.00067,0.00119,0.00064,-0.00061
704.9699707,-0.00018,-0.00066,0.00077,0.0013,0.00076,-0.00054
705.3099976,-0.00017,-0.00061,0.0008,0.00132,0.00082,-0.00052
705.6400146,-0.00013,-0.00057,0.00089,0.00137,0.00085,-0.00052
705.9799805,-0.00015,-0.00057,0.00093,0.00135,0.00092,-0.0005
706.3200073,-0.00012,-0.00063,0.00092,0.00137,0.00095,-0.0005
706.6500244,-0.00012,-0.00063,0.00091,0.00135,0.00093,-0.00054
706.9899902,-0.00019,-0.00064,0.00091,0.00135,0.00084,-0.00054
707.3200073,-0.00013,-0.00068,0.00088,0.00135,0.00077,-0.00052
707.6599731,-0.0002,-0.00073,0.00087,0.0014,0.00077,-0.00053
707.9899902,-0.00019,-0.00074,0.00087,0.00138,0.0008,-0.00051
708.3300171,-0.00011,-0.00073,0.00089,0.00143,0.00079,-0.00046
708.6699829,-0.00012,-0.00067,0.00091,0.0014,0.00085,-0.00041
709,-0.00015,-0.00065,0.00095,0.00147,0.00092,-0.0003
709.3400269,-5.00E-05,-0.00062,0.00109,0.00163,0.00108,-0.00022
709.6699829,-1.00E-04,-0.00057,0.00115,0.00162,0.00113,-0.00022
710.0100098,-4.00E-05,-0.00051,0.00122,0.00163,0.00115,-0.00015
710.3400269,-3.00E-05,-0.00051,0.0013,0.00163,0.00113,-9.00E-05
710.6799927,-9.00E-05,-0.00056,0.00129,0.00163,0.0011,-0.00016
711.0100098,-7.00E-05,-0.00058,0.00137,0.0017,0.00105,-0.00019
711.3499756,-6.00E-05,-0.00064,0.00134,0.00166,0.0011,-0.00021
711.6799927,-5.00E-05,-0.00062,0.00134,0.00163,0.00103,-0.00024
712.0200195,-7.00E-05,-0.00064,0.00133,0.00172,0.00101,-0.00028
712.3499756,-4.00E-05,-0.00058,0.00142,0.00186,0.00109,-0.00027
712.6900024,-4.00E-05,-0.00058,0.00142,0.00196,0.00116,-0.0003
713.0200195,-8.00E-05,-0.00051,0.0015,0.00205,0.00123,-0.00029
713.3599854,-1.00E-04,-0.00055,0.00147,0.00204,0.00124,-0.00034
713.6900024,-3.00E-05,-0.00045,0.00158,0.00212,0.00124,-0.00028
714.0300293,-1.00E-04,-0.00042,0.00155,0.00211,0.00128,-0.00034
714.3599854,-0.00011,-0.00045,0.00157,0.00212,0.00137,-0.00034
714.7000122,-0.00016,-0.00047,0.00155,0.00204,0.00129,-0.0004
715.0300293,-0.00014,-0.00041,0.00164,0.00211,0.00132,-0.00039
715.3699951,-0.00013,-0.00042,0.00166,0.00212,0.00134,-0.00037
715.7000122,-0.00014,-0.00035,0.00175,0.00218,0.00138,-0.00031
716.039978,-0.00022,-0.00041,0.00171,0.00217,0.0013,-0.00046
716.3699951,-0.00016,-0.0004,0.00183,0.0023,0.00139,-0.00036
716.7000122,-0.00011,-0.00032,0.00195,0.00234,0.00137,-0.00028
717.039978,-8.00E-05,-0.00033,0.00198,0.00239,0.00138,-0.00026
717.3699951,-0.00018,-0.00038,0.00192,0.00237,0.00138,-0.00028
717.710022,-0.00011,-0.00033,0.00196,0.00242,0.00142,-0.00025
718.039978,-7.00E-05,-0.00035,0.00196,0.00251,0.00148,-0.00024
718.3800049,-8.00E-05,-0.00041,0.00206,0.0026,0.00156,-0.0002
718.710022,-0.00012,-0.00041,0.00204,0.00263,0.0016,-0.00023
719.039978,-7.00E-05,-0.00047,0.00205,0.00272,0.00168,-0.00024
719.3800049,-8.00E-05,-0.00055,0.0021,0.0027,0.00174,-0.00027
719.710022,-2.00E-05,-0.00053,0.00216,0.00278,0.0018,-0.00025
720.0499878,-6.00E-05,-0.00055,0.00219,0.0028,0.00178,-0.00024
720.3800049,-0.00012,-0.00065,0.00226,0.00279,0.00177,-0.00028
720.710022,-3.00E-05,-0.00055,0.00222,0.00283,0.00185,-0.00019
721.0499878,-7.00E-05,-0.00063,0.00219,0.00281,0.00183,-0.00026
721.3800049,-0.00015,-0.00065,0.00226,0.00285,0.00183,-0.00027
721.7199707,-0.00021,-0.00062,0.00222,0.00296,0.00189,-0.00027
722.0499878,-0.00015,-0.00058,0.00224,0.00303,0.00189,-0.00027
722.3800049,-0.00015,-0.00055,0.0023,0.0031,0.00196,-0.00031
722.7199707,-0.00016,-0.00045,0.0023,0.00317,0.00205,-0.00031
723.0499878,-0.00026,-0.00052,0.00231,0.0032,0.00204,-0.00035
723.3800049,-0.00019,-0.00042,0.0024,0.00324,0.00207,-0.0003
723.7199707,-0.00018,-0.00044,0.00231,0.00325,0.00208,-0.00035
724.0499878,-0.00013,-0.00035,0.00235,0.00335,0.00211,-0.00026
724.3800049,-0.00018,-0.00038,0.00238,0.00338,0.00211,-0.00026
724.7199707,-1.00E-04,-0.0004,0.0024,0.0034,0.00212,-0.00022
725.0499878,-5.00E-05,-0.00042,0.00247,0.00343,0.00214,-0.00017
725.3800049,7.00E-05,-0.00037,0.00257,0.00346,0.00222,-0.00014
725.7199707,6.00E-05,-0.00036,0.00262,0.00352,0.00223,-0.00014
726.0499878,1.00E-04,-0.0003,0.00273,0.00357,0.00233,-8.00E-05
726.3800049,0.00015,-0.00028,0.00285,0.00359,0.00241,-0.00011
726.7199707,0.00016,-0.0003,0.00294,0.00362,0.00246,-1.00E-04
727.0499878,0.00011,-0.00034,0.00299,0.00376,0.00247,-4.00E-05
727.3800049,0.00015,-0.00031,0.00301,0.00379,0.00246,-4.00E-05
727.710022,0.00011,-0.00033,0.00299,0.00382,0.00248,-6.00E-05
728.0499878,4.00E-05,-0.00035,0.00305,0.00387,0.00261,-5.00E-05
728.3800049,2.00E-05,-0.00033,0.00312,0.00388,0.00256,-7.00E-05
728.710022,-3.00E-05,-0.0004,0.00307,0.00385,0.00252,-6.00E-05
729.0499878,-1.00E-05,-0.0003,0.00302,0.00381,0.00256,-0.00011
729.3800049,-2.00E-05,-0.00024,0.00304,0.00382,0.00264,-0.00013
729.710022,-6.00E-05,-0.00025,0.0031,0.00381,0.00274,-1.00E-04
730.039978,-0.00015,-0.00023,0.00315,0.00392,0.00276,-1.00E-04
730.3800049,-9.00E-05,-0.00022,0.00313,0.0039,0.00272,-7.00E-05
730.710022,-9.00E-05,-0.00023,0.00311,0.00401,0.00282,-3.00E-05
731.039978,-0.00011,-0.00031,0.00314,0.00406,0.00283,-1.00E-04
731.3699951,-0.00016,-0.00035,0.00324,0.00417,0.00289,-5.00E-05
731.710022,-0.00026,-0.00042,0.0032,0.00415,0.00287,-0.00011
732.039978,-0.0003,-0.00045,0.0032,0.00415,0.00287,-0.00014
732.3699951,-0.00025,-0.0004,0.00326,0.00417,0.00298,-0.00014
732.7000122,-0.00022,-0.0004,0.00328,0.00419,0.00305,-0.00015
733.039978,-0.00027,-0.0004,0.00334,0.00414,0.003,-0.00022
733.3699951,-0.0002,-0.00031,0.00344,0.00428,0.00312,-1.00E-04
733.7000122,-0.00019,-0.00035,0.00336,0.00426,0.00309,-0.00013
734.0300293,-0.00014,-0.00034,0.00347,0.00428,0.00318,-0.00014
734.3599854,-0.00011,-0.00031,0.00357,0.00445,0.00327,-0.00011
734.7000122,-0.00015,-0.00032,0.00357,0.00448,0.00325,-9.00E-05
735.0300293,-0.00019,-0.00029,0.00361,0.00458,0.0033,-0.00013
735.3599854,-8.00E-05,-0.00014,0.00376,0.00466,0.00344,-3.00E-05
735.6900024,-0.0002,-8.00E-05,0.00373,0.00462,0.0034,-9.00E-05
736.0200195,-0.00028,-9.00E-05,0.00386,0.00463,0.00338,-0.00015
736.3499756,-0.00028,-3.00E-05,0.00393,0.00466,0.00337,-0.00019
736.6900024,-0.0003,-4.00E-05,0.00388,0.00466,0.00335,-0.00022
737.0200195,-0.00021,-7.00E-05,0.00392,0.00469,0.00334,-0.00023
737.3499756,-0.00016,-8.00E-05,0.00405,0.00477,0.00335,-0.00016
737.6799927,-0.00019,-0.00021,0.00397,0.00484,0.0033,-0.00018
738.0100098,-0.00013,-0.00029,0.0041,0.00485,0.00336,-9.00E-05
738.3400269,-2.00E-05,-0.00018,0.00411,0.00498,0.00345,-3.00E-05
738.6799927,2.00E-05,-0.00014,0.00402,0.00508,0.00348,6.00E-05
739.0100098,3.00E-05,-1.00E-04,0.00408,0.00505,0.00349,4.00E-05
739.3400269,5.00E-05,-7.00E-05,0.00413,0.00513,0.0036,0.00012
739.6699829,-1.00E-05,-0.00016,0.004,0.00511,0.00357,9.00E-05
740,-1.00E-05,-0.00011,0.00409,0.00519,0.00369,0.00012
740.3300171,-2.00E-05,-1.00E-05,0.0041,0.00525,0.00374,-3.00E-05
740.6599731,0,1.00E-05,0.00421,0.00531,0.00389,3.00E-05
740.9899902,0.00011,2.00E-05,0.00434,0.00543,0.00397,5.00E-05
741.3200073,0.00011,0,0.0043,0.00548,0.004,0
741.6599731,1.00E-04,1.00E-05,0.00439,0.00549,0.00398,-1.00E-05
741.9899902,0.00018,0.00016,0.00452,0.00558,0.00412,5.00E-05
742.3200073,0.00011,1.00E-04,0.00453,0.00553,0.00404,2.00E-05
742.6500244,8.00E-05,-1.00E-05,0.00444,0.00554,0.00409,3.00E-05
742.9799805,4.00E-05,-4.00E-05,0.00438,0.00559,0.00411,3.00E-05
743.3099976,-0.00012,-8.00E-05,0.00443,0.00559,0.00414,7.00E-05
743.6400146,-0.00016,-6.00E-05,0.00454,0.00566,0.00418,8.00E-05
743.9699707,-0.00021,-0.00012,0.00452,0.00562,0.00427,2.00E-05
744.2999878,-0.00023,-0.00014,0.00453,0.00559,0.00432,-7.00E-05
744.6300049,-0.00022,-0.00014,0.00444,0.0056,0.0043,-0.00015
744.960022,-0.00011,1.00E-05,0.0046,0.00566,0.00439,-3.00E-05
745.289978,-0.00013,-7.00E-05,0.00467,0.00569,0.00436,-7.00E-05
745.6199951,-8.00E-05,-0.00016,0.00466,0.00564,0.00433,-1.00E-04
745.9500122,-9.00E-05,-0.00019,0.00469,0.00567,0.00435,-4.00E-05
746.2800293,-9.00E-05,-0.00025,0.00464,0.00575,0.00426,-0.00014
746.6099854,-0.00019,-0.00034,0.00456,0.00572,0.00418,-0.00012
746.9400024,-0.00022,-0.00026,0.00477,0.0058,0.00435,-1.00E-05
747.2800293,-0.00021,-0.00031,0.00484,0.00588,0.00438,5.00E-05
747.6099854,-0.0002,-0.00023,0.00487,0.00586,0.00442,8.00E-05
747.9400024,-0.00021,-0.00015,0.00489,0.00597,0.00449,8.00E-05
748.2700195,-0.00015,-5.00E-05,0.00492,0.00597,0.00462,8.00E-05
748.5999756,-6.00E-05,9.00E-05,0.00502,0.006,0.00472,0.00019
748.9299927,1.00E-04,0.00022,0.00518,0.00609,0.00483,0.00026
749.2600098,0.00012,0.00017,0.00507,0.0061,0.00477,0.00021
749.5800171,0.00011,1.00E-04,0.00494,0.00611,0.00466,8.00E-05
749.9099731,0.00014,1.00E-04,0.00496,0.00615,0.00477,0.00014
750.2399902,0.0002,1.00E-04,0.00497,0.00615,0.00479,1.00E-04
750.5700073,0.00017,1.00E-05,0.00494,0.00621,0.00475,0.00014
750.9000244,9.00E-05,-5.00E-05,0.00487,0.00617,0.00465,0.00011
751.2299805,8.00E-05,-7.00E-05,0.00497,0.00626,0.00461,0.00013
751.5599976,-3.00E-05,-0.00014,0.00491,0.0063,0.00454,9.00E-05
751.8900146,-0.00012,-8.00E-05,0.00503,0.00633,0.00455,9.00E-05
752.2199707,-0.00018,-6.00E-05,0.00501,0.00626,0.00445,1.00E-05
752.5499878,-0.00023,-6.00E-05,0.00504,0.00629,0.00444,2.00E-05
752.8800049,-0.00024,-0.00011,0.00505,0.00624,0.00447,-7.00E-05
753.210022,-7.00E-05,8.00E-05,0.00529,0.00646,0.00472,1.00E-04
753.539978,-0.00014,-1.00E-05,0.00525,0.00648,0.00473,3.00E-05
753.8699951,-7.00E-05,3.00E-05,0.00538,0.0065,0.00484,1.00E-04
754.2000122,-9.00E-05,-6.00E-05,0.00543,0.00646,0.00502,0.00017
754.5300293,-2.00E-05,0,0.00557,0.00665,0.00512,0.00024
754.8599854,-1.00E-05,0,0.0056,0.00668,0.00516,0.00024
755.1900024,2.00E-05,0.00019,0.00569,0.00681,0.00511,0.00027
755.5100098,-0.00019,-8.00E-05,0.00552,0.00674,0.00493,6.00E-05
755.8400269,-0.00023,2.00E-05,0.00557,0.00685,0.005,0.00016
756.1699829,-0.00021,8.00E-05,0.00564,0.0069,0.00503,0.00026
756.5,-1.00E-04,0.00017,0.00573,0.00706,0.00501,0.00029
756.8300171,-0.00017,6.00E-05,0.00558,0.0069,0.00491,0.00015
757.1599731,-0.00016,6.00E-05,0.00561,0.00697,0.0049,0.00023
757.4899902,-0.00013,0,0.00563,0.00702,0.00496,0.00031
757.8200073,-0.00015,9.00E-05,0.00572,0.00699,0.00496,0.00038
758.1400146,-5.00E-05,7.00E-05,0.00571,0.00696,0.00496,0.00032
758.4699707,7.00E-05,8.00E-05,0.00572,0.00702,0.00499,0.00021
758.7999878,0.00012,8.00E-05,0.00563,0.00704,0.00502,0.00023
759.1300049,0.0002,3.00E-05,0.00565,0.00714,0.00504,0.00022
759.460022,9.00E-05,-4.00E-05,0.00551,0.00703,0.00502,0.00016
759.789978,-3.00E-05,-0.00017,0.00537,0.00693,0.00491,0.00011
760.1199951,4.00E-05,-0.00019,0.00529,0.00697,0.00505,5.00E-05
760.4400024,-2.00E-05,-0.00029,0.0052,0.00693,0.00505,1.00E-05
760.7700195,-0.00016,-0.00039,0.00518,0.00693,0.00503,-8.00E-05
761.0999756,-0.00027,-0.00031,0.00519,0.00686,0.00496,-0.00019
761.4299927,-0.00036,-0.00018,0.0053,0.00692,0.00507,-1.00E-04
761.7600098,-0.00034,-8.00E-05,0.00546,0.00697,0.00509,-0.00014
762.0800171,-0.00019,9.00E-05,0.00566,0.0071,0.00531,-0.00015
762.4099731,-0.00016,0.00014,0.00569,0.00708,0.00529,-2.00E-05
762.7399902,-0.00026,1.00E-04,0.00575,0.00711,0.0053,1.00E-05
763.0700073,-0.00034,0.00017,0.00576,0.00714,0.00521,0.00016
763.4000244,-0.00036,1.00E-04,0.00583,0.00723,0.00526,0.0003
763.7199707,-0.00033,9.00E-05,0.00588,0.00719,0.00522,0.00034
764.0499878,-0.00023,0.00018,0.00592,0.00731,0.00529,0.00049
764.3800049,-0.00031,0.00018,0.00589,0.00727,0.00525,0.00051
764.710022,-0.00044,0.00012,0.00599,0.00731,0.00519,0.00042
765.039978,-0.00023,0.00027,0.00607,0.00742,0.00523,0.00038
765.3599854,-0.00016,0.00024,0.00605,0.0074,0.00534,0.00031
765.6900024,-0.00021,0.00025,0.00605,0.0075,0.00539,0.00017
766.0200195,-0.00019,0.00019,0.006,0.00766,0.00548,0.00012
766.3499756,-0.00025,8.00E-05,0.00589,0.00761,0.00541,-3.00E-05
766.6699829,-0.0003,-4.00E-05,0.00593,0.00752,0.00547,-0.00016
767,-0.00016,1.00E-05,0.00582,0.00764,0.00553,-0.0002
767.3300171,-0.00031,0,0.0058,0.00757,0.00559,-0.00025
767.6500244,-0.00033,0,0.00586,0.00757,0.00564,-0.00031
767.9799805,-0.0004,2.00E-05,0.00577,0.0074,0.00556,-0.00039
768.3099976,-0.00047,-4.00E-05,0.00573,0.00723,0.00547,-0.00048
768.6400146,-0.00045,3.00E-05,0.00589,0.00745,0.00564,-0.00037
768.960022,-0.00036,0.00016,0.00586,0.00764,0.0056,-0.00021
769.289978,-0.00045,7.00E-05,0.00591,0.00758,0.00555,-0.00013
769.6199951,-0.00049,0.00011,0.00597,0.00756,0.00551,-4.00E-05
769.9400024,-0.00046,0.00014,0.00594,0.00762,0.0055,-4.00E-05
770.2700195,-0.00036,8.00E-05,0.00604,0.00764,0.0055,0.00011
770.5999756,-0.00031,0.00019,0.00603,0.007710001,0.00557,0.00023
770.9199829,-0.00026,0.00016,0.00607,0.0076,0.0055,0.00019
771.25,-0.0004,-8.00E-05,0.00596,0.0076,0.0053,6.00E-05
771.5800171,-0.0004,9.00E-05,0.00602,0.00768,0.00549,1.00E-05
771.9000244,-0.00028,0.00012,0.00607,0.00784,0.00553,1.00E-05
772.2299805,-0.00028,6.00E-05,0.00603,0.00777,0.00551,3.00E-05
772.5599976,-0.00036,2.00E-05,0.00595,0.0078,0.00557,0
772.8800049,-0.00042,-1.00E-04,0.00602,0.00779,0.00548,-3.00E-05
773.210022,-0.00057,-0.00023,0.00581,0.00768,0.00545,-0.00014
773.539978,-0.00042,-2.00E-05,0.00599,0.00774,0.00571,-0.00011
773.8599854,-0.00041,-0.00013,0.00597,0.0078,0.00558,-6.00E-05
774.1900024,-0.00037,-0.00025,0.00593,0.00767,0.00558,-4.00E-05
774.5200195,-0.0003,-0.00013,0.00615,0.0078,0.00565,3.00E-05
774.8400269,-0.00032,-0.00016,0.00617,0.00779,0.0055,-8.00E-05
775.1699829,-0.00031,-0.00011,0.00611,0.00778,0.00543,-0.00023
775.5,-0.00026,-0.00012,0.00619,0.00782,0.00546,-0.00025
775.8200073,-0.00033,-5.00E-05,0.00618,0.00773,0.00535,-0.00025
776.1500244,-0.00031,-9.00E-05,0.00615,0.0076,0.00536,-0.00034
776.4699707,-0.00053,-0.00011,0.00617,0.00773,0.00527,-0.0005
776.7999878,-0.00063,-0.00026,0.00602,0.007710001,0.00539,-0.0005
777.1199951,-0.00061,-0.00027,0.00605,0.00776,0.00545,-0.00048
777.4500122,-0.00065,-0.00034,0.00614,0.00773,0.00548,-0.00047
777.7800293,-0.00073,-0.0003,0.00622,0.00784,0.0054,-0.00038
778.0999756,-0.0006,-0.00027,0.00637,0.00794,0.00558,-0.00032
778.4299927,-0.00063,-0.00016,0.00651,0.00801,0.00564,-0.00023
778.75,-0.00046,-0.00014,0.00642,0.00792,0.00573,-0.00027
779.0800171,-0.00048,-1.00E-04,0.00636,0.007879999,0.00557,-0.00035
779.4000244,-0.00053,-0.00017,0.00632,0.00778,0.00551,-0.00032
779.7299805,-0.00054,-0.00016,0.0063,0.007850001,0.00553,-0.00017
780.0599976,-0.00039,-0.00017,0.00631,0.00777,0.0056,-0.00024
780.3800049,-0.00045,-0.00028,0.00623,0.00784,0.00552,-0.00028
780.710022,-0.00035,-0.00028,0.00617,0.00779,0.00549,-0.0003
781.0300293,-0.00043,-0.00035,0.00612,0.007710001,0.00535,-0.00016
781.3599854,-0.00046,-0.00035,0.00617,0.00767,0.00532,-1.00E-04
781.6799927,2.00E-05,0.00027,0.0068,0.00836,0.00615,0.00035
782.0100098,9.00E-05,0.00029,0.00674,0.00833,0.00624,0.00014
782.3300171,-3.00E-05,0.00031,0.00679,0.00839,0.00622,0.00011
782.6599731,-0.00015,0.00026,0.00675,0.00826,0.00617,6.00E-05
782.9799805,-0.00027,9.00E-05,0.0068,0.00838,0.00617,6.00E-05
783.3099976,-0.00016,0.0002,0.007,0.00862,0.00643,1.00E-04
783.6300049,-5.00E-05,0.00024,0.00703,0.00882,0.00653,0.00013
783.960022,-0.00029,-0.00015,0.0066,0.00839,0.00601,-0.00018
784.2800293,-0.00044,-0.0003,0.00655,0.0084,0.00591,-0.00012
784.6099854,-0.00044,-0.00017,0.00641,0.00833,0.0059,-0.00011
784.9299927,-0.00045,-0.00022,0.00633,0.00822,0.00588,-0.00017
785.2600098,-0.00044,1.00E-05,0.00644,0.00822,0.00596,-0.00011
785.5800171,-0.00048,8.00E-05,0.00639,0.00819,0.00589,-0.00015
785.9099731,-0.00051,-1.00E-05,0.00647,0.00816,0.00598,-0.00025
786.2299805,-0.0006,-3.00E-05,0.00633,0.00801,0.00588,-0.00032
786.5599976,-0.00057,0.00015,0.00651,0.00797,0.00586,-0.00027
786.8800049,-0.00035,0.00024,0.00676,0.0082,0.00608,-0.00012
787.2000122,-0.00042,0.00024,0.00691,0.00824,0.00621,-7.00E-05
787.5300293,-0.00041,6.00E-05,0.00681,0.00828,0.00617,-0.00017
787.8499756,-0.00037,-1.00E-05,0.00694,0.00828,0.00629,-0.00018
788.1799927,-0.00043,-1.00E-05,0.00687,0.00823,0.00624,-8.00E-05
788.5,-0.00048,-0.00013,0.00683,0.00828,0.00627,-0.00017
788.8300171,-0.00035,-6.00E-05,0.00676,0.00843,0.00644,-0.00012
789.1500244,-0.00063,-0.00032,0.00653,0.00827,0.00622,-0.00026
789.4699707,-0.00065,-0.00029,0.00647,0.008450001,0.00607,-0.00028
789.7999878,-0.00079,-0.00028,0.00646,0.00834,0.006,-0.00036
790.1199951,-0.00077,-0.00034,0.00638,0.00832,0.00596,-0.00035
790.4500122,-0.00078,-0.00036,0.00639,0.00836,0.00588,-0.00041
790.7700195,-0.00064,-0.00015,0.00651,0.0085,0.00583,-0.00036
791.0900269,-0.00063,-0.00021,0.00656,0.00862,0.00588,-0.00043
791.4199829,-0.0005,-9.00E-05,0.00662,0.00873,0.00604,-0.00034
791.7399902,-0.00033,6.00E-05,0.00668,0.00878,0.00624,-0.00017
792.0599976,-0.00016,0.0002,0.0067,0.00898,0.0065,3.00E-05
792.3900146,-0.0002,0.00018,0.00677,0.00914,0.00652,0.00013
792.710022,-0.00023,0.00022,0.00661,0.00915,0.00659,-3.00E-05
793.039978,-0.00026,4.00E-05,0.00653,0.00902,0.00657,-1.00E-04
793.3599854,-0.00027,-1.00E-04,0.00658,0.00897,0.0065,3.00E-05
793.6799927,-0.00019,-5.00E-05,0.00677,0.00897,0.00643,7.00E-05
794.0100098,-0.00024,-0.00013,0.00668,0.008859999,0.00628,1.00E-05
794.3300171,-0.0003,-0.00021,0.00669,0.00863,0.00607,-6.00E-05
794.6500244,-0.00045,-0.0003,0.0066,0.00843,0.00594,-0.00011
794.9799805,-0.00041,-0.00037,0.00682,0.00832,0.00588,-4.00E-05
795.2999878,-0.00055,-0.00045,0.00684,0.00825,0.00584,6.00E-05
795.6199951,-0.00053,-0.00027,0.00685,0.00821,0.00578,5.00E-05
795.9400024,-0.00054,-0.00021,0.00673,0.008169999,0.00586,5.00E-05
796.2700195,-0.00039,-0.00016,0.00673,0.00828,0.00595,-4.00E-05
796.5900269,-0.00049,-0.00039,0.00656,0.00823,0.00599,-0.00013
796.9099731,-0.00047,-0.00043,0.00642,0.00818,0.00594,-0.00025
797.2399902,-0.00041,-0.00032,0.00626,0.008140001,0.00591,-0.00029
797.5599976,-0.00032,-0.00027,0.00635,0.0081,0.00593,-0.00032
797.8800049,-0.00041,-0.00021,0.00637,0.00825,0.0061,-0.00031
798.210022,-0.00057,-0.00039,0.00615,0.00811,0.00598,-0.00049
798.5300293,-0.00062,-0.00049,0.00626,0.00807,0.00586,-0.00049
798.8499756,-0.00059,-0.00042,0.00636,0.00815,0.00575,-0.00055
799.1699829,-0.00046,-0.00037,0.0064,0.00824,0.00576,-0.0005
799.5,-0.00045,-0.00022,0.00662,0.00846,0.00595,-0.00032
799.8200073,-0.00049,-0.00016,0.0065,0.00854,0.00609,-0.00028
800.1400146,-0.00055,-0.00024,0.0065,0.00857,0.00611,-0.00027
800.460022,-0.00059,-0.00028,0.00665,0.00857,0.00613,-0.0003
800.789978,-0.00061,-0.0003,0.00667,0.00861,0.0063,-0.00019
801.1099854,-0.00053,-0.00022,0.00674,0.00861,0.00647,-0.0002
801.4299927,-0.0008,-0.00029,0.00674,0.00854,0.00665,-0.0004
801.75,-0.00093,-0.00054,0.00656,0.00832,0.00656,-0.00055
802.0700073,-0.00104,-0.00056,0.0064,0.008309999,0.00646,-0.00067
802.4000244,-0.00097,-0.00055,0.00641,0.00823,0.0064,-0.0006
802.7199707,-0.00093,-0.00041,0.00652,0.0083,0.00653,-0.00056
803.039978,-0.00103,-0.00039,0.00646,0.00836,0.00646,-0.00064
803.3599854,-0.00095,-0.0004,0.00643,0.00837,0.00651,-0.00046
803.6799927,-0.00077,-0.00031,0.0063,0.0084,0.00629,-0.00037
804.0100098,-0.00064,-0.0003,0.00641,0.00851,0.0064,-0.00027
804.3300171,-0.00042,-0.00021,0.00664,0.00852,0.00664,-0.00019
804.6500244,-0.0004,-0.00019,0.0066,0.00847,0.00691,-0.00045
804.9699707,-0.0003,-0.00012,0.00659,0.00853,0.00712,-0.00026
805.289978,-0.00023,-7.00E-05,0.00671,0.008450001,0.00733,-0.00022
805.6199951,-0.00035,2.00E-05,0.00679,0.00843,0.00754,-0.00031
805.9400024,-0.00045,-6.00E-05,0.00695,0.00844,0.00798,-0.00036
806.2600098,-0.00041,0.00011,0.00702,0.0085,0.008119999,-0.00034
806.5800171,-0.00047,-1.00E-05,0.00718,0.00862,0.008309999,-0.00031
806.9000244,-0.00063,-0.00012,0.00724,0.00862,0.00824,-0.00018
807.2199707,-0.00081,-0.00031,0.00712,0.00861,0.00823,-0.00049
807.539978,-0.00087,-0.00033,0.00689,0.00856,0.0084,-0.00063
807.8699951,-0.00083,-0.00052,0.00681,0.00854,0.00847,-0.00074
808.1900024,-0.00075,-0.00034,0.00684,0.00868,0.00861,-0.00051
808.5100098,-0.00083,-0.00043,0.00663,0.0086,0.008719999,-0.00058
808.8300171,-0.00093,-0.00056,0.00629,0.008309999,0.00839,-0.00077
809.1500244,-0.00076,-0.0005,0.00629,0.00836,0.00856,-0.00081
809.4699707,-0.00068,-0.0005,0.0063,0.00819,0.00839,-0.00067
809.789978,-0.00061,-0.00037,0.00642,0.00836,0.0083,-0.00043
810.1099854,-0.00066,-0.00027,0.00643,0.008450001,0.00818,-0.0003
810.4299927,-0.00057,-0.0002,0.00645,0.00836,0.008,-0.00043
810.7600098,-0.00052,-0.00014,0.00659,0.00843,0.00782,-0.00051
811.0800171,-0.0005,2.00E-05,0.00679,0.00866,0.00789,-0.00046
811.4000244,-0.00058,-0.00015,0.00679,0.00858,0.00784,-0.00049
811.7199707,-0.00047,-5.00E-05,0.00705,0.008859999,0.00794,-0.00042
812.039978,-0.00061,-0.00035,0.00694,0.00868,0.00775,-0.00058
812.3599854,-0.00075,-0.00041,0.00697,0.008640001,0.00757,-0.00087
812.6799927,-0.00099,-0.00068,0.00681,0.00851,0.00722,-0.00101
813,-0.00103,-0.00083,0.0069,0.00838,0.00706,-0.00094
813.3200073,-0.00098,-0.00074,0.00707,0.00852,0.00707,-0.00085
813.6400146,-0.00107,-0.00072,0.00681,0.00841,0.00682,-0.00095
813.960022,-0.00105,-0.00071,0.00669,0.00838,0.00671,-0.00097
814.2800293,-0.00104,-0.00068,0.0068,0.00825,0.00657,-0.00117
814.5999756,-0.00077,-0.00051,0.00693,0.00852,0.00655,-0.00074
814.9199829,-0.00081,-0.00054,0.00704,0.008719999,0.00666,-0.0007
815.2399902,-0.00067,-0.00033,0.00699,0.008880001,0.00665,-0.0007
815.5599976,-0.00095,-0.00057,0.00679,0.00863,0.00641,-0.00078
815.8800049,-0.00089,-0.00052,0.00694,0.00873,0.00639,-0.00062
816.2000122,-0.00092,-0.00056,0.00699,0.008690001,0.00643,-0.00054
816.5200195,-0.00095,-0.00059,0.00688,0.00875,0.0064,-0.00047
816.8400269,-0.00103,-0.00057,0.00669,0.00846,0.0065,-0.00069
817.1599731,-0.00077,-0.00037,0.00672,0.00841,0.00642,-0.00065
817.4799805,-0.00099,-0.00056,0.00662,0.00823,0.00641,-0.00076
817.7999878,-0.00068,-0.00027,0.00663,0.00838,0.00657,-0.00074
818.1199951,-0.00063,-0.00024,0.00666,0.00841,0.00658,-0.00078
818.4400024,-0.00066,-0.00017,0.00661,0.00851,0.00647,-0.00067
818.7600098,-0.00056,-0.00016,0.00671,0.008640001,0.00619,-0.00067
819.0800171,-0.0006,-0.00033,0.00669,0.0086,0.00599,-0.00059
819.4000244,-0.00074,-0.0003,0.00668,0.00846,0.00602,-0.00051
819.7199707,-0.00076,-0.00035,0.00678,0.00862,0.00601,-0.00049
820.039978,-0.00115,-0.00065,0.0067,0.00837,0.0059,-0.00068
820.3599854,-0.00122,-0.00084,0.00669,0.00818,0.00572,-0.00094
820.6799927,-0.00114,-0.00094,0.00673,0.00804,0.00565,-0.00108
821,-0.00125,-0.00081,0.00665,0.007929999,0.00585,-0.00104
821.3200073,-0.00116,-0.00093,0.0067,0.007929999,0.00584,-0.00124
821.6400146,-0.00094,-0.00075,0.00709,0.00829,0.00597,-0.00093
821.960022,-0.00088,-0.00073,0.00709,0.00819,0.00602,-0.00082
822.2700195,-0.00052,-0.00064,0.00719,0.0086,0.00607,-0.00052
822.5900269,-0.00056,-0.00072,0.00718,0.008859999,0.00603,-0.00034
822.9099731,-0.00073,-0.00087,0.00722,0.008719999,0.00601,-0.00042
823.2299805,-0.00087,-0.00114,0.00726,0.00877,0.00615,-0.0003
823.5499878,-0.00104,-0.00119,0.00707,0.00865,0.0061,-0.00038
823.8699951,-0.00102,-0.00156,0.00673,0.00847,0.00598,-0.00072
824.1900024,-0.00103,-0.0015,0.00664,0.00828,0.00582,-0.00073
824.5100098,-0.00117,-0.00154,0.00654,0.008090001,0.00574,-0.00087
824.8300171,-0.00131,-0.00136,0.00643,0.00794,0.00578,-0.00098
825.1400146,-0.00122,-0.00107,0.00648,0.00824,0.00609,-0.00096
825.460022,-0.00102,-0.0009,0.00636,0.00841,0.00612,-0.00113
825.7800293,-0.00121,-0.00098,0.00633,0.00868,0.0061,-0.00106
826.0999756,-0.0015,-0.00089,0.00646,0.00871,0.00609,-0.00116
826.4199829,-0.00183,-0.00107,0.00625,0.0088,0.00618,-0.0014
826.7399902,-0.00186,-0.00114,0.00616,0.00889,0.00607,-0.00147
827.0599976,-0.00159,-0.00111,0.00631,0.00914,0.00617,-0.00135
827.3699951,-0.00205,-0.00154,0.00576,0.0087,0.00551,-0.00176
827.6900024,-0.00211,-0.00153,0.00586,0.00825,0.00537,-0.00181
828.0100098,-0.00179,-0.00113,0.00616,0.00811,0.00545,-0.00157
828.3300171,-0.00171,-0.00127,0.00599,0.008119999,0.00549,-0.0015
828.6500244,-0.00148,-0.00125,0.00621,0.00825,0.00547,-0.00156
828.960022,-0.00136,-0.00111,0.00646,0.00824,0.00547,-0.00147
829.2800293,-0.00145,-0.00133,0.0063,0.00807,0.00542,-0.00158
829.5999756,-0.00108,-0.00126,0.00667,0.00838,0.00566,-0.00127
829.9199829,-0.00109,-0.0014,0.00644,0.00861,0.00561,-0.00134
830.2399902,-0.00112,-0.00167,0.00622,0.00863,0.00563,-0.00149
830.5499878,-0.00124,-0.00166,0.00616,0.008690001,0.00551,-0.00164
830.8699951,-0.00134,-0.00155,0.0061,0.00885,0.00537,-0.00157
831.1900024,-0.00135,-0.00172,0.00593,0.00896,0.00538,-0.0018
831.5100098,-0.00134,-0.00173,0.00608,0.00913,0.00537,-0.00185
831.8300171,-0.00139,-0.00174,0.00619,0.00925,0.00551,-0.00169
832.1400146,-0.00142,-0.00173,0.00638,0.00935,0.00552,-0.00154
832.460022,-0.00156,-0.00165,0.00649,0.009380001,0.00538,-0.0017
832.7800293,-0.00126,-0.00141,0.00668,0.00934,0.00536,-0.00159
833.0999756,-0.00102,-0.00137,0.00686,0.0093,0.00546,-0.00131
833.4099731,-0.00127,-0.00128,0.00688,0.00912,0.00535,-0.00133
833.7299805,-0.00119,-0.00134,0.00672,0.0091,0.00528,-0.00097
834.0499878,-0.00132,-0.0012,0.00651,0.00895,0.00517,-0.00131
834.3599854,-0.00143,-0.00112,0.00651,0.009,0.00509,-0.00133
834.6799927,-0.0016,-0.00119,0.0064,0.00909,0.00501,-0.00123
835,-0.00185,-0.00125,0.00619,0.00921,0.005,-0.00113
835.3200073,-0.00222,-0.00146,0.00581,0.00907,0.00477,-0.00152
835.6300049,-0.002,-0.00152,0.00585,0.00909,0.00484,-0.00125
835.9500122,-0.00228,-0.00121,0.00609,0.00904,0.0048,-0.00162
836.2700195,-0.00223,-0.00134,0.00613,0.00893,0.00456,-0.00147
836.5800171,-0.00212,-0.00144,0.00603,0.00897,0.00483,-0.00152
836.9000244,-0.00204,-0.00153,0.00629,0.00892,0.00486,-0.00139
837.2199707,-0.00218,-0.00165,0.00638,0.00863,0.00486,-0.00167
837.5300293,-0.00199,-0.00166,0.00659,0.00856,0.00503,-0.00148
837.8499756,-0.00201,-0.00164,0.00663,0.00842,0.00519,-0.00166
838.1699829,-0.00168,-0.00167,0.00646,0.00838,0.00521,-0.0014
838.4799805,-0.00155,-0.00134,0.00647,0.00852,0.00572,-0.0014
838.7999878,-0.00173,-0.00154,0.00649,0.00838,0.00554,-0.00147
839.1199951,-0.00162,-0.00117,0.00634,0.00851,0.00571,-0.00162
839.4299927,-0.0016,-0.00133,0.00625,0.00862,0.00566,-0.00164
839.75,-0.00154,-0.00122,0.00632,0.00852,0.0056,-0.00163
840.0700073,-0.00147,-0.00109,0.00652,0.008669999,0.0055,-0.00146
840.3800049,-0.00168,-0.00137,0.00653,0.0084,0.00541,-0.00174
840.7000122,-0.00194,-0.00191,0.00634,0.00832,0.00514,-0.00187
841.0100098,-0.00189,-0.00171,0.00629,0.0082,0.00515,-0.00186
841.3300171,-0.0021,-0.00202,0.00626,0.00789,0.00496,-0.00188
841.6500244,-0.00211,-0.00201,0.00625,0.00764,0.00505,-0.0019
841.960022,-0.00189,-0.00188,0.00643,0.007900001,0.00534,-0.00152
842.2800293,-0.00195,-0.00207,0.00633,0.007900001,0.0053,-0.0015
842.5999756,-0.002,-0.00206,0.00606,0.007879999,0.00539,-0.00139
842.9099731,-0.00186,-0.00195,0.00604,0.00774,0.00517,-0.00146
843.2299805,-0.00199,-0.00224,0.0061,0.00759,0.00488,-0.00163
843.539978,-0.00193,-0.00257,0.00591,0.00744,0.00475,-0.00165
843.8599854,-0.0018,-0.00243,0.00589,0.00772,0.00478,-0.0013
844.1699829,-0.00212,-0.00261,0.00555,0.00762,0.00472,-0.00181
844.4899902,-0.00203,-0.00226,0.00544,0.00744,0.005,-0.00169
844.8099976,-0.002,-0.00218,0.00583,0.00774,0.0049,-0.0014
845.1199951,-0.00188,-0.00196,0.0061,0.00776,0.00515,-0.00122
845.4400024,-0.0016,-0.00156,0.00625,0.00789,0.0055,-0.00111
845.75,-0.00159,-0.00127,0.00636,0.00795,0.00579,-0.00103
846.0700073,-0.00167,-0.00149,0.00632,0.00766,0.00538,-0.00131
846.3800049,-0.00178,-0.00139,0.00636,0.00746,0.00523,-0.00116
846.7000122,-0.00195,-0.00183,0.00613,0.0076,0.00496,-0.00158
847.0100098,-0.00204,-0.00196,0.00576,0.00733,0.00493,-0.00183
847.3300171,-0.00222,-0.00208,0.00568,0.00745,0.00469,-0.00189
847.6400146,-0.00238,-0.00213,0.00568,0.00762,0.00475,-0.00177
847.960022,-0.00251,-0.00206,0.00563,0.00755,0.00489,-0.00174
848.2700195,-0.00264,-0.00174,0.00565,0.007879999,0.00525,-0.00175
848.5900269,-0.00237,-0.00173,0.00589,0.008119999,0.00547,-0.00146
848.9000244,-0.00254,-0.0017,0.00612,0.007900001,0.00562,-0.0013
849.2199707,-0.00238,-0.00128,0.00639,0.00807,0.00602,-0.00126
849.5300293,-0.00233,-0.0013,0.00623,0.00799,0.00664,-0.00121
849.8499756,-0.0021,-0.00143,0.00606,0.00769,0.00687,-0.00121
850.1599731,-0.00212,-0.00156,0.00595,0.00774,0.00699,-0.00141
850.4799805,-0.00205,-0.00174,0.00602,0.00738,0.00739,-0.00118
850.789978,-0.00202,-0.00164,0.00584,0.00746,0.00759,-0.00142
851.1099854,-0.00187,-0.00153,0.00569,0.00761,0.00811,-0.00142
851.4199829,-0.00187,-0.00173,0.00568,0.00763,0.00847,-0.00147
851.7399902,-0.00181,-0.00188,0.00566,0.0076,0.0086,-0.00172
852.0499878,-0.00193,-0.00174,0.00571,0.00783,0.00878,-0.00168
852.3599854,-0.00177,-0.00171,0.00613,0.007710001,0.00918,-0.00153
852.6799927,-0.0017,-0.00169,0.00619,0.008,0.009509999,-0.00159
852.9899902,-0.00179,-0.00187,0.00624,0.007900001,0.01005,-0.00169
853.3099976,-0.00135,-0.00159,0.00665,0.00806,0.010290001,-0.00152
853.6199951,-0.0013,-0.0017,0.00638,0.00765,0.01049,-0.00183
853.9400024,-0.00118,-0.00162,0.00649,0.00761,0.011089999,-0.00168
854.25,-0.00113,-0.00177,0.00641,0.00753,0.01148,-0.00186
854.5599976,-0.00108,-0.00187,0.00619,0.00772,0.011510001,-0.00198
854.8800049,-0.00105,-0.00195,0.00612,0.00748,0.01165,-0.00213
855.1900024,-0.00092,-0.00178,0.00613,0.00761,0.011849999,-0.00187
855.5100098,-0.00169,-0.0025,0.00538,0.00716,0.01164,-0.00236
855.8200073,-0.00197,-0.00248,0.00556,0.00724,0.01165,-0.00217
856.1300049,-0.00212,-0.00246,0.00541,0.00712,0.01133,-0.00232
856.4500122,-0.00212,-0.00239,0.00531,0.00702,0.01118,-0.00221
856.7600098,-0.00203,-0.00235,0.00572,0.00717,0.01116,-0.00222
857.0700073,-0.00208,-0.00236,0.00553,0.00729,0.0111,-0.00236
857.3900146,-0.00189,-0.00249,0.0055,0.00731,0.01087,-0.00252
857.7000122,-0.00169,-0.00225,0.00586,0.00748,0.010829999,-0.0022
858.0200195,-0.00146,-0.00237,0.00583,0.00766,0.01061,-0.00223
858.3300171,-0.0015,-0.00215,0.00625,0.007879999,0.01027,-0.00174
858.6400146,-0.00155,-0.00235,0.00634,0.00789,0.010140001,-0.00163
858.960022,-0.0017,-0.00222,0.00579,0.00766,0.00985,-0.00166
859.2700195,-0.00162,-0.00246,0.00586,0.00762,0.00939,-0.00161
859.5800171,-0.00198,-0.00271,0.00557,0.00727,0.00882,-0.00169
859.9000244,-0.00181,-0.00245,0.00576,0.00738,0.00843,-0.00175
860.210022,-0.00204,-0.0023,0.00587,0.00755,0.00811,-0.00179
860.5200195,-0.00219,-0.00243,0.00564,0.00754,0.00778,-0.00217
860.8300171,-0.00205,-0.00221,0.0057,0.00776,0.00761,-0.00241
861.1500244,-0.00204,-0.00221,0.00576,0.00791,0.00733,-0.00251
861.460022,-0.00207,-0.00186,0.00586,0.00801,0.00723,-0.00233
861.7700195,-0.0024,-0.00201,0.00594,0.00801,0.00694,-0.00241
862.0900269,-0.0024,-0.00235,0.00554,0.00773,0.00692,-0.00224
862.4000244,-0.00225,-0.00249,0.00533,0.00734,0.00659,-0.00228
862.710022,-0.00225,-0.00253,0.00522,0.00712,0.00655,-0.00204
863.0200195,-0.00252,-0.00255,0.00495,0.00691,0.00617,-0.00205
863.3400269,-0.00257,-0.00245,0.00462,0.00669,0.00608,-0.00196
863.6500244,-0.00252,-0.00242,0.00484,0.0065,0.00572,-0.00218
863.960022,-0.00241,-0.00231,0.00497,0.00645,0.0055,-0.00245
864.2700195,-0.00241,-0.00205,0.00511,0.00668,0.00561,-0.00274
864.5900269,-0.00245,-0.00189,0.00497,0.00677,0.0054,-0.00273
864.9000244,-0.00246,-0.00194,0.00526,0.00685,0.00545,-0.00313
865.210022,-0.00262,-0.00209,0.00525,0.00666,0.00507,-0.00333
865.5200195,-0.00245,-0.00256,0.00553,0.00664,0.00503,-0.00334
865.8400269,-0.00258,-0.00276,0.00535,0.00651,0.00502,-0.00329
866.1500244,-0.00228,-0.00262,0.0054,0.0064,0.00503,-0.0029
866.460022,-0.00249,-0.00289,0.00549,0.00615,0.00474,-0.00292
866.7700195,-0.00243,-0.003,0.00558,0.0062,0.00476,-0.0027
867.0800171,-0.00232,-0.00308,0.00505,0.00623,0.00461,-0.00273
867.4000244,-0.00197,-0.00322,0.00555,0.00656,0.00483,-0.00247
867.710022,-0.00215,-0.00292,0.00564,0.00684,0.00479,-0.00237
868.0200195,-0.00216,-0.00311,0.00543,0.00699,0.00469,-0.00241
868.3300171,-0.0026,-0.00338,0.00529,0.007,0.00449,-0.00276
868.6400146,-0.00283,-0.00365,0.00483,0.00695,0.00419,-0.0032
868.960022,-0.00308,-0.00361,0.00478,0.00716,0.0042,-0.0032
869.2700195,-0.00314,-0.00368,0.00503,0.00717,0.00409,-0.00292
869.5800171,-0.00335,-0.00351,0.0046,0.00711,0.00395,-0.00296
869.8900146,-0.00331,-0.00333,0.00462,0.00719,0.00397,-0.00308
870.2000122,-0.00348,-0.00367,0.00423,0.00699,0.00371,-0.00336
870.5100098,-0.00336,-0.00353,0.00371,0.00715,0.00371,-0.00307
870.8200073,-0.00299,-0.00291,0.00419,0.00742,0.00405,-0.00249
871.1400146,-0.00268,-0.00317,0.00422,0.00717,0.00398,-0.00275
871.4500122,-0.0025,-0.00275,0.00399,0.00745,0.00403,-0.00272
871.7600098,-0.00256,-0.00292,0.00422,0.00741,0.00406,-0.00265
872.0700073,-0.00284,-0.00327,0.00409,0.00727,0.0035,-0.00276
872.3800049,-0.00289,-0.00271,0.00454,0.00756,0.00372,-0.00283
872.6900024,-0.0027,-0.00249,0.00483,0.00765,0.00406,-0.00296
873,-0.00304,-0.00312,0.00439,0.00753,0.00354,-0.0034
873.3099976,-0.00329,-0.0031,0.0044,0.00779,0.00372,-0.00337
873.6300049,-0.00346,-0.00348,0.00436,0.007710001,0.00323,-0.00386
873.9400024,-0.00387,-0.00394,0.00404,0.00761,0.00299,-0.00425
874.25,-0.00392,-0.00404,0.00366,0.007900001,0.00327,-0.00447
874.5599976,-0.00369,-0.00414,0.0038,0.00835,0.00328,-0.00379
874.8699951,-0.00382,-0.00449,0.00412,0.00848,0.00285,-0.00377
875.1799927,-0.00365,-0.00417,0.0044,0.00899,0.00314,-0.0036
875.4899902,-0.00351,-0.00391,0.00447,0.00916,0.0031,-0.00349
875.7999878,-0.00327,-0.00379,0.00474,0.009240001,0.00337,-0.00309
876.1099854,-0.00232,-0.00305,0.00517,0.00972,0.00395,-0.00282
876.4199829,-0.00231,-0.00314,0.00537,0.00954,0.00384,-0.00278
876.7299805,-0.00257,-0.00314,0.00505,0.0092,0.0038,-0.00303
877.039978,-0.0028,-0.00321,0.00483,0.00932,0.00377,-0.00335
877.3499756,-0.00303,-0.00331,0.00459,0.00882,0.00344,-0.0032
877.6599731,-0.00308,-0.00339,0.00464,0.00879,0.00313,-0.0033
877.9699707,-0.00333,-0.00392,0.00432,0.0088,0.0033,-0.00336
878.2800293,-0.00318,-0.00417,0.00394,0.00856,0.00313,-0.00338
878.5900269,-0.00306,-0.00432,0.00399,0.00854,0.00305,-0.00332
878.9000244,-0.00291,-0.00477,0.00382,0.00819,0.00272,-0.00366
879.210022,-0.00262,-0.00485,0.00366,0.00801,0.00292,-0.00336
879.5200195,-0.00249,-0.00478,0.00396,0.00828,0.003,-0.00343
879.8300171,-0.00264,-0.00476,0.00402,0.00787,0.00285,-0.0035
880.1400146,-0.00263,-0.00433,0.00407,0.0077,0.0023,-0.00387
880.4500122,-0.00341,-0.00435,0.00403,0.00718,0.00189,-0.00404
880.7600098,-0.00324,-0.00404,0.0039,0.00683,0.00198,-0.00388
881.0700073,-0.00347,-0.00379,0.0039,0.00703,0.00203,-0.00416
881.3800049,-0.00374,-0.00384,0.0042,0.00685,0.00194,-0.00423
881.6900024,-0.00388,-0.00426,0.00375,0.00594,0.00177,-0.00452
882,-0.00353,-0.00427,0.00385,0.00608,0.00208,-0.00435
882.3099976,-0.00383,-0.00475,0.00404,0.00557,0.00214,-0.00404
882.6199951,-0.00363,-0.00491,0.00384,0.00591,0.00214,-0.00392
882.9299927,-0.00379,-0.00511,0.00395,0.00576,0.00183,-0.00398
883.2399902,-0.00374,-0.00534,0.00383,0.00525,0.00201,-0.00375
883.5499878,-0.00411,-0.00519,0.00345,0.00507,0.00154,-0.00388
883.8599854,-0.00403,-0.00469,0.00372,0.00584,0.00157,-0.00345
884.1699829,-0.00435,-0.00506,0.00328,0.00546,0.00136,-0.00407
884.4799805,-0.00433,-0.00492,0.00301,0.00582,0.00147,-0.00404
884.789978,-0.00424,-0.00448,0.00341,0.00613,0.00178,-0.00371
885.0900269,-0.00446,-0.00457,0.0034,0.00614,0.00194,-0.00401
885.4000244,-0.00427,-0.00431,0.00375,0.00645,0.00211,-0.00379
885.710022,-0.00401,-0.00447,0.00369,0.00619,0.00239,-0.00404
886.0200195,-0.00388,-0.00446,0.00396,0.00612,0.00242,-0.00415
886.3300171,-0.00357,-0.00419,0.00407,0.00619,0.00241,-0.00378
886.6400146,-0.00327,-0.00399,0.00447,0.00614,0.00279,-0.00379
886.9500122,-0.00336,-0.00412,0.0047,0.00608,0.00259,-0.00415
887.2600098,-0.00294,-0.00411,0.00462,0.00612,0.00255,-0.00408
887.5700073,-0.00304,-0.00407,0.00474,0.00599,0.00221,-0.0042
887.8699951,-0.0026,-0.00402,0.0051,0.00654,0.00247,-0.00392
888.1799927,-0.00285,-0.00434,0.00451,0.00602,0.0023,-0.00442
888.4899902,-0.00336,-0.00468,0.00471,0.00604,0.00224,-0.00478
888.7999878,-0.00362,-0.00498,0.00449,0.00554,0.00166,-0.00499
889.1099854,-0.00388,-0.00468,0.00442,0.00557,0.00172,-0.00487
889.4199829,-0.00398,-0.00417,0.00485,0.00617,0.00203,-0.00443
889.7199707,-0.00413,-0.0041,0.00474,0.00642,0.00221,-0.0045
890.0300293,-0.00387,-0.00377,0.0049,0.00656,0.00231,-0.00456
890.3400269,-0.00342,-0.0034,0.00521,0.00673,0.00237,-0.00408
890.6500244,-0.00315,-0.00332,0.00493,0.00686,0.002,-0.00389
890.960022,-0.00285,-0.00291,0.00504,0.0073,0.00239,-0.00405
891.2700195,-0.00295,-0.00381,0.00432,0.00656,0.00196,-0.00468
891.5700073,-0.00302,-0.00424,0.00405,0.00579,0.0017,-0.00531
891.8800049,-0.00286,-0.00447,0.00389,0.00545,0.00163,-0.00546
892.1900024,-0.00386,-0.00531,0.00299,0.00422,0.00102,-0.00571
892.5,-0.00409,-0.00569,0.00312,0.00394,0.00118,-0.00575
892.7999878,-0.0041,-0.00583,0.00346,0.00396,0.00173,-0.00568
893.1099854,-0.00454,-0.0061,0.00322,0.00357,0.00137,-0.00554
893.4199829,-0.004,-0.00548,0.004,0.00445,0.0017,-0.00473
893.7299805,-0.00426,-0.00569,0.00371,0.00454,0.00151,-0.00455
894.039978,-0.00421,-0.00568,0.00353,0.00396,0.00137,-0.00453
894.3400269,-0.00396,-0.00508,0.00412,0.00458,0.00187,-0.00436
894.6500244,-0.00398,-0.00482,0.0039,0.00497,0.00199,-0.00441
894.960022,-0.00391,-0.0046,0.00362,0.00488,0.00198,-0.0045
895.2600098,-0.00412,-0.00492,0.00374,0.00513,0.00184,-0.00458
895.5700073,-0.0044,-0.00514,0.00331,0.00463,0.00165,-0.00511
895.8800049,-0.00456,-0.0055,0.00316,0.00462,0.00155,-0.00529
896.1900024,-0.00452,-0.00522,0.00365,0.0057,0.00233,-0.005
896.4899902,-0.00437,-0.00543,0.00355,0.0058,0.00193,-0.00497
896.7999878,-0.00414,-0.00537,0.00392,0.00608,0.0024,-0.00481
897.1099854,-0.00494,-0.00589,0.00356,0.00585,0.00198,-0.00503
897.4199829,-0.00458,-0.00571,0.00315,0.00555,0.00197,-0.00489
897.7199707,-0.00475,-0.00577,0.00307,0.00546,0.00168,-0.00482
898.0300293,-0.00419,-0.00524,0.00327,0.00568,0.00172,-0.00444
898.3400269,-0.00436,-0.00519,0.00296,0.00525,0.00104,-0.00468
898.6400146,-0.00445,-0.00494,0.0029,0.00506,0.00093,-0.00443
898.9500122,-0.00452,-0.00538,0.00254,0.00456,9.00E-05,-0.00469
899.2600098,-0.0041,-0.00523,0.0026,0.00436,0.00014,-0.00425
899.5599976,-0.00438,-0.00514,0.00303,0.0043,0.00027,-0.00446
899.8699951,-0.00431,-0.00513,0.00306,0.00421,0.00098,-0.00466
900.1799927,-0.00457,-0.00542,0.0032,0.00415,0.00121,-0.00474
900.4799805,-0.00433,-0.00547,0.00333,0.00412,0.00132,-0.0046
900.789978,-0.00419,-0.00558,0.00332,0.00457,0.00156,-0.00478
901.0999756,-0.00391,-0.00526,0.00382,0.00498,0.00233,-0.0044
901.4000244,-0.00353,-0.00505,0.00399,0.00508,0.00251,-0.00438
901.710022,-0.00311,-0.00514,0.00362,0.00504,0.00229,-0.00415
902.0100098,-0.00341,-0.00519,0.0036,0.00532,0.00202,-0.0038
902.3200073,-0.00298,-0.00449,0.00401,0.00582,0.00253,-0.00325
902.6300049,-0.0031,-0.00525,0.00417,0.00592,0.00248,-0.00317
902.9299927,-0.00303,-0.00537,0.00433,0.0056,0.00209,-0.00325
903.2399902,-0.00341,-0.00548,0.00373,0.00507,0.00165,-0.00365
903.539978,-0.00353,-0.00565,0.00356,0.0054,0.00156,-0.00381
903.8499756,-0.00396,-0.0055,0.00371,0.00565,0.00186,-0.00414
904.1599731,-0.00347,-0.00523,0.00355,0.00559,0.0018,-0.00418
904.460022,-0.00378,-0.00575,0.00329,0.0051,0.00141,-0.00457
904.7700195,-0.00416,-0.00514,0.00316,0.00472,0.00133,-0.00498
905.0700073,-0.00427,-0.00485,0.00292,0.0045,0.00172,-0.00522
905.3800049,-0.00448,-0.00498,0.00294,0.00458,0.00151,-0.00547
905.6799927,-0.00403,-0.00421,0.00325,0.00492,0.00166,-0.00532
905.9899902,-0.00404,-0.00453,0.00313,0.0049,0.00137,-0.00524
906.2999878,-0.0042,-0.00461,0.00337,0.00495,0.00144,-0.00523
906.5999756,-0.0047,-0.00498,0.00309,0.00444,0.00105,-0.0058
906.9099731,-0.00458,-0.00558,0.00279,0.00445,0.00042,-0.00554
907.210022,-0.00461,-0.00589,0.00316,0.00439,0.00026,-0.00537
907.5200195,-0.00464,-0.00583,0.00331,0.00453,0.00015,-0.00519
907.8200073,-0.00499,-0.00648,0.00326,0.00405,0.0002,-0.00518
908.1300049,-0.00497,-0.00619,0.00316,0.00399,0.00034,-0.00533
908.4299927,-0.00505,-0.00642,0.00329,0.0039,0.00072,-0.00502
908.7399902,-0.00482,-0.00629,0.00333,0.00391,0.001,-0.00484
909.039978,-0.00508,-0.00618,0.00328,0.0041,0.00142,-0.00517
909.3499756,-0.00469,-0.00595,0.00317,0.00474,0.00183,-0.00525
909.6500244,-0.00436,-0.00603,0.00294,0.00442,0.00186,-0.00501
909.960022,-0.00469,-0.00635,0.00269,0.00411,0.00179,-0.00554
910.2600098,-0.00458,-0.00613,0.00292,0.00447,0.00189,-0.00521
910.5700073,-0.00508,-0.00642,0.00207,0.00392,0.00093,-0.00607
910.8699951,-0.00499,-0.00606,0.00213,0.0042,0.00116,-0.00601
911.1799927,-0.00465,-0.00602,0.00226,0.00394,0.00123,-0.006
911.4799805,-0.00478,-0.00638,0.0018,0.0038,0.00082,-0.00578
911.789978,-0.00525,-0.00632,0.00181,0.00389,0.00051,-0.00616
912.0900269,-0.00517,-0.00601,0.00179,0.00404,0.00053,-0.00594
912.3900146,-0.00507,-0.00645,0.00192,0.00368,0.00022,-0.00605
912.7000122,-0.00409,-0.00561,0.00262,0.00421,0.00083,-0.00515
913,-0.0039,-0.00555,0.00246,0.00483,0.00011,-0.00492
913.3099976,-0.00437,-0.00593,0.00224,0.00481,-0.00032,-0.00486
913.6099854,-0.00468,-0.0057,0.00249,0.00402,-0.00029,-0.00453
913.9199829,-0.00436,-0.00602,0.00249,0.00406,-0.00021,-0.0044
914.2199707,-0.00409,-0.00569,0.00304,0.00415,-0.0002,-0.00409
914.5200195,-0.00417,-0.00601,0.00242,0.00378,-1.00E-04,-0.004
914.8300171,-0.00507,-0.00679,0.00238,0.00339,-0.00082,-0.00502
915.1300049,-0.00529,-0.00663,0.00254,0.00279,-0.00054,-0.00508
915.4400024,-0.00466,-0.00591,0.00257,0.00277,0.00011,-0.00518
915.7399902,-0.00498,-0.00634,0.00257,0.00267,0.00025,-0.0059
916.039978,-0.00503,-0.00644,0.00217,0.00245,0.00023,-0.00614
916.3499756,-0.00522,-0.0065,0.00187,0.00203,3.00E-05,-0.00601
916.6500244,-0.00533,-0.00659,0.00199,0.00219,-0.00027,-0.0062
916.960022,-0.00468,-0.00659,0.00164,0.00241,0.00026,-0.00596
917.2600098,-0.00503,-0.00712,0.00079,0.00177,-0.00021,-0.00655
917.5599976,-0.00527,-0.0072,0.00072,0.00192,-0.00071,-0.00625
917.8699951,-0.00482,-0.00737,0.00047,0.00208,-0.00111,-0.00609
918.1699829,-0.00478,-0.00757,0.00078,0.00222,-0.00162,-0.00631
918.4699707,-0.00523,-0.00852,4.00E-05,0.00193,-0.00212,-0.00741
918.7800293,-0.00563,-0.008719999,-0.00016,0.00181,-0.00248,-0.00786
919.0800171,-0.00632,-0.00897,5.00E-05,0.00128,-0.00331,-0.00725
919.3800049,-0.00605,-0.0092,0.00078,0.00172,-0.00291,-0.00711
919.6900024,-0.00623,-0.00999,0.0002,0.00126,-0.00307,-0.00722
919.9899902,-0.00704,-0.01002,-0.00038,0.00157,-0.00361,-0.00703
920.289978,-0.00753,-0.00956,-0.00041,0.00168,-0.00281,-0.00622
920.5900269,-0.00767,-0.00911,2.00E-05,0.0019,-0.00261,-0.0061
920.9000244,-0.00711,-0.00856,0.0004,0.00176,-0.00237,-0.00581
921.2000122,-0.00701,-0.00806,0.00066,0.00225,-0.00162,-0.00604
921.5,-0.00734,-0.007929999,-0.00027,0.00179,-0.0023,-0.00625
921.8099976,-0.008090001,-0.00791,-0.00014,0.0014,-0.00252,-0.00655
922.1099854,-0.00752,-0.00753,0.00062,0.00104,-0.00184,-0.00688
922.4099731,-0.00735,-0.00803,0.00076,0.00079,-0.00246,-0.00755
922.710022,-0.00705,-0.0089,0.00026,0.00031,-0.0029,-0.00746
923.0200195,-0.00738,-0.00876,-2.00E-05,0.0004,-0.00268,-0.00743
923.3200073,-0.00731,-0.00918,-0.00048,0.00014,-0.00339,-0.00781
923.6199951,-0.0072,-0.009430001,0.00031,0.00061,-0.00281,-0.00723
923.9199829,-0.0069,-0.00937,0.00028,0.00098,-0.00319,-0.00725
924.2299805,-0.00744,-0.009330001,0.00045,0.00105,-0.00344,-0.00708
924.5300293,-0.00791,-0.01005,-0.00087,0.00029,-0.00397,-0.00777
924.8300171,-0.00813,-0.00892,-0.00083,0.00086,-0.00353,-0.00745
925.1300049,-0.008669999,-0.00936,-0.00102,0.00032,-0.00368,-0.00772
925.4400024,-0.00883,-0.00968,-0.0007,0.00041,-0.00383,-0.0074
925.7399902,-0.00865,-0.00942,-0.00057,-0.00026,-0.00363,-0.00762
926.039978,-0.007850001,-0.00876,-0.00016,-0.00024,-0.0025,-0.00734
926.3400269,-0.00682,-0.00868,-0.00082,0.00011,-0.00242,-0.00782
926.6400146,-0.00635,-0.00797,-0.00031,0.00063,-0.00192,-0.00755
926.9500122,-0.00636,-0.008140001,0,0.0008,-0.00193,-0.00761
927.25,-0.0058,-0.008309999,-0.00013,0.00082,-0.00194,-0.00768
927.5499878,-0.00685,-0.00882,-0.00132,-0.00022,-0.00211,-0.00865
927.8499756,-0.00729,-0.00876,-0.00177,-0.00011,-0.00277,-0.00868
928.1500244,-0.00833,-0.00969,-0.00207,-0.00019,-0.00393,-0.0091
928.460022,-0.00911,-0.0105,-0.00262,-0.00083,-0.00461,-0.00925
928.7600098,-0.00913,-0.0106,-0.00199,-0.00107,-0.00501,-0.00879
929.0599976,-0.00895,-0.010989999,-0.00232,-0.00185,-0.0057,-0.0083
929.3599854,-0.0081,-0.01043,-0.00189,-0.00143,-0.00525,-0.00764
929.6599731,-0.00727,-0.00958,-0.00151,-0.00109,-0.00485,-0.00676
929.960022,-0.0066,-0.009190001,-0.00158,-0.00069,-0.00454,-0.0062
930.2600098,-0.00586,-0.00931,-0.00183,-0.00122,-0.00487,-0.00675
930.5700073,-0.0061,-0.00911,-0.00162,-0.00151,-0.00514,-0.00675
930.8699951,-0.00691,-0.00966,-0.00343,-0.00217,-0.0058,-0.00741
931.1699829,-0.0072,-0.00935,-0.00375,-0.00244,-0.00527,-0.00776
931.4699707,-0.00818,-0.010249999,-0.00421,-0.00291,-0.00583,-0.0083
931.7700195,-0.00815,-0.01096,-0.00454,-0.00378,-0.00706,-0.0093
932.0700073,-0.008309999,-0.01233,-0.00476,-0.00428,-0.00787,-0.0108
932.3699951,-0.00896,-0.01232,-0.00459,-0.00436,-0.0077,-0.01047
932.6699829,-0.00927,-0.01233,-0.00486,-0.00388,-0.0078,-0.01036
932.9699707,-0.00909,-0.01265,-0.00392,-0.0038,-0.00773,-0.01013
933.2700195,-0.0097,-0.01363,-0.00362,-0.0037,-0.008669999,-0.01076
933.5800171,-0.00974,-0.01279,-0.00345,-0.00421,-0.00885,-0.01113
933.8800049,-0.01087,-0.01314,-0.00405,-0.00343,-0.008309999,-0.01149
934.1799927,-0.01079,-0.012300001,-0.00352,-0.00301,-0.00801,-0.010039999
934.4799805,-0.01075,-0.01224,-0.00367,-0.00277,-0.007850001,-0.00981
934.7800293,-0.00989,-0.01222,-0.0034,-0.00372,-0.00747,-0.009959999
935.0800171,-0.00997,-0.012209999,-0.00364,-0.00305,-0.00741,-0.010190001
935.3800049,-0.00937,-0.01229,-0.00377,-0.00307,-0.00675,-0.010140001
935.6799927,-0.00942,-0.01253,-0.00403,-0.00278,-0.00735,-0.01023
935.9799805,-0.008719999,-0.01237,-0.00349,-0.0039,-0.00804,-0.010299999
936.2800293,-0.010039999,-0.01398,-0.00514,-0.00548,-0.00935,-0.012150001
936.5800171,-0.009409999,-0.01395,-0.00509,-0.00617,-0.00981,-0.01276
936.8800049,-0.01058,-0.01438,-0.00552,-0.00665,-0.01051,-0.01323
937.1799927,-0.01013,-0.01396,-0.00453,-0.00707,-0.01015,-0.012940001
937.4799805,-0.010629999,-0.01372,-0.00526,-0.00777,-0.01116,-0.01386
937.7800293,-0.00992,-0.01354,-0.00572,-0.00709,-0.011080001,-0.01355
938.0800171,-0.00899,-0.01322,-0.00588,-0.00584,-0.00997,-0.01316
938.3800049,-0.00794,-0.012159999,-0.00467,-0.00532,-0.00915,-0.01242
938.6799927,-0.00937,-0.012589999,-0.0058,-0.00518,-0.00918,-0.01207
938.9799805,-0.00895,-0.01268,-0.00605,-0.00483,-0.009459999,-0.01245
939.2800293,-0.00844,-0.01238,-0.00665,-0.00442,-0.00879,-0.012460001
939.5800171,-0.008169999,-0.0129,-0.00664,-0.00435,-0.00885,-0.012669999
939.8800049,-0.00958,-0.01465,-0.00689,-0.00546,-0.009240001,-0.013250001
940.1799927,-0.010939999,-0.015099999,-0.0073,-0.00641,-0.00982,-0.012990001
940.4799805,-0.0115,-0.01517,-0.00826,-0.00601,-0.009670001,-0.01301
940.7800293,-0.01114,-0.015099999,-0.00884,-0.00645,-0.010340001,-0.01324
941.0800171,-0.010670001,-0.014680001,-0.00852,-0.00579,-0.010249999,-0.012359999
941.3800049,-0.012250001,-0.01503,-0.0093,-0.007,-0.01171,-0.01321
941.6799927,-0.011670001,-0.01505,-0.00903,-0.00699,-0.010980001,-0.012510001
941.9799805,-0.010340001,-0.0143,-0.00847,-0.00648,-0.01047,-0.01237
942.2700195,-0.0097,-0.01434,-0.007850001,-0.00595,-0.01035,-0.01337
942.5700073,-0.01023,-0.014880001,-0.0081,-0.0061,-0.01149,-0.01364
942.8699951,-0.01045,-0.014780001,-0.0069,-0.00613,-0.01079,-0.01381
943.1699829,-0.01105,-0.015869999,-0.00729,-0.00693,-0.01074,-0.014500001
943.4699707,-0.01039,-0.01661,-0.008,-0.00712,-0.010140001,-0.01418
943.7700195,-0.010989999,-0.016319999,-0.00768,-0.00662,-0.01049,-0.01485
944.0700073,-0.01293,-0.016410001,-0.008590001,-0.0069,-0.011039999,-0.015099999
944.3699951,-0.01324,-0.01596,-0.00851,-0.0072,-0.011519999,-0.01487
944.6699829,-0.0126,-0.015620001,-0.00824,-0.00737,-0.01081,-0.014500001
944.9699707,-0.012410001,-0.01589,-0.00853,-0.00738,-0.01117,-0.0147
945.2600098,-0.01279,-0.01433,-0.00815,-0.00697,-0.01156,-0.014939999
945.5599976,-0.01202,-0.01334,-0.00648,-0.00665,-0.01089,-0.0138
945.8599854,-0.01238,-0.013409999,-0.0073,-0.00718,-0.01148,-0.01317
946.1599731,-0.0117,-0.013839999,-0.00742,-0.007710001,-0.011829999,-0.01372
946.460022,-0.01168,-0.01528,-0.00871,-0.00848,-0.012259999,-0.01413
946.7600098,-0.01233,-0.01513,-0.00898,-0.00822,-0.012560001,-0.01466
947.0499878,-0.0117,-0.01444,-0.007929999,-0.00741,-0.01134,-0.01319
947.3499756,-0.011469999,-0.016249999,-0.00871,-0.00823,-0.01153,-0.013200001
947.6500244,-0.011510001,-0.017029999,-0.01003,-0.00821,-0.01277,-0.014479999
947.9500122,-0.01107,-0.017180001,-0.01,-0.00833,-0.011870001,-0.013890001
948.25,-0.01079,-0.01763,-0.00947,-0.00912,-0.01118,-0.013309999
948.5499878,-0.01105,-0.016649999,-0.01002,-0.009459999,-0.011039999,-0.01232
948.8400269,-0.01114,-0.01743,-0.01022,-0.01117,-0.01166,-0.01273
949.1400146,-0.01118,-0.017819999,-0.00994,-0.01143,-0.0127,-0.013660001
949.4400024,-0.01075,-0.017209999,-0.00979,-0.01125,-0.012569999,-0.01338
949.7399902,-0.00896,-0.01737,-0.00999,-0.011369999,-0.0125,-0.01322
950.039978,-0.00934,-0.01801,-0.00961,-0.010829999,-0.01271,-0.01393
950.3300171,-0.00975,-0.017519999,-0.01042,-0.010340001,-0.01402,-0.0148
950.6300049,-0.009240001,-0.01825,-0.0097,-0.01134,-0.01454,-0.01564
950.9299927,-0.00777,-0.017349999,-0.009649999,-0.0101,-0.01375,-0.01376
951.2299805,-0.0085,-0.01795,-0.01155,-0.01113,-0.014049999,-0.014939999
951.5200195,-0.0095,-0.01856,-0.01196,-0.0114,-0.01413,-0.0154
951.8200073,-0.01243,-0.01785,-0.010670001,-0.011360001,-0.014049999,-0.01508
952.1199951,-0.011849999,-0.01543,-0.00977,-0.010679999,-0.013789999,-0.0148
952.4199829,-0.01239,-0.016319999,-0.00981,-0.01091,-0.01429,-0.01525
952.710022,-0.01244,-0.016319999,-0.010140001,-0.00963,-0.01434,-0.01481
953.0100098,-0.013710001,-0.017280001,-0.00973,-0.01043,-0.0149,-0.016480001
953.3099976,-0.01309,-0.017790001,-0.011390001,-0.01035,-0.01511,-0.01698
953.6099854,-0.01208,-0.017410001,-0.01116,-0.01047,-0.0149,-0.016109999
953.9000244,-0.012130001,-0.01884,-0.01223,-0.01122,-0.01465,-0.016659999
954.2000122,-0.01398,-0.02101,-0.01385,-0.01316,-0.016580001,-0.01737
954.5,-0.0137,-0.02118,-0.01352,-0.012200001,-0.014830001,-0.016619999
954.789978,-0.01232,-0.019960001,-0.01352,-0.01163,-0.01318,-0.015759999
955.0900269,-0.01237,-0.020669999,-0.014479999,-0.01248,-0.01381,-0.016390001
955.3900146,-0.012990001,-0.020850001,-0.0124,-0.012560001,-0.01354,-0.01602
955.6799927,-0.01565,-0.022639999,-0.01376,-0.014780001,-0.01551,-0.01853
955.9799805,-0.01591,-0.022190001,-0.014520001,-0.01592,-0.016869999,-0.01897
956.2800293,-0.01565,-0.022700001,-0.01516,-0.017039999,-0.016649999,-0.018890001
956.5700073,-0.01671,-0.023340002,-0.016790001,-0.019950001,-0.0187,-0.019440001
956.8699951,-0.0187,-0.024669999,-0.017039999,-0.0207,-0.01953,-0.02204
957.1699829,-0.019069999,-0.02469,-0.01692,-0.019409999,-0.018650001,-0.0219
957.460022,-0.021189999,-0.025729999,-0.018689999,-0.020580001,-0.0207,-0.02249
957.7600098,-0.018200001,-0.024970001,-0.01706,-0.01912,-0.019450001,-0.02138
958.0599976,-0.017419999,-0.02555,-0.015900001,-0.01756,-0.018300001,-0.02131
958.3499756,-0.017349999,-0.026419999,-0.015800001,-0.01705,-0.018440001,-0.02201
958.6500244,-0.016490001,-0.02661,-0.01513,-0.01598,-0.01833,-0.022769999
958.9500122,-0.01723,-0.027349999,-0.01578,-0.018139999,-0.020299999,-0.02162
959.2399902,-0.01606,-0.026889998,-0.01492,-0.01894,-0.021189999,-0.021579999
959.539978,-0.01565,-0.0272,-0.016109999,-0.01994,-0.02197,-0.023139998
959.8300171,-0.016419999,-0.027179999,-0.01633,-0.01973,-0.021760002,-0.0222
960.1300049,-0.019069999,-0.02774,-0.018650001,-0.02153,-0.024289999,-0.02416
960.4299927,-0.018929999,-0.026930001,-0.01901,-0.02111,-0.024549998,-0.02424
960.7199707,-0.01895,-0.02643,-0.019550001,-0.02221,-0.02434,-0.0233
961.0200195,-0.018960001,-0.02716,-0.01935,-0.0218,-0.024010001,-0.02451
961.3099976,-0.01925,-0.02864,-0.02241,-0.024349999,-0.02641,-0.026199998
961.6099854,-0.01818,-0.02605,-0.020330001,-0.02238,-0.02447,-0.02335
961.9000244,-0.018209999,-0.025729999,-0.020880001,-0.02122,-0.025239998,-0.024569999
962.2000122,-0.01685,-0.024230001,-0.020299999,-0.02005,-0.02375,-0.022390001
962.5,-0.01702,-0.024800001,-0.020199999,-0.01997,-0.024330001,-0.021960001
962.789978,-0.017039999,-0.024669999,-0.02036,-0.01949,-0.02478,-0.023259999
963.0900269,-0.017039999,-0.023020001,-0.020880001,-0.01798,-0.025350001,-0.02201
963.3800049,-0.017790001,-0.0221,-0.018860001,-0.01615,-0.024389999,-0.020850001
963.6799927,-0.017860001,-0.022530001,-0.019919999,-0.018440001,-0.026870001,-0.02141
963.9699707,-0.01825,-0.024500001,-0.021570001,-0.021259999,-0.027550001,-0.021670001
964.2700195,-0.01819,-0.02496,-0.0207,-0.02307,-0.02923,-0.022839999
964.5599976,-0.01756,-0.0241,-0.02079,-0.02207,-0.02892,-0.021779999
964.8599854,-0.01747,-0.0239,-0.0189,-0.02066,-0.02843,-0.01915
965.1500244,-0.01802,-0.02507,-0.018609999,-0.02162,-0.029610001,-0.02004
965.4500122,-0.019750001,-0.02589,-0.02141,-0.022780001,-0.030409999,-0.021199999
965.7399902,-0.021170001,-0.02809,-0.021779999,-0.02338,-0.029059999,-0.023940001
966.039978,-0.02056,-0.026210001,-0.021670001,-0.022650002,-0.028759999,-0.023870001
966.3300171,-0.02069,-0.028139999,-0.021989999,-0.02121,-0.028510001,-0.023139998
966.6300049,-0.02118,-0.02922,-0.02241,-0.02299,-0.029820001,-0.024769999
966.9199829,-0.02142,-0.0296,-0.025320001,-0.02438,-0.03053,-0.02643
967.2199707,-0.020669999,-0.029879998,-0.025929999,-0.025290001,-0.02932,-0.026730001
967.5100098,-0.0197,-0.0308,-0.024870001,-0.0253,-0.02799,-0.026500002
967.8099976,-0.018339999,-0.029779999,-0.025209999,-0.024019999,-0.028039999,-0.024820002
968.0999756,-0.020539999,-0.03153,-0.02554,-0.02579,-0.030309999,-0.026300002
968.4000244,-0.019640001,-0.030269999,-0.025109999,-0.02507,-0.02939,-0.02557
968.6900024,-0.020639999,-0.032049999,-0.026219999,-0.026249999,-0.03098,-0.02757
968.9799805,-0.020469999,-0.033550002,-0.02572,-0.02754,-0.032099999,-0.027780002
969.2800293,-0.02252,-0.033750001,-0.02626,-0.029000001,-0.033350002,-0.027860001
969.5700073,-0.02375,-0.033440001,-0.02609,-0.03056,-0.035250001,-0.02685
969.8699951,-0.02392,-0.03421,-0.024639999,-0.03167,-0.035429999,-0.02691
970.1599731,-0.024049999,-0.035870001,-0.02478,-0.033099998,-0.03582,-0.026900001
970.460022,-0.025320001,-0.03878,-0.02654,-0.03565,-0.036570001,-0.02871
970.75,-0.02538,-0.037920002,-0.026530001,-0.036189999,-0.035039999,-0.027799999
971.039978,-0.02578,-0.035659999,-0.025190001,-0.035420001,-0.03466,-0.02626
971.3400269,-0.023229999,-0.035520002,-0.025880001,-0.033459999,-0.034710001,-0.02523
971.6300049,-0.023540001,-0.035220001,-0.025250001,-0.03108,-0.033859998,-0.026889998
971.9299927,-0.02341,-0.036849998,-0.02744,-0.03018,-0.03359,-0.026110001
972.2199707,-0.023610001,-0.036899999,-0.026719999,-0.028670002,-0.032609999,-0.02599
972.5100098,-0.0228,-0.03328,-0.025769999,-0.027550001,-0.032560002,-0.024909999
972.8099976,-0.02238,-0.03159,-0.025339998,-0.026819998,-0.033220001,-0.023840001
973.0999756,-0.02001,-0.032740001,-0.02555,-0.02544,-0.032060001,-0.02526
973.3900146,-0.020920001,-0.03311,-0.023979999,-0.02626,-0.0319,-0.026389999
973.6900024,-0.018760001,-0.033239998,-0.024730001,-0.02633,-0.031410001,-0.026519999
973.9799805,-0.0184,-0.03193,-0.02414,-0.02806,-0.032590002,-0.02844
974.2700195,-0.01888,-0.030199999,-0.026110001,-0.028399998,-0.033020001,-0.028889999
974.5700073,-0.01873,-0.031350002,-0.027679998,-0.028239999,-0.03472,-0.031129999
974.8599854,-0.02004,-0.03455,-0.0277,-0.029279999,-0.03503,-0.03277
975.1500244,-0.021089999,-0.034560002,-0.02863,-0.031689998,-0.03692,-0.03269
975.4500122,-0.020610001,-0.0361,-0.031339999,-0.03269,-0.0381,-0.032529999
975.7399902,-0.019540001,-0.033709999,-0.02691,-0.032200001,-0.036279999,-0.029040001
976.0300293,-0.01984,-0.033940002,-0.02658,-0.031410001,-0.03672,-0.029590001
976.3300171,-0.020099999,-0.036350001,-0.02596,-0.031140001,-0.037700001,-0.029979998
976.6199951,-0.022530001,-0.037870001,-0.02685,-0.033469997,-0.03816,-0.029240001
976.9099731,-0.020680001,-0.036559999,-0.02843,-0.032980002,-0.03751,-0.02933
977.210022,-0.024010001,-0.03692,-0.02925,-0.032329999,-0.036249999,-0.03001
977.5,-0.02575,-0.035859998,-0.027929999,-0.031719998,-0.03678,-0.031600002
977.789978,-0.028350001,-0.040619999,-0.033410002,-0.034639999,-0.040849999,-0.035550002
978.0800171,-0.026870001,-0.041510001,-0.03365,-0.03407,-0.04078,-0.033610001
978.3800049,-0.02537,-0.038959999,-0.035530001,-0.03396,-0.041739997,-0.032949999
978.6699829,-0.02444,-0.0403,-0.035940003,-0.034140002,-0.041529998,-0.033289999
978.960022,-0.02812,-0.042210001,-0.037620001,-0.036320001,-0.04321,-0.033909999
979.25,-0.027709998,-0.044710003,-0.03898,-0.040059999,-0.045850001,-0.034710001
979.5499878,-0.02661,-0.044689998,-0.03785,-0.04084,-0.041589998,-0.032949999
979.8400269,-0.029200001,-0.04572,-0.039269999,-0.04183,-0.043270003,-0.035569999
980.1300049,-0.02987,-0.046360001,-0.040960003,-0.044829998,-0.044970002,-0.035069998
980.4199829,-0.02922,-0.047459997,-0.0385,-0.045879997,-0.044299997,-0.035250001
980.710022,-0.028310001,-0.04642,-0.038169999,-0.04665,-0.045120001,-0.03692
981.0100098,-0.02526,-0.045929998,-0.036530003,-0.044520002,-0.043620002,-0.036180001
981.2999878,-0.02636,-0.045809999,-0.03774,-0.043609999,-0.045440003,-0.037859999
981.5900269,-0.02658,-0.04817,-0.04053,-0.043839999,-0.051739998,-0.039039999
981.8800049,-0.026459999,-0.047020003,-0.040430002,-0.044679999,-0.049650002,-0.035520002
982.1799927,-0.028689999,-0.046329997,-0.040599998,-0.043850001,-0.049260002,-0.03774
982.4699707,-0.025490001,-0.034419999,-0.028989999,-0.031939998,-0.03472,-0.030550001
982.7600098,-0.02806,-0.034930002,-0.028369999,-0.032329999,-0.035269998,-0.031889997
983.0499878,-0.029040001,-0.035269998,-0.029999999,-0.034600001,-0.039130002,-0.03607
983.3400269,-0.02905,-0.034770001,-0.030539999,-0.03596,-0.04005,-0.035739999
983.6300049,-0.032129999,-0.034120001,-0.030820001,-0.038589999,-0.039419997,-0.037300002
983.9299927,-0.031819999,-0.03571,-0.03131,-0.040229999,-0.042280003,-0.038720001
984.2199707,-0.031470001,-0.036320001,-0.031089999,-0.04047,-0.043860003,-0.037599999
984.5100098,-0.034249999,-0.049089998,-0.04513,-0.052639998,-0.059549998,-0.043019999
984.7999878,-0.036189999,-0.051230002,-0.047810003,-0.055570003,-0.06436,-0.04408
985.0900269,-0.036310002,-0.052420001,-0.046020001,-0.055770002,-0.063079998,-0.041999999
985.3800049,-0.034809999,-0.053429998,-0.048319999,-0.05632,-0.063050002,-0.042830002
985.6699829,-0.031580001,-0.053489998,-0.046319999,-0.057259999,-0.062179998,-0.042129997
985.960022,-0.032479998,-0.053479999,-0.04769,-0.05993,-0.062919997,-0.043749999
986.2600098,-0.032479998,-0.054899998,-0.048950002,-0.061240003,-0.062430002,-0.04761
986.5499878,-0.040539999,-0.057589997,-0.052859999,-0.06436,-0.065590002,-0.053379998
986.8400269,-0.037520003,-0.057270002,-0.051570002,-0.06261,-0.062410001,-0.05271
987.1300049,-0.03785,-0.056350004,-0.054380003,-0.063600004,-0.063249998,-0.054759998
987.4199829,-0.04033,-0.058520004,-0.05288,-0.065190002,-0.064429998,-0.057659999
987.710022,-0.0416,-0.05785,-0.054710001,-0.063330002,-0.064630002,-0.057629999
988,-0.040770002,-0.055500001,-0.0535,-0.058740001,-0.062449999,-0.057399999
988.289978,-0.043499999,-0.057470001,-0.057940003,-0.06216,-0.067400001,-0.059130002
988.5800171,-0.041300002,-0.058350001,-0.056550004,-0.063439995,-0.068429999,-0.058080003
988.8699951,-0.0438,-0.059369996,-0.061290003,-0.064929999,-0.071819998,-0.060989998
989.1599731,-0.04459,-0.057020001,-0.059349999,-0.064630002,-0.067709997,-0.056649998
989.460022,-0.041129999,-0.055760004,-0.0572,-0.061039999,-0.064559996,-0.051380001
989.75,-0.04281,-0.059860002,-0.05878,-0.06391,-0.065200001,-0.052110001
990.039978,-0.04188,-0.062870003,-0.05985,-0.065349996,-0.066249996,-0.051890001
990.3300171,-0.039379999,-0.062169999,-0.057100002,-0.062380001,-0.064219996,-0.049689997
990.6199951,-0.035950001,-0.060749996,-0.05824,-0.0623,-0.061669998,-0.048860002
990.9099731,-0.037620001,-0.064899996,-0.060549997,-0.066720001,-0.061269999,-0.048939999
991.2000122,-0.038819999,-0.070359997,-0.062619999,-0.068870001,-0.069200002,-0.052199997
991.4899902,-0.045560002,-0.072549999,-0.067540005,-0.071729995,-0.076020002,-0.058189999
991.7800293,-0.044299997,-0.070320003,-0.068449996,-0.070780002,-0.07948,-0.06103
992.0700073,-0.045440003,-0.070100002,-0.069799997,-0.072569996,-0.079659998,-0.062129997
992.3599854,-0.048280001,-0.070079997,-0.071999997,-0.072240002,-0.078489996,-0.064479999
992.6500244,-0.051720001,-0.072300002,-0.071999997,-0.074099995,-0.081349999,-0.067890003
992.9400024,-0.047470003,-0.066409998,-0.06464,-0.066069998,-0.078610003,-0.064910002
993.2299805,-0.047470003,-0.066030003,-0.065030001,-0.065229997,-0.075910002,-0.065499999
993.5200195,-0.045589998,-0.065009996,-0.06047,-0.064740002,-0.074359998,-0.063560002
993.8099976,-0.046399999,-0.067280002,-0.060460001,-0.065159999,-0.073699996,-0.064920001
994.0999756,-0.046599999,-0.069120005,-0.061500002,-0.064330004,-0.076609999,-0.065359995
994.3900146,-0.045729998,-0.067829996,-0.057540003,-0.064300001,-0.074139997,-0.06151
994.6799927,-0.043249998,-0.062890001,-0.055009998,-0.06199,-0.073370002,-0.057429999
994.960022,-0.046079997,-0.063140005,-0.057020001,-0.06752,-0.076200001,-0.059530001
995.25,-0.047770001,-0.063069999,-0.062789999,-0.070040002,-0.07987,-0.06081
995.539978,-0.050640002,-0.065729998,-0.068269998,-0.0744,-0.079010002,-0.06202
995.8300171,-0.048420001,-0.065159999,-0.068559997,-0.074409999,-0.081299998,-0.062399998
996.1199951,-0.04662,-0.064520001,-0.070050001,-0.074489996,-0.082440004,-0.063749999
996.4099731,-0.050609998,-0.06662,-0.072659999,-0.077080004,-0.086860001,-0.066270001
996.7000122,-0.05187,-0.075350001,-0.074720003,-0.080200002,-0.089350007,-0.068549998
996.9899902,-0.051690001,-0.079120003,-0.078479998,-0.081409998,-0.091750003,-0.068879999
997.2800293,-0.051109999,-0.077919997,-0.07858,-0.0832,-0.096790001,-0.071419999
997.5700073,-0.04693,-0.075500004,-0.077979997,-0.080729999,-0.099519998,-0.070370004
997.8599854,-0.051570002,-0.078220002,-0.083470002,-0.088120006,-0.101460002,-0.071290001
998.1500244,-0.053969998,-0.080769993,-0.08196,-0.088830002,-0.102710001,-0.072569996
998.4299927,-0.048689999,-0.084209993,-0.082869999,-0.089829996,-0.101689994,-0.075060003
998.7199707,-0.0473,-0.07807,-0.083459996,-0.089700006,-0.097659998,-0.074099995
999.0100098,-0.052670002,-0.079980001,-0.081450008,-0.094669998,-0.099230006,-0.076030001
999.2999878,-0.050640002,-0.081179999,-0.078230001,-0.092069998,-0.092,-0.069370002
999.5900269,-0.050300002,-0.08512,-0.075900003,-0.092900001,-0.092600003,-0.071699999
999.8800049,-0.050390001,-0.08845,-0.073119998,-0.088,-0.092220001,-0.069260001
1000.169983,-0.05119,-0.089840002,-0.074330002,-0.093189999,-0.092910007,-0.06758
1000.450012,-0.05246,-0.090360001,-0.076290004,-0.092609994,-0.098620005,-0.065960005
1000.73999,-0.055159997,-0.097539999,-0.075949997,-0.094149999,-0.105699994,-0.073040001
1001.030029,-0.05246,-0.09606,-0.077160001,-0.091330007,-0.105870001,-0.06882
1001.320007,-0.054780003,-0.101499997,-0.078060001,-0.094729997,-0.109960005,-0.072059996
1001.609985,-0.05469,-0.100620002,-0.083039999,-0.093249999,-0.110260002,-0.071060002
1001.900024,-0.05046,-0.093910001,-0.080030002,-0.091709994,-0.103249997,-0.071029998
1002.179993,-0.046560001,-0.090450004,-0.074640006,-0.085869998,-0.10052,-0.067150004
1002.469971,-0.046079997,-0.087549999,-0.075089999,-0.086709999,-0.097539999,-0.066919997
1002.76001,-0.050830003,-0.088,-0.079060003,-0.087669998,-0.097010002,-0.068549998
1003.049988,-0.048979998,-0.089110002,-0.08021,-0.087640002,-0.095279999,-0.070220001
1003.340027,-0.051350001,-0.086639993,-0.082950003,-0.08845,-0.100059994,-0.074879996
1003.619995,-0.050590001,-0.081320003,-0.078500003,-0.092089996,-0.098149993,-0.074330002
1003.909973,-0.057300001,-0.085410006,-0.085780002,-0.096929997,-0.108260006,-0.079599999
1004.200012,-0.064410001,-0.088470004,-0.094300002,-0.101980001,-0.116190001,-0.08766
1004.48999,-0.067090005,-0.090620004,-0.097379997,-0.103699997,-0.11925,-0.092009999
1004.77002,-0.06848,-0.092250004,-0.103009999,-0.107089996,-0.124650002,-0.09014
1005.059998,-0.068259999,-0.090559997,-0.103940003,-0.105190001,-0.125019997,-0.091429994
1005.349976,-0.072839998,-0.098219998,-0.108570002,-0.111359999,-0.122790001,-0.093180001
1005.640015,-0.076760001,-0.103199996,-0.113020003,-0.109899998,-0.123059995,-0.095290005
1005.919983,-0.076570004,-0.108000003,-0.118100002,-0.115719996,-0.130060002,-0.095349997
1006.210022,-0.072609998,-0.105070002,-0.118339993,-0.117169999,-0.126680002,-0.093330003
1006.5,-0.074380003,-0.105249994,-0.11417,-0.118149996,-0.125819996,-0.090839997
1006.789978,-0.070260003,-0.108109996,-0.110469997,-0.119770005,-0.127590001,-0.094969995
1007.070007,-0.072109997,-0.111649998,-0.112069994,-0.122609995,-0.133159995,-0.095080003
1007.359985,-0.067479998,-0.105319999,-0.109860003,-0.116049998,-0.138870001,-0.094639994
1007.650024,-0.066750005,-0.108620003,-0.110769995,-0.117469996,-0.142209992,-0.098889999
1007.929993,-0.062660001,-0.106389999,-0.10486,-0.115139998,-0.1347,-0.097559996
1008.219971,-0.074600004,-0.116250001,-0.1105,-0.121229999,-0.140159994,-0.105959997
1008.51001,-0.074660003,-0.114270002,-0.112419993,-0.1241,-0.142499998,-0.106309995
1008.799988,-0.074889995,-0.112120003,-0.115059994,-0.12438,-0.136519998,-0.099509999
1009.080017,-0.073969997,-0.112939999,-0.120699994,-0.126159996,-0.137219995,-0.103520006
1009.369995,-0.079810001,-0.1153,-0.123219997,-0.130559996,-0.132789999,-0.105459996
1009.659973,-0.086890005,-0.119630001,-0.130459994,-0.141629994,-0.142910004,-0.109630004
1009.940002,-0.091730006,-0.121169999,-0.134269997,-0.138170004,-0.144050002,-0.111740001
1010.22998,-0.089170001,-0.121990003,-0.137250006,-0.143380001,-0.150189996,-0.111990005
1010.52002,-0.090970002,-0.132279992,-0.140850008,-0.154160008,-0.155330002,-0.115200005
1010.799988,-0.092720002,-0.133979991,-0.144789994,-0.155729994,-0.164099991,-0.119899996
1011.090027,-0.10176,-0.138439998,-0.148959994,-0.160549998,-0.165830001,-0.12156
1011.369995,-0.09702,-0.139180005,-0.146280006,-0.166390002,-0.16911,-0.117370002
1011.659973,-0.09268,-0.137910008,-0.142059997,-0.162409991,-0.165279999,-0.114239998
1011.950012,-0.096239999,-0.138410002,-0.143150002,-0.168300003,-0.169769987,-0.116520002
1012.22998,-0.085419998,-0.130459994,-0.131109998,-0.155900002,-0.15535,-0.110419996
1012.52002,-0.085969999,-0.127770007,-0.131599993,-0.145659998,-0.156580001,-0.112349994
1012.799988,-0.087419994,-0.126699999,-0.128920004,-0.147349998,-0.158270001,-0.114200003
1013.090027,-0.084399998,-0.121339999,-0.12438,-0.145779997,-0.156409994,-0.112670004
1013.380005,-0.083140001,-0.12387,-0.127800003,-0.144560009,-0.155220002,-0.117729999
1013.659973,-0.083129995,-0.124350004,-0.130400002,-0.147959992,-0.159510002,-0.121020004
1013.950012,-0.081990004,-0.130270004,-0.132310003,-0.14616999,-0.15956001,-0.120410003
1014.22998,-0.088610001,-0.136309996,-0.139760002,-0.147720009,-0.170249999,-0.122559994
1014.52002,-0.09082,-0.14181,-0.144350007,-0.161889985,-0.175310001,-0.124130003
1014.809998,-0.085639998,-0.130180001,-0.139540002,-0.16178,-0.164419994,-0.119999997
1015.090027,-0.085270002,-0.136680007,-0.147090003,-0.167250007,-0.173820004,-0.128319994
1015.380005,-0.085369997,-0.136990011,-0.143869996,-0.170510009,-0.174249992,-0.128710002
1015.659973,-0.086490005,-0.138889998,-0.137219995,-0.170189992,-0.16771999,-0.120749995
1015.950012,-0.0858,-0.130850002,-0.127530009,-0.170020014,-0.17493999,-0.124930002
1016.22998,-0.094960004,-0.137250006,-0.131860003,-0.178250015,-0.182450011,-0.130600005
1016.52002,-0.087760001,-0.1391,-0.136270002,-0.174139991,-0.184920013,-0.135810003
1016.799988,-0.098990001,-0.153180003,-0.142989993,-0.178920001,-0.192140013,-0.148529992
1017.090027,-0.095279999,-0.148310006,-0.130909994,-0.174480006,-0.180219993,-0.143109992
1017.369995,-0.100059994,-0.148100004,-0.136429995,-0.176439986,-0.19002001,-0.147870004
1017.659973,-0.105279997,-0.153669998,-0.148070008,-0.182709992,-0.198789999,-0.158989996
1017.940002,-0.116829999,-0.161149994,-0.160919994,-0.19253999,-0.203260005,-0.165279999
1018.22998,-0.111709997,-0.158339992,-0.162900016,-0.201200008,-0.201710001,-0.163320005
1018.51001,-0.122720003,-0.161669999,-0.162959993,-0.204510003,-0.196800008,-0.160119995
1018.799988,-0.117530003,-0.168990001,-0.171149999,-0.209950015,-0.200680003,-0.154430002
1019.080017,-0.122139998,-0.180249989,-0.178479999,-0.216879994,-0.211520001,-0.160739988
1019.369995,-0.127719998,-0.182169989,-0.180949986,-0.22507,-0.207070008,-0.157810003
1019.650024,-0.134420007,-0.185259998,-0.192110002,-0.231869996,-0.206320003,-0.163240001
1019.940002,-0.124519996,-0.185219988,-0.188299999,-0.234570011,-0.201439992,-0.158009991
1020.219971,-0.119790003,-0.187739998,-0.188880011,-0.227009997,-0.199379995,-0.156560004
1020.51001,-0.12455,-0.191389993,-0.19273001,-0.232539997,-0.206039995,-0.171979994
1020.789978,-0.129460007,-0.189339995,-0.194260001,-0.236520007,-0.210340008,-0.170910001
1021.080017,-0.133379996,-0.191609994,-0.204279989,-0.242099985,-0.215529993,-0.171819985
1021.359985,-0.127430007,-0.199360013,-0.210510001,-0.24278,-0.222080007,-0.178899989
1021.640015,-0.120480001,-0.196290001,-0.206889987,-0.243259996,-0.226909995,-0.17930001
1021.929993,-0.121720001,-0.194570005,-0.213159993,-0.24375999,-0.225590006,-0.180779994
1022.210022,-0.125970006,-0.190549999,-0.216389999,-0.250959992,-0.226249993,-0.188099995
1022.5,-0.119219996,-0.178819999,-0.213,-0.245350003,-0.222789988,-0.176679999
1022.780029,-0.112609997,-0.152950004,-0.196950004,-0.227259994,-0.202870011,-0.174830005
1023.070007,-0.112609997,-0.152950004,-0.196950004,-0.227259994,-0.202870011,-0.174830005
1023.349976,-0.112609997,-0.152950004,-0.196950004,-0.227259994,-0.202870011,-0.174830005