AUPE,0,0,0,0,0,0
WAC,0,0,0,0,0,0
G06,0,0,0,0,0,0
670,0,0,0,0,0,0
12,0,0,0,0,0,0
nm,0,0,0,0,0,0
Angular Dependence,0,0,0,0,0,0
Wavelengths,0,8,16,24,32,40
360.1499939,-0.150539994,-0.074840002,-0.124899998,-0.203749999,-0.199960008,-0.111940004
360.519989,-0.137830004,-0.085500002,-0.105420001,-0.181509987,-0.168119997,-0.097860001
360.8999939,-0.12427,-0.085349999,-0.101260006,-0.155709997,-0.160319999,-0.089429997
361.269989,-0.128809988,-0.09127,-0.114090003,-0.159329996,-0.169570014,-0.102980003
361.6499939,-0.148359999,-0.121029995,-0.131229997,-0.173490003,-0.213740006,-0.127900004
362.019989,-0.173339993,-0.134540007,-0.172280014,-0.182110012,-0.228619993,-0.14384
362.3999939,-0.146650001,-0.119919993,-0.152209997,-0.170919985,-0.203020006,-0.126589999
362.769989,-0.161760002,-0.12235,-0.169500008,-0.157759994,-0.187269986,-0.139929995
363.1499939,-0.17374,-0.127550006,-0.179240003,-0.169069991,-0.218449995,-0.154740006
363.519989,-0.146070004,-0.10616,-0.175890014,-0.163440004,-0.203910008,-0.135480002
363.8999939,-0.141099989,-0.111120008,-0.166590005,-0.162450016,-0.190180004,-0.12876001
364.269989,-0.123209998,-0.098809995,-0.155829996,-0.158909991,-0.175919995,-0.113760002
364.6400146,-0.098140001,-0.09268,-0.116130002,-0.127000004,-0.162409991,-0.083300002
365.019989,-0.117150001,-0.105299994,-0.133489996,-0.140000001,-0.169860005,-0.089879997
365.3900146,-0.077649996,-0.086610004,-0.117539994,-0.127910003,-0.156420007,-0.064910002
365.769989,-0.058419999,-0.066689998,-0.084759995,-0.09533,-0.119420007,-0.043909997
366.1400146,-0.08365,-0.082770005,-0.103479996,-0.11445,-0.131960005,-0.07141
366.519989,-0.073279999,-0.068499997,-0.095979996,-0.105920002,-0.117830001,-0.062700003
366.8900146,-0.076480001,-0.072849996,-0.09747,-0.110260002,-0.112559997,-0.063050002
367.2600098,-0.07683,-0.057119999,-0.092159994,-0.115480006,-0.104079999,-0.054850001
367.6400146,-0.067400001,-0.052059997,-0.072340004,-0.094219998,-0.091079995,-0.05446
368.0100098,-0.087720007,-0.047709998,-0.068439998,-0.10266,-0.100659996,-0.07034
368.3900146,-0.085139997,-0.039749999,-0.080430001,-0.111429997,-0.090340003,-0.066529997
368.7600098,-0.061490003,-0.020680001,-0.053369999,-0.081699997,-0.07237,-0.041929998
369.1300049,-0.07378,-0.048689999,-0.054180004,-0.091129996,-0.09347,-0.057039998
369.5100098,-0.070479997,-0.04002,-0.050329998,-0.076409996,-0.075089999,-0.060500003
369.8800049,-0.062760003,-0.03136,-0.039009999,-0.052649997,-0.06044,-0.056360003
370.25,-0.061519999,-0.031959999,-0.054390002,-0.059159998,-0.074560001,-0.067759998
370.6300049,-0.061220001,-0.047169998,-0.067680001,-0.058870003,-0.078560002,-0.063879997
371,-0.071819998,-0.062679999,-0.071779996,-0.066650003,-0.082650006,-0.076640002
371.3800049,-0.080499999,-0.074390002,-0.080150001,-0.07632,-0.091839999,-0.078210004
371.75,-0.074670002,-0.066030003,-0.076509997,-0.063349999,-0.070890002,-0.06498
372.1199951,-0.090970002,-0.078950003,-0.088459998,-0.069849998,-0.090270005,-0.075489998
372.5,-0.094960004,-0.091920003,-0.092399999,-0.084890001,-0.095039994,-0.075470001
372.8699951,-0.091320001,-0.083780006,-0.083889998,-0.083339997,-0.086369999,-0.062480003
373.2399902,-0.08946,-0.074200004,-0.06425,-0.067850001,-0.085819997,-0.052589998
373.6199951,-0.091829993,-0.077459998,-0.070459999,-0.081260003,-0.097550005,-0.051909998
373.9899902,-0.084960006,-0.06865,-0.065009996,-0.074220002,-0.093660004,-0.047499999
374.3599854,-0.082419999,-0.056360003,-0.063699998,-0.071329996,-0.094659999,-0.053550001
374.7399902,-0.077629998,-0.055859998,-0.060800001,-0.07237,-0.090829998,-0.041850001
375.1099854,-0.068810001,-0.048720002,-0.06605,-0.073020004,-0.086750001,-0.042550001
375.480011,-0.079800002,-0.054419998,-0.063419998,-0.077399999,-0.087990001,-0.050430004
375.8599854,-0.069059998,-0.047839999,-0.061950002,-0.078249998,-0.079470001,-0.046840001
376.230011,-0.056249999,-0.038720001,-0.050760001,-0.05776,-0.073399998,-0.043470003
376.6000061,-0.052600004,-0.03774,-0.044920001,-0.056550004,-0.064109996,-0.038599998
376.980011,-0.04634,-0.03286,-0.038520001,-0.057629999,-0.066249996,-0.029059999
377.3500061,-0.03472,-0.024879999,-0.036400001,-0.053639997,-0.056919999,-0.020550001
377.7200012,-0.033539999,-0.02331,-0.03112,-0.054790001,-0.062859997,-0.01969
378.1000061,-0.021029999,-0.02499,-0.034449998,-0.049660001,-0.05765,-0.0109
378.4700012,-0.027960001,-0.031539999,-0.03771,-0.0539,-0.060300004,-0.023329999
378.8399963,-0.02981,-0.03314,-0.042480003,-0.059039999,-0.05274,-0.023829998
379.2200012,-0.033989999,-0.03898,-0.044510003,-0.06123,-0.054609999,-0.032430001
379.5899963,-0.034279998,-0.04025,-0.047570001,-0.061069999,-0.05525,-0.036880001
379.9599915,-0.034510002,-0.040649999,-0.043340001,-0.054429997,-0.055399999,-0.040549997
380.3299866,-0.03596,-0.042890001,-0.044489998,-0.04645,-0.048769999,-0.041129999
380.7099915,-0.040310003,-0.04761,-0.04109,-0.05091,-0.053829998,-0.039310001
381.0799866,-0.044359997,-0.046550002,-0.044829998,-0.04919,-0.0557,-0.033119999
381.4500122,-0.044349998,-0.044569999,-0.036189999,-0.047199998,-0.059390001,-0.030689999
381.8299866,-0.04335,-0.044520002,-0.044210002,-0.053179998,-0.060989998,-0.0339
382.2000122,-0.033369999,-0.040059999,-0.041739997,-0.048520003,-0.050530002,-0.024330001
382.5700073,-0.041199997,-0.041110002,-0.040749997,-0.053920001,-0.05029,-0.025599999
382.9400024,-0.03779,-0.036170002,-0.041329999,-0.055130001,-0.048060004,-0.021140002
383.3200073,-0.033440001,-0.02565,-0.039700001,-0.04363,-0.045890003,-0.022869999
383.6900024,-0.02696,-0.027929999,-0.035319999,-0.042350002,-0.0396,-0.01864
384.0599976,-0.02527,-0.023949999,-0.036479998,-0.041469999,-0.03743,-0.01668
384.4299927,-0.020169999,-0.01733,-0.03345,-0.03365,-0.030239999,-0.0113
384.8099976,-0.026040001,-0.020299999,-0.03551,-0.038510002,-0.035209998,-0.02111
385.1799927,-0.023010001,-0.023729999,-0.036199998,-0.040799998,-0.041500002,-0.026300002
385.5499878,-0.024519999,-0.025629999,-0.03128,-0.042600002,-0.042210001,-0.032390002
385.9200134,-0.028469998,-0.0254,-0.0307,-0.048560001,-0.039419997,-0.036400001
386.2999878,-0.029159999,-0.02335,-0.033879999,-0.05026,-0.041069999,-0.040409997
386.6700134,-0.026800001,-0.02478,-0.03492,-0.045400001,-0.040089998,-0.041030001
387.0400085,-0.02957,-0.022539999,-0.034059998,-0.046750002,-0.040229999,-0.038940001
387.4100037,-0.032529999,-0.026219999,-0.033980001,-0.047789998,-0.04315,-0.037409998
387.7799988,-0.03105,-0.02733,-0.03351,-0.044520002,-0.037140001,-0.037620001
388.1600037,-0.029960001,-0.02636,-0.038320001,-0.04355,-0.036619999,-0.03878
388.5299988,-0.027899999,-0.02767,-0.038090002,-0.038550001,-0.035889998,-0.03551
388.8999939,-0.021640001,-0.01815,-0.03052,-0.03198,-0.03032,-0.030069999
389.269989,-0.02131,-0.015729999,-0.033160001,-0.032560002,-0.026900001,-0.02901
389.6499939,-0.018719999,-0.013940001,-0.02953,-0.02617,-0.02483,-0.02651
390.019989,-0.01743,-0.01064,-0.029990001,-0.02476,-0.02558,-0.026180001
390.3900146,-0.0126,-0.00474,-0.021879999,-0.021860002,-0.02389,-0.020299999
390.7600098,-0.014099999,-0.00449,-0.01701,-0.019789999,-0.021879999,-0.015869999
391.1300049,-0.01271,-0.0039,-0.01701,-0.02335,-0.01795,-0.015
391.5,-0.017890001,-0.009980001,-0.02056,-0.026600001,-0.02128,-0.01694
391.8800049,-0.020169999,-0.00955,-0.018139999,-0.026199998,-0.023940001,-0.018449999
392.25,-0.02252,-0.0137,-0.019160001,-0.032780003,-0.027209999,-0.02252
392.6199951,-0.020369999,-0.01222,-0.01403,-0.033750001,-0.022809999,-0.01685
392.9899902,-0.01935,-0.01212,-0.016210001,-0.031879999,-0.019750001,-0.0152
393.3599854,-0.016720001,-0.01035,-0.015240001,-0.029960001,-0.01969,-0.01314
393.730011,-0.02056,-0.0091,-0.0138,-0.030439999,-0.02578,-0.0147
394.1099854,-0.017829999,-0.01096,-0.01288,-0.027969999,-0.023050001,-0.01589
394.480011,-0.017419999,-0.01276,-0.012180001,-0.030650001,-0.026070001,-0.01541
394.8500061,-0.018449999,-0.01314,-0.01192,-0.026689999,-0.02372,-0.012259999
395.2200012,-0.013409999,-0.010290001,-0.01339,-0.017860001,-0.019340001,-0.01375
395.5899963,-0.015570001,-0.01119,-0.01646,-0.01798,-0.02049,-0.015360001
395.9599915,-0.01701,-0.01523,-0.021579999,-0.02221,-0.024719998,-0.01598
396.3299866,-0.01166,-0.01352,-0.019680001,-0.018550001,-0.020269999,-0.013040001
396.7099915,-0.010240001,-0.0118,-0.021910001,-0.01977,-0.019880001,-0.01156
397.0799866,-0.0086,-0.01204,-0.02063,-0.01574,-0.01627,-0.01145
397.4500122,-0.00448,-0.01125,-0.017309999,-0.01606,-0.01627,-0.01163
397.8200073,-0.00866,-0.01219,-0.01699,-0.021199999,-0.01946,-0.01143
398.1900024,-0.009959999,-0.01234,-0.015659999,-0.0229,-0.02141,-0.010299999
398.5599976,-0.01033,-0.01022,-0.01461,-0.02338,-0.01887,-0.01222
398.9299927,-0.012519999,-0.01398,-0.018789999,-0.025690001,-0.018819999,-0.012180001
399.2999878,-0.01555,-0.01476,-0.0175,-0.025039999,-0.017580001,-0.01328
399.6799927,-0.01411,-0.0117,-0.01685,-0.02441,-0.01501,-0.01059
400.0499878,-0.019099999,-0.012970001,-0.01905,-0.026389999,-0.01612,-0.012920001
400.4200134,-0.018480001,-0.01528,-0.0173,-0.025760001,-0.015219999,-0.0138
400.7900085,-0.01849,-0.01474,-0.018279999,-0.02431,-0.014680001,-0.01464
401.1600037,-0.019129999,-0.01602,-0.01815,-0.022609999,-0.016720001,-0.016239999
401.5299988,-0.01864,-0.012180001,-0.015659999,-0.01976,-0.014789999,-0.015
401.8999939,-0.018480001,-0.011829999,-0.01534,-0.020260001,-0.01819,-0.01302
402.269989,-0.01777,-0.01353,-0.016009999,-0.02108,-0.019199999,-0.01442
402.6400146,-0.01761,-0.012469999,-0.01812,-0.020710001,-0.020439999,-0.015310001
403.0100098,-0.01997,-0.01382,-0.0222,-0.020499999,-0.021960001,-0.01723
403.3800049,-0.017200001,-0.010720001,-0.019859999,-0.01888,-0.020710001,-0.015
403.75,-0.0146,-0.00811,-0.0184,-0.01682,-0.017239999,-0.012510001
404.1199951,-0.01242,-0.00921,-0.018170001,-0.017209999,-0.01946,-0.01417
404.5,-0.010299999,-0.00764,-0.017029999,-0.014830001,-0.01623,-0.01298
404.8699951,-0.011779999,-0.00642,-0.01722,-0.01312,-0.017659999,-0.01156
405.2399902,-0.00739,-0.00347,-0.014249999,-0.00995,-0.01546,-0.00931
405.6099854,-0.00672,-0.00093,-0.012,-0.0087,-0.01365,-0.00716
405.980011,-0.00598,-0.00145,-0.012259999,-0.011,-0.01407,-0.00627
406.3500061,-0.0075,-0.00325,-0.01205,-0.01222,-0.01592,-0.00461
406.7200012,-0.01171,-0.0058,-0.01411,-0.013739999,-0.017750001,-0.00678
407.0899963,-0.01181,-0.00405,-0.01202,-0.01248,-0.016619999,-0.00735
407.4599915,-0.01027,-0.00517,-0.01027,-0.01278,-0.01428,-0.00692
407.8299866,-0.01189,-0.00663,-0.00989,-0.01417,-0.01334,-0.00588
408.2000122,-0.00982,-0.00602,-0.01046,-0.01498,-0.01456,-0.00588
408.5700073,-0.00973,-0.00657,-0.0108,-0.01319,-0.01462,-0.00853
408.9400024,-0.00803,-0.00452,-0.00849,-0.01076,-0.013250001,-0.01047
409.3099976,-0.00704,-0.00339,-0.00701,-0.009190001,-0.01274,-0.00862
409.6799927,-0.00702,-0.00639,-0.00801,-0.01126,-0.01419,-0.008880001
410.0499878,-0.00642,-0.0054,-0.00774,-0.012180001,-0.01511,-0.008719999
410.4200134,-0.00628,-0.00681,-0.0093,-0.01293,-0.016170001,-0.0092
410.7900085,-0.00714,-0.00636,-0.00911,-0.01212,-0.015900001,-0.00944
411.1600037,-0.00836,-0.00699,-0.00989,-0.01321,-0.01609,-0.008719999
411.5299988,-0.00755,-0.00713,-0.01084,-0.01487,-0.01466,-0.00763
411.8999939,-0.00491,-0.00614,-0.010930001,-0.013689999,-0.01287,-0.00693
412.269989,-0.00565,-0.0055,-0.012510001,-0.013259999,-0.01324,-0.00781
412.6400146,-0.0087,-0.00532,-0.01348,-0.0126,-0.01337,-0.008880001
413.0100098,-0.0086,-0.004,-0.012560001,-0.011030001,-0.012180001,-0.0091
413.3800049,-0.00824,-0.0056,-0.01189,-0.01165,-0.01119,-0.00958
413.75,-0.00838,-0.00543,-0.011059999,-0.01084,-0.010299999,-0.00868
414.1199951,-0.01276,-0.00877,-0.01286,-0.012250001,-0.01318,-0.010089999
414.4899902,-0.012209999,-0.00858,-0.011870001,-0.010939999,-0.01265,-0.00971
414.8599854,-0.01179,-0.00715,-0.0101,-0.00932,-0.01204,-0.00944
415.230011,-0.01105,-0.00846,-0.011460001,-0.00987,-0.01161,-0.0097
415.6000061,-0.010670001,-0.00813,-0.00999,-0.00964,-0.010880001,-0.00908
415.9599915,-0.01054,-0.0077,-0.00911,-0.009380001,-0.011059999,-0.00778
416.3299866,-0.01118,-0.00769,-0.00984,-0.00997,-0.01306,-0.00909
416.7000122,-0.00688,-0.00418,-0.00718,-0.00762,-0.011109999,-0.00723
417.0700073,-0.00818,-0.00442,-0.00726,-0.01015,-0.01134,-0.00763
417.4400024,-0.00724,-0.00462,-0.00782,-0.01055,-0.01007,-0.00715
417.8099976,-0.00659,-0.00418,-0.0068,-0.01113,-0.00945,-0.00585
418.1799927,-0.00583,-0.0031,-0.0072,-0.01015,-0.00962,-0.00548
418.5499878,-0.00677,-0.00373,-0.00853,-0.010679999,-0.009509999,-0.00746
418.9200134,-0.00501,-0.00203,-0.00691,-0.0087,-0.0068,-0.00502
419.2900085,-0.0066,-0.00242,-0.00749,-0.008169999,-0.00576,-0.00429
419.6600037,-0.00756,-0.00135,-0.0073,-0.00677,-0.00613,-0.00325
420.0299988,-0.0091,-0.00226,-0.0072,-0.00726,-0.00739,-0.0035
420.3900146,-0.008669999,-0.0018,-0.00715,-0.00567,-0.00792,-0.00496
420.7600098,-0.0088,-0.00232,-0.00717,-0.00624,-0.00773,-0.00485
421.1300049,-0.00777,-0.00125,-0.00679,-0.00619,-0.007,-0.00351
421.5,-0.00895,-0.00228,-0.00721,-0.00703,-0.007929999,-0.0051
421.8699951,-0.00802,-0.00256,-0.00791,-0.00668,-0.00797,-0.00604
422.2399902,-0.00686,-0.00369,-0.00778,-0.00766,-0.00706,-0.00734
422.6099854,-0.00578,-0.00299,-0.00778,-0.00742,-0.00606,-0.00686
422.980011,-0.00531,-0.00413,-0.00714,-0.00711,-0.00583,-0.00591
423.3500061,-0.0063,-0.00456,-0.00747,-0.00765,-0.0065,-0.00573
423.7099915,-0.00639,-0.00457,-0.00681,-0.00672,-0.00685,-0.00485
424.0799866,-0.00526,-0.00417,-0.00641,-0.00617,-0.00579,-0.00444
424.4500122,-0.00585,-0.00455,-0.00578,-0.00683,-0.0064,-0.00407
424.8200073,-0.00631,-0.00474,-0.00631,-0.00623,-0.00633,-0.00395
425.1900024,-0.00637,-0.00507,-0.00612,-0.00671,-0.0058,-0.00462
425.5599976,-0.00625,-0.00445,-0.0055,-0.00726,-0.00486,-0.00473
425.9299927,-0.00604,-0.00458,-0.00565,-0.0072,-0.0056,-0.00577
426.2900085,-0.00569,-0.00468,-0.00514,-0.00678,-0.00524,-0.0064
426.6600037,-0.00596,-0.00531,-0.00542,-0.00682,-0.00574,-0.00626
427.0299988,-0.00551,-0.00494,-0.00482,-0.00658,-0.00545,-0.00612
427.3999939,-0.00431,-0.00412,-0.00371,-0.00625,-0.00586,-0.00575
427.769989,-0.00344,-0.00367,-0.00375,-0.00549,-0.00691,-0.00514
428.1400146,-0.0036,-0.00364,-0.00467,-0.00485,-0.00753,-0.00557
428.5,-0.00232,-0.00359,-0.00446,-0.00372,-0.00655,-0.00521
428.8699951,-0.00234,-0.00317,-0.0048,-0.0038,-0.00612,-0.00473
429.2399902,-0.00205,-0.00256,-0.00401,-0.00344,-0.00562,-0.00437
429.6099854,-0.00187,-0.00274,-0.00438,-0.0032,-0.00578,-0.00378
429.980011,-0.00261,-0.00242,-0.00453,-0.0025,-0.00462,-0.00326
430.3399963,-0.00278,0.00114,-0.00351,-0.00267,-0.00335,-0.00252
430.7099915,-0.00285,0.00188,-0.00362,-0.00273,-0.00282,-0.0016
431.0799866,-0.00371,0.00241,-0.00295,-0.0029,-0.00228,-0.00127
431.4500122,-0.00369,0.00173,-0.00275,-0.00284,-0.00251,-0.00144
431.8200073,-0.00442,0.0011,-0.00344,-0.00328,-0.00266,-0.00226
432.1799927,-0.00508,0.0015,-0.00344,-0.00341,-0.00287,-0.00298
432.5499878,-0.00455,0.00114,-0.00338,-0.0033,-0.00337,-0.00304
432.9200134,-0.0049,-0.00191,-0.00377,-0.0028,-0.00412,-0.00313
433.2900085,-0.00436,-0.00245,-0.00292,-0.0027,-0.00413,-0.00298
433.6499939,-0.0042,-0.00294,-0.00358,-0.00272,-0.00444,-0.00336
434.019989,-0.00419,-0.00254,-0.00357,-0.00277,-0.00464,-0.00322
434.3900146,-0.00328,-0.00181,-0.00314,-0.00243,-0.00459,-0.00244
434.7600098,-0.00313,-0.00159,-0.00355,-0.00227,-0.00432,-0.00295
435.1199951,-0.00329,-0.00137,-0.00349,-0.0028,-0.00471,-0.002
435.4899902,-0.00258,-0.0011,-0.00337,-0.00269,-0.00469,-0.00205
435.8599854,-0.00302,-0.00053,-0.00315,-0.00268,-0.00405,-0.00183
436.230011,-0.00353,-4.00E-05,-0.00294,-0.00339,-0.00414,-0.00189
436.5899963,-0.00364,5.00E-05,-0.00286,-0.00342,-0.0038,-0.00195
436.9599915,-0.00385,-0.00017,-0.00267,-0.00408,-0.00394,-0.00205
437.3299866,-0.00312,-0.00065,-0.00259,-0.00422,-0.00376,-0.00152
437.7000122,-0.00256,-0.00031,-0.00219,-0.00368,-0.00294,-0.00171
438.0599976,-0.00318,-0.00093,-0.00235,-0.0044,-0.00262,-0.00167
438.4299927,-0.00255,-0.00125,-0.00233,-0.00453,-0.00277,-0.00166
438.7999878,-0.00184,-0.00171,-0.00226,-0.00402,-0.00274,-0.00123
439.1600037,-0.00168,-0.00217,-0.00252,-0.00381,-0.00255,-0.00104
439.5299988,-0.00076,-0.00208,-0.00261,-0.00301,-0.00174,-0.00121
439.8999939,-0.00153,-0.00189,-0.00248,-0.00264,-0.00203,-0.00136
440.269989,-0.00245,-0.00246,-0.00297,-0.00275,-0.00193,-0.00255
440.6300049,-0.00213,-0.00228,-0.00316,-0.00234,-0.00231,-0.00261
441,-0.00245,-0.00203,-0.0034,-0.00206,-0.00248,-0.00286
441.3699951,-0.00244,-0.00219,-0.00296,-0.00237,-0.00245,-0.0028
441.730011,-0.00188,-0.00168,-0.00269,-0.00206,-0.00281,-0.00258
442.1000061,-0.00242,-0.00154,-0.00264,-0.00186,-0.00318,-0.00245
442.4700012,-0.00167,-0.00118,-0.00213,-0.00188,-0.00265,-0.00191
442.8299866,-0.00186,-0.00168,-0.00193,-0.00237,-0.00304,-0.00171
443.2000122,-0.00216,-0.00197,-0.00201,-0.00258,-0.00296,-0.00211
443.5700073,-0.00218,-0.00194,-0.00189,-0.0027,-0.00292,-0.0023
443.9299927,-0.00256,-0.0016,-0.0024,-0.00228,-0.00261,-0.00255
444.2999878,-0.00314,-0.00182,-0.00261,-0.00293,-0.00227,-0.00312
444.6700134,-0.00342,-0.00217,-0.00287,-0.00388,-0.00256,-0.00303
445.0299988,-0.00407,-0.00266,-0.00277,-0.00424,-0.0026,-0.00338
445.3999939,-0.0035,-0.00217,-0.00292,-0.00423,-0.00281,-0.00325
445.769989,-0.00309,-0.00143,-0.0025,-0.00378,-0.0025,-0.00281
446.1300049,-0.00267,-0.00146,-0.00254,-0.00374,-0.00255,-0.00262
446.5,-0.00226,-0.00132,-0.00228,-0.00373,-0.00244,-0.00238
446.8699951,-0.00228,-0.00166,-0.00228,-0.00359,-0.00288,-0.00201
447.230011,-0.00204,-0.00152,-0.00143,-0.00273,-0.00265,-0.00199
447.6000061,-0.00149,-0.00162,-0.00194,-0.00223,-0.00259,-0.0016
447.9599915,-0.00193,-0.00218,-0.00257,-0.00253,-0.00281,-0.00173
448.3299866,-0.00161,-0.00256,-0.00267,-0.0026,-0.00271,-0.00178
448.7000122,-0.00214,-0.00254,-0.00279,-0.00278,-0.00307,-0.0019
449.0599976,-0.00188,-0.00267,-0.00246,-0.00264,-0.00309,-0.0016
449.4299927,-0.00179,-0.00206,-0.00237,-0.00253,-0.00267,-0.00169
449.7900085,-0.00185,-0.00207,-0.00289,-0.00277,-0.00234,-0.00173
450.1600037,-0.00209,-0.00192,-0.0029,-0.00287,-0.00293,-0.00227
450.5299988,-0.00159,-0.00105,-0.00214,-0.00223,-0.00195,-0.00146
450.8900146,-0.0019,-0.00134,-0.00252,-0.00237,-0.00218,-0.00179
451.2600098,-0.00215,-0.00171,-0.00255,-0.0025,-0.00231,-0.00169
451.6199951,-0.00229,-0.00128,-0.0029,-0.00253,-0.00237,-0.00188
451.9899902,-0.0023,-0.00158,-0.00282,-0.0028,-0.00288,-0.00177
452.3599854,-0.00236,-0.00142,-0.00276,-0.0026,-0.00323,-0.00195
452.7200012,-0.00211,-0.00129,-0.00238,-0.00264,-0.00273,-0.00177
453.0899963,-0.00216,-0.00123,-0.00235,-0.0025,-0.00321,-0.00206
453.4500122,-0.00212,-0.00068,-0.00189,-0.00247,-0.00258,-0.00124
453.8200073,-0.00179,-0.00027,-0.00209,-0.00196,-0.00226,-0.00111
454.1799927,-0.00206,-0.00039,-0.00218,-0.00191,-0.00242,-0.00093
454.5499878,-0.00195,-3.00E-05,-0.00195,-0.00134,-0.00195,-0.00095
454.9200134,-0.002,6.00E-05,-0.00201,-0.00127,-0.00163,-0.00088
455.2799988,-0.00219,-3.00E-05,-0.0024,-0.00118,-0.00199,-0.00105
455.6499939,-0.0026,-0.00073,-0.00268,-0.00197,-0.00259,-0.00122
456.0100098,-0.00289,-0.00132,-0.0025,-0.00197,-0.00338,-0.00172
456.3800049,-0.00307,-0.00149,-0.00248,-0.00246,-0.00393,-0.00198
456.7399902,-0.00317,-0.00197,-0.00261,-0.00284,-0.00397,-0.00225
457.1099854,-0.00316,-0.00222,-0.00235,-0.0029,-0.00381,-0.00218
457.4700012,-0.00332,-0.0023,-0.00213,-0.00322,-0.00405,-0.00189
457.8399963,-0.00313,-0.00211,-0.00185,-0.00338,-0.00394,-0.00158
458.2000122,-0.00249,-0.00172,-0.00127,-0.00243,-0.00322,-0.00122
458.5700073,-0.00228,-0.00136,-0.00126,-0.00224,-0.00284,-0.00115
458.9299927,-0.00226,-0.00172,-0.00107,-0.00202,-0.00251,-0.00115
459.2999878,-0.00173,-0.00128,-0.00073,-0.00158,-0.00232,-0.00066
459.6600037,-0.00198,-0.00133,-0.00097,-0.0018,-0.00266,-0.00076
460.0299988,-0.00131,-0.00123,-0.0007,-0.00178,-0.00249,-0.00062
460.3900146,-0.00151,-0.00157,-0.00104,-0.00196,-0.00264,-0.00089
460.7600098,-0.00145,-0.00138,-0.00105,-0.0021,-0.00249,-0.00103
461.1199951,-0.00146,-0.00154,-0.00115,-0.00229,-0.00236,-0.00094
461.4899902,-0.00145,-0.00112,-0.0013,-0.00227,-0.0024,-0.0008
461.8500061,-0.00175,-0.00139,-0.00161,-0.00253,-0.00263,-0.00148
462.2200012,-0.00142,-0.00134,-0.00183,-0.00234,-0.0026,-0.00133
462.5799866,-0.00179,-0.00135,-0.00197,-0.00215,-0.00253,-0.00146
462.9500122,-0.00157,-0.00106,-0.00164,-0.00204,-0.00232,-0.00142
463.3099976,-0.00173,-0.0014,-0.00198,-0.00228,-0.00264,-0.00152
463.6799927,-0.00163,-0.00092,-0.00179,-0.00197,-0.00273,-0.00166
464.0400085,-0.00113,-0.00094,-0.00153,-0.00184,-0.00239,-0.00171
464.4100037,-0.00106,-0.00092,-0.00125,-0.0017,-0.00223,-0.00148
464.769989,-0.00094,-0.00066,-0.001,-0.00152,-0.00196,-0.00134
465.1300049,-0.00103,-0.00095,-0.00141,-0.00175,-0.00221,-0.00168
465.5,-0.00088,-0.00055,-0.00119,-0.0013,-0.00183,-0.00118
465.8599854,-0.00073,-0.00033,-0.00074,-0.00099,-0.00162,-0.00114
466.230011,-0.00076,-0.00071,-0.001,-0.00132,-0.00181,-0.00126
466.5899963,-0.00108,-0.00079,-0.00108,-0.0014,-0.00182,-0.00111
466.9599915,-0.00103,-0.00058,-0.00115,-0.00114,-0.00166,-0.00096
467.3200073,-0.00102,-0.00045,-0.00105,-0.0011,-0.0016,-0.00101
467.6799927,-0.00075,-1.00E-04,-0.00059,-0.00056,-0.00147,-0.00068
468.0499878,-0.00077,-0.00061,-0.00091,-0.0007,-0.00161,-0.00102
468.4100037,-0.00078,-0.00046,-0.00089,-0.00072,-0.00139,-0.00078
468.7799988,-0.00073,-0.00043,-0.00084,-0.0006,-0.00119,-0.00056
469.1400146,-0.0007,-0.00038,-0.00083,-0.00067,-0.00134,-0.0006
469.5,-0.00065,-0.00026,-0.00062,-0.00086,-0.00133,-0.00049
469.8699951,-0.0007,-0.00037,-0.00089,-0.001,-0.00144,-0.00069
470.230011,-0.00094,-0.00063,-0.00121,-0.0012,-0.00134,-0.00083
470.6000061,-0.00113,-0.00054,-0.00094,-0.00141,-0.00157,-0.00082
470.9599915,-0.00119,-0.00067,-0.00134,-0.00166,-0.00182,-0.00114
471.3200073,-0.00123,-0.00047,-0.00125,-0.00155,-0.0017,-0.00094
471.6900024,-0.00131,-0.00046,-0.00127,-0.00152,-0.00161,-0.00099
472.0499878,-0.00133,-0.00064,-0.00138,-0.00138,-0.00165,-0.00126
472.4200134,-0.00141,-0.00082,-0.00137,-0.00155,-0.00167,-0.00106
472.7799988,-0.00124,-0.00058,-0.00108,-0.00156,-0.00162,-0.00087
473.1400146,-0.00116,-0.00041,-0.0012,-0.0013,-0.00138,-0.00074
473.5100098,-0.00113,-0.00022,-0.00093,-0.00109,-0.00115,-0.00039
473.8699951,-0.00106,-0.00019,-0.00093,-0.00108,-0.00125,-0.00045
474.230011,-0.0009,-9.00E-05,-0.00087,-0.00105,-0.00102,-0.00045
474.6000061,-0.001,-0.00012,-0.00103,-0.00126,-0.00124,-0.00041
474.9599915,-0.00078,1.00E-04,-0.00091,-0.00096,-0.00102,-0.00042
475.3200073,-0.00075,-3.00E-05,-0.00105,-0.00094,-0.00101,-0.00052
475.6900024,-0.00069,-3.00E-05,-0.00092,-0.00104,-0.00102,-0.0005
476.0499878,-0.00056,-7.00E-05,-0.00093,-0.001,-0.00114,-0.00065
476.4100037,-0.00074,-0.00014,-0.00098,-0.00113,-0.0012,-0.00086
476.7799988,-0.00075,-1.00E-04,-0.0009,-0.00099,-0.00127,-0.00083
477.1400146,-0.00054,-3.00E-05,-0.00069,-0.00076,-0.00092,-0.00066
477.5,-0.0006,-1.00E-04,-0.00071,-0.00073,-0.00111,-0.00062
477.8699951,-0.00064,-4.00E-05,-0.00057,-0.00069,-0.00112,-0.00054
478.230011,-0.00071,-0.00026,-0.00068,-0.00078,-0.00113,-0.00062
478.5899963,-0.00074,-0.0002,-0.00059,-0.00073,-0.00105,-0.00054
478.9599915,-0.00062,-0.00037,-0.00065,-0.00055,-0.00101,-0.00036
479.3200073,-0.00054,-0.00048,-0.00064,-0.00059,-0.00095,-0.00028
479.6799927,-0.00076,-0.00063,-0.00078,-0.00081,-0.00104,-0.00046
480.0400085,-0.00087,-0.00062,-0.00078,-0.00094,-0.00092,-0.00056
480.4100037,-0.00092,-0.00066,-0.00091,-0.00106,-0.00106,-0.00069
480.769989,-0.00071,-0.00043,-0.00087,-0.00102,-0.00105,-0.00068
481.1300049,-0.00072,-0.00049,-0.00091,-0.00099,-0.00111,-0.00061
481.5,-0.00078,-0.00046,-0.00086,-0.00107,-0.00111,-0.00073
481.8599854,-0.00075,-0.00039,-0.0009,-0.00107,-0.00121,-0.00075
482.2200012,-0.00064,-0.00022,-0.00082,-0.00094,-0.0011,-0.00069
482.5799866,-0.00049,-0.00022,-0.00069,-0.00081,-0.00101,-0.00056
482.9500122,-0.00039,-0.00025,-0.0007,-0.00061,-0.00085,-0.00044
483.3099976,-0.00051,-0.00028,-0.00061,-0.00048,-0.0007,-0.00033
483.6700134,-0.00055,-0.00039,-0.00067,-0.00048,-0.0007,-0.00036
484.0299988,-0.00049,-0.0002,-0.00062,-0.00042,-0.00061,-0.00031
484.3999939,-0.00043,-0.00018,-0.00043,-0.00032,-0.00054,-0.00019
484.7600098,-0.00035,-0.00019,-0.00035,-0.00026,-0.00059,-7.00E-05
485.1199951,-0.00048,-0.00019,-0.00047,-0.00039,-0.00073,-0.00013
485.480011,-0.00041,-0.00018,-0.00044,-0.00053,-0.00081,-0.00018
485.8500061,-0.00031,-0.00016,-0.00053,-0.00054,-0.00084,-0.00022
486.2099915,-0.00026,-5.00E-05,-0.00042,-0.00055,-0.00085,-0.00025
486.5700073,-0.00012,1.00E-05,-0.00026,-0.00036,-0.00068,-0.00011
486.9299927,-0.00027,-8.00E-05,-0.00044,-0.00041,-0.00066,-0.00029
487.2900085,-0.00032,-0.00011,-0.00049,-0.00049,-0.00066,-0.00038
487.6600037,-0.00023,-0.00022,-0.00049,-0.00045,-0.00066,-0.00042
488.019989,-0.0004,-0.00029,-0.00054,-0.00046,-0.00066,-0.00045
488.3800049,-0.00048,-0.00034,-0.00047,-0.00054,-0.00064,-0.00045
488.7399902,-0.00055,-0.00044,-0.00057,-0.00055,-0.00069,-0.00048
489.1000061,-0.00062,-0.00052,-0.00068,-0.00071,-0.00076,-0.00054
489.4700012,-0.00058,-0.00045,-0.00063,-0.00068,-0.00079,-0.00047
489.8299866,-0.00049,-0.00033,-0.00053,-0.00055,-0.00066,-0.00037
490.1900024,-0.00058,-0.00031,-0.00055,-0.00054,-0.00067,-0.00039
490.5499878,-0.00055,-0.00026,-0.00049,-0.00055,-0.00068,-0.00043
490.9100037,-0.00044,-0.00026,-0.00047,-0.00043,-0.00071,-0.00039
491.269989,-0.00035,-0.00022,-0.00037,-0.00038,-0.00065,-0.00031
491.6400146,-0.00042,-0.00029,-0.00037,-0.00046,-0.00071,-0.00035
492,-0.00039,-0.00025,-0.00032,-0.00049,-0.00068,-0.00034
492.3599854,-0.00051,-0.00041,-0.00045,-0.00061,-0.00081,-0.00048
492.7200012,-0.00059,-0.00042,-0.00046,-0.00058,-0.00087,-0.00048
493.0799866,-0.00051,-0.0004,-0.00043,-0.00052,-0.00081,-0.00032
493.4400024,-0.00057,-0.00032,-0.00038,-0.00057,-0.0008,-0.00044
493.8099976,-0.00056,-0.0003,-0.00038,-0.0006,-0.00072,-0.00054
494.1700134,-0.00063,-0.00036,-0.00045,-0.00056,-0.00075,-0.00059
494.5299988,-0.00064,-0.00037,-0.00048,-0.00055,-0.0007,-0.00054
494.8900146,-0.00057,-0.00031,-0.00043,-0.0005,-0.00062,-0.00042
495.25,-0.00049,-0.00025,-0.00034,-0.00057,-0.00062,-0.00037
495.6099854,-0.00048,-0.00019,-0.00029,-0.00045,-0.00057,-0.00038
495.9700012,-0.00056,-0.00033,-0.00042,-0.00054,-0.00063,-0.00038
496.3299866,-0.00053,-0.00034,-0.00052,-0.00061,-0.00063,-0.00032
496.7000122,-0.0005,-0.00027,-0.00047,-0.00066,-0.00064,-0.0003
497.0599976,-0.00044,-0.00027,-0.00048,-0.00057,-0.00063,-0.0003
497.4200134,-0.00042,-0.00027,-0.00036,-0.00047,-0.00065,-0.00029
497.7799988,-0.00039,-0.0002,-0.00025,-0.00035,-0.00042,-0.00026
498.1400146,-0.00033,-0.00019,-0.00025,-0.00035,-0.00035,-0.00023
498.5,-0.0003,-0.00011,-0.00016,-0.00023,-0.00026,-0.00012
498.8599854,-0.0004,-0.00017,-0.00024,-0.00022,-0.00038,-0.00025
499.2200012,-0.00036,-0.00012,-0.00017,-1.00E-04,-0.0003,-0.00011
499.5799866,-0.00037,-0.00012,-0.00014,-0.00016,-0.00034,-0.00014
499.9400024,-0.00034,-3.00E-05,-0.00024,-0.00015,-0.00033,-0.00011
500.2999878,-0.00032,4.00E-05,-0.0003,-0.00018,-0.00046,-7.00E-05
500.6700134,-0.00031,7.00E-05,-0.0003,-0.00028,-0.00046,-2.00E-05
501.0299988,-0.00029,9.00E-05,-0.00032,-0.00039,-0.00052,-8.00E-05
501.3900146,-0.00023,0.00011,-0.00021,-0.00035,-0.00048,-2.00E-05
501.75,-0.00026,6.00E-05,-0.00022,-0.00042,-0.00051,-0.00011
502.1099854,-0.00041,-3.00E-05,-0.00022,-0.0004,-0.00053,-0.00011
502.4700012,-0.00033,-8.00E-05,-0.00019,-0.00044,-0.00055,-8.00E-05
502.8299866,-0.0003,-0.00018,-0.00021,-0.00042,-0.0005,-0.00014
503.1900024,-0.00039,-0.00017,-0.00028,-0.00044,-0.00053,-0.00025
503.5499878,-0.00043,-0.00023,-0.00026,-0.00044,-0.00051,-0.00025
503.9100037,-0.00038,-0.00011,-0.00022,-0.00043,-0.00039,-0.00028
504.269989,-0.00034,-0.00014,-0.00023,-0.0004,-0.00041,-0.00026
504.6300049,-0.00023,-0.0002,-0.00028,-0.00049,-0.00047,-0.00029
504.9899902,-0.00039,-0.00025,-0.00035,-0.00057,-0.00047,-0.0004
505.3500061,-0.00042,-0.00024,-0.00034,-0.00057,-0.00048,-0.00042
505.7099915,-0.0004,-0.00034,-0.00031,-0.00055,-0.00059,-0.0004
506.0700073,-0.00039,-0.00037,-0.00042,-0.0005,-0.00069,-0.00044
506.4299927,-0.00049,-0.00044,-0.00054,-0.0005,-0.0008,-0.00042
506.7900085,-0.00048,-0.0004,-0.00053,-0.00042,-0.00077,-0.00035
507.1499939,-0.00044,-0.00027,-0.00048,-0.00026,-0.00063,-0.00026
507.5100098,-0.00036,-0.00024,-0.00037,-0.00022,-0.00057,-0.00021
507.8699951,-0.00042,-0.00023,-0.00042,-0.00023,-0.00053,-0.00013
508.230011,-0.00034,-0.00011,-0.00033,-0.00011,-0.00039,-4.00E-05
508.5899963,-0.00028,-9.00E-05,-0.00023,-9.00E-05,-0.00026,6.00E-05
508.9500122,-0.00026,-6.00E-05,-9.00E-05,-1.00E-04,-0.00024,1.00E-04
509.3099976,-0.00024,-5.00E-05,-7.00E-05,-0.00016,-0.00016,4.00E-05
509.6700134,-0.00031,-9.00E-05,-0.00014,-0.00029,-0.00029,-7.00E-05
510.0299988,-0.00038,-0.00018,-0.00025,-0.00042,-0.00043,-0.00016
510.3900146,-0.00029,-0.00015,-0.00017,-0.00041,-0.00039,-0.00016
510.75,-0.00034,-0.00028,-0.0002,-0.00042,-0.00038,-0.00024
511.1099854,-0.00037,-0.00024,-0.00027,-0.00049,-0.00047,-0.00035
511.4700012,-0.00034,-0.00025,-0.00029,-0.0004,-0.00039,-0.00037
511.8299866,-0.0004,-0.0003,-0.00038,-0.00045,-0.00051,-0.00045
512.1900024,-0.00034,-0.00029,-0.00031,-0.00039,-0.00046,-0.00041
512.5499878,-0.00036,-0.00021,-0.00021,-0.00025,-0.00039,-0.00035
512.9099731,-0.00034,-0.0003,-0.00022,-0.00029,-0.00044,-0.00044
513.2700195,-0.00044,-0.00027,-0.00028,-0.00036,-0.00052,-0.00043
513.6199951,-0.00043,-0.00023,-0.00027,-0.00024,-0.0004,-0.00033
513.9799805,-0.00048,-0.00031,-0.00039,-0.00028,-0.00048,-0.00034
514.3400269,-0.00044,-0.00032,-0.00032,-0.00027,-0.00048,-0.00029
514.7000122,-0.00046,-0.00032,-0.00033,-0.0003,-0.0005,-0.00026
515.0599976,-0.00042,-0.00039,-0.0004,-0.00034,-0.00052,-0.00026
515.4199829,-0.00045,-0.00032,-0.00041,-0.00028,-0.00047,-0.00021
515.7800293,-0.00035,-0.00034,-0.00046,-0.00033,-0.00049,-0.00028
516.1400146,-0.00036,-0.00035,-0.00043,-0.00032,-0.00058,-0.00038
516.5,-0.00025,-0.00027,-0.00035,-0.00033,-0.00051,-0.00035
516.8599854,-0.00022,-0.00019,-0.00024,-0.00027,-0.00038,-0.0003
517.2199707,-0.00023,-0.00024,-0.00023,-0.00028,-0.00032,-0.00037
517.5700073,-0.00019,-0.00025,-0.0002,-0.00029,-0.00034,-0.00036
517.9299927,-0.00025,-0.00023,-0.0002,-0.00028,-0.00035,-0.00039
518.289978,-0.0003,-0.00021,-0.00012,-0.00024,-0.00027,-0.00032
518.6500244,-0.00029,-0.00028,-0.00013,-0.00035,-0.00026,-0.00025
519.0100098,-0.00033,-0.00034,-0.00018,-0.00033,-0.00036,-0.00027
519.3699951,-0.00035,-0.00036,-0.0003,-0.00032,-0.0005,-0.00031
519.7299805,-0.00031,-0.00028,-0.00021,-0.00027,-0.00045,-0.00018
520.0800171,-0.00025,-0.00015,-0.00021,-0.00016,-0.00037,-1.00E-04
520.4400024,-0.00022,-0.00026,-0.00021,-0.0002,-0.00043,-0.00012
520.7999878,-0.00022,-0.00025,-0.00021,-0.00023,-0.00049,-0.00014
521.1599731,-0.0002,-0.00021,-0.00017,-0.0002,-0.00047,-0.00012
521.5200195,-0.0002,-0.00021,-0.00013,-0.00026,-0.00041,-0.00017
521.8800049,-0.00023,-0.00025,-0.00015,-0.0003,-0.00038,-0.0002
522.2399902,-0.00019,-0.00023,-0.00022,-0.00032,-0.00041,-0.00026
522.5900269,-0.00022,-0.00025,-0.00021,-0.00038,-0.00048,-0.00034
522.9500122,-0.00021,-0.0002,-0.00025,-0.0003,-0.00043,-0.00035
523.3099976,-0.00021,-0.00019,-0.00025,-0.00028,-0.0004,-0.00036
523.6699829,-0.00023,-0.00019,-0.00029,-0.00025,-0.00037,-0.00037
524.0300293,-0.00021,-0.00013,-0.00026,-0.00022,-0.00035,-0.00029
524.3800049,-0.00022,-0.00015,-0.00023,-0.00026,-0.00036,-0.00032
524.7399902,-0.00025,-0.00017,-0.00019,-0.00023,-0.00035,-0.00036
525.0999756,-0.00027,-0.0002,-0.00024,-0.00022,-0.00031,-0.00038
525.460022,-0.0003,-0.00018,-0.00025,-0.00024,-0.00032,-0.0003
525.8200073,-0.00023,-0.00018,-0.00026,-0.00023,-0.00033,-0.00029
526.1699829,-0.00022,-0.00019,-0.00026,-0.00024,-0.00036,-0.0003
526.5300293,-0.00024,-0.00018,-0.00025,-0.00024,-0.00032,-0.00027
526.8900146,-0.00014,-4.00E-05,-0.00025,-0.00015,-0.00022,-0.00014
527.25,-0.00024,-7.00E-05,-0.00033,-0.00022,-0.0003,-0.00019
527.6099854,-0.00026,-1.00E-04,-0.00035,-0.00022,-0.00032,-0.00019
527.960022,-0.00025,-6.00E-05,-0.0003,-0.00023,-0.00033,-0.00021
528.3200073,-0.00033,-0.00013,-0.00032,-0.00023,-0.00033,-0.0003
528.6799927,-0.00037,-0.00012,-0.00028,-0.00022,-0.00032,-0.00033
529.039978,-0.00037,-0.00012,-0.00029,-0.00019,-0.00032,-0.00038
529.3900146,-0.0004,-0.00019,-0.00022,-0.00018,-0.0003,-0.00038
529.75,-0.00034,-0.00015,-0.00018,-0.00012,-0.00021,-0.00031
530.1099854,-0.0003,-0.00011,-1.00E-04,-8.00E-05,-0.00019,-0.00025
530.4699707,-0.00035,-0.00024,-0.0002,-0.00018,-0.00025,-0.00032
530.8200073,-0.0003,-0.00015,-0.00016,-0.0002,-0.00023,-0.00023
531.1799927,-0.00023,-8.00E-05,-0.00012,-0.00015,-0.00021,-0.00015
531.539978,-0.00019,-1.00E-04,-0.00012,-0.00015,-0.00023,-0.00017
531.9000244,-0.00022,-1.00E-04,-0.00018,-0.00017,-0.00027,-0.00022
532.25,-0.00015,-4.00E-05,-0.00014,-0.00011,-0.00027,-0.00012
532.6099854,-0.00019,-5.00E-05,-0.00019,-0.00016,-0.00026,-0.00015
532.9699707,-0.00011,1.00E-05,-8.00E-05,-0.00012,-0.00023,-0.00011
533.3200073,-7.00E-05,2.00E-05,-4.00E-05,-7.00E-05,-0.00019,-7.00E-05
533.6799927,-0.00015,-2.00E-05,-0.00011,-0.00012,-0.0002,-1.00E-04
534.039978,-0.00021,-1.00E-05,-0.00013,-1.00E-04,-0.00022,-1.00E-04
534.4000244,-0.00019,-1.00E-04,-0.00015,-0.00014,-0.00023,-0.00012
534.75,-0.00026,-0.00017,-0.0002,-0.00025,-0.00025,-0.00021
535.1099854,-0.00021,-0.00016,-0.00017,-0.00022,-0.00029,-0.00019
535.4699707,-0.00024,-0.00016,-0.00023,-0.00019,-0.00027,-0.00016
535.8200073,-0.00025,-0.00013,-0.00022,-0.00022,-0.00023,-0.00018
536.1799927,-0.00028,-0.00012,-0.00024,-0.00025,-0.00022,-0.00016
536.539978,-0.00026,-0.00014,-0.00023,-0.0003,-0.00026,-0.00016
536.8900146,-0.00025,-0.00011,-0.00021,-0.00028,-0.0003,-0.00018
537.25,-0.00023,-7.00E-05,-0.00025,-0.00023,-0.00029,-0.00018
537.6099854,-0.00025,-5.00E-05,-0.00025,-0.00022,-0.00022,-0.00019
537.960022,-0.00025,-4.00E-05,-0.00023,-0.00022,-0.00019,-0.00016
538.3200073,-0.00027,-6.00E-05,-0.00031,-0.00022,-0.0003,-0.00016
538.6799927,-0.00023,-8.00E-05,-0.00026,-0.00022,-0.00036,-0.00018
539.0300293,-0.00021,-6.00E-05,-0.00026,-0.00015,-0.00031,-0.00018
539.3900146,-0.00028,-7.00E-05,-0.00029,-0.00012,-0.00026,-0.00014
539.75,-0.00027,-1.00E-04,-0.00026,-0.00011,-0.00025,-0.00013
540.0999756,-0.00027,-0.00014,-0.00026,-0.00013,-0.00029,-0.00014
540.460022,-0.00026,-0.00012,-0.00025,-0.00011,-0.00029,-0.00016
540.8099976,-0.00027,-0.00018,-0.00021,-1.00E-04,-0.00027,-0.00023
541.1699829,-0.00019,-0.00015,-0.00019,-7.00E-05,-0.00018,-0.00017
541.5300293,-0.00026,-0.00014,-0.00025,-0.00014,-0.00024,-0.00018
541.8800049,-0.00022,-9.00E-05,-0.00023,-0.00018,-0.00026,-0.00018
542.2399902,-0.00023,-5.00E-05,-0.00016,-0.00012,-0.00027,-0.00018
542.5900269,-0.00032,-4.00E-05,-0.00017,-0.00012,-0.00027,-0.00019
542.9500122,-0.00033,-8.00E-05,-0.00024,-0.0002,-0.00031,-0.00023
543.3099976,-0.00032,-7.00E-05,-0.00028,-0.00018,-0.00033,-0.00019
543.6599731,-0.00033,-1.00E-04,-0.0003,-0.00019,-0.00035,-0.00021
544.0200195,-0.00026,-8.00E-05,-0.00024,-0.00015,-0.00025,-0.00016
544.3699951,-0.00027,-7.00E-05,-0.00023,-0.00011,-0.00027,-0.00014
544.7299805,-0.0003,-0.00013,-0.00032,-0.00022,-0.00031,-0.00018
545.0900269,-0.00024,-0.00018,-0.00033,-0.00019,-0.00029,-0.0002
545.4400024,-0.00019,-0.00013,-0.00022,-0.00015,-0.00025,-0.00015
545.7999878,-0.00023,-0.00018,-0.00024,-0.00022,-0.00024,-0.00019
546.1500244,-0.00026,-0.00013,-0.00021,-0.00022,-0.00022,-0.00021
546.5100098,-0.00021,-0.00012,-0.00015,-0.00019,-0.00021,-0.00019
546.8599854,-0.00021,-0.00015,-0.00018,-0.0002,-0.00013,-0.00021
547.2199707,-0.00021,-0.00016,-0.00019,-0.00021,-0.00014,-0.00021
547.5800171,-0.00018,-0.00016,-0.00013,-0.00021,-0.00012,-0.00016
547.9299927,-0.00024,-0.00019,-0.00017,-0.00019,-0.00013,-0.0002
548.289978,-0.00021,-0.00012,-0.00016,-1.00E-04,-6.00E-05,-0.00014
548.6400146,-0.00017,-0.00017,-0.00018,-7.00E-05,-5.00E-05,-0.00012
549,-0.0002,-0.00022,-0.00023,-0.00016,-8.00E-05,-0.00017
549.3499756,-0.0002,-0.00023,-0.0002,-0.00014,-1.00E-04,-0.0002
549.710022,-0.00015,-0.00018,-0.00014,-7.00E-05,-1.00E-05,-0.0002
550.0599976,-0.00017,-0.00015,-0.00018,-9.00E-05,-1.00E-05,-0.00023
550.4199829,-0.00013,-0.00014,-0.00017,-0.00011,-1.00E-05,-0.00026
550.7700195,-0.00011,-0.00015,-0.00015,-0.00018,-5.00E-05,-0.00026
551.1300049,-0.00014,-0.00016,-0.00014,-0.0002,-1.00E-04,-0.00031
551.4799805,-0.00025,-0.0002,-0.00016,-0.00021,-1.00E-04,-0.00035
551.8400269,-0.00017,-0.00013,-8.00E-05,-0.0002,-6.00E-05,-0.00029
552.1900024,-0.00022,-0.00015,-6.00E-05,-0.00023,-1.00E-04,-0.00022
552.5499878,-0.00025,-0.00015,-9.00E-05,-0.00023,-0.00016,-0.00021
552.9000244,-0.00022,-0.00012,-0.00012,-0.0002,-0.00012,-0.00012
553.2600098,-0.00021,-0.00013,-0.00013,-0.00016,-0.00015,-9.00E-05
553.6099854,-0.00021,-8.00E-05,-0.00014,-0.00015,-0.00013,-6.00E-05
553.9699707,-0.00013,-4.00E-05,-0.00014,-9.00E-05,-0.00016,-1.00E-05
554.3200073,-0.00018,-6.00E-05,-0.00019,-0.00013,-0.00019,1.00E-05
554.6799927,-0.00017,-2.00E-05,-0.00019,-0.00013,-0.00017,0
555.0300293,-1.00E-04,7.00E-05,-0.00016,-0.00011,-0.00016,1.00E-05
555.3900146,-1.00E-04,9.00E-05,-0.00012,-1.00E-04,-0.00014,-2.00E-05
555.7399902,-0.00016,8.00E-05,-0.00012,-0.00011,-0.00011,-9.00E-05
556.0999756,-0.00017,9.00E-05,-0.00012,-9.00E-05,-6.00E-05,-6.00E-05
556.4500122,-0.00019,8.00E-05,-0.00013,-0.00013,-7.00E-05,-7.00E-05
556.7999878,-0.00017,4.00E-05,-0.00017,-0.00013,-9.00E-05,-0.00012
557.1599731,-0.0002,2.00E-05,-0.00027,-0.00022,-0.00018,-0.00023
557.5100098,-0.00021,-7.00E-05,-0.00029,-0.00024,-0.00014,-0.00022
557.8699951,-0.00021,-7.00E-05,-0.00024,-0.00021,-0.00016,-0.00016
558.2199707,-0.00015,-5.00E-05,-0.00021,-0.00012,-0.00011,-0.00017
558.5800171,-0.00014,-5.00E-05,-0.00018,-0.00013,-0.00016,-0.00022
558.9299927,-0.00013,-2.00E-05,-0.00017,-1.00E-04,-0.00017,-0.0002
559.2800293,-0.00013,4.00E-05,-0.00011,-2.00E-05,-0.00011,-0.00014
559.6400146,-6.00E-05,4.00E-05,-4.00E-05,1.00E-04,0,-4.00E-05
559.9899902,-9.00E-05,4.00E-05,1.00E-05,9.00E-05,-4.00E-05,-6.00E-05
560.3499756,-9.00E-05,4.00E-05,0,6.00E-05,-6.00E-05,-9.00E-05
560.7000122,-0.00013,8.00E-05,-2.00E-05,-2.00E-05,-0.00013,-4.00E-05
561.0499878,-0.00014,7.00E-05,-4.00E-05,-3.00E-05,-0.00015,3.00E-05
561.4099731,-8.00E-05,8.00E-05,-2.00E-05,-2.00E-05,-0.00013,5.00E-05
561.7600098,-0.00012,4.00E-05,-6.00E-05,-5.00E-05,-0.00022,2.00E-05
562.1199951,-0.00014,2.00E-05,-0.00012,-0.00012,-0.00027,-4.00E-05
562.4699707,-0.00012,5.00E-05,-0.00013,-6.00E-05,-0.00028,0
562.8200073,-0.00013,6.00E-05,-0.00016,-5.00E-05,-0.00027,5.00E-05
563.1799927,-1.00E-04,4.00E-05,-0.00011,-3.00E-05,-0.0002,7.00E-05
563.5300293,-5.00E-05,3.00E-05,-1.00E-04,-1.00E-05,-0.00019,5.00E-05
563.8800049,-9.00E-05,1.00E-05,-0.00013,-2.00E-05,-0.00022,-1.00E-05
564.2399902,-1.00E-04,-3.00E-05,-0.00012,-9.00E-05,-0.00024,-7.00E-05
564.5900269,-1.00E-04,-4.00E-05,-7.00E-05,-8.00E-05,-0.00022,-4.00E-05
564.9500122,-0.00014,-0.00011,-0.00012,-0.00014,-0.00025,-7.00E-05
565.2999878,-0.00017,-0.00017,-0.00011,-0.00017,-0.00028,-0.00017
565.6500244,-0.00011,-0.00015,-1.00E-04,-0.00017,-0.00029,-0.00016
566.0100098,-0.00016,-0.00021,-7.00E-05,-0.00017,-0.00027,-0.0002
566.3599854,-0.00015,-0.00017,-5.00E-05,-0.00016,-0.00024,-0.00013
566.710022,-1.00E-04,-0.00012,-2.00E-05,-8.00E-05,-0.00018,-7.00E-05
567.0700073,-8.00E-05,-1.00E-04,-5.00E-05,-5.00E-05,-0.00019,-1.00E-04
567.4199829,-7.00E-05,-3.00E-05,1.00E-05,-2.00E-05,-0.00018,-8.00E-05
567.7700195,-5.00E-05,-2.00E-05,-3.00E-05,0,-0.00022,-5.00E-05
568.1300049,-0.00015,-5.00E-05,-0.00013,-4.00E-05,-0.00023,-0.00013
568.4799805,-0.00013,-1.00E-05,-0.00013,-4.00E-05,-0.00028,-0.00012
568.8300171,-1.00E-04,-3.00E-05,-0.00011,-2.00E-05,-0.00023,-0.00013
569.1799927,-0.00014,-4.00E-05,-0.00018,-2.00E-05,-0.00026,-0.00014
569.539978,-0.00015,-5.00E-05,-9.00E-05,-3.00E-05,-0.00025,-0.00011
569.8900146,-0.00016,-5.00E-05,-0.00014,-2.00E-05,-0.00022,-9.00E-05
570.2399902,-0.00012,-5.00E-05,-6.00E-05,0,-0.00016,-4.00E-05
570.5999756,-6.00E-05,-3.00E-05,-2.00E-05,2.00E-05,-0.00014,0
570.9500122,-1.00E-04,-6.00E-05,-5.00E-05,-2.00E-05,-0.00015,-2.00E-05
571.2999878,-9.00E-05,-4.00E-05,-4.00E-05,0,-0.00014,-2.00E-05
571.6500244,-7.00E-05,-4.00E-05,-1.00E-05,-2.00E-05,-0.00011,-1.00E-05
572.0100098,-1.00E-04,-7.00E-05,-7.00E-05,-1.00E-05,-0.00013,-6.00E-05
572.3599854,-0.00011,-0.00012,-8.00E-05,-6.00E-05,-0.00018,-0.00012
572.710022,-1.00E-04,-0.00011,-0.00012,-8.00E-05,-0.00017,-0.00016
573.0599976,-9.00E-05,-8.00E-05,-1.00E-04,-8.00E-05,-0.00019,-0.00012
573.4199829,-0.00011,-6.00E-05,-0.00015,-6.00E-05,-0.00019,-0.00013
573.7700195,-0.00014,-6.00E-05,-0.00016,-5.00E-05,-0.00018,-0.00014
574.1199951,-0.00015,-8.00E-05,-0.00015,-8.00E-05,-0.0002,-0.00019
574.4699707,-0.00012,-6.00E-05,-0.00011,-1.00E-04,-0.00019,-0.00015
574.8300171,-6.00E-05,-3.00E-05,-1.00E-04,-8.00E-05,-0.00015,-9.00E-05
575.1799927,-0.0002,-9.00E-05,-0.00016,-0.00016,-0.00025,-0.00017
575.5300293,-0.00024,-0.00015,-0.00019,-0.00019,-0.00026,-0.00021
575.8800049,-0.00025,-0.00019,-0.00016,-0.00022,-0.00028,-0.00021
576.2399902,-0.00025,-0.00021,-0.00017,-0.00029,-0.00033,-0.00023
576.5900269,-0.00022,-0.00022,-0.00023,-0.00028,-0.00033,-0.00021
576.9400024,-0.0002,-0.00018,-0.00023,-0.00023,-0.00033,-0.00018
577.289978,-0.00027,-0.0002,-0.00026,-0.00025,-0.00035,-0.00022
577.6400146,-0.0002,-0.00018,-0.00027,-0.00021,-0.00029,-0.00019
578,-0.0002,-0.00018,-0.00026,-0.00023,-0.0003,-0.00022
578.3499756,-0.00015,-1.00E-04,-0.00022,-0.0002,-0.00024,-0.00021
578.7000122,-0.00015,-1.00E-04,-0.00022,-0.00019,-0.00024,-0.00017
579.0499878,-0.00017,-4.00E-05,-0.0002,-0.00014,-0.00023,-0.00012
579.4000244,-0.00018,-1.00E-05,-0.00022,-0.00017,-0.00024,-0.00012
579.7600098,-0.00014,3.00E-05,-0.00018,-0.00014,-0.00021,-9.00E-05
580.1099854,-1.00E-04,5.00E-05,-0.00015,-0.00012,-0.00022,-8.00E-05
580.460022,-2.00E-05,9.00E-05,-0.00014,-5.00E-05,-0.00019,-2.00E-05
580.8099976,0,8.00E-05,-0.00014,0,-0.0002,2.00E-05
581.1599731,6.00E-05,9.00E-05,-0.00013,0,-0.0002,0
581.5100098,2.00E-05,6.00E-05,-0.00012,-3.00E-05,-0.00019,-4.00E-05
581.8699951,6.00E-05,1.00E-05,-0.00013,-3.00E-05,-0.0002,-7.00E-05
582.2199707,5.00E-05,-1.00E-05,-0.00014,-3.00E-05,-0.00021,-5.00E-05
582.5700073,2.00E-05,-2.00E-05,-0.00013,0,-0.00016,-1.00E-05
582.9199829,-5.00E-05,-2.00E-05,-0.00012,-3.00E-05,-0.00019,-9.00E-05
583.2700195,-8.00E-05,-1.00E-05,-0.00013,-5.00E-05,-0.0002,-8.00E-05
583.6199951,-0.00014,-3.00E-05,-0.00014,-4.00E-05,-0.00023,-6.00E-05
583.9699707,-9.00E-05,-3.00E-05,-0.00013,-1.00E-05,-0.00024,-2.00E-05
584.3300171,-0.00013,-3.00E-05,-0.00013,1.00E-05,-0.00025,0
584.6799927,-0.00015,-4.00E-05,-0.00016,-5.00E-05,-0.00027,-5.00E-05
585.0300293,-0.00018,-2.00E-05,-0.00016,-6.00E-05,-0.00029,-4.00E-05
585.3800049,-0.00017,-2.00E-05,-0.00018,-2.00E-05,-0.00025,3.00E-05
585.7299805,-0.0002,-4.00E-05,-0.00023,-6.00E-05,-0.00025,1.00E-05
586.0800171,-0.00018,-2.00E-05,-0.0002,-6.00E-05,-0.00016,3.00E-05
586.4299927,-0.00021,3.00E-05,-0.00018,-0.00011,-0.00012,2.00E-05
586.7800293,-0.00023,2.00E-05,-0.0002,-1.00E-04,-9.00E-05,2.00E-05
587.1300049,-0.00023,9.00E-05,-0.00015,-3.00E-05,-3.00E-05,1.00E-04
587.4799805,-0.00021,7.00E-05,-0.00011,-3.00E-05,-2.00E-05,8.00E-05
587.8400269,-0.00023,3.00E-05,-1.00E-04,-6.00E-05,-3.00E-05,4.00E-05
588.1900024,-0.00018,4.00E-05,-8.00E-05,-4.00E-05,-4.00E-05,2.00E-05
588.539978,-0.0002,3.00E-05,-0.00014,-3.00E-05,-8.00E-05,-6.00E-05
588.8900146,-0.00021,-1.00E-05,-0.00012,1.00E-05,-0.00011,-9.00E-05
589.2399902,-0.00015,5.00E-05,-0.00011,1.00E-05,-9.00E-05,-9.00E-05
589.5900269,-0.00012,-3.00E-05,-0.00015,-2.00E-05,-9.00E-05,-0.00019
589.9400024,-0.00013,1.00E-05,-0.00017,-5.00E-05,-0.00011,-0.0002
590.289978,-0.00013,1.00E-05,-0.00017,-5.00E-05,-0.00015,-0.00022
590.6400146,-0.00016,-2.00E-05,-0.00014,-4.00E-05,-0.00016,-0.00023
590.9899902,-0.00013,-3.00E-05,-0.00012,-3.00E-05,-0.00016,-0.00018
591.3400269,-0.00011,-5.00E-05,-0.00019,-5.00E-05,-0.00016,-0.00018
591.6900024,-9.00E-05,-5.00E-05,-0.00012,-1.00E-05,-0.00018,-0.0002
592.039978,-7.00E-05,-1.00E-05,-7.00E-05,2.00E-05,-0.0002,-0.00013
592.3900146,1.00E-05,0,-3.00E-05,6.00E-05,-0.00017,-0.00012
592.7399902,1.00E-04,3.00E-05,1.00E-05,1.00E-04,-9.00E-05,-5.00E-05
593.0900269,6.00E-05,5.00E-05,0,5.00E-05,-2.00E-05,-6.00E-05
593.4400024,6.00E-05,4.00E-05,-2.00E-05,2.00E-05,-4.00E-05,-7.00E-05
593.789978,4.00E-05,3.00E-05,0,2.00E-05,-5.00E-05,-7.00E-05
594.1400146,-2.00E-05,2.00E-05,-4.00E-05,-1.00E-05,-3.00E-05,-9.00E-05
594.4899902,-6.00E-05,4.00E-05,-8.00E-05,0,1.00E-05,-9.00E-05
594.8400269,-0.00014,2.00E-05,-0.00012,-2.00E-05,-2.00E-05,-0.00011
595.1900024,-0.00022,-2.00E-05,-0.00015,-7.00E-05,-4.00E-05,-0.00017
595.539978,-0.00024,-9.00E-05,-0.00016,-7.00E-05,-7.00E-05,-0.00016
595.8900146,-0.00025,-8.00E-05,-1.00E-04,-4.00E-05,-1.00E-05,-0.00012
596.2399902,-0.00027,-6.00E-05,-0.00011,-4.00E-05,7.00E-05,-1.00E-04
596.5900269,-0.00024,-9.00E-05,-0.00013,-8.00E-05,5.00E-05,-0.00012
596.9400024,-0.00026,-0.00015,-0.00012,-0.00012,2.00E-05,-0.00015
597.289978,-0.00026,-0.00014,-9.00E-05,-0.00011,8.00E-05,-0.00013
597.6400146,-0.00029,-0.00015,-9.00E-05,-1.00E-04,8.00E-05,-0.00016
597.9899902,-0.00024,-8.00E-05,-6.00E-05,-6.00E-05,1.00E-04,-0.00012
598.3400269,-0.00021,-7.00E-05,-0.00012,-0.00011,8.00E-05,-0.00016
598.6900024,-0.00015,-6.00E-05,-1.00E-04,-8.00E-05,4.00E-05,-0.00016
599.039978,-0.00016,-4.00E-05,-5.00E-05,-4.00E-05,0.00011,-0.00012
599.3900146,-0.00015,-1.00E-05,-9.00E-05,-4.00E-05,0.00014,-0.00011
599.7399902,-0.00013,1.00E-05,-1.00E-04,-2.00E-05,0.00016,-9.00E-05
600.0900269,-9.00E-05,4.00E-05,-8.00E-05,-6.00E-05,0.00021,-7.00E-05
600.4400024,-0.00013,-1.00E-05,-1.00E-04,-0.00011,0.00024,-0.00011
600.789978,-0.00014,-2.00E-05,-6.00E-05,-6.00E-05,0.00027,-1.00E-04
601.1400146,-0.00017,-7.00E-05,-7.00E-05,-9.00E-05,0.00031,-0.00011
601.4899902,-0.00017,-0.00011,-1.00E-04,-0.00013,0.00031,-1.00E-04
601.8300171,-0.00013,-8.00E-05,-4.00E-05,-1.00E-04,0.00039,-1.00E-04
602.1799927,-0.00012,-1.00E-04,-2.00E-05,-9.00E-05,0.00038,-0.00013
602.5300293,-0.00016,-6.00E-05,-1.00E-05,-1.00E-05,0.00042,-0.00012
602.8800049,-0.00013,-3.00E-05,-2.00E-05,1.00E-05,0.00046,-0.00011
603.2299805,-0.00012,-4.00E-05,-6.00E-05,0,0.00048,-0.00015
603.5800171,-0.00011,-2.00E-05,-7.00E-05,4.00E-05,0.00056,-0.00018
603.9299927,-0.00014,1.00E-05,-8.00E-05,5.00E-05,0.00056,-0.00018
604.2800293,-0.00017,-2.00E-05,-0.00011,8.00E-05,0.00058,-0.00017
604.6300049,-0.00013,-1.00E-05,-0.00015,7.00E-05,0.00062,-0.00015
604.9699707,-0.00013,-5.00E-05,-0.00021,5.00E-05,0.0006,-0.00017
605.3200073,-0.00016,-6.00E-05,-0.00021,7.00E-05,0.00061,-0.00017
605.6699829,-0.00023,-1.00E-04,-0.00022,3.00E-05,0.00058,-0.00019
606.0200195,-0.00024,-7.00E-05,-0.00019,3.00E-05,0.00058,-0.00015
606.3699951,-0.00023,-0.00011,-0.00017,4.00E-05,0.00063,-0.00018
606.7199707,-0.00022,-0.00013,-0.00018,1.00E-05,0.00062,-0.0002
607.0700073,-0.00023,-0.00015,-0.00016,5.00E-05,0.00061,-0.0002
607.4199829,-0.0002,-0.00016,-0.00014,7.00E-05,0.00062,-0.00018
607.7600098,-0.00017,-1.00E-04,-1.00E-04,0.00011,0.00064,-0.00013
608.1099854,-0.00013,-3.00E-05,-0.00012,0.00011,0.0007,-1.00E-04
608.460022,-9.00E-05,-2.00E-05,-0.00015,0.00011,0.00071,-1.00E-04
608.8099976,-0.00012,0,-0.00018,0.00013,0.0007,-0.00014
609.1599731,-0.00015,2.00E-05,-0.00015,0.00013,0.00073,-0.00015
609.5100098,-0.00021,-1.00E-05,-0.0002,8.00E-05,0.00073,-0.00017
609.8499756,-0.00019,0,-0.00019,0.00011,0.00079,-0.00017
610.2000122,-0.00016,-6.00E-05,-0.00019,0.00016,0.00081,-0.00019
610.5499878,-0.00011,-5.00E-05,-0.00012,0.00024,0.00084,-0.00015
610.9000244,-0.00014,-8.00E-05,-0.00012,0.00022,0.00084,-0.00015
611.25,-0.00011,-3.00E-05,-8.00E-05,0.00026,0.00084,-0.00011
611.5900269,-4.00E-05,-2.00E-05,-8.00E-05,0.00032,0.00089,-8.00E-05
611.9400024,-3.00E-05,0,-6.00E-05,0.0004,0.00093,-8.00E-05
612.289978,-5.00E-05,1.00E-05,-8.00E-05,0.00037,0.00091,-6.00E-05
612.6400146,-6.00E-05,4.00E-05,-1.00E-04,0.00032,0.00091,-8.00E-05
612.9899902,-8.00E-05,0,-9.00E-05,0.00032,0.00092,-8.00E-05
613.3300171,-1.00E-04,0,-1.00E-04,0.00038,0.00094,-0.00012
613.6799927,-9.00E-05,-3.00E-05,-0.00011,0.00042,0.001,-6.00E-05
614.0300293,-0.00011,1.00E-05,-8.00E-05,0.00045,0.00105,-3.00E-05
614.3800049,-0.00011,3.00E-05,-4.00E-05,0.00044,0.00111,0
614.7199707,-0.00013,-1.00E-05,-5.00E-05,0.00048,0.00118,-3.00E-05
615.0700073,-0.00012,1.00E-05,-7.00E-05,0.00054,0.00121,0
615.4199829,-0.00014,6.00E-05,-8.00E-05,0.00058,0.00129,1.00E-05
615.7700195,-8.00E-05,8.00E-05,-4.00E-05,0.00065,0.00139,6.00E-05
616.1099854,-0.00013,7.00E-05,-5.00E-05,0.00066,0.00143,0
616.460022,-0.00012,-1.00E-05,-1.00E-04,0.00066,0.00145,-3.00E-05
616.8099976,-1.00E-04,-1.00E-05,-0.00014,0.00069,0.00149,-7.00E-05
617.1599731,-1.00E-04,1.00E-05,-4.00E-05,0.00077,0.00161,-7.00E-05
617.5,-1.00E-04,3.00E-05,0,0.00082,0.00182,-7.00E-05
617.8499756,-1.00E-04,0,0,0.00083,0.00199,-1.00E-04
618.2000122,-0.00012,1.00E-05,6.00E-05,0.00085,0.00226,-8.00E-05
618.539978,-8.00E-05,4.00E-05,0.00013,0.00093,0.00258,-5.00E-05
618.8900146,-0.00012,1.00E-04,0.00018,0.00096,0.00298,-3.00E-05
619.2399902,-0.00014,0.00013,0.00024,0.00101,0.00347,-1.00E-05
619.5900269,-0.00014,1.00E-04,0.00017,0.00096,0.00403,0
619.9299927,-0.00016,7.00E-05,0.00017,0.00097,0.00476,-2.00E-05
620.2800293,-0.00016,9.00E-05,0.00019,0.00101,0.00575,-4.00E-05
620.6300049,-0.00018,9.00E-05,0.00018,0.001,0.00698,-6.00E-05
620.9699707,-0.00017,9.00E-05,0.00019,0.00099,0.00865,-3.00E-05
621.3200073,-0.00011,0.00016,0.00028,0.00103,0.01082,-2.00E-05
621.6699829,-7.00E-05,0.00017,0.00035,0.0011,0.01362,1.00E-05
622.0100098,-6.00E-05,0.00017,0.00041,0.00111,0.017209999,1.00E-05
622.3599854,-6.00E-05,0.00012,0.00043,0.00109,0.021849999,-5.00E-05
622.710022,-4.00E-05,1.00E-04,0.00045,0.00109,0.027729999,-2.00E-05
623.0499878,-8.00E-05,4.00E-05,0.00049,0.00106,0.035089999,-6.00E-05
623.4000244,-6.00E-05,4.00E-05,0.0005,0.0011,0.044410001,-7.00E-05
623.75,-1.00E-04,-4.00E-05,0.00048,0.0011,0.055819999,-0.00012
624.0900269,-0.00012,-0.00012,0.00046,0.00111,0.069559999,-0.00011
624.4400024,-0.00011,-9.00E-05,0.00047,0.00113,0.085960001,-0.00014
624.789978,-8.00E-05,-7.00E-05,0.00052,0.00117,0.104989998,-7.00E-05
625.1300049,-8.00E-05,-3.00E-05,0.00063,0.00121,0.126520008,-3.00E-05
625.4799805,-3.00E-05,0,0.00064,0.00126,0.150399998,1.00E-05
625.8200073,-6.00E-05,-1.00E-05,0.00066,0.00126,0.176119998,0
626.1699829,-2.00E-05,-2.00E-05,0.00067,0.00127,0.203260005,-2.00E-05
626.5200195,-2.00E-05,-1.00E-05,0.00068,0.00127,0.23131001,-8.00E-05
626.8599854,0,-4.00E-05,0.00075,0.00132,0.259299994,-2.00E-05
627.210022,3.00E-05,-3.00E-05,0.0008,0.00137,0.287110001,-2.00E-05
627.5499878,0,-7.00E-05,0.00076,0.00137,0.31408,-7.00E-05
627.9000244,6.00E-05,-4.00E-05,0.00083,0.00143,0.339939982,-6.00E-05
628.25,6.00E-05,-7.00E-05,0.00081,0.00138,0.36462003,-1.00E-04
628.5900269,7.00E-05,-5.00E-05,0.00087,0.00145,0.387649983,-6.00E-05
628.9400024,0.00014,-4.00E-05,0.00098,0.00147,0.409560025,-3.00E-05
629.2800293,0.00017,-4.00E-05,0.001,0.00149,0.430299997,-5.00E-05
629.6300049,0.00022,1.00E-05,0.00105,0.00155,0.449919999,1.00E-05
629.9799805,0.00031,3.00E-05,0.00112,0.00167,0.469440013,2.00E-05
630.3200073,0.00035,4.00E-05,0.00115,0.00175,0.48921001,0
630.6699829,0.00041,7.00E-05,0.00123,0.00194,0.509670019,8.00E-05
631.0100098,0.00044,6.00E-05,0.00123,0.002,0.531010032,8.00E-05
631.3599854,0.00052,0.00012,0.00124,0.0022,0.552749991,0.00011
631.7000122,0.00054,0.00015,0.00126,0.00239,0.573469996,0.00013
632.0499878,0.00059,0.00015,0.00125,0.00259,0.591329992,0.00012
632.3900146,0.00065,0.00022,0.00131,0.00288,0.604160011,0.00019
632.7399902,0.00069,0.00027,0.00135,0.00327,0.60965997,0.00027
633.0900269,0.00059,0.00029,0.00127,0.00355,0.60668999,0.00022
633.4299927,0.00058,0.0003,0.00126,0.00411,0.595229983,0.00025
633.7800293,0.00056,0.00031,0.00124,0.00481,0.576110005,0.00027
634.1199951,0.00055,0.0003,0.00127,0.00577,0.552299976,0.00032
634.4699707,0.00055,0.00029,0.0013,0.0071,0.527660012,0.00031
634.8099976,0.00063,0.00031,0.00131,0.00889,0.504880011,0.00031
635.1599731,0.00064,0.00031,0.00132,0.01129,0.486629993,0.00033
635.5,0.00085,0.00033,0.00144,0.01476,0.474020004,0.00042
635.8499756,0.00096,0.00042,0.00151,0.019299999,0.466590017,0.00052
636.1900024,0.00097,0.00042,0.00157,0.02544,0.462179989,0.00055
636.539978,0.00105,0.00048,0.00158,0.033530001,0.45747003,0.00058
636.8800049,0.0011,0.00057,0.0016,0.04414,0.448660016,0.00064
637.2299805,0.00107,0.00055,0.00158,0.057659999,0.433270007,0.00068
637.5700073,0.00107,0.00058,0.00155,0.074510001,0.409720004,0.00068
637.9199829,0.00113,0.00066,0.00162,0.095299996,0.378179997,0.00074
638.2600098,0.00119,0.00068,0.00167,0.120080002,0.339290023,0.00076
638.5999756,0.0012,0.00072,0.00167,0.148509994,0.29569,0.00079
638.9500122,0.00124,0.00079,0.00174,0.180739999,0.250070006,0.00086
639.289978,0.00128,0.00079,0.00177,0.216399997,0.205389991,0.00088
639.6400146,0.00125,0.00081,0.00175,0.255100012,0.164080009,0.00087
639.9799805,0.00129,0.00086,0.00182,0.296519995,0.12782,0.00091
640.3300171,0.00125,0.00086,0.00184,0.34048,0.09719,0.00089
640.6699829,0.00124,0.00086,0.00183,0.386069983,0.072480001,0.0009
641.0200195,0.00132,0.00094,0.00189,0.433100015,0.053340003,0.00095
641.3599854,0.0013,0.00098,0.00189,0.480859995,0.039000001,0.00096
641.7000122,0.0013,0.00108,0.00202,0.528720021,0.028489999,0.001
642.0499878,0.00133,0.00111,0.0022,0.575309992,0.021029999,0.001
642.3900146,0.00136,0.00117,0.0024,0.619840026,0.015769999,0.0011
642.7399902,0.0014,0.0012,0.00259,0.660770059,0.01194,0.00114
643.0800171,0.00139,0.00125,0.00289,0.698089957,0.00928,0.00121
643.4299927,0.00134,0.00125,0.00318,0.731209993,0.00738,0.00121
643.7700195,0.00136,0.00123,0.00362,0.759209991,0.00603,0.00125
644.1099854,0.00136,0.00122,0.00411,0.78154999,0.00507,0.00128
644.460022,0.0014,0.00127,0.00477,0.797549963,0.00439,0.00137
644.7999878,0.0014,0.00125,0.00561,0.806279957,0.00377,0.00132
645.1400146,0.0014,0.00134,0.00681,0.807489991,0.00335,0.00138
645.4899902,0.00143,0.00139,0.00851,0.800289989,0.00303,0.00139
645.8300171,0.00151,0.00147,0.01089,0.785049975,0.00275,0.00144
646.1799927,0.00155,0.00149,0.01422,0.763339996,0.00247,0.00144
646.5200195,0.00161,0.00153,0.019069999,0.737360001,0.00226,0.0015
646.8599854,0.00165,0.00156,0.026010001,0.709599972,0.00202,0.00151
647.210022,0.00167,0.00161,0.035769999,0.683229983,0.00183,0.00153
647.5499878,0.00171,0.00162,0.049310002,0.65982002,0.0017,0.00154
647.8900146,0.00172,0.00161,0.067649998,0.640469968,0.00159,0.00155
648.2399902,0.00173,0.00155,0.091639996,0.624319971,0.00144,0.00153
648.5800171,0.00179,0.00158,0.122500002,0.609620035,0.00136,0.00158
648.9199829,0.00181,0.00159,0.160270005,0.592949986,0.0013,0.00163
649.2700195,0.00187,0.00163,0.205709994,0.570959985,0.00123,0.00167
649.6099854,0.0019,0.00167,0.258520007,0.541220009,0.00119,0.00168
649.9500122,0.00191,0.00165,0.317939997,0.502449989,0.00106,0.00165
650.2999878,0.00199,0.00168,0.382760018,0.455190003,0.00096,0.00168
650.6400146,0.00206,0.00177,0.451020002,0.40158999,0.00094,0.00175
650.9799805,0.00213,0.00185,0.520859957,0.343690008,0.00089,0.00175
651.3300171,0.0022,0.00186,0.589410007,0.285400003,0.00081,0.0017
651.6699829,0.00232,0.00187,0.654739976,0.230090007,0.00085,0.00173
652.0100098,0.00248,0.00187,0.714079976,0.180359989,0.00076,0.00171
652.3599854,0.00271,0.00191,0.766149998,0.137979999,0.00078,0.00177
652.7000122,0.00297,0.00194,0.809489965,0.103,0.00076,0.00177
653.039978,0.00333,0.00197,0.844199955,0.075500004,0.00075,0.00182
653.3800049,0.00372,0.00199,0.870159984,0.054580003,0.00077,0.00186
653.7299805,0.00426,0.00207,0.888520002,0.039250001,0.00079,0.00196
654.0700073,0.00493,0.00212,0.899890006,0.028350001,0.00072,0.00195
654.4099731,0.00585,0.00217,0.90575999,0.020739999,0.00077,0.00206
654.75,0.00704,0.00219,0.906719983,0.01539,0.00077,0.00213
655.0999756,0.008719999,0.00226,0.903130054,0.01175,0.00075,0.00222
655.4400024,0.011080001,0.00229,0.89556998,0.00915,0.00069,0.00224
655.7800293,0.01465,0.00227,0.88458997,0.00738,0.00061,0.00232
656.1199951,0.020269999,0.00232,0.870879948,0.00608,0.00054,0.00239
656.4699707,0.028800001,0.00238,0.855419993,0.00515,0.00055,0.00258
656.8099976,0.041859999,0.00243,0.839179993,0.00442,0.00052,0.00276
657.1500244,0.061579999,0.00254,0.823650002,0.00387,0.00044,0.00302
657.4899902,0.090259999,0.00266,0.810049951,0.00338,0.00044,0.00327
657.8400269,0.130119994,0.00284,0.797640026,0.00306,0.00045,0.00368
658.1799927,0.18280001,0.00303,0.785679996,0.00274,0.00046,0.00414
658.5200195,0.248960003,0.00328,0.770579994,0.00253,0.0005,0.00471
658.8599854,0.326519996,0.00355,0.749159992,0.00238,0.00049,0.00545
659.2000122,0.412629992,0.00392,0.717620015,0.00216,0.00048,0.00641
659.5499878,0.502849996,0.00436,0.673889995,0.00199,0.00047,0.00777
659.8900146,0.59175998,0.00489,0.617169976,0.00192,0.00046,0.00981
660.2299805,0.67543,0.00556,0.549570024,0.00173,0.00045,0.01275
660.5700073,0.748659968,0.00657,0.473949999,0.00175,0.00049,0.017410001
660.9099731,0.809349954,0.00778,0.395579994,0.00167,0.00044,0.024800001
661.2600098,0.856940031,0.009409999,0.319640011,0.00154,0.00035,0.036710002
661.5999756,0.892190039,0.01176,0.250279993,0.00151,0.00036,0.055679999
661.9400024,0.916400015,0.015219999,0.190239996,0.00147,0.00036,0.08495
662.2800293,0.93204999,0.02043,0.141330004,0.00144,0.00036,0.127670005
662.6199951,0.941060007,0.02846,0.102810003,0.00142,0.00028,0.186250001
662.960022,0.945550025,0.041129999,0.073530003,0.00132,0.00021,0.260990024
663.3099976,0.94708997,0.061250001,0.052080002,0.00123,0.00018,0.348930001
663.6500244,0.945080042,0.092110008,0.036760002,0.00117,0.00018,0.445219994
663.9899902,0.941460013,0.137010008,0.026199998,0.00113,0.00015,0.543630004
664.3300171,0.936470032,0.198390007,0.01891,0.00117,0.00016,0.637879968
664.6699829,0.930159986,0.275920004,0.01397,0.00108,1.00E-04,0.722190022
665.0100098,0.923089981,0.366189986,0.01066,0.0011,0.00015,0.792389989
665.3499756,0.915719986,0.464290023,0.00839,0.00107,0.00014,0.847050011
665.6900024,0.908069968,0.562999964,0.00685,0.00107,0.00013,0.886110008
666.039978,0.901719987,0.656709969,0.00572,0.00108,0.00015,0.912660003
666.3800049,0.896460056,0.739579976,0.00489,0.0011,0.00014,0.929879963
666.7199707,0.892509997,0.806829989,0.00415,0.00097,0.00011,0.940500021
667.0599976,0.888410032,0.857809961,0.00365,0.00094,1.00E-04,0.94641
667.4000244,0.881179988,0.893620014,0.00323,0.00089,2.00E-05,0.949400008
667.7399902,0.865940034,0.917360008,0.00287,0.00089,-4.00E-05,0.949840009
668.0800171,0.838550031,0.932669997,0.00256,0.00089,-8.00E-05,0.948769987
668.4199829,0.795679986,0.942099988,0.00234,0.00088,-8.00E-05,0.947080016
668.7600098,0.735879958,0.947109997,0.0021,0.00078,-0.00012,0.943970025
669.0999756,0.660510004,0.950459957,0.00208,0.00087,-6.00E-05,0.940389991
669.4400024,0.573509991,0.951629996,0.00191,0.00082,-7.00E-05,0.936200023
669.789978,0.480589986,0.951409996,0.00185,0.00079,-1.00E-05,0.931579947
670.1300049,0.388440013,0.950800002,0.00182,0.00079,8.00E-05,0.927580059
670.4699707,0.302850008,0.949259996,0.00172,0.00072,5.00E-05,0.924059987
670.8099976,0.228850007,0.946820021,0.00168,0.00063,0,0.92087996
671.1500244,0.168309987,0.944440007,0.00167,0.00066,6.00E-05,0.919089973
671.4899902,0.121320002,0.941689968,0.00158,0.00062,-1.00E-05,0.916600049
671.8300171,0.085919999,0.939059973,0.00161,0.00067,-4.00E-05,0.910640001
672.1699829,0.060249999,0.936800003,0.00152,0.00065,-8.00E-05,0.896390021
672.5100098,0.041950002,0.934689999,0.00144,0.00063,-0.00013,0.868690014
672.8499756,0.02932,0.93344003,0.00141,0.00063,-8.00E-05,0.824629962
673.1900024,0.020780001,0.931429982,0.00139,0.00071,-4.00E-05,0.762759984
673.5300293,0.01498,0.926470041,0.0013,0.00067,-0.00013,0.684810042
673.8699951,0.011059999,0.913800001,0.00127,0.00063,-0.00014,0.594309986
674.210022,0.00846,0.889779985,0.00125,0.00061,-9.00E-05,0.497529984
674.5499878,0.00669,0.850149989,0.00117,0.0006,-0.00012,0.40110001
674.8900146,0.00542,0.792839944,0.00114,0.00054,-0.00013,0.311949998
675.2299805,0.00455,0.718649983,0.00108,0.00054,-0.00016,0.234699994
675.5700073,0.00385,0.631419957,0.00101,0.00042,-0.00022,0.172129989
675.9099731,0.0034,0.536610007,0.001,0.00043,-0.00021,0.123830006
676.25,0.00302,0.439319998,0.00097,0.00043,-0.00024,0.087419994
676.5900269,0.00271,0.347060025,0.00091,0.00045,-0.00027,0.060970001
676.9299927,0.00244,0.265499979,0.00093,0.00047,-0.00025,0.042280003
677.2700195,0.00225,0.197700009,0.00086,0.00046,-0.00022,0.029289998
677.6099854,0.00207,0.144050002,0.00084,0.0005,-0.00018,0.020599999
677.9500122,0.00196,0.103050001,0.0008,0.00056,-0.00012,0.0148
678.289978,0.00185,0.072859995,0.0008,0.00057,-9.00E-05,0.010930001
678.6300049,0.00178,0.051139999,0.00076,0.00052,-3.00E-05,0.0084
678.9699707,0.00169,0.035870001,0.00072,0.0005,-4.00E-05,0.00665
679.3099976,0.00161,0.025350001,0.00071,0.00045,-2.00E-05,0.00541
679.6500244,0.00159,0.018170001,0.00072,0.00049,0,0.00459
679.9799805,0.00148,0.01338,0.00072,0.00049,1.00E-05,0.00395
680.3200073,0.00145,0.01013,0.00069,0.0005,-3.00E-05,0.00342
680.6599731,0.00138,0.00787,0.00065,0.0005,-5.00E-05,0.00302
681,0.00136,0.00637,0.00065,0.0005,-7.00E-05,0.0027
681.3400269,0.00139,0.00523,0.00062,0.00049,-2.00E-05,0.00248
681.6799927,0.00135,0.00448,0.00059,0.00052,-2.00E-05,0.00236
682.0200195,0.00132,0.00394,0.0006,0.00053,-3.00E-05,0.00229
682.3599854,0.00137,0.00356,0.00064,0.00053,-5.00E-05,0.00219
682.7000122,0.00136,0.00329,0.00068,0.0005,-3.00E-05,0.00212
683.039978,0.00136,0.00301,0.00068,0.00044,0,0.00207
683.3800049,0.00127,0.00272,0.00066,0.00042,-3.00E-05,0.00194
683.710022,0.00117,0.00261,0.00069,0.00043,-5.00E-05,0.00189
684.0499878,0.00109,0.00242,0.00063,0.00035,-8.00E-05,0.00178
684.3900146,0.00107,0.00229,0.00058,0.00026,-9.00E-05,0.0016
684.7299805,0.00106,0.00218,0.00064,0.00026,-5.00E-05,0.00155
685.0700073,0.00098,0.00209,0.00064,0.00025,-3.00E-05,0.00154
685.4099731,0.00096,0.00207,0.00065,0.00026,-5.00E-05,0.00148
685.75,0.001,0.00204,0.00061,0.00025,-6.00E-05,0.00143
686.0900269,0.00102,0.00192,0.00057,0.00018,-3.00E-05,0.00136
686.4199829,0.00108,0.00188,0.00063,0.00025,2.00E-05,0.00136
686.7600098,0.00101,0.00175,0.00061,0.00027,-6.00E-05,0.00128
687.0999756,0.00102,0.00168,0.00052,0.00025,-3.00E-05,0.00122
687.4400024,0.00101,0.00156,0.00051,0.00027,-1.00E-04,0.00115
687.7800293,0.00101,0.0015,0.0005,0.00027,-7.00E-05,0.00115
688.1199951,0.00097,0.00147,0.00051,0.00032,-3.00E-05,0.00121
688.4500122,0.00096,0.00147,0.00053,0.00042,-7.00E-05,0.00122
688.789978,0.00093,0.00146,0.00053,0.0004,-9.00E-05,0.00117
689.1300049,0.00097,0.00146,0.00055,0.00045,-2.00E-05,0.00125
689.4699707,0.00091,0.00137,0.00053,0.00042,-1.00E-04,0.00123
689.8099976,0.00087,0.00136,0.00053,0.00039,-8.00E-05,0.00122
690.1400146,0.00079,0.00142,0.00053,0.00043,-4.00E-05,0.00124
690.4799805,0.00081,0.00138,0.00054,0.00043,-7.00E-05,0.0012
690.8200073,0.0008,0.00135,0.00052,0.00034,-3.00E-05,0.00121
691.1599731,0.00074,0.00129,0.00049,0.00029,-5.00E-05,0.00116
691.5,0.00067,0.00126,0.00042,0.0002,-5.00E-05,0.00108
691.8300171,0.00063,0.00121,0.00041,0.00018,-0.00011,0.00105
692.1699829,0.00061,0.00119,0.00033,0.00018,-6.00E-05,0.00106
692.5100098,0.00064,0.00106,0.00026,0.00017,-0.00011,0.00097
692.8499756,0.00052,0.00099,0.00021,0.00017,-0.00016,0.00084
693.1799927,0.00046,0.00102,0.00025,0.00022,-0.00016,0.00081
693.5200195,0.00047,0.00094,0.00019,0.00024,-0.00015,0.00076
693.8599854,0.00047,0.00093,0.00021,0.00034,-0.00017,0.00077
694.2000122,0.00047,0.00098,0.00018,0.00037,-9.00E-05,0.00083
694.5300293,0.0005,0.00095,0.00013,0.0004,-0.00011,0.00073
694.8699951,0.00047,0.00089,0.00015,0.00032,-0.00015,0.00072
695.210022,0.00047,0.0009,0.00012,0.00029,-0.00013,0.00076
695.5499878,0.00043,0.00083,1.00E-05,0.00027,-0.00017,0.0007
695.8800049,0.0004,0.00086,6.00E-05,0.0003,-0.00012,0.00073
696.2199707,0.00036,0.00081,7.00E-05,0.00029,-0.00012,0.00077
696.5599976,0.00037,0.00083,0.00015,0.00035,-0.00011,0.00072
696.9000244,0.00028,0.0008,0.00014,0.00035,-0.00017,0.00075
697.2299805,0.00028,0.00088,0.00015,0.00042,-0.00012,0.00076
697.5700073,0.00029,0.00089,0.00017,0.00039,-8.00E-05,0.00076
697.9099731,0.00037,0.00092,0.00022,0.00048,-2.00E-05,0.00077
698.2399902,0.00041,0.00094,0.00025,0.00054,-5.00E-05,0.00081
698.5800171,0.00042,0.00096,0.00024,0.00058,1.00E-05,0.00078
698.9199829,0.00037,0.00089,0.00014,0.00052,-1.00E-05,0.00069
699.25,0.00044,0.00091,0.00021,0.00054,3.00E-05,0.00071
699.5900269,0.00042,0.00084,0.0002,0.0005,-2.00E-05,0.00065
699.9299927,0.00047,0.00087,0.0002,0.00065,5.00E-05,0.00066
700.2600098,0.00035,0.00087,0.00018,0.00065,-4.00E-05,0.00065
700.5999756,0.00028,0.00087,0.00014,0.00065,-5.00E-05,0.0006
700.9400024,0.0003,0.00083,0.00015,0.00066,-9.00E-05,0.00057
701.2700195,0.00033,0.00083,0.00018,0.00077,-3.00E-05,0.0006
701.6099854,0.0003,0.00081,0.00015,0.00079,-3.00E-05,0.00056
701.9500122,0.00023,0.0008,0.00018,0.00082,-1.00E-05,0.00053
702.2800293,0.00018,0.00074,0.00018,0.00077,-2.00E-05,0.00052
702.6199951,0.00024,0.00072,0.00016,0.00079,6.00E-05,0.00052
702.960022,0.00025,0.00071,0.00021,0.00086,0.00018,0.00058
703.289978,0.00018,0.00067,0.00021,0.00079,0.00016,0.00054
703.6300049,0.00012,0.0006,0.00022,0.00073,9.00E-05,0.00051
703.960022,9.00E-05,0.00052,0.00025,0.00072,0.00013,0.00048
704.2999878,0.00011,0.00049,0.00026,0.00081,0.00017,0.00047
704.6400146,0.00013,0.00051,0.00035,0.00086,0.00017,0.00049
704.9699707,5.00E-05,0.00047,0.00037,0.00083,0.00016,0.00045
705.3099976,0.00011,0.00045,0.00039,0.00079,9.00E-05,0.00039
705.6400146,0.00013,0.00052,0.00049,0.00089,0.00011,0.00042
705.9799805,1.00E-04,0.00052,0.00043,0.00093,0.0002,0.00046
706.3200073,6.00E-05,0.00053,0.00041,0.00098,0.00015,0.00043
706.6500244,5.00E-05,0.00059,0.00046,0.00098,0.00019,0.00048
706.9899902,-8.00E-05,0.00047,0.00037,0.0009,0.00016,0.00037
707.3200073,-5.00E-05,0.00043,0.00037,0.00091,0.00017,0.00039
707.6599731,-0.0002,0.00036,0.00029,0.0009,0.00016,0.00032
707.9899902,-0.00022,0.00034,0.00024,0.0009,0.00018,0.00022
708.3300171,-0.00018,0.00034,0.00029,0.00089,0.00014,0.00015
708.6699829,-0.00013,0.00043,0.00036,0.00093,0.00019,0.00016
709,-0.00013,0.00035,0.00029,0.00093,0.00018,0.00014
709.3400269,-8.00E-05,0.00043,0.00028,0.00104,0.00021,0.00022
709.6699829,-5.00E-05,0.00043,0.00033,0.00106,0.00019,0.00023
710.0100098,7.00E-05,0.00045,0.00038,0.00112,0.00017,0.00024
710.3400269,0,0.00043,0.00028,0.0011,0.00014,0.00029
710.6799927,-5.00E-05,0.00043,0.00033,0.00115,0.00016,0.00033
711.0100098,-0.00013,0.00027,0.00029,0.00108,0.00012,0.00031
711.3499756,-0.00013,0.00027,0.00029,0.0011,5.00E-05,0.00031
711.6799927,-1.00E-04,0.00028,0.00032,0.00112,0.00011,0.00031
712.0200195,-0.00014,0.00029,0.00029,0.00116,1.00E-04,0.00031
712.3499756,-0.0002,0.00027,0.00035,0.00117,0.0002,0.00033
712.6900024,-0.00011,0.00025,0.00043,0.00123,0.00032,0.00037
713.0200195,-9.00E-05,0.00025,0.00039,0.00128,0.00028,0.00028
713.3599854,-2.00E-05,0.00037,0.0004,0.00138,0.00034,0.00029
713.6900024,-5.00E-05,0.00044,0.00042,0.0014,0.00043,0.00027
714.0300293,-4.00E-05,0.0004,0.0005,0.00144,0.00045,0.00027
714.3599854,0,0.00043,0.00049,0.00142,0.00052,0.00021
714.7000122,-3.00E-05,0.00039,0.00039,0.00135,0.00046,0.0002
715.0300293,-0.00015,0.00026,0.00039,0.0013,0.00036,0.00017
715.3699951,-0.00013,0.0002,0.00041,0.00126,0.00039,0.00018
715.7000122,-0.00015,0.00013,0.00046,0.00126,0.00044,0.00019
716.039978,-0.00017,-4.00E-05,0.00044,0.00117,0.00038,0.00019
716.3699951,-0.00016,-3.00E-05,0.00041,0.00117,0.00037,0.00013
716.7000122,-0.00018,-5.00E-05,0.00045,0.00118,0.00041,0.00014
717.039978,-0.00019,2.00E-05,0.00047,0.00126,0.00041,0.00014
717.3699951,-0.00012,0.00011,0.00051,0.00129,0.0004,0.00012
717.710022,-0.00017,0.00013,0.00048,0.00123,0.00038,0.00013
718.039978,-0.0002,0.00012,0.00044,0.00124,0.00035,0.00014
718.3800049,-0.00017,0.00019,0.00052,0.00134,0.00034,0.0002
718.710022,-0.0002,0.00018,0.00054,0.00131,0.00032,0.00017
719.039978,-0.00019,0.00011,0.00048,0.00133,0.00023,9.00E-05
719.3800049,-0.00015,6.00E-05,0.00057,0.00135,0.00023,5.00E-05
719.710022,-0.00012,2.00E-05,0.00058,0.00139,0.00028,-3.00E-05
720.0499878,-0.00011,5.00E-05,0.0006,0.00152,0.00032,-1.00E-05
720.3800049,0,4.00E-05,0.00063,0.00162,0.00033,2.00E-05
720.710022,-4.00E-05,-2.00E-05,0.00061,0.00158,0.00034,-9.00E-05
721.0499878,1.00E-05,-5.00E-05,0.00056,0.00161,0.00032,-6.00E-05
721.3800049,-1.00E-05,-8.00E-05,0.0006,0.00159,0.00034,5.00E-05
721.7199707,3.00E-05,-7.00E-05,0.00062,0.00163,0.00032,0.00012
722.0499878,5.00E-05,-8.00E-05,0.00069,0.00165,0.00034,0.00025
722.3800049,0.00014,-0.00013,0.00073,0.00167,0.00033,0.00023
722.7199707,6.00E-05,-0.00016,0.0007,0.00161,0.00027,0.00016
723.0499878,0.00017,-8.00E-05,0.00076,0.00167,0.00033,0.00023
723.3800049,1.00E-04,-1.00E-04,0.0008,0.00162,0.00025,0.00014
723.7199707,9.00E-05,-6.00E-05,0.00085,0.00169,0.0003,0.00015
724.0499878,0.00011,-2.00E-05,0.00089,0.00177,0.00037,0.00018
724.3800049,3.00E-05,-1.00E-05,0.00081,0.00179,0.0004,0.00015
724.7199707,-2.00E-05,4.00E-05,0.00091,0.00179,0.00041,0.00023
725.0499878,1.00E-05,9.00E-05,0.00097,0.00185,0.00043,0.00033
725.3800049,-0.00011,7.00E-05,0.00096,0.00178,0.00043,0.00021
725.7199707,-7.00E-05,0.00011,0.00094,0.00182,0.00052,0.0003
726.0499878,-2.00E-05,0.00012,0.0009,0.0018,0.00046,0.0003
726.3800049,-5.00E-05,0.00013,0.00088,0.00184,0.00047,0.00021
726.7199707,0,0.00016,0.00085,0.00187,0.0004,0.00016
727.0499878,-0.00011,0.00015,0.00069,0.00184,0.00037,4.00E-05
727.3800049,-6.00E-05,0.00018,0.00063,0.00182,0.00043,4.00E-05
727.710022,-5.00E-05,0.00016,0.00061,0.00189,0.00044,0.00013
728.0499878,-1.00E-05,0.00015,0.00064,0.00196,0.00045,0.00014
728.3800049,-4.00E-05,0.00017,0.00067,0.00199,0.0005,0.00012
728.710022,1.00E-05,0.00018,0.00062,0.00189,0.00049,0.00017
729.0499878,4.00E-05,7.00E-05,0.00064,0.00184,0.00046,0.00017
729.3800049,0.00023,0.00012,0.00083,0.00193,0.00062,0.00034
729.710022,0.00021,9.00E-05,0.00083,0.00191,0.00051,0.00029
730.039978,0.00024,0.00011,0.00085,0.00195,0.00048,0.0003
730.3800049,0.00021,9.00E-05,0.00091,0.00197,0.00048,0.00034
730.710022,0.00035,0.00014,0.00099,0.0021,0.00053,0.00045
731.039978,0.00025,1.00E-04,0.00098,0.00208,0.00054,0.00048
731.3699951,0.00029,0.00022,0.00102,0.0022,0.00068,0.00051
731.710022,0.00023,0.00021,0.00093,0.00214,0.00061,0.00039
732.039978,0.00025,0.00027,0.001,0.00225,0.00072,0.00049
732.3699951,0.00022,0.00023,0.00098,0.00227,0.00077,0.00047
732.7000122,0.00016,0.00021,0.00089,0.0022,0.00065,0.00045
733.039978,1.00E-05,0.00017,0.00079,0.00209,0.00057,0.00037
733.3699951,2.00E-05,0.00012,0.00083,0.00215,0.0005,0.00028
733.7000122,4.00E-05,0.00013,0.00093,0.00211,0.0004,0.00031
734.0300293,3.00E-05,8.00E-05,0.00092,0.00213,0.00031,0.00033
734.3599854,2.00E-05,5.00E-05,0.0009,0.00214,0.00026,0.00027
734.7000122,3.00E-05,5.00E-05,0.00087,0.00208,0.00017,0.00026
735.0300293,4.00E-05,6.00E-05,0.00094,0.00215,0.00035,0.00023
735.3599854,6.00E-05,-2.00E-05,0.00106,0.00217,0.0004,0.00017
735.6900024,0.00011,-1.00E-05,0.00106,0.0022,0.00048,0.00027
736.0200195,5.00E-05,-8.00E-05,0.00098,0.0022,0.00053,0.00028
736.3499756,7.00E-05,0,0.00097,0.00226,0.00056,0.00039
736.6900024,2.00E-05,-4.00E-05,0.00099,0.00221,0.00054,0.00035
737.0200195,0.00011,-4.00E-05,0.00102,0.00231,0.00068,0.0004
737.3499756,8.00E-05,2.00E-05,0.00106,0.0023,0.00065,0.00047
737.6799927,0.00011,0.00012,0.00103,0.00244,0.00062,0.00056
738.0100098,0,8.00E-05,0.00096,0.00238,0.00055,0.0005
738.3400269,6.00E-05,0.00022,0.0009,0.00253,0.00058,0.00051
738.6799927,9.00E-05,0.00023,0.001,0.00252,0.00066,0.0005
739.0100098,0.00014,0.0003,0.00098,0.00263,0.00079,0.00057
739.3400269,8.00E-05,0.00045,0.00104,0.00266,0.00078,0.00055
739.6699829,9.00E-05,0.00041,0.00111,0.00264,0.0007,0.00052
740,6.00E-05,0.00041,0.00107,0.00261,0.00071,0.00045
740.3300171,0.00018,0.0005,0.00114,0.00266,0.00078,0.00047
740.6599731,4.00E-05,0.00043,0.00114,0.00247,0.00074,0.0004
740.9899902,-1.00E-05,0.00038,0.00109,0.00248,0.00075,0.00028
741.3200073,-0.00011,0.00034,0.00117,0.0024,0.00067,0.00026
741.6599731,-0.00017,0.00019,0.00114,0.00248,0.00065,0.00025
741.9899902,-0.00013,0.00027,0.00107,0.00257,0.00074,0.0002
742.3200073,-0.00019,0.0002,0.00104,0.0025,0.00071,0.00022
742.6500244,-0.00021,0.00024,0.00105,0.00254,0.00076,0.00019
742.9799805,-0.00013,0.00021,0.00117,0.00268,0.00084,0.00027
743.3099976,-0.00018,0.00017,0.0011,0.00264,0.00077,0.00029
743.6400146,-9.00E-05,0.00012,0.00096,0.00263,0.00071,0.00015
743.9699707,2.00E-05,0.00024,0.0011,0.00254,0.0008,0.00017
744.2999878,1.00E-05,0.00019,0.00113,0.00257,0.00078,0.00026
744.6300049,6.00E-05,0.00026,0.00125,0.00264,0.00088,0.00035
744.960022,0,0.00018,0.00126,0.00259,0.00086,0.00045
745.289978,3.00E-05,0.00028,0.00131,0.00268,0.00087,0.00046
745.6199951,1.00E-05,0.00022,0.00132,0.00274,0.00089,0.00046
745.9500122,-8.00E-05,0.00028,0.00145,0.00288,0.00097,0.00067
746.2800293,-0.00011,0.00022,0.00136,0.00301,0.00097,0.00071
746.6099854,-0.00012,0.00014,0.00122,0.0029,0.00089,0.00062
746.9400024,-0.00014,8.00E-05,0.00118,0.00298,0.00087,0.00055
747.2800293,-0.00014,0.00011,0.00113,0.00309,0.00093,0.00052
747.6099854,-0.00019,8.00E-05,0.00113,0.00309,0.00089,0.00049
747.9400024,-9.00E-05,0.00025,0.00123,0.00316,0.00093,0.00058
748.2700195,-9.00E-05,0.00019,0.00119,0.00315,0.00089,0.00047
748.5999756,-8.00E-05,0.00015,0.0012,0.00311,0.0008,0.00041
748.9299927,-5.00E-05,0.00017,0.00129,0.00318,0.00095,0.0004
749.2600098,-3.00E-05,0.0002,0.00138,0.00311,0.00097,0.00039
749.5800171,-3.00E-05,0.00016,0.00143,0.00302,0.00092,0.00032
749.9099731,-4.00E-05,0.0002,0.00134,0.00295,0.00086,0.00031
750.2399902,-7.00E-05,0.00014,0.00137,0.00293,0.00086,0.00022
750.5700073,3.00E-05,0.00024,0.00146,0.00301,0.00089,0.0003
750.9000244,3.00E-05,0.00028,0.00148,0.00299,0.00089,0.00033
751.2299805,-2.00E-05,0.00029,0.00143,0.00301,0.0008,0.00038
751.5599976,-1.00E-04,0.00018,0.00122,0.00295,0.00061,0.00033
751.8900146,-0.00014,0.00014,0.0012,0.00297,0.00055,0.00028
752.2199707,-0.00012,0.00011,0.00126,0.00299,0.00059,0.00026
752.5499878,-0.00014,1.00E-05,0.00118,0.00297,0.00052,0.00021
752.8800049,-0.00019,-8.00E-05,0.00114,0.00284,0.00056,0.00014
753.210022,-0.00025,-0.00014,0.00109,0.00283,0.00059,8.00E-05
753.539978,-0.00014,-6.00E-05,0.00128,0.003,0.00066,0.00024
753.8699951,-0.00013,7.00E-05,0.00137,0.00299,0.00076,0.00027
754.2000122,-9.00E-05,2.00E-05,0.00141,0.00295,0.00071,0.00031
754.5300293,-5.00E-05,-3.00E-05,0.00142,0.00306,0.00076,0.00043
754.8599854,-7.00E-05,2.00E-05,0.00144,0.00315,0.00078,0.0005
755.1900024,-0.00011,1.00E-05,0.0014,0.00309,0.00066,0.00044
755.5100098,-7.00E-05,0,0.00138,0.00313,0.0006,0.00043
755.8400269,-0.00023,-0.00019,0.00123,0.00297,0.00049,0.00024
756.1699829,-0.00011,-0.00017,0.00127,0.00322,0.0006,0.00027
756.5,-0.00013,-9.00E-05,0.00119,0.00322,0.00069,0.00029
756.8300171,-8.00E-05,-1.00E-04,0.00119,0.00313,0.00067,0.0002
757.1599731,0,3.00E-05,0.00124,0.00312,0.00076,0.00026
757.4899902,6.00E-05,0.00014,0.0013,0.00329,0.00085,0.00046
757.8200073,0.00015,0.00022,0.00135,0.00333,0.00092,0.0005
758.1400146,0.00025,0.00037,0.00144,0.00342,0.00101,0.00056
758.4699707,0.00018,0.00036,0.00141,0.00334,0.00103,0.00059
758.7999878,0.00015,0.0003,0.00149,0.0034,0.00096,0.00052
759.1300049,8.00E-05,0.00028,0.00141,0.00343,0.00084,0.00057
759.460022,3.00E-05,0.00024,0.00144,0.0034,0.00072,0.00053
759.789978,1.00E-05,0.00014,0.00139,0.00333,0.00083,0.00041
760.1199951,-3.00E-05,3.00E-05,0.00138,0.00333,0.00082,0.00037
760.4400024,0,4.00E-05,0.00139,0.00339,0.00083,0.0003
760.7700195,5.00E-05,6.00E-05,0.0015,0.00336,0.00082,0.00032
761.0999756,3.00E-05,6.00E-05,0.00143,0.00335,0.00079,0.0003
761.4299927,3.00E-05,7.00E-05,0.00154,0.00337,0.00091,0.00022
761.7600098,6.00E-05,5.00E-05,0.00153,0.00346,0.00104,0.00026
762.0800171,0.00019,0.00024,0.00171,0.00357,0.00104,0.00036
762.4099731,0.00019,0.00027,0.00178,0.00354,0.00104,0.00041
762.7399902,0.00018,0.00023,0.00175,0.0035,0.00103,0.00045
763.0700073,0.00013,0.00015,0.00167,0.0035,0.00096,0.0004
763.4000244,0.00014,0.00013,0.00165,0.00351,0.00097,0.00041
763.7199707,7.00E-05,2.00E-05,0.00158,0.00344,0.00083,0.00027
764.0499878,-1.00E-05,-6.00E-05,0.00163,0.00335,0.00075,0.00018
764.3800049,-0.00017,-0.00016,0.00145,0.00325,0.0007,5.00E-05
764.710022,-0.00022,-0.00018,0.00139,0.00322,0.00068,4.00E-05
765.039978,-0.00024,-0.00013,0.00139,0.00322,0.0007,8.00E-05
765.3599854,-0.00022,-0.00014,0.00142,0.00334,0.00076,5.00E-05
765.6900024,-0.00014,-2.00E-05,0.00162,0.00337,0.0009,0.00015
766.0200195,-0.00017,0.00012,0.00163,0.00343,0.00099,0.00027
766.3499756,-0.00017,0.00018,0.00156,0.00345,0.00099,0.00027
766.6699829,-0.00019,0.00018,0.00161,0.00354,0.00099,0.00026
767,-0.00014,0.00017,0.00165,0.00359,0.00108,0.00025
767.3300171,-0.00024,6.00E-05,0.00164,0.0035,0.00105,1.00E-04
767.6500244,-0.00024,0.00015,0.00168,0.00334,0.00102,0.00014
767.9799805,-0.00016,0.00017,0.00172,0.00349,0.00107,0.00018
768.3099976,-7.00E-05,0.00026,0.00177,0.00341,0.00114,0.00023
768.6400146,-2.00E-05,0.00026,0.00177,0.00346,0.00106,0.00024
768.960022,-1.00E-05,0.00018,0.00172,0.00333,0.00093,0.0003
769.289978,-7.00E-05,0.00023,0.00172,0.00344,0.00086,0.0004
769.6199951,6.00E-05,0.00038,0.00166,0.00347,0.00084,0.00059
769.9400024,3.00E-05,0.00035,0.00168,0.0035,0.00087,0.0006
770.2700195,-0.00012,0.00028,0.00161,0.00348,0.00075,0.00057
770.5999756,-0.00019,0.00014,0.00165,0.00354,0.00074,0.00051
770.9199829,-0.00028,0.00012,0.00159,0.00346,0.00075,0.00066
771.25,-0.00029,0.00018,0.00168,0.00353,0.00093,0.00062
771.5800171,-0.00017,9.00E-05,0.00168,0.00348,0.00095,0.00052
771.9000244,-0.00015,-1.00E-05,0.00176,0.00358,0.00103,0.00054
772.2299805,-7.00E-05,3.00E-05,0.00176,0.00371,0.00102,0.00053
772.5599976,9.00E-05,8.00E-05,0.00184,0.00374,0.00105,0.00055
772.8800049,0.00023,0.00013,0.00177,0.00382,0.00116,0.00071
773.210022,0.0003,0.00015,0.00184,0.00398,0.00121,0.00059
773.539978,0.00039,0.00017,0.00184,0.00412,0.00117,0.00063
773.8599854,0.00039,0.00025,0.00175,0.00411,0.00113,0.0007
774.1900024,0.0003,0.00018,0.00174,0.00407,0.00107,0.00058
774.5200195,0.00022,7.00E-05,0.00167,0.00394,0.00097,0.00046
774.8400269,0.0002,4.00E-05,0.00158,0.0039,0.00099,0.00049
775.1699829,1.00E-04,-6.00E-05,0.00142,0.00379,0.00079,0.00038
775.5,0.00013,-0.00012,0.00134,0.00365,0.00075,0.00025
775.8200073,0.00013,-0.00017,0.00128,0.00346,0.00073,0.00023
776.1500244,3.00E-05,-0.00017,0.00127,0.00329,0.00077,0.00018
776.4699707,0.00017,-0.00013,0.00119,0.0033,0.00081,0.00023
776.7999878,1.00E-04,-0.00014,0.00104,0.00321,0.00073,0.00027
777.1199951,-0.00013,-0.00024,0.00099,0.00296,0.00053,5.00E-05
777.4500122,-0.00016,-0.00023,0.00118,0.00302,0.00057,2.00E-05
777.7800293,-0.00019,-0.00023,0.00134,0.00302,0.00072,0
778.0999756,-0.00022,-0.00025,0.00134,0.00328,0.00059,-1.00E-05
778.4299927,-0.00037,-0.00031,0.00139,0.0034,0.00054,1.00E-05
778.75,-0.00046,-0.00031,0.00142,0.00344,0.00039,1.00E-05
779.0800171,-0.00034,-0.00031,0.00148,0.00356,0.00049,-5.00E-05
779.4000244,-0.00031,-0.00027,0.00147,0.00375,0.00055,1.00E-05
779.7299805,-0.00026,-0.00026,0.00141,0.00377,0.0006,4.00E-05
780.0599976,-0.00019,-1.00E-04,0.00146,0.00412,0.00068,0.00029
780.3800049,-0.00015,-6.00E-05,0.00142,0.00406,0.00072,0.00024
780.710022,0,0.00014,0.00155,0.00421,0.00093,0.00037
781.0300293,4.00E-05,0.00012,0.00162,0.00421,0.00111,0.00038
781.3599854,-5.00E-05,0.00021,0.00173,0.00419,0.00114,0.00054
781.6799927,0.00022,0.00046,0.00203,0.00446,0.00156,0.00093
782.0100098,0.00035,0.0006,0.00212,0.00459,0.0016,0.00095
782.3300171,0.00023,0.0004,0.00191,0.00432,0.00133,0.00066
782.6599731,0.00016,0.00032,0.00199,0.00417,0.00134,0.00072
782.9799805,0.00018,0.00019,0.00204,0.00406,0.00122,0.00054
783.3099976,0.00013,0.0003,0.00207,0.00418,0.00112,0.00054
783.6300049,0.00015,0.00025,0.00204,0.00418,0.0011,0.00039
783.960022,7.00E-05,9.00E-05,0.00177,0.00393,0.00085,0.00012
784.2800293,6.00E-05,-3.00E-05,0.00174,0.0039,0.00083,9.00E-05
784.6099854,-3.00E-05,2.00E-05,0.00187,0.00379,0.00095,0.0004
784.9299927,-2.00E-05,0.00031,0.00191,0.00402,0.00107,0.00067
785.2600098,-2.00E-05,0.00035,0.00181,0.00408,0.00104,0.00082
785.5800171,-2.00E-05,0.00035,0.00175,0.00394,0.00102,0.00076
785.9099731,4.00E-05,0.00045,0.00175,0.00397,0.0011,0.00087
786.2299805,-7.00E-05,0.00047,0.00188,0.00396,0.0011,0.00082
786.5599976,-0.00012,0.00049,0.00188,0.00393,0.00119,0.00089
786.8800049,1.00E-04,0.0006,0.00188,0.00388,0.00121,0.00079
787.2000122,0.00014,0.00034,0.00173,0.00373,0.00109,0.00057
787.5300293,0.00015,0.00024,0.00174,0.00356,0.00102,0.0004
787.8499756,1.00E-04,0.00022,0.00175,0.00349,0.00108,0.0004
788.1799927,-7.00E-05,5.00E-05,0.00168,0.00345,0.00097,0.00038
788.5,-0.00015,-4.00E-05,0.00149,0.00354,0.00094,0.00033
788.8300171,-0.00022,-0.00012,0.00142,0.00334,0.00074,0.00019
789.1500244,-0.00017,-0.00014,0.00151,0.00351,0.00079,0.00015
789.4699707,-0.00037,-0.00026,0.00153,0.00329,0.00072,3.00E-05
789.7999878,-0.00047,-0.00025,0.00146,0.00337,0.00072,1.00E-04
790.1199951,-0.00044,-0.00042,0.00129,0.0035,0.0007,5.00E-05
790.4500122,-0.0003,-0.00041,0.00136,0.00354,0.00069,2.00E-05
790.7700195,-8.00E-05,-0.00032,0.00146,0.0036,0.00069,0.0002
791.0900269,-0.00014,-0.00016,0.00157,0.00379,0.00083,0.00028
791.4199829,-0.00014,-9.00E-05,0.00154,0.0039,0.00086,0.00026
791.7399902,6.00E-05,0,0.00174,0.00414,0.00095,0.00027
792.0599976,0.00017,1.00E-04,0.00181,0.00424,0.00097,0.00025
792.3900146,0.00013,0.00012,0.00186,0.00407,0.00087,0.00038
792.710022,4.00E-05,0.0002,0.00191,0.00407,0.00096,0.00044
793.039978,-0.00011,1.00E-04,0.00178,0.00397,0.00081,0.00018
793.3599854,0.00013,0.00026,0.0018,0.00395,0.00087,0.00038
793.6799927,0.00016,0.00014,0.00174,0.0038,0.00087,0.00041
794.0100098,0.00013,0.00025,0.00174,0.00374,0.00088,0.00043
794.3300171,-4.00E-05,0.00012,0.00155,0.00358,0.00078,0.00029
794.6500244,0.00015,0.00027,0.00167,0.00384,0.00088,0.00026
794.9799805,0.00022,0.00023,0.00165,0.00367,0.00091,0.00024
795.2999878,0.00012,0.00021,0.00178,0.00365,0.0008,0.00038
795.6199951,1.00E-05,-4.00E-05,0.00172,0.00349,0.00068,7.00E-05
795.9400024,-0.0003,-0.00019,0.00157,0.00351,0.00053,-7.00E-05
796.2700195,-0.00038,-0.00026,0.00138,0.00347,0.00058,-7.00E-05
796.5900269,-0.00023,-0.00028,0.00137,0.00357,0.00066,5.00E-05
796.9099731,-0.00036,-0.00033,0.00135,0.00347,0.00059,-3.00E-05
797.2399902,-0.0003,-0.00016,0.00145,0.00366,0.00056,0.00012
797.5599976,-0.00015,-6.00E-05,0.00145,0.00377,0.00081,0.00013
797.8800049,-0.00025,-0.00011,0.00137,0.0038,0.00088,0.00013
798.210022,-5.00E-05,1.00E-05,0.00155,0.00379,0.0009,0.00022
798.5300293,-4.00E-05,5.00E-05,0.00158,0.00391,0.00072,0.00018
798.8499756,0,0.00011,0.00172,0.0039,0.00088,0.00029
799.1699829,5.00E-05,8.00E-05,0.00172,0.00385,0.00101,0.0003
799.5,0,6.00E-05,0.00157,0.00385,0.00108,0.00023
799.8200073,-8.00E-05,1.00E-04,0.00152,0.00379,0.00105,0.00016
800.1400146,-0.00016,9.00E-05,0.00146,0.00367,0.00092,0.00014
800.460022,-9.00E-05,0.00018,0.00144,0.00371,0.00116,0.00022
800.789978,-0.00013,0.00017,0.00149,0.00363,0.00132,0.00032
801.1099854,-0.00033,6.00E-05,0.00139,0.0035,0.00109,0.00021
801.4299927,-0.00038,-2.00E-05,0.00144,0.00345,0.00106,0.00029
801.75,-0.00035,-0.00011,0.00131,0.00346,0.00097,0.00016
802.0700073,-0.00023,-1.00E-05,0.00137,0.0035,0.00102,0.00035
802.4000244,-0.00012,4.00E-05,0.00151,0.00359,0.00103,0.00045
802.7199707,-0.00028,-1.00E-04,0.00136,0.0035,0.00093,0.00045
803.039978,-0.00024,-0.00021,0.00133,0.00353,0.00095,0.00036
803.3599854,-0.00015,-6.00E-05,0.00141,0.0037,0.00105,0.00026
803.6799927,-0.00016,9.00E-05,0.00145,0.00369,0.0011,0.00014
804.0100098,-0.00015,6.00E-05,0.00169,0.00367,0.0011,0.00026
804.3300171,-0.00036,-0.00014,0.0016,0.00371,0.00108,1.00E-04
804.6500244,-0.00043,-5.00E-05,0.00158,0.00381,0.00109,7.00E-05
804.9699707,-0.00041,8.00E-05,0.0018,0.00394,0.00096,3.00E-05
805.289978,-0.00037,0.00025,0.00184,0.00402,0.00114,0.00017
805.6199951,-0.00018,0.00037,0.00208,0.00413,0.0011,0.00039
805.9400024,-0.00013,0.00039,0.00211,0.00434,0.00099,0.00045
806.2600098,-0.00011,0.00052,0.00217,0.00443,0.00105,0.00043
806.5800171,-6.00E-05,0.00051,0.00218,0.00433,0.00101,0.00037
806.9000244,6.00E-05,0.00046,0.00222,0.00436,0.00104,0.00047
807.2199707,0.00016,0.00041,0.00222,0.00434,0.00106,0.00044
807.539978,-3.00E-05,0.00028,0.00228,0.00408,0.00087,0.00015
807.8699951,-0.00021,4.00E-05,0.00195,0.00389,0.00085,2.00E-05
808.1900024,-1.00E-04,9.00E-05,0.00185,0.00387,0.00108,0.00025
808.5100098,-0.00027,-0.00013,0.00162,0.00361,0.00082,1.00E-04
808.8300171,-0.00033,-0.00016,0.00161,0.00354,0.00079,0
809.1500244,-0.00043,-0.00016,0.00163,0.0036,0.00067,-6.00E-05
809.4699707,-0.00042,-0.00013,0.0015,0.00348,0.0007,-0.00015
809.789978,-0.00057,-0.00032,0.00137,0.00351,0.00056,-0.00013
810.1099854,-0.00054,-0.0002,0.0016,0.00352,0.0006,2.00E-05
810.4299927,-0.00067,-0.00027,0.00158,0.00354,0.00035,-8.00E-05
810.7600098,-0.0005,-0.00026,0.00159,0.00376,0.00054,5.00E-05
811.0800171,-0.00026,-5.00E-05,0.00173,0.00408,0.00074,0.00041
811.4000244,-0.00015,-9.00E-05,0.00186,0.00399,0.00094,0.0004
811.7199707,-0.00016,-0.00012,0.00187,0.00416,0.00089,0.00033
812.039978,0.00022,5.00E-05,0.00183,0.00434,0.00109,0.00045
812.3599854,0.00015,0,0.00189,0.00433,0.0011,0.0002
812.6799927,0.00015,5.00E-05,0.00213,0.00426,0.00118,9.00E-05
813,0.00011,0.00017,0.00229,0.00427,0.00115,0.00014
813.3200073,5.00E-05,2.00E-05,0.00225,0.00415,0.00106,1.00E-05
813.6400146,0,0,0.00212,0.00416,0.00101,0.00016
813.960022,-0.00012,0.00012,0.00216,0.00414,0.00124,0.00047
814.2800293,-0.00019,0.00012,0.0022,0.00408,0.00116,0.00053
814.5999756,-0.00013,0.00024,0.00219,0.0042,0.00113,0.00074
814.9199829,-0.0002,0.00011,0.00201,0.00427,0.00099,0.00086
815.2399902,-0.00026,-2.00E-05,0.00194,0.00421,0.00092,0.00072
815.5599976,-0.00042,-0.00024,0.00171,0.00394,0.00078,0.0005
815.8800049,-0.00053,-0.00026,0.00161,0.00395,0.00056,0.00031
816.2000122,-0.00035,-0.00044,0.00162,0.00392,0.00045,2.00E-05
816.5200195,-0.0004,-0.00049,0.00175,0.00403,0.00036,-4.00E-05
816.8400269,-0.00033,-0.00055,0.00166,0.00392,0.00032,-0.00031
817.1599731,-0.00031,-0.00037,0.00169,0.0039,0.00039,-0.00046
817.4799805,-0.00037,-0.00034,0.00164,0.00401,0.00041,-0.00057
817.7999878,-0.00021,-0.00016,0.00186,0.00409,0.00058,-0.00037
818.1199951,-0.00015,-2.00E-05,0.00204,0.00419,0.00079,-0.0003
818.4400024,-0.00027,6.00E-05,0.00209,0.00412,0.00065,-0.00018
818.7600098,-0.00016,-4.00E-05,0.00203,0.00397,0.00063,-0.00022
819.0800171,-0.00024,-0.00012,0.00188,0.00389,0.0006,-1.00E-04
819.4000244,-0.00014,-0.00023,0.00183,0.00381,0.00065,-7.00E-05
819.7199707,4.00E-05,-0.00012,0.00185,0.00373,0.00072,0.00025
820.039978,6.00E-05,-1.00E-05,0.00185,0.0041,0.0007,0.00035
820.3599854,0.00016,-2.00E-05,0.00193,0.00404,0.00072,0.00032
820.6799927,0.00021,-7.00E-05,0.00186,0.004,0.00081,0.00024
821,-2.00E-05,1.00E-04,0.00165,0.00396,0.00084,7.00E-05
821.3200073,1.00E-05,4.00E-05,0.00169,0.00399,0.0009,2.00E-05
821.6400146,-8.00E-05,-0.00012,0.0017,0.00397,0.00081,-7.00E-05
821.960022,-0.00013,-0.00023,0.00159,0.004,0.00068,-0.0002
822.2700195,-0.00034,-0.00051,0.00138,0.00354,0.00043,-0.00044
822.5900269,-0.00027,-0.00058,0.00121,0.0036,0.00052,-0.00031
822.9099731,-0.00047,-0.00071,0.00101,0.0036,0.00027,-0.0004
823.2299805,-0.00036,-0.00065,0.00131,0.00375,0.00039,-0.00015
823.5499878,-0.00051,-0.00055,0.00129,0.00382,0.00022,-0.00035
823.8699951,-0.00037,-0.00032,0.0014,0.0039,0.00038,-7.00E-05
824.1900024,-0.00042,-0.00042,0.0016,0.0037,0.00046,-0.00016
824.5100098,-0.00037,-0.00033,0.00171,0.00368,0.00046,-0.00022
824.8300171,-0.0004,-0.00023,0.00171,0.00377,0.00054,-0.00029
825.1400146,-0.00031,2.00E-05,0.00203,0.00405,0.00069,-0.00017
825.460022,-1.00E-05,0.00019,0.00192,0.00423,0.00067,0
825.7800293,-5.00E-05,9.00E-05,0.00185,0.00405,0.00083,0.00018
826.0999756,-4.00E-05,0.00025,0.00183,0.00416,0.00084,8.00E-05
826.4199829,0,0.00031,0.00158,0.00423,0.00074,0.00027
826.7399902,-7.00E-05,0.00037,0.00155,0.00449,0.00094,0.00032
827.0599976,-0.00019,0.00017,0.00137,0.00416,0.00059,0.00039
827.3699951,-0.00037,-2.00E-05,0.00127,0.0039,0.00065,0.00034
827.6900024,-0.0006,-5.00E-05,0.00128,0.00373,0.00061,0.00019
828.0100098,-0.00063,3.00E-05,0.00131,0.00379,0.00064,0.00027
828.3300171,-0.00053,-0.00023,0.00142,0.00374,0.00061,0.00024
828.6500244,-0.0007,-0.00019,0.00142,0.00384,0.00066,8.00E-05
828.960022,-0.00064,8.00E-05,0.00157,0.00391,0.00081,0.00025
829.2800293,-0.00072,-2.00E-05,0.00152,0.00409,0.00098,0.00011
829.5999756,-0.00081,-0.00015,0.00134,0.00381,0.00063,0.00014
829.9199829,-0.00067,-0.00019,0.00131,0.00373,0.00072,0.00016
830.2399902,-0.00056,-0.00028,0.00118,0.00392,0.00069,0.00013
830.5499878,-0.00105,-0.00058,0.00079,0.00353,0.00049,-7.00E-05
830.8699951,-0.00101,-0.00059,0.00088,0.00338,0.00047,-0.00014
831.1900024,-0.00108,-0.00099,0.00075,0.00327,0.00014,-0.00039
831.5100098,-0.00079,-0.00069,0.00102,0.0034,0.00015,-0.00023
831.8300171,-0.00058,-0.00069,0.0011,0.00368,0.00051,-0.00018
832.1400146,-0.00078,-0.00068,0.0012,0.00369,0.00039,-0.00025
832.460022,-0.00079,-0.00062,0.00152,0.00367,0.00032,-0.00015
832.7800293,-0.0007,-0.00044,0.00164,0.00391,0.00056,-0.00016
833.0999756,-0.00078,-0.00043,0.00176,0.00411,0.00069,0.00011
833.4099731,-0.00083,-0.00044,0.00171,0.00395,0.00052,0.00016
833.7299805,-0.00103,-0.00045,0.00173,0.00384,0.00035,7.00E-05
834.0499878,-0.00107,-0.00021,0.00179,0.0038,0.00023,9.00E-05
834.3599854,-0.00114,-0.0004,0.0017,0.00376,0.00012,4.00E-05
834.6799927,-0.0011,-0.00035,0.00154,0.00356,0.00011,8.00E-05
835,-0.001,-0.0005,0.00161,0.00357,1.00E-05,1.00E-04
835.3200073,-0.00074,-0.00036,0.00157,0.00362,6.00E-05,-5.00E-05
835.6300049,-0.00045,-3.00E-05,0.00174,0.00387,0.00044,0.0002
835.9500122,-0.0004,-0.00012,0.00145,0.0038,0.0003,0.00026
836.2700195,-0.00031,-0.00025,0.00142,0.00377,0.00044,0.00013
836.5800171,-0.00028,-0.00014,0.0014,0.0037,0.00047,0.00037
836.9000244,-0.00028,-0.00013,0.0014,0.00386,0.0004,0.00018
837.2199707,-0.00033,0.00018,0.0013,0.0039,0.00033,0.00017
837.5300293,-0.00035,0.00017,0.0014,0.00395,0.00022,0.00029
837.8499756,-0.00058,2.00E-05,0.00115,0.00367,0.0002,-5.00E-05
838.1699829,-0.00085,-0.0003,0.0011,0.00342,0.00021,-0.00031
838.4799805,-0.00094,-0.00029,0.00096,0.00352,0.00015,-0.00023
838.7999878,-0.00084,-0.00013,0.00122,0.00385,0.00037,-0.00036
839.1199951,-0.0008,-0.00014,0.0012,0.0039,0.00058,-0.00029
839.4299927,-0.00083,-0.00022,0.00121,0.00396,0.00063,-0.00013
839.75,-0.00092,-0.00027,0.00118,0.00377,0.00052,-0.00049
840.0700073,-0.00057,-0.00027,0.00152,0.00415,0.00068,-0.00033
840.3800049,-0.0003,0.00011,0.00176,0.00452,0.00098,-3.00E-05
840.7000122,-0.00019,0.00022,0.00207,0.00453,0.00078,0.00014
841.0100098,-0.00023,9.00E-05,0.00188,0.00434,0.00068,0.00021
841.3300171,-0.00022,0.00013,0.00207,0.00429,0.00053,0.0002
841.6500244,7.00E-05,0.00054,0.00235,0.00429,0.00061,0.00055
841.960022,0.00014,0.00044,0.00223,0.0043,0.00066,0.00065
842.2800293,-0.00032,0.00018,0.00206,0.00375,0.00015,0.0006
842.5999756,-0.00046,-5.00E-05,0.00194,0.00374,-2.00E-05,0.00033
842.9099731,-0.00067,-0.00021,0.00177,0.00374,-3.00E-05,0.00014
843.2299805,-0.00062,-0.00023,0.00179,0.00358,-3.00E-05,-0.00011
843.539978,-0.00064,-0.0004,0.0018,0.00345,0.00016,-0.00012
843.8599854,-0.00081,-0.0008,0.00159,0.00336,2.00E-05,-0.0004
844.1699829,-0.00094,-0.00074,0.00172,0.00349,0.00024,-0.00012
844.4899902,-0.00081,-0.00037,0.00196,0.00392,0.00063,-2.00E-05
844.8099976,-0.00066,-0.00018,0.0023,0.0038,0.00089,0.00036
845.1199951,-0.00066,-0.00012,0.00225,0.00365,0.00119,0.00024
845.4400024,-0.00065,-0.00043,0.00216,0.00371,0.00092,0.00033
845.75,-0.00079,-0.00035,0.00199,0.00375,0.00073,0.00037
846.0700073,-0.00104,-0.00073,0.00179,0.00364,0.00056,0.00031
846.3800049,-0.00087,-0.00065,0.00178,0.00355,0.00043,0.00025
846.7000122,-0.00081,-0.00075,0.00168,0.00338,0.00025,0.00024
847.0100098,-0.00113,-0.00097,0.00125,0.00336,2.00E-05,3.00E-05
847.3300171,-0.00098,-0.00098,0.00126,0.00341,-0.00028,0.00016
847.6400146,-0.00125,-0.00098,0.00119,0.00347,-0.00027,0.00013
847.960022,-0.00118,-0.00083,0.00116,0.00348,-0.00013,0.00015
848.2700195,-0.00123,-0.00057,0.00127,0.00367,8.00E-05,0.00014
848.5900269,-0.00161,-0.00055,0.00116,0.00362,0.00013,0.00024
848.9000244,-0.00168,-0.00063,0.00106,0.00375,5.00E-05,9.00E-05
849.2199707,-0.00145,-0.00042,0.00112,0.00382,1.00E-04,-1.00E-04
849.5300293,-0.00125,-0.00028,0.00136,0.00426,6.00E-05,9.00E-05
849.8499756,-0.00111,-9.00E-05,0.00121,0.00428,0.0002,0.00017
850.1599731,-0.00101,-0.00031,0.0011,0.0043,-0.00013,5.00E-05
850.4799805,-0.00079,-0.00031,0.00103,0.00414,-0.00025,-0.00032
850.789978,-0.00082,-0.00057,0.00073,0.00402,-0.00041,-0.0007
851.1099854,-0.00065,-0.00046,0.00053,0.00382,-0.00032,-0.00054
851.4199829,-0.00052,-0.00055,0.0007,0.00372,-0.00031,-0.00038
851.7399902,-0.00069,-0.00059,0.0004,0.0033,0.00012,-0.00071
852.0499878,-0.00049,-0.0004,0.0007,0.00347,0.00049,-0.00057
852.3599854,-0.00054,-0.00049,0.00081,0.00348,0.00061,-0.00058
852.6799927,-0.00059,-0.00057,0.00089,0.0034,0.00047,-0.00054
852.9899902,-0.00066,-0.00047,0.00102,0.00345,0.00033,-0.00054
853.3099976,-0.00083,-0.00077,0.00119,0.00367,0.00021,-0.0004
853.6199951,-0.00071,-0.00063,0.00114,0.00381,9.00E-05,-0.00056
853.9400024,-0.00057,-0.0008,0.00119,0.00388,-0.00016,-0.00014
854.25,-0.00067,-0.00091,0.00109,0.00386,-0.00053,-0.00031
854.5599976,-0.00066,-0.00068,0.00115,0.00395,-0.00027,-0.00035
854.8800049,-0.00027,-0.00033,0.00148,0.00414,0.00037,0.00024
855.1900024,0.00026,-0.00017,0.00173,0.00422,0.00077,0.00052
855.5100098,0.00054,0.00032,0.00197,0.00415,0.00129,0.00032
855.8200073,4.00E-05,0.00022,0.00181,0.00422,0.00129,0.00043
856.1300049,-0.00012,0.00032,0.00177,0.00413,0.00118,3.00E-05
856.4500122,-0.00025,0.00032,0.00196,0.00397,0.00113,0.0002
856.7600098,-5.00E-05,0.00043,0.00237,0.00418,0.00105,0.00037
857.0700073,-0.00063,3.00E-05,0.0019,0.00398,0.00052,-0.00012
857.3900146,-0.00087,-4.00E-05,0.00205,0.00397,0.00043,-0.00015
857.7000122,-0.00114,-0.00034,0.00179,0.00387,8.00E-05,-0.00029
858.0200195,-0.001,-0.00021,0.00219,0.00358,0.00018,-0.00022
858.3300171,-0.00102,-0.00022,0.00236,0.00371,0.00044,-0.00024
858.6400146,-0.0009,-0.00051,0.00201,0.00361,0.0004,-0.0005
858.960022,-0.00134,-0.00066,0.00142,0.00322,0.00026,-0.00055
859.2700195,-0.00114,-0.00034,0.00146,0.00344,0.00019,-0.00048
859.5800171,-0.00113,-0.00033,0.00152,0.00349,0.00038,-0.00064
859.9000244,-0.00105,-0.0004,0.00164,0.00365,0.00041,-0.00049
860.210022,-0.001,-0.00088,0.00123,0.00361,0.00022,-0.00063
860.5200195,-0.00095,-0.00088,0.0012,0.00326,-0.00011,-0.00051
860.8300171,-0.00094,-0.00065,0.00123,0.00323,9.00E-05,-0.00034
861.1500244,-0.00086,-0.00073,0.00155,0.00338,0.00013,-0.00026
861.460022,-0.00097,-0.00097,0.00167,0.00338,0.00018,-0.00018
861.7700195,-0.00079,-0.00099,0.00165,0.00343,7.00E-05,-9.00E-05
862.0900269,-0.00064,-0.00075,0.00149,0.00347,-2.00E-05,0.00025
862.4000244,-0.00054,-0.00047,0.00166,0.00365,1.00E-05,0.00044
862.710022,-0.0005,-0.00049,0.00185,0.00402,0.00023,0.00073
863.0200195,-0.0007,-0.00051,0.0015,0.00423,-3.00E-05,0.00054
863.3400269,-0.00096,-0.00066,0.00103,0.00385,-8.00E-05,0.0002
863.6500244,-0.00102,-0.00048,0.00111,0.00371,-1.00E-05,3.00E-05
863.960022,-0.00102,-0.00041,0.00111,0.00367,-0.00013,0.00026
864.2700195,-0.00137,-0.00051,0.00108,0.00357,-0.00016,0
864.5900269,-0.00144,-0.00073,0.00107,0.0035,-9.00E-05,-0.00019
864.9000244,-0.00113,-0.00066,0.00075,0.00328,-0.00017,-0.00043
865.210022,-0.00109,-0.00069,0.00099,0.00298,-0.00015,-0.00042
865.5200195,-0.00058,-0.00072,0.00117,0.00318,-0.00021,-0.00024
865.8400269,-0.00029,-0.00091,0.00097,0.00284,-0.00044,-0.00022
866.1500244,-0.0003,-0.00104,0.00076,0.00301,-0.00039,-0.00049
866.460022,-0.00028,-0.00141,0.00091,0.00286,-0.00044,-0.00067
866.7700195,-0.00042,-0.00119,0.00102,0.00271,-0.00046,-0.00058
867.0800171,-0.00042,-0.0009,0.00132,0.00328,-0.00035,-0.00016
867.4000244,-0.00016,-0.00098,0.00166,0.00347,-0.00016,-8.00E-05
867.710022,-0.00053,-0.00104,0.00137,0.00362,-0.00035,1.00E-05
868.0200195,-0.00058,-0.0011,0.00137,0.00402,-8.00E-05,-0.00011
868.3300171,-0.00096,-0.00084,0.00143,0.00361,-0.00037,-1.00E-05
868.6400146,-0.00082,-0.00055,0.00121,0.00366,-0.00044,0.00019
868.960022,-0.00079,-0.00049,0.00126,0.00379,-0.00054,0.00026
869.2700195,-0.00142,-0.00099,0.00093,0.0032,-0.00086,-0.00022
869.5800171,-0.00171,-0.00098,0.00063,0.00313,-0.00104,-0.0002
869.8900146,-0.00101,-0.00041,0.00144,0.00351,-0.0006,0.0002
870.2000122,-0.00094,-0.00015,0.0014,0.00387,-0.00073,0.00054
870.5100098,-0.00069,-0.00069,0.00112,0.00389,-0.00076,0.00043
870.8200073,-0.0006,-0.00049,0.00133,0.00394,-0.00043,0.00036
871.1400146,-0.00072,-0.00059,0.0009,0.00374,-0.0005,-0.00011
871.4500122,-0.00068,-0.00042,0.00084,0.00401,-0.00037,-0.00011
871.7600098,-0.00101,-0.00045,0.00076,0.00402,-0.0004,-0.00042
872.0700073,-0.00129,-0.00075,0.00074,0.00357,-0.00035,-0.00077
872.3800049,-0.00173,-0.00102,0.00095,0.00306,-0.00026,-0.00082
872.6900024,-0.00188,-0.00079,0.00137,0.00329,-0.00017,-0.00061
873,-0.00248,-0.00109,0.00099,0.00292,-0.00043,-0.00074
873.3099976,-0.0024,-0.00126,0.00106,0.00264,-0.00042,-0.00064
873.6300049,-0.00207,-0.00111,0.00116,0.00262,8.00E-05,-0.00053
873.9400024,-0.00158,-0.00086,0.00142,0.00275,0.00043,-6.00E-05
874.25,-0.00153,-0.00106,0.00123,0.00286,0.00037,-0.00019
874.5599976,-0.00127,-0.00129,0.00104,0.00304,0.00041,-0.00033
874.8699951,-0.00146,-0.00134,0.00072,0.00274,1.00E-05,-0.00086
875.1799927,-0.00128,-0.00128,0.00096,0.00283,6.00E-05,-0.00079
875.4899902,-0.00114,-0.00121,0.00109,0.00311,0.00024,-0.00063
875.7999878,-0.00123,-0.00141,0.00128,0.00275,-0.00046,-0.00079
876.1099854,-0.0012,-0.00157,0.00136,0.00274,-0.00084,-0.00081
876.4199829,-0.00154,-0.00145,0.00119,0.00269,-0.0012,-0.00081
876.7299805,-0.00168,-0.00109,0.00133,0.00244,-0.00139,-0.00097
877.039978,-0.00119,-0.00106,0.00159,0.00266,-0.00068,-0.00017
877.3499756,-0.001,-0.00105,0.00128,0.00283,-0.00051,-0.00033
877.6599731,-0.00118,-0.00086,0.00113,0.00286,-0.00078,-0.00026
877.9699707,-0.00121,-0.00073,0.00083,0.00295,-0.00063,-0.00028
878.2800293,-0.00136,-0.00069,0.00053,0.00303,-0.00075,-0.00051
878.5900269,-0.0014,-0.00087,0.00032,0.00278,-0.00056,-0.00066
878.9000244,-0.00106,-0.00102,2.00E-05,0.00301,-0.00076,-0.00041
879.210022,-0.00117,-0.00094,-0.00019,0.00263,-0.00118,-0.00061
879.5200195,-0.00155,-0.00111,2.00E-05,0.00255,-0.0018,-0.00068
879.8300171,-0.00134,-0.00108,8.00E-05,0.00285,-0.00135,-0.00044
880.1400146,-0.00159,-0.00144,-0.00016,0.00258,-0.00151,-0.00072
880.4500122,-0.00146,-0.00139,2.00E-05,0.00233,-0.00147,-0.00095
880.7600098,-0.00116,-0.00129,1.00E-05,0.00268,-0.00158,-0.00096
881.0700073,-0.00148,-0.001,-0.00019,0.00234,-0.00131,-0.00089
881.3800049,-0.00185,-0.0015,-0.00063,0.00249,-0.00156,-0.00131
881.6900024,-0.00146,-0.00134,-0.00067,0.00239,-0.00101,-0.00107
882,-0.00176,-0.00132,-0.00058,0.00227,-0.00131,-0.00119
882.3099976,-0.00175,-0.00093,-0.00019,0.00256,-0.00086,-0.00097
882.6199951,-0.00207,-0.00117,-0.00051,0.00279,-0.00061,-0.00087
882.9299927,-0.00239,-0.00118,-0.00054,0.00254,-0.00045,-0.00079
883.2399902,-0.00236,-0.00172,-0.00044,0.00254,-0.00055,-0.00113
883.5499878,-0.00182,-0.00073,0.00057,0.00281,3.00E-05,-0.00058
883.8599854,-0.0017,-0.00063,0.00098,0.00325,-0.00032,-0.00074
884.1699829,-0.00135,-0.00052,0.00116,0.0034,2.00E-05,-0.00079
884.4799805,-0.00132,-0.00073,0.00096,0.00368,-0.00048,-0.00062
884.789978,-0.00151,-0.0007,0.00091,0.00345,-0.0008,-0.00067
885.0900269,-0.00175,-0.00084,0.00071,0.00307,-0.00126,-0.00091
885.4000244,-0.00153,-0.00029,0.00113,0.00307,-0.00087,-0.00065
885.710022,-0.00185,-0.00088,0.00074,0.00292,-0.00121,-0.00098
886.0200195,-0.002,-0.00077,0.00067,0.00248,-0.00104,-0.00067
886.3300171,-0.00224,-0.00124,0.00048,0.00241,-0.00161,-0.00088
886.6400146,-0.00258,-0.00119,0.00041,0.00223,-0.0016,-0.00101
886.9500122,-0.00225,-0.00086,0.00096,0.00227,-0.00136,-0.00028
887.2600098,-0.00193,-0.00033,0.00113,0.00256,-0.00099,-0.00017
887.5700073,-0.00208,-0.00025,0.00128,0.00297,-0.00116,3.00E-05
887.8699951,-0.00188,5.00E-05,0.00099,0.00299,-0.00137,1.00E-05
888.1799927,-0.00157,0.00024,0.00073,0.0036,-0.00134,-0.00022
888.4899902,-0.00157,0.00068,0.00043,0.00348,-0.00144,-7.00E-05
888.7999878,-0.00089,0.00096,0.00079,0.004,-0.00102,0.00039
889.1099854,-0.00092,0.00035,0.00023,0.00422,-0.00158,-0.00056
889.4199829,-0.00075,0,0.00045,0.00444,-0.00139,-0.0004
889.7199707,-0.00078,-5.00E-05,5.00E-05,0.00428,-0.00161,-0.00055
890.0300293,-0.00063,-3.00E-05,0.00064,0.00467,-0.00088,-0.00042
890.3400269,-0.00083,-0.00021,0.00102,0.00425,-0.00095,-1.00E-04
890.6500244,-0.0007,-0.00061,0.00126,0.00432,-0.00095,-0.00039
890.960022,-0.00089,-0.00066,0.00106,0.00363,-0.00106,-0.00062
891.2700195,-0.00092,-0.00037,0.00131,0.00328,-0.0009,-0.00043
891.5700073,-0.00148,-0.00056,0.00079,0.00288,-0.00152,-0.00086
891.8800049,-0.00153,-0.00088,0.00073,0.00286,-0.00157,-0.00103
892.1900024,-0.00228,-0.00132,6.00E-05,0.00211,-0.00237,-0.00116
892.5,-0.00234,-0.0014,0,0.00194,-0.00211,-0.00146
892.7999878,-0.00231,-0.00124,0.00025,0.00224,-0.00169,-0.00115
893.1099854,-0.00253,-0.00126,1.00E-05,0.00273,-0.00185,-0.00132
893.4199829,-0.00242,-0.00101,0.00029,0.00275,-0.00202,-0.0011
893.7299805,-0.00235,-0.00056,0.00048,0.00297,-0.00195,-0.00064
894.039978,-0.00214,-0.0002,0.00098,0.00325,-0.00195,-0.00079
894.3400269,-0.00214,-0.00073,0.00131,0.00341,-0.00218,-0.00103
894.6500244,-0.00231,-0.00089,0.00128,0.00342,-0.0028,-0.00097
894.960022,-0.00256,-0.00093,0.00105,0.00327,-0.00315,-0.00077
895.2600098,-0.00248,-0.00096,0.00112,0.00302,-0.00312,-0.00059
895.5700073,-0.00229,-0.00103,0.00092,0.00315,-0.00258,-0.00066
895.8800049,-0.00222,-0.00138,0.00121,0.0031,-0.00237,-0.00103
896.1900024,-0.0027,-0.00153,0.00086,0.00285,-0.00237,-0.00104
896.4899902,-0.00218,-0.0007,0.00094,0.00299,-0.00172,-0.00091
896.7999878,-0.00221,-0.00068,0.00095,0.00313,-0.00125,-0.00064
897.1099854,-0.00239,-0.00075,0.00087,0.00298,-0.00121,-0.00114
897.4199829,-0.00277,-0.00104,0.00068,0.00287,-0.00112,-0.00141
897.7199707,-0.00307,-0.00098,0.00091,0.00269,-0.0011,-0.00152
898.0300293,-0.00298,-0.00119,0.00053,0.00265,-0.00113,-0.00164
898.3400269,-0.00268,-0.00147,0.00032,0.00239,-0.00087,-0.0014
898.6400146,-0.00281,-0.00185,5.00E-05,0.00237,-0.001,-0.00143
898.9500122,-0.0024,-0.00194,-0.00014,0.00261,-0.00111,-0.00167
899.2600098,-0.00163,-0.00166,-7.00E-05,0.00261,-0.00055,-0.00139
899.5599976,-0.00134,-0.0019,0.00036,0.00286,-0.00094,-0.0015
899.8699951,-0.00101,-0.00231,-7.00E-05,0.003,-0.00102,-0.00143
900.1799927,-0.00093,-0.00213,0.00011,0.00313,-0.00097,-0.00135
900.4799805,-0.00044,-0.00206,0.00084,0.00359,-0.00094,-0.001
900.789978,-0.00043,-0.00178,0.00106,0.0038,-0.00069,-0.00108
901.0999756,-0.00078,-0.00191,0.00087,0.00345,-0.00082,-0.00155
901.4000244,-0.00132,-0.00247,0.00054,0.00331,-0.0013,-0.00167
901.710022,-0.00106,-0.002,0.00076,0.00326,-0.00097,-0.00139
902.0100098,-0.00155,-0.00187,0.0009,0.00318,-0.00122,-0.00184
902.3200073,-0.00174,-0.00164,0.00111,0.00329,-0.00158,-0.00179
902.6300049,-0.00227,-0.00152,0.00037,0.00269,-0.00205,-0.00226
902.9299927,-0.00238,-0.00147,1.00E-04,0.00279,-0.00234,-0.00192
903.2399902,-0.00227,-0.00113,0.00024,0.00271,-0.00216,-0.00171
903.539978,-0.00216,-0.00071,0.00022,0.00273,-0.00222,-0.00182
903.8499756,-0.00256,-0.0011,-0.00039,0.00231,-0.00264,-0.00222
904.1599731,-0.00285,-0.00135,-0.00069,0.00148,-0.0027,-0.00223
904.460022,-0.00298,-0.00192,-0.00109,0.00101,-0.00304,-0.00208
904.7700195,-0.00285,-0.00197,-0.00105,0.00131,-0.00293,-0.00226
905.0700073,-0.00251,-0.00183,-0.0005,0.00112,-0.00296,-0.00233
905.3800049,-0.00234,-0.00198,-0.00046,0.00139,-0.00277,-0.00189
905.6799927,-0.00276,-0.00221,-0.00043,0.00141,-0.00294,-0.002
905.9899902,-0.00251,-0.00157,0.00019,0.00155,-0.00239,-0.00165
906.2999878,-0.00175,-0.00116,0.00074,0.00261,-0.00184,-0.00067
906.5999756,-0.00144,-0.00055,0.00092,0.00291,-0.00111,-0.00057
906.9099731,-0.00166,-0.00073,0.00125,0.00316,-0.00101,-0.00026
907.210022,-0.00178,-0.00091,0.00065,0.00301,-0.00105,-0.00072
907.5200195,-0.00209,-0.0013,0.00054,0.00276,-0.00162,-0.00145
907.8200073,-0.00182,-0.00117,0.00075,0.00232,-0.00137,-0.00083
908.1300049,-0.00191,-0.00157,0.00068,0.00214,-0.00145,-0.00075
908.4299927,-0.00206,-0.00111,0.00064,0.00228,-0.00167,-0.00087
908.7399902,-0.00165,-0.00096,0.00103,0.00281,-0.00155,-0.00033
909.039978,-0.00161,-0.00086,0.00079,0.00264,-0.00153,-0.00052
909.3499756,-0.00174,-0.00113,0.00067,0.00234,-0.00174,-0.00013
909.6500244,-0.0013,-0.0008,0.00066,0.00237,-0.00169,0.00031
909.960022,-0.00165,-0.00083,0.0004,0.00237,-0.00214,-0.00048
910.2600098,-0.0014,-0.00054,0.00015,0.00265,-0.00183,-0.00068
910.5700073,-0.00118,-0.001,0.00012,0.00232,-0.00213,-0.00132
910.8699951,-0.0018,-0.00151,-0.0003,0.00135,-0.00249,-0.00213
911.1799927,-0.00154,-0.00132,9.00E-05,0.00176,-0.00229,-0.00172
911.4799805,-0.00114,-0.00067,0.00036,0.00221,-0.00175,-0.00162
911.789978,-0.00118,-0.00087,0.00031,0.00224,-0.00138,-0.00209
912.0900269,-0.00049,-0.00076,0.0006,0.00293,-0.00105,-0.00137
912.3900146,-0.00091,-0.00142,0.00025,0.00248,-0.00191,-0.0017
912.7000122,-0.0012,-0.00217,-0.00031,0.00221,-0.00224,-0.00171
913,-0.00084,-0.0018,0.00066,0.00321,-0.00214,-0.00098
913.3099976,-0.00084,-0.00219,0.0002,0.0025,-0.00266,-0.00163
913.6099854,-0.00133,-0.00239,-4.00E-05,0.00264,-0.00297,-0.00191
913.9199829,-0.00137,-0.00174,0.00047,0.00288,-0.00309,-0.00127
914.2199707,-0.00138,-0.00204,0.0006,0.00263,-0.00294,-0.00186
914.5200195,-0.00121,-0.0014,0.00128,0.00301,-0.00285,-0.00121
914.8300171,-0.00133,-0.0005,0.0015,0.00322,-0.00275,-0.00116
915.1300049,-0.00136,-0.00078,0.00074,0.00275,-0.00263,-0.00145
915.4400024,-0.00106,-9.00E-05,0.00107,0.00342,-0.00174,-0.00052
915.7399902,-0.00122,-0.00064,0.00096,0.0031,-0.00229,-0.00017
916.039978,-0.00167,-0.0008,0.00124,0.00317,-0.00214,-5.00E-05
916.3499756,-0.00131,0.00018,0.00176,0.00393,-0.00218,0.00087
916.6500244,-0.00123,-0.00033,0.00151,0.0041,-0.0018,0.00066
916.960022,-0.00134,-0.00074,0.00077,0.00391,-0.00183,0.00017
917.2600098,-0.00176,-0.00108,0.00023,0.00349,-0.00217,-0.00049
917.5599976,-0.00207,-0.00122,0.00014,0.0034,-0.00283,-0.00107
917.8699951,-0.00188,-0.0013,0.00057,0.00322,-0.00225,-0.00093
918.1699829,-0.00203,-0.00213,-0.00042,0.00205,-0.00323,-0.00216
918.4699707,-0.00303,-0.00302,-0.00143,0.00098,-0.00335,-0.00317
918.7800293,-0.0028,-0.00307,-0.00121,0.00094,-0.0033,-0.00315
919.0800171,-0.00252,-0.00238,-0.00015,0.00144,-0.00271,-0.00233
919.3800049,-0.00164,-0.00173,0.00078,0.00191,-0.00248,-0.00199
919.6900024,-0.00243,-0.00201,6.00E-05,0.00139,-0.00256,-0.00217
919.9899902,-0.00306,-0.00243,-0.00062,0.00121,-0.00302,-0.00285
920.289978,-0.00233,-0.00206,-0.00066,0.00208,-0.00235,-0.00178
920.5900269,-0.00189,-0.0025,-0.0004,0.00261,-0.00241,-0.00159
920.9000244,-0.00247,-0.00253,-0.00132,0.00223,-0.00267,-0.00125
921.2000122,-0.00357,-0.00366,-0.00196,0.0013,-0.00333,-0.00207
921.5,-0.00426,-0.00404,-0.00228,0.0008,-0.0036,-0.00243
921.8099976,-0.00365,-0.00405,-0.00145,0.00067,-0.00379,-0.00229
922.1099854,-0.00313,-0.00341,-0.00098,0.00107,-0.0031,-0.00215
922.4099731,-0.00355,-0.00347,-0.00064,0.00098,-0.00345,-0.00241
922.710022,-0.00405,-0.00299,-0.00069,0.00045,-0.0032,-0.00216
923.0200195,-0.00332,-0.00221,-0.00025,0.00066,-0.00272,-0.00223
923.3200073,-0.00164,-0.0015,0.00061,0.00199,-0.00224,-0.00105
923.6199951,-0.00118,-0.00109,0.00059,0.00272,-0.0019,-0.00026
923.9199829,-0.00099,-0.00112,0.00023,0.00273,-0.00155,-9.00E-05
924.2299805,-0.00101,-0.00202,-0.00049,0.00168,-0.00192,-0.00066
924.5300293,-0.00111,-0.00173,-0.00058,0.00201,-0.00166,-0.0006
924.8300171,-0.00098,-0.00205,-0.00015,0.00186,-0.00239,-0.00055
925.1300049,-0.00122,-0.00305,-0.00012,0.0016,-0.00282,-0.00085
925.4400024,-0.00213,-0.00304,-0.0002,0.00116,-0.00284,-0.00072
925.7399902,-0.00301,-0.00393,-0.00055,0.00036,-0.0032,-0.00154
926.039978,-0.00319,-0.0038,-0.00059,0.00065,-0.00325,-0.00166
926.3400269,-0.00304,-0.0025,0.00029,0.00189,-0.00322,-0.00103
926.6400146,-0.00337,-0.00283,0.00011,0.00147,-0.00392,-0.00134
926.9500122,-0.00337,-0.00219,-0.00045,0.00169,-0.00368,-0.00173
927.25,-0.00329,-0.00254,-0.00085,0.00142,-0.00427,-0.0026
927.5499878,-0.00314,-0.00267,-0.00144,0.00078,-0.0043,-0.00352
927.8499756,-0.00274,-0.00224,-0.00118,0.00126,-0.00435,-0.00296
928.1500244,-0.00209,-0.00206,-0.00043,0.00151,-0.00438,-0.00294
928.460022,-0.00212,-0.00243,-0.00065,0.00152,-0.00409,-0.00287
928.7600098,-0.00201,-0.00241,-0.00093,0.00114,-0.00384,-0.00286
929.0599976,-0.00159,-0.00289,-0.00095,0.00087,-0.0033,-0.0028
929.3599854,-0.00188,-0.00203,-0.00028,0.00104,-0.00275,-0.00172
929.6599731,-0.00194,-0.00243,0.00054,0.00113,-0.00246,-0.00226
929.960022,-0.0015,-0.00203,0.00034,0.00089,-0.00155,-0.00212
930.2600098,-0.00257,-0.00238,-0.00115,-7.00E-05,-0.00206,-0.0026
930.5700073,-0.00269,-0.00229,-0.00088,-0.00059,-0.00293,-0.00302
930.8699951,-0.00178,-0.00163,0.00065,0.00049,-0.00159,-0.00217
931.1699829,-0.00145,-0.00137,0.00117,0.00154,-0.00177,-0.00175
931.4699707,-0.00165,-0.0018,0.00041,0.00144,-0.00204,-0.00253
931.7700195,-0.0015,-0.00163,6.00E-05,0.00201,-0.00198,-0.00169
932.0700073,-0.00174,-0.00186,0.00041,0.00298,-0.00263,-0.00162
932.3699951,-0.00128,-0.00145,0.0019,0.00416,-0.00229,-0.00123
932.6699829,-0.00139,-0.00181,0.00132,0.00445,-0.00188,-0.00154
932.9699707,-0.00328,-0.00284,-9.00E-05,0.00345,-0.00338,-0.00256
933.2700195,-0.00505,-0.00404,-0.00057,0.00161,-0.00435,-0.00382
933.5800171,-0.00493,-0.00344,-0.00016,0.00239,-0.00405,-0.00312
933.8800049,-0.00504,-0.00269,-0.00035,0.00191,-0.00396,-0.00266
934.1799927,-0.00518,-0.00232,-0.00031,0.00078,-0.00368,-0.0023
934.4799805,-0.00584,-0.00291,-0.00104,-0.00059,-0.00335,-0.0027
934.7800293,-0.00516,-0.00291,-0.00068,-0.00093,-0.00357,-0.00211
935.0800171,-0.00459,-0.00361,-0.00096,-0.00012,-0.00412,-0.00289
935.3800049,-0.00356,-0.00201,-0.00073,0.00113,-0.00339,-0.00159
935.6799927,-0.00381,-0.00119,-0.00108,0.00122,-0.00378,-0.002
935.9799805,-0.00366,-0.00171,-0.00126,0.00121,-0.00443,-0.00224
936.2800293,-0.00348,-0.00214,-0.00064,0.00192,-0.00448,-0.00266
936.5800171,-0.00269,-0.00216,-0.00121,0.00265,-0.00489,-0.00241
936.8800049,-0.00388,-0.00233,-0.00169,0.00262,-0.005,-0.00293
937.1799927,-0.00304,-0.0009,-0.00122,0.0028,-0.00281,-0.00168
937.4799805,-0.0029,-0.00172,-0.00167,0.0029,-0.00281,-0.00176
937.7800293,-0.0031,-0.00289,-0.00197,0.00244,-0.00298,-0.00142
938.0800171,-0.00369,-0.00239,-0.00149,0.00291,-0.00286,-0.00105
938.3800049,-0.00443,-0.00267,-0.00277,0.00203,-0.00362,-0.00139
938.6799927,-0.00517,-0.00369,-0.00284,0.00092,-0.00416,-0.00227
938.9799805,-0.00533,-0.00325,-0.00268,0.00082,-0.0038,-0.00181
939.2800293,-0.0057,-0.00315,-0.00201,0.00042,-0.00471,-0.0017
939.5800171,-0.0056,-0.00233,-0.00194,-0.00016,-0.00493,-0.00198
939.8800049,-0.00633,-0.00249,-0.00143,-0.00039,-0.00454,-0.00275
940.1799927,-0.00591,-0.00249,-0.00159,-0.00039,-0.00494,-0.00301
940.4799805,-0.00569,-0.00239,-0.00163,-0.00012,-0.00528,-0.00323
940.7800293,-0.00643,-0.0022,-0.00259,-0.00016,-0.00533,-0.00305
941.0800171,-0.00628,-0.00292,-0.00297,0.00021,-0.00569,-0.00301
941.3800049,-0.00613,-0.00265,-0.00332,0.00013,-0.00566,-0.00276
941.6799927,-0.00648,-0.00253,-0.00233,0.00099,-0.00455,-0.00229
941.9799805,-0.00589,-0.00343,-0.00235,0.00056,-0.00528,-0.00247
942.2700195,-0.00722,-0.00484,-0.00358,-0.0018,-0.00585,-0.00472
942.5700073,-0.0067,-0.00388,-0.0035,-0.00218,-0.00536,-0.00455
942.8699951,-0.00589,-0.003,-0.00216,-0.00122,-0.00488,-0.00381
943.1699829,-0.00501,-0.00133,-0.00082,-0.0008,-0.00349,-0.00295
943.4699707,-0.00586,-0.00294,-0.00194,-0.00231,-0.00456,-0.00386
943.7700195,-0.00586,-0.00391,-0.00294,-0.00369,-0.00606,-0.0045
944.0700073,-0.00648,-0.0038,-0.0033,-0.00378,-0.00615,-0.00464
944.3699951,-0.00581,-0.00316,-0.00246,-0.00215,-0.0052,-0.00368
944.6699829,-0.0071,-0.00525,-0.00363,-0.00242,-0.00638,-0.00574
944.9699707,-0.00627,-0.00463,-0.00289,-0.00269,-0.0062,-0.00557
945.2600098,-0.00739,-0.00543,-0.00405,-0.00438,-0.00766,-0.00727
945.5599976,-0.00707,-0.00492,-0.00355,-0.00304,-0.00794,-0.00766
945.8599854,-0.00711,-0.00451,-0.00337,-0.00298,-0.00748,-0.00777
946.1599731,-0.00652,-0.00321,-0.00268,-0.00268,-0.00669,-0.00732
946.460022,-0.00616,-0.00252,-0.00157,-0.00228,-0.00663,-0.00674
946.7600098,-0.0048,-0.00113,-0.00027,-0.00197,-0.00488,-0.00455
947.0499878,-0.00524,-0.0011,-0.00025,-0.00079,-0.00533,-0.00514
947.3499756,-0.00323,-0.00095,0.00075,0.00012,-0.0048,-0.00431
947.6500244,-0.00317,-0.00196,0.00042,-0.00087,-0.0047,-0.00396
947.9500122,-0.00385,-0.00311,-0.00101,-0.001,-0.0059,-0.00507
948.25,-0.00403,-0.00458,-0.00157,-0.00104,-0.00595,-0.00568
948.5499878,-0.0038,-0.00424,-0.00305,-0.00179,-0.00611,-0.00534
948.8400269,-0.00428,-0.0048,-0.00376,-0.00219,-0.00759,-0.00552
949.1400146,-0.00469,-0.00531,-0.00318,-0.00275,-0.00744,-0.00498
949.4400024,-0.00577,-0.00618,-0.00448,-0.00332,-0.00821,-0.00525
949.7399902,-0.00222,-0.00241,-0.00123,0.0005,-0.0059,-0.00287
950.039978,-0.00184,-0.0008,0.00045,0.00148,-0.00494,-0.00116
950.3300171,-0.00181,-0.00052,0.00044,0.00084,-0.00598,-8.00E-05
950.6300049,-0.00173,-0.00202,0.0004,0.00068,-0.00645,0.00013
950.9299927,-0.00098,-0.00191,0.00127,0.00184,-0.00501,-0.00041
951.2299805,-0.00117,-0.00259,-0.00059,0.00158,-0.00509,-0.00068
951.5200195,-0.00168,-0.00315,-0.001,0.00068,-0.00542,-0.001
951.8200073,-0.00448,-0.00602,-0.00412,-0.00249,-0.0071,-0.00297
952.1199951,-0.00342,-0.00618,-0.00465,-0.0026,-0.0069,-0.0028
952.4199829,-0.00325,-0.0051,-0.00395,-0.00242,-0.00492,-0.0019
952.710022,-0.0038,-0.00411,-0.0039,-0.00195,-0.00385,-0.00181
953.0100098,-0.00422,-0.00289,-0.00403,-0.00184,-0.00412,-0.00168
953.3099976,-0.00407,-0.00333,-0.00408,-0.00278,-0.0049,-0.00259
953.6099854,-0.00403,-0.00228,-0.00368,-0.00188,-0.00459,-0.00256
953.9000244,-0.00533,-0.00204,-0.00424,-0.00207,-0.00513,-0.0031
954.2000122,-0.00565,-0.00224,-0.00259,-0.00118,-0.00514,-0.00291
954.5,-0.00515,-0.0024,-0.00333,-0.00197,-0.00598,-0.00435
954.789978,-0.00485,-0.00373,-0.00405,-0.00248,-0.007,-0.00561
955.0900269,-0.00558,-0.00608,-0.00439,-0.00385,-0.00763,-0.00559
955.3900146,-0.00665,-0.00517,-0.00484,-0.00419,-0.00789,-0.00574
955.6799927,-0.00677,-0.00595,-0.00413,-0.00366,-0.007900001,-0.00543
955.9799805,-0.00566,-0.00564,-0.00363,-0.00352,-0.00727,-0.00495
956.2800293,-0.006,-0.0062,-0.00624,-0.00444,-0.00803,-0.00692
956.5700073,-0.00549,-0.00593,-0.00514,-0.00283,-0.00799,-0.00625
956.8699951,-0.0053,-0.00526,-0.00434,-0.00209,-0.00792,-0.00656
957.1699829,-0.0054,-0.0035,-0.00361,-0.00108,-0.00773,-0.00708
957.460022,-0.00515,-0.00423,-0.00307,-0.00088,-0.00705,-0.00628
957.7600098,-0.00649,-0.00464,-0.00426,-0.00133,-0.007850001,-0.00739
958.0599976,-0.0076,-0.00514,-0.00439,-0.00156,-0.00816,-0.00856
958.3499756,-0.00836,-0.00584,-0.00414,-0.00196,-0.00822,-0.008090001
958.6500244,-0.01008,-0.00688,-0.0057,-0.00254,-0.00904,-0.00876
958.9500122,-0.01043,-0.00644,-0.00486,-0.00234,-0.00866,-0.00713
959.2399902,-0.01026,-0.00675,-0.00585,-0.00149,-0.0083,-0.00594
959.539978,-0.00854,-0.0065,-0.00554,-0.00112,-0.00825,-0.00625
959.8300171,-0.00773,-0.0065,-0.0062,-0.00198,-0.0081,-0.00554
960.1300049,-0.00737,-0.00719,-0.00739,-0.00305,-0.00856,-0.005
960.4299927,-0.00543,-0.00545,-0.00591,-0.00149,-0.00753,-0.00335
960.7199707,-0.00454,-0.00497,-0.00642,-0.00202,-0.00801,-0.0032
961.0200195,-0.00513,-0.0063,-0.00758,-0.00349,-0.00897,-0.00373
961.3099976,-0.00466,-0.00706,-0.00773,-0.00547,-0.00981,-0.00409
961.6099854,-0.00525,-0.00634,-0.00745,-0.00507,-0.01021,-0.00342
961.9000244,-0.00588,-0.00589,-0.00723,-0.00515,-0.01026,-0.00368
962.2000122,-0.0074,-0.0062,-0.00669,-0.00446,-0.01041,-0.00405
962.5,-0.00929,-0.00719,-0.00805,-0.00551,-0.01202,-0.00566
962.789978,-0.01058,-0.00795,-0.00782,-0.00524,-0.01245,-0.00748
963.0900269,-0.01133,-0.0075,-0.00883,-0.00559,-0.012990001,-0.00769
963.3800049,-0.01201,-0.00689,-0.00822,-0.00485,-0.013359999,-0.00899
963.6799927,-0.01283,-0.00877,-0.00842,-0.00672,-0.013350001,-0.01018
963.9699707,-0.00983,-0.00703,-0.0059,-0.0043,-0.01051,-0.0097
964.2700195,-0.00808,-0.00512,-0.00364,-0.00338,-0.009409999,-0.00926
964.5599976,-0.00707,-0.00571,-0.00248,-0.00387,-0.008450001,-0.01013
964.8599854,-0.00698,-0.00586,-0.003,-0.00439,-0.00952,-0.01028
965.1500244,-0.00769,-0.00662,-0.00197,-0.00351,-0.00966,-0.01192
965.4500122,-0.00916,-0.0055,-0.0017,-0.00378,-0.01016,-0.01175
965.7399902,-0.00948,-0.00596,-0.00468,-0.00381,-0.012180001,-0.012619999
966.039978,-0.01186,-0.00855,-0.00504,-0.00548,-0.01561,-0.0124
966.3300171,-0.01107,-0.01026,-0.00704,-0.00672,-0.01705,-0.012519999
966.6300049,-0.01254,-0.0106,-0.0086,-0.00799,-0.017829999,-0.01253
966.9199829,-0.012259999,-0.01027,-0.00792,-0.00763,-0.016649999,-0.01264
967.2199707,-0.00827,-0.00838,-0.00824,-0.00731,-0.0163,-0.01124
967.5100098,-0.00656,-0.01097,-0.00834,-0.0077,-0.01545,-0.010620001
967.8099976,-0.00654,-0.01223,-0.00643,-0.00623,-0.01427,-0.00962
968.0999756,-0.00542,-0.01059,-0.00703,-0.00502,-0.012510001,-0.01075
968.4000244,-0.00685,-0.00926,-0.00699,-0.00392,-0.012259999,-0.011619999
968.6900024,-0.00806,-0.00905,-0.00699,-0.00493,-0.01298,-0.0111
968.9799805,-0.00847,-0.00939,-0.00642,-0.00427,-0.01303,-0.00982
969.2800293,-0.009980001,-0.010290001,-0.00551,-0.00372,-0.01191,-0.008090001
969.5700073,-0.01193,-0.010240001,-0.00508,-0.00357,-0.011849999,-0.008450001
969.8699951,-0.010930001,-0.00697,-0.00406,-0.00243,-0.01058,-0.00818
970.1599731,-0.012970001,-0.00745,-0.00539,-0.00398,-0.01237,-0.00908
970.460022,-0.012309999,-0.00738,-0.0046,-0.00534,-0.0125,-0.00687
970.75,-0.00841,-0.00599,-0.00284,-0.00231,-0.01001,-0.00586
971.039978,-0.00795,-0.00522,-0.00439,-0.00351,-0.00974,-0.00656
971.3400269,-0.00914,-0.00555,-0.00642,-0.00463,-0.00975,-0.00856
971.6300049,-0.00656,-0.00317,-0.00664,-0.00408,-0.00905,-0.0066
971.9299927,-0.00878,-0.00574,-0.0074,-0.00757,-0.010829999,-0.00874
972.2199707,-0.00718,-0.00735,-0.00735,-0.00737,-0.00903,-0.00739
972.5100098,-0.00819,-0.00837,-0.00767,-0.00666,-0.00839,-0.00921
972.8099976,-0.01021,-0.010629999,-0.00944,-0.00923,-0.01085,-0.01171
973.0999756,-0.00879,-0.00959,-0.00754,-0.008119999,-0.00909,-0.00991
973.3900146,-0.00909,-0.01075,-0.00674,-0.00959,-0.009330001,-0.01079
973.6900024,-0.01168,-0.014930001,-0.00993,-0.010980001,-0.01248,-0.013990001
973.9799805,-0.01075,-0.01268,-0.00854,-0.00939,-0.01054,-0.011849999
974.2700195,-0.01186,-0.01205,-0.00719,-0.01049,-0.012250001,-0.01258
974.5700073,-0.01291,-0.01359,-0.00806,-0.012519999,-0.01219,-0.01189
974.8599854,-0.01138,-0.01278,-0.00643,-0.01193,-0.011519999,-0.00893
975.1500244,-0.011410001,-0.01471,-0.00895,-0.01253,-0.013049999,-0.01085
975.4500122,-0.01265,-0.01364,-0.01069,-0.01197,-0.016490001,-0.011569999
975.7399902,-0.01074,-0.00973,-0.008450001,-0.00984,-0.01367,-0.00889
976.0300293,-0.00922,-0.0087,-0.00961,-0.0083,-0.0124,-0.00808
976.3300171,-0.00921,-0.00794,-0.009959999,-0.00853,-0.01186,-0.00748
976.6199951,-0.00899,-0.00691,-0.010249999,-0.00983,-0.01271,-0.00828
976.9099731,-0.01288,-0.00617,-0.01028,-0.00853,-0.01116,-0.0093
977.210022,-0.01428,-0.00559,-0.00798,-0.00897,-0.01071,-0.00881
977.5,-0.01313,-0.00556,-0.00559,-0.00909,-0.00822,-0.0074
977.789978,-0.01387,-0.00625,-0.0082,-0.01168,-0.00879,-0.00964
978.0800171,-0.01407,-0.0057,-0.00931,-0.00981,-0.01035,-0.009509999
978.3800049,-0.0153,-0.00632,-0.01075,-0.0101,-0.01045,-0.01095
978.6699829,-0.014780001,-0.00337,-0.01046,-0.0065,-0.009190001,-0.010770001
978.960022,-0.01342,-0.00411,-0.01201,-0.0065,-0.0106,-0.01003
979.25,-0.01318,-0.00566,-0.01447,-0.00792,-0.012300001,-0.00959
979.5499878,-0.01348,-0.00573,-0.01501,-0.00827,-0.01287,-0.00948
979.8400269,-0.01475,-0.00577,-0.014099999,-0.0097,-0.0149,-0.00995
980.1300049,-0.017170001,-0.00883,-0.01474,-0.01585,-0.01725,-0.012569999
980.4199829,-0.014579999,-0.00822,-0.01353,-0.01312,-0.0162,-0.0101
980.710022,-0.01444,-0.01095,-0.0128,-0.014049999,-0.01456,-0.00731
981.0100098,-0.014789999,-0.01171,-0.01498,-0.01517,-0.016900001,-0.01059
981.2999878,-0.01584,-0.01027,-0.013200001,-0.01365,-0.01565,-0.01096
981.5900269,-0.016490001,-0.010570001,-0.01364,-0.014630001,-0.0148,-0.01195
981.8800049,-0.018279999,-0.012589999,-0.01239,-0.014049999,-0.014149999,-0.01055
982.1799927,-0.01754,-0.011770001,-0.01375,-0.01521,-0.0126,-0.00966
982.4699707,-0.018409999,-0.010620001,-0.01303,-0.016039999,-0.013940001,-0.010089999
982.7600098,-0.018440001,-0.01161,-0.01443,-0.01987,-0.019470001,-0.01337
983.0499878,-0.01774,-0.010679999,-0.011829999,-0.021979999,-0.01753,-0.0118
983.3400269,-0.017380001,-0.01039,-0.01193,-0.023659999,-0.019060001,-0.012300001
983.6300049,-0.01565,-0.01169,-0.01224,-0.0219,-0.01819,-0.01266
983.9299927,-0.01356,-0.00905,-0.01129,-0.020199999,-0.016960001,-0.012920001
984.2199707,-0.0116,-0.00863,-0.00749,-0.01581,-0.017899999,-0.00994
984.5100098,-0.0106,-0.00858,-0.00903,-0.017690001,-0.01794,-0.00795
984.7999878,-0.0101,-0.00757,-0.00728,-0.012940001,-0.01413,-0.006
985.0900269,-0.01056,-0.01048,-0.0082,-0.01354,-0.01644,-0.00663
985.3800049,-0.012209999,-0.01368,-0.01227,-0.01578,-0.019789999,-0.00971
985.6699829,-0.01184,-0.010829999,-0.01212,-0.0162,-0.02069,-0.00754
985.960022,-0.00897,-0.01211,-0.011390001,-0.01455,-0.020079998,-0.00568
986.2600098,-0.008859999,-0.012180001,-0.01283,-0.015729999,-0.017999999,-0.008169999
986.5499878,-0.010340001,-0.01192,-0.01319,-0.01392,-0.019090001,-0.0127
986.8400269,-0.010650001,-0.0114,-0.01401,-0.01733,-0.02242,-0.01508
987.1300049,-0.01096,-0.007879999,-0.013040001,-0.01385,-0.02042,-0.01556
987.4199829,-0.00689,-0.00408,-0.008719999,-0.01195,-0.01725,-0.00948
987.710022,-0.00815,-0.00386,-0.00684,-0.0129,-0.01887,-0.011849999
988,-0.00987,-0.00419,-0.00978,-0.015140001,-0.02021,-0.01497
988.289978,-0.01312,-0.00271,-0.00803,-0.01368,-0.021120001,-0.01492
988.5800171,-0.014839999,-0.00483,-0.00753,-0.01486,-0.021459999,-0.01443
988.8699951,-0.015099999,-0.00403,-0.00811,-0.01442,-0.020029999,-0.0117
989.1599731,-0.016380001,-0.00523,-0.00937,-0.016490001,-0.021670001,-0.01027
989.460022,-0.018609999,-0.00548,-0.01197,-0.015470001,-0.020569999,-0.0143
989.75,-0.01921,-0.00871,-0.01588,-0.01209,-0.0222,-0.01418
990.039978,-0.02056,-0.00898,-0.01428,-0.01359,-0.024130002,-0.01477
990.3300171,-0.01888,-0.01092,-0.01471,-0.0126,-0.024130002,-0.01208
990.6199951,-0.01469,-0.012309999,-0.014889999,-0.01407,-0.023940001,-0.01202
990.9099731,-0.017750001,-0.0156,-0.01911,-0.01833,-0.02702,-0.017750001
991.2000122,-0.020029999,-0.01842,-0.023050001,-0.022500001,-0.02895,-0.02228
991.4899902,-0.021240002,-0.018480001,-0.019780001,-0.023429999,-0.0277,-0.018279999
991.7800293,-0.02149,-0.017760001,-0.0173,-0.02918,-0.028870001,-0.01936
992.0700073,-0.02046,-0.019650001,-0.017650001,-0.028719999,-0.028970001,-0.019029999
992.3599854,-0.019550001,-0.01891,-0.01908,-0.032960001,-0.031410001,-0.02341
992.6500244,-0.02612,-0.021270001,-0.022330001,-0.035569999,-0.033469997,-0.025020001
992.9400024,-0.024460001,-0.020350002,-0.021470001,-0.02987,-0.032230001,-0.02279
993.2299805,-0.020190001,-0.017380001,-0.017860001,-0.025769999,-0.028670002,-0.018300001
993.5200195,-0.02043,-0.019090001,-0.021600001,-0.02471,-0.032200001,-0.022399999
993.8099976,-0.01677,-0.017589999,-0.021370001,-0.02056,-0.02884,-0.01829
994.0999756,-0.01881,-0.01342,-0.021849999,-0.020750001,-0.02853,-0.017549999
994.3900146,-0.02069,-0.014520001,-0.023120001,-0.019850001,-0.029479999,-0.015939999
994.6799927,-0.015099999,-0.01015,-0.020780001,-0.017309999,-0.025250001,-0.012300001
994.960022,-0.01342,-0.010369999,-0.01667,-0.018509999,-0.02434,-0.010980001
995.25,-0.01359,-0.01017,-0.01585,-0.020969998,-0.024569999,-0.013940001
995.539978,-0.01248,-0.01026,-0.014249999,-0.023599999,-0.02428,-0.01428
995.8300171,-0.01692,-0.00988,-0.015579999,-0.027279999,-0.024820002,-0.01914
996.1199951,-0.018580001,-0.013739999,-0.01888,-0.02809,-0.026870001,-0.01795
996.4099731,-0.01969,-0.016659999,-0.020060001,-0.02792,-0.029619999,-0.021559998
996.7000122,-0.024260001,-0.019299999,-0.02001,-0.02832,-0.034560002,-0.025079999
996.9899902,-0.023740001,-0.01864,-0.023529999,-0.027560001,-0.034469999,-0.024189999
997.2800293,-0.025969999,-0.019709999,-0.02448,-0.02431,-0.03328,-0.021979999
997.5700073,-0.025629999,-0.016310001,-0.021440001,-0.02,-0.031800002,-0.01787
997.8599854,-0.029089998,-0.020060001,-0.0218,-0.020569999,-0.033059999,-0.0178
998.1500244,-0.022950001,-0.019880001,-0.0186,-0.019330001,-0.030199999,-0.016070001
998.4299927,-0.021140002,-0.015149999,-0.01511,-0.02118,-0.021329999,-0.011619999
998.7199707,-0.020380002,-0.017170001,-0.017100001,-0.0232,-0.019440001,-0.01159
999.0100098,-0.02269,-0.018829999,-0.015690001,-0.021840001,-0.020499999,-0.0162
999.2999878,-0.024870001,-0.018170001,-0.019889999,-0.024560001,-0.02565,-0.019069999
999.5900269,-0.024590001,-0.024870001,-0.02406,-0.02822,-0.028080001,-0.022249999
999.8800049,-0.017650001,-0.02468,-0.021979999,-0.024349999,-0.026719999,-0.01914
1000.169983,-0.022679999,-0.023640001,-0.02358,-0.028399998,-0.025899999,-0.02286
1000.450012,-0.022430001,-0.02434,-0.024149999,-0.025120001,-0.029140001,-0.02523
1000.73999,-0.023139998,-0.02011,-0.02461,-0.018999999,-0.02892,-0.022369999
1001.030029,-0.023,-0.01843,-0.02516,-0.02173,-0.032600001,-0.021710001
1001.320007,-0.020550001,-0.020769998,-0.025450001,-0.023829998,-0.034030002,-0.022530001
1001.609985,-0.022349998,-0.01565,-0.02448,-0.02386,-0.03215,-0.02664
1001.900024,-0.02289,-0.01551,-0.027709998,-0.029200001,-0.035439998,-0.025760001
1002.179993,-0.019929999,-0.018829999,-0.03004,-0.026900001,-0.03771,-0.02475
1002.469971,-0.017200001,-0.01877,-0.03004,-0.032219999,-0.040100001,-0.023779999
1002.76001,-0.015659999,-0.023290001,-0.027720001,-0.037900001,-0.040059999,-0.032140002
1003.049988,-0.01285,-0.020750001,-0.02306,-0.034649998,-0.03224,-0.02471
1003.340027,-0.01054,-0.01692,-0.01856,-0.028889999,-0.026630001,-0.01654
1003.619995,-0.00961,-0.020339999,-0.017960001,-0.0297,-0.02815,-0.01348
1003.909973,-0.015579999,-0.022530001,-0.020739999,-0.02864,-0.027039999,-0.020409999
1004.200012,-0.01987,-0.01846,-0.020599999,-0.028550001,-0.025359999,-0.022769999
1004.48999,-0.02352,-0.01921,-0.022299999,-0.02122,-0.020480001,-0.022360001
1004.77002,-0.024049999,-0.02063,-0.024289999,-0.024820002,-0.02434,-0.015969999
1005.059998,-0.028800001,-0.025390001,-0.027780002,-0.030150002,-0.031040002,-0.022639999
1005.349976,-0.031849999,-0.031600002,-0.02871,-0.038940001,-0.032590002,-0.028399998
1005.640015,-0.034820002,-0.03224,-0.031550001,-0.042969998,-0.03176,-0.02715
1005.919983,-0.03115,-0.029279999,-0.02644,-0.045120001,-0.033440001,-0.020810001
1006.210022,-0.029619999,-0.031659998,-0.026619999,-0.046769999,-0.03438,-0.01881
1006.5,-0.03534,-0.028870001,-0.025,-0.053520001,-0.0403,-0.016619999
1006.789978,-0.03624,-0.026010001,-0.024110001,-0.049079999,-0.038559999,-0.017750001
1007.070007,-0.03734,-0.027279999,-0.026619999,-0.053010002,-0.035780001,-0.024300002
1007.359985,-0.034820002,-0.022190001,-0.025339998,-0.042229999,-0.03396,-0.023089999
1007.650024,-0.035969999,-0.020369999,-0.022920001,-0.035089999,-0.038350001,-0.02489
1007.929993,-0.03836,-0.01808,-0.0287,-0.027320001,-0.041189998,-0.02685
1008.219971,-0.041350003,-0.018509999,-0.02868,-0.027279999,-0.045310002,-0.02957
1008.51001,-0.034820002,-0.02031,-0.03046,-0.024590001,-0.048590001,-0.032620002
1008.799988,-0.038279999,-0.021849999,-0.036419999,-0.02572,-0.048829999,-0.033770002
1009.080017,-0.037019998,-0.018200001,-0.039779998,-0.01911,-0.055229999,-0.028689999
1009.369995,-0.0425,-0.01833,-0.040949997,-0.0253,-0.060970001,-0.03053
1009.659973,-0.038419999,-0.01963,-0.046160001,-0.032200001,-0.057399999,-0.035629999
1009.940002,-0.043839999,-0.025969999,-0.04899,-0.037980001,-0.056770001,-0.038460001
1010.22998,-0.040440001,-0.02668,-0.050209999,-0.036059998,-0.05545,-0.037110001
1010.52002,-0.047870003,-0.029930001,-0.06137,-0.04795,-0.056539997,-0.043060001
1010.799988,-0.044460002,-0.025239998,-0.060289998,-0.049099997,-0.052550003,-0.03895
1011.090027,-0.042740002,-0.0255,-0.057329997,-0.047970001,-0.046640001,-0.038860001
1011.369995,-0.034370001,-0.02321,-0.05452,-0.045479998,-0.04005,-0.037219997
1011.659973,-0.034460001,-0.02444,-0.053070001,-0.043979999,-0.041700002,-0.0319
1011.950012,-0.030030001,-0.02259,-0.047680002,-0.045900002,-0.042849999,-0.031649999
1012.22998,-0.02984,-0.018999999,-0.048210002,-0.04772,-0.041389998,-0.02826
1012.52002,-0.032620002,-0.02905,-0.050219998,-0.04434,-0.047119997,-0.030739998
1012.799988,-0.033350002,-0.028970001,-0.0429,-0.037839998,-0.043949999,-0.034230001
1013.090027,-0.03325,-0.02932,-0.045779999,-0.044429999,-0.044699997,-0.037890002
1013.380005,-0.037360001,-0.039250001,-0.051339999,-0.047180001,-0.04733,-0.039650001
1013.659973,-0.036559999,-0.033570003,-0.047490001,-0.045589998,-0.047020003,-0.03723
1013.950012,-0.031789999,-0.031739999,-0.049419999,-0.040399998,-0.041950002,-0.03393
1014.22998,-0.032309998,-0.03018,-0.04642,-0.03844,-0.041170001,-0.03568
1014.52002,-0.029440001,-0.024569999,-0.043420002,-0.038540002,-0.03579,-0.03125
1014.809998,-0.030409999,-0.022780001,-0.046269998,-0.043449998,-0.04716,-0.031229999
1015.090027,-0.035500001,-0.029999999,-0.047309998,-0.047930002,-0.055219997,-0.031830002
1015.380005,-0.039799999,-0.019239999,-0.04685,-0.051230002,-0.054880001,-0.032509997
1015.659973,-0.047509998,-0.02854,-0.052779999,-0.05029,-0.062989995,-0.04067
1015.950012,-0.059270002,-0.031649999,-0.062480003,-0.061310001,-0.06487,-0.055359997
1016.22998,-0.063000001,-0.038240001,-0.065250002,-0.06146,-0.073030002,-0.056810003
1016.52002,-0.057250001,-0.039340001,-0.057600003,-0.055470001,-0.07203,-0.057470001
1016.799988,-0.057870001,-0.04662,-0.064800002,-0.053229999,-0.071800001,-0.058619998
1017.090027,-0.060210001,-0.037140001,-0.065260001,-0.044229999,-0.066399999,-0.053460002
1017.369995,-0.05593,-0.044020001,-0.057270002,-0.041859999,-0.068179995,-0.057750002
1017.659973,-0.056469999,-0.043790001,-0.058979999,-0.043359999,-0.062600002,-0.055489998
1017.940002,-0.057290003,-0.044089999,-0.060830001,-0.043579999,-0.063859999,-0.047069997
1018.22998,-0.055609997,-0.039000001,-0.05748,-0.04927,-0.059209999,-0.042029999
1018.51001,-0.062660001,-0.042569999,-0.060110003,-0.056880001,-0.056529999,-0.042919997
1018.799988,-0.061110001,-0.042859998,-0.05742,-0.058880001,-0.0561,-0.037080001
1019.080017,-0.059660003,-0.0425,-0.049559999,-0.053819999,-0.051789999,-0.03286
1019.369995,-0.0678,-0.042709999,-0.063600004,-0.054790001,-0.053819999,-0.032889999
1019.650024,-0.058740001,-0.033840001,-0.053590003,-0.05553,-0.050170001,-0.020989999
1019.940002,-0.050619997,-0.031089999,-0.0392,-0.051999997,-0.049689997,-0.01832
1020.219971,-0.057220001,-0.035980001,-0.045840003,-0.048390001,-0.050100002,-0.024389999
1020.51001,-0.047480002,-0.02475,-0.042020001,-0.03514,-0.049829997,-0.022030002
1020.789978,-0.050949998,-0.02864,-0.04101,-0.040660001,-0.054980002,-0.039019998
1021.080017,-0.054159999,-0.038559999,-0.04552,-0.05531,-0.0559,-0.043649998
1021.359985,-0.066610001,-0.048499998,-0.047509998,-0.067000002,-0.069329999,-0.044510003
1021.640015,-0.076180004,-0.056500003,-0.064099997,-0.069770001,-0.077349998,-0.068350002
1021.929993,-0.078170002,-0.05717,-0.073689997,-0.066689998,-0.080819994,-0.072360002
1022.210022,-0.073760003,-0.05909,-0.076779999,-0.070479997,-0.083830006,-0.080459997
1022.5,-0.082489997,-0.061919998,-0.085059993,-0.078060001,-0.088570006,-0.084200002
1022.780029,-0.058720004,-0.037289999,-0.098459996,-0.058499999,-0.078809999,-0.071000002
1023.070007,-0.058720004,-0.037289999,-0.098459996,-0.058499999,-0.078809999,-0.071000002
1023.349976,-0.058720004,-0.037289999,-0.098459996,-0.058499999,-0.078809999,-0.071000002