AUPE,0,0,0,0,0,0
WAC,0,0,0,0,0,0
C01,0,0,0,0,0,0
640,0,0,0,0,0,0
100,0,0,0,0,0,0
nm,0,0,0,0,0,0
Angular Dependence,0,0,0,0,0,0
Wavelengths,0,8,16,24,32,40
360.1499939,-0.03864,-0.035669997,-0.020669999,-0.01887,-0.04586,-0.00898
360.519989,-0.011720001,-0.0095,0.00203,-0.00969,-0.033859998,0.00497
360.8999939,-0.023770001,-0.01434,-0.0089,-0.01001,-0.042969998,0.00207
361.269989,-0.01171,-0.01332,-0.013789999,-0.01588,-0.035160001,-0.00682
361.6499939,-0.02321,-0.01712,-0.026459999,-0.020950001,-0.046279997,-0.01274
362.019989,-0.0178,-0.02416,-0.035829999,-0.031920001,-0.04758,-0.01891
362.3999939,-0.022190001,-0.02145,-0.033239998,-0.042340003,-0.047630001,-0.031330001
362.769989,-0.02165,-0.019709999,-0.046209998,-0.051199999,-0.02599,-0.034949999
363.1499939,-0.03424,-0.038039997,-0.068659998,-0.065269999,-0.036279999,-0.040679999
363.519989,-0.020719999,-0.031550001,-0.070760004,-0.064099997,-0.023390001,-0.041250002
363.8999939,-0.032329999,-0.028689999,-0.081560001,-0.07378,-0.025090002,-0.041050002
364.269989,-0.014789999,-0.024660001,-0.061160002,-0.054019999,-0.01205,-0.031580001
364.6400146,-0.02194,-0.0251,-0.053879999,-0.057769999,-0.01193,-0.032540001
365.019989,-0.021949999,-0.03088,-0.05886,-0.051109999,-0.017819999,-0.031770002
365.3900146,-0.017659999,-0.030400001,-0.0517,-0.047680002,-0.021919999,-0.030720001
365.769989,-0.00794,-0.02575,-0.04425,-0.03373,-0.00931,-0.029260002
366.1400146,-0.011770001,-0.024219999,-0.037459999,-0.026670001,-0.00344,-0.027579999
366.519989,-0.0046,-0.02915,-0.031909999,-0.020959999,-0.00736,-0.02685
366.8900146,-0.00377,-0.02696,-0.030050002,-0.02327,-0.01545,-0.01599
367.2600098,0.00702,-0.017619999,-0.029719999,-0.0062,-0.012469999,-0.01486
367.6400146,0.00827,-0.01705,-0.01465,-0.00394,-0.00069,-0.0023
368.0100098,-0.00144,-0.02894,-0.00834,0.00148,-0.008119999,-0.01324
368.3900146,-0.01158,-0.029930001,-0.00382,-0.00305,-0.01288,-0.01056
368.7600098,-0.009670001,-0.02421,7.00E-05,-0.00608,-0.01541,-0.00915
369.1300049,-0.008119999,-0.01395,0.00978,0.00034,-0.01375,-0.0063
369.5100098,-0.02076,-0.02197,0.00224,0.00221,-0.01117,-0.02049
369.8800049,-0.033599999,-0.03303,-0.00321,-0.01516,-0.017899999,-0.02299
370.25,-0.032019999,-0.01877,-0.008450001,-0.01329,-0.00989,-0.02252
370.6300049,-0.030510001,-0.01474,-0.02121,-0.026970001,-0.01416,-0.02076
371,-0.027070001,-0.01918,-0.024219999,-0.028750001,-0.02431,-0.026180001
371.3800049,-0.027929999,-0.027249999,-0.02971,-0.03393,-0.024700001,-0.035300002
371.75,-0.030950001,-0.035399999,-0.035940003,-0.04617,-0.026589999,-0.036849998
372.1199951,-0.0277,-0.037320003,-0.047630001,-0.049660001,-0.032129999,-0.038210001
372.5,-0.021919999,-0.032430001,-0.046399999,-0.04146,-0.03441,-0.036589999
372.8699951,-0.02228,-0.03523,-0.045939997,-0.03951,-0.043119997,-0.035489999
373.2399902,-0.024030002,-0.033519998,-0.03861,-0.027960001,-0.040440001,-0.031770002
373.6199951,-0.01952,-0.024500001,-0.03221,-0.01722,-0.02736,-0.028499998
373.9899902,-0.02627,-0.03111,-0.028239999,-0.01197,-0.034649998,-0.030720001
374.3599854,-0.026770001,-0.029690001,-0.02665,-0.00795,-0.036400001,-0.034089997
374.7399902,-0.018780001,-0.01556,-0.01021,-0.00503,-0.028750001,-0.02568
375.1099854,-0.021340001,-0.01446,-0.00562,-0.00124,-0.02555,-0.027240001
375.480011,-0.020029999,-0.016349999,-0.00283,-0.00285,-0.02479,-0.029370001
375.8599854,-0.01976,-0.016559999,-0.0053,-0.00568,-0.024010001,-0.03387
376.230011,-0.025739999,-0.02585,-0.016860001,-0.016170001,-0.0307,-0.034290001
376.6000061,-0.020539999,-0.01421,-0.01165,-0.01609,-0.024619998,-0.02365
376.980011,-0.01677,-0.01596,-0.0162,-0.01567,-0.021229999,-0.01953
377.3500061,-0.02021,-0.01627,-0.021270001,-0.016549999,-0.019880001,-0.02122
377.7200012,-0.01492,-0.016490001,-0.018619999,-0.01476,-0.01509,-0.01898
378.1000061,-0.017200001,-0.014500001,-0.02024,-0.01407,-0.00955,-0.016139999
378.4700012,-0.00882,-0.006,-0.016549999,-0.00803,-0.003,-0.01355
378.8399963,-0.00367,0.0005,-0.00719,-0.00375,-0.00166,-0.01227
379.2200012,-0.00476,0.00122,-0.01486,-0.00569,-0.00677,-0.01581
379.5899963,-0.00916,-0.00153,-0.01853,-0.00367,-0.00526,-0.01867
379.9599915,-0.0044,-0.00736,-0.01117,-0.00155,-0.00388,-0.0143
380.3299866,-0.00418,-0.00684,-0.01135,-0.00067,-0.00717,-0.00979
380.7099915,-0.00509,-0.010249999,-0.01351,-0.00746,-0.014789999,-0.01449
381.0799866,-0.010930001,-0.01496,-0.01344,-0.011360001,-0.018129999,-0.013150001
381.4500122,-0.0135,-0.01685,-0.023329999,-0.014789999,-0.01681,-0.01551
381.8299866,-0.00808,-0.01413,-0.016869999,-0.01242,-0.00966,-0.00966
382.2000122,-0.00388,-0.014630001,-0.01209,-0.0143,-0.011720001,-0.00878
382.5700073,-0.00604,-0.011849999,-0.01459,-0.010779999,-0.00902,-0.00799
382.9400024,-0.00562,-0.00937,-0.01447,-0.012300001,-0.00921,-0.01092
383.3200073,-0.00073,-0.00519,-0.00804,-0.00505,-0.00332,-0.00413
383.6900024,0.00065,-0.0025,-0.00293,-0.00449,0.00119,-0.00366
384.0599976,0.00668,0.00136,0.00494,0.00054,0.00338,-0.00074
384.4299927,0.00388,-0.00288,0.00431,0.00119,0.00361,-0.00183
384.8099976,0.00076,0.00229,0.00613,0.00159,0.00775,-0.00392
385.1799927,0.00075,-0.00204,0.00169,-0.00556,0.00122,-0.00734
385.5499878,0.00139,1.00E-05,0.00592,-0.00414,0.00321,0.0006
385.9200134,-0.00317,-0.00404,0.00711,-0.00633,8.00E-05,-0.0031
386.2999878,-0.00283,-0.00416,0.0044,-0.00577,-0.00308,-0.00155
386.6700134,-0.00866,-0.00839,0.00229,-0.00694,-0.00425,-0.00332
387.0400085,-0.00731,-0.00723,0.00491,-0.00524,-0.00605,-0.00249
387.4100037,-0.00758,-0.01085,0.00463,-0.0072,-0.00863,-6.00E-05
387.7799988,-0.00866,-0.00745,0.00702,-0.00233,-0.00398,0.00303
388.1600037,-0.0105,-0.00929,0.00156,-0.00665,-0.00596,-0.00081
388.5299988,-0.00624,-0.00487,-0.00286,-0.00255,-0.00319,-0.00028
388.8999939,-0.00543,-0.00231,-0.00349,-0.00217,-0.00236,-0.00045
389.269989,-0.00537,-0.0039,-0.00292,-0.00635,-0.0024,-0.00253
389.6499939,-0.00562,-0.00742,-0.00737,-0.00899,0.0005,-0.00366
390.019989,-0.00393,-0.00182,-0.00687,-0.00533,0.00253,-0.00301
390.3900146,-0.00328,-0.00078,-0.00414,-0.00751,0.00236,-0.00629
390.7600098,-0.00223,0.00161,-0.00037,-0.00338,0.00515,-0.00559
391.1300049,-0.0005,0.00288,0.00262,-0.00448,0.00512,-0.00508
391.5,-0.00195,-0.0025,-0.00021,-0.0056,0.00416,-0.00546
391.8800049,-0.002,-0.00121,0.00201,-0.00047,0.00358,-0.00342
392.25,-0.00422,0.00249,0.00255,-0.00035,0.0027,-0.00336
392.6199951,-0.00497,0.00102,0.00367,0.00016,0.00111,-0.00178
392.9899902,-0.00472,-0.00043,0.00122,0.00283,0.00054,0.00011
393.3599854,-0.00606,-0.00441,-0.00168,0.00041,-0.0021,-0.00286
393.730011,-0.008880001,-0.00623,-0.00474,-0.00029,-0.00251,-0.00391
394.1099854,-0.010729999,-0.00304,-0.00413,0.00096,-0.00298,-0.00247
394.480011,-0.009,-0.00122,-0.00638,-0.00092,-0.00253,-0.00185
394.8500061,-0.00397,-0.00057,-0.00547,0.00162,-0.0024,-0.00135
395.2200012,-0.00335,-0.00227,-0.00573,-0.00042,-0.00168,-0.00249
395.5899963,-0.00527,-0.00405,-0.00658,-0.00539,-0.00321,-0.00502
395.9599915,-0.00776,-0.00523,-0.00652,-0.00563,-0.0027,-0.00429
396.3299866,-0.00714,-0.00541,-0.00603,-0.00371,-0.00429,-0.0038
396.7099915,-0.00522,-0.0061,-0.00529,-0.00282,-0.0038,-0.00521
397.0799866,-0.00422,-0.00527,-0.00415,-0.00056,-0.00269,-0.00491
397.4500122,-0.00396,-0.00481,-0.00389,9.00E-05,-0.00197,-0.00436
397.8200073,-0.00516,-0.00403,-0.00564,0.00034,-0.00212,-0.00427
398.1900024,-0.00309,-0.00247,-0.00473,0.0021,-0.00138,-0.00317
398.5599976,0.0022,0.00124,-0.00224,0.00396,0.00024,-0.00221
398.9299927,0.00324,0.00033,-0.00133,0.00132,0.00202,-0.00159
399.2999878,0.00486,0.00337,7.00E-05,0.00081,0.00233,-0.0003
399.6799927,0.0044,0.00282,0.00132,0.00105,0.00228,0.00037
400.0499878,0.00375,0.00178,0.002,3.00E-05,1.00E-04,-7.00E-05
400.4200134,0.00555,0.00212,0.00223,0.00016,0.00038,0.00074
400.7900085,0.00559,0.00243,0.00461,0.0027,0.00336,0.00362
401.1600037,0.0049,0.00256,0.00332,0.00342,0.00362,0.00428
401.5299988,0.00541,0.00398,0.00399,0.00674,0.00368,0.00688
401.8999939,0.00359,0.00068,0.00362,0.00645,0.00213,0.00543
402.269989,0.00335,0.00054,0.00173,0.00482,0.00151,0.00462
402.6400146,0.00284,0.0015,0.00087,0.00439,0.00253,0.00525
403.0100098,0.00295,0.00295,0.00237,0.00601,0.00409,0.00541
403.3800049,0.00335,0.00461,0.00159,0.00646,0.0031,0.00546
403.75,0.00328,0.00482,0.00213,0.006,0.00334,0.00568
404.1199951,0.00209,0.00428,0.00154,0.00411,0.00406,0.00467
404.5,0.00301,0.00512,0.00095,0.00563,0.00656,0.00484
404.8699951,0.00268,0.00495,0.0023,0.00677,0.00743,0.00556
405.2399902,0.00345,0.00367,0.00229,0.00739,0.008309999,0.00545
405.6099854,0.00331,0.00157,0.00263,0.00751,0.00742,0.00535
405.980011,0.00286,0.00119,0.00233,0.00616,0.00675,0.00251
406.3500061,0.00475,-0.00082,0.00259,0.00671,0.00708,0.00166
406.7200012,0.0029,-0.00192,0.00132,0.0052,0.00577,-0.0002
407.0899963,0.00438,-0.00247,0.00166,0.00384,0.00489,-0.00092
407.4599915,0.00306,-0.00279,0.00156,0.00186,0.00324,-0.00265
407.8299866,0.00314,-0.0022,0.00252,0.00153,0.00349,-0.00163
408.2000122,0.0045,-0.00123,0.00172,0.00172,0.00438,-0.00128
408.5700073,0.00468,-0.0009,0.00075,0.00045,0.00526,-0.0003
408.9400024,0.00388,0.00103,0.00208,-6.00E-05,0.00472,0.00058
409.3099976,0.00579,0.00293,0.00298,0.00177,0.0048,0.00046
409.6799927,0.0042,0.00369,0.0028,0.00161,0.00437,0.00056
410.0499878,0.00613,0.00483,0.00251,0.00233,0.00551,0.00147
410.4200134,0.00505,0.00484,0.00242,0.00204,0.00478,0.00023
410.7900085,0.00339,0.00457,0.00328,0.00126,0.00491,0.00053
411.1600037,0.00292,0.00363,0.00368,0.00231,0.00379,0.00038
411.5299988,0.00222,0.00316,0.00242,0.00209,0.00383,0.00016
411.8999939,0.00154,0.00125,0.00244,0.00099,0.00347,0.00055
412.269989,0.00135,0.00052,0.00308,0.00111,0.00478,0.00197
412.6400146,-0.00024,-0.00075,0.00286,0.00094,0.00388,0.00188
413.0100098,0.00052,-0.00017,0.00421,0.00181,0.00467,0.00229
413.3800049,0.00173,0.00029,0.00475,0.00289,0.00419,0.00276
413.75,0.00213,0.0008,0.0053,0.00321,0.00409,0.00337
414.1199951,0.0012,-5.00E-05,0.00516,0.00306,0.00358,0.00272
414.4899902,0.00128,0.00064,0.00454,0.00332,0.00413,0.0029
414.8599854,0.00267,0.00214,0.00512,0.00434,0.00479,0.0038
415.230011,0.00383,0.00306,0.00618,0.00568,0.00602,0.00438
415.6000061,0.00373,0.00274,0.00583,0.00435,0.00569,0.00491
415.9599915,0.00297,0.00283,0.00502,0.00365,0.00574,0.00419
416.3299866,0.00196,0.00281,0.00391,0.00363,0.00578,0.00382
416.7000122,0.00335,0.00416,0.00363,0.00358,0.00707,0.00562
417.0700073,0.00409,0.0049,0.00409,0.00404,0.00721,0.00565
417.4400024,0.00442,0.00497,0.00361,0.00361,0.00671,0.00482
417.8099976,0.00368,0.00475,0.00217,0.00288,0.0061,0.00424
418.1799927,0.0034,0.00463,0.00139,0.00351,0.00577,0.00364
418.5499878,0.00464,0.00485,0.00175,0.00446,0.00606,0.00417
418.9200134,0.00586,0.0048,0.00225,0.0044,0.00657,0.00452
419.2900085,0.00487,0.00302,0.00224,0.00432,0.00469,0.00257
419.6600037,0.00404,0.0022,0.00159,0.00342,0.00408,0.00226
420.0299988,0.0029,0.00083,0.00141,0.00387,0.00361,0.00183
420.3900146,0.00443,0.00121,0.00172,0.00401,0.0039,0.00271
420.7600098,0.00475,0.00162,0.00201,0.00478,0.00452,0.00286
421.1300049,0.00444,0.00162,0.0017,0.00441,0.00419,0.00231
421.5,0.00361,0.00134,0.00182,0.0041,0.00336,0.0022
421.8699951,0.00426,0.00188,0.00183,0.00478,0.00441,0.00243
422.2399902,0.00384,0.00165,0.00212,0.00499,0.00474,0.00265
422.6099854,0.00437,0.00285,0.00301,0.00498,0.00506,0.00321
422.980011,0.00357,0.00268,0.0035,0.00501,0.00535,0.00346
423.3500061,0.00325,0.00223,0.00369,0.00447,0.00497,0.00338
423.7099915,0.00244,0.00115,0.00387,0.0035,0.00464,0.00281
424.0799866,0.00317,0.00152,0.00425,0.00376,0.0053,0.00243
424.4500122,0.00247,0.00184,0.00472,0.00349,0.00533,0.0027
424.8200073,0.00344,0.00316,0.00524,0.00384,0.00587,0.00303
425.1900024,0.00376,0.00286,0.00585,0.00372,0.00582,0.00322
425.5599976,0.00297,0.00299,0.00578,0.00307,0.0051,0.00309
425.9299927,0.00304,0.00375,0.00546,0.00346,0.00481,0.00313
426.2900085,0.00273,0.00425,0.00482,0.00376,0.00472,0.00373
426.6600037,0.00258,0.0043,0.0047,0.0042,0.00455,0.00417
427.0299988,0.00278,0.00424,0.00442,0.00419,0.00431,0.00379
427.3999939,0.00281,0.00433,0.00492,0.0045,0.00461,0.00385
427.769989,0.00205,0.00399,0.00364,0.00376,0.00403,0.00307
428.1400146,0.00294,0.00369,0.00336,0.0038,0.00413,0.00263
428.5,0.00332,0.00357,0.00308,0.0035,0.00439,0.00259
428.8699951,0.00384,0.00366,0.00322,0.00331,0.0043,0.00238
429.2399902,0.00385,0.00385,0.00346,0.00344,0.00424,0.00237
429.6099854,0.00375,0.00383,0.00345,0.00338,0.00413,0.00276
429.980011,0.00359,0.00296,0.00233,0.00259,0.00302,0.00235
430.3399963,0.00305,0.00306,0.00192,0.00286,0.00276,0.00271
430.7099915,0.00259,0.00329,0.00201,0.00279,0.00256,0.00313
431.0799866,0.00233,0.00218,0.00192,0.00251,0.00208,0.00309
431.4500122,0.00229,0.00237,0.00206,0.00286,0.00229,0.0035
431.8200073,0.00285,0.0023,0.0018,0.00287,0.00229,0.00413
432.1799927,0.00376,0.00214,0.00161,0.00299,0.00216,0.0045
432.5499878,0.00432,0.0025,0.00229,0.00337,0.00257,0.00481
432.9200134,0.00521,0.00244,0.00272,0.00327,0.00285,0.00472
433.2900085,0.00548,0.00255,0.00286,0.00383,0.00295,0.00473
433.6499939,0.00528,0.00284,0.00256,0.00373,0.00284,0.00438
434.019989,0.00535,0.00259,0.00255,0.00374,0.00285,0.00442
434.3900146,0.00458,0.00251,0.00219,0.00293,0.0027,0.0034
434.7600098,0.00358,0.00255,0.00211,0.00237,0.00272,0.00281
435.1199951,0.00258,0.00187,0.00161,0.00245,0.00243,0.00207
435.4899902,0.00274,0.00223,0.0019,0.00266,0.00261,0.00203
435.8599854,0.00279,0.0019,0.00157,0.00236,0.00299,0.00204
436.230011,0.00308,0.00222,0.00226,0.00249,0.00371,0.00214
436.5899963,0.00267,0.00207,0.00206,0.00219,0.00391,0.00168
436.9599915,0.00255,0.0015,0.00208,0.00188,0.00401,0.0021
437.3299866,0.00298,0.00192,0.00244,0.00267,0.00449,0.00182
437.7000122,0.00328,0.00209,0.00279,0.00227,0.00464,0.00202
438.0599976,0.00259,0.00186,0.00249,0.00213,0.00461,0.00176
438.4299927,0.0017,0.0017,0.00275,0.00191,0.00425,0.00117
438.7999878,0.00106,0.00125,0.0023,0.00157,0.00397,0.00108
439.1600037,0.00116,0.00119,0.00226,0.00159,0.00377,0.00099
439.5299988,0.00129,0.00166,0.00274,0.00222,0.00387,0.00097
439.8999939,0.0009,0.00101,0.00251,0.00176,0.0036,0.0012
440.269989,0.00095,0.00091,0.00235,0.00182,0.00349,0.00143
440.6300049,0.00104,0.00063,0.00209,0.00158,0.00321,0.00196
441,0.00095,0.00039,0.00142,0.00114,0.00282,0.00169
441.3699951,0.00171,0.0009,0.00154,0.00138,0.00248,0.00183
441.730011,0.00175,0.00081,0.00163,0.00178,0.00226,0.0018
442.1000061,0.00183,0.00041,0.00122,0.00138,0.00192,0.00163
442.4700012,0.00205,0.00044,0.00129,0.00143,0.00196,0.00152
442.8299866,0.00205,0.00088,0.00146,0.00184,0.00196,0.0018
443.2000122,0.00236,0.00129,0.00198,0.00209,0.00229,0.00176
443.5700073,0.00295,0.00178,0.00246,0.00258,0.00265,0.00223
443.9299927,0.00256,0.0022,0.00252,0.0029,0.00302,0.00219
444.2999878,0.00225,0.00252,0.00242,0.00265,0.00336,0.00228
444.6700134,0.00214,0.00278,0.00221,0.00272,0.00324,0.00233
445.0299988,0.00181,0.0029,0.00183,0.00245,0.00285,0.00231
445.3999939,0.00144,0.00218,0.00127,0.00185,0.00258,0.00142
445.769989,0.00134,0.002,0.0008,0.00203,0.00264,0.00108
446.1300049,0.00171,0.00204,0.00099,0.0024,0.0029,0.00116
446.5,0.00165,0.00128,0.00108,0.0023,0.00257,0.00116
446.8699951,0.00211,0.00111,0.00119,0.00235,0.00208,0.00114
447.230011,0.00227,0.00134,0.0014,0.00266,0.0024,0.00123
447.6000061,0.00236,0.00113,0.00154,0.00283,0.00229,0.00121
447.9599915,0.00254,0.0015,0.00158,0.0031,0.00239,0.00154
448.3299866,0.00235,0.00149,0.00169,0.00308,0.00222,0.00154
448.7000122,0.00185,0.00124,0.00122,0.0027,0.00161,0.00118
449.0599976,0.00192,0.00164,0.00119,0.00279,0.00175,0.00135
449.4299927,0.00184,0.00173,0.00126,0.003,0.00231,0.00182
449.7900085,0.0016,0.00145,0.00123,0.00268,0.00196,0.00142
450.1600037,0.00137,0.00157,0.00125,0.00265,0.00184,0.00145
450.5299988,0.00122,0.00154,0.00157,0.00281,0.00188,0.00155
450.8900146,0.00139,0.00164,0.00162,0.00263,0.00167,0.00184
451.2600098,0.00134,0.00191,0.00188,0.00276,0.00218,0.00211
451.6199951,0.00126,0.00187,0.00178,0.00271,0.00219,0.00207
451.9899902,0.00093,0.00164,0.00168,0.00235,0.00145,0.0015
452.3599854,0.00125,0.00154,0.00185,0.0027,0.00164,0.00191
452.7200012,0.0011,0.00162,0.00174,0.00259,0.00184,0.00178
453.0899963,0.00126,0.00171,0.00165,0.0024,0.00197,0.00186
453.4500122,0.00104,0.00143,0.00118,0.00234,0.0017,0.0016
453.8200073,0.00108,0.00104,0.00091,0.00221,0.0015,0.00152
454.1799927,0.00106,0.00101,0.00099,0.00205,0.0013,0.00149
454.5499878,0.00131,0.00124,0.00118,0.00206,0.00167,0.00183
454.9200134,0.0009,0.00137,0.00103,0.00175,0.00152,0.00182
455.2799988,0.00113,0.00145,0.00116,0.0019,0.00173,0.00207
455.6499939,0.00107,0.00164,0.0012,0.00198,0.00152,0.00226
456.0100098,0.00105,0.00144,0.00152,0.00182,0.00189,0.00211
456.3800049,0.00115,0.00153,0.00169,0.00195,0.00186,0.00206
456.7399902,0.0013,0.00145,0.00174,0.00196,0.00202,0.0019
457.1099854,0.001,0.00125,0.00156,0.00161,0.00211,0.00149
457.4700012,0.00103,0.00118,0.00148,0.00138,0.00197,0.0011
457.8399963,0.00144,0.00123,0.00164,0.00135,0.0019,0.00126
458.2000122,0.00162,0.00114,0.00163,0.00111,0.00201,0.00101
458.5700073,0.00182,0.0016,0.00181,0.0012,0.00207,0.00136
458.9299927,0.00196,0.00153,0.00198,0.00103,0.00194,0.00146
459.2999878,0.00185,0.00152,0.00185,0.00095,0.00193,0.00159
459.6600037,0.00182,0.00164,0.00191,0.00108,0.00185,0.00175
460.0299988,0.00194,0.00169,0.0022,0.00148,0.00203,0.00189
460.3900146,0.00165,0.00186,0.00224,0.00154,0.00187,0.00195
460.7600098,0.00172,0.00192,0.00242,0.00171,0.00193,0.00189
461.1199951,0.00142,0.00174,0.00221,0.00161,0.00166,0.00151
461.4899902,0.00126,0.00175,0.00202,0.00167,0.00173,0.00129
461.8500061,0.00116,0.00179,0.00195,0.00156,0.00149,0.00133
462.2200012,0.00141,0.00189,0.00169,0.0017,0.00134,0.00136
462.5799866,0.00126,0.00179,0.00142,0.00152,0.00132,0.00128
462.9500122,0.00142,0.00183,0.00144,0.00167,0.00164,0.0011
463.3099976,0.00112,0.00185,0.00118,0.00163,0.00149,0.00125
463.6799927,0.00135,0.00195,0.00133,0.00194,0.00171,0.00156
464.0400085,0.00132,0.00212,0.00123,0.00193,0.00175,0.00163
464.4100037,0.00163,0.00228,0.00131,0.00217,0.00225,0.00175
464.769989,0.00152,0.00219,0.00149,0.00207,0.00226,0.00166
465.1300049,0.0016,0.00239,0.00158,0.00216,0.00238,0.00188
465.5,0.00171,0.00229,0.00157,0.00189,0.00234,0.00195
465.8599854,0.00179,0.00212,0.00168,0.00184,0.00246,0.00192
466.230011,0.00173,0.00205,0.00161,0.00173,0.00241,0.00174
466.5899963,0.00179,0.00207,0.00163,0.00172,0.00242,0.00185
466.9599915,0.00161,0.00187,0.00149,0.00159,0.00222,0.00168
467.3200073,0.0019,0.00187,0.0016,0.00168,0.00237,0.00195
467.6799927,0.00201,0.00167,0.00152,0.00156,0.00228,0.00183
468.0499878,0.00185,0.00139,0.00134,0.00156,0.00208,0.00181
468.4100037,0.00213,0.0015,0.00142,0.00179,0.00211,0.00205
468.7799988,0.00223,0.00134,0.00129,0.00164,0.00205,0.00208
469.1400146,0.00229,0.00127,0.00147,0.00152,0.00217,0.00195
469.5,0.00239,0.00116,0.00144,0.0015,0.00214,0.00201
469.8699951,0.00235,0.00108,0.00138,0.00157,0.00216,0.00205
470.230011,0.00225,0.00114,0.00156,0.00175,0.00215,0.0021
470.6000061,0.00239,0.00123,0.00159,0.00189,0.00226,0.00213
470.9599915,0.0023,0.00119,0.00155,0.00194,0.00242,0.00191
471.3200073,0.00222,0.00127,0.00149,0.00204,0.0024,0.00199
471.6900024,0.00228,0.00126,0.00136,0.00236,0.00235,0.00209
472.0499878,0.00219,0.00134,0.00136,0.00231,0.00224,0.00186
472.4200134,0.00199,0.0014,0.0013,0.00224,0.00227,0.00179
472.7799988,0.00192,0.00133,0.00103,0.00202,0.00224,0.00171
473.1400146,0.0017,0.00125,0.00096,0.00184,0.0022,0.00163
473.5100098,0.00154,0.00121,0.00078,0.0016,0.00203,0.00159
473.8699951,0.0015,0.00125,0.00086,0.00156,0.00203,0.0015
474.230011,0.00132,0.00121,0.00092,0.00147,0.00202,0.00144
474.6000061,0.00123,0.00111,0.00081,0.00143,0.00208,0.00137
474.9599915,0.00133,0.00117,0.00085,0.00147,0.00215,0.0012
475.3200073,0.00143,0.00118,0.0011,0.00158,0.00231,0.00121
475.6900024,0.00162,0.00131,0.00129,0.00168,0.00249,0.00135
476.0499878,0.0015,0.00119,0.00137,0.00174,0.00242,0.00125
476.4100037,0.00137,0.00105,0.0013,0.00169,0.00243,0.00113
476.7799988,0.00141,0.00097,0.0012,0.00166,0.00246,0.00102
477.1400146,0.0014,0.00107,0.00137,0.00174,0.00255,0.00121
477.5,0.00121,0.00095,0.00117,0.0017,0.00245,0.00115
477.8699951,0.00113,0.00094,0.001,0.0017,0.00239,0.00109
478.230011,0.00095,0.00083,0.00087,0.0016,0.00233,0.00086
478.5899963,0.00109,0.00084,0.00091,0.00161,0.00243,0.00086
478.9599915,0.00122,0.00095,0.00097,0.00166,0.00242,0.00093
479.3200073,0.00113,0.00099,0.00103,0.00167,0.0025,0.00104
479.6799927,0.00111,0.00092,0.00104,0.00161,0.00256,0.00102
480.0400085,0.00128,0.00089,0.00113,0.0016,0.00261,0.00113
480.4100037,0.00131,0.0009,0.00121,0.00155,0.00263,0.00117
480.769989,0.00134,0.00096,0.00119,0.00163,0.0026,0.00118
481.1300049,0.00128,0.00103,0.00118,0.00161,0.00258,0.00129
481.5,0.00119,0.00097,0.00117,0.00161,0.00265,0.00132
481.8599854,0.00122,0.00103,0.00114,0.00157,0.00256,0.00127
482.2200012,0.00114,0.00102,0.00109,0.00152,0.00245,0.00119
482.5799866,0.00111,0.00108,0.00117,0.00151,0.00237,0.00115
482.9500122,0.00113,0.00101,0.00115,0.00149,0.00231,0.00111
483.3099976,0.00109,0.00098,0.00115,0.00144,0.00222,0.00115
483.6700134,0.00101,0.00083,0.00104,0.00141,0.00201,0.00094
484.0299988,0.001,0.00079,0.00102,0.00136,0.00186,0.00086
484.3999939,0.00105,0.00074,0.00101,0.0014,0.00188,0.00086
484.7600098,0.00114,0.00074,0.00099,0.00152,0.00178,0.00094
485.1199951,0.00108,0.00069,0.00095,0.00154,0.0017,0.00083
485.480011,0.00093,0.00069,0.00086,0.00146,0.00158,0.00086
485.8500061,0.00089,0.00065,0.00092,0.00146,0.00153,0.0008
486.2099915,0.00103,0.00078,0.00105,0.00148,0.00165,0.00094
486.5700073,0.001,0.00085,0.0011,0.00152,0.00164,0.00096
486.9299927,0.00095,0.00083,0.00118,0.00139,0.00153,0.00097
487.2900085,0.00087,0.00085,0.00126,0.00136,0.00145,0.00093
487.6600037,0.00081,0.00093,0.00127,0.00134,0.00144,0.00103
488.019989,0.00086,0.00094,0.00134,0.0014,0.00142,0.00096
488.3800049,0.00085,0.00088,0.00132,0.00142,0.00139,0.00096
488.7399902,0.00086,0.00086,0.0013,0.00146,0.00139,0.00096
489.1000061,0.00094,0.00086,0.00138,0.0014,0.0014,0.00099
489.4700012,0.00087,0.00087,0.00127,0.00139,0.00129,0.00086
489.8299866,0.00092,0.00086,0.00124,0.00138,0.00127,0.00083
490.1900024,0.00101,0.00077,0.00119,0.0014,0.0013,0.00087
490.5499878,0.0011,0.00082,0.00121,0.00144,0.00131,0.00094
490.9100037,0.00115,0.00092,0.00115,0.00138,0.00129,0.00098
491.269989,0.00101,0.00088,0.00103,0.00129,0.00119,0.00089
491.6400146,0.00098,0.00089,0.00091,0.00126,0.00117,0.00083
492,0.00112,0.00096,0.00096,0.00137,0.00131,0.00098
492.3599854,0.00112,0.00096,0.00092,0.00132,0.00141,0.00099
492.7200012,0.00111,0.00112,0.00093,0.00133,0.00144,0.00096
493.0799866,0.00103,0.00108,0.00083,0.00122,0.00145,0.00089
493.4400024,0.00113,0.00113,0.00085,0.00133,0.00153,0.0009
493.8099976,0.00125,0.00119,0.00091,0.00133,0.00159,0.00097
494.1700134,0.00124,0.0012,0.00087,0.00132,0.0016,0.001
494.5299988,0.00124,0.00113,0.00079,0.00117,0.00159,0.00103
494.8900146,0.0013,0.00113,0.00078,0.00113,0.00162,0.00105
495.25,0.00136,0.00098,0.00074,0.00112,0.00163,0.00106
495.6099854,0.00143,0.00094,0.00078,0.00115,0.00177,0.00109
495.9700012,0.00141,0.00084,0.00069,0.00103,0.00185,0.00116
496.3299866,0.0015,0.00084,0.00068,0.00099,0.00204,0.00122
496.7000122,0.00154,0.00072,0.00065,0.00097,0.00214,0.00119
497.0599976,0.00149,0.00073,0.00069,0.001,0.00225,0.00118
497.4200134,0.00151,0.0007,0.00064,0.00099,0.00239,0.0012
497.7799988,0.00151,0.00069,0.00061,0.00092,0.00252,0.00123
498.1400146,0.00161,0.00075,0.00068,0.00093,0.00273,0.00133
498.5,0.00163,0.00079,0.00071,0.00091,0.00283,0.0013
498.8599854,0.00159,0.00079,0.00068,0.00094,0.00296,0.00129
499.2200012,0.00162,0.00086,0.00074,0.00099,0.0032,0.00135
499.5799866,0.00171,0.00083,0.00078,0.00104,0.00345,0.00139
499.9400024,0.0017,0.00085,0.00081,0.00107,0.00363,0.00138
500.2999878,0.00166,0.00085,0.00092,0.00112,0.00379,0.00137
500.6700134,0.00165,0.00088,0.00093,0.00116,0.00388,0.00137
501.0299988,0.00155,0.00088,0.00097,0.00118,0.00401,0.00131
501.3900146,0.00148,0.00078,0.00091,0.00114,0.00403,0.00125
501.75,0.00145,0.00078,0.00093,0.00118,0.00412,0.00123
502.1099854,0.00139,0.00075,0.00086,0.00114,0.00411,0.00114
502.4700012,0.00132,0.00072,0.00089,0.00114,0.0041,0.0011
502.8299866,0.00122,0.00065,0.00074,0.0011,0.0041,0.00101
503.1900024,0.00118,0.00063,0.00069,0.0011,0.00419,0.00095
503.5499878,0.00123,0.00065,0.00069,0.00115,0.00431,0.00101
503.9100037,0.00128,0.00069,0.00075,0.00127,0.00441,0.00103
504.269989,0.00122,0.00062,0.00069,0.00121,0.0043,0.00098
504.6300049,0.00115,0.00064,0.00071,0.00121,0.00433,0.00104
504.9899902,0.00114,0.00068,0.00066,0.0012,0.00436,0.00102
505.3500061,0.0012,0.00076,0.00074,0.0013,0.00443,0.00103
505.7099915,0.00112,0.00072,0.00067,0.00124,0.00434,0.00094
506.0700073,0.00103,0.00064,0.00063,0.00121,0.00424,0.00081
506.4299927,0.00095,0.00068,0.0006,0.00118,0.00416,0.00079
506.7900085,0.00094,0.00067,0.00061,0.00118,0.00414,0.00077
507.1499939,0.00094,0.00066,0.00059,0.00126,0.00408,0.00067
507.5100098,0.00086,0.00061,0.00062,0.00129,0.0039,0.00063
507.8699951,0.00089,0.00066,0.00064,0.00132,0.00378,0.00065
508.230011,0.00089,0.00062,0.0007,0.00137,0.00369,0.0007
508.5899963,0.00088,0.00062,0.00068,0.00143,0.00356,0.00071
508.9500122,0.00087,0.00055,0.00068,0.00145,0.00334,0.00068
509.3099976,0.00094,0.00057,0.00068,0.00158,0.00319,0.00073
509.6700134,0.00093,0.00056,0.00069,0.00162,0.00307,0.00077
510.0299988,0.00102,0.00058,0.00065,0.00166,0.00304,0.00078
510.3900146,0.00095,0.00049,0.00061,0.00163,0.00287,0.00075
510.75,0.00093,0.00049,0.00055,0.00167,0.00272,0.00075
511.1099854,0.00097,0.00051,0.00058,0.00173,0.00255,0.00077
511.4700012,0.00097,0.00056,0.00063,0.0018,0.00254,0.00081
511.8299866,0.00092,0.0006,0.00067,0.00179,0.00246,0.00079
512.1900024,0.00096,0.00064,0.00069,0.0018,0.00232,0.00078
512.5499878,0.00089,0.00066,0.00073,0.00185,0.00223,0.00075
512.9099731,0.00093,0.00073,0.00074,0.00192,0.00221,0.00078
513.2700195,0.00094,0.00074,0.0008,0.00196,0.00214,0.00081
513.6199951,0.00088,0.0007,0.00077,0.00191,0.00213,0.00078
513.9799805,0.0008,0.00063,0.00067,0.00192,0.00204,0.0007
514.3400269,0.00081,0.00056,0.0006,0.00194,0.00205,0.00063
514.7000122,0.00077,0.00053,0.0006,0.00193,0.00208,0.00063
515.0599976,0.00079,0.00048,0.00056,0.00187,0.00205,0.00063
515.4199829,0.00076,0.00042,0.0006,0.00184,0.002,0.00063
515.7800293,0.00076,0.00037,0.00058,0.00185,0.00206,0.00054
516.1400146,0.00081,0.00042,0.00066,0.00186,0.00215,0.00054
516.5,0.0008,0.00044,0.0007,0.0018,0.00221,0.00053
516.8599854,0.00081,0.00047,0.00075,0.00173,0.00229,0.00059
517.2199707,0.00081,0.00046,0.00073,0.0017,0.00233,0.00055
517.5700073,0.00085,0.00049,0.00076,0.00172,0.00248,0.00057
517.9299927,0.00085,0.00051,0.0007,0.00167,0.00263,0.00055
518.289978,0.00089,0.00057,0.00073,0.00163,0.00276,0.00063
518.6500244,0.00085,0.00056,0.00068,0.00158,0.00286,0.00065
519.0100098,0.00096,0.00064,0.00078,0.0016,0.00304,0.00075
519.3699951,0.00088,0.00062,0.00076,0.00155,0.00315,0.00076
519.7299805,0.00091,0.00066,0.00081,0.00155,0.00332,0.00081
520.0800171,0.00088,0.00061,0.00079,0.00152,0.00345,0.00083
520.4400024,0.00084,0.00057,0.00079,0.00149,0.00355,0.00082
520.7999878,0.00082,0.00055,0.0008,0.00148,0.0037,0.0008
521.1599731,0.00085,0.00055,0.00081,0.00148,0.00382,0.00081
521.5200195,0.00081,0.00046,0.0008,0.00139,0.00391,0.00077
521.8800049,0.0009,0.00054,0.00087,0.00146,0.00411,0.00081
522.2399902,0.00089,0.00051,0.00088,0.00146,0.00419,0.00079
522.5900269,0.00091,0.00056,0.00091,0.00146,0.00432,0.00076
522.9500122,0.00091,0.00062,0.00092,0.00149,0.00441,0.0008
523.3099976,0.00085,0.00061,0.00089,0.00144,0.00443,0.00081
523.6699829,0.0008,0.00061,0.00086,0.00142,0.0045,0.0008
524.0300293,0.0008,0.00065,0.00083,0.00145,0.00454,0.00077
524.3800049,0.00077,0.00055,0.00076,0.00137,0.00447,0.0007
524.7399902,0.00078,0.00054,0.00077,0.00133,0.00454,0.00073
525.0999756,0.0008,0.00056,0.00077,0.00137,0.00458,0.00075
525.460022,0.00086,0.00057,0.00083,0.00141,0.00467,0.00075
525.8200073,0.00091,0.00057,0.00084,0.00146,0.00477,0.00074
526.1699829,0.00094,0.00055,0.00084,0.0015,0.00488,0.00077
526.5300293,0.00097,0.00054,0.0008,0.00152,0.00499,0.00078
526.8900146,0.00093,0.00058,0.00082,0.00153,0.00514,0.00079
527.25,0.00091,0.00056,0.00077,0.00157,0.00523,0.00076
527.6099854,0.00092,0.00058,0.00077,0.0016,0.00542,0.00077
527.960022,0.00087,0.00053,0.0007,0.00159,0.00553,0.00077
528.3200073,0.00086,0.00054,0.0007,0.0016,0.00576,0.00078
528.6799927,0.00089,0.00058,0.00074,0.00161,0.00596,0.00079
529.039978,0.00086,0.00057,0.00075,0.00161,0.00621,0.00076
529.3900146,0.00088,0.00057,0.0007,0.00163,0.0065,0.00076
529.75,0.00088,0.0006,0.00073,0.00165,0.00686,0.00077
530.1099854,0.00085,0.00053,0.00069,0.00163,0.00713,0.00073
530.4699707,0.00082,0.00054,0.00072,0.00165,0.00751,0.00069
530.8200073,0.00086,0.00056,0.00073,0.00171,0.00791,0.00068
531.1799927,0.00083,0.00053,0.00073,0.00172,0.00839,0.00064
531.539978,0.00084,0.00053,0.00077,0.0018,0.008880001,0.00067
531.9000244,0.00079,0.00056,0.00087,0.00188,0.00947,0.00068
532.25,0.00073,0.00052,0.00086,0.00191,0.01006,0.00065
532.6099854,0.00072,0.00053,0.00088,0.00197,0.010770001,0.00066
532.9699707,0.00078,0.00056,0.0009,0.002,0.01154,0.00069
533.3200073,0.00075,0.0005,0.00087,0.00204,0.012359999,0.00071
533.6799927,0.00075,0.00051,0.00086,0.00211,0.01324,0.00073
534.039978,0.00075,0.00052,0.00086,0.00214,0.01431,0.00073
534.4000244,0.0008,0.00047,0.00082,0.00219,0.01543,0.00072
534.75,0.00084,0.00052,0.00082,0.00226,0.016690001,0.00075
535.1099854,0.00086,0.00055,0.00088,0.00232,0.018099999,0.00079
535.4699707,0.00086,0.00056,0.00092,0.0024,0.01967,0.00082
535.8200073,0.00087,0.00063,0.00097,0.00242,0.021429999,0.00081
536.1799927,0.0009,0.00063,0.001,0.00252,0.02337,0.00086
536.539978,0.0009,0.0006,0.00101,0.00257,0.02548,0.00086
536.8900146,0.00091,0.00067,0.00111,0.00268,0.02789,0.00094
537.25,0.00089,0.00062,0.00116,0.00276,0.030550001,0.00092
537.6099854,0.0009,0.00062,0.00118,0.00282,0.033530001,0.0009
537.960022,0.00089,0.00064,0.00118,0.00293,0.036910001,0.00093
538.3200073,0.00089,0.00064,0.00122,0.00304,0.040649999,0.00095
538.6799927,0.00086,0.00066,0.00124,0.00312,0.04487,0.00093
539.0300293,0.00085,0.00074,0.00127,0.00324,0.049689997,0.00094
539.3900146,0.00089,0.00074,0.00122,0.00331,0.054980002,0.00094
539.75,0.00088,0.00074,0.00123,0.0034,0.060879998,0.00092
540.0999756,0.00092,0.0008,0.00127,0.00354,0.067490004,0.00097
540.460022,0.00089,0.00076,0.00128,0.00358,0.074819997,0.0009
540.8099976,0.00087,0.0007,0.00127,0.00369,0.082889996,0.00084
541.1699829,0.00084,0.00069,0.00128,0.00381,0.091959998,0.00078
541.5300293,0.00089,0.0007,0.00135,0.00397,0.102069996,0.00081
541.8800049,0.00089,0.00069,0.00141,0.00416,0.113170005,0.00075
542.2399902,0.00096,0.00079,0.00147,0.00435,0.125520006,0.0008
542.5900269,0.00095,0.00075,0.0015,0.00452,0.139009997,0.00079
542.9500122,0.00094,0.00078,0.00153,0.00475,0.153669998,0.0008
543.3099976,0.00101,0.00086,0.0016,0.00501,0.169550002,0.00088
543.6599731,0.0011,0.00092,0.00171,0.00529,0.186550006,0.00099
544.0200195,0.0011,0.00089,0.00172,0.00555,0.204539999,0.00094
544.3699951,0.00107,0.00091,0.00173,0.00579,0.223490015,0.00095
544.7299805,0.00105,0.0009,0.0018,0.00607,0.243269995,0.00095
545.0900269,0.00108,0.00091,0.00184,0.0064,0.263559997,0.00098
545.4400024,0.00113,0.00094,0.00194,0.00678,0.28433001,0.001
545.7999878,0.00116,0.00098,0.00204,0.00717,0.305119991,0.001
546.1500244,0.00116,0.00099,0.00207,0.00756,0.325769991,0.00096
546.5100098,0.0012,0.00107,0.00213,0.00802,0.345999986,0.00102
546.8599854,0.00123,0.00112,0.00224,0.00854,0.365519971,0.00105
547.2199707,0.00125,0.00113,0.00229,0.00911,0.384240001,0.00106
547.5800171,0.00122,0.00119,0.00236,0.00972,0.401290029,0.00107
547.9299927,0.00124,0.00123,0.00243,0.01035,0.416860014,0.00112
548.289978,0.00123,0.00121,0.00245,0.010980001,0.43096,0.00109
548.6400146,0.00128,0.00124,0.00252,0.011729999,0.443160027,0.00112
549,0.00128,0.00125,0.00261,0.01253,0.453660011,0.00115
549.3499756,0.00132,0.00127,0.00267,0.01347,0.462410003,0.00117
549.710022,0.00134,0.0013,0.00275,0.01447,0.469210029,0.0012
550.0599976,0.0014,0.00131,0.00288,0.015570001,0.474760026,0.00123
550.4199829,0.00143,0.00133,0.00296,0.016799999,0.478810012,0.00122
550.7700195,0.00146,0.00138,0.00311,0.018229999,0.481599987,0.00127
551.1300049,0.00144,0.0014,0.00324,0.01973,0.483149976,0.00128
551.4799805,0.00147,0.00144,0.0034,0.021440001,0.483969986,0.0013
551.8400269,0.00149,0.00148,0.00357,0.02328,0.483810008,0.00132
552.1900024,0.00149,0.00152,0.00368,0.025339998,0.48299998,0.00136
552.5499878,0.00154,0.00157,0.00383,0.027690001,0.48191002,0.00137
552.9000244,0.00157,0.00163,0.00401,0.030280001,0.480810016,0.0014
553.2600098,0.00161,0.0017,0.00417,0.033180002,0.479290009,0.00143
553.6099854,0.00168,0.00178,0.00437,0.03641,0.477939993,0.0015
553.9699707,0.00169,0.00183,0.00453,0.039999999,0.47616002,0.00149
554.3200073,0.00173,0.00191,0.00471,0.044020001,0.474940002,0.00151
554.6799927,0.00178,0.00197,0.00493,0.04848,0.474129975,0.0015
555.0300293,0.0018,0.00203,0.00512,0.05345,0.473279983,0.00154
555.3900146,0.00181,0.00211,0.00538,0.059,0.472669989,0.00162
555.7399902,0.00183,0.00217,0.0056,0.065240003,0.47240001,0.00163
556.0999756,0.00185,0.00222,0.0059,0.072119996,0.472560018,0.00165
556.4500122,0.00195,0.00234,0.00622,0.079790004,0.473569989,0.00173
556.7999878,0.00198,0.00237,0.00652,0.088330001,0.474539995,0.00176
557.1599731,0.00203,0.00246,0.00684,0.097729996,0.475979984,0.00182
557.5100098,0.00209,0.00253,0.00721,0.108139999,0.477980018,0.00184
557.8699951,0.00217,0.00261,0.00759,0.119569995,0.480229974,0.00189
558.2199707,0.00222,0.00272,0.00811,0.131840006,0.483110011,0.00201
558.5800171,0.0023,0.0028,0.00854,0.145229995,0.486469984,0.00209
558.9299927,0.00233,0.00283,0.00903,0.159659997,0.490009993,0.00217
559.2800293,0.00243,0.00299,0.009649999,0.175060004,0.494300008,0.00227
559.6400146,0.00252,0.00312,0.010319999,0.191420004,0.499150008,0.00235
559.9899902,0.00257,0.00325,0.011,0.208509997,0.504559994,0.00243
560.3499756,0.00267,0.0034,0.011779999,0.226359993,0.510670006,0.00247
560.7000122,0.00277,0.00355,0.012560001,0.244750008,0.517199993,0.00248
561.0499878,0.00283,0.00372,0.01347,0.263379991,0.524480045,0.00253
561.4099731,0.00293,0.00391,0.01446,0.282159984,0.532570004,0.0026
561.7600098,0.003,0.00402,0.01551,0.300969988,0.541589975,0.00265
562.1199951,0.00311,0.00419,0.01671,0.319499999,0.551320016,0.00271
562.4699707,0.00319,0.00437,0.017960001,0.337489992,0.561630011,0.00283
562.8200073,0.00326,0.00455,0.01936,0.354640007,0.572899997,0.00292
563.1799927,0.0034,0.00475,0.020989999,0.37094003,0.585349977,0.00308
563.5300293,0.00354,0.00496,0.022780001,0.386260003,0.598639965,0.0032
563.8800049,0.00365,0.00518,0.024719998,0.400539994,0.612900019,0.00332
564.2399902,0.0038,0.00542,0.02688,0.413269997,0.62816,0.00348
564.5900269,0.00395,0.00568,0.029309999,0.42474997,0.644420028,0.00365
564.9500122,0.00414,0.00601,0.032079998,0.43502,0.661689997,0.00383
565.2999878,0.00433,0.0063,0.035050001,0.444249988,0.679670036,0.00398
565.6500244,0.0045,0.00663,0.038340002,0.452490002,0.69836998,0.00416
566.0100098,0.00464,0.00698,0.041979998,0.459639996,0.717460036,0.00432
566.3599854,0.00483,0.00737,0.04614,0.46608001,0.73713994,0.00449
566.710022,0.00504,0.00781,0.050780002,0.472050011,0.757009983,0.00468
567.0700073,0.00528,0.00828,0.055879999,0.477680027,0.77669996,0.00487
567.4199829,0.00547,0.00875,0.061579999,0.483030021,0.796559989,0.00508
567.7700195,0.00571,0.00927,0.067940004,0.488250017,0.815880001,0.00531
568.1300049,0.00592,0.00983,0.074990004,0.493370026,0.834339976,0.00554
568.4799805,0.00618,0.01043,0.082690001,0.498809993,0.851960003,0.00578
568.8300171,0.00652,0.01112,0.091330007,0.504509985,0.868830025,0.00609
569.1799927,0.00678,0.011829999,0.100930005,0.510909975,0.884339988,0.00635
569.539978,0.00708,0.012619999,0.111440003,0.517769992,0.898649991,0.00667
569.8900146,0.00746,0.0135,0.123009995,0.525260031,0.911430001,0.00698
570.2399902,0.00783,0.014450001,0.135790005,0.533689976,0.923070014,0.00737
570.5999756,0.00825,0.01546,0.149619997,0.542989969,0.933420002,0.007710001
570.9500122,0.00868,0.01664,0.16471,0.55339998,0.94273001,0.008140001
571.2999878,0.00911,0.01784,0.18091999,0.564830005,0.950459957,0.00857
571.6500244,0.00961,0.01922,0.198180005,0.577380002,0.957129955,0.00902
572.0100098,0.010089999,0.020739999,0.216839999,0.591109991,0.962960005,0.00949
572.3599854,0.01061,0.022369999,0.23646,0.605979979,0.967900038,0.01001
572.710022,0.01122,0.02427,0.257290006,0.622110009,0.972090006,0.01056
573.0599976,0.01186,0.02633,0.278980017,0.639370024,0.975700021,0.0112
573.4199829,0.012619999,0.02856,0.301450014,0.657469988,0.978550017,0.01193
573.7700195,0.013359999,0.03111,0.324669987,0.676569998,0.981050014,0.01269
574.1199951,0.01419,0.033859998,0.348340005,0.696330011,0.983200014,0.01351
574.4699707,0.01511,0.03692,0.372170001,0.71649003,0.985059977,0.01441
574.8300171,0.016100001,0.04033,0.396180004,0.737149954,0.986500025,0.015369999
575.1799927,0.017180001,0.04408,0.419880003,0.757720053,0.987519979,0.016419999
575.5300293,0.01832,0.048220001,0.443310022,0.778310001,0.98842001,0.017580001
575.8800049,0.019509999,0.052829999,0.466259986,0.798010051,0.989069998,0.01874
576.2399902,0.02093,0.05804,0.488709986,0.817149937,0.989470005,0.02012
576.5900269,0.022430001,0.063809998,0.510540009,0.83525002,0.989670038,0.02165
576.9400024,0.024080001,0.070189998,0.531690001,0.852259994,0.989719987,0.023340002
577.289978,0.025899999,0.077270001,0.552410007,0.867770016,0.989649951,0.025209999
577.6400146,0.02785,0.085069999,0.572300017,0.881709993,0.989680052,0.027240001
578,0.029960001,0.093730003,0.592149973,0.894329965,0.989629984,0.029370001
578.3499756,0.03235,0.103319995,0.611590028,0.905869961,0.989410043,0.031860001
578.7000122,0.034960002,0.113940001,0.630909979,0.915879965,0.98913002,0.034540001
579.0499878,0.037799999,0.125670001,0.650099993,0.924609959,0.988840044,0.037530001
579.4000244,0.04098,0.138510004,0.669200003,0.932359993,0.988449991,0.040789999
579.7600098,0.044439998,0.152669996,0.688399971,0.939339995,0.98811996,0.044349998
580.1099854,0.048309997,0.168219998,0.708169997,0.945640028,0.987770021,0.048330002
580.460022,0.052620001,0.185249999,0.727740049,0.950989962,0.987370014,0.052829999
580.8099976,0.057379998,0.203799993,0.747659981,0.955829978,0.987259984,0.057779998
581.1599731,0.062600002,0.223729998,0.76710999,0.959940016,0.986959994,0.063170001
581.5100098,0.068390004,0.245590001,0.787160039,0.963809967,0.986719966,0.069190003
581.8699951,0.074730001,0.26899001,0.806880057,0.967180014,0.98646003,0.075840004
582.2199707,0.081809998,0.294070005,0.826070011,0.970160007,0.986370027,0.083330005
582.5700073,0.089650005,0.320670009,0.844660044,0.973030031,0.98615998,0.091650002
582.9199829,0.098300003,0.348779976,0.862320006,0.975530028,0.986109972,0.100850001
583.2700195,0.107759997,0.37797001,0.878710032,0.977600038,0.985989988,0.110940002
583.6199951,0.118219994,0.408549994,0.894240022,0.979670048,0.986090004,0.122229993
583.9699707,0.129840001,0.439779997,0.908089995,0.981530011,0.986249983,0.134659991
584.3300171,0.1426,0.471980006,0.920609951,0.983270049,0.986470044,0.148369998
584.6799927,0.156739995,0.504710019,0.931919992,0.984789968,0.986699998,0.163519993
585.0300293,0.172089994,0.53757,0.941529989,0.985899985,0.987049997,0.180069998
585.3800049,0.189080015,0.570420027,0.950159967,0.987030029,0.987479985,0.198300004
585.7299805,0.207660004,0.603429973,0.957590044,0.988160014,0.987979949,0.218449995
586.0800171,0.227970004,0.635720015,0.964130044,0.989140034,0.988449991,0.240390003
586.4299927,0.250129998,0.66753,0.969550014,0.990029991,0.988970041,0.26424998
586.7800293,0.274179995,0.698249996,0.974049985,0.990589976,0.989489973,0.290210009
587.1300049,0.300020009,0.727600038,0.977570057,0.991289973,0.990019977,0.318019986
587.4799805,0.327879995,0.755869985,0.980540037,0.991869986,0.990440011,0.347840011
587.8400269,0.357319981,0.78241998,0.982969999,0.992489994,0.990859985,0.379299998
588.1900024,0.388980001,0.80746001,0.984970033,0.99296999,0.991080046,0.412829995
588.539978,0.422179997,0.830500007,0.986360013,0.993489981,0.991370022,0.447799981
588.8900146,0.456510007,0.851490021,0.987399995,0.993809938,0.99157995,0.483740002
589.2399902,0.492280006,0.870660007,0.988440037,0.994289994,0.991819978,0.520749986
589.5900269,0.52895999,0.888069987,0.989170015,0.994570017,0.991869986,0.55862999
589.9400024,0.566039979,0.903270006,0.989670038,0.994810045,0.991869986,0.596409976
590.289978,0.603259981,0.916689992,0.989970028,0.994859993,0.991780043,0.633819997
590.6400146,0.640110016,0.928229988,0.99011004,0.994970024,0.991649985,0.670520008
590.9899902,0.675910056,0.938519955,0.990179956,0.994810045,0.991490006,0.706039965
591.3400269,0.711129963,0.947440028,0.990210056,0.994710028,0.991219997,0.740729988
591.6900024,0.744400024,0.954990029,0.990149975,0.994729996,0.990869999,0.772839963
592.039978,0.775930047,0.96134001,0.99018997,0.994479954,0.990540028,0.802740037
592.3900146,0.805370033,0.966859996,0.990339994,0.994300008,0.9903,0.830329955
592.7399902,0.832440019,0.971679986,0.990530014,0.994300008,0.989909947,0.855509996
593.0900269,0.856509984,0.975579977,0.990740001,0.994260013,0.989449978,0.877539992
593.4400024,0.878239989,0.978720009,0.990930021,0.994260013,0.988870025,0.896809995
593.789978,0.896929979,0.981149971,0.991169989,0.99417001,0.988179982,0.913030028
594.1400146,0.913489997,0.983229995,0.991379976,0.994110048,0.987450004,0.927409947
594.4899902,0.927389979,0.984840035,0.991569996,0.994079947,0.986779988,0.939289987
594.8400269,0.939229965,0.986190021,0.99198997,0.994179964,0.986129999,0.949369967
595.1900024,0.948980033,0.987040043,0.992180049,0.994049966,0.985309958,0.957509995
595.539978,0.957490027,0.987910032,0.992500007,0.99394995,0.984700024,0.96449995
595.8900146,0.964469969,0.988519967,0.992720008,0.993960023,0.984000027,0.970279992
596.2399902,0.970350027,0.989049971,0.993130028,0.994040012,0.983440042,0.975049973
596.5900269,0.974869967,0.989349961,0.993359983,0.993939996,0.982789993,0.978649974
596.9400024,0.979009986,0.989840031,0.993910015,0.994110048,0.982300043,0.981819987
597.289978,0.982170045,0.990059972,0.994179964,0.994110048,0.981719971,0.984200001
597.6400146,0.984820008,0.990329981,0.994599998,0.994270027,0.981330037,0.986259997
597.9899902,0.986930013,0.99052,0.994889975,0.994369984,0.980800033,0.987800002
598.3400269,0.988579988,0.99059999,0.995220006,0.99435997,0.980360031,0.988900006
598.6900024,0.989800036,0.990700006,0.995419979,0.994319975,0.979860008,0.989600003
599.039978,0.990989983,0.990800023,0.995759964,0.994349957,0.979530036,0.990279973
599.3900146,0.991670012,0.990869999,0.995949984,0.994479954,0.979449987,0.990729988
599.7399902,0.992200017,0.991019964,0.996080041,0.994540036,0.97924006,0.99109
600.0900269,0.992630005,0.991259992,0.996190012,0.994570017,0.979049981,0.991289973
600.4400024,0.992839992,0.991340041,0.996270001,0.994639993,0.979200006,0.991360009
600.789978,0.993189991,0.99157995,0.996589959,0.994929969,0.979420006,0.99157995
601.1400146,0.99357003,0.991999984,0.996789992,0.99537003,0.979769945,0.991949975
601.4899902,0.993730009,0.992540002,0.99713999,0.99574995,0.980179965,0.992200017
601.8300171,0.993789971,0.992829978,0.997110009,0.995829999,0.980230033,0.992219985
602.1799927,0.993929982,0.993229985,0.997240007,0.996010005,0.980570018,0.992249966
602.5300293,0.994049966,0.993479967,0.997279942,0.99624002,0.981130004,0.992409945
602.8800049,0.994159997,0.993849993,0.997359991,0.996480048,0.981400013,0.992540002
603.2299805,0.994419992,0.994459987,0.997480035,0.996789992,0.982009947,0.992819965
603.5800171,0.994589984,0.994879961,0.997549951,0.996890008,0.982450008,0.993040025
603.9299927,0.994560003,0.995090008,0.997359991,0.996810019,0.982949972,0.993040025
604.2800293,0.994670033,0.995429993,0.997429967,0.996949971,0.983509958,0.993319988
604.6300049,0.994700015,0.995549977,0.997189999,0.99703002,0.984040022,0.993510008
604.9699707,0.994700015,0.995889962,0.997110009,0.996959984,0.984449983,0.993679941
605.3200073,0.994899988,0.996159971,0.996999979,0.997009993,0.985140026,0.993849993
605.6699829,0.994870007,0.996279955,0.996800005,0.996849954,0.985700011,0.99405998
606.0200195,0.994950056,0.99642998,0.996680021,0.996849954,0.986370027,0.994300008
606.3699951,0.995090008,0.996529996,0.996500015,0.99684,0.986770034,0.994690001
606.7199707,0.995280027,0.996800005,0.996370018,0.996750057,0.987360001,0.994950056
607.0700073,0.995710015,0.997129977,0.996510029,0.996810019,0.988000035,0.995410025
607.4199829,0.996179938,0.997310042,0.996610045,0.996949971,0.988619983,0.995719969
607.7600098,0.996299982,0.997470021,0.996600032,0.996689975,0.988990009,0.996089995
608.1099854,0.996640027,0.997559965,0.996579945,0.996619999,0.989380062,0.996389985
608.460022,0.996829987,0.997619987,0.996510029,0.996340036,0.989629984,0.996619999
608.8099976,0.997129977,0.997959971,0.996659994,0.99635005,0.990199983,0.996999979
609.1599731,0.997380018,0.997860014,0.996649981,0.996249974,0.990479946,0.997189999
609.5100098,0.997539997,0.99792999,0.996689975,0.996100008,0.990719974,0.997460008
609.8499756,0.997539997,0.997910023,0.996649981,0.995759964,0.990759969,0.997619987
610.2000122,0.997910023,0.99811995,0.996869981,0.995869994,0.991070032,0.997969985
610.5499878,0.997900009,0.998089969,0.996910036,0.995619953,0.991050005,0.997979939
610.9000244,0.99804002,0.998080015,0.997070014,0.995589972,0.991210043,0.998140037
611.25,0.998199999,0.997880042,0.99721998,0.995389998,0.991219997,0.998170018
611.5900269,0.998319983,0.997839987,0.997370005,0.995169997,0.991210043,0.998280048
611.9400024,0.998319983,0.997720003,0.997419953,0.994929969,0.991080046,0.998319983
612.289978,0.998440027,0.997759998,0.997640014,0.994859993,0.991140008,0.998489976
612.6400146,0.998440027,0.997539997,0.997780025,0.994610012,0.990940034,0.998440027
612.9899902,0.99871999,0.99763,0.998019993,0.994520009,0.991029978,0.998659968
613.3300171,0.998749971,0.997480035,0.998030007,0.994340003,0.990869999,0.998749971
613.6799927,0.998899996,0.997590005,0.998210013,0.994149983,0.990849972,0.998820066
614.0300293,0.998970032,0.997730017,0.998430014,0.994040012,0.990840018,0.998960018
614.3800049,0.999010026,0.997699976,0.998589993,0.993840039,0.990810037,0.998889983
614.7199707,0.999100029,0.997600019,0.998690009,0.993679941,0.990719974,0.99879998
615.0700073,0.999170005,0.99763,0.998710036,0.993669987,0.990840018,0.998759985
615.4199829,0.999029994,0.997619987,0.998789966,0.993690014,0.990759969,0.998629987
615.7700195,0.999189973,0.997759998,0.999130011,0.993700027,0.990920007,0.998580039
616.1099854,0.99901998,0.997649968,0.999059975,0.993679941,0.990869999,0.998399973
616.460022,0.998939991,0.997590005,0.999130011,0.993589997,0.990930021,0.998300016
616.8099976,0.998889983,0.997529984,0.999219954,0.993690014,0.990999997,0.998280048
617.1599731,0.998880029,0.997590005,0.999229968,0.99375999,0.991110027,0.998270035
617.5,0.998949945,0.997780025,0.999390006,0.993749976,0.991190016,0.998459995
617.8499756,0.998980045,0.99774003,0.999369979,0.993700027,0.991400003,0.99842
618.2000122,0.998960018,0.997870028,0.999419987,0.993710041,0.991569996,0.998539984
618.539978,0.999029994,0.998019993,0.999540031,0.993779957,0.991829991,0.998640001
618.8900146,0.999069989,0.998099983,0.999540031,0.993919969,0.992060006,0.998510003
619.2399902,0.999089956,0.998180032,0.999540031,0.99387002,0.992349982,0.998489976
619.5900269,0.999010026,0.998280048,0.99950999,0.993939996,0.992659986,0.998430014
619.9299927,0.998780012,0.998160005,0.999349952,0.993889987,0.99289,0.998150051
620.2800293,0.998619974,0.998259962,0.999339998,0.993910015,0.993049979,0.998140037
620.6300049,0.998580039,0.998300016,0.999119997,0.99398005,0.993359983,0.998030007
620.9699707,0.998470008,0.998359978,0.999029994,0.994130015,0.99364996,0.998030007
621.3200073,0.998430014,0.998430014,0.998980045,0.994189978,0.99398005,0.99811995
621.6699829,0.998349965,0.998580039,0.99871999,0.994329989,0.99417001,0.998160005
622.0100098,0.998359978,0.998740017,0.998710036,0.994449973,0.994449973,0.998259962
622.3599854,0.998529971,0.999010026,0.998669982,0.994779944,0.994690001,0.998489976
622.710022,0.998640001,0.999280035,0.998510003,0.994940042,0.994950056,0.998510003
623.0499878,0.998589993,0.999430001,0.998440027,0.99507004,0.995059967,0.998529971
623.4000244,0.998690009,0.999559999,0.998259962,0.995230019,0.995029986,0.998550057
623.75,0.998759985,0.999759972,0.998160005,0.995400012,0.995039999,0.998619974
624.0900269,0.998880029,0.999830008,0.998049974,0.995609999,0.994980037,0.998690009
624.4400024,0.998899996,0.999800026,0.997880042,0.995710015,0.994649947,0.998669982
624.789978,0.99901998,0.999800026,0.997789979,0.995859981,0.994459987,0.998789966
625.1300049,0.999100029,0.99970001,0.997679949,0.996010005,0.994120002,0.998960018
625.4799805,0.999159992,0.999719977,0.997549951,0.996110022,0.993669987,0.999100029
625.8200073,0.999310017,0.999769986,0.997580051,0.996200025,0.993389964,0.999310017
626.1699829,0.999440014,0.999749959,0.997460008,0.996340036,0.992829978,0.999530017
626.5200195,0.999570012,0.999850035,0.997500002,0.996389985,0.992190003,0.999550045
626.8599854,0.99970001,0.999929965,0.997470021,0.996640027,0.991559982,0.999859989
627.210022,0.999689996,0.999929965,0.997399986,0.996619999,0.990619957,0.999929965
627.5499878,0.999749959,0.999840021,0.997340024,0.996689975,0.989719987,1.000030041
627.9000244,0.999909997,0.999800026,0.997359991,0.996849954,0.988820016,1.000199914
628.25,0.999909997,0.99981004,0.997160017,0.996849954,0.987640023,1.000259995
628.5900269,0.999970019,0.99981004,0.997279942,0.997129977,0.986579955,1.000309944
628.9400024,0.999940038,0.999800026,0.997269988,0.997249961,0.985379994,1.000429988
629.2800293,1.000020027,0.999769986,0.997289956,0.997240007,0.984250009,1.000419974
629.6300049,0.999960005,0.999639988,0.997170031,0.997229993,0.983030021,1.000329971
629.9799805,1.000010014,0.999769986,0.997180045,0.99733001,0.981779993,1.000319958
630.3200073,0.999909997,0.999719977,0.997070014,0.997310042,0.980400026,1.00022006
630.6699829,1.000020027,0.999769986,0.997269988,0.997539997,0.979349971,1.000299931
631.0100098,0.999970019,0.999710023,0.99713999,0.997539997,0.978290021,1.000370026
631.3599854,1.000230074,0.999800026,0.997180045,0.997699976,0.977379978,1.000479937
631.7000122,1.000280023,0.999670029,0.997129977,0.997640014,0.976320028,1.000400066
632.0499878,1.000370026,0.999670029,0.997259974,0.997770011,0.975560009,1.000540018
632.3900146,1.000419974,0.999599993,0.997269988,0.997780025,0.974759996,1.000550032
632.7399902,1.000550032,0.999550045,0.997289956,0.997699976,0.974319994,1.000560045
633.0900269,1.000519991,0.999260008,0.997229993,0.997669995,0.973850012,1.000469923
633.4299927,1.000509977,0.999180019,0.997340024,0.997559965,0.973439991,1.000339985
633.7800293,1.000349998,0.999049962,0.997380018,0.997510016,0.973330021,1.000299931
634.1199951,1.00022006,0.999049962,0.99744004,0.997610033,0.973479986,1.000419974
634.4699707,1.000090003,0.999029994,0.997510016,0.997619987,0.973669946,1.000299931
634.8099976,1.00019002,0.998970032,0.997710049,0.99763,0.974030018,1.000249982
635.1599731,1.000090003,0.998980045,0.997860014,0.997730017,0.974499941,1.000280023
635.5,1.000120044,0.999110043,0.99792999,0.997780025,0.974970043,1.000230074
635.8499756,1.000070095,0.999119997,0.997880042,0.997839987,0.975449979,1.000180006
636.1900024,1.000070095,0.998980045,0.997870028,0.997720003,0.975809991,1.000049949
636.539978,1.000090003,0.999069989,0.997900009,0.99774003,0.976130009,0.999819994
636.8800049,1.000159979,0.999010026,0.997959971,0.997789979,0.97615999,0.99977994
637.2299805,1.000090003,0.999059975,0.998030007,0.997949958,0.975989997,0.999800026
637.5700073,1.000079989,0.998880029,0.998170018,0.997949958,0.975059986,0.999580026
637.9199829,0.999880016,0.998789966,0.998270035,0.997839987,0.973450005,0.999520063
638.2600098,0.999880016,0.998690009,0.998369992,0.997730017,0.971109986,0.999540031
638.5999756,0.999800026,0.998710036,0.998589993,0.997789979,0.967669964,0.99950999
638.9500122,0.999769986,0.998519957,0.998749971,0.997759998,0.962890029,0.999459982
639.289978,0.999830008,0.998600006,0.998939991,0.997679949,0.95668,0.999369979
639.6400146,0.999740005,0.998450041,0.999010026,0.997549951,0.948750019,0.999300003
639.9799805,0.999850035,0.998700023,0.999089956,0.997529984,0.939040005,0.999369979
640.3300171,0.999929965,0.998780012,0.999270022,0.99751997,0.927510023,0.999430001
640.6699829,0.999850035,0.998880029,0.999300003,0.997529984,0.913600028,0.999319971
641.0200195,0.999850035,0.998919964,0.999240041,0.997319996,0.897520006,0.999449968
641.3599854,0.999830008,0.998989999,0.999270022,0.997040033,0.879130006,0.999480009
641.7000122,0.99977994,0.998989999,0.999270022,0.996859968,0.858990014,0.999629974
642.0499878,0.999749959,0.999130011,0.999300003,0.99635005,0.837090015,0.999610007
642.3900146,0.999489963,0.998870015,0.999219954,0.99594003,0.813580036,0.999559999
642.7399902,0.999480009,0.998769999,0.999170005,0.995540023,0.789000034,0.999559999
643.0800171,0.999430001,0.998789966,0.999240041,0.995140016,0.763820052,0.99950999
643.4299927,0.999390006,0.998840034,0.999289989,0.994970024,0.73872,0.999530017
643.7700195,0.999459982,0.999069989,0.999280035,0.994710028,0.713869989,0.999520063
644.1099854,0.999410033,0.999079943,0.999199986,0.994349957,0.689400017,0.999440014
644.460022,0.999410033,0.998960018,0.999130011,0.994029999,0.665700018,0.999419987
644.7999878,0.999499977,0.999130011,0.999199986,0.993730009,0.643339992,0.999520063
645.1400146,0.999570012,0.999219954,0.999199986,0.99327004,0.621819973,0.99950999
645.4899902,0.99977994,0.999289989,0.999289989,0.992730021,0.602010012,0.99970001
645.8300171,0.999880016,0.999430001,0.999349952,0.992049992,0.583359957,0.999740005
646.1799927,0.999980032,0.999430001,0.999339998,0.991600037,0.566269994,1.000039935
646.5200195,1.000079989,0.99950999,0.999530017,0.991019964,0.550499976,1.000079989
646.8599854,1.000049949,0.999580026,0.999489963,0.990700006,0.536230028,1.000180006
647.210022,1.000039935,0.999629974,0.99940002,0.990010023,0.523329973,1.00022006
647.5499878,0.999800026,0.999649942,0.999260008,0.989369988,0.511950016,1.00022006
647.8900146,0.99970001,0.999629974,0.999059975,0.988919973,0.501529992,1.000100017
648.2399902,0.999800026,0.999550045,0.999170005,0.98842001,0.492389977,1.000030041
648.5800171,0.999880016,0.999610007,0.999250054,0.987870038,0.484430015,1.000039935
648.9199829,0.999880016,0.999610007,0.999110043,0.987349987,0.477420002,1.000039935
649.2700195,1.000059962,0.999950051,0.999219954,0.986750007,0.471570015,1.000290036
649.6099854,1.000169992,0.99988997,0.99921,0.98627001,0.466259986,1.000339985
649.9500122,1.00022006,0.999950051,0.998989999,0.985819995,0.461769968,1.000390053
650.2999878,1.000339985,0.999989986,0.998870015,0.98537004,0.458139986,1.000440001
650.6400146,1.000239968,1.000090003,0.998640001,0.984919965,0.455219984,1.000479937
650.9799805,0.99988997,0.999880016,0.998389959,0.984369993,0.452769995,1.000349998
651.3300171,0.99988997,0.999940038,0.998099983,0.984009981,0.451130003,1.000440001
651.6699829,0.999639988,0.999499977,0.997759998,0.98360002,0.449490011,1.000270009
652.0100098,0.999680042,0.999729991,0.99763,0.983579993,0.448540002,1.000149965
652.3599854,0.999710023,0.999909997,0.997799993,0.983590007,0.447949976,1.000199914
652.7000122,0.999870002,0.999950051,0.997710049,0.983519971,0.447360009,1.000429988
653.039978,1.000049949,1.000139952,0.997829974,0.983649969,0.44679001,1.00059998
653.3800049,1.000309944,1.000169992,0.997770011,0.983609974,0.44619,1.000689983
653.7299805,1.000400066,1.00011003,0.99781996,0.983639956,0.445260018,1.000710011
654.0700073,1.000669956,1.000460029,0.998010039,0.983720005,0.443949997,1.000689983
654.4099731,1.000620008,1.000309944,0.997870028,0.983430028,0.441920012,1.000770092
654.75,1.000820041,1.000180006,0.997640014,0.983040035,0.439199984,1.000759959
655.0999756,1.00056994,0.999950051,0.997539997,0.982379973,0.435409993,1.000550032
655.4400024,1.000509977,0.999729991,0.997340024,0.981299996,0.430639982,1.000460029
655.7800293,1.000360012,0.99970001,0.997089982,0.979900002,0.424430013,1.000299931
656.1199951,1.000360012,0.999769986,0.996999979,0.978119969,0.41674,1.000230074
656.4699707,1.000180006,0.999599993,0.996589959,0.97547996,0.407590002,1.000210047
656.8099976,1.000030041,0.999419987,0.996320009,0.972170055,0.396980017,0.999970019
657.1500244,0.999759972,0.999110043,0.996140003,0.968069971,0.3847,0.999840021
657.4899902,0.999719977,0.999260008,0.996060014,0.963160038,0.371230006,0.99988997
657.8400269,0.999840021,0.999059975,0.995859981,0.956900001,0.35619998,0.999909997
658.1799927,0.999950051,0.999110043,0.995670021,0.94938004,0.340040028,1
658.5200195,0.999929965,0.999040008,0.995630026,0.940250039,0.323110014,1.000120044
658.8599854,0.999940038,0.99883002,0.995440006,0.929719985,0.305610001,0.999980032
659.2000122,1.000059962,0.998899996,0.995179951,0.917559981,0.287420005,1.000259995
659.5499878,1.000100017,0.998870015,0.994819999,0.903739989,0.269129992,1.000159979
659.8900146,1.000259995,0.998730004,0.994440019,0.888229966,0.251080006,1.00019002
660.2299805,1.000070095,0.998550057,0.993929982,0.871510029,0.233370006,0.999859989
660.5700073,1.000039935,0.998459995,0.993789971,0.853539944,0.216170013,0.999819994
660.9099731,0.999989986,0.998189986,0.993040025,0.834479988,0.199459985,0.99977994
661.2600098,1,0.998030007,0.992489994,0.814700007,0.183589995,0.999789953
661.5999756,0.999929965,0.997990012,0.992249966,0.794589996,0.16870001,0.999710023
661.9400024,1.000169992,0.998049974,0.991760015,0.774229944,0.154640004,0.999950051
662.2800293,1.000020027,0.997659981,0.991039991,0.754189968,0.141509995,0.999769986
662.6199951,0.999789953,0.997679949,0.990510046,0.734380007,0.129270002,0.99988997
662.960022,0.999540031,0.997359991,0.989440024,0.715339959,0.118009999,0.999530017
663.3099976,0.999459982,0.997229993,0.988940001,0.697080016,0.107720003,0.999390006
663.6500244,0.999580026,0.997399986,0.988219976,0.680070043,0.098339997,0.999310017
663.9899902,0.999489963,0.997009993,0.987170041,0.664030015,0.089840002,0.999029994
664.3300171,0.999180019,0.996819973,0.986309946,0.649240017,0.082110003,0.998759985
664.6699829,0.999119997,0.997080028,0.985570014,0.635670006,0.075070001,0.998700023
665.0100098,0.999159992,0.997020006,0.984849989,0.623290002,0.068750001,0.998700023
665.3499756,0.999219954,0.997249961,0.984459996,0.612089992,0.063029997,0.999010026
665.6900024,0.999059975,0.997300029,0.983529985,0.60175997,0.057909999,0.998899996
666.039978,0.998789966,0.997210026,0.982900023,0.592209995,0.05325,0.999040008
666.3800049,0.998659968,0.997340024,0.982190013,0.583350003,0.04902,0.999089956
666.7199707,0.99883002,0.997510016,0.981670022,0.574790001,0.045229997,0.999119997
667.0599976,0.998789966,0.997399986,0.981019974,0.566460013,0.041750003,0.999000013
667.4000244,0.998809993,0.997450054,0.980210066,0.558300018,0.038619999,0.99901998
667.7399902,0.998840034,0.997489989,0.979489982,0.549790025,0.035810001,0.998939991
668.0800171,0.998880029,0.997380018,0.978980005,0.541180015,0.033259999,0.998860002
668.4199829,0.998749971,0.997149944,0.978280008,0.531800032,0.030889999,0.998619974
668.7600098,0.998710036,0.997210026,0.977919996,0.521920025,0.028770002,0.998550057
669.0999756,0.99849999,0.996999979,0.977379978,0.511099994,0.026789999,0.998389959
669.4400024,0.998489976,0.99684,0.976859987,0.499329984,0.025079999,0.998249948
669.789978,0.998080015,0.996289968,0.976130009,0.486330003,0.023490001,0.997910023
670.1300049,0.997889996,0.995869994,0.97517997,0.472440004,0.0221,0.997649968
670.4699707,0.997770011,0.995530009,0.973919988,0.457309991,0.02079,0.997500002
670.8099976,0.99792999,0.995280027,0.97269994,0.441529989,0.01957,0.997649968
671.1500244,0.997969985,0.994719982,0.970869958,0.424419999,0.018449999,0.997529984
671.4899902,0.997870028,0.994219959,0.968620002,0.406809986,0.0175,0.997460008
671.8300171,0.997829974,0.993830025,0.965839982,0.388699979,0.01654,0.997559965
672.1699829,0.998089969,0.993440032,0.962149978,0.370519996,0.01568,0.997699976
672.5100098,0.99811995,0.992940009,0.957629979,0.351999998,0.01481,0.997770011
672.8499756,0.998080015,0.992330015,0.95216006,0.333709985,0.01406,0.997720003
673.1900024,0.99792999,0.991600037,0.945059955,0.315540016,0.01345,0.997659981
673.5300293,0.998160005,0.990989983,0.936559975,0.29795,0.01286,0.99785006
673.8699951,0.998199999,0.99022001,0.926719964,0.281000018,0.012259999,0.99792999
674.210022,0.998180032,0.989380062,0.915220022,0.264599979,0.0117,0.997919977
674.5499878,0.998170018,0.988669991,0.902249992,0.248869985,0.01121,0.99792999
674.8900146,0.998080015,0.987749994,0.887659967,0.233960003,0.010779999,0.998019993
675.2299805,0.998099983,0.986959994,0.871519983,0.219789997,0.01036,0.99792999
675.5700073,0.998059988,0.986009955,0.854079962,0.206369996,0.00994,0.997590005
675.9099731,0.997959971,0.985039949,0.835539997,0.193859994,0.00955,0.997310042
676.25,0.997979939,0.984209955,0.815640032,0.18197,0.00923,0.99721998
676.5900269,0.997910023,0.983359993,0.794870019,0.170809999,0.00889,0.996949971
676.9299927,0.99785006,0.982539952,0.77335,0.160349995,0.0086,0.99654001
677.2700195,0.997870028,0.981809974,0.751129985,0.15061,0.00833,0.996259987
677.6099854,0.997610033,0.981109977,0.728259981,0.141509995,0.00804,0.995899975
677.9500122,0.997539997,0.980839968,0.705559969,0.133039996,0.00774,0.995780051
678.289978,0.996999979,0.980189979,0.682060003,0.125200003,0.00748,0.995199978
678.6300049,0.997080028,0.980000019,0.658259988,0.117799997,0.00721,0.994749963
678.9699707,0.996880054,0.979609966,0.63440001,0.110880002,0.00706,0.994289994
679.3099976,0.996689975,0.979609966,0.610400021,0.104449995,0.00686,0.993939996
679.6500244,0.996249974,0.979520023,0.585730016,0.098360002,0.00667,0.993030012
679.9799805,0.996279955,0.979870021,0.561069965,0.09262,0.00654,0.992619991
680.3200073,0.99605006,0.979719996,0.535730004,0.087229997,0.00642,0.991729975
680.6599731,0.995819986,0.980080009,0.51037997,0.081979997,0.00629,0.991179943
681,0.995179951,0.980080009,0.484749973,0.077059999,0.00618,0.990400016
681.3400269,0.99476999,0.980149984,0.458689988,0.072399996,0.006,0.989849985
681.6799927,0.994179964,0.979759991,0.432500005,0.067919999,0.0059,0.989059985
682.0200195,0.993589997,0.97943002,0.406619996,0.063660003,0.00582,0.988300025
682.3599854,0.992870033,0.97845,0.380760014,0.059510004,0.00568,0.987519979
682.7000122,0.992240012,0.977400005,0.355210006,0.055560004,0.00558,0.987030029
683.039978,0.99191004,0.975530028,0.330430001,0.051899999,0.0055,0.986409962
683.3800049,0.991259992,0.973039985,0.306490004,0.04837,0.00542,0.985800028
683.710022,0.990689993,0.969749987,0.283500016,0.045019999,0.00542,0.984929979
684.0499878,0.990279973,0.965260029,0.261480004,0.041859999,0.0053,0.984430015
684.3900146,0.990289986,0.959479988,0.24070999,0.038880002,0.00524,0.984459996
684.7299805,0.989909947,0.951929986,0.221170008,0.036210001,0.00517,0.984189987
685.0700073,0.989219964,0.942629993,0.20284,0.033670001,0.00512,0.983970046
685.4099731,0.988879979,0.93167001,0.185720012,0.03131,0.00508,0.984049976
685.75,0.988860011,0.918410063,0.169760004,0.029070001,0.00499,0.984270036
686.0900269,0.988679945,0.902779996,0.155059993,0.02705,0.00494,0.984549999
686.4199829,0.988489985,0.884989977,0.141540006,0.0252,0.00495,0.984749973
686.7600098,0.988109946,0.86491996,0.129030004,0.02342,0.00486,0.984909952
687.0999756,0.988189995,0.842750013,0.117679998,0.0218,0.00488,0.985350013
687.4400024,0.988560021,0.818450034,0.107450001,0.02042,0.00489,0.985759974
687.7800293,0.988940001,0.791949987,0.098100007,0.019099999,0.00487,0.986370027
688.1199951,0.989040017,0.763669968,0.089589998,0.01794,0.0049,0.986400008
688.4500122,0.989300013,0.733550012,0.081850007,0.016860001,0.00487,0.98627001
688.789978,0.98981005,0.702180028,0.074829996,0.01584,0.00485,0.98615998
689.1300049,0.990570009,0.66952002,0.068559997,0.01501,0.00488,0.985530019
689.4699707,0.990930021,0.636319995,0.062899999,0.01419,0.00485,0.984420002
689.8099976,0.991159976,0.602559984,0.057829998,0.013400001,0.00478,0.982179999
690.1400146,0.991019964,0.568470001,0.053160001,0.01274,0.00475,0.978730023
690.4799805,0.990849972,0.534770012,0.048979998,0.01212,0.00477,0.974489987
690.8200073,0.990319967,0.501650035,0.045200001,0.01155,0.00478,0.969020009
691.1599731,0.989340007,0.46924001,0.0418,0.011030001,0.00478,0.961549997
691.5,0.987570047,0.437599987,0.038729999,0.01053,0.00478,0.952380002
691.8300171,0.985039949,0.407070011,0.035870001,0.01008,0.00482,0.941179991
692.1699829,0.98198998,0.378100008,0.03328,0.00969,0.00488,0.928049982
692.5100098,0.977300048,0.350560009,0.03101,0.009330001,0.00494,0.91249001
692.8499756,0.971369982,0.324280024,0.028900001,0.00901,0.00495,0.894400001
693.1799927,0.96382004,0.299629986,0.02698,0.00868,0.00504,0.873759985
693.5200195,0.954459965,0.276470006,0.02523,0.0084,0.00509,0.850640059
693.8599854,0.943059981,0.254950017,0.02365,0.00815,0.00518,0.825010002
694.2000122,0.929929972,0.234799996,0.0222,0.00794,0.00523,0.797089994
694.5300293,0.914319992,0.215969995,0.020810001,0.00768,0.00528,0.767160058
694.8699951,0.896290004,0.198409989,0.019509999,0.00743,0.00535,0.735319972
695.210022,0.875819981,0.182229996,0.018370001,0.00723,0.00546,0.701979995
695.5499878,0.852800012,0.167159989,0.017349999,0.00704,0.0055,0.667509973
695.8800049,0.827069998,0.153369993,0.01647,0.00692,0.0056,0.632169962
696.2199707,0.79877001,0.140629992,0.01553,0.00672,0.00565,0.59661001
696.5599976,0.768140018,0.128989995,0.01472,0.00654,0.00575,0.560779989
696.9000244,0.735170007,0.11823,0.01401,0.00645,0.00587,0.525189996
697.2299805,0.700989962,0.108380005,0.01334,0.00628,0.00588,0.490429997
697.5700073,0.665260017,0.099230006,0.01263,0.0061,0.0059,0.45648998
697.9099731,0.628569961,0.09104,0.01197,0.00599,0.00596,0.42366001
698.2399902,0.591340005,0.083520003,0.01135,0.00586,0.00604,0.39210999
698.5800171,0.554229975,0.07666,0.01086,0.00579,0.00607,0.361889988
698.9199829,0.517260015,0.070380002,0.01041,0.00575,0.00612,0.333429992
699.25,0.48111999,0.064720005,0.00997,0.00566,0.00623,0.306630015
699.5900269,0.446209997,0.059559997,0.00953,0.00562,0.00644,0.281569988
699.9299927,0.41245997,0.054959998,0.00918,0.00559,0.00654,0.258170009
700.2600098,0.38044998,0.050689999,0.00883,0.00555,0.00662,0.236520007
700.5999756,0.350089997,0.046750002,0.00848,0.00547,0.00667,0.216560006
700.9400024,0.321749985,0.043280002,0.00816,0.00542,0.00684,0.198119998
701.2700195,0.295419991,0.040029999,0.00786,0.00532,0.00694,0.181319997
701.6099854,0.27094999,0.037149999,0.00764,0.00531,0.00697,0.165790007
701.9500122,0.248320013,0.034529999,0.00736,0.00529,0.007,0.151610002
702.2800293,0.227689996,0.03218,0.00714,0.00532,0.00711,0.138730004
702.6199951,0.2086,0.029949998,0.00696,0.00527,0.00715,0.126990005
702.960022,0.191180006,0.027969999,0.00676,0.00527,0.00723,0.116339996
703.289978,0.175149992,0.026099999,0.00657,0.00528,0.00726,0.106639996
703.6300049,0.160440013,0.024449999,0.00641,0.00529,0.00732,0.097790003
703.960022,0.147119999,0.022869999,0.0062,0.00526,0.00737,0.08986
704.2999878,0.134910002,0.02142,0.0061,0.00527,0.00741,0.082659997
704.6400146,0.123800002,0.02005,0.00592,0.00516,0.00743,0.076109998
704.9699707,0.113710001,0.01895,0.00576,0.00518,0.00751,0.070119999
705.3099976,0.10458,0.01784,0.0056,0.00517,0.00752,0.064649999
705.6400146,0.096219994,0.016799999,0.00545,0.00516,0.00756,0.059720002
705.9799805,0.088719994,0.01589,0.00527,0.00517,0.00756,0.055289999
706.3200073,0.081870005,0.01505,0.00511,0.00518,0.00761,0.051180001
706.6500244,0.075669996,0.01431,0.00497,0.00521,0.00766,0.047540002
706.9899902,0.070050001,0.013569999,0.00489,0.00528,0.00764,0.04425
707.3200073,0.064920001,0.01287,0.00474,0.00533,0.0076,0.041149996
707.6599731,0.060199998,0.01223,0.00463,0.00539,0.00761,0.038389999
707.9899902,0.056030001,0.011720001,0.00462,0.00545,0.00756,0.035859998
708.3300171,0.05212,0.01117,0.00454,0.00552,0.00754,0.033489998
708.6699829,0.048499998,0.01064,0.00448,0.00552,0.00747,0.03136
709,0.045219999,0.01007,0.0044,0.00551,0.00731,0.029279999
709.3400269,0.042169999,0.00958,0.00427,0.00548,0.00722,0.0274
709.6699829,0.039389998,0.00914,0.0042,0.00557,0.0072,0.02579
710.0100098,0.036880001,0.00875,0.00417,0.00562,0.00714,0.024249999
710.3400269,0.03449,0.0083,0.00407,0.00567,0.00709,0.02283
710.6799927,0.032390002,0.00798,0.00404,0.00572,0.00706,0.021540001
711.0100098,0.03049,0.0077,0.00397,0.0058,0.00701,0.02039
711.3499756,0.028650001,0.00741,0.00387,0.00584,0.00699,0.019309999
711.6799927,0.02702,0.0072,0.00384,0.00596,0.007,0.01832
712.0200195,0.025510002,0.00698,0.00387,0.00599,0.00702,0.01739
712.3499756,0.02407,0.00677,0.0038,0.00601,0.00696,0.01653
712.6900024,0.0228,0.00655,0.00373,0.00602,0.00691,0.015700001
713.0200195,0.02163,0.0064,0.00372,0.0061,0.0069,0.01495
713.3599854,0.020550001,0.00618,0.00368,0.00617,0.00687,0.014199999
713.6900024,0.019550001,0.00604,0.0037,0.00629,0.00688,0.01359
714.0300293,0.018550001,0.00588,0.00366,0.0064,0.00686,0.012990001
714.3599854,0.017650001,0.00569,0.00364,0.00645,0.0068,0.0124
714.7000122,0.01691,0.00551,0.00368,0.00659,0.00684,0.01193
715.0300293,0.01615,0.00538,0.00372,0.00668,0.00682,0.01145
715.3699951,0.01539,0.00521,0.00371,0.00679,0.00679,0.01105
715.7000122,0.01467,0.00502,0.00367,0.00683,0.00676,0.01061
716.039978,0.013990001,0.00487,0.00367,0.00694,0.0067,0.010140001
716.3699951,0.013400001,0.0047,0.00369,0.00702,0.00668,0.00976
716.7000122,0.01278,0.00452,0.00364,0.00707,0.00658,0.00934
717.039978,0.01223,0.00441,0.00365,0.00713,0.00655,0.00898
717.3699951,0.011820001,0.00433,0.00364,0.0073,0.00659,0.00875
717.710022,0.01132,0.00423,0.0036,0.00731,0.00655,0.00838
718.039978,0.010829999,0.00414,0.0036,0.00741,0.00655,0.00807
718.3800049,0.01041,0.00398,0.00356,0.00744,0.00656,0.00782
718.710022,0.01008,0.00393,0.00356,0.00754,0.00661,0.00755
719.039978,0.00977,0.00389,0.00358,0.00767,0.00667,0.00736
719.3800049,0.0094,0.00375,0.00348,0.00769,0.00661,0.00705
719.710022,0.009,0.00363,0.00345,0.007710001,0.00658,0.00679
720.0499878,0.00873,0.00356,0.00348,0.00782,0.00663,0.00664
720.3800049,0.00847,0.00359,0.00352,0.00794,0.00664,0.00646
720.710022,0.00829,0.00362,0.0036,0.00808,0.00676,0.00632
721.0499878,0.00802,0.00358,0.00369,0.0082,0.00677,0.00619
721.3800049,0.00778,0.00355,0.00374,0.008309999,0.00677,0.00609
721.7199707,0.00765,0.00354,0.00389,0.00849,0.00693,0.00606
722.0499878,0.00747,0.00349,0.00393,0.00857,0.00693,0.00593
722.3800049,0.00724,0.00338,0.00397,0.00856,0.00687,0.00572
722.7199707,0.00711,0.00328,0.00396,0.00856,0.00688,0.00563
723.0499878,0.00693,0.00322,0.00401,0.00858,0.00683,0.00549
723.3800049,0.00678,0.00316,0.00403,0.0086,0.00686,0.00541
723.7199707,0.00664,0.00309,0.00402,0.00858,0.00691,0.00529
724.0499878,0.00633,0.00303,0.00395,0.00848,0.0068,0.00507
724.3800049,0.00618,0.00304,0.00399,0.00852,0.00686,0.005
724.7199707,0.00608,0.00307,0.00405,0.00862,0.00694,0.00496
725.0499878,0.0059,0.00301,0.0041,0.0086,0.007,0.00483
725.3800049,0.00573,0.00297,0.00411,0.00857,0.00706,0.00472
725.7199707,0.0056,0.00295,0.00415,0.00851,0.00705,0.00457
726.0499878,0.0055,0.00296,0.00428,0.00851,0.00712,0.00452
726.3800049,0.00541,0.00294,0.00436,0.00855,0.0072,0.00442
726.7199707,0.00528,0.00288,0.00443,0.00853,0.00723,0.00428
727.0499878,0.00518,0.00285,0.00446,0.00848,0.00728,0.00422
727.3800049,0.00509,0.00286,0.00456,0.00852,0.00735,0.0042
727.710022,0.00505,0.00288,0.00459,0.00855,0.00744,0.00419
728.0499878,0.00493,0.00282,0.00461,0.0086,0.00753,0.00414
728.3800049,0.00484,0.0028,0.00468,0.008640001,0.0076,0.00403
728.710022,0.00482,0.0028,0.00475,0.00862,0.00764,0.00404
729.0499878,0.00476,0.00281,0.0048,0.00866,0.0077,0.00398
729.3800049,0.00467,0.00284,0.00492,0.008690001,0.00782,0.00393
729.710022,0.00465,0.00281,0.00497,0.00868,0.007900001,0.00387
730.039978,0.00448,0.00279,0.00503,0.0086,0.00795,0.00383
730.3800049,0.00439,0.0028,0.00509,0.00854,0.00798,0.00379
730.710022,0.00433,0.00286,0.00516,0.00851,0.00805,0.00381
731.039978,0.00423,0.00286,0.00516,0.0085,0.008119999,0.00371
731.3699951,0.00413,0.00288,0.00517,0.00839,0.00819,0.00372
731.710022,0.00403,0.00289,0.00515,0.00834,0.00819,0.00364
732.039978,0.00396,0.00302,0.00526,0.00836,0.00827,0.00362
732.3699951,0.00396,0.00303,0.00529,0.0084,0.00826,0.00355
732.7000122,0.00393,0.0031,0.00535,0.00841,0.00835,0.00352
733.039978,0.00388,0.00308,0.00535,0.00842,0.00834,0.00349
733.3699951,0.00389,0.00307,0.00543,0.00847,0.00842,0.00353
733.7000122,0.00387,0.00307,0.00555,0.00853,0.00852,0.00353
734.0300293,0.00385,0.00309,0.00562,0.00856,0.00865,0.0036
734.3599854,0.00373,0.00302,0.00555,0.00848,0.00862,0.0035
734.7000122,0.00376,0.00304,0.00557,0.00855,0.008719999,0.00347
735.0300293,0.00376,0.00306,0.00563,0.00857,0.00881,0.0035
735.3599854,0.00375,0.00307,0.0057,0.00865,0.00893,0.00353
735.6900024,0.00375,0.00316,0.00577,0.00868,0.00902,0.00356
736.0200195,0.00373,0.00321,0.00579,0.00871,0.00903,0.0036
736.3499756,0.0038,0.00326,0.00588,0.00877,0.00906,0.0036
736.6900024,0.00386,0.00331,0.00593,0.00885,0.00914,0.00371
737.0200195,0.00384,0.00336,0.00601,0.00883,0.00921,0.00378
737.3499756,0.00383,0.00339,0.00597,0.00882,0.009190001,0.00373
737.6799927,0.00384,0.00346,0.00593,0.00879,0.00922,0.00371
738.0100098,0.00386,0.00351,0.00591,0.00883,0.00925,0.00373
738.3400269,0.0039,0.00351,0.00585,0.00882,0.00926,0.0037
738.6799927,0.0038,0.00347,0.00575,0.00879,0.00929,0.00365
739.0100098,0.00381,0.00358,0.00577,0.00882,0.009380001,0.00369
739.3400269,0.00377,0.00363,0.00568,0.00882,0.00937,0.00365
739.6699829,0.00379,0.00372,0.0057,0.00889,0.009409999,0.00376
740,0.00377,0.00372,0.00562,0.00883,0.009409999,0.00376
740.3300171,0.00377,0.00371,0.00556,0.00878,0.009430001,0.0038
740.6599731,0.00373,0.00379,0.00552,0.00883,0.00952,0.00385
740.9899902,0.00377,0.00393,0.00545,0.00887,0.009459999,0.00393
741.3200073,0.00378,0.00395,0.00538,0.008909999,0.00945,0.00395
741.6599731,0.0039,0.00406,0.00546,0.00908,0.00953,0.0041
741.9899902,0.00392,0.00407,0.00536,0.00905,0.00948,0.00415
742.3200073,0.0039,0.00416,0.00531,0.00915,0.009509999,0.00421
742.6500244,0.0039,0.00425,0.00531,0.0092,0.00958,0.00425
742.9799805,0.00395,0.00431,0.00525,0.00922,0.00958,0.00428
743.3099976,0.00403,0.00437,0.00526,0.0093,0.00973,0.0043
743.6400146,0.00409,0.00437,0.00523,0.00937,0.00982,0.00437
743.9699707,0.00416,0.00436,0.00513,0.00931,0.00984,0.00436
744.2999878,0.00416,0.00437,0.00504,0.00937,0.00992,0.00435
744.6300049,0.00429,0.00437,0.00506,0.00939,0.00997,0.00436
744.960022,0.00442,0.00446,0.005,0.009430001,0.010039999,0.00439
745.289978,0.00449,0.00449,0.00503,0.00947,0.01005,0.00447
745.6199951,0.0045,0.00447,0.00496,0.00948,0.00997,0.00455
745.9500122,0.00458,0.00443,0.00488,0.009430001,0.00992,0.00449
746.2800293,0.00463,0.00443,0.00478,0.009430001,0.0099,0.00452
746.6099854,0.00479,0.00458,0.0049,0.0096,0.01001,0.00467
746.9400024,0.00488,0.00458,0.00485,0.0097,0.00999,0.00481
747.2800293,0.00492,0.00455,0.00488,0.00979,0.00997,0.00492
747.6099854,0.00502,0.00451,0.00479,0.00985,0.00994,0.00493
747.9400024,0.00515,0.0045,0.00478,0.00992,0.01001,0.00502
748.2700195,0.00519,0.00455,0.00472,0.00997,0.010039999,0.00512
748.5999756,0.00522,0.00457,0.00477,0.01005,0.01003,0.00522
748.9299927,0.00525,0.00451,0.00475,0.01002,0.009980001,0.00517
749.2600098,0.00528,0.00445,0.00472,0.00991,0.01002,0.00513
749.5800171,0.00529,0.00438,0.00459,0.00992,0.01002,0.00512
749.9099731,0.00533,0.00433,0.00459,0.00997,0.010140001,0.00519
750.2399902,0.00534,0.00426,0.00449,0.00988,0.01005,0.00517
750.5700073,0.00536,0.00422,0.00449,0.00991,0.01003,0.00521
750.9000244,0.0054,0.00416,0.00444,0.00991,0.010039999,0.00523
751.2299805,0.00544,0.00404,0.00436,0.00995,0.01,0.00528
751.5599976,0.00544,0.00398,0.00428,0.010039999,0.01003,0.00536
751.8900146,0.00548,0.00396,0.00434,0.010089999,0.01003,0.00537
752.2199707,0.00561,0.00393,0.00436,0.01015,0.00999,0.00536
752.5499878,0.00574,0.00386,0.0044,0.01027,0.010089999,0.00537
752.8800049,0.00578,0.0038,0.00444,0.01041,0.01016,0.00547
753.210022,0.00585,0.00377,0.00442,0.01045,0.01022,0.00551
753.539978,0.00587,0.00368,0.00437,0.01045,0.010240001,0.00554
753.8699951,0.00591,0.00361,0.00435,0.01045,0.01011,0.00549
754.2000122,0.00599,0.00354,0.00435,0.01051,0.010140001,0.00553
754.5300293,0.00597,0.00354,0.00436,0.01053,0.01016,0.00561
754.8599854,0.00586,0.0035,0.00438,0.01055,0.01016,0.00563
755.1900024,0.00581,0.0034,0.0044,0.01053,0.01012,0.00546
755.5100098,0.0058,0.00334,0.00446,0.01061,0.01013,0.00541
755.8400269,0.00584,0.00339,0.00461,0.01075,0.01021,0.00543
756.1699829,0.00593,0.00344,0.00475,0.01092,0.010369999,0.00548
756.5,0.00588,0.00337,0.00477,0.01092,0.01039,0.00545
756.8300171,0.00573,0.00335,0.00477,0.01095,0.01041,0.00536
757.1599731,0.00578,0.00335,0.00477,0.011039999,0.01045,0.00533
757.4899902,0.00579,0.00336,0.00472,0.0111,0.01047,0.00537
757.8200073,0.00563,0.00332,0.00474,0.01112,0.01054,0.00528
758.1400146,0.00555,0.00327,0.00467,0.011089999,0.0105,0.00519
758.4699707,0.00538,0.00325,0.00464,0.01107,0.01046,0.00515
758.7999878,0.0053,0.00339,0.00466,0.01119,0.0105,0.00511
759.1300049,0.00524,0.00329,0.00463,0.01121,0.01053,0.00507
759.460022,0.00509,0.00326,0.00466,0.01119,0.010570001,0.00495
759.789978,0.00496,0.0032,0.00474,0.01118,0.010650001,0.00484
760.1199951,0.00495,0.00318,0.00476,0.01127,0.01061,0.00481
760.4400024,0.0048,0.00317,0.00475,0.01126,0.01071,0.00468
760.7700195,0.00472,0.0031,0.00483,0.01124,0.01082,0.00454
761.0999756,0.00464,0.0029,0.00483,0.01119,0.01079,0.00443
761.4299927,0.00452,0.00288,0.00476,0.01117,0.010770001,0.00426
761.7600098,0.00451,0.00288,0.00481,0.01119,0.0108,0.0042
762.0800171,0.00444,0.00288,0.00484,0.01122,0.01079,0.00416
762.4099731,0.00433,0.0029,0.00481,0.01117,0.010880001,0.00411
762.7399902,0.00431,0.00291,0.00485,0.01115,0.010829999,0.00408
763.0700073,0.00415,0.00284,0.00478,0.01113,0.01076,0.00403
763.4000244,0.00401,0.00286,0.00473,0.01113,0.01081,0.00399
763.7199707,0.00397,0.00286,0.00485,0.01114,0.010939999,0.004
764.0499878,0.00386,0.00277,0.00485,0.01117,0.010930001,0.00399
764.3800049,0.00384,0.00279,0.00487,0.01125,0.010989999,0.00399
764.710022,0.00374,0.00274,0.00487,0.01124,0.010939999,0.00386
765.039978,0.00371,0.0027,0.00485,0.01128,0.011030001,0.00382
765.3599854,0.0038,0.0028,0.00491,0.01134,0.01123,0.00386
765.6900024,0.00378,0.00278,0.00496,0.011410001,0.01125,0.00382
766.0200195,0.00373,0.00289,0.00502,0.01155,0.01127,0.00386
766.3499756,0.00375,0.00293,0.005,0.01159,0.01133,0.00385
766.6699829,0.00367,0.00293,0.00498,0.011519999,0.01131,0.00389
767,0.0036,0.00289,0.00499,0.011510001,0.011390001,0.00392
767.3300171,0.00357,0.0029,0.00502,0.01156,0.01143,0.00395
767.6500244,0.00342,0.00275,0.005,0.01153,0.01133,0.00383
767.9799805,0.00346,0.0029,0.00516,0.011569999,0.011469999,0.00391
768.3099976,0.00351,0.00285,0.00518,0.01154,0.011569999,0.00386
768.6400146,0.00342,0.00277,0.00518,0.01149,0.0116,0.00378
768.960022,0.00344,0.00285,0.00526,0.01158,0.01171,0.00372
769.289978,0.00339,0.00281,0.00532,0.011569999,0.01168,0.00364
769.6199951,0.00333,0.00282,0.00542,0.01155,0.011729999,0.00363
769.9400024,0.00328,0.0029,0.00547,0.01163,0.01181,0.00371
770.2700195,0.00314,0.00273,0.00536,0.011519999,0.01175,0.00352
770.5999756,0.00307,0.00271,0.0054,0.01154,0.011720001,0.00356
770.9199829,0.00307,0.00281,0.0055,0.01159,0.011820001,0.00366
771.25,0.003,0.0028,0.00552,0.01161,0.011870001,0.00361
771.5800171,0.00306,0.0029,0.00558,0.01164,0.01206,0.00374
771.9000244,0.00301,0.0029,0.00555,0.011720001,0.01203,0.00373
772.2299805,0.00305,0.00294,0.00556,0.01168,0.01207,0.00363
772.5599976,0.00299,0.00297,0.00554,0.011779999,0.0121,0.00368
772.8800049,0.00299,0.00293,0.00551,0.011820001,0.012180001,0.00363
773.210022,0.00301,0.00291,0.00549,0.01179,0.012150001,0.00354
773.539978,0.00306,0.00294,0.0055,0.01179,0.012209999,0.00365
773.8599854,0.00312,0.00298,0.00547,0.01181,0.012159999,0.0037
774.1900024,0.0032,0.00308,0.00553,0.011779999,0.012250001,0.00372
774.5200195,0.00321,0.00307,0.00561,0.01184,0.01233,0.00376
774.8400269,0.0032,0.00306,0.00553,0.01175,0.01227,0.00365
775.1699829,0.00318,0.00315,0.00549,0.011670001,0.012250001,0.00364
775.5,0.00302,0.0031,0.00547,0.01164,0.01227,0.00363
775.8200073,0.00293,0.00299,0.00536,0.0117,0.012209999,0.00349
776.1500244,0.00287,0.00295,0.00533,0.01169,0.01229,0.00339
776.4699707,0.00281,0.00291,0.00521,0.01176,0.01224,0.00335
776.7999878,0.00274,0.00292,0.00511,0.011770001,0.012250001,0.00337
777.1199951,0.00275,0.00295,0.00521,0.01193,0.01233,0.00353
777.4500122,0.00274,0.00292,0.00525,0.01199,0.01245,0.00352
777.7800293,0.00282,0.00304,0.00524,0.012159999,0.01249,0.00361
778.0999756,0.00282,0.00313,0.00526,0.012130001,0.012510001,0.00366
778.4299927,0.00275,0.00312,0.00519,0.012180001,0.012519999,0.00366
778.75,0.00266,0.00308,0.00519,0.01209,0.012589999,0.0036
779.0800171,0.00259,0.00309,0.00514,0.01209,0.01255,0.00356
779.4000244,0.00272,0.00323,0.00517,0.01205,0.01271,0.00354
779.7299805,0.00268,0.00326,0.00516,0.01208,0.01265,0.00356
780.0599976,0.00278,0.0032,0.00518,0.01205,0.01276,0.00351
780.3800049,0.00278,0.00323,0.00518,0.01202,0.01286,0.00356
780.710022,0.00287,0.00318,0.00509,0.01205,0.01285,0.00348
781.0300293,0.00298,0.00321,0.00506,0.01223,0.012940001,0.00357
781.3599854,0.00313,0.00324,0.00506,0.01234,0.01306,0.00363
781.6799927,0.00336,0.00341,0.00527,0.01254,0.01339,0.00378
782.0100098,0.0034,0.00347,0.00528,0.012669999,0.013400001,0.00388
782.3300171,0.00333,0.00344,0.00523,0.01265,0.01334,0.00395
782.6599731,0.00329,0.00339,0.00519,0.01271,0.013300001,0.0039
782.9799805,0.00331,0.00351,0.00535,0.01276,0.01338,0.004
783.3099976,0.00327,0.00345,0.0054,0.01271,0.013350001,0.00395
783.6300049,0.00325,0.00342,0.0054,0.01263,0.01327,0.00398
783.960022,0.00309,0.00326,0.00521,0.012560001,0.012940001,0.00387
784.2800293,0.00308,0.00319,0.00512,0.01243,0.01289,0.00389
784.6099854,0.00313,0.00326,0.00512,0.01245,0.01302,0.0039
784.9299927,0.00317,0.00323,0.00514,0.012410001,0.01301,0.00393
785.2600098,0.00321,0.00324,0.0051,0.01233,0.012970001,0.00405
785.5800171,0.00332,0.00331,0.00517,0.01238,0.013099999,0.00415
785.9099731,0.00333,0.0033,0.00526,0.012469999,0.01324,0.00433
786.2299805,0.00332,0.00327,0.00524,0.01249,0.01329,0.00439
786.5599976,0.00337,0.00327,0.0053,0.01258,0.01334,0.00437
786.8800049,0.00324,0.00323,0.00524,0.01253,0.01327,0.00428
787.2000122,0.00323,0.00319,0.00516,0.01253,0.013259999,0.00423
787.5300293,0.00312,0.00305,0.00516,0.01263,0.01324,0.00419
787.8499756,0.00303,0.00303,0.00512,0.01272,0.013200001,0.00421
788.1799927,0.00296,0.00304,0.00506,0.01272,0.013150001,0.00407
788.5,0.00289,0.00305,0.00502,0.0127,0.01308,0.00397
788.8300171,0.00294,0.003,0.005,0.01279,0.01306,0.00399
789.1500244,0.0031,0.00303,0.00504,0.012949999,0.01303,0.0041
789.4699707,0.00316,0.00313,0.00514,0.013040001,0.01308,0.00417
789.7999878,0.00328,0.00319,0.00519,0.01307,0.01323,0.00422
790.1199951,0.00328,0.00314,0.00518,0.01298,0.013250001,0.00426
790.4500122,0.00337,0.00314,0.00523,0.01298,0.01329,0.0043
790.7700195,0.00332,0.00302,0.00523,0.012970001,0.013359999,0.00432
791.0900269,0.00334,0.00301,0.00534,0.012949999,0.013459999,0.00433
791.4199829,0.00337,0.00308,0.00547,0.012999999,0.01356,0.0044
791.7399902,0.00324,0.00294,0.00539,0.012940001,0.0135,0.00436
792.0599976,0.00331,0.00297,0.0053,0.012999999,0.01345,0.00427
792.3900146,0.00333,0.00288,0.0053,0.012970001,0.01334,0.00411
792.710022,0.0033,0.00288,0.00526,0.013040001,0.013250001,0.00412
793.039978,0.00328,0.00281,0.00515,0.01307,0.01314,0.0041
793.3599854,0.00332,0.0029,0.00502,0.01311,0.01321,0.004
793.6799927,0.00319,0.00274,0.00488,0.01301,0.01302,0.00388
794.0100098,0.00319,0.00269,0.00489,0.01309,0.01296,0.00385
794.3300171,0.00317,0.0026,0.00491,0.01319,0.012920001,0.00389
794.6500244,0.00315,0.00275,0.00492,0.013400001,0.012970001,0.004
794.9799805,0.0031,0.00263,0.0049,0.013309999,0.012949999,0.00393
795.2999878,0.00318,0.00272,0.00502,0.01332,0.012940001,0.00399
795.6199951,0.00311,0.00266,0.00505,0.01329,0.01288,0.00401
795.9400024,0.00308,0.00264,0.00503,0.01337,0.01296,0.00396
796.2700195,0.00312,0.00265,0.00504,0.01337,0.01308,0.00388
796.5900269,0.00313,0.0027,0.00513,0.013350001,0.01313,0.00389
796.9099731,0.00315,0.00275,0.00519,0.013309999,0.01311,0.00387
797.2399902,0.00315,0.00283,0.00518,0.01334,0.01312,0.00377
797.5599976,0.00306,0.00284,0.00517,0.013400001,0.01307,0.00371
797.8800049,0.003,0.00283,0.00526,0.01348,0.01313,0.00372
798.210022,0.00317,0.00296,0.00545,0.01363,0.01327,0.00387
798.5300293,0.00323,0.00303,0.00555,0.013730001,0.01317,0.00401
798.8499756,0.00304,0.00293,0.00548,0.01376,0.013099999,0.00387
799.1699829,0.00303,0.00282,0.00556,0.013789999,0.013150001,0.00393
799.5,0.00295,0.00275,0.00554,0.01387,0.01323,0.00399
799.8200073,0.00292,0.00271,0.00542,0.013839999,0.013259999,0.00401
800.1400146,0.00293,0.00271,0.00536,0.013839999,0.01317,0.00405
800.460022,0.00267,0.0026,0.00529,0.01368,0.013049999,0.00389
800.789978,0.00264,0.00271,0.0053,0.01364,0.01312,0.0038
801.1099854,0.00272,0.00281,0.00549,0.01359,0.01313,0.00383
801.4299927,0.0027,0.00288,0.00531,0.01355,0.01308,0.00373
801.75,0.00272,0.0029,0.00537,0.01353,0.01309,0.00367
802.0700073,0.00276,0.0029,0.00549,0.01362,0.01319,0.00366
802.4000244,0.0028,0.00297,0.00553,0.01364,0.013300001,0.00362
802.7199707,0.00308,0.00319,0.00563,0.01377,0.01344,0.00377
803.039978,0.0031,0.00324,0.00579,0.01391,0.01362,0.00391
803.3599854,0.00302,0.00316,0.00565,0.01392,0.01364,0.00399
803.6799927,0.00306,0.00308,0.00573,0.013940001,0.01377,0.00393
804.0100098,0.00301,0.00311,0.00577,0.013890001,0.01381,0.00397
804.3300171,0.00301,0.00309,0.00582,0.0139,0.0138,0.00393
804.6500244,0.0028,0.003,0.00585,0.0138,0.013780001,0.00392
804.9699707,0.0026,0.00287,0.0057,0.01365,0.01375,0.00377
805.289978,0.0024,0.0027,0.00552,0.01344,0.01364,0.00352
805.6199951,0.00243,0.00266,0.00547,0.01344,0.01354,0.00338
805.9400024,0.00227,0.00264,0.00553,0.013400001,0.013660001,0.00338
806.2600098,0.00219,0.00251,0.00545,0.013459999,0.01359,0.00324
806.5800171,0.0022,0.0026,0.00542,0.01337,0.013739999,0.00327
806.9000244,0.00226,0.00249,0.00534,0.01338,0.01368,0.00314
807.2199707,0.00223,0.00247,0.00549,0.01355,0.013730001,0.00313
807.539978,0.00231,0.00237,0.00547,0.01361,0.013739999,0.00328
807.8699951,0.00222,0.00241,0.00556,0.01362,0.013830001,0.00321
808.1900024,0.00226,0.0025,0.00552,0.0138,0.013730001,0.00323
808.5100098,0.00245,0.00268,0.00567,0.01386,0.01397,0.00339
808.8300171,0.00239,0.00256,0.00575,0.013839999,0.013830001,0.00322
809.1500244,0.00237,0.00265,0.00579,0.013890001,0.014,0.00326
809.4699707,0.00242,0.00267,0.00571,0.01387,0.014049999,0.00324
809.789978,0.00251,0.00287,0.00584,0.014040001,0.01428,0.00335
810.1099854,0.00249,0.00282,0.00574,0.01406,0.01438,0.00344
810.4299927,0.00252,0.00264,0.00566,0.01387,0.01428,0.00337
810.7600098,0.00231,0.00259,0.00549,0.013789999,0.014090001,0.00334
811.0800171,0.00231,0.00264,0.00544,0.013890001,0.014090001,0.00353
811.4000244,0.00236,0.00269,0.00539,0.013990001,0.014119999,0.0035
811.7199707,0.00235,0.00264,0.0054,0.01391,0.014099999,0.00349
812.039978,0.00232,0.00257,0.00535,0.01391,0.01408,0.00341
812.3599854,0.00236,0.00273,0.0054,0.01391,0.014149999,0.00352
812.6799927,0.00239,0.00283,0.0055,0.013940001,0.01439,0.00368
813,0.00256,0.00299,0.00551,0.014040001,0.014529999,0.00361
813.3200073,0.00248,0.00299,0.00561,0.01408,0.0147,0.00348
813.6400146,0.0024,0.00299,0.00565,0.014040001,0.01475,0.00348
813.960022,0.00231,0.00299,0.00574,0.01401,0.01486,0.00342
814.2800293,0.00223,0.00293,0.00579,0.01387,0.01482,0.00329
814.5999756,0.00224,0.00288,0.00586,0.01392,0.01502,0.00325
814.9199829,0.00202,0.00288,0.00568,0.01386,0.014939999,0.00316
815.2399902,0.00204,0.00282,0.00584,0.01382,0.015099999,0.00317
815.5599976,0.0021,0.00286,0.00563,0.01364,0.01503,0.00318
815.8800049,0.00203,0.00287,0.0056,0.01362,0.01513,0.00318
816.2000122,0.00203,0.00287,0.00547,0.01376,0.01517,0.00331
816.5200195,0.00202,0.00305,0.00537,0.01375,0.015369999,0.00346
816.8400269,0.00202,0.00312,0.00528,0.013780001,0.01539,0.00344
817.1599731,0.0022,0.00315,0.00552,0.013890001,0.015659999,0.00336
817.4799805,0.00209,0.00307,0.00546,0.01387,0.01565,0.00346
817.7999878,0.00207,0.00314,0.00561,0.01406,0.015930001,0.0036
818.1199951,0.00221,0.00316,0.00561,0.01397,0.01598,0.00358
818.4400024,0.00223,0.00328,0.00583,0.013990001,0.01623,0.00355
818.7600098,0.00213,0.00318,0.00592,0.01403,0.01622,0.00348
819.0800171,0.00207,0.00304,0.00584,0.0139,0.01619,0.0034
819.4000244,0.00204,0.00314,0.0057,0.0139,0.016170001,0.00349
819.7199707,0.00212,0.00311,0.00565,0.01393,0.01626,0.00358
820.039978,0.00207,0.00295,0.00544,0.01391,0.016319999,0.00346
820.3599854,0.00205,0.00298,0.00552,0.01411,0.016480001,0.0036
820.6799927,0.00205,0.00296,0.00542,0.013990001,0.01644,0.00361
821,0.00221,0.00313,0.0054,0.01421,0.016659999,0.00369
821.3200073,0.00224,0.00321,0.00554,0.01429,0.016759999,0.00381
821.6400146,0.0022,0.00317,0.00549,0.01422,0.01695,0.00375
821.960022,0.00214,0.00317,0.00542,0.01411,0.01706,0.00346
822.2700195,0.00216,0.0031,0.00549,0.01396,0.01719,0.00325
822.5900269,0.0022,0.00306,0.00543,0.01395,0.017239999,0.00327
822.9099731,0.0023,0.00308,0.00542,0.01408,0.017439999,0.00343
823.2299805,0.00232,0.00302,0.00545,0.01395,0.017650001,0.00331
823.5499878,0.00237,0.00307,0.00557,0.01395,0.01785,0.00335
823.8699951,0.00238,0.00297,0.00566,0.01401,0.017929999,0.00336
824.1900024,0.00234,0.00301,0.00572,0.01407,0.017999999,0.0035
824.5100098,0.00243,0.00318,0.00576,0.01417,0.01819,0.00387
824.8300171,0.0024,0.00304,0.00568,0.01408,0.018309999,0.00372
825.1400146,0.00227,0.00286,0.00549,0.01403,0.018239999,0.00353
825.460022,0.00217,0.00274,0.00533,0.01388,0.01809,0.00355
825.7800293,0.00223,0.00275,0.00524,0.01388,0.01812,0.00352
826.0999756,0.00221,0.00279,0.00531,0.014040001,0.018139999,0.00368
826.4199829,0.00227,0.00287,0.00537,0.01402,0.018200001,0.00376
826.7399902,0.00232,0.00301,0.00538,0.01418,0.018170001,0.00368
827.0599976,0.00247,0.00316,0.00548,0.01423,0.01812,0.00384
827.3699951,0.00279,0.00341,0.00568,0.014450001,0.01826,0.00401
827.6900024,0.0029,0.00335,0.0057,0.01462,0.018339999,0.00401
828.0100098,0.00294,0.00334,0.00565,0.01472,0.01853,0.00403
828.3300171,0.00309,0.00347,0.00556,0.01491,0.01856,0.00407
828.6500244,0.00322,0.0034,0.00554,0.01508,0.018680001,0.00407
828.960022,0.00332,0.0033,0.00574,0.01508,0.01887,0.00427
829.2800293,0.00322,0.00326,0.00574,0.01521,0.01898,0.00418
829.5999756,0.00301,0.00316,0.00563,0.0152,0.019029999,0.00419
829.9199829,0.003,0.00328,0.00576,0.015319999,0.019060001,0.00441
830.2399902,0.00304,0.00339,0.00574,0.01543,0.018919999,0.00446
830.5499878,0.00304,0.00325,0.00568,0.0152,0.019029999,0.00431
830.8699951,0.00277,0.00323,0.00555,0.01508,0.01894,0.00419
831.1900024,0.00281,0.0032,0.00538,0.01518,0.01881,0.00415
831.5100098,0.00283,0.0033,0.00534,0.01526,0.018789999,0.00423
831.8300171,0.00297,0.00337,0.00532,0.01529,0.0188,0.0043
832.1400146,0.00286,0.0033,0.00518,0.015149999,0.018760001,0.00425
832.460022,0.00275,0.00305,0.0052,0.014989999,0.018650001,0.00415
832.7800293,0.00281,0.00307,0.00522,0.015140001,0.0185,0.00413
833.0999756,0.00302,0.00305,0.00533,0.01539,0.0185,0.00422
833.4099731,0.00293,0.00312,0.00531,0.01544,0.01847,0.00423
833.7299805,0.00303,0.00311,0.00543,0.01568,0.018409999,0.00437
834.0499878,0.003,0.00307,0.00552,0.015700001,0.018170001,0.00425
834.3599854,0.00301,0.00307,0.00565,0.01591,0.01802,0.00411
834.6799927,0.00298,0.00312,0.00565,0.01615,0.018139999,0.00412
835,0.00269,0.00297,0.00563,0.015900001,0.017999999,0.00406
835.3200073,0.00289,0.00316,0.00584,0.016039999,0.018070001,0.00416
835.6300049,0.00285,0.00303,0.0058,0.01606,0.01808,0.00404
835.9500122,0.00267,0.00292,0.00565,0.01581,0.018099999,0.00382
836.2700195,0.00266,0.00288,0.00557,0.015769999,0.018170001,0.0038
836.5800171,0.00281,0.00292,0.00548,0.01585,0.018309999,0.00388
836.9000244,0.00275,0.00284,0.00536,0.01591,0.01812,0.00373
837.2199707,0.00303,0.00306,0.00561,0.016419999,0.018209999,0.0041
837.5300293,0.00272,0.00296,0.00538,0.0162,0.017999999,0.00378
837.8499756,0.00282,0.00322,0.0055,0.01653,0.017999999,0.00387
838.1699829,0.00273,0.00315,0.00539,0.016580001,0.01777,0.0038
838.4799805,0.00267,0.00304,0.00544,0.0167,0.01763,0.00377
838.7999878,0.00252,0.00297,0.00559,0.01685,0.01767,0.00386
839.1199951,0.00267,0.00309,0.00573,0.016929999,0.01771,0.00405
839.4299927,0.00249,0.00296,0.00558,0.01691,0.017719999,0.00368
839.75,0.00272,0.00296,0.00582,0.01725,0.0178,0.00391
840.0700073,0.00259,0.00266,0.00575,0.01701,0.01778,0.00378
840.3800049,0.00274,0.00274,0.00591,0.017139999,0.01794,0.00384
840.7000122,0.00253,0.00275,0.00578,0.017130001,0.018070001,0.00383
841.0100098,0.00252,0.00253,0.0056,0.01691,0.017829999,0.00348
841.3300171,0.00254,0.00257,0.00572,0.01699,0.01798,0.00345
841.6500244,0.00252,0.00262,0.0057,0.016929999,0.01795,0.00353
841.960022,0.00224,0.0025,0.00554,0.016869999,0.018029999,0.00359
842.2800293,0.0023,0.00238,0.00564,0.01675,0.01785,0.00351
842.5999756,0.00222,0.0023,0.00566,0.016720001,0.017860001,0.00332
842.9099731,0.00238,0.00241,0.00583,0.016829999,0.017790001,0.00337
843.2299805,0.00259,0.00265,0.00591,0.017070001,0.017970001,0.00352
843.539978,0.00246,0.00254,0.00574,0.017000001,0.017819999,0.00351
843.8599854,0.00252,0.00241,0.00578,0.017029999,0.017750001,0.00355
844.1699829,0.00258,0.00254,0.00576,0.016929999,0.0178,0.00337
844.4899902,0.00261,0.00292,0.00587,0.01705,0.01792,0.00359
844.8099976,0.00281,0.00312,0.00594,0.01723,0.018099999,0.00395
845.1199951,0.00282,0.00289,0.00586,0.0173,0.018060001,0.00403
845.4400024,0.00252,0.00295,0.00582,0.017309999,0.017929999,0.00419
845.75,0.00249,0.00307,0.006,0.017270001,0.017929999,0.00422
846.0700073,0.00253,0.00317,0.00608,0.01726,0.01801,0.00406
846.3800049,0.00264,0.00327,0.00626,0.017449999,0.017960001,0.00429
846.7000122,0.00245,0.00303,0.00612,0.01754,0.01811,0.00405
847.0100098,0.00229,0.00291,0.00598,0.0174,0.01791,0.00382
847.3300171,0.00219,0.0031,0.00612,0.017180001,0.018029999,0.00379
847.6400146,0.00232,0.00307,0.00639,0.01692,0.01826,0.00363
847.960022,0.00232,0.00293,0.0062,0.01678,0.0184,0.00342
848.2700195,0.00228,0.003,0.00598,0.01671,0.018370001,0.00337
848.5900269,0.00234,0.00301,0.00608,0.01671,0.018650001,0.00319
848.9000244,0.00234,0.00318,0.00616,0.01677,0.018609999,0.00345
849.2199707,0.00247,0.00325,0.00649,0.016970001,0.01871,0.00363
849.5300293,0.00237,0.00317,0.00656,0.01699,0.01867,0.00349
849.8499756,0.00235,0.00316,0.00651,0.01709,0.018689999,0.00328
850.1599731,0.00241,0.00327,0.00655,0.01722,0.018780001,0.0034
850.4799805,0.0022,0.00304,0.00652,0.017180001,0.019069999,0.0034
850.789978,0.00195,0.00292,0.00642,0.01722,0.018960001,0.00348
851.1099854,0.00198,0.0027,0.00659,0.01712,0.019060001,0.00328
851.4199829,0.00172,0.00257,0.00634,0.01694,0.01928,0.00301
851.7399902,0.00177,0.00279,0.00643,0.01702,0.019680001,0.00309
852.0499878,0.00183,0.00276,0.00638,0.017100001,0.019929999,0.00317
852.3599854,0.00183,0.00274,0.00664,0.01698,0.02012,0.00325
852.6799927,0.00205,0.00307,0.00717,0.01716,0.020299999,0.00353
852.9899902,0.00209,0.00314,0.007,0.017070001,0.020599999,0.00358
853.3099976,0.0021,0.00327,0.00684,0.01708,0.02073,0.00346
853.6199951,0.0022,0.00327,0.00717,0.017109999,0.02093,0.0035
853.9400024,0.00206,0.00295,0.00682,0.016790001,0.020969998,0.00336
854.25,0.00202,0.00326,0.00714,0.016890001,0.021329999,0.0037
854.5599976,0.00209,0.00344,0.00724,0.016970001,0.021500001,0.00371
854.8800049,0.00194,0.00316,0.00707,0.016829999,0.021570001,0.0037
855.1900024,0.00203,0.00318,0.00737,0.01677,0.02177,0.00366
855.5100098,0.00203,0.00317,0.00749,0.016759999,0.022160001,0.00392
855.8200073,0.002,0.0034,0.00722,0.01668,0.022249999,0.00418
856.1300049,0.00215,0.00358,0.00741,0.01706,0.022679999,0.00424
856.4500122,0.00211,0.00333,0.00713,0.016869999,0.022739999,0.00395
856.7600098,0.00211,0.00317,0.00688,0.016900001,0.023,0.00386
857.0700073,0.00222,0.00341,0.00697,0.017029999,0.023540001,0.00383
857.3900146,0.0021,0.00341,0.00676,0.016759999,0.02372,0.00369
857.7000122,0.00222,0.0034,0.00688,0.016799999,0.024030002,0.00368
858.0200195,0.00211,0.00308,0.00694,0.016720001,0.024330001,0.00352
858.3300171,0.00233,0.0033,0.00718,0.016860001,0.02479,0.00375
858.6400146,0.00242,0.00347,0.00747,0.01684,0.025209999,0.00399
858.960022,0.00218,0.0035,0.00783,0.01678,0.025739999,0.00407
859.2700195,0.00218,0.00351,0.00768,0.01663,0.026029998,0.00404
859.5800171,0.00227,0.00362,0.00795,0.017100001,0.026619999,0.00433
859.9000244,0.00203,0.00365,0.00781,0.01695,0.026930001,0.00415
860.210022,0.00232,0.00399,0.00792,0.01719,0.027579999,0.00415
860.5200195,0.00211,0.00377,0.00776,0.016829999,0.02785,0.00371
860.8300171,0.00211,0.00377,0.0076,0.01698,0.028419999,0.00376
861.1500244,0.00217,0.00379,0.00723,0.01706,0.02908,0.00362
861.460022,0.00219,0.00388,0.00743,0.017100001,0.029779999,0.00364
861.7700195,0.00252,0.00389,0.00755,0.017130001,0.030620001,0.00351
862.0900269,0.00263,0.00395,0.00746,0.01719,0.031330001,0.00373
862.4000244,0.00254,0.0038,0.00749,0.01699,0.032049999,0.00387
862.710022,0.00257,0.00391,0.00747,0.01712,0.032790001,0.00421
863.0200195,0.00244,0.0037,0.00737,0.01719,0.033369999,0.00398
863.3400269,0.00256,0.00376,0.00743,0.01712,0.034000002,0.00407
863.6500244,0.00242,0.0036,0.00728,0.017109999,0.03469,0.00411
863.960022,0.00184,0.00325,0.0067,0.016619999,0.034910001,0.0038
864.2700195,0.00176,0.00328,0.0069,0.016729999,0.035739999,0.00378
864.5900269,0.00184,0.00338,0.00671,0.01691,0.036479998,0.00365
864.9000244,0.00166,0.00342,0.00644,0.016790001,0.03734,0.00357
865.210022,0.00164,0.00368,0.00634,0.016649999,0.0381,0.00362
865.5200195,0.00179,0.00378,0.00636,0.016860001,0.038940001,0.00392
865.8400269,0.00191,0.00384,0.00639,0.016929999,0.039450001,0.00402
866.1500244,0.00236,0.00397,0.0066,0.01732,0.04042,0.00436
866.460022,0.00245,0.00395,0.00652,0.017180001,0.041149996,0.00436
866.7700195,0.00229,0.00408,0.00653,0.01705,0.041999999,0.00462
867.0800171,0.00251,0.00415,0.00664,0.01729,0.04256,0.00473
867.4000244,0.00286,0.00433,0.00683,0.0175,0.043499999,0.00503
867.710022,0.00284,0.00441,0.00693,0.017790001,0.044130001,0.0052
868.0200195,0.00296,0.00455,0.00698,0.01792,0.04487,0.00539
868.3300171,0.00285,0.00489,0.00688,0.017860001,0.045539998,0.00557
868.6400146,0.00315,0.00507,0.00677,0.01792,0.046040002,0.00567
868.960022,0.00334,0.00497,0.00686,0.01804,0.046659999,0.00544
869.2700195,0.00344,0.00494,0.00697,0.01787,0.047040001,0.00554
869.5800171,0.00314,0.00489,0.00681,0.01781,0.047290001,0.00547
869.8900146,0.00299,0.00458,0.00656,0.0175,0.047570001,0.00509
870.2000122,0.00289,0.00446,0.00628,0.0175,0.048160002,0.00478
870.5100098,0.00301,0.00423,0.0065,0.01771,0.048560001,0.00481
870.8200073,0.00281,0.00416,0.00641,0.01787,0.048600003,0.00478
871.1400146,0.0026,0.00406,0.00633,0.018099999,0.048449997,0.00479
871.4500122,0.0027,0.00398,0.00634,0.01836,0.048769999,0.00485
871.7600098,0.00294,0.0039,0.00644,0.018339999,0.049029998,0.00491
872.0700073,0.00331,0.00441,0.00678,0.018519999,0.04913,0.00519
872.3800049,0.00331,0.00444,0.00693,0.01847,0.049210001,0.00509
872.6900024,0.00348,0.00447,0.00681,0.01853,0.048950002,0.00493
873,0.00341,0.00424,0.00678,0.018380001,0.049109999,0.00482
873.3099976,0.00375,0.00432,0.00696,0.018540001,0.04913,0.00502
873.6300049,0.00343,0.00427,0.00686,0.01836,0.048979998,0.00489
873.9400024,0.00336,0.00419,0.00666,0.018540001,0.048760001,0.00486
874.25,0.0033,0.00372,0.00646,0.01847,0.048590001,0.00485
874.5599976,0.00368,0.00396,0.00646,0.0187,0.048239999,0.00535
874.8699951,0.00344,0.00395,0.00636,0.018860001,0.048220001,0.00534
875.1799927,0.00339,0.00389,0.00628,0.018829999,0.047940001,0.0054
875.4899902,0.00307,0.00383,0.00588,0.018380001,0.04775,0.0052
875.7999878,0.00334,0.00391,0.00587,0.01864,0.047909997,0.00533
876.1099854,0.00351,0.00376,0.00603,0.018540001,0.04775,0.00523
876.4199829,0.00358,0.00404,0.00608,0.01873,0.047800001,0.00533
876.7299805,0.00351,0.00382,0.00609,0.01891,0.047880001,0.00517
877.039978,0.00386,0.00401,0.00627,0.01894,0.04795,0.00535
877.3499756,0.0039,0.00423,0.00622,0.01911,0.047909997,0.00525
877.6599731,0.00414,0.00414,0.0061,0.019540001,0.048010003,0.00558
877.9699707,0.00443,0.00414,0.0062,0.019680001,0.048010003,0.00552
878.2800293,0.00435,0.00415,0.00609,0.01977,0.048039999,0.00551
878.5900269,0.00417,0.00388,0.00573,0.019650001,0.047930002,0.00541
878.9000244,0.00405,0.00384,0.00568,0.019750001,0.047770001,0.00531
879.210022,0.00416,0.00379,0.00587,0.019889999,0.047880001,0.00536
879.5200195,0.0041,0.00369,0.0058,0.020230001,0.047989998,0.00534
879.8300171,0.00411,0.00357,0.00625,0.02021,0.047930002,0.00518
880.1400146,0.00386,0.00348,0.00619,0.020190001,0.04775,0.00502
880.4500122,0.00391,0.0036,0.00621,0.020539999,0.047859997,0.00495
880.7600098,0.00395,0.00377,0.00647,0.020880001,0.048109997,0.00479
881.0700073,0.00394,0.0035,0.00661,0.021070002,0.048699997,0.00481
881.3800049,0.00368,0.00336,0.00646,0.02128,0.049060002,0.00462
881.6900024,0.00374,0.00353,0.00675,0.021609999,0.049650002,0.00486
882,0.00342,0.00353,0.00638,0.02169,0.050180003,0.00453
882.3099976,0.00343,0.00347,0.00651,0.022179998,0.050780002,0.00466
882.6199951,0.00344,0.00317,0.00666,0.022290001,0.051570002,0.00481
882.9299927,0.00349,0.00287,0.00673,0.02251,0.05229,0.00487
883.2399902,0.00331,0.00294,0.00648,0.022179998,0.052729998,0.0047
883.5499878,0.0031,0.00273,0.0063,0.02207,0.05297,0.00465
883.8599854,0.00344,0.00279,0.00664,0.02262,0.054000001,0.00504
884.1699829,0.00376,0.00291,0.00701,0.022980001,0.054840002,0.00528
884.4799805,0.00401,0.0029,0.0071,0.022920001,0.05587,0.00507
884.789978,0.00398,0.00299,0.00713,0.023189999,0.056500003,0.00509
885.0900269,0.0036,0.00297,0.00687,0.02338,0.057160001,0.00509
885.4000244,0.00371,0.00328,0.007,0.023940001,0.058260001,0.00535
885.710022,0.00399,0.00361,0.00711,0.02427,0.059330001,0.00548
886.0200195,0.00388,0.00352,0.00669,0.023659999,0.059980001,0.00497
886.3300171,0.00372,0.0035,0.00657,0.023699999,0.060860001,0.00494
886.6400146,0.00349,0.00364,0.00621,0.0241,0.061620001,0.00514
886.9500122,0.00319,0.00388,0.00631,0.024400001,0.06284,0.00525
887.2600098,0.00348,0.00403,0.0065,0.024249999,0.063720003,0.00528
887.5700073,0.00327,0.00374,0.00656,0.02417,0.064380005,0.00514
887.8699951,0.00286,0.00364,0.00648,0.024180001,0.064910002,0.00479
888.1799927,0.00289,0.0035,0.00678,0.024389999,0.06549,0.00498
888.4899902,0.00281,0.00351,0.00676,0.02471,0.065990001,0.00503
888.7999878,0.00273,0.0032,0.00691,0.024449999,0.066330001,0.00482
889.1099854,0.00284,0.00307,0.00697,0.02417,0.066360004,0.00473
889.4199829,0.00261,0.00313,0.00694,0.024330001,0.066599995,0.00438
889.7199707,0.00244,0.00282,0.00662,0.02414,0.066179998,0.00383
890.0300293,0.00249,0.00262,0.00673,0.023979999,0.06639,0.00394
890.3400269,0.00207,0.0025,0.00667,0.02392,0.066320002,0.00376
890.6500244,0.00213,0.00259,0.0069,0.02368,0.066,0.00371
890.960022,0.0021,0.00272,0.00695,0.02369,0.065510005,0.00391
891.2700195,0.0019,0.00271,0.00662,0.023610001,0.064780004,0.00376
891.5700073,0.00167,0.00238,0.00667,0.0232,0.063879997,0.00386
891.8800049,0.00183,0.00246,0.00704,0.023039998,0.063170001,0.00406
892.1900024,0.00217,0.00254,0.00737,0.02296,0.062169999,0.00419
892.5,0.00201,0.00262,0.00724,0.022700001,0.06044,0.00384
892.7999878,0.00167,0.00238,0.00736,0.02234,0.05889,0.00382
893.1099854,0.00179,0.00257,0.00768,0.022260001,0.057410002,0.00398
893.4199829,0.00194,0.00272,0.00784,0.022299999,0.055679999,0.00423
893.7299805,0.00233,0.003,0.008140001,0.022650002,0.053950001,0.00453
894.039978,0.00242,0.00304,0.00838,0.02266,0.052160002,0.00472
894.3400269,0.0022,0.00318,0.00826,0.022469999,0.050269999,0.00457
894.6500244,0.00249,0.00331,0.00863,0.02249,0.04874,0.00486
894.960022,0.00286,0.00342,0.00875,0.022650002,0.047020003,0.00462
895.2600098,0.00268,0.00355,0.008640001,0.02262,0.045189999,0.00428
895.5700073,0.0025,0.00332,0.00877,0.022469999,0.043409999,0.00408
895.8800049,0.00229,0.00339,0.00879,0.022230001,0.041729998,0.00387
896.1900024,0.00234,0.00364,0.00853,0.021979999,0.040130001,0.00367
896.4899902,0.00206,0.00357,0.00849,0.021979999,0.038479999,0.00383
896.7999878,0.00203,0.0032,0.00826,0.022019999,0.037110001,0.00367
897.1099854,0.00173,0.00332,0.008119999,0.0222,0.035859998,0.00398
897.4199829,0.00148,0.00291,0.0083,0.022149999,0.034710001,0.00396
897.7199707,0.00153,0.00313,0.00852,0.02214,0.03362,0.00394
898.0300293,0.00153,0.00312,0.00839,0.02194,0.032669999,0.00398
898.3400269,0.00129,0.00299,0.00837,0.022149999,0.031479999,0.00398
898.6400146,0.0012,0.0027,0.00844,0.021910001,0.029990001,0.00396
898.9500122,0.00095,0.00271,0.0085,0.02169,0.028550001,0.00372
899.2600098,0.00118,0.00259,0.00849,0.021470001,0.02757,0.00354
899.5599976,0.00131,0.00291,0.00843,0.021159999,0.02617,0.00354
899.8699951,0.00124,0.00273,0.00824,0.020580001,0.025039999,0.00334
900.1799927,0.00138,0.00283,0.00833,0.020539999,0.024119999,0.00302
900.4799805,0.00144,0.00289,0.00842,0.020299999,0.023599999,0.00304
900.789978,0.00179,0.0033,0.00834,0.020330001,0.02342,0.00276
901.0999756,0.00221,0.00356,0.0086,0.020510001,0.023080001,0.00316
901.4000244,0.00209,0.00377,0.00863,0.020199999,0.022149999,0.00293
901.710022,0.00218,0.0037,0.00877,0.02059,0.021760002,0.0032
902.0100098,0.00249,0.00388,0.008859999,0.02091,0.021389998,0.00348
902.3200073,0.00251,0.00377,0.00871,0.021120001,0.021050001,0.00381
902.6300049,0.00293,0.00409,0.00915,0.021340001,0.02076,0.00396
902.9299927,0.00277,0.00391,0.00908,0.021500001,0.02025,0.00412
903.2399902,0.00285,0.00407,0.00887,0.02155,0.02007,0.00413
903.539978,0.00301,0.00399,0.009,0.02172,0.02005,0.00444
903.8499756,0.00284,0.0041,0.00865,0.021370001,0.01966,0.00403
904.1599731,0.00268,0.00431,0.00881,0.021609999,0.01966,0.00433
904.460022,0.00264,0.00422,0.00897,0.021440001,0.019160001,0.00439
904.7700195,0.00238,0.00438,0.00857,0.02155,0.01864,0.00462
905.0700073,0.00252,0.00478,0.00848,0.021559998,0.018170001,0.00467
905.3800049,0.00229,0.00524,0.00851,0.021540001,0.017519999,0.00503
905.6799927,0.00222,0.00544,0.0084,0.02159,0.01756,0.00521
905.9899902,0.00247,0.00548,0.00836,0.02169,0.01761,0.00551
906.2999878,0.00251,0.00552,0.00834,0.021810001,0.01743,0.00538
906.5999756,0.00242,0.00566,0.00802,0.0217,0.01729,0.00524
906.9099731,0.00205,0.00477,0.00769,0.021400001,0.016900001,0.00471
907.210022,0.00185,0.00463,0.00774,0.021120001,0.01675,0.00469
907.5200195,0.00189,0.00437,0.00742,0.02118,0.016890001,0.00437
907.8200073,0.00168,0.00422,0.00735,0.021259999,0.016390001,0.00439
908.1300049,0.00165,0.0042,0.00747,0.02142,0.016139999,0.00473
908.4299927,0.00171,0.00393,0.00719,0.021509999,0.016009999,0.00437
908.7399902,0.00141,0.00396,0.00707,0.021579999,0.01575,0.00433
909.039978,0.00177,0.00462,0.00709,0.021979999,0.01584,0.00495
909.3499756,0.00168,0.00432,0.00673,0.022369999,0.01585,0.00481
909.6500244,0.00177,0.00434,0.00686,0.02252,0.01559,0.00498
909.960022,0.00239,0.00444,0.00682,0.02299,0.01565,0.00496
910.2600098,0.00248,0.00445,0.00653,0.02321,0.015369999,0.00475
910.5700073,0.00276,0.00448,0.00655,0.02328,0.01534,0.00483
910.8699951,0.00331,0.00474,0.00663,0.023629999,0.015759999,0.00512
911.1799927,0.00327,0.00471,0.00653,0.023840001,0.0155,0.00494
911.4799805,0.00348,0.00517,0.00711,0.02437,0.01574,0.00555
911.789978,0.00357,0.00506,0.007,0.02475,0.015969999,0.00572
912.0900269,0.00321,0.00502,0.00647,0.024730001,0.01598,0.00556
912.3900146,0.00306,0.00474,0.00624,0.024560001,0.015729999,0.00524
912.7000122,0.00275,0.0049,0.00601,0.02483,0.01512,0.00545
913,0.00318,0.00482,0.00618,0.025590001,0.015140001,0.0057
913.3099976,0.00324,0.00478,0.00648,0.025880001,0.01513,0.00568
913.6099854,0.00302,0.0043,0.00601,0.025980001,0.01487,0.0051
913.9199829,0.00299,0.00409,0.0056,0.026040001,0.01434,0.00492
914.2199707,0.0032,0.00422,0.00571,0.026619999,0.01393,0.00535
914.5200195,0.00324,0.00448,0.0058,0.027079999,0.01426,0.0054
914.8300171,0.00304,0.00425,0.00552,0.027720001,0.01439,0.00537
915.1300049,0.00273,0.00415,0.00525,0.027760001,0.01441,0.00527
915.4400024,0.00289,0.00405,0.00549,0.028250001,0.01476,0.0056
915.7399902,0.00321,0.00436,0.00547,0.02888,0.014989999,0.00596
916.039978,0.00344,0.00448,0.00597,0.029610001,0.01543,0.00617
916.3499756,0.00332,0.00391,0.00556,0.029379999,0.01535,0.00582
916.6500244,0.00384,0.00415,0.00594,0.03029,0.01559,0.00641
916.960022,0.00468,0.00471,0.00652,0.030439999,0.015829999,0.0071
917.2600098,0.00503,0.00487,0.00691,0.030689999,0.015319999,0.00731
917.5599976,0.00531,0.0051,0.00667,0.030950001,0.0154,0.00747
917.8699951,0.00573,0.00512,0.00676,0.030989999,0.01521,0.00783
918.1699829,0.00541,0.00503,0.00645,0.03076,0.01471,0.00754
918.4699707,0.00565,0.00557,0.00714,0.031410001,0.01507,0.0078
918.7800293,0.00507,0.00495,0.00659,0.030940002,0.01485,0.00707
919.0800171,0.00489,0.00405,0.00608,0.03066,0.01446,0.00605
919.3800049,0.00419,0.00332,0.00525,0.030309999,0.01408,0.0057
919.6900024,0.00391,0.00298,0.00507,0.029749999,0.01351,0.00538
919.9899902,0.00323,0.00275,0.00498,0.029360002,0.013250001,0.00514
920.289978,0.0033,0.0028,0.00491,0.02888,0.01344,0.00518
920.5900269,0.003,0.00237,0.00457,0.027960001,0.01317,0.00544
920.9000244,0.00325,0.00216,0.00469,0.027679998,0.013309999,0.00601
921.2000122,0.00302,0.00204,0.00473,0.02698,0.01337,0.00631
921.5,0.00323,0.00239,0.0045,0.026419999,0.01344,0.00604
921.8099976,0.00336,0.00264,0.00446,0.026450001,0.01362,0.006
922.1099854,0.00398,0.00254,0.00472,0.02626,0.01367,0.00596
922.4099731,0.00366,0.00221,0.00434,0.025690001,0.01367,0.00553
922.710022,0.004,0.00235,0.00435,0.025359999,0.01364,0.00496
923.0200195,0.00385,0.00265,0.00398,0.024769999,0.01327,0.0048
923.3200073,0.00405,0.00326,0.00431,0.025179999,0.013839999,0.00559
923.6199951,0.00405,0.00264,0.00503,0.02507,0.0138,0.00555
923.9199829,0.00378,0.00192,0.00431,0.02375,0.01354,0.00497
924.2299805,0.00331,0.00163,0.00382,0.022769999,0.01314,0.00426
924.5300293,0.00341,0.0012,0.00446,0.02248,0.0126,0.00413
924.8300171,0.00355,0.00152,0.00508,0.02211,0.01291,0.00452
925.1300049,0.00359,0.00146,0.00598,0.021570001,0.01286,0.00438
925.4400024,0.00305,0.00053,0.00553,0.020169999,0.01208,0.00331
925.7399902,0.00288,0.00119,0.00556,0.019680001,0.01271,0.00351
926.039978,0.00251,0.00117,0.00612,0.019579999,0.01319,0.00367
926.3400269,0.00241,0.00118,0.00609,0.019509999,0.01392,0.00372
926.6400146,0.00282,0.0015,0.00575,0.019409999,0.01449,0.00388
926.9500122,0.00207,0.00126,0.00483,0.01874,0.01353,0.00311
927.25,0.00144,0.00111,0.00397,0.017899999,0.01342,0.00255
927.5499878,0.00132,0.00177,0.00471,0.018309999,0.013780001,0.0031
927.8499756,0.00174,0.00158,0.00464,0.01792,0.01352,0.00291
928.1500244,0.00176,0.00205,0.00461,0.01777,0.013150001,0.00299
928.460022,0.002,0.00205,0.00473,0.01753,0.01269,0.00366
928.7600098,0.00171,0.00236,0.00462,0.017109999,0.01244,0.00375
929.0599976,0.00188,0.00175,0.00516,0.01701,0.01228,0.0034
929.3599854,0.00205,0.00193,0.0056,0.01749,0.01287,0.0036
929.6599731,0.00251,0.00165,0.00519,0.016799999,0.01324,0.00326
929.960022,0.002,0.00162,0.00492,0.016790001,0.01321,0.0034
930.2600098,0.00181,0.00122,0.00475,0.016729999,0.012990001,0.00286
930.5700073,0.00164,0.00145,0.0047,0.016619999,0.01338,0.00235
930.8699951,0.00135,0.0009,0.00498,0.01678,0.01314,0.00194
931.1699829,0.00103,0.00138,0.0047,0.016659999,0.014040001,0.00274
931.4699707,0.00111,0.001,0.00437,0.016970001,0.0139,0.00325
931.7700195,9.00E-05,0.00043,0.00402,0.01609,0.013099999,0.00236
932.0700073,-8.00E-05,3.00E-05,0.00418,0.01584,0.01211,0.00196
932.3699951,0.00013,0.00048,0.00435,0.01609,0.012150001,0.00229
932.6699829,-0.00012,0.00042,0.00443,0.01602,0.01186,0.00212
932.9699707,-0.0002,0.0008,0.0046,0.015579999,0.01228,0.00262
933.2700195,-0.00016,0.00059,0.00481,0.01592,0.01179,0.00259
933.5800171,-0.00023,0.00052,0.00507,0.01528,0.0108,0.00171
933.8800049,0.00028,0.00145,0.00588,0.01681,0.01154,0.00299
934.1799927,-8.00E-05,0.00171,0.00629,0.017029999,0.01211,0.00293
934.4799805,-0.00039,0.00123,0.00647,0.01684,0.01266,0.00296
934.7800293,-0.00074,0.00093,0.00675,0.016419999,0.01244,0.0032
935.0800171,-0.0011,0.00088,0.00684,0.0166,0.012300001,0.00292
935.3800049,-0.00122,0.00095,0.00722,0.01663,0.01266,0.00226
935.6799927,-0.00098,0.00161,0.00803,0.01674,0.01402,0.00268
935.9799805,-0.00177,0.00124,0.00774,0.015369999,0.0128,0.00128
936.2800293,-0.00128,0.001,0.00742,0.01545,0.01283,0.00153
936.5800171,-0.0011,0.0011,0.00794,0.01535,0.012469999,0.00186
936.8800049,-0.00079,0.00078,0.00805,0.015360001,0.01239,0.00186
937.1799927,-0.00121,0.00013,0.00763,0.01486,0.011670001,0.00144
937.4799805,-0.00178,-0.0006,0.00786,0.01386,0.01089,0.00099
937.7800293,-0.00224,-0.00095,0.00818,0.01418,0.00993,0.00116
938.0800171,-0.0014,-0.00159,0.00836,0.014630001,0.010770001,0.00135
938.3800049,-0.00205,-0.00202,0.00821,0.01388,0.010720001,0.00064
938.6799927,-0.003,-0.00283,0.008140001,0.01356,0.010249999,-0.00049
938.9799805,-0.00304,-0.00239,0.008640001,0.01324,0.01091,-0.00067
939.2800293,-0.0026,-0.00242,0.00904,0.013400001,0.01181,-0.00049
939.5800171,-0.00196,-0.00202,0.0091,0.014099999,0.012469999,0.00032
939.8800049,-0.00219,-0.00189,0.00906,0.01355,0.012920001,4.00E-05
940.1799927,-0.00209,-0.00101,0.009380001,0.013780001,0.01314,0.00029
940.4799805,-0.00222,-0.00101,0.009380001,0.01347,0.0124,0.00015
940.7800293,-0.00062,-0.00018,0.00974,0.01435,0.01309,0.00134
941.0800171,-0.00105,-0.0009,0.00889,0.014520001,0.0121,0.00094
941.3800049,-0.0012,-0.00094,0.00851,0.013990001,0.0115,0.00058
941.6799927,-0.00191,-0.00152,0.00813,0.01311,0.010779999,-0.00024
941.9799805,-0.00206,-0.0016,0.007,0.0128,0.010319999,-0.00062
942.2700195,-0.00235,-0.00205,0.00667,0.012940001,0.00973,-7.00E-05
942.5700073,-0.00208,-0.0018,0.00718,0.01324,0.01036,0.00035
942.8699951,-0.00377,-0.00202,0.00605,0.01214,0.009330001,-0.00092
943.1699829,-0.00362,-0.00147,0.0063,0.01222,0.00988,-0.00055
943.4699707,-0.00384,-0.00112,0.00661,0.01269,0.00997,-0.00063
943.7700195,-0.00351,-0.00066,0.00598,0.013040001,0.01044,-0.00086
944.0700073,-0.00337,-0.00071,0.00632,0.01338,0.01045,-0.00049
944.3699951,-0.00373,-0.00049,0.00577,0.01269,0.01038,-0.00144
944.6699829,-0.00439,-0.0007,0.00503,0.012209999,0.01005,-0.00185
944.9699707,-0.00427,-0.00083,0.005,0.01204,0.010290001,-0.00161
945.2600098,-0.00475,-0.00094,0.00479,0.01156,0.00995,-0.00227
945.5599976,-0.00411,-0.00081,0.0049,0.01207,0.01008,-0.00196
945.8599854,-0.00481,-0.00087,0.00495,0.01161,0.00936,-0.00192
946.1599731,-0.00435,-0.00084,0.00465,0.01202,0.009980001,-0.00151
946.460022,-0.00414,-0.00094,0.0041,0.011849999,0.009959999,-0.00182
946.7600098,-0.00423,-0.00105,0.00368,0.01222,0.01005,-0.00226
947.0499878,-0.00389,-0.00057,0.00401,0.01268,0.0112,-0.00176
947.3499756,-0.0034,-0.00046,0.00361,0.012920001,0.01113,-0.00123
947.6500244,-0.00365,-0.00074,0.00356,0.01242,0.011109999,-0.00052
947.9500122,-0.00284,-0.00072,0.00294,0.01228,0.0117,-0.00017
948.25,-0.00287,-0.00075,0.00263,0.01153,0.01026,-0.00041
948.5499878,-0.00291,-0.00146,0.00314,0.01154,0.01013,0.00031
948.8400269,-0.00256,-0.00073,0.00393,0.011670001,0.01059,0.00164
949.1400146,-0.00304,-0.00127,0.00356,0.01045,0.00883,0.00113
949.4400024,-0.00276,-0.00138,0.00394,0.009980001,0.009190001,0.00167
949.7399902,-0.00326,-0.00158,0.00299,0.00975,0.00903,0.00061
950.039978,-0.00331,-0.00128,0.00337,0.00988,0.00858,0.00074
950.3300171,-0.00418,-0.00151,0.00349,0.009649999,0.00948,-8.00E-05
950.6300049,-0.00421,-0.00096,0.00253,0.01008,0.00903,-0.00056
950.9299927,-0.0041,-0.00115,0.00196,0.00988,0.00906,-0.00184
951.2299805,-0.00388,-0.00137,0.00135,0.01031,0.00898,-0.00174
951.5200195,-0.00538,-0.00186,0.00059,0.01036,0.00823,-0.00355
951.8200073,-0.006,-0.0017,-0.0002,0.00921,0.00757,-0.00402
952.1199951,-0.00731,-0.00187,-0.00107,0.00879,0.00741,-0.00437
952.4199829,-0.00657,-0.00206,-0.00181,0.00898,0.00688,-0.00361
952.710022,-0.00664,-0.0015,-0.00065,0.0086,0.00795,-0.00335
953.0100098,-0.00658,-0.00091,-0.00025,0.00868,0.0074,-0.00276
953.3099976,-0.00658,-0.00059,0.00016,0.00875,0.00856,-0.0034
953.6099854,-0.0058,-0.00064,0.00037,0.00895,0.00871,-0.00264
953.9000244,-0.00521,-0.00086,0.00118,0.00964,0.00908,-0.00205
954.2000122,-0.00378,-0.00073,0.00182,0.01076,0.00934,-0.00144
954.5,-0.00381,-0.00083,0.00212,0.010570001,0.00942,-0.00198
954.789978,-0.00432,-0.00156,0.00161,0.00961,0.00786,-0.00275
955.0900269,-0.00433,-0.00232,0.00184,0.00918,0.00767,-0.00262
955.3900146,-0.00322,-0.00136,0.00212,0.00979,0.00725,-0.0017
955.6799927,-0.00317,0.00059,0.00165,0.00909,0.00702,-0.00194
955.9799805,-0.00373,0.00102,0.00109,0.00934,0.00666,-0.00258
956.2800293,-0.00488,0.00065,0.00026,0.00792,0.00626,-0.00361
956.5700073,-0.00571,0.00117,-0.00019,0.00806,0.00579,-0.00363
956.8699951,-0.00513,0.0021,-0.00067,0.00912,0.00747,-0.00237
957.1699829,-0.00627,0.00155,-0.00263,0.00818,0.00727,-0.00302
957.460022,-0.00791,0.0008,-0.00332,0.00756,0.0064,-0.00318
957.7600098,-0.0082,-0.00041,-0.00388,0.00818,0.00659,-0.00244
958.0599976,-0.00861,-0.00091,-0.00449,0.00724,0.00624,-0.00233
958.3499756,-0.00748,-0.00036,-0.00422,0.00824,0.00647,-0.00183
958.6500244,-0.0068,-0.00024,-0.00383,0.00805,0.00757,-0.00166
958.9500122,-0.00741,-0.00155,-0.00397,0.00808,0.00667,-0.00266
959.2399902,-0.00649,-0.00096,-0.00331,0.00959,0.00666,-0.0025
959.539978,-0.00548,-0.00028,-0.00358,0.01022,0.00747,-0.00269
959.8300171,-0.00447,-0.00016,-0.00188,0.01064,0.0074,-0.00119
960.1300049,-0.00321,0.00047,-0.00133,0.01163,0.00866,-0.00036
960.4299927,-0.00368,0.0003,-0.00136,0.01131,0.00929,-0.00016
960.7199707,-0.00483,-0.00081,-0.00202,0.01011,0.00756,-0.00115
961.0200195,-0.00381,0.00021,-0.00226,0.00921,0.008,-0.00096
961.3099976,-0.00379,1.00E-05,-0.00214,0.00837,0.00774,-0.00177
961.6099854,-0.00432,0.00016,-0.00151,0.00827,0.00768,-0.0006
961.9000244,-0.00587,-0.00079,-0.0041,0.0072,0.00642,-0.00292
962.2000122,-0.00557,-0.001,-0.00244,0.00744,0.00572,-0.00294
962.5,-0.00501,-0.00138,-0.00259,0.00713,0.00469,-0.00364
962.789978,-0.00433,-0.00079,-0.00171,0.00816,0.00564,-0.002
963.0900269,-0.00559,-0.00282,-0.00211,0.00767,0.0042,-0.00276
963.3800049,-0.00585,-0.00294,-0.00251,0.007850001,0.00407,-0.00144
963.6799927,-0.00531,-0.00378,-0.00263,0.00825,0.00465,-0.00139
963.9699707,-0.00377,-0.00263,-0.00172,0.00903,0.00631,-0.00016
964.2700195,-0.00467,-0.00288,-0.00338,0.00861,0.0062,0.00013
964.5599976,-0.00371,-0.00166,-0.00242,0.01038,0.00803,0.00221
964.8599854,-0.00366,-0.00249,-0.0034,0.00994,0.00795,0.00043
965.1500244,-0.00336,-0.00239,-0.00382,0.00981,0.00727,0.00045
965.4500122,-0.00266,-0.00138,-0.00317,0.00992,0.00759,0.00078
965.7399902,-0.00346,-0.00216,-0.00359,0.00932,0.0068,-0.00025
966.039978,-0.00337,-0.00252,-0.00297,0.008669999,0.00683,-0.0007
966.3300171,-0.0019,-0.00223,-0.00229,0.008859999,0.00733,-0.0004
966.6300049,-0.00287,-0.00388,-0.00361,0.0083,0.00615,-0.00159
966.9199829,-0.00187,-0.00258,-0.00312,0.00991,0.00627,-0.00035
967.2199707,-0.00132,-0.00171,-0.00216,0.01002,0.00635,1.00E-04
967.5100098,-0.00186,-0.00328,-0.00319,0.008669999,0.00641,-0.00159
967.8099976,-0.00207,-0.00402,-0.00431,0.00843,0.00592,-0.00184
968.0999756,-0.00248,-0.00491,-0.00493,0.00857,0.00493,-0.00131
968.4000244,-0.00249,-0.00604,-0.00569,0.00779,0.00427,-0.00218
968.6900024,-0.00307,-0.00591,-0.00592,0.00768,0.00307,-0.00227
968.9799805,-0.00238,-0.00563,-0.0052,0.00645,0.00354,0.00073
969.2800293,-0.00336,-0.0065,-0.00572,0.00743,0.00442,0.00136
969.5700073,-0.00284,-0.00631,-0.00421,0.00884,0.00454,0.00255
969.8699951,-0.00201,-0.00492,-0.00434,0.00766,0.00436,0.0024
970.1599731,-0.00251,-0.00476,-0.00372,0.00741,0.00371,0.00197
970.460022,-0.00295,-0.00391,-0.00394,0.00658,0.00346,0.00212
970.75,-0.00209,-0.00398,-0.00419,0.00508,0.00304,0.00168
971.039978,-0.0034,-0.00579,-0.00535,0.00555,0.0023,-0.00119
971.3400269,-0.00172,-0.00442,-0.00447,0.00452,0.00279,-2.00E-05
971.6300049,-0.0021,-0.00407,-0.00503,0.00323,0.00221,-0.00069
971.9299927,-0.00081,-0.00429,-0.00407,0.00384,0.00201,7.00E-05
972.2199707,8.00E-05,-0.00408,-0.00333,0.0038,0.00249,0.00105
972.5100098,-0.00025,-0.0044,-0.00394,0.00451,0.00361,0.00161
972.8099976,-0.00106,-0.00538,-0.00281,0.00457,0.00567,0.00328
973.0999756,0.00058,-0.00534,-0.0021,0.00395,0.00588,0.00321
973.3900146,-0.00153,-0.00731,-0.00442,0.00319,0.00481,0.0005
973.6900024,-0.00037,-0.00678,-0.00517,0.00338,0.00527,0.00241
973.9799805,-0.00052,-0.00616,-0.00617,0.00485,0.00593,0.00195
974.2700195,-0.00214,-0.00754,-0.00854,0.00314,0.00433,-0.00122
974.5700073,-0.0014,-0.00767,-0.00887,0.00376,0.00386,-0.00222
974.8599854,-0.00022,-0.00703,-0.00881,0.00465,0.00349,-0.00285
975.1500244,-0.00244,-0.00612,-0.00953,0.00489,0.00255,-0.00415
975.4500122,-0.00024,-0.00459,-0.00894,0.00559,0.00317,-0.00246
975.7399902,-0.00029,-0.00473,-0.00722,0.00692,0.00302,-0.00333
976.0300293,-0.00064,-0.00547,-0.00501,0.00621,0.00313,-0.00296
976.3300171,0.00054,-0.00562,-0.0043,0.00724,0.00427,-0.00133
976.6199951,0.00164,-0.00518,-0.00199,0.00761,0.00355,-0.0003
976.9099731,0.00029,-0.00642,-0.00385,0.00573,0.00125,-0.00229
977.210022,0.00075,-0.00861,-0.0068,0.00427,0.00147,-0.00288
977.5,0.00083,-0.0085,-0.0048,0.00562,0.00102,-0.0032
977.789978,-0.00122,-0.00907,-0.00663,0.00449,0.00149,-0.00289
978.0800171,-0.00158,-0.01011,-0.00696,0.00273,0.00089,-0.00363
978.3800049,-0.00291,-0.00911,-0.00562,0.00319,0.00145,-0.00446
978.6699829,-0.00418,-0.010340001,-0.00574,0.00312,0.00153,-0.00561
978.960022,-0.00267,-0.00833,-0.00165,0.00555,0.00467,-0.0041
979.25,-0.00326,-0.0062,0.00124,0.00724,0.0045,-0.00409
979.5499878,-0.00646,-0.00721,-0.00024,0.00666,0.00444,-0.00473
979.8400269,-0.00578,-0.008,-0.00097,0.00645,0.00372,-0.00692
980.1300049,-0.006,-0.00901,-0.00244,0.00628,0.00355,-0.00726
980.4199829,-0.00707,-0.00964,-0.00455,0.00509,0.00258,-0.00898
980.710022,-0.00932,-0.00913,-0.0069,0.00323,0.00286,-0.00964
981.0100098,-0.010770001,-0.00975,-0.010039999,0.00201,0.00218,-0.01016
981.2999878,-0.01242,-0.0111,-0.011109999,-0.00024,0.00173,-0.01044
981.5900269,-0.01164,-0.011519999,-0.011619999,-0.00065,0.00269,-0.011080001
981.8800049,-0.01169,-0.01255,-0.01176,-0.00141,0.00088,-0.01212
982.1799927,-0.01272,-0.01219,-0.01234,-0.00078,0.00335,-0.01355
982.4699707,-0.00772,-0.01066,-0.00959,0.00391,0.00753,-0.00697
982.7600098,-0.00702,-0.01071,-0.00882,0.00373,0.00515,-0.00797
983.0499878,-0.00927,-0.01313,-0.00887,0.00303,0.00404,-0.01114
983.3400269,-0.00985,-0.015310001,-0.00974,0.00151,0.00288,-0.01149
983.6300049,-0.010650001,-0.01671,-0.01048,0.00056,0.00159,-0.01245
983.9299927,-0.01214,-0.017790001,-0.01076,0.0012,0.00315,-0.01053
984.2199707,-0.010199999,-0.01467,-0.00936,0.0012,0.00138,-0.00856
984.5100098,-0.01623,-0.01619,-0.01282,-0.00353,-0.00263,-0.014140001
984.7999878,-0.016039999,-0.016900001,-0.01255,-0.00318,-0.00202,-0.015140001
985.0900269,-0.016799999,-0.016519999,-0.01456,-0.00493,-0.00253,-0.0146
985.3800049,-0.0152,-0.01237,-0.01242,-0.00342,-0.00086,-0.01411
985.6699829,-0.01491,-0.010939999,-0.01113,-0.00368,-0.00155,-0.01288
985.960022,-0.014730001,-0.010620001,-0.011870001,-0.00487,-0.00249,-0.01429
986.2600098,-0.01891,-0.01505,-0.01427,-0.00656,-0.00537,-0.01747
986.5499878,-0.01681,-0.015930001,-0.014450001,-0.00626,-0.00607,-0.01733
986.8400269,-0.01681,-0.01595,-0.01561,-0.00637,-0.00523,-0.017510001
987.1300049,-0.017029999,-0.015240001,-0.0149,-0.00444,-0.00561,-0.01777
987.4199829,-0.01791,-0.018990001,-0.018760001,-0.00353,-0.0068,-0.018650001
987.710022,-0.0162,-0.01891,-0.01888,-0.00227,-0.00471,-0.0197
988,-0.01538,-0.016890001,-0.01667,-0.00075,-0.00284,-0.01829
988.289978,-0.012250001,-0.015969999,-0.01359,0.00277,0.00066,-0.01501
988.5800171,-0.013990001,-0.01623,-0.01255,0.00209,-1.00E-04,-0.01681
988.8699951,-0.01446,-0.01598,-0.01211,0.00332,0.00117,-0.01283
989.1599731,-0.011089999,-0.01644,-0.009459999,0.00406,0.00057,-0.01192
989.460022,-0.01232,-0.016180001,-0.00721,0.0014,-0.00027,-0.01282
989.75,-0.01615,-0.01612,-0.00778,0.00033,-0.00243,-0.01288
990.039978,-0.018780001,-0.01688,-0.00901,-0.0002,-0.0029,-0.01363
990.3300171,-0.02232,-0.01722,-0.01334,-0.00353,-0.00569,-0.01764
990.6199951,-0.021740001,-0.018129999,-0.01507,-0.00394,-0.00464,-0.018750001
990.9099731,-0.023710001,-0.015470001,-0.016030001,-0.00738,-0.00755,-0.021879999
991.2000122,-0.02579,-0.01441,-0.017170001,-0.00774,-0.00806,-0.02004
991.4899902,-0.02726,-0.015190001,-0.01857,-0.00794,-0.0097,-0.01997
991.7800293,-0.026029998,-0.01712,-0.019789999,-0.00806,-0.00942,-0.019709999
992.0700073,-0.0239,-0.018200001,-0.018509999,-0.00647,-0.0108,-0.02007
992.3599854,-0.023010001,-0.020450002,-0.0154,-0.00604,-0.01204,-0.01701
992.6500244,-0.02441,-0.020719999,-0.01513,-0.00709,-0.014830001,-0.01702
992.9400024,-0.022839999,-0.024870001,-0.01561,-0.00694,-0.014830001,-0.017180001
993.2299805,-0.023540001,-0.02812,-0.01928,-0.00863,-0.01513,-0.02066
993.5200195,-0.019370001,-0.027679998,-0.018239999,-0.00557,-0.01229,-0.017990001
993.8099976,-0.018650001,-0.026800001,-0.017860001,-0.00463,-0.01197,-0.01857
994.0999756,-0.01691,-0.025529999,-0.018650001,-0.00667,-0.01096,-0.018449999
994.3900146,-0.015690001,-0.022449998,-0.020409999,-0.00683,-0.00989,-0.019509999
994.6799927,-0.017580001,-0.022049999,-0.02266,-0.00651,-0.01002,-0.018070001
994.960022,-0.017719999,-0.02293,-0.020179998,-0.0046,-0.00796,-0.01756
995.25,-0.01612,-0.0199,-0.01599,-0.00475,-0.00791,-0.01498
995.539978,-0.01871,-0.019019999,-0.0166,-0.00528,-0.00716,-0.01567
995.8300171,-0.020450002,-0.01936,-0.0176,-0.01008,-0.00934,-0.01511
996.1199951,-0.022869999,-0.020199999,-0.02148,-0.0117,-0.01249,-0.0166
996.4099731,-0.02564,-0.020169999,-0.021819999,-0.01184,-0.014989999,-0.01743
996.7000122,-0.020439999,-0.02011,-0.018200001,-0.01245,-0.0121,-0.016720001
996.9899902,-0.02337,-0.022980001,-0.022230001,-0.014579999,-0.016490001,-0.016580001
997.2800293,-0.026450001,-0.02747,-0.025429999,-0.016720001,-0.016799999,-0.018279999
997.5700073,-0.028450001,-0.02923,-0.02627,-0.02022,-0.0196,-0.02248
997.8599854,-0.025280001,-0.027490001,-0.022809999,-0.01653,-0.015570001,-0.021229999
998.1500244,-0.026619999,-0.028180001,-0.02352,-0.017139999,-0.01447,-0.020769998
998.4299927,-0.024879999,-0.03018,-0.02475,-0.017680001,-0.01143,-0.020190001
998.7199707,-0.026860001,-0.029519999,-0.02612,-0.014780001,-0.01382,-0.021300001
999.0100098,-0.02558,-0.02572,-0.023259999,-0.01363,-0.01101,-0.02169
999.2999878,-0.02369,-0.018860001,-0.0188,-0.01144,-0.00957,-0.01808
999.5900269,-0.02049,-0.017549999,-0.016759999,-0.00833,-0.011,-0.01322
999.8800049,-0.023469999,-0.019199999,-0.0233,-0.010290001,-0.01702,-0.017000001
1000.169983,-0.0218,-0.017339999,-0.023050001,-0.01,-0.01842,-0.018139999
1000.450012,-0.02592,-0.01605,-0.02437,-0.01426,-0.024010001,-0.02039
1000.73999,-0.026040001,-0.01549,-0.024739999,-0.01392,-0.019440001,-0.018409999
1001.030029,-0.025840001,-0.0185,-0.02513,-0.01596,-0.021020001,-0.019409999
1001.320007,-0.02661,-0.025669999,-0.031570002,-0.01764,-0.0232,-0.025829999
1001.609985,-0.02864,-0.029440001,-0.032190003,-0.01977,-0.0208,-0.026630001
1001.900024,-0.03053,-0.032749999,-0.03046,-0.02108,-0.01764,-0.024430001
1002.179993,-0.032109998,-0.03348,-0.03002,-0.021760002,-0.01819,-0.024249999
1002.469971,-0.03046,-0.035750002,-0.029409999,-0.018300001,-0.01355,-0.023320001
1002.76001,-0.034469999,-0.03765,-0.030169999,-0.02228,-0.01651,-0.0252
1003.049988,-0.03455,-0.030859999,-0.02918,-0.01829,-0.01277,-0.022650002
1003.340027,-0.035409998,-0.02792,-0.02733,-0.01497,-0.01214,-0.020260001
1003.619995,-0.037809998,-0.02578,-0.02984,-0.016720001,-0.01329,-0.01857
1003.909973,-0.036350001,-0.023629999,-0.02918,-0.01564,-0.01612,-0.020510001
1004.200012,-0.039170001,-0.02485,-0.02878,-0.01539,-0.01584,-0.020989999
1004.48999,-0.035840001,-0.024349999,-0.028900001,-0.016929999,-0.01668,-0.02163
1004.77002,-0.031849999,-0.026930001,-0.027860001,-0.01877,-0.01716,-0.022530001
1005.059998,-0.033489998,-0.0352,-0.031789999,-0.025629999,-0.02317,-0.025209999
1005.349976,-0.032980002,-0.039019998,-0.031920001,-0.02923,-0.024180001,-0.025969999
1005.640015,-0.029999999,-0.0385,-0.03249,-0.028859999,-0.024519999,-0.032200001
1005.919983,-0.031849999,-0.041409999,-0.033459999,-0.030850001,-0.02606,-0.035429999
1006.210022,-0.03119,-0.04575,-0.036290001,-0.029849999,-0.0287,-0.036249999
1006.5,-0.03661,-0.045650002,-0.03864,-0.031259999,-0.026689999,-0.039870001
1006.789978,-0.036960002,-0.046830002,-0.042090002,-0.03145,-0.02806,-0.04225
1007.070007,-0.03559,-0.040570002,-0.03799,-0.029790001,-0.02747,-0.041199997
1007.359985,-0.041690003,-0.03909,-0.040630002,-0.03063,-0.02681,-0.041620001
1007.650024,-0.044980001,-0.043159999,-0.039179999,-0.03173,-0.025320001,-0.041810002
1007.929993,-0.047309998,-0.042119998,-0.042069998,-0.034560002,-0.02596,-0.04171
1008.219971,-0.047940001,-0.0383,-0.037930001,-0.03424,-0.023440002,-0.041539997
1008.51001,-0.044970002,-0.039779998,-0.034940001,-0.031580001,-0.026110001,-0.038690001
1008.799988,-0.04764,-0.034979999,-0.035560001,-0.030610001,-0.027279999,-0.038290001
1009.080017,-0.048850004,-0.042969998,-0.043340001,-0.03582,-0.027249999,-0.04276
1009.369995,-0.047059998,-0.046780001,-0.041729998,-0.038699999,-0.03042,-0.04518
1009.659973,-0.042040002,-0.04177,-0.041719999,-0.03373,-0.033940002,-0.039549999
1009.940002,-0.038479999,-0.036150001,-0.036849998,-0.029790001,-0.030060001,-0.03466
1010.22998,-0.03427,-0.035969999,-0.03858,-0.035130002,-0.03001,-0.034630001
1010.52002,-0.03548,-0.035669997,-0.042930003,-0.036199998,-0.03011,-0.035459999
1010.799988,-0.03112,-0.037320003,-0.04008,-0.033,-0.025660001,-0.031489998
1011.090027,-0.032099999,-0.03119,-0.03712,-0.026070001,-0.022500001,-0.0309
1011.369995,-0.0275,-0.029030001,-0.039179999,-0.02479,-0.019579999,-0.02854
1011.659973,-0.032170001,-0.031630002,-0.041279998,-0.031369999,-0.019160001,-0.034869999
1011.950012,-0.028380001,-0.035769999,-0.043270003,-0.029360002,-0.016619999,-0.031270001
1012.22998,-0.032400001,-0.043270003,-0.045120001,-0.031509999,-0.021600001,-0.034990001
1012.52002,-0.037520003,-0.04936,-0.041859999,-0.033640001,-0.024,-0.035730001
1012.799988,-0.040570002,-0.048,-0.04256,-0.034249999,-0.02733,-0.039239999
1013.090027,-0.042600002,-0.054200001,-0.044989999,-0.035569999,-0.034290001,-0.036930002
1013.380005,-0.0458,-0.050749999,-0.04521,-0.036109999,-0.037489999,-0.041789997
1013.659973,-0.04487,-0.047150001,-0.039859999,-0.031849999,-0.03458,-0.035380002
1013.950012,-0.047459997,-0.047470003,-0.038259998,-0.032129999,-0.032839999,-0.040999997
1014.22998,-0.048070002,-0.047020003,-0.037950002,-0.03036,-0.03173,-0.042909998
1014.52002,-0.045770001,-0.043889999,-0.040560003,-0.034619998,-0.03373,-0.042399999
1014.809998,-0.04507,-0.048189998,-0.04152,-0.034479998,-0.034479998,-0.0372
1015.090027,-0.045779999,-0.048779998,-0.039790001,-0.035239998,-0.03396,-0.04366
1015.380005,-0.046999998,-0.052900001,-0.037780002,-0.039700001,-0.034170002,-0.043420002
1015.659973,-0.051090002,-0.062989995,-0.045219999,-0.045729998,-0.039419997,-0.056009997
1015.950012,-0.054819997,-0.064470001,-0.043870002,-0.046,-0.046780001,-0.055170003
1016.22998,-0.055430003,-0.050930001,-0.041490003,-0.03771,-0.040789999,-0.046859998
1016.52002,-0.061869998,-0.052560002,-0.040770002,-0.035580002,-0.037870001,-0.050999999
1016.799988,-0.063510001,-0.052620001,-0.042640001,-0.03994,-0.03951,-0.05689
1017.090027,-0.061269999,-0.04899,-0.041529998,-0.043609999,-0.03198,-0.051449999
1017.369995,-0.05593,-0.045729998,-0.03895,-0.039310001,-0.02727,-0.05012
1017.659973,-0.052800003,-0.043839999,-0.04053,-0.037629999,-0.027079999,-0.045869999
1017.940002,-0.052020002,-0.042329997,-0.046230003,-0.041620001,-0.023659999,-0.04888
1018.22998,-0.048489999,-0.053929999,-0.048489999,-0.04899,-0.026789999,-0.055710003
1018.51001,-0.035769999,-0.047280002,-0.047620002,-0.04778,-0.02954,-0.052080002
1018.799988,-0.036989998,-0.04558,-0.048360001,-0.046830002,-0.02815,-0.052299999
1019.080017,-0.04039,-0.048870001,-0.056339998,-0.047880001,-0.034679998,-0.059559997
1019.369995,-0.041979998,-0.047389999,-0.053179998,-0.04281,-0.031070001,-0.051430002
1019.650024,-0.0396,-0.040710002,-0.048149999,-0.041230001,-0.02479,-0.051820002
1019.940002,-0.04073,-0.048779998,-0.05015,-0.043860003,-0.03325,-0.05999
1020.219971,-0.048810001,-0.047169998,-0.052689999,-0.046160001,-0.038490001,-0.065920003
1020.51001,-0.058630001,-0.0482,-0.058509998,-0.046050001,-0.035889998,-0.070890002
1020.789978,-0.053860001,-0.042509999,-0.050780002,-0.043000001,-0.034170002,-0.072919995
1021.080017,-0.04809,-0.03585,-0.048020002,-0.037760001,-0.031689998,-0.066310003
1021.359985,-0.048299998,-0.03867,-0.060370002,-0.04236,-0.044670001,-0.070809998
1021.640015,-0.056779999,-0.04081,-0.06752,-0.045510001,-0.056430001,-0.070600003
1021.929993,-0.055879999,-0.036789998,-0.075920001,-0.047670003,-0.052779999,-0.064659998
1022.210022,-0.049590003,-0.038059998,-0.084380001,-0.049250003,-0.048439998,-0.057560001
1022.5,-0.044289999,-0.042529996,-0.09008,-0.053990003,-0.050409999,-0.054959998
1022.780029,-0.048489999,-0.063200004,-0.133400008,-0.08106,-0.047620002,-0.066880003
1023.070007,-0.048489999,-0.063200004,-0.133400008,-0.08106,-0.047620002,-0.066880003
1023.349976,-0.048489999,-0.063200004,-0.133400008,-0.08106,-0.047620002,-0.066880003