AUPE,0,0,0,0,0,0
WAC,0,0,0,0,0,0
C02,0,0,0,0,0,0
540,0,0,0,0,0,0
80,0,0,0,0,0,0
nm,0,0,0,0,0,0
Angular Dependence,0,0,0,0,0,0
Wavelengths,0,8,16,24,32,40
360.1499939,0.105679996,0.105420001,0.03489,0.014939999,-0.021659998,0.07677
360.519989,0.113249995,0.119709998,0.053590003,0.018990001,-0.00637,0.084639996
360.8999939,0.103749998,0.116889998,0.043809999,0.01356,-0.01626,0.074429996
361.269989,0.096340001,0.119490005,0.050530002,0.011469999,-0.022820001,0.060500003
361.6499939,0.094399996,0.115459993,0.046129998,0.021760002,-0.023499999,0.055170003
362.019989,0.091459997,0.097049996,0.03314,0.01859,-0.02152,0.059470002
362.3999939,0.094049998,0.094250001,0.030160001,0.01643,-0.01719,0.050329998
362.769989,0.09753,0.097250007,0.033069998,0.01785,-0.00338,0.059499998
363.1499939,0.094599999,0.093039997,0.019609999,0.01224,-0.0118,0.068130001
363.519989,0.100950003,0.08952,0.022820001,0.0165,-0.00296,0.073920004
363.8999939,0.095979996,0.076640002,0.020179998,0.00686,0.00331,0.079180002
364.269989,0.09736,0.073020004,0.026659999,0.016960001,0.020959999,0.085380003
364.6400146,0.097120002,0.079390004,0.038410001,0.01477,0.0072,0.086060002
365.019989,0.0867,0.071490005,0.031709999,0.00844,0.0011,0.088789999
365.3900146,0.084560007,0.067890003,0.036010001,0.00528,-0.00993,0.08647
365.769989,0.076580003,0.061629999,0.033429999,0.00865,-0.013730001,0.082329996
366.1400146,0.086350001,0.076079994,0.036229998,0.013730001,-0.01052,0.081599995
366.519989,0.092180006,0.084339999,0.04513,0.00978,-0.01538,0.079329997
366.8900146,0.094310001,0.086190008,0.051020004,0.0014,-0.020330001,0.076540001
367.2600098,0.098050006,0.093290001,0.055009998,0.00966,-0.00479,0.078369997
367.6400146,0.108170003,0.097329997,0.06078,0.01623,-0.00043,0.084639996
368.0100098,0.107329994,0.090299994,0.05116,0.01736,0.00571,0.084359996
368.3900146,0.109060004,0.088649996,0.053829998,0.031849999,0.0162,0.084059998
368.7600098,0.09482,0.081809998,0.049310002,0.033229999,0.02217,0.081210002
369.1300049,0.088739999,0.081969999,0.03788,0.045359999,0.030250002,0.084589995
369.5100098,0.079669997,0.076760001,0.03255,0.038800001,0.01677,0.078560002
369.8800049,0.076329999,0.06825,0.023629999,0.032699998,0.00655,0.06696
370.25,0.069640003,0.074260004,0.024400001,0.040939998,0.00991,0.063249998
370.6300049,0.060819998,0.069090001,0.01905,0.029270001,0.00178,0.051999997
371,0.048379999,0.065420002,0.01356,0.00557,-0.00236,0.044070002
371.3800049,0.043109998,0.055799998,0.011,-0.00315,-0.01517,0.043390002
371.75,0.038599998,0.055300001,0.01602,-0.01125,-0.02242,0.03779
372.1199951,0.028580001,0.049959999,0.00918,-0.014939999,-0.019230001,0.03246
372.5,0.025929999,0.048439998,0.00632,-0.01749,-0.017650001,0.0396
372.8699951,0.027550001,0.04473,0.0015,-0.01918,-0.01361,0.041750003
373.2399902,0.028570002,0.044629999,0.009509999,-0.01264,-0.00109,0.056639999
373.6199951,0.041079998,0.05167,0.016690001,0.0017,0.00288,0.061189998
373.9899902,0.042300001,0.053410001,0.015859999,0.00715,0.008119999,0.055939998
374.3599854,0.038350001,0.049350001,0.01258,0.01069,0.011030001,0.056129999
374.7399902,0.04606,0.054099999,0.018509999,0.02416,0.018229999,0.063299999
375.1099854,0.04744,0.05291,0.020750001,0.02468,0.01417,0.058569998
375.480011,0.046580002,0.045929998,0.022190001,0.021170001,0.00969,0.056160003
375.8599854,0.045479998,0.051830001,0.01846,0.021509999,0.00165,0.046690002
376.230011,0.039790001,0.041220002,0.013730001,0.01163,-0.012410001,0.036830001
376.6000061,0.040399998,0.044989999,0.01387,0.00835,-0.00677,0.040209997
376.980011,0.041360002,0.044380002,0.01179,0.00711,-0.00591,0.038699999
377.3500061,0.04428,0.04501,0.01128,0.0012,-0.00461,0.03757
377.7200012,0.04896,0.04874,0.010989999,0.00399,-0.00312,0.044
378.1000061,0.044439998,0.050619997,0.01495,0.00155,-0.00454,0.044130001
378.4700012,0.046259999,0.051320001,0.01911,0.00379,-0.00121,0.04961
378.8399963,0.04775,0.055459999,0.020819999,0.00498,0.00929,0.058520004
379.2200012,0.047659997,0.054419998,0.021389998,0.00479,0.00798,0.058319997
379.5899963,0.042950001,0.054580003,0.01702,0.00194,0.00285,0.054369997
379.9599915,0.040409997,0.055120002,0.014989999,0.00434,0.00197,0.054650001
380.3299866,0.034059998,0.052789997,0.017890001,0.00579,0.00589,0.05057
380.7099915,0.033570003,0.049339999,0.011829999,0.00841,0.00235,0.046840001
381.0799866,0.033530001,0.045339998,0.00836,0.00695,-0.00233,0.043790001
381.4500122,0.027550001,0.039579999,0.00856,0.00977,-0.00542,0.041690003
381.8299866,0.03032,0.03963,0.01069,0.01069,-0.00381,0.044670001
382.2000122,0.03101,0.03466,0.012999999,0.008169999,-0.00266,0.04532
382.5700073,0.028499998,0.03215,0.0137,0.0062,-0.00521,0.042429999
382.9400024,0.031429999,0.03162,0.01334,0.0039,-0.00597,0.037700001
383.3200073,0.038849998,0.038350001,0.013789999,0.00519,0.00056,0.03847
383.6900024,0.039049998,0.037909999,0.015149999,0.00663,0.00564,0.035659999
384.0599976,0.04575,0.043140002,0.01856,0.01138,0.0085,0.037459999
384.4299927,0.042849999,0.040349998,0.019099999,0.011390001,0.00259,0.034170002
384.8099976,0.045600001,0.04157,0.01864,0.014090001,0.00188,0.03246
385.1799927,0.04487,0.039960001,0.01608,0.0137,0.00034,0.033599999
385.5499878,0.045700002,0.042630002,0.01777,0.01615,0.00585,0.041110002
385.9200134,0.038699999,0.038540002,0.017200001,0.01316,0.00248,0.041939996
386.2999878,0.040059999,0.037629999,0.0165,0.01153,0.0014,0.04321
386.6700134,0.036540002,0.032019999,0.00937,0.00526,-0.00077,0.036910001
387.0400085,0.034839999,0.028970001,0.00874,0.00128,0.0025,0.035080001
387.4100037,0.034109998,0.030030001,0.00722,0.00099,0.00185,0.034200002
387.7799988,0.034760002,0.030850001,0.00762,0.00029,0.005,0.03052
388.1600037,0.030889999,0.02743,0.00381,-0.00163,0.0006,0.027109999
388.5299988,0.032780003,0.02812,0.00509,0.00236,0.00433,0.02479
388.8999939,0.029860001,0.028399998,0.00663,0.00213,0.00529,0.025710002
389.269989,0.02895,0.029999999,0.00799,0.00362,0.00375,0.026199998
389.6499939,0.028689999,0.033289999,0.00526,0.008,0.00098,0.02338
390.019989,0.028870001,0.03232,0.009649999,0.011360001,0.00394,0.02636
390.3900146,0.031780001,0.030669998,0.010650001,0.012970001,0.00396,0.02833
390.7600098,0.033570003,0.032669999,0.012460001,0.01435,0.00606,0.027550001
391.1300049,0.033859998,0.032190003,0.01333,0.01308,0.00372,0.02987
391.5,0.032600001,0.028369999,0.01166,0.01285,0.00118,0.026830001
391.8800049,0.031709999,0.027899999,0.0095,0.00956,0.00236,0.02626
392.25,0.031849999,0.024719998,0.01148,0.00738,0.00248,0.02892
392.6199951,0.031789999,0.02527,0.00986,0.00436,0.0018,0.02527
392.9899902,0.02754,0.025409998,0.01075,0.00363,0.00088,0.024019999
393.3599854,0.0233,0.021029999,0.009409999,0.00057,-0.00292,0.023949999
393.730011,0.020880001,0.01781,0.00823,-0.0021,-0.00528,0.020409999
394.1099854,0.01809,0.01606,0.0048,-0.00347,-0.00423,0.019609999
394.480011,0.017029999,0.01363,0.00684,-0.00135,-0.00317,0.019199999
394.8500061,0.018650001,0.01725,0.00753,0.00057,-0.00163,0.02086
395.2200012,0.01616,0.0154,0.00589,0.00056,-0.00288,0.02094
395.5899963,0.01491,0.01272,0.00185,0.00018,-0.00412,0.018480001
395.9599915,0.01682,0.01189,0.0005,0.00062,-0.00431,0.01429
396.3299866,0.016009999,0.01149,-0.00029,0.00084,-0.00279,0.01475
396.7099915,0.01819,0.01323,0.00185,0.00169,-0.00165,0.01396
397.0799866,0.020330001,0.01588,0.00325,0.00278,-0.00182,0.016109999
397.4500122,0.01873,0.01274,0.00187,0.00313,-0.00072,0.0149
397.8200073,0.01898,0.01253,0.00097,0.00281,-0.00063,0.014140001
398.1900024,0.01915,0.01355,0.00212,0.00253,-0.0007,0.01397
398.5599976,0.019609999,0.014529999,0.0046,0.00568,0.00242,0.01609
398.9299927,0.019550001,0.01428,0.00392,0.00675,0.00152,0.01529
399.2999878,0.01832,0.01318,0.0056,0.009190001,0.00046,0.01681
399.6799927,0.017589999,0.012999999,0.00367,0.008909999,0.00025,0.014989999
400.0499878,0.016960001,0.013839999,0.00405,0.00718,-0.00065,0.012619999
400.4200134,0.01633,0.01344,0.00667,0.00796,0.00043,0.01313
400.7900085,0.018099999,0.01431,0.00807,0.00915,0.00307,0.01508
401.1600037,0.01643,0.01596,0.00733,0.00734,0.00173,0.0139
401.5299988,0.017239999,0.01778,0.00928,0.00832,0.0026,0.015360001
401.8999939,0.017519999,0.018300001,0.00613,0.00493,0.0017,0.013049999
402.269989,0.017280001,0.01746,0.00606,0.00403,0.00071,0.01396
402.6400146,0.01629,0.016349999,0.00591,0.00535,0.00063,0.01539
403.0100098,0.01757,0.01719,0.00543,0.00436,0.00123,0.016349999
403.3800049,0.01785,0.01747,0.00702,0.00424,0.00086,0.01554
403.75,0.018540001,0.01551,0.00755,0.00522,0.0016,0.016960001
404.1199951,0.01816,0.01459,0.007,0.00391,0.00183,0.016349999
404.5,0.01874,0.015360001,0.00882,0.00473,0.00263,0.017339999
404.8699951,0.01856,0.016000001,0.01026,0.00525,0.00347,0.016410001
405.2399902,0.018619999,0.01677,0.011030001,0.00448,0.00255,0.015360001
405.6099854,0.017760001,0.01534,0.011089999,0.00569,0.00297,0.01518
405.980011,0.016390001,0.014149999,0.009459999,0.00631,0.00213,0.01657
406.3500061,0.016280001,0.01503,0.00918,0.00607,0.00113,0.016249999
406.7200012,0.016249999,0.01358,0.00913,0.00553,0.00108,0.01505
407.0899963,0.01596,0.01181,0.00904,0.00449,0.00218,0.01385
407.4599915,0.01477,0.01039,0.00718,0.00344,0.0008,0.01342
407.8299866,0.01564,0.011039999,0.0078,0.00457,0.00248,0.01476
408.2000122,0.01605,0.011729999,0.00704,0.00479,0.00167,0.01429
408.5700073,0.016109999,0.011829999,0.00646,0.00343,0.00156,0.013200001
408.9400024,0.016310001,0.01161,0.00677,0.00308,0.00282,0.01351
409.3099976,0.016070001,0.01217,0.00577,0.00404,0.0027,0.012209999
409.6799927,0.01451,0.012669999,0.00561,0.00546,0.00197,0.01175
410.0499878,0.01456,0.01351,0.00629,0.00658,0.0021,0.011879999
410.4200134,0.012970001,0.012560001,0.0055,0.00568,0.00108,0.01035
410.7900085,0.012159999,0.01197,0.00601,0.00565,0.00187,0.01038
411.1600037,0.01115,0.011039999,0.00612,0.00512,0.0016,0.00992
411.5299988,0.01061,0.01069,0.00564,0.00415,0.00112,0.00929
411.8999939,0.00977,0.0098,0.00596,0.00394,0.00153,0.010779999
412.269989,0.01042,0.009459999,0.00607,0.00386,0.00147,0.01204
412.6400146,0.010190001,0.00846,0.00551,0.00311,0.00199,0.01201
413.0100098,0.01112,0.008719999,0.00563,0.00439,0.00264,0.012940001
413.3800049,0.01198,0.00927,0.0057,0.00477,0.00297,0.01353
413.75,0.01233,0.009459999,0.00511,0.00502,0.00309,0.013780001
414.1199951,0.012669999,0.00896,0.00538,0.00574,0.0027,0.01282
414.4899902,0.01286,0.00923,0.00525,0.00553,0.00256,0.012
414.8599854,0.01243,0.00984,0.00534,0.00593,0.00332,0.01272
415.230011,0.01272,0.01144,0.00611,0.00654,0.00376,0.01274
415.6000061,0.01223,0.011849999,0.00605,0.00611,0.00338,0.01201
415.9599915,0.011729999,0.01129,0.00557,0.00525,0.00258,0.01105
416.3299866,0.01135,0.01184,0.00602,0.00524,0.00239,0.01086
416.7000122,0.01076,0.01253,0.00622,0.00547,0.00286,0.011360001
417.0700073,0.010199999,0.01338,0.0062,0.00511,0.00348,0.01117
417.4400024,0.01133,0.01301,0.00712,0.00501,0.00363,0.00991
417.8099976,0.01082,0.01158,0.007,0.00515,0.00402,0.00957
418.1799927,0.01089,0.01051,0.00617,0.00511,0.00383,0.00909
418.5499878,0.011519999,0.0108,0.00685,0.00526,0.00393,0.009959999
418.9200134,0.01199,0.010679999,0.00779,0.00625,0.00461,0.00973
419.2900085,0.01059,0.00921,0.00655,0.00568,0.00356,0.009509999
419.6600037,0.01114,0.00848,0.00646,0.00583,0.00335,0.00977
420.0299988,0.01016,0.00884,0.00597,0.00583,0.00283,0.00918
420.3900146,0.01047,0.00895,0.0058,0.00534,0.00264,0.00894
420.7600098,0.00966,0.009,0.00648,0.00435,0.00374,0.00928
421.1300049,0.00931,0.008719999,0.00637,0.00489,0.00424,0.0092
421.5,0.00873,0.00861,0.00571,0.00443,0.0043,0.00912
421.8699951,0.00991,0.00921,0.00637,0.00512,0.00487,0.00876
422.2399902,0.00894,0.00882,0.0059,0.00471,0.00407,0.008090001
422.6099854,0.0089,0.00887,0.00596,0.00501,0.00482,0.00945
422.980011,0.00894,0.00925,0.0064,0.00509,0.00505,0.00955
423.3500061,0.00923,0.00887,0.00582,0.00538,0.00481,0.00953
423.7099915,0.0085,0.00884,0.00544,0.00456,0.00405,0.00802
424.0799866,0.00863,0.008640001,0.00569,0.0049,0.00362,0.00791
424.4500122,0.00827,0.00901,0.00566,0.00415,0.00392,0.00804
424.8200073,0.00896,0.009190001,0.0062,0.00478,0.0046,0.00829
425.1900024,0.00966,0.00952,0.00644,0.00483,0.00472,0.00802
425.5599976,0.00923,0.00898,0.00639,0.00477,0.0044,0.008119999
425.9299927,0.00955,0.00907,0.00669,0.0056,0.00403,0.00804
426.2900085,0.00916,0.00932,0.00626,0.00523,0.00409,0.00854
426.6600037,0.00871,0.00937,0.00609,0.00533,0.00392,0.00857
427.0299988,0.00878,0.00884,0.0064,0.00499,0.00341,0.00876
427.3999939,0.00921,0.009649999,0.00689,0.00513,0.00428,0.009240001
427.769989,0.00804,0.008640001,0.00564,0.00457,0.00368,0.00873
428.1400146,0.00834,0.00846,0.00543,0.00486,0.00384,0.00813
428.5,0.00795,0.00844,0.00543,0.0042,0.0039,0.00818
428.8699951,0.00801,0.00804,0.00572,0.00451,0.00406,0.00811
429.2399902,0.00795,0.007879999,0.00569,0.00418,0.00455,0.00777
429.6099854,0.00715,0.0078,0.00532,0.00452,0.00454,0.00726
429.980011,0.00619,0.00681,0.00418,0.00383,0.00388,0.00684
430.3399963,0.00638,0.00661,0.00404,0.0036,0.00386,0.0065
430.7099915,0.00575,0.00655,0.004,0.00359,0.00416,0.00654
431.0799866,0.00546,0.00628,0.00374,0.00352,0.00392,0.00562
431.4500122,0.00528,0.00614,0.00393,0.00336,0.00442,0.00544
431.8200073,0.00591,0.00616,0.00427,0.00364,0.00469,0.00591
432.1799927,0.00654,0.00662,0.00408,0.00367,0.00503,0.00648
432.5499878,0.0071,0.00681,0.00486,0.00352,0.00524,0.00696
432.9200134,0.00722,0.00698,0.00529,0.00386,0.00515,0.007
433.2900085,0.00745,0.00691,0.00539,0.00346,0.00465,0.00707
433.6499939,0.00749,0.00713,0.00543,0.00359,0.00445,0.00732
434.019989,0.00764,0.00722,0.00548,0.004,0.00431,0.00774
434.3900146,0.00698,0.00659,0.0049,0.00357,0.00352,0.00709
434.7600098,0.00688,0.00598,0.00487,0.00371,0.00334,0.00651
435.1199951,0.00652,0.00545,0.00406,0.00388,0.00312,0.00547
435.4899902,0.00676,0.00571,0.00419,0.00415,0.00413,0.00558
435.8599854,0.00653,0.00569,0.00366,0.00446,0.00461,0.00583
436.230011,0.00671,0.00526,0.00397,0.00438,0.00511,0.00574
436.5899963,0.00663,0.00523,0.0036,0.0042,0.00499,0.00535
436.9599915,0.00675,0.00547,0.00333,0.00431,0.00541,0.00545
437.3299866,0.00688,0.00621,0.004,0.00467,0.00577,0.00566
437.7000122,0.00678,0.00629,0.0048,0.00538,0.00595,0.00643
438.0599976,0.00646,0.006,0.00488,0.00523,0.00543,0.0063
438.4299927,0.00631,0.00574,0.00473,0.00505,0.00543,0.00571
438.7999878,0.00626,0.0059,0.00424,0.0051,0.00539,0.00574
439.1600037,0.00598,0.00538,0.00406,0.00508,0.00552,0.00506
439.5299988,0.006,0.00547,0.00447,0.0049,0.0057,0.00542
439.8999939,0.00556,0.00437,0.00385,0.00446,0.00556,0.0052
440.269989,0.00538,0.00463,0.00361,0.00401,0.00566,0.00451
440.6300049,0.00522,0.00456,0.00314,0.00383,0.0055,0.00457
441,0.00519,0.00425,0.00314,0.0035,0.00485,0.00455
441.3699951,0.00505,0.00478,0.00338,0.00346,0.0052,0.0049
441.730011,0.0051,0.00503,0.00349,0.00327,0.00505,0.0052
442.1000061,0.0047,0.00491,0.00337,0.00341,0.00511,0.00479
442.4700012,0.00463,0.00512,0.00374,0.00336,0.0051,0.00473
442.8299866,0.00478,0.00503,0.00373,0.00383,0.00528,0.0051
443.2000122,0.00502,0.00525,0.00416,0.00437,0.00534,0.00511
443.5700073,0.00527,0.00563,0.00441,0.00519,0.00596,0.0054
443.9299927,0.00554,0.00541,0.00481,0.00573,0.00624,0.00568
444.2999878,0.00568,0.00551,0.00498,0.00622,0.00656,0.00588
444.6700134,0.0059,0.00554,0.00507,0.0063,0.00658,0.0058
445.0299988,0.00572,0.00539,0.00425,0.00666,0.0067,0.00545
445.3999939,0.00576,0.00507,0.00389,0.00643,0.00618,0.00555
445.769989,0.00564,0.00525,0.00375,0.00633,0.00643,0.00565
446.1300049,0.00576,0.00572,0.00405,0.00672,0.0069,0.00586
446.5,0.00541,0.00537,0.00386,0.00632,0.00649,0.00541
446.8699951,0.00538,0.00514,0.0038,0.0064,0.00648,0.00554
447.230011,0.00553,0.00531,0.00395,0.00697,0.00683,0.0059
447.6000061,0.00555,0.00552,0.00434,0.00701,0.00695,0.00618
447.9599915,0.00543,0.00559,0.00462,0.00701,0.00731,0.00611
448.3299866,0.00538,0.00526,0.0047,0.00705,0.0073,0.00582
448.7000122,0.00494,0.00461,0.00434,0.00636,0.00708,0.00533
449.0599976,0.00538,0.00497,0.0044,0.0067,0.00751,0.00544
449.4299927,0.00573,0.00521,0.00479,0.00673,0.00773,0.00542
449.7900085,0.00564,0.00504,0.00493,0.00635,0.00769,0.00505
450.1600037,0.00572,0.00513,0.00503,0.0059,0.00777,0.00489
450.5299988,0.00586,0.00537,0.00553,0.00591,0.007929999,0.00471
450.8900146,0.00592,0.00563,0.00566,0.00596,0.00832,0.00488
451.2600098,0.00639,0.00587,0.0061,0.00637,0.0087,0.00504
451.6199951,0.00602,0.00569,0.0062,0.0063,0.00885,0.00495
451.9899902,0.00528,0.00547,0.00578,0.00618,0.00883,0.00476
452.3599854,0.00529,0.00568,0.00574,0.00645,0.0092,0.00515
452.7200012,0.00526,0.0057,0.00596,0.00681,0.00973,0.00512
453.0899963,0.00523,0.00553,0.00572,0.00698,0.01033,0.00494
453.4500122,0.00507,0.00527,0.00581,0.00688,0.010299999,0.00482
453.8200073,0.00464,0.00509,0.00595,0.0068,0.01043,0.00468
454.1799927,0.00485,0.00506,0.0062,0.00705,0.010930001,0.00461
454.5499878,0.00524,0.0053,0.0067,0.00735,0.0119,0.0045
454.9200134,0.00493,0.0051,0.00669,0.00726,0.012469999,0.00411
455.2799988,0.00491,0.00516,0.00657,0.0076,0.01324,0.00442
455.6499939,0.00506,0.00537,0.00674,0.0078,0.01402,0.00494
456.0100098,0.00495,0.00549,0.00665,0.0077,0.015149999,0.00478
456.3800049,0.00516,0.00586,0.00648,0.0077,0.016310001,0.00491
456.7399902,0.00516,0.00583,0.00615,0.00757,0.01787,0.00518
457.1099854,0.00502,0.00565,0.00587,0.00755,0.019029999,0.00536
457.4700012,0.00509,0.00572,0.00574,0.00744,0.020480001,0.0053
457.8399963,0.00551,0.0059,0.00605,0.0077,0.022530001,0.00564
458.2000122,0.00541,0.00597,0.00623,0.0078,0.025,0.00541
458.5700073,0.00573,0.00632,0.00651,0.00829,0.02813,0.00588
458.9299927,0.0058,0.00634,0.00662,0.008450001,0.031570002,0.00615
459.2999878,0.00594,0.00652,0.00667,0.0086,0.035190001,0.00614
459.6600037,0.00613,0.00678,0.00681,0.00852,0.03977,0.0062
460.0299988,0.00647,0.00685,0.00708,0.00903,0.045400001,0.00669
460.3900146,0.00652,0.00691,0.00719,0.00897,0.0517,0.00664
460.7600098,0.00666,0.00718,0.00725,0.00915,0.058870003,0.00691
461.1199951,0.00649,0.00668,0.00709,0.00902,0.066950001,0.0067
461.4899902,0.00648,0.00648,0.00701,0.00916,0.076329999,0.00657
461.8500061,0.00641,0.0065,0.00694,0.009330001,0.087299995,0.00652
462.2200012,0.00663,0.00664,0.00691,0.00966,0.09967,0.00674
462.5799866,0.00651,0.00662,0.0068,0.00977,0.112879999,0.00664
462.9500122,0.0067,0.00656,0.00684,0.01011,0.127839997,0.00654
463.3099976,0.00657,0.00635,0.00671,0.010290001,0.14384,0.00643
463.6799927,0.00708,0.00668,0.00693,0.01086,0.161369994,0.0065
464.0400085,0.00726,0.00684,0.0071,0.01123,0.179930001,0.00635
464.4100037,0.00743,0.00701,0.00745,0.0119,0.199410006,0.00643
464.769989,0.00732,0.00671,0.00754,0.01238,0.219330013,0.00627
465.1300049,0.00742,0.00695,0.00769,0.01275,0.239690006,0.00628
465.5,0.00724,0.00707,0.00781,0.01339,0.260069996,0.00638
465.8599854,0.00724,0.00718,0.00794,0.01424,0.280420005,0.00633
466.230011,0.00704,0.00711,0.00796,0.01477,0.300000012,0.00638
466.5899963,0.007,0.00714,0.008119999,0.01548,0.31900999,0.00665
466.9599915,0.00689,0.00704,0.0082,0.016210001,0.33682999,0.00671
467.3200073,0.007,0.0072,0.0086,0.0173,0.353009999,0.00685
467.6799927,0.00706,0.00714,0.00873,0.018449999,0.368149996,0.00678
468.0499878,0.00701,0.00707,0.0086,0.019709999,0.381269991,0.00676
468.4100037,0.00717,0.0071,0.00877,0.02121,0.393400013,0.00695
468.7799988,0.00702,0.00714,0.00878,0.023089999,0.403820008,0.00694
469.1400146,0.00686,0.00716,0.00882,0.0255,0.412669986,0.00696
469.5,0.00685,0.00721,0.009,0.02806,0.42008999,0.00681
469.8699951,0.00682,0.00747,0.00908,0.03118,0.426739991,0.00689
470.230011,0.00679,0.00749,0.00925,0.034960002,0.432170004,0.00695
470.6000061,0.00685,0.00764,0.00973,0.039219998,0.437190026,0.00699
470.9599915,0.00692,0.00768,0.00994,0.04442,0.440999985,0.00691
471.3200073,0.00694,0.00783,0.01021,0.050500002,0.444679976,0.00687
471.6900024,0.00721,0.007929999,0.01052,0.057629999,0.447899997,0.00707
472.0499878,0.00722,0.00787,0.01056,0.06605,0.451180011,0.0071
472.4200134,0.00723,0.007879999,0.01082,0.075740002,0.454219997,0.00699
472.7799988,0.00706,0.00779,0.01105,0.087010004,0.457060009,0.00701
473.1400146,0.00709,0.00775,0.01121,0.100139998,0.460320026,0.00699
473.5100098,0.00698,0.00783,0.011419999,0.114909999,0.463860005,0.00699
473.8699951,0.00711,0.00789,0.01189,0.131929994,0.468199998,0.00705
474.230011,0.00707,0.008090001,0.012469999,0.150250003,0.473240018,0.0069
474.6000061,0.00704,0.00826,0.012990001,0.17042999,0.478930026,0.00687
474.9599915,0.0071,0.00828,0.01364,0.192330003,0.485579997,0.00711
475.3200073,0.00737,0.0086,0.01442,0.21577999,0.493770003,0.00724
475.6900024,0.00753,0.00882,0.01545,0.240270004,0.503149986,0.00738
476.0499878,0.00755,0.00889,0.016490001,0.265090019,0.514509976,0.00738
476.4100037,0.00752,0.0089,0.01754,0.290100008,0.527099967,0.00744
476.7799988,0.00743,0.008859999,0.01874,0.315149993,0.541530013,0.00747
477.1400146,0.00753,0.00899,0.02052,0.339679986,0.558499992,0.0077
477.5,0.00744,0.0091,0.022390001,0.363310009,0.577579975,0.00753
477.8699951,0.00738,0.00916,0.024700001,0.386069983,0.598930001,0.00755
478.230011,0.00729,0.00914,0.027190002,0.40674001,0.622370005,0.00751
478.5899963,0.00736,0.009330001,0.030580001,0.426150024,0.646899998,0.00765
478.9599915,0.00752,0.00956,0.03469,0.443849981,0.672959983,0.00778
479.3200073,0.00776,0.00981,0.039500002,0.45984,0.699390054,0.00799
479.6799927,0.00795,0.01002,0.045170002,0.474319994,0.725609958,0.00806
480.0400085,0.00822,0.01033,0.052080002,0.48785001,0.751320064,0.00832
480.4100037,0.00838,0.010629999,0.060229998,0.49980998,0.774919987,0.0085
480.769989,0.00856,0.011109999,0.070009999,0.511240005,0.796559989,0.0087
481.1300049,0.00876,0.011569999,0.081280001,0.522000015,0.815640032,0.00889
481.5,0.00893,0.012130001,0.09471,0.532469988,0.832099974,0.00903
481.8599854,0.00909,0.0127,0.110299997,0.543569982,0.846080005,0.00916
482.2200012,0.00916,0.01337,0.128169999,0.554560006,0.85668999,0.009330001
482.5799866,0.00945,0.01424,0.148599997,0.566080034,0.864960015,0.00953
482.9500122,0.00961,0.015240001,0.17148,0.578649998,0.871439993,0.00975
483.3099976,0.00989,0.01627,0.196580008,0.59228003,0.875479937,0.01003
483.6700134,0.01011,0.0174,0.22409001,0.606710017,0.878310025,0.01031
484.0299988,0.01042,0.018850001,0.253419995,0.622680008,0.87985003,0.010679999
484.3999939,0.01087,0.020650001,0.284449995,0.639590025,0.880800009,0.01116
484.7600098,0.011419999,0.022880001,0.316740006,0.658560038,0.882040024,0.01175
485.1199951,0.01181,0.025359999,0.349949986,0.678910017,0.882990062,0.01238
485.480011,0.0125,0.02832,0.383219987,0.700410008,0.883960009,0.01301
485.8500061,0.013300001,0.032090001,0.415870011,0.722109973,0.885110021,0.01392
486.2099915,0.01433,0.036679998,0.448410004,0.74496001,0.886510015,0.01502
486.5700073,0.015360001,0.042029999,0.47962001,0.7676,0.888170004,0.01627
486.9299927,0.0164,0.048660003,0.510169983,0.790279984,0.890199959,0.01767
487.2900085,0.01771,0.056550004,0.53933996,0.812080026,0.892180026,0.019239999
487.6600037,0.01932,0.06617,0.567009985,0.832570016,0.89459002,0.021120001
488.019989,0.021089999,0.077749997,0.593540013,0.851660013,0.896839976,0.023540001
488.3800049,0.02318,0.09149,0.619289994,0.869270027,0.898850024,0.026219999
488.7399902,0.025710002,0.10808,0.643590033,0.884970009,0.901460052,0.029560002
489.1000061,0.02888,0.127869993,0.667300045,0.898820043,0.903860033,0.033530001
489.4700012,0.032499999,0.150849998,0.689899981,0.910409987,0.906090021,0.038199998
489.8299866,0.036970001,0.177770004,0.712040007,0.920189977,0.908560038,0.044089999
490.1900024,0.042329997,0.208470002,0.733249962,0.928089976,0.910730004,0.051230002
490.5499878,0.048950002,0.242990002,0.754010022,0.934210002,0.912829995,0.06002
490.9100037,0.056820001,0.281170011,0.773440003,0.938719988,0.915360034,0.070579998
491.269989,0.06628,0.322589993,0.792580009,0.942040026,0.916640043,0.083229996
491.6400146,0.077569999,0.366589993,0.810710013,0.943970025,0.918479979,0.098679997
492,0.091650002,0.412589997,0.828280032,0.945800006,0.920189977,0.117469996
492.3599854,0.108339995,0.459519982,0.844579995,0.946620047,0.921340048,0.13989
492.7200012,0.128219992,0.506469965,0.860179961,0.947129965,0.922440052,0.166259989
493.0799866,0.151889995,0.552949965,0.874619961,0.946989954,0.923449993,0.196879998
493.4400024,0.179759994,0.597559988,0.888369977,0.947099984,0.924300015,0.232450008
493.8099976,0.212040007,0.639829993,0.900930047,0.946859956,0.925810039,0.272489995
494.1700134,0.248810008,0.679359972,0.912339985,0.9472,0.926840007,0.316819996
494.5299988,0.289640009,0.715130031,0.922149956,0.946810007,0.92761004,0.364539981
494.8900146,0.334410012,0.747380018,0.931060016,0.946719944,0.928580046,0.414780021
495.25,0.382369995,0.775759935,0.938759983,0.946559966,0.92918998,0.466850013
495.6099854,0.432720006,0.800689995,0.945280015,0.946650028,0.930380046,0.519199967
495.9700012,0.483889997,0.82288003,0.950869977,0.946529984,0.931249976,0.570360005
496.3299866,0.534749985,0.842180014,0.955009997,0.946589947,0.931710005,0.619080007
496.7000122,0.583920002,0.859290004,0.959020019,0.946330011,0.932310045,0.664460003
497.0599976,0.630349994,0.874059975,0.961920023,0.946229994,0.932880044,0.705859959
497.4200134,0.672909975,0.887269974,0.964560032,0.946129978,0.933420002,0.742760003
497.7799988,0.710869968,0.899749994,0.966620028,0.946380019,0.93404001,0.774869978
498.1400146,0.744229972,0.910790026,0.967969954,0.946829975,0.934000015,0.802249968
498.5,0.772909999,0.920670033,0.969139993,0.947539985,0.934430003,0.825839996
498.8599854,0.796999991,0.929680049,0.970279992,0.948430002,0.934610009,0.846080005
499.2200012,0.817399979,0.937470019,0.970640004,0.949329972,0.934610009,0.863280058
499.5799866,0.834219992,0.944959998,0.970969975,0.950370014,0.934540033,0.878119946
499.9400024,0.848170042,0.951120019,0.970839977,0.951350033,0.933830023,0.89082998
500.2999878,0.860300004,0.956420004,0.97070998,0.95216006,0.933219969,0.902139962
500.6700134,0.87007004,0.96123004,0.970390022,0.952850044,0.932529986,0.912170053
501.0299988,0.878610015,0.96517998,0.969739974,0.95352,0.931010008,0.920930028
501.3900146,0.886309981,0.968539953,0.969410002,0.954329967,0.929769993,0.928870022
501.75,0.893160045,0.971969962,0.969120026,0.95521003,0.92809999,0.93651998
502.1099854,0.899639964,0.974629998,0.968850017,0.956099987,0.926179945,0.943410039
502.4700012,0.905530035,0.977050006,0.968209982,0.956829965,0.923740029,0.949629962
502.8299866,0.910599947,0.978890002,0.967499971,0.957490027,0.921009958,0.955320001
503.1900024,0.915409982,0.980309963,0.967190027,0.957979977,0.917639971,0.960590005
503.5499878,0.919810057,0.981220007,0.966630042,0.958329976,0.914300025,0.965070009
503.9100037,0.924209952,0.982239962,0.966470003,0.958609998,0.910139978,0.969560027
504.269989,0.92768997,0.982770026,0.965800047,0.958679974,0.905210018,0.972930014
504.6300049,0.930849969,0.983020008,0.965699971,0.958629966,0.899479985,0.976070046
504.9899902,0.933589995,0.983340025,0.965800047,0.958700001,0.893570006,0.978550017
505.3500061,0.936060011,0.983389974,0.966060042,0.958270013,0.886620045,0.980379999
505.7099915,0.938430011,0.983529985,0.966069996,0.958090007,0.879280031,0.982170045
506.0700073,0.940530002,0.983949959,0.966650009,0.957629979,0.871210039,0.983749986
506.4299927,0.942020059,0.984009981,0.966639996,0.957050025,0.862720013,0.984719992
506.7900085,0.943239987,0.984100044,0.967289984,0.956620038,0.85363996,0.985400021
507.1499939,0.944219947,0.984059989,0.967930019,0.956110001,0.844339967,0.98605001
507.5100098,0.945039988,0.983609974,0.968430042,0.955729961,0.834199965,0.986579955
507.8699951,0.945759952,0.983170033,0.968919992,0.955729961,0.82385999,0.987119973
508.230011,0.946089983,0.982360005,0.969739974,0.95502001,0.813130021,0.987399995
508.5899963,0.946399987,0.98168999,0.970360041,0.954940021,0.802030027,0.987619996
508.9500122,0.946669996,0.981070042,0.971449971,0.954859972,0.790579975,0.987779975
509.3099976,0.946940005,0.980019987,0.971989989,0.954509974,0.779049993,0.987870038
509.6700134,0.94698,0.979390025,0.972409964,0.954299986,0.767239988,0.987649977
510.0299988,0.946810007,0.97883004,0.973020017,0.954219997,0.75605005,0.987349987
510.3900146,0.946650028,0.97852999,0.973509967,0.954390049,0.744729996,0.986919999
510.75,0.946640015,0.978470027,0.973970056,0.955059946,0.733820021,0.986360013
511.1099854,0.946650028,0.978239954,0.974499941,0.955500007,0.723590016,0.986210048
511.4700012,0.946330011,0.978060007,0.974509954,0.955599964,0.713420033,0.985870004
511.8299866,0.945850015,0.97766,0.974550009,0.955770016,0.70371002,0.984970033
512.1900024,0.945840001,0.97766,0.974609971,0.956139982,0.694840014,0.984449983
512.5499878,0.945569992,0.977890015,0.974660039,0.956169963,0.686289966,0.983929992
512.9099731,0.945280015,0.978000045,0.974420011,0.955879986,0.678460002,0.98337996
513.2700195,0.944919944,0.978119969,0.973890007,0.95529002,0.671309948,0.982900023
513.6199951,0.944059968,0.978570044,0.973039985,0.954690039,0.664439976,0.982040048
513.9799805,0.943399966,0.97883004,0.972419977,0.95371002,0.658529997,0.981109977
514.3400269,0.943020046,0.979520023,0.971509993,0.952549994,0.653410017,0.981000006
514.7000122,0.942580044,0.980300009,0.970739961,0.950780034,0.648899972,0.980650008
515.0599976,0.942099988,0.98052001,0.969489992,0.948379993,0.64497,0.980289996
515.4199829,0.941920042,0.981360018,0.968799949,0.945829988,0.641709983,0.980159998
515.7800293,0.941489995,0.982389987,0.968109965,0.942929983,0.639070034,0.980449975
516.1400146,0.941650033,0.982969999,0.967720032,0.939180017,0.637220025,0.980599999
516.5,0.941489995,0.98378998,0.967020035,0.935220003,0.635559976,0.980700016
516.8599854,0.941640019,0.984499991,0.967050016,0.930840015,0.634559989,0.981029987
517.2199707,0.941709995,0.984740019,0.966539979,0.925770044,0.634090006,0.981539965
517.5700073,0.942359984,0.985719979,0.966809988,0.920360029,0.634360015,0.982419968
517.9299927,0.942629993,0.985889971,0.966900051,0.914219975,0.63499999,0.983070016
518.289978,0.943359971,0.985960007,0.96717,0.907779992,0.636150002,0.983669996
518.6500244,0.944089949,0.986179948,0.96754998,0.900969982,0.637730002,0.98457998
519.0100098,0.945039988,0.986179948,0.968069971,0.893620014,0.640029967,0.985609949
519.3699951,0.945800006,0.986470044,0.968760014,0.885999978,0.642769992,0.986419976
519.7299805,0.94641,0.986210048,0.969359994,0.878119946,0.645619988,0.98706001
520.0800171,0.946780026,0.985459983,0.969820023,0.870010018,0.648460031,0.987479985
520.4400024,0.947559953,0.984970033,0.970560014,0.861869991,0.651829958,0.988170028
520.7999878,0.947740018,0.98435998,0.971039951,0.853630006,0.655290008,0.988629997
521.1599731,0.947890043,0.983399987,0.971439958,0.845430017,0.658900023,0.988860011
521.5200195,0.948099971,0.982609987,0.971679986,0.837460041,0.662580013,0.989010036
521.8800049,0.948499978,0.981370032,0.97183001,0.829530001,0.666320026,0.989120007
522.2399902,0.948539972,0.980579972,0.972009957,0.822030008,0.670530021,0.988840044
522.5900269,0.948740005,0.97973001,0.972149968,0.815150023,0.674950004,0.988700032
522.9500122,0.948659956,0.97883004,0.971639991,0.808489978,0.679570019,0.988449991
523.3099976,0.948729992,0.978009999,0.970999956,0.802160025,0.684049964,0.987949967
523.6699829,0.94859004,0.977409959,0.970199943,0.796240032,0.688919961,0.98744005
524.0300293,0.948389947,0.976920009,0.969300032,0.790899992,0.693859994,0.986890018
524.3800049,0.947780013,0.976400018,0.967649996,0.786279976,0.699000001,0.986129999
524.7399902,0.947950006,0.976340055,0.966099977,0.782539964,0.704110026,0.98574996
525.0999756,0.947539985,0.976209998,0.963809967,0.778669953,0.708960056,0.984950006
525.460022,0.947119951,0.976300001,0.961360037,0.775729954,0.71382004,0.984250009
525.8200073,0.946610034,0.976239979,0.958469987,0.773140013,0.718659997,0.983509958
526.1699829,0.945959985,0.976579964,0.955049992,0.771200001,0.723360002,0.982689977
526.5300293,0.945529997,0.976989985,0.951330006,0.770110011,0.728179991,0.982259989
526.8900146,0.945070028,0.977580011,0.947350025,0.769129992,0.732800007,0.981519997
527.25,0.944100022,0.977909982,0.942549944,0.768410027,0.737100005,0.980770051
527.6099854,0.943809986,0.978730023,0.937889993,0.768790007,0.741819978,0.980430007
527.960022,0.943059981,0.979279995,0.93264997,0.769569993,0.745899975,0.979589999
528.3200073,0.942610025,0.98022002,0.92741996,0.770920038,0.75011003,0.979059994
528.6799927,0.942250013,0.980940044,0.922200024,0.772679985,0.753859997,0.978929996
529.039978,0.941969991,0.981750011,0.91711998,0.774599969,0.757380009,0.978760004
529.3900146,0.941900015,0.982450008,0.911819994,0.777220011,0.76075995,0.979069948
529.75,0.941969991,0.983200014,0.906800032,0.780139983,0.763890028,0.979499996
530.1099854,0.941699982,0.983639956,0.901560009,0.783160031,0.766269982,0.979820013
530.4699707,0.941969991,0.984179974,0.896690011,0.786360025,0.768620014,0.980660021
530.8200073,0.942219973,0.984149992,0.891869962,0.789820015,0.770500004,0.981409967
531.1799927,0.942580044,0.984110057,0.887289941,0.793460011,0.772289991,0.981970012
531.539978,0.942799985,0.983619988,0.882580042,0.797230005,0.773440003,0.982490003
531.9000244,0.94303,0.983060002,0.878519952,0.800960004,0.774280012,0.983349979
532.25,0.943189979,0.982249975,0.874729991,0.804670036,0.774980009,0.983830035
532.6099854,0.943710029,0.981230021,0.871460021,0.808719993,0.77572,0.984589994
532.9699707,0.944029987,0.980019987,0.868589997,0.8125,0.776190042,0.985140026
533.3200073,0.944680035,0.978509963,0.866179943,0.816429973,0.776630044,0.985800028
533.6799927,0.945050001,0.976709962,0.863900006,0.820010006,0.776780009,0.986179948
534.039978,0.945540011,0.974619985,0.862300038,0.823550045,0.777279973,0.986589968
534.4000244,0.945800006,0.972079992,0.860840023,0.826890051,0.777890027,0.986330032
534.75,0.946510017,0.969489992,0.860059977,0.830240011,0.778720021,0.986500025
535.1099854,0.946820021,0.966690004,0.859589994,0.833099961,0.780059993,0.986340046
535.4699707,0.947289944,0.963690042,0.859779954,0.835950017,0.782099962,0.986200035
535.8200073,0.947610021,0.960770011,0.860350013,0.838560045,0.784929991,0.985979974
536.1799927,0.947839975,0.957639992,0.861190021,0.841260016,0.788399935,0.985770047
536.539978,0.947829962,0.954390049,0.862549961,0.84352994,0.792860031,0.98537004
536.8900146,0.948029995,0.951390028,0.864380062,0.845700026,0.798319995,0.984879971
537.25,0.947740018,0.948130012,0.866429985,0.847440004,0.804670036,0.983929992
537.6099854,0.94758004,0.94501996,0.868710041,0.849110007,0.811839998,0.982649982
537.960022,0.946750045,0.941929996,0.870959997,0.850350022,0.819889963,0.980979979
538.3200073,0.945969999,0.938840032,0.873489976,0.851209998,0.828310013,0.979039967
538.6799927,0.945520043,0.936140001,0.87668997,0.852300048,0.83739996,0.976920009
539.0300293,0.944750011,0.933770001,0.87992996,0.853170037,0.845879972,0.974849999
539.3900146,0.94385004,0.93144995,0.88331002,0.853850007,0.852839947,0.972549975
539.75,0.942740023,0.929289997,0.886640012,0.854609966,0.857860029,0.970210016
540.0999756,0.941220045,0.92741996,0.889999986,0.855210066,0.860159993,0.967990041
540.460022,0.940259993,0.926060021,0.893739998,0.856159985,0.858669996,0.96588999
540.8099976,0.938719988,0.925029993,0.897090018,0.85702002,0.852860034,0.963739991
541.1699829,0.937129974,0.923799992,0.90042001,0.857529998,0.842139959,0.961709976
541.5300293,0.93542999,0.922850013,0.903410017,0.85819,0.826610029,0.959190011
541.8800049,0.933840036,0.922389984,0.906200051,0.858879983,0.806789994,0.957239985
542.2399902,0.932429969,0.922419965,0.909139991,0.859660029,0.783200026,0.955169976
542.5900269,0.931240022,0.922740042,0.91178,0.860660017,0.756280005,0.953299999
542.9500122,0.929680049,0.922829986,0.913919985,0.86127001,0.727050006,0.951429963
543.3099976,0.928179979,0.923370004,0.916200042,0.862240016,0.69690001,0.949850023
543.6599731,0.926670015,0.92474997,0.91813004,0.863240004,0.66663003,0.948239982
544.0200195,0.925719976,0.926270008,0.9199,0.864579976,0.63726002,0.94727999
544.3699951,0.924570024,0.927929997,0.921419978,0.865869999,0.609640002,0.946330011
544.7299805,0.923539937,0.929879963,0.922370017,0.867180049,0.583800018,0.945790052
545.0900269,0.922490001,0.931679964,0.923040032,0.868430018,0.560239971,0.945090055
545.4400024,0.921839952,0.934149981,0.923700035,0.870310009,0.539309978,0.944869995
545.7999878,0.921519995,0.936510026,0.924030006,0.872009993,0.52046001,0.944880009
546.1500244,0.921109974,0.938529968,0.92385,0.873589993,0.503780007,0.945080042
546.5100098,0.920709968,0.940810025,0.923529983,0.875149965,0.489000022,0.945450008
546.8599854,0.920609951,0.943059981,0.922990024,0.876829982,0.475810021,0.945820034
547.2199707,0.920719981,0.945450008,0.922539949,0.879120052,0.463989973,0.946650028
547.5800171,0.921149969,0.947939992,0.922149956,0.881340027,0.453499973,0.947899997
547.9299927,0.921630025,0.950139999,0.921409965,0.88349998,0.443699986,0.94907999
548.289978,0.922259986,0.95253998,0.92080003,0.886019945,0.434970021,0.950510025
548.6400146,0.923179984,0.95490998,0.920159996,0.888909996,0.42651999,0.952220023
549,0.924130023,0.957020044,0.919339955,0.891969979,0.418359995,0.953809977
549.3499756,0.925260007,0.959280014,0.918879986,0.895539999,0.410279989,0.955839992
549.710022,0.926400006,0.960990012,0.918079972,0.898929954,0.401990026,0.957669973
550.0599976,0.927619994,0.962890029,0.917440057,0.902809978,0.393700004,0.959639966
550.4199829,0.928849995,0.964479983,0.916779995,0.906949997,0.385010004,0.961549997
550.7700195,0.930370033,0.965729952,0.916090012,0.911419988,0.375640005,0.963349998
551.1300049,0.931610048,0.966760039,0.915560007,0.916019976,0.36560002,0.965160012
551.4799805,0.933160007,0.967750013,0.915640056,0.920899987,0.354889989,0.967200041
551.8400269,0.934580028,0.968249977,0.915579975,0.925719976,0.343160033,0.968909979
552.1900024,0.935739994,0.96852994,0.915709972,0.930000007,0.330379993,0.970640004
552.5499878,0.937030017,0.968410015,0.916050017,0.933779955,0.316419989,0.972090006
552.9000244,0.938489974,0.968439996,0.916839957,0.936740041,0.30162999,0.973710001
553.2600098,0.939689994,0.96833998,0.917850018,0.938340008,0.285750002,0.975419998
553.6099854,0.940940022,0.968079984,0.919039965,0.938239992,0.269250005,0.976930022
553.9699707,0.941859961,0.967630029,0.920029998,0.93554002,0.251949996,0.978049994
554.3200073,0.942559958,0.966849983,0.921279967,0.92978996,0.234249994,0.978879988
554.6799927,0.943610013,0.966069996,0.922829986,0.920640051,0.21649,0.979739964
555.0300293,0.944339991,0.965460002,0.924619973,0.907990038,0.19878,0.980449975
555.3900146,0.944759965,0.964380026,0.926429987,0.890859962,0.181319997,0.981050014
555.7399902,0.945159972,0.963339984,0.928369999,0.869680047,0.164400011,0.981079996
556.0999756,0.945739985,0.962450027,0.930689991,0.844749987,0.148320004,0.981289983
556.4500122,0.945969999,0.961129963,0.932910025,0.816340029,0.133100003,0.981190026
556.7999878,0.946709991,0.960260034,0.935169995,0.785350025,0.118830003,0.981299996
557.1599731,0.946959972,0.959429979,0.937590003,0.753020048,0.10571,0.98100996
557.5100098,0.947149992,0.958420038,0.939840019,0.719290018,0.093760006,0.980809987
557.8699951,0.94727999,0.957629979,0.941890001,0.686089993,0.082910001,0.980390012
558.2199707,0.947080016,0.956579983,0.943859994,0.653519988,0.073130004,0.979830027
558.5800171,0.946820021,0.955660045,0.945800006,0.622659981,0.064450003,0.979030013
558.9299927,0.946669996,0.955280006,0.947839975,0.59375,0.056789998,0.978309989
559.2800293,0.945910037,0.954550028,0.949720025,0.566920042,0.05012,0.977429986
559.6400146,0.945520043,0.954299986,0.951309979,0.542249978,0.044220001,0.976429999
559.9899902,0.944970012,0.953990042,0.952890038,0.519819975,0.039019998,0.975390017
560.3499756,0.944480002,0.954050004,0.954710007,0.499009997,0.034479998,0.974369943
560.7000122,0.94374001,0.954270005,0.956149995,0.479690015,0.030569999,0.973560035
561.0499878,0.943099976,0.954530001,0.957229972,0.461220026,0.027240001,0.97239995
561.4099731,0.942300022,0.954789937,0.958270013,0.443289995,0.024230001,0.971480012
561.7600098,0.941849947,0.955660045,0.959499955,0.42583999,0.02165,0.970790029
562.1199951,0.940859973,0.956360042,0.960409999,0.40820998,0.01942,0.969980001
562.4699707,0.940129995,0.957149982,0.960979998,0.38993001,0.01746,0.969190001
562.8200073,0.939349949,0.958010018,0.961260021,0.37105,0.015729999,0.968369961
563.1799927,0.938929975,0.959329963,0.961380005,0.351710021,0.01427,0.967829943
563.5300293,0.938420057,0.960680008,0.960990012,0.331479996,0.01296,0.967639983
563.8800049,0.937969983,0.962220013,0.959789991,0.310609996,0.0118,0.967390001
564.2399902,0.937619984,0.963769972,0.957480013,0.289169997,0.010779999,0.96706003
564.5900269,0.937429965,0.965299964,0.95419997,0.267269999,0.00993,0.967079997
564.9500122,0.937269986,0.967009962,0.949359953,0.245580003,0.009190001,0.967180014
565.2999878,0.937170029,0.968469977,0.942470014,0.224120006,0.00849,0.967419982
565.6500244,0.936999977,0.969749987,0.93324995,0.203120008,0.00786,0.967559993
566.0100098,0.936780035,0.971100032,0.920970023,0.183090001,0.00725,0.967839956
566.3599854,0.936969995,0.972249985,0.905809999,0.164050013,0.00672,0.968389988
566.710022,0.937119961,0.973249972,0.887320042,0.14621,0.00625,0.969069958
567.0700073,0.937450051,0.974130034,0.865260005,0.129899994,0.0058,0.969990015
567.4199829,0.937780023,0.974979997,0.839890003,0.114890002,0.00544,0.971050024
567.7700195,0.938249946,0.975600004,0.811259985,0.101330005,0.0051,0.972060025
568.1300049,0.939209998,0.976409972,0.78004998,0.089170001,0.00481,0.973339975
568.4799805,0.940010011,0.976719975,0.746959984,0.078369997,0.00454,0.97446996
568.8300171,0.940510035,0.976869941,0.711899996,0.06882,0.00432,0.975530028
569.1799927,0.941159964,0.976620018,0.676090002,0.06041,0.00411,0.976709962
569.539978,0.941969991,0.976500034,0.639949977,0.053010002,0.00393,0.977839947
569.8900146,0.94283998,0.976000011,0.603689969,0.046550002,0.00373,0.978900015
570.2399902,0.943599999,0.975400031,0.567680001,0.040970001,0.00357,0.979879975
570.5999756,0.944069982,0.974209964,0.53185004,0.03616,0.00339,0.980549991
570.9500122,0.944889963,0.973170042,0.496749997,0.03207,0.00327,0.981480002
571.2999878,0.945950031,0.972050011,0.462359995,0.02844,0.00314,0.982300043
571.6500244,0.946640015,0.970770061,0.428230017,0.025280001,0.003,0.982730031
572.0100098,0.947109997,0.96904999,0.394770026,0.02249,0.00286,0.982740045
572.3599854,0.947620034,0.96717,0.362019986,0.02015,0.00271,0.982809961
572.710022,0.948050022,0.965139985,0.330169976,0.01812,0.00259,0.982770026
573.0599976,0.948389947,0.962720037,0.299669981,0.016319999,0.00249,0.982600033
573.4199829,0.948280036,0.959469974,0.270429999,0.01477,0.00241,0.981959999
573.7700195,0.948080003,0.955500007,0.242630005,0.01343,0.00236,0.981109977
574.1199951,0.947890043,0.950569987,0.216700003,0.01224,0.00227,0.980279982
574.4699707,0.947480023,0.944180012,0.192479998,0.01123,0.00221,0.979120016
574.8300171,0.946869969,0.936320066,0.170279995,0.01028,0.00215,0.977819979
575.1799927,0.946129978,0.92622,0.150150001,0.00944,0.0021,0.976239979
575.5300293,0.945250034,0.913460016,0.131860003,0.00874,0.00205,0.974380016
575.8800049,0.944469988,0.897660017,0.115570001,0.00803,0.00195,0.972609997
576.2399902,0.943249941,0.878109992,0.101089999,0.00744,0.00192,0.970400035
576.5900269,0.941890001,0.854400039,0.088310003,0.00695,0.00189,0.967939973
576.9400024,0.940449953,0.826320052,0.077119999,0.00652,0.00184,0.965500057
577.289978,0.938989997,0.793760002,0.067440003,0.00616,0.00182,0.962570012
577.6400146,0.937350035,0.756780028,0.058920003,0.0058,0.00174,0.959110022
578,0.935400009,0.716099977,0.051589999,0.00539,0.00166,0.955029964
578.3499756,0.933310032,0.672119975,0.045289997,0.00511,0.00163,0.950010002
578.7000122,0.931019962,0.625519991,0.039820001,0.00483,0.00156,0.943989992
579.0499878,0.928249955,0.577369988,0.03506,0.00457,0.00151,0.936230004
579.4000244,0.924830019,0.528609991,0.03097,0.0043,0.00146,0.92633003
579.7600098,0.920370042,0.480019987,0.027460001,0.00408,0.00139,0.913649976
580.1099854,0.914919972,0.432630002,0.024419999,0.00387,0.00135,0.897799969
580.460022,0.908239961,0.386910021,0.021810001,0.00375,0.00136,0.878229976
580.8099976,0.899720013,0.34412998,0.01953,0.00362,0.00132,0.854449987
581.1599731,0.88872999,0.304109991,0.01757,0.00348,0.00132,0.825879991
581.5100098,0.875100017,0.267350018,0.01581,0.00335,0.0013,0.792509973
581.8699951,0.858089983,0.234220013,0.01429,0.00322,0.00127,0.754240036
582.2199707,0.837350011,0.204430014,0.012940001,0.00303,0.00127,0.711809993
582.5700073,0.811930001,0.178010002,0.01181,0.00296,0.00128,0.66565001
582.9199829,0.781930029,0.154829994,0.01081,0.00284,0.00125,0.616549969
583.2700195,0.747040033,0.134289995,0.00994,0.00274,0.00121,0.565649986
583.6199951,0.708329976,0.116530001,0.00913,0.00262,0.00114,0.514339983
583.9699707,0.665380001,0.101120003,0.00846,0.00254,0.00114,0.46340999
584.3300171,0.619410038,0.087799996,0.007879999,0.00248,0.00115,0.414280027
584.6799927,0.571240008,0.076269999,0.00737,0.00246,0.00114,0.367389977
585.0300293,0.522300005,0.066409998,0.00687,0.0024,0.0011,0.323909998
585.3800049,0.473340005,0.057870001,0.00641,0.00234,0.00106,0.284139991
585.7299805,0.425740004,0.050669998,0.00603,0.00226,0.00108,0.24812001
586.0800171,0.379790008,0.044499997,0.00568,0.00224,0.00111,0.215949997
586.4299927,0.336800009,0.039170001,0.00535,0.00221,0.00107,0.187520012
586.7800293,0.297069997,0.034590002,0.00505,0.00216,0.00104,0.162549987
587.1300049,0.260699987,0.030620001,0.00474,0.0021,0.00102,0.140829995
587.4799805,0.228080004,0.027209999,0.00453,0.00201,0.00102,0.121990003
587.8400269,0.198960006,0.024289999,0.00428,0.00197,0.00102,0.105649993
588.1900024,0.173150003,0.02173,0.00404,0.00195,0.00101,0.091590002
588.539978,0.150659993,0.019509999,0.00384,0.00188,0.00099,0.079539999
588.8900146,0.130970001,0.017589999,0.00365,0.00179,0.001,0.069219999
589.2399902,0.113859996,0.01588,0.00348,0.00173,0.00101,0.060419999
589.5900269,0.099160001,0.01441,0.00336,0.00168,0.00102,0.052859999
589.9400024,0.086450003,0.01313,0.00323,0.00167,0.00105,0.046399999
590.289978,0.07559,0.01204,0.00312,0.00162,0.00104,0.040860001
590.6400146,0.06611,0.01102,0.00299,0.00153,0.00103,0.036029998
590.9899902,0.057979997,0.01017,0.00287,0.00152,0.00103,0.0319
591.3400269,0.051059999,0.00942,0.00277,0.00151,0.00103,0.028410001
591.6900024,0.04501,0.00874,0.00268,0.00148,0.00105,0.025339998
592.039978,0.039820001,0.008169999,0.00262,0.00147,0.00103,0.022780001
592.3900146,0.035399999,0.00765,0.00254,0.00145,0.00101,0.020510001
592.7399902,0.031570002,0.00716,0.00246,0.00144,0.00104,0.01856
593.0900269,0.028269999,0.00672,0.0024,0.00138,0.00103,0.016790001
593.4400024,0.025390001,0.00629,0.00235,0.00129,0.00103,0.01521
593.789978,0.02283,0.0059,0.0023,0.00127,0.00103,0.01386
594.1400146,0.020710001,0.00561,0.00225,0.0013,0.00101,0.01269
594.4899902,0.01873,0.00528,0.00214,0.00127,0.00101,0.011569999
594.8400269,0.01701,0.00501,0.00205,0.00126,0.00102,0.0106
595.1900024,0.01544,0.00474,0.00197,0.0012,0.00099,0.00973
595.539978,0.01419,0.00452,0.00193,0.00122,0.00098,0.00903
595.8900146,0.013049999,0.00433,0.00183,0.00125,0.00098,0.00843
596.2399902,0.01212,0.00415,0.00182,0.0013,0.00103,0.007900001
596.5900269,0.01116,0.00393,0.00174,0.00122,0.00109,0.00736
596.9400024,0.01044,0.00381,0.00172,0.00124,0.00115,0.00695
597.289978,0.00975,0.00364,0.00171,0.00123,0.00118,0.00655
597.6400146,0.00912,0.0035,0.0017,0.00126,0.00122,0.00618
597.9899902,0.00854,0.00343,0.0017,0.00129,0.00134,0.00588
598.3400269,0.00799,0.0033,0.00164,0.00125,0.00135,0.00556
598.6900024,0.00744,0.00318,0.00153,0.0012,0.00137,0.00523
599.039978,0.00703,0.00309,0.0015,0.00124,0.00139,0.00498
599.3900146,0.00657,0.00294,0.00139,0.0012,0.0014,0.00471
599.7399902,0.00618,0.00286,0.00132,0.00115,0.00142,0.00448
600.0900269,0.00587,0.00275,0.00128,0.00112,0.00152,0.00432
600.4400024,0.00555,0.00257,0.0012,0.00107,0.00152,0.00411
600.789978,0.00528,0.00247,0.00119,0.00107,0.00161,0.00393
601.1400146,0.00505,0.00235,0.00118,0.00104,0.00165,0.00377
601.4899902,0.00482,0.00227,0.00117,0.00101,0.00174,0.00363
601.8300171,0.00466,0.00223,0.00123,0.00104,0.00184,0.00354
602.1799927,0.00444,0.00213,0.00118,0.00101,0.00196,0.00339
602.5300293,0.00425,0.00206,0.00113,0.00099,0.00205,0.00321
602.8800049,0.00409,0.00203,0.00113,0.001,0.00221,0.00309
603.2299805,0.00396,0.002,0.00113,0.00102,0.00239,0.00302
603.5800171,0.00376,0.00195,0.00109,0.001,0.00258,0.00287
603.9299927,0.00361,0.00186,0.00106,0.00096,0.00281,0.00276
604.2800293,0.00346,0.00179,0.00099,0.00092,0.00308,0.00266
604.6300049,0.00339,0.00174,0.00098,0.00096,0.00337,0.00258
604.9699707,0.00327,0.00168,0.00095,0.00095,0.00371,0.0025
605.3200073,0.00316,0.00164,0.00092,0.00095,0.00405,0.00239
605.6699829,0.00307,0.00159,0.00091,0.00094,0.00442,0.00231
606.0200195,0.00304,0.00154,0.00092,0.00094,0.00481,0.00227
606.3699951,0.00299,0.00152,0.00091,0.001,0.00521,0.00222
606.7199707,0.00291,0.00152,0.00097,0.00102,0.00563,0.00215
607.0700073,0.00285,0.00149,0.00097,0.00101,0.00605,0.00212
607.4199829,0.00277,0.00144,0.00096,0.00102,0.00644,0.00207
607.7600098,0.00269,0.00139,0.00093,0.00101,0.00678,0.00202
608.1099854,0.0026,0.00134,0.00092,0.00102,0.00707,0.00198
608.460022,0.00251,0.00131,0.00088,0.00103,0.00731,0.00192
608.8099976,0.00242,0.00129,0.00086,0.00103,0.00745,0.00184
609.1599731,0.00233,0.00122,0.00079,0.00103,0.00749,0.00178
609.5100098,0.00227,0.00122,0.00081,0.00108,0.00749,0.00172
609.8499756,0.00226,0.00124,0.00081,0.00112,0.00736,0.00169
610.2000122,0.00226,0.00128,0.00083,0.00118,0.00719,0.00168
610.5499878,0.0022,0.00127,0.0008,0.0012,0.00693,0.00162
610.9000244,0.00214,0.00126,0.00081,0.0012,0.00664,0.0016
611.25,0.00207,0.0012,0.00078,0.00117,0.00626,0.00154
611.5900269,0.00203,0.00116,0.00078,0.00116,0.00589,0.00148
611.9400024,0.00193,0.00112,0.00076,0.00112,0.00548,0.00145
612.289978,0.00188,0.00108,0.00077,0.00115,0.00514,0.00144
612.6400146,0.00182,0.00103,0.00075,0.00114,0.00477,0.00139
612.9899902,0.00182,0.00101,0.00076,0.00115,0.00447,0.00134
613.3300171,0.00178,0.001,0.00075,0.0012,0.00416,0.00129
613.6799927,0.00178,0.00104,0.00081,0.00128,0.00394,0.00129
614.0300293,0.00177,0.00103,0.0008,0.00133,0.0037,0.00126
614.3800049,0.00179,0.00101,0.00075,0.00138,0.00353,0.00123
614.7199707,0.00174,0.00101,0.00076,0.00143,0.00336,0.00116
615.0700073,0.00168,0.00097,0.00078,0.00147,0.0032,0.00112
615.4199829,0.00164,0.00093,0.00076,0.00152,0.00304,0.00112
615.7700195,0.00164,0.00091,0.0008,0.00157,0.00292,0.0011
616.1099854,0.00162,0.00091,0.00078,0.00163,0.00282,0.00111
616.460022,0.00161,0.0009,0.00079,0.00173,0.00271,0.00113
616.8099976,0.00156,0.00089,0.00083,0.00184,0.00259,0.00111
617.1599731,0.00156,0.00087,0.00081,0.00194,0.00247,0.00112
617.5,0.00156,0.00089,0.00081,0.00208,0.0024,0.00113
617.8499756,0.00155,0.00091,0.00084,0.00222,0.00237,0.0011
618.2000122,0.00151,0.0009,0.00082,0.00239,0.00231,0.0011
618.539978,0.00144,0.00084,0.00079,0.00256,0.00223,0.001
618.8900146,0.00142,0.00084,0.0008,0.00275,0.00222,0.00094
619.2399902,0.0014,0.0008,0.00078,0.00294,0.00218,0.00092
619.5900269,0.00138,0.00077,0.00079,0.00321,0.00213,0.00092
619.9299927,0.00132,0.00074,0.0008,0.00353,0.00214,0.00089
620.2800293,0.0013,0.00073,0.00079,0.00387,0.00208,0.00087
620.6300049,0.00127,0.00069,0.00079,0.00424,0.00209,0.00086
620.9699707,0.00129,0.00071,0.00079,0.00457,0.00206,0.0009
621.3200073,0.00126,0.00073,0.00081,0.00495,0.00203,0.00089
621.6699829,0.00123,0.00076,0.0008,0.00527,0.00201,0.00088
622.0100098,0.00121,0.00076,0.00077,0.00555,0.00203,0.00084
622.3599854,0.0012,0.00077,0.00076,0.00575,0.00199,0.00079
622.710022,0.00119,0.00074,0.00075,0.00586,0.00193,0.00075
623.0499878,0.00118,0.00076,0.00074,0.00592,0.00193,0.00073
623.4000244,0.00117,0.00075,0.00076,0.00595,0.00194,0.00073
623.75,0.00118,0.00073,0.0008,0.00587,0.00198,0.00075
624.0900269,0.00119,0.00071,0.00084,0.00577,0.002,0.00077
624.4400024,0.00118,0.0007,0.00088,0.00555,0.00198,0.00077
624.789978,0.00124,0.0007,0.00095,0.00533,0.002,0.00082
625.1300049,0.00125,0.00074,0.001,0.00511,0.00206,0.00085
625.4799805,0.00123,0.00072,0.00104,0.00481,0.00202,0.00085
625.8200073,0.00124,0.00071,0.00109,0.00449,0.00202,0.00084
626.1699829,0.00122,0.0007,0.0011,0.00417,0.002,0.0008
626.5200195,0.0012,0.00073,0.00117,0.00386,0.00202,0.00078
626.8599854,0.00117,0.00071,0.00121,0.00358,0.00203,0.00074
627.210022,0.00112,0.00069,0.00124,0.00331,0.00206,0.00071
627.5499878,0.00115,0.00072,0.0013,0.00308,0.00213,0.00071
627.9000244,0.00116,0.00076,0.00139,0.00288,0.00218,0.00071
628.25,0.00112,0.00079,0.00147,0.00271,0.00223,0.00071
628.5900269,0.00112,0.00078,0.00157,0.00254,0.00228,0.00074
628.9400024,0.00112,0.00077,0.0017,0.00242,0.00233,0.00078
629.2800293,0.00114,0.00081,0.00183,0.00231,0.00239,0.0008
629.6300049,0.00113,0.00083,0.002,0.0022,0.00241,0.0008
629.9799805,0.00108,0.00081,0.00218,0.00211,0.00241,0.00082
630.3200073,0.00108,0.00078,0.00235,0.00202,0.00244,0.00081
630.6699829,0.0011,0.00074,0.00257,0.00193,0.00248,0.00081
631.0100098,0.00111,0.00077,0.00283,0.0019,0.00255,0.00079
631.3599854,0.00111,0.00078,0.00309,0.00181,0.00259,0.00076
631.7000122,0.00112,0.0008,0.00341,0.00177,0.00267,0.00077
632.0499878,0.00116,0.00081,0.00372,0.00176,0.0028,0.0008
632.3900146,0.00115,0.00085,0.00407,0.00171,0.00291,0.0008
632.7399902,0.00114,0.00085,0.00438,0.00167,0.00296,0.00078
633.0900269,0.00115,0.00088,0.00467,0.00166,0.00306,0.00077
633.4299927,0.00114,0.00089,0.00493,0.00163,0.00315,0.00078
633.7800293,0.00113,0.0009,0.00508,0.00161,0.00323,0.00078
634.1199951,0.00114,0.00087,0.00516,0.00158,0.00332,0.00079
634.4699707,0.00111,0.0009,0.00517,0.00155,0.0034,0.00077
634.8099976,0.00114,0.0009,0.0051,0.00155,0.00354,0.00077
635.1599731,0.00115,0.00096,0.00498,0.00151,0.00366,0.00078
635.5,0.00115,0.001,0.00482,0.00151,0.00379,0.0008
635.8499756,0.00116,0.00107,0.00462,0.00151,0.00388,0.00082
636.1900024,0.00121,0.00114,0.0044,0.00153,0.00401,0.00081
636.539978,0.00124,0.00125,0.00419,0.00157,0.00417,0.00084
636.8800049,0.00124,0.00126,0.00392,0.00155,0.00424,0.00087
637.2299805,0.00123,0.00132,0.00365,0.00151,0.00429,0.00084
637.5700073,0.0013,0.00141,0.00345,0.00156,0.00446,0.00089
637.9199829,0.00129,0.00149,0.00315,0.0015,0.00452,0.00088
638.2600098,0.00133,0.00158,0.00289,0.00149,0.00471,0.00093
638.5999756,0.00131,0.00166,0.00265,0.0015,0.00482,0.00097
638.9500122,0.00131,0.00179,0.00244,0.00148,0.0049,0.00099
639.289978,0.00136,0.00196,0.00228,0.0015,0.00504,0.001
639.6400146,0.00139,0.00213,0.00212,0.0015,0.00512,0.00107
639.9799805,0.00141,0.00231,0.00194,0.00149,0.00518,0.00107
640.3300171,0.00147,0.00253,0.00189,0.00155,0.00528,0.00115
640.6699829,0.00147,0.00271,0.00176,0.00155,0.00526,0.00112
641.0200195,0.0015,0.00299,0.00172,0.00154,0.00534,0.00117
641.3599854,0.00154,0.00328,0.00165,0.00157,0.00538,0.00122
641.7000122,0.00154,0.00358,0.00155,0.00157,0.00538,0.00127
642.0499878,0.00162,0.00391,0.00151,0.00162,0.00539,0.00131
642.3900146,0.00163,0.00424,0.00149,0.00165,0.0054,0.00141
642.7399902,0.0017,0.00448,0.00142,0.00169,0.00539,0.00146
643.0800171,0.00177,0.00473,0.00139,0.00171,0.00534,0.00156
643.4299927,0.00186,0.0049,0.00129,0.00171,0.00526,0.00165
643.7700195,0.00195,0.00498,0.00123,0.00172,0.00516,0.00175
644.1099854,0.00212,0.00503,0.00126,0.00178,0.00509,0.00194
644.460022,0.00224,0.00501,0.00125,0.00182,0.00505,0.00217
644.7999878,0.00238,0.00488,0.00121,0.00183,0.00492,0.00238
645.1400146,0.0026,0.00474,0.00123,0.00189,0.00484,0.00268
645.4899902,0.00282,0.00454,0.00122,0.00197,0.00478,0.003
645.8300171,0.00304,0.00431,0.00124,0.00207,0.0047,0.00333
646.1799927,0.0033,0.00409,0.00125,0.00213,0.00465,0.00369
646.5200195,0.00358,0.00382,0.00119,0.00216,0.00455,0.004
646.8599854,0.00392,0.00355,0.00114,0.00218,0.00448,0.00429
647.210022,0.00433,0.00329,0.0011,0.00227,0.00442,0.00458
647.5499878,0.00468,0.00305,0.00107,0.00231,0.00434,0.00481
647.8900146,0.00506,0.00289,0.00107,0.0024,0.00429,0.005
648.2399902,0.00542,0.00265,0.00104,0.00243,0.0042,0.00511
648.5800171,0.00577,0.00245,0.00101,0.00247,0.00411,0.00514
648.9199829,0.00609,0.00228,0.00103,0.00256,0.00405,0.00513
649.2700195,0.00633,0.00213,0.00106,0.0027,0.00396,0.00507
649.6099854,0.00644,0.00204,0.00107,0.00282,0.00391,0.00494
649.9500122,0.00647,0.0019,0.00103,0.00289,0.00382,0.00467
650.2999878,0.00646,0.00176,0.00104,0.00296,0.00374,0.00444
650.6400146,0.00634,0.00167,0.00105,0.00305,0.0037,0.00417
650.9799805,0.00616,0.0016,0.00108,0.00319,0.00366,0.00391
651.3300171,0.00591,0.00153,0.00107,0.00328,0.00363,0.00359
651.6699829,0.00552,0.00142,0.00105,0.00332,0.00361,0.00329
652.0100098,0.00518,0.00133,0.00109,0.00337,0.00358,0.00303
652.3599854,0.00489,0.00131,0.00114,0.00349,0.00357,0.00285
652.7000122,0.0045,0.0012,0.00111,0.00353,0.00354,0.00261
653.039978,0.0042,0.0012,0.00111,0.00365,0.00354,0.00243
653.3800049,0.0039,0.00116,0.00114,0.00369,0.00354,0.00225
653.7299805,0.00359,0.00115,0.00117,0.00379,0.00354,0.00215
654.0700073,0.00342,0.00116,0.00124,0.00391,0.00358,0.00205
654.4099731,0.00323,0.00115,0.00123,0.004,0.00361,0.00194
654.75,0.00301,0.00114,0.00126,0.00406,0.00367,0.00183
655.0999756,0.00289,0.0012,0.0013,0.00416,0.00375,0.00175
655.4400024,0.00273,0.00116,0.00134,0.00422,0.00382,0.00169
655.7800293,0.00264,0.0012,0.00136,0.00429,0.00388,0.00164
656.1199951,0.00256,0.00121,0.00142,0.00435,0.00398,0.0016
656.4699707,0.00243,0.00118,0.0014,0.00434,0.00401,0.00152
656.8099976,0.00238,0.00121,0.00147,0.00433,0.0041,0.00148
657.1500244,0.00229,0.00119,0.00152,0.00429,0.00416,0.00144
657.4899902,0.00223,0.00117,0.00159,0.00431,0.00424,0.00141
657.8400269,0.00215,0.00113,0.00161,0.00419,0.00425,0.00133
658.1799927,0.00205,0.00106,0.00164,0.00412,0.00433,0.00126
658.5200195,0.00197,0.00103,0.00165,0.00401,0.00436,0.00121
658.8599854,0.00194,0.00105,0.00173,0.00397,0.00448,0.0012
659.2000122,0.00188,0.00101,0.00176,0.00389,0.00453,0.00115
659.5499878,0.00186,0.00105,0.00182,0.00385,0.00462,0.00112
659.8900146,0.0018,0.00102,0.00187,0.00373,0.00469,0.00112
660.2299805,0.00185,0.00112,0.00199,0.00378,0.00488,0.00118
660.5700073,0.00182,0.00113,0.00204,0.0037,0.00496,0.00121
660.9099731,0.00177,0.00112,0.00207,0.00366,0.00506,0.00117
661.2600098,0.00175,0.00108,0.00215,0.0036,0.0051,0.00116
661.5999756,0.00173,0.00108,0.00224,0.00357,0.00522,0.00118
661.9400024,0.00169,0.00107,0.00232,0.00353,0.00529,0.00117
662.2800293,0.00168,0.00108,0.00242,0.0035,0.00536,0.00118
662.6199951,0.00161,0.00102,0.00244,0.00338,0.00536,0.00114
662.960022,0.00158,0.00105,0.00258,0.00336,0.00546,0.00113
663.3099976,0.00157,0.00105,0.00271,0.00332,0.00554,0.00114
663.6500244,0.00157,0.00108,0.00277,0.00327,0.00558,0.00113
663.9899902,0.00155,0.00115,0.00288,0.00327,0.00564,0.00115
664.3300171,0.00153,0.00117,0.00297,0.00322,0.00566,0.00116
664.6699829,0.00153,0.00121,0.00306,0.00317,0.00572,0.00111
665.0100098,0.00154,0.00126,0.00315,0.00318,0.00576,0.00111
665.3499756,0.00155,0.00126,0.00317,0.00312,0.00575,0.00111
665.6900024,0.00157,0.00137,0.00325,0.00313,0.00574,0.00116
666.039978,0.00159,0.00143,0.00334,0.00314,0.00576,0.00119
666.3800049,0.00163,0.00142,0.00337,0.00312,0.00572,0.00119
666.7199707,0.00167,0.00146,0.00344,0.00313,0.00571,0.0012
667.0599976,0.00168,0.00151,0.00347,0.00313,0.0057,0.00125
667.4000244,0.00165,0.00155,0.00348,0.00314,0.00563,0.00126
667.7399902,0.00168,0.00158,0.00354,0.00321,0.00558,0.00125
668.0800171,0.00166,0.00159,0.00356,0.00321,0.00553,0.00125
668.4199829,0.00165,0.00162,0.00355,0.0032,0.00549,0.00122
668.7600098,0.00164,0.00167,0.00352,0.00322,0.00544,0.00122
669.0999756,0.00162,0.00168,0.00342,0.0032,0.00537,0.00122
669.4400024,0.00162,0.0017,0.00341,0.00325,0.00525,0.00121
669.789978,0.00168,0.00177,0.0034,0.00329,0.00522,0.00122
670.1300049,0.00172,0.00185,0.00337,0.00332,0.00518,0.00127
670.4699707,0.00176,0.00192,0.00333,0.00335,0.00519,0.0013
670.8099976,0.00181,0.00198,0.00327,0.00342,0.00512,0.00135
671.1500244,0.00183,0.00205,0.00325,0.00345,0.00507,0.00138
671.4899902,0.00194,0.00217,0.00326,0.00353,0.00508,0.00147
671.8300171,0.00197,0.00228,0.00317,0.0036,0.00508,0.00153
672.1699829,0.00196,0.00233,0.00311,0.00363,0.00503,0.00156
672.5100098,0.002,0.00245,0.00306,0.00368,0.00498,0.00158
672.8499756,0.00205,0.00256,0.00299,0.00375,0.00487,0.00159
673.1900024,0.00209,0.00271,0.00299,0.00384,0.00488,0.00165
673.5300293,0.00214,0.0028,0.00297,0.00392,0.00487,0.00171
673.8699951,0.00214,0.00289,0.00291,0.00399,0.00479,0.00174
674.210022,0.0022,0.00298,0.00292,0.00407,0.00477,0.00178
674.5499878,0.00231,0.00308,0.00288,0.00417,0.00475,0.00187
674.8900146,0.00235,0.00313,0.00285,0.00427,0.00477,0.00195
675.2299805,0.00242,0.00323,0.00287,0.00437,0.00482,0.00205
675.5700073,0.00251,0.00327,0.00284,0.00447,0.00487,0.00214
675.9099731,0.00259,0.00331,0.0028,0.00457,0.00484,0.00218
676.25,0.0027,0.00338,0.00278,0.00467,0.00489,0.0023
676.5900269,0.0028,0.00348,0.00278,0.00477,0.00491,0.00237
676.9299927,0.00286,0.00351,0.00278,0.00483,0.00492,0.00245
677.2700195,0.003,0.00355,0.00279,0.00491,0.00494,0.00259
677.6099854,0.0031,0.00353,0.00273,0.00496,0.00494,0.00267
677.9500122,0.00314,0.0035,0.00268,0.00494,0.0049,0.00269
678.289978,0.00326,0.00352,0.0027,0.00495,0.00492,0.00281
678.6300049,0.0033,0.00346,0.00269,0.00497,0.00492,0.00286
678.9699707,0.00339,0.0034,0.00267,0.00495,0.0049,0.00297
679.3099976,0.0035,0.00336,0.00266,0.00495,0.00491,0.00304
679.6500244,0.00364,0.00332,0.00267,0.00499,0.0049,0.0031
679.9799805,0.00375,0.00331,0.00268,0.005,0.00495,0.00319
680.3200073,0.00393,0.00331,0.00275,0.00505,0.005,0.00331
680.6599731,0.00403,0.00322,0.00276,0.00502,0.00503,0.00337
681,0.0042,0.00319,0.00283,0.00497,0.00506,0.00343
681.3400269,0.00427,0.00309,0.00281,0.00494,0.00507,0.00348
681.6799927,0.00438,0.00308,0.00289,0.00494,0.00513,0.00354
682.0200195,0.00444,0.00306,0.00293,0.00487,0.00514,0.0036
682.3599854,0.00447,0.00298,0.00297,0.00478,0.00511,0.00356
682.7000122,0.0045,0.0029,0.00297,0.00467,0.00507,0.00355
683.039978,0.00459,0.00289,0.00305,0.00464,0.00513,0.00361
683.3800049,0.00457,0.00282,0.00306,0.00458,0.00513,0.00357
683.710022,0.00464,0.00284,0.00317,0.00453,0.0052,0.00354
684.0499878,0.00467,0.00275,0.00322,0.00446,0.00522,0.00351
684.3900146,0.00466,0.00271,0.00331,0.0044,0.00531,0.00348
684.7299805,0.00468,0.00265,0.00341,0.00435,0.00535,0.00346
685.0700073,0.00464,0.00263,0.00345,0.00429,0.0054,0.00339
685.4099731,0.00458,0.00262,0.00351,0.0042,0.00541,0.0033
685.75,0.00452,0.00261,0.00358,0.00417,0.00544,0.00327
686.0900269,0.00446,0.00258,0.00369,0.00411,0.00543,0.00325
686.4199829,0.0044,0.00261,0.00372,0.00407,0.00542,0.00317
686.7600098,0.00429,0.00257,0.00374,0.00398,0.00538,0.00307
687.0999756,0.00421,0.00257,0.0038,0.00394,0.00543,0.00304
687.4400024,0.00416,0.0026,0.00394,0.00395,0.0055,0.00303
687.7800293,0.00409,0.00259,0.00402,0.00392,0.0055,0.00301
688.1199951,0.00406,0.0026,0.0041,0.00392,0.00557,0.00298
688.4500122,0.00398,0.0026,0.00413,0.00393,0.00565,0.00292
688.789978,0.00392,0.0026,0.0042,0.00387,0.00569,0.00288
689.1300049,0.00391,0.00262,0.00429,0.00387,0.00577,0.00292
689.4699707,0.00385,0.00264,0.00431,0.00388,0.00582,0.00286
689.8099976,0.00379,0.00263,0.00431,0.00385,0.00583,0.00279
690.1400146,0.00374,0.00265,0.00436,0.00391,0.00593,0.00275
690.4799805,0.0037,0.00267,0.00441,0.00395,0.00603,0.00277
690.8200073,0.00369,0.00265,0.00445,0.00391,0.00606,0.00275
691.1599731,0.00362,0.00269,0.00445,0.00393,0.00617,0.00271
691.5,0.00355,0.0027,0.00446,0.00397,0.00625,0.00266
691.8300171,0.00349,0.00273,0.00443,0.00392,0.00629,0.00264
692.1699829,0.00347,0.00274,0.00441,0.00392,0.00639,0.00265
692.5100098,0.00348,0.0028,0.00439,0.00396,0.00651,0.00263
692.8499756,0.00346,0.00285,0.00429,0.00393,0.00659,0.0026
693.1799927,0.00343,0.00291,0.00422,0.00397,0.00671,0.00262
693.5200195,0.00347,0.00292,0.00419,0.004,0.00682,0.00269
693.8599854,0.00346,0.00298,0.0041,0.00401,0.00691,0.00269
694.2000122,0.00353,0.003,0.00407,0.00407,0.00702,0.00272
694.5300293,0.00349,0.00302,0.00396,0.00409,0.00709,0.00271
694.8699951,0.00345,0.00308,0.00389,0.00405,0.00717,0.00269
695.210022,0.0035,0.00323,0.00394,0.00413,0.00729,0.00271
695.5499878,0.00354,0.00333,0.00391,0.00417,0.00741,0.00275
695.8800049,0.00354,0.00345,0.00388,0.00423,0.00755,0.0028
696.2199707,0.00356,0.0035,0.00381,0.00422,0.00765,0.00282
696.5599976,0.00353,0.00357,0.00371,0.00423,0.00779,0.00281
696.9000244,0.00358,0.0037,0.00368,0.00429,0.00798,0.0029
697.2299805,0.0036,0.00374,0.00355,0.00429,0.0081,0.00292
697.5700073,0.00356,0.00367,0.00339,0.00423,0.00821,0.00293
697.9099731,0.00353,0.00371,0.00328,0.00421,0.008309999,0.00295
698.2399902,0.00353,0.00376,0.00316,0.00423,0.00839,0.00299
698.5800171,0.00358,0.00386,0.0031,0.00431,0.00851,0.00303
698.9199829,0.00364,0.00391,0.00308,0.00438,0.0086,0.00313
699.25,0.00371,0.00397,0.00302,0.00443,0.00868,0.00318
699.5900269,0.0038,0.00405,0.00304,0.00448,0.00875,0.0033
699.9299927,0.00389,0.00409,0.003,0.00453,0.00875,0.00333
700.2600098,0.00401,0.00415,0.00299,0.00461,0.0088,0.0034
700.5999756,0.00413,0.00412,0.00295,0.00462,0.00878,0.00339
700.9400024,0.00421,0.00413,0.00294,0.00463,0.00874,0.00346
701.2700195,0.00424,0.00412,0.00284,0.0046,0.00868,0.00347
701.6099854,0.00433,0.00408,0.00285,0.00465,0.00862,0.00353
701.9500122,0.00442,0.00408,0.00281,0.00476,0.008590001,0.00357
702.2800293,0.00453,0.00411,0.0028,0.00486,0.00855,0.00369
702.6199951,0.00454,0.00404,0.00274,0.00493,0.00846,0.00376
702.960022,0.0046,0.00402,0.00274,0.005,0.00835,0.00386
703.289978,0.00466,0.00394,0.00273,0.00511,0.00828,0.00394
703.6300049,0.00478,0.00396,0.00279,0.00523,0.00822,0.00405
703.960022,0.00486,0.00394,0.00272,0.00526,0.00804,0.00408
704.2999878,0.00487,0.00385,0.00271,0.00527,0.00782,0.00413
704.6400146,0.0049,0.00372,0.00266,0.00529,0.0076,0.00414
704.9699707,0.00503,0.00365,0.00266,0.00536,0.00747,0.00414
705.3099976,0.00507,0.00355,0.00265,0.00539,0.00736,0.00412
705.6400146,0.00511,0.00344,0.00263,0.00543,0.0072,0.00413
705.9799805,0.00519,0.00333,0.0026,0.00556,0.00703,0.00416
706.3200073,0.00524,0.00322,0.00266,0.00571,0.00693,0.00421
706.6500244,0.00535,0.00316,0.00274,0.00591,0.00686,0.00424
706.9899902,0.00534,0.00311,0.00278,0.00603,0.00674,0.00423
707.3200073,0.00532,0.00298,0.00279,0.0061,0.00658,0.00424
707.6599731,0.00531,0.00291,0.0028,0.00624,0.00639,0.00421
707.9899902,0.00531,0.00292,0.00285,0.00638,0.00625,0.00417
708.3300171,0.00524,0.00281,0.00284,0.00643,0.00613,0.0041
708.6699829,0.00515,0.00272,0.00284,0.00644,0.00601,0.004
709,0.00505,0.00259,0.00278,0.00644,0.00583,0.00389
709.3400269,0.00494,0.00245,0.00273,0.00649,0.00571,0.00376
709.6699829,0.00491,0.00242,0.00276,0.00664,0.0056,0.00366
710.0100098,0.00484,0.00242,0.0028,0.00672,0.00559,0.00362
710.3400269,0.00471,0.0023,0.00277,0.00679,0.00546,0.00349
710.6799927,0.00466,0.00227,0.00286,0.00693,0.00543,0.00344
711.0100098,0.0046,0.00225,0.00284,0.00711,0.00532,0.00332
711.3499756,0.00444,0.00218,0.00283,0.00721,0.00523,0.0032
711.6799927,0.0044,0.0022,0.00291,0.00737,0.00521,0.00314
712.0200195,0.00429,0.00221,0.00297,0.00748,0.00522,0.00311
712.3499756,0.00422,0.00216,0.00299,0.00762,0.00513,0.00299
712.6900024,0.00408,0.00212,0.00303,0.00769,0.00514,0.00288
713.0200195,0.00398,0.00211,0.0031,0.00787,0.00513,0.00286
713.3599854,0.00385,0.00208,0.0032,0.00796,0.00511,0.00281
713.6900024,0.00378,0.00211,0.00328,0.00813,0.00517,0.00276
714.0300293,0.00372,0.00206,0.00333,0.00821,0.00514,0.00272
714.3599854,0.00362,0.00203,0.00335,0.008309999,0.00512,0.00264
714.7000122,0.00357,0.00202,0.00344,0.008450001,0.00514,0.00264
715.0300293,0.00356,0.00202,0.00352,0.0085,0.00512,0.00264
715.3699951,0.00349,0.00204,0.00349,0.00848,0.00506,0.00255
715.7000122,0.00341,0.00199,0.00348,0.00848,0.00504,0.0025
716.039978,0.00333,0.00192,0.00345,0.00841,0.00499,0.00243
716.3699951,0.00321,0.00192,0.00346,0.00844,0.00498,0.00237
716.7000122,0.00312,0.00187,0.00348,0.00836,0.00488,0.00226
717.039978,0.00301,0.00191,0.00354,0.00833,0.0049,0.00224
717.3699951,0.00302,0.00194,0.00365,0.0084,0.00498,0.00225
717.710022,0.00293,0.00188,0.00371,0.00836,0.00495,0.00218
718.039978,0.00288,0.0019,0.00382,0.00832,0.00499,0.00213
718.3800049,0.00284,0.0019,0.00389,0.00828,0.00499,0.0021
718.710022,0.00282,0.00194,0.00403,0.00822,0.005,0.00212
719.039978,0.00279,0.00194,0.00413,0.00823,0.00511,0.00214
719.3800049,0.00275,0.00182,0.00416,0.00813,0.00506,0.00203
719.710022,0.00263,0.00179,0.00422,0.008,0.00505,0.00196
720.0499878,0.00262,0.00183,0.00439,0.00795,0.00515,0.00197
720.3800049,0.00267,0.00185,0.00452,0.00792,0.00515,0.00197
720.710022,0.00274,0.00197,0.00476,0.00794,0.00527,0.00209
721.0499878,0.00275,0.00202,0.00492,0.00794,0.00538,0.00209
721.3800049,0.00277,0.00203,0.00507,0.007879999,0.00543,0.00211
721.7199707,0.00284,0.00218,0.00523,0.00786,0.00554,0.00223
722.0499878,0.00281,0.00219,0.00534,0.00775,0.00552,0.00221
722.3800049,0.00277,0.00215,0.0054,0.00764,0.00559,0.00214
722.7199707,0.00272,0.00215,0.00553,0.00755,0.00569,0.00215
723.0499878,0.00264,0.0021,0.00561,0.0075,0.00575,0.00208
723.3800049,0.00263,0.00213,0.00569,0.0074,0.00585,0.00211
723.7199707,0.00259,0.00219,0.00576,0.00733,0.00593,0.00215
724.0499878,0.00248,0.00213,0.00583,0.00716,0.00594,0.002
724.3800049,0.00256,0.00224,0.00594,0.00719,0.00608,0.00204
724.7199707,0.00257,0.0023,0.00614,0.00721,0.00615,0.0021
725.0499878,0.00254,0.0023,0.00615,0.00713,0.00621,0.00209
725.3800049,0.00252,0.00232,0.00619,0.00705,0.00629,0.00208
725.7199707,0.0025,0.00229,0.00628,0.00698,0.00633,0.00203
726.0499878,0.00252,0.00236,0.00637,0.00693,0.00639,0.00203
726.3800049,0.00251,0.00235,0.0064,0.00696,0.00651,0.00208
726.7199707,0.00245,0.0023,0.00639,0.00692,0.00656,0.00206
727.0499878,0.00245,0.00237,0.00632,0.00683,0.00664,0.00206
727.3800049,0.00248,0.00247,0.00637,0.0069,0.00679,0.0021
727.710022,0.00255,0.00256,0.00643,0.00695,0.0069,0.00215
728.0499878,0.00255,0.00261,0.00643,0.00698,0.00693,0.00222
728.3800049,0.00258,0.00266,0.00643,0.00702,0.00706,0.00223
728.710022,0.00263,0.00283,0.00643,0.00704,0.0072,0.00231
729.0499878,0.00266,0.00295,0.00642,0.0071,0.00732,0.00237
729.3800049,0.00262,0.00303,0.00639,0.00712,0.00742,0.00238
729.710022,0.00261,0.00311,0.00638,0.0071,0.0075,0.00245
730.039978,0.00253,0.00313,0.00624,0.00704,0.00755,0.0024
730.3800049,0.00254,0.00322,0.00614,0.00705,0.00769,0.00238
730.710022,0.00254,0.00327,0.00607,0.0071,0.00776,0.0024
731.039978,0.00253,0.00326,0.00594,0.00712,0.00781,0.00235
731.3699951,0.00255,0.00329,0.00585,0.00708,0.007900001,0.00236
731.710022,0.00261,0.00335,0.00571,0.00711,0.008,0.0024
732.039978,0.00272,0.00353,0.00567,0.00716,0.00813,0.00246
732.3699951,0.00283,0.00373,0.00563,0.00722,0.00824,0.00255
732.7000122,0.00291,0.00385,0.00546,0.00731,0.00833,0.00261
733.039978,0.00296,0.00404,0.00539,0.00734,0.00839,0.00266
733.3699951,0.00305,0.00419,0.00533,0.00736,0.00846,0.00276
733.7000122,0.00315,0.00437,0.0053,0.00748,0.00854,0.00287
734.0300293,0.00324,0.0045,0.00531,0.00755,0.00865,0.00293
734.3599854,0.00321,0.00449,0.00512,0.00755,0.008590001,0.00289
734.7000122,0.00322,0.00452,0.00509,0.00763,0.0086,0.00298
735.0300293,0.00328,0.0047,0.00517,0.00761,0.00862,0.00313
735.3599854,0.0034,0.00479,0.00513,0.00766,0.00873,0.00324
735.6900024,0.00352,0.00498,0.00514,0.00781,0.00883,0.00339
736.0200195,0.00358,0.00507,0.00501,0.00781,0.00883,0.00343
736.3499756,0.00373,0.00515,0.005,0.00791,0.00878,0.00355
736.6900024,0.00381,0.0053,0.00499,0.008,0.00885,0.00368
737.0200195,0.00392,0.00536,0.00493,0.00803,0.00892,0.00378
737.3499756,0.00401,0.00534,0.00481,0.00815,0.0089,0.00381
737.6799927,0.00405,0.00534,0.00475,0.00816,0.00885,0.00391
738.0100098,0.00412,0.00533,0.00467,0.00815,0.00879,0.00399
738.3400269,0.00418,0.00528,0.00467,0.008119999,0.00871,0.00408
738.6799927,0.00418,0.00526,0.00456,0.008090001,0.008669999,0.00416
739.0100098,0.0044,0.00522,0.00456,0.00813,0.00863,0.00432
739.3400269,0.00447,0.00514,0.00455,0.00811,0.00857,0.00439
739.6699829,0.0046,0.00504,0.00455,0.00816,0.00852,0.00457
740,0.00472,0.0049,0.0045,0.00819,0.00852,0.00463
740.3300171,0.00485,0.00468,0.00448,0.00825,0.0085,0.00475
740.6599731,0.00503,0.00462,0.00453,0.00843,0.00851,0.00492
740.9899902,0.00517,0.00448,0.00455,0.00851,0.00851,0.00504
741.3200073,0.00528,0.00435,0.00453,0.00854,0.00846,0.00511
741.6599731,0.00554,0.0043,0.00453,0.00871,0.00849,0.00527
741.9899902,0.00568,0.00423,0.00445,0.00868,0.00849,0.00537
742.3200073,0.0058,0.00417,0.00444,0.00876,0.0084,0.00546
742.6500244,0.00594,0.00416,0.00446,0.00884,0.00835,0.00546
742.9799805,0.00605,0.00405,0.00439,0.008859999,0.00839,0.00539
743.3099976,0.00624,0.00399,0.00441,0.00898,0.00841,0.00545
743.6400146,0.00626,0.00389,0.00437,0.0091,0.00843,0.00546
743.9699707,0.0063,0.00381,0.00436,0.00911,0.00837,0.00539
744.2999878,0.00637,0.00376,0.00438,0.00921,0.00833,0.00524
744.6300049,0.00647,0.00365,0.0044,0.00922,0.00832,0.00516
744.960022,0.0065,0.00358,0.00447,0.0093,0.00835,0.00509
745.289978,0.00649,0.0035,0.00454,0.00939,0.00833,0.00505
745.6199951,0.00637,0.00337,0.00455,0.009380001,0.008309999,0.00491
745.9500122,0.00633,0.00328,0.00454,0.00939,0.00827,0.0048
746.2800293,0.00624,0.00321,0.00457,0.009430001,0.00826,0.00468
746.6099854,0.0062,0.0032,0.0047,0.009509999,0.00835,0.00469
746.9400024,0.006,0.00323,0.00475,0.00963,0.00841,0.0046
747.2800293,0.00585,0.00315,0.00475,0.00968,0.00846,0.00453
747.6099854,0.00568,0.00311,0.00474,0.00961,0.008450001,0.00437
747.9400024,0.00559,0.00312,0.00473,0.009649999,0.00852,0.00426
748.2700195,0.00547,0.00309,0.00483,0.00962,0.00854,0.00412
748.5999756,0.00535,0.00309,0.00483,0.00973,0.00862,0.00402
748.9299927,0.00517,0.00299,0.00486,0.00975,0.00863,0.00389
749.2600098,0.00507,0.00281,0.00484,0.009670001,0.008719999,0.00372
749.5800171,0.00498,0.00277,0.00487,0.009670001,0.00875,0.00359
749.9099731,0.00494,0.00272,0.00493,0.00977,0.00885,0.00351
750.2399902,0.00478,0.00265,0.00494,0.00973,0.00879,0.00339
750.5700073,0.00466,0.00261,0.00493,0.00981,0.0089,0.00329
750.9000244,0.00453,0.00255,0.00493,0.00972,0.00896,0.00317
751.2299805,0.00442,0.00253,0.00488,0.0097,0.00904,0.00307
751.5599976,0.00431,0.0026,0.00498,0.00976,0.00912,0.00303
751.8900146,0.00414,0.00261,0.00497,0.00977,0.009240001,0.00296
752.2199707,0.00398,0.00264,0.00496,0.00972,0.0094,0.00296
752.5499878,0.00393,0.00256,0.00499,0.00984,0.00962,0.00296
752.8800049,0.00384,0.00266,0.00506,0.00982,0.00988,0.00292
753.210022,0.00375,0.00261,0.00508,0.00987,0.01006,0.00294
753.539978,0.00362,0.00257,0.0051,0.00989,0.010299999,0.00288
753.8699951,0.00347,0.0025,0.00504,0.00987,0.01038,0.00286
754.2000122,0.0035,0.00249,0.0051,0.00983,0.010629999,0.00286
754.5300293,0.00343,0.00248,0.00519,0.00992,0.01084,0.0028
754.8599854,0.00332,0.00256,0.0052,0.00992,0.011089999,0.00274
755.1900024,0.00322,0.00241,0.0052,0.00986,0.01132,0.00272
755.5100098,0.00315,0.00246,0.00524,0.00987,0.01174,0.00269
755.8400269,0.00316,0.00249,0.00532,0.00991,0.01212,0.00279
756.1699829,0.00326,0.00259,0.00541,0.00997,0.01264,0.00283
756.5,0.00318,0.00258,0.00544,0.01,0.01306,0.00276
756.8300171,0.00315,0.00256,0.0054,0.00991,0.01348,0.00274
757.1599731,0.00316,0.00262,0.00548,0.00982,0.01386,0.00272
757.4899902,0.00318,0.00266,0.00557,0.00986,0.01427,0.00276
757.8200073,0.00322,0.00259,0.00558,0.00982,0.01465,0.00278
758.1400146,0.00314,0.00257,0.00551,0.00977,0.015039999,0.00265
758.4699707,0.00307,0.00249,0.00553,0.00972,0.01544,0.00266
758.7999878,0.00307,0.00255,0.00553,0.00975,0.01578,0.00274
759.1300049,0.00309,0.0025,0.00553,0.00979,0.01616,0.00271
759.460022,0.0031,0.00247,0.00553,0.00977,0.0166,0.00267
759.789978,0.00309,0.00252,0.00546,0.00978,0.01692,0.00268
760.1199951,0.00303,0.00259,0.00556,0.0098,0.01719,0.00268
760.4400024,0.00305,0.00262,0.00558,0.00977,0.0174,0.00266
760.7700195,0.00307,0.00271,0.00556,0.00972,0.017589999,0.0026
761.0999756,0.00304,0.00264,0.00555,0.00971,0.017719999,0.00256
761.4299927,0.00297,0.0027,0.00551,0.00968,0.017819999,0.00252
761.7600098,0.00295,0.00272,0.00559,0.00973,0.01785,0.00264
762.0800171,0.00298,0.00262,0.00555,0.0098,0.01778,0.00256
762.4099731,0.00298,0.00263,0.00546,0.00979,0.01761,0.00254
762.7399902,0.00296,0.00262,0.00554,0.00983,0.01739,0.00259
763.0700073,0.00293,0.00259,0.00549,0.00984,0.017070001,0.00259
763.4000244,0.00289,0.00263,0.00539,0.00977,0.016659999,0.00254
763.7199707,0.00286,0.00259,0.00542,0.00975,0.01612,0.00263
764.0499878,0.00294,0.00262,0.00534,0.00973,0.015570001,0.00251
764.3800049,0.00291,0.00281,0.00542,0.00974,0.01505,0.00258
764.710022,0.00284,0.00279,0.00538,0.009649999,0.014520001,0.00248
765.039978,0.00286,0.0028,0.00527,0.00966,0.013990001,0.00241
765.3599854,0.00297,0.0028,0.00534,0.00974,0.01349,0.00247
765.6900024,0.00296,0.00284,0.00534,0.0098,0.012970001,0.00252
766.0200195,0.00304,0.00295,0.00533,0.00991,0.012469999,0.00252
766.3499756,0.00302,0.00291,0.00526,0.00999,0.01203,0.00263
766.6699829,0.00297,0.00289,0.00519,0.00997,0.01154,0.00259
767,0.00312,0.00294,0.00519,0.010089999,0.011059999,0.00268
767.3300171,0.00318,0.00303,0.00521,0.010140001,0.01061,0.00281
767.6500244,0.00314,0.00305,0.00518,0.01013,0.010190001,0.00274
767.9799805,0.00326,0.00312,0.00529,0.01026,0.00993,0.0028
768.3099976,0.00334,0.00317,0.00535,0.010299999,0.00964,0.00285
768.6400146,0.00327,0.00316,0.00534,0.01026,0.00922,0.00278
768.960022,0.00335,0.00308,0.00535,0.0104,0.008909999,0.0028
769.289978,0.00323,0.00304,0.00535,0.01035,0.00862,0.00284
769.6199951,0.00316,0.00295,0.00535,0.01033,0.00839,0.00281
769.9400024,0.00315,0.00295,0.00531,0.01035,0.00811,0.00287
770.2700195,0.00311,0.00284,0.00526,0.01022,0.0078,0.00282
770.5999756,0.00308,0.00279,0.0052,0.01027,0.00766,0.00288
770.9199829,0.00318,0.0029,0.00527,0.01036,0.00762,0.00304
771.25,0.0032,0.00296,0.00524,0.010319999,0.00751,0.00311
771.5800171,0.00334,0.00295,0.00524,0.01042,0.00745,0.00316
771.9000244,0.00346,0.00299,0.00525,0.01051,0.00733,0.00319
772.2299805,0.00349,0.00302,0.00521,0.01058,0.00723,0.00318
772.5599976,0.00339,0.00297,0.00509,0.01064,0.00708,0.0032
772.8800049,0.00337,0.00295,0.00507,0.010670001,0.00697,0.00326
773.210022,0.00328,0.00291,0.00493,0.01075,0.00683,0.00318
773.539978,0.00327,0.00292,0.00502,0.01086,0.0068,0.00323
773.8599854,0.00331,0.00293,0.00506,0.01097,0.00681,0.00324
774.1900024,0.00335,0.00292,0.0051,0.01107,0.00677,0.00329
774.5200195,0.0034,0.00282,0.00509,0.0111,0.00678,0.00341
774.8400269,0.00344,0.00273,0.00505,0.01116,0.00671,0.00332
775.1699829,0.00349,0.00266,0.00506,0.01128,0.00671,0.0032
775.5,0.00352,0.00244,0.00511,0.01125,0.00665,0.00315
775.8200073,0.00347,0.00241,0.00494,0.01128,0.0066,0.00305
776.1500244,0.0034,0.00241,0.00487,0.01133,0.00649,0.00301
776.4699707,0.00329,0.00233,0.00474,0.01133,0.00645,0.00294
776.7999878,0.00325,0.00238,0.00476,0.011460001,0.00642,0.00277
777.1199951,0.00323,0.00251,0.00486,0.0117,0.00651,0.00284
777.4500122,0.00318,0.00256,0.00488,0.011729999,0.00656,0.00283
777.7800293,0.00317,0.00263,0.00491,0.01207,0.0066,0.00284
778.0999756,0.00316,0.00255,0.00492,0.01222,0.00664,0.00286
778.4299927,0.00311,0.00249,0.00489,0.0124,0.00662,0.00269
778.75,0.00304,0.00239,0.00487,0.01255,0.00664,0.00263
779.0800171,0.00292,0.00231,0.00489,0.01268,0.00669,0.0026
779.4000244,0.00303,0.00232,0.00488,0.01281,0.00678,0.00257
779.7299805,0.00303,0.00221,0.00478,0.01293,0.00666,0.00245
780.0599976,0.00309,0.00221,0.0048,0.012990001,0.00675,0.00248
780.3800049,0.00321,0.00217,0.00488,0.013200001,0.00672,0.00247
780.710022,0.00312,0.00209,0.00481,0.01339,0.00676,0.00246
781.0300293,0.00317,0.00225,0.00494,0.01377,0.00682,0.00251
781.3599854,0.00317,0.00229,0.00502,0.01406,0.00684,0.00267
781.6799927,0.00315,0.0023,0.00517,0.01443,0.00691,0.00259
782.0100098,0.00314,0.00241,0.0053,0.014789999,0.00706,0.00276
782.3300171,0.00292,0.00233,0.00523,0.01497,0.00708,0.00263
782.6599731,0.00277,0.00225,0.0052,0.01516,0.00717,0.00258
782.9799805,0.00285,0.00239,0.00529,0.015420001,0.00725,0.00274
783.3099976,0.00278,0.00228,0.00519,0.01544,0.00722,0.00257
783.6300049,0.00277,0.0023,0.00515,0.01559,0.00726,0.00247
783.960022,0.0027,0.00226,0.00507,0.015579999,0.00723,0.00256
784.2800293,0.00259,0.00218,0.00498,0.01553,0.00721,0.00241
784.6099854,0.00269,0.00225,0.00506,0.015579999,0.00728,0.0024
784.9299927,0.00263,0.00227,0.00503,0.01546,0.00728,0.00233
785.2600098,0.00256,0.00219,0.00499,0.01533,0.00732,0.00225
785.5800171,0.00259,0.00226,0.00513,0.01525,0.00747,0.00244
785.9099731,0.00258,0.00225,0.00521,0.01511,0.00757,0.00239
786.2299805,0.00256,0.00221,0.00525,0.014939999,0.00761,0.00243
786.5599976,0.00255,0.00218,0.0053,0.01476,0.00768,0.00245
786.8800049,0.00249,0.00206,0.00513,0.01449,0.00752,0.00243
787.2000122,0.00247,0.00207,0.00512,0.014249999,0.00751,0.00245
787.5300293,0.00248,0.00198,0.00518,0.01397,0.00749,0.00241
787.8499756,0.00253,0.00201,0.00513,0.01375,0.0075,0.00231
788.1799927,0.00254,0.00189,0.00498,0.01342,0.00744,0.00234
788.5,0.0025,0.00195,0.00497,0.01317,0.00735,0.00217
788.8300171,0.00258,0.00198,0.00508,0.013040001,0.00735,0.00221
789.1500244,0.00265,0.00203,0.00513,0.0129,0.00754,0.00223
789.4699707,0.00269,0.00206,0.00521,0.01272,0.00762,0.00221
789.7999878,0.00266,0.00218,0.00536,0.0126,0.00776,0.00223
790.1199951,0.00259,0.00196,0.0054,0.01245,0.00781,0.00216
790.4500122,0.00255,0.00209,0.00547,0.01233,0.00786,0.00217
790.7700195,0.00249,0.00202,0.00545,0.012180001,0.00796,0.00222
791.0900269,0.00249,0.00204,0.00548,0.01205,0.00804,0.00213
791.4199829,0.00248,0.00217,0.00573,0.01199,0.00804,0.00219
791.7399902,0.00236,0.00213,0.00569,0.01192,0.007900001,0.0021
792.0599976,0.00232,0.00206,0.00565,0.01181,0.007850001,0.00208
792.3900146,0.00225,0.00221,0.00564,0.0117,0.00765,0.00207
792.710022,0.00227,0.00224,0.00574,0.01161,0.00758,0.00205
793.039978,0.00226,0.00213,0.0057,0.011419999,0.00745,0.00201
793.3599854,0.00217,0.0022,0.00564,0.01132,0.00742,0.00208
793.6799927,0.00199,0.00216,0.00553,0.011089999,0.00729,0.00194
794.0100098,0.00197,0.00212,0.00559,0.01096,0.00721,0.00189
794.3300171,0.00208,0.00213,0.00566,0.010939999,0.00717,0.00196
794.6500244,0.00214,0.00213,0.00583,0.0109,0.00728,0.00206
794.9799805,0.00204,0.00193,0.0058,0.01085,0.00725,0.00202
795.2999878,0.00212,0.00212,0.00599,0.01097,0.00738,0.0021
795.6199951,0.00213,0.00204,0.00609,0.01092,0.00731,0.00203
795.9400024,0.00226,0.002,0.00623,0.01097,0.00727,0.00203
796.2700195,0.00228,0.00204,0.00631,0.011030001,0.00734,0.00214
796.5900269,0.00225,0.00209,0.00648,0.01107,0.00734,0.00212
796.9099731,0.00235,0.00207,0.0066,0.01102,0.0073,0.00212
797.2399902,0.00231,0.00211,0.00672,0.01095,0.00722,0.00205
797.5599976,0.00224,0.00202,0.00683,0.01089,0.00714,0.00196
797.8800049,0.00219,0.00202,0.00694,0.0109,0.00711,0.002
798.210022,0.00226,0.002,0.00711,0.011,0.00718,0.00209
798.5300293,0.00228,0.00208,0.00725,0.011,0.00714,0.00214
798.8499756,0.00229,0.00204,0.00724,0.0109,0.00699,0.002
799.1699829,0.00221,0.00213,0.00728,0.011089999,0.007,0.00196
799.5,0.00222,0.00219,0.00744,0.0112,0.00703,0.00193
799.8200073,0.00226,0.00228,0.00747,0.01122,0.00694,0.00199
800.1400146,0.00235,0.00222,0.00762,0.0113,0.00696,0.00191
800.460022,0.00221,0.0023,0.00763,0.01119,0.00688,0.00189
800.789978,0.00229,0.00224,0.00782,0.01132,0.0069,0.00192
801.1099854,0.00217,0.00227,0.00801,0.011390001,0.0069,0.00195
801.4299927,0.00215,0.00218,0.0081,0.011360001,0.00676,0.00194
801.75,0.00216,0.0022,0.00822,0.01138,0.00668,0.00205
802.0700073,0.00214,0.00222,0.008309999,0.01149,0.00679,0.00195
802.4000244,0.0022,0.00229,0.00841,0.011469999,0.00672,0.00203
802.7199707,0.00231,0.00234,0.00855,0.011670001,0.00681,0.00218
803.039978,0.00235,0.00253,0.00863,0.0117,0.00681,0.00214
803.3599854,0.0024,0.00255,0.00857,0.01168,0.00684,0.00219
803.6799927,0.00236,0.00267,0.0085,0.01161,0.00684,0.00221
804.0100098,0.00243,0.00264,0.00839,0.01165,0.00678,0.00225
804.3300171,0.00247,0.0026,0.00834,0.01156,0.00661,0.00227
804.6500244,0.00234,0.00253,0.00807,0.01153,0.00646,0.00218
804.9699707,0.00227,0.00246,0.00777,0.01143,0.00619,0.00205
805.289978,0.00211,0.00228,0.00742,0.0113,0.00603,0.00194
805.6199951,0.00206,0.00216,0.00715,0.0113,0.00596,0.00187
805.9400024,0.00219,0.00212,0.007,0.0113,0.00589,0.00182
806.2600098,0.0021,0.00211,0.00676,0.01121,0.0058,0.00167
806.5800171,0.00207,0.00211,0.00654,0.0113,0.00579,0.00175
806.9000244,0.00203,0.00212,0.00639,0.01129,0.00568,0.00175
807.2199707,0.00217,0.00225,0.00647,0.01133,0.00583,0.00188
807.539978,0.0022,0.00233,0.00642,0.01132,0.00587,0.00205
807.8699951,0.0023,0.00245,0.00644,0.01132,0.00578,0.00211
808.1900024,0.0022,0.00254,0.00638,0.01144,0.00575,0.00214
808.5100098,0.00218,0.0026,0.0064,0.011369999,0.00582,0.00226
808.8300171,0.00207,0.00262,0.00646,0.01127,0.00572,0.00223
809.1500244,0.00215,0.00265,0.00644,0.0112,0.00574,0.00225
809.4699707,0.0021,0.00262,0.00632,0.01118,0.00568,0.00218
809.789978,0.00227,0.0027,0.0064,0.01123,0.0058,0.00214
810.1099854,0.00228,0.00277,0.00634,0.01116,0.00583,0.00208
810.4299927,0.00211,0.00272,0.00625,0.01101,0.00573,0.00215
810.7600098,0.00219,0.00272,0.00621,0.01114,0.00568,0.00206
811.0800171,0.00236,0.00274,0.00607,0.01121,0.00581,0.00206
811.4000244,0.00238,0.00285,0.00613,0.01135,0.00584,0.00213
811.7199707,0.00228,0.00283,0.00615,0.01127,0.00569,0.00213
812.039978,0.00212,0.00285,0.00606,0.01118,0.00553,0.00217
812.3599854,0.00206,0.00285,0.00607,0.01119,0.00553,0.00223
812.6799927,0.00229,0.00285,0.00612,0.01128,0.00576,0.00227
813,0.00235,0.00301,0.00614,0.011369999,0.00581,0.00246
813.3200073,0.00224,0.00315,0.00622,0.01127,0.00578,0.00244
813.6400146,0.00232,0.0033,0.00621,0.01132,0.00584,0.00246
813.960022,0.0024,0.00343,0.00626,0.011419999,0.00587,0.00239
814.2800293,0.00241,0.00341,0.00607,0.011460001,0.00585,0.00226
814.5999756,0.00255,0.0036,0.0061,0.0117,0.00595,0.00248
814.9199829,0.00241,0.00372,0.00596,0.011510001,0.00573,0.00236
815.2399902,0.00243,0.0038,0.00596,0.01148,0.00578,0.00233
815.5599976,0.00248,0.0038,0.00571,0.011460001,0.00566,0.00236
815.8800049,0.00245,0.00392,0.00563,0.01122,0.00568,0.00233
816.2000122,0.00241,0.00401,0.00533,0.011080001,0.00569,0.00245
816.5200195,0.00255,0.00436,0.00552,0.01121,0.00575,0.0026
816.8400269,0.00256,0.00445,0.00546,0.01115,0.00573,0.00256
817.1599731,0.0027,0.00461,0.00555,0.01128,0.00587,0.00259
817.4799805,0.00275,0.00459,0.00539,0.01113,0.00591,0.00254
817.7999878,0.00283,0.00475,0.00548,0.01124,0.00599,0.00275
818.1199951,0.00279,0.00472,0.00533,0.0113,0.00595,0.00278
818.4400024,0.00302,0.00496,0.00556,0.011410001,0.00607,0.00293
818.7600098,0.0029,0.00488,0.00534,0.0112,0.00601,0.00291
819.0800171,0.00274,0.0048,0.0052,0.01102,0.00599,0.00276
819.4000244,0.00288,0.0047,0.00514,0.010980001,0.00584,0.00284
819.7199707,0.00289,0.00467,0.0053,0.01101,0.00576,0.00304
820.039978,0.00285,0.00448,0.00525,0.01091,0.00579,0.00287
820.3599854,0.00294,0.00448,0.00546,0.010939999,0.00579,0.00305
820.6799927,0.00277,0.00419,0.00529,0.01074,0.00584,0.00292
821,0.003,0.00418,0.00535,0.01085,0.00598,0.00318
821.3200073,0.00314,0.00413,0.00555,0.01087,0.00582,0.00342
821.6400146,0.00317,0.00401,0.00543,0.01091,0.00594,0.00352
821.960022,0.00316,0.00396,0.0051,0.010720001,0.00589,0.00346
822.2700195,0.00328,0.00389,0.00499,0.0107,0.00582,0.00365
822.5900269,0.00347,0.00375,0.00486,0.010729999,0.00584,0.00371
822.9099731,0.0038,0.00373,0.00499,0.01087,0.00589,0.004
823.2299805,0.00398,0.00351,0.00505,0.01095,0.00592,0.00395
823.5499878,0.0042,0.00344,0.00494,0.010880001,0.00609,0.00419
823.8699951,0.0043,0.00327,0.00507,0.010779999,0.00614,0.00443
824.1900024,0.00451,0.0032,0.00531,0.01096,0.0062,0.00469
824.5100098,0.00479,0.00314,0.00549,0.011059999,0.00631,0.00494
824.8300171,0.00489,0.00298,0.00551,0.01097,0.0063,0.00518
825.1400146,0.00496,0.00277,0.00536,0.01095,0.00617,0.00514
825.460022,0.00496,0.00258,0.00522,0.01075,0.00602,0.00534
825.7800293,0.00515,0.00256,0.00517,0.01074,0.00601,0.00534
826.0999756,0.00541,0.00266,0.00515,0.010829999,0.00598,0.00527
826.4199829,0.00552,0.00262,0.00508,0.01089,0.00612,0.00518
826.7399902,0.00567,0.00266,0.00511,0.01084,0.00614,0.00518
827.0599976,0.00577,0.00263,0.00513,0.0109,0.00617,0.00495
827.3699951,0.00591,0.00294,0.00531,0.01101,0.00633,0.00503
827.6900024,0.00596,0.00299,0.00554,0.01114,0.00651,0.00487
828.0100098,0.00589,0.00295,0.00567,0.01123,0.00662,0.00463
828.3300171,0.00585,0.00296,0.00577,0.011369999,0.00683,0.00453
828.6500244,0.0058,0.00294,0.0059,0.011460001,0.00679,0.00427
828.960022,0.00567,0.00291,0.00594,0.01148,0.00685,0.00416
829.2800293,0.00559,0.00293,0.0059,0.01143,0.00692,0.00408
829.5999756,0.00535,0.00261,0.00582,0.01133,0.00707,0.00381
829.9199829,0.00524,0.00259,0.00575,0.011369999,0.00714,0.00357
830.2399902,0.00509,0.00257,0.00575,0.011519999,0.00739,0.00359
830.5499878,0.00487,0.00242,0.00568,0.011369999,0.00726,0.00339
830.8699951,0.00458,0.00233,0.00556,0.01119,0.00732,0.00337
831.1900024,0.00425,0.00214,0.00548,0.01117,0.00748,0.00316
831.5100098,0.00399,0.00219,0.00551,0.011360001,0.00773,0.00307
831.8300171,0.0039,0.00219,0.00567,0.01166,0.007710001,0.00307
832.1400146,0.00366,0.00206,0.00557,0.011569999,0.0077,0.00298
832.460022,0.00337,0.00175,0.00548,0.0114,0.0075,0.00268
832.7800293,0.00327,0.00177,0.0054,0.01145,0.00749,0.00261
833.0999756,0.0033,0.00187,0.00549,0.01156,0.0075,0.00259
833.4099731,0.00337,0.00217,0.00553,0.01158,0.00757,0.00267
833.7299805,0.00342,0.00226,0.00558,0.01159,0.00754,0.00262
834.0499878,0.00328,0.00226,0.00544,0.011460001,0.00749,0.00249
834.3599854,0.0033,0.00234,0.00546,0.01143,0.00744,0.00254
834.6799927,0.00332,0.00249,0.00559,0.011519999,0.00731,0.00255
835,0.00304,0.00236,0.00556,0.01127,0.00722,0.00244
835.3200073,0.00294,0.0024,0.00565,0.011390001,0.00731,0.00258
835.6300049,0.00279,0.00218,0.00559,0.01155,0.00719,0.0024
835.9500122,0.00255,0.00202,0.00551,0.01135,0.0071,0.00224
836.2700195,0.0025,0.00214,0.00541,0.01127,0.00694,0.00221
836.5800171,0.0025,0.00225,0.00563,0.01135,0.00711,0.00211
836.9000244,0.00244,0.00221,0.00548,0.0114,0.00737,0.00203
837.2199707,0.00281,0.00232,0.00564,0.0116,0.00763,0.00228
837.5300293,0.00265,0.00224,0.00541,0.01133,0.00754,0.00203
837.8499756,0.00264,0.0025,0.00557,0.011360001,0.00774,0.00214
838.1699829,0.00259,0.00248,0.00564,0.011369999,0.00769,0.00212
838.4799805,0.00248,0.00232,0.00567,0.011519999,0.00777,0.00213
838.7999878,0.00247,0.00235,0.00557,0.01155,0.0077,0.00226
839.1199951,0.00238,0.00253,0.00552,0.011419999,0.00756,0.00236
839.4299927,0.00219,0.00248,0.00549,0.01127,0.00751,0.00221
839.75,0.00238,0.00266,0.00552,0.011419999,0.00768,0.00247
840.0700073,0.00238,0.00244,0.00549,0.01128,0.0077,0.00229
840.3800049,0.00236,0.00245,0.00549,0.0114,0.00781,0.00247
840.7000122,0.00236,0.0025,0.00543,0.01116,0.00784,0.00228
841.0100098,0.00233,0.00226,0.0052,0.010939999,0.0078,0.00209
841.3300171,0.00253,0.00226,0.00544,0.01117,0.00782,0.00224
841.6500244,0.00238,0.00225,0.00534,0.01135,0.00774,0.00216
841.960022,0.00234,0.00229,0.00558,0.011369999,0.00759,0.00201
842.2800293,0.00232,0.00218,0.00548,0.01129,0.00726,0.00195
842.5999756,0.00225,0.00206,0.00548,0.01125,0.00724,0.00174
842.9099731,0.0024,0.00202,0.00553,0.0114,0.00723,0.00186
843.2299805,0.00251,0.00227,0.00577,0.01171,0.00728,0.00193
843.539978,0.00233,0.00214,0.00556,0.01153,0.0073,0.00181
843.8599854,0.00245,0.00213,0.00556,0.01154,0.00741,0.00187
844.1699829,0.00235,0.00184,0.00534,0.011460001,0.00747,0.00188
844.4899902,0.00238,0.00206,0.0054,0.01156,0.00767,0.002
844.8099976,0.00259,0.00234,0.00548,0.01168,0.00766,0.00221
845.1199951,0.00243,0.00245,0.0055,0.01176,0.00762,0.00232
845.4400024,0.00236,0.00232,0.00545,0.01165,0.00761,0.00235
845.75,0.00254,0.00239,0.00542,0.01175,0.00756,0.00219
846.0700073,0.00245,0.00259,0.00534,0.011879999,0.00755,0.0021
846.3800049,0.00262,0.00281,0.00561,0.01195,0.0077,0.00216
846.7000122,0.00249,0.00277,0.00548,0.011870001,0.00755,0.00223
847.0100098,0.00253,0.00255,0.0053,0.01175,0.00748,0.00213
847.3300171,0.00261,0.00254,0.00543,0.011619999,0.00754,0.00216
847.6400146,0.00237,0.00264,0.00538,0.011729999,0.00756,0.00204
847.960022,0.00221,0.00251,0.00529,0.01165,0.00758,0.00207
848.2700195,0.00222,0.00226,0.00529,0.01159,0.00751,0.00216
848.5900269,0.00226,0.00214,0.0052,0.011569999,0.00731,0.00208
848.9000244,0.00225,0.0021,0.00523,0.011820001,0.00735,0.00218
849.2199707,0.00211,0.00225,0.00571,0.01208,0.00738,0.00232
849.5300293,0.00193,0.0021,0.00568,0.01214,0.00738,0.00212
849.8499756,0.00203,0.00202,0.0057,0.01199,0.00729,0.00211
850.1599731,0.00196,0.00199,0.00592,0.01195,0.00743,0.00224
850.4799805,0.00184,0.00205,0.00608,0.01189,0.00724,0.00211
850.789978,0.00166,0.00212,0.00607,0.01189,0.00719,0.0021
851.1099854,0.00167,0.00202,0.00604,0.011829999,0.00722,0.00196
851.4199829,0.00162,0.0019,0.00571,0.01161,0.00709,0.00176
851.7399902,0.00181,0.00203,0.00559,0.01181,0.00694,0.00186
852.0499878,0.00179,0.00205,0.00561,0.01197,0.00688,0.00202
852.3599854,0.00202,0.0022,0.00553,0.01211,0.00682,0.00193
852.6799927,0.00238,0.00245,0.00576,0.01248,0.00712,0.002
852.9899902,0.00239,0.00234,0.00554,0.0126,0.00698,0.00198
853.3099976,0.00234,0.00248,0.00564,0.012589999,0.00692,0.00186
853.6199951,0.00248,0.00249,0.0054,0.01269,0.00693,0.00205
853.9400024,0.00221,0.00228,0.00532,0.012469999,0.00687,0.00188
854.25,0.00239,0.00248,0.00548,0.01258,0.00696,0.00192
854.5599976,0.00234,0.00248,0.00551,0.012569999,0.00692,0.00202
854.8800049,0.00205,0.00227,0.00522,0.01233,0.00661,0.00195
855.1900024,0.00203,0.00211,0.00532,0.01237,0.00678,0.00186
855.5100098,0.00198,0.00215,0.00522,0.01239,0.00693,0.00201
855.8200073,0.002,0.00212,0.00529,0.01239,0.00717,0.00177
856.1300049,0.00232,0.00213,0.00546,0.01248,0.00736,0.00192
856.4500122,0.00213,0.00183,0.0053,0.012259999,0.00738,0.00172
856.7600098,0.00189,0.00179,0.00532,0.0124,0.00729,0.00165
857.0700073,0.00202,0.00186,0.00544,0.0125,0.00753,0.00192
857.3900146,0.00195,0.00198,0.00528,0.01238,0.00758,0.00178
857.7000122,0.00217,0.00198,0.00543,0.01232,0.00777,0.00177
858.0200195,0.00194,0.00202,0.00534,0.01223,0.00761,0.00183
858.3300171,0.002,0.00221,0.0054,0.01223,0.00802,0.00203
858.6400146,0.0021,0.00247,0.00549,0.012669999,0.00829,0.00223
858.960022,0.00219,0.00258,0.00549,0.01263,0.008590001,0.0023
859.2700195,0.00226,0.00249,0.00555,0.012519999,0.00865,0.00232
859.5800171,0.00239,0.00256,0.00567,0.01273,0.00885,0.00248
859.9000244,0.00234,0.00226,0.00535,0.01264,0.00858,0.00237
860.210022,0.00247,0.00221,0.00556,0.01271,0.00879,0.0027
860.5200195,0.00223,0.002,0.00538,0.012589999,0.00848,0.00244
860.8300171,0.00202,0.00187,0.00537,0.012209999,0.00857,0.00248
861.1500244,0.00204,0.00173,0.00543,0.012130001,0.00855,0.00235
861.460022,0.00189,0.00177,0.00541,0.012200001,0.00857,0.00224
861.7700195,0.00183,0.0017,0.00568,0.012309999,0.00877,0.00256
862.0900269,0.00172,0.00208,0.00605,0.012469999,0.00923,0.00256
862.4000244,0.00166,0.0022,0.00605,0.0127,0.00957,0.00226
862.710022,0.00164,0.00221,0.0061,0.0128,0.00968,0.00227
863.0200195,0.00176,0.00207,0.00601,0.01283,0.0096,0.00214
863.3400269,0.00186,0.00215,0.00576,0.01282,0.00964,0.00224
863.6500244,0.00188,0.00208,0.00551,0.01287,0.0099,0.00212
863.960022,0.00174,0.00177,0.00505,0.01248,0.00945,0.00152
864.2700195,0.00186,0.0017,0.00499,0.01253,0.00939,0.00153
864.5900269,0.00196,0.00157,0.00495,0.0126,0.00929,0.00161
864.9000244,0.00194,0.00163,0.00492,0.01253,0.00937,0.00176
865.210022,0.00205,0.00182,0.00484,0.012669999,0.00962,0.00167
865.5200195,0.0022,0.00202,0.00512,0.01268,0.00986,0.0019
865.8400269,0.0023,0.00211,0.00522,0.01253,0.00983,0.00191
866.1500244,0.00249,0.00263,0.00541,0.01269,0.01015,0.0019
866.460022,0.00254,0.00243,0.00517,0.01265,0.010039999,0.00177
866.7700195,0.00255,0.00244,0.0053,0.012510001,0.00991,0.00176
867.0800171,0.00251,0.0026,0.00533,0.01276,0.01003,0.00181
867.4000244,0.00267,0.00277,0.0057,0.01289,0.00988,0.00218
867.710022,0.00252,0.00268,0.0058,0.012990001,0.00982,0.00222
868.0200195,0.00237,0.00269,0.00583,0.013049999,0.00975,0.00236
868.3300171,0.00225,0.00254,0.00607,0.013200001,0.00975,0.00281
868.6400146,0.00219,0.00273,0.0063,0.01324,0.00986,0.00313
868.960022,0.00219,0.00271,0.00623,0.01313,0.00991,0.00316
869.2700195,0.00214,0.00255,0.00607,0.012990001,0.00978,0.00295
869.5800171,0.00193,0.0024,0.0058,0.01283,0.00968,0.00264
869.8900146,0.00191,0.00215,0.0056,0.01271,0.00959,0.00235
870.2000122,0.00196,0.00223,0.00572,0.01276,0.00964,0.00256
870.5100098,0.00207,0.00239,0.00573,0.01284,0.00959,0.00264
870.8200073,0.00218,0.0023,0.00576,0.01293,0.00947,0.0026
871.1400146,0.00203,0.00228,0.00557,0.01289,0.00939,0.00248
871.4500122,0.00246,0.00253,0.00571,0.012949999,0.00935,0.0024
871.7600098,0.00256,0.00232,0.00579,0.01309,0.0091,0.00252
872.0700073,0.00248,0.00228,0.00578,0.013409999,0.00909,0.00258
872.3800049,0.00264,0.00198,0.00576,0.01345,0.00904,0.00232
872.6900024,0.00253,0.00186,0.0055,0.01344,0.00911,0.00226
873,0.00235,0.00171,0.00552,0.013359999,0.00904,0.00215
873.3099976,0.00246,0.00187,0.00579,0.01354,0.00901,0.00228
873.6300049,0.00206,0.00176,0.00581,0.01347,0.00892,0.00241
873.9400024,0.00183,0.00184,0.00553,0.01348,0.00908,0.00237
874.25,0.00207,0.00215,0.00568,0.01327,0.00884,0.00237
874.5599976,0.00216,0.00274,0.00564,0.01349,0.00901,0.00242
874.8699951,0.00223,0.00283,0.00568,0.01327,0.00885,0.00246
875.1799927,0.00199,0.00271,0.00546,0.01323,0.00875,0.00246
875.4899902,0.0017,0.00232,0.00511,0.012970001,0.00841,0.00238
875.7999878,0.00192,0.00224,0.0053,0.01296,0.0084,0.00244
876.1099854,0.00211,0.00245,0.00545,0.01275,0.00833,0.00236
876.4199829,0.00219,0.00247,0.00558,0.01278,0.00863,0.00246
876.7299805,0.00202,0.00239,0.00576,0.01258,0.00852,0.00256
877.039978,0.00237,0.00223,0.00583,0.012619999,0.00854,0.00283
877.3499756,0.00269,0.0024,0.00591,0.01249,0.00875,0.00284
877.6599731,0.00297,0.00265,0.00593,0.012359999,0.0091,0.00294
877.9699707,0.00299,0.00271,0.00615,0.01244,0.00903,0.00309
878.2800293,0.00276,0.00249,0.00597,0.01254,0.00877,0.00308
878.5900269,0.00246,0.0023,0.00579,0.01229,0.00843,0.0027
878.9000244,0.0024,0.00191,0.00571,0.012309999,0.00835,0.00253
879.210022,0.00223,0.0025,0.00595,0.01239,0.00858,0.00231
879.5200195,0.00204,0.00242,0.00589,0.01238,0.00826,0.00206
879.8300171,0.00192,0.00237,0.00608,0.01258,0.00804,0.00217
880.1400146,0.00169,0.00222,0.00579,0.0125,0.00811,0.00188
880.4500122,0.00193,0.00237,0.00595,0.012309999,0.00846,0.00192
880.7600098,0.00199,0.00267,0.00586,0.0126,0.00857,0.00212
881.0700073,0.00213,0.00276,0.00577,0.01254,0.00858,0.00223
881.3800049,0.00193,0.00264,0.00566,0.01255,0.00839,0.00196
881.6900024,0.00225,0.00289,0.00581,0.01293,0.00863,0.00217
882,0.00239,0.00282,0.00569,0.012999999,0.00851,0.00184
882.3099976,0.00257,0.00287,0.00551,0.01291,0.00862,0.00197
882.6199951,0.00252,0.00266,0.00572,0.01302,0.00878,0.00212
882.9299927,0.00239,0.00232,0.00586,0.013049999,0.00873,0.00233
883.2399902,0.00203,0.00214,0.00568,0.01293,0.00852,0.00221
883.5499878,0.00209,0.00158,0.00571,0.01293,0.00857,0.00241
883.8599854,0.00226,0.00175,0.00619,0.01311,0.00897,0.00284
884.1699829,0.00211,0.00178,0.00638,0.01347,0.00918,0.00287
884.4799805,0.00219,0.00196,0.00663,0.01385,0.009459999,0.0028
884.789978,0.00212,0.00215,0.00668,0.01396,0.00931,0.0027
885.0900269,0.00215,0.00215,0.00639,0.01391,0.009430001,0.00254
885.4000244,0.00247,0.00248,0.0066,0.01422,0.00971,0.00255
885.710022,0.00251,0.00273,0.00661,0.01424,0.0098,0.00265
886.0200195,0.00215,0.00259,0.00612,0.01418,0.0096,0.00231
886.3300171,0.00246,0.00272,0.00613,0.014119999,0.00971,0.00219
886.6400146,0.00249,0.0027,0.00613,0.013990001,0.0096,0.0024
886.9500122,0.00265,0.00278,0.0061,0.01421,0.01008,0.00261
887.2600098,0.00269,0.0028,0.00643,0.01443,0.01027,0.00265
887.5700073,0.00269,0.00254,0.00642,0.01424,0.01041,0.00293
887.8699951,0.00242,0.00233,0.00633,0.01418,0.01035,0.00255
888.1799927,0.00262,0.0024,0.00642,0.01417,0.01044,0.00255
888.4899902,0.00279,0.00241,0.0066,0.014140001,0.010729999,0.00287
888.7999878,0.00261,0.00224,0.00651,0.01411,0.0108,0.00263
889.1099854,0.00245,0.0023,0.00643,0.01403,0.010570001,0.00241
889.4199829,0.00248,0.00258,0.00624,0.01396,0.01042,0.0023
889.7199707,0.00192,0.00234,0.00582,0.014099999,0.01011,0.00198
890.0300293,0.00212,0.00256,0.00588,0.01426,0.01022,0.00225
890.3400269,0.00216,0.00245,0.00606,0.01426,0.010319999,0.00212
890.6500244,0.00204,0.00252,0.00616,0.01416,0.01026,0.00212
890.960022,0.00212,0.00282,0.00612,0.014140001,0.01054,0.00205
891.2700195,0.00221,0.00248,0.00605,0.01406,0.010629999,0.00212
891.5700073,0.00187,0.00202,0.00607,0.013940001,0.010720001,0.00197
891.8800049,0.0024,0.00246,0.00654,0.01387,0.01115,0.00191
892.1900024,0.00233,0.00251,0.00656,0.01426,0.01154,0.00184
892.5,0.00197,0.00211,0.0063,0.01393,0.01125,0.00189
892.7999878,0.00175,0.00193,0.00595,0.01377,0.011059999,0.00169
893.1099854,0.00172,0.00197,0.00612,0.013890001,0.010989999,0.00206
893.4199829,0.00151,0.00201,0.00602,0.01395,0.01085,0.00205
893.7299805,0.00174,0.00229,0.00599,0.01402,0.01107,0.00255
894.039978,0.00146,0.00216,0.00596,0.014199999,0.01085,0.00275
894.3400269,0.00165,0.00199,0.00595,0.01381,0.01043,0.00284
894.6500244,0.0018,0.00251,0.00587,0.01393,0.01059,0.00285
894.960022,0.002,0.00273,0.00601,0.01421,0.01079,0.00305
895.2600098,0.00219,0.00263,0.00621,0.01417,0.010670001,0.00299
895.5700073,0.00232,0.00292,0.00627,0.01439,0.01069,0.00309
895.8800049,0.00289,0.00302,0.00621,0.01449,0.01069,0.00298
896.1900024,0.00303,0.00302,0.00631,0.01428,0.0108,0.00275
896.4899902,0.00299,0.00315,0.00642,0.01429,0.0108,0.00249
896.7999878,0.00293,0.00297,0.00636,0.01418,0.01033,0.00235
897.1099854,0.0029,0.00293,0.00659,0.01424,0.01046,0.00249
897.4199829,0.00266,0.00281,0.00629,0.01408,0.0104,0.0025
897.7199707,0.00297,0.00274,0.00632,0.013990001,0.01042,0.00232
898.0300293,0.00268,0.00288,0.00657,0.0139,0.01021,0.00213
898.3400269,0.00265,0.00274,0.00605,0.0139,0.01013,0.00217
898.6400146,0.00229,0.00269,0.00569,0.013710001,0.01002,0.00242
898.9500122,0.00213,0.0026,0.00576,0.0137,0.01006,0.00253
899.2600098,0.00207,0.00245,0.0056,0.013710001,0.00987,0.00221
899.5599976,0.002,0.00242,0.00552,0.013710001,0.00948,0.0021
899.8699951,0.0015,0.00205,0.0057,0.01342,0.00923,0.00198
900.1799927,0.00117,0.00195,0.00533,0.01347,0.00915,0.00208
900.4799805,0.0012,0.00213,0.00565,0.01332,0.00915,0.00214
900.789978,0.00154,0.00207,0.00579,0.013459999,0.00929,0.00194
901.0999756,0.0019,0.00211,0.00595,0.01354,0.00982,0.00202
901.4000244,0.00161,0.00214,0.00562,0.01316,0.00966,0.00191
901.710022,0.00193,0.00227,0.00573,0.01337,0.0101,0.0023
902.0100098,0.00209,0.00255,0.00549,0.01348,0.00999,0.00262
902.3200073,0.00223,0.00261,0.00586,0.01368,0.01028,0.00302
902.6300049,0.00238,0.00291,0.00617,0.01411,0.01052,0.0032
902.9299927,0.00248,0.00302,0.00617,0.0143,0.0106,0.00331
903.2399902,0.00277,0.0032,0.00618,0.01441,0.01091,0.00349
903.539978,0.00333,0.00355,0.00645,0.0149,0.01124,0.00404
903.8499756,0.00319,0.00336,0.00656,0.01501,0.011039999,0.00361
904.1599731,0.00362,0.00366,0.00657,0.015149999,0.01149,0.00373
904.460022,0.00362,0.00343,0.0062,0.01474,0.011030001,0.00332
904.7700195,0.00372,0.00322,0.00616,0.01467,0.01085,0.00335
905.0700073,0.00373,0.00322,0.00646,0.01439,0.01079,0.00374
905.3800049,0.00335,0.00375,0.00655,0.014570001,0.01046,0.00373
905.6799927,0.00325,0.00358,0.00672,0.01477,0.01035,0.0037
905.9899902,0.0033,0.00363,0.00679,0.01487,0.01006,0.00392
906.2999878,0.00301,0.0037,0.00709,0.01503,0.00975,0.00403
906.5999756,0.0029,0.00354,0.00707,0.01535,0.00975,0.0041
906.9099731,0.00224,0.00307,0.00653,0.01508,0.009,0.00369
907.210022,0.00191,0.00267,0.00611,0.015099999,0.00884,0.0032
907.5200195,0.00197,0.00197,0.00617,0.01501,0.0086,0.0031
907.8200073,0.00154,0.00194,0.00608,0.01461,0.00832,0.00289
908.1300049,0.00152,0.00197,0.00596,0.01474,0.00865,0.00263
908.4299927,0.00146,0.00167,0.0058,0.014630001,0.008690001,0.00237
908.7399902,0.00166,0.00151,0.00597,0.01429,0.00846,0.00233
909.039978,0.00228,0.00202,0.0063,0.01446,0.008909999,0.00256
909.3499756,0.0023,0.0021,0.00642,0.01456,0.00877,0.00282
909.6500244,0.00269,0.00197,0.00651,0.01461,0.00865,0.00289
909.960022,0.00302,0.00203,0.00672,0.01486,0.00889,0.00299
910.2600098,0.00342,0.00224,0.00688,0.01449,0.0087,0.00321
910.5700073,0.00369,0.00215,0.00717,0.014359999,0.008669999,0.00337
910.8699951,0.00384,0.00254,0.00744,0.01503,0.00917,0.00352
911.1799927,0.00379,0.00247,0.00729,0.01486,0.00922,0.00359
911.4799805,0.00405,0.00284,0.00766,0.01501,0.00954,0.00374
911.789978,0.00369,0.00298,0.00754,0.01512,0.00968,0.00359
912.0900269,0.00367,0.00237,0.00736,0.01461,0.0094,0.00324
912.3900146,0.00286,0.002,0.00685,0.01408,0.00916,0.0028
912.7000122,0.00255,0.00204,0.00658,0.014099999,0.00902,0.00215
913,0.00264,0.00226,0.00697,0.01376,0.00931,0.00247
913.3099976,0.0024,0.00209,0.00714,0.01349,0.009459999,0.00233
913.6099854,0.00249,0.00177,0.00667,0.01319,0.00905,0.00217
913.9199829,0.0023,0.00139,0.00636,0.012920001,0.00889,0.00206
914.2199707,0.0028,0.00206,0.00637,0.01332,0.00913,0.00222
914.5200195,0.00316,0.00204,0.00675,0.0138,0.009330001,0.00231
914.8300171,0.00306,0.00193,0.00689,0.01398,0.00969,0.00291
915.1300049,0.00293,0.00175,0.00635,0.01393,0.009430001,0.00269
915.4400024,0.00355,0.00225,0.00652,0.014450001,0.00957,0.00266
915.7399902,0.00357,0.00239,0.00671,0.01465,0.00999,0.00251
916.039978,0.00382,0.00304,0.00725,0.014939999,0.01018,0.00298
916.3499756,0.00296,0.00249,0.00704,0.01429,0.010089999,0.00309
916.6500244,0.00321,0.00312,0.00725,0.01465,0.01086,0.00373
916.960022,0.00392,0.00375,0.00777,0.01492,0.0114,0.00387
917.2600098,0.00436,0.00406,0.00832,0.01505,0.01153,0.00381
917.5599976,0.00413,0.00399,0.00883,0.01509,0.01154,0.00425
917.8699951,0.0041,0.00434,0.00902,0.01507,0.011569999,0.00465
918.1699829,0.00406,0.00427,0.00902,0.014730001,0.0113,0.00422
918.4699707,0.00478,0.00454,0.009430001,0.01535,0.01125,0.00419
918.7800293,0.00446,0.00388,0.00915,0.014789999,0.01039,0.00379
919.0800171,0.004,0.00346,0.00846,0.01426,0.00953,0.00343
919.3800049,0.00354,0.00272,0.00816,0.01354,0.00909,0.00281
919.6900024,0.00348,0.00229,0.00754,0.01321,0.0088,0.00294
919.9899902,0.00395,0.00209,0.0074,0.0135,0.00899,0.00287
920.289978,0.00358,0.00178,0.00719,0.01338,0.00893,0.00276
920.5900269,0.00315,0.00179,0.00713,0.01321,0.00918,0.00247
920.9000244,0.00339,0.00182,0.00711,0.01321,0.00944,0.00258
921.2000122,0.00316,0.00146,0.00732,0.013250001,0.00963,0.0027
921.5,0.00275,0.00174,0.00687,0.01353,0.009959999,0.00315
921.8099976,0.00268,0.00222,0.00713,0.013689999,0.010369999,0.00308
922.1099854,0.00231,0.00174,0.00711,0.013569999,0.01013,0.00268
922.4099731,0.00227,0.00138,0.00664,0.01345,0.01041,0.00268
922.710022,0.00248,0.00163,0.00678,0.01354,0.010240001,0.00289
923.0200195,0.00254,0.00197,0.00703,0.013150001,0.0099,0.00289
923.3200073,0.00313,0.00261,0.00775,0.01349,0.01017,0.00312
923.6199951,0.0034,0.00264,0.00789,0.01368,0.01006,0.00281
923.9199829,0.0031,0.00207,0.00752,0.01314,0.00991,0.0022
924.2299805,0.00329,0.00231,0.00756,0.013350001,0.00959,0.00232
924.5300293,0.00332,0.00265,0.00776,0.013459999,0.00916,0.00268
924.8300171,0.00346,0.00323,0.00776,0.0137,0.00958,0.00287
925.1300049,0.00318,0.00343,0.00776,0.01429,0.01007,0.00318
925.4400024,0.00256,0.0029,0.00722,0.014,0.00977,0.0027
925.7399902,0.00265,0.00308,0.00769,0.01423,0.01006,0.0031
926.039978,0.00266,0.00331,0.00803,0.01455,0.01038,0.00348
926.3400269,0.0021,0.00351,0.008119999,0.01393,0.01053,0.00369
926.6400146,0.00225,0.00372,0.00837,0.013710001,0.01095,0.00393
926.9500122,0.00214,0.00283,0.00813,0.01286,0.01036,0.0032
927.25,0.00208,0.0026,0.00784,0.01243,0.01013,0.00255
927.5499878,0.00273,0.0032,0.00792,0.01201,0.01051,0.0031
927.8499756,0.00262,0.00328,0.00773,0.011569999,0.01042,0.00326
928.1500244,0.0031,0.00326,0.00731,0.011569999,0.00991,0.00304
928.460022,0.00324,0.00328,0.00725,0.01164,0.01006,0.0032
928.7600098,0.00353,0.00286,0.00703,0.011569999,0.01018,0.00292
929.0599976,0.00346,0.00313,0.0069,0.01169,0.010249999,0.00309
929.3599854,0.00347,0.00365,0.00711,0.012180001,0.01061,0.00329
929.6599731,0.00305,0.0034,0.00658,0.01243,0.010779999,0.00335
929.960022,0.00359,0.0031,0.00661,0.0126,0.0108,0.00327
930.2600098,0.0029,0.0025,0.00648,0.01206,0.01039,0.0028
930.5700073,0.00299,0.00228,0.00685,0.012259999,0.010679999,0.00256
930.8699951,0.00287,0.00279,0.00711,0.01265,0.01069,0.00258
931.1699829,0.00253,0.00258,0.00679,0.012999999,0.01041,0.00257
931.4699707,0.00236,0.00197,0.00646,0.01286,0.01052,0.00247
931.7700195,0.00168,0.00143,0.00622,0.01235,0.009670001,0.00181
932.0700073,0.001,0.00171,0.00548,0.01189,0.00936,0.0017
932.3699951,0.00162,0.00255,0.00586,0.01234,0.00969,0.00221
932.6699829,0.00159,0.00288,0.0052,0.01179,0.00953,0.00199
932.9699707,0.00176,0.00345,0.00503,0.01191,0.00954,0.00177
933.2700195,0.0019,0.00405,0.00506,0.0118,0.00987,0.00245
933.5800171,0.00238,0.00394,0.00495,0.0115,0.00961,0.00274
933.8800049,0.00347,0.00548,0.00575,0.012150001,0.0104,0.00356
934.1799927,0.00331,0.00552,0.00587,0.01244,0.010620001,0.00347
934.4799805,0.00313,0.00551,0.00551,0.01271,0.0106,0.00357
934.7800293,0.00271,0.00561,0.00559,0.01281,0.010670001,0.00361
935.0800171,0.0028,0.00511,0.00534,0.012469999,0.01079,0.0036
935.3800049,0.00249,0.00529,0.00572,0.01228,0.01084,0.00365
935.6799927,0.00269,0.00632,0.00639,0.01328,0.01107,0.00412
935.9799805,0.00178,0.00548,0.00548,0.012619999,0.010290001,0.00315
936.2800293,0.00191,0.00554,0.00573,0.01287,0.00974,0.00269
936.5800171,0.00207,0.00566,0.0061,0.0128,0.009509999,0.00291
936.8800049,0.00243,0.00585,0.00602,0.01276,0.00922,0.00301
937.1799927,0.00182,0.00527,0.00521,0.01193,0.00783,0.0028
937.4799805,0.00173,0.00475,0.0044,0.011720001,0.00735,0.00203
937.7800293,0.00151,0.00435,0.00415,0.01128,0.00729,0.00106
938.0800171,0.00177,0.00452,0.00454,0.01181,0.00733,0.00182
938.3800049,0.00194,0.00455,0.00418,0.01122,0.0073,0.00196
938.6799927,0.00098,0.00403,0.00345,0.011089999,0.0074,0.00136
938.9799805,0.00063,0.00352,0.00384,0.01122,0.00723,0.00136
939.2800293,0.00058,0.00437,0.00465,0.0121,0.00849,0.00161
939.5800171,0.00176,0.00444,0.00537,0.01219,0.00928,0.00255
939.8800049,0.00214,0.0048,0.00499,0.01234,0.00901,0.00293
940.1799927,0.00276,0.00466,0.00524,0.01235,0.00954,0.00289
940.4799805,0.00242,0.00397,0.00482,0.011870001,0.00926,0.00251
940.7800293,0.00378,0.00471,0.00533,0.01233,0.00927,0.00266
941.0800171,0.0037,0.00477,0.00491,0.012619999,0.009330001,0.00179
941.3800049,0.00366,0.00427,0.00459,0.01189,0.0091,0.00183
941.6799927,0.00267,0.00388,0.0038,0.01135,0.00825,0.00146
941.9799805,0.00199,0.00277,0.0032,0.0101,0.00794,0.00097
942.2700195,0.00166,0.00265,0.00304,0.00999,0.00761,0.00098
942.5700073,0.00188,0.00314,0.00401,0.01051,0.00801,0.00145
942.8699951,0.00098,0.00278,0.00362,0.00973,0.00752,0.00164
943.1699829,0.0019,0.00378,0.00356,0.009670001,0.007879999,0.00304
943.4699707,0.00205,0.00321,0.00341,0.00971,0.00763,0.00284
943.7700195,0.00175,0.00332,0.0031,0.00985,0.00708,0.00257
944.0700073,0.00223,0.00394,0.00398,0.01,0.00751,0.0038
944.3699951,0.00139,0.00411,0.00303,0.00949,0.00713,0.00278
944.6699829,0.00084,0.00402,0.00202,0.009430001,0.00684,0.00244
944.9699707,0.00043,0.00376,0.00175,0.00901,0.00655,0.00236
945.2600098,-0.00012,0.0025,0.00143,0.00896,0.00578,0.00221
945.5599976,0.00023,0.00296,0.00249,0.00971,0.00559,0.00225
945.8599854,0.00018,0.00279,0.00354,0.010369999,0.00582,0.00214
946.1599731,-0.00014,0.00205,0.00271,0.01105,0.0055,0.00215
946.460022,0.00067,0.00134,0.00322,0.01113,0.0049,0.00275
946.7600098,0.00055,0.0006,0.00323,0.01087,0.00496,0.0026
947.0499878,0.00209,0.00081,0.00423,0.01164,0.00639,0.00354
947.3499756,0.00225,0.00166,0.00435,0.011390001,0.00639,0.00313
947.6500244,0.00241,0.00222,0.00364,0.011469999,0.00633,0.00371
947.9500122,0.00283,0.00254,0.00245,0.01128,0.00662,0.00356
948.25,0.00315,0.00302,0.00284,0.0109,0.00684,0.00249
948.5499878,0.00234,0.00328,0.00263,0.01052,0.00683,0.00126
948.8400269,0.00338,0.00461,0.00357,0.011519999,0.00686,0.00233
949.1400146,0.00209,0.00381,0.00281,0.00985,0.00538,0.00101
949.4400024,0.00217,0.0029,0.00283,0.00963,0.0056,0.00134
949.7399902,0.00214,0.00235,0.00267,0.00902,0.00574,0.00093
950.039978,0.00204,0.00226,0.00324,0.00861,0.00499,0.00075
950.3300171,0.00157,0.00187,0.00357,0.00894,0.00452,0.001
950.6300049,0.00157,0.00221,0.00316,0.009430001,0.0052,0.0015
950.9299927,0.00128,0.00139,0.00231,0.00781,0.00501,0.00092
951.2299805,0.00146,0.0019,0.00146,0.00898,0.00531,0.00096
951.5200195,0.00047,0.00147,0.0013,0.00838,0.00452,6.00E-05
951.8200073,0,0.0008,0.00088,0.00791,0.00402,-0.00048
952.1199951,-0.0007,0.00041,2.00E-05,0.00715,0.00446,-0.00065
952.4199829,-0.00048,0.00123,-0.00032,0.00733,0.00416,-0.00015
952.710022,0.00044,0.00083,0.00109,0.00796,0.00428,0.00066
953.0100098,0.00078,0.0012,0.00145,0.00866,0.00456,0.00164
953.3099976,0.00079,0.00118,0.00183,0.00901,0.0046,0.00209
953.6099854,0.00142,0.002,0.00172,0.00915,0.00541,0.00266
953.9000244,0.00203,0.00282,0.00214,0.00964,0.00546,0.00366
954.2000122,0.00319,0.00322,0.00419,0.01133,0.00634,0.00499
954.5,0.00294,0.00261,0.00382,0.011089999,0.00595,0.00466
954.789978,0.00334,0.00211,0.00253,0.01059,0.00538,0.00428
955.0900269,0.00343,0.0023,0.00286,0.010720001,0.00624,0.00356
955.3900146,0.00433,0.00259,0.00361,0.01081,0.00697,0.00394
955.6799927,0.00435,0.0032,0.00427,0.01105,0.00682,0.00444
955.9799805,0.00314,0.00258,0.00397,0.01064,0.00643,0.00312
956.2800293,0.00185,0.00161,0.00166,0.00972,0.00545,0.00172
956.5700073,0.00214,0.00166,0.00146,0.00928,0.00633,0.00161
956.8699951,0.0015,0.00235,0.00144,0.0094,0.00661,0.0021
957.1699829,-0.00083,0.00153,0.00031,0.00839,0.00458,0.00147
957.460022,-0.00248,0.00202,-0.00023,0.00849,0.00415,0.00113
957.7600098,-0.00339,0.00028,-0.00141,0.00884,0.00418,-0.00019
958.0599976,-0.00283,0.00077,-0.00214,0.0087,0.00374,-0.00039
958.3499756,-0.00131,0.00183,-0.00074,0.00873,0.00389,0.00071
958.6500244,-0.00066,0.00187,0.00049,0.00979,0.00352,0.00121
958.9500122,-0.00163,0.00102,0.00047,0.009,0.00304,0.00044
959.2399902,0.00062,0.00041,0.0009,0.00985,0.00385,0.0004
959.539978,0.00159,0.00053,0.00165,0.00995,0.00414,0.00042
959.8300171,0.00305,0.00166,0.00271,0.01012,0.00459,0.00206
960.1300049,0.00307,0.00213,0.00398,0.01044,0.00596,0.00325
960.4299927,0.00255,0.00204,0.00358,0.01095,0.00531,0.00317
960.7199707,0.00153,0.00123,0.00244,0.00986,0.00486,0.00228
961.0200195,0.00279,0.00235,0.00288,0.01075,0.00568,0.00353
961.3099976,0.00186,0.00314,0.00233,0.01101,0.00526,0.00391
961.6099854,0.00231,0.00263,0.00178,0.01074,0.00448,0.00336
961.9000244,0.0006,0.00187,0.00074,0.00994,0.00289,0.00105
962.2000122,0.00112,0.00175,0.00165,0.01091,0.00288,0.00149
962.5,0.00147,0.00073,0.00118,0.01069,0.0031,0.00089
962.789978,0.0019,0.00237,0.0032,0.011390001,0.00374,0.00205
963.0900269,0.00048,0.00147,0.00354,0.00993,0.00268,0.00109
963.3800049,0.00103,0.00155,0.00399,0.00976,0.0034,0.0015
963.6799927,0.00142,0.00114,0.00504,0.010240001,0.00421,0.00175
963.9699707,0.00276,0.00192,0.00528,0.010679999,0.00533,0.00365
964.2700195,0.00212,0.00126,0.0045,0.01046,0.00544,0.00318
964.5599976,0.00287,0.00295,0.00557,0.01119,0.00562,0.0041
964.8599854,0.0034,0.00255,0.00253,0.010369999,0.00485,0.00375
965.1500244,0.00424,0.00196,0.00086,0.01053,0.00426,0.00385
965.4500122,0.0047,0.00193,0.00095,0.00978,0.00362,0.00415
965.7399902,0.0035,0.00177,-0.00048,0.00746,0.00237,0.00422
966.039978,0.00326,0.00102,-0.0006,0.00716,0.00156,0.00309
966.3300171,0.00425,0.00161,-0.00084,0.00691,0.00166,0.00336
966.6300049,0.0038,0.0009,-0.0007,0.00539,0.00221,0.00288
966.9199829,0.00322,0.00115,0.001,0.00561,0.00312,0.00336
967.2199707,0.00399,0.00208,0.00182,0.00577,0.00433,0.00314
967.5100098,0.00317,0.00127,0.00143,0.00644,0.00457,0.00176
967.8099976,0.00286,0.00098,0.00187,0.00761,0.00418,0.00104
968.0999756,0.00383,0.00172,0.00231,0.00747,0.00398,0.00075
968.4000244,0.003,0.0017,0.00143,0.00635,0.00253,-0.00015
968.6900024,0.00179,0.00166,0.00054,0.00702,0.00101,-0.00017
968.9799805,0.00233,0.00168,0.0005,0.00713,0.00066,-0.00096
969.2800293,0.00118,0.00189,-0.00032,0.00717,-7.00E-05,-0.00051
969.5700073,0.00166,0.00306,-0.0004,0.00794,7.00E-05,-0.00042
969.8699951,0.00186,0.00397,-0.0009,0.008590001,0.00016,0.0006
970.1599731,0.00125,0.00407,-0.00049,0.00871,0.00112,0.00258
970.460022,0.00113,0.00332,-0.00094,0.00997,0.00109,0.0022
970.75,0.00196,0.00248,-0.00082,0.009409999,0.00227,0.00265
971.039978,0.00082,0.00141,-0.00063,0.00873,0.00204,0.0031
971.3400269,0.00135,0.0013,0.00087,0.00964,0.0031,0.00351
971.6300049,0.00197,0.00114,0.00096,0.00932,0.00263,0.00468
971.9299927,0.00243,0.00083,0.00089,0.008690001,0.00309,0.00446
972.2199707,0.0025,0,0.0023,0.00935,0.00246,0.00413
972.5100098,0.00249,0.00108,0.00328,0.00935,0.00233,0.00449
972.8099976,0.00322,0.00226,0.00342,0.010299999,0.0022,0.00409
973.0999756,0.00436,0.00106,0.00216,0.010770001,0.00315,0.00475
973.3900146,0.00299,-8.00E-05,0.0008,0.008309999,0.00127,0.00305
973.6900024,0.00207,0.00081,0.00081,0.00742,0.00246,0.0028
973.9799805,0.00181,0.00044,0.00154,0.00751,0.00365,0.00239
974.2700195,0.0005,0.00021,-0.00165,0.00574,0.002,0.001
974.5700073,0.00092,0.00074,-0.00128,0.00524,0.00309,0.00226
974.8599854,0.00081,0.00016,-0.00153,0.00521,0.00288,0.0033
975.1500244,-0.00089,0.00046,-0.00132,0.0048,0.00159,0.00172
975.4500122,0.00116,0.00161,-0.00079,0.00669,0.00284,0.00314
975.7399902,0.00169,0.00123,0.00055,0.00712,0.00301,0.00239
976.0300293,0.00235,0.00101,-0.00021,0.00706,0.00265,0.00275
976.3300171,0.00206,0.00205,0.00071,0.00706,0.00373,0.00246
976.6199951,0.00298,0.00236,0.0016,0.00778,0.00514,0.0031
976.9099731,0.00067,0.00226,0.00053,0.0048,0.00515,-0.00014
977.210022,0.00064,0.00213,6.00E-05,0.00386,0.00474,-0.00135
977.5,0.00108,0.00296,0.00151,0.00484,0.00579,4.00E-05
977.789978,0.00151,0.00304,0.00024,0.00509,0.00545,0.00221
978.0800171,0.00103,0.00463,-1.00E-05,0.00563,0.00565,0.00359
978.3800049,0.00267,0.00433,0.00167,0.00685,0.00626,0.00427
978.6699829,0.00233,0.00436,0.00141,0.0063,0.0064,0.00452
978.960022,0.00529,0.00589,0.00363,0.010650001,0.0089,0.008450001
979.25,0.00748,0.00706,0.00512,0.01193,0.00981,0.010299999
979.5499878,0.00704,0.00591,0.00454,0.01143,0.00877,0.00911
979.8400269,0.00733,0.00414,0.00421,0.0114,0.007850001,0.00796
980.1300049,0.00813,0.00258,0.00462,0.010670001,0.00586,0.00675
980.4199829,0.00834,0.00103,0.00258,0.011080001,0.00448,0.00631
980.710022,0.00784,-0.00127,0.00067,0.01064,0.00213,0.00402
981.0100098,0.00724,-0.00176,-0.00103,0.00818,0.00108,0.00333
981.2999878,0.00486,-0.00307,-0.00204,0.00629,-0.00104,0.00159
981.5900269,0.00339,-0.00241,-0.00324,0.00559,-0.00242,0.00056
981.8800049,0.00143,-0.00166,-0.00411,0.00451,-0.00396,-0.00105
982.1799927,0.00228,-0.00022,-0.00383,0.0045,-0.00229,-0.00092
982.4699707,0.00129,0.00197,-0.00289,0.0061,0.00137,-0.00126
982.7600098,0.00024,0.00268,-0.00228,0.00588,0.0011,-0.00132
983.0499878,-0.00176,0.00071,-0.00285,0.00457,-0.00067,-0.00429
983.3400269,-0.0015,0.00103,-0.00492,0.00478,-0.00057,-0.00373
983.6300049,-0.00025,-1.00E-05,-0.005,0.00404,-0.00184,-0.00317
983.9299927,0.00095,-0.00043,-0.00367,0.00378,-0.00145,-0.00259
984.2199707,-0.00037,-0.00088,-0.00357,0.00448,-0.00072,-0.00248
984.5100098,0.00021,-0.00123,-0.00407,0.00144,-0.00272,-0.00157
984.7999878,0.00156,-0.0021,-0.00454,0.00043,-0.00217,-0.00099
985.0900269,0.00168,-0.00331,-0.00475,-0.00078,-0.00394,0.00029
985.3800049,0.00225,-0.00244,-0.00278,-0.00013,-0.00267,0.00043
985.6699829,0.00071,-0.00201,-0.00285,8.00E-05,-0.00013,-0.0002
985.960022,-0.00048,-0.00103,-0.00378,0.00031,3.00E-05,-0.00107
986.2600098,-0.00164,-0.00235,-0.00467,-0.00085,-0.00414,-0.00065
986.5499878,-0.00141,-0.00212,-0.00526,-0.00034,-0.00568,-0.0006
986.8400269,-0.00193,-0.00095,-0.0063,0.00107,-0.00612,2.00E-05
987.1300049,-0.00125,0.00097,-0.00738,0.00361,-0.00456,0.00039
987.4199829,-0.00115,0.00112,-0.008859999,0.00363,-0.00574,-0.0003
987.710022,0.00062,0.00352,-0.00789,0.00448,-0.00425,0.00076
988,0.00259,0.00447,-0.00482,0.00739,-0.00116,0.00316
988.289978,0.00586,0.00576,-0.00564,0.00884,0.00196,0.00308
988.5800171,0.00364,0.00311,-0.00593,0.00566,0.00145,0.00285
988.8699951,0.00422,0.00399,-0.00292,0.00684,0.00226,0.00265
989.1599731,0.00459,0.00507,-0.00049,0.00821,0.0018,0.00289
989.460022,0.0043,0.00554,-0.00013,0.00746,0.00387,0.0048
989.75,0.00446,0.00388,-0.00057,0.00595,0.00194,0.00494
990.039978,0.00415,0.00177,-0.0003,0.00257,-0.00034,0.00436
990.3300171,0.00212,-0.00092,-5.00E-05,-0.00091,-0.00114,0.00253
990.6199951,0.00347,-0.00119,-0.00027,0.0004,-0.00187,0.00103
990.9099731,0.00394,-0.00246,-0.00369,-0.00251,-0.00314,0.0005
991.2000122,0.00335,-0.00105,-0.00427,-0.00343,0.00092,0.00099
991.4899902,0.00302,-0.00218,-0.00611,-0.00258,-0.00237,-0.00096
991.7800293,0.00394,-0.00486,-0.00725,-0.00326,-0.00226,-0.00203
992.0700073,0.00448,-0.00378,-0.00918,-0.00123,-0.0026,-0.00067
992.3599854,0.00519,5.00E-05,-0.00858,0.00137,-0.00313,0.00105
992.6500244,0.00326,-0.00087,-0.01055,0.00126,-0.00215,0.0011
992.9400024,0.00257,-0.00084,-0.00612,0.00233,-0.00159,8.00E-05
993.2299805,0.00282,-0.00249,-0.00678,0.00128,-0.00471,-0.00081
993.5200195,0.00535,-0.00157,-0.00378,0.00252,-0.00035,0.00025
993.8099976,0.00308,0.00141,-0.00147,0.00346,-0.00015,0.00012
994.0999756,0.00421,0.00229,-0.00128,0.00305,-0.00039,-0.00267
994.3900146,0.00644,0.00122,-0.00256,0.00304,-0.00023,-0.00256
994.6799927,0.00922,0.00161,-0.00093,0.00321,0.00047,-0.0024
994.960022,0.00866,0.00238,-0.00352,0.00427,0.00019,0.00035
995.25,0.01013,0.00241,-0.00238,0.00529,0.00082,0.00175
995.539978,0.00918,0.00292,-0.00265,0.00356,-0.00103,0.00224
995.8300171,0.01033,-0.00131,-0.00591,0.00357,-0.00094,0.00338
996.1199951,0.00796,-0.0029,-0.01015,0.00206,-0.00288,0.00532
996.4099731,0.00479,-0.00683,-0.00914,0.0007,-0.00385,0.00201
996.7000122,0.00731,-0.00215,-0.00876,0.00316,-0.00316,0.00336
996.9899902,0.0065,-0.00643,-0.01145,0.00057,-0.00642,-0.00031
997.2800293,0.00324,-0.00712,-0.012669999,-0.00137,-0.00879,-0.00358
997.5700073,0.00222,-0.009409999,-0.013040001,-0.0018,-0.00956,-0.00544
997.8599854,0.00059,-0.00635,-0.010369999,0.00078,-0.00934,-0.0044
998.1500244,0.00148,-0.00658,-0.00921,0.00067,-0.00773,-0.00484
998.4299927,-0.00016,-0.0041,-0.010930001,0.00096,-0.00815,-0.00317
998.7199707,-0.00228,-0.00492,-0.01138,-0.00066,-0.01003,-0.00176
999.0100098,0.00015,0.00034,-0.01059,0.00076,-0.00896,0.00124
999.2999878,0.00314,0.00305,-0.01022,0.00227,-0.0068,0.00546
999.5900269,0.00418,0.00526,-0.00819,0.00431,-0.00615,0.00726
999.8800049,0.00496,0.0046,-0.01314,-0.00095,-0.00928,0.00435
1000.169983,0.00287,0.00462,-0.01058,-0.00077,-0.0115,0.00476
1000.450012,0.00188,0.00204,-0.012159999,-0.002,-0.01343,0.00391
1000.73999,0.00037,0.00114,-0.01092,0.00013,-0.01118,0.00534
1001.030029,-0.00208,0.00038,-0.00936,-0.0029,-0.00744,0.00447
1001.320007,-0.00375,-0.00261,-0.007850001,-0.00351,-0.00792,0.00032
1001.609985,-0.00632,-0.00559,-0.01116,-0.00571,-0.011030001,-0.00104
1001.900024,-0.00605,-0.00469,-0.00784,-0.00291,-0.00892,-0.00066
1002.179993,-0.00253,-0.00243,-0.01056,-0.00337,-0.00657,-0.00323
1002.469971,-0.00127,-0.00271,-0.00638,-0.00518,-0.00476,-0.0028
1002.76001,-0.0008,-0.00279,-0.00695,-0.00762,-0.00714,-0.00905
1003.049988,0.00142,-0.00136,-0.00627,-0.00346,-0.00846,-0.01153
1003.340027,0.00362,-0.00237,-0.00759,-0.00156,-0.00942,-0.01012
1003.619995,0.00484,0.00157,-0.00594,-9.00E-05,-0.00939,-0.0118
1003.909973,0.00707,0.00082,-0.00388,0.00106,-0.00853,-0.01454
1004.200012,0.00495,-0.0024,-0.00386,0.00137,-0.00827,-0.0112
1004.48999,0.00714,0.00087,-0.00439,0.00424,-0.00645,-0.00704
1004.77002,0.010290001,0.00304,-0.00513,0.00592,-0.00404,-0.00102
1005.059998,0.00658,-0.00097,-0.01001,0.00041,-0.00762,0.0002
1005.349976,0.00532,-0.00073,-0.0128,-0.00574,-0.00839,-0.00074
1005.640015,0.00765,-0.0032,-0.01368,-0.00727,-0.00411,1.00E-05
1005.919983,0.00579,-0.00064,-0.01671,-0.00741,-0.00393,0.00186
1006.210022,0.00517,0.00205,-0.017270001,-0.01028,-0.00444,-0.00217
1006.5,0.00577,0.00313,-0.01911,-0.00956,-0.0048,-0.00873
1006.789978,0.004,-0.00012,-0.022299999,-0.01356,-0.01005,-0.01461
1007.070007,0.01169,0.00262,-0.01684,-0.00988,-0.00746,-0.015140001
1007.359985,0.012159999,0.00483,-0.016549999,-0.00609,-0.0077,-0.013990001
1007.650024,0.00893,0.00135,-0.019609999,-0.00569,-0.01174,-0.01133
1007.929993,0.00656,-0.00474,-0.02227,-0.010140001,-0.01516,-0.011779999
1008.219971,0.00571,-0.00644,-0.02052,-0.00555,-0.01809,-0.00947
1008.51001,0.00556,-0.0068,-0.02021,-0.00798,-0.019509999,-0.00733
1008.799988,0.00433,-0.00613,-0.019160001,-0.00787,-0.01545,-0.00556
1009.080017,-0.00331,-0.00664,-0.027780002,-0.0084,-0.019640001,-0.00563
1009.369995,-0.00524,-0.00587,-0.030989999,-0.01101,-0.020029999,-0.0068
1009.659973,0.00133,-0.00197,-0.028399998,-0.01113,-0.019619999,-0.00653
1009.940002,0.00481,0.0018,-0.02785,-0.00745,-0.01877,-0.00015
1010.22998,0.00552,0.00027,-0.027560001,-0.011360001,-0.021329999,-0.00217
1010.52002,0.00388,-0.00376,-0.028340001,-0.01349,-0.02029,-0.00303
1010.799988,0.00778,-0.00173,-0.02623,-0.00643,-0.018139999,0.00289
1011.090027,0.012259999,-0.00125,-0.018829999,-0.00563,-0.01342,0.00806
1011.369995,0.01144,-0.00128,-0.013049999,-0.00333,-0.01644,0.00873
1011.659973,0.00396,5.00E-05,-0.01367,-0.00614,-0.015690001,0.009
1011.950012,0.00311,0.00416,-0.00699,-0.00427,-0.014,0.00762
1012.22998,0.00309,0.0047,-0.0129,-0.00555,-0.01622,0.00702
1012.52002,0.00298,0.00858,-0.01206,-0.00356,-0.0188,0.009330001
1012.799988,0.00092,0.01016,-0.01442,-0.00659,-0.021609999,0.00509
1013.090027,-0.0045,0.00807,-0.01918,-0.01027,-0.02355,0.00086
1013.380005,-0.00312,0.00391,-0.017860001,-0.01432,-0.023529999,3.00E-05
1013.659973,0.00351,0.00616,-0.018960001,-0.010319999,-0.023189999,0.00263
1013.950012,0.00635,0.00606,-0.0254,-0.010319999,-0.02891,0.00118
1014.22998,0.00319,0.00326,-0.02602,-0.011879999,-0.025940001,0.00273
1014.52002,0.00298,0.00427,-0.026519999,-0.01622,-0.025829999,0.00354
1014.809998,0.0039,0.00386,-0.02465,-0.015620001,-0.028820001,0.00499
1015.090027,0.008090001,-0.00072,-0.02131,-0.018209999,-0.027560001,0.00564
1015.380005,0.00691,-0.00397,-0.027829999,-0.017819999,-0.03091,0.00636
1015.659973,0,-0.00783,-0.028870001,-0.024489999,-0.034990001,0.00262
1015.950012,-0.00018,-0.00897,-0.027209999,-0.02595,-0.029460002,0.00146
1016.22998,0.00535,-0.00121,-0.01605,-0.01682,-0.023559999,0.00338
1016.52002,0.00475,-0.00384,-0.021020001,-0.015369999,-0.026459999,0.00089
1016.799988,0.00184,-0.00948,-0.02039,-0.018509999,-0.025999999,-0.00188
1017.090027,0.00425,-0.00615,-0.02465,-0.016280001,-0.024189999,-0.00415
1017.369995,0.01049,7.00E-05,-0.019400001,-0.013739999,-0.016070001,-0.00351
1017.659973,0.0135,0.00312,-0.019379999,-0.010620001,-0.017380001,-0.00484
1017.940002,0.01159,0.00379,-0.015360001,-0.01042,-0.01667,-0.00498
1018.22998,0.01757,-0.00154,-0.017929999,-0.01156,-0.021029999,-0.00404
1018.51001,0.025350001,-0.00109,-0.014249999,-0.00782,-0.014680001,-0.00045
1018.799988,0.023910001,0.0011,-0.00847,-0.010140001,-0.01568,0.00045
1019.080017,0.021089999,-0.00133,-0.00444,-0.00354,-0.022299999,-0.00151
1019.369995,0.024219999,0.00128,-0.00152,-0.00152,-0.01708,-0.0021
1019.650024,0.02533,-0.00476,0.00199,-0.00281,-0.00956,-0.00153
1019.940002,0.02348,-0.01454,-0.0038,-0.00739,-0.019889999,-0.00774
1020.219971,0.009980001,-0.01605,-0.01661,-0.01196,-0.02342,-0.01184
1020.51001,-4.00E-05,-0.01661,-0.016170001,-0.013409999,-0.024049999,-0.015039999
1020.789978,0.00533,-0.01175,-0.022330001,-0.00527,-0.016790001,-0.01268
1021.080017,0.00806,-0.00107,-0.02342,-0.00821,-0.00915,-0.00595
1021.359985,0.00187,-0.00482,-0.02375,-0.01038,-0.01943,-0.00215
1021.640015,0.00108,-0.00576,-0.031199999,-0.00885,-0.02586,-0.00347
1021.929993,0.00024,-0.00467,-0.033659998,-0.00844,-0.02148,0.00122
1022.210022,0.00436,-0.00568,-0.02744,-0.00942,-0.017589999,0.0017
1022.5,0.00503,-0.00875,-0.031070001,-0.00954,-0.0232,0.00059
1022.780029,-0.01454,-0.03937,-0.050479997,-0.024019999,-0.04166,-0.01438
1023.070007,-0.01454,-0.03937,-0.050479997,-0.024019999,-0.04166,-0.01438
1023.349976,-0.01454,-0.03937,-0.050479997,-0.024019999,-0.04166,-0.01438