AUPE,0,0,0,0,0,0
WAC,0,0,0,0,0,0
C03,0,0,0,0,0,0
440,0,0,0,0,0,0
120,0,0,0,0,0,0
nm,0,0,0,0,0,0
Angular Dependence,0,0,0,0,0,0
Wavelengths,0,8,16,24,32,40
360.519989,-0.00432,-0.022149999,-0.082270004,-0.088490002,-0.119399995,-0.027170001
360.8999939,-0.00161,-0.015859999,-0.079910003,-0.086039998,-0.105500005,-0.02651
361.269989,-0.00853,-0.02248,-0.072530001,-0.088269994,-0.094189994,-0.028169999
361.6499939,-0.010880001,-0.033330001,-0.083959997,-0.109689996,-0.111369997,-0.047810003
362.019989,0.00822,-0.016929999,-0.084130004,-0.102180004,-0.103310004,-0.037999999
362.3999939,0.023290001,-0.01131,-0.067759998,-0.076329999,-0.091759995,-0.02108
362.769989,0.01564,-0.029679999,-0.072519995,-0.083330005,-0.1065,-0.025120001
363.1499939,0.00749,-0.041389998,-0.067419998,-0.085030004,-0.114529997,-0.02734
363.519989,0.014989999,-0.02809,-0.050359998,-0.080990002,-0.1039,-0.01633
363.8999939,0.01324,-0.020179998,-0.058559999,-0.086319998,-0.115280002,-0.01546
364.269989,0.01212,-0.025,-0.066770002,-0.081899993,-0.115659997,-0.013730001
364.6400146,0.014789999,-0.021779999,-0.054140002,-0.072690003,-0.102200001,0.00368
365.019989,-0.00957,-0.034639999,-0.063340001,-0.0889,-0.120649993,-0.016000001
365.3900146,-0.01939,-0.028900001,-0.07068,-0.102700002,-0.128179997,-0.038729999
365.769989,-0.0077,-0.02908,-0.065080002,-0.093599997,-0.125509992,-0.03957
366.1400146,-0.00216,-0.028010001,-0.056750003,-0.083479993,-0.130140007,-0.038940001
366.519989,-0.00335,-0.03204,-0.044,-0.068899997,-0.120109998,-0.027550001
366.8900146,0.022869999,-0.00798,-0.01612,-0.042029999,-0.089529999,-0.008690001
367.2600098,0.02925,-0.00909,-0.01064,-0.04507,-0.084610008,-0.024110001
367.6400146,0.034639999,-0.00091,-0.01021,-0.043670002,-0.071379997,-0.01255
368.0100098,0.04005,-0.00629,-0.01148,-0.03892,-0.056149997,-0.00601
368.3900146,0.029590001,-0.01,-0.0198,-0.04033,-0.048749998,0.00117
368.7600098,0.02132,-0.01543,-0.027899999,-0.048390001,-0.054540001,-0.00595
369.1300049,0.02949,-0.00589,-0.029820001,-0.05618,-0.050329998,-0.00319
369.5100098,0.013309999,-0.018239999,-0.046719998,-0.070310004,-0.066820003,-0.01429
369.8800049,-0.00052,-0.02434,-0.045060001,-0.075719997,-0.07057,-0.01667
370.25,0.00016,-0.026819998,-0.040009998,-0.07942,-0.070979998,-0.02602
370.6300049,-0.00056,-0.022290001,-0.03002,-0.073130004,-0.067930005,-0.019850001
371,-0.00466,-0.032190003,-0.040689997,-0.089729995,-0.077780001,-0.036040001
371.3800049,-0.01145,-0.039340001,-0.051490001,-0.088160001,-0.065049998,-0.033099998
371.75,-0.01206,-0.041479997,-0.04538,-0.073229998,-0.06143,-0.037579998
372.1199951,-0.01076,-0.051760003,-0.045539998,-0.0801,-0.05232,-0.036760002
372.5,-0.00594,-0.05015,-0.048839998,-0.068350002,-0.040240001,-0.030610001
372.8699951,-0.00566,-0.047759999,-0.054090001,-0.065880001,-0.041929998,-0.027090002
373.2399902,-0.01054,-0.057470001,-0.062419999,-0.072129995,-0.045389999,-0.036619999
373.6199951,-0.0106,-0.0469,-0.059009999,-0.062230002,-0.036570001,-0.030569999
373.9899902,-0.00752,-0.042969998,-0.050140001,-0.060079999,-0.034159999,-0.029990001
374.3599854,-0.00779,-0.037280001,-0.05421,-0.059599999,-0.02647,-0.02307
374.7399902,-0.009509999,-0.021500001,-0.044949997,-0.054759998,-0.021020001,-0.022260001
375.1099854,-0.00319,-0.01376,-0.043649998,-0.050340001,-0.020230001,-0.01914
375.480011,-0.01355,-0.01345,-0.047810003,-0.04738,-0.01646,-0.016100001
375.8599854,-0.00582,-0.00862,-0.044679999,-0.039799999,-0.00554,-0.00676
376.230011,0.00101,-0.00439,-0.042280003,-0.028410001,0.00112,0.00114
376.6000061,0.00608,-0.00045,-0.038619999,-0.01722,0.00821,0.0026
376.980011,0.008450001,-0.00261,-0.039130002,-0.017999999,0.01021,-0.00377
377.3500061,0.0115,-0.00339,-0.0469,-0.01023,0.01712,-0.00594
377.7200012,0.00842,-0.00665,-0.046739999,-0.00177,0.029690001,-0.01013
378.1000061,0.011039999,-0.01568,-0.044980001,0.00554,0.039170001,-0.011519999
378.4700012,0.01233,-0.0149,-0.037049998,0.01819,0.048860002,-0.01682
378.8399963,0.00737,-0.018850001,-0.028380001,0.02562,0.065370001,-0.022360001
379.2200012,0.0085,-0.023610001,-0.02785,0.040409997,0.086649999,-0.02578
379.5899963,0.00646,-0.02619,-0.0272,0.057800002,0.108350001,-0.024040001
379.9599915,0.00354,-0.031380001,-0.024590001,0.070830002,0.129250005,-0.019989999
380.3299866,0.00064,-0.030309999,-0.023770001,0.075740002,0.144209996,-0.01898
380.7099915,0.00797,-0.023879999,-0.01361,0.087779999,0.174459994,-0.01276
381.0799866,0.0071,-0.018060001,-0.00848,0.103590004,0.202169985,-0.00393
381.4500122,0.012200001,-0.01212,0.00196,0.110509999,0.227520004,-0.00116
381.8299866,0.00902,-0.008590001,0.0121,0.117260002,0.252429992,0.00405
382.2000122,0.00916,-0.00474,0.025350001,0.126790002,0.277669996,0.00824
382.5700073,0.0088,0.00089,0.041379999,0.138290003,0.30013001,0.00983
382.9400024,0.01307,0.00393,0.052030001,0.155550003,0.325049996,0.01206
383.3200073,0.01365,0.00749,0.072149999,0.17374,0.348279983,0.014889999
383.6900024,0.011770001,0.00747,0.084739998,0.185760006,0.366069973,0.01207
384.0599976,0.01447,0.01127,0.096809998,0.206349999,0.378390014,0.01076
384.4299927,0.019919999,0.01747,0.112700008,0.227050006,0.391240001,0.01455
384.8099976,0.01726,0.01804,0.126169994,0.245650008,0.400779992,0.01427
385.1799927,0.02011,0.022179998,0.144360006,0.272280008,0.413399994,0.016249999
385.5499878,0.020680001,0.024249999,0.168519989,0.299389988,0.425800025,0.0195
385.9200134,0.02142,0.029960001,0.183339998,0.325940013,0.439659983,0.02059
386.2999878,0.01997,0.04008,0.199669987,0.355140001,0.452519983,0.02135
386.6700134,0.017339999,0.044980001,0.215680003,0.385619998,0.471899986,0.023710001
387.0400085,0.014939999,0.056750003,0.237900004,0.416310012,0.488050014,0.023529999
387.4100037,0.02046,0.068959996,0.260610014,0.451059997,0.506479979,0.02369
387.7799988,0.02489,0.088579997,0.284720004,0.481780022,0.52741003,0.027590001
388.1600037,0.02744,0.107859999,0.302599996,0.503930032,0.539539993,0.030539999
388.5299988,0.03018,0.127279997,0.323559999,0.526989996,0.546440005,0.036140002
388.8999939,0.03706,0.146029994,0.347070009,0.546910048,0.552630007,0.045440003
389.269989,0.045339998,0.169050008,0.368800014,0.564239979,0.550490022,0.056900002
389.6499939,0.052689999,0.194120005,0.390430003,0.575980008,0.548940003,0.066569999
390.019989,0.058790002,0.223049998,0.414679974,0.582270026,0.540629983,0.080979995
390.3900146,0.063319996,0.249200001,0.436470002,0.58563,0.530489981,0.095019996
390.7600098,0.075890005,0.276679993,0.467750013,0.60036999,0.523829997,0.113710001
391.1300049,0.093520001,0.311170012,0.49575001,0.611759961,0.519109964,0.137489989
391.5,0.108409993,0.340639979,0.525569975,0.617540002,0.513809979,0.160669997
391.8800049,0.12687999,0.370789975,0.558969975,0.627470016,0.512679994,0.186650008
392.25,0.14869,0.396589994,0.584830046,0.635770023,0.513089955,0.214369997
392.6199951,0.176240012,0.427809983,0.61638999,0.651549995,0.522330046,0.245610014
392.9899902,0.206860006,0.454769999,0.644820035,0.665260017,0.529940009,0.27888
393.3599854,0.235639989,0.481730014,0.665220022,0.674430013,0.536629975,0.311040014
393.730011,0.266070008,0.503639996,0.685519993,0.682979941,0.541299999,0.343470007
394.1099854,0.302919984,0.530809999,0.696929991,0.694869995,0.542079985,0.377359986
394.480011,0.33882001,0.55813998,0.705250025,0.703209996,0.546519995,0.411559969
394.8500061,0.380120009,0.585299969,0.715999961,0.711299956,0.546829998,0.448599994
395.2200012,0.421930015,0.608470023,0.720679998,0.714069963,0.543449998,0.484809995
395.5899963,0.461089998,0.632589996,0.721650004,0.716530025,0.536109984,0.518959999
395.9599915,0.501540005,0.65733999,0.720679998,0.713970006,0.526610017,0.552969992
396.3299866,0.541189969,0.683379948,0.723099947,0.710500002,0.515049994,0.581759989
396.7099915,0.580600023,0.705619991,0.728890002,0.708029985,0.507510006,0.613399982
397.0799866,0.616129994,0.72499001,0.734499991,0.703259945,0.497859985,0.640770018
397.4500122,0.64734,0.744430006,0.739579976,0.700490057,0.48724997,0.666050017
397.8200073,0.674600005,0.759010017,0.742630005,0.694729984,0.477809995,0.687529981
398.1900024,0.703000009,0.773140013,0.751630008,0.691819966,0.473069996,0.707890034
398.5599976,0.727809966,0.78275001,0.760739982,0.691510022,0.474920005,0.726419985
398.9299927,0.745849967,0.78658998,0.765360057,0.693650007,0.482010007,0.743809938
399.2999878,0.763040006,0.789979994,0.774729967,0.696820021,0.492529988,0.759680033
399.6799927,0.781600058,0.793049991,0.782769978,0.701859951,0.509530008,0.77560997
400.0499878,0.79282999,0.792639971,0.788130045,0.70401001,0.530750036,0.786909997
400.4200134,0.80498004,0.791270018,0.793840051,0.708790004,0.555890024,0.798700035
400.7900085,0.816159964,0.78967005,0.797440052,0.714680016,0.583190024,0.809459984
401.1600037,0.826029956,0.791070044,0.800989985,0.717610002,0.613879979,0.817369998
401.5299988,0.839839995,0.793960035,0.806240022,0.720070064,0.644190013,0.826050043
401.8999939,0.846390009,0.794229984,0.806349993,0.717790008,0.673759997,0.832040012
402.269989,0.853209972,0.796449959,0.806190014,0.714730024,0.695439994,0.83566004
402.6400146,0.861429989,0.799110055,0.806119978,0.711239994,0.712300062,0.838690042
403.0100098,0.866750002,0.805299997,0.804619968,0.705500007,0.721050024,0.83882004
403.3800049,0.870869994,0.81121999,0.803990006,0.697080016,0.72420001,0.838590026
403.75,0.873290002,0.813960016,0.801309943,0.690150023,0.717109978,0.839760005
404.1199951,0.874069989,0.820169985,0.79865998,0.682619989,0.701719999,0.839850008
404.5,0.876269996,0.827929974,0.796500027,0.678430021,0.682099998,0.837419987
404.8699951,0.876060009,0.833060026,0.797119975,0.674509943,0.659609973,0.836760044
405.2399902,0.874440014,0.838430047,0.797610044,0.674530029,0.636200011,0.837360024
405.6099854,0.874619961,0.840329945,0.800019979,0.677779973,0.613179982,0.839520037
405.980011,0.873980045,0.842310011,0.801579952,0.685360014,0.58991003,0.842069983
406.3500061,0.873669982,0.845719993,0.805140018,0.694750011,0.568499982,0.843909979
406.7200012,0.872149944,0.846539974,0.80885005,0.707419991,0.551490009,0.845960021
407.0899963,0.87311995,0.843799949,0.812480032,0.722979963,0.538720012,0.850549996
407.4599915,0.874789953,0.843079984,0.812210023,0.739749968,0.530830026,0.854900002
407.8299866,0.881600022,0.844760001,0.815819979,0.756910026,0.528410017,0.861549973
408.2000122,0.88458997,0.84525001,0.81566,0.775099993,0.527830005,0.866829991
408.5700073,0.888199985,0.846390009,0.815019965,0.789120018,0.531610012,0.871010005
408.9400024,0.893229961,0.848519981,0.815119982,0.803560019,0.538479984,0.876080036
409.3099976,0.897269964,0.847689986,0.814170003,0.816080034,0.545960009,0.879680037
409.6799927,0.901839972,0.849970043,0.811480045,0.823059976,0.555260003,0.882699966
410.0499878,0.906269968,0.854100049,0.811380029,0.828130007,0.566640019,0.885910034
410.4200134,0.906530023,0.853000045,0.808079958,0.82543999,0.577109993,0.88545996
410.7900085,0.908089995,0.855039954,0.807889998,0.818880022,0.590189993,0.885969996
411.1600037,0.909100056,0.855560005,0.807060003,0.809970021,0.601050019,0.88545996
411.5299988,0.910930037,0.856330037,0.807279944,0.796649992,0.611190021,0.884660006
411.8999939,0.914079964,0.858479977,0.808809996,0.781299949,0.624339998,0.884840012
412.269989,0.915630043,0.860679984,0.813319981,0.76582998,0.636650026,0.885689974
412.6400146,0.916679978,0.861409962,0.81851995,0.749369979,0.646979988,0.885940015
413.0100098,0.917409956,0.863240004,0.823159993,0.734160006,0.657260001,0.886550009
413.3800049,0.91880995,0.864609957,0.829390049,0.720279992,0.665979981,0.886380017
413.75,0.919560015,0.866169989,0.83536005,0.707379997,0.674660027,0.88609004
414.1199951,0.919229984,0.865840018,0.843830049,0.698509991,0.685989976,0.888939977
414.4899902,0.919619977,0.866970003,0.85086,0.69216001,0.69501996,0.890839994
414.8599854,0.91861999,0.86650002,0.855350018,0.68581003,0.702470005,0.89151001
415.230011,0.91997999,0.86627996,0.859270036,0.683449984,0.710150003,0.892689943
415.6000061,0.922979951,0.866219997,0.865119994,0.683529973,0.716409981,0.895799994
415.9599915,0.924380064,0.867749989,0.868960023,0.684649944,0.722009957,0.899649978
416.3299866,0.925559998,0.868259966,0.870630026,0.689489961,0.727649987,0.903710008
416.7000122,0.925879955,0.870519996,0.868849993,0.694410026,0.729800045,0.90369004
417.0700073,0.926379979,0.871289968,0.86620003,0.699509978,0.730449975,0.905070066
417.4400024,0.927740037,0.872990012,0.862489998,0.707710028,0.730319977,0.905899942
417.8099976,0.928349972,0.873640001,0.85769999,0.715080023,0.729809999,0.907130003
418.1799927,0.929280043,0.87518996,0.850719988,0.724139988,0.727519989,0.907330036
418.5499878,0.929040015,0.875759959,0.842069983,0.73360002,0.724209964,0.906449974
418.9200134,0.930130005,0.875689983,0.833379984,0.742500007,0.720510006,0.905550003
419.2900085,0.931940019,0.877009988,0.825859964,0.751659989,0.716610014,0.90654999
419.6600037,0.933130026,0.880089998,0.819069982,0.76068002,0.713700056,0.905960023
420.0299988,0.934469998,0.881999969,0.813499987,0.768929958,0.711890042,0.907050014
420.3900146,0.935640037,0.882910013,0.808480024,0.77816999,0.708550036,0.907360017
420.7600098,0.934649944,0.883870006,0.802399993,0.784369946,0.706799984,0.907559991
421.1300049,0.935849965,0.88372004,0.798290014,0.790800035,0.705199957,0.907880008
421.5,0.936670005,0.886340022,0.797020018,0.79817003,0.704850018,0.908700049
421.8699951,0.936029971,0.885689974,0.795479953,0.803949952,0.705320001,0.90733999
422.2399902,0.936630011,0.883859992,0.793679953,0.810660005,0.706269979,0.908150017
422.6099854,0.937600017,0.883830011,0.792190015,0.816810012,0.706480026,0.907669961
422.980011,0.936610043,0.883550048,0.792490005,0.822149992,0.705799997,0.907429934
423.3500061,0.937300026,0.882200003,0.795220017,0.828339994,0.703469992,0.907190025
423.7099915,0.936810017,0.880270004,0.797399998,0.834339976,0.699410021,0.906709969
424.0799866,0.935159981,0.876359999,0.799279988,0.837119997,0.691510022,0.905250013
424.4500122,0.93700999,0.875129998,0.801770031,0.842020035,0.681910038,0.906630039
424.8200073,0.936729968,0.874170005,0.806460023,0.846090019,0.668190002,0.906620026
425.1900024,0.934589982,0.870530009,0.812629998,0.847549975,0.649020016,0.90565002
425.5599976,0.934960008,0.86777997,0.81705004,0.84860003,0.628610015,0.904540002
425.9299927,0.934670031,0.866169989,0.823379993,0.850539982,0.606590033,0.905680001
426.2900085,0.934849977,0.863820016,0.828130007,0.849849999,0.581440032,0.906419992
426.6600037,0.936829984,0.862689972,0.834429979,0.849960029,0.55596,0.908450007
427.0299988,0.936659992,0.860210061,0.839980006,0.848430037,0.529150009,0.908420026
427.3999939,0.935770035,0.856439948,0.845220029,0.845309973,0.501179993,0.907930017
427.769989,0.937300026,0.855039954,0.85017997,0.844520032,0.476619989,0.909609973
428.1400146,0.938629985,0.853630006,0.855640054,0.842969954,0.451910019,0.911299944
428.5,0.939779997,0.851670027,0.860039949,0.841320038,0.429739982,0.910279989
428.8699951,0.941659987,0.852900028,0.866449952,0.840839982,0.410849988,0.910730004
429.2399902,0.942829967,0.854470015,0.871100008,0.839950025,0.394059986,0.909639955
429.6099854,0.942799985,0.853850007,0.875940025,0.837679982,0.377990007,0.907990038
429.980011,0.944869995,0.85690999,0.881190062,0.838099957,0.367420018,0.908259988
430.3399963,0.945120037,0.858949959,0.885240018,0.836820006,0.357989997,0.905569971
430.7099915,0.943669975,0.861240029,0.888939977,0.83464998,0.351520002,0.903519988
431.0799866,0.942889988,0.864160001,0.892060041,0.832520008,0.347970009,0.901260018
431.4500122,0.942409992,0.86728996,0.894929945,0.828450024,0.346679986,0.89853996
431.8200073,0.940940022,0.869619966,0.897720039,0.823300004,0.347120017,0.89655
432.1799927,0.939029992,0.874010026,0.899800062,0.817369998,0.351440012,0.894490004
432.5499878,0.93561995,0.875739992,0.899960041,0.807979941,0.356590003,0.890950024
432.9200134,0.933480024,0.879260004,0.900339961,0.797770023,0.366430014,0.890309989
433.2900085,0.931989968,0.883329988,0.901780009,0.786859989,0.37827,0.889429986
433.6499939,0.930260003,0.887629986,0.901979983,0.771750033,0.392269999,0.889680028
434.019989,0.928229988,0.891449988,0.90180999,0.756190062,0.409079999,0.890739977
434.3900146,0.926890016,0.894850016,0.901569963,0.738690019,0.429259986,0.891480029
434.7600098,0.926750004,0.898109972,0.901470006,0.720290005,0.451460004,0.894520044
435.1199951,0.926540017,0.901299953,0.901139975,0.700339973,0.476390004,0.897090018
435.4899902,0.926579952,0.904039979,0.90053004,0.680049956,0.502560019,0.899629951
435.8599854,0.927180052,0.906299949,0.899260044,0.660189986,0.529999971,0.902909994
436.230011,0.928659976,0.908079982,0.89835,0.641550004,0.557919979,0.906569958
436.5899963,0.930189967,0.909169972,0.896910012,0.623989999,0.585829973,0.909700036
436.9599915,0.932419956,0.91087997,0.896520019,0.607500017,0.61224997,0.913809955
437.3299866,0.934919953,0.912180007,0.894850016,0.592859983,0.636489987,0.916340053
437.7000122,0.938040018,0.914079964,0.893529952,0.579949975,0.657580018,0.919940054
438.0599976,0.940810025,0.91456002,0.891499996,0.569020033,0.673340023,0.923700035
438.4299927,0.943610013,0.915589988,0.889159977,0.559900045,0.684919953,0.926719964
438.7999878,0.946630001,0.917349994,0.887419939,0.55359,0.691859961,0.929430008
439.1600037,0.949739993,0.918529987,0.886029959,0.55005002,0.692870021,0.931389987
439.5299988,0.951460063,0.919170022,0.881850004,0.549059987,0.689660013,0.933259964
439.8999939,0.954039991,0.920260012,0.878380001,0.55005002,0.682319999,0.934700012
440.269989,0.956550002,0.920830011,0.873359978,0.553950012,0.671620011,0.935849965
440.6300049,0.958899975,0.921190023,0.868379951,0.560379982,0.65891999,0.936309993
441,0.960699975,0.921589971,0.861970007,0.569260001,0.645110011,0.936869979
441.3699951,0.961139977,0.919870019,0.852689981,0.579640031,0.629790008,0.936800003
441.730011,0.960720003,0.918460011,0.842630029,0.591839969,0.61559999,0.937229991
442.1000061,0.962379992,0.917890012,0.83306998,0.606100023,0.602939963,0.93761003
442.4700012,0.962289989,0.91663003,0.822950006,0.622380018,0.592429996,0.93829
442.8299866,0.961930037,0.915530026,0.812839985,0.640749991,0.583649993,0.939069986
443.2000122,0.96262002,0.914810002,0.803079963,0.661139965,0.578419983,0.939830005
443.5700073,0.961790025,0.912730038,0.791770041,0.679889977,0.57486999,0.939229965
443.9299927,0.961839974,0.912450016,0.782460034,0.700589955,0.575100005,0.939440012
444.2999878,0.96221,0.911880016,0.772809982,0.720809996,0.578279972,0.939820051
444.6700134,0.960619986,0.910100043,0.763909996,0.73991996,0.583389997,0.93945998
445.0299988,0.961060047,0.908679962,0.755650043,0.757580042,0.591390014,0.940029979
445.3999939,0.962269962,0.906969965,0.748249948,0.772040009,0.602500021,0.93975997
445.769989,0.961650014,0.904850006,0.741460025,0.783000052,0.61492002,0.939300001
446.1300049,0.962610006,0.903639972,0.737269998,0.792760015,0.630309999,0.939629972
446.5,0.962300062,0.901579976,0.733990014,0.79783994,0.646679997,0.939110041
446.8699951,0.962090015,0.898949981,0.732149959,0.799130023,0.664600015,0.938239992
447.230011,0.96303004,0.896229982,0.732519984,0.797429979,0.683919966,0.937549949
447.6000061,0.96280998,0.893299997,0.733919978,0.792789996,0.70332998,0.935689986
447.9599915,0.961769998,0.890189946,0.737079978,0.78599,0.722570062,0.934599996
448.3299866,0.960749984,0.887020051,0.741240025,0.776960015,0.740549982,0.933319986
448.7000122,0.960479975,0.883669972,0.747119963,0.766629994,0.75703001,0.932110012
449.0599976,0.961199999,0.879700005,0.754759967,0.756559968,0.77245003,0.931640029
449.4299927,0.961309969,0.875729978,0.763130009,0.74684,0.784189999,0.930810034
449.7900085,0.961070001,0.871159971,0.772050023,0.736409962,0.792500019,0.929610014
450.1600037,0.960150003,0.867419958,0.782050014,0.727200031,0.797670007,0.929140031
450.5299988,0.959869981,0.863449991,0.793160021,0.719430029,0.799359977,0.928049982
450.8900146,0.960479975,0.860199988,0.804889977,0.713660002,0.798590004,0.92731005
451.2600098,0.960160017,0.856770039,0.816419959,0.71002996,0.794170022,0.926979959
451.6199951,0.958999991,0.854300022,0.826740026,0.707509995,0.787209988,0.925469995
451.9899902,0.95825994,0.851890028,0.836690009,0.706910014,0.778119981,0.92444998
452.3599854,0.957259953,0.850490034,0.844960034,0.709260046,0.767120004,0.923030019
452.7200012,0.956610024,0.849130034,0.851809978,0.713130057,0.753859997,0.922119975
453.0899963,0.955739975,0.848330021,0.857060015,0.718679965,0.740210056,0.920479953
453.4500122,0.954929948,0.847300053,0.860819995,0.726689994,0.725169957,0.919470012
453.8200073,0.95490998,0.847669959,0.862489998,0.736279964,0.71085,0.91802001
454.1799927,0.954960048,0.848079979,0.86206001,0.747799993,0.69551003,0.916689992
454.5499878,0.954229951,0.849460006,0.860210061,0.760429978,0.680759966,0.915390015
454.9200134,0.954590023,0.851909995,0.857819974,0.774950027,0.666949987,0.914660037
455.2799988,0.954459965,0.854900002,0.854200006,0.789900005,0.653659999,0.913420022
455.6499939,0.95412004,0.858099997,0.849189997,0.805360019,0.641159952,0.912809968
456.0100098,0.954150021,0.86263001,0.842610002,0.820659995,0.629620016,0.911729991
456.3800049,0.953529954,0.866630018,0.835309982,0.834919989,0.619369984,0.910360038
456.7399902,0.952939987,0.871330023,0.828779995,0.84830004,0.60995996,0.909630001
457.1099854,0.952820003,0.87628001,0.822720051,0.860810041,0.601790011,0.90989995
457.4700012,0.952149987,0.880490065,0.815999985,0.87074995,0.594000041,0.909499943
457.8399963,0.951680005,0.884229958,0.809660017,0.878610015,0.588090003,0.908869982
458.2000122,0.952020049,0.888820052,0.804749966,0.884899974,0.582190037,0.909550011
458.5700073,0.95152998,0.892239988,0.80122,0.888359964,0.577739954,0.91030997
458.9299927,0.951120019,0.895630062,0.799619973,0.889919996,0.574039996,0.911509991
459.2999878,0.95134002,0.897599995,0.798649967,0.888980031,0.571709991,0.912730038
459.6600037,0.950889945,0.898039997,0.797969997,0.884580016,0.569539964,0.913079977
460.0299988,0.951070011,0.898440003,0.799369991,0.878509998,0.568750024,0.914420009
460.3900146,0.95144999,0.898290038,0.802170038,0.871719956,0.568729997,0.916640043
460.7600098,0.951900005,0.896409988,0.805879951,0.862699986,0.569859982,0.918479979
461.1199951,0.952460051,0.894079983,0.81111002,0.852730036,0.571120024,0.920220017
461.4899902,0.952959955,0.890899956,0.817340016,0.841760039,0.572849989,0.922360003
461.8500061,0.953270018,0.886950016,0.824889958,0.829260051,0.574720025,0.923830032
462.2200012,0.954670012,0.883259952,0.834150016,0.81803,0.577890038,0.925459981
462.5799866,0.955640018,0.879450023,0.84363997,0.806589961,0.581399977,0.927300036
462.9500122,0.956969976,0.875149965,0.85356003,0.794719994,0.584679961,0.927979946
463.3099976,0.957669973,0.871230006,0.863860011,0.783630013,0.587970018,0.928879976
463.6799927,0.958350003,0.867219985,0.873280048,0.77252996,0.591619968,0.928280056
464.0400085,0.958710015,0.863290012,0.881950021,0.761750042,0.594940007,0.927109957
464.4100037,0.959779978,0.861039937,0.891250014,0.752770007,0.598639965,0.92704004
464.769989,0.959680021,0.858349979,0.898469985,0.743539989,0.601689994,0.925689995
465.1300049,0.959069967,0.856240034,0.905009985,0.735609949,0.604170024,0.923609972
465.5,0.958739996,0.854660034,0.910609961,0.728820026,0.606670022,0.921419978
465.8599854,0.958539963,0.854749978,0.914690018,0.722600043,0.608690023,0.918870032
466.230011,0.958649993,0.855920017,0.918760002,0.717969954,0.610440016,0.917470038
466.5899963,0.957839966,0.857800007,0.92087996,0.713499963,0.611329973,0.915240049
466.9599915,0.956290007,0.859860003,0.92039001,0.709290028,0.611119986,0.912310004
467.3200073,0.95521003,0.863379955,0.919079959,0.706929982,0.609840035,0.909739971
467.6799927,0.954069972,0.867300034,0.916350007,0.705150008,0.607789993,0.907289982
468.0499878,0.952839971,0.872380018,0.912850022,0.703909993,0.604579985,0.906109989
468.4100037,0.950650036,0.876630008,0.907630026,0.703150034,0.599640012,0.904079974
468.7799988,0.948650002,0.881709993,0.901179969,0.702549994,0.592540026,0.902419984
469.1400146,0.947190046,0.88725996,0.894540012,0.703249991,0.584599972,0.901600063
469.5,0.94558996,0.893059969,0.887899995,0.704629958,0.575020015,0.901390016
469.8699951,0.944789946,0.89892,0.880670011,0.705950022,0.564520001,0.901230037
470.230011,0.943529963,0.904919982,0.873700023,0.707419991,0.552550018,0.901979983
470.6000061,0.942470014,0.91030997,0.866289973,0.709219992,0.539430022,0.902509987
470.9599915,0.942089975,0.915709972,0.859329998,0.711309969,0.525519967,0.904229939
471.3200073,0.941129982,0.919629991,0.851819992,0.713679969,0.51157999,0.905640006
471.6900024,0.940989971,0.923479974,0.844869971,0.716069996,0.497809976,0.907880008
472.0499878,0.940999985,0.92622,0.837979972,0.718789995,0.484300017,0.910160005
472.4200134,0.941719949,0.929280043,0.832870007,0.722230017,0.47191003,0.913879991
472.7799988,0.942770004,0.92998004,0.826929986,0.725059986,0.460189998,0.91693002
473.1400146,0.943610013,0.930449963,0.821719944,0.728049994,0.449919999,0.920570016
473.5100098,0.945150018,0.93046999,0.817450047,0.731159985,0.441529989,0.924140036
473.8699951,0.947440028,0.929779947,0.814120054,0.734319985,0.434879988,0.927880049
474.230011,0.949779987,0.927619994,0.811280012,0.737489998,0.429199994,0.931410015
474.6000061,0.952210009,0.925090015,0.808759987,0.740350008,0.425099969,0.935010016
474.9599915,0.953949988,0.921109974,0.805869997,0.742810011,0.421790004,0.937949955
475.3200073,0.956449986,0.918070018,0.804610014,0.745599985,0.419749975,0.941579998
475.6900024,0.958909988,0.914059997,0.803440034,0.748319983,0.418339998,0.943989992
476.0499878,0.961360037,0.90941,0.802549958,0.751129985,0.417379975,0.946080029
476.4100037,0.963970006,0.90546,0.802180052,0.753830016,0.416339993,0.94799006
476.7799988,0.965269983,0.90079999,0.801379979,0.756229997,0.415149987,0.948990047
477.1400146,0.966989994,0.896290004,0.801670015,0.758679986,0.413670003,0.948990047
477.5,0.968539953,0.892139971,0.802210033,0.760800004,0.411449999,0.94915998
477.8699951,0.969630003,0.88755995,0.802460015,0.762910008,0.407799989,0.948329985
478.230011,0.970469952,0.883780003,0.803049982,0.764609993,0.402720004,0.946920037
478.5899963,0.971149981,0.880559981,0.804069996,0.76572001,0.396039993,0.945479989
478.9599915,0.970500052,0.877200007,0.804610014,0.766330004,0.387659997,0.94314003
479.3200073,0.971249998,0.87511003,0.805940032,0.76658994,0.377299994,0.940910041
479.6799927,0.97063005,0.872679949,0.806610048,0.765220046,0.364910007,0.938580036
480.0400085,0.970049977,0.870589972,0.807619989,0.762759984,0.350309968,0.935259998
480.4100037,0.969300032,0.86947,0.808770001,0.758840024,0.334370017,0.932330012
480.769989,0.968349993,0.868089974,0.810090005,0.753099978,0.316790015,0.929729998
481.1300049,0.966930032,0.867170036,0.811210036,0.745510042,0.298130006,0.927030027
481.5,0.965810001,0.866190016,0.813369989,0.735910058,0.278290004,0.924589992
481.8599854,0.963939965,0.865449965,0.814820051,0.723570049,0.257929981,0.921910048
482.2200012,0.962539971,0.865510046,0.816999972,0.709550023,0.237420008,0.919719994
482.5799866,0.960969985,0.865830004,0.819509983,0.693700016,0.21706,0.918370008
482.9500122,0.959010005,0.865740001,0.821729958,0.676070035,0.197099984,0.916679978
483.3099976,0.957009971,0.866050005,0.823980033,0.657269955,0.178330004,0.915000021
483.6700134,0.955159962,0.86589998,0.826250017,0.637679994,0.160070002,0.913320005
484.0299988,0.953659952,0.866210043,0.827809989,0.617910028,0.14300999,0.911880016
484.3999939,0.952369988,0.866859972,0.830619991,0.59841001,0.127350003,0.911620021
484.7600098,0.951539993,0.867269993,0.832939982,0.579599977,0.113030002,0.911249995
485.1199951,0.950640023,0.867570043,0.83513999,0.561479986,0.100039996,0.910939991
485.480011,0.950280011,0.867799997,0.837740004,0.54440999,0.088430002,0.910449982
485.8500061,0.949850023,0.867940009,0.84029001,0.528300047,0.077859998,0.910459995
486.2099915,0.949950039,0.868510008,0.843369961,0.513080001,0.068730004,0.91099
486.5700073,0.94986999,0.869179964,0.846679986,0.498489976,0.06064,0.911729991
486.9299927,0.949369967,0.86905998,0.849420011,0.484039992,0.053400002,0.911470056
487.2900085,0.949469984,0.86928004,0.852819979,0.469440013,0.046980001,0.912030041
487.6600037,0.949390054,0.869179964,0.85589999,0.454380006,0.041409999,0.91189003
488.019989,0.949339986,0.86935997,0.859030008,0.438919991,0.036540002,0.912160039
488.3800049,0.949810028,0.86996001,0.862219989,0.422690004,0.032340001,0.912649989
488.7399902,0.950199962,0.870329976,0.865329981,0.405120015,0.02861,0.912829995
489.1000061,0.95043999,0.870770037,0.868249953,0.386310011,0.025429999,0.913200021
489.4700012,0.951210022,0.87124002,0.870700002,0.36638999,0.022850001,0.913450003
489.8299866,0.951330006,0.872050047,0.872539997,0.345499992,0.02046,0.912919998
490.1900024,0.951869965,0.873329997,0.873649955,0.323440015,0.018309999,0.913069963
490.5499878,0.952220023,0.874260008,0.873410046,0.300599992,0.01643,0.912990034
490.9100037,0.952629983,0.87549001,0.871750057,0.277520001,0.01491,0.912710011
491.269989,0.952549994,0.877080023,0.867730021,0.254350007,0.01356,0.911859989
491.6400146,0.952740014,0.878430009,0.862160027,0.231419995,0.012309999,0.911249995
492,0.952790022,0.880659997,0.853840053,0.209309995,0.01107,0.911090016
492.3599854,0.952600002,0.882740021,0.842530012,0.188040003,0.01008,0.911130011
492.7200012,0.951929986,0.884499967,0.828410029,0.167950004,0.00922,0.910439968
493.0799866,0.951370001,0.887310028,0.811600029,0.149340004,0.0085,0.910400033
493.4400024,0.950839996,0.889489949,0.791839957,0.132250011,0.00776,0.910609961
493.8099976,0.950049996,0.891740024,0.769359946,0.11654,0.00713,0.911130011
494.1700134,0.949489951,0.894390047,0.743749976,0.102279998,0.00651,0.911320031
494.5299988,0.948799968,0.896910012,0.71667999,0.089750007,0.00605,0.911740065
494.8900146,0.948280036,0.898830056,0.68761003,0.078590006,0.00556,0.911849976
495.25,0.947850049,0.901149988,0.65741998,0.068939999,0.00523,0.912829995
495.6099854,0.947740018,0.903130054,0.62638998,0.060399998,0.0049,0.91365999
495.9700012,0.947659969,0.905430019,0.595000029,0.05291,0.00466,0.914590001
496.3299866,0.947789967,0.90741998,0.56329,0.046500001,0.00428,0.915800035
496.7000122,0.94777,0.909179986,0.531509995,0.040960003,0.0041,0.91711998
497.0599976,0.947890043,0.910709977,0.499840021,0.036079999,0.00389,0.91843003
497.4200134,0.94818002,0.912620008,0.468289971,0.0319,0.00373,0.920560002
497.7799988,0.948850036,0.913779974,0.436629981,0.028139999,0.00345,0.922200024
498.1400146,0.949609995,0.914889991,0.40515998,0.02496,0.00326,0.924019992
498.5,0.950100005,0.915230036,0.373820007,0.022219999,0.00307,0.925940037
498.8599854,0.951320052,0.915100038,0.342900008,0.019809999,0.003,0.927640021
499.2200012,0.952610016,0.914059997,0.31280002,0.01777,0.00286,0.929639995
499.5799866,0.953789949,0.911579967,0.282999992,0.01591,0.00265,0.931299984
499.9400024,0.95521003,0.907509983,0.254570007,0.01428,0.00252,0.932610035
500.2999878,0.956740022,0.902009964,0.227830008,0.01302,0.00241,0.93422997
500.6700134,0.958350003,0.893620014,0.202749997,0.011820001,0.0023,0.935780048
501.0299988,0.960009992,0.882629991,0.179370001,0.01079,0.00218,0.937059999
501.3900146,0.960879982,0.868019998,0.158009991,0.00986,0.0021,0.938059986
501.75,0.961859941,0.849839985,0.138520002,0.00908,0.00209,0.938830018
502.1099854,0.963000059,0.827780008,0.121079996,0.00834,0.00204,0.939559996
502.4700012,0.96412003,0.801979959,0.10582,0.00772,0.00205,0.940670013
502.8299866,0.964769959,0.771539986,0.092189997,0.00706,0.00202,0.941060007
503.1900024,0.965080023,0.737349987,0.080270007,0.00648,0.00198,0.941029966
503.5499878,0.965369999,0.699670017,0.070050001,0.006,0.00198,0.940689981
503.9100037,0.965950012,0.659229994,0.061110001,0.00567,0.002,0.94028002
504.269989,0.965910017,0.616580009,0.053400002,0.00528,0.00195,0.93908
504.6300049,0.966289997,0.572149992,0.04679,0.00499,0.00196,0.937510014
504.9899902,0.96626997,0.526690006,0.040999997,0.00471,0.0019,0.933690012
505.3500061,0.966200054,0.481240004,0.035969999,0.00438,0.00185,0.928789973
505.7099915,0.966019988,0.436529994,0.031649999,0.00414,0.00184,0.92148
506.0700073,0.965500057,0.393460006,0.027999999,0.0039,0.00184,0.911880016
506.4299927,0.96469003,0.351920009,0.02478,0.00365,0.00186,0.898939967
506.7900085,0.963860035,0.312889993,0.022119999,0.00345,0.00192,0.882129967
507.1499939,0.96123004,0.276490003,0.01977,0.00327,0.00197,0.860400021
507.5100098,0.95806998,0.243139997,0.0178,0.00312,0.00209,0.834320009
507.8699951,0.952929974,0.212600008,0.016070001,0.00311,0.00222,0.802969992
508.230011,0.945640028,0.18536,0.014500001,0.00305,0.00229,0.766950011
508.5899963,0.935940027,0.161130011,0.01314,0.00296,0.00238,0.725899935
508.9500122,0.922710061,0.139610007,0.01195,0.00283,0.00241,0.680599988
509.3099976,0.905560017,0.120810002,0.01092,0.00271,0.00246,0.631940007
509.6700134,0.884789944,0.104659997,0.01005,0.00266,0.00262,0.581330001
510.0299988,0.858509958,0.090740003,0.0092,0.00259,0.00269,0.529869974
510.3900146,0.827440023,0.078720003,0.00852,0.00249,0.00279,0.478289992
510.75,0.79102999,0.068319999,0.00792,0.00237,0.0029,0.428230017
511.1099854,0.749859989,0.059590001,0.00739,0.00233,0.00293,0.380610019
511.4700012,0.704429984,0.052010003,0.00688,0.00223,0.003,0.335649997
511.8299866,0.655360043,0.045489997,0.00641,0.00221,0.0031,0.294220001
512.1900024,0.603699982,0.03988,0.00597,0.00211,0.00313,0.256639987
512.5499878,0.550859988,0.03506,0.00557,0.00204,0.00321,0.222949997
512.9099731,0.498329997,0.03098,0.0053,0.00199,0.00325,0.193069994
513.2700195,0.447219998,0.027490001,0.00503,0.00191,0.00327,0.166760013
513.6199951,0.398550004,0.024430001,0.00473,0.0018,0.00336,0.143979996
513.9799805,0.352499992,0.021779999,0.00448,0.00178,0.00344,0.124119997
514.3400269,0.309850007,0.01949,0.00423,0.00178,0.00347,0.107019998
514.7000122,0.271119982,0.0176,0.00402,0.00174,0.00347,0.09234
515.0599976,0.236439988,0.01591,0.00387,0.00173,0.00345,0.079810001
515.4199829,0.205480009,0.01441,0.00366,0.00171,0.00347,0.069190003
515.7800293,0.17836,0.01313,0.00353,0.00175,0.0035,0.060219999
516.1400146,0.15456,0.01194,0.00337,0.00175,0.00353,0.052529998
516.5,0.133760005,0.01087,0.00322,0.00171,0.00343,0.045929998
516.8599854,0.116020001,0.01001,0.00313,0.00161,0.00342,0.04033
517.2199707,0.100719996,0.00913,0.003,0.0016,0.00337,0.035530001
517.5700073,0.087569997,0.0084,0.00286,0.00159,0.00337,0.031429999
517.9299927,0.076350003,0.00777,0.00272,0.00159,0.00332,0.027880002
518.289978,0.066700004,0.00721,0.00259,0.00162,0.00329,0.024809999
518.6500244,0.058419999,0.00676,0.00248,0.00165,0.00319,0.02214
519.0100098,0.051490001,0.00642,0.00242,0.00168,0.00317,0.0199
519.3699951,0.045440003,0.006,0.00237,0.0018,0.00313,0.01794
519.7299805,0.040240001,0.00571,0.00229,0.00185,0.00312,0.0163
520.0800171,0.035799999,0.00544,0.00226,0.00191,0.00312,0.01485
520.4400024,0.03207,0.0052,0.00225,0.00195,0.00312,0.01364
520.7999878,0.028719999,0.00492,0.00222,0.00197,0.00306,0.012469999
521.1599731,0.025899999,0.00466,0.00218,0.00197,0.00308,0.01145
521.5200195,0.02342,0.00444,0.00213,0.00207,0.00312,0.01055
521.8800049,0.021240002,0.00422,0.00201,0.00201,0.00304,0.00972
522.2399902,0.01935,0.004,0.00199,0.00202,0.00301,0.009
522.5900269,0.017690001,0.00382,0.00193,0.00198,0.00296,0.00836
522.9500122,0.016139999,0.00361,0.00183,0.00203,0.00294,0.00774
523.3099976,0.01486,0.00345,0.00176,0.00205,0.00297,0.00722
523.6699829,0.013710001,0.00334,0.00171,0.00211,0.00298,0.00677
524.0300293,0.01268,0.00321,0.00166,0.00212,0.00301,0.0064
524.3800049,0.01179,0.00311,0.00168,0.00219,0.0031,0.00604
524.7399902,0.011,0.00299,0.00163,0.00218,0.00317,0.00569
525.0999756,0.010319999,0.00288,0.00157,0.00223,0.00324,0.00543
525.460022,0.00969,0.00282,0.00154,0.00221,0.00327,0.00517
525.8200073,0.00905,0.00273,0.00149,0.00216,0.00334,0.00488
526.1699829,0.00852,0.00265,0.00144,0.00216,0.00342,0.00467
526.5300293,0.00805,0.00257,0.00145,0.00214,0.00345,0.00443
526.8900146,0.00764,0.00249,0.0014,0.00214,0.00347,0.00426
527.25,0.00723,0.00245,0.00137,0.00216,0.00354,0.00407
527.6099854,0.00684,0.00237,0.00136,0.00214,0.00363,0.00388
527.960022,0.00654,0.00229,0.00133,0.00214,0.00373,0.00371
528.3200073,0.00626,0.00224,0.00134,0.00217,0.00382,0.00361
528.6799927,0.00594,0.00214,0.00131,0.00212,0.00382,0.00343
529.039978,0.00565,0.00203,0.00124,0.00205,0.00386,0.0033
529.3900146,0.0054,0.00196,0.00124,0.00203,0.00395,0.00321
529.75,0.00517,0.00191,0.00118,0.00197,0.00402,0.00308
530.1099854,0.00499,0.00185,0.00118,0.00198,0.00405,0.00294
530.4699707,0.00485,0.00184,0.00121,0.00199,0.00413,0.00285
530.8200073,0.0047,0.00177,0.00118,0.00195,0.00415,0.00273
531.1799927,0.0046,0.00176,0.00119,0.00193,0.00425,0.00266
531.539978,0.00445,0.00174,0.00119,0.00194,0.00434,0.00259
531.9000244,0.00428,0.00167,0.00115,0.00189,0.00436,0.00244
532.25,0.00422,0.00164,0.0012,0.00194,0.00439,0.00242
532.6099854,0.00408,0.00163,0.00119,0.00197,0.00443,0.00237
532.9699707,0.00396,0.00154,0.00119,0.00195,0.00443,0.00226
533.3200073,0.00385,0.00153,0.00121,0.00202,0.00444,0.00223
533.6799927,0.00378,0.00151,0.00126,0.00206,0.00445,0.00222
534.039978,0.00368,0.00147,0.00128,0.00212,0.00444,0.00217
534.4000244,0.00364,0.00146,0.00131,0.00216,0.00447,0.00217
534.75,0.0035,0.00141,0.00133,0.00218,0.00445,0.00205
535.1099854,0.00342,0.00134,0.00137,0.00217,0.00443,0.00199
535.4699707,0.0033,0.00134,0.00134,0.00221,0.00443,0.00192
535.8200073,0.00323,0.00131,0.00133,0.00223,0.00443,0.00183
536.1799927,0.00309,0.00126,0.00129,0.0023,0.00447,0.00172
536.539978,0.00298,0.00118,0.00126,0.00233,0.00442,0.00165
536.8900146,0.00292,0.00116,0.00125,0.00239,0.00441,0.00159
537.25,0.00288,0.00119,0.00125,0.0025,0.00449,0.0016
537.6099854,0.00284,0.00118,0.00124,0.0026,0.00453,0.00159
537.960022,0.00281,0.00117,0.00129,0.00268,0.00457,0.00159
538.3200073,0.00275,0.00115,0.00132,0.00277,0.0046,0.00161
538.6799927,0.00275,0.00114,0.00132,0.00283,0.00458,0.00161
539.0300293,0.00278,0.00121,0.00138,0.00295,0.00465,0.00162
539.3900146,0.00273,0.00124,0.00141,0.00306,0.00473,0.00161
539.75,0.00269,0.00121,0.00142,0.00311,0.00475,0.00156
540.0999756,0.00261,0.00115,0.00136,0.00309,0.00473,0.00148
540.460022,0.00253,0.00115,0.00134,0.00317,0.00476,0.00144
540.8099976,0.00251,0.00112,0.00135,0.00323,0.00482,0.00139
541.1699829,0.00246,0.0011,0.00139,0.0033,0.00486,0.00136
541.5300293,0.00244,0.00107,0.00136,0.00336,0.00496,0.00132
541.8800049,0.0024,0.00103,0.00138,0.00341,0.005,0.00132
542.2399902,0.00241,0.00105,0.00141,0.00349,0.00505,0.00133
542.5900269,0.00247,0.00112,0.00153,0.00364,0.00519,0.00136
542.9500122,0.0025,0.0011,0.00158,0.00368,0.00527,0.00137
543.3099976,0.00246,0.00113,0.00156,0.00371,0.00531,0.00138
543.6599731,0.0024,0.00114,0.00156,0.0037,0.00536,0.00135
544.0200195,0.00238,0.00114,0.00159,0.0037,0.00541,0.00132
544.3699951,0.00235,0.0011,0.0016,0.00369,0.00545,0.00127
544.7299805,0.0023,0.00108,0.00167,0.0037,0.00554,0.00126
545.0900269,0.00222,0.00104,0.00169,0.00365,0.00559,0.00124
545.4400024,0.00216,0.00104,0.00169,0.00362,0.00565,0.0012
545.7999878,0.00214,0.00104,0.00179,0.00362,0.00574,0.00117
546.1500244,0.00211,0.00105,0.00189,0.00363,0.00586,0.00114
546.5100098,0.00212,0.00109,0.00201,0.00364,0.00599,0.00114
546.8599854,0.00214,0.00113,0.00213,0.00367,0.00611,0.0011
547.2199707,0.00213,0.00111,0.00217,0.00364,0.00621,0.00107
547.5800171,0.00216,0.00118,0.00223,0.00369,0.00638,0.00109
547.9299927,0.00213,0.00121,0.00233,0.0037,0.00647,0.00112
548.289978,0.00217,0.0012,0.00241,0.00369,0.00661,0.00111
548.6400146,0.00215,0.00122,0.00246,0.00369,0.00671,0.00113
549,0.00212,0.00125,0.00256,0.00368,0.00683,0.00118
549.3499756,0.00207,0.00126,0.00261,0.00364,0.00696,0.00123
549.710022,0.00204,0.00131,0.00271,0.00363,0.00705,0.00122
550.0599976,0.00197,0.00129,0.00278,0.00357,0.00711,0.00119
550.4199829,0.002,0.00132,0.00285,0.0036,0.00725,0.00119
550.7700195,0.00199,0.00138,0.0029,0.00363,0.00732,0.00119
551.1300049,0.00201,0.00139,0.00295,0.00362,0.00738,0.00121
551.4799805,0.00202,0.0014,0.00299,0.00363,0.00741,0.00121
551.8400269,0.00207,0.00143,0.00303,0.00366,0.00747,0.00122
552.1900024,0.00209,0.0015,0.00304,0.0037,0.00753,0.00126
552.5499878,0.00209,0.00152,0.00305,0.00367,0.00755,0.00126
552.9000244,0.00206,0.00154,0.00309,0.00368,0.00752,0.00123
553.2600098,0.00206,0.00153,0.00312,0.00365,0.00754,0.00126
553.6099854,0.00209,0.0016,0.0032,0.00371,0.00757,0.00126
553.9699707,0.00206,0.00163,0.00316,0.00372,0.00756,0.00123
554.3200073,0.00207,0.00168,0.00321,0.00377,0.00752,0.00127
554.6799927,0.00207,0.00168,0.00325,0.0038,0.00749,0.00125
555.0300293,0.00211,0.00173,0.00324,0.0039,0.00741,0.00127
555.3900146,0.00218,0.00178,0.00322,0.00392,0.00739,0.0013
555.7399902,0.00218,0.00188,0.00321,0.00401,0.00735,0.00132
556.0999756,0.00219,0.00194,0.00317,0.00406,0.00729,0.00136
556.4500122,0.00225,0.00202,0.00322,0.00416,0.00724,0.00141
556.7999878,0.00226,0.00208,0.00318,0.00419,0.00718,0.00142
557.1599731,0.00228,0.00215,0.00313,0.00422,0.00708,0.00147
557.5100098,0.00232,0.00225,0.00315,0.0043,0.0071,0.00156
557.8699951,0.00235,0.0024,0.00319,0.00441,0.00711,0.00166
558.2199707,0.00242,0.0025,0.00323,0.00449,0.00707,0.00173
558.5800171,0.00248,0.00259,0.00322,0.00459,0.00702,0.00173
558.9299927,0.00248,0.00265,0.00319,0.00463,0.00698,0.00179
559.2800293,0.00249,0.00272,0.00317,0.00469,0.00692,0.00183
559.6400146,0.00254,0.00278,0.00316,0.00476,0.00695,0.00188
559.9899902,0.00262,0.00284,0.00316,0.00479,0.00691,0.00188
560.3499756,0.00266,0.00285,0.00309,0.00481,0.00686,0.00191
560.7000122,0.00269,0.0029,0.00301,0.00483,0.00682,0.00194
561.0499878,0.00275,0.00291,0.00298,0.00482,0.00683,0.00202
561.4099731,0.00282,0.00296,0.00295,0.00487,0.0068,0.00209
561.7600098,0.00291,0.00295,0.00293,0.00489,0.00684,0.00212
562.1199951,0.00301,0.00299,0.00295,0.00497,0.0068,0.00221
562.4699707,0.00305,0.00295,0.00292,0.00502,0.00676,0.0023
562.8200073,0.00316,0.00293,0.00293,0.00508,0.00674,0.00235
563.1799927,0.00329,0.00293,0.00304,0.00515,0.00673,0.00246
563.5300293,0.00338,0.00298,0.00308,0.00524,0.00674,0.00257
563.8800049,0.00349,0.00298,0.0031,0.00529,0.0067,0.00262
564.2399902,0.00363,0.00306,0.00315,0.00538,0.00664,0.00273
564.5900269,0.00375,0.0031,0.00319,0.00545,0.0066,0.0028
564.9500122,0.00387,0.00314,0.00325,0.00548,0.00654,0.00289
565.2999878,0.00396,0.00314,0.0033,0.00552,0.00647,0.00298
565.6500244,0.00405,0.00315,0.0033,0.00556,0.0064,0.00306
566.0100098,0.00415,0.0031,0.00335,0.00558,0.00629,0.00311
566.3599854,0.00424,0.00308,0.0034,0.00564,0.00625,0.00318
566.710022,0.00427,0.00302,0.00345,0.00567,0.00618,0.00323
567.0700073,0.00434,0.00293,0.00345,0.00564,0.00608,0.00322
567.4199829,0.00439,0.00291,0.00352,0.00566,0.00602,0.0032
567.7700195,0.00449,0.00289,0.00354,0.00564,0.00595,0.0032
568.1300049,0.00456,0.00287,0.00357,0.00563,0.00588,0.00317
568.4799805,0.00461,0.00288,0.00362,0.00561,0.00581,0.00316
568.8300171,0.00471,0.00287,0.00367,0.00558,0.00575,0.00315
569.1799927,0.00481,0.00288,0.0037,0.00556,0.00572,0.00314
569.539978,0.00486,0.00293,0.00379,0.00559,0.00573,0.00319
569.8900146,0.00495,0.00296,0.00381,0.00563,0.00576,0.00325
570.2399902,0.00493,0.00296,0.00385,0.00559,0.00573,0.00322
570.5999756,0.00492,0.00293,0.00388,0.00557,0.00574,0.00319
570.9500122,0.00491,0.00288,0.00389,0.00554,0.00577,0.00317
571.2999878,0.00489,0.00286,0.00392,0.0055,0.00577,0.00316
571.6500244,0.00488,0.00288,0.00395,0.00546,0.00583,0.00315
572.0100098,0.00486,0.00287,0.00397,0.00542,0.00586,0.00315
572.3599854,0.00486,0.00288,0.00402,0.00533,0.00592,0.0031
572.710022,0.00487,0.00288,0.00403,0.00531,0.00602,0.00308
573.0599976,0.00489,0.00293,0.00406,0.00528,0.0061,0.00308
573.4199829,0.00491,0.00299,0.00412,0.00528,0.00621,0.0031
573.7700195,0.00488,0.00302,0.0041,0.00524,0.00634,0.00311
574.1199951,0.00485,0.00305,0.0041,0.00518,0.00642,0.00306
574.4699707,0.0048,0.00307,0.00406,0.00511,0.00651,0.00303
574.8300171,0.00472,0.00309,0.00401,0.00503,0.00655,0.00302
575.1799927,0.00471,0.00315,0.00402,0.00498,0.00663,0.00301
575.5300293,0.00465,0.00318,0.00396,0.00497,0.00672,0.00301
575.8800049,0.00461,0.00321,0.00393,0.00493,0.00674,0.00299
576.2399902,0.00459,0.00327,0.00393,0.00488,0.00675,0.00297
576.5900269,0.00456,0.00331,0.00395,0.00488,0.00676,0.00299
576.9400024,0.00457,0.0034,0.00397,0.00487,0.00674,0.00298
577.289978,0.00454,0.00337,0.00395,0.00484,0.00671,0.00297
577.6400146,0.00451,0.00337,0.00395,0.0048,0.00663,0.00299
578,0.00451,0.00339,0.00394,0.00474,0.00654,0.00298
578.3499756,0.00452,0.00347,0.00397,0.00469,0.00648,0.00301
578.7000122,0.00453,0.00347,0.00399,0.0047,0.00639,0.00303
579.0499878,0.00453,0.00351,0.00396,0.00467,0.00631,0.00305
579.4000244,0.00452,0.00346,0.00392,0.00462,0.00622,0.00302
579.7600098,0.00455,0.00356,0.00395,0.00464,0.00617,0.00308
580.1099854,0.00454,0.00363,0.00399,0.00462,0.00614,0.00312
580.460022,0.00456,0.00365,0.00399,0.00461,0.00609,0.00315
580.8099976,0.00453,0.0036,0.00393,0.00455,0.00601,0.00311
581.1599731,0.00453,0.00362,0.00388,0.00451,0.00597,0.00316
581.5100098,0.00457,0.00361,0.00392,0.00444,0.00593,0.00321
581.8699951,0.00463,0.00366,0.00397,0.00444,0.00592,0.00332
582.2199707,0.00468,0.00368,0.00397,0.0044,0.00587,0.00335
582.5700073,0.00471,0.00366,0.00392,0.00438,0.00582,0.0034
582.9199829,0.00475,0.00368,0.00391,0.00435,0.00573,0.00342
583.2700195,0.00479,0.00366,0.00393,0.00436,0.00567,0.00347
583.6199951,0.00484,0.00366,0.00394,0.00434,0.00563,0.0035
583.9699707,0.00484,0.00365,0.00392,0.00433,0.00556,0.00351
584.3300171,0.00487,0.00366,0.00388,0.00433,0.00551,0.00352
584.6799927,0.00488,0.0036,0.00388,0.0043,0.00543,0.00353
585.0300293,0.00494,0.00358,0.00387,0.00429,0.00531,0.00357
585.3800049,0.00495,0.00354,0.00387,0.00427,0.00522,0.00362
585.7299805,0.00497,0.00353,0.00387,0.00426,0.00511,0.00367
586.0800171,0.00497,0.00347,0.00389,0.00425,0.00496,0.00366
586.4299927,0.00497,0.00341,0.00387,0.00422,0.00483,0.00365
586.7800293,0.00496,0.0033,0.00385,0.00419,0.00467,0.00363
587.1300049,0.00499,0.00323,0.00382,0.00421,0.00452,0.00359
587.4799805,0.00498,0.00321,0.00385,0.00421,0.00437,0.00358
587.8400269,0.00507,0.00322,0.00386,0.00425,0.00428,0.0036
588.1900024,0.00516,0.00318,0.00386,0.00431,0.00416,0.00364
588.539978,0.00524,0.00314,0.00386,0.00432,0.004,0.00366
588.8900146,0.00529,0.00314,0.00383,0.00438,0.00383,0.00367
589.2399902,0.00532,0.00312,0.00381,0.00438,0.00364,0.00365
589.5900269,0.00535,0.00312,0.00378,0.0044,0.00351,0.0037
589.9400024,0.00535,0.00303,0.00373,0.00435,0.00337,0.00363
590.289978,0.00533,0.00297,0.00369,0.00435,0.00326,0.00358
590.6400146,0.00531,0.00293,0.00365,0.00433,0.00314,0.00349
590.9899902,0.00529,0.00294,0.00361,0.00436,0.0031,0.00349
591.3400269,0.00529,0.00291,0.00358,0.00432,0.00303,0.00347
591.6900024,0.00529,0.00293,0.00357,0.00433,0.003,0.00346
592.039978,0.00527,0.00294,0.00358,0.0043,0.00301,0.00341
592.3900146,0.00527,0.00297,0.00357,0.00432,0.00307,0.0034
592.7399902,0.00526,0.00297,0.00358,0.00432,0.00311,0.0034
593.0900269,0.00525,0.00299,0.00357,0.00428,0.00316,0.00341
593.4400024,0.00522,0.00296,0.00358,0.00421,0.00325,0.00333
593.789978,0.00521,0.00296,0.00361,0.0042,0.00337,0.00331
594.1400146,0.00522,0.00297,0.0036,0.00419,0.00351,0.0033
594.4899902,0.00524,0.00298,0.00362,0.00419,0.00367,0.0033
594.8400269,0.00523,0.00296,0.0036,0.00416,0.00381,0.0033
595.1900024,0.00518,0.00292,0.00355,0.00408,0.00391,0.00322
595.539978,0.00513,0.0029,0.0035,0.00402,0.00411,0.00318
595.8900146,0.00511,0.00296,0.00347,0.004,0.00428,0.00319
596.2399902,0.00508,0.00297,0.00343,0.00391,0.00445,0.00312
596.5900269,0.00497,0.00294,0.00337,0.0038,0.00458,0.00301
596.9400024,0.00487,0.00291,0.00323,0.00367,0.00469,0.00292
597.289978,0.00479,0.00294,0.00318,0.00362,0.00481,0.00285
597.6400146,0.00481,0.003,0.00312,0.00359,0.00496,0.00287
597.9899902,0.00476,0.00306,0.0031,0.00355,0.00507,0.00284
598.3400269,0.0047,0.00305,0.00305,0.00348,0.0052,0.00284
598.6900024,0.00468,0.00307,0.00303,0.0035,0.00536,0.00288
599.039978,0.00465,0.0031,0.00301,0.00347,0.00547,0.00293
599.3900146,0.00465,0.00317,0.00301,0.00345,0.0056,0.00293
599.7399902,0.00466,0.00317,0.00301,0.00341,0.00571,0.00297
600.0900269,0.00461,0.00318,0.00301,0.00332,0.00584,0.00295
600.4400024,0.0046,0.00317,0.00296,0.0032,0.00596,0.00295
600.789978,0.00458,0.0032,0.00291,0.00312,0.00604,0.00292
601.1400146,0.00455,0.00323,0.00286,0.00302,0.00616,0.00292
601.4899902,0.0046,0.00328,0.00284,0.00294,0.00634,0.00297
601.8300171,0.0046,0.00328,0.00283,0.00279,0.00643,0.00296
602.1799927,0.0046,0.00329,0.00279,0.00265,0.00654,0.00299
602.5300293,0.00455,0.00328,0.00275,0.00254,0.00662,0.00298
602.8800049,0.00454,0.00331,0.00278,0.00245,0.00671,0.00298
603.2299805,0.00455,0.00328,0.00275,0.00233,0.00678,0.00299
603.5800171,0.00456,0.00325,0.00275,0.00221,0.00682,0.00299
603.9299927,0.00453,0.00324,0.00276,0.00216,0.00683,0.00301
604.2800293,0.00454,0.00324,0.00281,0.00212,0.00686,0.00308
604.6300049,0.00455,0.00324,0.00285,0.00209,0.00685,0.00311
604.9699707,0.0046,0.00322,0.00288,0.00204,0.00683,0.00317
605.3200073,0.00462,0.00318,0.00288,0.002,0.00674,0.0032
605.6699829,0.00464,0.00319,0.00291,0.00203,0.00666,0.00327
606.0200195,0.00461,0.00313,0.00286,0.002,0.00649,0.0033
606.3699951,0.00467,0.0031,0.00286,0.00198,0.00634,0.00334
606.7199707,0.00467,0.00303,0.00288,0.00203,0.00617,0.00335
607.0700073,0.00468,0.00293,0.00285,0.00208,0.00594,0.00333
607.4199829,0.00472,0.00287,0.00285,0.00215,0.00573,0.00336
607.7600098,0.00479,0.00281,0.00284,0.00227,0.0055,0.00339
608.1099854,0.00485,0.00272,0.00283,0.00237,0.00527,0.0034
608.460022,0.00488,0.00264,0.0028,0.00245,0.005,0.0034
608.8099976,0.00488,0.00248,0.00274,0.00252,0.00469,0.00335
609.1599731,0.00493,0.00238,0.00268,0.00262,0.00442,0.00334
609.5100098,0.00496,0.0023,0.00261,0.00269,0.00419,0.00333
609.8499756,0.00497,0.00224,0.00258,0.0028,0.00392,0.0033
610.2000122,0.00499,0.00215,0.0025,0.00294,0.0037,0.00331
610.5499878,0.00499,0.00205,0.00247,0.00303,0.00348,0.00322
610.9000244,0.00503,0.00202,0.00247,0.0032,0.00331,0.00322
611.25,0.00509,0.00204,0.00245,0.00334,0.00318,0.0032
611.5900269,0.00511,0.00198,0.00239,0.00344,0.00304,0.00312
611.9400024,0.00514,0.00196,0.00235,0.00358,0.00293,0.0031
612.289978,0.00512,0.00191,0.00226,0.00368,0.00283,0.00303
612.6400146,0.00507,0.00187,0.00221,0.00372,0.00273,0.00295
612.9899902,0.00501,0.00181,0.00206,0.00377,0.00267,0.00289
613.3300171,0.00497,0.00173,0.00195,0.00382,0.00263,0.00282
613.6799927,0.00489,0.00168,0.00182,0.00391,0.00262,0.00277
614.0300293,0.00483,0.00166,0.00173,0.00401,0.00262,0.0027
614.3800049,0.00476,0.00166,0.00168,0.00408,0.00267,0.00265
614.7199707,0.00474,0.00167,0.0016,0.00415,0.00275,0.0026
615.0700073,0.00472,0.00166,0.00154,0.00426,0.00281,0.00254
615.4199829,0.00467,0.00167,0.00152,0.00433,0.00288,0.00245
615.7700195,0.0046,0.00169,0.00148,0.00441,0.003,0.00241
616.1099854,0.00452,0.00167,0.00143,0.00444,0.00308,0.00234
616.460022,0.00442,0.00163,0.00141,0.00443,0.00314,0.00228
616.8099976,0.00429,0.00157,0.00135,0.0044,0.00319,0.00217
617.1599731,0.00414,0.00154,0.00136,0.00436,0.00322,0.0021
617.5,0.00401,0.00152,0.00138,0.00433,0.00334,0.00202
617.8499756,0.00389,0.00146,0.00138,0.00425,0.00337,0.00196
618.2000122,0.0038,0.00145,0.00139,0.00419,0.00339,0.00187
618.539978,0.00368,0.00141,0.0014,0.0041,0.00342,0.00178
618.8900146,0.00359,0.00141,0.00139,0.00401,0.00346,0.0017
619.2399902,0.0035,0.00136,0.0014,0.00392,0.00346,0.00165
619.5900269,0.00343,0.00134,0.00143,0.00381,0.00351,0.00156
619.9299927,0.00332,0.0013,0.00144,0.00367,0.00346,0.00147
620.2800293,0.00326,0.00132,0.0015,0.00361,0.00347,0.00145
620.6300049,0.00315,0.00128,0.00154,0.00347,0.00344,0.00141
620.9699707,0.00311,0.00125,0.00162,0.00332,0.00345,0.00137
621.3200073,0.00305,0.0012,0.00172,0.00315,0.00343,0.00134
621.6699829,0.00299,0.00116,0.0018,0.00297,0.00346,0.00132
622.0100098,0.00292,0.00113,0.00184,0.00276,0.0034,0.00128
622.3599854,0.00289,0.00116,0.00193,0.00262,0.00345,0.00129
622.710022,0.00284,0.00109,0.002,0.00242,0.00344,0.00126
623.0499878,0.00283,0.0011,0.0021,0.00222,0.00347,0.00124
623.4000244,0.00278,0.00113,0.00219,0.00204,0.00345,0.00125
623.75,0.00268,0.00112,0.00221,0.0019,0.00345,0.00122
624.0900269,0.00266,0.00115,0.00231,0.00181,0.00346,0.00124
624.4400024,0.0026,0.00111,0.00239,0.00167,0.00345,0.00123
624.789978,0.00254,0.00108,0.00245,0.00153,0.00336,0.00119
625.1300049,0.00251,0.00113,0.00253,0.00143,0.00337,0.00117
625.4799805,0.0024,0.0011,0.00257,0.00131,0.00332,0.00113
625.8200073,0.00235,0.0011,0.00262,0.00127,0.00333,0.00114
626.1699829,0.00234,0.00109,0.00268,0.0012,0.0033,0.00116
626.5200195,0.00229,0.0011,0.00271,0.00112,0.00325,0.0011
626.8599854,0.00225,0.00111,0.00272,0.0011,0.00324,0.00106
627.210022,0.00219,0.00108,0.00272,0.00103,0.00325,0.00104
627.5499878,0.00216,0.00106,0.00274,0.001,0.00321,0.00101
627.9000244,0.00217,0.00109,0.00275,0.001,0.00319,0.001
628.25,0.00215,0.00109,0.00277,0.00098,0.00316,0.00101
628.5900269,0.00213,0.00115,0.00278,0.00098,0.00313,0.00102
628.9400024,0.0021,0.00116,0.00278,0.00097,0.00308,0.00099
629.2800293,0.00209,0.00118,0.00278,0.00095,0.00305,0.00101
629.6300049,0.0021,0.00121,0.0028,0.00098,0.00301,0.00107
629.9799805,0.00207,0.00123,0.0028,0.00099,0.00299,0.0011
630.3200073,0.00211,0.00126,0.00278,0.00105,0.00302,0.0011
630.6699829,0.0021,0.00129,0.00273,0.00107,0.00303,0.00106
631.0100098,0.0021,0.00133,0.00269,0.00113,0.00307,0.00105
631.3599854,0.00211,0.00138,0.00263,0.00118,0.00311,0.00107
631.7000122,0.00212,0.00145,0.00258,0.00126,0.00315,0.00106
632.0499878,0.00208,0.0015,0.00248,0.00133,0.00319,0.00105
632.3900146,0.00208,0.00158,0.00236,0.00139,0.00325,0.00104
632.7399902,0.00204,0.00163,0.00223,0.00145,0.00328,0.00107
633.0900269,0.00206,0.00171,0.00212,0.00154,0.00337,0.00112
633.4299927,0.00212,0.00178,0.00201,0.00161,0.00342,0.00115
633.7800293,0.00214,0.0018,0.00187,0.00171,0.0035,0.00119
634.1199951,0.00213,0.00185,0.00177,0.00176,0.00356,0.00125
634.4699707,0.00219,0.00191,0.00162,0.00179,0.00358,0.00125
634.8099976,0.00219,0.00189,0.00146,0.00185,0.00361,0.00126
635.1599731,0.00219,0.00192,0.00138,0.0019,0.00363,0.00126
635.5,0.00219,0.00193,0.00126,0.00189,0.00362,0.00128
635.8499756,0.00215,0.00197,0.00118,0.00193,0.00366,0.00128
636.1900024,0.00219,0.00201,0.00113,0.00196,0.00369,0.00132
636.539978,0.00221,0.00201,0.00102,0.00197,0.00371,0.00132
636.8800049,0.00225,0.00203,0.00097,0.00205,0.00377,0.00137
637.2299805,0.00227,0.00208,0.00092,0.00207,0.00379,0.0014
637.5700073,0.00228,0.00204,0.00083,0.00208,0.00378,0.00145
637.9199829,0.00229,0.002,0.00075,0.00212,0.00376,0.00147
638.2600098,0.00233,0.00192,0.00064,0.00216,0.0037,0.00156
638.5999756,0.00235,0.00189,0.00056,0.00221,0.00369,0.00159
638.9500122,0.00238,0.00186,0.00053,0.00228,0.00363,0.00164
639.289978,0.00239,0.00179,0.00049,0.00233,0.0036,0.00169
639.6400146,0.00246,0.00172,0.00048,0.00236,0.00357,0.00175
639.9799805,0.0025,0.00166,0.00042,0.00238,0.00352,0.00178
640.3300171,0.00255,0.00159,0.00041,0.00243,0.00351,0.00181
640.6699829,0.00266,0.00153,0.00043,0.00246,0.00355,0.00184
641.0200195,0.0027,0.00144,0.00039,0.00244,0.00349,0.00184
641.3599854,0.00277,0.00134,0.00032,0.00244,0.00347,0.00185
641.7000122,0.00284,0.00127,0.00031,0.00246,0.00345,0.00188
642.0499878,0.00289,0.0012,0.00028,0.00255,0.00345,0.00189
642.3900146,0.00296,0.00113,0.00029,0.00259,0.00347,0.00188
642.7399902,0.00303,0.00107,0.00027,0.00262,0.00348,0.0019
643.0800171,0.00306,0.00099,0.00024,0.00265,0.00347,0.00186
643.4299927,0.00313,0.00093,0.00025,0.00274,0.0035,0.00187
643.7700195,0.00315,0.0009,0.00031,0.00276,0.00357,0.0019
644.1099854,0.00323,0.00082,0.0003,0.00281,0.00362,0.00185
644.460022,0.00332,0.00074,0.00033,0.00282,0.00368,0.00182
644.7999878,0.00339,0.00071,0.00034,0.00289,0.00373,0.00182
645.1400146,0.00345,0.00068,0.00036,0.00294,0.00381,0.00179
645.4899902,0.00343,0.00063,0.00041,0.00298,0.00389,0.00171
645.8300171,0.0034,0.0006,0.00039,0.003,0.00397,0.00165
646.1799927,0.00347,0.00057,0.00041,0.00312,0.00406,0.00157
646.5200195,0.00346,0.00055,0.00044,0.00319,0.00417,0.00149
646.8599854,0.00342,0.00056,0.00046,0.00323,0.00425,0.00145
647.210022,0.00338,0.00053,0.00048,0.00328,0.00434,0.00137
647.5499878,0.00331,0.00049,0.00053,0.00333,0.00441,0.00128
647.8900146,0.00321,0.00041,0.00048,0.00331,0.00443,0.00118
648.2399902,0.00322,0.00042,0.00056,0.00339,0.00455,0.00118
648.5800171,0.00306,0.00037,0.00054,0.00335,0.0046,0.00108
648.9199829,0.00293,0.00036,0.00055,0.00335,0.00466,0.00105
649.2700195,0.00278,0.00032,0.00055,0.00339,0.00471,0.00098
649.6099854,0.00263,0.00026,0.00058,0.00337,0.00476,0.00091
649.9500122,0.00251,0.00025,0.00058,0.00337,0.00482,0.00082
650.2999878,0.00241,0.00028,0.00064,0.00338,0.00491,0.0008
650.6400146,0.00223,0.00023,0.0006,0.00331,0.0049,0.00067
650.9799805,0.00215,0.00019,0.00065,0.00329,0.00495,0.00065
651.3300171,0.00208,0.00021,0.00072,0.00332,0.00503,0.00061
651.6699829,0.00202,0.0002,0.00073,0.00329,0.00508,0.00058
652.0100098,0.00198,0.00024,0.00077,0.00332,0.00509,0.00054
652.3599854,0.00194,0.00022,0.0008,0.0033,0.00503,0.00057
652.7000122,0.0019,0.00023,0.00084,0.00331,0.00499,0.00054
653.039978,0.00188,0.00025,0.00097,0.00332,0.00493,0.0006
653.3800049,0.0018,0.00026,0.00102,0.0033,0.00482,0.00056
653.7299805,0.00171,0.00022,0.001,0.00322,0.00457,0.00053
654.0700073,0.00167,0.00023,0.0011,0.00319,0.00438,0.0005
654.4099731,0.00163,0.00024,0.00115,0.00315,0.00422,0.00051
654.75,0.00151,0.00023,0.00119,0.00308,0.00406,0.00042
655.0999756,0.00147,0.00022,0.00123,0.00303,0.00389,0.00042
655.4400024,0.00144,0.00021,0.00125,0.00301,0.00377,0.00038
655.7800293,0.00144,0.00022,0.00133,0.00299,0.00364,0.00038
656.1199951,0.00144,0.0002,0.00144,0.00296,0.0036,0.00037
656.4699707,0.00138,0.0002,0.0015,0.00294,0.00354,0.00037
656.8099976,0.00133,0.00014,0.00158,0.00287,0.00343,0.00032
657.1500244,0.00136,0.00013,0.0017,0.00283,0.00333,0.00035
657.4899902,0.0013,9.00E-05,0.00179,0.00278,0.00318,0.00032
657.8400269,0.00126,8.00E-05,0.0019,0.00276,0.00306,0.0003
658.1799927,0.00122,0.00011,0.00199,0.00276,0.00298,0.0003
658.5200195,0.00115,0.00011,0.00205,0.00269,0.00278,0.00026
658.8599854,0.00115,7.00E-05,0.00214,0.00263,0.00261,0.00024
659.2000122,0.00113,5.00E-05,0.0022,0.0026,0.00242,0.00025
659.5499878,0.00112,3.00E-05,0.00228,0.00258,0.00227,0.00024
659.8900146,0.00116,4.00E-05,0.0024,0.00258,0.00218,0.00026
660.2299805,0.00116,5.00E-05,0.00244,0.00255,0.00198,0.00024
660.5700073,0.00114,4.00E-05,0.00252,0.00253,0.00179,0.00021
660.9099731,0.00121,4.00E-05,0.00263,0.00258,0.00167,0.00023
661.2600098,0.00122,4.00E-05,0.0027,0.0026,0.00152,0.00022
661.5999756,0.00118,7.00E-05,0.00279,0.00266,0.00141,0.0002
661.9400024,0.00114,0.00011,0.00285,0.00271,0.00128,0.00018
662.2800293,0.00108,1.00E-04,0.00287,0.00274,0.00115,0.00015
662.6199951,0.00107,9.00E-05,0.00293,0.00278,0.00111,0.00017
662.960022,0.00104,9.00E-05,0.00291,0.00283,0.00105,0.0002
663.3099976,0.00099,0.00012,0.00287,0.00289,0.00101,0.00019
663.6500244,0.0009,0.00013,0.00284,0.00294,0.001,0.00014
663.9899902,0.00094,0.00014,0.0028,0.00303,0.00103,0.00014
664.3300171,0.00095,0.00017,0.00278,0.00314,0.00113,0.00016
664.6699829,0.00099,0.0002,0.00279,0.00326,0.00123,0.00017
665.0100098,0.00106,0.00026,0.00276,0.00346,0.00136,0.0002
665.3499756,0.00107,0.00025,0.00276,0.00359,0.00149,0.00018
665.6900024,0.00111,0.00023,0.00277,0.00378,0.00168,0.00019
666.039978,0.00116,0.00026,0.00277,0.00396,0.00186,0.00024
666.3800049,0.00118,0.00028,0.00277,0.00412,0.00202,0.00027
666.7199707,0.0012,0.00034,0.00276,0.0043,0.00218,0.00028
667.0599976,0.00119,0.00039,0.00272,0.00449,0.00231,0.0003
667.4000244,0.00113,0.0004,0.00266,0.00454,0.00242,0.00026
667.7399902,0.00112,0.00046,0.00262,0.00461,0.00251,0.00028
668.0800171,0.00104,0.00052,0.00256,0.00461,0.00247,0.00024
668.4199829,0.00101,0.00059,0.0025,0.00459,0.00247,0.0002
668.7600098,0.00094,0.00064,0.00244,0.00451,0.00246,0.00017
669.0999756,0.00094,0.00071,0.0024,0.0044,0.0024,0.00015
669.4400024,0.00092,0.00081,0.00244,0.00425,0.00236,0.00016
669.789978,0.00094,0.00091,0.00242,0.00412,0.00229,0.00016
670.1300049,0.00096,0.00099,0.00244,0.00396,0.00223,0.00014
670.4699707,0.00102,0.0011,0.00244,0.00387,0.00222,0.00018
670.8099976,0.00109,0.0012,0.00245,0.00379,0.00221,0.0002
671.1500244,0.00108,0.00128,0.00241,0.00371,0.00217,0.00022
671.4899902,0.00107,0.00134,0.00238,0.00362,0.00214,0.00024
671.8300171,0.00108,0.0014,0.00234,0.00358,0.00207,0.00026
672.1699829,0.00107,0.00141,0.00232,0.00357,0.002,0.00024
672.5100098,0.00104,0.00146,0.00226,0.00355,0.00197,0.00024
672.8499756,0.00099,0.00152,0.00223,0.00346,0.00191,0.00021
673.1900024,0.00089,0.00151,0.00215,0.00334,0.00178,0.00017
673.5300293,0.00089,0.00156,0.00216,0.00331,0.00174,0.00014
673.8699951,0.00087,0.00157,0.00215,0.00321,0.00166,7.00E-05
674.210022,0.00086,0.00159,0.00206,0.00305,0.00163,2.00E-05
674.5499878,0.00084,0.00165,0.00208,0.00294,0.0016,0
674.8900146,0.00085,0.0017,0.00214,0.0028,0.00157,2.00E-05
675.2299805,0.00086,0.00172,0.00221,0.00269,0.00154,6.00E-05
675.5700073,0.00092,0.00179,0.00232,0.0026,0.00158,0.00011
675.9099731,0.00094,0.00178,0.00237,0.0024,0.00153,9.00E-05
676.25,0.00092,0.00182,0.00242,0.00228,0.00151,0.00013
676.5900269,0.00091,0.00181,0.00252,0.00217,0.00147,0.00016
676.9299927,0.00091,0.00182,0.00254,0.00202,0.00142,0.0002
677.2700195,0.00089,0.00179,0.00259,0.00195,0.00135,0.00022
677.6099854,0.00087,0.00175,0.00261,0.00186,0.00136,0.00022
677.9500122,0.00083,0.00174,0.00267,0.00179,0.00132,0.00023
678.289978,0.00084,0.00171,0.00274,0.00182,0.00132,0.00028
678.6300049,0.00086,0.00169,0.00285,0.00182,0.00133,0.00031
678.9699707,0.00088,0.0017,0.00299,0.00187,0.00132,0.00035
679.3099976,0.00088,0.00168,0.00315,0.00196,0.00133,0.00038
679.6500244,0.00088,0.00171,0.00328,0.00201,0.00135,0.00036
679.9799805,0.00092,0.00172,0.00346,0.00213,0.00136,0.00043
680.3200073,0.00098,0.00171,0.00366,0.00228,0.00138,0.00047
680.6599731,0.001,0.00175,0.00384,0.00234,0.00141,0.00052
681,0.001,0.00174,0.00402,0.00246,0.00142,0.00056
681.3400269,0.00101,0.00172,0.00416,0.00256,0.00154,0.00059
681.6799927,0.00104,0.00169,0.00431,0.00262,0.0016,0.0006
682.0200195,0.00109,0.00169,0.00438,0.00267,0.00166,0.00065
682.3599854,0.00107,0.00171,0.00443,0.00266,0.00167,0.00059
682.7000122,0.001,0.00164,0.00438,0.00261,0.00167,0.00056
683.039978,0.00098,0.00164,0.00437,0.00262,0.00173,0.00058
683.3800049,0.00093,0.00159,0.00427,0.00257,0.00175,0.00055
683.710022,0.00089,0.00161,0.00413,0.00248,0.0017,0.0005
684.0499878,0.00088,0.00159,0.004,0.00242,0.00172,0.00052
684.3900146,0.00086,0.00155,0.00388,0.00238,0.00175,0.00051
684.7299805,0.00088,0.00152,0.00376,0.00236,0.00186,0.00058
685.0700073,0.00091,0.00155,0.00364,0.00233,0.00199,0.0006
685.4099731,0.00093,0.00154,0.00347,0.00225,0.00209,0.00057
685.75,0.00098,0.00156,0.00334,0.0022,0.00219,0.00062
686.0900269,0.00096,0.00149,0.00316,0.00215,0.00232,0.00061
686.4199829,0.00096,0.00154,0.00302,0.00213,0.00249,0.0006
686.7600098,0.00095,0.00159,0.0029,0.00213,0.00267,0.00064
687.0999756,0.00091,0.00158,0.0027,0.00208,0.00283,0.00062
687.4400024,0.001,0.00163,0.00262,0.00208,0.00302,0.00068
687.7800293,0.00094,0.00164,0.00252,0.00204,0.00319,0.0007
688.1199951,0.00092,0.00165,0.00247,0.00201,0.00338,0.00068
688.4500122,0.001,0.0017,0.0025,0.00203,0.00363,0.00074
688.789978,0.00098,0.00166,0.00246,0.00199,0.00381,0.00075
689.1300049,0.00102,0.00169,0.00245,0.00197,0.00398,0.00076
689.4699707,0.00104,0.00173,0.00249,0.00197,0.00407,0.00076
689.8099976,0.00096,0.0017,0.00244,0.00188,0.00412,0.00069
690.1400146,0.00102,0.00175,0.00242,0.0019,0.0042,0.00072
690.4799805,0.00103,0.00179,0.00239,0.00192,0.00429,0.00078
690.8200073,0.00101,0.00185,0.00236,0.00189,0.00429,0.00078
691.1599731,0.00105,0.0019,0.00235,0.00187,0.00429,0.0008
691.5,0.00104,0.00198,0.0024,0.00189,0.00429,0.0008
691.8300171,0.00107,0.00198,0.00236,0.00185,0.0043,0.00081
692.1699829,0.00116,0.00204,0.00241,0.00192,0.00435,0.00089
692.5100098,0.00122,0.00208,0.00247,0.00194,0.00431,0.0009
692.8499756,0.00126,0.00213,0.00254,0.00198,0.00427,0.00089
693.1799927,0.00128,0.00214,0.00264,0.00202,0.0042,0.00092
693.5200195,0.00125,0.00217,0.00269,0.00201,0.00412,0.00095
693.8599854,0.00122,0.00208,0.00268,0.00193,0.00396,0.00095
694.2000122,0.0012,0.00208,0.00277,0.00194,0.0038,0.00096
694.5300293,0.00112,0.00207,0.00274,0.00187,0.00356,0.00088
694.8699951,0.00104,0.00199,0.00275,0.00183,0.00338,0.00086
695.210022,0.00098,0.00194,0.00266,0.00179,0.00318,0.00083
695.5499878,0.00101,0.00196,0.00265,0.0018,0.00304,0.00083
695.8800049,0.00106,0.002,0.00262,0.00186,0.00291,0.00088
696.2199707,0.00111,0.00205,0.00257,0.00191,0.00276,0.00087
696.5599976,0.00115,0.00211,0.0025,0.00196,0.0027,0.0009
696.9000244,0.00121,0.0022,0.00253,0.00207,0.00266,0.00099
697.2299805,0.00124,0.00233,0.00247,0.00214,0.00259,0.001
697.5700073,0.00128,0.00243,0.00248,0.00218,0.00253,0.00103
697.9099731,0.00132,0.00251,0.00245,0.00219,0.00251,0.00104
698.2399902,0.0013,0.0026,0.00239,0.00228,0.00243,0.00102
698.5800171,0.00128,0.00265,0.00234,0.00233,0.00241,0.00099
698.9199829,0.00123,0.00264,0.00225,0.00236,0.00231,0.00092
699.25,0.00125,0.00261,0.00214,0.00236,0.00229,0.00089
699.5900269,0.00124,0.00257,0.00208,0.00237,0.00222,0.00085
699.9299927,0.00125,0.00253,0.00201,0.00241,0.00218,0.00084
700.2600098,0.00121,0.00241,0.00185,0.00239,0.00207,0.00078
700.5999756,0.00118,0.00228,0.00174,0.00235,0.00205,0.00069
700.9400024,0.00125,0.0022,0.00172,0.00241,0.00207,0.00074
701.2700195,0.0013,0.00218,0.00171,0.00248,0.00209,0.00076
701.6099854,0.00132,0.00217,0.00172,0.00255,0.00213,0.00077
701.9500122,0.00141,0.00219,0.00171,0.0026,0.00219,0.00088
702.2800293,0.00143,0.00217,0.00169,0.00263,0.00225,0.00094
702.6199951,0.00149,0.00221,0.00172,0.00272,0.00237,0.00106
702.960022,0.00157,0.00224,0.00178,0.00289,0.0025,0.00124
703.289978,0.00162,0.00226,0.00172,0.00295,0.00259,0.0013
703.6300049,0.0017,0.00224,0.0017,0.00304,0.00274,0.0015
703.960022,0.00173,0.00221,0.00161,0.00313,0.0028,0.00166
704.2999878,0.00183,0.00221,0.00163,0.00334,0.00301,0.00187
704.6400146,0.00202,0.0022,0.00166,0.00357,0.00323,0.00207
704.9699707,0.00205,0.00211,0.00166,0.00369,0.00339,0.00222
705.3099976,0.00214,0.00204,0.00167,0.00373,0.00356,0.0024
705.6400146,0.00225,0.00199,0.0017,0.00388,0.00377,0.00266
705.9799805,0.00232,0.00193,0.00169,0.004,0.00394,0.0028
706.3200073,0.00247,0.00185,0.00171,0.00404,0.00421,0.00294
706.6500244,0.00255,0.00175,0.00165,0.004,0.00441,0.00298
706.9899902,0.00267,0.00173,0.0016,0.00393,0.00459,0.00301
707.3200073,0.00297,0.00176,0.00161,0.00396,0.00482,0.00307
707.6599731,0.00324,0.00177,0.00162,0.004,0.00506,0.00311
707.9899902,0.00349,0.00174,0.00163,0.00392,0.00522,0.00307
708.3300171,0.00377,0.00171,0.00167,0.00381,0.00541,0.00297
708.6699829,0.00405,0.00169,0.00169,0.00377,0.0056,0.00289
709,0.00433,0.00162,0.00171,0.00367,0.00574,0.00276
709.3400269,0.00463,0.00159,0.00178,0.00364,0.0059,0.00266
709.6699829,0.00477,0.00151,0.00174,0.00356,0.00594,0.0025
710.0100098,0.00492,0.00144,0.00173,0.00345,0.00596,0.0023
710.3400269,0.00501,0.00139,0.00178,0.00333,0.00599,0.00214
710.6799927,0.0051,0.00141,0.00179,0.00335,0.00609,0.00206
711.0100098,0.00518,0.00146,0.00185,0.00339,0.00612,0.00199
711.3499756,0.00517,0.00151,0.00192,0.0035,0.00613,0.00196
711.6799927,0.00507,0.00151,0.00194,0.00356,0.00611,0.00188
712.0200195,0.0049,0.00144,0.00199,0.00355,0.00608,0.00178
712.3499756,0.00468,0.0014,0.00198,0.00358,0.00601,0.00168
712.6900024,0.00448,0.00139,0.00193,0.00368,0.006,0.00162
713.0200195,0.00425,0.00135,0.00196,0.00373,0.00585,0.00157
713.3599854,0.00397,0.00127,0.00197,0.00369,0.00573,0.00146
713.6900024,0.00367,0.0012,0.00194,0.00363,0.00562,0.00133
714.0300293,0.00336,0.00109,0.00198,0.00362,0.00553,0.0013
714.3599854,0.00318,0.00109,0.00203,0.00368,0.00544,0.00127
714.7000122,0.00298,0.00111,0.00208,0.0037,0.00538,0.00124
715.0300293,0.00281,0.00105,0.00213,0.00373,0.00529,0.00118
715.3699951,0.00267,0.00105,0.00221,0.00373,0.00524,0.0011
715.7000122,0.00251,0.00103,0.00233,0.00378,0.00516,0.00108
716.039978,0.00238,0.00099,0.00236,0.0038,0.00507,0.00103
716.3699951,0.00228,0.00106,0.00239,0.00384,0.00502,0.00102
716.7000122,0.00221,0.00112,0.00245,0.00384,0.00505,0.00102
717.039978,0.0021,0.00104,0.00249,0.00385,0.00499,0.00096
717.3699951,0.00205,0.00113,0.00257,0.00393,0.00496,0.00096
717.710022,0.00195,0.00111,0.00263,0.00391,0.0049,0.00097
718.039978,0.00192,0.00105,0.00263,0.00395,0.0049,0.00096
718.3800049,0.00182,0.00106,0.00272,0.004,0.0049,0.00096
718.710022,0.00173,0.00099,0.00279,0.004,0.00478,0.00088
719.039978,0.00169,0.00096,0.0029,0.00405,0.00476,0.0009
719.3800049,0.0017,0.00098,0.00305,0.00417,0.00476,0.00097
719.710022,0.00162,0.00093,0.0032,0.00416,0.00475,0.00095
720.0499878,0.00155,0.00095,0.00332,0.0043,0.00476,0.00098
720.3800049,0.00154,0.00104,0.00344,0.00442,0.00476,0.00096
720.710022,0.00157,0.00105,0.00352,0.00451,0.00473,0.00096
721.0499878,0.0015,0.00101,0.00359,0.00459,0.00471,0.00091
721.3800049,0.00144,0.00097,0.00361,0.00466,0.00461,0.00081
721.7199707,0.00142,0.00098,0.00369,0.00472,0.00457,0.00074
722.0499878,0.00144,0.00104,0.00368,0.00486,0.00451,0.00076
722.3800049,0.00142,0.00105,0.00368,0.00489,0.00444,0.00068
722.7199707,0.00135,0.00106,0.00368,0.00486,0.00435,0.00072
723.0499878,0.00133,0.00108,0.00365,0.00492,0.00431,0.00077
723.3800049,0.00143,0.0012,0.00363,0.00494,0.00431,0.00088
723.7199707,0.00146,0.00123,0.00359,0.00498,0.00428,0.00093
724.0499878,0.0014,0.00127,0.00341,0.0049,0.00417,0.00094
724.3800049,0.00131,0.00126,0.00327,0.00477,0.00403,0.00092
724.7199707,0.00133,0.00122,0.00313,0.00474,0.00392,0.00095
725.0499878,0.00135,0.00123,0.00299,0.00475,0.00387,0.00092
725.3800049,0.00135,0.00123,0.00292,0.0047,0.0037,0.00088
725.7199707,0.00132,0.00118,0.00272,0.00467,0.00355,0.00078
726.0499878,0.00128,0.00122,0.00258,0.00473,0.00343,0.00078
726.3800049,0.0013,0.00128,0.00246,0.00485,0.00338,0.00084
726.7199707,0.00142,0.00134,0.0024,0.00506,0.00342,0.00089
727.0499878,0.00145,0.00146,0.00228,0.00521,0.00338,0.00095
727.3800049,0.00142,0.0015,0.00214,0.00533,0.0033,0.00091
727.710022,0.00141,0.00151,0.00201,0.00546,0.00322,0.00087
728.0499878,0.00142,0.00155,0.00202,0.00568,0.00316,0.00095
728.3800049,0.00144,0.00158,0.00198,0.00571,0.00308,0.00091
728.710022,0.00145,0.00164,0.00195,0.0058,0.00303,0.00086
729.0499878,0.00138,0.00161,0.00191,0.00586,0.00293,0.00081
729.3800049,0.00134,0.0016,0.00199,0.0059,0.00287,0.0008
729.710022,0.00134,0.00161,0.00206,0.00598,0.00277,0.00083
730.039978,0.00133,0.00165,0.00215,0.00607,0.00277,0.00088
730.3800049,0.00133,0.00168,0.00221,0.0061,0.00277,0.00087
730.710022,0.00129,0.00165,0.00223,0.00607,0.00277,0.00092
731.039978,0.00131,0.00164,0.00231,0.00612,0.00269,0.00091
731.3699951,0.0013,0.00168,0.00242,0.00612,0.00266,0.0009
731.710022,0.00134,0.00176,0.00252,0.00618,0.00272,0.0009
732.039978,0.00134,0.00178,0.00258,0.00621,0.00275,0.00091
732.3699951,0.0014,0.00182,0.00262,0.00622,0.00288,0.00096
732.7000122,0.00136,0.00187,0.00266,0.00622,0.0029,0.00091
733.039978,0.00141,0.00198,0.00278,0.00639,0.0031,0.00094
733.3699951,0.00143,0.00196,0.00283,0.00642,0.00332,0.00101
733.7000122,0.00144,0.00196,0.0028,0.00639,0.00351,0.00103
734.0300293,0.00141,0.00181,0.00276,0.00636,0.00364,0.00093
734.3599854,0.00142,0.00179,0.00281,0.00637,0.00387,0.00097
734.7000122,0.00131,0.00176,0.00284,0.0064,0.004,0.00093
735.0300293,0.00135,0.00169,0.0029,0.00645,0.0042,0.00098
735.3599854,0.00137,0.00158,0.0029,0.0065,0.0043,0.00094
735.6900024,0.00133,0.00159,0.00291,0.00656,0.00439,0.00091
736.0200195,0.00134,0.00149,0.00296,0.00665,0.00441,0.00094
736.3499756,0.00128,0.00142,0.00288,0.00665,0.0044,0.00098
736.6900024,0.00129,0.00124,0.00282,0.00663,0.00427,0.00094
737.0200195,0.00141,0.00107,0.00277,0.00662,0.00412,0.00098
737.3499756,0.00138,0.00096,0.0026,0.00655,0.00394,0.00095
737.6799927,0.00139,0.00083,0.00251,0.00646,0.00368,0.00097
738.0100098,0.00137,0.00069,0.00251,0.00637,0.0034,0.00098
738.3400269,0.00138,0.00059,0.0024,0.00627,0.00317,0.00093
738.6799927,0.00147,0.00056,0.00241,0.00623,0.00299,0.00095
739.0100098,0.00146,0.00059,0.00243,0.0062,0.0029,0.00097
739.3400269,0.00143,0.0006,0.00244,0.00602,0.00281,0.00095
739.6699829,0.00139,0.00058,0.00248,0.00587,0.00272,0.00089
740,0.00134,0.00056,0.00246,0.00579,0.00261,0.00085
740.3300171,0.00134,0.00048,0.00246,0.00568,0.00259,0.00081
740.6599731,0.00141,0.00048,0.00263,0.00561,0.0026,0.00081
740.9899902,0.0014,0.00045,0.00275,0.00548,0.00254,0.00076
741.3200073,0.00139,0.00047,0.00284,0.00541,0.00249,0.00072
741.6599731,0.00142,0.00049,0.00291,0.00544,0.00246,0.0007
741.9899902,0.00153,0.00055,0.00306,0.00544,0.00248,0.00074
742.3200073,0.00154,0.00055,0.0033,0.00537,0.00251,0.00074
742.6500244,0.00159,0.00058,0.00342,0.00531,0.00255,0.00072
742.9799805,0.00155,0.00061,0.00353,0.00529,0.00259,0.00074
743.3099976,0.00155,0.00066,0.00368,0.00531,0.0027,0.0008
743.6400146,0.00159,0.00061,0.00386,0.00519,0.00274,0.00077
743.9699707,0.00154,0.00058,0.00398,0.00513,0.00283,0.00077
744.2999878,0.00152,0.00054,0.00412,0.00511,0.00285,0.00075
744.6300049,0.00156,0.00056,0.00417,0.00503,0.00295,0.00068
744.960022,0.00151,0.00051,0.00423,0.005,0.00301,0.0007
745.289978,0.00151,0.00059,0.00434,0.00492,0.00306,0.00061
745.6199951,0.00151,0.00054,0.00444,0.00482,0.0031,0.00061
745.9500122,0.0015,0.00056,0.00443,0.00481,0.00322,0.00058
746.2800293,0.00158,0.00062,0.00461,0.00487,0.0034,0.00062
746.6099854,0.00159,0.00063,0.00471,0.00482,0.00362,0.00059
746.9400024,0.00157,0.00071,0.0048,0.00486,0.00387,0.00063
747.2800293,0.00163,0.00081,0.00496,0.00485,0.00417,0.00063
747.6099854,0.00162,0.00082,0.00498,0.00489,0.00448,0.00072
747.9400024,0.00163,0.00084,0.005,0.00486,0.00474,0.00064
748.2700195,0.00165,0.00086,0.00511,0.00496,0.005,0.00074
748.5999756,0.00164,0.00088,0.00514,0.00497,0.00514,0.00069
748.9299927,0.00166,0.00093,0.00517,0.00496,0.00533,0.00076
749.2600098,0.00169,0.00092,0.00523,0.00507,0.00546,0.00084
749.5800171,0.00169,0.00093,0.00524,0.00508,0.00553,0.00082
749.9099731,0.0017,0.00093,0.00528,0.00505,0.00559,0.00084
750.2399902,0.00172,0.0009,0.00526,0.00511,0.00563,0.00086
750.5700073,0.00171,0.00091,0.00521,0.00502,0.00559,0.00076
750.9000244,0.00177,0.00094,0.00517,0.00503,0.00569,0.00082
751.2299805,0.0018,0.00102,0.00513,0.00517,0.00567,0.00086
751.5599976,0.00182,0.00099,0.00505,0.00516,0.00554,0.00087
751.8900146,0.00185,0.00099,0.00504,0.00532,0.00548,0.00096
752.2199707,0.00176,0.00094,0.00496,0.00542,0.00539,0.0009
752.5499878,0.00174,0.00102,0.00497,0.00561,0.00529,0.00087
752.8800049,0.00174,0.00107,0.00491,0.00584,0.0053,0.00091
753.210022,0.00162,0.00113,0.0049,0.00603,0.00527,0.00089
753.539978,0.00152,0.00106,0.00477,0.00609,0.00516,0.00082
753.8699951,0.00153,0.00112,0.00474,0.00627,0.00523,0.00076
754.2000122,0.00152,0.00112,0.00461,0.00646,0.0052,0.00071
754.5300293,0.00162,0.00117,0.00461,0.00662,0.00519,0.00072
754.8599854,0.00171,0.00129,0.00454,0.00673,0.00514,0.00081
755.1900024,0.00178,0.00146,0.00456,0.00689,0.00511,0.00092
755.5100098,0.00174,0.00144,0.00442,0.00689,0.00484,0.00089
755.8400269,0.00188,0.00156,0.0045,0.00699,0.00478,0.001
756.1699829,0.0019,0.00164,0.0044,0.0069,0.0046,0.00106
756.5,0.00181,0.00174,0.00432,0.00674,0.00432,0.00102
756.8300171,0.00176,0.00212,0.0042,0.00664,0.00401,0.00098
757.1599731,0.00172,0.0022,0.00418,0.00652,0.00381,0.00096
757.4899902,0.00166,0.00213,0.00404,0.00632,0.00347,0.00089
757.8200073,0.00176,0.00228,0.004,0.00631,0.00338,0.00094
758.1400146,0.00172,0.00238,0.00394,0.00621,0.00316,0.0009
758.4699707,0.00174,0.00246,0.00389,0.0061,0.0029,0.00085
758.7999878,0.00179,0.00253,0.00383,0.00609,0.00275,0.00089
759.1300049,0.00183,0.00235,0.00388,0.00609,0.00262,0.00107
759.460022,0.0019,0.00249,0.00385,0.00623,0.00252,0.0011
759.789978,0.00201,0.0027,0.00392,0.00623,0.00245,0.00115
760.1199951,0.00193,0.0027,0.00386,0.00616,0.00219,0.00109
760.4400024,0.00184,0.00274,0.00372,0.00613,0.0021,0.00107
760.7700195,0.0019,0.00288,0.00373,0.00631,0.00211,0.00122
761.0999756,0.00193,0.00298,0.00374,0.00641,0.00205,0.00124
761.4299927,0.00199,0.00297,0.00364,0.00654,0.00197,0.00119
761.7600098,0.00195,0.00289,0.00361,0.00648,0.00186,0.0012
762.0800171,0.00184,0.0028,0.00349,0.00662,0.00176,0.00116
762.4099731,0.00199,0.00291,0.00355,0.0068,0.0018,0.00134
762.7399902,0.0021,0.00288,0.00365,0.00695,0.00166,0.00141
763.0700073,0.00209,0.00284,0.00367,0.00709,0.00153,0.00137
763.4000244,0.00209,0.00284,0.00363,0.0071,0.00145,0.0014
763.7199707,0.00215,0.00288,0.00365,0.00717,0.00139,0.00141
764.0499878,0.00217,0.00285,0.00364,0.00731,0.00132,0.00143
764.3800049,0.0023,0.0029,0.00377,0.00742,0.00133,0.00159
764.710022,0.00229,0.00275,0.0038,0.00743,0.00127,0.00153
765.039978,0.0023,0.00269,0.00369,0.00733,0.00128,0.00148
765.3599854,0.00229,0.00262,0.0037,0.00726,0.00123,0.00145
765.6900024,0.00238,0.00251,0.00376,0.00721,0.00118,0.00142
766.0200195,0.00243,0.00247,0.00386,0.00715,0.00121,0.00152
766.3499756,0.00245,0.00244,0.00389,0.00697,0.00122,0.00158
766.6699829,0.00241,0.00233,0.00383,0.00678,0.0011,0.00152
767,0.00239,0.00226,0.00378,0.00658,0.00106,0.00149
767.3300171,0.00248,0.00232,0.00393,0.00662,0.00108,0.00159
767.6500244,0.00255,0.00228,0.00398,0.00657,0.0011,0.00162
767.9799805,0.00257,0.00225,0.00409,0.0066,0.00111,0.00175
768.3099976,0.00261,0.00221,0.00407,0.0066,0.00111,0.00176
768.6400146,0.0027,0.00215,0.00415,0.00664,0.0011,0.00179
768.960022,0.00279,0.00211,0.00426,0.00664,0.00118,0.00187
769.289978,0.00288,0.00215,0.00444,0.00669,0.00122,0.00203
769.6199951,0.00293,0.00205,0.00455,0.0067,0.00126,0.00208
769.9400024,0.00285,0.00202,0.00468,0.00665,0.00121,0.00208
770.2700195,0.00291,0.00201,0.00474,0.00651,0.00121,0.00204
770.5999756,0.00286,0.00192,0.00495,0.00641,0.0012,0.00203
770.9199829,0.00278,0.00191,0.00506,0.0063,0.00121,0.00196
771.25,0.00275,0.00182,0.00511,0.00626,0.00113,0.0019
771.5800171,0.00277,0.00171,0.00521,0.00612,0.00103,0.00179
771.9000244,0.00268,0.00161,0.00528,0.00588,0.00096,0.00171
772.2299805,0.00276,0.00149,0.00538,0.00581,0.00094,0.00179
772.5599976,0.00273,0.0014,0.00548,0.00571,0.00097,0.00177
772.8800049,0.00277,0.00134,0.00549,0.00561,0.00097,0.00175
773.210022,0.00294,0.00136,0.00565,0.00553,0.00097,0.00182
773.539978,0.00306,0.00144,0.00572,0.0053,0.00094,0.00178
773.8599854,0.00326,0.00156,0.00583,0.00536,0.0011,0.00191
774.1900024,0.00337,0.00157,0.00586,0.00527,0.001,0.00185
774.5200195,0.00346,0.00153,0.00581,0.00502,0.00098,0.0017
774.8400269,0.00353,0.00161,0.00591,0.00498,0.00096,0.00169
775.1699829,0.00355,0.00164,0.00592,0.00489,0.00087,0.00159
775.5,0.0035,0.00158,0.00584,0.00482,0.00087,0.00145
775.8200073,0.00348,0.0016,0.0059,0.0048,0.00096,0.00151
776.1500244,0.00338,0.00142,0.0058,0.00461,0.00089,0.00134
776.4699707,0.00346,0.00142,0.00582,0.00467,0.00093,0.00144
776.7999878,0.00355,0.00151,0.00595,0.00476,0.00104,0.0016
777.1199951,0.0036,0.00147,0.00594,0.00477,0.00108,0.00163
777.4500122,0.00365,0.00154,0.00605,0.00469,0.00107,0.00171
777.7800293,0.00371,0.00153,0.00598,0.00462,0.00095,0.00183
778.0999756,0.00367,0.0014,0.00589,0.00452,0.00084,0.00174
778.4299927,0.00364,0.00153,0.00586,0.00451,0.00086,0.00181
778.75,0.00358,0.00163,0.00573,0.00451,0.0009,0.00186
779.0800171,0.00346,0.00166,0.00552,0.00443,0.00087,0.00176
779.4000244,0.00338,0.00173,0.00533,0.00436,0.00077,0.00173
779.7299805,0.00341,0.00173,0.00503,0.00444,0.0008,0.00173
780.0599976,0.00326,0.00167,0.0048,0.00441,0.00073,0.00158
780.3800049,0.00324,0.0017,0.00461,0.00447,0.00072,0.00162
780.710022,0.00327,0.00168,0.00443,0.0045,0.00059,0.00158
781.0300293,0.00329,0.00159,0.00436,0.00441,0.00044,0.00142
781.3599854,0.00326,0.00152,0.00417,0.00432,0.00036,0.00141
781.6799927,0.00342,0.00173,0.00425,0.00448,0.00071,0.00161
782.0100098,0.00328,0.00179,0.00423,0.00431,0.00067,0.00155
782.3300171,0.00329,0.00187,0.00435,0.00427,0.00069,0.00153
782.6599731,0.00342,0.00203,0.00455,0.00433,0.00072,0.00155
782.9799805,0.00339,0.00223,0.00461,0.00434,0.00076,0.00163
783.3099976,0.0034,0.00234,0.00464,0.00432,0.00075,0.00161
783.6300049,0.00339,0.0025,0.00472,0.00434,0.00069,0.00157
783.960022,0.00319,0.00228,0.00452,0.00413,0.00033,0.00134
784.2800293,0.00313,0.0023,0.00444,0.00415,0.00026,0.00124
784.6099854,0.00308,0.00245,0.00439,0.00418,0.00036,0.0013
784.9299927,0.00292,0.00254,0.00423,0.00412,0.00038,0.00128
785.2600098,0.00285,0.00259,0.00406,0.00411,0.00037,0.00125
785.5800171,0.0028,0.0027,0.00398,0.00409,0.00041,0.00134
785.9099731,0.00289,0.00289,0.00398,0.00421,0.00055,0.00146
786.2299805,0.00298,0.00304,0.00396,0.0044,0.00063,0.00153
786.5599976,0.00304,0.00306,0.00387,0.00437,0.00067,0.0016
786.8800049,0.00315,0.00318,0.00379,0.0044,0.00063,0.00161
787.2000122,0.00322,0.0032,0.00367,0.00444,0.00058,0.00162
787.5300293,0.0032,0.00307,0.00358,0.00438,0.00058,0.00153
787.8499756,0.00319,0.00302,0.00336,0.00444,0.00063,0.0015
788.1799927,0.00312,0.00292,0.00325,0.00439,0.00057,0.00144
788.5,0.00312,0.00301,0.00323,0.00428,0.00059,0.00149
788.8300171,0.00314,0.00305,0.0033,0.00436,0.00062,0.00153
789.1500244,0.00309,0.00299,0.00314,0.00445,0.00063,0.00158
789.4699707,0.00303,0.00288,0.00317,0.00447,0.00064,0.0016
789.7999878,0.00296,0.00282,0.00323,0.00446,0.00061,0.00176
790.1199951,0.00294,0.00291,0.00332,0.00453,0.00069,0.00176
790.4500122,0.00281,0.00287,0.00315,0.00453,0.0006,0.0017
790.7700195,0.0027,0.00277,0.00301,0.00449,0.00053,0.00156
791.0900269,0.0027,0.00267,0.00288,0.00453,0.00052,0.00157
791.4199829,0.00267,0.00256,0.00289,0.00448,0.00056,0.00154
791.7399902,0.00275,0.00258,0.00285,0.00454,0.00055,0.00163
792.0599976,0.00276,0.00267,0.0027,0.00457,0.00061,0.00156
792.3900146,0.00272,0.00251,0.00266,0.00464,0.00061,0.00162
792.710022,0.0028,0.00234,0.00276,0.00466,0.00062,0.00168
793.039978,0.00281,0.00219,0.00273,0.00468,0.0006,0.00176
793.3599854,0.00276,0.00206,0.00267,0.00457,0.00063,0.00178
793.6799927,0.0028,0.00202,0.00272,0.00453,0.00056,0.00184
794.0100098,0.00267,0.00199,0.00257,0.0045,0.00047,0.00182
794.3300171,0.0026,0.00186,0.00251,0.00449,0.00024,0.0017
794.6500244,0.00254,0.00177,0.00246,0.00433,7.00E-05,0.00168
794.9799805,0.00267,0.00186,0.00254,0.00448,0.0002,0.00188
795.2999878,0.00283,0.002,0.00271,0.00457,0.0003,0.00203
795.6199951,0.00291,0.00191,0.00275,0.0046,0.0003,0.00207
795.9400024,0.00302,0.00186,0.00267,0.00464,0.00031,0.00211
796.2700195,0.00316,0.00169,0.00265,0.00461,0.00039,0.00209
796.5900269,0.00336,0.00159,0.00274,0.00469,0.00044,0.00217
796.9099731,0.00357,0.0016,0.00272,0.00484,0.00049,0.00229
797.2399902,0.00342,0.0014,0.00252,0.00461,0.00032,0.00214
797.5599976,0.00339,0.00115,0.00236,0.00459,0.00026,0.00209
797.8800049,0.00342,0.00115,0.00236,0.00467,0.00021,0.0021
798.210022,0.00343,0.00118,0.00242,0.00468,0.0003,0.00224
798.5300293,0.00344,0.00123,0.00256,0.00472,0.00039,0.00233
798.8499756,0.00341,0.00108,0.00256,0.00473,0.0005,0.00238
799.1699829,0.00333,0.00099,0.00252,0.00463,0.00051,0.00228
799.5,0.00342,0.00105,0.0027,0.0048,0.00064,0.00238
799.8200073,0.0034,0.0011,0.00277,0.00482,0.00071,0.00223
800.1400146,0.00344,0.00109,0.00283,0.00487,0.00076,0.00216
800.460022,0.00338,0.00092,0.00277,0.00487,0.00063,0.00199
800.789978,0.00349,0.00086,0.00278,0.00491,0.00061,0.00183
801.1099854,0.00356,0.00098,0.00284,0.005,0.00062,0.00169
801.4299927,0.00358,0.00093,0.00285,0.00496,0.00061,0.00156
801.75,0.00361,0.00084,0.00287,0.00491,0.00059,0.0015
802.0700073,0.00356,0.00064,0.00281,0.00475,0.00044,0.00143
802.4000244,0.00349,0.00061,0.0028,0.0047,0.00037,0.00137
802.7199707,0.00356,0.00066,0.00284,0.00479,0.00045,0.00124
803.039978,0.00336,0.00054,0.00268,0.00466,0.0004,0.00114
803.3599854,0.00329,0.00041,0.00251,0.00448,0.00035,0.00114
803.6799927,0.00325,0.00036,0.00259,0.00457,0.00034,0.00116
804.0100098,0.00314,0.00028,0.00248,0.00441,0.00031,0.00101
804.3300171,0.00313,0.00038,0.00232,0.00454,0.00037,0.00103
804.6500244,0.00308,0.00039,0.00227,0.00455,0.00039,0.00089
804.9699707,0.00294,0.00028,0.00221,0.00439,0.00022,0.00079
805.289978,0.00289,0.0002,0.00219,0.00442,7.00E-05,0.00073
805.6199951,0.00295,0.00031,0.0023,0.00453,0.00024,0.00073
805.9400024,0.00283,0.00032,0.00231,0.00459,0.00036,0.0007
806.2600098,0.00278,0.00036,0.00244,0.00466,0.00036,0.00069
806.5800171,0.00273,0.00027,0.00256,0.00458,0.00037,0.00065
806.9000244,0.00272,0.00018,0.00268,0.00452,0.00038,0.00074
807.2199707,0.00261,0.0002,0.00271,0.00457,0.00055,0.00086
807.539978,0.00252,0.0002,0.00272,0.0045,0.00069,0.00086
807.8699951,0.0023,0.00015,0.00267,0.00442,0.00048,0.0008
808.1900024,0.00216,0.00012,0.00266,0.00435,0.00047,0.00073
808.5100098,0.00201,-2.00E-05,0.00246,0.00434,0.0005,0.00057
808.8300171,0.0018,-0.00011,0.00242,0.00434,0.00049,0.00049
809.1500244,0.00162,-2.00E-05,0.00227,0.00434,0.00042,0.00044
809.4699707,0.00173,1.00E-05,0.00233,0.00448,0.00051,0.00038
809.789978,0.00172,-1.00E-05,0.00249,0.00459,0.00062,0.0004
810.1099854,0.0018,-1.00E-04,0.00267,0.00462,0.00069,0.00049
810.4299927,0.00184,-2.00E-05,0.00264,0.00455,0.00072,0.00063
810.7600098,0.00186,0.00016,0.00272,0.00463,0.00071,0.00066
811.0800171,0.002,0.00029,0.0028,0.00472,0.00077,0.00073
811.4000244,0.00201,0.00028,0.00283,0.00475,0.00075,0.00068
811.7199707,0.00183,0.00024,0.00291,0.00467,0.00059,0.00057
812.039978,0.0019,0.00036,0.00297,0.0047,0.00056,0.00068
812.3599854,0.00173,0.00046,0.00278,0.0047,0.00059,0.00058
812.6799927,0.00176,0.0004,0.00281,0.00479,0.00051,0.00044
813,0.00177,0.00044,0.00281,0.00483,0.00059,0.00052
813.3200073,0.00165,0.00038,0.00266,0.00462,0.00046,0.00038
813.6400146,0.00159,0.00042,0.00264,0.00458,0.0007,0.00033
813.960022,0.00164,0.00051,0.0025,0.0045,0.00079,0.00044
814.2800293,0.00158,0.00041,0.00247,0.00447,0.00084,0.00039
814.5999756,0.00155,0.00025,0.00254,0.00448,0.00081,0.00045
814.9199829,0.00137,0.0003,0.00248,0.00444,0.00082,0.0004
815.2399902,0.00136,0.00024,0.00256,0.00438,0.00079,0.00033
815.5599976,0.00141,0.00034,0.00271,0.00456,0.00092,0.00051
815.8800049,0.00134,0.00016,0.00274,0.00459,0.00081,0.00048
816.2000122,0.00135,0.00018,0.00274,0.00463,0.00077,0.00043
816.5200195,0.00136,0.0002,0.00266,0.00464,0.00076,0.00045
816.8400269,0.00146,0.00029,0.0028,0.00468,0.00087,0.00054
817.1599731,0.00154,0.00021,0.00289,0.00468,0.00083,0.00054
817.4799805,0.00171,0.0002,0.00297,0.0048,0.00093,0.00062
817.7999878,0.00179,0.00013,0.00291,0.00491,0.00105,0.00065
818.1199951,0.00178,0.0002,0.00293,0.0049,0.00117,0.00081
818.4400024,0.00177,0.00018,0.00305,0.00497,0.00121,0.00091
818.7600098,0.00162,0.00019,0.00301,0.00483,0.00116,0.00077
819.0800171,0.00178,0.0004,0.00292,0.00478,0.00119,0.00075
819.4000244,0.00177,0.00047,0.00291,0.00487,0.00131,0.00075
819.7199707,0.00152,0.00044,0.00266,0.00474,0.00117,0.00067
820.039978,0.00143,0.00046,0.00277,0.0047,0.00103,0.00064
820.3599854,0.00155,0.00049,0.00279,0.0048,0.00112,0.00062
820.6799927,0.00159,0.00049,0.00278,0.00476,0.00114,0.00055
821,0.00169,0.00057,0.00289,0.00487,0.00118,0.00056
821.3200073,0.00166,0.00043,0.00301,0.00496,0.00126,0.0006
821.6400146,0.00189,0.00043,0.00294,0.00492,0.00135,0.00067
821.960022,0.00193,0.00029,0.00299,0.00496,0.00135,0.00066
822.2700195,0.00193,0.00023,0.00286,0.00483,0.00134,0.00061
822.5900269,0.00202,0.00026,0.00279,0.00484,0.00128,0.00062
822.9099731,0.00196,0.00022,0.00278,0.00491,0.00136,0.00061
823.2299805,0.00189,0.00023,0.0027,0.00486,0.00132,0.00043
823.5499878,0.00173,0.00027,0.0026,0.00482,0.00125,0.00023
823.8699951,0.00153,0.00033,0.00274,0.00484,0.00134,0.00032
824.1900024,0.00152,0.00051,0.00292,0.00489,0.00142,0.00039
824.5100098,0.00149,0.00053,0.00291,0.00499,0.00138,0.00043
824.8300171,0.00144,0.00054,0.00295,0.00489,0.00139,0.00031
825.1400146,0.0015,0.00046,0.00289,0.00482,0.0014,0.00043
825.460022,0.00143,0.00043,0.00288,0.0049,0.00152,0.00058
825.7800293,0.00158,0.00045,0.0029,0.00487,0.00158,0.00066
826.0999756,0.00156,0.00022,0.00281,0.0049,0.00143,0.00062
826.4199829,0.00161,7.00E-05,0.00264,0.00494,0.00131,0.00068
826.7399902,0.00172,0.00016,0.00271,0.00489,0.00152,0.00055
827.0599976,0.00167,9.00E-05,0.00266,0.00493,0.00155,0.00063
827.3699951,0.00157,0.00021,0.00273,0.00496,0.0015,0.00054
827.6900024,0.00168,0.00026,0.00278,0.00503,0.00155,0.00063
828.0100098,0.00173,0.00037,0.00292,0.00519,0.00175,0.00073
828.3300171,0.00174,0.00051,0.00291,0.00532,0.00183,0.00057
828.6500244,0.00178,0.00069,0.00296,0.00534,0.002,0.00057
828.960022,0.00174,0.00072,0.00306,0.00543,0.00202,0.00077
829.2800293,0.00183,0.00069,0.00317,0.00559,0.00208,0.00081
829.5999756,0.00182,0.00062,0.00315,0.00545,0.00214,0.0008
829.9199829,0.00182,0.00054,0.0031,0.00545,0.00203,0.00084
830.2399902,0.00173,0.00042,0.00304,0.00553,0.00192,0.00084
830.5499878,0.00178,0.00048,0.00324,0.00558,0.00199,0.00104
830.8699951,0.00175,0.00037,0.00318,0.00547,0.00205,0.00088
831.1900024,0.00156,0.00017,0.00294,0.00529,0.00187,0.00057
831.5100098,0.00163,0.00027,0.00308,0.00546,0.00193,0.00071
831.8300171,0.00181,0.00023,0.00316,0.00567,0.00202,0.00066
832.1400146,0.00183,0.00026,0.00333,0.00584,0.00232,0.0008
832.460022,0.00165,3.00E-05,0.00313,0.00551,0.00211,0.00056
832.7800293,0.00157,3.00E-05,0.003,0.00521,0.00199,0.00049
833.0999756,0.00155,1.00E-05,0.00296,0.00511,0.00193,0.00042
833.4099731,0.00169,0.00019,0.00315,0.00536,0.00197,0.00071
833.7299805,0.00151,1.00E-04,0.00299,0.00516,0.00192,0.00032
834.0499878,0.00136,7.00E-05,0.00287,0.00489,0.00175,0.00028
834.3599854,0.00154,0.00011,0.00292,0.00471,0.00162,0.00017
834.6799927,0.00159,0.00031,0.00307,0.00507,0.00195,0.00043
835,0.00163,0.00033,0.0031,0.00522,0.00194,0.00054
835.3200073,0.00173,0.0005,0.00347,0.00551,0.00216,0.00087
835.6300049,0.00175,0.00035,0.00351,0.00542,0.0023,0.00086
835.9500122,0.00176,0.00038,0.00346,0.00545,0.00226,0.0012
836.2700195,0.00172,0.00044,0.00342,0.00569,0.00246,0.00118
836.5800171,0.00153,0.00055,0.00337,0.00586,0.00246,0.00131
836.9000244,0.0015,0.00059,0.00333,0.00557,0.00239,0.00115
837.2199707,0.00146,0.00049,0.00327,0.00558,0.00258,0.00097
837.5300293,0.00156,0.00059,0.00305,0.00562,0.00259,0.00092
837.8499756,0.00167,0.00073,0.00304,0.00573,0.00274,0.00102
838.1699829,0.00175,0.00074,0.00307,0.00571,0.0028,0.0009
838.4799805,0.00187,0.00074,0.00318,0.00569,0.00286,0.00103
838.7999878,0.0018,0.00059,0.00312,0.00535,0.00269,0.00074
839.1199951,0.00185,0.0004,0.00304,0.00542,0.00258,0.00069
839.4299927,0.0019,0.00043,0.00291,0.00534,0.00247,0.00074
839.75,0.00173,0.00016,0.00303,0.00523,0.00223,0.00059
840.0700073,0.00133,7.00E-05,0.00296,0.00509,0.00198,0.00034
840.3800049,0.00138,-1.00E-05,0.00302,0.00508,0.00187,0.0003
840.7000122,0.00147,1.00E-04,0.00313,0.00526,0.00177,0.00038
841.0100098,0.00155,8.00E-05,0.00318,0.00535,0.00188,0.00034
841.3300171,0.00152,0.0003,0.00305,0.00531,0.00196,0.00032
841.6500244,0.00148,0.0003,0.00312,0.00527,0.00206,0.00036
841.960022,0.00165,0.00037,0.00314,0.00524,0.00211,0.00037
842.2800293,0.00196,0.00051,0.00316,0.00544,0.00207,0.00047
842.5999756,0.00175,0.00062,0.00297,0.00539,0.00208,0.00048
842.9099731,0.00169,0.00056,0.00289,0.00532,0.00201,0.00037
843.2299805,0.00154,0.00063,0.00267,0.00541,0.00188,0.00038
843.539978,0.00164,0.0006,0.00287,0.00544,0.00185,0.00059
843.8599854,0.00167,0.0005,0.00298,0.00559,0.0017,0.00061
844.1699829,0.00138,0.00046,0.0028,0.00561,0.00164,0.00056
844.4899902,0.00138,0.00053,0.00266,0.00544,0.00174,0.0005
844.8099976,0.00152,0.0006,0.00283,0.00548,0.00157,0.00061
845.1199951,0.0016,0.00058,0.00283,0.00544,0.00157,0.00059
845.4400024,0.00177,0.00054,0.00296,0.00555,0.00154,0.00066
845.75,0.00162,0.00046,0.00293,0.00547,0.00121,0.00039
846.0700073,0.00188,0.00066,0.00306,0.00553,0.00135,0.00049
846.3800049,0.0021,0.00063,0.00301,0.00547,0.00121,0.0004
846.7000122,0.00203,0.00042,0.00314,0.00563,0.00104,0.0002
847.0100098,0.00188,0.00039,0.00306,0.00565,0.00108,0
847.3300171,0.0017,0.00034,0.0029,0.00575,0.00087,-1.00E-05
847.6400146,0.00142,0.00022,0.00284,0.00563,0.00061,-8.00E-05
847.960022,0.00161,0.00022,0.00278,0.0058,0.00068,6.00E-05
848.2700195,0.00117,0.00014,0.00248,0.00572,0.00038,-0.00018
848.5900269,0.00089,3.00E-05,0.00247,0.00585,0.00028,-0.00023
848.9000244,0.0008,1.00E-05,0.00249,0.00565,0.00045,1.00E-05
849.2199707,0.00101,2.00E-05,0.00257,0.00574,0.00065,0.00014
849.5300293,0.00127,-4.00E-05,0.00278,0.0057,0.00077,0.00024
849.8499756,0.00154,0.00013,0.00304,0.00581,0.00097,0.00034
850.1599731,0.00164,0.00028,0.00307,0.00573,0.00109,0.00032
850.4799805,0.00201,0.00045,0.00331,0.00592,0.00125,0.00051
850.789978,0.00222,0.00082,0.00348,0.00598,0.00129,0.00077
851.1099854,0.00251,0.00099,0.00362,0.00618,0.00139,0.001
851.4199829,0.00257,0.00084,0.00355,0.00613,0.00113,0.00103
851.7399902,0.00242,0.00097,0.0034,0.00613,0.00105,0.00108
852.0499878,0.00238,0.00099,0.00337,0.00628,0.00109,0.00113
852.3599854,0.00219,0.00086,0.00344,0.00633,0.0008,0.00108
852.6799927,0.00204,0.00065,0.00336,0.00611,0.00055,0.00091
852.9899902,0.00186,0.00043,0.0034,0.00621,0.0007,0.00101
853.3099976,0.00183,0.0004,0.00335,0.00626,0.0005,0.00083
853.6199951,0.00164,0.00056,0.00348,0.00632,0.00057,0.00079
853.9400024,0.00146,0.00038,0.0034,0.00626,0.0006,0.0006
854.25,0.00171,0.00037,0.0032,0.00615,0.0006,0.00079
854.5599976,0.00149,0.00017,0.00291,0.00595,0.00064,0.00052
854.8800049,0.00165,0.00021,0.00305,0.00615,0.00067,0.00065
855.1900024,0.00204,0.00031,0.00293,0.00618,0.00056,0.00055
855.5100098,0.00208,0.00016,0.00304,0.00636,0.00055,0.0005
855.8200073,0.00217,0.00018,0.00296,0.00641,0.00051,0.00055
856.1300049,0.00237,0.00038,0.00308,0.00634,0.0006,0.00082
856.4500122,0.00212,0.00025,0.00314,0.0061,0.00031,0.00055
856.7600098,0.00249,0.00049,0.00345,0.00656,0.00041,0.00088
857.0700073,0.0026,0.00053,0.00343,0.0067,0.00054,0.00093
857.3900146,0.0024,0.00077,0.00347,0.00656,0.00064,0.00101
857.7000122,0.00239,0.00079,0.00329,0.00605,0.00038,0.00092
858.0200195,0.00236,0.00072,0.00328,0.00602,0.00033,0.00086
858.3300171,0.0023,0.00062,0.00331,0.00612,7.00E-05,0.00059
858.6400146,0.00253,0.00076,0.00337,0.0064,0.00038,0.00051
858.960022,0.00255,0.00047,0.00338,0.00601,0.00018,0.0004
859.2700195,0.00226,0.00031,0.00326,0.00576,-3.00E-05,0.00011
859.5800171,0.00257,-8.00E-05,0.00345,0.00587,-0.00024,0.00019
859.9000244,0.00235,4.00E-05,0.00343,0.00609,-0.00025,0.00045
860.210022,0.00236,0.00014,0.00359,0.00617,-0.00027,0.00062
860.5200195,0.00232,0.00029,0.00367,0.00614,-0.00022,0.00093
860.8300171,0.00231,9.00E-05,0.0037,0.00608,-0.00053,0.00092
861.1500244,0.0023,0.00039,0.0038,0.00636,-0.00027,0.0011
861.460022,0.00242,0.00071,0.00388,0.00645,-0.00023,0.00149
861.7700195,0.00229,0.00092,0.00389,0.00627,-0.00015,0.00159
862.0900269,0.00243,0.0009,0.00397,0.00641,1.00E-04,0.00146
862.4000244,0.00236,0.00075,0.00378,0.00603,-0.00014,0.0011
862.710022,0.00245,0.00066,0.00362,0.00579,-0.00018,0.00079
863.0200195,0.00221,0.00065,0.00343,0.00558,1.00E-05,0.00095
863.3400269,0.00197,0.0005,0.00314,0.00532,-3.00E-05,0.00095
863.6500244,0.00169,4.00E-05,0.00297,0.00511,0,0.0006
863.960022,0.00165,-1.00E-05,0.00305,0.00526,1.00E-05,0.0005
864.2700195,0.00172,2.00E-05,0.00295,0.00524,-0.00014,0.0005
864.5900269,0.00178,-3.00E-05,0.00312,0.00545,8.00E-05,0.00069
864.9000244,0.00165,0,0.003,0.00548,0.00025,0.00059
865.210022,0.00178,0.00014,0.0031,0.0055,1.00E-05,0.00078
865.5200195,0.00184,0.00014,0.00316,0.00558,-0.00026,0.00054
865.8400269,0.00205,0.0003,0.00317,0.00558,-0.00038,0.00061
866.1500244,0.00178,0.00029,0.00269,0.00521,-0.0005,0.00015
866.460022,0.00183,0.00031,0.00278,0.00525,-0.00043,0.00032
866.7700195,0.00187,0.00033,0.00275,0.00508,-0.00054,0.00026
867.0800171,0.00196,0.00034,0.00276,0.00521,-0.0007,0.00035
867.4000244,0.00185,0.00021,0.00286,0.00542,-0.00032,0.00019
867.710022,0.00216,0.00033,0.00303,0.00556,-0.0003,0.00062
868.0200195,0.00217,0.00048,0.003,0.00545,-0.00031,0.00065
868.3300171,0.00234,8.00E-05,0.00306,0.00565,-0.00027,0.00105
868.6400146,0.00219,5.00E-05,0.00304,0.00517,-0.00051,0.00074
868.960022,0.00225,0.00019,0.00323,0.00525,-0.00035,0.00104
869.2700195,0.00241,0.00012,0.00321,0.00521,-0.00043,0.00099
869.5800171,0.00249,9.00E-05,0.00316,0.00499,-0.00067,0.001
869.8900146,0.00226,0.00034,0.00323,0.00489,-0.00055,0.00081
870.2000122,0.00233,0.00037,0.00323,0.00484,-0.00066,0.00084
870.5100098,0.00241,0.00089,0.0036,0.00478,-0.0006,0.00074
870.8200073,0.0024,0.00079,0.0035,0.00472,-0.00054,0.00076
871.1400146,0.00235,0.00049,0.00328,0.0044,-0.00092,0.0003
871.4500122,0.00236,0.00062,0.00349,0.00456,-0.00076,0.00062
871.7600098,0.00225,0.00079,0.00364,0.00473,-0.00082,0.0006
872.0700073,0.00234,0.0006,0.00354,0.00466,-0.00094,0.00092
872.3800049,0.00265,0.00061,0.00355,0.00492,-0.00046,0.00113
872.6900024,0.00259,0.00051,0.00336,0.00494,-0.00066,0.00107
873,0.0028,0.00068,0.0038,0.00531,-0.00025,0.00127
873.3099976,0.00299,0.00098,0.00359,0.00563,-6.00E-05,0.00178
873.6300049,0.00272,0.00081,0.00341,0.00519,-0.00026,0.00164
873.9400024,0.0029,0.0011,0.00367,0.00515,5.00E-05,0.00197
874.25,0.00278,0.00103,0.00344,0.00494,9.00E-05,0.00152
874.5599976,0.00282,0.00036,0.00281,0.00435,-0.00111,0.0009
874.8699951,0.00281,0.0003,0.0027,0.00424,-0.00115,0.00089
875.1799927,0.00261,0.00011,0.00226,0.00405,-0.00168,0.0006
875.4899902,0.00253,0,0.00238,0.00412,-0.00175,0.00041
875.7999878,0.00271,0.00035,0.00253,0.00471,-0.00144,0.00052
876.1099854,0.0027,3.00E-05,0.00181,0.00477,-0.00191,0.00022
876.4199829,0.00303,0.00013,0.00198,0.00497,-0.00204,0.00032
876.7299805,0.00268,0.00056,0.00275,0.00524,-0.00121,0.00084
877.039978,0.00262,0.00059,0.00282,0.00528,-0.00093,0.00077
877.3499756,0.00284,0.00102,0.00297,0.00555,-0.00055,0.00122
877.6599731,0.00271,0.00103,0.00317,0.0054,-0.00064,0.00121
877.9699707,0.00237,0.00056,0.003,0.00494,-0.00109,0.00089
878.2800293,0.00228,0.00039,0.00312,0.00467,-0.00093,0.00095
878.5900269,0.00225,0.00043,0.00315,0.00474,-0.00063,0.0012
878.9000244,0.00234,0.00083,0.00334,0.00487,-0.00072,0.00135
879.210022,0.00231,0.00081,0.00322,0.00486,-0.00097,0.00165
879.5200195,0.00197,0.00032,0.00308,0.00442,-0.00137,0.00141
879.8300171,0.00218,0.00029,0.00286,0.00431,-0.00137,0.00128
880.1400146,0.00265,0.00053,0.00305,0.0046,-0.00125,0.00184
880.4500122,0.00257,0.0008,0.00314,0.00458,-0.00136,0.00171
880.7600098,0.00256,0.00083,0.00306,0.00431,-0.00124,0.00156
881.0700073,0.00244,0.00047,0.00267,0.00421,-0.0012,0.00125
881.3800049,0.00276,0.00058,0.00274,0.00428,-0.00106,0.00107
881.6900024,0.00288,0.00089,0.00299,0.00434,-0.00089,0.00111
882,0.00274,0.00099,0.00318,0.00448,-0.00067,0.00144
882.3099976,0.0027,0.00099,0.00334,0.00432,-0.00049,0.00136
882.6199951,0.00277,0.00095,0.00332,0.00426,-0.00029,0.00151
882.9299927,0.00264,0.00081,0.00312,0.0041,-0.00062,0.00148
883.2399902,0.00271,0.00103,0.00321,0.00415,-0.00055,0.00145
883.5499878,0.00217,0.00062,0.00318,0.00373,-0.0008,0.0012
883.8599854,0.00232,0.00021,0.00289,0.004,-0.0009,0.00119
884.1699829,0.00272,0.00027,0.00263,0.0042,-0.00096,0.00126
884.4799805,0.00278,0.00043,0.00238,0.00409,-0.00105,0.00131
884.789978,0.00278,0.00026,0.00227,0.00396,-0.00118,0.00106
885.0900269,0.0027,0.00022,0.00244,0.0043,-0.00096,0.00088
885.4000244,0.00247,0.00027,0.00232,0.00415,-0.00074,0.00103
885.710022,0.00235,0.00034,0.00187,0.00413,-0.00091,0.00117
886.0200195,0.00234,0.00043,0.00176,0.00401,-0.00082,0.0012
886.3300171,0.00193,0.00012,0.00183,0.0038,-0.00066,0.00105
886.6400146,0.0017,-0.00015,0.0018,0.00368,-0.00045,0.00066
886.9500122,0.00201,3.00E-05,0.00223,0.00385,-0.00011,0.0009
887.2600098,0.00224,7.00E-05,0.0023,0.00375,-0.00016,0.00104
887.5700073,0.00246,-0.0002,0.00245,0.00412,-0.00045,0.00091
887.8699951,0.00311,4.00E-05,0.00297,0.00449,0.00031,0.00116
888.1799927,0.00307,0.00021,0.00318,0.00435,0.00046,0.001
888.4899902,0.00301,0.00043,0.00316,0.00441,0.00032,0.0009
888.7999878,0.00347,0.00062,0.00311,0.00472,0.00029,0.00125
889.1099854,0.0033,0.00029,0.00272,0.00477,0.00016,0.00103
889.4199829,0.00313,0.00019,0.00247,0.00471,-2.00E-05,0.00113
889.7199707,0.00275,0.00017,0.00233,0.00424,0.00014,0.00118
890.0300293,0.00284,0.00019,0.00212,0.00462,4.00E-05,0.00134
890.3400269,0.00297,0.00045,0.00225,0.0046,0.00015,0.00182
890.6500244,0.0032,0.00052,0.00231,0.00462,0.00043,0.00187
890.960022,0.00308,0.00059,0.00261,0.0047,0.00074,0.00185
891.2700195,0.00299,0.00066,0.00251,0.00475,0.0006,0.00186
891.5700073,0.00305,0.00098,0.00274,0.00492,0.00122,0.00221
891.8800049,0.00345,0.00117,0.00278,0.00508,0.00147,0.00217
892.1900024,0.00352,0.0016,0.0032,0.00487,0.00174,0.002
892.5,0.00331,0.00143,0.00286,0.00483,0.00181,0.00136
892.7999878,0.00321,0.00113,0.00256,0.00455,0.0015,0.00115
893.1099854,0.00288,0.00093,0.00223,0.00405,0.00093,0.00083
893.4199829,0.00289,0.00078,0.00226,0.004,0.00143,0.00089
893.7299805,0.00252,0.00041,0.00203,0.0038,0.00105,0.00055
894.039978,0.00232,0.00018,0.00197,0.00386,0.00102,0.00073
894.3400269,0.00206,1.00E-05,0.00154,0.00371,0.00099,0.00056
894.6500244,0.00241,-8.00E-05,0.00188,0.00408,0.0012,0.00091
894.960022,0.00252,0.00028,0.00235,0.00444,0.00178,0.00098
895.2600098,0.00248,0.00032,0.00239,0.00471,0.00195,0.00089
895.5700073,0.00241,0.00064,0.00221,0.00465,0.00151,0.00043
895.8800049,0.00238,0.00045,0.00193,0.00455,0.00119,-0.00014
896.1900024,0.00281,0.00053,0.00196,0.00463,0.00148,-0.00013
896.4899902,0.0028,8.00E-05,0.00213,0.00447,0.00159,-0.00015
896.7999878,0.00223,-0.00019,0.00164,0.00387,0.00106,-0.00055
897.1099854,0.0021,-0.0003,0.00149,0.00373,0.00125,-0.00051
897.4199829,0.0023,-0.0005,0.00141,0.00392,0.00186,-0.00058
897.7199707,0.00216,-0.001,0.00163,0.00386,0.00209,-0.00033
898.0300293,0.00233,-0.0008,0.00202,0.00416,0.0029,4.00E-05
898.3400269,0.00161,-0.00098,0.0017,0.00359,0.00257,-0.00025
898.6400146,0.00132,-0.0011,0.00119,0.00346,0.0023,-0.00044
898.9500122,0.00175,-0.00096,0.00137,0.00388,0.00293,-0.00019
899.2600098,0.00127,-0.00159,0.00066,0.00326,0.00242,-0.00056
899.5599976,0.00108,-0.00173,0.00052,0.00274,0.00211,-0.00044
899.8699951,0.00137,-0.00117,0.00045,0.00259,0.00257,-0.00016
900.1799927,0.00112,-0.00137,0.00015,0.00233,0.00244,-8.00E-05
900.4799805,0.00149,-0.00107,0.00073,0.00277,0.00309,0.00058
900.789978,0.00161,-0.00065,0.00123,0.00318,0.00349,0.00084
901.0999756,0.00133,-0.00056,0.00143,0.00355,0.00359,0.00088
901.4000244,0.00183,0.00016,0.00217,0.00405,0.00449,0.00144
901.710022,0.00186,0.00032,0.00233,0.00443,0.00507,0.00139
902.0100098,0.00182,0.00041,0.00257,0.00483,0.00566,0.00125
902.3200073,0.00191,0.0007,0.003,0.00527,0.00629,0.00127
902.6300049,0.0021,0.00054,0.00301,0.00553,0.00641,0.00083
902.9299927,0.0023,9.00E-05,0.00308,0.00542,0.00671,0.00091
903.2399902,0.00227,-1.00E-04,0.00304,0.00507,0.00701,0.00104
903.539978,0.00214,-0.00045,0.00285,0.0051,0.007,0.00058
903.8499756,0.00218,-0.00044,0.00286,0.00522,0.00746,0.00078
904.1599731,0.00233,-0.00062,0.00252,0.00518,0.00742,0.00073
904.460022,0.00248,-0.00046,0.00226,0.00489,0.0074,0.00087
904.7700195,0.00224,-0.00034,0.00218,0.00476,0.007710001,0.00104
905.0700073,0.00177,-0.00017,0.00185,0.00457,0.0078,0.00093
905.3800049,0.00226,0.00019,0.00189,0.00482,0.00849,0.00089
905.6799927,0.00222,0.00021,0.00166,0.00458,0.00857,0.00091
905.9899902,0.00242,0.00023,0.00221,0.00414,0.00849,0.00095
906.2999878,0.00208,0.00033,0.00255,0.00412,0.00879,0.00128
906.5999756,0.00217,-9.00E-05,0.00284,0.00387,0.0092,0.00107
906.9099731,0.00206,-0.00017,0.00248,0.00377,0.00908,0.00066
907.210022,0.00222,-6.00E-05,0.0028,0.004,0.00931,0.00045
907.5200195,0.00179,-0.00038,0.00234,0.00348,0.00884,0.00022
907.8200073,0.00181,-0.00064,0.0022,0.00348,0.00868,-3.00E-05
908.1300049,0.0015,-0.00062,0.00163,0.0036,0.00894,0.00017
908.4299927,0.00184,-0.00085,0.00144,0.00361,0.00893,-0.00028
908.7399902,0.00174,-0.00051,0.00115,0.00382,0.00871,-0.00023
909.039978,0.00185,-0.00047,0.00137,0.00401,0.00871,0.00024
909.3499756,0.00203,-0.0006,0.0013,0.00397,0.0092,0.00074
909.6500244,0.00178,-0.00057,0.00176,0.00415,0.00928,0.00105
909.960022,0.00183,-0.00021,0.00215,0.00471,0.00971,0.00156
910.2600098,0.0018,-0.0003,0.00206,0.00465,0.00957,0.00108
910.5700073,0.0017,2.00E-05,0.00235,0.00506,0.00974,0.00145
910.8699951,0.00186,-7.00E-05,0.00221,0.00517,0.00988,0.00146
911.1799927,0.00177,-0.00035,0.00193,0.00487,0.00999,0.00105
911.4799805,0.00151,-0.00039,0.00209,0.00519,0.0094,0.00068
911.789978,0.00158,-0.00044,0.0021,0.00541,0.00942,0.00045
912.0900269,0.00149,-0.00061,0.00204,0.00545,0.0091,0.00034
912.3900146,0.00119,-0.00085,0.00177,0.00608,0.00875,0.0005
912.7000122,0.00132,-0.00073,0.00162,0.00578,0.008640001,0.0006
913,0.00132,-0.00066,0.00216,0.00622,0.008450001,0.00077
913.3099976,0.00185,-0.00023,0.00257,0.00677,0.00835,0.00084
913.6099854,0.00201,-0.00041,0.00216,0.00635,0.00808,0.00072
913.9199829,0.00221,-0.00039,0.00211,0.00662,0.00777,0.00091
914.2199707,0.0021,-0.00024,0.00218,0.00641,0.00768,0.00101
914.5200195,0.00259,5.00E-05,0.00307,0.00623,0.00724,0.00096
914.8300171,0.00229,-0.00073,0.00267,0.00636,0.00625,0.00038
915.1300049,0.00203,-0.00136,0.00242,0.00606,0.0059,8.00E-05
915.4400024,0.00134,-0.00197,0.002,0.00592,0.00519,-0.0002
915.7399902,0.0016,-0.00193,0.00191,0.00606,0.00522,0.00011
916.039978,0.00148,-0.00213,0.00175,0.0058,0.00495,-0.00029
916.3499756,0.00151,-0.00242,0.00159,0.00586,0.00448,-0.00024
916.6500244,0.00157,-0.00259,0.00105,0.00611,0.00425,-1.00E-04
916.960022,0.00175,-0.00233,0.00141,0.00628,0.00427,-0.00012
917.2600098,0.00183,-0.00231,0.00113,0.00627,0.00383,-0.00033
917.5599976,0.00196,-0.00214,0.00107,0.00632,0.00384,-0.00014
917.8699951,0.00182,-0.00205,0.00134,0.00639,0.0034,-0.00047
918.1699829,0.00196,-0.00166,0.00147,0.00639,0.00341,3.00E-05
918.4699707,0.00237,-0.00141,0.0014,0.00664,0.00335,0.00017
918.7800293,0.00234,-0.00129,0.0015,0.00689,0.00377,1.00E-05
919.0800171,0.00177,-0.00135,0.00112,0.00626,0.00345,-0.0003
919.3800049,0.00178,-0.00089,0.00098,0.00641,0.00366,9.00E-05
919.6900024,0.00148,-0.00091,0.00117,0.00639,0.00357,0.00031
919.9899902,0.0012,-0.00043,0.00121,0.0064,0.0033,0.00055
920.289978,0.00105,-0.00055,0.00103,0.00652,0.00306,1.00E-05
920.5900269,0.00109,-0.00042,0.00146,0.00683,0.00314,-1.00E-04
920.9000244,0.00045,-0.00074,0.00113,0.00617,0.00237,-0.00024
921.2000122,0.00083,-0.00074,0.00139,0.00685,0.00228,0.00023
921.5,0.00085,-0.00061,0.00184,0.00682,0.0016,-3.00E-05
921.8099976,0.0011,-0.0008,0.00156,0.00675,0.00173,-0.00025
922.1099854,0.00086,-0.00181,0.00072,0.00669,0.00109,-0.00092
922.4099731,0.00066,-0.00241,0.00044,0.00693,0.00066,-0.00094
922.710022,0.00051,-0.0026,0.00018,0.00675,0.00047,-0.00124
923.0200195,0.00088,-0.00256,0.00064,0.00712,0.00052,-0.0013
923.3200073,0.00087,-0.00261,0.0005,0.00724,0.00048,-0.00115
923.6199951,0.00066,-0.00319,0.00022,0.00736,0.00053,-0.00138
923.9199829,0.00022,-0.00276,0.00033,0.00754,1.00E-04,-0.00148
924.2299805,0.00062,-0.00193,0.00122,0.00813,0.00106,-0.0007
924.5300293,0.00105,-0.00168,0.00184,0.00802,0.00132,-0.00019
924.8300171,0.00071,-0.00156,0.0019,0.00804,0.00093,1.00E-04
925.1300049,0.00072,-0.00115,0.00205,0.008309999,0.00086,0.00061
925.4400024,1.00E-04,-0.00125,0.00203,0.007900001,0.00046,0.00034
925.7399902,8.00E-05,-0.00099,0.00218,0.00829,0.0005,0.00042
926.039978,0.0008,-0.00079,0.00216,0.0085,0.00028,0.00037
926.3400269,0.00067,-0.00109,0.00232,0.00851,-0.00058,-0.00025
926.6400146,0.00029,-0.00096,0.00178,0.00851,-0.00094,-0.0006
926.9500122,-0.00013,-0.00115,0.00183,0.00843,-0.00101,-0.00119
927.25,-0.00041,-0.0015,0.00104,0.008169999,-0.00114,-0.00142
927.5499878,0.00021,-0.001,0.00137,0.00836,-0.00039,-0.00066
927.8499756,0.00027,-0.00085,0.00135,0.00815,-0.00035,-7.00E-05
928.1500244,0.00018,-0.00099,0.00163,0.00799,-0.00032,0.00028
928.460022,0.0006,-0.00093,0.00101,0.00798,-0.00014,0.00014
928.7600098,0.00049,-0.0003,0.00125,0.00801,-0.0002,0.00044
929.0599976,0.0007,-0.00056,0.0011,0.0076,-0.0002,0.00048
929.3599854,0.00053,-0.00088,0.00112,0.00711,-0.00019,3.00E-05
929.6599731,0.00037,-0.00123,0.00091,0.00681,-0.00061,-0.00065
929.960022,0.00055,-0.00111,0.00073,0.00677,-0.001,-0.00137
930.2600098,1.00E-05,-0.00162,0.00062,0.00647,-0.00119,-0.00202
930.5700073,-0.00017,-0.00173,0.00122,0.00626,-0.00115,-0.00184
930.8699951,9.00E-05,-0.00234,0.00161,0.00587,-0.00104,-0.00212
931.1699829,0.00041,-0.00193,0.00237,0.00554,-0.00111,-0.00195
931.4699707,0.00112,-0.00153,0.00258,0.0056,-0.00155,-0.00215
931.7700195,0.00117,-0.0009,0.00308,0.00604,-0.00166,-0.00144
932.0700073,0.00113,-0.001,0.00349,0.00571,-0.00188,-0.00097
932.3699951,0.00169,-0.00081,0.00409,0.00589,-0.00125,-0.00051
932.6699829,0.00117,-0.001,0.00353,0.00555,-0.0014,-0.00051
932.9699707,0.00099,-0.00144,0.00288,0.00484,-0.00165,-0.0009
933.2700195,0.00045,-0.00242,0.00166,0.00514,-0.00183,-0.00111
933.5800171,-0.00011,-0.00249,0.0016,0.00482,-0.00171,-0.00111
933.8800049,-0.00027,-0.00335,0.00126,0.0042,-0.00201,-0.00178
934.1799927,-0.00062,-0.00346,0.0009,0.0038,-0.00189,-0.00259
934.4799805,-0.00112,-0.00388,0.00015,0.00357,-0.00234,-0.00304
934.7800293,-0.00069,-0.00347,0.00047,0.00359,-0.00244,-0.0031
935.0800171,-0.00044,-0.00317,0.00101,0.00447,-0.00247,-0.00311
935.3800049,-0.00037,-0.00255,0.00176,0.00441,-0.0024,-0.00299
935.6799927,0.0002,-0.00229,0.00232,0.00442,-0.00258,-0.00262
935.9799805,0.00023,-0.0021,0.00246,0.00419,-0.00215,-0.00292
936.2800293,0.00025,-0.00209,0.00248,0.00423,-0.00226,-0.00237
936.5800171,0.00049,-0.00164,0.003,0.00366,-0.00265,-0.00212
936.8800049,-0.00018,-0.00222,0.00358,0.00291,-0.00269,-0.00207
937.1799927,0.00011,-0.00181,0.00385,0.00272,-0.00305,-0.00167
937.4799805,0.00073,-0.00171,0.00351,0.00224,-0.00298,-0.00178
937.7800293,7.00E-05,-0.0024,0.00291,0.00219,-0.00309,-0.00197
938.0800171,0.00029,-0.00268,0.00215,0.00191,-0.00352,-0.00182
938.3800049,0.00063,-0.00283,0.00265,0.00205,-0.00303,-0.00188
938.6799927,0.00087,-0.00296,0.00284,0.0025,-0.00295,-0.00086
938.9799805,0.0013,-0.00303,0.00257,0.00244,-0.00353,-0.00057
939.2800293,0.00059,-0.00374,0.00204,0.00158,-0.00388,-0.00134
939.5800171,3.00E-05,-0.00374,0.00253,0.00209,-0.00359,-0.00093
939.8800049,0.00043,-0.00305,0.00306,0.00235,-0.00297,-9.00E-05
940.1799927,0.00081,-0.00282,0.00314,0.00249,-0.00307,0.00012
940.4799805,0.00085,-0.00317,0.00313,0.00181,-0.00325,-2.00E-05
940.7800293,0.00031,-0.00336,0.0023,0.00131,-0.00404,-0.00148
941.0800171,0.00011,-0.00318,0.00159,0.00168,-0.00372,-0.00215
941.3800049,-0.00014,-0.00342,0.00139,0.00153,-0.00347,-0.00156
941.6799927,-0.00015,-0.00415,0.00117,0.00055,-0.00435,-0.0027
941.9799805,0.00025,-0.00391,0.0016,0.00042,-0.0042,-0.00311
942.2700195,-0.00049,-0.00381,0.00222,0.00011,-0.00384,-0.00321
942.5700073,-0.00137,-0.00386,0.00163,0.00015,-0.00422,-0.00345
942.8699951,-0.00131,-0.00379,0.00236,0.00048,-0.00306,-0.00347
943.1699829,-0.00101,-0.00317,0.00301,0.0005,-0.00254,-0.00259
943.4699707,-0.00041,-0.00268,0.0033,0.00137,-0.00166,-0.00259
943.7700195,0.00047,-0.00141,0.00327,0.00242,-0.00094,-0.00113
944.0700073,-0.00062,-0.00213,0.00187,0.00141,-0.00197,-0.00206
944.3699951,-0.0008,-0.00225,0.00187,0.00177,-0.00195,-0.00229
944.6699829,-0.00036,-0.0017,0.00208,0.00254,-0.00177,-0.00213
944.9699707,-0.00019,-0.00151,0.00163,0.00257,-0.00181,-0.00218
945.2600098,-0.00014,-0.00209,0.00122,0.00214,-0.00255,-0.00317
945.5599976,-0.0005,-0.00244,0.00078,0.00182,-0.00293,-0.00359
945.8599854,-0.00196,-0.00289,0.00036,0.00153,-0.00299,-0.00425
946.1599731,-0.00233,-0.00377,0.00014,0.00131,-0.00317,-0.00421
946.460022,-0.00257,-0.00372,-0.00047,0.00092,-0.00385,-0.00412
946.7600098,-0.002,-0.0028,1.00E-04,0.00086,-0.00302,-0.00281
947.0499878,-0.0018,-0.00222,0.00017,0.00044,-0.00315,-0.00219
947.3499756,-0.00197,-0.00184,0.00031,0.00055,-0.00307,-0.00167
947.6500244,-0.00134,-0.00087,0.00085,0.00031,-0.00371,-0.00111
947.9500122,-0.00055,-0.0008,0.00097,0.00034,-0.00451,-0.00129
948.25,0.00042,0.00056,0.00124,0.0016,-0.00392,-0.00158
948.5499878,0.00066,0.00019,0.00118,0.00128,-0.0044,-0.002
948.8400269,-0.00106,-0.00171,0.00056,0.00024,-0.00587,-0.00406
949.1400146,-0.00072,-0.00161,0.00107,0.00124,-0.00562,-0.00353
949.4400024,-0.00136,-0.00153,0.0008,0.00148,-0.00505,-0.00348
949.7399902,-0.00133,-0.00197,0.00043,0.00233,-0.00444,-0.00381
950.039978,-0.00078,-0.00149,0.00061,0.00223,-0.0034,-0.00256
950.3300171,-0.00152,-0.0022,0.0003,0.0017,-0.00368,-0.00226
950.6300049,-0.00164,-0.00227,0.00014,0.0027,-0.00292,-0.00211
950.9299927,0.00017,-0.00129,3.00E-05,0.0038,-0.00231,-0.00101
951.2299805,0.00052,-0.0016,-0.00137,0.00281,-0.00328,-0.0013
951.5200195,0.00111,-0.00212,-0.00148,0.00193,-0.00364,-0.00134
951.8200073,-0.00028,-0.00247,-0.00235,0.00039,-0.00466,-0.00132
952.1199951,-0.00183,-0.0032,-0.00378,-0.0005,-0.00578,-0.00295
952.4199829,-0.00045,-0.00201,-0.00221,-0.00026,-0.00524,-0.0017
952.710022,0.00036,-0.00095,-0.00133,0.00016,-0.00552,-0.00126
953.0100098,-0.00053,-0.00142,-0.00185,-0.00175,-0.0064,-0.00219
953.3099976,-0.00271,-0.00214,-0.00248,-0.00223,-0.00664,-0.00304
953.6099854,-0.00322,-0.00185,-0.00139,-0.00163,-0.00678,-0.00294
953.9000244,-0.00213,-0.00076,-0.001,-0.0008,-0.00573,-0.0035
954.2000122,-0.00169,-0.00088,-0.00053,-0.00155,-0.00586,-0.00418
954.5,-0.00205,-0.00189,-0.00151,-0.00176,-0.00591,-0.00417
954.789978,-0.00303,-0.00255,-0.00262,-0.00298,-0.00679,-0.00448
955.0900269,-0.00239,-0.00267,-0.00231,-0.00195,-0.00596,-0.0037
955.3900146,-0.0018,-0.00266,-0.00204,-0.00195,-0.00582,-0.00374
955.6799927,-0.00137,-0.00293,-0.00366,-0.00216,-0.00522,-0.00434
955.9799805,-0.00165,-0.00446,-0.00401,-0.00319,-0.00625,-0.00475
956.2800293,-0.00106,-0.00368,-0.00357,-0.00157,-0.00476,-0.0027
956.5700073,-0.00125,-0.00288,-0.00289,-0.0013,-0.00525,-0.00333
956.8699951,-1.00E-04,-0.00224,-0.00219,-0.00056,-0.00362,-0.00254
957.1699829,-0.00103,-0.00289,-0.00317,-0.00113,-0.00439,-0.00337
957.460022,-0.00077,-0.00215,-0.00308,-0.00107,-0.00391,-0.00333
957.7600098,0.00023,-0.00231,-0.00319,-0.0008,-0.00398,-0.00306
958.0599976,-0.00023,-0.00219,-0.00338,-0.00023,-0.00292,-0.00277
958.3499756,-0.00125,-0.00279,-0.00401,-0.00153,-0.00437,-0.0041
958.6500244,-0.00137,-0.00349,-0.00586,-0.00215,-0.00413,-0.00388
958.9500122,-0.00204,-0.00534,-0.00727,-0.00374,-0.00526,-0.0049
959.2399902,-0.00076,-0.00484,-0.00686,-0.00403,-0.00509,-0.00447
959.539978,-0.00126,-0.00603,-0.0072,-0.00463,-0.00576,-0.00437
959.8300171,-0.00251,-0.00593,-0.007,-0.00421,-0.00641,-0.0043
960.1300049,-0.00144,-0.00529,-0.00633,-0.00343,-0.00576,-0.00347
960.4299927,-0.00037,-0.00545,-0.0061,-0.00328,-0.00535,-0.0042
960.7199707,-0.00024,-0.00497,-0.00536,-0.00296,-0.00518,-0.00418
961.0200195,-0.00076,-0.00413,-0.00551,-0.00388,-0.00544,-0.00459
961.3099976,-0.00237,-0.00511,-0.00591,-0.00441,-0.00539,-0.00545
961.6099854,-0.00089,-0.00507,-0.00456,-0.00373,-0.00359,-0.00404
961.9000244,-0.0003,-0.00502,-0.0043,-0.00445,-0.00367,-0.0035
962.2000122,-0.00221,-0.00703,-0.00574,-0.00654,-0.00638,-0.00511
962.5,-0.00192,-0.00748,-0.00499,-0.00673,-0.00643,-0.00405
962.789978,-0.00201,-0.00832,-0.00432,-0.00684,-0.00584,-0.00352
963.0900269,-0.00185,-0.00939,-0.00387,-0.00491,-0.00634,-0.00436
963.3800049,-0.00126,-0.00757,-0.00412,-0.00301,-0.00597,-0.00255
963.6799927,-0.00153,-0.00747,-0.00507,-0.00326,-0.00674,-0.00412
963.9699707,-0.00153,-0.00866,-0.0064,-0.00437,-0.00689,-0.00534
964.2700195,0.00015,-0.00705,-0.00473,-0.00409,-0.00485,-0.00388
964.5599976,-0.00054,-0.00682,-0.00603,-0.00329,-0.00611,-0.00409
964.8599854,-0.00096,-0.00762,-0.00738,-0.00469,-0.00711,-0.00574
965.1500244,-0.00051,-0.0067,-0.00691,-0.00517,-0.00594,-0.00429
965.4500122,-0.0009,-0.00821,-0.00595,-0.00684,-0.00568,-0.00526
965.7399902,-0.00304,-0.00863,-0.00748,-0.00849,-0.00737,-0.00685
966.039978,-0.00327,-0.00797,-0.00618,-0.00763,-0.00709,-0.0065
966.3300171,-0.00394,-0.00866,-0.00628,-0.00663,-0.00736,-0.00687
966.6300049,-0.0044,-0.010319999,-0.00563,-0.00782,-0.00752,-0.00683
966.9199829,-0.00381,-0.00979,-0.00559,-0.00687,-0.00718,-0.00714
967.2199707,-0.00494,-0.010249999,-0.00581,-0.00721,-0.00778,-0.00818
967.5100098,-0.00372,-0.00903,-0.00587,-0.00725,-0.008,-0.00848
967.8099976,-0.00168,-0.00912,-0.00443,-0.00469,-0.00617,-0.00654
968.0999756,-0.00208,-0.00945,-0.00527,-0.00444,-0.00554,-0.00552
968.4000244,-0.00297,-0.0094,-0.00601,-0.00564,-0.00509,-0.00668
968.6900024,-0.00239,-0.00844,-0.0057,-0.00548,-0.00413,-0.00726
968.9799805,-0.00187,-0.00818,-0.00498,-0.00586,-0.00301,-0.0068
969.2800293,0.00039,-0.00761,-0.00511,-0.00582,-0.00241,-0.00513
969.5700073,-6.00E-05,-0.008309999,-0.00605,-0.00607,-0.00316,-0.0047
969.8699951,0.00023,-0.008,-0.0051,-0.00834,-0.00361,-0.00352
970.1599731,0.00099,-0.00661,-0.00564,-0.00885,-0.00409,-0.00388
970.460022,0.00361,-0.00462,-0.00468,-0.00757,-0.00409,-0.00119
970.75,0.00404,-0.00398,-0.00532,-0.0062,-0.00368,0.00011
971.039978,0.00462,-0.00452,-0.00544,-0.00596,-0.00452,0.00012
971.3400269,0.00227,-0.00644,-0.0058,-0.0062,-0.00539,-8.00E-05
971.6300049,0.00407,-0.00524,-0.00447,-0.00488,-0.00374,0.00088
971.9299927,0.00273,-0.00562,-0.00607,-0.00374,-0.00503,-0.0009
972.2199707,0.00226,-0.00684,-0.00555,-0.00442,-0.00584,-0.00166
972.5100098,-0.00075,-0.010089999,-0.00773,-0.00584,-0.00772,-0.00524
972.8099976,-0.00112,-0.011720001,-0.00795,-0.00617,-0.008450001,-0.005
973.0999756,-0.00435,-0.01201,-0.0084,-0.00694,-0.00921,-0.00537
973.3900146,-0.00499,-0.011670001,-0.00879,-0.00727,-0.0096,-0.00667
973.6900024,-0.00821,-0.01268,-0.00954,-0.00899,-0.01121,-0.00813
973.9799805,-0.0074,-0.01145,-0.00745,-0.008880001,-0.01058,-0.00714
974.2700195,-0.00674,-0.0107,-0.00693,-0.00826,-0.00984,-0.00727
974.5700073,-0.00622,-0.009,-0.00597,-0.00699,-0.00896,-0.00549
974.8599854,-0.00689,-0.0083,-0.00579,-0.00607,-0.00745,-0.00543
975.1500244,-0.00488,-0.00772,-0.00569,-0.00512,-0.00784,-0.0065
975.4500122,-0.00284,-0.00659,-0.00491,-0.00508,-0.0081,-0.00551
975.7399902,-0.0036,-0.00698,-0.00566,-0.00511,-0.00913,-0.00595
976.0300293,-0.00536,-0.0083,-0.00747,-0.00628,-0.0093,-0.0081
976.3300171,-0.00605,-0.00959,-0.0071,-0.00648,-0.00947,-0.00874
976.6199951,-0.00355,-0.010829999,-0.00701,-0.00684,-0.010190001,-0.008
976.9099731,-0.0043,-0.010989999,-0.00813,-0.010199999,-0.01134,-0.009380001
977.210022,-0.00759,-0.0118,-0.01114,-0.01288,-0.011770001,-0.00909
977.5,-0.00853,-0.011080001,-0.011039999,-0.01144,-0.01159,-0.00984
977.789978,-0.00613,-0.01114,-0.01131,-0.01022,-0.00931,-0.00901
978.0800171,-0.00549,-0.00997,-0.011410001,-0.00885,-0.0095,-0.00723
978.3800049,-0.00613,-0.0095,-0.01239,-0.008169999,-0.0099,-0.00576
978.6699829,-0.00807,-0.00865,-0.013569999,-0.00896,-0.00935,-0.00714
978.960022,-0.00769,-0.00849,-0.01274,-0.00802,-0.00922,-0.00589
979.25,-0.00461,-0.00885,-0.01184,-0.00751,-0.00981,-0.00517
979.5499878,-0.0051,-0.00993,-0.01223,-0.00947,-0.009959999,-0.00569
979.8400269,-0.00546,-0.01,-0.01096,-0.009959999,-0.0116,-0.00692
980.1300049,-0.00408,-0.01191,-0.01048,-0.01149,-0.01207,-0.00733
980.4199829,-0.00332,-0.01209,-0.0109,-0.011390001,-0.01248,-0.00892
980.710022,-0.00263,-0.01198,-0.00957,-0.00991,-0.01278,-0.00875
981.0100098,-0.00388,-0.012300001,-0.01076,-0.01114,-0.01485,-0.01047
981.2999878,-0.00448,-0.01089,-0.00821,-0.010240001,-0.01498,-0.0113
981.5900269,-0.00368,-0.0119,-0.00829,-0.01097,-0.015149999,-0.01186
981.8800049,-0.00466,-0.01327,-0.01047,-0.011720001,-0.01588,-0.01209
982.1799927,-0.00642,-0.01342,-0.011770001,-0.01113,-0.015829999,-0.015
982.4699707,-0.00221,-0.00904,-0.007,-0.00645,-0.01171,-0.011849999
982.7600098,-0.00247,-0.00862,-0.00704,-0.00642,-0.01166,-0.01143
983.0499878,-0.00086,-0.00738,-0.00588,-0.00515,-0.010829999,-0.011390001
983.3400269,0.00022,-0.0065,-0.00705,-0.00369,-0.00862,-0.0097
983.6300049,-0.00067,-0.00683,-0.00695,-0.00239,-0.00952,-0.00988
983.9299927,-0.0004,-0.00657,-0.00745,-0.00078,-0.00992,-0.00918
984.2199707,-0.00027,-0.00631,-0.00655,-0.00114,-0.011849999,-0.00768
984.5100098,-0.00567,-0.01354,-0.011390001,-0.00765,-0.018480001,-0.01279
984.7999878,-0.00655,-0.014789999,-0.01288,-0.00893,-0.01846,-0.01107
985.0900269,-0.00722,-0.015470001,-0.013940001,-0.00779,-0.018209999,-0.01114
985.3800049,-0.01042,-0.015790001,-0.01361,-0.0087,-0.021440001,-0.012250001
985.6699829,-0.011390001,-0.015219999,-0.01467,-0.008669999,-0.021020001,-0.01285
985.960022,-0.01054,-0.01266,-0.012999999,-0.007879999,-0.019160001,-0.01189
986.2600098,-0.010340001,-0.014880001,-0.01451,-0.00907,-0.01973,-0.01277
986.5499878,-0.01,-0.01342,-0.01454,-0.00868,-0.01925,-0.00974
986.8400269,-0.012920001,-0.015240001,-0.01596,-0.011829999,-0.023840001,-0.01339
987.1300049,-0.01318,-0.016210001,-0.01761,-0.01293,-0.025520001,-0.01465
987.4199829,-0.01296,-0.01919,-0.016720001,-0.0149,-0.025880001,-0.015869999
987.710022,-0.01045,-0.01795,-0.01599,-0.01511,-0.02564,-0.01276
988,-0.01102,-0.020079998,-0.0165,-0.0165,-0.02864,-0.014359999
988.289978,-0.01031,-0.01737,-0.014140001,-0.01474,-0.027009999,-0.01417
988.5800171,-0.010720001,-0.017039999,-0.01591,-0.01749,-0.02619,-0.01559
988.8699951,-0.00737,-0.01671,-0.01435,-0.014520001,-0.022969998,-0.014520001
989.1599731,-0.0065,-0.01911,-0.0121,-0.01506,-0.02155,-0.014989999
989.460022,-0.00654,-0.01874,-0.01559,-0.01525,-0.022500001,-0.014090001
989.75,-0.00774,-0.020330001,-0.017410001,-0.015240001,-0.025359999,-0.01564
990.039978,-0.0085,-0.01946,-0.017659999,-0.016860001,-0.025969999,-0.01544
990.3300171,-0.01051,-0.019640001,-0.01888,-0.015829999,-0.027309999,-0.01352
990.6199951,-0.01189,-0.020680001,-0.01901,-0.01644,-0.02933,-0.01485
990.9099731,-0.01197,-0.019270001,-0.01853,-0.01551,-0.03029,-0.01354
991.2000122,-0.013040001,-0.017999999,-0.021300001,-0.01507,-0.032030001,-0.014570001
991.4899902,-0.01258,-0.01616,-0.02032,-0.01395,-0.031170001,-0.01364
991.7800293,-0.01472,-0.01591,-0.02056,-0.01481,-0.03076,-0.015240001
992.0700073,-0.015319999,-0.01643,-0.019509999,-0.01396,-0.028199999,-0.013940001
992.3599854,-0.016580001,-0.01646,-0.01998,-0.01486,-0.02726,-0.01477
992.6500244,-0.01508,-0.016580001,-0.020399999,-0.01217,-0.02812,-0.01466
992.9400024,-0.01771,-0.01953,-0.02224,-0.0163,-0.030079998,-0.01791
993.2299805,-0.01361,-0.01561,-0.01623,-0.01323,-0.025710002,-0.01293
993.5200195,-0.014,-0.018540001,-0.01794,-0.01214,-0.026070001,-0.01598
993.8099976,-0.01403,-0.018789999,-0.01729,-0.01254,-0.02476,-0.015269999
994.0999756,-0.01353,-0.02142,-0.01794,-0.012940001,-0.02905,-0.016349999
994.3900146,-0.01056,-0.02263,-0.018660001,-0.01475,-0.02823,-0.016009999
994.6799927,-0.01049,-0.020650001,-0.018279999,-0.015930001,-0.025969999,-0.0148
994.960022,-0.01012,-0.018919999,-0.017100001,-0.01308,-0.024630001,-0.01165
995.25,-0.01274,-0.021710001,-0.023729999,-0.015269999,-0.03088,-0.01498
995.539978,-0.012619999,-0.01936,-0.02169,-0.015659999,-0.028499998,-0.01387
995.8300171,-0.00909,-0.019019999,-0.020090001,-0.01664,-0.026070001,-0.012159999
996.1199951,-0.00772,-0.018650001,-0.021760002,-0.017960001,-0.02138,-0.01417
996.4099731,-0.00801,-0.0178,-0.023540001,-0.01819,-0.02317,-0.01323
996.7000122,-0.00903,-0.019989999,-0.023670001,-0.01891,-0.02479,-0.01545
996.9899902,-0.00843,-0.019479999,-0.024530001,-0.020499999,-0.024,-0.018129999
997.2800293,-0.00828,-0.021270001,-0.024219999,-0.02342,-0.02478,-0.015690001
997.5700073,-0.00615,-0.02262,-0.026080001,-0.02431,-0.027249999,-0.01605
997.8599854,-0.00604,-0.0232,-0.027609998,-0.021740001,-0.028829999,-0.017999999
998.1500244,-0.008090001,-0.023080001,-0.029059999,-0.02392,-0.03342,-0.017410001
998.4299927,-0.010190001,-0.023879999,-0.02681,-0.0239,-0.034930002,-0.01915
998.7199707,-0.01143,-0.02428,-0.027039999,-0.024300002,-0.035530001,-0.017309999
999.0100098,-0.009509999,-0.024839999,-0.027279999,-0.02244,-0.037019998,-0.01575
999.2999878,-0.01508,-0.02715,-0.02829,-0.023540001,-0.034809999,-0.018760001
999.5900269,-0.019270001,-0.03215,-0.027969999,-0.02444,-0.0381,-0.018660001
999.8800049,-0.02189,-0.03441,-0.028859999,-0.02447,-0.04157,-0.01859
1000.169983,-0.023570001,-0.034000002,-0.030820001,-0.022219999,-0.040989999,-0.01963
1000.450012,-0.0207,-0.031709999,-0.029340001,-0.019440001,-0.039179999,-0.01835
1000.73999,-0.02059,-0.029460002,-0.028010001,-0.01578,-0.036730003,-0.016549999
1001.030029,-0.019640001,-0.029070001,-0.02789,-0.0148,-0.037269998,-0.016649999
1001.320007,-0.014730001,-0.024500001,-0.0232,-0.01089,-0.038520001,-0.01446
1001.609985,-0.008450001,-0.016249999,-0.01966,-0.009980001,-0.032420002,-0.011849999
1001.900024,-0.00959,-0.012999999,-0.01925,-0.01074,-0.030750001,-0.01244
1002.179993,-0.0088,-0.012610001,-0.014500001,-0.00835,-0.028800001,-0.00978
1002.469971,-0.00932,-0.01733,-0.01746,-0.01222,-0.031410001,-0.01196
1002.76001,-0.01087,-0.019400001,-0.020450002,-0.01459,-0.035920002,-0.01507
1003.049988,-0.0135,-0.020969998,-0.0229,-0.01812,-0.035689998,-0.01763
1003.340027,-0.017829999,-0.024349999,-0.027899999,-0.021979999,-0.036770001,-0.02043
1003.619995,-0.020810001,-0.028399998,-0.030710001,-0.02379,-0.040679999,-0.023499999
1003.909973,-0.0187,-0.028510001,-0.03221,-0.023399999,-0.04039,-0.02024
1004.200012,-0.01612,-0.027980002,-0.02973,-0.026770001,-0.044020001,-0.022539999
1004.48999,-0.019199999,-0.02589,-0.030400001,-0.027869999,-0.044840001,-0.024030002
1004.77002,-0.017860001,-0.027139999,-0.032850001,-0.03221,-0.04487,-0.024619998
1005.059998,-0.018170001,-0.024249999,-0.028419999,-0.031889997,-0.043219998,-0.021270001
1005.349976,-0.01584,-0.01969,-0.02328,-0.028519999,-0.042740002,-0.018819999
1005.640015,-0.016419999,-0.0199,-0.022969998,-0.022980001,-0.04442,-0.01719
1005.919983,-0.019029999,-0.02132,-0.022349998,-0.02947,-0.04532,-0.022
1006.210022,-0.01891,-0.021329999,-0.027000001,-0.02881,-0.04225,-0.017619999
1006.5,-0.01709,-0.022130001,-0.029000001,-0.030950001,-0.041389998,-0.01613
1006.789978,-0.020850001,-0.02365,-0.031339999,-0.032809999,-0.044229999,-0.01564
1007.070007,-0.0255,-0.02385,-0.035459999,-0.032299999,-0.048109997,-0.015939999
1007.359985,-0.023529999,-0.02695,-0.03802,-0.03548,-0.048489999,-0.0198
1007.650024,-0.026800001,-0.02853,-0.042270001,-0.041500002,-0.051599998,-0.02079
1007.929993,-0.023840001,-0.02905,-0.039500002,-0.03779,-0.051589999,-0.020350002
1008.219971,-0.02723,-0.03325,-0.039159998,-0.042169999,-0.052160002,-0.02447
1008.51001,-0.031810001,-0.035239998,-0.03867,-0.040890001,-0.052779999,-0.02671
1008.799988,-0.03033,-0.036479998,-0.034679998,-0.037560001,-0.054920003,-0.03111
1009.080017,-0.02406,-0.03999,-0.032930002,-0.040100001,-0.05511,-0.038150001
1009.369995,-0.02485,-0.03844,-0.03238,-0.039100002,-0.053600002,-0.03489
1009.659973,-0.023120001,-0.04033,-0.03059,-0.041680001,-0.050489999,-0.033989999
1009.940002,-0.024230001,-0.042119998,-0.03689,-0.045869999,-0.051609997,-0.03252
1010.22998,-0.0233,-0.037149999,-0.036669999,-0.041510001,-0.047849998,-0.032919999
1010.52002,-0.021359999,-0.03889,-0.033750001,-0.03988,-0.046560001,-0.030780001
1010.799988,-0.01637,-0.030239999,-0.029270001,-0.03607,-0.0359,-0.021670001
1011.090027,-0.01983,-0.02562,-0.027829999,-0.03571,-0.035599999,-0.01664
1011.369995,-0.02022,-0.027290002,-0.030060001,-0.043299999,-0.039829999,-0.01795
1011.659973,-0.01847,-0.02448,-0.02696,-0.039790001,-0.040110003,-0.015219999
1011.950012,-0.021229999,-0.024010001,-0.025899999,-0.034260001,-0.044699997,-0.017130001
1012.22998,-0.025420001,-0.02726,-0.02954,-0.037269998,-0.054580003,-0.01884
1012.52002,-0.02417,-0.025559999,-0.033610001,-0.039419997,-0.057629999,-0.02014
1012.799988,-0.02726,-0.030250002,-0.037890002,-0.043140002,-0.06177,-0.02094
1013.090027,-0.02194,-0.032079998,-0.037930001,-0.03892,-0.060619999,-0.01739
1013.380005,-0.022019999,-0.032850001,-0.039829999,-0.036570001,-0.059330001,-0.02283
1013.659973,-0.02231,-0.032889999,-0.039870001,-0.036259998,-0.058280002,-0.027349999
1013.950012,-0.021359999,-0.031089999,-0.03971,-0.03647,-0.05187,-0.028030001
1014.22998,-0.02142,-0.02954,-0.037300002,-0.038910002,-0.053049996,-0.028180001
1014.52002,-0.020299999,-0.0273,-0.0372,-0.03906,-0.05074,-0.03083
1014.809998,-0.02427,-0.031140001,-0.043390002,-0.043049999,-0.054450002,-0.038910002
1015.090027,-0.032710001,-0.035489999,-0.050180003,-0.049479999,-0.060710002,-0.048010003
1015.380005,-0.035209998,-0.03616,-0.050489999,-0.044599999,-0.06199,-0.041820001
1015.659973,-0.035350002,-0.0405,-0.053289998,-0.0484,-0.066629998,-0.038869999
1015.950012,-0.036809999,-0.041129999,-0.05627,-0.056139998,-0.071339995,-0.04315
1016.22998,-0.030789999,-0.044429999,-0.061590001,-0.051520001,-0.065250002,-0.043409999
1016.52002,-0.03345,-0.048499998,-0.065200001,-0.054640003,-0.073080003,-0.041220002
1016.799988,-0.03263,-0.047350001,-0.06256,-0.047529999,-0.075340003,-0.036279999
1017.090027,-0.030869998,-0.049070001,-0.06103,-0.043520004,-0.072280005,-0.03633
1017.369995,-0.02806,-0.051810004,-0.067500003,-0.049439996,-0.072789997,-0.038800001
1017.659973,-0.034779999,-0.05559,-0.077629998,-0.055770002,-0.075400002,-0.05156
1017.940002,-0.031889997,-0.054949999,-0.072659999,-0.05187,-0.071699999,-0.041469999
1018.22998,-0.03091,-0.053160001,-0.065470003,-0.050450001,-0.073299997,-0.042329997
1018.51001,-0.035769999,-0.055630002,-0.06617,-0.053460002,-0.077800006,-0.043200001
1018.799988,-0.032930002,-0.052600004,-0.061999999,-0.056729998,-0.072190002,-0.041789997
1019.080017,-0.029309999,-0.048390001,-0.059710003,-0.062329996,-0.070749998,-0.034230001
1019.369995,-0.032760002,-0.045770001,-0.053769998,-0.058759999,-0.075379997,-0.028250001
1019.650024,-0.027560001,-0.04118,-0.04572,-0.056510001,-0.071929999,-0.022190001
1019.940002,-0.02905,-0.041989997,-0.043159999,-0.053210001,-0.071529999,-0.024030002
1020.219971,-0.041170001,-0.053590003,-0.057069998,-0.06656,-0.086969994,-0.02908
1020.51001,-0.03548,-0.049759999,-0.050489999,-0.059439998,-0.073189996,-0.02785
1020.789978,-0.037009999,-0.05057,-0.052930001,-0.057659999,-0.074900001,-0.0309
1021.080017,-0.034990001,-0.0515,-0.05728,-0.047899999,-0.075120002,-0.031640001
1021.359985,-0.0286,-0.053590003,-0.062830001,-0.050869998,-0.070809998,-0.041620001
1021.640015,-0.028380001,-0.051789999,-0.064169995,-0.043920003,-0.067400001,-0.037489999
1021.929993,-0.02954,-0.053300001,-0.06848,-0.050140001,-0.072219998,-0.043609999
1022.210022,-0.02258,-0.042240001,-0.057250001,-0.044199999,-0.059,-0.038380001
1022.5,-0.022219999,-0.039760001,-0.057810001,-0.04696,-0.062430002,-0.039100002
1022.780029,-0.036619999,-0.036619999,-0.04236,-0.072909996,-0.068190001,-0.049109999
1023.070007,-0.036619999,-0.036619999,-0.04236,-0.072909996,-0.068190001,-0.049109999
1023.349976,-0.036619999,-0.036619999,-0.04236,-0.072909996,-0.068190001,-0.049109999