AUPE,0,0,0,0,0,0
WAC,0,0,0,0,0,0
G04,0,0,0,0,0,0
570,0,0,0,0,0,0
12,0,0,0,0,0,0
nm,0,0,0,0,0,0
Angular Dependence,0,0,0,0,0,0
Wavelengths,0,8,16,24,32,40
360.1499939,-0.556249976,-0.624679983,-0.543089986,-0.676309943,-0.65279001,-0.622160017
360.519989,-0.561959982,-0.62300998,-0.535839975,-0.644909978,-0.664250016,-0.621080041
360.8999939,-0.573019981,-0.662239969,-0.578790009,-0.66911006,-0.700220048,-0.65410006
361.269989,-0.51722002,-0.626850009,-0.531769991,-0.646220028,-0.639379978,-0.604499996
361.6499939,-0.495859981,-0.606980026,-0.521239996,-0.625019968,-0.619840026,-0.599550009
362.019989,-0.502000034,-0.603170037,-0.527610004,-0.613120019,-0.590830028,-0.585810006
362.3999939,-0.471329987,-0.560169995,-0.510999978,-0.597829998,-0.545080006,-0.54557997
362.769989,-0.431050003,-0.509869993,-0.482869983,-0.565680027,-0.53125,-0.508320034
363.1499939,-0.409620017,-0.49594003,-0.459469974,-0.56299001,-0.512499988,-0.498089969
363.519989,-0.367050022,-0.475519985,-0.427430004,-0.532909989,-0.487029999,-0.47457999
363.8999939,-0.378399998,-0.467890024,-0.421010017,-0.531570017,-0.493699998,-0.466879994
364.269989,-0.367319971,-0.434739977,-0.43118,-0.49853,-0.473580003,-0.440479994
364.6400146,-0.380810022,-0.424819976,-0.441320002,-0.515049994,-0.487089992,-0.465770006
365.019989,-0.407020003,-0.440369993,-0.470779985,-0.533769965,-0.530530035,-0.49563998
365.3900146,-0.414080024,-0.44216001,-0.460759997,-0.520040035,-0.508189976,-0.478989989
365.769989,-0.398170024,-0.417480022,-0.455080003,-0.482309997,-0.49932,-0.449030012
366.1400146,-0.406220019,-0.408170015,-0.439779997,-0.477579981,-0.503549993,-0.438109994
366.519989,-0.395150006,-0.394319981,-0.436859995,-0.473960012,-0.499040008,-0.427239984
366.8900146,-0.391749978,-0.380219996,-0.41494,-0.468989968,-0.496090025,-0.401790023
367.2600098,-0.359949976,-0.370770007,-0.387299985,-0.43622002,-0.470159978,-0.366549999
367.6400146,-0.35412997,-0.359439999,-0.379029989,-0.421220005,-0.459339976,-0.326240003
368.0100098,-0.364519984,-0.363019973,-0.403200001,-0.449630022,-0.475690007,-0.341580003
368.3900146,-0.384449989,-0.372120023,-0.418009996,-0.455980003,-0.483440012,-0.362659991
368.7600098,-0.34097001,-0.341090024,-0.397909999,-0.414770007,-0.43900001,-0.339490026
369.1300049,-0.324939996,-0.325110018,-0.37063998,-0.38846001,-0.414110005,-0.325560004
369.5100098,-0.312579989,-0.328810006,-0.362289995,-0.372610003,-0.405970007,-0.321839988
369.8800049,-0.301070005,-0.321799994,-0.350600004,-0.366409987,-0.402280003,-0.314009994
370.25,-0.305400014,-0.333919972,-0.345880002,-0.368550003,-0.401720017,-0.35571
370.6300049,-0.291209996,-0.317660004,-0.314429998,-0.345279992,-0.37936002,-0.333189994
371,-0.274370015,-0.312180012,-0.293449998,-0.333149999,-0.37304002,-0.312790006
371.3800049,-0.293929994,-0.310200006,-0.297369987,-0.337039977,-0.394250005,-0.312779993
371.75,-0.280709982,-0.314550012,-0.292999983,-0.330779999,-0.393639982,-0.314109981
372.1199951,-0.268950015,-0.292459995,-0.276580006,-0.325560004,-0.377829999,-0.311729997
372.5,-0.258560002,-0.273090005,-0.263790011,-0.305220008,-0.354630023,-0.294220001
372.8699951,-0.245189995,-0.26346001,-0.255470008,-0.293630004,-0.338339984,-0.273209989
373.2399902,-0.251720011,-0.264699996,-0.253749996,-0.293410003,-0.338530004,-0.279440016
373.6199951,-0.254489988,-0.259739995,-0.264599979,-0.307770014,-0.329949975,-0.289080024
373.9899902,-0.261500001,-0.269510001,-0.273770005,-0.315919995,-0.324180007,-0.285079986
374.3599854,-0.245470002,-0.242070004,-0.271140009,-0.303180009,-0.299050003,-0.261610001
374.7399902,-0.241630003,-0.245969996,-0.267549992,-0.294499993,-0.29835999,-0.25812
375.1099854,-0.240529999,-0.246450007,-0.265750021,-0.295020014,-0.294860005,-0.254599988
375.480011,-0.222409993,-0.223349988,-0.246130005,-0.2685,-0.268840015,-0.235289991
375.8599854,-0.201770008,-0.212070003,-0.239549994,-0.246100008,-0.250279993,-0.215849996
376.230011,-0.203620002,-0.20629999,-0.233160004,-0.237409994,-0.254510015,-0.21134001
376.6000061,-0.190160006,-0.191489995,-0.218460009,-0.225620002,-0.242559999,-0.198229998
376.980011,-0.198080003,-0.195419997,-0.212859988,-0.216710001,-0.239380002,-0.198770002
377.3500061,-0.200379997,-0.195859998,-0.210639998,-0.208670005,-0.230660006,-0.188720003
377.7200012,-0.188460007,-0.184220016,-0.206200004,-0.201100007,-0.225189984,-0.18280001
378.1000061,-0.191080004,-0.1972,-0.211170003,-0.216639996,-0.239090011,-0.187679991
378.4700012,-0.194069996,-0.205620006,-0.218199998,-0.217689991,-0.245610014,-0.18942
378.8399963,-0.179009989,-0.196730003,-0.201289997,-0.203610003,-0.22127001,-0.172199994
379.2200012,-0.155540004,-0.186700001,-0.187660009,-0.185829997,-0.203510001,-0.163600013
379.5899963,-0.143909991,-0.183139995,-0.185860008,-0.182439998,-0.203880012,-0.158600003
379.9599915,-0.135649994,-0.175270006,-0.181650013,-0.18976,-0.203069985,-0.159500003
380.3299866,-0.131300002,-0.172679991,-0.172570005,-0.178320006,-0.191420004,-0.145150006
380.7099915,-0.128140002,-0.164780006,-0.164590001,-0.172049999,-0.179319993,-0.140770003
381.0799866,-0.13256,-0.153549999,-0.157360002,-0.170510009,-0.178080007,-0.137989998
381.4500122,-0.137089998,-0.156810001,-0.156259999,-0.172759995,-0.182290003,-0.140129998
381.8299866,-0.140420005,-0.157499999,-0.154720008,-0.17358999,-0.181270003,-0.142450005
382.2000122,-0.14339,-0.160730004,-0.144150004,-0.177399993,-0.178259999,-0.144170001
382.5700073,-0.140430003,-0.155499995,-0.146239996,-0.167310014,-0.179570004,-0.140629992
382.9400024,-0.14294,-0.152449995,-0.143299997,-0.166410014,-0.175189987,-0.146709993
383.3200073,-0.138809994,-0.149839997,-0.140790001,-0.158250004,-0.176080003,-0.139679998
383.6900024,-0.130579993,-0.149399996,-0.13071999,-0.156750008,-0.161439985,-0.134269997
384.0599976,-0.126509994,-0.145209998,-0.132640004,-0.146990001,-0.155379996,-0.128739998
384.4299927,-0.125050008,-0.14034,-0.132799998,-0.149090007,-0.15061,-0.124729998
384.8099976,-0.122779995,-0.125780001,-0.129830003,-0.142959997,-0.137799993,-0.116899997
385.1799927,-0.125420004,-0.124280006,-0.129519999,-0.142900005,-0.125420004,-0.11654
385.5499878,-0.122370005,-0.122250006,-0.132919997,-0.144230008,-0.127039999,-0.115229994
385.9200134,-0.122299999,-0.120520003,-0.131799996,-0.144500002,-0.125200003,-0.117660001
386.2999878,-0.117169999,-0.118900001,-0.131379992,-0.137219995,-0.12906,-0.116190001
386.6700134,-0.113350004,-0.113729998,-0.125019997,-0.135330006,-0.12393,-0.115139998
387.0400085,-0.107670002,-0.10667,-0.110890001,-0.117639996,-0.119770005,-0.107930005
387.4100037,-0.103269994,-0.108789995,-0.115530007,-0.117130004,-0.121959999,-0.107629992
387.7799988,-0.103179999,-0.105959997,-0.107720003,-0.114370003,-0.123939998,-0.105109997
388.1600037,-0.103,-0.102410004,-0.103549995,-0.110890001,-0.12325,-0.105319999
388.5299988,-0.101660006,-0.097279996,-0.10052,-0.109399997,-0.119269997,-0.101850003
388.8999939,-0.099029996,-0.091300003,-0.096429996,-0.109389998,-0.113149993,-0.102049999
389.269989,-0.097499996,-0.0933,-0.098059997,-0.109989993,-0.115539998,-0.101910003
389.6499939,-0.099429995,-0.096670002,-0.10458,-0.120649993,-0.119410001,-0.108050004
390.019989,-0.098750003,-0.092469998,-0.092869997,-0.113420002,-0.11603,-0.10627
390.3900146,-0.095109999,-0.088799998,-0.091339998,-0.109339997,-0.116780005,-0.105410002
390.7600098,-0.087159999,-0.085620001,-0.08365,-0.102700002,-0.108900003,-0.097200006
391.1300049,-0.088640004,-0.088430002,-0.087419994,-0.100620002,-0.110299997,-0.09663
391.5,-0.08997,-0.088540003,-0.089060001,-0.096730001,-0.107550003,-0.093989998
391.8800049,-0.088710003,-0.083909996,-0.085689999,-0.096149996,-0.102729999,-0.093459994
392.25,-0.087710001,-0.084420003,-0.087089993,-0.094060004,-0.101309992,-0.091150001
392.6199951,-0.086689994,-0.08585,-0.093690008,-0.097099997,-0.100299999,-0.090779997
392.9899902,-0.089540005,-0.089599997,-0.095930003,-0.09967,-0.099230006,-0.088669993
393.3599854,-0.088179998,-0.086219996,-0.095569998,-0.100480005,-0.09674,-0.089549996
393.730011,-0.083420001,-0.083149999,-0.088260002,-0.096260004,-0.092819996,-0.087919995
394.1099854,-0.080990002,-0.082139999,-0.087499999,-0.097609997,-0.092730001,-0.088660002
394.480011,-0.079180002,-0.081759997,-0.085389994,-0.096479997,-0.090800002,-0.083620004
394.8500061,-0.080119997,-0.080940001,-0.083579995,-0.096349999,-0.089090005,-0.082959995
395.2200012,-0.081280001,-0.08134,-0.07948,-0.093079999,-0.095240004,-0.083700001
395.5899963,-0.0757,-0.075659998,-0.074499995,-0.087310001,-0.089579999,-0.07745
395.9599915,-0.076990001,-0.076190002,-0.075050004,-0.085389994,-0.092,-0.076930001
396.3299866,-0.073969997,-0.071029998,-0.0722,-0.081579998,-0.089270003,-0.072670005
396.7099915,-0.072939999,-0.072999999,-0.072800003,-0.08083,-0.09059,-0.072870001
397.0799866,-0.067960002,-0.069389999,-0.070989996,-0.076399997,-0.089090005,-0.070549995
397.4500122,-0.061329998,-0.062150002,-0.065910004,-0.067989998,-0.083640002,-0.065190002
397.8200073,-0.05855,-0.06058,-0.065849997,-0.067029998,-0.076839998,-0.063379996
398.1900024,-0.057379998,-0.064649999,-0.066650003,-0.069759995,-0.078060001,-0.067910001
398.5599976,-0.05768,-0.066270001,-0.066420004,-0.068640001,-0.077100001,-0.068429999
398.9299927,-0.056160003,-0.067680001,-0.07034,-0.072059996,-0.075229995,-0.069910005
399.2999878,-0.054669999,-0.062940001,-0.069049999,-0.069990002,-0.072690003,-0.067140006
399.6799927,-0.053439997,-0.05914,-0.06594,-0.067249998,-0.067979999,-0.063610002
400.0499878,-0.056079999,-0.057579998,-0.067529999,-0.069710001,-0.068980001,-0.06538
400.4200134,-0.054650001,-0.056999996,-0.065300003,-0.06955,-0.069510005,-0.06425
400.7900085,-0.051929999,-0.05336,-0.062930003,-0.067600004,-0.066670001,-0.059829999
401.1600037,-0.050079998,-0.050319999,-0.06222,-0.067540005,-0.065689996,-0.05844
401.5299988,-0.048010003,-0.046459999,-0.05748,-0.062010001,-0.06301,-0.05455
401.8999939,-0.043990001,-0.042959999,-0.052329998,-0.05968,-0.060170002,-0.051380001
402.269989,-0.044260003,-0.046119999,-0.056149997,-0.059629999,-0.061450001,-0.053309999
402.6400146,-0.042160001,-0.04888,-0.053540003,-0.05824,-0.0594,-0.04998
403.0100098,-0.041479997,-0.0471,-0.054819997,-0.05404,-0.055679999,-0.04792
403.3800049,-0.0418,-0.04566,-0.052239999,-0.049439996,-0.05308,-0.045700002
403.75,-0.038279999,-0.043109998,-0.047319997,-0.045819998,-0.049000002,-0.043260001
404.1199951,-0.042160001,-0.045329999,-0.050209999,-0.048449997,-0.05085,-0.046360001
404.5,-0.044889998,-0.04879,-0.051459998,-0.048080001,-0.05209,-0.049479999
404.8699951,-0.044580001,-0.048179999,-0.048499998,-0.048299998,-0.050949998,-0.049139999
405.2399902,-0.046119999,-0.04851,-0.050279997,-0.049550001,-0.050479997,-0.05051
405.6099854,-0.045089997,-0.046859998,-0.047940001,-0.048660003,-0.051720001,-0.049139999
405.980011,-0.044220001,-0.046569999,-0.049460001,-0.050100002,-0.053010002,-0.050100002
406.3500061,-0.044879999,-0.048149999,-0.05136,-0.05291,-0.052560002,-0.049460001
406.7200012,-0.041239999,-0.04775,-0.048379999,-0.051259998,-0.049819998,-0.047020003
407.0899963,-0.040900003,-0.044660002,-0.046230003,-0.048349999,-0.047189999,-0.042569999
407.4599915,-0.038710002,-0.040240001,-0.041859999,-0.044009998,-0.04521,-0.037730001
407.8299866,-0.036880001,-0.03946,-0.041160002,-0.042740002,-0.046360001,-0.037689999
408.2000122,-0.036630001,-0.039999999,-0.041050002,-0.042919997,-0.043430001,-0.037720002
408.5700073,-0.035560001,-0.039639998,-0.039999999,-0.040920001,-0.040520001,-0.03596
408.9400024,-0.035390001,-0.04008,-0.039100002,-0.03937,-0.04064,-0.036029998
409.3099976,-0.034879997,-0.040430002,-0.03889,-0.03971,-0.041620001,-0.036389999
409.6799927,-0.033539999,-0.03968,-0.038929999,-0.040170003,-0.040700004,-0.03602
410.0499878,-0.035730001,-0.042309999,-0.04208,-0.042740002,-0.042610001,-0.041539997
410.4200134,-0.035409998,-0.041950002,-0.041820001,-0.041929998,-0.041690003,-0.040749997
410.7900085,-0.035119999,-0.040359996,-0.042849999,-0.042989999,-0.042930003,-0.040260002
411.1600037,-0.033150002,-0.039110001,-0.039439999,-0.041700002,-0.042610001,-0.039500002
411.5299988,-0.033289999,-0.036989998,-0.03968,-0.04084,-0.043309998,-0.038479999
411.8999939,-0.031739999,-0.034279998,-0.038010001,-0.0392,-0.040539999,-0.037659999
412.269989,-0.03153,-0.033629999,-0.03858,-0.038660001,-0.039719999,-0.03754
412.6400146,-0.030840002,-0.033190001,-0.037769999,-0.037839998,-0.03963,-0.03641
413.0100098,-0.02905,-0.03125,-0.035909999,-0.036140002,-0.037409998,-0.035399999
413.3800049,-0.027620001,-0.030150002,-0.033259999,-0.036189999,-0.035940003,-0.034529999
413.75,-0.027009999,-0.02953,-0.034010001,-0.035859998,-0.03534,-0.034600001
414.1199951,-0.027109999,-0.030369999,-0.033989999,-0.035259999,-0.033360001,-0.0341
414.4899902,-0.027960001,-0.031289998,-0.034910001,-0.035020001,-0.034560002,-0.033739999
414.8599854,-0.02722,-0.029960001,-0.033119999,-0.034899998,-0.035239998,-0.032839999
415.230011,-0.025899999,-0.028829999,-0.03286,-0.033640001,-0.033229999,-0.03076
415.6000061,-0.025510002,-0.029260002,-0.032109998,-0.033180002,-0.031889997,-0.029200001
415.9599915,-0.025239998,-0.029999999,-0.031289998,-0.031410001,-0.031780001,-0.028369999
416.3299866,-0.02619,-0.029159999,-0.03083,-0.030920001,-0.031040002,-0.027709998
416.7000122,-0.02634,-0.028750001,-0.02974,-0.03108,-0.031410001,-0.02832
417.0700073,-0.025910001,-0.02832,-0.02881,-0.03009,-0.030050002,-0.02664
417.4400024,-0.02458,-0.029579999,-0.029240001,-0.02912,-0.02891,-0.025420001
417.8099976,-0.023020001,-0.02785,-0.027349999,-0.029170001,-0.028489999,-0.02468
418.1799927,-0.02434,-0.025710002,-0.027309999,-0.02943,-0.02939,-0.02465
418.5499878,-0.02476,-0.02582,-0.027579999,-0.028859999,-0.029159999,-0.026040001
418.9200134,-0.02478,-0.025490001,-0.027960001,-0.029289998,-0.029519999,-0.02727
419.2900085,-0.02441,-0.024979999,-0.02706,-0.02932,-0.02971,-0.027349999
419.6600037,-0.02365,-0.023080001,-0.02596,-0.029059999,-0.030350002,-0.027000001
420.0299988,-0.025829999,-0.023399999,-0.026889998,-0.03091,-0.030510001,-0.028970001
420.3900146,-0.026199998,-0.023929998,-0.026930001,-0.029979998,-0.029679999,-0.028689999
420.7600098,-0.02572,-0.025339998,-0.026939999,-0.03004,-0.03032,-0.029370001
421.1300049,-0.02526,-0.024619998,-0.02643,-0.029560002,-0.028419999,-0.027000001
421.5,-0.024460001,-0.024389999,-0.0253,-0.029140001,-0.027420001,-0.02469
421.8699951,-0.022909999,-0.02355,-0.0255,-0.027720001,-0.02685,-0.023499999
422.2399902,-0.02342,-0.02469,-0.025690001,-0.027409999,-0.026380001,-0.023670001
422.6099854,-0.02259,-0.024149999,-0.024669999,-0.026180001,-0.02619,-0.023459999
422.980011,-0.021570001,-0.023220001,-0.023659999,-0.025459999,-0.025390001,-0.02228
423.3500061,-0.020539999,-0.023229999,-0.022909999,-0.024900001,-0.024519999,-0.02153
423.7099915,-0.019719999,-0.023259999,-0.02342,-0.024590001,-0.025610002,-0.022539999
424.0799866,-0.0195,-0.022160001,-0.023010001,-0.02337,-0.02533,-0.02189
424.4500122,-0.019540001,-0.0221,-0.022909999,-0.023810001,-0.02483,-0.02173
424.8200073,-0.01946,-0.02149,-0.02283,-0.023740001,-0.023399999,-0.021579999
425.1900024,-0.018440001,-0.01963,-0.02086,-0.022669999,-0.022260001,-0.019270001
425.5599976,-0.01921,-0.019680001,-0.02062,-0.022249999,-0.023189999,-0.019450001
425.9299927,-0.01853,-0.017970001,-0.01976,-0.02125,-0.02232,-0.01874
426.2900085,-0.01922,-0.017790001,-0.01856,-0.020880001,-0.02204,-0.018209999
426.6600037,-0.01905,-0.018650001,-0.018609999,-0.02101,-0.021979999,-0.01856
427.0299988,-0.019239999,-0.01815,-0.018509999,-0.020669999,-0.02153,-0.01835
427.3999939,-0.018170001,-0.0173,-0.017480001,-0.020450002,-0.02152,-0.017549999
427.769989,-0.017549999,-0.01763,-0.01719,-0.01987,-0.021470001,-0.018449999
428.1400146,-0.01647,-0.01694,-0.016659999,-0.018719999,-0.02007,-0.017589999
428.5,-0.01757,-0.017309999,-0.017549999,-0.020439999,-0.02063,-0.018760001
428.8699951,-0.01612,-0.016210001,-0.01719,-0.01997,-0.02015,-0.018060001
429.2399902,-0.01602,-0.01546,-0.01709,-0.01973,-0.01987,-0.018200001
429.6099854,-0.01487,-0.015520001,-0.016070001,-0.018789999,-0.019440001,-0.0175
429.980011,-0.01477,-0.016000001,-0.016170001,-0.01856,-0.01911,-0.017070001
430.3399963,-0.01506,-0.01626,-0.017180001,-0.01819,-0.018990001,-0.016649999
430.7099915,-0.01592,-0.01719,-0.01764,-0.01897,-0.01952,-0.01684
431.0799866,-0.01449,-0.01736,-0.016480001,-0.01733,-0.01873,-0.015930001
431.4500122,-0.014090001,-0.017180001,-0.016310001,-0.01715,-0.01849,-0.015900001
431.8200073,-0.01359,-0.01667,-0.01516,-0.01668,-0.01798,-0.015700001
432.1799927,-0.01385,-0.016310001,-0.01516,-0.017589999,-0.01812,-0.01598
432.5499878,-0.01413,-0.01633,-0.01553,-0.01754,-0.01922,-0.016559999
432.9200134,-0.01429,-0.015759999,-0.014529999,-0.01798,-0.019170001,-0.01627
433.2900085,-0.013200001,-0.0143,-0.01338,-0.017860001,-0.0185,-0.016030001
433.6499939,-0.01323,-0.013739999,-0.01339,-0.017729999,-0.01787,-0.01572
434.019989,-0.013739999,-0.01382,-0.01355,-0.017280001,-0.01747,-0.015629999
434.3900146,-0.01413,-0.01516,-0.014630001,-0.018660001,-0.01822,-0.016030001
434.7600098,-0.01421,-0.01495,-0.01411,-0.017349999,-0.017899999,-0.01533
435.1199951,-0.01388,-0.01437,-0.01351,-0.016649999,-0.0164,-0.014570001
435.4899902,-0.01333,-0.01434,-0.01388,-0.01592,-0.01608,-0.0138
435.8599854,-0.01312,-0.01467,-0.01408,-0.0154,-0.01556,-0.013780001
436.230011,-0.01253,-0.01428,-0.013890001,-0.014989999,-0.01571,-0.01323
436.5899963,-0.01217,-0.013780001,-0.013400001,-0.01509,-0.01508,-0.01308
436.9599915,-0.0117,-0.01258,-0.01232,-0.013890001,-0.01393,-0.012250001
437.3299866,-0.01076,-0.01238,-0.01255,-0.0139,-0.01365,-0.01237
437.7000122,-0.01049,-0.012159999,-0.01234,-0.01397,-0.014090001,-0.01272
438.0599976,-0.01056,-0.011879999,-0.01201,-0.01413,-0.01368,-0.01274
438.4299927,-0.01055,-0.01169,-0.011670001,-0.01351,-0.01396,-0.01227
438.7999878,-0.01087,-0.01208,-0.0115,-0.01323,-0.01361,-0.012180001
439.1600037,-0.010930001,-0.012259999,-0.01115,-0.01328,-0.01398,-0.01204
439.5299988,-0.01069,-0.01205,-0.01168,-0.01296,-0.01438,-0.011870001
439.8999939,-0.01116,-0.01204,-0.01158,-0.01296,-0.01476,-0.01161
440.269989,-0.010779999,-0.011879999,-0.01113,-0.01245,-0.01417,-0.01107
440.6300049,-0.01053,-0.01175,-0.010930001,-0.01203,-0.01386,-0.01105
441,-0.010319999,-0.01199,-0.01113,-0.01269,-0.01356,-0.01148
441.3699951,-0.00973,-0.01132,-0.0104,-0.012209999,-0.01313,-0.01126
441.730011,-0.00945,-0.011030001,-0.010319999,-0.01199,-0.01263,-0.01071
442.1000061,-0.00934,-0.010679999,-0.00959,-0.011770001,-0.01208,-0.0107
442.4700012,-0.00957,-0.010620001,-0.00959,-0.011729999,-0.011770001,-0.011030001
442.8299866,-0.00928,-0.010340001,-0.00959,-0.011369999,-0.01125,-0.01066
443.2000122,-0.00897,-0.01069,-0.009409999,-0.011569999,-0.01138,-0.01097
443.5700073,-0.00896,-0.01023,-0.00939,-0.01127,-0.01181,-0.01044
443.9299927,-0.0092,-0.010290001,-0.00982,-0.01155,-0.012180001,-0.010770001
444.2999878,-0.008669999,-0.01,-0.00957,-0.01058,-0.01205,-0.0109
444.6700134,-0.0084,-0.010650001,-0.00987,-0.01076,-0.01238,-0.010729999
445.0299988,-0.0075,-0.01021,-0.00928,-0.01038,-0.011469999,-0.01012
445.3999939,-0.007850001,-0.01018,-0.00928,-0.01092,-0.01191,-0.01042
445.769989,-0.00749,-0.00948,-0.00874,-0.011059999,-0.011460001,-0.00976
446.1300049,-0.00747,-0.0093,-0.00861,-0.0109,-0.01044,-0.009649999
446.5,-0.00766,-0.00917,-0.00855,-0.01081,-0.00987,-0.00927
446.8699951,-0.008090001,-0.0096,-0.00911,-0.01132,-0.01047,-0.009509999
447.230011,-0.00811,-0.008859999,-0.008880001,-0.01092,-0.01013,-0.00939
447.6000061,-0.008909999,-0.00897,-0.009190001,-0.011109999,-0.010570001,-0.00952
447.9599915,-0.008719999,-0.00861,-0.00915,-0.01056,-0.010199999,-0.00939
448.3299866,-0.00856,-0.00844,-0.00914,-0.009670001,-0.01017,-0.00932
448.7000122,-0.00868,-0.00885,-0.00931,-0.00981,-0.0107,-0.00955
449.0599976,-0.00807,-0.00841,-0.0091,-0.00936,-0.01079,-0.00992
449.4299927,-0.00792,-0.00828,-0.008859999,-0.00973,-0.01022,-0.0096
449.7900085,-0.00782,-0.00843,-0.00896,-0.00972,-0.010290001,-0.00952
450.1600037,-0.00758,-0.00844,-0.00894,-0.00942,-0.010199999,-0.0092
450.5299988,-0.00726,-0.00858,-0.00877,-0.009380001,-0.01,-0.00854
450.8900146,-0.00731,-0.0088,-0.008719999,-0.00945,-0.00986,-0.008119999
451.2600098,-0.00692,-0.0085,-0.00802,-0.00913,-0.009240001,-0.00815
451.6199951,-0.00715,-0.00883,-0.00802,-0.00959,-0.00954,-0.008090001
451.9899902,-0.00715,-0.00858,-0.00783,-0.00962,-0.00975,-0.00815
452.3599854,-0.00727,-0.00829,-0.00774,-0.009409999,-0.00952,-0.007929999
452.7200012,-0.00694,-0.00824,-0.00753,-0.0092,-0.00928,-0.00815
453.0899963,-0.00673,-0.00794,-0.00716,-0.0089,-0.0092,-0.00837
453.4500122,-0.00688,-0.007850001,-0.0073,-0.00898,-0.00971,-0.00901
453.8200073,-0.0069,-0.00774,-0.00754,-0.009240001,-0.01015,-0.00858
454.1799927,-0.00651,-0.00743,-0.00728,-0.00899,-0.00962,-0.00761
454.5499878,-0.00599,-0.0071,-0.00674,-0.00808,-0.00911,-0.00722
454.9200134,-0.0057,-0.00662,-0.00642,-0.008090001,-0.00856,-0.00692
455.2799988,-0.00568,-0.00627,-0.00607,-0.00832,-0.008690001,-0.00659
455.6499939,-0.00545,-0.00623,-0.00619,-0.00816,-0.00855,-0.00657
456.0100098,-0.00509,-0.00587,-0.0061,-0.00765,-0.00796,-0.00612
456.3800049,-0.00505,-0.00541,-0.00587,-0.00716,-0.00794,-0.00626
456.7399902,-0.00522,-0.00572,-0.00609,-0.00718,-0.00804,-0.00654
457.1099854,-0.00583,-0.00587,-0.00642,-0.00759,-0.00805,-0.00676
457.4700012,-0.0057,-0.00633,-0.00648,-0.00743,-0.0082,-0.00699
457.8399963,-0.00538,-0.00652,-0.00635,-0.00714,-0.00786,-0.00713
458.2000122,-0.00544,-0.00654,-0.00645,-0.00718,-0.007929999,-0.00706
458.5700073,-0.00567,-0.00683,-0.00666,-0.00749,-0.008,-0.00741
458.9299927,-0.00602,-0.00754,-0.00666,-0.007710001,-0.007929999,-0.00766
459.2999878,-0.00574,-0.00731,-0.00621,-0.00726,-0.00768,-0.00763
459.6600037,-0.00549,-0.00719,-0.00622,-0.00712,-0.00743,-0.00742
460.0299988,-0.00557,-0.00724,-0.00597,-0.00714,-0.00723,-0.00755
460.3900146,-0.00576,-0.00695,-0.00618,-0.00716,-0.0072,-0.00728
460.7600098,-0.00599,-0.00706,-0.00608,-0.00738,-0.00712,-0.00742
461.1199951,-0.00579,-0.0069,-0.00577,-0.0072,-0.00725,-0.00702
461.4899902,-0.00544,-0.00678,-0.00613,-0.00722,-0.00712,-0.00669
461.8500061,-0.00545,-0.00672,-0.00599,-0.00689,-0.00684,-0.00657
462.2200012,-0.00536,-0.00661,-0.00576,-0.00659,-0.00684,-0.00641
462.5799866,-0.00515,-0.00658,-0.00586,-0.00646,-0.00685,-0.00634
462.9500122,-0.00489,-0.00664,-0.00577,-0.00618,-0.0067,-0.00611
463.3099976,-0.00466,-0.00639,-0.00556,-0.00599,-0.00656,-0.00583
463.6799927,-0.00467,-0.00641,-0.00541,-0.0061,-0.00628,-0.00568
464.0400085,-0.00476,-0.00599,-0.00492,-0.00586,-0.00605,-0.0055
464.4100037,-0.00485,-0.00589,-0.00516,-0.0061,-0.0062,-0.00552
464.769989,-0.00476,-0.00573,-0.00512,-0.00619,-0.006,-0.00544
465.1300049,-0.00485,-0.0054,-0.00515,-0.00619,-0.00583,-0.00517
465.5,-0.00487,-0.00545,-0.00506,-0.00614,-0.00592,-0.0052
465.8599854,-0.00495,-0.00542,-0.00501,-0.00602,-0.00584,-0.00523
466.230011,-0.00493,-0.00521,-0.0047,-0.00557,-0.00559,-0.00527
466.5899963,-0.00491,-0.00552,-0.00491,-0.00552,-0.00564,-0.0055
466.9599915,-0.00463,-0.00531,-0.00479,-0.00554,-0.00555,-0.00529
467.3200073,-0.00426,-0.00534,-0.00459,-0.00527,-0.00557,-0.00527
467.6799927,-0.00421,-0.00527,-0.0045,-0.00519,-0.00583,-0.00526
468.0499878,-0.00423,-0.00503,-0.00444,-0.00529,-0.0058,-0.0053
468.4100037,-0.00428,-0.0053,-0.00457,-0.00531,-0.00602,-0.00525
468.7799988,-0.00395,-0.00507,-0.00468,-0.00535,-0.00592,-0.00492
469.1400146,-0.00356,-0.00456,-0.00451,-0.00524,-0.00576,-0.00454
469.5,-0.00383,-0.00483,-0.00464,-0.00512,-0.00564,-0.00456
469.8699951,-0.00401,-0.0048,-0.00479,-0.00522,-0.00558,-0.00457
470.230011,-0.004,-0.00484,-0.00458,-0.00516,-0.00527,-0.00461
470.6000061,-0.00379,-0.00457,-0.00444,-0.00478,-0.005,-0.00442
470.9599915,-0.00355,-0.0041,-0.00418,-0.00441,-0.00463,-0.00412
471.3200073,-0.00358,-0.00413,-0.00421,-0.00438,-0.00472,-0.00423
471.6900024,-0.00361,-0.00414,-0.00411,-0.00431,-0.00461,-0.00425
472.0499878,-0.00333,-0.00394,-0.00374,-0.00419,-0.00465,-0.0043
472.4200134,-0.00306,-0.00381,-0.00352,-0.00398,-0.00456,-0.00417
472.7799988,-0.00315,-0.00375,-0.00354,-0.00374,-0.00471,-0.00388
473.1400146,-0.00321,-0.00381,-0.00353,-0.00402,-0.00472,-0.00382
473.5100098,-0.00304,-0.00382,-0.00348,-0.004,-0.00454,-0.00377
473.8699951,-0.0028,-0.00375,-0.00318,-0.00386,-0.00442,-0.00362
474.230011,-0.00279,-0.00366,-0.00307,-0.00379,-0.00439,-0.00362
474.6000061,-0.00279,-0.00346,-0.00295,-0.00374,-0.00418,-0.00333
474.9599915,-0.0029,-0.00363,-0.00304,-0.00389,-0.00416,-0.00334
475.3200073,-0.00259,-0.00358,-0.00298,-0.00399,-0.00396,-0.00336
475.6900024,-0.00251,-0.00372,-0.00288,-0.00383,-0.00379,-0.0033
476.0499878,-0.00251,-0.00361,-0.00276,-0.0038,-0.00387,-0.00329
476.4100037,-0.00269,-0.0036,-0.00286,-0.0039,-0.00382,-0.00339
476.7799988,-0.0026,-0.00343,-0.00276,-0.00374,-0.00363,-0.00314
477.1400146,-0.00251,-0.00335,-0.00277,-0.00376,-0.00361,-0.00334
477.5,-0.0025,-0.00294,-0.00254,-0.00355,-0.00354,-0.00326
477.8699951,-0.00249,-0.00281,-0.0025,-0.0035,-0.00351,-0.00321
478.230011,-0.00234,-0.00261,-0.00235,-0.00345,-0.0034,-0.00319
478.5899963,-0.00236,-0.00249,-0.00224,-0.00336,-0.00328,-0.0032
478.9599915,-0.00211,-0.00234,-0.00215,-0.00312,-0.00314,-0.00305
479.3200073,-0.00207,-0.0024,-0.00224,-0.00323,-0.00327,-0.00305
479.6799927,-0.00195,-0.00239,-0.00226,-0.00304,-0.00326,-0.00294
480.0400085,-0.00176,-0.00239,-0.00228,-0.00293,-0.00311,-0.00272
480.4100037,-0.0018,-0.00247,-0.00225,-0.00284,-0.0031,-0.00271
480.769989,-0.00188,-0.00251,-0.00235,-0.00281,-0.00326,-0.00272
481.1300049,-0.00174,-0.00262,-0.00243,-0.00289,-0.00333,-0.00272
481.5,-0.00181,-0.00265,-0.00251,-0.003,-0.00327,-0.00274
481.8599854,-0.00174,-0.00269,-0.00237,-0.00284,-0.00315,-0.00265
482.2200012,-0.0018,-0.00268,-0.00235,-0.0029,-0.00308,-0.00257
482.5799866,-0.00177,-0.00261,-0.00226,-0.00289,-0.00305,-0.00264
482.9500122,-0.00157,-0.00253,-0.00219,-0.00282,-0.00294,-0.00254
483.3099976,-0.00145,-0.00234,-0.00206,-0.00255,-0.00274,-0.00239
483.6700134,-0.00149,-0.00224,-0.00195,-0.00244,-0.00256,-0.00236
484.0299988,-0.00153,-0.0022,-0.00197,-0.00245,-0.00252,-0.0023
484.3999939,-0.00149,-0.00206,-0.00193,-0.00234,-0.00241,-0.0023
484.7600098,-0.0014,-0.00191,-0.00184,-0.00221,-0.00229,-0.00225
485.1199951,-0.00136,-0.00193,-0.00183,-0.00214,-0.00232,-0.00214
485.480011,-0.00143,-0.00187,-0.0017,-0.0021,-0.00223,-0.00214
485.8500061,-0.00139,-0.00191,-0.00175,-0.00223,-0.00226,-0.00213
486.2099915,-0.00139,-0.0018,-0.00169,-0.00214,-0.00227,-0.00206
486.5700073,-0.00125,-0.00191,-0.00155,-0.00203,-0.00233,-0.00203
486.9299927,-0.00125,-0.0019,-0.00153,-0.00203,-0.00231,-0.00198
487.2900085,-0.00121,-0.00196,-0.00148,-0.00202,-0.00229,-0.00191
487.6600037,-0.00119,-0.00194,-0.00145,-0.00204,-0.00221,-0.00196
488.019989,-0.0011,-0.00189,-0.0015,-0.00197,-0.00206,-0.00191
488.3800049,-0.0012,-0.00193,-0.00153,-0.00187,-0.00205,-0.00199
488.7399902,-0.00116,-0.00196,-0.00159,-0.00192,-0.00203,-0.00192
489.1000061,-0.00129,-0.0019,-0.00172,-0.00197,-0.00208,-0.00202
489.4700012,-0.00123,-0.00189,-0.00168,-0.00199,-0.002,-0.00202
489.8299866,-0.00125,-0.00191,-0.0017,-0.002,-0.00208,-0.00209
490.1900024,-0.00131,-0.00194,-0.00173,-0.00201,-0.00209,-0.00198
490.5499878,-0.0014,-0.00197,-0.00176,-0.00209,-0.0022,-0.00196
490.9100037,-0.00122,-0.00179,-0.00162,-0.0021,-0.00205,-0.00181
491.269989,-0.00124,-0.00183,-0.00158,-0.00201,-0.00196,-0.00182
491.6400146,-0.00116,-0.00178,-0.00153,-0.00192,-0.00185,-0.0017
492,-0.0012,-0.00169,-0.00152,-0.0019,-0.00189,-0.00169
492.3599854,-0.00128,-0.00167,-0.0015,-0.00189,-0.0018,-0.00164
492.7200012,-0.00121,-0.00157,-0.00144,-0.00186,-0.00173,-0.00173
493.0799866,-0.0012,-0.00166,-0.00144,-0.00184,-0.00173,-0.0018
493.4400024,-0.00124,-0.00177,-0.0015,-0.0018,-0.00175,-0.00189
493.8099976,-0.00116,-0.00183,-0.0015,-0.0019,-0.00179,-0.00196
494.1700134,-0.0012,-0.00187,-0.00145,-0.00194,-0.00177,-0.00199
494.5299988,-0.00121,-0.00195,-0.00148,-0.00186,-0.00176,-0.00196
494.8900146,-0.0012,-0.00197,-0.00152,-0.00187,-0.00181,-0.002
495.25,-0.00115,-0.00195,-0.00142,-0.00183,-0.00174,-0.00196
495.6099854,-0.00106,-0.00182,-0.00138,-0.0018,-0.00166,-0.00184
495.9700012,-0.00102,-0.00178,-0.0013,-0.00183,-0.00164,-0.00177
496.3299866,-0.00109,-0.00174,-0.00126,-0.0018,-0.00161,-0.00174
496.7000122,-0.001,-0.00165,-0.0012,-0.00172,-0.00158,-0.00169
497.0599976,-0.00105,-0.0017,-0.0012,-0.0018,-0.00157,-0.00174
497.4200134,-0.00099,-0.0017,-0.00117,-0.00178,-0.00149,-0.0017
497.7799988,-0.00105,-0.00176,-0.00126,-0.00177,-0.00154,-0.00176
498.1400146,-0.00106,-0.00171,-0.00116,-0.00171,-0.0015,-0.00174
498.5,-0.00111,-0.00172,-0.00115,-0.00165,-0.00151,-0.00172
498.8599854,-0.00104,-0.00163,-0.00119,-0.00164,-0.00148,-0.00166
499.2200012,-0.00103,-0.00155,-0.00113,-0.00155,-0.00143,-0.00159
499.5799866,-0.00094,-0.00152,-0.00111,-0.00152,-0.00137,-0.00164
499.9400024,-0.00086,-0.00148,-0.00107,-0.0015,-0.0014,-0.00167
500.2999878,-0.00081,-0.00138,-0.00108,-0.00146,-0.00131,-0.00155
500.6700134,-0.00081,-0.00137,-0.0011,-0.00146,-0.00136,-0.0016
501.0299988,-0.00079,-0.00136,-0.00113,-0.00141,-0.00136,-0.0016
501.3900146,-0.00078,-0.00138,-0.00109,-0.00138,-0.00125,-0.00155
501.75,-0.00077,-0.00139,-0.00105,-0.00134,-0.0012,-0.00151
502.1099854,-0.00072,-0.00138,-0.00101,-0.00126,-0.00109,-0.00137
502.4700012,-0.00072,-0.00143,-0.00102,-0.00122,-0.00102,-0.0013
502.8299866,-0.00075,-0.00153,-0.00105,-0.0012,-0.00108,-0.00134
503.1900024,-0.00078,-0.00154,-0.00108,-0.00117,-0.00106,-0.00131
503.5499878,-0.00079,-0.00156,-0.00112,-0.00123,-0.00101,-0.00131
503.9100037,-0.00076,-0.00151,-0.00105,-0.00117,-0.00098,-0.00138
504.269989,-0.00085,-0.00157,-0.00113,-0.0012,-0.00102,-0.00144
504.6300049,-0.0009,-0.00156,-0.00114,-0.00126,-0.0011,-0.00153
504.9899902,-0.00092,-0.00158,-0.00117,-0.00127,-0.00103,-0.00159
505.3500061,-0.00086,-0.0015,-0.00107,-0.00125,-0.00095,-0.00153
505.7099915,-0.00078,-0.00158,-0.00107,-0.00127,-0.00085,-0.00153
506.0700073,-0.00073,-0.00147,-0.00098,-0.00117,-0.00079,-0.00151
506.4299927,-0.00086,-0.00154,-0.00103,-0.00118,-0.00084,-0.00154
506.7900085,-0.00078,-0.00148,-0.00097,-0.00115,-0.00083,-0.00161
507.1499939,-0.00074,-0.00133,-0.00096,-0.00107,-0.00076,-0.00157
507.5100098,-0.00073,-0.00124,-0.00094,-0.00101,-0.00076,-0.00151
507.8699951,-0.00078,-0.00132,-0.001,-0.00095,-0.00081,-0.0016
508.230011,-0.00078,-0.00123,-0.0009,-0.00083,-0.00081,-0.00155
508.5899963,-0.00076,-0.00134,-0.00097,-0.00085,-0.00078,-0.00157
508.9500122,-0.00061,-0.00125,-0.00086,-0.00072,-0.00071,-0.00143
509.3099976,-0.00058,-0.00124,-0.00081,-0.00065,-0.00062,-0.00135
509.6700134,-0.00058,-0.00137,-0.00084,-0.00062,-0.00062,-0.00134
510.0299988,-0.0006,-0.00135,-0.00085,-0.00061,-0.0006,-0.00134
510.3900146,-0.00056,-0.00122,-0.00076,-0.00054,-0.00047,-0.0012
510.75,-0.00049,-0.00116,-0.00078,-0.00051,-0.00041,-0.00117
511.1099854,-0.00047,-0.0012,-0.00073,-0.00047,-0.00043,-0.00112
511.4700012,-0.00051,-0.00126,-0.00078,-0.00052,-0.00049,-0.00121
511.8299866,-0.00044,-0.00115,-0.00081,-0.00045,-0.00046,-0.00114
512.1900024,-0.00049,-0.00108,-0.00072,-0.00048,-0.00041,-0.00115
512.5499878,-0.00039,-0.00102,-0.00059,-0.00041,-0.00034,-0.00113
512.9099731,-0.00037,-0.00105,-0.00056,-0.00044,-0.00041,-0.00121
513.2700195,-0.00045,-0.00111,-0.00056,-0.00043,-0.00038,-0.00125
513.6199951,-0.00051,-0.00103,-0.00053,-0.00043,-0.00036,-0.00127
513.9799805,-0.00051,-0.00097,-0.00049,-0.00035,-0.00025,-0.00122
514.3400269,-0.00058,-0.00109,-0.00045,-0.00039,-0.00028,-0.00129
514.7000122,-0.0005,-0.00113,-0.00046,-0.00034,-0.00027,-0.00127
515.0599976,-0.00058,-0.0012,-0.00052,-0.0003,-0.00032,-0.00129
515.4199829,-0.00062,-0.00121,-0.00051,-0.00027,-0.00021,-0.00131
515.7800293,-0.00057,-0.00109,-0.00045,-0.00022,-0.00019,-0.0013
516.1400146,-0.0005,-0.00108,-0.0004,-0.00015,-0.00016,-0.00125
516.5,-0.00049,-0.00104,-0.00033,-0.00021,-0.00017,-0.00127
516.8599854,-0.00052,-0.00109,-0.00034,-0.00023,-0.00012,-0.00125
517.2199707,-0.00056,-0.00108,-0.00028,-0.00018,-3.00E-05,-0.00129
517.5700073,-0.00054,-0.00106,-0.00022,-0.00018,1.00E-04,-0.0013
517.9299927,-0.00048,-0.0011,-0.00019,-0.00017,0.00016,-0.00124
518.289978,-0.00047,-0.00112,-0.00012,-0.00015,0.00023,-0.00125
518.6500244,-0.0005,-0.00109,-0.00013,-0.00011,0.00039,-0.00124
519.0100098,-0.00047,-0.00108,-0.0002,-6.00E-05,0.00058,-0.00128
519.3699951,-0.00049,-0.00098,-0.00016,-3.00E-05,0.00076,-0.00131
519.7299805,-0.00047,-0.00095,-0.0002,-6.00E-05,0.00095,-0.00123
520.0800171,-0.00048,-0.00087,-0.00012,0,0.00124,-0.00117
520.4400024,-0.00058,-0.00081,-0.00014,-3.00E-05,0.00163,-0.00118
520.7999878,-0.00061,-0.00084,-0.00015,-6.00E-05,0.00222,-0.00112
521.1599731,-0.00065,-0.00082,-0.00013,-7.00E-05,0.00297,-0.00114
521.5200195,-0.00057,-0.00072,3.00E-05,3.00E-05,0.00412,-0.00099
521.8800049,-0.00045,-0.00068,0.00013,9.00E-05,0.00559,-0.00089
522.2399902,-0.00046,-0.00064,0.00023,0.0002,0.00762,-0.00088
522.5900269,-0.0005,-0.00064,0.00021,0.00013,0.010290001,-0.00089
522.9500122,-0.00038,-0.00054,0.00037,0.00026,0.014199999,-0.00083
523.3099976,-0.00031,-0.0005,0.00041,0.00031,0.019379999,-0.00079
523.6699829,-0.00023,-0.00044,0.00046,0.00029,0.026199998,-0.00075
524.0300293,-0.00026,-0.0004,0.00045,0.00034,0.03514,-0.0008
524.3800049,-0.00023,-0.0003,0.00051,0.00041,0.046690002,-0.00073
524.7399902,-0.00014,-0.00024,0.00058,0.00038,0.060989998,-0.00063
525.0999756,-3.00E-05,-0.00027,0.0006,0.00048,0.078079998,-0.00063
525.460022,-4.00E-05,-0.00025,0.00052,0.00047,0.09781,-0.00065
525.8200073,-5.00E-05,-0.0002,0.00059,0.00052,0.120109998,-0.00067
526.1699829,1.00E-05,-0.0002,0.00067,0.00059,0.144639999,-0.00073
526.5300293,0,-0.0002,0.00067,0.00063,0.170620009,-0.00066
526.8900146,-4.00E-05,-0.00023,0.00061,0.00064,0.197459996,-0.0007
527.25,-6.00E-05,-0.0002,0.00059,0.00069,0.224440008,-0.00077
527.6099854,-8.00E-05,-7.00E-05,0.00065,0.00077,0.251289994,-0.00076
527.960022,-9.00E-05,-9.00E-05,0.00066,0.00087,0.277840018,-0.00072
528.3200073,-8.00E-05,-8.00E-05,0.00063,0.00093,0.303670019,-0.00068
528.6799927,-7.00E-05,-4.00E-05,0.00061,0.00107,0.328720003,-0.00055
529.039978,-7.00E-05,-3.00E-05,0.0006,0.00115,0.35284999,-0.00054
529.3900146,-3.00E-05,0,0.00066,0.00133,0.375870019,-0.0005
529.75,1.00E-05,7.00E-05,0.00072,0.00169,0.397929996,-0.00043
530.1099854,4.00E-05,5.00E-05,0.00071,0.00188,0.418639988,-0.00038
530.4699707,6.00E-05,1.00E-04,0.00071,0.00224,0.437640011,-0.00037
530.8200073,0.00012,0.00016,0.00075,0.00283,0.45540002,-0.00034
531.1799927,0.00013,0.00018,0.00078,0.00355,0.471860021,-0.00042
531.539978,0.0002,0.00024,0.00081,0.00452,0.486910015,-0.00036
531.9000244,0.00014,0.00029,0.00078,0.00594,0.500760019,-0.00032
532.25,0.00014,0.00026,0.00073,0.00778,0.512130022,-0.00031
532.6099854,0.0002,0.00029,0.00075,0.01071,0.520579994,-0.00018
532.9699707,0.00029,0.00039,0.00088,0.014889999,0.524659991,-9.00E-05
533.3200073,0.00029,0.00046,0.00088,0.020819999,0.524240017,-9.00E-05
533.6799927,0.00033,0.00051,0.00094,0.029089998,0.518440008,3.00E-05
534.039978,0.00039,0.00053,0.00102,0.040409997,0.508230031,6.00E-05
534.4000244,0.00052,0.00053,0.00105,0.055300001,0.494509995,9.00E-05
534.75,0.00061,0.0006,0.00117,0.074359998,0.479589999,0.00016
535.1099854,0.00065,0.00065,0.00121,0.097539999,0.464840025,0.00014
535.4699707,0.00065,0.00058,0.00117,0.124919996,0.452190012,1.00E-04
535.8200073,0.00071,0.00054,0.00123,0.155970007,0.441740006,0.00017
536.1799927,0.00071,0.00051,0.00123,0.190270007,0.433539987,0.00017
536.539978,0.00076,0.00059,0.00125,0.227140009,0.425740004,0.00018
536.8900146,0.00085,0.00066,0.00135,0.26613,0.416479975,0.00026
537.25,0.00086,0.00068,0.00137,0.306389987,0.403489977,0.00023
537.6099854,0.00093,0.00073,0.00146,0.348199993,0.385299981,0.00025
537.960022,0.00104,0.00083,0.0016,0.391110003,0.360900015,0.00038
538.3200073,0.0011,0.00088,0.00169,0.434879988,0.330379993,0.00043
538.6799927,0.00119,0.00088,0.00175,0.479070008,0.294270009,0.00046
539.0300293,0.00119,0.00085,0.00182,0.523289979,0.254669994,0.00046
539.3900146,0.0012,0.00084,0.00193,0.565800011,0.213929996,0.00046
539.75,0.00122,0.00079,0.00204,0.606180012,0.174430013,0.00049
540.0999756,0.00124,0.00082,0.00221,0.643140018,0.137810007,0.00049
540.460022,0.0012,0.00082,0.00242,0.675019979,0.105620004,0.00051
540.8099976,0.00117,0.00084,0.00269,0.700920045,0.078819998,0.00048
541.1699829,0.00119,0.00091,0.00311,0.719810009,0.057500001,0.00053
541.5300293,0.0012,0.00091,0.0036,0.731260002,0.041129999,0.00059
541.8800049,0.00116,0.00096,0.00419,0.735100031,0.02902,0.00057
542.2399902,0.0012,0.00108,0.00504,0.730809987,0.020399999,0.00063
542.5900269,0.00121,0.00105,0.00624,0.719339967,0.01441,0.00069
542.9500122,0.00124,0.00105,0.00787,0.701709986,0.01016,0.00065
543.3099976,0.0013,0.00104,0.01045,0.680360019,0.00726,0.00071
543.6599731,0.0013,0.0011,0.01431,0.657900035,0.00535,0.00076
544.0200195,0.00138,0.00116,0.02025,0.635919988,0.00411,0.00082
544.3699951,0.00141,0.00115,0.029089998,0.616029978,0.00319,0.00083
544.7299805,0.00142,0.0011,0.04245,0.598479986,0.0025,0.00081
545.0900269,0.00145,0.00116,0.061290003,0.582650006,0.00189,0.00077
545.4400024,0.00147,0.00123,0.087119997,0.567529976,0.0015,0.00078
545.7999878,0.0015,0.00133,0.120990001,0.549650013,0.00117,0.0008
546.1500244,0.00151,0.00135,0.163199991,0.526360035,0.00086,0.00078
546.5100098,0.00146,0.00132,0.214139998,0.496189982,0.00057,0.00074
546.8599854,0.00153,0.00149,0.273229986,0.458720028,0.00039,0.0008
547.2199707,0.0016,0.00159,0.338870019,0.414059997,0.00027,0.00088
547.5800171,0.00161,0.00175,0.408779979,0.364089996,0.0002,0.00098
547.9299927,0.00162,0.00189,0.480010003,0.310890019,7.00E-05,0.00106
548.289978,0.00165,0.00209,0.550249994,0.257539988,-1.00E-05,0.00109
548.6400146,0.00166,0.00233,0.616490006,0.207369998,-1.00E-04,0.00112
549,0.00166,0.00261,0.676869988,0.16212,-0.00015,0.00113
549.3499756,0.00172,0.00289,0.730039954,0.122889996,-0.00011,0.00117
549.710022,0.00179,0.00329,0.775160015,0.090520002,-0.00014,0.00119
550.0599976,0.00171,0.00368,0.811610043,0.065130003,-0.0002,0.00115
550.4199829,0.00175,0.00428,0.840510011,0.045979999,-0.00014,0.0012
550.7700195,0.00172,0.00498,0.862399995,0.03207,-0.00017,0.00117
551.1300049,0.00176,0.00599,0.877929986,0.022260001,-0.00018,0.0012
551.4799805,0.00182,0.00762,0.887320042,0.015520001,-0.00021,0.00128
551.8400269,0.00178,0.010039999,0.891380012,0.01092,-0.00027,0.00135
552.1900024,0.00172,0.01396,0.89023,0.00777,-0.0003,0.00139
552.5499878,0.00184,0.02049,0.884180009,0.00577,-0.00025,0.00157
552.9000244,0.0019,0.031159999,0.874069989,0.00434,-0.00034,0.00167
553.2600098,0.00199,0.04848,0.860360026,0.00338,-0.00036,0.00187
553.6099854,0.0021,0.075350001,0.845189989,0.00271,-0.00035,0.0021
553.9699707,0.00222,0.114580005,0.829710007,0.0022,-0.00035,0.00237
554.3200073,0.00233,0.168850005,0.814530015,0.00178,-0.00038,0.00256
554.6799927,0.00244,0.238659993,0.799820006,0.00153,-0.00038,0.0029
555.0300293,0.00259,0.322340012,0.78433001,0.00128,-0.00037,0.00324
555.3900146,0.00272,0.416040003,0.764950037,0.00111,-0.00036,0.00367
555.7399902,0.00292,0.51354003,0.73901999,0.00098,-0.00035,0.00423
556.0999756,0.00308,0.608200014,0.703399956,0.00086,-0.00034,0.00487
556.4500122,0.00328,0.695090055,0.655869961,0.00076,-0.00036,0.00575
556.7999878,0.00355,0.769120038,0.596560001,0.00068,-0.00039,0.00715
557.1599731,0.00395,0.827740014,0.527719975,0.00056,-0.00042,0.00931
557.5100098,0.00429,0.87094003,0.45205003,0.00048,-0.0005,0.0128
557.8699951,0.00478,0.900920033,0.375029981,0.0004,-0.00054,0.01873
558.2199707,0.00528,0.920469999,0.300819993,0.00035,-0.0006,0.02922
558.5800171,0.00609,0.932900012,0.233700007,0.0003,-0.00063,0.047350001
558.9299927,0.00716,0.940319955,0.17614001,0.00026,-0.00065,0.07739
559.2800293,0.00878,0.944970012,0.129329994,0.00023,-0.00068,0.123839997
559.6400146,0.01129,0.947350025,0.092469998,0.00022,-0.00068,0.189720005
559.9899902,0.015570001,0.947969973,0.064879999,0.0002,-0.0007,0.274190009
560.3499756,0.02276,0.946750045,0.044860002,0.00014,-0.00073,0.372690022
560.7000122,0.03523,0.943980038,0.030840002,1.00E-04,-0.00077,0.477649987
561.0499878,0.056649998,0.939740002,0.02118,1.00E-05,-0.0008,0.582050025
561.4099731,0.091930002,0.933980048,0.014680001,1.00E-05,-0.00076,0.679040015
561.7600098,0.14587,0.927279949,0.010319999,-2.00E-05,-0.00072,0.762210011
562.1199951,0.220420003,0.920109987,0.00751,-3.00E-05,-0.00077,0.827310026
562.4699707,0.3125,0.913079977,0.00565,-6.00E-05,-0.00074,0.874189973
562.8200073,0.41584,0.904789984,0.00438,-7.00E-05,-0.00073,0.90516001
563.1799927,0.522099972,0.893249989,0.00352,-0.00011,-0.00073,0.924960017
563.5300293,0.624550045,0.874229968,0.00293,-8.00E-05,-0.00068,0.937929988
563.8800049,0.716880023,0.844599962,0.00244,-0.00016,-0.00075,0.946529984
564.2399902,0.79290998,0.799779952,0.00214,-0.00016,-0.00081,0.952320039
564.5900269,0.849629998,0.73920995,0.00188,-0.00015,-0.00074,0.956259966
564.9500122,0.88755995,0.663529992,0.00168,-0.00016,-0.00074,0.958620012
565.2999878,0.912909985,0.576659977,0.00148,-0.00018,-0.00074,0.960319996
565.6500244,0.929509938,0.483399987,0.0014,-0.00016,-0.00073,0.960650027
566.0100098,0.941869974,0.39083001,0.00133,-0.00015,-0.00075,0.960709989
566.3599854,0.950680017,0.303849995,0.00126,-0.00014,-0.00074,0.960009992
566.710022,0.95758003,0.228290007,0.00117,-0.00013,-0.00078,0.958639979
567.0700073,0.962369978,0.166250005,0.00105,-0.00019,-0.00087,0.956629992
567.4199829,0.966239989,0.118219994,0.00094,-0.00022,-0.00091,0.954240024
567.7700195,0.968509972,0.08219,0.00095,-0.00019,-0.00087,0.950650036
568.1300049,0.970939994,0.05618,0.00089,-0.00021,-0.00088,0.945169985
568.4799805,0.971650004,0.037920002,0.00078,-0.00033,-0.00096,0.933399975
568.8300171,0.971500039,0.025429999,0.00071,-0.00033,-0.00097,0.912209988
569.1799927,0.971050024,0.017239999,0.00068,-0.00033,-0.00091,0.877009988
569.539978,0.970070064,0.011870001,0.00067,-0.00033,-0.00086,0.824660063
569.8900146,0.96875,0.008309999,0.00068,-0.00032,-0.00085,0.754919946
570.2399902,0.966220021,0.00603,0.00059,-0.00035,-0.0009,0.669879973
570.5999756,0.960350037,0.00462,0.00056,-0.00037,-0.00087,0.574400008
570.9500122,0.949320018,0.00373,0.00057,-0.0003,-0.00079,0.474970013
571.2999878,0.928539991,0.00306,0.00059,-0.0003,-0.00079,0.377449989
571.6500244,0.893220007,0.00257,0.00057,-0.00034,-0.00082,0.28858
572.0100098,0.840770006,0.00212,0.0005,-0.00037,-0.00088,0.213139996
572.3599854,0.770910025,0.00184,0.00045,-0.00039,-0.00091,0.152930006
572.710022,0.685640037,0.00164,0.00043,-0.00041,-0.0009,0.107189998
573.0599976,0.58987999,0.00147,0.00044,-0.00042,-0.00086,0.073749997
573.4199829,0.48951,0.00129,0.00042,-0.00044,-0.00089,0.049869999
573.7700195,0.390960008,0.00112,0.00041,-0.00043,-0.00091,0.033410002
574.1199951,0.300769985,0.00099,0.00038,-0.00046,-0.00092,0.02232
574.4699707,0.223619998,0.00096,0.00038,-0.00047,-0.00091,0.01507
574.8300171,0.161809996,0.00089,0.00044,-0.00044,-0.00086,0.01042
575.1799927,0.114680007,0.00082,0.00045,-0.00046,-0.00089,0.00743
575.5300293,0.079609998,0.00067,0.00038,-0.00049,-0.00098,0.00542
575.8800049,0.054629996,0.00062,0.00036,-0.00051,-0.00102,0.00414
576.2399902,0.03717,0.00063,0.00033,-0.00054,-0.00096,0.00328
576.5900269,0.02537,0.00061,0.00034,-0.00051,-0.00093,0.00269
576.9400024,0.01753,0.00056,0.00034,-0.00053,-0.00093,0.00225
577.289978,0.012359999,0.00055,0.00026,-0.00058,-0.00097,0.00189
577.6400146,0.00898,0.00053,0.00024,-0.00055,-0.00094,0.00165
578,0.00686,0.00054,0.00024,-0.00057,-0.00094,0.00148
578.3499756,0.00544,0.00049,0.0002,-0.00061,-0.00096,0.0013
578.7000122,0.00446,0.00043,0.0002,-0.00066,-0.00098,0.00115
579.0499878,0.00373,0.00037,0.00013,-0.00071,-0.00102,0.00102
579.4000244,0.00325,0.00034,9.00E-05,-0.00074,-0.00103,0.00098
579.7600098,0.00287,0.00026,3.00E-05,-0.00076,-0.00105,0.00085
580.1099854,0.00259,0.00023,5.00E-05,-0.00079,-0.00107,0.00076
580.460022,0.00236,0.00021,2.00E-05,-0.00078,-0.00106,0.00073
580.8099976,0.00214,0.00016,-2.00E-05,-0.00075,-0.00103,0.00068
581.1599731,0.00196,0.00013,-4.00E-05,-0.00075,-0.00108,0.00062
581.5100098,0.00183,7.00E-05,-6.00E-05,-0.00079,-0.0011,0.00056
581.8699951,0.00171,7.00E-05,-2.00E-05,-0.00075,-0.0011,0.0005
582.2199707,0.00166,0.00016,5.00E-05,-0.00071,-0.00102,0.00056
582.5700073,0.00161,0.00013,-4.00E-05,-0.00072,-0.00104,0.00049
582.9199829,0.00158,0.00012,-3.00E-05,-0.00073,-0.00102,0.00045
583.2700195,0.00156,0.00014,-1.00E-05,-0.00078,-0.00104,0.00044
583.6199951,0.00153,0.00018,-3.00E-05,-0.00076,-0.00099,0.00045
583.9699707,0.00157,0.00023,-2.00E-05,-0.00073,-0.00094,0.00045
584.3300171,0.00155,0.00017,-6.00E-05,-0.0008,-0.00093,0.00042
584.6799927,0.00144,7.00E-05,-0.00014,-0.00087,-0.00102,0.00033
585.0300293,0.0014,5.00E-05,-0.00011,-0.00088,-0.001,0.00036
585.3800049,0.00131,2.00E-05,-0.00015,-0.00089,-0.00099,0.00029
585.7299805,0.0013,1.00E-05,-0.00018,-0.00087,-0.00095,0.00031
586.0800171,0.00125,-5.00E-05,-0.00022,-0.00089,-0.00096,0.00027
586.4299927,0.00121,-9.00E-05,-0.00017,-0.00086,-0.00093,0.00026
586.7800293,0.00114,-1.00E-04,-0.00024,-0.00085,-0.00096,0.00022
587.1300049,0.00118,-9.00E-05,-0.00021,-0.00082,-0.00089,0.00024
587.4799805,0.00114,-1.00E-04,-0.00022,-0.0008,-0.00087,0.00018
587.8400269,0.00112,-6.00E-05,-0.00025,-0.0008,-0.00086,0.00019
588.1900024,0.00106,-7.00E-05,-0.00026,-0.0008,-0.00088,0.00015
588.539978,0.0011,-3.00E-05,-0.00023,-0.00074,-0.00085,0.00019
588.8900146,0.00105,-4.00E-05,-0.00031,-0.00077,-0.00091,0.00018
589.2399902,0.00107,-5.00E-05,-0.00031,-0.00068,-0.00089,0.00018
589.5900269,0.00105,-6.00E-05,-0.00032,-0.00066,-0.00092,0.00018
589.9400024,0.00105,-0.00011,-0.00037,-0.0007,-0.00099,0.00015
590.289978,0.00105,-0.00015,-0.00034,-0.00069,-0.00102,0.00015
590.6400146,0.00103,-0.0002,-0.00033,-0.00069,-0.00101,8.00E-05
590.9899902,0.00093,-0.00029,-0.00037,-0.00078,-0.00108,-4.00E-05
591.3400269,0.00089,-0.00026,-0.00034,-0.00078,-0.00109,-8.00E-05
591.6900024,0.0009,-0.00029,-0.00035,-0.00087,-0.00107,-0.00012
592.039978,0.00089,-0.00029,-0.00033,-0.00083,-0.00104,-0.00014
592.3900146,0.00086,-0.0003,-0.00034,-0.00082,-0.00103,-0.00016
592.7399902,0.00086,-0.00031,-0.00037,-0.00075,-0.00099,-0.00015
593.0900269,0.00086,-0.00032,-0.00043,-0.00078,-0.00101,-0.00012
593.4400024,0.00088,-0.00032,-0.00043,-0.00072,-0.00098,-0.00012
593.789978,0.00091,-0.00033,-0.00045,-0.00071,-0.00091,-0.00014
594.1400146,0.00087,-0.00034,-0.00046,-0.00071,-0.00096,-0.00012
594.4899902,0.00079,-0.00042,-0.00053,-0.00079,-0.00103,-0.00017
594.8400269,0.0008,-0.00041,-0.0005,-0.00076,-0.00096,-0.00012
595.1900024,0.00077,-0.00046,-0.00052,-0.0008,-0.00099,-0.00016
595.539978,0.00074,-0.00049,-0.00051,-0.00083,-0.00102,-0.00021
595.8900146,0.00079,-0.0004,-0.00046,-0.0008,-0.001,-0.00013
596.2399902,0.00077,-0.00042,-0.00042,-0.00078,-0.00101,-0.00011
596.5900269,0.00075,-0.00044,-0.00041,-0.00077,-0.001,-0.00018
596.9400024,0.00076,-0.00043,-0.00036,-0.00075,-0.00095,-0.00016
597.289978,0.00075,-0.00046,-0.00036,-0.00076,-0.00098,-0.00028
597.6400146,0.00077,-0.00041,-0.00031,-0.00071,-0.0009,-0.00025
597.9899902,0.00075,-0.0004,-0.0003,-0.00067,-0.00087,-0.00022
598.3400269,0.00065,-0.00049,-0.00037,-0.0007,-0.00094,-0.0003
598.6900024,0.0006,-0.00053,-0.00041,-0.00074,-0.00097,-0.00031
599.039978,0.00061,-0.00052,-0.00037,-0.00068,-0.00091,-0.00027
599.3900146,0.00059,-0.00055,-0.00041,-0.0007,-0.00096,-0.00034
599.7399902,0.00053,-0.00056,-0.00044,-0.00073,-0.00099,-0.00032
600.0900269,0.00052,-0.00058,-0.00045,-0.00076,-0.00102,-0.00036
600.4400024,0.00049,-0.0006,-0.00041,-0.0007,-0.00098,-0.00039
600.789978,0.0005,-0.00063,-0.00044,-0.00071,-0.00098,-0.00045
601.1400146,0.00049,-0.00062,-0.00044,-0.00065,-0.00096,-0.00047
601.4899902,0.00048,-0.00058,-0.00047,-0.0007,-0.00097,-0.00053
601.8300171,0.00045,-0.00057,-0.00048,-0.00067,-0.00092,-0.00053
602.1799927,0.00045,-0.00063,-0.00047,-0.00066,-0.00095,-0.00056
602.5300293,0.00036,-0.00072,-0.0005,-0.00069,-0.00102,-0.00062
602.8800049,0.00033,-0.00071,-0.00054,-0.00071,-0.00103,-0.00066
603.2299805,0.00033,-0.00066,-0.00048,-0.00069,-0.00098,-0.00061
603.5800171,0.00029,-0.00068,-0.0005,-0.00076,-0.00102,-0.00064
603.9299927,0.00024,-0.00072,-0.00052,-0.00074,-0.00105,-0.00065
604.2800293,0.00021,-0.00075,-0.00055,-0.00078,-0.00108,-0.00067
604.6300049,0.00023,-0.00071,-0.00055,-0.00077,-0.00108,-0.00065
604.9699707,0.00019,-0.00069,-0.00055,-0.00078,-0.00104,-0.00066
605.3200073,0.00022,-0.00069,-0.00055,-0.00078,-0.00102,-0.00065
605.6699829,0.00015,-0.00073,-0.00057,-0.00082,-0.00102,-0.00066
606.0200195,0.00013,-0.00076,-0.00056,-0.00081,-0.001,-0.00067
606.3699951,0.00017,-0.00075,-0.00048,-0.00081,-0.00095,-0.00066
606.7199707,0.00022,-0.00073,-0.00043,-0.00079,-0.00093,-0.00063
607.0700073,0.00019,-0.00071,-0.00037,-0.00074,-0.00086,-0.00058
607.4199829,0.0002,-0.00069,-0.00038,-0.00075,-0.00085,-0.00055
607.7600098,0.00014,-0.00074,-0.00039,-0.0008,-0.0009,-0.00061
608.1099854,0.00016,-0.0007,-0.00039,-0.00078,-0.00087,-0.00065
608.460022,0.00013,-0.00075,-0.00042,-0.00082,-0.00091,-0.00073
608.8099976,1.00E-04,-0.00074,-0.00048,-0.00084,-0.00092,-0.00074
609.1599731,6.00E-05,-0.00072,-0.0005,-0.00079,-0.00088,-0.00077
609.5100098,6.00E-05,-0.0007,-0.00054,-0.00078,-0.00089,-0.00079
609.8499756,7.00E-05,-0.00069,-0.00055,-0.00078,-0.00087,-0.00083
610.2000122,5.00E-05,-0.00069,-0.00055,-0.00077,-0.0009,-0.00079
610.5499878,6.00E-05,-0.00071,-0.00053,-0.00074,-0.00093,-0.00077
610.9000244,9.00E-05,-0.00063,-0.00047,-0.00067,-0.00089,-0.00066
611.25,1.00E-04,-0.00063,-0.00042,-0.00065,-0.00085,-0.00066
611.5900269,9.00E-05,-0.00065,-0.00044,-0.00072,-0.00093,-0.00068
611.9400024,9.00E-05,-0.00066,-0.00041,-0.00074,-0.00092,-0.0007
612.289978,1.00E-04,-0.0007,-0.00041,-0.00074,-0.00095,-0.0007
612.6400146,0.00014,-0.00069,-0.00039,-0.00074,-0.00091,-0.00069
612.9899902,0.00011,-0.00073,-0.0004,-0.00075,-0.0009,-0.00072
613.3300171,7.00E-05,-0.00078,-0.00044,-0.00076,-0.0009,-0.00076
613.6799927,9.00E-05,-0.00079,-0.00046,-0.00076,-0.00094,-0.00075
614.0300293,9.00E-05,-0.00076,-0.00043,-0.00074,-0.00089,-0.00071
614.3800049,2.00E-05,-0.00081,-0.00047,-0.00079,-0.00096,-0.00076
614.7199707,1.00E-05,-0.00081,-0.00043,-0.00082,-0.00095,-0.00076
615.0700073,0,-0.00082,-0.00045,-0.00081,-0.00093,-0.00078
615.4199829,2.00E-05,-0.0008,-0.00041,-0.0008,-0.00093,-0.00075
615.7700195,1.00E-05,-0.00074,-0.00038,-0.00082,-0.00095,-0.00071
616.1099854,-2.00E-05,-0.00075,-0.00035,-0.00086,-0.00095,-0.00074
616.460022,-4.00E-05,-0.00078,-0.00041,-0.00086,-0.00099,-0.00079
616.8099976,1.00E-05,-0.00075,-0.00041,-0.00082,-0.00096,-0.00075
617.1599731,2.00E-05,-0.00075,-0.00046,-0.00082,-0.00097,-0.00077
617.5,3.00E-05,-0.00074,-0.00043,-0.00082,-0.00097,-0.00075
617.8499756,1.00E-05,-0.00074,-0.00047,-0.00086,-0.001,-0.00075
618.2000122,5.00E-05,-0.00074,-0.00045,-0.00083,-0.00099,-0.00078
618.539978,-1.00E-05,-0.00074,-0.00048,-0.00079,-0.00099,-0.00078
618.8900146,0,-0.00075,-0.00042,-0.00078,-0.00096,-0.00073
619.2399902,-2.00E-05,-0.00072,-0.00042,-0.00074,-0.00094,-0.00075
619.5900269,-6.00E-05,-0.00072,-0.00043,-0.00075,-0.00095,-0.00075
619.9299927,-6.00E-05,-0.00071,-0.00047,-0.00075,-0.00096,-0.00075
620.2800293,-3.00E-05,-0.00073,-0.00044,-0.00075,-0.00096,-0.00077
620.6300049,-1.00E-05,-0.00075,-0.00043,-0.00075,-0.00098,-0.00075
620.9699707,4.00E-05,-0.00077,-0.00043,-0.00076,-0.00101,-0.00074
621.3200073,2.00E-05,-0.0008,-0.00047,-0.00074,-0.00102,-0.00075
621.6699829,4.00E-05,-0.00084,-0.00048,-0.00081,-0.00104,-0.00079
622.0100098,9.00E-05,-0.00081,-0.00044,-0.00075,-0.00098,-0.00076
622.3599854,0.00012,-0.00076,-0.00038,-0.00069,-0.00093,-0.00072
622.710022,0.00013,-0.00072,-0.00036,-0.00064,-0.00091,-0.00068
623.0499878,9.00E-05,-0.00071,-0.00037,-0.00069,-0.00088,-0.00071
623.4000244,0.00013,-0.00069,-0.00039,-0.00068,-0.00083,-0.00069
623.75,0.00014,-0.00066,-0.00037,-0.00071,-0.00082,-0.0007
624.0900269,0.00015,-0.00065,-0.00031,-0.00063,-0.00079,-0.00061
624.4400024,0.00012,-0.00064,-0.0003,-0.00066,-0.00084,-0.00061
624.789978,0.00014,-0.00066,-0.00029,-0.00069,-0.00086,-0.00061
625.1300049,0.00016,-0.00067,-0.00029,-0.00066,-0.00084,-0.00063
625.4799805,0.0002,-0.00065,-0.00025,-0.00063,-0.0008,-0.0006
625.8200073,0.00016,-0.00063,-0.00025,-0.00069,-0.00087,-0.00063
626.1699829,0.00017,-0.00067,-0.00024,-0.00071,-0.00091,-0.00066
626.5200195,0.00013,-0.00066,-0.0003,-0.00079,-0.00094,-0.0007
626.8599854,0.00012,-0.00065,-0.00034,-0.00082,-0.00095,-0.00069
627.210022,0.00012,-0.00067,-0.00039,-0.00082,-0.00098,-0.00076
627.5499878,1.00E-05,-0.00073,-0.00044,-0.00091,-0.00106,-0.00083
627.9000244,-4.00E-05,-0.00078,-0.00055,-0.00096,-0.00111,-0.00089
628.25,-5.00E-05,-0.00078,-0.0005,-0.0009,-0.00104,-0.00087
628.5900269,-4.00E-05,-0.00073,-0.0005,-0.00086,-0.00103,-0.00084
628.9400024,-1.00E-05,-0.00072,-0.00047,-0.00082,-0.00099,-0.00087
629.2800293,-6.00E-05,-0.00077,-0.00048,-0.00085,-0.00102,-0.00088
629.6300049,-0.00014,-0.00077,-0.0005,-0.0009,-0.00104,-0.00088
629.9799805,-0.00011,-0.00077,-0.00055,-0.00088,-0.00107,-0.00089
630.3200073,-9.00E-05,-0.00075,-0.00053,-0.00088,-0.00105,-0.00084
630.6699829,-9.00E-05,-0.00077,-0.00058,-0.0009,-0.00107,-0.00087
631.0100098,-7.00E-05,-0.00079,-0.00059,-0.00091,-0.00101,-0.00085
631.3599854,-9.00E-05,-0.00077,-0.00059,-0.00091,-0.00102,-0.00081
631.7000122,-4.00E-05,-0.00075,-0.00056,-0.0009,-0.00099,-0.00081
632.0499878,-2.00E-05,-0.00075,-0.00056,-0.0009,-0.00098,-0.0008
632.3900146,-4.00E-05,-0.00077,-0.00051,-0.0009,-0.00095,-0.00082
632.7399902,-9.00E-05,-0.00081,-0.00053,-0.0009,-0.00097,-0.00086
633.0900269,-8.00E-05,-0.00076,-0.0005,-0.00091,-0.00097,-0.00084
633.4299927,-0.00011,-0.00077,-0.00049,-0.00094,-0.001,-0.00085
633.7800293,-0.00014,-0.00082,-0.00053,-0.00102,-0.00106,-0.00089
634.1199951,-0.00015,-0.0008,-0.00049,-0.00097,-0.00103,-0.00091
634.4699707,-0.00014,-0.00081,-0.00044,-0.00091,-0.00099,-0.00089
634.8099976,-9.00E-05,-0.00077,-0.00041,-0.00086,-0.00099,-0.00083
635.1599731,-6.00E-05,-0.00076,-0.0004,-0.00084,-0.00102,-0.00082
635.5,-3.00E-05,-0.00077,-0.00035,-0.00079,-0.00103,-0.00083
635.8499756,-3.00E-05,-0.00072,-0.00037,-0.00073,-0.00103,-0.00086
636.1900024,2.00E-05,-0.00069,-0.00034,-0.00066,-0.00098,-0.00082
636.539978,2.00E-05,-0.0007,-0.00037,-0.00067,-0.001,-0.00081
636.8800049,-1.00E-05,-0.00073,-0.00043,-0.00075,-0.00103,-0.00087
637.2299805,-7.00E-05,-0.00075,-0.00049,-0.0008,-0.00107,-0.00089
637.5700073,-4.00E-05,-0.00073,-0.00045,-0.00077,-0.00101,-0.00084
637.9199829,-8.00E-05,-0.00075,-0.00054,-0.00081,-0.00103,-0.00087
638.2600098,-7.00E-05,-0.00078,-0.00053,-0.00086,-0.00103,-0.00086
638.5999756,-0.00011,-0.00081,-0.00054,-0.00091,-0.00106,-0.0009
638.9500122,-0.00013,-0.00082,-0.00058,-0.00093,-0.0011,-0.00092
639.289978,-1.00E-04,-0.00077,-0.00057,-0.00088,-0.00109,-0.00089
639.6400146,-6.00E-05,-0.00077,-0.0005,-0.00085,-0.00104,-0.00087
639.9799805,-7.00E-05,-0.00077,-0.00056,-0.00089,-0.00109,-0.00092
640.3300171,-9.00E-05,-0.00081,-0.00055,-0.00091,-0.0011,-0.00094
640.6699829,-0.00016,-0.00081,-0.00058,-0.00091,-0.0011,-0.00098
641.0200195,-0.00013,-0.00078,-0.00053,-0.00083,-0.00106,-0.00089
641.3599854,-9.00E-05,-0.00078,-0.0005,-0.0008,-0.00107,-0.00087
641.7000122,-6.00E-05,-0.0008,-0.00047,-0.00079,-0.00107,-0.00086
642.0499878,-0.00012,-0.00076,-0.00047,-0.00082,-0.00109,-0.00089
642.3900146,-0.00014,-0.00077,-0.00047,-0.00083,-0.00108,-0.00089
642.7399902,-0.00015,-0.00073,-0.00044,-0.00085,-0.00103,-0.00088
643.0800171,-0.00012,-0.00077,-0.00042,-0.00085,-0.00109,-0.00088
643.4299927,-0.00014,-0.00078,-0.00043,-0.00088,-0.00115,-0.00093
643.7700195,-0.00018,-0.0008,-0.00045,-0.0009,-0.00113,-0.00094
644.1099854,-0.00019,-0.00079,-0.00044,-0.00092,-0.00112,-0.00094
644.460022,-9.00E-05,-0.00078,-0.00041,-0.00091,-0.00105,-0.00088
644.7999878,-0.00012,-0.00076,-0.00038,-0.00092,-0.00103,-0.00088
645.1400146,-0.00012,-0.00076,-0.00038,-0.0009,-0.00105,-0.00087
645.4899902,-6.00E-05,-0.00072,-0.00035,-0.00088,-0.00101,-0.00085
645.8300171,-5.00E-05,-0.00072,-0.00038,-0.00086,-0.00096,-0.00087
646.1799927,-1.00E-05,-0.0007,-0.00038,-0.00086,-0.00094,-0.00084
646.5200195,-4.00E-05,-0.00071,-0.00042,-0.00088,-0.00095,-0.00088
646.8599854,-0.00011,-0.00076,-0.0005,-0.00092,-0.001,-0.00095
647.210022,-8.00E-05,-0.0008,-0.00056,-0.00089,-0.00103,-0.00094
647.5499878,-5.00E-05,-0.00079,-0.00054,-0.00087,-0.00101,-0.00087
647.8900146,-0.00013,-0.00088,-0.0006,-0.00092,-0.00108,-0.0009
648.2399902,-0.00019,-0.00094,-0.00065,-0.00097,-0.00113,-0.00096
648.5800171,-0.00018,-0.00098,-0.00065,-0.00099,-0.00116,-0.00098
648.9199829,-0.00018,-0.00101,-0.00067,-0.00101,-0.00122,-0.00098
649.2700195,-0.0002,-0.00105,-0.00067,-0.001,-0.00126,-0.00097
649.6099854,-0.00019,-0.00105,-0.00066,-0.00106,-0.00127,-0.00097
649.9500122,-0.00022,-0.00109,-0.00067,-0.00108,-0.00128,-0.001
650.2999878,-0.0002,-0.00102,-0.00064,-0.00105,-0.00123,-0.00101
650.6400146,-0.00017,-0.00098,-0.00062,-0.00103,-0.00123,-0.001
650.9799805,-0.00017,-0.00098,-0.00061,-0.00101,-0.00122,-0.001
651.3300171,-0.00023,-0.00099,-0.00063,-0.00099,-0.00124,-0.00101
651.6699829,-0.00019,-0.00093,-0.00058,-0.00094,-0.00121,-0.001
652.0100098,-0.00022,-0.00092,-0.00054,-0.00085,-0.00121,-0.00097
652.3599854,-0.00014,-0.00083,-0.00048,-0.00079,-0.00119,-0.00095
652.7000122,-8.00E-05,-0.00082,-0.00043,-0.00078,-0.00111,-0.0009
653.039978,-8.00E-05,-0.0008,-0.00045,-0.0008,-0.00111,-0.00087
653.3800049,-1.00E-04,-0.00076,-0.00044,-0.0008,-0.00106,-0.00083
653.7299805,-1.00E-05,-0.00067,-0.00038,-0.00077,-0.00097,-0.0008
654.0700073,-7.00E-05,-0.00069,-0.00041,-0.00082,-0.00098,-0.00081
654.4099731,-7.00E-05,-0.00071,-0.00039,-0.00086,-0.00098,-0.00085
654.75,-0.00015,-0.00079,-0.00051,-0.00095,-0.00103,-0.00092
655.0999756,-0.00024,-0.00082,-0.00059,-0.00098,-0.00112,-0.00094
655.4400024,-0.00026,-0.00083,-0.00055,-0.00096,-0.00114,-0.00093
655.7800293,-0.00022,-0.00085,-0.00054,-0.00095,-0.0012,-0.00097
656.1199951,-0.00022,-0.00086,-0.00055,-0.00089,-0.00121,-0.00097
656.4699707,-0.00018,-0.00087,-0.00059,-0.00089,-0.0012,-0.00098
656.8099976,-1.00E-04,-0.00085,-0.00058,-0.00086,-0.00119,-0.00094
657.1500244,-7.00E-05,-0.00084,-0.00053,-0.00081,-0.00119,-0.00094
657.4899902,-4.00E-05,-0.00082,-0.00048,-0.0008,-0.00118,-0.00094
657.8400269,-4.00E-05,-0.00084,-0.00054,-0.00081,-0.00116,-0.00092
658.1799927,-5.00E-05,-0.00084,-0.00053,-0.00081,-0.00107,-0.00092
658.5200195,-7.00E-05,-0.00089,-0.00052,-0.00086,-0.00115,-0.00096
658.8599854,-9.00E-05,-0.00089,-0.00046,-0.00083,-0.00114,-0.00093
659.2000122,-0.00017,-0.0009,-0.00052,-0.00084,-0.00114,-0.00097
659.5499878,-0.0002,-0.00089,-0.00053,-0.00086,-0.00114,-0.00093
659.8900146,-0.00019,-0.0009,-0.00055,-0.00085,-0.00112,-0.00093
660.2299805,-1.00E-04,-0.00082,-0.00051,-0.00082,-0.00107,-0.00091
660.5700073,-0.00018,-0.00081,-0.00053,-0.00081,-0.0011,-0.00094
660.9099731,-0.00017,-0.00079,-0.00055,-0.00083,-0.00106,-0.00093
661.2600098,-0.00015,-0.00077,-0.00053,-0.00082,-0.00102,-0.00092
661.5999756,-0.00017,-0.00078,-0.00049,-0.00083,-0.00102,-0.00089
661.9400024,-0.00018,-0.00076,-0.00048,-0.00083,-0.00104,-0.00086
662.2800293,-0.00017,-0.0008,-0.00048,-0.00081,-0.00106,-0.00088
662.6199951,-0.00025,-0.00088,-0.00048,-0.00085,-0.00113,-0.00093
662.960022,-0.00018,-0.00087,-0.00043,-0.00084,-0.00114,-0.00089
663.3099976,-0.00022,-0.0009,-0.00043,-0.00088,-0.00115,-0.00089
663.6500244,-0.00026,-0.00091,-0.00042,-0.00088,-0.0012,-0.0009
663.9899902,-0.00019,-0.00092,-0.00046,-0.00087,-0.00116,-0.0009
664.3300171,-1.00E-04,-0.00088,-0.00039,-0.0008,-0.00109,-0.00086
664.6699829,-0.00014,-0.00089,-0.00044,-0.00085,-0.00109,-0.00084
665.0100098,-0.00015,-0.00084,-0.00041,-0.00084,-0.00109,-0.00082
665.3499756,-0.00013,-0.00086,-0.00043,-0.00084,-0.00105,-0.00081
665.6900024,-9.00E-05,-0.0008,-0.00038,-0.00077,-0.001,-0.00078
666.039978,-9.00E-05,-0.00084,-0.00041,-0.00083,-0.00099,-0.00079
666.3800049,-0.00012,-0.00081,-0.00042,-0.00088,-0.00103,-0.00087
666.7199707,-0.0002,-0.00086,-0.00046,-0.00089,-0.00108,-0.00095
667.0599976,-0.00016,-0.00079,-0.00039,-0.00087,-0.00108,-0.00095
667.4000244,-0.00016,-0.00081,-0.00044,-0.00085,-0.00109,-0.00095
667.7399902,-0.00021,-0.0008,-0.00045,-0.0009,-0.00109,-0.00097
668.0800171,-0.00025,-0.00081,-0.00044,-0.00091,-0.00112,-0.00096
668.4199829,-0.00021,-0.00071,-0.00037,-0.00085,-0.00109,-0.00088
668.7600098,-0.00022,-0.00073,-0.00031,-0.00079,-0.00109,-0.00088
669.0999756,-0.00018,-0.00072,-0.00029,-0.0008,-0.0011,-0.00084
669.4400024,-0.00015,-0.00074,-0.00029,-0.00074,-0.00104,-0.00082
669.789978,-0.00011,-0.00073,-0.00025,-0.00078,-0.00098,-0.00083
670.1300049,-0.00016,-0.00077,-0.00027,-0.00078,-0.00104,-0.00091
670.4699707,-0.00018,-0.00086,-0.00035,-0.00078,-0.00105,-0.00092
670.8099976,-0.0002,-0.00096,-0.00041,-0.00081,-0.00112,-0.00102
671.1500244,-0.00022,-0.00093,-0.00049,-0.00086,-0.00112,-0.00097
671.4899902,-0.00026,-0.00093,-0.00054,-0.00089,-0.00112,-0.00105
671.8300171,-0.00031,-0.00095,-0.00053,-0.0009,-0.00115,-0.00107
672.1699829,-0.00033,-0.00099,-0.00053,-0.00085,-0.00115,-0.00108
672.5100098,-0.00034,-0.00103,-0.00057,-0.00088,-0.00119,-0.00106
672.8499756,-0.00036,-0.001,-0.00053,-0.00099,-0.00124,-0.00114
673.1900024,-0.00036,-0.00095,-0.00048,-0.00096,-0.00122,-0.00111
673.5300293,-0.00033,-0.00096,-0.0004,-0.00087,-0.00121,-0.00112
673.8699951,-0.0003,-0.00094,-0.0003,-0.00082,-0.00118,-0.00104
674.210022,-0.00038,-0.00096,-0.00033,-0.00085,-0.00119,-0.00109
674.5499878,-0.00037,-0.00085,-0.0003,-0.00078,-0.00121,-0.00106
674.8900146,-0.00034,-0.00081,-0.00025,-0.00072,-0.00117,-0.00103
675.2299805,-0.00029,-0.00078,-0.00021,-0.0006,-0.0011,-0.00094
675.5700073,-0.00028,-0.00078,-0.00024,-0.00061,-0.00107,-0.00094
675.9099731,-0.00028,-0.00081,-0.00023,-0.00067,-0.00112,-0.00093
676.25,-0.00038,-0.00089,-0.00034,-0.00073,-0.00123,-0.00101
676.5900269,-0.00034,-0.00088,-0.00032,-0.00074,-0.00128,-0.00098
676.9299927,-0.00032,-0.00098,-0.00032,-0.00085,-0.00133,-0.00104
677.2700195,-0.00035,-0.00101,-0.00033,-0.0009,-0.00141,-0.00107
677.6099854,-0.00034,-0.00104,-0.00031,-0.00087,-0.00143,-0.00108
677.9500122,-0.00032,-0.00105,-0.0003,-0.00087,-0.00144,-0.00111
678.289978,-0.00031,-0.00105,-0.00031,-0.00089,-0.00142,-0.00109
678.6300049,-0.00021,-0.00099,-0.00026,-0.00087,-0.00133,-0.00104
678.9699707,-0.00023,-0.001,-0.00031,-0.00087,-0.00137,-0.00109
679.3099976,-0.00027,-0.00097,-0.00032,-0.00085,-0.00138,-0.00103
679.6500244,-0.00019,-0.00089,-0.00026,-0.00078,-0.00127,-0.00094
679.9799805,-0.0002,-0.00081,-0.0003,-0.00081,-0.00126,-0.00091
680.3200073,-0.00023,-0.00077,-0.0003,-0.00083,-0.00128,-0.0009
680.6599731,-0.00025,-0.00078,-0.0003,-0.00084,-0.00131,-0.00093
681,-0.00026,-0.00079,-0.00026,-0.00084,-0.00132,-0.00096
681.3400269,-0.00022,-0.00073,-0.00015,-0.0008,-0.00126,-0.00086
681.6799927,-0.00025,-0.00076,-9.00E-05,-0.00079,-0.00122,-0.00092
682.0200195,-0.00025,-0.0008,-1.00E-04,-0.00078,-0.00124,-0.00099
682.3599854,-0.00026,-0.00085,-2.00E-05,-0.00078,-0.00129,-0.001
682.7000122,-0.00025,-0.0009,1.00E-05,-0.00078,-0.00134,-0.00103
683.039978,-0.00026,-0.00085,3.00E-05,-0.00075,-0.00129,-0.00103
683.3800049,-0.00026,-0.00085,4.00E-05,-0.00072,-0.00131,-0.00102
683.710022,-0.00025,-0.00088,4.00E-05,-0.00071,-0.0013,-0.00109
684.0499878,-0.00027,-0.00087,2.00E-05,-0.00073,-0.00136,-0.00107
684.3900146,-0.00038,-0.00089,-2.00E-05,-0.00083,-0.00144,-0.00113
684.7299805,-0.00044,-0.0009,-7.00E-05,-0.00088,-0.00146,-0.00114
685.0700073,-0.00045,-0.00086,-8.00E-05,-0.00084,-0.00139,-0.00106
685.4099731,-0.00041,-0.00086,-3.00E-05,-0.00083,-0.00138,-0.00107
685.75,-0.00042,-0.00086,-7.00E-05,-0.00088,-0.00139,-0.00111
686.0900269,-0.00044,-0.00086,-5.00E-05,-0.0009,-0.00141,-0.00111
686.4199829,-0.0004,-0.00082,-7.00E-05,-0.00088,-0.00136,-0.00111
686.7600098,-0.00036,-0.00083,-9.00E-05,-0.00087,-0.00134,-0.00107
687.0999756,-0.00036,-0.0008,-7.00E-05,-0.00083,-0.00134,-0.00108
687.4400024,-0.00039,-0.00087,-0.00012,-0.00093,-0.00141,-0.00115
687.7800293,-0.00043,-0.0009,-0.00015,-0.00096,-0.00143,-0.00111
688.1199951,-0.00044,-0.00089,-0.00012,-0.00099,-0.00147,-0.00108
688.4500122,-0.00043,-0.00093,-0.00015,-0.00102,-0.00153,-0.00112
688.789978,-0.00042,-0.00092,-0.00014,-0.00101,-0.00149,-0.00108
689.1300049,-0.00036,-0.00094,-5.00E-05,-0.00094,-0.00144,-0.00104
689.4699707,-0.0003,-0.00095,-4.00E-05,-0.00095,-0.00147,-0.00103
689.8099976,-0.00028,-0.00087,3.00E-05,-0.00091,-0.00143,-0.00101
690.1400146,-0.00023,-0.00086,8.00E-05,-0.00085,-0.00146,-0.001
690.4799805,-0.00024,-0.00088,6.00E-05,-0.00083,-0.00143,-0.00104
690.8200073,-0.00023,-0.00084,8.00E-05,-0.00079,-0.00134,-0.00099
691.1599731,-0.00023,-0.00085,0.00023,-0.00074,-0.00138,-0.00096
691.5,-0.00026,-0.0008,0.00029,-0.00072,-0.00134,-0.001
691.8300171,-0.00028,-0.00077,0.00033,-0.00066,-0.00132,-0.00102
692.1699829,-0.00028,-0.00082,0.00032,-0.00063,-0.00131,-0.00104
692.5100098,-0.00034,-0.00082,0.00032,-0.00063,-0.00134,-0.00112
692.8499756,-0.00036,-0.00082,0.00035,-0.00064,-0.00138,-0.00112
693.1799927,-0.00038,-0.00084,0.00036,-0.00065,-0.00142,-0.00113
693.5200195,-0.0004,-0.0009,0.0003,-0.00067,-0.00148,-0.00118
693.8599854,-0.00045,-0.00094,0.00025,-0.00073,-0.00157,-0.0012
694.2000122,-0.00046,-0.00095,0.00029,-0.0008,-0.00153,-0.00123
694.5300293,-0.00052,-0.00093,0.00033,-0.00081,-0.00155,-0.00124
694.8699951,-0.00052,-0.00096,0.00036,-0.00086,-0.00155,-0.00121
695.210022,-0.00051,-0.00088,0.00037,-0.00082,-0.00149,-0.00114
695.5499878,-0.00052,-0.0008,0.00046,-0.00079,-0.0015,-0.00109
695.8800049,-0.00047,-0.00075,0.00044,-0.00084,-0.00146,-0.00106
696.2199707,-0.0004,-0.00069,0.0005,-0.00078,-0.00141,-0.00101
696.5599976,-0.00041,-0.00069,0.00045,-0.00081,-0.00148,-0.00097
696.9000244,-0.00034,-0.00068,0.00051,-0.00084,-0.00152,-0.00096
697.2299805,-0.00028,-0.00056,0.00059,-0.00073,-0.00139,-0.00088
697.5700073,-0.00029,-0.00067,0.00068,-0.00071,-0.00137,-0.00088
697.9099731,-0.00024,-0.00073,0.0007,-0.00076,-0.00136,-0.00095
698.2399902,-0.0003,-0.00073,0.0008,-0.00069,-0.00134,-0.00096
698.5800171,-0.00037,-0.00075,0.0008,-0.00075,-0.00144,-0.00103
698.9199829,-0.00039,-0.00075,0.00088,-0.00067,-0.00137,-0.00094
699.25,-0.00042,-0.00079,0.00088,-0.00062,-0.00137,-0.00089
699.5900269,-0.00047,-0.00089,0.00087,-0.0007,-0.00148,-0.00093
699.9299927,-0.00047,-0.00079,0.00092,-0.00066,-0.0015,-0.00094
700.2600098,-0.00046,-0.0007,0.00094,-0.00057,-0.00147,-0.00081
700.5999756,-0.00038,-0.00075,0.00091,-0.00057,-0.00148,-0.00078
700.9400024,-0.00031,-0.00069,0.00094,-0.00045,-0.0014,-0.0007
701.2700195,-0.00026,-0.00068,0.00092,-0.00046,-0.00146,-0.00078
701.6099854,-0.00026,-0.00067,0.00094,-0.00049,-0.00148,-0.00082
701.9500122,-0.00023,-0.00069,0.00094,-0.0005,-0.00152,-0.00086
702.2800293,-0.00017,-0.00076,0.00098,-0.00048,-0.00158,-0.00083
702.6199951,-0.00016,-0.00084,0.00101,-0.00046,-0.00158,-0.00091
702.960022,-0.00022,-0.00078,0.00103,-0.0005,-0.00162,-0.00097
703.289978,-0.0002,-0.00076,0.00105,-0.00051,-0.00156,-0.00093
703.6300049,-0.00025,-0.0008,0.00105,-0.00055,-0.00156,-0.00096
703.960022,-0.00027,-0.00073,0.00107,-0.00056,-0.0015,-0.00097
704.2999878,-0.0003,-0.00063,0.00113,-0.00049,-0.00147,-0.00092
704.6400146,-0.00039,-0.0006,0.00112,-0.00059,-0.00149,-0.001
704.9699707,-0.00042,-0.00053,0.00112,-0.00059,-0.00151,-0.00094
705.3099976,-0.00041,-0.00052,0.00123,-0.00056,-0.00142,-0.00088
705.6400146,-0.00046,-0.00056,0.00126,-0.00057,-0.0015,-0.00095
705.9799805,-0.00043,-0.00048,0.00137,-0.00052,-0.00142,-0.00089
706.3200073,-0.00038,-0.00051,0.00143,-0.00049,-0.00142,-0.00089
706.6500244,-0.00034,-0.00054,0.00146,-0.00057,-0.00136,-0.00098
706.9899902,-0.00024,-0.0005,0.00146,-0.00052,-0.00134,-0.00098
707.3200073,-0.0003,-0.00052,0.0015,-0.00055,-0.00133,-0.00106
707.6599731,-0.00024,-0.00047,0.00148,-0.00051,-0.00138,-0.00106
707.9899902,-0.00018,-0.00044,0.00156,-0.00049,-0.00132,-0.00101
708.3300171,-0.00017,-0.00048,0.00157,-0.00045,-0.00137,-0.00106
708.6699829,-0.00021,-0.00049,0.00167,-0.00044,-0.0014,-0.00105
709,-0.00019,-0.0005,0.00174,-0.00035,-0.0014,-0.00096
709.3400269,-0.00022,-0.00047,0.00178,-0.00032,-0.00142,-0.00084
709.6699829,-0.0002,-0.00052,0.00182,-0.00033,-0.00139,-0.00078
710.0100098,-0.0002,-0.00053,0.00186,-0.00036,-0.00143,-0.00078
710.3400269,-0.00027,-0.00058,0.00183,-0.00044,-0.00152,-0.00085
710.6799927,-0.00033,-0.00057,0.00185,-0.00053,-0.00162,-0.00085
711.0100098,-0.00037,-0.00057,0.00174,-0.00056,-0.00165,-0.00092
711.3499756,-0.00041,-0.00054,0.00177,-0.00061,-0.00172,-0.00097
711.6799927,-0.00044,-0.00057,0.00179,-0.00061,-0.0017,-0.00104
712.0200195,-0.00043,-0.00048,0.00183,-0.00063,-0.00171,-0.001
712.3499756,-0.00047,-0.00047,0.0019,-0.00052,-0.00168,-0.00099
712.6900024,-0.00046,-0.00049,0.00192,-0.0005,-0.00169,-0.00101
713.0200195,-0.00043,-0.00047,0.00199,-0.00044,-0.00162,-0.00093
713.3599854,-0.00037,-0.00047,0.00208,-0.00038,-0.00157,-0.0008
713.6900024,-0.00044,-0.00059,0.002,-0.00036,-0.00163,-0.00089
714.0300293,-0.0004,-0.00056,0.00203,-0.00032,-0.00162,-0.00087
714.3599854,-0.0004,-0.00057,0.00204,-0.00033,-0.00164,-0.00096
714.7000122,-0.00038,-0.00054,0.00201,-0.00037,-0.00165,-0.00098
715.0300293,-0.00034,-0.00045,0.00206,-0.00038,-0.00166,-0.00095
715.3699951,-0.00035,-0.00045,0.00203,-0.00038,-0.00168,-0.00103
715.7000122,-0.0003,-0.00034,0.0021,-0.00031,-0.00168,-0.00098
716.039978,-0.00025,-0.00024,0.00217,-0.00028,-0.00163,-0.0009
716.3699951,-0.00023,-0.00022,0.00227,-0.0003,-0.00164,-0.00091
716.7000122,-0.00018,-0.00019,0.00229,-0.00023,-0.00168,-0.00087
717.039978,-0.00018,-0.00014,0.0024,-0.00022,-0.00161,-0.00085
717.3699951,-0.00024,-0.00012,0.0024,-0.00022,-0.00161,-0.00086
717.710022,-0.00018,-8.00E-05,0.00248,-0.00024,-0.00163,-0.00088
718.039978,-0.00025,-0.00017,0.00246,-0.00035,-0.00168,-0.00096
718.3800049,-0.00022,-0.00021,0.00247,-0.00037,-0.0018,-0.00098
718.710022,-0.0003,-0.00023,0.0024,-0.00045,-0.00184,-0.001
719.039978,-0.00038,-0.00028,0.00237,-0.00053,-0.00191,-0.00104
719.3800049,-0.00041,-0.00031,0.00245,-0.00057,-0.00194,-0.00101
719.710022,-0.00034,-0.00039,0.00254,-0.00054,-0.00193,-0.00101
720.0499878,-0.00039,-0.00033,0.00266,-0.00041,-0.00191,-0.00095
720.3800049,-0.00034,-0.00021,0.00275,-0.00029,-0.0018,-0.00093
720.710022,-0.00033,-0.00011,0.00284,-0.00025,-0.00163,-0.00082
721.0499878,-0.00025,-6.00E-05,0.00296,-0.00013,-0.00157,-0.00081
721.3800049,-0.00019,-4.00E-05,0.003,-0.00012,-0.00151,-0.00081
721.7199707,-1.00E-04,-4.00E-05,0.003,-9.00E-05,-0.00153,-0.00079
722.0499878,-5.00E-05,9.00E-05,0.00303,-5.00E-05,-0.00142,-0.00071
722.3800049,4.00E-05,9.00E-05,0.00302,-7.00E-05,-0.00136,-0.00071
722.7199707,7.00E-05,4.00E-05,0.0031,-4.00E-05,-0.00139,-0.00069
723.0499878,7.00E-05,6.00E-05,0.0032,-1.00E-05,-0.00141,-0.00076
723.3800049,5.00E-05,4.00E-05,0.00321,-1.00E-05,-0.00142,-0.00074
723.7199707,4.00E-05,0.00013,0.00328,7.00E-05,-0.00139,-0.00077
724.0499878,-8.00E-05,0.00011,0.00318,4.00E-05,-0.00148,-0.00092
724.3800049,-0.00017,6.00E-05,0.0032,4.00E-05,-0.00152,-0.00096
724.7199707,-0.0002,6.00E-05,0.00323,6.00E-05,-0.00159,-0.00094
725.0499878,-0.00019,8.00E-05,0.00322,-3.00E-05,-0.00164,-0.00096
725.3800049,-0.00023,6.00E-05,0.00319,-4.00E-05,-0.00168,-0.00097
725.7199707,-0.0002,0.00015,0.00327,0,-0.00168,-0.00091
726.0499878,-0.00026,1.00E-04,0.00335,-6.00E-05,-0.0017,-0.00083
726.3800049,-0.00023,6.00E-05,0.00346,-2.00E-05,-0.00162,-0.00073
726.7199707,-0.00023,9.00E-05,0.00347,-3.00E-05,-0.00172,-0.00068
727.0499878,-0.00033,5.00E-05,0.00355,-0.00013,-0.00173,-0.00079
727.3800049,-0.00041,2.00E-05,0.00356,-0.00015,-0.00175,-0.00085
727.710022,-0.00039,7.00E-05,0.00359,-0.00014,-0.00175,-0.00077
728.0499878,-0.00042,7.00E-05,0.00366,-0.00014,-0.00172,-0.00078
728.3800049,-0.00041,8.00E-05,0.00365,-0.00016,-0.0017,-0.00081
728.710022,-0.00039,6.00E-05,0.00368,-0.00025,-0.00173,-0.00092
729.0499878,-0.00039,0.00013,0.0038,-0.00022,-0.00169,-0.00092
729.3800049,-0.00025,0.00023,0.00381,-0.00016,-0.00166,-0.00079
729.710022,-0.00022,0.00023,0.00384,-0.00014,-0.00157,-0.00077
730.039978,-0.00018,0.00022,0.00383,-0.00015,-0.00157,-0.00079
730.3800049,-0.00021,0.00016,0.0037,-0.00026,-0.00175,-0.00094
730.710022,-0.00023,0.00019,0.00373,-0.00023,-0.00179,-0.00094
731.039978,-0.00023,0.00029,0.00373,-8.00E-05,-0.00182,-0.00092
731.3699951,-0.00021,0.00022,0.00368,-8.00E-05,-0.00182,-0.00093
731.710022,-0.00034,0.00011,0.00363,-0.00016,-0.00192,-0.00102
732.039978,-0.00038,0.0002,0.00365,-9.00E-05,-0.00196,-0.00103
732.3699951,-0.00033,0.00026,0.00379,-2.00E-05,-0.0019,-0.00098
732.7000122,-0.00028,0.00044,0.00399,0.0002,-0.00176,-0.00089
733.039978,-0.00025,0.00043,0.00404,0.0003,-0.0018,-0.0009
733.3699951,-0.00026,0.00047,0.0041,0.00021,-0.00182,-0.00079
733.7000122,-0.00034,0.00043,0.00406,0.00017,-0.00191,-0.00089
734.0300293,-0.00017,0.00057,0.00419,0.00029,-0.0018,-0.00078
734.3599854,-0.00017,0.00055,0.00417,0.00027,-0.00182,-0.00079
734.7000122,-0.00033,0.0005,0.00407,0.00021,-0.00191,-0.00082
735.0300293,-0.0004,0.00038,0.0041,6.00E-05,-0.00192,-0.00079
735.3599854,-0.00032,0.00043,0.00416,4.00E-05,-0.00184,-0.00077
735.6900024,-0.0003,0.00033,0.00428,4.00E-05,-0.0018,-0.00086
736.0200195,-1.00E-04,0.00051,0.00451,9.00E-05,-0.00166,-0.0007
736.3499756,-7.00E-05,0.00048,0.00457,1.00E-04,-0.00166,-0.00068
736.6900024,-3.00E-05,0.00048,0.00468,2.00E-05,-0.00173,-0.00058
737.0200195,2.00E-05,0.0005,0.00476,-3.00E-05,-0.00172,-0.00069
737.3499756,-5.00E-05,0.00046,0.00467,-3.00E-05,-0.00176,-0.00075
737.6799927,-9.00E-05,0.00043,0.00466,-8.00E-05,-0.00177,-0.00077
738.0100098,-0.00011,0.00059,0.00467,2.00E-05,-0.00175,-0.00068
738.3400269,-0.00021,0.00056,0.00463,8.00E-05,-0.00176,-0.00072
738.6799927,-0.00033,0.0006,0.00461,7.00E-05,-0.00184,-0.0007
739.0100098,-0.0003,0.0006,0.00471,0.00015,-0.00176,-0.00073
739.3400269,-0.00027,0.00061,0.00474,0.00024,-0.00171,-0.00059
739.6699829,-0.00016,0.00068,0.00486,0.00025,-0.00166,-0.00052
740,-0.00025,0.00065,0.0049,0.00021,-0.00175,-0.00052
740.3300171,-0.00018,0.00069,0.00502,0.00027,-0.00173,-0.00048
740.6599731,-0.00015,0.00071,0.00508,0.00025,-0.00174,-0.00053
740.9899902,-0.00017,0.00066,0.00501,0.00013,-0.00168,-0.00057
741.3200073,-0.00021,0.00079,0.00497,0.00014,-0.00164,-0.00055
741.6599731,-0.0002,0.00084,0.00506,0.00012,-0.00167,-0.00052
741.9899902,-0.00028,0.00081,0.00499,9.00E-05,-0.00171,-0.00059
742.3200073,-0.00027,0.00087,0.00498,5.00E-05,-0.0017,-0.00062
742.6500244,-0.00023,0.00085,0.00492,-6.00E-05,-0.0017,-0.00065
742.9799805,-0.00034,0.00078,0.00484,-0.00017,-0.00176,-0.00063
743.3099976,-0.00041,0.0008,0.00493,-8.00E-05,-0.00178,-0.00071
743.6400146,-0.00044,0.00072,0.0049,-0.00013,-0.0018,-0.00079
743.9699707,-0.00052,0.00062,0.00484,-0.00023,-0.00183,-0.00088
744.2999878,-0.0005,0.00066,0.00494,-0.00017,-0.00182,-0.0008
744.6300049,-0.0006,0.00056,0.00494,-0.00025,-0.00181,-0.00081
744.960022,-0.00071,0.00053,0.00497,-0.00029,-0.00182,-0.00085
745.289978,-0.00066,0.00048,0.00494,-0.00031,-0.00182,-0.0009
745.6199951,-0.00066,0.00041,0.00493,-0.00048,-0.00188,-0.00094
745.9500122,-0.00061,0.00044,0.00503,-0.00043,-0.00193,-0.00089
746.2800293,-0.00056,0.00053,0.00511,-0.00039,-0.00188,-0.00089
746.6099854,-0.00048,0.00058,0.00518,-0.00049,-0.00187,-0.0009
746.9400024,-0.00026,0.00071,0.00532,-0.00034,-0.00179,-0.00079
747.2800293,-0.00029,0.00065,0.00529,-0.00036,-0.00181,-0.00083
747.6099854,-0.00026,0.0008,0.00549,-0.00034,-0.00177,-0.00085
747.9400024,-0.00027,0.00089,0.00557,-0.00027,-0.00178,-0.00079
748.2700195,-0.00033,0.00092,0.00558,-0.00032,-0.00176,-0.00084
748.5999756,-0.0003,0.00097,0.00564,-0.00028,-0.00184,-0.00086
748.9299927,-0.00032,0.00097,0.00569,-0.00021,-0.0018,-0.00079
749.2600098,-0.00046,0.00091,0.00565,-0.00028,-0.00191,-0.00088
749.5800171,-0.00043,0.00104,0.00574,-0.00025,-0.00187,-0.0008
749.9099731,-0.00036,0.00109,0.00567,-0.00013,-0.00182,-0.0007
750.2399902,-0.00026,0.00118,0.0057,-7.00E-05,-0.00172,-0.00068
750.5700073,-0.00029,0.00108,0.00568,-8.00E-05,-0.00173,-0.00065
750.9000244,-0.00031,0.001,0.00564,-0.00015,-0.00162,-0.00054
751.2299805,-0.00033,0.00099,0.00566,-0.00013,-0.00167,-0.00071
751.5599976,-0.00027,0.00104,0.00561,1.00E-05,-0.00172,-0.0007
751.8900146,-0.00031,0.00101,0.00567,-4.00E-05,-0.00174,-0.00072
752.2199707,-0.00035,0.00098,0.00566,0,-0.00178,-0.00074
752.5499878,-0.00034,0.00088,0.00569,5.00E-05,-0.00181,-0.00063
752.8800049,-0.00028,0.00102,0.0058,2.00E-05,-0.00177,-0.00066
753.210022,-0.00026,0.00105,0.00576,1.00E-04,-0.00186,-0.00067
753.539978,-0.00031,0.00101,0.00566,1.00E-05,-0.00192,-0.00062
753.8699951,-0.00022,0.00102,0.0058,1.00E-05,-0.00178,-0.00048
754.2000122,-0.0002,0.00102,0.00571,9.00E-05,-0.00176,-0.00055
754.5300293,-0.00021,0.00095,0.0058,-2.00E-05,-0.00178,-0.00056
754.8599854,-0.00028,0.00096,0.00585,-5.00E-05,-0.0018,-0.0007
755.1900024,-0.00036,0.00088,0.00581,-6.00E-05,-0.00197,-0.0007
755.5100098,-0.00047,0.00076,0.00588,-0.00011,-0.00199,-0.00085
755.8400269,-0.00043,0.00077,0.006,-3.00E-05,-0.00194,-0.00076
756.1699829,-0.0005,0.00087,0.00606,-6.00E-05,-0.00198,-0.00088
756.5,-0.00044,0.0009,0.00606,-0.00011,-0.00199,-0.0008
756.8300171,-0.00044,0.00094,0.00603,-0.00014,-0.00197,-0.00081
757.1599731,-0.00041,0.00104,0.00603,-0.00012,-0.00195,-0.00066
757.4899902,-0.00035,0.00116,0.00602,1.00E-05,-0.00184,-0.00058
757.8200073,-0.00032,0.00135,0.0061,8.00E-05,-0.00174,-0.00042
758.1400146,-0.00029,0.00132,0.0061,8.00E-05,-0.00171,-0.00048
758.4699707,-0.00021,0.00133,0.00614,0.00013,-0.00173,-0.00037
758.7999878,-0.00034,0.00127,0.00617,1.00E-04,-0.00177,-0.00046
759.1300049,-0.00044,0.00135,0.00621,6.00E-05,-0.00182,-0.00046
759.460022,-0.00044,0.00122,0.00612,1.00E-05,-0.00184,-0.00059
759.789978,-0.00051,0.00122,0.00616,-3.00E-05,-0.00181,-0.00061
760.1199951,-0.00054,0.00112,0.00608,-8.00E-05,-0.00187,-0.0007
760.4400024,-0.00064,0.00111,0.00602,-0.00019,-0.00203,-0.00077
760.7700195,-0.0007,0.00103,0.00598,-0.00023,-0.00197,-0.00094
761.0999756,-0.00069,0.00101,0.006,-0.00019,-0.00196,-0.00094
761.4299927,-0.00069,0.00085,0.00593,-0.00022,-0.00207,-0.00099
761.7600098,-0.00061,0.00096,0.00606,-0.00014,-0.00206,-0.00095
762.0800171,-0.00062,0.0009,0.00606,-0.00016,-0.00211,-0.00099
762.4099731,-0.00054,0.00097,0.00616,-0.00023,-0.0021,-0.0011
762.7399902,-0.00062,0.00094,0.00606,-0.00029,-0.0021,-0.00114
763.0700073,-0.00071,0.00084,0.00598,-0.0004,-0.00224,-0.00111
763.4000244,-0.00069,0.00088,0.00601,-0.0004,-0.0023,-0.00113
763.7199707,-0.00074,0.00092,0.00599,-0.00049,-0.00225,-0.00119
764.0499878,-0.00086,0.00085,0.00604,-0.00061,-0.00232,-0.00123
764.3800049,-0.00083,0.00084,0.00609,-0.00075,-0.00238,-0.00123
764.710022,-0.00082,0.00075,0.006,-0.00081,-0.0025,-0.00115
765.039978,-0.00084,0.00074,0.00613,-0.00085,-0.00258,-0.00117
765.3599854,-0.00075,0.00082,0.00629,-0.00079,-0.0025,-0.00114
765.6900024,-0.0008,0.00076,0.00628,-0.00099,-0.0025,-0.00111
766.0200195,-0.00069,0.00085,0.0065,-0.00086,-0.00247,-0.00094
766.3499756,-0.00072,0.00078,0.00643,-0.00097,-0.00253,-0.00099
766.6699829,-0.00073,0.00076,0.00658,-0.00097,-0.00255,-0.00105
767,-0.00072,0.00082,0.00675,-0.00094,-0.00247,-0.00103
767.3300171,-0.00058,0.00106,0.00685,-0.00077,-0.00233,-0.0008
767.6500244,-0.00071,0.00112,0.00682,-0.00085,-0.00237,-0.0008
767.9799805,-0.00065,0.00122,0.00689,-0.00076,-0.00244,-0.00079
768.3099976,-0.00068,0.00119,0.00685,-0.00085,-0.00256,-0.0009
768.6400146,-0.00061,0.00128,0.00689,-0.00074,-0.00251,-0.00088
768.960022,-0.00049,0.00139,0.00684,-0.00072,-0.00246,-0.00082
769.289978,-0.00052,0.00137,0.0069,-0.0007,-0.00252,-0.00086
769.6199951,-0.00052,0.00121,0.00696,-0.0008,-0.00255,-0.00098
769.9400024,-0.00059,0.00107,0.0069,-0.00087,-0.0026,-0.00106
770.2700195,-0.00052,0.00114,0.00693,-0.00085,-0.0025,-0.00104
770.5999756,-0.00054,0.00106,0.00689,-0.00083,-0.00252,-0.00108
770.9199829,-0.00053,0.00118,0.00697,-0.00087,-0.00253,-0.00098
771.25,-0.00065,0.00119,0.00693,-0.00091,-0.00246,-0.00097
771.5800171,-0.0007,0.00122,0.00674,-0.00101,-0.00249,-0.00096
771.9000244,-0.00072,0.00132,0.00678,-0.00106,-0.00242,-0.00091
772.2299805,-0.00061,0.00145,0.00689,-0.0011,-0.00241,-0.00079
772.5599976,-0.00063,0.00132,0.00683,-0.00116,-0.00253,-0.00081
772.8800049,-0.00067,0.00147,0.00682,-0.00108,-0.00247,-0.00065
773.210022,-0.00067,0.00142,0.00675,-0.00118,-0.00252,-0.00072
773.539978,-0.00072,0.00129,0.00669,-0.00121,-0.00267,-0.0008
773.8599854,-0.00073,0.00132,0.00673,-0.00117,-0.00266,-0.00082
774.1900024,-0.0007,0.00136,0.00667,-0.00115,-0.00265,-0.00086
774.5200195,-0.00081,0.00128,0.00648,-0.00119,-0.00278,-0.00105
774.8400269,-0.00105,0.00125,0.00645,-0.00131,-0.00278,-0.00116
775.1699829,-0.00105,0.00104,0.00647,-0.00143,-0.00298,-0.00135
775.5,-0.00116,0.0009,0.00642,-0.00128,-0.00291,-0.00141
775.8200073,-0.00117,0.00088,0.00657,-0.0012,-0.00287,-0.0014
776.1500244,-0.00126,0.00072,0.00657,-0.00124,-0.00291,-0.00146
776.4699707,-0.00129,0.00069,0.00658,-0.00121,-0.00303,-0.00145
776.7999878,-0.00123,0.00078,0.00678,-0.00118,-0.00298,-0.0013
777.1199951,-0.00108,0.00078,0.0068,-0.00116,-0.00291,-0.00127
777.4500122,-0.00124,0.00072,0.0068,-0.00126,-0.00294,-0.00141
777.7800293,-0.00112,0.00088,0.00695,-0.00131,-0.0029,-0.00135
778.0999756,-0.00106,0.00104,0.00703,-0.00125,-0.00286,-0.00122
778.4299927,-0.00093,0.0012,0.00706,-0.0012,-0.00284,-0.00108
778.75,-0.00104,0.00102,0.00695,-0.00123,-0.00286,-0.00125
779.0800171,-0.00118,0.00091,0.00691,-0.0013,-0.00296,-0.0014
779.4000244,-0.00113,0.00092,0.00708,-0.00119,-0.00308,-0.00138
779.7299805,-0.00095,0.00112,0.00722,-0.00102,-0.00286,-0.00114
780.0599976,-0.00087,0.00124,0.00731,-0.00097,-0.00285,-0.00106
780.3800049,-0.00101,0.001,0.00719,-0.00116,-0.00304,-0.00131
780.710022,-0.0011,0.00097,0.00728,-0.00114,-0.00303,-0.00134
781.0300293,-0.00099,0.00112,0.00744,-0.0011,-0.00304,-0.00122
781.3599854,-0.00082,0.0012,0.00753,-0.001,-0.00284,-0.00107
781.6799927,-0.00013,0.002,0.008169999,-0.0004,-0.00196,-0.00038
782.0100098,-8.00E-05,0.00204,0.0082,-0.00042,-0.00197,-0.00041
782.3300171,-0.00036,0.00187,0.00808,-0.00065,-0.0022,-0.00064
782.6599731,-0.00015,0.00208,0.008119999,-0.00064,-0.00213,-0.00047
782.9799805,-6.00E-05,0.00219,0.00827,-0.00054,-0.00207,-0.00042
783.3099976,-0.00013,0.0022,0.00819,-0.00055,-0.002,-0.00038
783.6300049,-0.00015,0.00218,0.0082,-0.00052,-0.00198,-0.00026
783.960022,-0.00101,0.00146,0.00745,-0.00111,-0.00286,-0.0011
784.2800293,-0.00125,0.00133,0.00729,-0.00129,-0.00294,-0.00132
784.6099854,-0.00103,0.00146,0.00746,-0.00106,-0.00271,-0.0012
784.9299927,-0.0011,0.00147,0.00756,-0.001,-0.00255,-0.00115
785.2600098,-0.00102,0.00145,0.00761,-0.00116,-0.00244,-0.00117
785.5800171,-0.00105,0.00143,0.0076,-0.00128,-0.00254,-0.0014
785.9099731,-0.00089,0.00155,0.007710001,-0.00127,-0.00247,-0.00148
786.2299805,-0.00057,0.00163,0.00791,-0.00118,-0.00228,-0.00122
786.5599976,-0.00041,0.00161,0.00807,-0.00098,-0.00219,-0.00102
786.8800049,-0.00064,0.00137,0.00781,-0.00116,-0.00233,-0.0011
787.2000122,-0.00047,0.00141,0.007879999,-0.00101,-0.00228,-0.00102
787.5300293,-0.00069,0.00143,0.00765,-0.00116,-0.00245,-0.00114
787.8499756,-0.00061,0.00135,0.00767,-0.00097,-0.00216,-0.00099
788.1799927,-0.00083,0.00124,0.00753,-0.00106,-0.00235,-0.00106
788.5,-0.00096,0.00124,0.00739,-0.00128,-0.00235,-0.00106
788.8300171,-0.00088,0.00135,0.00733,-0.00126,-0.00229,-0.00111
789.1500244,-0.00078,0.00148,0.00742,-0.0012,-0.00221,-0.00107
789.4699707,-0.00103,0.00132,0.00712,-0.00145,-0.00238,-0.00131
789.7999878,-0.00096,0.00126,0.00713,-0.00123,-0.0022,-0.00128
790.1199951,-0.00106,0.00142,0.00729,-0.00139,-0.00241,-0.0012
790.4500122,-0.00101,0.00157,0.00723,-0.00129,-0.00229,-0.00118
790.7700195,-0.00094,0.00149,0.00723,-0.00118,-0.00239,-0.00125
791.0900269,-0.00107,0.00158,0.00728,-0.00125,-0.00242,-0.0013
791.4199829,-0.0011,0.00165,0.00741,-0.00127,-0.00232,-0.00127
791.7399902,-0.00105,0.00169,0.00752,-0.00112,-0.00222,-0.00121
792.0599976,-0.00103,0.00166,0.00745,-0.00122,-0.00234,-0.0012
792.3900146,-0.00089,0.00168,0.0074,-0.00117,-0.00215,-0.00119
792.710022,-0.00083,0.00161,0.00753,-0.00127,-0.0021,-0.00121
793.039978,-0.00094,0.00166,0.00752,-0.00125,-0.00209,-0.00124
793.3599854,-0.00102,0.00159,0.0076,-0.00123,-0.00213,-0.00122
793.6799927,-0.001,0.00157,0.00756,-0.00131,-0.00225,-0.00126
794.0100098,-0.00106,0.00159,0.00765,-0.00139,-0.00234,-0.00122
794.3300171,-0.00109,0.00155,0.00775,-0.00148,-0.00232,-0.0012
794.6500244,-0.00128,0.00146,0.00764,-0.00166,-0.00255,-0.00148
794.9799805,-0.00134,0.00151,0.0076,-0.00159,-0.00257,-0.00146
795.2999878,-0.00129,0.0015,0.00754,-0.00159,-0.0026,-0.00165
795.6199951,-0.00125,0.00154,0.00746,-0.0016,-0.00267,-0.00163
795.9400024,-0.00125,0.00147,0.00747,-0.00148,-0.00273,-0.00163
796.2700195,-0.0011,0.00149,0.00741,-0.00149,-0.00277,-0.00163
796.5900269,-0.00119,0.00162,0.00729,-0.00146,-0.00293,-0.00161
796.9099731,-0.00107,0.0017,0.00736,-0.00147,-0.00297,-0.00144
797.2399902,-0.00115,0.00171,0.00728,-0.00148,-0.00308,-0.00155
797.5599976,-0.00126,0.00159,0.00727,-0.00154,-0.00318,-0.00143
797.8800049,-0.00117,0.00157,0.00721,-0.0015,-0.00314,-0.00133
798.210022,-0.00125,0.00169,0.0072,-0.00157,-0.00317,-0.00126
798.5300293,-0.00121,0.00173,0.00729,-0.00147,-0.00311,-0.00118
798.8499756,-0.00115,0.00153,0.0073,-0.00143,-0.00319,-0.00133
799.1699829,-0.00119,0.00146,0.00731,-0.00115,-0.00309,-0.00123
799.5,-0.00094,0.00145,0.00742,-0.00105,-0.00311,-0.00105
799.8200073,-0.00082,0.00154,0.00755,-0.00106,-0.00295,-0.00097
800.1400146,-0.00086,0.00152,0.00754,-0.0011,-0.00314,-0.00109
800.460022,-0.00086,0.00144,0.00737,-0.00107,-0.00319,-0.00119
800.789978,-0.00095,0.00148,0.00742,-0.0011,-0.00315,-0.00132
801.1099854,-0.00088,0.00168,0.0076,-0.00094,-0.00299,-0.00118
801.4299927,-0.0009,0.00167,0.00766,-0.00095,-0.00302,-0.00121
801.75,-0.0011,0.00164,0.00764,-0.00104,-0.00304,-0.00124
802.0700073,-0.00125,0.00175,0.00762,-0.00094,-0.00322,-0.00117
802.4000244,-0.00121,0.00168,0.00763,-0.00088,-0.00312,-0.00116
802.7199707,-0.0011,0.00166,0.00773,-0.00087,-0.00318,-0.00108
803.039978,-0.00122,0.0015,0.00754,-0.001,-0.00331,-0.0012
803.3599854,-0.00133,0.00142,0.00741,-0.00107,-0.00333,-0.00131
803.6799927,-0.00133,0.00139,0.00732,-0.00127,-0.00354,-0.00141
804.0100098,-0.00114,0.00138,0.00729,-0.00121,-0.00345,-0.0014
804.3300171,-0.00109,0.00125,0.00722,-0.00125,-0.00348,-0.00147
804.6500244,-0.00129,0.00123,0.00714,-0.00149,-0.00355,-0.00159
804.9699707,-0.00138,0.00116,0.00719,-0.00164,-0.00357,-0.00158
805.289978,-0.00144,0.00111,0.00715,-0.00168,-0.00371,-0.00161
805.6199951,-0.00155,0.00099,0.00709,-0.00185,-0.00386,-0.00173
805.9400024,-0.00139,0.0012,0.00727,-0.00159,-0.00367,-0.00153
806.2600098,-0.00147,0.00111,0.00736,-0.0017,-0.00379,-0.0016
806.5800171,-0.00144,0.00109,0.00743,-0.00184,-0.00382,-0.00177
806.9000244,-0.00121,0.00115,0.0077,-0.0018,-0.00375,-0.00158
807.2199707,-0.00099,0.00129,0.00766,-0.00151,-0.00363,-0.00154
807.539978,-0.00097,0.00129,0.00755,-0.00147,-0.00369,-0.00151
807.8699951,-0.00084,0.00136,0.00755,-0.00147,-0.00385,-0.00143
808.1900024,-0.00087,0.00118,0.00739,-0.00178,-0.00401,-0.0017
808.5100098,-0.00124,0.00107,0.00725,-0.00205,-0.00426,-0.00182
808.8300171,-0.00135,0.00102,0.00705,-0.00195,-0.00435,-0.00178
809.1500244,-0.00147,0.00105,0.00685,-0.00194,-0.00432,-0.00185
809.4699707,-0.00164,0.00109,0.00697,-0.00205,-0.00426,-0.0019
809.789978,-0.00141,0.0013,0.00726,-0.00202,-0.00413,-0.00173
810.1099854,-0.00145,0.00135,0.00733,-0.00197,-0.00402,-0.00173
810.4299927,-0.00146,0.00119,0.00735,-0.00199,-0.00414,-0.00167
810.7600098,-0.0011,0.00133,0.00744,-0.00171,-0.00386,-0.00159
811.0800171,-0.00093,0.0014,0.00765,-0.0019,-0.00371,-0.00151
811.4000244,-0.001,0.00128,0.00753,-0.00193,-0.00377,-0.00163
811.7199707,-0.00086,0.00114,0.00744,-0.00215,-0.00392,-0.0017
812.039978,-0.00103,0.0009,0.00731,-0.00216,-0.00398,-0.00186
812.3599854,-0.00096,0.00099,0.00734,-0.00235,-0.00399,-0.00183
812.6799927,-0.00119,0.00112,0.0073,-0.0024,-0.00383,-0.00178
813,-0.00131,0.00107,0.0073,-0.00261,-0.00401,-0.00194
813.3200073,-0.00151,0.00111,0.00734,-0.00255,-0.00391,-0.00201
813.6400146,-0.00152,0.00114,0.00739,-0.0026,-0.00391,-0.002
813.960022,-0.00184,0.00097,0.00742,-0.00273,-0.0041,-0.00212
814.2800293,-0.00182,0.001,0.00739,-0.00282,-0.00395,-0.00211
814.5999756,-0.00186,0.00096,0.00752,-0.00267,-0.00385,-0.00206
814.9199829,-0.00189,0.00109,0.00743,-0.00257,-0.00397,-0.00223
815.2399902,-0.00172,0.00125,0.00732,-0.00233,-0.00383,-0.00219
815.5599976,-0.00186,0.00099,0.0071,-0.00247,-0.00415,-0.00233
815.8800049,-0.00172,0.00107,0.00728,-0.00233,-0.00419,-0.00229
816.2000122,-0.00173,0.00122,0.00742,-0.00215,-0.00407,-0.00214
816.5200195,-0.00187,0.00123,0.00744,-0.0023,-0.00425,-0.00206
816.8400269,-0.00178,0.00114,0.0074,-0.00231,-0.00429,-0.00208
817.1599731,-0.00176,0.00092,0.00747,-0.00238,-0.00431,-0.00199
817.4799805,-0.00193,0.00079,0.0075,-0.00239,-0.00438,-0.00193
817.7999878,-0.00165,0.00109,0.00766,-0.00215,-0.00413,-0.00173
818.1199951,-0.00175,0.00101,0.0075,-0.00218,-0.00422,-0.00169
818.4400024,-0.00159,0.00112,0.00743,-0.00222,-0.00423,-0.0016
818.7600098,-0.00129,0.0012,0.0077,-0.00205,-0.00416,-0.00153
819.0800171,-0.00145,0.00121,0.00766,-0.00209,-0.00413,-0.00161
819.4000244,-0.00125,0.00133,0.0077,-0.00198,-0.004,-0.00184
819.7199707,-0.00111,0.00136,0.007879999,-0.00203,-0.00402,-0.00178
820.039978,-0.0015,0.00116,0.007850001,-0.00225,-0.00423,-0.00198
820.3599854,-0.00149,0.00108,0.007850001,-0.00239,-0.00421,-0.0021
820.6799927,-0.00144,0.00096,0.00791,-0.00222,-0.00414,-0.00224
821,-0.00166,0.00078,0.00766,-0.00227,-0.00425,-0.00254
821.3200073,-0.00144,0.00089,0.00779,-0.00221,-0.00416,-0.00254
821.6400146,-0.00163,0.00069,0.00767,-0.00228,-0.0042,-0.00239
821.960022,-0.00181,0.00075,0.00752,-0.00231,-0.00431,-0.00234
822.2700195,-0.00163,0.00083,0.00736,-0.00218,-0.00414,-0.00225
822.5900269,-0.00155,0.00096,0.00747,-0.00211,-0.00402,-0.00228
822.9099731,-0.00172,0.00089,0.00743,-0.00226,-0.00402,-0.00227
823.2299805,-0.00163,0.00093,0.00744,-0.00228,-0.00397,-0.00213
823.5499878,-0.00169,0.00101,0.00733,-0.00219,-0.00404,-0.00203
823.8699951,-0.00176,0.00127,0.00754,-0.00212,-0.00404,-0.00199
824.1900024,-0.00184,0.0013,0.00758,-0.0022,-0.00378,-0.00227
824.5100098,-0.00169,0.00146,0.007850001,-0.00214,-0.00375,-0.00236
824.8300171,-0.00181,0.0014,0.00772,-0.00203,-0.00365,-0.00229
825.1400146,-0.00178,0.00152,0.00758,-0.00212,-0.00367,-0.00229
825.460022,-0.0021,0.00157,0.00753,-0.0021,-0.00358,-0.0025
825.7800293,-0.00221,0.00123,0.00749,-0.00222,-0.00358,-0.00248
826.0999756,-0.00205,0.00106,0.00735,-0.00208,-0.00349,-0.00257
826.4199829,-0.00201,0.00081,0.00722,-0.00216,-0.00373,-0.00238
826.7399902,-0.0021,0.00074,0.00724,-0.00211,-0.00384,-0.00225
827.0599976,-0.00222,0.00055,0.00719,-0.00246,-0.00419,-0.00238
827.3699951,-0.00217,0.00036,0.00716,-0.00249,-0.00402,-0.00247
827.6900024,-0.00204,0.00048,0.00699,-0.0025,-0.00406,-0.00228
828.0100098,-0.0024,0.00067,0.00706,-0.00252,-0.00401,-0.00251
828.3300171,-0.00249,0.00073,0.00717,-0.0025,-0.00393,-0.00224
828.6500244,-0.00243,0.00085,0.00732,-0.00241,-0.0037,-0.0022
828.960022,-0.00263,0.00061,0.00724,-0.0026,-0.00354,-0.00236
829.2800293,-0.00235,0.00096,0.00755,-0.00233,-0.00323,-0.00216
829.5999756,-0.00264,0.00099,0.00739,-0.00232,-0.00344,-0.00232
829.9199829,-0.00255,0.00092,0.00774,-0.00212,-0.00326,-0.00217
830.2399902,-0.00234,0.00113,0.00772,-0.00221,-0.00325,-0.00203
830.5499878,-0.00267,0.00091,0.00757,-0.00267,-0.00332,-0.00239
830.8699951,-0.00271,0.00104,0.00754,-0.00277,-0.00342,-0.0026
831.1900024,-0.00256,0.00102,0.00732,-0.00279,-0.0037,-0.00251
831.5100098,-0.00295,0.00071,0.00692,-0.0031,-0.00392,-0.00289
831.8300171,-0.00283,0.00052,0.00701,-0.00309,-0.0039,-0.00279
832.1400146,-0.00288,0.00064,0.00689,-0.00319,-0.00408,-0.00298
832.460022,-0.00295,0.00048,0.00682,-0.00305,-0.00415,-0.00317
832.7800293,-0.00253,0.00053,0.00679,-0.00296,-0.00443,-0.00312
833.0999756,-0.00266,0.00041,0.00677,-0.00291,-0.00442,-0.0033
833.4099731,-0.00254,0.00058,0.00679,-0.00282,-0.00425,-0.00341
833.7299805,-0.00246,0.00064,0.00695,-0.00279,-0.00442,-0.00342
834.0499878,-0.00245,0.00084,0.00692,-0.00283,-0.00459,-0.00327
834.3599854,-0.00226,0.00076,0.00698,-0.00284,-0.00467,-0.0034
834.6799927,-0.00198,0.00051,0.00706,-0.00298,-0.00468,-0.00329
835,-0.00217,0.00043,0.007,-0.00308,-0.0048,-0.00341
835.3200073,-0.00225,0.00035,0.00669,-0.00321,-0.00498,-0.00336
835.6300049,-0.00202,0.00022,0.00688,-0.00301,-0.00497,-0.00318
835.9500122,-0.00196,0.00012,0.00681,-0.0028,-0.00464,-0.00286
836.2700195,-0.00204,2.00E-05,0.00679,-0.00281,-0.00455,-0.00304
836.5800171,-0.0024,-0.00014,0.00664,-0.00315,-0.00477,-0.00289
836.9000244,-0.00256,-4.00E-05,0.00669,-0.00329,-0.00501,-0.00297
837.2199707,-0.00258,-2.00E-05,0.00695,-0.00304,-0.00495,-0.00279
837.5300293,-0.00249,-0.00032,0.00708,-0.00307,-0.00505,-0.00306
837.8499756,-0.0028,-0.00017,0.00708,-0.00324,-0.00512,-0.00319
838.1699829,-0.00264,-5.00E-05,0.00723,-0.00308,-0.00521,-0.0034
838.4799805,-0.00235,0.00019,0.00724,-0.00296,-0.00509,-0.00348
838.7999878,-0.00251,0.0002,0.00711,-0.00286,-0.00514,-0.00365
839.1199951,-0.00265,0.00013,0.00695,-0.00279,-0.00503,-0.0037
839.4299927,-0.00253,0.00018,0.00671,-0.00297,-0.00481,-0.00375
839.75,-0.00261,0.00038,0.0068,-0.00282,-0.00493,-0.00348
840.0700073,-0.00254,0.00044,0.00691,-0.00291,-0.0051,-0.00341
840.3800049,-0.00271,0.00051,0.00687,-0.0029,-0.00532,-0.00327
840.7000122,-0.00322,0.00029,0.00668,-0.00322,-0.00567,-0.00353
841.0100098,-0.00293,0.00017,0.00682,-0.003,-0.00555,-0.00372
841.3300171,-0.00281,0.00029,0.00684,-0.00265,-0.00553,-0.00344
841.6500244,-0.00296,0.00027,0.00685,-0.00248,-0.00573,-0.00335
841.960022,-0.00284,0.00046,0.00714,-0.00234,-0.0056,-0.00331
842.2800293,-0.00298,0.00024,0.00697,-0.00235,-0.00563,-0.00328
842.5999756,-0.00298,0.00011,0.00683,-0.00234,-0.00558,-0.00337
842.9099731,-0.00273,0.00015,0.00722,-0.00217,-0.00546,-0.00297
843.2299805,-0.00282,0.00024,0.0071,-0.00227,-0.00544,-0.0027
843.539978,-0.00294,9.00E-05,0.00689,-0.0028,-0.00593,-0.00308
843.8599854,-0.00275,-3.00E-05,0.0069,-0.00302,-0.00595,-0.00311
844.1699829,-0.00267,-9.00E-05,0.00665,-0.00309,-0.00568,-0.0029
844.4899902,-0.00294,-0.00019,0.0067,-0.00322,-0.00563,-0.00285
844.8099976,-0.00304,-0.00014,0.00669,-0.00354,-0.00577,-0.00284
845.1199951,-0.00306,-0.00025,0.00645,-0.00354,-0.00586,-0.00297
845.4400024,-0.00308,-9.00E-05,0.00628,-0.00361,-0.00605,-0.00297
845.75,-0.003,-1.00E-04,0.00637,-0.00339,-0.00571,-0.00281
846.0700073,-0.00356,-0.00033,0.00617,-0.00351,-0.00616,-0.00312
846.3800049,-0.00373,-0.0005,0.00571,-0.00388,-0.0067,-0.00348
846.7000122,-0.00358,-0.0004,0.00542,-0.00397,-0.00674,-0.00362
847.0100098,-0.00318,-0.00025,0.00562,-0.00368,-0.00632,-0.00335
847.3300171,-0.00333,-0.00025,0.00548,-0.00389,-0.0064,-0.00323
847.6400146,-0.00328,-0.00012,0.00572,-0.00373,-0.0061,-0.0033
847.960022,-0.00326,2.00E-05,0.00572,-0.00375,-0.00601,-0.00336
848.2700195,-0.00315,8.00E-05,0.00588,-0.00376,-0.00572,-0.00324
848.5900269,-0.00325,8.00E-05,0.00617,-0.00354,-0.00541,-0.00312
848.9000244,-0.00322,8.00E-05,0.00631,-0.00355,-0.00553,-0.00313
849.2199707,-0.00359,-0.00022,0.00609,-0.00396,-0.00588,-0.00349
849.5300293,-0.0033,-0.00023,0.00611,-0.00395,-0.00581,-0.00388
849.8499756,-0.00351,-0.00092,0.00576,-0.00446,-0.00646,-0.00419
850.1599731,-0.00356,-0.00112,0.00565,-0.00447,-0.00684,-0.00433
850.4799805,-0.00343,-0.00099,0.00552,-0.00417,-0.00683,-0.00421
850.789978,-0.00331,-0.00102,0.00557,-0.00431,-0.00695,-0.00423
851.1099854,-0.00324,-0.00077,0.00561,-0.00399,-0.00694,-0.00437
851.4199829,-0.00314,-0.00065,0.00587,-0.0037,-0.00679,-0.00406
851.7399902,-0.00315,-0.0004,0.0059,-0.00373,-0.00671,-0.00366
852.0499878,-0.00298,-3.00E-05,0.00611,-0.00353,-0.00625,-0.00336
852.3599854,-0.00304,2.00E-05,0.00618,-0.00369,-0.00583,-0.00317
852.6799927,-0.00273,0.0002,0.00635,-0.00403,-0.00579,-0.00334
852.9899902,-0.0028,0.00014,0.00635,-0.00414,-0.00589,-0.00359
853.3099976,-0.00297,-0.0003,0.00613,-0.00433,-0.00578,-0.00354
853.6199951,-0.00316,-0.00053,0.00586,-0.00471,-0.00609,-0.00396
853.9400024,-0.00341,-0.00068,0.00609,-0.00446,-0.00626,-0.00403
854.25,-0.00352,-0.00064,0.00624,-0.00446,-0.00635,-0.00387
854.5599976,-0.0034,-0.00056,0.0063,-0.00425,-0.00653,-0.0038
854.8800049,-0.00374,-0.00077,0.00604,-0.0043,-0.00644,-0.00394
855.1900024,-0.00369,-0.00054,0.00608,-0.00427,-0.00637,-0.00367
855.5100098,-0.00357,-0.00066,0.00611,-0.00436,-0.00674,-0.00372
855.8200073,-0.00343,-0.00055,0.00617,-0.00421,-0.00637,-0.00341
856.1300049,-0.00354,-0.00064,0.00591,-0.00428,-0.00645,-0.00386
856.4500122,-0.00351,-0.00078,0.00581,-0.0042,-0.00665,-0.00399
856.7600098,-0.00371,-0.00084,0.00597,-0.00435,-0.00665,-0.00429
857.0700073,-0.00413,-0.00106,0.00567,-0.00442,-0.00711,-0.00445
857.3900146,-0.0039,-0.00104,0.00576,-0.00455,-0.00712,-0.00427
857.7000122,-0.0041,-0.00065,0.006,-0.00469,-0.00678,-0.00432
858.0200195,-0.00428,-0.00053,0.00615,-0.00473,-0.00689,-0.00442
858.3300171,-0.00427,-0.00066,0.00609,-0.00468,-0.00705,-0.0041
858.6400146,-0.00422,-0.00047,0.00604,-0.00487,-0.00711,-0.00424
858.960022,-0.00417,-0.00059,0.00564,-0.00512,-0.00732,-0.0042
859.2700195,-0.00374,-0.0004,0.00608,-0.00496,-0.00705,-0.00398
859.5800171,-0.00416,-0.00083,0.00603,-0.00473,-0.00718,-0.00418
859.9000244,-0.00426,-0.00093,0.00576,-0.00481,-0.00742,-0.00421
860.210022,-0.00422,-0.00085,0.00561,-0.00506,-0.00755,-0.00408
860.5200195,-0.00398,-0.00029,0.00601,-0.00514,-0.00707,-0.00388
860.8300171,-0.00411,-0.00042,0.00611,-0.00512,-0.00688,-0.00401
861.1500244,-0.00426,-0.00068,0.00619,-0.00524,-0.00684,-0.00423
861.460022,-0.00424,-0.00062,0.00653,-0.0052,-0.00657,-0.00393
861.7700195,-0.004,3.00E-05,0.00669,-0.00515,-0.00644,-0.004
862.0900269,-0.00373,-0.00013,0.00679,-0.00517,-0.00635,-0.00397
862.4000244,-0.00396,-0.00053,0.00677,-0.00506,-0.00669,-0.00467
862.710022,-0.00432,-0.00105,0.00641,-0.00539,-0.00686,-0.00523
863.0200195,-0.00469,-0.00138,0.00625,-0.00556,-0.00708,-0.00539
863.3400269,-0.00455,-0.00127,0.00648,-0.00531,-0.00717,-0.00515
863.6500244,-0.00449,-0.00132,0.00628,-0.00549,-0.0073,-0.00564
863.960022,-0.00434,-0.00133,0.00641,-0.00538,-0.00717,-0.00565
864.2700195,-0.0045,-0.00139,0.00648,-0.00545,-0.00718,-0.0056
864.5900269,-0.00435,-0.00121,0.00649,-0.00537,-0.00712,-0.00525
864.9000244,-0.00414,-0.00146,0.00636,-0.0056,-0.00734,-0.00514
865.210022,-0.00353,-0.00112,0.0065,-0.00536,-0.0073,-0.00484
865.5200195,-0.00336,-0.00085,0.00648,-0.00564,-0.00707,-0.00478
865.8400269,-0.00349,-0.00103,0.00625,-0.0056,-0.00704,-0.00468
866.1500244,-0.00408,-0.00158,0.00591,-0.00587,-0.00733,-0.00475
866.460022,-0.00404,-0.00147,0.00578,-0.00568,-0.00719,-0.00488
866.7700195,-0.00386,-0.00121,0.00581,-0.00517,-0.00692,-0.00461
867.0800171,-0.00385,-0.00114,0.00609,-0.00476,-0.0068,-0.00451
867.4000244,-0.00442,-0.00127,0.00615,-0.00499,-0.00676,-0.00472
867.710022,-0.00476,-0.0013,0.00633,-0.00464,-0.00659,-0.00474
868.0200195,-0.00478,-0.00109,0.00675,-0.00461,-0.00691,-0.00479
868.3300171,-0.00466,-0.00102,0.00677,-0.00461,-0.00689,-0.00496
868.6400146,-0.00482,-0.00114,0.00696,-0.00484,-0.00708,-0.0049
868.960022,-0.00505,-0.00171,0.00688,-0.00546,-0.00731,-0.00521
869.2700195,-0.00505,-0.00133,0.00707,-0.00524,-0.00719,-0.00512
869.5800171,-0.0045,-0.00131,0.0071,-0.00505,-0.00687,-0.00496
869.8900146,-0.00435,-0.0013,0.00694,-0.00497,-0.00711,-0.00503
870.2000122,-0.00411,-0.00146,0.00641,-0.00521,-0.00706,-0.00501
870.5100098,-0.00406,-0.00151,0.00607,-0.0053,-0.00689,-0.00509
870.8200073,-0.00388,-0.00156,0.00617,-0.00514,-0.00692,-0.0054
871.1400146,-0.00378,-0.0014,0.00617,-0.00489,-0.00687,-0.0053
871.4500122,-0.00383,-0.00155,0.00576,-0.00522,-0.00703,-0.00558
871.7600098,-0.00428,-0.00156,0.0054,-0.00564,-0.0073,-0.00574
872.0700073,-0.00453,-0.00156,0.00531,-0.00589,-0.00745,-0.00582
872.3800049,-0.00493,-0.0015,0.00543,-0.00558,-0.00754,-0.00563
872.6900024,-0.00495,-0.00185,0.00576,-0.00544,-0.00784,-0.00571
873,-0.00524,-0.00183,0.00576,-0.00575,-0.00786,-0.00566
873.3099976,-0.00547,-0.00184,0.00579,-0.00605,-0.00804,-0.00583
873.6300049,-0.00561,-0.00226,0.00568,-0.0061,-0.00829,-0.00584
873.9400024,-0.00527,-0.00192,0.00578,-0.00564,-0.00808,-0.00562
874.25,-0.00522,-0.0024,0.00533,-0.00583,-0.00818,-0.00568
874.5599976,-0.00485,-0.00211,0.00573,-0.0052,-0.00782,-0.00547
874.8699951,-0.00465,-0.00175,0.00577,-0.0051,-0.00794,-0.00516
875.1799927,-0.0046,-0.00169,0.00531,-0.00489,-0.007900001,-0.00501
875.4899902,-0.00469,-0.00216,0.005,-0.00511,-0.00821,-0.00522
875.7999878,-0.00435,-0.00166,0.00521,-0.0046,-0.00773,-0.00493
876.1099854,-0.00462,-0.00228,0.00541,-0.00476,-0.00825,-0.00527
876.4199829,-0.00471,-0.00184,0.00595,-0.00478,-0.00803,-0.00522
876.7299805,-0.00526,-0.00204,0.00555,-0.00573,-0.00853,-0.00605
877.039978,-0.00576,-0.00238,0.00534,-0.00626,-0.00836,-0.0064
877.3499756,-0.00569,-0.00224,0.0054,-0.00613,-0.00836,-0.00613
877.6599731,-0.00578,-0.00195,0.00553,-0.00594,-0.00834,-0.00605
877.9699707,-0.00638,-0.00272,0.0051,-0.0068,-0.0089,-0.00633
878.2800293,-0.00615,-0.00229,0.005,-0.00654,-0.00876,-0.00626
878.5900269,-0.00589,-0.00254,0.00488,-0.00636,-0.00885,-0.00626
878.9000244,-0.0058,-0.00266,0.00509,-0.00634,-0.00855,-0.00583
879.210022,-0.0057,-0.00215,0.00504,-0.00615,-0.00874,-0.00579
879.5200195,-0.0057,-0.00249,0.00535,-0.00632,-0.008719999,-0.00611
879.8300171,-0.00567,-0.00202,0.00503,-0.00628,-0.00853,-0.00623
880.1400146,-0.00528,-0.00143,0.0055,-0.00568,-0.00827,-0.00596
880.4500122,-0.00578,-0.00192,0.00557,-0.00614,-0.00843,-0.00604
880.7600098,-0.00594,-0.00203,0.00558,-0.0059,-0.00837,-0.00594
881.0700073,-0.00564,-0.00167,0.00589,-0.00547,-0.0082,-0.00559
881.3800049,-0.00557,-0.0018,0.00592,-0.00541,-0.008119999,-0.00526
881.6900024,-0.00607,-0.002,0.00528,-0.00588,-0.00878,-0.00588
882,-0.00598,-0.00251,0.0054,-0.00586,-0.00865,-0.00597
882.3099976,-0.00637,-0.00254,0.00515,-0.00632,-0.00901,-0.00625
882.6199951,-0.00615,-0.00247,0.00485,-0.00645,-0.00894,-0.00637
882.9299927,-0.00593,-0.00203,0.005,-0.00627,-0.00892,-0.00624
883.2399902,-0.00613,-0.00271,0.00466,-0.00649,-0.00954,-0.00693
883.5499878,-0.00587,-0.00283,0.00479,-0.00627,-0.00917,-0.00666
883.8599854,-0.00541,-0.00259,0.00517,-0.00558,-0.0086,-0.0062
884.1699829,-0.00568,-0.00248,0.00541,-0.00579,-0.00856,-0.00581
884.4799805,-0.00553,-0.00256,0.00563,-0.00496,-0.00832,-0.00569
884.789978,-0.00545,-0.00245,0.00575,-0.005,-0.00852,-0.00519
885.0900269,-0.00601,-0.00277,0.00536,-0.00544,-0.00887,-0.00516
885.4000244,-0.00594,-0.0025,0.00474,-0.0058,-0.008690001,-0.00497
885.710022,-0.00583,-0.00254,0.00449,-0.00586,-0.00903,-0.00545
886.0200195,-0.00589,-0.0028,0.00428,-0.00611,-0.00954,-0.00543
886.3300171,-0.00532,-0.00281,0.0041,-0.00588,-0.00999,-0.00564
886.6400146,-0.00508,-0.00274,0.00377,-0.00654,-0.01006,-0.00588
886.9500122,-0.00511,-0.00263,0.00363,-0.00629,-0.00973,-0.00574
887.2600098,-0.00513,-0.00266,0.00325,-0.00651,-0.00958,-0.00629
887.5700073,-0.00524,-0.00289,0.00349,-0.00623,-0.00945,-0.00622
887.8699951,-0.0058,-0.0028,0.00345,-0.00643,-0.00957,-0.00626
888.1799927,-0.00611,-0.00289,0.00361,-0.00647,-0.00917,-0.00634
888.4899902,-0.00653,-0.00324,0.00335,-0.0072,-0.00889,-0.00653
888.7999878,-0.00718,-0.00353,0.00332,-0.00748,-0.00914,-0.0065
889.1099854,-0.00703,-0.00356,0.00375,-0.00731,-0.009459999,-0.00717
889.4199829,-0.00715,-0.00382,0.00394,-0.00764,-0.009959999,-0.00766
889.7199707,-0.00725,-0.00364,0.0036,-0.008090001,-0.01043,-0.00789
890.0300293,-0.00702,-0.0037,0.00349,-0.00807,-0.01023,-0.00789
890.3400269,-0.00687,-0.00359,0.00314,-0.00818,-0.01064,-0.00794
890.6500244,-0.00682,-0.00339,0.00336,-0.00756,-0.01095,-0.00769
890.960022,-0.00648,-0.00321,0.00349,-0.00762,-0.011059999,-0.00791
891.2700195,-0.00671,-0.00308,0.00338,-0.00819,-0.01081,-0.00766
891.5700073,-0.00673,-0.00304,0.00347,-0.00799,-0.01033,-0.00719
891.8800049,-0.00646,-0.00289,0.00363,-0.00761,-0.01007,-0.00686
892.1900024,-0.0068,-0.00341,0.00366,-0.00801,-0.01059,-0.00691
892.5,-0.00675,-0.00347,0.00413,-0.00778,-0.010650001,-0.00674
892.7999878,-0.00657,-0.00319,0.00421,-0.00757,-0.009959999,-0.00664
893.1099854,-0.00668,-0.00334,0.00405,-0.00743,-0.00932,-0.00623
893.4199829,-0.00676,-0.00364,0.00396,-0.00746,-0.00953,-0.00613
893.7299805,-0.00633,-0.00351,0.00407,-0.00738,-0.00979,-0.00593
894.039978,-0.00663,-0.00389,0.00409,-0.00761,-0.00999,-0.00625
894.3400269,-0.00631,-0.00359,0.00405,-0.00718,-0.00982,-0.00619
894.6500244,-0.00614,-0.00334,0.00389,-0.00764,-0.00932,-0.00631
894.960022,-0.00625,-0.00315,0.00406,-0.007850001,-0.00939,-0.00627
895.2600098,-0.00554,-0.00239,0.00452,-0.00744,-0.00931,-0.00562
895.5700073,-0.00543,-0.00233,0.00434,-0.00669,-0.00915,-0.00575
895.8800049,-0.00563,-0.00235,0.00435,-0.00675,-0.0091,-0.00561
896.1900024,-0.00559,-0.00244,0.00482,-0.00634,-0.00875,-0.00519
896.4899902,-0.00649,-0.00239,0.00443,-0.00697,-0.00903,-0.00562
896.7999878,-0.00662,-0.0025,0.00444,-0.00654,-0.00908,-0.00579
897.1099854,-0.00652,-0.00297,0.00385,-0.00645,-0.00983,-0.00608
897.4199829,-0.00746,-0.00357,0.00352,-0.00682,-0.01056,-0.00721
897.7199707,-0.00791,-0.00399,0.00322,-0.00775,-0.01092,-0.00772
898.0300293,-0.00778,-0.004,0.00329,-0.00759,-0.01075,-0.007900001
898.3400269,-0.00781,-0.00366,0.00286,-0.00811,-0.01095,-0.00836
898.6400146,-0.00703,-0.00362,0.00298,-0.00763,-0.01053,-0.00759
898.9500122,-0.00751,-0.00361,0.00256,-0.00797,-0.010980001,-0.007850001
899.2600098,-0.00798,-0.0038,0.00263,-0.00858,-0.01086,-0.00837
899.5599976,-0.00779,-0.00382,0.00245,-0.00857,-0.01038,-0.00804
899.8699951,-0.00734,-0.00371,0.00242,-0.008309999,-0.01052,-0.00803
900.1799927,-0.00744,-0.00374,0.00232,-0.008169999,-0.01052,-0.00818
900.4799805,-0.00736,-0.00371,0.00253,-0.00826,-0.01046,-0.008140001
900.789978,-0.00726,-0.00377,0.00285,-0.00862,-0.010729999,-0.008450001
901.0999756,-0.00671,-0.0037,0.00333,-0.00853,-0.010369999,-0.00758
901.4000244,-0.0066,-0.00313,0.0035,-0.00789,-0.00997,-0.00672
901.710022,-0.00626,-0.00321,0.00362,-0.00813,-0.01023,-0.00669
902.0100098,-0.00615,-0.00236,0.00439,-0.00765,-0.00912,-0.00545
902.3200073,-0.00563,-0.00184,0.00487,-0.00712,-0.009380001,-0.005
902.6300049,-0.00571,-0.00199,0.00464,-0.0069,-0.009380001,-0.00482
902.9299927,-0.00578,-0.00186,0.00437,-0.00678,-0.009509999,-0.005
903.2399902,-0.00629,-0.00206,0.0041,-0.00709,-0.01011,-0.00565
903.539978,-0.00584,-0.00219,0.00446,-0.00701,-0.01011,-0.00596
903.8499756,-0.00656,-0.00255,0.00412,-0.00763,-0.01055,-0.00691
904.1599731,-0.00673,-0.00322,0.00313,-0.00799,-0.01126,-0.00791
904.460022,-0.00715,-0.0039,0.00263,-0.009240001,-0.01134,-0.00861
904.7700195,-0.00751,-0.00397,0.00242,-0.009430001,-0.011879999,-0.00878
905.0700073,-0.00762,-0.00414,0.00269,-0.00939,-0.01159,-0.00902
905.3800049,-0.00701,-0.00377,0.0028,-0.00905,-0.011039999,-0.00853
905.6799927,-0.00687,-0.00403,0.00276,-0.0095,-0.01089,-0.00811
905.9899902,-0.00645,-0.00385,0.00259,-0.008880001,-0.01076,-0.0077
906.2999878,-0.00696,-0.00408,0.00255,-0.00934,-0.01135,-0.00784
906.5999756,-0.00701,-0.004,0.00244,-0.0092,-0.01135,-0.00778
906.9099731,-0.00685,-0.00403,0.00279,-0.00945,-0.01126,-0.00779
907.210022,-0.00664,-0.00426,0.00286,-0.00935,-0.01097,-0.00784
907.5200195,-0.00709,-0.00474,0.00294,-0.00953,-0.01128,-0.00844
907.8200073,-0.00762,-0.0049,0.00278,-0.00934,-0.01212,-0.00901
908.1300049,-0.00724,-0.00476,0.00299,-0.00922,-0.01205,-0.008640001
908.4299927,-0.00683,-0.00487,0.00326,-0.00921,-0.01201,-0.00852
908.7399902,-0.00711,-0.00468,0.00282,-0.0088,-0.01227,-0.0083
909.039978,-0.00745,-0.00533,0.00234,-0.00881,-0.0127,-0.00901
909.3499756,-0.007710001,-0.00519,0.00228,-0.00875,-0.012999999,-0.00863
909.6500244,-0.00769,-0.00553,0.00181,-0.00911,-0.01317,-0.00861
909.960022,-0.007929999,-0.00552,0.00161,-0.00936,-0.01324,-0.008909999
910.2600098,-0.00834,-0.00564,0.00189,-0.00935,-0.01352,-0.00865
910.5700073,-0.00832,-0.00513,0.00265,-0.00907,-0.012949999,-0.0083
910.8699951,-0.00815,-0.00534,0.00307,-0.00934,-0.01284,-0.00841
911.1799927,-0.00781,-0.00489,0.00323,-0.00925,-0.01282,-0.00791
911.4799805,-0.00786,-0.00468,0.00311,-0.00976,-0.01288,-0.00838
911.789978,-0.008309999,-0.00458,0.00298,-0.00984,-0.01298,-0.00823
912.0900269,-0.008090001,-0.00487,0.00242,-0.01045,-0.01308,-0.00803
912.3900146,-0.00773,-0.00437,0.00252,-0.010779999,-0.01227,-0.00807
912.7000122,-0.00772,-0.00474,0.0019,-0.0107,-0.01254,-0.00843
913,-0.00737,-0.00486,0.00174,-0.01061,-0.012180001,-0.00828
913.3099976,-0.00729,-0.00467,0.00166,-0.010729999,-0.01175,-0.00842
913.6099854,-0.00717,-0.0048,0.00192,-0.01039,-0.01206,-0.00806
913.9199829,-0.00706,-0.00497,0.00225,-0.01022,-0.012200001,-0.00802
914.2199707,-0.00724,-0.00493,0.00304,-0.00975,-0.011820001,-0.00807
914.5200195,-0.00778,-0.00526,0.00285,-0.00917,-0.012300001,-0.00824
914.8300171,-0.00839,-0.00602,0.00215,-0.00973,-0.01265,-0.00858
915.1300049,-0.00908,-0.0063,0.00215,-0.010240001,-0.01249,-0.008450001
915.4400024,-0.00928,-0.00614,0.00274,-0.00987,-0.01255,-0.00802
915.7399902,-0.00939,-0.00621,0.00276,-0.00995,-0.01237,-0.00791
916.039978,-0.00895,-0.0057,0.00292,-0.00972,-0.011849999,-0.00784
916.3499756,-0.008880001,-0.00569,0.0027,-0.01003,-0.01164,-0.00765
916.6500244,-0.008590001,-0.00603,0.00269,-0.011109999,-0.01175,-0.00791
916.960022,-0.008690001,-0.00579,0.00333,-0.01134,-0.01159,-0.00805
917.2600098,-0.008590001,-0.00584,0.00312,-0.01128,-0.01219,-0.00866
917.5599976,-0.00901,-0.00659,0.00284,-0.01196,-0.0124,-0.00913
917.8699951,-0.00945,-0.00673,0.00218,-0.0119,-0.01254,-0.00942
918.1699829,-0.00959,-0.00729,0.00204,-0.012180001,-0.013300001,-0.00982
918.4699707,-0.009430001,-0.00712,0.00137,-0.012460001,-0.01418,-0.0108
918.7800293,-0.00977,-0.00689,0.00119,-0.01219,-0.01413,-0.0107
919.0800171,-0.00883,-0.00641,0.00139,-0.011619999,-0.013789999,-0.010679999
919.3800049,-0.00868,-0.00697,0.00121,-0.01232,-0.01408,-0.01066
919.6900024,-0.00861,-0.00721,0.00063,-0.01239,-0.0148,-0.01089
919.9899902,-0.00861,-0.00813,0.00035,-0.01278,-0.01526,-0.01125
920.289978,-0.008880001,-0.00835,5.00E-05,-0.01319,-0.01543,-0.011569999
920.5900269,-0.00945,-0.00898,0.00013,-0.01301,-0.015,-0.010980001
920.9000244,-0.00973,-0.00986,-0.00038,-0.012999999,-0.01492,-0.011410001
921.2000122,-0.01095,-0.010369999,-0.00101,-0.013739999,-0.015629999,-0.01195
921.5,-0.01154,-0.00997,-0.00125,-0.012999999,-0.01575,-0.01238
921.8099976,-0.0113,-0.0097,-0.00142,-0.01285,-0.01509,-0.01279
922.1099854,-0.01164,-0.00927,-0.00105,-0.01344,-0.01482,-0.01286
922.4099731,-0.01117,-0.00815,-0.00083,-0.0128,-0.01429,-0.012180001
922.710022,-0.011419999,-0.00773,-0.00051,-0.01274,-0.01447,-0.01278
923.0200195,-0.011519999,-0.00745,0.00018,-0.01264,-0.01486,-0.012940001
923.3200073,-0.01101,-0.00659,0.00088,-0.01164,-0.01395,-0.012610001
923.6199951,-0.011460001,-0.00608,0.00101,-0.01202,-0.01391,-0.0127
923.9199829,-0.011829999,-0.00553,0.00168,-0.0121,-0.014099999,-0.01207
924.2299805,-0.01159,-0.0048,0.00192,-0.01244,-0.01398,-0.011720001
924.5300293,-0.01227,-0.00543,0.00169,-0.01285,-0.01407,-0.01284
924.8300171,-0.01266,-0.00495,0.00153,-0.0127,-0.014090001,-0.01217
925.1300049,-0.01278,-0.00507,0.00104,-0.01307,-0.014249999,-0.012159999
925.4400024,-0.01234,-0.0058,0.00044,-0.01377,-0.01507,-0.0121
925.7399902,-0.011770001,-0.00637,0.00045,-0.01395,-0.01455,-0.01243
926.039978,-0.011510001,-0.00673,-9.00E-05,-0.01423,-0.01413,-0.01266
926.3400269,-0.011670001,-0.00741,-0.00085,-0.01356,-0.01437,-0.013409999
926.6400146,-0.01138,-0.00773,-0.00143,-0.01313,-0.01461,-0.01255
926.9500122,-0.01075,-0.008309999,-0.00168,-0.013099999,-0.01419,-0.01276
927.25,-0.01095,-0.00914,-0.00241,-0.01347,-0.014359999,-0.01319
927.5499878,-0.01198,-0.00894,-0.00229,-0.0139,-0.01447,-0.01309
927.8499756,-0.01234,-0.00913,-0.00247,-0.01388,-0.015140001,-0.01316
928.1500244,-0.01207,-0.009190001,-0.00213,-0.01362,-0.01506,-0.01289
928.460022,-0.01164,-0.0084,-0.00125,-0.013309999,-0.01451,-0.01217
928.7600098,-0.012200001,-0.00838,-0.00082,-0.014199999,-0.01416,-0.01253
929.0599976,-0.01204,-0.007879999,-0.00011,-0.014359999,-0.01437,-0.012560001
929.3599854,-0.01189,-0.00707,0.00054,-0.01433,-0.014529999,-0.01165
929.6599731,-0.01144,-0.00776,8.00E-05,-0.013839999,-0.01364,-0.01192
929.960022,-0.01116,-0.00741,0,-0.01421,-0.01324,-0.01135
930.2600098,-0.01217,-0.00821,-0.00133,-0.01466,-0.013839999,-0.01268
930.5700073,-0.012460001,-0.00835,-0.00172,-0.01449,-0.01398,-0.01288
930.8699951,-0.012130001,-0.00807,-0.00223,-0.01418,-0.01434,-0.013309999
931.1699829,-0.01263,-0.009,-0.00308,-0.01443,-0.014500001,-0.013400001
931.4699707,-0.01327,-0.00964,-0.00401,-0.01432,-0.01418,-0.01434
931.7700195,-0.012990001,-0.0085,-0.00356,-0.01438,-0.01427,-0.01408
932.0700073,-0.01281,-0.0084,-0.00303,-0.01345,-0.01398,-0.01343
932.3699951,-0.01222,-0.00747,-0.00164,-0.01273,-0.01368,-0.011879999
932.6699829,-0.012150001,-0.00738,-0.00162,-0.013710001,-0.014199999,-0.01171
932.9699707,-0.0127,-0.00783,-0.00126,-0.01422,-0.013940001,-0.0116
933.2700195,-0.013150001,-0.00834,-0.00143,-0.014570001,-0.01441,-0.01189
933.5800171,-0.01255,-0.00787,-0.00126,-0.01482,-0.01535,-0.01122
933.8800049,-0.013200001,-0.00836,-0.0018,-0.01505,-0.016449999,-0.01114
934.1799927,-0.01417,-0.00917,-0.00304,-0.016249999,-0.01743,-0.012150001
934.4799805,-0.01446,-0.00937,-0.00403,-0.016929999,-0.017549999,-0.012990001
934.7800293,-0.0152,-0.011089999,-0.0044,-0.0174,-0.017619999,-0.01402
935.0800171,-0.01543,-0.01153,-0.00481,-0.017309999,-0.018370001,-0.01419
935.3800049,-0.01518,-0.011109999,-0.00535,-0.01733,-0.01849,-0.014140001
935.6799927,-0.015939999,-0.011870001,-0.00529,-0.01749,-0.01808,-0.01454
935.9799805,-0.01623,-0.01279,-0.00559,-0.017990001,-0.018370001,-0.01501
936.2800293,-0.015969999,-0.012569999,-0.00489,-0.017280001,-0.0186,-0.01535
936.5800171,-0.01589,-0.0128,-0.00428,-0.01694,-0.018890001,-0.01486
936.8800049,-0.015939999,-0.01279,-0.00496,-0.016929999,-0.01946,-0.01497
937.1799927,-0.016030001,-0.01266,-0.00478,-0.017000001,-0.019950001,-0.014989999
937.4799805,-0.016030001,-0.01298,-0.00521,-0.01737,-0.02015,-0.01551
937.7800293,-0.01481,-0.01129,-0.00412,-0.016799999,-0.019199999,-0.014400001
938.0800171,-0.01422,-0.01041,-0.00325,-0.016410001,-0.01853,-0.01392
938.3800049,-0.014,-0.01051,-0.00341,-0.01719,-0.018609999,-0.01352
938.6799927,-0.0143,-0.010880001,-0.00357,-0.017039999,-0.01908,-0.01441
938.9799805,-0.01332,-0.0095,-0.00271,-0.0163,-0.018680001,-0.014
939.2800293,-0.01339,-0.00948,-0.0034,-0.01626,-0.018309999,-0.014789999
939.5800171,-0.0126,-0.00866,-0.00176,-0.016000001,-0.018060001,-0.01485
939.8800049,-0.01319,-0.00992,-0.0023,-0.01667,-0.01983,-0.01619
940.1799927,-0.01416,-0.01081,-0.00313,-0.017339999,-0.02049,-0.01675
940.4799805,-0.01402,-0.01047,-0.00328,-0.016659999,-0.021240002,-0.01722
940.7800293,-0.01318,-0.01001,-0.00342,-0.016649999,-0.02059,-0.01619
941.0800171,-0.014830001,-0.0119,-0.00464,-0.017970001,-0.022030002,-0.01691
941.3800049,-0.01431,-0.012159999,-0.00477,-0.01877,-0.023259999,-0.016390001
941.6799927,-0.01439,-0.012300001,-0.00549,-0.01812,-0.022850001,-0.014989999
941.9799805,-0.01403,-0.012469999,-0.00609,-0.01809,-0.022750001,-0.01567
942.2700195,-0.01397,-0.01286,-0.00677,-0.01864,-0.023699999,-0.01581
942.5700073,-0.0143,-0.012970001,-0.00716,-0.018339999,-0.02276,-0.015729999
942.8699951,-0.01495,-0.013250001,-0.00754,-0.01946,-0.02379,-0.016759999
943.1699829,-0.01477,-0.01333,-0.00766,-0.019199999,-0.023870001,-0.01605
943.4699707,-0.015939999,-0.01525,-0.00767,-0.01997,-0.023699999,-0.01716
943.7700195,-0.016729999,-0.016380001,-0.00758,-0.02069,-0.02533,-0.01871
944.0700073,-0.01801,-0.01667,-0.00747,-0.021600001,-0.025929999,-0.01915
944.3699951,-0.0177,-0.01605,-0.00635,-0.020339999,-0.02503,-0.019640001
944.6699829,-0.01867,-0.01804,-0.00654,-0.021120001,-0.025940001,-0.020819999
944.9699707,-0.01994,-0.018689999,-0.00707,-0.020850001,-0.025880001,-0.021289999
945.2600098,-0.019680001,-0.017829999,-0.00648,-0.019919999,-0.025409998,-0.02183
945.5599976,-0.01873,-0.01599,-0.00601,-0.01829,-0.024909999,-0.020889999
945.8599854,-0.01932,-0.0154,-0.00676,-0.01914,-0.024639999,-0.021459999
946.1599731,-0.019450001,-0.01595,-0.00834,-0.01905,-0.02506,-0.020719999
946.460022,-0.019060001,-0.01608,-0.00879,-0.01928,-0.025020001,-0.020580001
946.7600098,-0.018309999,-0.01465,-0.00881,-0.018750001,-0.02478,-0.01935
947.0499878,-0.01795,-0.01529,-0.00876,-0.01891,-0.025079999,-0.019609999
947.3499756,-0.01795,-0.015579999,-0.00955,-0.01922,-0.024700001,-0.01974
947.6500244,-0.018139999,-0.015659999,-0.00911,-0.019170001,-0.024719998,-0.019960001
947.9500122,-0.018680001,-0.017170001,-0.00969,-0.019579999,-0.025309999,-0.02021
948.25,-0.01943,-0.017439999,-0.01012,-0.020090001,-0.025420001,-0.021470001
948.5499878,-0.020680001,-0.017729999,-0.00997,-0.01946,-0.026450001,-0.02101
948.8400269,-0.02214,-0.018519999,-0.01053,-0.021340001,-0.02816,-0.022939999
949.1400146,-0.022679999,-0.01842,-0.011670001,-0.02141,-0.02902,-0.023340002
949.4400024,-0.02228,-0.01859,-0.011059999,-0.02149,-0.02987,-0.02355
949.7399902,-0.02555,-0.019029999,-0.01242,-0.023239998,-0.02984,-0.023529999
950.039978,-0.024110001,-0.01801,-0.011089999,-0.02189,-0.029200001,-0.022700001
950.3300171,-0.022980001,-0.01746,-0.009330001,-0.020280002,-0.029170001,-0.02242
950.6300049,-0.02289,-0.01785,-0.010249999,-0.020969998,-0.02915,-0.023139998
950.9299927,-0.021960001,-0.01719,-0.010779999,-0.0208,-0.029170001,-0.021979999
951.2299805,-0.021289999,-0.01737,-0.00969,-0.02094,-0.029140001,-0.021779999
951.5200195,-0.023290001,-0.017690001,-0.009980001,-0.0217,-0.029189998,-0.021840001
951.8200073,-0.02091,-0.018139999,-0.01056,-0.02141,-0.030480001,-0.022869999
952.1199951,-0.021050001,-0.018099999,-0.0106,-0.022500001,-0.030769998,-0.022219999
952.4199829,-0.02098,-0.0177,-0.01214,-0.024739999,-0.03091,-0.02273
952.710022,-0.021429999,-0.018990001,-0.013710001,-0.02705,-0.031689998,-0.023800001
953.0100098,-0.02252,-0.0195,-0.01319,-0.02657,-0.030139999,-0.02372
953.3099976,-0.023399999,-0.02014,-0.01342,-0.02651,-0.03039,-0.02434
953.6099854,-0.02131,-0.01967,-0.01314,-0.025280001,-0.02925,-0.024230001
953.9000244,-0.021600001,-0.02053,-0.013350001,-0.026080001,-0.02954,-0.025020001
954.2000122,-0.02317,-0.02187,-0.015310001,-0.027460001,-0.03091,-0.026670001
954.5,-0.023429999,-0.021930002,-0.01428,-0.025940001,-0.02987,-0.025459999
954.789978,-0.02318,-0.020780001,-0.01279,-0.024549998,-0.029830001,-0.0252
955.0900269,-0.02331,-0.020810001,-0.01309,-0.024660001,-0.031400003,-0.02647
955.3900146,-0.02369,-0.021189999,-0.012970001,-0.026240001,-0.031719998,-0.02695
955.6799927,-0.023829998,-0.022149999,-0.013300001,-0.028010001,-0.033039998,-0.028269999
955.9799805,-0.023759998,-0.021600001,-0.0125,-0.02648,-0.031789999,-0.027279999
956.2800293,-0.023,-0.021159999,-0.01169,-0.025359999,-0.030710001,-0.026240001
956.5700073,-0.02338,-0.022399999,-0.01082,-0.025490001,-0.03167,-0.026830001
956.8699951,-0.023610001,-0.022639999,-0.01097,-0.02517,-0.031689998,-0.02726
957.1699829,-0.023089999,-0.02341,-0.010290001,-0.026559999,-0.03056,-0.026240001
957.460022,-0.02256,-0.022920001,-0.011460001,-0.025940001,-0.030569999,-0.025669999
957.7600098,-0.0233,-0.02303,-0.01242,-0.02644,-0.030789999,-0.02475
958.0599976,-0.023150001,-0.022179998,-0.01204,-0.027709998,-0.031380001,-0.024500001
958.3499756,-0.02447,-0.022880001,-0.012949999,-0.028989999,-0.03348,-0.02648
958.6500244,-0.024419999,-0.02251,-0.01353,-0.030620001,-0.032820001,-0.026219999
958.9500122,-0.02582,-0.023640001,-0.01529,-0.033670001,-0.034079999,-0.02712
959.2399902,-0.02586,-0.023559999,-0.015369999,-0.03263,-0.033810001,-0.026389999
959.539978,-0.026600001,-0.02375,-0.01525,-0.033440001,-0.034779999,-0.027609998
959.8300171,-0.02782,-0.023599999,-0.015520001,-0.0337,-0.03534,-0.02706
960.1300049,-0.029059999,-0.02544,-0.018139999,-0.034649998,-0.037160002,-0.028750001
960.4299927,-0.02885,-0.024730001,-0.0199,-0.035020001,-0.036320001,-0.029240001
960.7199707,-0.02861,-0.025910001,-0.022230001,-0.035039999,-0.03827,-0.030869998
961.0200195,-0.027309999,-0.02623,-0.02149,-0.034200002,-0.038959999,-0.030350002
961.3099976,-0.02823,-0.02795,-0.02217,-0.033989999,-0.040580001,-0.031479999
961.6099854,-0.03046,-0.02933,-0.023290001,-0.035080001,-0.042100001,-0.032279998
961.9000244,-0.032099999,-0.030650001,-0.02486,-0.037720002,-0.043119997,-0.035330001
962.2000122,-0.030720001,-0.030160001,-0.02262,-0.03661,-0.041929998,-0.033800002
962.5,-0.031410001,-0.03111,-0.02073,-0.035390001,-0.041620001,-0.03277
962.789978,-0.032479998,-0.030869998,-0.018789999,-0.03593,-0.041639999,-0.03173
963.0900269,-0.034979999,-0.03207,-0.019850001,-0.037219997,-0.042600002,-0.03221
963.3800049,-0.03469,-0.03142,-0.02036,-0.038350001,-0.041379999,-0.032230001
963.6799927,-0.032560002,-0.028770002,-0.01729,-0.036249999,-0.038869999,-0.030350002
963.9699707,-0.030959999,-0.027939999,-0.015759999,-0.033970002,-0.038720001,-0.030050002
964.2700195,-0.03018,-0.026659999,-0.01598,-0.03413,-0.039330002,-0.031140001
964.5599976,-0.030669998,-0.027039999,-0.016559999,-0.034669999,-0.040009998,-0.031429999
964.8599854,-0.03136,-0.026819998,-0.01818,-0.036120001,-0.040170003,-0.032760002
965.1500244,-0.030840002,-0.02568,-0.01864,-0.034479998,-0.039900001,-0.03348
965.4500122,-0.03159,-0.027079999,-0.020160001,-0.03503,-0.042830002,-0.035020001
965.7399902,-0.031959999,-0.02935,-0.022469999,-0.0361,-0.04335,-0.035130002
966.039978,-0.032790001,-0.02953,-0.022950001,-0.035969999,-0.043260001,-0.03297
966.3300171,-0.035080001,-0.030069999,-0.024820002,-0.037069999,-0.041939996,-0.032669999
966.6300049,-0.034619998,-0.028570002,-0.023640001,-0.03607,-0.041900001,-0.032880001
966.9199829,-0.034899998,-0.02853,-0.02238,-0.035350002,-0.040770002,-0.033500001
967.2199707,-0.03393,-0.029440001,-0.022,-0.03723,-0.039619997,-0.0337
967.5100098,-0.033199999,-0.027240001,-0.019750001,-0.03675,-0.038690001,-0.032120001
967.8099976,-0.033780001,-0.02715,-0.020099999,-0.03864,-0.039930001,-0.03286
968.0999756,-0.03438,-0.029209999,-0.020959999,-0.040939998,-0.041379999,-0.03531
968.4000244,-0.035580002,-0.032090001,-0.022230001,-0.042270001,-0.045120001,-0.036389999
968.6900024,-0.036880001,-0.03311,-0.02431,-0.04507,-0.044710003,-0.037439998
968.9799805,-0.035750002,-0.034000002,-0.025339998,-0.043030001,-0.044610001,-0.035530001
969.2800293,-0.03554,-0.03249,-0.025150001,-0.040679999,-0.044629999,-0.034000002
969.5700073,-0.035879999,-0.033659998,-0.025869999,-0.042540003,-0.04414,-0.035969999
969.8699951,-0.03466,-0.032880001,-0.025239998,-0.041050002,-0.042160001,-0.03638
970.1599731,-0.033920001,-0.033,-0.024460001,-0.040460002,-0.041979998,-0.03616
970.460022,-0.03002,-0.03081,-0.021120001,-0.038690001,-0.03954,-0.035269998
970.75,-0.028900001,-0.031570002,-0.02172,-0.03788,-0.040900003,-0.034570001
971.039978,-0.02922,-0.03091,-0.02104,-0.038900003,-0.04104,-0.035980001
971.3400269,-0.030680001,-0.032159999,-0.022079999,-0.04163,-0.04245,-0.037390001
971.6300049,-0.02947,-0.032390002,-0.022809999,-0.042280003,-0.042830002,-0.037390001
971.9299927,-0.03111,-0.03413,-0.02503,-0.043369997,-0.044780001,-0.038399998
972.2199707,-0.032360002,-0.034779999,-0.027079999,-0.043850001,-0.04654,-0.038789999
972.5100098,-0.036740001,-0.036429998,-0.02967,-0.043219998,-0.04755,-0.040539999
972.8099976,-0.038079999,-0.03655,-0.030269999,-0.044689998,-0.048689999,-0.042610001
973.0999756,-0.039470002,-0.038180001,-0.032740001,-0.044970002,-0.05187,-0.044829998
973.3900146,-0.038090002,-0.039330002,-0.030950001,-0.046090003,-0.051720001,-0.04535
973.6900024,-0.040310003,-0.03847,-0.030710001,-0.044159997,-0.052750003,-0.045189999
973.9799805,-0.040130001,-0.039219998,-0.028859999,-0.045440003,-0.053350002,-0.043620002
974.2700195,-0.038819999,-0.037330002,-0.027000001,-0.045359999,-0.053160001,-0.045089997
974.5700073,-0.040149998,-0.039080001,-0.028580001,-0.05125,-0.055190001,-0.045779999
974.8599854,-0.041929998,-0.040359996,-0.028989999,-0.052750003,-0.056020003,-0.04637
975.1500244,-0.043330003,-0.041810002,-0.03012,-0.056370001,-0.05669,-0.047630001
975.4500122,-0.04329,-0.041239999,-0.02977,-0.053379998,-0.055229999,-0.04651
975.7399902,-0.042100001,-0.040900003,-0.02991,-0.054330003,-0.05333,-0.046830002
976.0300293,-0.042259999,-0.040289998,-0.034389999,-0.0539,-0.05432,-0.050619997
976.3300171,-0.042830002,-0.039439999,-0.035560001,-0.053690001,-0.052259997,-0.049559999
976.6199951,-0.039360002,-0.03596,-0.032049999,-0.048220001,-0.050300002,-0.047859997
976.9099731,-0.036819998,-0.03641,-0.030789999,-0.04532,-0.0504,-0.046119999
977.210022,-0.03548,-0.03545,-0.029240001,-0.043130003,-0.048870001,-0.042550001
977.5,-0.035119999,-0.03452,-0.030889999,-0.043609999,-0.049550001,-0.041450001
977.789978,-0.03703,-0.036710002,-0.031600002,-0.045679998,-0.053300001,-0.043569997
978.0800171,-0.038490001,-0.03751,-0.02874,-0.046090003,-0.051490001,-0.042800002
978.3800049,-0.037520003,-0.039749999,-0.029070001,-0.04597,-0.053619999,-0.041479997
978.6699829,-0.039480001,-0.042930003,-0.031600002,-0.04792,-0.05528,-0.043130003
978.960022,-0.042640001,-0.045729998,-0.034899998,-0.050479997,-0.056500003,-0.046119999
979.25,-0.043070003,-0.045900002,-0.033980001,-0.050419997,-0.056880001,-0.049640004
979.5499878,-0.045619998,-0.046939999,-0.03396,-0.051230002,-0.0583,-0.05235
979.8400269,-0.04693,-0.049689997,-0.03858,-0.050619997,-0.058280002,-0.052540001
980.1300049,-0.045819998,-0.050409999,-0.037969999,-0.051259998,-0.059459999,-0.05105
980.4199829,-0.047529999,-0.052170001,-0.040100001,-0.053229999,-0.060249999,-0.054619998
980.710022,-0.049829997,-0.05412,-0.041050002,-0.05559,-0.062059999,-0.057300001
981.0100098,-0.046490002,-0.053990003,-0.039179999,-0.056869999,-0.061669998,-0.054930001
981.2999878,-0.048670001,-0.053920001,-0.041589998,-0.059390001,-0.064999998,-0.05294
981.5900269,-0.051209997,-0.05624,-0.04442,-0.062800005,-0.067490004,-0.055199999
981.8800049,-0.050329998,-0.052750003,-0.041149996,-0.062240001,-0.067729995,-0.054559998
982.1799927,-0.051059999,-0.052049998,-0.043979999,-0.061880004,-0.068740003,-0.055570003
982.4699707,-0.040520001,-0.037080001,-0.025910001,-0.046090003,-0.052329998,-0.036459997
982.7600098,-0.038419999,-0.036219999,-0.02595,-0.0471,-0.050919998,-0.036839999
983.0499878,-0.038710002,-0.032560002,-0.024909999,-0.04414,-0.049790002,-0.037080001
983.3400269,-0.038660001,-0.03376,-0.02578,-0.043759998,-0.048160002,-0.03819
983.6300049,-0.037560001,-0.03602,-0.027960001,-0.042930003,-0.048979998,-0.038449999
983.9299927,-0.039549999,-0.037799999,-0.0296,-0.043230001,-0.04724,-0.038929999
984.2199707,-0.036189999,-0.038789999,-0.02898,-0.043720003,-0.047480002,-0.039100002
984.5100098,-0.047230002,-0.053979997,-0.04634,-0.061250001,-0.063809998,-0.058000002
984.7999878,-0.050960001,-0.055209998,-0.051580001,-0.062760003,-0.064949997,-0.057700001
985.0900269,-0.05711,-0.057640001,-0.054140002,-0.064989999,-0.067299999,-0.06005
985.3800049,-0.056560002,-0.059710003,-0.057550002,-0.066599995,-0.070720002,-0.06301
985.6699829,-0.052080002,-0.056189999,-0.055430003,-0.066380002,-0.067429997,-0.05923
985.960022,-0.050219998,-0.056290001,-0.053520001,-0.067129999,-0.069899999,-0.05923
986.2600098,-0.052080002,-0.05711,-0.052600004,-0.06566,-0.069689997,-0.058769997
986.5499878,-0.054920003,-0.059599999,-0.05483,-0.067060001,-0.072919995,-0.060430001
986.8400269,-0.05274,-0.058150001,-0.048309997,-0.064949997,-0.072670005,-0.058390003
987.1300049,-0.049419999,-0.05632,-0.046040002,-0.065570004,-0.067850001,-0.05528
987.4199829,-0.05009,-0.05652,-0.043740001,-0.065570004,-0.066859998,-0.052829999
987.710022,-0.055710003,-0.057399999,-0.044810001,-0.066929996,-0.070629999,-0.058150001
988,-0.058850002,-0.061609998,-0.048249997,-0.069799997,-0.07384,-0.060729999
988.289978,-0.063450001,-0.066569999,-0.053969998,-0.077259995,-0.078330003,-0.065679997
988.5800171,-0.065540001,-0.06893,-0.055339999,-0.078620002,-0.080810003,-0.06696
988.8699951,-0.064669997,-0.067429997,-0.056389999,-0.07598,-0.081370004,-0.064350002
989.1599731,-0.066479996,-0.070160002,-0.059749998,-0.078099996,-0.088789999,-0.066710003
989.460022,-0.066859998,-0.068319999,-0.057729997,-0.076640002,-0.08681,-0.069460005
989.75,-0.068319999,-0.070549995,-0.057740003,-0.077950001,-0.089220002,-0.067869999
990.039978,-0.069169998,-0.068000004,-0.05765,-0.079039998,-0.089029998,-0.065899998
990.3300171,-0.069480002,-0.063930005,-0.05545,-0.076739997,-0.086130001,-0.065049998
990.6199951,-0.069810003,-0.061490003,-0.059330001,-0.079640001,-0.084380001,-0.06673
990.9099731,-0.07463,-0.066509999,-0.067369998,-0.086219996,-0.08698,-0.072290003
991.2000122,-0.072230004,-0.06583,-0.06329,-0.082939997,-0.080490001,-0.069260001
991.4899902,-0.076290004,-0.07237,-0.069310002,-0.088959999,-0.086089998,-0.070019998
991.7800293,-0.072970003,-0.071890004,-0.069820002,-0.089090005,-0.084550001,-0.07062
992.0700073,-0.073629998,-0.073550001,-0.070909999,-0.090829998,-0.085639998,-0.073399998
992.3599854,-0.076849997,-0.077820003,-0.075599998,-0.092559993,-0.090620004,-0.07559
992.6500244,-0.074220002,-0.07508,-0.069640003,-0.083909996,-0.087250002,-0.072149999
992.9400024,-0.073520005,-0.07418,-0.067160003,-0.085059993,-0.090829998,-0.072310001
993.2299805,-0.077150002,-0.076719999,-0.074250005,-0.088789999,-0.096440002,-0.076409996
993.5200195,-0.074050002,-0.074110001,-0.075649999,-0.08732,-0.094969995,-0.076519996
993.8099976,-0.08202,-0.07801,-0.077919997,-0.090179995,-0.095679998,-0.078639999
994.0999756,-0.081990004,-0.079700001,-0.078759998,-0.090319999,-0.098339997,-0.081239998
994.3900146,-0.078189999,-0.074869998,-0.077,-0.089420006,-0.096020006,-0.080179997
994.6799927,-0.07784,-0.075630002,-0.078390002,-0.09691,-0.097570002,-0.082650006
994.960022,-0.075840004,-0.07485,-0.076159999,-0.094090007,-0.093260005,-0.082970001
995.25,-0.077229999,-0.07666,-0.07463,-0.095490001,-0.096079998,-0.084910005
995.539978,-0.083179995,-0.079879999,-0.072999999,-0.095410004,-0.096929997,-0.085170001
995.8300171,-0.078550003,-0.079020001,-0.072360002,-0.097709998,-0.097770005,-0.088349998
996.1199951,-0.071989998,-0.074330002,-0.069839999,-0.09623,-0.09307,-0.086339995
996.4099731,-0.074129999,-0.074250005,-0.065200001,-0.0955,-0.09358,-0.083839998
996.7000122,-0.072970003,-0.072389998,-0.069590002,-0.091289997,-0.096269995,-0.083529994
996.9899902,-0.073509999,-0.072899997,-0.07119,-0.09307,-0.097779997,-0.082150005
997.2800293,-0.066820003,-0.071209997,-0.070989996,-0.092239998,-0.096420005,-0.079690002
997.5700073,-0.0647,-0.069150001,-0.072519995,-0.094899997,-0.097200006,-0.081349999
997.8599854,-0.066509999,-0.070029996,-0.074320003,-0.090520002,-0.096079998,-0.076559998
998.1500244,-0.075649999,-0.072109997,-0.078990005,-0.09217,-0.09708,-0.077800006
998.4299927,-0.074689999,-0.076439999,-0.082989998,-0.094610006,-0.099119999,-0.080140002
998.7199707,-0.081440002,-0.084180005,-0.082120001,-0.098170005,-0.097929999,-0.081590004
999.0100098,-0.086169995,-0.090400003,-0.084380001,-0.102860004,-0.10069,-0.08642
999.2999878,-0.091650002,-0.091079995,-0.083380006,-0.102519996,-0.102040008,-0.092689998
999.5900269,-0.09166,-0.089230001,-0.082539998,-0.102159999,-0.100439996,-0.09302
999.8800049,-0.090120003,-0.087390006,-0.084080003,-0.102889992,-0.102700002,-0.092650004
1000.169983,-0.088349998,-0.090249993,-0.084530003,-0.103780001,-0.107639998,-0.090779997
1000.450012,-0.091980003,-0.088100001,-0.086309999,-0.107200004,-0.107489996,-0.094989993
1000.73999,-0.093310006,-0.089230001,-0.089529999,-0.113979995,-0.110959999,-0.098700002
1001.030029,-0.096110001,-0.09127,-0.090889998,-0.114490002,-0.11287,-0.099059999
1001.320007,-0.101300001,-0.09166,-0.09465,-0.118479997,-0.111070007,-0.101099998
1001.609985,-0.098570004,-0.088199995,-0.092510007,-0.114859998,-0.109339997,-0.096840002
1001.900024,-0.10108,-0.084399998,-0.090389997,-0.109499998,-0.105319999,-0.098219998
1002.179993,-0.102539994,-0.086330004,-0.091059998,-0.110679999,-0.104280002,-0.098170005
1002.469971,-0.101190001,-0.090379998,-0.093570001,-0.110210001,-0.108120002,-0.097399995
1002.76001,-0.102370001,-0.091639996,-0.093660004,-0.107299998,-0.113000005,-0.097229995
1003.049988,-0.099849999,-0.08969,-0.09691,-0.105699994,-0.113820001,-0.09742
1003.340027,-0.097670004,-0.090539999,-0.09877,-0.104160003,-0.116809994,-0.097589999
1003.619995,-0.094209999,-0.096770003,-0.0986,-0.102760002,-0.114560001,-0.103360005
1003.909973,-0.098620005,-0.107589997,-0.10266,-0.115579993,-0.124219999,-0.109049998
1004.200012,-0.101110004,-0.112089999,-0.103819996,-0.124410003,-0.12793,-0.119960003
1004.48999,-0.109259993,-0.116769999,-0.105190001,-0.129620001,-0.127770007,-0.124020003
1004.77002,-0.108780004,-0.119149998,-0.101850003,-0.131889999,-0.12737,-0.125729993
1005.059998,-0.113240004,-0.123830006,-0.103970006,-0.136250004,-0.129529998,-0.130659997
1005.349976,-0.117360003,-0.130240008,-0.104549997,-0.138710007,-0.132569999,-0.130089998
1005.640015,-0.124119997,-0.12831001,-0.112549998,-0.142329991,-0.143399999,-0.128230006
1005.919983,-0.126169994,-0.128490001,-0.113409996,-0.141829997,-0.142959997,-0.12658
1006.210022,-0.125119999,-0.122400001,-0.106079996,-0.129629999,-0.136689991,-0.11609
1006.5,-0.12314,-0.122279994,-0.107089996,-0.125870004,-0.135869995,-0.114840001
1006.789978,-0.127100006,-0.122609995,-0.11129,-0.125400007,-0.138640001,-0.119770005
1007.070007,-0.123690002,-0.114909999,-0.106579997,-0.124919996,-0.133369997,-0.115559995
1007.359985,-0.124150001,-0.11349,-0.108430006,-0.126340002,-0.134350002,-0.115759999
1007.650024,-0.121809997,-0.117790006,-0.105649993,-0.127849996,-0.131040007,-0.118950002
1007.929993,-0.125210002,-0.123599999,-0.111390002,-0.134039998,-0.136050001,-0.123939998
1008.219971,-0.122200005,-0.126100004,-0.116700001,-0.132579997,-0.141540006,-0.132100001
1008.51001,-0.117349997,-0.122429997,-0.11231,-0.131349996,-0.146109998,-0.131840006
1008.799988,-0.111680001,-0.126770005,-0.115880005,-0.132840008,-0.150619999,-0.133890003
1009.080017,-0.117959999,-0.139899999,-0.122400001,-0.134910002,-0.162890002,-0.142250001
1009.369995,-0.117559999,-0.139210001,-0.123500004,-0.13436,-0.167070001,-0.146410003
1009.659973,-0.122840002,-0.143979996,-0.130480006,-0.145970002,-0.179290012,-0.149989992
1009.940002,-0.115790002,-0.139430001,-0.124689996,-0.138410002,-0.175480008,-0.148589998
1010.22998,-0.125229999,-0.143230006,-0.131479993,-0.150409997,-0.178709999,-0.149110004
1010.52002,-0.132290006,-0.145690009,-0.140770003,-0.155849993,-0.184459984,-0.148469999
1010.799988,-0.137950003,-0.142810002,-0.138750002,-0.155110002,-0.177949995,-0.144150004
1011.090027,-0.137879997,-0.142499998,-0.139280006,-0.151429996,-0.174370006,-0.138740003
1011.369995,-0.142930001,-0.149920002,-0.146129996,-0.157759994,-0.17938,-0.138909996
1011.659973,-0.148520008,-0.157580003,-0.146070004,-0.159549996,-0.175639987,-0.14181
1011.950012,-0.156000003,-0.156859994,-0.154860005,-0.170189992,-0.179279998,-0.142130002
1012.22998,-0.159339994,-0.16184999,-0.160359994,-0.179069996,-0.179109991,-0.144040003
1012.52002,-0.16031,-0.166089997,-0.158680007,-0.18265,-0.178540006,-0.142580003
1012.799988,-0.160870001,-0.168990001,-0.162840009,-0.188670009,-0.183869988,-0.140829995
1013.090027,-0.157509997,-0.159280002,-0.163570002,-0.190079987,-0.184909999,-0.136749998
1013.380005,-0.153799996,-0.162359998,-0.160330012,-0.19419001,-0.181209996,-0.139349997
1013.659973,-0.155860007,-0.149179995,-0.15704,-0.184560001,-0.18118,-0.131449997
1013.950012,-0.151500002,-0.150120005,-0.149619997,-0.176809996,-0.178440005,-0.133369997
1014.22998,-0.152390003,-0.147840008,-0.155410007,-0.176490009,-0.18325001,-0.1373
1014.52002,-0.141190007,-0.140890002,-0.148979992,-0.168309987,-0.177409992,-0.134550005
1014.809998,-0.136179999,-0.133220002,-0.141369998,-0.163549989,-0.169,-0.128339991
1015.090027,-0.134049997,-0.136419997,-0.136700004,-0.162859991,-0.160230011,-0.125870004
1015.380005,-0.139449999,-0.133520007,-0.140179992,-0.163120002,-0.16049999,-0.129079998
1015.659973,-0.147929996,-0.150020003,-0.154310003,-0.18280001,-0.170419991,-0.145790011
1015.950012,-0.166419998,-0.165769994,-0.168410003,-0.194030002,-0.184750006,-0.152930006
1016.22998,-0.164820001,-0.172739998,-0.167140007,-0.19337,-0.183750004,-0.154919997
1016.52002,-0.183279991,-0.184920013,-0.179389998,-0.205860004,-0.19788,-0.170119986
1016.799988,-0.191550002,-0.194559991,-0.193490013,-0.20663999,-0.207000002,-0.18761
1017.090027,-0.193010002,-0.193890005,-0.195349991,-0.207380012,-0.211250007,-0.200189993
1017.369995,-0.201469988,-0.199279994,-0.194220006,-0.215709984,-0.222959995,-0.206259996
1017.659973,-0.190650001,-0.189319998,-0.186660007,-0.208269998,-0.219780013,-0.193899989
1017.940002,-0.189360008,-0.18987,-0.183650002,-0.213540003,-0.225569993,-0.203010008
1018.22998,-0.191530004,-0.192099988,-0.176249996,-0.207859993,-0.23567,-0.210659996
1018.51001,-0.191770002,-0.201580003,-0.179509997,-0.21288,-0.232439995,-0.210040003
1018.799988,-0.191830009,-0.204249993,-0.185470015,-0.227800012,-0.240060002,-0.210140005
1019.080017,-0.202010006,-0.214340001,-0.193269998,-0.239580005,-0.255690008,-0.214220002
1019.369995,-0.197579995,-0.205760002,-0.197140008,-0.234080017,-0.254489988,-0.208869994
1019.650024,-0.207299992,-0.215769991,-0.196830004,-0.235599995,-0.260069996,-0.215829998
1019.940002,-0.202460006,-0.205139995,-0.199179992,-0.231769994,-0.250340015,-0.218069986
1020.219971,-0.214719996,-0.217779994,-0.218779996,-0.241930008,-0.258639991,-0.215149999
1020.51001,-0.214249998,-0.20934999,-0.219310001,-0.23612,-0.259310007,-0.216749996
1020.789978,-0.219870001,-0.22499001,-0.221520007,-0.242019996,-0.265480012,-0.226200014
1021.080017,-0.227009997,-0.227490008,-0.226299986,-0.25413999,-0.264979988,-0.233029991
1021.359985,-0.232520014,-0.247390002,-0.234420002,-0.264510006,-0.272080004,-0.242619991
1021.640015,-0.230619997,-0.251109987,-0.254319996,-0.266909987,-0.265960008,-0.261409998
1021.929993,-0.220310003,-0.257979989,-0.242129996,-0.266189992,-0.271479994,-0.247210011
1022.210022,-0.20544,-0.24774,-0.220779985,-0.265619993,-0.267049998,-0.23973
1022.5,-0.202719986,-0.255869985,-0.213540003,-0.273090005,-0.275629997,-0.240309998
1022.780029,-0.171509996,-0.242859989,-0.146280006,-0.249239996,-0.286190003,-0.189860001
1023.070007,-0.171509996,-0.242859989,-0.146280006,-0.249239996,-0.286190003,-0.189860001
1023.349976,-0.171509996,-0.242859989,-0.146280006,-0.249239996,-0.286190003,-0.189860001